"playerId","playerName","WAR","War2017","War2018","War2019","War2020","War2021","War2022","War2023","War2024","War2025","War2026"
"73376a94-3954-11ef-b05a-bdf3bafad9bd","Miha Zarabec",6.91772419955833,3.04132653061225,0.577322350898988,1.51257507853661,6.77581008929393,3.4993632454502,0.0961372212692967,,,,
"45ce1dee-3953-11ef-98d8-855e48b08f9c","Julius Kühn",16.1719397192998,8.70261685319289,1.89139955128587,3.27536071509809,21.7676401546534,12.3631690049081,-0.224391080617496,0.490328563857976,0.150125794111227,,
"52207156-3953-11ef-b760-a9530db97767","Raul Santos",0.683353730983111,0.709858459512837,-0.293600009076392,-0.522245378481892,,,,,,,
"521becab-3953-11ef-b5b5-a9530db97767","Niclas Ekberg",21.6843066248804,5.09432192231731,6.06444096516084,6.00296318154713,10.2112676056338,7.87485731659645,2.84051457975986,3.47708002119767,,,
"5106de47-3953-11ef-a004-a9530db97767","Marino Maric",7.64892526017067,1.37345292955892,1.84216012457348,2.7385453360629,2.71535257295406,-0.28460061677453,0.547684391080618,1.61804451510334,,,
"52130fd0-3953-11ef-ac8f-a9530db97767","Marko Vujin",1.35477105707997,2.52289335088874,-0.361304220805927,,,,,,,,
"50e0f0ea-3953-11ef-a6e8-a9530db97767","Michael Müller",1.59850474395075,1.7230250164582,0.0603083704189042,-0.0180741779015511,,-1.30910654562829,,,,,
"5242f6de-3953-11ef-98f3-a9530db97767","Nikola Bilyk",13.9492111283399,3.60123436471363,3.49475838360804,3.54376840461568,,2.90173478695218,3.66172212692967,2.84538950715421,-0.452537135110917,2.17611818128666,
"520ac6e2-3953-11ef-8de8-a9530db97767","Patrick Wiencek",15.2843811991855,4.60847597103357,3.62093441455853,2.29966249239225,5.22760747491485,5.80755071015941,1.7596089193825,1.73251192368839,1.70583707652188,,
"50d7ee6d-3953-11ef-afb4-a9530db97767","Michael Allendorf",4.07723035193849,2.62065503620803,1.51287145843438,1.16799763929105,-0.340202982601491,0.685021065890631,,,,,
"51142c5c-3953-11ef-8fa6-a9530db97767","Johannes Golla",25.3403119279421,0.786882817643186,1.4020827483315,3.94637993889207,10.7749930958299,6.80156539113061,4.68179759862779,3.73569157392687,4.53695130217009,7.9088265674027,2.05920314253648
"50cb388d-3953-11ef-a871-a9530db97767","Philipp Müller",-0.723863404534974,0.0344140882159315,-1.37994486091847,-1.67204588628022,-2.4684709564577,,,,,,
"523a6a60-3953-11ef-9c51-a9530db97767","Lukas Nilsson",9.95443132969049,4.19372942725477,3.41166685103088,0.964878306683143,11.4735225075946,4.21285844590193,1.35485420240137,,,,
"51fdbc77-3953-11ef-ba08-a9530db97767","Christian Dissinger",-0.559841363684827,-0.58178077682686,-0.979874518880314,,,,,,,,
"73405431-3954-11ef-9aa9-bdf3bafad9bd","Lasse Mikkelsen",6.71997800077637,2.02223502304147,6.4275817371647,2.78569803827545,1.36731335726779,,,,,,
"50cf4da6-3953-11ef-b3d9-a9530db97767","Timm Schneider",0.251071342948143,0.123288347597103,-0.469015466739278,-0.620177913846419,,,,,,,
"4567dcd0-3953-11ef-bf81-855e48b08f9c","Ole Rahmel",1.13709694679286,0.197350230414747,0.266498469777033,0.518741201133632,,,,,,,
"b9432cc9-3954-11ef-a05a-35f0fd7e8878","Arjan Haenen",-0.159750217312038,0.13217577353522,,,,,,,,,
"5229986a-3953-11ef-a0a0-a9530db97767","Sebastian Firnhaber",8.03981890892569,-0.347745227123107,-0.641353460232639,1.43277819786921,9.3738493049802,3.52375624375625,1.67538250428816,0.575119236883943,,-0.0339147551207344,-0.156705948372615
"5102d029-3953-11ef-8aff-a9530db97767","Jeffrey Boomhouwer",8.34333633031194,0.0847761685319289,3.91021604649382,5.1505874107818,5.84852250759458,3.99941971072406,,,,,
"43d1435f-3953-11ef-9202-855e48b08f9c","Anton Lindskog",8.32647425134604,1.32901579986833,2.63306841614123,4.71170456711114,9.66388198471876,-0.787706206836642,-0.778881646655231,,,,
"452f8e9c-3953-11ef-9f2a-855e48b08f9c","Hampus Wanne",11.8061941834006,5.40538183015142,2.29762482166308,-0.126888106084358,14.2349604160913,6.40517916865743,,,,,
"45123cf2-3953-11ef-be73-855e48b08f9c","Thomas Mogensen",0.813651613901452,2.01334759710336,,,,,,,,,
"450de38f-3953-11ef-a790-855e48b08f9c","Tobias Karlsson",-0.263988523646711,-0.350707702435813,-0.625966139385018,,,,,,,,
"43c3ef72-3953-11ef-a0ee-855e48b08f9c","Joao Ferraz",0.666491652017207,1.42973996050033,-0.94909987718507,-0.670957746998395,,,,,,,
"45261f2f-3953-11ef-a263-855e48b08f9c","Holger Glandorf",5.8140244854265,6.22894996708361,2.79617401712602,1.21877747244303,,,,,,,
"695180cc-3954-11ef-b103-bdf3bafad9bd","Olle Forsell Schefvert",15.9052122883846,0.463973008558262,2.02988543891446,3.96814272452863,5.63610420694099,7.21624636233332,2.81243910806175,0.664149443561209,4.55376980252048,2.23464364366315,0.634960718294052
"4540096d-3953-11ef-b262-855e48b08f9c","Henrik Toft Hansen",0.897962008730967,2.17628373930217,,,,,,,,,
"43bffe17-3953-11ef-aec6-855e48b08f9c","Jannik Kohlbacher",27.1246264657886,3.16575049374589,5.57512416220647,5.02726495884129,9.01028721347693,6.35334404725709,3.00428816466552,3.49615792262851,4.71354555584914,9.34688078579642,0.381172839506173
"453bf6ad-3953-11ef-b16a-855e48b08f9c","Rasmus Lauge Schmidt",8.001496002185,8.1901086240948,7.09539146195148,,,,,,,,
"451de50b-3953-11ef-910b-855e48b08f9c","Lasse Svan",10.3729174712988,5.67200460829493,3.69479355462712,1.15348911553334,6.30603884746386,5.45690135951006,,,,,
"43bc107b-3953-11ef-b0c0-855e48b08f9c","Filip Mirkulovski",2.12122919189375,-0.0929723502304147,0.395751964897053,1.24416738901902,0.354241461842953,-0.376074360422187,,,,,
"43e7c45a-3953-11ef-8e16-855e48b08f9c","Kasper Kvist",0.536193769098866,1.47713956550362,,,,,,,,,
"439283b6-3953-11ef-9eb4-855e48b08f9c","Stefan Kneer",-0.78824588785933,-0.608443054641212,-1.50304342769945,-0.964755353091976,,,,,,,
"45338f1d-3953-11ef-a2af-855e48b08f9c","Jim Gottfridsson",20.8534660067423,1.2075543120474,3.25471617838514,4.2075333665308,19.2594702200129,9.71652868870261,1.89062778730703,2.84326974032856,2.42622950819672,,
"43c89332-3953-11ef-9961-855e48b08f9c","Stefan Cavor",16.7559808180279,2.81914088215932,4.37491313609199,3.79766757037556,11.8820192396207,9.78056030925597,0.461118353344768,0.337705352411235,2.22160442060037,2.97596616709867,
"43cca067-3953-11ef-b9fd-855e48b08f9c","Kristian Bjornsen",11.3110622283109,6.2763495720869,2.56228674024217,5.51692763566392,10.9343068213201,,,,,,
"454d5404-3953-11ef-a892-855e48b08f9c","Anders Zachariassen",2.08290628515306,1.23125411454905,1.3128362874153,0.257587773494894,,,,,,,
"43871a91-3953-11ef-a316-855e48b08f9c","Maximilian Holst",8.90898243380451,3.52124753127057,4.17487796507291,2.43749346809047,4.90898002393445,1.62415150067324,,,,,
"4504e1b7-3953-11ef-b91a-855e48b08f9c","Kentin Mahé",2.04458337841237,0.502485187623436,,,,,,,1.29658690132917,0.882984155444252,-0.122615039281706
"5da774d7-3953-11ef-8880-a9530db97767","Miroslav Volentics",-0.581302191459612,-0.682504937458855,,,,,,,,,
"43a9f477-3953-11ef-96a7-855e48b08f9c","Evars Klesniks",-1.06876956520117,-1.29869980250165,,-1.47255368461174,,,,,,,
"4471a641-3953-11ef-8b14-855e48b08f9c","Marius Steinhauser",14.8475000623416,0.348436471362739,1.55287849263819,2.10379742166319,2.61322838994753,1.69123224601486,2.36791080617496,3.18031266560678,5.31620848507128,2.46874549316911,0.472081930415264
"8a7e323f-3954-11ef-bdc6-a919af319ee5","Simon Jeppsson",14.3079135354327,0.517297564186965,1.51287145843438,0.88508142601575,19.9375747951763,14.3542474916388,2.24157118353345,1.89361420243773,,,
"439fe817-3953-11ef-b7e4-855e48b08f9c","Fabian Kraft",-0.685540497794285,-0.883953258722844,,,,,,,,,
"4f5eab17-3953-11ef-b014-a9530db97767","Daniel Fontaine",0.904093673809476,1.13052995391705,0.303428039811325,,-2.14167357083678,,,,,,
"4fad01aa-3953-11ef-b6ec-a9530db97767","Morten Olsen",6.03629734452249,3.67529624753127,2.67615291451457,5.01275643508358,,,,,,,
"52363e5d-3953-11ef-9b17-a9530db97767","Ilija Brozovic",8.30654633984088,1.19274193548387,2.79001908878697,0.957624044804289,4.57809767099328,1.52353038266082,2.26028816466552,0.456412294647589,,,
"4fe36992-3953-11ef-9b8f-a9530db97767","Casper Mortensen",18.9787094089878,7.70722514812377,,,,8.99388611388612,5.63168439108062,4.25503444621092,2.58320217813365,3.38564440373409,
"7375b729-3954-11ef-8f33-bdf3bafad9bd","Allan Damgaard Espersen",0.753867879385977,1.6756254114549,-0.687515422775504,,,,,,,,
"4f6c554f-3953-11ef-a5c8-a9530db97767","Marco Rentschler",3.8105029210233,1.13941737985517,3.29472321258896,0.924979866349446,-0.303438276719138,,,,,,
"4fcf4e71-3953-11ef-ad69-a9530db97767","Timo Kastening",21.2734850646203,1.92743581303489,6.85842672089811,5.72367409921125,13.573195710209,3.37130000434348,0.964137221269296,3.28630100688924,3.88663595528852,1.79988306600924,
"4fb0da42-3953-11ef-b5e5-a9530db97767","Lars Lehnhoff",0.283262584610322,-0.522531270572745,0.651181490967572,,,,,,,,
"4f3e7ba2-3953-11ef-80e6-a9530db97767","Tim Kneule",9.66317723846126,3.5330974325214,1.24513207568576,3.08312277530846,7.4988493049802,5.56057160231073,0.648288164665523,0.458532061473238,,,
"4f4b914c-3953-11ef-849b-a9530db97767","Zarko Sesum",0.743137465498584,1.87707373271889,,,,,,,,,
"0f14168c-3956-11ef-8ddc-63392ed267d4","Kai Häfner",31.2972245517148,5.79642857142857,4.73805390809586,5.91953916994031,19.8967251219737,12.2930391347783,3.24526929674099,4.31226815050344,4.96021689432146,7.73325018027324,2.31299102132435
"443762d6-3953-11ef-aa5d-855e48b08f9c","Kresimir Kozina",11.0106106394639,4.06338051349572,2.75308951875268,3.00332589464107,5.14590812850962,3.73414585414586,0.332439108061749,1.39546899841018,,,
"45ba002f-3953-11ef-a877-855e48b08f9c","Evgeni Pevnov",6.7659654888652,1.83856155365372,1.40823767667055,1.33847279344411,4.23087544877106,1.83759023585111,1.06240137221269,,,,
"4f53d460-3953-11ef-8697-a9530db97767","Marcel Schiller",26.9529398435903,4.17299210006583,6.75379293913428,5.34645248151085,15.2602872134769,7.78033444816054,2.75862778730703,3.09764175940647,3.485795030271,4.92402798620179,0.294051627384961
"5d474879-3953-11ef-b23f-a9530db97767","Joscha Ritterbach",1.47740435865018,0.677271231073075,-0.816768917895525,-0.126888106084358,1.33054865138544,,,,,,
"4fbcd8b0-3953-11ef-8329-a9530db97767","Mait Patrail",5.2407138005858,3.9478439763002,0.146477367165585,1.69393162550795,1.54296695203903,-0.656593840941667,0.0937975986277874,-0.539878113407525,,,
"734b892f-3954-11ef-b611-bdf3bafad9bd","Pavel Atman",-0.237928947063043,-0.611405529953917,-0.302832401584965,,,,,,,,
"44d342c3-3953-11ef-baad-855e48b08f9c","Jacob Bagersted",3.15288184135308,1.12756747860435,0.109547797131293,0.181418023766929,1.11404538341158,1.57841462884941,,,,,
"4fa004f5-3953-11ef-b65b-a9530db97767","Fabian Böhm",5.80022823899985,1.01499341672153,4.24565964097197,2.89088483551883,6.28561401086256,3.31031750857838,,,,,
"4f428a7e-3953-11ef-8b61-a9530db97767","Jens Schöngarth",-0.121427310571349,0.11143844634628,-0.819846382065049,-1.07356928127478,,,,,,,
"4f7a5b40-3953-11ef-8e34-a9530db97767","Sebastian Heymann",11.5869871568438,-0.492906517445688,4.20873007093768,0.0363327861898524,14.651627082758,7.10342874516788,-0.706353344768439,1.63288288288288,0.31270463083162,-0.142604899534213,0.350869809203143
"4f8ea536-3953-11ef-b17b-a9530db97767","Runar Karason",-0.454070141080526,-0.436619486504279,,,,,,,,,
"4f9bb555-3953-11ef-801d-a9530db97767","Sven-Sören Christophersen",-0.739192567231249,-0.987639894667545,,,,,,,,,
"9763ecb8-3954-11ef-a4db-0119270b4993","Jochen Nägele",-0.423411815687975,-0.377369980250165,,,,,,,,,
"50158fe2-3953-11ef-a039-a9530db97767","Christoph Steinert",10.7822061152894,2.90801514154049,2.64845573698885,0.235824987858333,0.889372180797201,5.94781045041915,3.24526929674099,0.91640169581346,-0.0180592093926269,0.0692015357330786,0.949354657687991
"4555d7b4-3953-11ef-b853-855e48b08f9c","Michael Haaß",1.08037904481664,-0.0929723502304151,-0.225895797346857,1.32033713874698,,,,,,,
"45d723e9-3953-11ef-aad6-855e48b08f9c","Tobias Schröter",1.05738530077223,0.626909150757077,1.01124479880192,,,,,,,,
"45b5c0eb-3953-11ef-a8b7-855e48b08f9c","Alexander Becker",-0.248659360950436,-0.516606319947334,-0.422853504196413,,,,,,,,
"458c7c77-3953-11ef-b1d0-855e48b08f9c","Christopher Bissel",12.1556990928756,0.90241935483871,1.47594188840009,1.0664379729871,6.01192120040504,4.06345133127742,1.91636363636364,2.00596184419714,2.33933392305306,0.612652257800472,-0.160493827160494
"502eafed-3953-11ef-828d-a9530db97767","Marvin Sommer",4.02357828250153,3.7937952600395,3.67632876960997,,,,,,,,
"455ee77d-3953-11ef-ab3e-855e48b08f9c","Nikolai Link",1.01906239403154,2.07259710335747,1.77137844867442,-0.30099039117685,-0.814059191751818,-1.37008904139339,-1.29593825042882,-1.36658717541071,-1.80082024653348,,
"5084e9f9-3953-11ef-9557-a9530db97767","Moritz Preuss",8.6974399885959,4.32407834101383,3.0731457923832,-0.333634569631693,1.15489505661419,-1.11701168396821,-0.16356089193825,1.24072602013779,1.74508024400611,-0.0673578764787279,
"45e45e6e-3953-11ef-9fa9-855e48b08f9c","Simon Ernst",3.36135845402243,1.16904213298222,,0.0726040955841218,-0.201314093712602,0.581350823089954,1.4367409948542,0.204160042395336,-1.22618815122865,,
"45705697-3953-11ef-ae42-855e48b08f9c","Jonas Thümmler",0.819783278979962,1.27272876892693,-0.136649336430652,,,,,,,,
"45d2630b-3953-11ef-a0c8-855e48b08f9c","Andreas Schröder",3.30770638458546,1.53046412113232,0.943540587072381,,11.8493395010586,,,,,,
"50c6f676-3953-11ef-91fb-a9530db97767","Johannes Sellin",8.68211082589963,0.926119157340355,3.13777253994322,4.04793960519602,2.78479701739851,4.19456369717239,0.898627787307032,,,,
"89f0f945-3954-11ef-88e4-a919af319ee5","Stanislav Zhukov",2.03998462960348,2.88135286372614,0.641949098458998,,,,,,,,
"45f3086f-3953-11ef-a98e-855e48b08f9c","Florian Baumgärtner",1.02979280791893,0.383986175115208,0.737350487714253,,,4.39885505798549,,,,,
"45880e31-3953-11ef-82ae-855e48b08f9c","Martin Stranovsky",0.553055848064769,1.50972679394338,,,,,,,,,
"5cb20c5c-3953-11ef-81f4-a9530db97767","Jan Schäffer",1.6567555621966,-0.152221856484529,0.534237852525648,0.417181534829679,-0.0256604989413608,,,,,,
"513bb541-3953-11ef-a421-a9530db97767","Nico Büdel",8.05974682043085,1.26976629361422,4.06408925497003,1.01203100889569,0.934306821320077,4.87451852495331,2.07077873070326,0.447933227344992,-0.830953392994589,,
"8a144351-3954-11ef-8f63-a919af319ee5","Eirik Köpp",-0.103032315335819,-0.0455727452271228,-0.619811211045969,,,,,,,,
"526174bd-3953-11ef-9ba3-a9530db97767","David Schmidt",10.7822061152894,2.09925938117182,2.90080779888984,2.49190043218187,12.1761368866795,6.89608825956652,1.69175986277873,1.0775039745628,0.738773306374717,0.169530899807059,
"524b5e1a-3953-11ef-8be2-a9530db97767","Gunnar Dietrich",2.14728876847741,0.629871626069783,1.87601223043825,-0.413431450299085,1.97188852066648,,,,,,
"464a6119-3953-11ef-a4af-855e48b08f9c","Yves Kunkel",6.30455769170731,2.30367017774852,2.78386416044792,0.754504712196382,4.9784244683789,2.99930678017635,,,,,
"7272c542-3953-11ef-8c10-adfc6251f87d","Patrik Hruscak",-0.587433856538123,-0.694354838709678,,,,,,,,,
"5019b580-3953-11ef-9e45-a9530db97767","Maximilian Janke",3.90401081347058,2.27108294930876,1.20204757731242,1.21877747244303,-1.81079121789561,0.453287581983234,-0.622126929674099,,,,
"50371a86-3953-11ef-b7c3-a9530db97767","Alen Milosevic",3.61428963851097,1.23717906517446,1.71598409362298,-0.159532284539201,0.99966629844426,1.34668114494202,,,,,
"5274f168-3953-11ef-9841-a9530db97767","Alexander Feld",1.49886518642496,1.37345292955892,0.0479985137408068,0.0145700005532911,-1.28791540090214,-0.397418233939973,,,,,
"46d32f0b-3953-11ef-aa75-855e48b08f9c","Azat Valiullin",2.62709156087083,1.84448650427913,-0.45670561006118,-1.01190805530453,8.79786891282334,2.96271728271728,0.323080617495711,-0.32154213036566,-1.75597091226579,-1.12639005281519,
"504a559e-3953-11ef-88a4-a9530db97767","Tobias Rivesjoe",-0.360562248633246,-0.25590849242923,,,,,,,,,
"439bd541-3953-11ef-9550-855e48b08f9c","Philipp Weber",15.7825789868144,2.9643021724819,4.9073144374197,3.69248077313218,15.2071826383135,5.06966251140164,1.18640137221269,-0.101086380498145,3.61473686629063,0.835606400187094,0.222081930415264
"5032dd13-3953-11ef-8ab5-a9530db97767","Bastian Roscheck",-2.25831259043214,-1.325362080316,-2.24163482838528,-1.2512986973067,-2.95458206756881,-1.64451027233636,-0.804617495711835,,,,
"500c7765-3953-11ef-b45a-a9530db97767","Benjamin Meschke",-0.231797281984533,-0.279608294930876,,-1.05180649563822,-2.13350363619626,-1.27861529774573,-0.610428816466552,,,,
"449165b4-3953-11ef-a8ee-855e48b08f9c","Maximilian Haider",0.48407461593153,-0.0751974983541805,-0.407466183348791,-0.961128222152549,0.280712050078247,,,,,,
"67fe1768-3953-11ef-a789-2510cc07ea6e","Gregor Remke",0.828980776597727,-0.940240289664253,-0.810613989556476,-1.33834983985295,6.20799963177759,0.886263301915476,,,,,
"4ffa5df1-3953-11ef-beb7-a9530db97767","Andreas Rojewski",1.18001860234243,2.11999670836076,-0.293600009076392,,,,,,,,
"73ccd664-3954-11ef-b439-bdf3bafad9bd","Pascal Bührer",1.75332928718314,-0.555118499012508,0.81428709195236,0.337384654162287,2.54786891282334,,,,,,
"52813bbd-3953-11ef-b4d9-a9530db97767","Alexander Falk",3.14981600881383,0.588396971691903,1.4390123183658,1.31671000780755,2.27009113504557,,,,,,
"5010e8d7-3953-11ef-b615-a9530db97767","Niclas Pieczkowski",3.87335248807803,2.11999670836076,0.568089958390416,-1.07356928127478,1.94737871674491,5.99659644703123,0.292665523156089,,,,
"5bf6a640-3953-11ef-ae36-a9530db97767","Jonathan Scholz",3.04557770247915,0.857982225148124,1.53133624345152,0.903217080712885,0.738228389947528,,,,,,
"525493fa-3953-11ef-a704-a9530db97767","Pascal Durak",3.20040224571154,0.656533903884134,0.460378712457064,1.84627112496388,3.50375126576452,,,,,,
"5044ecd3-3953-11ef-a741-a9530db97767","Peter Strosack",2.26532332123873,1.09201777485188,,,,4.8409781522825,,,,,
"502a73d1-3953-11ef-86c4-a9530db97767","Lukas Binder",18.9219915070116,1.1542297564187,1.71290662945346,4.45055113947241,11.0323460370063,8.07000130304479,2.4521372212693,2.64613142554319,3.44094569600331,2.23464364366315,
"50226363-3953-11ef-9cb0-a9530db97767","Lucas Krzikalla",8.77561871834691,0.561734693877551,0.263421005607508,1.73745719678108,5.99149636380373,3.13956652043609,0.278627787307032,-0.262188659247483,0.0604271255758383,1.95037711212021,
"525d1974-3953-11ef-9d1c-a9530db97767","Denni Djozic",0.674156233365345,1.74376234364714,,,,,,,,,
"67c9a03e-3953-11ef-83c5-2510cc07ea6e","Jo Gerrit Genz",-0.599697186695143,-0.718054641211323,,,,,,,,,
"67a730ad-3953-11ef-a710-2510cc07ea6e","Nils Torbrügge",-0.0570448272469928,0.378061224489796,-0.268980295720198,-1.62489318406767,-2.12124873423548,,,,,,
"50fdf730-3953-11ef-938e-a9530db97767","Dener Jaanimaa",1.15089319321951,2.66509216589862,,,,,,,,,
"5b37370f-3953-11ef-8799-a9530db97767","Sebastian Roth",-0.633421344626949,-0.783229098090849,,,,,,,,,
"5b61c3f3-3953-11ef-99f4-a9530db97767","Ragnar Johannsson",1.41455479159545,2.77174127715602,,-0.620177913846419,-2.17843827671914,,,,,,
"67e13f46-3953-11ef-91a2-2510cc07ea6e","Ante Kaleb",0.65882707066907,1.71413759052008,,,,,,,,,
"6797eff6-3953-11ef-bc83-2510cc07ea6e","Jens Bechtloff",0.919422836505752,2.21775839368005,,,,,,,,,
"5b338db1-3953-11ef-aa41-a9530db97767","Daniel Wernig",1.74106595702611,3.56864713627386,,,-1.40637945318973,,,,,,
"5b42c24d-3953-11ef-93ec-a9530db97767","Tomas Sklenak",0.557654596873652,1.5186142198815,,,,,,,,,
"9546d905-3954-11ef-bde2-0119270b4993","Luka Rakovic",0.347645067934679,1.11275510204082,,,,,,,,,
"5b52268a-3953-11ef-bbf1-a9530db97767","Moritz Lambrecht",-0.418813066879093,-0.368482554312047,,,,,,,,,
"5d3f2f0f-3954-11ef-87ef-abb3924935a8","Lukasz Gierak",0.0471934790876803,0.532109940750494,,,,,,,,,
"5b69d1e9-3953-11ef-99fa-a9530db97767","Dominik Mappes",17.2526456893872,4.23816655694536,1.10049125971812,2.06752611226892,9.79460093896713,,3.97757118353345,1.0732644409115,5.72826174365573,3.3438405020366,0.339506172839506
"5b2fc55b-3953-11ef-bd81-a9530db97767","Christian Rompf",-0.342167253397716,-0.220358788676761,,,,,,,,,
"43aee8d3-3953-11ef-beea-855e48b08f9c","Moritz Zörb",0.0379959814699149,0.514335088874259,,,,,,,,,
"67bd0ee1-3953-11ef-ae67-2510cc07ea6e","Piotr Grabarczyk",-1.14541537868255,-1.77269585253456,,,,,,,,,
"5b6dc23e-3953-11ef-9ebf-a9530db97767","Jannik Hofmann",0.430422546494566,-0.0544601711652403,-0.432085896704986,-0.021701308840978,,,,,,,
"67cee8d3-3953-11ef-b9da-2510cc07ea6e","Pontus Zetterman",2.70833612316109,1.25199144173799,,,11.3918231611894,,,,,,
"9f803808-3954-11ef-a1b7-85d73a57ae73","Tim Lauer",-0.731527985883112,-0.972827518104016,,,,,,,,,
"73bc09b7-3954-11ef-86ea-bdf3bafad9bd","Marko Bagaric",-0.322239341892558,-0.181846609611587,,,,,,,,,
"5b3ee1d2-3953-11ef-a4bb-a9530db97767","Mario Fernandes",0.330782988968776,1.08016787360105,,,,,,,,,
"6875b421-3953-11ef-bfd6-2510cc07ea6e","Moritz Schade",-0.443339727193134,-0.415882159315339,,,,,,,,,
"96ed7be3-3954-11ef-8644-0119270b4993","Stipe Mandalinic",0.103911381063899,-0.143334430546412,-0.641353460232639,-0.438821366875073,,,,,,,
"46c672ef-3953-11ef-986c-855e48b08f9c","Tim Suton",20.3751961306185,3.98043120473996,4.01177236408812,-1.03367084094109,2.51927414158151,7.83216956956088,3.33417495711835,2.25185479597244,5.59931990763611,7.69423320535558,1.24480920314254
"737aa333-3954-11ef-975e-bdf3bafad9bd","Marko Kopljar",1.67208472489288,0.241787360105332,,0.0907397502812564,2.44165976249655,0.709414064196673,-0.708692967409948,-0.783651298357181,-1.05800314772479,,
"43f3e832-3953-11ef-b7ef-855e48b08f9c","Steffen Fäth",5.07209301092677,5.80531599736669,0.998934942123819,-0.188549332054616,2.21290159256191,1.23081440298832,-0.755485420240137,,,,
"5d261bcf-3954-11ef-a490-abb3924935a8","Donát Bartók",0.963877408324951,0.564697169190257,0.734273023544728,-0.892212734303437,,,,,,,
"46aa853a-3953-11ef-a9c2-855e48b08f9c","Christian Klimek",2.69607279300407,1.04461816984858,0.0172238720455637,1.5379649951126,1.08953557949001,,,,,,
"441474a8-3953-11ef-8726-855e48b08f9c","Bjarki Mar Elisson",16.5965575259866,1.78227452271231,3.86405408395095,8.94456637342235,15.2194375402743,11.0916839682057,,,,,
"43f9ac50-3953-11ef-9f16-855e48b08f9c","Hans Lindberg",23.4042386794025,4.70031270572745,4.35029342273579,8.2372758402341,9.80277087360765,10.2318307779177,3.40436363636364,4.41401695813461,,,
"469859bf-3953-11ef-b619-855e48b08f9c","Tim Hornke",17.1146832251207,5.37575707702436,6.60607465899712,2.00223775535924,3.1565290435423,3.59083698909786,2.78436363636364,2.52742448330684,1.07234022999069,0.888558009003917,
"44293940-3953-11ef-84d6-855e48b08f9c","Jakov Gojun",-0.4080826529917,-0.273683344305464,-1.03219140976223,-1.05180649563822,-2.03546442050999,,,,,,
"46a6107f-3953-11ef-bef1-855e48b08f9c","Andrej Kogut",1.94494382088658,0.452123107307439,0.0203013362150878,-0.021701308840978,0.615679370339685,1.11189853624636,,,,,
"46bbefc6-3953-11ef-bb77-855e48b08f9c","Patrick Zieker",17.3308244191382,4.21150427913101,4.67034969636632,5.88326786054604,8.82646368406517,4.85622377622378,1.22617495711835,0.823131955484897,-0.760876308201317,3.23236343084329,0.759960718294052
"4fd7822d-3953-11ef-80db-a9530db97767","Erik Schmidt",0.917889920236125,-0.104822251481238,-0.721367528640271,-0.485974069087623,,,0.37221269296741,-0.478404875463699,,,
"45963bc2-3953-11ef-b760-855e48b08f9c","Isaias Guardiola Villaplana",4.56163189314079,2.2918202764977,0.109547797131293,0.725487664680966,6.02417610236582,2.06322547018199,-0.350730703259005,,,-0.68048176804194,
"442332ef-3953-11ef-a652-855e48b08f9c","Kevin Struck",1.00066739879601,0.505447662936142,-0.364381684975451,0.562266772406755,,,,,,,
"ae187191-3953-11ef-82fc-e3f2de03a1b7","Johan Koch",2.80644276441726,0.152913100724161,0.718885702697107,1.71206728020509,0.832182638313541,-0.21447074664466,,,,,
"0af8b927-3955-11ef-ab6e-791010fc8985","Christoph Theuerkauf",4.11708617494881,2.76877880184332,1.44516724670484,1.86440677966102,-0.826314093712602,,,,,,
"44108d27-3953-11ef-800f-855e48b08f9c","Mattias Zachrisson",2.29904747917054,2.12295918367347,1.94987137050683,,,,,,,,
"43feec52-3953-11ef-bcc8-855e48b08f9c","Drago Vukovic",0.185155943354159,0.0788512179065174,-0.17050144229542,,,,,,,,
"4403140c-3953-11ef-85d4-855e48b08f9c","Fabian Wiede",20.9914284710088,5.40241935483871,5.39355377620454,5.86875933678833,14.1246662984443,7.18270598966251,2.51530703259005,0.545442501324854,3.12139418934599,1.23413692970318,
"44b5d93f-3953-11ef-8003-855e48b08f9c","Fabian van Olphen",2.15342043355592,1.83263660302831,1.27898418155053,-0.271973343661435,,,,,,,
"4722a9c7-3953-11ef-b4e9-855e48b08f9c","Sören Südmeier",-0.424944731957603,-0.38033245556287,,,,,,,,,
"44499f04-3953-11ef-917d-855e48b08f9c","Andy Schmid",15.6722090154012,6.8955069124424,6.06444096516084,5.00550217320473,18.246398324588,10.7898206141684,,,,,
"73ae431e-3954-11ef-bf29-bdf3bafad9bd","Miljan Pusica",0.352243816743561,-0.392182356813693,1.20820250565147,-1.21865451885186,-2.22337291724201,,,,,,
"447af7cb-3953-11ef-b934-855e48b08f9c","Mads  Mensah Larsen",15.9649960229001,4.31519091507571,3.28856828424991,1.89342382717643,14.0062022461567,10.6465117491204,1.77130703259005,1.0647853736089,1.69742782634669,,
"4736ba82-3953-11ef-a96a-855e48b08f9c","Christoffer Rambo",9.55587309958733,3.94191902567479,4.2118075351072,3.76502339192072,22.8215617232809,,,,,,
"44521450-3953-11ef-b498-855e48b08f9c","Guðjón Valur Sigurðsson",5.1962592287666,4.89583607636603,4.88577218823302,,,,,,,,
"473172bd-3953-11ef-a807-855e48b08f9c","Nenad Bilbija",0.159096366770491,0.748370638578012,,,,,,,,,
"4f25771a-3953-11ef-b184-a9530db97767","Magnus Gullerud",6.95144835749013,2.52289335088874,3.46398374191279,1.67579597081082,1.19165976249655,2.81635929288103,,,,,
"44603172-3953-11ef-a4d0-855e48b08f9c","Hendrik Pekeler",16.4003442434743,5.69570441079658,3.4516738852347,3.55827692837339,7.06584276903249,3.33166138209617,0.957118353344768,0.907922628510864,2.56077751099981,0.813310985948432,-0.00519079685746352
"444dd97a-3953-11ef-b564-855e48b08f9c","Patrick Groetzki",19.1749226915002,3.89451942067149,2.40841353176595,2.98881737088336,8.6222153180521,6.64910915171785,4.64436363636363,1.25768415474298,2.92798143531655,1.38184404903432,
"44567019-3953-11ef-baf7-855e48b08f9c","Alexander Petersson",4.90807097007662,2.31552007899934,3.15931478912989,0.863318640379189,1.19574472981681,1.28874777396517,,,,,
"471dc478-3953-11ef-a3fc-855e48b08f9c","Aleksandar Svitlica",0.698682893679386,1.79116194865043,,,,,,,,,
"475802bc-3953-11ef-b101-855e48b08f9c","Marian Michalczik",14.2266689731425,3.29906188281764,4.31951878104055,3.57278545213109,2.03724799779066,0.282536593840942,2.57379759862779,1.42938526762056,1.79553574505727,2.3154645202783,0.0440516273849607
"5d7db03c-3954-11ef-b053-abb3924935a8","Filip Taleski",1.08497779362553,0.303999341672153,0.441913927439919,0.0580955718264142,,,,,,,
"9614a457-3954-11ef-80bb-0119270b4993","Luka Zvizej",1.71194054790319,1.08609282422646,1.84831505291253,,,,,,,,
"c58ec1fb-3953-11ef-adbc-2510cc07ea6e","Rafael Baena Gonzalez",2.00472755540205,1.6223008558262,0.45730124828754,0.232197856918906,-1.72500690417012,,,,,,
"4693acc3-3953-11ef-84b1-855e48b08f9c","Anton Mansson",0.491739197279668,0.573584595128374,-0.0689451247011172,,,,,,,,
"472cd765-3953-11ef-8aa4-855e48b08f9c","Dalibor Doder",1.96333881612211,1.43270243581303,1.99295586888017,,,,,,,,
"447f8b1e-3953-11ef-8f39-855e48b08f9c","Harald Reinkind",16.1581434728732,2.32440750493746,1.66366720274107,3.17017391785471,13.4261368866795,9.362830213265,3.18911835334477,1.79610492845787,-0.640343722356888,2.08693652433201,0.392536475869809
"9727ad44-3954-11ef-a92f-0119270b4993","Maximilian Nowatzki",-0.57670344265073,-0.883953258722844,-0.822923846234574,-0.928484043697706,,,,,,,
"44e4a904-3953-11ef-98e2-855e48b08f9c","Michael Damgaard",16.7912378922293,5.99195194206715,4.29797653185388,6.7537792860085,13.3975421154377,5.79535421100639,2.47085420240137,0.871886592474828,-0.441324801543994,,
"519cb5ac-3953-11ef-a43e-a9530db97767","Marian Orlowski",1.38083063366364,0.914269256089532,,,,,0.952439108061749,,,,
"44c24903-3953-11ef-b05b-855e48b08f9c","Matthias Musche",16.9353320215743,5.13579657669519,9.15729245553277,3.70698929688989,-0.135954616588419,0.502073578595318,0.893948542024013,1.1983306836248,2.63926384596827,2.44087622537078,0.873597081930415
"5194256d-3953-11ef-b737-a9530db97767","Michael Kraus",2.97966230288517,2.20590849242923,3.23009646502895,,,,,,,,
"517f024b-3953-11ef-8587-a9530db97767","Bobby Schagen",13.5828441398989,5.63349242922976,3.44859642106517,3.14841113221814,3.09933950105864,3.54814924206229,0.891608919382504,0.435214626391097,1.50401507231725,0.969378885619068,
"44e02271-3953-11ef-868b-855e48b08f9c","Zeljko Musa",5.17019965218293,2.69175444371297,3.09161057740035,1.3493541862624,1.95146368406517,,,,,,
"4f33cc0e-3953-11ef-a495-a9530db97767","Manuel Späth",1.75792803599202,1.87411125740619,0.626561777611377,0.402673011071971,,-0.934064196672893,,-0.677662957074722,,,
"44f4f2bd-3953-11ef-b2ec-855e48b08f9c","Mads Christiansen",2.27911956766538,3.1716754443713,0.820442020291409,,,,,,,,
"51987e51-3953-11ef-b07d-a9530db97767","Michael Schweikardt",1.43601561937023,1.22532916392363,1.14973068643051,,,,,,,,
"51b8dfea-3953-11ef-9191-a9530db97767","Dominik Weiß",4.37155027570698,1.45343976300198,1.34361092911054,0.272096297252602,8.09525453373837,5.08490813534292,,,,,
"73095b2c-3954-11ef-b8f9-bdf3bafad9bd","Max Häfner",9.63405182933833,-0.792116524028966,1.12203350890479,0.899589949773458,9.01028721347693,0.605743821395996,1.13025042881647,1.95508744038156,1.90205291394304,2.36562920231529,-0.0279180695847362
"664fd386-3953-11ef-9e67-2510cc07ea6e","Sascha Pfattheicher",9.90384509279278,-0.303308097432521,1.10664618805717,2.09654315978434,5.8362676056338,5.06356426182513,3.37628816466552,1.04358770535241,,,0.623597081930415
"44cad6fa-3953-11ef-93af-855e48b08f9c","Marko Bezjak",9.15424903694491,3.35238643844635,3.51322316862518,2.06752611226892,6.36322838994752,1.59670937757894,-0.0793344768439108,,-0.312382965524372,,
"44ecfd7b-3953-11ef-a16c-855e48b08f9c","Christian O'Sullivan",13.0355930316418,2.88431533903884,3.62093441455853,2.60434149130411,11.9759734879867,3.1456647700126,1.14662778730703,0.731981981981982,-0.113364044711478,-0.334902847342675,-0.122615039281706
"693a9ec4-3954-11ef-8a88-bdf3bafad9bd","Piotr Chrapkowski",2.8478315036972,1.40307768268598,1.64520241772392,0.0145700005532911,-0.119614747307374,-0.991997567649742,-0.687636363636363,-0.698860625331214,,,
"6644e144-3953-11ef-ab7a-2510cc07ea6e","Stefan Salger",0.600576252423223,-0.187771560236998,-0.0720225888706415,-0.373533009965389,0.129568259228574,,,,,,
"51ae589e-3953-11ef-9122-a9530db97767","Simon Baumgarten",1.87442967248371,1.37641540487163,1.87293476626872,,,,,,,,
"73a9ee2d-3954-11ef-83c4-bdf3bafad9bd","Samuel Röthlisberger",-0.178145212547568,-0.481056616194865,-0.512099965112618,-0.261091950843154,-0.519941544692994,-0.260207618468488,-0.357749571183533,-0.652225755166932,-1.10845864877595,-2.18542222915164,-0.425645342312009
"44e8a668-3953-11ef-91e1-855e48b08f9c","Daniel Pettersson",11.9594858103633,0.683196181698486,2.90080779888984,3.04685146591419,5.55848982785602,2.77672067063371,0.86821269296741,0.810413354531002,0.758394890116834,2.46874549316911,-0.0847362514029181
"8a02886b-3954-11ef-b735-a919af319ee5","Jerry Tollbring",6.90699378567093,1.68747531270573,1.59596299101154,-0.0507183563563932,7.04133296511092,,,2.13738738738739,,,
"4468d78d-3953-11ef-bc79-855e48b08f9c","Kim Ekdahl du Rietz",0.474877118313764,1.35864055299539,,,,,,,,,
"4537def4-3953-11ef-b3fa-855e48b08f9c","Bogdan Radivojevic",0.430422546494566,0.567659644502962,-0.185888763143041,,,,,,,,
"44be353f-3953-11ef-bbbe-855e48b08f9c","Robert Weber",11.8521816714894,4.71216260697827,2.57459659692027,5.90140351524317,13.6916597624965,,0.847156089193825,,,,
"5c6ed202-3953-11ef-b242-a9530db97767","Lukas Mertens",16.0109835109889,1.37937788018433,-0.595191497689775,1.29494722217099,11.9310388474639,7.46627459497025,2.08481646655232,1.30855855855856,2.41782025802153,3.05121319015416,0.570566778900112
"73335094-3954-11ef-b249-bdf3bafad9bd","Emil Frend Öfors",2.43394411089776,0.751333113890718,1.34668839328007,1.63589753047712,,,,,,,
"5d896865-3954-11ef-8b14-abb3924935a8","Gleb Kalarash",0.162162199309746,-0.66473008558262,,,,-0.0132285106198152,-0.142504288164666,,,,
"89e74ae5-3954-11ef-9c9a-a919af319ee5","Marko Matic",-0.550643866067062,-0.62325543120474,,,,,,,,,
"45db6aed-3953-11ef-ab10-855e48b08f9c","Florian von Gruchalla",1.9740692300095,1.02388084265964,0.758892736900923,-0.0180741779015511,-0.201314093712602,,,,,,
"66aba833-3953-11ef-957a-2510cc07ea6e","Oliver Milde",-0.394286406565052,-0.321082949308756,,,,,,,,,
"96acccdb-3954-11ef-8790-0119270b4993","Martin Kienzle",-0.700869660490561,-0.913578011849901,,,,,,,,,
"4583c44a-3953-11ef-9ea4-855e48b08f9c","Jonas Link",2.07830753634417,0.25067478604345,3.4516738852347,,,,,,,,
"45a7badb-3953-11ef-a70e-855e48b08f9c","Maximilian Lux",0.154497617961608,0.440273206056616,-0.607501354367872,,,,,,,,
"8afeee56-3953-11ef-a01c-873b07b84f30","Tobias Reichmann",9.57273517855323,3.83230743910467,4.16564557256434,1.84627112496388,1.39182316118936,2.3010572036659,,1.07538420773715,0.217399795512769,,
"44c6d846-3953-11ef-828b-855e48b08f9c","Finn Lemke",3.09769685564649,0.558772218564845,2.19606850406878,1.37111697189896,-0.323863113320445,-1.28166442253399,,,,,
"50dc7bce-3953-11ef-8815-a9530db97767","Felix Danner",2.93214189852672,1.17496708360764,0.845061733647603,-0.88858560336401,0.235777409555371,0.858821178821179,,-0.0904875463698993,-0.836559559778051,,
"4fb4c98d-3953-11ef-ac92-a9530db97767","Torge Johannsen",0.347645067934679,0.392873601053324,-0.17050144229542,,,,,,,,
"978252ce-3954-11ef-a0e4-0119270b4993","Alexander Engelhardt",-0.473998052585684,-0.756566820276498,-0.564416855994531,-1.14611190006332,,,,,,,
"97aab120-3954-11ef-92a4-0119270b4993","Fynn Hangstein",3.42420802107716,-1.15057603686636,-0.88447312962506,-0.377160140904815,1.83708459909785,,,,1.12559881443358,1.96152481923954,1.97965768799102
"4396a323-3953-11ef-a2d3-855e48b08f9c","Tobias Hahn",-0.288515183960752,-0.116672152732061,,,,,,,,,
"43a49b81-3953-11ef-b81a-855e48b08f9c","Philipp Pöter",-0.311508928005165,-0.161109282422646,,,,,,,,,
"520249f9-3953-11ef-bd6b-a9530db97767","Steffen Weinhold",8.22683469382025,2.30663265306122,2.92542751224604,1.15348911553334,4.92123492589524,3.819521348217,0.636590051457976,0.0133810280869103,,,
"51ec84a2-3953-11ef-bd56-a9530db97767","Domagoj Duvnjak",17.5347022829987,0.481747860434496,4.57187084294154,3.43132734549344,13.8101238147841,9.4512548321244,2.14330703259005,1.456942236354,3.31200385998369,0.799376352049268,0.161475869809203
"8a0bb615-3954-11ef-ab6f-a919af319ee5","Josef  Pujol",0.494805029818923,1.39715273206057,,,,,,,,,
"97a690c0-3954-11ef-ba15-0119270b4993","Jan-Eric Speckmann",-0.283916435151869,-0.913578011849901,,,,0.18801372540503,,,,,
"f7fa4747-3955-11ef-95e3-e79bf7b1fa4b","Carlos Molina Cosano",-0.562907196224082,-0.780266622778144,-0.779839347861233,,,,,,,,
"44f0f23e-3953-11ef-a32c-855e48b08f9c","Nemanja Zelenovic",7.13999705865432,2.00742264647795,2.65153320115837,0.594910950861597,11.9718885206665,2.67914867740955,-0.874806174957118,0.240196078431373,-0.438521718152263,,
"46cc9c4f-3953-11ef-b7f7-855e48b08f9c","Dominik Ebner",0.5714508433003,-0.0248354180381831,0.303428039811325,,,-0.174832124397342,,,,,
"52590232-3953-11ef-a188-a9530db97767","Kai Dippe",0.385967974675367,-0.90765306122449,0.555780101712318,-0.246583427085447,,,,,,,
"73b2b5be-3954-11ef-b1b7-bdf3bafad9bd","Andreas Cederholm",6.07921900007206,1.5719387755102,1.34668839328007,2.7240368123052,9.19002577556844,4.50252530078617,,,,,
"475c710d-3953-11ef-8534-855e48b08f9c","Max Staar",3.60202630835395,-0.015947992100066,0.214181578895119,-0.634686437604126,0.440025775568443,2.84075229118707,0.203759862778731,,,1.12823371206954,
"8c4227ff-3954-11ef-9872-a919af319ee5","Johannes Klein",-0.639553009705459,-0.795078999341672,,,,,,,,,
"474d6612-3953-11ef-9fb7-855e48b08f9c","Mats Korte",8.60546501241825,0.369173798551679,1.75906859199632,0.609419474619305,3.02581008929393,4.10308995352474,2.34217495711835,,,1.6521759466781,
"44079141-3953-11ef-b85c-855e48b08f9c","Paul Drux",10.536939512149,1.48306451612903,4.08255403998718,4.07695665271143,5.75456825922857,3.59388611388612,1.82511835334477,-0.442368839427663,,,
"45916f69-3953-11ef-a924-855e48b08f9c","Johannes Bayer",-0.746857148579387,-1.00245227123107,,,,,,,,,
"67c3d5d7-3953-11ef-8466-2510cc07ea6e","Rene Gruszka",-0.244060612141553,-0.181846609611587,,,,,,,,-0.457527625655318,
"50c2eb0e-3953-11ef-8e2a-a9530db97767","Gabor Langhans",-0.67021133509801,-0.854328505595787,,,,,,,,,
"5187af43-3953-11ef-94b8-a9530db97767","Felix Lobedank",-0.662546753749872,-0.839516129032258,,,,,,,,,
"51b43845-3953-11ef-9980-a9530db97767","Tobias Schimmelbauer",0.356842565552444,-0.374407504937459,1.49748413758676,,,-1.61401902445381,-1.01050428816467,,,,
"8a6b14d1-3954-11ef-af7e-a919af319ee5","Szymon Sicko",-0.745324232309759,-0.999489795918368,,,,,,,,,
"5b7643eb-3953-11ef-91a0-a9530db97767","Jan Wörner",-0.67021133509801,-0.854328505595787,,,,,,,,,
"a01c8021-3954-11ef-81f6-85d73a57ae73","Malvin Werth",-0.731527985883112,-0.972827518104016,,,,,,,,,
"c589713d-3953-11ef-b1c1-2510cc07ea6e","Erwin Feuchtmann Perez",-0.461734722428664,-0.451431863067808,,,,,,,,,
"46019ff7-3953-11ef-b69c-855e48b08f9c","Marcel Timm",0.23420926398224,-0.910615536537196,,,1.43675780171223,-0.723674586283282,,,,,
"4f708f39-3953-11ef-945e-a9530db97767","Anton Halén",-0.461734722428664,-0.451431863067808,,,,,,,,,
"4f46e784-3953-11ef-bf07-a9530db97767","Adrian Pfahl",-0.470932220046429,-0.469206714944042,,,,,,,,,
"509b3e23-3953-11ef-b911-a9530db97767","Alexander Hermann",1.20301234638685,1.02091836734694,0.894301160359993,,,,,,,,
"5aaffea8-3953-11ef-b388-a9530db97767","Christoph Reißky",-0.296179765308889,-1.03207702435813,-0.629043603554542,-0.311871783995131,,,,,,,
"a064891e-3954-11ef-9b42-85d73a57ae73","Malte Donker",1.01446364522266,-0.972827518104016,-0.979874518880314,-1.03729797188051,-1.9701049433858,,,0.123608903020668,1.20688823279378,-0.543922355830134,-0.160493827160494
"4fec1746-3953-11ef-9a74-a9530db97767","Hannes Feise",1.65215681338772,-0.913578011849901,-0.687515422775504,-0.304617522116277,-0.299353309398877,0.316076966511749,0.900967409948542,-0.603471118177001,0.0772456259262238,-1.17655473485218,
"978976aa-3954-11ef-b15a-0119270b4993","Robert Markotic",0.237275096521495,-0.528456221198157,0.00799147953699039,-0.417058581238512,,,,,,,
"4fff50af-3953-11ef-bf36-a9530db97767","Aivis Jurdzs",0.471811285774509,0.235862409479921,0.241878756420838,,,,,,,,
"735e6084-3954-11ef-ba33-bdf3bafad9bd","Magnus Abelvik Rød",9.2538885944707,-0.395144832126399,3.14085000411274,3.65620946373791,11.808489827856,-0.394369109151718,2.72821269296741,,,,
"c6963298-3953-11ef-aea2-2510cc07ea6e","Robin Hübscher",-0.141355222076508,-0.347745227123107,-0.382846469992597,,,,,,,,
"97aee9e7-3954-11ef-ad22-0119270b4993","Julius Rose",-0.631888428357321,-0.972827518104016,-0.74906470616599,-1.03729797188051,,,,,,,
"8b41e4c3-3953-11ef-8245-873b07b84f30","Jacob Heinl",-0.823502962060764,-0.854328505595787,,-1.2911971376404,-2.55017030286293,,,,,,
"46de4a75-3953-11ef-9b34-855e48b08f9c","Lukas Zerbe",14.0534494346745,-0.658805134957209,,-0.551262425997307,5.76682316118935,4.91415714720063,3.14466552315609,2.07591414944356,2.96161843601732,4.43910272651088,1.19177890011223
"697bc93a-3953-11ef-aae0-2510cc07ea6e","Frederic Stüber",1.58470849752411,-0.285533245556287,1.54672356429915,0.660199307771282,,,,,,,
"f2986193-3954-11ef-baf6-4143a9146400","Sergey Gorpishin",-0.369759746251011,-0.614368005266623,,,-2.26422259044463,,,,-0.542235803646306,,
"4574f8a8-3953-11ef-be3c-855e48b08f9c","Nicolai Theilinger",2.77578443902471,0.609134298880843,-0.478247859247851,1.77372850617534,-1.06324219828777,0.431943708465448,-1.02688164665523,0.348304186539481,-1.31028065298057,-0.265229677846855,0.672839506172839
"51bd8c10-3953-11ef-a768-a9530db97767","Finn Kretschmer",-0.467866387507174,-0.463281764318631,,,,,,,,,
"52251227-3953-11ef-9ac5-a9530db97767","Rune Dahmke",9.62025558291168,0.745408163265306,1.05125183300573,0.217689333161198,5.56665976249654,1.17897928158798,0.746552315608919,1.90633280339163,1.2629499006284,0.247564849642377,0.854657687991021
"68e7dc0a-3954-11ef-bf2b-bdf3bafad9bd","Dominik Kalafut",1.12943236544473,-0.818778801843318,,0.279350559131456,3.36894734419589,,,,,,
"5266e192-3953-11ef-bb1c-a9530db97767","Patrick Weber",-0.0493802458988551,-0.208508887425938,-0.342839435788781,,,,,,,,
"89f9cbd9-3954-11ef-a949-a919af319ee5","Jannes Krone",-0.0156560879670491,-0.943202764976959,-0.792149204539331,-0.565770949755015,-0.168634355150511,-0.479744603222864,,,,,
"67b7a269-3953-11ef-b85e-2510cc07ea6e","Kenji Hövels",-0.762186311275662,-1.03207702435813,,,,,,,,,
"a0f74108-3954-11ef-b11f-85d73a57ae73","Justus Max Kluge",-0.463267638698292,-0.82470375246873,-0.841388631251719,,-1.81487618521587,,,,,,
"503be211-3953-11ef-8766-a9530db97767","Franz Semper",15.0590425075502,2.08444700460829,4.47031452534724,4.42878835383585,-0.172719322470772,1.58756200321418,0.255231560891938,2.99377318494966,3.40450561191081,4.33319950887724,
"51c1bd65-3953-11ef-a7fa-a9530db97767","Djibril M'Bengue",-0.236396030793415,-0.913578011849901,,,,,-1.23510806174957,0.5560413354531,,,-0.406705948372615
"51e8845f-3953-11ef-85b6-a9530db97767","Florian Burmeister",-0.77598255770231,-1.00245227123107,-0.976797054710789,,,,,,,,
"4f751e66-3953-11ef-b23c-a9530db97767","Tobias Gehrke",-0.716198823186836,-0.943202764976959,,,,,,,,,
"b7a2d4e3-3954-11ef-8d9a-35f0fd7e8878","Rolando Urios González",-0.67021133509801,-0.795078999341672,-0.979874518880314,,,,,,,,
"45fd7317-3953-11ef-9ca9-855e48b08f9c","Maximilian Jaeger",0.232676347712613,-0.629180381830151,,,-0.352457884562276,-0.29069886635104,,,,,
"43da8b08-3953-11ef-9a32-855e48b08f9c","Hendrik Schreiber",-0.739192567231249,-0.92839038841343,-0.979874518880314,,,,,,,,
"526ff092-3953-11ef-8bff-a9530db97767","Oliver Hess",-0.677875916446148,-0.869140882159315,,,,,,,,,
"46463b1f-3953-11ef-bca9-855e48b08f9c","Jan Remmlinger",0.691018312331248,-0.641030283080974,-0.641353460232639,-0.471465545329915,2.67858786707171,,,,,,
"67a20f63-3953-11ef-b662-2510cc07ea6e","Tim Remer",0.238808012791123,0.90241935483871,,,,,,,,,
"45f8f43b-3953-11ef-aca9-855e48b08f9c","Sebastian Schöneseiffen",-0.653349256132107,-0.821741277156024,,,,,,,,,
"43b7f4fc-3953-11ef-a99e-855e48b08f9c","Vladan Lipovina",8.53341794774576,1.39122778143516,0.605019528424707,3.25359792946153,19.2839800239344,11.9698319072232,0.334778730703259,,,,
"5b49407b-3953-11ef-9d6f-a9530db97767","Tim Stefan",-0.684007581524658,-0.880990783410138,,,,,,,,,
"4744c5c5-3953-11ef-ae9f-855e48b08f9c","Charlie Sjöstrand",-0.553709698606317,-0.629180381830151,,,,,,,,,
"446d1d5e-3953-11ef-9398-855e48b08f9c","Gedeón Guardiola",6.65866134999127,0.389911125740619,1.08202647470098,0.322876130404579,5.35015649452269,3.68535985753377,1.91636363636364,-0.614069952305247,,,
"50ef6098-3953-11ef-82f7-a9530db97767","Momir Rnic",-0.486261382742705,-0.4988314680711,,,,,,,,,
"46f88e61-3953-11ef-9d77-855e48b08f9c","Jari Lemke",-0.731527985883112,-0.972827518104016,,,,,,,,,
"51f5af6a-3953-11ef-88e9-a9530db97767","Christian Zeitz",-0.641085925975086,-0.869140882159315,,-0.380787271844242,-0.13595461658842,0.706364939408418,,,,,
"459a5134-3953-11ef-a7a5-855e48b08f9c","Uros Bundalo",-0.708534241838698,-0.92839038841343,,,,,,,,,
"44331761-3953-11ef-85de-855e48b08f9c","Ignacio Plaza Jimenez",-0.222599784366767,-0.58178077682686,-0.302832401584965,,,,,,,,
"441eac7f-3953-11ef-a995-855e48b08f9c","Petar Nenadić",1.81464593796824,3.9478439763002,,,,,,,,,
"5d227ee9-3954-11ef-a517-abb3924935a8","Frederik Simak",6.25857020361848,-0.943202764976959,1.15280815060003,-0.634686437604126,3.02172512197367,2.4443660687139,0.624891938250428,0.526364599894012,2.01417624961228,0.832819473407262,-0.0847362514029181
"5285807e-3953-11ef-86d3-a9530db97767","Robin Egelhof",-0.653349256132107,-0.821741277156024,,,,,,,,,
"ae80d492-3953-11ef-86f7-e3f2de03a1b7","Kristian Bliznac",-0.746857148579387,-1.00245227123107,,,,,,,,,
"520ed3cd-3953-11ef-8f5e-a9530db97767","Rene Toft Hansen",-0.178145212547569,0.0966260697827518,,,,,,,,,
"5e12cf1d-3953-11ef-abbd-a9530db97767","Tomas Urban",3.21879724094707,-0.244058591178407,,,,6.98451287842593,1.25425042881647,,,,
"95c7af5e-3954-11ef-b8a2-0119270b4993","Marcus Lars Endström",-0.602763019234398,-0.723979591836735,,,,,,,,,
"8c067d71-3954-11ef-b438-a919af319ee5","Kuno Schauer",-0.716198823186836,-0.943202764976959,,,,,,,,,
"4fe84ace-3953-11ef-b5a8-a9530db97767","Niklas Diebel",-0.592032605347005,-0.972827518104016,,,-0.626150695019792,,,,,,
"0ddbb329-3954-11ef-8af0-a3c22717a414","Lukas Kister",-0.622690930739556,-0.854328505595787,-0.822923846234574,,,,,,,,
"9638b276-3954-11ef-a357-0119270b4993","Erik Gerntke",-0.685540497794285,-0.883953258722844,,,,,,,,,
"96679b74-3954-11ef-83f2-0119270b4993","Niklas Danowski",-0.67021133509801,-0.883953258722844,-0.887550593794584,,,,,,,,
"89fe4d53-3954-11ef-b29b-a919af319ee5","Vincent Büchner",12.496006504733,-0.943202764976959,-0.502867572604045,1.08457362768423,6.29786891282334,3.24933501281327,1.27062778730703,2.91322204557499,2.77100876537962,3.88450429732416,-0.0847362514029181
"a2d8e6e0-3953-11ef-84d5-a9c0cf016319","Alexander Trost",-0.653349256132107,-0.821741277156024,,,,,,,,,
"96ced37a-3954-11ef-8cb0-0119270b4993","Jonas Schletterer",-0.654882172401734,-0.82470375246873,,,,,,,,,
"950f2017-3954-11ef-bab4-0119270b4993","Juan de la Peña",1.16468943964616,-1.00245227123107,-0.672128101927882,-0.224820641448885,,,,,1.77871724470688,,
"5d85207a-3954-11ef-b0d5-abb3924935a8","Maximilian Trost",-0.562907196224082,-0.883953258722844,-0.672128101927882,,,,,,,,
"8a2aa7ff-3954-11ef-83bf-a919af319ee5","Luis Villgrattner",-0.662546753749872,-0.972827518104016,-0.779839347861233,,,,,,,,
"448c5140-3953-11ef-9251-855e48b08f9c","Rico Keller",-0.700869660490561,-0.913578011849901,,,,,,,,,
"ae67d9b9-3953-11ef-a797-e3f2de03a1b7","Wael Jallouz",-0.884819612845866,,-1.28762093583274,,,,,,,,
"a1d31c0a-3954-11ef-a52f-85d73a57ae73","Ivan Sliskovic",2.58723573786052,,2.18375864739068,2.3468151946048,,,-0.327334476843911,,,,
"a22da207-3954-11ef-b0ba-85d73a57ae73","Mijajlo Marsenic",14.0197252767427,,1.73752634280965,2.3613237183625,7.00048329190831,5.26785562263823,2.27666552315609,2.42991520932698,3.02608935402714,1.38184404903432,0.0478395061728395
"a2e78078-3954-11ef-ad20-85d73a57ae73","Jacob Tandrup Holm",12.2568715666711,,3.69479355462712,2.88725770457941,8.75701923962073,10.7623784910741,4.07115608919382,,,,
"a1ce6335-3954-11ef-994a-85d73a57ae73","Josip Peric",0.241873845330378,,0.503463210830405,-0.518618247542465,,,,,,,
"a25801d5-3954-11ef-a167-85d73a57ae73","Albin Lagergren",16.2608488629382,,3.7809625513738,2.0240005409958,8.66714995857497,2.9139312861052,3.68979759862779,2.19038155802862,3.69322320125909,2.40464617723295,1.10465768799102
"a2941d52-3954-11ef-be41-85d73a57ae73","Simon Birkefeldt",-0.191941458974217,,0.103392868792244,,,,,,,,
"a28f732d-3954-11ef-9fcc-85d73a57ae73","Domagoj Pavlovic",4.45279483799724,,0.891223696190468,0.0907397502812561,8.35260747491484,2.69439430135082,-0.874806174957118,-0.592872284048755,,,
"a28096b5-3954-11ef-9194-85d73a57ae73","Magnus Jøndal",3.11149310207314,,3.73172312466141,1.28769296029214,0.411431004326613,,,,,,
"a27c3ce7-3954-11ef-ba64-85d73a57ae73","Simon Hald Jensen",3.61888838731985,,0.962005372089527,-0.692720532634957,0.448195710208966,1.23691265256483,1.39930703259005,,,,
"a24a9176-3954-11ef-9b67-85d73a57ae73","Kevin Maageroe Gulliksen",11.330990139816,,4.43338495531295,4.65004334114089,9.92940486053576,6.83205663901316,1.33847684391081,,,,
"a277ca5b-3954-11ef-966d-85d73a57ae73","Jonathan Carlsbogard",9.71836222416785,,0.740427951883777,6.93513583297984,12.7398623768756,12.4912322460149,,,,,
"a21af6a8-3954-11ef-95da-85d73a57ae73","Ilija Abutovic",-1.75858188653357,,-1.37994486091847,-1.79899546916017,-2.754418668876,-2.07443686748035,,,,,
"a2ebd764-3954-11ef-a125-85d73a57ae73","Vetle Rønningen",-1.16687620645733,,-1.85387434302522,,,,,,,,
"a1b12822-3954-11ef-aa37-85d73a57ae73","Lenny Rubin",16.9292003564958,,2.38994874674881,2.22349274266428,14.7333264291632,12.2137618902836,3.03704288164665,3.54067302596714,1.9525084149942,2.91744070472218,0.1084455667789
"5be3dfe2-3953-11ef-bf9f-a9530db97767","Patrick Rentschler",1.48506893999832,,3.47013867025184,,,,,,,,
"52790037-3953-11ef-8268-a9530db97767","Dominik Claus",1.0221282265708,,-0.847543559590768,,,,,,1.43113490413225,,0.907687991021324
"5bdf8835-3953-11ef-8106-a9530db97767","Robin Haller",0.0747859719409758,,0.638871634289474,,,,,,,,
"69652147-3954-11ef-801b-bdf3bafad9bd","Martin Marcec",-0.316107676814047,,-0.145881728939225,,,,,,,,
"5d760f87-3954-11ef-a98d-abb3924935a8","Maximilian Schwarz",-0.716198823186836,,-0.94909987718507,,,,,,,,
"5c084e4a-3953-11ef-b0a6-a9530db97767","Jan Döll",0.0686543068624658,,0.626561777611377,,,,,,,,
"5bee2f08-3953-11ef-bfff-a9530db97767","Christian Schäfer",1.3394418943837,,3.17777957414703,,,,,,,,
"67355df5-3953-11ef-ab59-2510cc07ea6e","Michael Oehler",-0.777515473971938,,-1.07219844396604,,,,,,,,
"5bdad047-3953-11ef-aec0-a9530db97767","Valentin Schmidt",-0.268587272455594,,-0.0504803396839713,,,,,,,,
"7eb80ff1-3954-11ef-a6fb-5fae856b6582","Jonathan Fischer",3.4211421885379,,0.57116742255994,,,,,,4.80885039116799,,0.525112233445567
"5317fa60-3954-11ef-87d2-0d8b44d8a0ff","Pouya Norouzinezhad",2.26838915377799,,2.25761778745926,-0.344515962449973,5.22760747491485,,,,,,
"ab612d64-3954-11ef-a93d-8165bb7d37eb","Ivan Martinovic",15.0007916893044,,3.19316689499465,1.94783079126784,12.7398623768756,10.9605716023107,0.4938730703259,3.08068362480127,4.1473227107195,,
"a23c50e3-3954-11ef-a445-85d73a57ae73","Nejc Cehte",3.86108915792101,,1.09433633137907,1.95145792220726,9.0143721807972,4.50252530078617,,,,-1.01769990840171,
"a240f1b6-3954-11ef-8601-85d73a57ae73","Cristian Ugalde Garcia",1.84990301216967,,2.05758261644018,1.45454098350578,,,,,,,
"a02b5242-3954-11ef-b87e-85d73a57ae73","Yonatan Dayan",0.976140738481971,,-0.918325235489827,,,,0.90798627787307,,,,1.21071829405163
"106701fe-3956-11ef-87b0-63392ed267d4","Arnor Thor Gunnarsson",8.96876616831998,,5.72284244234364,2.25613692111912,5.08463361870569,4.32262693827911,0.704439108061749,,,,
"73149571-3954-11ef-bbec-bdf3bafad9bd","Max Darj",7.30708493204372,,2.27608257247641,2.12193307636033,8.16469897818282,2.02358684793467,-0.605749571183533,0.216878643349232,0.164141211069882,-0.674907914482275,-0.308221099887767
"50563ce0-3953-11ef-a208-a9530db97767","Kristian Nippes",1.22907192297052,,1.04201944049716,0.97938683044085,-1.66781736168646,,,,,,
"50ac0a45-3953-11ef-b230-a9530db97767","Tomas Babak",9.03928031672285,,2.52227970603835,1.12447206801793,4.84770551413053,4.65498154019893,2.50594854202401,1.10718071012189,,0.50117518660716,-0.0847362514029181
"730e23a5-3954-11ef-94f1-bdf3bafad9bd","Linus Arnesson",11.3340559723553,,3.47321613442137,2.20172995702772,12.8583264291632,8.58835251704817,3.44881646655231,1.28100158982512,,,
"4fb8e1e7-3953-11ef-9c9c-a9530db97767","Csaba Szücs",0.546924182986259,,-1.14913504820415,0.09799401216011,0.619764337659946,-0.275453242409764,-0.804617495711835,,,,
"5d20a106-3953-11ef-97d7-a9530db97767","Jerome Müller",7.95550851409617,,2.84849090800793,4.21841475934908,7.40081008929393,6.0941684402554,-0.140164665523156,0.922760996290408,,,
"509f8015-3953-11ef-8521-a9530db97767","Maciej Majdzinski",0.238808012791123,,-0.389001398331646,-0.471465545329915,0.452280677529227,,,,,,
"51765a93-3953-11ef-8b7d-a9530db97767","Benedikt Kellner",0.307789244924363,,-0.0258606263277769,-1.07356928127478,1.48577740955537,,,,,,
"a372604b-3954-11ef-9d0a-85d73a57ae73","Petter Øverby",2.06757712245678,,-0.376691541653549,-0.471465545329916,-0.769124551228942,-0.656593840941667,0.573420240137221,0.269872813990461,-0.402081634059761,-0.621956305665452,-0.312008978675645
"5ce61210-3953-11ef-a6a4-a9530db97767","Martin Murawski",-0.293113932769634,,-0.2566704390421,-0.88858560336401,,,,,,,
"a2291ef2-3954-11ef-a725-85d73a57ae73","Magnus Landin Jacobsen",8.59780043107011,,2.28223750081546,2.12918733823918,0.958816625241645,2.84380141597533,0.613193825042881,1.35943296237414,0.520132801819707,1.4905341934478,
"ba180974-3954-11ef-adea-35f0fd7e8878","Jakob Hoffmanns",-0.731527985883112,,-0.979874518880314,,,,,,,,
"a26a44b6-3954-11ef-8627-85d73a57ae73","Dani Baijens",9.87318676740023,,-0.133571872261128,-0.275600474600862,6.38773819386909,,3.18209948542024,3.29689984101749,,3.11531250609031,1.5554152637486
"a31b01c0-3954-11ef-ac22-85d73a57ae73","Aliaksandr Padshyvalau",0.283262584610322,,-0.201276083990663,0.330130392283433,0.399176102365829,,,,,,
"5d06ffa9-3953-11ef-b1fd-a9530db97767","Lars Weissgerber",3.15288184135308,,-0.0350930188363497,-0.493228330966477,1.86159440301942,2.77976979542197,0.727835334476844,,,,
"a20cc266-3954-11ef-80eb-85d73a57ae73","Lukas von Deschwanden",-0.155151468503156,,0.177252008860828,,,,,,,,
"a2736440-3954-11ef-b12c-85d73a57ae73","Patrick Wiesmach Larsen",10.8281936033782,,4.73805390809586,3.05410572779305,6.49394734419589,4.77694653172914,3.18209948542024,,,,
"b8ed4ddf-3953-11ef-8678-a9530db97767","Maciej Gebala",9.76128387971742,,0.848139197817128,1.86077964872159,4.98250943569916,3.47497024714416,1.61221269296741,0.218998410174881,1.53484898962629,1.53512502192512,0.0289001122334456
"502685dd-3953-11ef-af43-a9530db97767","Thomas Oehlrich",-0.731527985883112,,-0.979874518880314,,,-1.37313816618165,,,,-0.543922355830134,
"b83fdd80-3954-11ef-a80f-35f0fd7e8878","Jonas Hellmann",-0.685540497794285,,-0.887550593794584,,,,,,,,
"a13809f4-3954-11ef-879f-85d73a57ae73","Pierre Busch",-0.716198823186836,,-0.94909987718507,,,,,,,,
"a231fe33-3954-11ef-8e48-85d73a57ae73","Domagoj Srsen",-0.762186311275662,,-1.0414238022708,,,,,,,,
"508e9c16-3953-11ef-b526-a9530db97767","Bogdan Andrei Criciotoiu",-0.339101420858461,,-0.19204369148209,,,,,,,,
"95438683-3954-11ef-a571-0119270b4993","Joshua Thiele",-1.03351249099974,,-1.06912097979652,-1.46892655367232,-0.532196446653778,-1.1993380532511,,,,-0.683268694821773,
"731916c1-3954-11ef-84a4-bdf3bafad9bd","Leos Petrovsky",1.17082110472467,,0.346512538184665,-0.892212734303437,,0.45633670677149,,-0.0332538420773714,-0.259124381081485,,
"68f89918-3954-11ef-acb8-bdf3bafad9bd","Jan Asmuth",-0.129091891919487,,0.229568899742741,,,,,,,,
"b832b3c4-3954-11ef-9778-35f0fd7e8878","Steve Baumgärtel",-0.639553009705459,,-0.795226668708855,,,,,,,,
"511cf534-3953-11ef-8ceb-a9530db97767","Dimitri Ignatow",5.28210253986574,,-0.185888763143041,0.315621868525725,4.48822838994753,,1.03432590051458,0.149046104928458,1.17325123209301,-0.134244119194715,0.555415263748597
"a26f0bbc-3954-11ef-ae08-85d73a57ae73","Daniel Hideg",-0.628822595818066,,-0.773684419522185,,,,,,,,
"50932927-3953-11ef-87ba-a9530db97767","Maximilian-Leon Bettin",-0.731527985883112,,-0.979874518880314,,,,,,,,
"7325437e-3954-11ef-9f0c-bdf3bafad9bd","Milan Kotrc",-0.366693913711756,,-0.247438046533527,,,,,,,,
"ae97d5c0-3953-11ef-879f-e3f2de03a1b7","Jesper Nielsen",0.378303393327229,,0.0510759779103309,0.808911676287785,-2.754418668876,,,,,,
"8b6f3b8f-3954-11ef-b124-a919af319ee5","Nikola Vlahovic",-0.797443385477096,,-0.964487198032692,,,,,,-1.13929256608499,,0.0289001122334456
"a22437d6-3954-11ef-b2ca-85d73a57ae73","Gisli Thorgeir Kristjansson",18.0942167214127,,-0.733677385318369,-0.801534460817764,2.15571205007825,6.37773704556313,5.62466552315609,0.293190249072602,5.94409916481901,9.12950049696946,2.74102132435466
"5bd30a92-3953-11ef-b417-a9530db97767","Yannick Fraatz",4.64900812050956,,-0.281290152398295,0.656572176831855,0.0601238147841297,0.114834730486904,0.762929674099485,1.28524112347642,,0.579209136442478,
"5c036e4f-3953-11ef-b6d8-a9530db97767","Max Emanuel",-0.290048100230379,,-0.0935648380573114,,,,,,,,
"a2a38fea-3954-11ef-8181-85d73a57ae73","Axel Goller",0.973074905942716,,-0.853698487929817,-1.10984059066905,0.734143422627267,-0.14434087651479,0.0937975986277874,,,,
"d88ddbda-5bad-11ef-ba88-03acaccaf9d5","Ákos  Széles",-0.639553009705459,,-0.826001310404098,,-2.34592193684986,,,,,,
"96895482-3954-11ef-bb9d-0119270b4993","Malte  Nolting",-0.677875916446148,,-0.872163272946963,,,,,,,,
"a2851d44-3954-11ef-a8ca-85d73a57ae73","Gøran Søgard Johannessen",6.84107838607695,,0.355744930693238,4.32722868753189,8.92858786707171,2.21873083438301,0.971156089193825,,,,
"8a35353f-3954-11ef-9e47-a919af319ee5","Fynn Herzig",-0.3023114303874,,-0.118184551413506,,,,,,,,
"505abf25-3953-11ef-a69e-a9530db97767","Fabian Gutbrod",4.37768194078549,,0.451146319948491,1.51982934041546,13.136104206941,1.90467098119272,-0.271183533447684,,,,
"6956613b-3954-11ef-a229-bdf3bafad9bd","Tim Rüdiger",-0.590499689077378,,-0.696747815284077,,,,-0.781221269296741,,,,
"c238ad3d-3954-11ef-bd84-791010fc8985","Marc Esche",0.611306666310616,,0.0510759779103309,-0.812415853636045,-0.470921936849857,-0.0925057551144509,,,,,
"c2325638-3954-11ef-a065-791010fc8985","Lennart Gliese",-0.639553009705459,,-0.795226668708855,,,,,,,,
"95f59c1f-3954-11ef-bfb0-0119270b4993","Tim Ruggiero-Matthes",3.8886816507743,,-0.425930968365937,0.801657414408931,4.25130028537236,2.46266081744343,0.105495711835335,-0.0735294117647059,,,
"5d608925-3953-11ef-9093-a9530db97767","Savvas Savvas",1.4789372749198,,-0.419776040026889,0.395418749193117,,,1.21915608919382,,,,
"c22daf9b-3954-11ef-b635-791010fc8985","Bastien Genty",-0.716198823186836,,-0.94909987718507,,,,,,,,
"c1fb283e-3954-11ef-af2a-791010fc8985","Veit Mävers",3.53457799249034,,-0.669050637758358,-1.00102666248624,2.37630028537236,6.97536550406116,0.898627787307033,-0.359697933227345,,,
"cf07a2ee-3954-11ef-843f-0d6c0b831129","Max Öhler",-0.593565521616633,,-0.702902743623125,,,,,,,,
"a1c365e2-3954-11ef-b0a0-85d73a57ae73","Torben Waldgenbach",-0.677875916446148,,-0.872163272946963,,,,,,,,
"cebf1ad5-3954-11ef-99a2-0d6c0b831129","Jonas Gertges",-0.654882172401734,,-0.887550593794584,,,-1.25117317465144,,,,,
"0deb05cf-3954-11ef-a6df-a3c22717a414","Lukas Stutzke",4.28110821579895,,-0.733677385318369,-0.0579726182352472,4.72924146184295,4.7251114103288,1.41334476843911,1.43998410174881,0.340735464748929,-1.99033735456335,-0.425645342312009
"c24d4155-3954-11ef-bc36-791010fc8985","Torben Matzken",2.31437664186682,,-0.764452027013612,,,,,,0.985444644847037,2.21513515620432,0.775112233445567
"c2f5c9f3-3954-11ef-ad05-791010fc8985","Roman Sidorowicz",0.692551228600876,,1.10356872388765,-0.159532284539201,,,,,,,
"c301842d-3954-11ef-a69d-791010fc8985","Jona Gruber",-0.716198823186836,,-0.94909987718507,,,,,,,,
"9663da22-3954-11ef-8be0-0119270b4993","Alexander Weck",3.56676923415252,,-0.764452027013612,0.188672285645783,0.0478689128233449,6.19783868305608,0.875231560891938,-0.696740858505565,,2.07021496365302,
"c337d3d9-3954-11ef-855f-791010fc8985","Martin Hanne",2.65774988626339,,-0.733677385318369,-0.855941424909168,5.46862054681027,0.73075793771446,-0.687636363636363,0.706544780074192,0.194975128378922,-0.468675332774649,0.180415263748597
"c347063f-3954-11ef-bf20-791010fc8985","David Špiler",-0.288515183960752,,-0.0904873738877872,,,,,,,,
"5d5eea2c-3954-11ef-b373-abb3924935a8","Fin Backs",-0.684007581524658,,-0.88447312962506,,,,,,,,
"a1d7a34d-3954-11ef-b6f0-85d73a57ae73","Tim Sörensen",0.254137175487398,,-0.364381684975451,0.53324972489134,,,,,,,
"a26138bd-3954-11ef-8c21-85d73a57ae73","Jonas Stüber",-0.325305174431813,,-0.887550593794584,,,,-0.231409948542024,,,,
"50b99c59-3953-11ef-8cde-a9530db97767","Jonas Dell",-0.685540497794285,,-0.887550593794584,,,,,,,,
"c23e07f9-3954-11ef-811f-791010fc8985","Maxim Schalles",-0.529183038292276,,-0.764452027013612,,-1.9701049433858,,,,,,
"a1ba44f8-3954-11ef-a6f8-85d73a57ae73","Ian Weber",2.124295024433,,-0.887550593794584,-1.00102666248624,,,,,,4.45303736041005,
"95168020-3954-11ef-bcd2-0119270b4993","Maximilian Kessler",-0.654882172401734,,-0.887550593794584,,,-1.25117317465144,,,,,
"c43e904f-3954-11ef-bb84-791010fc8985","Yannik Bialowas",1.76405970107053,,-0.881395665455536,,-2.28464742704593,,-0.37178730703259,-0.173158452570217,-0.724436224108815,1.6438151663386,1.17662738496072
"8a702bcf-3954-11ef-8b8e-a919af319ee5","Lars Röller",-0.541446368449296,,-0.88447312962506,-1.06631501939593,-1.93334023750345,,,,,,
"c4d61f92-3954-11ef-8757-791010fc8985","Oliver Seidler",-0.716198823186836,,-0.94909987718507,,,,,,,,
"a24ef037-3954-11ef-a12d-85d73a57ae73","Simon Strakeljahn",-0.509255126787118,,-0.94909987718507,-1.03729797188051,0.411431004326613,,,,,,
"c473d399-3954-11ef-8c39-791010fc8985","Hannes Bransche",-0.639553009705459,,-0.856775952099341,-1.00102666248624,,,,,,,
"c376dd4d-3954-11ef-bef2-791010fc8985","Luis Plymford Foege",-0.731527985883112,,-0.979874518880314,,,,,,,,
"c3e03012-3954-11ef-b577-791010fc8985","Julius Meyer-Siebert",-0.553709698606317,,-0.94909987718507,,0.493130350731842,-0.912720323155106,-0.851409948542024,,,,
"a05bb8a8-3954-11ef-be4d-85d73a57ae73","Linus Geis",-0.792844636668213,,-0.979874518880314,,-2.14167357083678,-1.25117317465144,,,,,
"b83b1d22-3954-11ef-a114-35f0fd7e8878","Timo Löser",-0.716198823186836,,-0.94909987718507,,,,,,,,
"c4219bb1-3954-11ef-8a26-791010fc8985","Jonas Poser",-0.684007581524658,,-0.88447312962506,,,,,,,,
"670891ce-3953-11ef-9041-2510cc07ea6e","Gregor Thomann",1.82844218439488,,,1.39287975753552,2.27417610236583,-0.126046127785258,,,,,
"74570d63-3954-11ef-b6f4-bdf3bafad9bd","Lukas Saueressig",4.63827770662217,,,1.90430521999471,11.5838166252416,1.12409503539938,,-0.14136195018548,,,
"4f686756-3953-11ef-8e04-a9530db97767","Jona Schoch",5.14414007559926,,,2.8183422167303,9.96616956641811,7.39919384962863,,0.693826179120297,0.119291876802187,-1.2378671240085,-0.387766554433221
"5de0e9f0-3953-11ef-9972-a9530db97767","Marcel Niemeyer",1.23826942058828,,,2.57532444378869,0.223522507594587,,,,,,
"5af79ec7-3953-11ef-b6e3-a9530db97767","Oddur Gretarsson",4.52177607013048,,,3.73963347534473,3.56094080824818,-0.882229075272554,,1.21528881823,,,
"467c8055-3953-11ef-a43e-855e48b08f9c","Rene Zobel",-0.0493802458988551,,,-0.710856187332092,2.9441107428887,,,,,,
"5167cea0-3953-11ef-a83b-a9530db97767","Romas Kirveliavicius",-1.60222442703156,,,-1.93682644485839,-3.40801344011783,,,,,,
"464211d2-3953-11ef-93b3-855e48b08f9c","Jannik Hausmann",-0.550643866067062,,,-0.718110449210946,,,,,,,
"466d2c6f-3953-11ef-b7be-855e48b08f9c","Tim Nothdurft",11.6912254631785,,,1.56335491168858,8.9612676056338,5.39591886374495,0.882250428816466,1.7113142554319,1.54325823980149,2.55235329656409,0.373597081930415
"5bb42311-3953-11ef-97e2-a9530db97767","Luca de Boer",-0.412681401800582,,,-0.946619698394841,0.444110742888704,,,,,,
"5bb7dc3b-3953-11ef-8f89-a9530db97767","Patrick Miedema",1.7012101340158,,,1.04104805641111,5.22760747491485,,,,,,
"5d2a5d7f-3954-11ef-bc1e-abb3924935a8","Philipp Vorlicek",3.64801379644278,,,0.939488390107154,9.8722153180521,,,,,2.30152988637914,
"5afbabad-3953-11ef-ae63-a9530db97767","Georg Pöhle",0.646563740512049,,,-0.14865089172092,12.1638819847188,,,,,,-0.190796857463524
"5b9d5fdc-3953-11ef-9720-a9530db97767","Pavel Mickal",3.07930186041096,,,3.59092110682823,6.43675780171223,,,,,,
"b983fad7-3954-11ef-9815-35f0fd7e8878","Anton Prakapenia",-0.809706715634116,,,-1.07719641221421,-2.1825232440394,,,,,,
"5d355d0b-3953-11ef-814a-a9530db97767","Julian Possehl",0.559187513143279,,,1.19701468680646,2.17205191935929,,,,,,
"5ba9fb15-3953-11ef-874b-a9530db97767","Alexander Terwolbeck",0.902560757539849,,,-0.377160140904815,3.71616956641811,,,,,,
"a253ac19-3953-11ef-8a1c-a9c0cf016319","Toon Leenders",-0.596631354155888,,,-0.776144544241776,-1.95376507410476,,,,,,
"5bbb85de-3953-11ef-803b-a9530db97767","Lutz Heiny",2.85089733623646,,,-0.0253284397804047,,4.8684202753768,1.31742024013722,0.623873873873874,,,
"66efbf87-3953-11ef-bf68-2510cc07ea6e","Sebastian Damm",0.197419273511179,,,-0.478719807208769,-1.00196768848384,-0.14434087651479,,,,,
"ced7aaaa-3954-11ef-a0d8-0d6c0b831129","Marko Mamic",2.35576538114676,,,0.747250450317527,8.26682316118935,6.00269469660774,-0.771862778730703,-0.52715951245363,-1.87370041471849,-1.51934672877161,
"cedbe2ed-3954-11ef-bc93-0d6c0b831129","Viggó Kristjánsson",17.5117085389543,,,0.993895354198558,17.3599604160913,6.42042479259871,2.40066552315609,3.82684154742978,4.78362264064241,4.3638557034554,-0.122615039281706
"7355d995-3954-11ef-9029-bdf3bafad9bd","Luca Witzke",15.5035882257422,,,1.24779451995844,6.8738493049802,8.44504365200018,3.48391080617496,2.7457604663487,8.09126104288488,-0.346050554462006,
"455a1215-3953-11ef-83cd-855e48b08f9c","Pavel Horak",-0.195007291513472,,,-0.602042259149284,-1.40637945318973,-0.824295704295705,,,,,
"c588b160-3954-11ef-9f9d-791010fc8985","Till Hermann",4.30410195984337,,,-0.177667939236335,-0.340202982601491,2.25227120705382,0.49621269296741,-0.240990990990991,1.62454765816168,,0.968294051627385
"cee75c96-3954-11ef-8b70-0d6c0b831129","Romain Lagarde",0.836645357945865,,,0.28660482101031,4.01845714811746,,,,,,
"8b9dd1a0-3953-11ef-9d53-873b07b84f30","Uwe Gensheimer",7.24576828125862,,,4.58838211517063,8.98986237687563,2.13640446510012,1.57477873070326,-0.529279279279279,,,
"cee38a32-3954-11ef-a573-0d6c0b831129","Niclas Kirkeløkke",13.7560636783668,,,2.61522288412239,6.75947022001288,9.55797419971333,2.13394854202401,3.25026497085321,2.51873126012384,2.22349593654382,1.58571829405163
"96f20109-3954-11ef-8cb6-0119270b4993","Jannek Klein",0.845842855563629,,,-1.16424755476046,1.57973165792138,,,,1.47037807161648,,
"cf4268c7-3954-11ef-8ded-0d6c0b831129","Lucas Meister",1.79471802646308,,,0.525995463012486,2.05767283439197,0.630136819702037,0.245873070325901,-0.353338632750398,,,
"3016f708-3954-11ef-a3bb-718950a07df5","Michał Jurecki",-0.454070141080526,,,-0.48960120002705,,,,,,,
"c5df6a41-3954-11ef-b1f5-791010fc8985","Juri Knorr",13.3728346109599,,,1.69393162550795,15.9506466906011,6.16429831038527,5.36262778730703,2.58253842077372,3.04010477098579,,
"5b963ee8-3953-11ef-a01a-a9530db97767","Lasse Seidel",-0.0769727387521508,,,-0.0325827016592587,-1.65147749240541,,,,,,
"8a7986b7-3954-11ef-bcd9-a919af319ee5","Alec Smit",-0.791311720398586,,,-1.28757000670097,,,,,,,
"c592c4da-3954-11ef-bd80-791010fc8985","Sime Ivic",5.72664825805773,,,3.52925988085797,5.14590812850962,7.82607131998437,1.05070325900515,,,,
"c5984e35-3954-11ef-92fb-791010fc8985","Quentin Minel",-0.191941458974216,,,0.130638190614952,,,,,,,
"66f5d7c6-3953-11ef-8f22-2510cc07ea6e","Antonio Metzner",6.17732564132822,,,1.53433786417317,7.22107152720243,5.82889458367719,0.341797598627787,-0.266428192898781,1.79273266166554,1.05019976223422,
"cf664427-3954-11ef-8cbe-0d6c0b831129","Filip Kuzmanovski",2.63475614221897,,,-0.921229781818853,4.46780355334622,5.3654276158624,-0.465372212692967,-0.76033386327504,,,
"ac2f59b3-3954-11ef-b777-8165bb7d37eb","Hendrik Wagner",7.8512702077615,,,-0.88858560336401,18.1646989781828,,0.594476843910806,1.1983306836248,2.10948108493113,2.49661476096743,0.45314253647587
"8acff74f-3954-11ef-aa9b-a919af319ee5","Justus  Richtzenhain",0.376770477057602,,,-1.10984059066905,1.66143100432661,-0.665741215306433,-0.804617495711835,,,,
"cedf9dbc-3954-11ef-9733-0d6c0b831129","Max Neuhaus",1.38542938247252,,,0.689216355286697,3.230058455307,,,,,,
"c2d55197-3954-11ef-83d7-791010fc8985","Tim Ganz",-0.639553009705459,,,-0.928484043697706,,,,,,,
"c36724ba-3954-11ef-9b3c-791010fc8985","Alexander Reimann",-0.375891411329522,,,-0.380787271844242,-1.72909187149038,,,,,,
"c2431b6c-3954-11ef-8cd5-791010fc8985","Tobias Heinzelmann",1.45594353087539,,,-1.00102666248624,-1.18987618521587,2.61511705685619,,-0.0862480127186009,,,0.396324354657688
"5b8ea748-3953-11ef-af3e-a9530db97767","Nicky Verjans",-0.67021133509801,,,-1.00102666248624,,,,,,,
"dcef29ac-3954-11ef-9dfd-0119270b4993","Sergi Ala Sanchez",-0.716198823186836,,,-1.10984059066905,,,,,,,
"5b929605-3953-11ef-b87c-a9530db97767","Jens Wiese",-0.716198823186836,,,-1.10984059066905,,,,,,,
"c5e93ec4-3954-11ef-a340-791010fc8985","Niels Gerardus Versteijnen",12.6906868709757,,,-0.634686437604126,,,2.95749571183533,2.83479067302597,4.48369271772721,8.2739139755608,0.968294051627385
"c5cad188-3954-11ef-8222-791010fc8985","Alfred Jönsson",2.38182495773043,,,0.602165212740451,8.18920878210439,,,,,,
"4634fb42-3953-11ef-af0e-855e48b08f9c","Martin Strobel",0.474877118313764,,,1.70844014926566,,,,,,,
"dd0fe650-3954-11ef-86fe-0119270b4993","Marvin Lier",-0.731527985883112,,,-1.14611190006332,,,,,,,
"5bcf02ef-3953-11ef-8bb0-a9530db97767","Levin Zare",-0.532248870831531,,,-1.10984059066905,-1.48807879959495,,,,,,
"dd90ec67-3954-11ef-a156-0119270b4993","Florian Kranzmann",2.46613535255994,,,-1.10984059066905,-1.99869971462763,0.081294357816097,0.517269296740995,,,2.93694919218101,
"a034f30d-3954-11ef-a278-85d73a57ae73","Moritz Strosack",4.03430869638892,,,-0.961128222152549,2.30685584092792,3.8744055944056,,-0.209194488606253,1.6077291578113,,0.199354657687991
"e62a6e4d-3954-11ef-a9e0-0119270b4993","Javier Munoz Cabezon",-0.639553009705459,,,-0.928484043697706,,,,,,,
"c6086359-3954-11ef-999f-791010fc8985","Daniel Mosindi",-0.309976011735537,,,-1.00102666248624,1.43267283439197,,,,,,
"5c830a14-3953-11ef-9735-a9530db97767","Kay Smits",11.1025856156415,,,-0.562143818815588,,2.56938018503236,5.06783533447684,1.19621091679915,0.626649970705481,6.12519342830972,1.22965768799102
"b98f900f-3954-11ef-b86b-35f0fd7e8878","Christos Erifopoulos",-0.731527985883112,,,-1.10984059066905,-2.34592193684986,,,,,,
"74beb71b-3954-11ef-997b-bdf3bafad9bd","Malte  Voigt",-0.48319555020345,,,-1.21865451885186,-0.948863113320445,,-0.804617495711835,,,,
"e67d367c-3954-11ef-ae9b-0119270b4993","Dainis Kristopans",9.63405182933833,,,0.689216355286697,,,,3.48767885532591,4.67990855514837,5.44239636725069,0.502384960718294
"e66fbddb-3954-11ef-bbb2-0119270b4993","Ymir Örn Gislason",-0.498524712899725,,,-0.812415853636045,-1.65147749240541,-1.64451027233636,-0.795259005145797,-0.495363010068892,-0.141394878628786,-0.490970747013311,-0.152918069584736
"e6784c94-3954-11ef-b88b-0119270b4993","Oskar Neudeck",0.928620334123517,,,-0.961128222152549,-1.99869971462763,-0.7633132085306,-0.601070325900514,-0.720058293587705,0.0996702930600711,0.637734598818967,0.831930415263749
"4639c765-3953-11ef-87db-855e48b08f9c","Christoph Foth",-0.668678418828382,,,-1.00102666248624,-2.38268664273221,,,,,,
"c5b043dd-3954-11ef-8e65-791010fc8985","Zarko Peshevski",3.91167539481871,,,1.91518661281299,5.17041793243119,4.03905833297138,,,,,
"c5bb89e5-3954-11ef-b121-791010fc8985","Elvar Asgeirsson",-0.254791026028946,,,0.0181971314927178,-2.42762128325508,,,,,,
"c5c12a5d-3954-11ef-87ae-791010fc8985","Adam Lönn",9.1757098647197,,,1.26593017465558,13.855058455307,9.90862355036268,1.72451457975986,2.94713831478537,,-0.736220303638596,
"c5b54713-3954-11ef-a33a-791010fc8985","Rudolf Faluvegi",-0.0325181669329522,,,-0.435194235935646,0.14590812850962,,,,,,
"47610210-3953-11ef-abea-855e48b08f9c","Tim Roman Wieling",1.61383390664703,,,0.587656688982743,-0.254418668876001,,1.1138730703259,,,,
"d9eefd15-3954-11ef-b7e1-0119270b4993","Alexander Schulze",1.94494382088658,,,-1.14611190006332,1.44901270367302,1.47169526126048,0.280967409948542,,,,
"74c6e98d-3954-11ef-b291-bdf3bafad9bd","Lucas Firnhaber",1.36396855469774,,,,14.7986859062874,,,,,,
"5ac012e7-3953-11ef-9245-a9530db97767","Noah Beyer",10.771475701402,,,,10.292966952039,,2.31877873070326,2.69700582935877,,5.37829705131453,0.741021324354658
"f5f23435-3953-11ef-9360-7f8c67faf7e7","Tim Zechel",7.68111650183284,,,,8.25865322654883,2.85904703991661,2.05908061749571,2.38963963963964,-0.186244212896481,-0.488183820233478,-0.156705948372615
"52d2dd1d-3953-11ef-be63-a9530db97767","Justin Müller",4.2611803042938,,,,11.0323460370063,,,,0.674302388364907,2.66940422131707,
"e7b68b08-3954-11ef-8a39-0119270b4993","Omar Ingi Magnusson",24.1109130797008,,,,17.6867578017122,12.3082847587195,2.46617495711835,5.37003179650239,4.51172355164452,8.9455633295005,1.54783950617284
"dbcb0a25-3953-11ef-ac97-6b8b7eaad7e8","Dennis Szczesny",0.0885822183676238,,,,3.55685584092792,,,,,,
"7f46eabc-3953-11ef-b836-adfc6251f87d","Eloy Morante Maldonado",4.45739358680612,,,,6.23659440301942,,,1.25344462109168,,2.40185925045312,0.392536475869809
"e8f28acd-3954-11ef-9397-0119270b4993","Lukas Becher",3.97145912933419,,,,3.52826106968609,,0.0750806174957117,0.473370429252782,0.441646466851241,0.228056362183547,1.34708193041526
"ab77596e-3954-11ef-a475-8165bb7d37eb","Tim Rozman",-0.484728466473077,,,,1.94737871674491,,,,,,
"dd7f5f00-3954-11ef-b732-0119270b4993","Laurenz Kluth",-1.0534404025049,,,,-2.1825232440394,,,,,,
"e8e8d73c-3954-11ef-8091-0119270b4993","Tolga Durmaz",-0.618092181930673,,,,-1.18579121789561,,,,,,
"e7bc2ca4-3954-11ef-907b-0119270b4993","Arnar Freyr Arnarsson",4.18146865827316,,,,-1.30834023750345,0.471582330712766,1.48821269296741,0.40129835718071,-0.0993486277528233,2.39071154333379,-0.0809483726150393
"e89a6eb1-3954-11ef-90c4-0119270b4993","Johan Hansen",10.3575883086025,,,,8.12793427230046,7.95108543630283,2.09885420240137,1.78338632750397,2.91957218514136,,
"f22b10b0-3954-11ef-a567-4143a9146400","Finn-Lukas Leun",-0.546045117258179,,,,-1.93334023750345,-1.28166442253399,-0.594051457975986,,,,
"e7eea1ac-3954-11ef-8a16-0119270b4993","Magnus Fredriksen",4.46659108442389,,,,6.44901270367301,4.52386917430396,0.348816466552316,0.469130895601484,,,
"e8642779-3954-11ef-a86d-0119270b4993","Emil Mellegard",5.2744379585176,,,,3.89182316118936,4.94769751987144,0.90798627787307,1.05206677265501,,,
"e673e304-3954-11ef-8510-0119270b4993","Yessine Meddeb",-0.668678418828382,,,,-1.23889579305901,,,,,,
"e7f317d7-3954-11ef-ab64-0119270b4993","Philip Henningsson",-0.22106686809714,,,,0.444110742888704,,,,,,
"e7fafe1f-3954-11ef-9f32-0119270b4993","Ivan Srsen",0.120773460029802,,,,1.26110420694099,0.465484081136255,,,,,
"73fc2d02-3954-11ef-bdb0-bdf3bafad9bd","Patrick  Gempp",0.0625226417839555,,,,0.54623492589524,,,,,,
"e7c0f24b-3954-11ef-b090-0119270b4993","Lasse Bredekjaer Andersson",19.2040481006231,,,,14.4882283899475,10.9788663510403,3.01364665523156,5.18349231584526,6.88032901765713,6.06945489271306,
"e7e1a501-3954-11ef-bb71-0119270b4993","Tom Kare Nikolaisen",1.56171475347969,,,,-0.360627819202799,1.96565347695783,0.400288164665523,,,,
"e9721081-3954-11ef-a787-0119270b4993","Tim Freihöfer",8.66524874693373,,,,-1.07141213292829,,1.8836089193825,0.134207737148914,6.01697933300401,3.96811210071914,0.907687991021324
"e8b10aeb-3954-11ef-ac1f-0119270b4993","Valter Chrintz",0.094713883446134,,,,0.85669244223511,-0.656593840941667,-0.757825042881646,,,,
"aede3c88-3953-11ef-8737-e3f2de03a1b7","Fabian Wiederstein",1.01446364522266,,,,0.832182638313541,1.04176866611649,,,-0.21147196342206,,0.392536475869809
"e9161b82-3954-11ef-af2c-0119270b4993","Hampus Olsson",7.23657078364085,,,,3.24639832458805,1.28569864917691,2.40066552315609,2.27305246422894,1.64136615851207,-0.373919822260334,
"e82d384c-3954-11ef-a205-0119270b4993","Doruk Pehlivan",2.09057086650119,,,,11.1181303507318,,-0.161221269296741,,,,0.294051627384961
"c26cc485-3954-11ef-b1b6-791010fc8985","Miro Schluroff",12.1511003440668,,,,1.79623492589524,3.92928984059419,0.149948542024014,1.24072602013779,6.97563385297598,7.22324257956384,2.65768799102132
"10e0c09a-3956-11ef-8707-63392ed267d4","Janus Dadi Smarason",3.22186307348632,,,,1.29378394550308,2.77976979542197,,2.64189189189189,,,
"46775cf2-3953-11ef-a1ee-855e48b08f9c","Markus Stegefelt",0.0257326513128946,,,,3.47107152720243,,,,,,
"e85ca728-3954-11ef-9525-0119270b4993","Tobias Ellebæk",3.25252139887887,,,,6.30603884746386,3.90184771749989,0.295005145797599,-0.103206147323795,,,
"e7d95875-3954-11ef-bea4-0119270b4993","Ole Pregler",4.65054103677919,,,,-1.91700036822241,,0.769948542024014,2.21581875993641,2.37577400714557,0.409206602872678,-0.0847362514029181
"e7ea7a09-3954-11ef-969e-0119270b4993","Sander Sagosen",9.92377300429794,,,,20.6156793703397,9.8598375537506,2.76564665523156,,,,
"e98959eb-3954-11ef-976b-0119270b4993","Oskar Sunnefeldt",4.95099262562619,,,,1.92695388014361,3.35605438040221,1.13726929674099,-0.149841017488076,0.968626144496652,2.5105493948666,-0.270342312008979
"d1d0d7ab-3954-11ef-856c-0d6c0b831129","Sven  Ehrig",1.18615026742094,,,,1.71453557949001,0.746003561655736,-0.568315608919382,0.0663751987281399,,,
"dcc9fb52-3954-11ef-be6b-0119270b4993","Fynn-Luca Nicolaus",0.359908398091699,,,,-2.13758860351652,0.191062850193285,0.133571183533448,-0.262188659247483,-1.28224981906327,,-0.274130190796857
"5d5c4691-3953-11ef-94d8-a9530db97767","Björn Zintel",2.87848982908975,,,,2.6377381938691,6.34114754810407,0.657646655231561,,,,
"e90ae314-3954-11ef-bac1-0119270b4993","Domen Sikosek Pelko",-0.188875626434961,,,,-0.205399061032864,,,,,,
"f19da3e1-3954-11ef-891b-4143a9146400","Magnus Holpert",-0.405016820452445,,,,-1.40637945318973,,-0.423259005145798,,,,
"5132bd87-3953-11ef-98aa-a9530db97767","Florian Billek",3.15441475762271,,,,12.870581331124,,,,,,
"cf20fb65-3954-11ef-bd00-0d6c0b831129","Stepan Zeman",0.22194593382522,,,,4.12875126576452,,-0.673598627787307,-0.910837307896132,-1.11686789895114,-1.04556917620003,-0.42185746352413
"f23b1816-3954-11ef-9b8b-4143a9146400","Milos Grozdanic",0.459547955617489,,,,3.89182316118936,,,,,,
"a12a1225-3954-11ef-b718-85d73a57ae73","Justin Kurch",-0.375891411329522,,,,-0.707850041425021,,-0.565975986277873,-0.0947270800211977,-1.63263524302963,-0.5494962093898,-0.312008978675645
"5d6f3a75-3953-11ef-bbcb-a9530db97767","Christoph Neuhold",-0.429543480766486,,,,1.84933950105864,,,,,,
"73982d14-3954-11ef-a4df-bdf3bafad9bd","Tobias Varvne",0.954679910707185,,,,9.62303231151615,,,,,,
"e84d2937-3954-11ef-b857-0119270b4993","Paul Schikora",-0.515386791865628,,,,-1.72909187149038,,,,,,
"0ae8d147-3954-11ef-8d4f-a3c22717a414","Felix Sproß",-0.0125902554277939,,,,2.22515649452269,,,,,,
"f31771e5-3954-11ef-b94e-4143a9146400","Robin Heinis",-0.653349256132107,,,,-2.34592193684986,-1.24812404986318,,,,,
"52c44152-3953-11ef-9334-a9530db97767","Jonas Ellwanger",-0.294646849039262,,,,-0.160464420509988,,,,,,
"69645a6e-3953-11ef-aed3-2510cc07ea6e","Felix Klingler",0.812118697631824,,,,3.60587544877105,,,,,,
"e6495fe8-3954-11ef-9181-0119270b4993","Benedikt Damm",-0.700869660490561,,,,-2.30507226364724,,,,,,
"440c57e3-3953-11ef-a5f0-855e48b08f9c","Drasko Nenadic",-0.587433856538122,,,,1.42858786707171,,,,,,
"e8043be3-3954-11ef-b552-0119270b4993","Martin Larsen",0.0410618140091701,,,,3.1034244683789,,,,,,
"ac7d78f5-3954-11ef-93d3-8165bb7d37eb","Tarek Marschall",-0.668678418828382,,,,0.51764015465341,-1.15969943100378,,,,,
"c4045605-3954-11ef-bc57-791010fc8985","Nicolas Neumann",-0.792844636668213,,,,-2.4684709564577,,,,,,
"f242cf69-3954-11ef-bfed-4143a9146400","Niko Blaauw",-0.823502962060764,,,,-2.34592193684986,-1.03773443947357,-0.781221269296741,,,,
"e7c4b2f5-3954-11ef-857b-0119270b4993","Milos Vujovic",9.66624307100051,,,,2.82564669060112,3.76158797724015,1.92104288164665,2.95137784843667,2.39259250749595,1.94201633178071,-0.115039281705948
"5abc1632-3953-11ef-83a7-a9530db97767","Malte Seidel",-0.713132990647581,,,,-1.92925527018319,,,,,,
"a0aa8d73-3954-11ef-a290-85d73a57ae73","Niklas Ingenpaß",-0.562907196224082,,,,-1.93742520482371,,,,,,
"a04ca336-3954-11ef-a972-85d73a57ae73","Tom Bergner",1.71653929671207,,,,-2.41945134861456,-0.122997002997003,-0.594051457975986,,,2.89235836370369,0.112233445566779
"e7f6f61b-3954-11ef-8163-0119270b4993","Sander Visser",-0.510788043056745,,,,-1.39003958390868,,,,,,
"c448e9b5-3954-11ef-b9e5-791010fc8985","Philipp Ahouansou",6.72917549839414,,,,0.774993095829881,2.0967658428528,1.88828816466552,-0.105325914149444,1.26855606741186,4.63976145465884,0.040263748597082
"f2a464ed-3954-11ef-bfc6-4143a9146400","Leon Ciudad Benitez",-0.311508928005165,,,,-1.81079121789561,-0.662692090518178,,,,,
"e928d20d-3954-11ef-b30a-0119270b4993","Philipp Wäger",-0.731527985883112,,,,-2.38677161005247,,,,,,
"f30538f1-3954-11ef-ae17-4143a9146400","Josip Bozic-Pavletic",0.0594568092447004,,,,1.10996041609132,,,,,,
"f3411d4a-3954-11ef-a65c-4143a9146400","Gunnar Steinn Jonsson",-0.716198823186836,,,,-1.52892847279757,,,,,,
"e83d4807-3954-11ef-bbc4-0119270b4993","James Scott",0.0196009862343844,,,,1.77989505661419,1.76746036572124,,,,,
"f3946b42-3954-11ef-bb80-4143a9146400","Elias Huber",0.727808302802309,,,,-2.26422259044463,-0.793804456413152,,1.04358770535241,,,-0.160493827160494
"f38c8b61-3954-11ef-86dc-4143a9146400","Jakob-Jannis Leun",-0.693205079142423,,,,-2.12124873423548,,,,,,
"f2fc1b0a-3954-11ef-ae4a-4143a9146400","Renars Uscins",10.6580398974495,,,,-0.33611801528123,,0.816740994854202,2.10559088500265,7.81095270371179,4.3304125820974,1.42283950617284
"e8920d46-3954-11ef-84da-0119270b4993","Kristian Beciri",0.220413017555592,,,,0.742313357267789,0.0751961082395865,,,,,
"514f68dd-3953-11ef-ac54-a9530db97767","Dominic Kelm",-0.309976011735537,,,,-0.773209518549203,,,,,,
"e8441717-3954-11ef-9c0f-0119270b4993","Lasse Møller",12.088250777012,,,,-0.295268342078615,-1.31215567041654,1.82745797598628,3.05312665606783,5.9973577492619,5.89945235914326,1.15011223344557
"f308fca1-3954-11ef-8ee5-4143a9146400","Julian Fuchs",1.85756759351781,,,,-2.30507226364724,-0.946260695825914,-0.0886929674099485,-0.302464228934817,,2.07578881721268,0.7334455667789
"dd182d1b-3954-11ef-89bf-0119270b4993","Dino Mustafic",-0.685540497794285,,,,-2.34592193684986,,,,,,
"f312dd66-3954-11ef-9a65-4143a9146400","Nils Lichtlein",7.35307242013255,,,,-2.42762128325508,-0.7633132085306,0.0704013722126931,2.04411764705882,3.95951612347353,4.59795755296135,-0.0847362514029181
"e97df366-3954-11ef-8d96-0119270b4993","Ben Beekmann",-0.662546753749872,,,,-2.20294808064071,,-0.828013722126929,,,,
"e92cdcfa-3954-11ef-a54a-0119270b4993","Bevan Calvert",-0.624223847009184,,,,-2.10082389763417,,,,,,
"f2b7d02d-3954-11ef-a096-4143a9146400","Marcel Nowak",-0.746857148579387,,,,-2.42762128325508,,,,,,
"f4647fbb-3954-11ef-8774-4143a9146400","Nils Homscheid",-0.684007581524658,,,,-2.09673893031391,,,,,,
"f3b3ca66-3954-11ef-a61a-4143a9146400","Enes Keskic",-0.578236358920357,,,,-2.05997422443156,,,,,,
"68ae94cc-3953-11ef-bfcc-2510cc07ea6e","Jonas Hönicke",-0.579769275189985,,,,-2.34592193684986,-1.28166442253399,,,-0.559054303996692,,
"dce145a5-3954-11ef-a7ce-0119270b4993","Stefan Bauer",-0.256323942298573,,,,-2.26422259044463,,-0.544919382504288,-0.550476947535771,-0.564660470780153,,-0.0771604938271605
"738f5200-3954-11ef-88be-bdf3bafad9bd","Jakob Knauer",-0.467866387507174,,,,-1.03056245972567,,,,,,
"f3f518cd-3954-11ef-bfc3-4143a9146400","Koray Ayar",-0.685540497794285,,,,-2.34592193684986,-1.34264691829909,-0.734428816466552,-0.571674615792263,-0.86459039369536,,
"ba0087fc-3954-11ef-8aa5-35f0fd7e8878","Petar Juric",-0.604295935504025,,,,-2.09265396299365,-1.30910654562829,-0.757825042881646,,,,
"f3618e61-3954-11ef-91a3-4143a9146400","Ole Klimpke",-0.110696896683957,,,,-2.05588925711129,-0.729772835859793,-0.687636363636363,0.0345786963434021,-1.15330798304364,,
"f41f2f79-3954-11ef-aa2c-4143a9146400","Tobias Schmitz",-0.572104693841847,,,,-2.21928794992175,-1.15360118142727,-0.615108061749571,-0.65646528881823,,,
"f3ee117d-3954-11ef-ac9b-4143a9146400","Matteo Ehlers",-0.639553009705459,,,,-2.1825232440394,-1.28166442253399,,,,,
"f44ca95d-3954-11ef-bbfa-4143a9146400","Lion Zacharias",1.64142639950032,,,,-2.22337291724201,0.279487469052687,-0.781221269296741,-0.122284048754637,0.853699725435684,0.264286410321374,-0.118827160493827
"f3b85a09-3954-11ef-b6c3-4143a9146400","Elias Gansau",-0.739192567231249,,,,-2.16209840743809,,,,,,
"f1d5a7ac-3954-11ef-9594-4143a9146400","Kaspar Veigel",-0.746857148579387,,,,-2.1825232440394,,,,,,
"f24b6a05-3954-11ef-a821-4143a9146400","Justus Fischer",12.7811289308837,,,,-2.55017030286293,-0.296797115927551,0.884590051457976,3.32445680975093,6.84669201695636,6.93618912124106,1.87359708193042
"512eb55a-3953-11ef-8bfe-a9530db97767","Stefan Lex",-0.746857148579387,,,,-2.10082389763417,,,,,,
"f2eb79f8-3954-11ef-aec7-4143a9146400","Paul Holzhacker",-0.685540497794285,,,,-2.34592193684986,-1.25117317465144,,,,,
"f24f3c94-3954-11ef-85e1-4143a9146400","Paul Kompenhans",-0.1520856359639,,,,-2.03954938783025,-1.22068192676888,,,,,0.797839506172839
"acc096ab-3954-11ef-9236-8165bb7d37eb","Christopher Wolf",-0.731527985883112,,,,-2.4684709564577,,,,,,
"f4144f05-3954-11ef-ad7f-4143a9146400","Julian Thomas",-0.653349256132107,,,,-2.17843827671914,,,,,,
"f2bcc472-3954-11ef-88cb-4143a9146400","Niclas Benedict Heitkamp",0.418159216337545,,,,-2.30098729632698,,-0.605749571183533,-0.63102808691044,,1.18954610122586,
"a141266d-3954-11ef-adc1-85d73a57ae73","Tim Brand",-0.716198823186836,,,,-2.42762128325508,,,,,,
"524fd452-3953-11ef-b976-a9530db97767","Philipp Grimm",-0.621158014469929,,,,-2.01095461658842,,,,,,
"e9389857-3954-11ef-97f3-0119270b4993","Michel Reitemann",-0.406549736722072,,,,-2.30507226364724,-0.360828736480911,,,,,
"c2cff582-3954-11ef-8bf1-791010fc8985","Max Preller",-0.638020093435831,,,,-1.89249056430084,,,,,,
"e850d018-3954-11ef-b611-0119270b4993","Felix Dettenthaler",-0.668678418828382,,,,-2.21928794992175,,,,,,
"fddfe16b-3954-11ef-be8b-0d6c0b831129","Nikola Stevanovic",-0.622690930739556,,,,,-0.729772835859793,,,,,
"ffa60b6a-3954-11ef-8578-0d6c0b831129","Daniel Ingason",-0.657948004940989,,,,,0.758200060808757,,-0.510201377848437,,,
"a081845e-3954-11ef-bddf-85d73a57ae73","Patrick Volz",2.11203169427598,,,,,-0.443155105763802,,1.77278749337573,,0.55133986864415,0.146324354657688
"fd9446c9-3954-11ef-a573-0d6c0b831129","Sebastian Augustinussen",-0.394286406565052,,,,,1.24910915171785,,,,,
"0a40fc65-3955-11ef-bc4c-791010fc8985","Magnus Saugstrup",12.9620130506997,,,,,4.78304478130565,2.35153344768439,3.67209856915739,5.32742081863821,3.63089396035938,0.847081930415264
"fdc2122b-3954-11ef-a244-0d6c0b831129","Egon Hanusz",5.48444748745657,,,,,5.862434956348,2.04504288164665,1.53537360890302,,,
"fe9fc8c6-3954-11ef-b8d2-0d6c0b831129","Jonathan Edvardsson",5.22691755415915,,,,,1.97784997611085,-0.0302024013722128,1.92329093799682,0.820062724734913,2.05070647619419,0.286475869809203
"fe0a616c-3954-11ef-b20b-0d6c0b831129","Benjamin Helander",2.11816335935449,,,,,2.82855579203405,1.51394854202401,,,,
"f52ffb1e-3954-11ef-ae6c-4143a9146400","Adam Nyfjäll",3.43493843496455,,,,,4.26164444251401,1.2636089193825,-0.0480922098569157,,-0.148178753093878,0.434203142536476
"f5440afb-3954-11ef-bcff-4143a9146400","Domen Novak",10.3407262296366,,,,,3.37130000434348,1.06708061749571,3.76324854266031,3.30079152641676,4.3722164837949,0.528900112233446
"f30d64ee-3954-11ef-aec1-4143a9146400","Matthes Langhoff",3.8886816507743,,,,,-0.641348217000391,-0.687636363636363,-0.151960784313726,1.20969131618551,3.16826411490713,2.20314253647587
"fddb443b-3954-11ef-81bc-0d6c0b831129","Elvar Örn Jonsson",7.86353353791852,,,,,4.16102332450159,1.15130703259005,3.31597774244833,2.77381184877135,0.94150961782074,-0.232463524130191
"fd8c9d8c-3954-11ef-a023-0d6c0b831129","Lukas Hutecek",14.0687785973708,,,,,3.69145810711028,5.35326929674099,4.4182564917859,4.54536055234529,3.6838455691762,1.32056677890011
"fd9058e1-3954-11ef-9064-0d6c0b831129","Lovro Jotić",0.493272113549295,,,,,4.23115319463146,-0.732089193825043,,,,
"fe02172f-3954-11ef-82d5-0d6c0b831129","Nikola Jukic",0.280196752071067,,,,,6.005743821396,,,,,
"fdcad02a-3954-11ef-9d41-0d6c0b831129","Aaron  Mensing",6.65099676864314,,,,,2.72488554923338,3.28036363636364,,2.07584408423036,1.73299682329325,2.30162738496072
"fda2bd50-3954-11ef-bb18-0d6c0b831129","Mohamed Amine Darmoul",7.04495624993741,,,,,8.95119836685054,3.13062778730703,,-0.55344813721323,1.78594843211007,1.46071829405163
"ffbf8979-3954-11ef-99ec-0d6c0b831129","Emil Jakobsen",16.7375858227924,,,,,3.07248577509447,4.24662778730703,4.12784843667197,7.51943203097178,6.22830971916353,1.85086980920314
"0aa9fbb0-3955-11ef-9a19-791010fc8985","Jan Grebenc",-0.360562248633246,,,,,1.74306736741519,,,,,
"0c2da259-3955-11ef-9e51-791010fc8985","Oscar von Oettingen",-0.638020093435831,,,,,-1.12615905833297,,,,,
"8a65c967-3954-11ef-a33d-a919af319ee5","Benas Petreikis",0.778394539700018,,,,,5.77705946227686,,,,,
"ceeb1e3b-3954-11ef-abea-0d6c0b831129","Tin Kontrec",-0.679408832715775,,,,,-0.293747991139296,,,,,
"e7c85f15-3954-11ef-acf1-0119270b4993","Tom  Skroblien",2.43087827835851,,,,,8.33222603483473,,,,,
"5b00935c-3953-11ef-9128-a9530db97767","Yannick Dräger",-0.469399303776802,,,,,-0.119947878208748,,,,,
"0c1016a2-3955-11ef-9ba5-791010fc8985","Luka Mrakovčić",-0.107631064144702,,,,,3.03894540242366,,,,,
"72ffb314-3954-11ef-9f66-bdf3bafad9bd","Simen Schönningsen",0.0855163858283689,,,,,1.776607740086,-0.45367409948542,,,,
"7df2970e-3954-11ef-b749-5fae856b6582","Leif Tissier",16.3083692672967,,,,,5.70083134257048,1.40866552315609,3.54915209326974,8.27906763013085,8.0621075402935,1.37738496071829
"f527d55d-3954-11ef-a000-4143a9146400","Jon Lindenchrone Andersen",7.39292824314287,,,,,7.18575511445077,1.11153344768439,1.982644409115,4.76680414029203,,
"74cb41f8-3954-11ef-9494-bdf3bafad9bd","Thies Bergemann",1.20454526265647,,,,,1.56621812969639,0.20609948542024,-0.0692898781134075,,,
"7def349d-3954-11ef-afa9-5fae856b6582","Jan Forstbauer",0.979206571021226,,,,,6.96011988011988,-0.594051457975986,-0.438129305776365,,,
"7dc4387a-3954-11ef-a0cb-5fae856b6582","Niklas Weller",6.48390889525373,,,,,5.62460322286409,1.61221269296741,1.56717011128776,0.873321309177801,0.710194695094619,
"66278652-3953-11ef-931e-2510cc07ea6e","Philipp Bauer",0.557654596873652,,,,,4.97209051817748,,,,,
"7ddb7878-3954-11ef-bc17-5fae856b6582","Finn Wullenweber",-0.424944731957603,,,,,1.9808991008991,,,,,
"fe7b74cf-3954-11ef-810b-0d6c0b831129","Frederik Bo Andersen",13.9461452958006,,,,,2.27056595578335,4.14134476843911,2.71608373078961,6.23001367077556,6.20322737814504,1.10086980920314
"ff34bb32-3954-11ef-84bb-0d6c0b831129","Kristjan Horzen",7.47570572170275,,,,,0.968589671198367,0.638929674099485,2.69912559618442,3.26154835893253,1.96431174601937,1.29405162738496
"e8214860-3954-11ef-8e0c-0119270b4993","Marek Nissen",4.48192024712016,,,,,1.92296572992225,,,2.74578101485405,3.01777006879616,1.7864758698092
"ceeea579-3954-11ef-b556-0d6c0b831129","Marvin Mundus",-0.39581932283468,,,,,0.453287581983234,,,,,
"0c0ae2fc-3955-11ef-9707-791010fc8985","Andri Mar Runarsson",4.50797982370383,,,,,0.752101811232246,,0.303789083200848,3.45496111296197,2.40185925045312,
"7de63b05-3954-11ef-a4eb-5fae856b6582","Lukas Ossenkopp",-0.57670344265073,,,,,-0.42486035703427,-0.757825042881646,,,,
"fe167d60-3954-11ef-8e99-0d6c0b831129","Emil Hansson",-0.30844309546591,,,,,0.0172627372627373,,,,,
"f537c9f8-3954-11ef-b28c-4143a9146400","Kian Schwarzer",0.553055848064769,,,,,-0.238863744950702,0.636590051457976,,,,
"6661381b-3953-11ef-a373-2510cc07ea6e","Valentin Spohn",0.15296470169198,,,,,3.67926160795726,,,,,
"15f51d01-3955-11ef-85d1-791010fc8985","Teitur Örn Einarsson",4.64747520423994,,,,,5.08490813534292,-0.0840137221269297,1.99112347641759,0.920973726837226,-0.050636315799731,-0.0468574635241302
"fea881c2-3954-11ef-882e-0d6c0b831129","Mamadou Diocou",-0.636487177166204,,,,,-0.391319984363463,,,,,
"fdb9f122-3954-11ef-ad76-0d6c0b831129","Andre Gomes",0.994535733717502,,,,,3.34690700603744,0.758250428816467,,,,
"0c51928d-3955-11ef-97db-791010fc8985","Luc Depping",-0.685540497794285,,,,,-1.19019067888633,-0.757825042881646,,,,
"00cf8cd3-3955-11ef-9a7b-0d6c0b831129","Nico Schöttle",0.602109168692851,,,,,-0.821246579507449,-0.893523156089193,-0.65646528881823,0.354750881707583,0.827245619847596,-0.425645342312009
"fe92980c-3954-11ef-a5a3-0d6c0b831129","Patrik Leban",-0.386621825216914,,,,,-0.0772601311731747,,,,,
"7dea5996-3954-11ef-8680-5fae856b6582","Dominik Axmann",2.09057086650119,,,,,1.31923902184772,1.54670325900515,-0.342739798622152,-0.374050800142452,-0.516053088031806,-0.274130190796857
"152dd566-3955-11ef-8d3b-791010fc8985","Tomislav Kusan",-0.377424327599149,,,,,-0.42486035703427,,,,,
"7de2c646-3954-11ef-8d1f-5fae856b6582","Jan Kleineidam",-0.50159054543898,,,,,-0.00103201146679414,,,,,
"f52bebdc-3954-11ef-90cb-4143a9146400","Viran Morros",-0.693205079142423,,,,,-1.29691004647526,,,,,
"38131d18-3955-11ef-ba40-bfbfc9e17c09","Nils Greilich",-0.621158014469929,,,,,-1.34264691829909,,,-0.662768389490735,,
"15cfb18d-3955-11ef-b14a-791010fc8985","Hendrik Hanemann",-0.593565521616633,,,,,-1.09871693523867,-0.734428816466552,,,,
"5b136978-3953-11ef-849a-a9530db97767","Marten Franke",-0.685540497794285,,,,,-0.549874473352735,,,,,
"7383c0cf-3954-11ef-9867-bdf3bafad9bd","Tom Wolf",0.58371417345732,,,,,-1.19019067888633,,,1.96091766516939,,
"eae78b13-3955-11ef-a011-a32b26a416b7","Rennosuke Tokuda",-0.699336744220933,,,,,-1.00419406680276,,,,,
"d9f32965-3954-11ef-ae19-0119270b4993","Luca Munzinger",-0.731527985883112,,,,,-1.25117317465144,,,,,
"8a2cac31-3953-11ef-a930-873b07b84f30","Igor Vori",-0.821970045791137,,,,,-1.43107153715849,,,,,
"387a20e2-3955-11ef-a472-bfbfc9e17c09","Max Beneke",0.425823797685683,,,,,-0.406565608304739,-0.664240137221269,-0.571674615792263,-0.416097051018415,0.186252460486056,0.165263748597082
"38da2783-3955-11ef-945b-bfbfc9e17c09","Till Wente",-0.854161287453315,,,,,-0.915769447943361,,-0.635267620561738,,,-0.652918069584736
"f387a612-3954-11ef-b26c-4143a9146400","David Kuntscher",-0.67021133509801,,,,,-1.12920818312123,,,,,
"38dee0aa-3955-11ef-b457-bfbfc9e17c09","Moritz Sauter",6.34747934725688,,,,,-1.12920818312123,,-0.677662957074722,4.92657989362069,5.98027323575841,0.449354657687991
"eb23520c-3955-11ef-b0e3-a32b26a416b7","Timo Stoyke",-0.729995069613484,,,,,-1.43412066194675,-0.732089193825043,,,,
"eca9e74f-3955-11ef-b055-a32b26a416b7","Mats Ove Quardfasel",-0.685540497794285,,,,,-1.15969943100378,,,,,
"eca03bfa-3955-11ef-921d-a32b26a416b7","Max Niemann",-0.516919708135256,,,,,-0.885278200060809,-0.781221269296741,-0.529279279279279,,,
"f35d4ad1-3954-11ef-a4fd-4143a9146400","Thore Oetjen",-0.746857148579387,,,,,-1.34264691829909,,-0.65646528881823,,,
"380a985d-3955-11ef-ac60-bfbfc9e17c09","Finn-Jannes Gernus",-0.639553009705459,,,,,-1.12920818312123,,,,,
"eb3151c1-3955-11ef-88bb-a32b26a416b7","Tim Hildenbrand",-0.461734722428664,,,,,-0.568169222082266,,-0.419051404345522,,,
"eb27673e-3955-11ef-b8c0-a32b26a416b7","Uros Todorovic",-0.874089198958473,,,,,-1.01943969074404,,-0.548357180710122,,,
"eb53c5e4-3955-11ef-a561-a32b26a416b7","Daniel Weber",0.761532460734115,,,,,-1.19019067888633,-0.757825042881646,-0.65646528881823,-0.603903638264386,0.869049521545088,0.991021324354658
"eb58fbbb-3955-11ef-bb1f-a32b26a416b7","David Móré",5.22538463788952,,,,,-0.635249967423881,-0.446655231560892,2.60373608903021,1.90765908072651,0.908066496462747,1.93420314253648
"38f3d26d-3955-11ef-bc63-bfbfc9e17c09","Manuel Hörr",-0.50159054543898,,,,,-1.22068192676888,,-0.402093269740329,,,
"f253967c-3954-11ef-a363-4143a9146400","Maximilian Hejny",-0.250192277220063,,,,,-1.25117317465144,,,-0.0685147104437831,,
"ebcf56eb-3955-11ef-9880-a32b26a416b7","Niklas Michalski",-0.265521439916339,,,,,-1.09871693523867,-0.523862778730703,,-0.376853883534183,,
"f51fc844-3954-11ef-aed0-4143a9146400","Josip Sarac",6.25857020361848,,,,,-0.138242626938279,2.9247409948542,3.5300741918389,1.45075648787437,,
"ed69c1c0-3955-11ef-9c0f-a32b26a416b7","Mark Strandgaard Marcher",-0.475530968855312,,,,,-0.863934326543023,,,,,
"eb7c5802-3955-11ef-947c-a32b26a416b7","Marko Vignjevic",-0.67021133509801,,,,,-0.732821960648048,-0.804617495711835,,,,
"e934f225-3954-11ef-82cd-0119270b4993","Stephan Seitz",3.52384757860295,,,,,-1.09871693523867,-0.942655231560892,0.632352941176471,0.242627546038347,3.96532517393931,0.650112233445567
"8987685d-3954-11ef-b881-a919af319ee5","Moritz Ende",2.03845171333386,,,,,-1.34264691829909,,0.399178590355061,0.752788723333372,1.29823624563934,0.0705667789001122
"ed0afbea-3955-11ef-9220-a32b26a416b7","Jann Keno Jacobs",-0.593565521616633,,,,,-1.19019067888633,-0.734428816466552,-0.550476947535771,,,
"ec7a59c2-3955-11ef-9876-a32b26a416b7","Leon Boczkowski",-0.716198823186836,,,,,-1.28166442253399,,,,,
"ecfeab16-3955-11ef-be36-a32b26a416b7","Fynn Jarik Hasenkamp",-0.624223847009184,,,,,-1.12920818312123,,-0.592872284048755,,,
"f187d95c-3954-11ef-a55c-4143a9146400","Thore Feit",-0.559841363684827,,,,,-1.37313816618165,-0.519183533447684,,,,
"ece2df21-3955-11ef-a159-a32b26a416b7","Florian Drosten",1.86216634232669,,,,,-1.15969943100378,-0.193975986277873,-0.340620031796502,-0.780497891943433,2.3154645202783,0.544051627384961
"ed5f5ee8-3955-11ef-9861-a32b26a416b7","Florian Potzkai",-0.731527985883112,,,,,-1.37313816618165,,,,,
"e96743bd-3954-11ef-acd4-0119270b4993","Matthis Blum",-0.685540497794285,,,,,-1.28166442253399,,,,,
"e31f1a4c-3955-11ef-9f86-2510cc07ea6e","Elias Fügel",0.0885822183676238,,,,,-1.02248881553229,,-0.162559618441971,,,0.661475869809203
"16383d18-3955-11ef-a83e-791010fc8985","Bjarte Håkon Myrhol",-0.700869660490561,,,,,-1.12920818312123,,,,,
"edaa688e-3955-11ef-8fa6-a32b26a416b7","Vladislav Lets",-0.67021133509801,,,,,-1.25117317465144,,,,,
"edc3eab5-3955-11ef-a578-a32b26a416b7","Nico Bacani",-0.412681401800583,,,,,-1.25117317465144,,-0.548357180710122,-0.452537135110917,,
"50c106ce-6bbe-11f0-819b-93c5b5c9c813","Jarnes Faust",1.59390599514187,,,,,-0.879179950484299,,-0.251589825119237,0.828471974910106,1.04462590867455,
"ee13a716-3955-11ef-9a8b-a32b26a416b7","Ben Connar Battermann",-0.639553009705459,,,,,-1.28166442253399,-0.687636363636363,-0.529279279279279,-0.86459039369536,,
"edfe64cf-3955-11ef-8550-a32b26a416b7","Luca Alexander Schwormstede",-0.639553009705459,,,,,-1.25117317465144,-0.687636363636363,-0.65646528881823,,,
"ed8ac450-3955-11ef-8874-a32b26a416b7","Felix Eisele",-0.67021133509801,,,,,-1.25117317465144,,,,,
"f84d0187-3955-11ef-bc0b-e79bf7b1fa4b","Karl Erik Edvin Wallinius",0.836645357945865,,,,,,0.564061749571183,0.354663487016428,-0.917848978138247,,
"eec47037-3955-11ef-9230-a32b26a416b7","Oscar Bergendahl",1.75026345464388,,,,,,0.112514579759863,0.861287758346582,-0.55344813721323,0.459371284909668,-0.0468574635241302
"f6b799a0-3955-11ef-a2cf-e79bf7b1fa4b","Daniel Fernandez Jimenez",5.79409657392134,,,,,,2.05440137221269,2.88990461049285,3.00927085367675,,
"ee4b4098-3955-11ef-abb0-a32b26a416b7","Eric Johansson",12.9635459669694,,,,,,2.55975986277873,5.0647853736089,6.46827575907269,4.63697452787901,1.02132435465769
"f6dd6255-3955-11ef-a479-e79bf7b1fa4b","Jorge Serrano Villalobos",2.33430455337197,,,,,,0.0657221269296741,1.20892951775305,1.28817765115397,,
"f4fe50cd-3954-11ef-8c54-4143a9146400","Yannik Wissmann",-0.716198823186836,,,,,,-0.804617495711835,,,,
"0b9d7082-3954-11ef-ab9a-a3c22717a414","Jan von Boenigk",1.32564564795705,,,,,,2.31175986277873,,,,
"5d53a53f-3953-11ef-bc84-a9530db97767","Fabian Huesmann",1.03132572418856,,,,,,1.86255231560892,,,,
"698795cd-3953-11ef-a6ea-2510cc07ea6e","Andreas Bornemann",-0.0478473296292276,,,,,,0.215457975986278,,,,
"5d3928eb-3953-11ef-bd49-a9530db97767","Markus Fuchs",-0.884819612845866,,,,,,-1.06197598627787,,,,
"fdd362be-3954-11ef-a991-0d6c0b831129","Niko Bratzke",-0.67021133509801,,,,,,-0.734428816466552,,,,
"5d682f82-3953-11ef-becf-a9530db97767","Jan Pretzewofsky",-0.231797281984533,,,,,,-0.0652967409948543,,,,
"f7697a72-3955-11ef-9f65-e79bf7b1fa4b","Maximilian  Gerbl",2.11049877800635,,,,,,2.21817495711835,0.651430842607313,-0.962698312405942,,
"f9821870-3955-11ef-8ff7-e79bf7b1fa4b","Uladzislau Kulesh",5.84161697827979,,,,,,1.58881646655232,2.68640699523052,0.999460061805691,2.3071037399388,
"f8463ded-3955-11ef-89c2-e79bf7b1fa4b","Halil Jaganjac",-0.267054356185966,,,,,,1.15598627787307,-0.910837307896132,-1.41119165508289,-1.15704624739335,
"f6d67842-3955-11ef-aa30-e79bf7b1fa4b","Agustin Casado",1.3225798154178,,,,,,2.30708061749571,,,,
"eeb5fb18-3955-11ef-a189-a32b26a416b7","David Mandic",3.33836470997801,,,,,,0.685722126929674,0.356783253842077,1.52083357266764,1.20626766190485,0.0326879910213244
"c59ebb17-3953-11ef-9aa1-2510cc07ea6e","Rogerio  Moraes Ferreira",4.40680734990841,,,,,,0.922024013722127,1.49721780604134,3.67079853412524,,
"ee5f1f87-3955-11ef-8876-a32b26a416b7","Aidenas Malasinskas",-0.328371006971068,,,,,,-0.212692967409949,,,,
"ee1d33ce-3955-11ef-a458-a32b26a416b7","Jaka Malus",1.00833198014415,,,,,,0.582778730703259,0.513645998940116,,,
"f6ee8ec4-3955-11ef-9446-e79bf7b1fa4b","Mathias Gidsel",31.4581807600257,,,,,,4.94617495711835,9.07538420773715,16.0127747079164,18.5493130128043,3.88496071829405
"aeaad29e-3954-11ef-addc-8165bb7d37eb","Nils Röller",-0.392753490295425,,,,,,-0.734428816466552,-0.230392156862745,,,
"f7559587-3955-11ef-9e16-e79bf7b1fa4b","Gilberto Duarte",-0.207270621670492,,,,,,-0.0278627787307032,,,,
"c267eb59-3954-11ef-a8c3-791010fc8985","Julian Köster",14.5378509758768,,,,,,4.79643910806175,5.01391096979332,4.74718255654991,6.64356180935862,0.979657687991021
"f823490a-3955-11ef-80ea-e79bf7b1fa4b","Tilen Kodrin",4.98778261609725,,,,,,1.69409948542024,1.88725490196078,1.36946706951417,1.08642981037204,0.1084455667789
"e9032a9b-3954-11ef-bf9c-0119270b4993","Ellidi Snaer Vidarsson",8.86146202944605,,,,,,2.98557118353345,2.70760466348702,2.26365067147633,4.58680984584202,0.157687991021324
"5d581e81-3953-11ef-81e3-a9530db97767","Jan Brosch",2.57650532397313,,,,,,0.82609948542024,1.51205617382088,0.419221799717394,,
"ee18a8fe-3955-11ef-a2eb-a32b26a416b7","Emil Buhl Lærke",1.5509843395923,,,,,,0.341797598627787,1.48237943826179,,,
"5d4b5f03-3953-11ef-9b4f-a9530db97767","Lukas Blohme",8.16551804303515,,,,,,5.72292967409948,2.86022787493376,1.95811458177766,0.147235485568397,0.180415263748597
"f6f1f457-3955-11ef-b60f-e79bf7b1fa4b","Samuel Zehnder",9.4930235325326,,,,,,3.63598627787307,2.70548489666137,3.92307603938103,2.87563680302469,0.752384960718294
"ae54a767-3954-11ef-a1c6-8165bb7d37eb","Tom Jansen",1.25513149955418,,,,,,1.79002401372213,-0.238871224165342,,,
"c4637b3f-3954-11ef-80ff-791010fc8985","Tom Kiesler",-1.06570373266192,,,,,,-1.24914579759863,-0.336380498145204,-0.892621227612669,-0.987043713823547,-0.23625140291807
"f826a3f3-3955-11ef-bf9f-e79bf7b1fa4b","Manuel Zehnder",4.75784517565312,,,,,,0.128891938250429,4.61751457339693,0.96582306110492,-0.42965835785699,
"ee7fc284-3955-11ef-ae18-a32b26a416b7","Jonas Schelker",-0.351364751015481,,,,,,-0.24778730703259,,,,
"ee42a862-3955-11ef-b57b-a32b26a416b7","Radojica Cepic",-0.351364751015481,,,,,,-0.24778730703259,,,,
"f765001a-3955-11ef-b5e0-e79bf7b1fa4b","Carles Asensio Cambra",-0.297712681578517,,,,,,-0.16590051457976,,,,
"ee6df855-3955-11ef-86b4-a32b26a416b7","Frederik  Ladefoged",3.38588511433647,,,,,,2.22051457975986,2.31756756756757,,,
"f711e71a-3955-11ef-b650-e79bf7b1fa4b","Mathias Bitsch",-0.00492567407965623,,,,,,0.280967409948542,,,,
"ee698be4-3955-11ef-90a8-a32b26a416b7","Isak Persson",1.15395902575877,,,,,,1.09281646655232,-0.202835188129306,-0.233896630555907,,
"ee217906-3955-11ef-997e-a32b26a416b7","Jacob Arenth Lassen",11.6283758961238,,,,,,3.42775986277873,2.2370164281929,5.83197582914977,5.57895577946249,0.949354657687991
"ee29ef7a-3955-11ef-9c8c-a32b26a416b7","Andreas Magaard",4.30870070865225,,,,,,0.830778730703259,-0.0968468468468469,2.70653784736981,2.38513768977412,
"eebba53f-3955-11ef-9887-a32b26a416b7","August Pedersen",6.11600899054312,,,,,,0.800363636363636,0.185082140964494,0.326720047790274,6.32585215645768,1.67283950617284
"f1f529dc-3954-11ef-a314-4143a9146400","Leon Kirschberger",-0.685540497794285,,,,,,-0.757825042881646,,,,
"01b4806d-3956-11ef-ac6e-2b303b141e24","Patrick Mattausch",-0.731527985883112,,,,,,-0.828013722126929,,,,
"f22ed204-3954-11ef-a44b-4143a9146400","Mika Laurin Sajenev",-0.366693913711756,,,,,,-0.45367409948542,-0.611950185479597,,-0.385067529379665,
"ec255972-3955-11ef-8b11-a32b26a416b7","Elias Scholtes",0.252604259217771,,,,,,-0.0255231560891939,-0.474165341812401,,-0.396215236498996,0.407687991021324
"ec9ae7a7-3955-11ef-8145-a32b26a416b7","Robert Timmermeister",-1.17913953661435,,,,,,-0.944994854202401,,,-0.856058155171406,-0.7665544332211
"01be7e8c-3956-11ef-989c-2b303b141e24","Blaž Blagotinšek",-0.121427310571349,,,,,,0.547684391080618,-0.465686274509804,-1.15611106643537,-1.00655220128238,-0.198372615039282
"febb642b-3954-11ef-8074-0d6c0b831129","Hakon Styrmisson",0.231143431442985,,,,,,0.641269296740995,,,,
"e6ca43c1-3954-11ef-9a8c-0119270b4993","Mathis Häseler",2.54891283111983,,,,,,0.383910806174957,0.0494170641229464,0.982641561455306,1.06692132291322,0.0364758698092031
"f79b5dfa-3955-11ef-aa7e-e79bf7b1fa4b","Branko Vujovic",2.88615441043789,,,,,,2.44277873070326,1.42514573396926,,,
"ee25c7e6-3955-11ef-9003-a32b26a416b7","Jovica Nikolic",-0.32070642562293,,,,,,-0.200994854202401,,,,
"01d4a282-3956-11ef-b296-2b303b141e24","Jonah Jungmann",-0.575170526381102,,,,,,-0.589372212692967,,,,
"01ffdda4-3956-11ef-aa4d-2b303b141e24","Theodor Teuteberg",-0.731527985883112,,,,,,-0.828013722126929,,,,
"eb60f47d-3955-11ef-a756-a32b26a416b7","Paul Bones",-0.731527985883112,,,,,,-0.828013722126929,,,,
"14cda883-3955-11ef-b6f9-791010fc8985","Finn Schroven",-0.0708410736736407,,,,,,0.180363636363636,-0.614069952305247,,,
"0223fecf-3956-11ef-a864-2b303b141e24","Luka Sebetic",-0.512320959326373,,,,,,-0.49344768439108,,,,
"021114fa-3956-11ef-826d-2b303b141e24","Fabio Justin Fenske",-0.716198823186836,,,,,,-0.804617495711835,,,,
"fe8426af-3954-11ef-8a29-0d6c0b831129","Matej Klima",5.34495210692047,,,,,,1.86489193825043,2.95773714891362,0.318310797615082,1.39577868293348,
"ebfcf37a-3955-11ef-a0bf-a32b26a416b7","Staffan Peter",3.91474122735797,,,,,,-0.687636363636363,1.11565977742448,2.40941100784634,2.1789051080665,
"fe880e54-3954-11ef-8d2a-0d6c0b831129","Noah Moussa",-0.716198823186836,,,,,,-0.804617495711835,,,,
"021570a2-3956-11ef-ba94-2b303b141e24","Lasse Ohl",-0.685540497794285,,,,,,-0.757825042881646,,,,
"ff047129-3953-11ef-806a-0119270b4993","Rémi Leventoux",-0.461734722428664,,,,,,-0.416240137221269,,,,
"029a3ed5-3956-11ef-9cf8-2b303b141e24","Valentin Abt",-0.716198823186836,,,,,,-0.828013722126929,-0.592872284048755,,,
"00ba3b5a-3955-11ef-af46-0d6c0b831129","Lukas Süsser",-0.616559265661046,,,,,,-0.652542024013722,,,,
"f9277ed7-3955-11ef-ae90-e79bf7b1fa4b","Paul Lukas Hein",-0.67021133509801,,,,,,-0.734428816466552,,,,
"03107336-3956-11ef-8ac8-2b303b141e24","Theo Straub",-0.714665906917209,,,,,,-0.802277873070326,,,,
"f734f66f-3955-11ef-bef2-e79bf7b1fa4b","Henri Pabst",-0.707001325569071,,,,,,-0.778881646655231,-0.571674615792263,-0.906636644571324,,
"033b5af0-3956-11ef-8bf8-2b303b141e24","Gil Kunkel",-0.67021133509801,,,,,,-0.734428816466552,,,,
"03771968-3956-11ef-a82b-2b303b141e24","Aaron Exner",-0.685540497794285,,,,,,-0.757825042881646,,,,
"038955ae-3956-11ef-b87c-2b303b141e24","Jan Malte Diekmann",-0.60123010296477,,,,,,-0.804617495711835,,,-0.390641382939331,
"020b9f32-3956-11ef-a1f4-2b303b141e24","Jorit Reshöft",-0.700869660490561,,,,,,-0.781221269296741,,,,
"fde940ca-3954-11ef-8b59-0d6c0b831129","Fynn-Lukas Hermeling",-0.532248870831531,,,,,,-0.523862778730703,,,,
"03160823-3956-11ef-aea0-2b303b141e24","Fabian Schwarzer",-0.685540497794285,,,,,,-0.757825042881646,,,,
"037bfc5a-3956-11ef-896e-2b303b141e24","Magnus Grupe",-0.607361768043281,,,,,,-0.802277873070326,,,,0.0667789001122335
"039d6e76-3956-11ef-a39e-2b303b141e24","Sveinn Johannsson",-0.544512200988551,,,,,,-0.542579759862779,,,,
"03f943f5-3956-11ef-a0fd-2b303b141e24","Besard Hakaj",-0.648750507323224,,,,,,-0.70167409948542,,,,
"029653df-3956-11ef-b9c6-2b303b141e24","Silas Overby",-0.685540497794285,,,,,,-0.757825042881646,,,,
"f6f6dab9-3955-11ef-906a-e79bf7b1fa4b","Thomas  Houtepen",-0.642618842244714,,,,,,-0.828013722126929,-0.493243243243243,-0.83375647638632,,
"0419ac61-3956-11ef-b3ac-2b303b141e24","Lukas Laube",4.41600484752618,,,,,,-0.872466552315609,1.86817700052994,2.44024492515538,2.15103584026817,-0.00897867564534229
"ff49863f-3954-11ef-95e9-0d6c0b831129","Leve Carstensen",2.97199772153703,,,,,,-0.729749571183533,0.850688924218336,1.03029397911473,2.17611818128666,-0.118827160493827
"0438976c-3956-11ef-a94f-2b303b141e24","Paul Ohl",-0.578236358920357,,,,,,-0.61744768439108,-0.592872284048755,,,
"045aee8b-3956-11ef-b57c-2b303b141e24","Paul Giesselmann",-0.639553009705459,,,,,,-0.687636363636363,-0.614069952305247,,,
"0055f804-3955-11ef-a33c-0d6c0b831129","Nikita Pliuto",-0.383555992677659,,,,,,-0.512164665523156,-0.419051404345522,,,
"f817549f-3955-11ef-8ef9-e79bf7b1fa4b","Jonas Truchanovicius",-0.297712681578517,,,,,,-0.250126929674099,-0.240990990990991,-0.920652061529978,-0.906222837208396,
"035ecadf-3956-11ef-8a8f-2b303b141e24","Jan Waldgenbach",-0.700869660490561,,,,,,-0.734428816466552,-0.65646528881823,,,
"0510b7d8-3956-11ef-9783-2b303b141e24","Ole Machner",-0.639553009705459,,,,,,-0.687636363636363,,,,
"053e2cb9-3956-11ef-af61-2b303b141e24","Justin Wollny",-0.668678418828382,,,,,,-0.732089193825043,,,,
"93594021-776b-11ef-8a34-a5ba185c07d6","Jan-Luca Mauch",-0.746857148579387,,,,,,-0.851409948542024,,,,
"0363664d-3956-11ef-bcbb-2b303b141e24","Alexander Hartwig",-0.0386498320114622,,,,,,-0.734428816466552,-0.569554848966614,0.259446046388733,,
"0d5c9f36-3956-11ef-9ab8-63392ed267d4","Tim Goßner",-0.294646849039262,,,,,,-0.781221269296741,-0.529279279279279,-0.752467058026124,-0.0840794371577245,-0.160493827160494
"0e79d06e-3956-11ef-aadf-63392ed267d4","Mads-Peter Lønborg",-0.337568504588833,,,,,,,-0.111685214626391,,,
"0f410352-3956-11ef-8c6a-63392ed267d4","Tilen Strmljan",-0.225665616906022,,,,,,,-0.128643349231585,-0.609509805047848,,
"0e7ef9b9-3956-11ef-82c8-63392ed267d4","Jonathan Svensson",0.700215809949013,,,,,,,0.645071542130366,0.0604271255758383,,
"0feef743-3956-11ef-83b0-63392ed267d4","Simon  Pytlick",10.8542531799619,,,,,,,3.05100688924218,4.12209496019392,8.31014402369862,2.99480920314254
"0ef30fc3-3956-11ef-b635-63392ed267d4","Lukas Jørgensen",6.00104027032106,,,,,,,3.28842077371489,4.93498914379588,0.715768548654285,
"0dab4104-3956-11ef-9ef3-63392ed267d4","Tomislav Severec",-0.791311720398586,,,,,,,-0.739136195018548,,,
"0e8b31aa-3956-11ef-b9ef-63392ed267d4","Zoran Ilic",1.28272399240748,,,,,,,1.577768945416,-0.107757877928016,,
"0e9b588b-3956-11ef-9c18-63392ed267d4","Vladimir Vranjes",0.258735924296281,,,,,,,0.27199258081611,-0.253518214298023,,
"0e635ed2-3956-11ef-8f66-63392ed267d4","Rasmus Meyer Ejlersen",-0.188875626434961,,,,,,,0.269872813990461,-1.06921548129172,,
"0f3b6cf8-3956-11ef-8be4-63392ed267d4","Felix Claar",11.3861751255226,,,,,,,5.87877583465819,3.71564786839294,6.20322737814504,2.66905162738496
"0e6b13a4-3956-11ef-9bb3-63392ed267d4","Mads Kjeldgaard Andersen",1.39615979635992,,,,,,,2.28577106518283,,,
"44cf46f0-3953-11ef-b431-855e48b08f9c","Alexander Saul",1.63529473442181,,,,,,,2.19038155802862,-0.648752972532081,-0.226212702929197,
"e96ac54e-3954-11ef-a1d1-0119270b4993","Aron Seesing",3.50085383455853,,,,,,,0.592077371489136,,4.8655025238253,0.600869809203143
"5d10c4bb-3953-11ef-80c8-a9530db97767","Peter Walz",2.69913862554333,,,,,,,1.37639109697933,0.752788723333371,0.835606400187094,0.54783950617284
"5e02ecbe-3953-11ef-920a-a9530db97767","Willy Weyhrauch",0.151431785422353,,,,,,,0.564520402755697,,,
"dacfc694-3954-11ef-964e-0119270b4993","Ivan Snajder",1.39615979635992,,,,,,,1.04570747217806,0.427631049892587,-0.226212702929197,
"ee2f5cfd-3955-11ef-b83f-a32b26a416b7","Filip Vistorop",4.32402987134852,,,,,,,0.935479597244304,3.92587912277276,1.76365301787141,
"0da5d183-3956-11ef-ae35-63392ed267d4","Leo Prantner",1.56937933482783,,,,,,,1.5989666136725,-0.497386469378612,0.0580538286137475,0.104657687991021
"0db25d80-3956-11ef-9e95-63392ed267d4","Nikola Grahovac",0.723209553993426,,,,,,,1.56505034446211,,-0.875566642630235,
"0ea15eea-3956-11ef-acd7-63392ed267d4","Elias Ellefsen á Skipagøtu",6.76443257259557,,,,,,,1.78126656067833,1.74508024400611,6.88602443920407,0.305415263748597
"0db79bb3-3956-11ef-9c9b-63392ed267d4","Csaba Leimeter",0.545391266716632,,,,,,,0.216878643349231,,,1.39632435465769
"0e056c42-3956-11ef-b314-63392ed267d4","Andreas Flodman",1.16622235591579,,,,,,,0.924880763116057,0.542557468953554,,
"0eedb316-3956-11ef-a46d-63392ed267d4","Adrian Sipos",-0.552176782336689,,,,,,,-0.11380498145204,-0.867393477087091,-1.10688156535636,0.00617283950617281
"0f503bc7-3956-11ef-a8c8-63392ed267d4","Erik Balenciaga",6.44405307224342,,,,,,,2.80299417064123,5.59931990763611,0.166743973027226,1.61223344556678
"ee471f70-3955-11ef-b47e-a32b26a416b7","Vid Poteko",-0.794377552937841,,,,,,,-0.743375728669846,,,
"0e0a34d7-3956-11ef-a7bd-63392ed267d4","Erik Persson",3.74765335396857,,,,,,,1.13897721250662,1.69182165956322,1.93644247822104,0.797839506172839
"10563444-3956-11ef-8f1d-63392ed267d4","Franko Lastro",1.28119107613785,,,,,,,0.216878643349232,0.217399795512769,0.33117265303736,0.525112233445567
"0f2a4a00-3956-11ef-8bdc-63392ed267d4","Giorgi Tskhovrebadze",1.75946095226165,,,,,,,1.50993640699523,0.853699725435685,,
"0e90a306-3956-11ef-956e-63392ed267d4","Hakun West av Teigum",4.24125239278864,,,,,,,-0.213434022257552,2.99805852010983,3.26859347898112,0.8584455667789
"1076b33c-3956-11ef-932f-63392ed267d4","Gustav Davidsson",1.52492476300863,,,,,,,0.638712241653418,1.57689524050226,,
"0f36e109-3956-11ef-8135-63392ed267d4","Arnór Snær Óskarsson",-0.164348966120921,,,,,,,0.191441441441441,-0.920652061529978,,
"8a8c7344-3954-11ef-a3f0-a919af319ee5","Philipp Meyer",-0.0708410736736403,,,,,,,-0.749735029146794,-0.281549048215332,0.311664165578531,-0.387766554433221
"11bf7319-3956-11ef-9ae9-63392ed267d4","Simone Mengon",8.76028955565063,,,,,,,1.1983306836248,6.57479292795846,5.59846426692132,1.50238496071829
"0c6c61e7-3955-11ef-b62d-791010fc8985","Moritz Köster",-0.685540497794285,,,,,,,-0.592872284048755,,,
"0f4b7b5a-3956-11ef-b965-63392ed267d4","Eduardo Gurbindo Martinez",-0.500057629169353,,,,,,,-0.336380498145204,,,
"1aa24c5e-3956-11ef-9396-1fafd93a56d6","Frederik Puls",-0.726929237074229,,,,,,,-0.635267620561738,-0.856181143520167,,
"f9857ce4-3955-11ef-afd8-e79bf7b1fa4b","Timothy Reichmuth",1.28578982494673,,,,,,,0.0769740328563858,0.895745976311648,0.381337335074351,
"1ac79117-3956-11ef-838d-1fafd93a56d6","Tobias Pachmann",-0.716198823186836,,,,,,,-0.635267620561738,,,
"1acb6558-3956-11ef-8a27-1fafd93a56d6","Andreas Holst Jensen",-0.85722711999257,,,,,,,-0.86420243773185,-0.791710225510357,,
"67ce24ab-205d-11f0-8920-3305c013cbf0","Ivo Santos",-0.699336744220933,,,,,,,-0.611950185479597,,,
"0ec062b2-3956-11ef-b25f-63392ed267d4","Steven Plucnar Jacobsen",-1.40141239571035,,,,,,,-0.39785373608903,-0.416097051018415,-2.57559197832823,
"c4c0648e-3954-11ef-8518-791010fc8985","Dustin Kraus",-0.32070642562293,,,,,,,-0.635267620561738,-0.113364044711477,,
"02a8f266-3956-11ef-b33e-2b303b141e24","Max Günther",0.310855077463617,,,,,,,-0.592872284048755,0.811653474559721,-0.426871431077157,
"f6c11ead-3955-11ef-aac5-e79bf7b1fa4b","Marko Grgic",12.5941131459891,,,,,,,2.51258611552729,10.9476030190587,6.34536064391651,1.70314253647587
"056aa477-3956-11ef-809d-2b303b141e24","Tom Wolf",-0.708534241838698,,,,,,,-0.624668786433492,,,
"0d97a4b4-3956-11ef-9a30-63392ed267d4","Aksel Horgen",0.283262584610322,,,,,,,-0.349099099099099,-0.278745964823601,-0.103587924616554,0.331930415263749
"1a5fbf95-3956-11ef-b08d-1fafd93a56d6","Elias Newel",4.00978203607488,,,,,,,-0.486883942766296,0.957413810929728,4.3638557034554,2.04405162738496
"0e28e9c5-3956-11ef-8f44-63392ed267d4","Tim Gömmel",2.124295024433,,,,,,,0.278351881293058,1.08635564694935,1.47938648632847,-0.23625140291807
"dc445392-3954-11ef-aff3-0119270b4993","Jannis Schneibel",-0.808173799364489,,,,,,,-0.698860625331214,,,-0.312008978675645
"0dcca344-3956-11ef-bddd-63392ed267d4","Lennard Benkendorf",-0.685540497794285,,,,,,,-0.592872284048755,,,
"02608141-3956-11ef-b1af-2b303b141e24","Fabian Lucas",-0.685540497794285,,,,,,,-0.592872284048755,,,
"1c0eea45-3956-11ef-9547-1fafd93a56d6","Sindre Aho",0.179024278275649,,,,,,,0.312268150503445,,-0.217851922589698,
"b74b783a-3954-11ef-8600-35f0fd7e8878","Mathias Mark Pedersen",-0.372825578790267,,,,,,,-0.160439851616322,,,
"c5a2409f-3954-11ef-9497-791010fc8985","Jan Reimer",-0.667145502558755,,,,,,,-0.567435082140965,,,
"1c68773c-3956-11ef-925a-1fafd93a56d6","Phil Spandau",-0.569038861302592,,,,,,,-0.569554848966614,,-0.418510650737659,
"1c77f578-3956-11ef-849d-1fafd93a56d6","Torge Wloch",-0.716198823186836,,,,,,,-0.635267620561738,-0.836559559778051,,
"02818ffb-3956-11ef-b49c-2b303b141e24","Frederik Sondermann",-0.716198823186836,,,,,,,-0.635267620561738,,,
"75bdf136-3954-11ef-99d2-bdf3bafad9bd","Dino Corak",-0.303844346657027,,,,,,,-0.0883677795442502,-0.805725642469011,,
"38ea83c8-3955-11ef-85c5-bfbfc9e17c09","Tim Grüner",-0.0984335665269365,,,,,,,0.218998410174881,,,
"cf37efcf-3954-11ef-8d78-0d6c0b831129","Yoav Lumbroso",-0.492393047821215,,,,,,,-0.325781664016958,,,
"1c9a952d-3956-11ef-9f2e-1fafd93a56d6","Grega Krecic",-0.524584289483393,,,,,,,-0.370296767355591,,,
"0462f936-3956-11ef-a538-2b303b141e24","Mischa Locher",-0.170480631199431,,,,,,,-0.569554848966614,,,1.03268799102132
"52898162-3953-11ef-a07b-a9530db97767","Martin Slaninka",-0.791311720398586,,,,,,,-0.739136195018548,,,
"20466ef8-3956-11ef-9d4f-f300d8784a69","Boris Zivkovic",-0.607361768043281,,,,,,,-0.484764175940647,,,
"2041acfc-3956-11ef-aa51-f300d8784a69","Ante Ivankovic",-0.742258399770504,,,,,,,-0.65646528881823,-0.856181143520168,,
"203d0734-3956-11ef-b2d6-f300d8784a69","Martin Risom Christensen",-0.685540497794285,,,,,,,-0.592872284048755,,,
"1c8f5b12-3956-11ef-80a5-1fafd93a56d6","Antoni Andrzej Doniecki",-0.714665906917209,,,,,,,-0.633147853736089,,,
"2088e7a4-3956-11ef-9c38-f300d8784a69","Tobias Buck",-0.527650122022648,,,,,,,-0.762453630100689,,-0.00604548732240661,-0.312008978675645
"2084a9bb-3956-11ef-8be0-f300d8784a69","Mykola Protsiuk",-0.777515473971938,,,,,,,-0.635267620561738,-0.948682895447287,,
"20bf34e7-3956-11ef-8ea6-f300d8784a69","Ben Janos Szilagyi",-0.665612586289127,,,,,,,-0.654345521992581,-0.836559559778051,,-0.0392817059483726
"389e5b09-3955-11ef-bbcb-bfbfc9e17c09","Torben Hübke",-0.762186311275662,,,,,,,-0.698860625331214,,,
"53ec041f-48eb-11ef-92e7-a736c0da812f","Thomas Alfred Solstad",0.813651613901452,,,,,,,,1.35545165255552,-0.0255539747812362,
"10fa9304-44eb-11ef-92b3-eb9bda022593","Luka Rogan",0.487140448470785,,,,,,,,0.0492147920089145,0.679538500516459,
"6b0c9b8d-54c9-11ef-8b34-e743f9f37b06","Bruno Reguart Massana",-0.746857148579387,,,,,,,,-0.920652061529978,,
"69551a95-54c9-11ef-ab9f-e72f33e8c319","Gianfranco Pribetic",0.108510129872782,,,,,,,,-0.0040437924339728,0.0441191947145836,
"d4df0d7f-3e96-11ef-ac06-69f3493fbb6d","Achilleas Toskas",-0.113762729223212,,,,,,,,0.321113881006812,-0.683268694821773,
"20ee50c8-3956-11ef-97cc-f300d8784a69","Ralfs Geislers",-0.792844636668213,,,,,,,,-1.00474456328191,,
"7ae3cb32-48ec-11ef-9dcd-8938f5d55858","Ian Barrufet",0.819783278979962,,,,,,,,1.94409916481901,,
"1237a16c-48ec-11ef-84f3-9dbb61b880c9","Nikolaj Enderleit",2.76658694140694,,,,,,,,2.03940400013786,2.87006294946503,-0.232463524130191
"f808165f-4a6e-11ef-ab68-716a965e99e1","Friedrich Schmitt",-0.700869660490561,,,,,,,,-0.808528725860742,-0.627530159225117,
"2e8660a9-48fe-11ef-94ec-011aa5a66154","Vilhelm Poulsen",0.534660852829239,,,,,,,,0.119291876802187,0.122153144549902,0.581930415263749
"91ac9125-4297-11ef-a90d-c516e77f2a40","Georg Löwen",-0.300778514117772,,,,,,,,0.00716854113295118,-0.766876498216757,-0.122615039281706
"f39065ff-3954-11ef-949e-4143a9146400","Maxim Orlov",0.284795500879949,,,,,,,,0.637862304272405,-0.35998518836117,-0.0809483726150392
"a13ca197-3954-11ef-87fc-85d73a57ae73","David Cyrill Akakpo",0.407428802450153,,,,,,,,0.489298884510667,-0.0283409015610688,-0.0279180695847362
"d15e09a0-3954-11ef-9267-0d6c0b831129","Marvin Kix",-0.0693081574040131,,,,,,,,0.318310797615082,,
"cf7c2adf-3954-11ef-91ca-0d6c0b831129","Josip Simic",1.79165219392382,,,,,,,,1.65257849207899,1.23413692970318,0.104657687991021
"eec0273f-3955-11ef-ba23-a32b26a416b7","Nils Fuhrmann",0.870369515877671,,,,,,,,2.03660091674613,,
"60a0e041-4b51-11ef-88f4-1d7fefa8cd02","Nicholas Schley",-0.616559265661046,,,,,,,,-0.682389973232851,,
"f6ff98b8-3955-11ef-b828-e79bf7b1fa4b","Emil Hansson",-1.1592116251092,,,,,,,,-1.67468149390559,,
"bc18f9e7-48eb-11ef-9d32-97c09a154b98","Nicolas Paulnsteiner",-0.359029332363619,,,,,,,,-0.21147196342206,,
"b76cc550-44e9-11ef-ace4-330a4bf48c7e","Emil Wernsdorf  Madsen",5.3802091811219,,,,,,,,8.14171654393603,0.77150708425094,0.831930415263749
"67705037-53d4-11ef-b5ec-5307176d7c7a","Sander Andreassen Øverjordet",3.22186307348632,,,,,,,,1.85159741289189,3.29924967355928,0.562991021324355
"9a221880-4412-11ef-84e6-d3f7b833a61c","Bence Imre",2.10590002919747,,,,,,,,2.17675508633267,1.5072557541268,
"e7e939a7-4504-11ef-acc7-f3ee162ab5b4","Gonzalo Perez Arce",1.00526614760489,,,,,,,,2.28327225521845,,
"5bf231f5-3953-11ef-96cb-a9530db97767","Paco Barthe",-0.251725193489691,,,,,,,,-0.0152561260008958,,
"19d91deb-8e35-11ef-beb9-c125f93e30f3","Lauro Pichiri",-0.667145502558755,,,,,,,,-0.920652061529978,-0.176048020892206,-0.577160493827161
"b9e07020-3954-11ef-885e-35f0fd7e8878","Alexander Pfeifer",-0.0263865018544419,,,,,,,,-0.107757877928016,,0.4834455667789
"23b70d8b-434f-11ef-9e29-c3b7568a5ac4","Lukas Herburger",-1.31863491715046,,,,,,,,-1.88771583167714,-0.677694841262108,
"171d264d-9472-11ef-b5c2-b763d99531f1","Jan Grüner",-0.546045117258179,,,,,,,,-0.55344813721323,,
"3c69b387-54c9-11ef-9eac-67cbd8511a1f","Ludvig Hallbäck",5.40626875770557,,,,,,,,4.91536756005376,4.50320204244704,0.184203142536476
"f2ef6543-3954-11ef-bf7f-4143a9146400","Rutger ten Velde",1.16622235591579,,,,,,,,0.368766298666238,0.977739665958566,0.642536475869809
"e2d8f3cf-499e-11ef-9b0b-1d4689b5b1c7","Victor Klöve",-0.391220574025797,,,,,,,,-1.02156306363229,0.158383192687727,-0.213524130190797
"bea224f4-4a71-11ef-95ac-67d38d4cfe0a","Ludvig Jurmala Aström",0.931686166662772,,,,,,,,0.138913460544304,1.12823371206954,0.169051627384961
"6c9aaf7b-6c37-11ef-aaac-a1111852e8bc","Gian Attenhofer",1.72113804552096,,,,,,,,1.47878732179168,0.72134240221395,0.862233445566779
"ee998ddd-3955-11ef-94e1-a32b26a416b7","Alon Oberman",-0.731527985883112,,,,,,,,-0.892621227612669,,
"873e0f90-4821-11ef-818a-bd40c792c9ee","Zolt  Krakovszki",-0.636487177166204,,,,,,,,-0.718830057325353,,
"4672e3bc-3953-11ef-9139-855e48b08f9c","Tobias Wagner",0.816717446440707,,,,,,,,1.93849299803554,,
"0177d559-3956-11ef-bc2e-2b303b141e24","Levin Unbehaun",0.0594568092447004,,,,,,,,0.46687421737682,,-0.0809483726150393
"3aa84df5-639f-11f0-af73-5d896ccaa3cc","Antonio Serradilla",-1.31097033580232,,,,,,,,-1.95779291647041,-0.373919822260334,-0.497615039281706
"b8ca98f0-a35b-11ef-b2f3-0d5704542700","William Bogojevic",0.231143431442985,,,,,,,,-0.315186048916103,0.576422209662645,
"f98caff8-3955-11ef-8f23-e79bf7b1fa4b","Florian Scheerer",-0.023320669315187,,,,,,,,-0.909439727963055,0.311664165578531,0.335718294051627
"0e85363c-3956-11ef-bb8b-63392ed267d4","Elias Kofler",1.94494382088658,,,,,,,,1.72826174365573,0.648882305938298,1.17662738496072
"4ba0e5b6-a0d4-11ef-ae57-21f14bac6e41","Manuel Strlek",-0.299245597848144,,,,,,,,-0.102151711144554,,
"6e74bb37-48f1-11ef-9949-270cb1769d76","Alexandre Cavalcanti",-0.0601106597862479,,,,,,,,0.293083047089503,-0.557856989729298,
"664a5ad6-719a-11ef-a510-5fd50280775b","Thilo Knutzen",-0.67021133509801,,,,,,,,-0.836559559778051,-0.543922355830134,
"692db182-3953-11ef-820c-2510cc07ea6e","Ole Schramm",-0.831167543408902,,,,,,,,-1.07482164807518,,
"e957ba51-3954-11ef-8cda-0119270b4993","Niklas Theiß",2.2913828978224,,,,,,,,-0.668374556274197,2.81989826742804,2.32056677890011
"f39d9317-3954-11ef-9f21-4143a9146400","Bruno Eickhoff",-0.480129717664195,,,,,,,,-0.545038887038037,-0.488183820233478,
"387f15a4-45ad-11ef-a681-79a2b21acace","Ben Levermann",-0.746857148579387,,,,,,,,-0.892621227612669,-0.627530159225117,
"00dd583a-429a-11ef-a382-411f1e15f19f","Linus Kutz",-0.592032605347005,,,,,,,,-0.637540638965157,,
"e4793d6c-6aca-11ef-b6a9-47a2e5190bc9","Aleksandar Capric",-0.285449351421497,,,,,,,,-0.581478971130539,-0.0980140710568884,
"b96199de-b958-11ef-a9b2-5b68ead0eb35","Viktor Petersen Norberg",-0.279317686342986,,,,,,,,-0.0657116270520524,,
"c162916d-b939-11ef-80c0-f30ad948dfab","Sascha Brodbeck",-0.654882172401734,,,,,,,,-0.780497891943433,-0.543922355830134,-0.23625140291807
"6248a8b7-e2d3-11ef-8650-e9b958e75535","Sadik Emre Herseklioglu",-0.615026349391418,,,,,,,,-0.791710225510357,-0.488183820233478,
"f1489b71-45bc-11ef-a3eb-97242527a372","David Sehnke",-0.654882172401734,,,,,,,,-0.86459039369536,-0.488183820233478,
"19ac549b-3956-11ef-872c-1fafd93a56d6","Oskar Czertowicz",-0.762186311275662,,,,,,,,-0.948682895447287,,
"2339d996-dd86-11ef-9788-995d96939302","Milos Kos",-0.0248535855848145,,,,,,,,0.214596712121038,-0.415723723957826,
"a31e7802-e700-11ef-8fcf-3724ec9b371d","Lucas Mohr",-0.716198823186836,,,,,,,,-0.86459039369536,,
"4b0dc5ed-a2ac-11ef-a681-87c719fdf68e","Tom Koschek",-0.24559352841118,,,,,,,,-0.752467058026124,0.144448558788564,
"46fd1254-4f2c-11ef-a090-373030fc5a57","Rok Maric",-0.745324232309759,,,,,,,,-0.917848978138247,,
"049561e3-3956-11ef-9ce7-2b303b141e24","Marvin Siemer",-0.486261382742705,,,,,,,,-0.444127884935725,,
"81def6bf-e7ad-11ef-9453-8d178f082ab8","Marti  Soler",-0.13369064072837,,,,,,,,-1.03277539719921,-0.203917288690534,0.930415263748597
"6ea2655d-440f-11ef-87f6-2d237d9aaaaa","Valentin Willner",-0.615026349391418,,,,,,,,-0.67958688984112,,
"26cf4622-ea2d-11ef-9e5a-c1346a60c89b","Johannes Thiel",-0.716198823186836,,,,,,,,-0.86459039369536,,
"f73a10d3-3955-11ef-94d0-e79bf7b1fa4b","Niklas Gautzsch",-0.654882172401734,,,,,,,,-0.752467058026124,,
"558365d2-7368-11ef-9907-3fadb10b562c","Meeno Carstensen",-0.654882172401734,,,,,,,,-0.752467058026124,,
"39912e4d-05ae-11f0-aaf2-357b3ad58e8d","Valentin Weyer",-0.677875916446148,,,,,,,,-0.794513308902088,,
"6b88a96e-05a9-11f0-9056-e9fd45d4c486","Alen Hadzimuhamedovic",-0.561374279954454,,,,,,,,-0.581478971130539,,
"dff94a2f-1ba6-11f0-bfe2-e98424479ba3","Moritz Sundermann",-0.746857148579387,,,,,,,,-0.86459039369536,-0.655399427023445,
"da2da8e3-1ba4-11f0-b54c-3f4709f7b1e6","Ben Magnus Möller",-0.668678418828382,,,,,,,,-0.777694808551702,,
"2d9b92a7-22c2-11f0-9b45-5d93a06e83c0","Jonas Rithaphorn",-0.608894684312908,,,,,,,,-0.668374556274197,,
"8a4a9991-1d39-11f0-867b-b3b262985b61","Patrick Kiesewalter",-0.746857148579387,,,,,,,,-0.920652061529978,,
"1b7cdd7a-3956-11ef-9de5-1fafd93a56d6","Tizian Weimer",-0.668678418828382,,,,,,,,-0.86459039369536,-0.513266161251973,
"4188d44e-21a0-11f0-affa-33895b14b65a","Pablo  Lange",-0.622690930739556,,,,,,,,-0.693602306799775,,
"e20ffec0-4f4a-11ef-be82-6b34ed3d5ab2","Jonas Riecke",-0.624223847009184,,,,,,,,-0.696405390191506,,
"6c5214cb-3ca7-11f0-b3ef-e37a8b1182b8","Arv Jendre Kinsky",-0.67021133509801,,,,,,,,-0.780497891943433,,
"d1d60574-c152-11ef-a26b-b30ae3edd1b1","Lennart Karrenbauer",-0.716198823186836,,,,,,,,-0.86459039369536,,
"af0943eb-6936-11f0-a6b1-8bb9614a9164","Vukasin Antonijevic",0.0839834695587412,,,,,,,,,0.264286410321374,0.566778900112234
"d16dd35a-3954-11ef-b0dd-0d6c0b831129","Tillman Leu",-0.562907196224082,,,,,,,,,-0.329328993783009,-0.224887766554433
"72b0904d-7112-11f0-85e4-bf080c617e35","Oskar Joelsson",2.60103198428717,,,,,,,,,4.65648301533784,0.816778900112233
"59de589a-7111-11f0-b122-5b5b2ef5c7fa","Felix Aellen",2.88155566162901,,,,,,,,,4.8905848648438,1.19177890011223
"610d9c1c-686f-11f0-a394-db25dbf7fdbd","Nicolaj Jørgensen",4.79156933358492,,,,,,,,,7.27062033482099,2.67662738496072
"86359685-6322-11f0-ade7-ff58d5df5364","Oliver Norlyk",0.828980776597727,,,,,,,,,0.79101557170977,1.69177890011223
"310b977e-6323-11f0-90a7-d191aff8da87","Einar Olafsson",-1.06570373266192,,,,,,,,,-1.20721092943034,-0.274130190796857
"ff6dff4c-568b-11f0-831f-0bf218a71f24","Veron Nacinovic",-0.3023114303874,,,,,,,,,-0.298672799204849,0.377384960718294
"56c490f3-738e-11f0-a477-372de8357e4c","João Gomes",-0.231797281984533,,,,,,,,,0.253138703202042,
"2ceee0cb-52a6-11f0-8607-b1b18dd55e91","Ahmed Nafea",0.879567013495436,,,,,,,,,1.85004774804623,0.377384960718294
"f6c11ead-3955-11ef-aac5-e79bf7b1fa4b","Marko Grgić",12.5941131459891,,,,,,,2.51258611552729,10.9476030190587,6.34536064391651,1.70314253647587
"4419d7ef-3953-11ef-8f7e-855e48b08f9c","Kent Robin Tønnesen",-0.230264365714905,,,,,,,,,0.395271968973514,-0.387766554433221
"b8564ae1-6938-11f0-9ca8-e109d193500c","Kasper Thorsen Lien",1.17388693726392,,,,,,,,,1.73578375007308,1.25996071829405
"69551a95-54c9-11ef-ab9f-e72f33e8c319","Gianfranco Pribetić",0.108510129872782,,,,,,,,-0.0040437924339728,0.0441191947145836,
"e67d367c-3954-11ef-ae9b-0119270b4993","Dainis Krištopāns",9.63405182933833,,,0.689216355286697,,,,3.48767885532591,4.67990855514837,5.44239636725069,0.502384960718294
"04083dce-8fbd-11f0-95c8-293672f47cb8","Sadou Ntanzi",-0.636487177166204,,,,,,,,,-0.482609966673813,
"c34ae46e-6e2e-11f0-bc3c-cff559f92ec5","Rubén Marchán",1.30265190391264,,,,,,,,,3.1821987488063,-0.387766554433221
"e4a845fd-6865-11f0-891d-2d18bed13368","Tobias Schjølberg  Grøndahl",2.03385296452497,,,,,,,,,3.12367328642981,1.49859708193042
"0e3208f2-3956-11ef-98d9-63392ed267d4","Kaj Geenen",0.0104034886166192,,,,,,,,,0.197400167605387,0.475869809203143
"e2a198b5-76bf-11f0-b8e2-3958ec763839","Aitor Arino",0.554588764334397,,,,,,,,,1.19511995478552,0.464506172839506
"739f051c-6124-11f0-bf04-11e3eb297aa3","Karolis Antanavičius",-0.303844346657027,,,,,,,,,0.122153144549902,
"1dd32373-6131-11f0-9fe4-0fc381d1b615","Morten Hempel Jensen",0.398231304832387,,,,,,,,,1.39856560971332,
"5d817a1a-3954-11ef-be04-abb3924935a8","Johannes Wasielewski",0.00120599099885403,,,,,,,,,0.556913722203816,-0.0354938271604939
"f29cad0e-3954-11ef-bf20-4143a9146400","Sören Steinhaus",2.38795662280894,,,,,,,,,4.28582175362008,0.794051627384961
"5c0c66a3-3953-11ef-9b14-a9530db97767","Gerdas Babarskas",-1.23585743859057,,,,,,,,,-1.44688663249596,-0.368827160493827
"fe801395-3954-11ef-8be8-0d6c0b831129","Lars Mitchell Kooij",-0.329903923240695,,,,,,,,,0.462158211689501,-0.724887766554433
"557ef24a-6148-11f0-8284-d717843d11c0","Rasmus Ankermann",0.362974230630954,,,,,,,,,1.08364288359221,0.142536475869809
"09f57fd5-630a-11f0-9c06-219c3a3b34f0","Joël Willecke",1.30111898764301,,,,,,,,,1.9670986727992,1.25996071829405
"7ea8d4b4-94ac-11f0-9fcb-dd954596529e","Max Heydecke",-0.42034598314872,,,,,,,,,-0.203917288690534,-0.0430695847362514
"8857c9cf-739b-11f0-80a4-4b2d3b5cb7b0","Edwin Aspenbäck",2.78498193664247,,,,,,,,,5.15255598214808,0.597081930415264
"fbe2c66b-76be-11f0-9c8c-9be7a7acc73d","Haukur Thrastarson",5.23458213550729,,,,,,,,,8.68916606575588,1.84329405162739
"7245af94-721b-11f0-a207-e9a26eb359e4","Lukas Sandell",1.10183987259143,,,,,,,,,2.67776500165656,
"2af8955e-76be-11f0-a4b0-d12e7a92d279","Gino Steenaerts",0.171359696927511,,,,,,,,,0.559700648983649,0.381172839506173
"a319ca1e-7453-11f0-88df-c1c4002e32ac","Mathias Rohde Larson",-0.294646849039262,,,,,,,,,-0.694416401941104,0.934203142536476
"5f750082-9edf-11f0-ae46-b7438541195f","Thore Rahmlow",-0.731527985883112,,,,,,,,,-0.655399427023445,
"0b8d9fff-7116-11f0-855d-b3abb2c3f080","Blær Hinriksson",0.835112441676237,,,,,,,,,2.19283974196566,
"92f0b4ae-84a7-11f0-945e-7d52e4940a7e","Ahmed Moustafa Khairi Nasralla",0.0364630652002872,,,,,,,,,0.740850889672779,
"c2fb7efc-3954-11ef-9658-791010fc8985","Tomas Piroch",-0.00185984154040132,,,,,,,,,0.384124261854184,0.191778900112233
"502a9c91-8743-11f0-9f0a-131eac8e2b00","Linus Schmid",-0.739192567231249,,,,,,,,,-0.446379918535986,-0.501402918069585
"050a5813-3956-11ef-a118-2b303b141e24","Tim Maximilian Hertzfeld",-0.437208062114623,,,,,,,,,-0.120309485295551,
"10375cb8-90c3-11f0-983b-2b2a8af5a1ae","Toma Gadza",-0.14595397088539,,,,,,,,,0.124940071329734,0.187991021324355
"ea2f7619-66eb-11f0-bed8-652e78f835a4","Jakob Nigg",0.887231594843574,,,,,,,,,2.04234569585469,0.134960718294052
"c16cbd4e-8ef6-11f0-8bb6-cddfdfba520b","Hans Lukas Willax",-0.452537224810899,,,,,,,,,-0.148178753093879,
"86bb4742-6de1-11f0-828b-9140a3d1fe98","Lars Genz",-0.624223847009184,,,,,,,,,-0.46031455243515,
"1a08f068-3956-11ef-97e6-1fafd93a56d6","Jan Mudrow",-0.348298918476226,,,,,,,,,0.0413322679347508,
"fcc39179-6130-11f0-b693-e18569d1069d","Sebastian Barthold",-0.608894684312908,,,,,,,,,-0.432445284636823,
"8b14aaf4-85a2-11f0-aba2-4571e032b8cc","Caspar Gauer",-0.636487177166204,,,,,,,,,-0.482609966673813,
"cf3b7816-3954-11ef-bf83-0d6c0b831129","Jakub Sterba",0.0533251441661904,,,,,,,,,0.77150708425094,
"8e59d70b-9579-11f0-bb7c-c35a1cf010f5","Eimantas Grimuta",-0.762186311275662,,,,,,,,,-0.711137962620101,
"9263b65b-8671-11f0-b108-5b62f4a95422","Mattis Welle",-0.699336744220933,,,,,,,,,-0.596873964646957,
"5d0b1b91-3953-11ef-9e16-a9530db97767","Michael Schulz",-0.746857148579387,,,,,,,,,-0.683268694821773,
"0e162102-3956-11ef-b107-63392ed267d4","Lasse Franz",-0.700869660490561,,,,,,,,,-0.59966089142679,
"678dcfeb-9171-11f0-961e-53bd9afeb16e","Benjamin Bröhl",-0.653349256132107,,,,,,,,,-0.513266161251973,
"f8b0333d-9631-11f0-81e0-690e308cf78d","Maxsim Lochman",-0.446405559732389,,,,,,,,,-0.332115920562842,0.0667789001122335
"1fc1c363-745b-11f0-82b3-0500367c335f","Fynn Hofele",-0.667145502558755,,,,,,,,,-0.538348502270468,
"1c0b7ffb-3956-11ef-9512-1fafd93a56d6","Luis Rodriguez",-0.630355512087694,,,,,,,,,-0.471462259554481,
"e5a3d81f-9254-11f0-bfa2-b78efdd3138d","Bendix Dietzsch",-0.67021133509801,,,,,,,,,-0.543922355830134,
"877389a0-a770-11f0-8263-dfbba3c7c7e4","Jonas Kofler",-0.67021133509801,,,,,,,,,-0.543922355830134,
"be06398a-a770-11f0-a63f-dbb03f384150","Felix Bernkop-Schnürch",-0.654882172401734,,,,,,,,,-0.516053088031806,
"cbf3f9b3-8671-11f0-9e76-f548d6fb8978","Nils Müller",-0.762186311275662,,,,,,,,,-0.711137962620101,
"8b1089b6-817e-11ef-84b4-910593fc8dae","Maximilian Botta",-0.653349256132107,,,,,,,,,-0.513266161251973,
"86bf3a25-589d-11f0-b8ca-191b994c440f","Gonzalo Perez de Vargas",-0.555242614875944,,,,,,,,,-0.418510650737659,-0.0847362514029181
"278a5976-bd7b-11f0-a5ab-198bb6dc9756","Bela Wellmann",-0.700869660490561,,,,,,,,,-0.59966089142679,
"91706e8a-d2c4-11f0-a6b5-619df4be3b8b","Elias Ciudad-Benitez",-0.67021133509801,,,,,,,,,-0.516053088031806,-0.23625140291807
"3bee52c8-9632-11f0-bd6a-1bbbce5d4f37","Finn Schultz",-0.67021133509801,,,,,,,,,-0.543922355830134,
"a2728d7b-d5ce-11f0-97ae-fb3bd87f011b","Dean Bombač",0.807519948822941,,,,,,,,,2.14267505992867,
"9e783de3-6131-11f0-bc1e-dd4a3ddf6eaf","Marco Mengon",-0.218001035557885,,,,,,,,,0.278221044220537,
"dd9e1c17-3954-11ef-b529-0119270b4993","Tristan  Kirschner",0.775328707160763,,,,,,,,,1.46266492564947,0.646324354657688
"b67f2668-6309-11f0-a109-a3f1d162f3c1","Daniel Astrup Pedersen",-0.280850602612614,,,,,,,,,0.163957046247393,
"98313075-a8dc-11f0-a1c9-ab94ef6b5770","Reynir Thor Stefansson",0.0594568092447004,,,,,,,,,0.225269435403714,0.559203142536476
"9070766f-01d0-11f1-aa39-21cb756e84f1","Dominik Solak",0.0425947302787975,,,,,,,,,0.629373818479468,-0.0317059483726151
"7389f5f9-3954-11ef-8180-bdf3bafad9bd","Kim Voss-Fels",-0.549110949797434,,,,,,,,,-0.323755140223344,
"39338341-dc14-11f0-8339-1bc403f17cbf","Mohab Mohamed Saeed Abdelhak",-0.527650122022648,,,,,,,,,-0.284738165305685,
"539ed803-067f-11f1-a05c-9d4d8c5bac2c","Adin Faljic",-1.02278207711234,,,,,,,,,-1.18491551519167,
"ed9f49c9-3955-11ef-acb3-a32b26a416b7","Jan-Christian Schmidt",-0.498524712899725,,,,,,,,,-0.376706749040167,-0.00140291806958474
"20f21c31-3956-11ef-8f3b-f300d8784a69","Soeren Servos",-0.67021133509801,,,,,,,,,-0.543922355830134,
"4b51fe34-6a92-11ef-bae0-4fcb51a0040e","Belal Ibrahim Massoud",-0.639553009705459,,,,,,,,,-0.488183820233478,
"ade6d14e-6147-11f0-ab0e-e9ff7fc9b84f","Jesse Bennett Dahmke",-0.716198823186836,,,,,,,,,-0.627530159225117,
"116167dd-2a08-11f1-9046-49d6cfea1c5e","Simon Klaas",-0.716198823186836,,,,,,,,,-0.627530159225117,
"1e182454-3669-11f1-a10e-a3498042bec6","Anton Härtel",-0.716198823186836,,,,,,,,,-0.627530159225117,
"ff17e45f-078f-11f1-b439-dd5c3b2349d6","Mahmoud El-Shobaky",-0.684007581524658,,,,,,,,,-0.569004696848629,
"ecd7239c-02a4-11f1-8966-c7b8544a633f","Len Farell Kehrmann",-0.685540497794285,,,,,,,,,-0.571791623628462,
"996cda0e-4bc5-11f1-97c8-5bcc65aa6ca1","Anton Kracht",-0.731527985883112,,,,,,,,,-0.655399427023445,
"92f0b4ae-84a7-11f0-945e-7d52e4940a7e","Ahmed  Khairi Nasralla",0.0364630652002872,,,,,,,,,0.740850889672779,
"1ab62e4d-40c3-11f1-843e-0997ddd4f576","Johan Hinrich Rohwer",-0.762186311275662,,,,,,,,,-0.711137962620101,
"20a6348a-3956-11ef-afeb-f300d8784a69","Lucca Bialowas",-0.447938476002016,,,,,,,,,-0.287525092085518,0.0023849607182941
"39338341-dc14-11f0-8339-1bc403f17cbf","Mohab Mohamed  Abdelhak",-0.527650122022648,,,,,,,,,-0.284738165305685,
"94acddbf-acf0-11f0-8e7e-6b483bbaed0d","Xavier Apelt",-0.590499689077378,,,,,,,,,-0.399002163278829,
"31017ee9-5512-11f1-a6e5-d11057f33556","Niklas Herberger",-0.608894684312908,,,,,,,,,-0.432445284636823,
"9df538ab-46e9-11f1-865e-9f0143b26240","Samuel Kynast",-0.67021133509801,,,,,,,,,-0.543922355830134,
"a3edb278-852b-11f1-8b63-79d041eabc6f","Martin Hovde",-0.1520856359639,,,,,,,,,,1.15768799102132
"4460f950-7ba8-11f1-8c52-6b1fe9f718c5","Levin Wanner",-0.168947714929803,,,,,,,,,,1.11602132435466
"3763041f-8753-11f1-8c1c-09414ed55b68","Alem Hadzic",-0.685540497794285,,,,,,,,,,-0.160493827160494
"ed9f49c9-3955-11ef-acb3-a32b26a416b7","Jan Christian Schmidt",-0.498524712899725,,,,,,,,,-0.376706749040167,-0.00140291806958474
"82180e32-8758-11f1-856c-7d21c375c76e","Daniel  Dujshebaev",-0.592032605347005,,,,,,,,,,0.0705667789001123
"4cdeae84-8a8a-11f1-91ee-3f4737bb33fb","Dariel Garcia Rivera",-0.722330488265346,,,,,,,,,,-0.251402918069585
"6c2e3883-9555-11f1-bbde-f3d6bde57e8e","Sigvaldi Gudjonsson",-0.624223847009184,,,,,,,,,,-0.00897867564534229
"0e90a306-3956-11ef-956e-63392ed267d4","Hakun West  av Teigum",4.24125239278864,,,,,,,-0.213434022257552,2.99805852010983,3.26859347898112,0.8584455667789
"049c9fbd-7e8b-11f1-a90d-e7500b7de26c","Marcus Norrbrink",-0.547578033527806,,,,,,,,,,0.180415263748597
"e4a845fd-6865-11f0-891d-2d18bed13368","Tobias Grøndahl",2.03385296452497,,,,,,,,,3.12367328642981,1.49859708193042
"5145e9b8-3953-11ef-90a0-a9530db97767","Lukas Wucherpfennig",-0.299245597848144,,,,,,,,,,0.794051627384961
"9135407b-8a8b-11f1-a721-f34f4e12ad6f","Jonáš Josef",-0.67021133509801,,,,,,,,,,-0.122615039281706
"a22da207-3954-11ef-b0ba-85d73a57ae73","Mijajlo Marsenić",14.0197252767427,,1.73752634280965,2.3613237183625,7.00048329190831,5.26785562263823,2.27666552315609,2.42991520932698,3.02608935402714,1.38184404903432,0.0478395061728395
"1ea6784c-a862-11f1-92d4-87aa4f1f7365","Aymeric Zaepfel",-0.67021133509801,,,,,,,,,,-0.122615039281706
"001f8872-9250-11f1-926b-89b65127af63","Aymeric Minne",0.14683303661347,,,,,,,,,,1.89632435465769
"5ea1c047-97d3-11f1-ab81-f53bef464e88","Emil Bergholt",-0.518452624404883,,,,,,,,,,0.252384960718294
"a05fe51b-924f-11f1-bbf2-bf5561e74725","Simon Möller",-0.731527985883112,,,,,,,,,,-0.274130190796857
"e225bb18-75e5-11f1-aa06-e9e1cff1a3fe","Domen Makuc",0.304723412385107,,,,,,,,,,2.2864758698092
"1d7939e6-7b5c-11f1-828a-b5a62ff168a4","Nikola Roganovic",0.14070137153496,,,,,,,,,,1.88117283950617
"8b83519f-791d-11f1-8372-85aa3d374322","Alex Dujshebaev",-0.385088908947287,,,,,,,,,,0.581930415263749
"a3356804-3954-11ef-8a2f-85d73a57ae73","Merlin Fuß",-0.592032605347005,,,,,,,,,,0.0705667789001122
"9f9676b1-3954-11ef-bb81-85d73a57ae73","Janik Schrader",-0.454070141080526,,,,,,,,,,0.411475869809203
"31e27f09-784c-11f1-a206-0770e42693b9","Vladimir Cupara",-0.67021133509801,,,,,,,,,,-0.122615039281706
"a3300d77-3954-11ef-b253-85d73a57ae73","Mex Raguse",-0.346766002206598,,,,,,,,,,0.676627384960718
"0abdce32-402a-11ef-bb35-e12377e42666","Bennet Strobel",-0.745324232309759,,,,,,,,,,-0.308221099887767
"87dd39eb-8672-11f1-85b4-2541ecbc2945","Tim Hilding",-0.400418071643562,,,,,,,,,,0.544051627384961
"cc3ac7ee-745b-11f1-ac5f-9bfaac64eccf","Nikolaj Læsø",-0.029452334393697,,,,,,,,,,1.46071829405163
"9c717609-b4f9-11f1-8fb6-a3cdd305874c","Alois Mraz",-0.700869660490561,,,,,,,,,,-0.198372615039282
"e80ace3e-3954-11ef-b0e8-0119270b4993","Frieder Bandlow",-0.0999664827965639,,,,,,,,,,1.2864758698092
"10074d3c-784b-11f1-bdcf-99b75d46df35","Rubens Pierre",-0.647217591053597,,,,,,,,,,-0.0657968574635241
"f4d50281-3954-11ef-a9dc-4143a9146400","Gabriel Da Rocha Viana",-0.699336744220933,,,,,,,,,,-0.194584736251403
"e4804ce5-b4be-11f1-bbf4-e5690f15dc95","Zeb Bjerneld",-0.685540497794285,,,,,,,,,,-0.160493827160494
"5ca1d413-7b5b-11f1-baef-0130ae4df939","Garda Ingi Sindrason",-0.729995069613484,,,,,,,,,,-0.270342312008979
"bc05813f-d8fa-11f0-a873-0dd12a6d2d3b","Fabrice-Joel Wolf",-0.67021133509801,,,,,,,,,,-0.122615039281706
"73fc90c5-875b-11f1-832c-9787f158e33d","Oskar Vind Rasmussen",-0.173546463738686,,,,,,,,,,1.10465768799102
"5aa5f2ff-8b5d-11f1-9e11-5d02def43b02","Luca Sigrist",-0.662546753749872,,,,,,,,,,-0.103675645342312
"6af8bb1c-9795-11f1-a44d-9fb60ba104f9","Niclas Mierzwa",-0.461734722428664,,,,,,,,,,0.392536475869809
"343b428d-2f3e-11f0-ab37-e39ad5e0efb0","Leon Stehl",-0.513853875596001,,,,,,,,,,0.26374859708193
"c89cae77-852a-11f1-b27b-63d757589940","Nicolai Daling",-0.654882172401734,,,,,,,,,,-0.0847362514029181
"fddb443b-3954-11ef-81bc-0d6c0b831129","Elvar Örn Jónsson",7.86353353791852,,,,,4.16102332450159,1.15130703259005,3.31597774244833,2.77381184877135,0.94150961782074,-0.232463524130191
"38cc1ec4-3955-11ef-a2f8-bfbfc9e17c09","Janis Pavels Valkovskis",-0.593565521616633,,,,,,,,,,0.0667789001122335
"6f893c25-5e19-11f0-90b2-5fb098cd06e9","Hendrik  Pantel",-0.716198823186836,,,,,,,,,,-0.23625140291807
"f7464792-3955-11ef-a5db-e79bf7b1fa4b","Kristian van der Merwe",-0.716198823186836,,,,,,,,,,-0.23625140291807
"e2a198b5-76bf-11f0-b8e2-3958ec763839","Aitor Ariño",0.554588764334397,,,,,,,,,1.19511995478552,0.464506172839506
"b834d082-9e3f-11f1-9de5-83d0aafc3afa","Julian Kusche",-0.685540497794285,,,,,,,,,,-0.160493827160494
"baf7f865-9cb5-11f1-84d3-81476e18cade","Levi Fielitz",-0.634954260896576,,,,,,,,,,-0.0354938271604938
"75f95c14-8a89-11f1-8230-4b2af89ae61a","Dario Sanz de Nicolas",-0.67021133509801,,,,,,,,,,-0.122615039281706
"20bf34e7-3956-11ef-8ea6-f300d8784a69","Ben János Szilágyi",-0.665612586289127,,,,,,,-0.654345521992581,-0.836559559778051,,-0.0392817059483726
"269db5e3-9af2-11f1-8971-a52a5bb9966b","Felix Montebovi",-0.685540497794285,,,,,,,,,,-0.160493827160494
"9edfba7a-d206-11f0-8d2a-e9872e1e9256","Justus Püttmann",-0.67021133509801,,,,,,,,,,-0.122615039281706
"f2b80a5b-9d84-11f1-b47b-55ed64b67b5f","Quirin Osswald",-0.684007581524658,,,,,,,,,,-0.156705948372615
"e6814553-3954-11ef-b012-0119270b4993","Jona Bader",-0.624223847009184,,,,,,,,,,-0.00897867564534229
"d32683ba-a07d-11f1-aac7-11df7ebd7742","Dan Stypinski",-0.716198823186836,,,,,,,,,,-0.23625140291807
