"PlayerName","PlayerID","Position","Bib","Season","GameDate","GameId","HomeAway","TeamName","OpponentName","TeamScore","OpponentScore","GameWinner","goalsScored","shootingAccuracy","missedShots","fieldGoalsScored","fieldShots","sevenMetreGoalsScored","sevenMetreShots","nineMetreGoalsScored","nineMetreShots","sixMetreGoalsScored","sixMetreShots","wingGoalsScored","wingShots","pivotGoalsScored","pivotShots","fastBreakGoalsScored","fastBreakShots","backCourtGoalsScored","backCourtShots","assists","steals","technicalFaults","suspensions","yellowCards","blueCards","redCards","shots","twoMinuteSuspensions","timeBallPossession","timeOnPlayingField"
"Dietmar Balkenhol","8dfc784e-3955-11ef-b459-81dc40648355",NA,NA,1973,"9/8/1973","66ea8dc5-3960-11ef-a572-2906cc9fb6bc","home","TuSEM Essen","Polizei SV Hannover",12,11,TRUE,5,NA,NA,0,0,3,NA,0,0,0,0,0,0,NA,NA,NA,NA,NA,NA,NA,NA,0,0,0,0,NA,NA,NA,NA,NA
"Gerhard Wrobel","ae4fc714-3955-11ef-a106-a36230ada079",NA,NA,1973,"9/8/1973","66ea8dc5-3960-11ef-a572-2906cc9fb6bc","home","TuSEM Essen","Polizei SV Hannover",12,11,TRUE,1,NA,NA,0,0,0,NA,0,0,0,0,0,0,NA,NA,NA,NA,NA,NA,NA,NA,0,0,0,0,NA,NA,NA,NA,NA
"Anderko Govorko","bb91b676-3955-11ef-8109-ab397f561917",NA,NA,1973,"9/8/1973","66ea8dc5-3960-11ef-a572-2906cc9fb6bc","home","TuSEM Essen","Polizei SV Hannover",12,11,TRUE,1,NA,NA,0,0,0,NA,0,0,0,0,0,0,NA,NA,NA,NA,NA,NA,NA,NA,0,0,0,0,NA,NA,NA,NA,NA
"Herbert Buschmann","bd5ac595-3955-11ef-97f0-ab397f561917",NA,NA,1973,"9/8/1973","66ea8dc5-3960-11ef-a572-2906cc9fb6bc","home","TuSEM Essen","Polizei SV Hannover",12,11,TRUE,0,NA,NA,0,0,0,NA,0,0,0,0,0,0,NA,NA,NA,NA,NA,NA,NA,NA,0,0,0,0,NA,NA,NA,NA,NA
"Bernd Weigel","bd601a58-3955-11ef-8511-ab397f561917",NA,NA,1973,"9/8/1973","66ea8dc5-3960-11ef-a572-2906cc9fb6bc","home","TuSEM Essen","Polizei SV Hannover",12,11,TRUE,0,NA,NA,0,0,0,NA,0,0,0,0,0,0,NA,NA,NA,NA,NA,NA,NA,NA,0,0,0,0,NA,NA,NA,NA,NA
"Klaus Schäfer","bd6f7a4d-3955-11ef-9f92-ab397f561917",NA,NA,1973,"9/8/1973","66ea8dc5-3960-11ef-a572-2906cc9fb6bc","home","TuSEM Essen","Polizei SV Hannover",12,11,TRUE,0,NA,NA,0,0,0,NA,0,0,0,0,0,0,NA,NA,NA,NA,NA,NA,NA,NA,0,0,0,0,NA,NA,NA,NA,NA
"Alwin Loerke","bd738ab4-3955-11ef-9585-ab397f561917",NA,NA,1973,"9/8/1973","66ea8dc5-3960-11ef-a572-2906cc9fb6bc","home","TuSEM Essen","Polizei SV Hannover",12,11,TRUE,2,NA,NA,0,0,0,NA,0,0,0,0,0,0,NA,NA,NA,NA,NA,NA,NA,NA,0,0,0,0,NA,NA,NA,NA,NA
"Gerhard Schmidt","bd78314d-3955-11ef-8668-ab397f561917",NA,NA,1973,"9/8/1973","66ea8dc5-3960-11ef-a572-2906cc9fb6bc","home","TuSEM Essen","Polizei SV Hannover",12,11,TRUE,0,NA,NA,0,0,0,NA,0,0,0,0,0,0,NA,NA,NA,NA,NA,NA,NA,NA,0,0,0,0,NA,NA,NA,NA,NA
"Manfred Benning","bd7cb1bd-3955-11ef-883f-ab397f561917",NA,NA,1973,"9/8/1973","66ea8dc5-3960-11ef-a572-2906cc9fb6bc","home","TuSEM Essen","Polizei SV Hannover",12,11,TRUE,0,NA,NA,0,0,0,NA,0,0,0,0,0,0,NA,NA,NA,NA,NA,NA,NA,NA,0,0,0,0,NA,NA,NA,NA,NA
"Peter Fischer","bd861af2-3955-11ef-a655-ab397f561917",NA,NA,1973,"9/8/1973","66ea8dc5-3960-11ef-a572-2906cc9fb6bc","home","TuSEM Essen","Polizei SV Hannover",12,11,TRUE,1,NA,NA,0,0,0,NA,0,0,0,0,0,0,NA,NA,NA,NA,NA,NA,NA,NA,0,0,0,0,NA,NA,NA,NA,NA
"Wolfgang Schütte","bd8b9463-3955-11ef-84e4-ab397f561917",NA,NA,1973,"9/8/1973","66ea8dc5-3960-11ef-a572-2906cc9fb6bc","home","TuSEM Essen","Polizei SV Hannover",12,11,TRUE,0,NA,NA,0,0,0,NA,0,0,0,0,0,0,NA,NA,NA,NA,NA,NA,NA,NA,0,0,0,0,NA,NA,NA,NA,NA
"Peter Meuter","bd905293-3955-11ef-a264-ab397f561917",NA,NA,1973,"9/8/1973","66ea8dc5-3960-11ef-a572-2906cc9fb6bc","home","TuSEM Essen","Polizei SV Hannover",12,11,TRUE,2,NA,NA,0,0,0,NA,0,0,0,0,0,0,NA,NA,NA,NA,NA,NA,NA,NA,0,0,0,0,NA,NA,NA,NA,NA
"Reinhard Wittler","a35063de-3955-11ef-9881-2510cc07ea6e",NA,NA,1973,"9/8/1973","66ea8dc5-3960-11ef-a572-2906cc9fb6bc","away","Polizei SV Hannover","TuSEM Essen",11,12,FALSE,0,NA,NA,0,0,0,NA,0,0,0,0,0,0,NA,NA,NA,NA,NA,NA,NA,NA,0,0,0,0,NA,NA,NA,NA,NA
"Edmund Franke","a36ab088-3955-11ef-8296-2510cc07ea6e",NA,NA,1973,"9/8/1973","66ea8dc5-3960-11ef-a572-2906cc9fb6bc","away","Polizei SV Hannover","TuSEM Essen",11,12,FALSE,5,NA,NA,0,0,2,NA,0,0,0,0,0,0,NA,NA,NA,NA,NA,NA,NA,NA,0,0,0,0,NA,NA,NA,NA,NA
"Wolfgang Franke","a36fd3c4-3955-11ef-bc80-2510cc07ea6e",NA,NA,1973,"9/8/1973","66ea8dc5-3960-11ef-a572-2906cc9fb6bc","away","Polizei SV Hannover","TuSEM Essen",11,12,FALSE,0,NA,NA,0,0,0,NA,0,0,0,0,0,0,NA,NA,NA,NA,NA,NA,NA,NA,0,0,0,0,NA,NA,NA,NA,NA
"Jürgen Kloth","a37512a6-3955-11ef-9d81-2510cc07ea6e",NA,NA,1973,"9/8/1973","66ea8dc5-3960-11ef-a572-2906cc9fb6bc","away","Polizei SV Hannover","TuSEM Essen",11,12,FALSE,0,NA,NA,0,0,0,NA,0,0,0,0,0,0,NA,NA,NA,NA,NA,NA,NA,NA,0,0,0,0,NA,NA,NA,NA,NA
"Gerd Haase","bb322e8e-3955-11ef-8a6a-ab397f561917",NA,NA,1973,"9/8/1973","66ea8dc5-3960-11ef-a572-2906cc9fb6bc","away","Polizei SV Hannover","TuSEM Essen",11,12,FALSE,3,NA,NA,0,0,3,NA,0,0,0,0,0,0,NA,NA,NA,NA,NA,NA,NA,NA,0,0,0,0,NA,NA,NA,NA,NA
"Hartmut Schnelle","bb3a7260-3955-11ef-99cf-ab397f561917",NA,NA,1973,"9/8/1973","66ea8dc5-3960-11ef-a572-2906cc9fb6bc","away","Polizei SV Hannover","TuSEM Essen",11,12,FALSE,0,NA,NA,0,0,0,NA,0,0,0,0,0,0,NA,NA,NA,NA,NA,NA,NA,NA,0,0,0,0,NA,NA,NA,NA,NA
"Hans-Jürgen Deutsch","bb3e76d6-3955-11ef-a5a8-ab397f561917",NA,NA,1973,"9/8/1973","66ea8dc5-3960-11ef-a572-2906cc9fb6bc","away","Polizei SV Hannover","TuSEM Essen",11,12,FALSE,1,NA,NA,0,0,0,NA,0,0,0,0,0,0,NA,NA,NA,NA,NA,NA,NA,NA,0,0,0,0,NA,NA,NA,NA,NA
"Dieter Hartung","bb482ed5-3955-11ef-bef1-ab397f561917",NA,NA,1973,"9/8/1973","66ea8dc5-3960-11ef-a572-2906cc9fb6bc","away","Polizei SV Hannover","TuSEM Essen",11,12,FALSE,2,NA,NA,0,0,0,NA,0,0,0,0,0,0,NA,NA,NA,NA,NA,NA,NA,NA,0,0,0,0,NA,NA,NA,NA,NA
"Jürgen Fey","bb504d63-3955-11ef-8740-ab397f561917",NA,NA,1973,"9/8/1973","66ea8dc5-3960-11ef-a572-2906cc9fb6bc","away","Polizei SV Hannover","TuSEM Essen",11,12,FALSE,0,NA,NA,0,0,0,NA,0,0,0,0,0,0,NA,NA,NA,NA,NA,NA,NA,NA,0,0,0,0,NA,NA,NA,NA,NA
"Wolfgang Künkler","bb635a87-3955-11ef-83b0-ab397f561917",NA,NA,1973,"9/8/1973","66ea8dc5-3960-11ef-a572-2906cc9fb6bc","away","Polizei SV Hannover","TuSEM Essen",11,12,FALSE,0,NA,NA,0,0,0,NA,0,0,0,0,0,0,NA,NA,NA,NA,NA,NA,NA,NA,0,0,0,0,NA,NA,NA,NA,NA
"Eckhard Jordan","bd9e706c-3955-11ef-ae61-ab397f561917",NA,NA,1973,"9/8/1973","66ea8dc5-3960-11ef-a572-2906cc9fb6bc","away","Polizei SV Hannover","TuSEM Essen",11,12,FALSE,0,NA,NA,0,0,0,NA,0,0,0,0,0,0,NA,NA,NA,NA,NA,NA,NA,NA,0,0,0,0,NA,NA,NA,NA,NA
"Siegfried Hacke","bda8ac11-3955-11ef-8226-ab397f561917",NA,NA,1973,"9/8/1973","66ea8dc5-3960-11ef-a572-2906cc9fb6bc","away","Polizei SV Hannover","TuSEM Essen",11,12,FALSE,0,NA,NA,0,0,0,NA,0,0,0,0,0,0,NA,NA,NA,NA,NA,NA,NA,NA,0,0,0,0,NA,NA,NA,NA,NA
"Heiner Brand","44e82d45-3955-11ef-bc71-4fa817cd91bb",NA,NA,1973,"9/14/1973","5b52a2db-3960-11ef-9651-7b2e16e5ffcd","home","VfL Gummersbach","Hamburger SV",18,14,TRUE,0,NA,NA,0,0,0,NA,0,0,0,0,0,0,NA,NA,NA,NA,NA,NA,NA,NA,0,0,0,0,NA,NA,NA,NA,NA
"Klaus Westebbe","8c58f63a-3955-11ef-b65e-81dc40648355",NA,NA,1973,"9/14/1973","5b52a2db-3960-11ef-9651-7b2e16e5ffcd","home","VfL Gummersbach","Hamburger SV",18,14,TRUE,2,NA,NA,0,0,0,NA,0,0,0,0,0,0,NA,NA,NA,NA,NA,NA,NA,NA,0,0,0,0,NA,NA,NA,NA,NA
"Klaus Kater","8da1f6ef-3955-11ef-b31a-81dc40648355",NA,NA,1973,"9/14/1973","5b52a2db-3960-11ef-9651-7b2e16e5ffcd","home","VfL Gummersbach","Hamburger SV",18,14,TRUE,0,NA,NA,0,0,0,NA,0,0,0,0,0,0,NA,NA,NA,NA,NA,NA,NA,NA,0,0,0,0,NA,NA,NA,NA,NA
"Klaus Schlagheck","97a06613-3955-11ef-8056-292be3190b7b",NA,NA,1973,"9/14/1973","5b52a2db-3960-11ef-9651-7b2e16e5ffcd","home","VfL Gummersbach","Hamburger SV",18,14,TRUE,2,NA,NA,0,0,0,NA,0,0,0,0,0,0,NA,NA,NA,NA,NA,NA,NA,NA,0,0,0,0,NA,NA,NA,NA,NA
"Joachim Deckarm","9976945f-3955-11ef-afc4-292be3190b7b",NA,NA,1973,"9/14/1973","5b52a2db-3960-11ef-9651-7b2e16e5ffcd","home","VfL Gummersbach","Hamburger SV",18,14,TRUE,3,NA,NA,0,0,0,NA,0,0,0,0,0,0,NA,NA,NA,NA,NA,NA,NA,NA,0,0,0,0,NA,NA,NA,NA,NA
"Achim Henseler","a182e874-3955-11ef-95ce-2510cc07ea6e",NA,NA,1973,"9/14/1973","5b52a2db-3960-11ef-9651-7b2e16e5ffcd","home","VfL Gummersbach","Hamburger SV",18,14,TRUE,1,NA,NA,0,0,0,NA,0,0,0,0,0,0,NA,NA,NA,NA,NA,NA,NA,NA,0,0,0,0,NA,NA,NA,NA,NA
"Ralf Hamann","a28aa62f-3955-11ef-9677-2510cc07ea6e",NA,NA,1973,"9/14/1973","5b52a2db-3960-11ef-9651-7b2e16e5ffcd","home","VfL Gummersbach","Hamburger SV",18,14,TRUE,0,NA,NA,0,0,0,NA,0,0,0,0,0,0,NA,NA,NA,NA,NA,NA,NA,NA,0,0,0,0,NA,NA,NA,NA,NA
"Jochen Feldhoff","a32751a5-3955-11ef-badf-2510cc07ea6e",NA,NA,1973,"9/14/1973","5b52a2db-3960-11ef-9651-7b2e16e5ffcd","home","VfL Gummersbach","Hamburger SV",18,14,TRUE,3,NA,NA,0,0,0,NA,0,0,0,0,0,0,NA,NA,NA,NA,NA,NA,NA,NA,0,0,0,0,NA,NA,NA,NA,NA
"Werner Lettgen","ae263c3c-3955-11ef-96f7-a36230ada079",NA,NA,1973,"9/14/1973","5b52a2db-3960-11ef-9651-7b2e16e5ffcd","home","VfL Gummersbach","Hamburger SV",18,14,TRUE,1,NA,NA,0,0,0,NA,0,0,0,0,0,0,NA,NA,NA,NA,NA,NA,NA,NA,0,0,0,0,NA,NA,NA,NA,NA
"Hans-Günther Schmidt","aff5702f-3955-11ef-9878-a36230ada079",NA,NA,1973,"9/14/1973","5b52a2db-3960-11ef-9651-7b2e16e5ffcd","home","VfL Gummersbach","Hamburger SV",18,14,TRUE,4,NA,NA,0,0,0,NA,0,0,0,0,0,0,NA,NA,NA,NA,NA,NA,NA,NA,0,0,0,0,NA,NA,NA,NA,NA
"Helmut Kosmehl","bc7d7cdd-3955-11ef-a338-ab397f561917",NA,NA,1973,"9/14/1973","5b52a2db-3960-11ef-9651-7b2e16e5ffcd","home","VfL Gummersbach","Hamburger SV",18,14,TRUE,2,NA,NA,0,0,2,NA,0,0,0,0,0,0,NA,NA,NA,NA,NA,NA,NA,NA,0,0,0,0,NA,NA,NA,NA,NA
"Bruno Zay","bce5dbb8-3955-11ef-ac9b-ab397f561917",NA,NA,1973,"9/14/1973","5b52a2db-3960-11ef-9651-7b2e16e5ffcd","home","VfL Gummersbach","Hamburger SV",18,14,TRUE,0,NA,NA,0,0,0,NA,0,0,0,0,0,0,NA,NA,NA,NA,NA,NA,NA,NA,0,0,0,0,NA,NA,NA,NA,NA
"Peter Pickel","8c973b42-3955-11ef-8c71-81dc40648355",NA,NA,1973,"9/14/1973","5b52a2db-3960-11ef-9651-7b2e16e5ffcd","away","Hamburger SV","VfL Gummersbach",14,18,FALSE,7,NA,NA,0,0,3,NA,0,0,0,0,0,0,NA,NA,NA,NA,NA,NA,NA,NA,0,0,0,0,NA,NA,NA,NA,NA
"Hans-Jürgen Bode","b011e6da-3955-11ef-8205-a36230ada079",NA,NA,1973,"9/14/1973","5b52a2db-3960-11ef-9651-7b2e16e5ffcd","away","Hamburger SV","VfL Gummersbach",14,18,FALSE,0,NA,NA,0,0,0,NA,0,0,0,0,0,0,NA,NA,NA,NA,NA,NA,NA,NA,0,0,0,0,NA,NA,NA,NA,NA
"Rainer Witt","b02adaad-3955-11ef-b8c4-a36230ada079",NA,NA,1973,"9/14/1973","5b52a2db-3960-11ef-9651-7b2e16e5ffcd","away","Hamburger SV","VfL Gummersbach",14,18,FALSE,0,NA,NA,0,0,0,NA,0,0,0,0,0,0,NA,NA,NA,NA,NA,NA,NA,NA,0,0,0,0,NA,NA,NA,NA,NA
"Jens Ivers","b02f4aea-3955-11ef-801e-a36230ada079",NA,NA,1973,"9/14/1973","5b52a2db-3960-11ef-9651-7b2e16e5ffcd","away","Hamburger SV","VfL Gummersbach",14,18,FALSE,1,NA,NA,0,0,0,NA,0,0,0,0,0,0,NA,NA,NA,NA,NA,NA,NA,NA,0,0,0,0,NA,NA,NA,NA,NA
"Klaus Porepp","b0396b18-3955-11ef-b5cf-a36230ada079",NA,NA,1973,"9/14/1973","5b52a2db-3960-11ef-9651-7b2e16e5ffcd","away","Hamburger SV","VfL Gummersbach",14,18,FALSE,1,NA,NA,0,0,0,NA,0,0,0,0,0,0,NA,NA,NA,NA,NA,NA,NA,NA,0,0,0,0,NA,NA,NA,NA,NA
"Norbert Germer","b03f8101-3955-11ef-8945-a36230ada079",NA,NA,1973,"9/14/1973","5b52a2db-3960-11ef-9651-7b2e16e5ffcd","away","Hamburger SV","VfL Gummersbach",14,18,FALSE,0,NA,NA,0,0,0,NA,0,0,0,0,0,0,NA,NA,NA,NA,NA,NA,NA,NA,0,0,0,0,NA,NA,NA,NA,NA
"Bernd Eppler","b0442222-3955-11ef-841b-a36230ada079",NA,NA,1973,"9/14/1973","5b52a2db-3960-11ef-9651-7b2e16e5ffcd","away","Hamburger SV","VfL Gummersbach",14,18,FALSE,0,NA,NA,0,0,0,NA,0,0,0,0,0,0,NA,NA,NA,NA,NA,NA,NA,NA,0,0,0,0,NA,NA,NA,NA,NA
"Hartwig Reich","ba6cb3c8-3955-11ef-9f64-ab397f561917",NA,NA,1973,"9/14/1973","5b52a2db-3960-11ef-9651-7b2e16e5ffcd","away","Hamburger SV","VfL Gummersbach",14,18,FALSE,3,NA,NA,0,0,0,NA,0,0,0,0,0,0,NA,NA,NA,NA,NA,NA,NA,NA,0,0,0,0,NA,NA,NA,NA,NA
"Michael Taubert","ba7ad888-3955-11ef-9650-ab397f561917",NA,NA,1973,"9/14/1973","5b52a2db-3960-11ef-9651-7b2e16e5ffcd","away","Hamburger SV","VfL Gummersbach",14,18,FALSE,2,NA,NA,0,0,0,NA,0,0,0,0,0,0,NA,NA,NA,NA,NA,NA,NA,NA,0,0,0,0,NA,NA,NA,NA,NA
"Dieter Wolf","bd04bea6-3955-11ef-abe3-ab397f561917",NA,NA,1973,"9/14/1973","5b52a2db-3960-11ef-9651-7b2e16e5ffcd","away","Hamburger SV","VfL Gummersbach",14,18,FALSE,0,NA,NA,0,0,0,NA,0,0,0,0,0,0,NA,NA,NA,NA,NA,NA,NA,NA,0,0,0,0,NA,NA,NA,NA,NA
"Dirk Ahnsorge","bd088b85-3955-11ef-818a-ab397f561917",NA,NA,1973,"9/14/1973","5b52a2db-3960-11ef-9651-7b2e16e5ffcd","away","Hamburger SV","VfL Gummersbach",14,18,FALSE,0,NA,NA,0,0,0,NA,0,0,0,0,0,0,NA,NA,NA,NA,NA,NA,NA,NA,0,0,0,0,NA,NA,NA,NA,NA
"Dieter Minke","bd0cde0f-3955-11ef-91c1-ab397f561917",NA,NA,1973,"9/14/1973","5b52a2db-3960-11ef-9651-7b2e16e5ffcd","away","Hamburger SV","VfL Gummersbach",14,18,FALSE,0,NA,NA,0,0,0,NA,0,0,0,0,0,0,NA,NA,NA,NA,NA,NA,NA,NA,0,0,0,0,NA,NA,NA,NA,NA
"Bernhard Busch","8dc9280f-3955-11ef-80e2-81dc40648355",NA,NA,1973,"9/14/1973","5c8f2986-3960-11ef-9d72-7b2e16e5ffcd","home","GWD Minden","TV Grambke Bremen",22,8,TRUE,3,NA,NA,0,0,2,NA,0,0,0,0,0,0,NA,NA,NA,NA,NA,NA,NA,NA,0,0,0,0,NA,NA,NA,NA,NA
"Gerd Becker","96f1e245-3955-11ef-80bc-292be3190b7b",NA,NA,1973,"9/14/1973","5c8f2986-3960-11ef-9d72-7b2e16e5ffcd","home","GWD Minden","TV Grambke Bremen",22,8,TRUE,2,NA,NA,0,0,0,NA,0,0,0,0,0,0,NA,NA,NA,NA,NA,NA,NA,NA,0,0,0,0,NA,NA,NA,NA,NA
"Gerald Schüler","96fc1532-3955-11ef-bddd-292be3190b7b",NA,NA,1973,"9/14/1973","5c8f2986-3960-11ef-9d72-7b2e16e5ffcd","home","GWD Minden","TV Grambke Bremen",22,8,TRUE,0,NA,NA,0,0,0,NA,0,0,0,0,0,0,NA,NA,NA,NA,NA,NA,NA,NA,0,0,0,0,NA,NA,NA,NA,NA
"Gerhard Buddenbohm","98e2ecac-3955-11ef-b2de-292be3190b7b",NA,NA,1973,"9/14/1973","5c8f2986-3960-11ef-9d72-7b2e16e5ffcd","home","GWD Minden","TV Grambke Bremen",22,8,TRUE,2,NA,NA,0,0,0,NA,0,0,0,0,0,0,NA,NA,NA,NA,NA,NA,NA,NA,0,0,0,0,NA,NA,NA,NA,NA
"Hans Kramer","98f50290-3955-11ef-8aa8-292be3190b7b",NA,NA,1973,"9/14/1973","5c8f2986-3960-11ef-9d72-7b2e16e5ffcd","home","GWD Minden","TV Grambke Bremen",22,8,TRUE,2,NA,NA,0,0,0,NA,0,0,0,0,0,0,NA,NA,NA,NA,NA,NA,NA,NA,0,0,0,0,NA,NA,NA,NA,NA
"Wilfried Meyer","a34b2aa0-3955-11ef-a79c-2510cc07ea6e",NA,NA,1973,"9/14/1973","5c8f2986-3960-11ef-9d72-7b2e16e5ffcd","home","GWD Minden","TV Grambke Bremen",22,8,TRUE,0,NA,NA,0,0,0,NA,0,0,0,0,0,0,NA,NA,NA,NA,NA,NA,NA,NA,0,0,0,0,NA,NA,NA,NA,NA
"Jobst-Erich Rehse","b00be251-3955-11ef-ac35-a36230ada079",NA,NA,1973,"9/14/1973","5c8f2986-3960-11ef-9d72-7b2e16e5ffcd","home","GWD Minden","TV Grambke Bremen",22,8,TRUE,1,NA,NA,0,0,0,NA,0,0,0,0,0,0,NA,NA,NA,NA,NA,NA,NA,NA,0,0,0,0,NA,NA,NA,NA,NA
"Bernd Munck","ba5ee5e3-3955-11ef-9f80-ab397f561917",NA,NA,1973,"9/14/1973","5c8f2986-3960-11ef-9d72-7b2e16e5ffcd","home","GWD Minden","TV Grambke Bremen",22,8,TRUE,4,NA,NA,0,0,0,NA,0,0,0,0,0,0,NA,NA,NA,NA,NA,NA,NA,NA,0,0,0,0,NA,NA,NA,NA,NA
"Wilfried Drögemeier","ba63ada7-3955-11ef-a04d-ab397f561917",NA,NA,1973,"9/14/1973","5c8f2986-3960-11ef-9d72-7b2e16e5ffcd","home","GWD Minden","TV Grambke Bremen",22,8,TRUE,2,NA,NA,0,0,0,NA,0,0,0,0,0,0,NA,NA,NA,NA,NA,NA,NA,NA,0,0,0,0,NA,NA,NA,NA,NA
"Otto Weng","bcfbec1c-3955-11ef-b4f4-ab397f561917",NA,NA,1973,"9/14/1973","5c8f2986-3960-11ef-9d72-7b2e16e5ffcd","home","GWD Minden","TV Grambke Bremen",22,8,TRUE,6,NA,NA,0,0,1,NA,0,0,0,0,0,0,NA,NA,NA,NA,NA,NA,NA,NA,0,0,0,0,NA,NA,NA,NA,NA
"Burkhard Krocker","bcffdc62-3955-11ef-b52a-ab397f561917",NA,NA,1973,"9/14/1973","5c8f2986-3960-11ef-9d72-7b2e16e5ffcd","home","GWD Minden","TV Grambke Bremen",22,8,TRUE,0,NA,NA,0,0,0,NA,0,0,0,0,0,0,NA,NA,NA,NA,NA,NA,NA,NA,0,0,0,0,NA,NA,NA,NA,NA
"Hans-Jörg Graeper","964d8ebc-3955-11ef-a25b-292be3190b7b",NA,NA,1973,"9/14/1973","5c8f2986-3960-11ef-9d72-7b2e16e5ffcd","away","TV Grambke Bremen","GWD Minden",8,22,FALSE,0,NA,NA,0,0,0,NA,0,0,0,0,0,0,NA,NA,NA,NA,NA,NA,NA,NA,0,0,0,0,NA,NA,NA,NA,NA
"Rolf Harjes","9854972c-3955-11ef-b163-292be3190b7b",NA,NA,1973,"9/14/1973","5c8f2986-3960-11ef-9d72-7b2e16e5ffcd","away","TV Grambke Bremen","GWD Minden",8,22,FALSE,5,NA,NA,0,0,1,NA,0,0,0,0,0,0,NA,NA,NA,NA,NA,NA,NA,NA,0,0,0,0,NA,NA,NA,NA,NA
"Wilfried Lankenau","a547caa3-3955-11ef-8b17-2510cc07ea6e",NA,NA,1973,"9/14/1973","5c8f2986-3960-11ef-9d72-7b2e16e5ffcd","away","TV Grambke Bremen","GWD Minden",8,22,FALSE,2,NA,NA,0,0,0,NA,0,0,0,0,0,0,NA,NA,NA,NA,NA,NA,NA,NA,0,0,0,0,NA,NA,NA,NA,NA
"Willi Hohn","a54d65b4-3955-11ef-86a4-2510cc07ea6e",NA,NA,1973,"9/14/1973","5c8f2986-3960-11ef-9d72-7b2e16e5ffcd","away","TV Grambke Bremen","GWD Minden",8,22,FALSE,1,NA,NA,0,0,0,NA,0,0,0,0,0,0,NA,NA,NA,NA,NA,NA,NA,NA,0,0,0,0,NA,NA,NA,NA,NA
"Peter Wilde","a5638a05-3955-11ef-8647-2510cc07ea6e",NA,NA,1973,"9/14/1973","5c8f2986-3960-11ef-9d72-7b2e16e5ffcd","away","TV Grambke Bremen","GWD Minden",8,22,FALSE,0,NA,NA,0,0,0,NA,0,0,0,0,0,0,NA,NA,NA,NA,NA,NA,NA,NA,0,0,0,0,NA,NA,NA,NA,NA
"Rainer Lange","ba95832e-3955-11ef-aa24-ab397f561917",NA,NA,1973,"9/14/1973","5c8f2986-3960-11ef-9d72-7b2e16e5ffcd","away","TV Grambke Bremen","GWD Minden",8,22,FALSE,0,NA,NA,0,0,0,NA,0,0,0,0,0,0,NA,NA,NA,NA,NA,NA,NA,NA,0,0,0,0,NA,NA,NA,NA,NA
"Klaus Hohn","baa006c5-3955-11ef-942e-ab397f561917",NA,NA,1973,"9/14/1973","5c8f2986-3960-11ef-9d72-7b2e16e5ffcd","away","TV Grambke Bremen","GWD Minden",8,22,FALSE,0,NA,NA,0,0,0,NA,0,0,0,0,0,0,NA,NA,NA,NA,NA,NA,NA,NA,0,0,0,0,NA,NA,NA,NA,NA
"Karl-Heinz Bierwirth","baa76751-3955-11ef-b78b-ab397f561917",NA,NA,1973,"9/14/1973","5c8f2986-3960-11ef-9d72-7b2e16e5ffcd","away","TV Grambke Bremen","GWD Minden",8,22,FALSE,0,NA,NA,0,0,0,NA,0,0,0,0,0,0,NA,NA,NA,NA,NA,NA,NA,NA,0,0,0,0,NA,NA,NA,NA,NA
"Günter Heermann","baabe2e5-3955-11ef-9d71-ab397f561917",NA,NA,1973,"9/14/1973","5c8f2986-3960-11ef-9d72-7b2e16e5ffcd","away","TV Grambke Bremen","GWD Minden",8,22,FALSE,0,NA,NA,0,0,0,NA,0,0,0,0,0,0,NA,NA,NA,NA,NA,NA,NA,NA,0,0,0,0,NA,NA,NA,NA,NA
"Günter Meßmer","babf1fc6-3955-11ef-975c-ab397f561917",NA,NA,1973,"9/14/1973","5c8f2986-3960-11ef-9d72-7b2e16e5ffcd","away","TV Grambke Bremen","GWD Minden",8,22,FALSE,0,NA,NA,0,0,0,NA,0,0,0,0,0,0,NA,NA,NA,NA,NA,NA,NA,NA,0,0,0,0,NA,NA,NA,NA,NA
"Reimer Hinrichs","baf246ff-3955-11ef-b172-ab397f561917",NA,NA,1973,"9/14/1973","5c8f2986-3960-11ef-9d72-7b2e16e5ffcd","away","TV Grambke Bremen","GWD Minden",8,22,FALSE,0,NA,NA,0,0,0,NA,0,0,0,0,0,0,NA,NA,NA,NA,NA,NA,NA,NA,0,0,0,0,NA,NA,NA,NA,NA
"Heino Gutzeit","bd1f637f-3955-11ef-b9a0-ab397f561917",NA,NA,1973,"9/14/1973","5c8f2986-3960-11ef-9d72-7b2e16e5ffcd","away","TV Grambke Bremen","GWD Minden",8,22,FALSE,0,NA,NA,0,0,0,NA,0,0,0,0,0,0,NA,NA,NA,NA,NA,NA,NA,NA,0,0,0,0,NA,NA,NA,NA,NA
"Horst Rampp","8c760463-3955-11ef-b11d-81dc40648355",NA,NA,1973,"9/14/1973","6685f82b-3960-11ef-8731-2906cc9fb6bc","home","Füchse Berlin","VfL Lübeck-Schwartau",14,14,FALSE,0,NA,NA,0,0,0,NA,0,0,0,0,0,0,NA,NA,NA,NA,NA,NA,NA,NA,0,0,0,0,NA,NA,NA,NA,NA
"Hartmut Alsen","a5dc4676-3955-11ef-ac19-2510cc07ea6e",NA,NA,1973,"9/14/1973","6685f82b-3960-11ef-8731-2906cc9fb6bc","home","Füchse Berlin","VfL Lübeck-Schwartau",14,14,FALSE,0,NA,NA,0,0,0,NA,0,0,0,0,0,0,NA,NA,NA,NA,NA,NA,NA,NA,0,0,0,0,NA,NA,NA,NA,NA
"Diethard Finkelmann","a60bdcf9-3955-11ef-bfa1-2510cc07ea6e",NA,NA,1973,"9/14/1973","6685f82b-3960-11ef-8731-2906cc9fb6bc","home","Füchse Berlin","VfL Lübeck-Schwartau",14,14,FALSE,7,NA,NA,0,0,2,NA,0,0,0,0,0,0,NA,NA,NA,NA,NA,NA,NA,NA,0,0,0,0,NA,NA,NA,NA,NA
"Jochen Oermann","b193e84b-3955-11ef-bdbf-a36230ada079",NA,NA,1973,"9/14/1973","6685f82b-3960-11ef-8731-2906cc9fb6bc","home","Füchse Berlin","VfL Lübeck-Schwartau",14,14,FALSE,0,NA,NA,0,0,0,NA,0,0,0,0,0,0,NA,NA,NA,NA,NA,NA,NA,NA,0,0,0,0,NA,NA,NA,NA,NA
"Bernd Goerigk","b1b21b0c-3955-11ef-a303-a36230ada079",NA,NA,1973,"9/14/1973","6685f82b-3960-11ef-8731-2906cc9fb6bc","home","Füchse Berlin","VfL Lübeck-Schwartau",14,14,FALSE,0,NA,NA,0,0,0,NA,0,0,0,0,0,0,NA,NA,NA,NA,NA,NA,NA,NA,0,0,0,0,NA,NA,NA,NA,NA
"Lutz Loewke","b1b73b08-3955-11ef-b76a-a36230ada079",NA,NA,1973,"9/14/1973","6685f82b-3960-11ef-8731-2906cc9fb6bc","home","Füchse Berlin","VfL Lübeck-Schwartau",14,14,FALSE,5,NA,NA,0,0,2,NA,0,0,0,0,0,0,NA,NA,NA,NA,NA,NA,NA,NA,0,0,0,0,NA,NA,NA,NA,NA
"Werner Reinke","b1bc1a3c-3955-11ef-8a0a-a36230ada079",NA,NA,1973,"9/14/1973","6685f82b-3960-11ef-8731-2906cc9fb6bc","home","Füchse Berlin","VfL Lübeck-Schwartau",14,14,FALSE,0,NA,NA,0,0,0,NA,0,0,0,0,0,0,NA,NA,NA,NA,NA,NA,NA,NA,0,0,0,0,NA,NA,NA,NA,NA
"Sigmar Artelt","bdbc9392-3955-11ef-a3be-ab397f561917",NA,NA,1973,"9/14/1973","6685f82b-3960-11ef-8731-2906cc9fb6bc","home","Füchse Berlin","VfL Lübeck-Schwartau",14,14,FALSE,1,NA,NA,0,0,0,NA,0,0,0,0,0,0,NA,NA,NA,NA,NA,NA,NA,NA,0,0,0,0,NA,NA,NA,NA,NA
"Detlef Fischer","bdc0cf9c-3955-11ef-a866-ab397f561917",NA,NA,1973,"9/14/1973","6685f82b-3960-11ef-8731-2906cc9fb6bc","home","Füchse Berlin","VfL Lübeck-Schwartau",14,14,FALSE,0,NA,NA,0,0,0,NA,0,0,0,0,0,0,NA,NA,NA,NA,NA,NA,NA,NA,0,0,0,0,NA,NA,NA,NA,NA
"Henry Johannes","bdc98fce-3955-11ef-9f6e-ab397f561917",NA,NA,1973,"9/14/1973","6685f82b-3960-11ef-8731-2906cc9fb6bc","home","Füchse Berlin","VfL Lübeck-Schwartau",14,14,FALSE,1,NA,NA,0,0,0,NA,0,0,0,0,0,0,NA,NA,NA,NA,NA,NA,NA,NA,0,0,0,0,NA,NA,NA,NA,NA
"Horst Waisznor","bdce772f-3955-11ef-a781-ab397f561917",NA,NA,1973,"9/14/1973","6685f82b-3960-11ef-8731-2906cc9fb6bc","home","Füchse Berlin","VfL Lübeck-Schwartau",14,14,FALSE,0,NA,NA,0,0,0,NA,0,0,0,0,0,0,NA,NA,NA,NA,NA,NA,NA,NA,0,0,0,0,NA,NA,NA,NA,NA
"Lothar Wiehle","bdd3883f-3955-11ef-aaf9-ab397f561917",NA,NA,1973,"9/14/1973","6685f82b-3960-11ef-8731-2906cc9fb6bc","home","Füchse Berlin","VfL Lübeck-Schwartau",14,14,FALSE,0,NA,NA,0,0,0,NA,0,0,0,0,0,0,NA,NA,NA,NA,NA,NA,NA,NA,0,0,0,0,NA,NA,NA,NA,NA
"Harald Lüth","a552c518-3955-11ef-8a68-2510cc07ea6e",NA,NA,1973,"9/14/1973","6685f82b-3960-11ef-8731-2906cc9fb6bc","away","VfL Lübeck-Schwartau","Füchse Berlin",14,14,FALSE,0,NA,NA,0,0,0,NA,0,0,0,0,0,0,NA,NA,NA,NA,NA,NA,NA,NA,0,0,0,0,NA,NA,NA,NA,NA
"Michael Dogs","b0cecb4a-3955-11ef-b665-a36230ada079",NA,NA,1973,"9/14/1973","6685f82b-3960-11ef-8731-2906cc9fb6bc","away","VfL Lübeck-Schwartau","Füchse Berlin",14,14,FALSE,0,NA,NA,0,0,0,NA,0,0,0,0,0,0,NA,NA,NA,NA,NA,NA,NA,NA,0,0,0,0,NA,NA,NA,NA,NA
"Peter Görtz","b0e9ae8f-3955-11ef-aa48-a36230ada079",NA,NA,1973,"9/14/1973","6685f82b-3960-11ef-8731-2906cc9fb6bc","away","VfL Lübeck-Schwartau","Füchse Berlin",14,14,FALSE,0,NA,NA,0,0,0,NA,0,0,0,0,0,0,NA,NA,NA,NA,NA,NA,NA,NA,0,0,0,0,NA,NA,NA,NA,NA
"Ulrich Kleinstoll","b0f37438-3955-11ef-84e6-a36230ada079",NA,NA,1973,"9/14/1973","6685f82b-3960-11ef-8731-2906cc9fb6bc","away","VfL Lübeck-Schwartau","Füchse Berlin",14,14,FALSE,1,NA,NA,0,0,0,NA,0,0,0,0,0,0,NA,NA,NA,NA,NA,NA,NA,NA,0,0,0,0,NA,NA,NA,NA,NA
"Hans-Martin Müller-Wolf","b1020054-3955-11ef-8e79-a36230ada079",NA,NA,1973,"9/14/1973","6685f82b-3960-11ef-8731-2906cc9fb6bc","away","VfL Lübeck-Schwartau","Füchse Berlin",14,14,FALSE,1,NA,NA,0,0,0,NA,0,0,0,0,0,0,NA,NA,NA,NA,NA,NA,NA,NA,0,0,0,0,NA,NA,NA,NA,NA
"Siegfried Berg","b10d3ec3-3955-11ef-8a30-a36230ada079",NA,NA,1973,"9/14/1973","6685f82b-3960-11ef-8731-2906cc9fb6bc","away","VfL Lübeck-Schwartau","Füchse Berlin",14,14,FALSE,5,NA,NA,0,0,3,NA,0,0,0,0,0,0,NA,NA,NA,NA,NA,NA,NA,NA,0,0,0,0,NA,NA,NA,NA,NA
"Wolfgang Braun","b1a4c388-3955-11ef-92b7-a36230ada079",NA,NA,1973,"9/14/1973","6685f82b-3960-11ef-8731-2906cc9fb6bc","away","VfL Lübeck-Schwartau","Füchse Berlin",14,14,FALSE,4,NA,NA,0,0,0,NA,0,0,0,0,0,0,NA,NA,NA,NA,NA,NA,NA,NA,0,0,0,0,NA,NA,NA,NA,NA
"Bernd Heiden","baf62966-3955-11ef-b7e1-ab397f561917",NA,NA,1973,"9/14/1973","6685f82b-3960-11ef-8731-2906cc9fb6bc","away","VfL Lübeck-Schwartau","Füchse Berlin",14,14,FALSE,1,NA,NA,0,0,0,NA,0,0,0,0,0,0,NA,NA,NA,NA,NA,NA,NA,NA,0,0,0,0,NA,NA,NA,NA,NA
"Klaus Lange","bafb51f3-3955-11ef-9864-ab397f561917",NA,NA,1973,"9/14/1973","6685f82b-3960-11ef-8731-2906cc9fb6bc","away","VfL Lübeck-Schwartau","Füchse Berlin",14,14,FALSE,1,NA,NA,0,0,0,NA,0,0,0,0,0,0,NA,NA,NA,NA,NA,NA,NA,NA,0,0,0,0,NA,NA,NA,NA,NA
"Georg Pohl","baff6cee-3955-11ef-a80f-ab397f561917",NA,NA,1973,"9/14/1973","6685f82b-3960-11ef-8731-2906cc9fb6bc","away","VfL Lübeck-Schwartau","Füchse Berlin",14,14,FALSE,1,NA,NA,0,0,0,NA,0,0,0,0,0,0,NA,NA,NA,NA,NA,NA,NA,NA,0,0,0,0,NA,NA,NA,NA,NA
"Heinz-Theo Kaus","8086fdf9-3955-11ef-938f-b908c60af10a",NA,NA,1973,"9/14/1973","685f3406-3960-11ef-abe6-2906cc9fb6bc","home","SG Dietzenbach","S3L Handball",15,22,FALSE,0,NA,NA,0,0,0,NA,0,0,0,0,0,0,NA,NA,NA,NA,NA,NA,NA,NA,0,0,0,0,NA,NA,NA,NA,NA
"Heinz-Walter Behne","8be65881-3955-11ef-8872-81dc40648355",NA,NA,1973,"9/14/1973","685f3406-3960-11ef-abe6-2906cc9fb6bc","home","SG Dietzenbach","S3L Handball",15,22,FALSE,0,NA,NA,0,0,0,NA,0,0,0,0,0,0,NA,NA,NA,NA,NA,NA,NA,NA,0,0,0,0,NA,NA,NA,NA,NA
"Herbert Wehnert","96e104db-3955-11ef-b58d-292be3190b7b",NA,NA,1973,"9/14/1973","685f3406-3960-11ef-abe6-2906cc9fb6bc","home","SG Dietzenbach","S3L Handball",15,22,FALSE,6,NA,NA,0,0,1,NA,0,0,0,0,0,0,NA,NA,NA,NA,NA,NA,NA,NA,0,0,0,0,NA,NA,NA,NA,NA
"Wolfgang Hammerl","a2e26d5b-3955-11ef-8fa5-2510cc07ea6e",NA,NA,1973,"9/14/1973","685f3406-3960-11ef-abe6-2906cc9fb6bc","home","SG Dietzenbach","S3L Handball",15,22,FALSE,0,NA,NA,0,0,0,NA,0,0,0,0,0,0,NA,NA,NA,NA,NA,NA,NA,NA,0,0,0,0,NA,NA,NA,NA,NA
"Heinrich Baum","af2c6c48-3955-11ef-964a-a36230ada079",NA,NA,1973,"9/14/1973","685f3406-3960-11ef-abe6-2906cc9fb6bc","home","SG Dietzenbach","S3L Handball",15,22,FALSE,3,NA,NA,0,0,0,NA,0,0,0,0,0,0,NA,NA,NA,NA,NA,NA,NA,NA,0,0,0,0,NA,NA,NA,NA,NA
"Klaus Rettig","b1d1aa4c-3955-11ef-baf9-a36230ada079",NA,NA,1973,"9/14/1973","685f3406-3960-11ef-abe6-2906cc9fb6bc","home","SG Dietzenbach","S3L Handball",15,22,FALSE,3,NA,NA,0,0,3,NA,0,0,0,0,0,0,NA,NA,NA,NA,NA,NA,NA,NA,0,0,0,0,NA,NA,NA,NA,NA
"Peter Eckert","c67b9c79-3955-11ef-8f02-157c9bc18a5f",NA,NA,1973,"9/14/1973","685f3406-3960-11ef-abe6-2906cc9fb6bc","home","SG Dietzenbach","S3L Handball",15,22,FALSE,1,NA,NA,0,0,0,NA,0,0,0,0,0,0,NA,NA,NA,NA,NA,NA,NA,NA,0,0,0,0,NA,NA,NA,NA,NA
"Werner Kiefer","c68d071f-3955-11ef-b625-157c9bc18a5f",NA,NA,1973,"9/14/1973","685f3406-3960-11ef-abe6-2906cc9fb6bc","home","SG Dietzenbach","S3L Handball",15,22,FALSE,0,NA,NA,0,0,0,NA,0,0,0,0,0,0,NA,NA,NA,NA,NA,NA,NA,NA,0,0,0,0,NA,NA,NA,NA,NA
"Norbert Kern","c6961a09-3955-11ef-8bcc-157c9bc18a5f",NA,NA,1973,"9/14/1973","685f3406-3960-11ef-abe6-2906cc9fb6bc","home","SG Dietzenbach","S3L Handball",15,22,FALSE,2,NA,NA,0,0,1,NA,0,0,0,0,0,0,NA,NA,NA,NA,NA,NA,NA,NA,0,0,0,0,NA,NA,NA,NA,NA
"Siegmar Ley","c69aa603-3955-11ef-80c3-157c9bc18a5f",NA,NA,1973,"9/14/1973","685f3406-3960-11ef-abe6-2906cc9fb6bc","home","SG Dietzenbach","S3L Handball",15,22,FALSE,0,NA,NA,0,0,0,NA,0,0,0,0,0,0,NA,NA,NA,NA,NA,NA,NA,NA,0,0,0,0,NA,NA,NA,NA,NA
"Günther Kießling","c6aad65a-3955-11ef-87fb-157c9bc18a5f",NA,NA,1973,"9/14/1973","685f3406-3960-11ef-abe6-2906cc9fb6bc","home","SG Dietzenbach","S3L Handball",15,22,FALSE,0,NA,NA,0,0,0,NA,0,0,0,0,0,0,NA,NA,NA,NA,NA,NA,NA,NA,0,0,0,0,NA,NA,NA,NA,NA
"Werner Osada","98d8c8ac-3955-11ef-b6db-292be3190b7b",NA,NA,1973,"9/14/1973","685f3406-3960-11ef-abe6-2906cc9fb6bc","away","S3L Handball","SG Dietzenbach",22,15,TRUE,5,NA,NA,0,0,3,NA,0,0,0,0,0,0,NA,NA,NA,NA,NA,NA,NA,NA,0,0,0,0,NA,NA,NA,NA,NA
"Georg Fitz","ae68320c-3955-11ef-89fa-a36230ada079",NA,NA,1973,"9/14/1973","685f3406-3960-11ef-abe6-2906cc9fb6bc","away","S3L Handball","SG Dietzenbach",22,15,TRUE,0,NA,NA,0,0,0,NA,0,0,0,0,0,0,NA,NA,NA,NA,NA,NA,NA,NA,0,0,0,0,NA,NA,NA,NA,NA
"Bernd Frühauf","ae71d80f-3955-11ef-a219-a36230ada079",NA,NA,1973,"9/14/1973","685f3406-3960-11ef-abe6-2906cc9fb6bc","away","S3L Handball","SG Dietzenbach",22,15,TRUE,0,NA,NA,0,0,0,NA,0,0,0,0,0,0,NA,NA,NA,NA,NA,NA,NA,NA,0,0,0,0,NA,NA,NA,NA,NA
"Robert Becker","ae8c50f9-3955-11ef-91c4-a36230ada079",NA,NA,1973,"9/14/1973","685f3406-3960-11ef-abe6-2906cc9fb6bc","away","S3L Handball","SG Dietzenbach",22,15,TRUE,0,NA,NA,0,0,0,NA,0,0,0,0,0,0,NA,NA,NA,NA,NA,NA,NA,NA,0,0,0,0,NA,NA,NA,NA,NA
"Jürgen Hahn","ae947745-3955-11ef-bc54-a36230ada079",NA,NA,1973,"9/14/1973","685f3406-3960-11ef-abe6-2906cc9fb6bc","away","S3L Handball","SG Dietzenbach",22,15,TRUE,8,NA,NA,0,0,0,NA,0,0,0,0,0,0,NA,NA,NA,NA,NA,NA,NA,NA,0,0,0,0,NA,NA,NA,NA,NA
"Hansjörg Jäck","b166bd31-3955-11ef-bed1-a36230ada079",NA,NA,1973,"9/14/1973","685f3406-3960-11ef-abe6-2906cc9fb6bc","away","S3L Handball","SG Dietzenbach",22,15,TRUE,0,NA,NA,0,0,0,NA,0,0,0,0,0,0,NA,NA,NA,NA,NA,NA,NA,NA,0,0,0,0,NA,NA,NA,NA,NA
"Markus Hädrich","ba389acc-3955-11ef-8b9d-ab397f561917",NA,NA,1973,"9/14/1973","685f3406-3960-11ef-abe6-2906cc9fb6bc","away","S3L Handball","SG Dietzenbach",22,15,TRUE,6,NA,NA,0,0,0,NA,0,0,0,0,0,0,NA,NA,NA,NA,NA,NA,NA,NA,0,0,0,0,NA,NA,NA,NA,NA
"Werner Pruscha","bb9c8e56-3955-11ef-ac18-ab397f561917",NA,NA,1973,"9/14/1973","685f3406-3960-11ef-abe6-2906cc9fb6bc","away","S3L Handball","SG Dietzenbach",22,15,TRUE,1,NA,NA,0,0,0,NA,0,0,0,0,0,0,NA,NA,NA,NA,NA,NA,NA,NA,0,0,0,0,NA,NA,NA,NA,NA
"Wolfhardt Bühler","bba2fc92-3955-11ef-a8d6-ab397f561917",NA,NA,1973,"9/14/1973","685f3406-3960-11ef-abe6-2906cc9fb6bc","away","S3L Handball","SG Dietzenbach",22,15,TRUE,0,NA,NA,0,0,0,NA,0,0,0,0,0,0,NA,NA,NA,NA,NA,NA,NA,NA,0,0,0,0,NA,NA,NA,NA,NA
"Hans Stein","bde4861d-3955-11ef-a14e-ab397f561917",NA,NA,1973,"9/14/1973","685f3406-3960-11ef-abe6-2906cc9fb6bc","away","S3L Handball","SG Dietzenbach",22,15,TRUE,1,NA,NA,0,0,0,NA,0,0,0,0,0,0,NA,NA,NA,NA,NA,NA,NA,NA,0,0,0,0,NA,NA,NA,NA,NA
"Arno Schandin","bded1584-3955-11ef-8a76-ab397f561917",NA,NA,1973,"9/14/1973","685f3406-3960-11ef-abe6-2906cc9fb6bc","away","S3L Handball","SG Dietzenbach",22,15,TRUE,1,NA,NA,0,0,0,NA,0,0,0,0,0,0,NA,NA,NA,NA,NA,NA,NA,NA,0,0,0,0,NA,NA,NA,NA,NA
"Walter Salzer","8d394c72-3955-11ef-8d73-81dc40648355",NA,NA,1973,"9/14/1973","6b452f53-3960-11ef-81e0-2906cc9fb6bc","home","TV 1893 Neuhausen","TSV 1846 Butzbach",15,18,FALSE,1,NA,NA,0,0,0,NA,0,0,0,0,0,0,NA,NA,NA,NA,NA,NA,NA,NA,0,0,0,0,NA,NA,NA,NA,NA
"Hermann Fritz","a4231bd1-3955-11ef-8299-2510cc07ea6e",NA,NA,1973,"9/14/1973","6b452f53-3960-11ef-81e0-2906cc9fb6bc","home","TV 1893 Neuhausen","TSV 1846 Butzbach",15,18,FALSE,0,NA,NA,0,0,0,NA,0,0,0,0,0,0,NA,NA,NA,NA,NA,NA,NA,NA,0,0,0,0,NA,NA,NA,NA,NA
"Klaus Stoll","a42e01cc-3955-11ef-b661-2510cc07ea6e",NA,NA,1973,"9/14/1973","6b452f53-3960-11ef-81e0-2906cc9fb6bc","home","TV 1893 Neuhausen","TSV 1846 Butzbach",15,18,FALSE,0,NA,NA,0,0,0,NA,0,0,0,0,0,0,NA,NA,NA,NA,NA,NA,NA,NA,0,0,0,0,NA,NA,NA,NA,NA
"Julius Lehmann","a448c9e2-3955-11ef-9bf8-2510cc07ea6e",NA,NA,1973,"9/14/1973","6b452f53-3960-11ef-81e0-2906cc9fb6bc","home","TV 1893 Neuhausen","TSV 1846 Butzbach",15,18,FALSE,1,NA,NA,0,0,0,NA,0,0,0,0,0,0,NA,NA,NA,NA,NA,NA,NA,NA,0,0,0,0,NA,NA,NA,NA,NA
"Rolf Miller","a4552808-3955-11ef-ac39-2510cc07ea6e",NA,NA,1973,"9/14/1973","6b452f53-3960-11ef-81e0-2906cc9fb6bc","home","TV 1893 Neuhausen","TSV 1846 Butzbach",15,18,FALSE,1,NA,NA,0,0,0,NA,0,0,0,0,0,0,NA,NA,NA,NA,NA,NA,NA,NA,0,0,0,0,NA,NA,NA,NA,NA
"Manfred Reusch","a45a1b11-3955-11ef-8135-2510cc07ea6e",NA,NA,1973,"9/14/1973","6b452f53-3960-11ef-81e0-2906cc9fb6bc","home","TV 1893 Neuhausen","TSV 1846 Butzbach",15,18,FALSE,0,NA,NA,0,0,0,NA,0,0,0,0,0,0,NA,NA,NA,NA,NA,NA,NA,NA,0,0,0,0,NA,NA,NA,NA,NA
"Johann Högl","b2211f04-3955-11ef-a5bd-a36230ada079",NA,NA,1973,"9/14/1973","6b452f53-3960-11ef-81e0-2906cc9fb6bc","home","TV 1893 Neuhausen","TSV 1846 Butzbach",15,18,FALSE,1,NA,NA,0,0,0,NA,0,0,0,0,0,0,NA,NA,NA,NA,NA,NA,NA,NA,0,0,0,0,NA,NA,NA,NA,NA
"Martin Streicher","b2277c0b-3955-11ef-b9c1-a36230ada079",NA,NA,1973,"9/14/1973","6b452f53-3960-11ef-81e0-2906cc9fb6bc","home","TV 1893 Neuhausen","TSV 1846 Butzbach",15,18,FALSE,1,NA,NA,0,0,0,NA,0,0,0,0,0,0,NA,NA,NA,NA,NA,NA,NA,NA,0,0,0,0,NA,NA,NA,NA,NA
"Kurt Reusch","b22cb722-3955-11ef-b081-a36230ada079",NA,NA,1973,"9/14/1973","6b452f53-3960-11ef-81e0-2906cc9fb6bc","home","TV 1893 Neuhausen","TSV 1846 Butzbach",15,18,FALSE,8,NA,NA,0,0,3,NA,0,0,0,0,0,0,NA,NA,NA,NA,NA,NA,NA,NA,0,0,0,0,NA,NA,NA,NA,NA
"Harald Streicher","b2329757-3955-11ef-8e1c-a36230ada079",NA,NA,1973,"9/14/1973","6b452f53-3960-11ef-81e0-2906cc9fb6bc","home","TV 1893 Neuhausen","TSV 1846 Butzbach",15,18,FALSE,1,NA,NA,0,0,0,NA,0,0,0,0,0,0,NA,NA,NA,NA,NA,NA,NA,NA,0,0,0,0,NA,NA,NA,NA,NA
"Ernst Brodbeck","c7240201-3955-11ef-938d-157c9bc18a5f",NA,NA,1973,"9/14/1973","6b452f53-3960-11ef-81e0-2906cc9fb6bc","home","TV 1893 Neuhausen","TSV 1846 Butzbach",15,18,FALSE,0,NA,NA,0,0,0,NA,0,0,0,0,0,0,NA,NA,NA,NA,NA,NA,NA,NA,0,0,0,0,NA,NA,NA,NA,NA
"Klaus Streicher","c728c012-3955-11ef-9cab-157c9bc18a5f",NA,NA,1973,"9/14/1973","6b452f53-3960-11ef-81e0-2906cc9fb6bc","home","TV 1893 Neuhausen","TSV 1846 Butzbach",15,18,FALSE,1,NA,NA,0,0,0,NA,0,0,0,0,0,0,NA,NA,NA,NA,NA,NA,NA,NA,0,0,0,0,NA,NA,NA,NA,NA
"Klaus Meineke","8d0eefb2-3955-11ef-a068-81dc40648355",NA,NA,1973,"9/14/1973","6b452f53-3960-11ef-81e0-2906cc9fb6bc","away","TSV 1846 Butzbach","TV 1893 Neuhausen",18,15,TRUE,2,NA,NA,0,0,0,NA,0,0,0,0,0,0,NA,NA,NA,NA,NA,NA,NA,NA,0,0,0,0,NA,NA,NA,NA,NA
"Rolf Allendörfer","97c4e757-3955-11ef-8b41-292be3190b7b",NA,NA,1973,"9/14/1973","6b452f53-3960-11ef-81e0-2906cc9fb6bc","away","TSV 1846 Butzbach","TV 1893 Neuhausen",18,15,TRUE,0,NA,NA,0,0,0,NA,0,0,0,0,0,0,NA,NA,NA,NA,NA,NA,NA,NA,0,0,0,0,NA,NA,NA,NA,NA
"Günter Timmermann","bb79f127-3955-11ef-ae8c-ab397f561917",NA,NA,1973,"9/14/1973","6b452f53-3960-11ef-81e0-2906cc9fb6bc","away","TSV 1846 Butzbach","TV 1893 Neuhausen",18,15,TRUE,0,NA,NA,0,0,0,NA,0,0,0,0,0,0,NA,NA,NA,NA,NA,NA,NA,NA,0,0,0,0,NA,NA,NA,NA,NA
"Rolf Grotegut","bc3000ec-3955-11ef-97c5-ab397f561917",NA,NA,1973,"9/14/1973","6b452f53-3960-11ef-81e0-2906cc9fb6bc","away","TSV 1846 Butzbach","TV 1893 Neuhausen",18,15,TRUE,2,NA,NA,0,0,0,NA,0,0,0,0,0,0,NA,NA,NA,NA,NA,NA,NA,NA,0,0,0,0,NA,NA,NA,NA,NA
"Hans-Joachim Röhrig","bc371f1f-3955-11ef-bcd4-ab397f561917",NA,NA,1973,"9/14/1973","6b452f53-3960-11ef-81e0-2906cc9fb6bc","away","TSV 1846 Butzbach","TV 1893 Neuhausen",18,15,TRUE,0,NA,NA,0,0,0,NA,0,0,0,0,0,0,NA,NA,NA,NA,NA,NA,NA,NA,0,0,0,0,NA,NA,NA,NA,NA
"Alfred Walter","bc3f22f5-3955-11ef-9558-ab397f561917",NA,NA,1973,"9/14/1973","6b452f53-3960-11ef-81e0-2906cc9fb6bc","away","TSV 1846 Butzbach","TV 1893 Neuhausen",18,15,TRUE,3,NA,NA,0,0,1,NA,0,0,0,0,0,0,NA,NA,NA,NA,NA,NA,NA,NA,0,0,0,0,NA,NA,NA,NA,NA
"Bernd Lind","bc4b1939-3955-11ef-95dd-ab397f561917",NA,NA,1973,"9/14/1973","6b452f53-3960-11ef-81e0-2906cc9fb6bc","away","TSV 1846 Butzbach","TV 1893 Neuhausen",18,15,TRUE,0,NA,NA,0,0,0,NA,0,0,0,0,0,0,NA,NA,NA,NA,NA,NA,NA,NA,0,0,0,0,NA,NA,NA,NA,NA
"Wolfgang Lowak","bc4eecb3-3955-11ef-8009-ab397f561917",NA,NA,1973,"9/14/1973","6b452f53-3960-11ef-81e0-2906cc9fb6bc","away","TSV 1846 Butzbach","TV 1893 Neuhausen",18,15,TRUE,1,NA,NA,0,0,0,NA,0,0,0,0,0,0,NA,NA,NA,NA,NA,NA,NA,NA,0,0,0,0,NA,NA,NA,NA,NA
"Helmut Schwarz","c6c73d0a-3955-11ef-88e8-157c9bc18a5f",NA,NA,1973,"9/14/1973","6b452f53-3960-11ef-81e0-2906cc9fb6bc","away","TSV 1846 Butzbach","TV 1893 Neuhausen",18,15,TRUE,1,NA,NA,0,0,0,NA,0,0,0,0,0,0,NA,NA,NA,NA,NA,NA,NA,NA,0,0,0,0,NA,NA,NA,NA,NA
"Ortwin Fay","c6cfdaae-3955-11ef-a550-157c9bc18a5f",NA,NA,1973,"9/14/1973","6b452f53-3960-11ef-81e0-2906cc9fb6bc","away","TSV 1846 Butzbach","TV 1893 Neuhausen",18,15,TRUE,1,NA,NA,0,0,0,NA,0,0,0,0,0,0,NA,NA,NA,NA,NA,NA,NA,NA,0,0,0,0,NA,NA,NA,NA,NA
"Manfred Schulz","8bc2b5ea-3955-11ef-8d03-81dc40648355",NA,NA,1973,"9/14/1973","71bebf4b-3960-11ef-a975-2906cc9fb6bc","home","TSV 1896 Rintheim","FRISCH AUF! Göppingen",18,15,TRUE,0,NA,NA,0,0,0,NA,0,0,0,0,0,0,NA,NA,NA,NA,NA,NA,NA,NA,0,0,0,0,NA,NA,NA,NA,NA
"Wolf-Dieter Nagel","8d41486b-3955-11ef-8d22-81dc40648355",NA,NA,1973,"9/14/1973","71bebf4b-3960-11ef-a975-2906cc9fb6bc","home","TSV 1896 Rintheim","FRISCH AUF! Göppingen",18,15,TRUE,2,NA,NA,0,0,0,NA,0,0,0,0,0,0,NA,NA,NA,NA,NA,NA,NA,NA,0,0,0,0,NA,NA,NA,NA,NA
"Franz Bechler","98035d7e-3955-11ef-8b94-292be3190b7b",NA,NA,1973,"9/14/1973","71bebf4b-3960-11ef-a975-2906cc9fb6bc","home","TSV 1896 Rintheim","FRISCH AUF! Göppingen",18,15,TRUE,1,NA,NA,0,0,0,NA,0,0,0,0,0,0,NA,NA,NA,NA,NA,NA,NA,NA,0,0,0,0,NA,NA,NA,NA,NA
"Max Müller","99453a6b-3955-11ef-84c2-292be3190b7b",NA,NA,1973,"9/14/1973","71bebf4b-3960-11ef-a975-2906cc9fb6bc","home","TSV 1896 Rintheim","FRISCH AUF! Göppingen",18,15,TRUE,11,NA,NA,0,0,2,NA,0,0,0,0,0,0,NA,NA,NA,NA,NA,NA,NA,NA,0,0,0,0,NA,NA,NA,NA,NA
"Wilfried Job","af3ed007-3955-11ef-9184-a36230ada079",NA,NA,1973,"9/14/1973","71bebf4b-3960-11ef-a975-2906cc9fb6bc","home","TSV 1896 Rintheim","FRISCH AUF! Göppingen",18,15,TRUE,0,NA,NA,0,0,0,NA,0,0,0,0,0,0,NA,NA,NA,NA,NA,NA,NA,NA,0,0,0,0,NA,NA,NA,NA,NA
"Claus Erles","af42e492-3955-11ef-a26e-a36230ada079",NA,NA,1973,"9/14/1973","71bebf4b-3960-11ef-a975-2906cc9fb6bc","home","TSV 1896 Rintheim","FRISCH AUF! Göppingen",18,15,TRUE,0,NA,NA,0,0,0,NA,0,0,0,0,0,0,NA,NA,NA,NA,NA,NA,NA,NA,0,0,0,0,NA,NA,NA,NA,NA
"Peter Maier","af4e0d17-3955-11ef-8763-a36230ada079",NA,NA,1973,"9/14/1973","71bebf4b-3960-11ef-a975-2906cc9fb6bc","home","TSV 1896 Rintheim","FRISCH AUF! Göppingen",18,15,TRUE,0,NA,NA,0,0,0,NA,0,0,0,0,0,0,NA,NA,NA,NA,NA,NA,NA,NA,0,0,0,0,NA,NA,NA,NA,NA
"Bernd Seibel","bc6670d9-3955-11ef-b849-ab397f561917",NA,NA,1973,"9/14/1973","71bebf4b-3960-11ef-a975-2906cc9fb6bc","home","TSV 1896 Rintheim","FRISCH AUF! Göppingen",18,15,TRUE,2,NA,NA,0,0,0,NA,0,0,0,0,0,0,NA,NA,NA,NA,NA,NA,NA,NA,0,0,0,0,NA,NA,NA,NA,NA
"Wolfgang Dillenberger","bc6a40c8-3955-11ef-8c9f-ab397f561917",NA,NA,1973,"9/14/1973","71bebf4b-3960-11ef-a975-2906cc9fb6bc","home","TSV 1896 Rintheim","FRISCH AUF! Göppingen",18,15,TRUE,1,NA,NA,0,0,0,NA,0,0,0,0,0,0,NA,NA,NA,NA,NA,NA,NA,NA,0,0,0,0,NA,NA,NA,NA,NA
"Max Ullrich","c6e110c6-3955-11ef-83e4-157c9bc18a5f",NA,NA,1973,"9/14/1973","71bebf4b-3960-11ef-a975-2906cc9fb6bc","home","TSV 1896 Rintheim","FRISCH AUF! Göppingen",18,15,TRUE,0,NA,NA,0,0,0,NA,0,0,0,0,0,0,NA,NA,NA,NA,NA,NA,NA,NA,0,0,0,0,NA,NA,NA,NA,NA
"Richard Baumer","c6e9de45-3955-11ef-b5bf-157c9bc18a5f",NA,NA,1973,"9/14/1973","71bebf4b-3960-11ef-a975-2906cc9fb6bc","home","TSV 1896 Rintheim","FRISCH AUF! Göppingen",18,15,TRUE,1,NA,NA,0,0,0,NA,0,0,0,0,0,0,NA,NA,NA,NA,NA,NA,NA,NA,0,0,0,0,NA,NA,NA,NA,NA
"Norbert Fraundorff","c6ee0a91-3955-11ef-aabd-157c9bc18a5f",NA,NA,1973,"9/14/1973","71bebf4b-3960-11ef-a975-2906cc9fb6bc","home","TSV 1896 Rintheim","FRISCH AUF! Göppingen",18,15,TRUE,0,NA,NA,0,0,0,NA,0,0,0,0,0,0,NA,NA,NA,NA,NA,NA,NA,NA,0,0,0,0,NA,NA,NA,NA,NA
"Armin Emrich","8cdd3680-3955-11ef-a93e-81dc40648355",NA,NA,1973,"9/14/1973","71bebf4b-3960-11ef-a975-2906cc9fb6bc","away","FRISCH AUF! Göppingen","TSV 1896 Rintheim",15,18,FALSE,0,NA,NA,0,0,0,NA,0,0,0,0,0,0,NA,NA,NA,NA,NA,NA,NA,NA,0,0,0,0,NA,NA,NA,NA,NA
"Peter Bucher","8e0071c9-3955-11ef-8ff8-81dc40648355",NA,NA,1973,"9/14/1973","71bebf4b-3960-11ef-a975-2906cc9fb6bc","away","FRISCH AUF! Göppingen","TSV 1896 Rintheim",15,18,FALSE,3,NA,NA,0,0,3,NA,0,0,0,0,0,0,NA,NA,NA,NA,NA,NA,NA,NA,0,0,0,0,NA,NA,NA,NA,NA
"Hans-Eberhard Finkbeiner","a2f451eb-3955-11ef-99da-2510cc07ea6e",NA,NA,1973,"9/14/1973","71bebf4b-3960-11ef-a975-2906cc9fb6bc","away","FRISCH AUF! Göppingen","TSV 1896 Rintheim",15,18,FALSE,0,NA,NA,0,0,0,NA,0,0,0,0,0,0,NA,NA,NA,NA,NA,NA,NA,NA,0,0,0,0,NA,NA,NA,NA,NA
"Wolfgang Don","a2ff75a5-3955-11ef-a510-2510cc07ea6e",NA,NA,1973,"9/14/1973","71bebf4b-3960-11ef-a975-2906cc9fb6bc","away","FRISCH AUF! Göppingen","TSV 1896 Rintheim",15,18,FALSE,0,NA,NA,0,0,0,NA,0,0,0,0,0,0,NA,NA,NA,NA,NA,NA,NA,NA,0,0,0,0,NA,NA,NA,NA,NA
"Günter Frömming","aedbd140-3955-11ef-a39f-a36230ada079",NA,NA,1973,"9/14/1973","71bebf4b-3960-11ef-a975-2906cc9fb6bc","away","FRISCH AUF! Göppingen","TSV 1896 Rintheim",15,18,FALSE,0,NA,NA,0,0,0,NA,0,0,0,0,0,0,NA,NA,NA,NA,NA,NA,NA,NA,0,0,0,0,NA,NA,NA,NA,NA
"Werner Fischer","af3a0885-3955-11ef-a884-a36230ada079",NA,NA,1973,"9/14/1973","71bebf4b-3960-11ef-a975-2906cc9fb6bc","away","FRISCH AUF! Göppingen","TSV 1896 Rintheim",15,18,FALSE,1,NA,NA,0,0,0,NA,0,0,0,0,0,0,NA,NA,NA,NA,NA,NA,NA,NA,0,0,0,0,NA,NA,NA,NA,NA
"Hans Brodbeck","b1f00cc3-3955-11ef-b4c9-a36230ada079",NA,NA,1973,"9/14/1973","71bebf4b-3960-11ef-a975-2906cc9fb6bc","away","FRISCH AUF! Göppingen","TSV 1896 Rintheim",15,18,FALSE,0,NA,NA,0,0,0,NA,0,0,0,0,0,0,NA,NA,NA,NA,NA,NA,NA,NA,0,0,0,0,NA,NA,NA,NA,NA
"Paul Epple","bc8167af-3955-11ef-8748-ab397f561917",NA,NA,1973,"9/14/1973","71bebf4b-3960-11ef-a975-2906cc9fb6bc","away","FRISCH AUF! Göppingen","TSV 1896 Rintheim",15,18,FALSE,3,NA,NA,0,0,0,NA,0,0,0,0,0,0,NA,NA,NA,NA,NA,NA,NA,NA,0,0,0,0,NA,NA,NA,NA,NA
"Geir Hallsteinsson","c70adb66-3955-11ef-afb7-157c9bc18a5f",NA,NA,1973,"9/14/1973","71bebf4b-3960-11ef-a975-2906cc9fb6bc","away","FRISCH AUF! Göppingen","TSV 1896 Rintheim",15,18,FALSE,5,NA,NA,0,0,0,NA,0,0,0,0,0,0,NA,NA,NA,NA,NA,NA,NA,NA,0,0,0,0,NA,NA,NA,NA,NA
"Werner Arndt","c71116e0-3955-11ef-85d3-157c9bc18a5f",NA,NA,1973,"9/14/1973","71bebf4b-3960-11ef-a975-2906cc9fb6bc","away","FRISCH AUF! Göppingen","TSV 1896 Rintheim",15,18,FALSE,2,NA,NA,0,0,0,NA,0,0,0,0,0,0,NA,NA,NA,NA,NA,NA,NA,NA,0,0,0,0,NA,NA,NA,NA,NA
"Christian Patzer","c715a1de-3955-11ef-bc54-157c9bc18a5f",NA,NA,1973,"9/14/1973","71bebf4b-3960-11ef-a975-2906cc9fb6bc","away","FRISCH AUF! Göppingen","TSV 1896 Rintheim",15,18,FALSE,1,NA,NA,0,0,0,NA,0,0,0,0,0,0,NA,NA,NA,NA,NA,NA,NA,NA,0,0,0,0,NA,NA,NA,NA,NA
"Günter Schweikardt","d3e60b79-3953-11ef-9e8c-e3f2de03a1b7",NA,NA,1973,"9/14/1973","71bebf4b-3960-11ef-a975-2906cc9fb6bc","away","FRISCH AUF! Göppingen","TSV 1896 Rintheim",15,18,FALSE,0,NA,NA,0,0,0,NA,0,0,0,0,0,0,NA,NA,NA,NA,NA,NA,NA,NA,0,0,0,0,NA,NA,NA,NA,NA
"Karl-Heinz Schulz","72847241-3955-11ef-8bd4-51fdf2a82730",NA,NA,1973,"9/15/1973","64597bea-3960-11ef-b64e-2906cc9fb6bc","home","TuS 05 Wellinghofen","SC Phönix Essen 1920",20,18,TRUE,3,NA,NA,0,0,0,NA,0,0,0,0,0,0,NA,NA,NA,NA,NA,NA,NA,NA,0,0,0,0,NA,NA,NA,NA,NA
"Hans-Jürgen Zick","8d67d76a-3955-11ef-8956-81dc40648355",NA,NA,1973,"9/15/1973","64597bea-3960-11ef-b64e-2906cc9fb6bc","home","TuS 05 Wellinghofen","SC Phönix Essen 1920",20,18,TRUE,0,NA,NA,0,0,0,NA,0,0,0,0,0,0,NA,NA,NA,NA,NA,NA,NA,NA,0,0,0,0,NA,NA,NA,NA,NA
"Heiner Möller","8d7571e4-3955-11ef-b1d3-81dc40648355",NA,NA,1973,"9/15/1973","64597bea-3960-11ef-b64e-2906cc9fb6bc","home","TuS 05 Wellinghofen","SC Phönix Essen 1920",20,18,TRUE,7,NA,NA,0,0,0,NA,0,0,0,0,0,0,NA,NA,NA,NA,NA,NA,NA,NA,0,0,0,0,NA,NA,NA,NA,NA
"Hans-Peter Neuhaus","8d9d3887-3955-11ef-80a3-81dc40648355",NA,NA,1973,"9/15/1973","64597bea-3960-11ef-b64e-2906cc9fb6bc","home","TuS 05 Wellinghofen","SC Phönix Essen 1920",20,18,TRUE,2,NA,NA,0,0,1,NA,0,0,0,0,0,0,NA,NA,NA,NA,NA,NA,NA,NA,0,0,0,0,NA,NA,NA,NA,NA
"Karl-Heinz Nolde","a33d5c4a-3955-11ef-b577-2510cc07ea6e",NA,NA,1973,"9/15/1973","64597bea-3960-11ef-b64e-2906cc9fb6bc","home","TuS 05 Wellinghofen","SC Phönix Essen 1920",20,18,TRUE,0,NA,NA,0,0,0,NA,0,0,0,0,0,0,NA,NA,NA,NA,NA,NA,NA,NA,0,0,0,0,NA,NA,NA,NA,NA
"Rainer Gosewinkel","a4d61156-3955-11ef-8406-2510cc07ea6e",NA,NA,1973,"9/15/1973","64597bea-3960-11ef-b64e-2906cc9fb6bc","home","TuS 05 Wellinghofen","SC Phönix Essen 1920",20,18,TRUE,1,NA,NA,0,0,0,NA,0,0,0,0,0,0,NA,NA,NA,NA,NA,NA,NA,NA,0,0,0,0,NA,NA,NA,NA,NA
"Klaus Erwe","a4f54a19-3955-11ef-b48a-2510cc07ea6e",NA,NA,1973,"9/15/1973","64597bea-3960-11ef-b64e-2906cc9fb6bc","home","TuS 05 Wellinghofen","SC Phönix Essen 1920",20,18,TRUE,1,NA,NA,0,0,0,NA,0,0,0,0,0,0,NA,NA,NA,NA,NA,NA,NA,NA,0,0,0,0,NA,NA,NA,NA,NA
"Burkhard Gröning","a52c6e4f-3955-11ef-a576-2510cc07ea6e",NA,NA,1973,"9/15/1973","64597bea-3960-11ef-b64e-2906cc9fb6bc","home","TuS 05 Wellinghofen","SC Phönix Essen 1920",20,18,TRUE,4,NA,NA,0,0,1,NA,0,0,0,0,0,0,NA,NA,NA,NA,NA,NA,NA,NA,0,0,0,0,NA,NA,NA,NA,NA
"Klaus Tiews","a531838f-3955-11ef-8e99-2510cc07ea6e",NA,NA,1973,"9/15/1973","64597bea-3960-11ef-b64e-2906cc9fb6bc","home","TuS 05 Wellinghofen","SC Phönix Essen 1920",20,18,TRUE,0,NA,NA,0,0,0,NA,0,0,0,0,0,0,NA,NA,NA,NA,NA,NA,NA,NA,0,0,0,0,NA,NA,NA,NA,NA
"Herbert Rogge","b06614d7-3955-11ef-a43b-a36230ada079",NA,NA,1973,"9/15/1973","64597bea-3960-11ef-b64e-2906cc9fb6bc","home","TuS 05 Wellinghofen","SC Phönix Essen 1920",20,18,TRUE,2,NA,NA,0,0,0,NA,0,0,0,0,0,0,NA,NA,NA,NA,NA,NA,NA,NA,0,0,0,0,NA,NA,NA,NA,NA
"Ulrich Eikermann","73a211c9-3955-11ef-8f8f-51fdf2a82730",NA,NA,1973,"9/15/1973","64597bea-3960-11ef-b64e-2906cc9fb6bc","away","SC Phönix Essen 1920","TuS 05 Wellinghofen",18,20,FALSE,4,NA,NA,0,0,0,NA,0,0,0,0,0,0,NA,NA,NA,NA,NA,NA,NA,NA,0,0,0,0,NA,NA,NA,NA,NA
"Horst Weise","8df6e46b-3955-11ef-9ec8-81dc40648355",NA,NA,1973,"9/15/1973","64597bea-3960-11ef-b64e-2906cc9fb6bc","away","SC Phönix Essen 1920","TuS 05 Wellinghofen",18,20,FALSE,0,NA,NA,0,0,0,NA,0,0,0,0,0,0,NA,NA,NA,NA,NA,NA,NA,NA,0,0,0,0,NA,NA,NA,NA,NA
"Heinz Oberscheidt","a5ae94f2-3955-11ef-91fc-2510cc07ea6e",NA,NA,1973,"9/15/1973","64597bea-3960-11ef-b64e-2906cc9fb6bc","away","SC Phönix Essen 1920","TuS 05 Wellinghofen",18,20,FALSE,3,NA,NA,0,0,0,NA,0,0,0,0,0,0,NA,NA,NA,NA,NA,NA,NA,NA,0,0,0,0,NA,NA,NA,NA,NA
"Dietmar Dohm","a5c15139-3955-11ef-9adf-2510cc07ea6e",NA,NA,1973,"9/15/1973","64597bea-3960-11ef-b64e-2906cc9fb6bc","away","SC Phönix Essen 1920","TuS 05 Wellinghofen",18,20,FALSE,1,NA,NA,0,0,0,NA,0,0,0,0,0,0,NA,NA,NA,NA,NA,NA,NA,NA,0,0,0,0,NA,NA,NA,NA,NA
"Ingo Callies","b0b0659b-3955-11ef-87aa-a36230ada079",NA,NA,1973,"9/15/1973","64597bea-3960-11ef-b64e-2906cc9fb6bc","away","SC Phönix Essen 1920","TuS 05 Wellinghofen",18,20,FALSE,2,NA,NA,0,0,0,NA,0,0,0,0,0,0,NA,NA,NA,NA,NA,NA,NA,NA,0,0,0,0,NA,NA,NA,NA,NA
"Günther Lehmann","bad5d078-3955-11ef-83d6-ab397f561917",NA,NA,1973,"9/15/1973","64597bea-3960-11ef-b64e-2906cc9fb6bc","away","SC Phönix Essen 1920","TuS 05 Wellinghofen",18,20,FALSE,0,NA,NA,0,0,0,NA,0,0,0,0,0,0,NA,NA,NA,NA,NA,NA,NA,NA,0,0,0,0,NA,NA,NA,NA,NA
"Bernd Tolksdorf","bae02284-3955-11ef-b577-ab397f561917",NA,NA,1973,"9/15/1973","64597bea-3960-11ef-b64e-2906cc9fb6bc","away","SC Phönix Essen 1920","TuS 05 Wellinghofen",18,20,FALSE,5,NA,NA,0,0,0,NA,0,0,0,0,0,0,NA,NA,NA,NA,NA,NA,NA,NA,0,0,0,0,NA,NA,NA,NA,NA
"Klaus Kirschner","bae43a44-3955-11ef-ae7c-ab397f561917",NA,NA,1973,"9/15/1973","64597bea-3960-11ef-b64e-2906cc9fb6bc","away","SC Phönix Essen 1920","TuS 05 Wellinghofen",18,20,FALSE,1,NA,NA,0,0,0,NA,0,0,0,0,0,0,NA,NA,NA,NA,NA,NA,NA,NA,0,0,0,0,NA,NA,NA,NA,NA
"Manfred Schaper","bd401c7e-3955-11ef-8d67-ab397f561917",NA,NA,1973,"9/15/1973","64597bea-3960-11ef-b64e-2906cc9fb6bc","away","SC Phönix Essen 1920","TuS 05 Wellinghofen",18,20,FALSE,0,NA,NA,0,0,0,NA,0,0,0,0,0,0,NA,NA,NA,NA,NA,NA,NA,NA,0,0,0,0,NA,NA,NA,NA,NA
"Norbert Kroker","bd441662-3955-11ef-b771-ab397f561917",NA,NA,1973,"9/15/1973","64597bea-3960-11ef-b64e-2906cc9fb6bc","away","SC Phönix Essen 1920","TuS 05 Wellinghofen",18,20,FALSE,0,NA,NA,0,0,0,NA,0,0,0,0,0,0,NA,NA,NA,NA,NA,NA,NA,NA,0,0,0,0,NA,NA,NA,NA,NA
"Manfred Wolf","bd4f3381-3955-11ef-904e-ab397f561917",NA,NA,1973,"9/15/1973","64597bea-3960-11ef-b64e-2906cc9fb6bc","away","SC Phönix Essen 1920","TuS 05 Wellinghofen",18,20,FALSE,2,NA,NA,0,0,1,NA,0,0,0,0,0,0,NA,NA,NA,NA,NA,NA,NA,NA,0,0,0,0,NA,NA,NA,NA,NA
"Michael Hattig","bd52f5b1-3955-11ef-ba0c-ab397f561917",NA,NA,1973,"9/15/1973","64597bea-3960-11ef-b64e-2906cc9fb6bc","away","SC Phönix Essen 1920","TuS 05 Wellinghofen",18,20,FALSE,0,NA,NA,0,0,0,NA,0,0,0,0,0,0,NA,NA,NA,NA,NA,NA,NA,NA,0,0,0,0,NA,NA,NA,NA,NA
"Wolfgang Sommerfeld","74c0be88-3955-11ef-89fd-51fdf2a82730",NA,NA,1973,"9/15/1973","674bf6a8-3960-11ef-bbfe-2906cc9fb6bc","home","TSV Milbertshofen","TV 05/07 Hüttenberg",11,11,FALSE,3,NA,NA,0,0,0,NA,0,0,0,0,0,0,NA,NA,NA,NA,NA,NA,NA,NA,0,0,0,0,NA,NA,NA,NA,NA
"Udo Böbel","80d4ba37-3955-11ef-9d8b-b908c60af10a",NA,NA,1973,"9/15/1973","674bf6a8-3960-11ef-bbfe-2906cc9fb6bc","home","TSV Milbertshofen","TV 05/07 Hüttenberg",11,11,FALSE,0,NA,NA,0,0,0,NA,0,0,0,0,0,0,NA,NA,NA,NA,NA,NA,NA,NA,0,0,0,0,NA,NA,NA,NA,NA
"Peter Jaschke","8b728782-3955-11ef-8da6-81dc40648355",NA,NA,1973,"9/15/1973","674bf6a8-3960-11ef-bbfe-2906cc9fb6bc","home","TSV Milbertshofen","TV 05/07 Hüttenberg",11,11,FALSE,0,NA,NA,0,0,0,NA,0,0,0,0,0,0,NA,NA,NA,NA,NA,NA,NA,NA,0,0,0,0,NA,NA,NA,NA,NA
"Werner Winkelmeier","9712104e-3955-11ef-9613-292be3190b7b",NA,NA,1973,"9/15/1973","674bf6a8-3960-11ef-bbfe-2906cc9fb6bc","home","TSV Milbertshofen","TV 05/07 Hüttenberg",11,11,FALSE,2,NA,NA,0,0,0,NA,0,0,0,0,0,0,NA,NA,NA,NA,NA,NA,NA,NA,0,0,0,0,NA,NA,NA,NA,NA
"Gerhard Ochsenkühn","97259ed1-3955-11ef-96ca-292be3190b7b",NA,NA,1973,"9/15/1973","674bf6a8-3960-11ef-bbfe-2906cc9fb6bc","home","TSV Milbertshofen","TV 05/07 Hüttenberg",11,11,FALSE,1,NA,NA,0,0,0,NA,0,0,0,0,0,0,NA,NA,NA,NA,NA,NA,NA,NA,0,0,0,0,NA,NA,NA,NA,NA
"Josef Kiener","972d7d47-3955-11ef-a437-292be3190b7b",NA,NA,1973,"9/15/1973","674bf6a8-3960-11ef-bbfe-2906cc9fb6bc","home","TSV Milbertshofen","TV 05/07 Hüttenberg",11,11,FALSE,2,NA,NA,0,0,2,NA,0,0,0,0,0,0,NA,NA,NA,NA,NA,NA,NA,NA,0,0,0,0,NA,NA,NA,NA,NA
"Jochen Heyne","b1c06894-3955-11ef-ab50-a36230ada079",NA,NA,1973,"9/15/1973","674bf6a8-3960-11ef-bbfe-2906cc9fb6bc","home","TSV Milbertshofen","TV 05/07 Hüttenberg",11,11,FALSE,2,NA,NA,0,0,0,NA,0,0,0,0,0,0,NA,NA,NA,NA,NA,NA,NA,NA,0,0,0,0,NA,NA,NA,NA,NA
"Helmut Schelchshorn","b1c960ef-3955-11ef-850b-a36230ada079",NA,NA,1973,"9/15/1973","674bf6a8-3960-11ef-bbfe-2906cc9fb6bc","home","TSV Milbertshofen","TV 05/07 Hüttenberg",11,11,FALSE,1,NA,NA,0,0,0,NA,0,0,0,0,0,0,NA,NA,NA,NA,NA,NA,NA,NA,0,0,0,0,NA,NA,NA,NA,NA
"Axel Pohl","bc16faf2-3955-11ef-a768-ab397f561917",NA,NA,1973,"9/15/1973","674bf6a8-3960-11ef-bbfe-2906cc9fb6bc","home","TSV Milbertshofen","TV 05/07 Hüttenberg",11,11,FALSE,0,NA,NA,0,0,0,NA,0,0,0,0,0,0,NA,NA,NA,NA,NA,NA,NA,NA,0,0,0,0,NA,NA,NA,NA,NA
"Peter Feddern","bc1b1b3e-3955-11ef-9c4e-ab397f561917",NA,NA,1973,"9/15/1973","674bf6a8-3960-11ef-bbfe-2906cc9fb6bc","home","TSV Milbertshofen","TV 05/07 Hüttenberg",11,11,FALSE,0,NA,NA,0,0,0,NA,0,0,0,0,0,0,NA,NA,NA,NA,NA,NA,NA,NA,0,0,0,0,NA,NA,NA,NA,NA
"Anton Niggel","c6b807f5-3955-11ef-8bfd-157c9bc18a5f",NA,NA,1973,"9/15/1973","674bf6a8-3960-11ef-bbfe-2906cc9fb6bc","home","TSV Milbertshofen","TV 05/07 Hüttenberg",11,11,FALSE,0,NA,NA,0,0,0,NA,0,0,0,0,0,0,NA,NA,NA,NA,NA,NA,NA,NA,0,0,0,0,NA,NA,NA,NA,NA
"Walter Don","73f54ad3-3955-11ef-b2c6-51fdf2a82730",NA,NA,1973,"9/15/1973","674bf6a8-3960-11ef-bbfe-2906cc9fb6bc","away","TV 05/07 Hüttenberg","TSV Milbertshofen",11,11,FALSE,2,NA,NA,0,0,0,NA,0,0,0,0,0,0,NA,NA,NA,NA,NA,NA,NA,NA,0,0,0,0,NA,NA,NA,NA,NA
"Hans-Jürgen Völpel","80753eec-3955-11ef-bd2e-b908c60af10a",NA,NA,1973,"9/15/1973","674bf6a8-3960-11ef-bbfe-2906cc9fb6bc","away","TV 05/07 Hüttenberg","TSV Milbertshofen",11,11,FALSE,0,NA,NA,0,0,0,NA,0,0,0,0,0,0,NA,NA,NA,NA,NA,NA,NA,NA,0,0,0,0,NA,NA,NA,NA,NA
"Siegfried Weber","807d098c-3955-11ef-8827-b908c60af10a",NA,NA,1973,"9/15/1973","674bf6a8-3960-11ef-bbfe-2906cc9fb6bc","away","TV 05/07 Hüttenberg","TSV Milbertshofen",11,11,FALSE,0,NA,NA,0,0,0,NA,0,0,0,0,0,0,NA,NA,NA,NA,NA,NA,NA,NA,0,0,0,0,NA,NA,NA,NA,NA
"Horst Spengler","80adf446-3955-11ef-a1e6-b908c60af10a",NA,NA,1973,"9/15/1973","674bf6a8-3960-11ef-bbfe-2906cc9fb6bc","away","TV 05/07 Hüttenberg","TSV Milbertshofen",11,11,FALSE,0,NA,NA,0,0,0,NA,0,0,0,0,0,0,NA,NA,NA,NA,NA,NA,NA,NA,0,0,0,0,NA,NA,NA,NA,NA
"Peter Barthelmey","99855e8f-3955-11ef-b9a4-292be3190b7b",NA,NA,1973,"9/15/1973","674bf6a8-3960-11ef-bbfe-2906cc9fb6bc","away","TV 05/07 Hüttenberg","TSV Milbertshofen",11,11,FALSE,2,NA,NA,0,0,1,NA,0,0,0,0,0,0,NA,NA,NA,NA,NA,NA,NA,NA,0,0,0,0,NA,NA,NA,NA,NA
"Richard Boczkowski","a1b43836-3955-11ef-934f-2510cc07ea6e",NA,NA,1973,"9/15/1973","674bf6a8-3960-11ef-bbfe-2906cc9fb6bc","away","TV 05/07 Hüttenberg","TSV Milbertshofen",11,11,FALSE,0,NA,NA,0,0,0,NA,0,0,0,0,0,0,NA,NA,NA,NA,NA,NA,NA,NA,0,0,0,0,NA,NA,NA,NA,NA
"Norbert Bach","a3be6ba6-3955-11ef-9511-2510cc07ea6e",NA,NA,1973,"9/15/1973","674bf6a8-3960-11ef-bbfe-2906cc9fb6bc","away","TV 05/07 Hüttenberg","TSV Milbertshofen",11,11,FALSE,5,NA,NA,0,0,0,NA,0,0,0,0,0,0,NA,NA,NA,NA,NA,NA,NA,NA,0,0,0,0,NA,NA,NA,NA,NA
"Stefan Schicketanz","a3d099d4-3955-11ef-90b6-2510cc07ea6e",NA,NA,1973,"9/15/1973","674bf6a8-3960-11ef-bbfe-2906cc9fb6bc","away","TV 05/07 Hüttenberg","TSV Milbertshofen",11,11,FALSE,1,NA,NA,0,0,0,NA,0,0,0,0,0,0,NA,NA,NA,NA,NA,NA,NA,NA,0,0,0,0,NA,NA,NA,NA,NA
"Udo Uebbing","ae4823ea-3955-11ef-93ce-a36230ada079",NA,NA,1973,"9/15/1973","674bf6a8-3960-11ef-bbfe-2906cc9fb6bc","away","TV 05/07 Hüttenberg","TSV Milbertshofen",11,11,FALSE,1,NA,NA,0,0,0,NA,0,0,0,0,0,0,NA,NA,NA,NA,NA,NA,NA,NA,0,0,0,0,NA,NA,NA,NA,NA
"Rainer Joost","bb83a6fb-3955-11ef-b43f-ab397f561917",NA,NA,1973,"9/15/1973","674bf6a8-3960-11ef-bbfe-2906cc9fb6bc","away","TV 05/07 Hüttenberg","TSV Milbertshofen",11,11,FALSE,0,NA,NA,0,0,0,NA,0,0,0,0,0,0,NA,NA,NA,NA,NA,NA,NA,NA,0,0,0,0,NA,NA,NA,NA,NA
"Dieter Beckmann","bb888d20-3955-11ef-b8c5-ab397f561917",NA,NA,1973,"9/15/1973","674bf6a8-3960-11ef-bbfe-2906cc9fb6bc","away","TV 05/07 Hüttenberg","TSV Milbertshofen",11,11,FALSE,0,NA,NA,0,0,0,NA,0,0,0,0,0,0,NA,NA,NA,NA,NA,NA,NA,NA,0,0,0,0,NA,NA,NA,NA,NA
"Andrija Kotlas","bde016f5-3955-11ef-b96c-ab397f561917",NA,NA,1973,"9/15/1973","674bf6a8-3960-11ef-bbfe-2906cc9fb6bc","away","TV 05/07 Hüttenberg","TSV Milbertshofen",11,11,FALSE,0,NA,NA,0,0,0,NA,0,0,0,0,0,0,NA,NA,NA,NA,NA,NA,NA,NA,0,0,0,0,NA,NA,NA,NA,NA
"Hans-Jörg Graeper","964d8ebc-3955-11ef-a25b-292be3190b7b",NA,NA,1973,"9/21/1973","654fc980-3960-11ef-a7ab-2906cc9fb6bc","home","TV Grambke Bremen","TuSEM Essen",18,13,TRUE,2,NA,NA,0,0,0,NA,0,0,0,0,0,0,NA,NA,NA,NA,NA,NA,NA,NA,0,0,0,0,NA,NA,NA,NA,NA
"Reiner Witte","983968fe-3955-11ef-96ef-292be3190b7b",NA,NA,1973,"9/21/1973","654fc980-3960-11ef-a7ab-2906cc9fb6bc","home","TV Grambke Bremen","TuSEM Essen",18,13,TRUE,1,NA,NA,0,0,0,NA,0,0,0,0,0,0,NA,NA,NA,NA,NA,NA,NA,NA,0,0,0,0,NA,NA,NA,NA,NA
"Rolf Harjes","9854972c-3955-11ef-b163-292be3190b7b",NA,NA,1973,"9/21/1973","654fc980-3960-11ef-a7ab-2906cc9fb6bc","home","TV Grambke Bremen","TuSEM Essen",18,13,TRUE,6,NA,NA,0,0,6,NA,0,0,0,0,0,0,NA,NA,NA,NA,NA,NA,NA,NA,0,0,0,0,NA,NA,NA,NA,NA
"Wilfried Lankenau","a547caa3-3955-11ef-8b17-2510cc07ea6e",NA,NA,1973,"9/21/1973","654fc980-3960-11ef-a7ab-2906cc9fb6bc","home","TV Grambke Bremen","TuSEM Essen",18,13,TRUE,4,NA,NA,0,0,0,NA,0,0,0,0,0,0,NA,NA,NA,NA,NA,NA,NA,NA,0,0,0,0,NA,NA,NA,NA,NA
"Willi Hohn","a54d65b4-3955-11ef-86a4-2510cc07ea6e",NA,NA,1973,"9/21/1973","654fc980-3960-11ef-a7ab-2906cc9fb6bc","home","TV Grambke Bremen","TuSEM Essen",18,13,TRUE,2,NA,NA,0,0,0,NA,0,0,0,0,0,0,NA,NA,NA,NA,NA,NA,NA,NA,0,0,0,0,NA,NA,NA,NA,NA
"Peter Wilde","a5638a05-3955-11ef-8647-2510cc07ea6e",NA,NA,1973,"9/21/1973","654fc980-3960-11ef-a7ab-2906cc9fb6bc","home","TV Grambke Bremen","TuSEM Essen",18,13,TRUE,2,NA,NA,0,0,0,NA,0,0,0,0,0,0,NA,NA,NA,NA,NA,NA,NA,NA,0,0,0,0,NA,NA,NA,NA,NA
"Klaus Hohn","baa006c5-3955-11ef-942e-ab397f561917",NA,NA,1973,"9/21/1973","654fc980-3960-11ef-a7ab-2906cc9fb6bc","home","TV Grambke Bremen","TuSEM Essen",18,13,TRUE,0,NA,NA,0,0,0,NA,0,0,0,0,0,0,NA,NA,NA,NA,NA,NA,NA,NA,0,0,0,0,NA,NA,NA,NA,NA
"Karl-Heinz Bierwirth","baa76751-3955-11ef-b78b-ab397f561917",NA,NA,1973,"9/21/1973","654fc980-3960-11ef-a7ab-2906cc9fb6bc","home","TV Grambke Bremen","TuSEM Essen",18,13,TRUE,0,NA,NA,0,0,0,NA,0,0,0,0,0,0,NA,NA,NA,NA,NA,NA,NA,NA,0,0,0,0,NA,NA,NA,NA,NA
"Günter Heermann","baabe2e5-3955-11ef-9d71-ab397f561917",NA,NA,1973,"9/21/1973","654fc980-3960-11ef-a7ab-2906cc9fb6bc","home","TV Grambke Bremen","TuSEM Essen",18,13,TRUE,1,NA,NA,0,0,0,NA,0,0,0,0,0,0,NA,NA,NA,NA,NA,NA,NA,NA,0,0,0,0,NA,NA,NA,NA,NA
"Günter Meßmer","babf1fc6-3955-11ef-975c-ab397f561917",NA,NA,1973,"9/21/1973","654fc980-3960-11ef-a7ab-2906cc9fb6bc","home","TV Grambke Bremen","TuSEM Essen",18,13,TRUE,0,NA,NA,0,0,0,NA,0,0,0,0,0,0,NA,NA,NA,NA,NA,NA,NA,NA,0,0,0,0,NA,NA,NA,NA,NA
"Reimer Hinrichs","baf246ff-3955-11ef-b172-ab397f561917",NA,NA,1973,"9/21/1973","654fc980-3960-11ef-a7ab-2906cc9fb6bc","home","TV Grambke Bremen","TuSEM Essen",18,13,TRUE,0,NA,NA,0,0,0,NA,0,0,0,0,0,0,NA,NA,NA,NA,NA,NA,NA,NA,0,0,0,0,NA,NA,NA,NA,NA
"Heino Gutzeit","bd1f637f-3955-11ef-b9a0-ab397f561917",NA,NA,1973,"9/21/1973","654fc980-3960-11ef-a7ab-2906cc9fb6bc","home","TV Grambke Bremen","TuSEM Essen",18,13,TRUE,0,NA,NA,0,0,0,NA,0,0,0,0,0,0,NA,NA,NA,NA,NA,NA,NA,NA,0,0,0,0,NA,NA,NA,NA,NA
"Dietmar Balkenhol","8dfc784e-3955-11ef-b459-81dc40648355",NA,NA,1973,"9/21/1973","654fc980-3960-11ef-a7ab-2906cc9fb6bc","away","TuSEM Essen","TV Grambke Bremen",13,18,FALSE,0,NA,NA,0,0,0,NA,0,0,0,0,0,0,NA,NA,NA,NA,NA,NA,NA,NA,0,0,0,0,NA,NA,NA,NA,NA
"Gerhard Wrobel","ae4fc714-3955-11ef-a106-a36230ada079",NA,NA,1973,"9/21/1973","654fc980-3960-11ef-a7ab-2906cc9fb6bc","away","TuSEM Essen","TV Grambke Bremen",13,18,FALSE,1,NA,NA,0,0,0,NA,0,0,0,0,0,0,NA,NA,NA,NA,NA,NA,NA,NA,0,0,0,0,NA,NA,NA,NA,NA
"Herbert Buschmann","bd5ac595-3955-11ef-97f0-ab397f561917",NA,NA,1973,"9/21/1973","654fc980-3960-11ef-a7ab-2906cc9fb6bc","away","TuSEM Essen","TV Grambke Bremen",13,18,FALSE,0,NA,NA,0,0,0,NA,0,0,0,0,0,0,NA,NA,NA,NA,NA,NA,NA,NA,0,0,0,0,NA,NA,NA,NA,NA
"Peter Venzke","bd6b12a9-3955-11ef-af21-ab397f561917",NA,NA,1973,"9/21/1973","654fc980-3960-11ef-a7ab-2906cc9fb6bc","away","TuSEM Essen","TV Grambke Bremen",13,18,FALSE,3,NA,NA,0,0,0,NA,0,0,0,0,0,0,NA,NA,NA,NA,NA,NA,NA,NA,0,0,0,0,NA,NA,NA,NA,NA
"Klaus Schäfer","bd6f7a4d-3955-11ef-9f92-ab397f561917",NA,NA,1973,"9/21/1973","654fc980-3960-11ef-a7ab-2906cc9fb6bc","away","TuSEM Essen","TV Grambke Bremen",13,18,FALSE,3,NA,NA,0,0,0,NA,0,0,0,0,0,0,NA,NA,NA,NA,NA,NA,NA,NA,0,0,0,0,NA,NA,NA,NA,NA
"Alwin Loerke","bd738ab4-3955-11ef-9585-ab397f561917",NA,NA,1973,"9/21/1973","654fc980-3960-11ef-a7ab-2906cc9fb6bc","away","TuSEM Essen","TV Grambke Bremen",13,18,FALSE,1,NA,NA,0,0,0,NA,0,0,0,0,0,0,NA,NA,NA,NA,NA,NA,NA,NA,0,0,0,0,NA,NA,NA,NA,NA
"Gerhard Schmidt","bd78314d-3955-11ef-8668-ab397f561917",NA,NA,1973,"9/21/1973","654fc980-3960-11ef-a7ab-2906cc9fb6bc","away","TuSEM Essen","TV Grambke Bremen",13,18,FALSE,0,NA,NA,0,0,0,NA,0,0,0,0,0,0,NA,NA,NA,NA,NA,NA,NA,NA,0,0,0,0,NA,NA,NA,NA,NA
"Manfred Benning","bd7cb1bd-3955-11ef-883f-ab397f561917",NA,NA,1973,"9/21/1973","654fc980-3960-11ef-a7ab-2906cc9fb6bc","away","TuSEM Essen","TV Grambke Bremen",13,18,FALSE,0,NA,NA,0,0,0,NA,0,0,0,0,0,0,NA,NA,NA,NA,NA,NA,NA,NA,0,0,0,0,NA,NA,NA,NA,NA
"Peter Fischer","bd861af2-3955-11ef-a655-ab397f561917",NA,NA,1973,"9/21/1973","654fc980-3960-11ef-a7ab-2906cc9fb6bc","away","TuSEM Essen","TV Grambke Bremen",13,18,FALSE,1,NA,NA,0,0,0,NA,0,0,0,0,0,0,NA,NA,NA,NA,NA,NA,NA,NA,0,0,0,0,NA,NA,NA,NA,NA
"Wolfgang Schütte","bd8b9463-3955-11ef-84e4-ab397f561917",NA,NA,1973,"9/21/1973","654fc980-3960-11ef-a7ab-2906cc9fb6bc","away","TuSEM Essen","TV Grambke Bremen",13,18,FALSE,1,NA,NA,0,0,0,NA,0,0,0,0,0,0,NA,NA,NA,NA,NA,NA,NA,NA,0,0,0,0,NA,NA,NA,NA,NA
"Peter Meuter","bd905293-3955-11ef-a264-ab397f561917",NA,NA,1973,"9/21/1973","654fc980-3960-11ef-a7ab-2906cc9fb6bc","away","TuSEM Essen","TV Grambke Bremen",13,18,FALSE,3,NA,NA,0,0,0,NA,0,0,0,0,0,0,NA,NA,NA,NA,NA,NA,NA,NA,0,0,0,0,NA,NA,NA,NA,NA
"Werner Osada","98d8c8ac-3955-11ef-b6db-292be3190b7b",NA,NA,1973,"9/21/1973","686f06af-3960-11ef-b988-2906cc9fb6bc","home","S3L Handball","TSV Milbertshofen",27,13,TRUE,3,NA,NA,0,0,3,NA,0,0,0,0,0,0,NA,NA,NA,NA,NA,NA,NA,NA,0,0,0,0,NA,NA,NA,NA,NA
"Alfred Schmitt","a25e1dab-3955-11ef-b412-2510cc07ea6e",NA,NA,1973,"9/21/1973","686f06af-3960-11ef-b988-2906cc9fb6bc","home","S3L Handball","TSV Milbertshofen",27,13,TRUE,1,NA,NA,0,0,0,NA,0,0,0,0,0,0,NA,NA,NA,NA,NA,NA,NA,NA,0,0,0,0,NA,NA,NA,NA,NA
"Manfred Müller","ae54e819-3955-11ef-81e8-a36230ada079",NA,NA,1973,"9/21/1973","686f06af-3960-11ef-b988-2906cc9fb6bc","home","S3L Handball","TSV Milbertshofen",27,13,TRUE,0,NA,NA,0,0,0,NA,0,0,0,0,0,0,NA,NA,NA,NA,NA,NA,NA,NA,0,0,0,0,NA,NA,NA,NA,NA
"Georg Fitz","ae68320c-3955-11ef-89fa-a36230ada079",NA,NA,1973,"9/21/1973","686f06af-3960-11ef-b988-2906cc9fb6bc","home","S3L Handball","TSV Milbertshofen",27,13,TRUE,0,NA,NA,0,0,0,NA,0,0,0,0,0,0,NA,NA,NA,NA,NA,NA,NA,NA,0,0,0,0,NA,NA,NA,NA,NA
"Bernd Frühauf","ae71d80f-3955-11ef-a219-a36230ada079",NA,NA,1973,"9/21/1973","686f06af-3960-11ef-b988-2906cc9fb6bc","home","S3L Handball","TSV Milbertshofen",27,13,TRUE,0,NA,NA,0,0,0,NA,0,0,0,0,0,0,NA,NA,NA,NA,NA,NA,NA,NA,0,0,0,0,NA,NA,NA,NA,NA
"Robert Becker","ae8c50f9-3955-11ef-91c4-a36230ada079",NA,NA,1973,"9/21/1973","686f06af-3960-11ef-b988-2906cc9fb6bc","home","S3L Handball","TSV Milbertshofen",27,13,TRUE,3,NA,NA,0,0,0,NA,0,0,0,0,0,0,NA,NA,NA,NA,NA,NA,NA,NA,0,0,0,0,NA,NA,NA,NA,NA
"Jürgen Hahn","ae947745-3955-11ef-bc54-a36230ada079",NA,NA,1973,"9/21/1973","686f06af-3960-11ef-b988-2906cc9fb6bc","home","S3L Handball","TSV Milbertshofen",27,13,TRUE,7,NA,NA,0,0,0,NA,0,0,0,0,0,0,NA,NA,NA,NA,NA,NA,NA,NA,0,0,0,0,NA,NA,NA,NA,NA
"Hansjörg Jäck","b166bd31-3955-11ef-bed1-a36230ada079",NA,NA,1973,"9/21/1973","686f06af-3960-11ef-b988-2906cc9fb6bc","home","S3L Handball","TSV Milbertshofen",27,13,TRUE,0,NA,NA,0,0,0,NA,0,0,0,0,0,0,NA,NA,NA,NA,NA,NA,NA,NA,0,0,0,0,NA,NA,NA,NA,NA
"Markus Hädrich","ba389acc-3955-11ef-8b9d-ab397f561917",NA,NA,1973,"9/21/1973","686f06af-3960-11ef-b988-2906cc9fb6bc","home","S3L Handball","TSV Milbertshofen",27,13,TRUE,6,NA,NA,0,0,0,NA,0,0,0,0,0,0,NA,NA,NA,NA,NA,NA,NA,NA,0,0,0,0,NA,NA,NA,NA,NA
"Werner Pruscha","bb9c8e56-3955-11ef-ac18-ab397f561917",NA,NA,1973,"9/21/1973","686f06af-3960-11ef-b988-2906cc9fb6bc","home","S3L Handball","TSV Milbertshofen",27,13,TRUE,3,NA,NA,0,0,0,NA,0,0,0,0,0,0,NA,NA,NA,NA,NA,NA,NA,NA,0,0,0,0,NA,NA,NA,NA,NA
"Wolfhardt Bühler","bba2fc92-3955-11ef-a8d6-ab397f561917",NA,NA,1973,"9/21/1973","686f06af-3960-11ef-b988-2906cc9fb6bc","home","S3L Handball","TSV Milbertshofen",27,13,TRUE,3,NA,NA,0,0,0,NA,0,0,0,0,0,0,NA,NA,NA,NA,NA,NA,NA,NA,0,0,0,0,NA,NA,NA,NA,NA
"Arno Schandin","bded1584-3955-11ef-8a76-ab397f561917",NA,NA,1973,"9/21/1973","686f06af-3960-11ef-b988-2906cc9fb6bc","home","S3L Handball","TSV Milbertshofen",27,13,TRUE,1,NA,NA,0,0,0,NA,0,0,0,0,0,0,NA,NA,NA,NA,NA,NA,NA,NA,0,0,0,0,NA,NA,NA,NA,NA
"Wolfgang Sommerfeld","74c0be88-3955-11ef-89fd-51fdf2a82730",NA,NA,1973,"9/21/1973","686f06af-3960-11ef-b988-2906cc9fb6bc","away","TSV Milbertshofen","S3L Handball",13,27,FALSE,4,NA,NA,0,0,0,NA,0,0,0,0,0,0,NA,NA,NA,NA,NA,NA,NA,NA,0,0,0,0,NA,NA,NA,NA,NA
"Rainer Olbert","80d00b6a-3955-11ef-ab11-b908c60af10a",NA,NA,1973,"9/21/1973","686f06af-3960-11ef-b988-2906cc9fb6bc","away","TSV Milbertshofen","S3L Handball",13,27,FALSE,0,NA,NA,0,0,0,NA,0,0,0,0,0,0,NA,NA,NA,NA,NA,NA,NA,NA,0,0,0,0,NA,NA,NA,NA,NA
"Udo Böbel","80d4ba37-3955-11ef-9d8b-b908c60af10a",NA,NA,1973,"9/21/1973","686f06af-3960-11ef-b988-2906cc9fb6bc","away","TSV Milbertshofen","S3L Handball",13,27,FALSE,0,NA,NA,0,0,0,NA,0,0,0,0,0,0,NA,NA,NA,NA,NA,NA,NA,NA,0,0,0,0,NA,NA,NA,NA,NA
"Peter Jaschke","8b728782-3955-11ef-8da6-81dc40648355",NA,NA,1973,"9/21/1973","686f06af-3960-11ef-b988-2906cc9fb6bc","away","TSV Milbertshofen","S3L Handball",13,27,FALSE,0,NA,NA,0,0,0,NA,0,0,0,0,0,0,NA,NA,NA,NA,NA,NA,NA,NA,0,0,0,0,NA,NA,NA,NA,NA
"Werner Winkelmeier","9712104e-3955-11ef-9613-292be3190b7b",NA,NA,1973,"9/21/1973","686f06af-3960-11ef-b988-2906cc9fb6bc","away","TSV Milbertshofen","S3L Handball",13,27,FALSE,3,NA,NA,0,0,0,NA,0,0,0,0,0,0,NA,NA,NA,NA,NA,NA,NA,NA,0,0,0,0,NA,NA,NA,NA,NA
"Gerhard Ochsenkühn","97259ed1-3955-11ef-96ca-292be3190b7b",NA,NA,1973,"9/21/1973","686f06af-3960-11ef-b988-2906cc9fb6bc","away","TSV Milbertshofen","S3L Handball",13,27,FALSE,0,NA,NA,0,0,0,NA,0,0,0,0,0,0,NA,NA,NA,NA,NA,NA,NA,NA,0,0,0,0,NA,NA,NA,NA,NA
"Josef Kiener","972d7d47-3955-11ef-a437-292be3190b7b",NA,NA,1973,"9/21/1973","686f06af-3960-11ef-b988-2906cc9fb6bc","away","TSV Milbertshofen","S3L Handball",13,27,FALSE,1,NA,NA,0,0,0,NA,0,0,0,0,0,0,NA,NA,NA,NA,NA,NA,NA,NA,0,0,0,0,NA,NA,NA,NA,NA
"Rudolf Dobler","97ac407c-3955-11ef-9ea9-292be3190b7b",NA,NA,1973,"9/21/1973","686f06af-3960-11ef-b988-2906cc9fb6bc","away","TSV Milbertshofen","S3L Handball",13,27,FALSE,1,NA,NA,0,0,0,NA,0,0,0,0,0,0,NA,NA,NA,NA,NA,NA,NA,NA,0,0,0,0,NA,NA,NA,NA,NA
"Jochen Heyne","b1c06894-3955-11ef-ab50-a36230ada079",NA,NA,1973,"9/21/1973","686f06af-3960-11ef-b988-2906cc9fb6bc","away","TSV Milbertshofen","S3L Handball",13,27,FALSE,3,NA,NA,0,0,3,NA,0,0,0,0,0,0,NA,NA,NA,NA,NA,NA,NA,NA,0,0,0,0,NA,NA,NA,NA,NA
"Helmut Schelchshorn","b1c960ef-3955-11ef-850b-a36230ada079",NA,NA,1973,"9/21/1973","686f06af-3960-11ef-b988-2906cc9fb6bc","away","TSV Milbertshofen","S3L Handball",13,27,FALSE,1,NA,NA,0,0,0,NA,0,0,0,0,0,0,NA,NA,NA,NA,NA,NA,NA,NA,0,0,0,0,NA,NA,NA,NA,NA
"Peter Feddern","bc1b1b3e-3955-11ef-9c4e-ab397f561917",NA,NA,1973,"9/21/1973","686f06af-3960-11ef-b988-2906cc9fb6bc","away","TSV Milbertshofen","S3L Handball",13,27,FALSE,0,NA,NA,0,0,0,NA,0,0,0,0,0,0,NA,NA,NA,NA,NA,NA,NA,NA,0,0,0,0,NA,NA,NA,NA,NA
"Anton Niggel","c6b807f5-3955-11ef-8bfd-157c9bc18a5f",NA,NA,1973,"9/21/1973","686f06af-3960-11ef-b988-2906cc9fb6bc","away","TSV Milbertshofen","S3L Handball",13,27,FALSE,0,NA,NA,0,0,0,NA,0,0,0,0,0,0,NA,NA,NA,NA,NA,NA,NA,NA,0,0,0,0,NA,NA,NA,NA,NA
"Harald Lüth","a552c518-3955-11ef-8a68-2510cc07ea6e",NA,NA,1973,"9/22/1973","5b603a2a-3960-11ef-9917-7b2e16e5ffcd","home","VfL Lübeck-Schwartau","VfL Gummersbach",13,13,FALSE,0,NA,NA,0,0,0,NA,0,0,0,0,0,0,NA,NA,NA,NA,NA,NA,NA,NA,0,0,0,0,NA,NA,NA,NA,NA
"Michael Dogs","b0cecb4a-3955-11ef-b665-a36230ada079",NA,NA,1973,"9/22/1973","5b603a2a-3960-11ef-9917-7b2e16e5ffcd","home","VfL Lübeck-Schwartau","VfL Gummersbach",13,13,FALSE,0,NA,NA,0,0,0,NA,0,0,0,0,0,0,NA,NA,NA,NA,NA,NA,NA,NA,0,0,0,0,NA,NA,NA,NA,NA
"Ulrich Kleinstoll","b0f37438-3955-11ef-84e6-a36230ada079",NA,NA,1973,"9/22/1973","5b603a2a-3960-11ef-9917-7b2e16e5ffcd","home","VfL Lübeck-Schwartau","VfL Gummersbach",13,13,FALSE,0,NA,NA,0,0,0,NA,0,0,0,0,0,0,NA,NA,NA,NA,NA,NA,NA,NA,0,0,0,0,NA,NA,NA,NA,NA
"Thomas Kluth","b0f877c0-3955-11ef-a314-a36230ada079",NA,NA,1973,"9/22/1973","5b603a2a-3960-11ef-9917-7b2e16e5ffcd","home","VfL Lübeck-Schwartau","VfL Gummersbach",13,13,FALSE,4,NA,NA,0,0,0,NA,0,0,0,0,0,0,NA,NA,NA,NA,NA,NA,NA,NA,0,0,0,0,NA,NA,NA,NA,NA
"Hans-Martin Müller-Wolf","b1020054-3955-11ef-8e79-a36230ada079",NA,NA,1973,"9/22/1973","5b603a2a-3960-11ef-9917-7b2e16e5ffcd","home","VfL Lübeck-Schwartau","VfL Gummersbach",13,13,FALSE,0,NA,NA,0,0,0,NA,0,0,0,0,0,0,NA,NA,NA,NA,NA,NA,NA,NA,0,0,0,0,NA,NA,NA,NA,NA
"Siegfried Berg","b10d3ec3-3955-11ef-8a30-a36230ada079",NA,NA,1973,"9/22/1973","5b603a2a-3960-11ef-9917-7b2e16e5ffcd","home","VfL Lübeck-Schwartau","VfL Gummersbach",13,13,FALSE,3,NA,NA,0,0,1,NA,0,0,0,0,0,0,NA,NA,NA,NA,NA,NA,NA,NA,0,0,0,0,NA,NA,NA,NA,NA
"Wolfgang Braun","b1a4c388-3955-11ef-92b7-a36230ada079",NA,NA,1973,"9/22/1973","5b603a2a-3960-11ef-9917-7b2e16e5ffcd","home","VfL Lübeck-Schwartau","VfL Gummersbach",13,13,FALSE,2,NA,NA,0,0,1,NA,0,0,0,0,0,0,NA,NA,NA,NA,NA,NA,NA,NA,0,0,0,0,NA,NA,NA,NA,NA
"Geert Geusendam","baee7cab-3955-11ef-95ba-ab397f561917",NA,NA,1973,"9/22/1973","5b603a2a-3960-11ef-9917-7b2e16e5ffcd","home","VfL Lübeck-Schwartau","VfL Gummersbach",13,13,FALSE,0,NA,NA,0,0,0,NA,0,0,0,0,0,0,NA,NA,NA,NA,NA,NA,NA,NA,0,0,0,0,NA,NA,NA,NA,NA
"Bernd Heiden","baf62966-3955-11ef-b7e1-ab397f561917",NA,NA,1973,"9/22/1973","5b603a2a-3960-11ef-9917-7b2e16e5ffcd","home","VfL Lübeck-Schwartau","VfL Gummersbach",13,13,FALSE,3,NA,NA,0,0,0,NA,0,0,0,0,0,0,NA,NA,NA,NA,NA,NA,NA,NA,0,0,0,0,NA,NA,NA,NA,NA
"Klaus Lange","bafb51f3-3955-11ef-9864-ab397f561917",NA,NA,1973,"9/22/1973","5b603a2a-3960-11ef-9917-7b2e16e5ffcd","home","VfL Lübeck-Schwartau","VfL Gummersbach",13,13,FALSE,0,NA,NA,0,0,0,NA,0,0,0,0,0,0,NA,NA,NA,NA,NA,NA,NA,NA,0,0,0,0,NA,NA,NA,NA,NA
"Georg Pohl","baff6cee-3955-11ef-a80f-ab397f561917",NA,NA,1973,"9/22/1973","5b603a2a-3960-11ef-9917-7b2e16e5ffcd","home","VfL Lübeck-Schwartau","VfL Gummersbach",13,13,FALSE,1,NA,NA,0,0,0,NA,0,0,0,0,0,0,NA,NA,NA,NA,NA,NA,NA,NA,0,0,0,0,NA,NA,NA,NA,NA
"Heiner Brand","44e82d45-3955-11ef-bc71-4fa817cd91bb",NA,NA,1973,"9/22/1973","5b603a2a-3960-11ef-9917-7b2e16e5ffcd","away","VfL Gummersbach","VfL Lübeck-Schwartau",13,13,FALSE,0,NA,NA,0,0,0,NA,0,0,0,0,0,0,NA,NA,NA,NA,NA,NA,NA,NA,0,0,0,0,NA,NA,NA,NA,NA
"Klaus Westebbe","8c58f63a-3955-11ef-b65e-81dc40648355",NA,NA,1973,"9/22/1973","5b603a2a-3960-11ef-9917-7b2e16e5ffcd","away","VfL Gummersbach","VfL Lübeck-Schwartau",13,13,FALSE,4,NA,NA,0,0,1,NA,0,0,0,0,0,0,NA,NA,NA,NA,NA,NA,NA,NA,0,0,0,0,NA,NA,NA,NA,NA
"Klaus Kater","8da1f6ef-3955-11ef-b31a-81dc40648355",NA,NA,1973,"9/22/1973","5b603a2a-3960-11ef-9917-7b2e16e5ffcd","away","VfL Gummersbach","VfL Lübeck-Schwartau",13,13,FALSE,0,NA,NA,0,0,0,NA,0,0,0,0,0,0,NA,NA,NA,NA,NA,NA,NA,NA,0,0,0,0,NA,NA,NA,NA,NA
"Klaus Schlagheck","97a06613-3955-11ef-8056-292be3190b7b",NA,NA,1973,"9/22/1973","5b603a2a-3960-11ef-9917-7b2e16e5ffcd","away","VfL Gummersbach","VfL Lübeck-Schwartau",13,13,FALSE,3,NA,NA,0,0,0,NA,0,0,0,0,0,0,NA,NA,NA,NA,NA,NA,NA,NA,0,0,0,0,NA,NA,NA,NA,NA
"Joachim Deckarm","9976945f-3955-11ef-afc4-292be3190b7b",NA,NA,1973,"9/22/1973","5b603a2a-3960-11ef-9917-7b2e16e5ffcd","away","VfL Gummersbach","VfL Lübeck-Schwartau",13,13,FALSE,2,NA,NA,0,0,0,NA,0,0,0,0,0,0,NA,NA,NA,NA,NA,NA,NA,NA,0,0,0,0,NA,NA,NA,NA,NA
"Achim Henseler","a182e874-3955-11ef-95ce-2510cc07ea6e",NA,NA,1973,"9/22/1973","5b603a2a-3960-11ef-9917-7b2e16e5ffcd","away","VfL Gummersbach","VfL Lübeck-Schwartau",13,13,FALSE,0,NA,NA,0,0,0,NA,0,0,0,0,0,0,NA,NA,NA,NA,NA,NA,NA,NA,0,0,0,0,NA,NA,NA,NA,NA
"Jochen Feldhoff","a32751a5-3955-11ef-badf-2510cc07ea6e",NA,NA,1973,"9/22/1973","5b603a2a-3960-11ef-9917-7b2e16e5ffcd","away","VfL Gummersbach","VfL Lübeck-Schwartau",13,13,FALSE,0,NA,NA,0,0,0,NA,0,0,0,0,0,0,NA,NA,NA,NA,NA,NA,NA,NA,0,0,0,0,NA,NA,NA,NA,NA
"Werner Lettgen","ae263c3c-3955-11ef-96f7-a36230ada079",NA,NA,1973,"9/22/1973","5b603a2a-3960-11ef-9917-7b2e16e5ffcd","away","VfL Gummersbach","VfL Lübeck-Schwartau",13,13,FALSE,0,NA,NA,0,0,0,NA,0,0,0,0,0,0,NA,NA,NA,NA,NA,NA,NA,NA,0,0,0,0,NA,NA,NA,NA,NA
"Hans-Günther Schmidt","aff5702f-3955-11ef-9878-a36230ada079",NA,NA,1973,"9/22/1973","5b603a2a-3960-11ef-9917-7b2e16e5ffcd","away","VfL Gummersbach","VfL Lübeck-Schwartau",13,13,FALSE,2,NA,NA,0,0,0,NA,0,0,0,0,0,0,NA,NA,NA,NA,NA,NA,NA,NA,0,0,0,0,NA,NA,NA,NA,NA
"Helmut Kosmehl","bc7d7cdd-3955-11ef-a338-ab397f561917",NA,NA,1973,"9/22/1973","5b603a2a-3960-11ef-9917-7b2e16e5ffcd","away","VfL Gummersbach","VfL Lübeck-Schwartau",13,13,FALSE,1,NA,NA,0,0,0,NA,0,0,0,0,0,0,NA,NA,NA,NA,NA,NA,NA,NA,0,0,0,0,NA,NA,NA,NA,NA
"Bruno Zay","bce5dbb8-3955-11ef-ac9b-ab397f561917",NA,NA,1973,"9/22/1973","5b603a2a-3960-11ef-9917-7b2e16e5ffcd","away","VfL Gummersbach","VfL Lübeck-Schwartau",13,13,FALSE,1,NA,NA,0,0,1,NA,0,0,0,0,0,0,NA,NA,NA,NA,NA,NA,NA,NA,0,0,0,0,NA,NA,NA,NA,NA
"Klaus Meineke","8d0eefb2-3955-11ef-a068-81dc40648355",NA,NA,1973,"9/22/1973","69513a4e-3960-11ef-acec-2906cc9fb6bc","home","TSV 1846 Butzbach","TV Großwallstadt",16,15,TRUE,3,NA,NA,0,0,0,NA,0,0,0,0,0,0,NA,NA,NA,NA,NA,NA,NA,NA,0,0,0,0,NA,NA,NA,NA,NA
"Günter Timmermann","bb79f127-3955-11ef-ae8c-ab397f561917",NA,NA,1973,"9/22/1973","69513a4e-3960-11ef-acec-2906cc9fb6bc","home","TSV 1846 Butzbach","TV Großwallstadt",16,15,TRUE,0,NA,NA,0,0,0,NA,0,0,0,0,0,0,NA,NA,NA,NA,NA,NA,NA,NA,0,0,0,0,NA,NA,NA,NA,NA
"Rolf Grotegut","bc3000ec-3955-11ef-97c5-ab397f561917",NA,NA,1973,"9/22/1973","69513a4e-3960-11ef-acec-2906cc9fb6bc","home","TSV 1846 Butzbach","TV Großwallstadt",16,15,TRUE,2,NA,NA,0,0,0,NA,0,0,0,0,0,0,NA,NA,NA,NA,NA,NA,NA,NA,0,0,0,0,NA,NA,NA,NA,NA
"Hans-Joachim Röhrig","bc371f1f-3955-11ef-bcd4-ab397f561917",NA,NA,1973,"9/22/1973","69513a4e-3960-11ef-acec-2906cc9fb6bc","home","TSV 1846 Butzbach","TV Großwallstadt",16,15,TRUE,0,NA,NA,0,0,0,NA,0,0,0,0,0,0,NA,NA,NA,NA,NA,NA,NA,NA,0,0,0,0,NA,NA,NA,NA,NA
"Alfred Walter","bc3f22f5-3955-11ef-9558-ab397f561917",NA,NA,1973,"9/22/1973","69513a4e-3960-11ef-acec-2906cc9fb6bc","home","TSV 1846 Butzbach","TV Großwallstadt",16,15,TRUE,2,NA,NA,0,0,2,NA,0,0,0,0,0,0,NA,NA,NA,NA,NA,NA,NA,NA,0,0,0,0,NA,NA,NA,NA,NA
"Bernd Lind","bc4b1939-3955-11ef-95dd-ab397f561917",NA,NA,1973,"9/22/1973","69513a4e-3960-11ef-acec-2906cc9fb6bc","home","TSV 1846 Butzbach","TV Großwallstadt",16,15,TRUE,1,NA,NA,0,0,0,NA,0,0,0,0,0,0,NA,NA,NA,NA,NA,NA,NA,NA,0,0,0,0,NA,NA,NA,NA,NA
"Wolfgang Lowak","bc4eecb3-3955-11ef-8009-ab397f561917",NA,NA,1973,"9/22/1973","69513a4e-3960-11ef-acec-2906cc9fb6bc","home","TSV 1846 Butzbach","TV Großwallstadt",16,15,TRUE,1,NA,NA,0,0,0,NA,0,0,0,0,0,0,NA,NA,NA,NA,NA,NA,NA,NA,0,0,0,0,NA,NA,NA,NA,NA
"Robert Ringleb","bc52ae17-3955-11ef-80f1-ab397f561917",NA,NA,1973,"9/22/1973","69513a4e-3960-11ef-acec-2906cc9fb6bc","home","TSV 1846 Butzbach","TV Großwallstadt",16,15,TRUE,2,NA,NA,0,0,0,NA,0,0,0,0,0,0,NA,NA,NA,NA,NA,NA,NA,NA,0,0,0,0,NA,NA,NA,NA,NA
"Ortwin Fay","c6cfdaae-3955-11ef-a550-157c9bc18a5f",NA,NA,1973,"9/22/1973","69513a4e-3960-11ef-acec-2906cc9fb6bc","home","TSV 1846 Butzbach","TV Großwallstadt",16,15,TRUE,0,NA,NA,0,0,0,NA,0,0,0,0,0,0,NA,NA,NA,NA,NA,NA,NA,NA,0,0,0,0,NA,NA,NA,NA,NA
"Klaus Karg","c6d8aa2a-3955-11ef-ab2b-157c9bc18a5f",NA,NA,1973,"9/22/1973","69513a4e-3960-11ef-acec-2906cc9fb6bc","home","TSV 1846 Butzbach","TV Großwallstadt",16,15,TRUE,0,NA,NA,0,0,0,NA,0,0,0,0,0,0,NA,NA,NA,NA,NA,NA,NA,NA,0,0,0,0,NA,NA,NA,NA,NA
"Anton Turkalj","c6dcd936-3955-11ef-9d1b-157c9bc18a5f",NA,NA,1973,"9/22/1973","69513a4e-3960-11ef-acec-2906cc9fb6bc","home","TSV 1846 Butzbach","TV Großwallstadt",16,15,TRUE,5,NA,NA,0,0,0,NA,0,0,0,0,0,0,NA,NA,NA,NA,NA,NA,NA,NA,0,0,0,0,NA,NA,NA,NA,NA
"Kurt Klühspies","5ac3e7d7-3955-11ef-b574-4fa817cd91bb",NA,NA,1973,"9/22/1973","69513a4e-3960-11ef-acec-2906cc9fb6bc","away","TV Großwallstadt","TSV 1846 Butzbach",15,16,FALSE,0,NA,NA,0,0,0,NA,0,0,0,0,0,0,NA,NA,NA,NA,NA,NA,NA,NA,0,0,0,0,NA,NA,NA,NA,NA
"Manfred Hofmann","6855eb0b-3955-11ef-8cb3-292be3190b7b",NA,NA,1973,"9/22/1973","69513a4e-3960-11ef-acec-2906cc9fb6bc","away","TV Großwallstadt","TSV 1846 Butzbach",15,16,FALSE,0,NA,NA,0,0,0,NA,0,0,0,0,0,0,NA,NA,NA,NA,NA,NA,NA,NA,0,0,0,0,NA,NA,NA,NA,NA
"Thomas Sinsel","8adb8152-3955-11ef-b2de-81dc40648355",NA,NA,1973,"9/22/1973","69513a4e-3960-11ef-acec-2906cc9fb6bc","away","TV Großwallstadt","TSV 1846 Butzbach",15,16,FALSE,0,NA,NA,0,0,0,NA,0,0,0,0,0,0,NA,NA,NA,NA,NA,NA,NA,NA,0,0,0,0,NA,NA,NA,NA,NA
"Manfred Schwarz","96d98e53-3955-11ef-a3c9-292be3190b7b",NA,NA,1973,"9/22/1973","69513a4e-3960-11ef-acec-2906cc9fb6bc","away","TV Großwallstadt","TSV 1846 Butzbach",15,16,FALSE,0,NA,NA,0,0,0,NA,0,0,0,0,0,0,NA,NA,NA,NA,NA,NA,NA,NA,0,0,0,0,NA,NA,NA,NA,NA
"Wolfgang Dümig","978dc3fc-3955-11ef-b042-292be3190b7b",NA,NA,1973,"9/22/1973","69513a4e-3960-11ef-acec-2906cc9fb6bc","away","TV Großwallstadt","TSV 1846 Butzbach",15,16,FALSE,1,NA,NA,0,0,0,NA,0,0,0,0,0,0,NA,NA,NA,NA,NA,NA,NA,NA,0,0,0,0,NA,NA,NA,NA,NA
"Arno Böckling","a3c38db5-3955-11ef-810f-2510cc07ea6e",NA,NA,1973,"9/22/1973","69513a4e-3960-11ef-acec-2906cc9fb6bc","away","TV Großwallstadt","TSV 1846 Butzbach",15,16,FALSE,1,NA,NA,0,0,0,NA,0,0,0,0,0,0,NA,NA,NA,NA,NA,NA,NA,NA,0,0,0,0,NA,NA,NA,NA,NA
"Manfred Meudt","af9be5ed-3955-11ef-a3e3-a36230ada079",NA,NA,1973,"9/22/1973","69513a4e-3960-11ef-acec-2906cc9fb6bc","away","TV Großwallstadt","TSV 1846 Butzbach",15,16,FALSE,1,NA,NA,0,0,0,NA,0,0,0,0,0,0,NA,NA,NA,NA,NA,NA,NA,NA,0,0,0,0,NA,NA,NA,NA,NA
"Norbert Klein","b18179dc-3955-11ef-acc0-a36230ada079",NA,NA,1973,"9/22/1973","69513a4e-3960-11ef-acec-2906cc9fb6bc","away","TV Großwallstadt","TSV 1846 Butzbach",15,16,FALSE,2,NA,NA,0,0,0,NA,0,0,0,0,0,0,NA,NA,NA,NA,NA,NA,NA,NA,0,0,0,0,NA,NA,NA,NA,NA
"Peter Kuß","bbc18adb-3955-11ef-a5f7-ab397f561917",NA,NA,1973,"9/22/1973","69513a4e-3960-11ef-acec-2906cc9fb6bc","away","TV Großwallstadt","TSV 1846 Butzbach",15,16,FALSE,7,NA,NA,0,0,4,NA,0,0,0,0,0,0,NA,NA,NA,NA,NA,NA,NA,NA,0,0,0,0,NA,NA,NA,NA,NA
"Dieter Heß","bbc55957-3955-11ef-a14e-ab397f561917",NA,NA,1973,"9/22/1973","69513a4e-3960-11ef-acec-2906cc9fb6bc","away","TV Großwallstadt","TSV 1846 Butzbach",15,16,FALSE,0,NA,NA,0,0,0,NA,0,0,0,0,0,0,NA,NA,NA,NA,NA,NA,NA,NA,0,0,0,0,NA,NA,NA,NA,NA
"Rainer Oberle","be123408-3955-11ef-92a6-ab397f561917",NA,NA,1973,"9/22/1973","69513a4e-3960-11ef-acec-2906cc9fb6bc","away","TV Großwallstadt","TSV 1846 Butzbach",15,16,FALSE,3,NA,NA,0,0,0,NA,0,0,0,0,0,0,NA,NA,NA,NA,NA,NA,NA,NA,0,0,0,0,NA,NA,NA,NA,NA
"Armin Emrich","8cdd3680-3955-11ef-a93e-81dc40648355",NA,NA,1973,"9/22/1973","6a19ac60-3960-11ef-a71c-2906cc9fb6bc","home","FRISCH AUF! Göppingen","SG Dietzenbach",22,14,TRUE,2,NA,NA,0,0,0,NA,0,0,0,0,0,0,NA,NA,NA,NA,NA,NA,NA,NA,0,0,0,0,NA,NA,NA,NA,NA
"Peter Bucher","8e0071c9-3955-11ef-8ff8-81dc40648355",NA,NA,1973,"9/22/1973","6a19ac60-3960-11ef-a71c-2906cc9fb6bc","home","FRISCH AUF! Göppingen","SG Dietzenbach",22,14,TRUE,4,NA,NA,0,0,0,NA,0,0,0,0,0,0,NA,NA,NA,NA,NA,NA,NA,NA,0,0,0,0,NA,NA,NA,NA,NA
"Hans-Eberhard Finkbeiner","a2f451eb-3955-11ef-99da-2510cc07ea6e",NA,NA,1973,"9/22/1973","6a19ac60-3960-11ef-a71c-2906cc9fb6bc","home","FRISCH AUF! Göppingen","SG Dietzenbach",22,14,TRUE,0,NA,NA,0,0,0,NA,0,0,0,0,0,0,NA,NA,NA,NA,NA,NA,NA,NA,0,0,0,0,NA,NA,NA,NA,NA
"Wolfgang Don","a2ff75a5-3955-11ef-a510-2510cc07ea6e",NA,NA,1973,"9/22/1973","6a19ac60-3960-11ef-a71c-2906cc9fb6bc","home","FRISCH AUF! Göppingen","SG Dietzenbach",22,14,TRUE,0,NA,NA,0,0,0,NA,0,0,0,0,0,0,NA,NA,NA,NA,NA,NA,NA,NA,0,0,0,0,NA,NA,NA,NA,NA
"Günter Frömming","aedbd140-3955-11ef-a39f-a36230ada079",NA,NA,1973,"9/22/1973","6a19ac60-3960-11ef-a71c-2906cc9fb6bc","home","FRISCH AUF! Göppingen","SG Dietzenbach",22,14,TRUE,0,NA,NA,0,0,0,NA,0,0,0,0,0,0,NA,NA,NA,NA,NA,NA,NA,NA,0,0,0,0,NA,NA,NA,NA,NA
"Werner Fischer","af3a0885-3955-11ef-a884-a36230ada079",NA,NA,1973,"9/22/1973","6a19ac60-3960-11ef-a71c-2906cc9fb6bc","home","FRISCH AUF! Göppingen","SG Dietzenbach",22,14,TRUE,1,NA,NA,0,0,0,NA,0,0,0,0,0,0,NA,NA,NA,NA,NA,NA,NA,NA,0,0,0,0,NA,NA,NA,NA,NA
"Hans Brodbeck","b1f00cc3-3955-11ef-b4c9-a36230ada079",NA,NA,1973,"9/22/1973","6a19ac60-3960-11ef-a71c-2906cc9fb6bc","home","FRISCH AUF! Göppingen","SG Dietzenbach",22,14,TRUE,0,NA,NA,0,0,0,NA,0,0,0,0,0,0,NA,NA,NA,NA,NA,NA,NA,NA,0,0,0,0,NA,NA,NA,NA,NA
"Paul Epple","bc8167af-3955-11ef-8748-ab397f561917",NA,NA,1973,"9/22/1973","6a19ac60-3960-11ef-a71c-2906cc9fb6bc","home","FRISCH AUF! Göppingen","SG Dietzenbach",22,14,TRUE,5,NA,NA,0,0,2,NA,0,0,0,0,0,0,NA,NA,NA,NA,NA,NA,NA,NA,0,0,0,0,NA,NA,NA,NA,NA
"Geir Hallsteinsson","c70adb66-3955-11ef-afb7-157c9bc18a5f",NA,NA,1973,"9/22/1973","6a19ac60-3960-11ef-a71c-2906cc9fb6bc","home","FRISCH AUF! Göppingen","SG Dietzenbach",22,14,TRUE,5,NA,NA,0,0,0,NA,0,0,0,0,0,0,NA,NA,NA,NA,NA,NA,NA,NA,0,0,0,0,NA,NA,NA,NA,NA
"Werner Arndt","c71116e0-3955-11ef-85d3-157c9bc18a5f",NA,NA,1973,"9/22/1973","6a19ac60-3960-11ef-a71c-2906cc9fb6bc","home","FRISCH AUF! Göppingen","SG Dietzenbach",22,14,TRUE,2,NA,NA,0,0,0,NA,0,0,0,0,0,0,NA,NA,NA,NA,NA,NA,NA,NA,0,0,0,0,NA,NA,NA,NA,NA
"Christian Patzer","c715a1de-3955-11ef-bc54-157c9bc18a5f",NA,NA,1973,"9/22/1973","6a19ac60-3960-11ef-a71c-2906cc9fb6bc","home","FRISCH AUF! Göppingen","SG Dietzenbach",22,14,TRUE,3,NA,NA,0,0,0,NA,0,0,0,0,0,0,NA,NA,NA,NA,NA,NA,NA,NA,0,0,0,0,NA,NA,NA,NA,NA
"Günter Schweikardt","d3e60b79-3953-11ef-9e8c-e3f2de03a1b7",NA,NA,1973,"9/22/1973","6a19ac60-3960-11ef-a71c-2906cc9fb6bc","home","FRISCH AUF! Göppingen","SG Dietzenbach",22,14,TRUE,0,NA,NA,0,0,0,NA,0,0,0,0,0,0,NA,NA,NA,NA,NA,NA,NA,NA,0,0,0,0,NA,NA,NA,NA,NA
"Heinz-Theo Kaus","8086fdf9-3955-11ef-938f-b908c60af10a",NA,NA,1973,"9/22/1973","6a19ac60-3960-11ef-a71c-2906cc9fb6bc","away","SG Dietzenbach","FRISCH AUF! Göppingen",14,22,FALSE,0,NA,NA,0,0,0,NA,0,0,0,0,0,0,NA,NA,NA,NA,NA,NA,NA,NA,0,0,0,0,NA,NA,NA,NA,NA
"Heinz-Walter Behne","8be65881-3955-11ef-8872-81dc40648355",NA,NA,1973,"9/22/1973","6a19ac60-3960-11ef-a71c-2906cc9fb6bc","away","SG Dietzenbach","FRISCH AUF! Göppingen",14,22,FALSE,1,NA,NA,0,0,0,NA,0,0,0,0,0,0,NA,NA,NA,NA,NA,NA,NA,NA,0,0,0,0,NA,NA,NA,NA,NA
"Herbert Wehnert","96e104db-3955-11ef-b58d-292be3190b7b",NA,NA,1973,"9/22/1973","6a19ac60-3960-11ef-a71c-2906cc9fb6bc","away","SG Dietzenbach","FRISCH AUF! Göppingen",14,22,FALSE,5,NA,NA,0,0,1,NA,0,0,0,0,0,0,NA,NA,NA,NA,NA,NA,NA,NA,0,0,0,0,NA,NA,NA,NA,NA
"Wolfgang Hammerl","a2e26d5b-3955-11ef-8fa5-2510cc07ea6e",NA,NA,1973,"9/22/1973","6a19ac60-3960-11ef-a71c-2906cc9fb6bc","away","SG Dietzenbach","FRISCH AUF! Göppingen",14,22,FALSE,0,NA,NA,0,0,0,NA,0,0,0,0,0,0,NA,NA,NA,NA,NA,NA,NA,NA,0,0,0,0,NA,NA,NA,NA,NA
"Heinrich Baum","af2c6c48-3955-11ef-964a-a36230ada079",NA,NA,1973,"9/22/1973","6a19ac60-3960-11ef-a71c-2906cc9fb6bc","away","SG Dietzenbach","FRISCH AUF! Göppingen",14,22,FALSE,1,NA,NA,0,0,0,NA,0,0,0,0,0,0,NA,NA,NA,NA,NA,NA,NA,NA,0,0,0,0,NA,NA,NA,NA,NA
"Klaus Rettig","b1d1aa4c-3955-11ef-baf9-a36230ada079",NA,NA,1973,"9/22/1973","6a19ac60-3960-11ef-a71c-2906cc9fb6bc","away","SG Dietzenbach","FRISCH AUF! Göppingen",14,22,FALSE,1,NA,NA,0,0,0,NA,0,0,0,0,0,0,NA,NA,NA,NA,NA,NA,NA,NA,0,0,0,0,NA,NA,NA,NA,NA
"Reinhold Frankenberger","be1b198f-3955-11ef-af2d-ab397f561917",NA,NA,1973,"9/22/1973","6a19ac60-3960-11ef-a71c-2906cc9fb6bc","away","SG Dietzenbach","FRISCH AUF! Göppingen",14,22,FALSE,0,NA,NA,0,0,0,NA,0,0,0,0,0,0,NA,NA,NA,NA,NA,NA,NA,NA,0,0,0,0,NA,NA,NA,NA,NA
"Manfred Hüter","c687f055-3955-11ef-ba55-157c9bc18a5f",NA,NA,1973,"9/22/1973","6a19ac60-3960-11ef-a71c-2906cc9fb6bc","away","SG Dietzenbach","FRISCH AUF! Göppingen",14,22,FALSE,1,NA,NA,0,0,0,NA,0,0,0,0,0,0,NA,NA,NA,NA,NA,NA,NA,NA,0,0,0,0,NA,NA,NA,NA,NA
"Werner Kiefer","c68d071f-3955-11ef-b625-157c9bc18a5f",NA,NA,1973,"9/22/1973","6a19ac60-3960-11ef-a71c-2906cc9fb6bc","away","SG Dietzenbach","FRISCH AUF! Göppingen",14,22,FALSE,0,NA,NA,0,0,0,NA,0,0,0,0,0,0,NA,NA,NA,NA,NA,NA,NA,NA,0,0,0,0,NA,NA,NA,NA,NA
"Dolle","c691bfdf-3955-11ef-a4ba-157c9bc18a5f",NA,NA,1973,"9/22/1973","6a19ac60-3960-11ef-a71c-2906cc9fb6bc","away","SG Dietzenbach","FRISCH AUF! Göppingen",14,22,FALSE,1,NA,NA,0,0,0,NA,0,0,0,0,0,0,NA,NA,NA,NA,NA,NA,NA,NA,0,0,0,0,NA,NA,NA,NA,NA
"Norbert Kern","c6961a09-3955-11ef-8bcc-157c9bc18a5f",NA,NA,1973,"9/22/1973","6a19ac60-3960-11ef-a71c-2906cc9fb6bc","away","SG Dietzenbach","FRISCH AUF! Göppingen",14,22,FALSE,3,NA,NA,0,0,1,NA,0,0,0,0,0,0,NA,NA,NA,NA,NA,NA,NA,NA,0,0,0,0,NA,NA,NA,NA,NA
"Günther Kießling","c6aad65a-3955-11ef-87fb-157c9bc18a5f",NA,NA,1973,"9/22/1973","6a19ac60-3960-11ef-a71c-2906cc9fb6bc","away","SG Dietzenbach","FRISCH AUF! Göppingen",14,22,FALSE,1,NA,NA,0,0,0,NA,0,0,0,0,0,0,NA,NA,NA,NA,NA,NA,NA,NA,0,0,0,0,NA,NA,NA,NA,NA
"Manfred Schulz","8bc2b5ea-3955-11ef-8d03-81dc40648355",NA,NA,1973,"9/22/1973","71cf6eb0-3960-11ef-9991-2906cc9fb6bc","home","TSV 1896 Rintheim","TV 1893 Neuhausen",17,12,TRUE,0,NA,NA,0,0,0,NA,0,0,0,0,0,0,NA,NA,NA,NA,NA,NA,NA,NA,0,0,0,0,NA,NA,NA,NA,NA
"Wolf-Dieter Nagel","8d41486b-3955-11ef-8d22-81dc40648355",NA,NA,1973,"9/22/1973","71cf6eb0-3960-11ef-9991-2906cc9fb6bc","home","TSV 1896 Rintheim","TV 1893 Neuhausen",17,12,TRUE,5,NA,NA,0,0,2,NA,0,0,0,0,0,0,NA,NA,NA,NA,NA,NA,NA,NA,0,0,0,0,NA,NA,NA,NA,NA
"Franz Bechler","98035d7e-3955-11ef-8b94-292be3190b7b",NA,NA,1973,"9/22/1973","71cf6eb0-3960-11ef-9991-2906cc9fb6bc","home","TSV 1896 Rintheim","TV 1893 Neuhausen",17,12,TRUE,4,NA,NA,0,0,0,NA,0,0,0,0,0,0,NA,NA,NA,NA,NA,NA,NA,NA,0,0,0,0,NA,NA,NA,NA,NA
"Max Müller","99453a6b-3955-11ef-84c2-292be3190b7b",NA,NA,1973,"9/22/1973","71cf6eb0-3960-11ef-9991-2906cc9fb6bc","home","TSV 1896 Rintheim","TV 1893 Neuhausen",17,12,TRUE,3,NA,NA,0,0,1,NA,0,0,0,0,0,0,NA,NA,NA,NA,NA,NA,NA,NA,0,0,0,0,NA,NA,NA,NA,NA
"Wilfried Job","af3ed007-3955-11ef-9184-a36230ada079",NA,NA,1973,"9/22/1973","71cf6eb0-3960-11ef-9991-2906cc9fb6bc","home","TSV 1896 Rintheim","TV 1893 Neuhausen",17,12,TRUE,2,NA,NA,0,0,0,NA,0,0,0,0,0,0,NA,NA,NA,NA,NA,NA,NA,NA,0,0,0,0,NA,NA,NA,NA,NA
"Claus Erles","af42e492-3955-11ef-a26e-a36230ada079",NA,NA,1973,"9/22/1973","71cf6eb0-3960-11ef-9991-2906cc9fb6bc","home","TSV 1896 Rintheim","TV 1893 Neuhausen",17,12,TRUE,0,NA,NA,0,0,0,NA,0,0,0,0,0,0,NA,NA,NA,NA,NA,NA,NA,NA,0,0,0,0,NA,NA,NA,NA,NA
"Peter Maier","af4e0d17-3955-11ef-8763-a36230ada079",NA,NA,1973,"9/22/1973","71cf6eb0-3960-11ef-9991-2906cc9fb6bc","home","TSV 1896 Rintheim","TV 1893 Neuhausen",17,12,TRUE,0,NA,NA,0,0,0,NA,0,0,0,0,0,0,NA,NA,NA,NA,NA,NA,NA,NA,0,0,0,0,NA,NA,NA,NA,NA
"Bernd Seibel","bc6670d9-3955-11ef-b849-ab397f561917",NA,NA,1973,"9/22/1973","71cf6eb0-3960-11ef-9991-2906cc9fb6bc","home","TSV 1896 Rintheim","TV 1893 Neuhausen",17,12,TRUE,1,NA,NA,0,0,0,NA,0,0,0,0,0,0,NA,NA,NA,NA,NA,NA,NA,NA,0,0,0,0,NA,NA,NA,NA,NA
"Wolfgang Dillenberger","bc6a40c8-3955-11ef-8c9f-ab397f561917",NA,NA,1973,"9/22/1973","71cf6eb0-3960-11ef-9991-2906cc9fb6bc","home","TSV 1896 Rintheim","TV 1893 Neuhausen",17,12,TRUE,1,NA,NA,0,0,0,NA,0,0,0,0,0,0,NA,NA,NA,NA,NA,NA,NA,NA,0,0,0,0,NA,NA,NA,NA,NA
"Max Ullrich","c6e110c6-3955-11ef-83e4-157c9bc18a5f",NA,NA,1973,"9/22/1973","71cf6eb0-3960-11ef-9991-2906cc9fb6bc","home","TSV 1896 Rintheim","TV 1893 Neuhausen",17,12,TRUE,0,NA,NA,0,0,0,NA,0,0,0,0,0,0,NA,NA,NA,NA,NA,NA,NA,NA,0,0,0,0,NA,NA,NA,NA,NA
"Richard Baumer","c6e9de45-3955-11ef-b5bf-157c9bc18a5f",NA,NA,1973,"9/22/1973","71cf6eb0-3960-11ef-9991-2906cc9fb6bc","home","TSV 1896 Rintheim","TV 1893 Neuhausen",17,12,TRUE,1,NA,NA,0,0,0,NA,0,0,0,0,0,0,NA,NA,NA,NA,NA,NA,NA,NA,0,0,0,0,NA,NA,NA,NA,NA
"Norbert Fraundorff","c6ee0a91-3955-11ef-aabd-157c9bc18a5f",NA,NA,1973,"9/22/1973","71cf6eb0-3960-11ef-9991-2906cc9fb6bc","home","TSV 1896 Rintheim","TV 1893 Neuhausen",17,12,TRUE,0,NA,NA,0,0,0,NA,0,0,0,0,0,0,NA,NA,NA,NA,NA,NA,NA,NA,0,0,0,0,NA,NA,NA,NA,NA
"Walter Salzer","8d394c72-3955-11ef-8d73-81dc40648355",NA,NA,1973,"9/22/1973","71cf6eb0-3960-11ef-9991-2906cc9fb6bc","away","TV 1893 Neuhausen","TSV 1896 Rintheim",12,17,FALSE,4,NA,NA,0,0,1,NA,0,0,0,0,0,0,NA,NA,NA,NA,NA,NA,NA,NA,0,0,0,0,NA,NA,NA,NA,NA
"Hermann Fritz","a4231bd1-3955-11ef-8299-2510cc07ea6e",NA,NA,1973,"9/22/1973","71cf6eb0-3960-11ef-9991-2906cc9fb6bc","away","TV 1893 Neuhausen","TSV 1896 Rintheim",12,17,FALSE,0,NA,NA,0,0,0,NA,0,0,0,0,0,0,NA,NA,NA,NA,NA,NA,NA,NA,0,0,0,0,NA,NA,NA,NA,NA
"Klaus Stoll","a42e01cc-3955-11ef-b661-2510cc07ea6e",NA,NA,1973,"9/22/1973","71cf6eb0-3960-11ef-9991-2906cc9fb6bc","away","TV 1893 Neuhausen","TSV 1896 Rintheim",12,17,FALSE,0,NA,NA,0,0,0,NA,0,0,0,0,0,0,NA,NA,NA,NA,NA,NA,NA,NA,0,0,0,0,NA,NA,NA,NA,NA
"Rolf Miller","a4552808-3955-11ef-ac39-2510cc07ea6e",NA,NA,1973,"9/22/1973","71cf6eb0-3960-11ef-9991-2906cc9fb6bc","away","TV 1893 Neuhausen","TSV 1896 Rintheim",12,17,FALSE,2,NA,NA,0,0,0,NA,0,0,0,0,0,0,NA,NA,NA,NA,NA,NA,NA,NA,0,0,0,0,NA,NA,NA,NA,NA
"Manfred Reusch","a45a1b11-3955-11ef-8135-2510cc07ea6e",NA,NA,1973,"9/22/1973","71cf6eb0-3960-11ef-9991-2906cc9fb6bc","away","TV 1893 Neuhausen","TSV 1896 Rintheim",12,17,FALSE,0,NA,NA,0,0,0,NA,0,0,0,0,0,0,NA,NA,NA,NA,NA,NA,NA,NA,0,0,0,0,NA,NA,NA,NA,NA
"Wolfgang Ruoff","b21c931a-3955-11ef-96d4-a36230ada079",NA,NA,1973,"9/22/1973","71cf6eb0-3960-11ef-9991-2906cc9fb6bc","away","TV 1893 Neuhausen","TSV 1896 Rintheim",12,17,FALSE,1,NA,NA,0,0,0,NA,0,0,0,0,0,0,NA,NA,NA,NA,NA,NA,NA,NA,0,0,0,0,NA,NA,NA,NA,NA
"Johann Högl","b2211f04-3955-11ef-a5bd-a36230ada079",NA,NA,1973,"9/22/1973","71cf6eb0-3960-11ef-9991-2906cc9fb6bc","away","TV 1893 Neuhausen","TSV 1896 Rintheim",12,17,FALSE,2,NA,NA,0,0,0,NA,0,0,0,0,0,0,NA,NA,NA,NA,NA,NA,NA,NA,0,0,0,0,NA,NA,NA,NA,NA
"Martin Streicher","b2277c0b-3955-11ef-b9c1-a36230ada079",NA,NA,1973,"9/22/1973","71cf6eb0-3960-11ef-9991-2906cc9fb6bc","away","TV 1893 Neuhausen","TSV 1896 Rintheim",12,17,FALSE,0,NA,NA,0,0,0,NA,0,0,0,0,0,0,NA,NA,NA,NA,NA,NA,NA,NA,0,0,0,0,NA,NA,NA,NA,NA
"Kurt Reusch","b22cb722-3955-11ef-b081-a36230ada079",NA,NA,1973,"9/22/1973","71cf6eb0-3960-11ef-9991-2906cc9fb6bc","away","TV 1893 Neuhausen","TSV 1896 Rintheim",12,17,FALSE,2,NA,NA,0,0,1,NA,0,0,0,0,0,0,NA,NA,NA,NA,NA,NA,NA,NA,0,0,0,0,NA,NA,NA,NA,NA
"Harald Streicher","b2329757-3955-11ef-8e1c-a36230ada079",NA,NA,1973,"9/22/1973","71cf6eb0-3960-11ef-9991-2906cc9fb6bc","away","TV 1893 Neuhausen","TSV 1896 Rintheim",12,17,FALSE,0,NA,NA,0,0,0,NA,0,0,0,0,0,0,NA,NA,NA,NA,NA,NA,NA,NA,0,0,0,0,NA,NA,NA,NA,NA
"Bernd Scheid","c71f654f-3955-11ef-a98f-157c9bc18a5f",NA,NA,1973,"9/22/1973","71cf6eb0-3960-11ef-9991-2906cc9fb6bc","away","TV 1893 Neuhausen","TSV 1896 Rintheim",12,17,FALSE,0,NA,NA,0,0,0,NA,0,0,0,0,0,0,NA,NA,NA,NA,NA,NA,NA,NA,0,0,0,0,NA,NA,NA,NA,NA
"Klaus Streicher","c728c012-3955-11ef-9cab-157c9bc18a5f",NA,NA,1973,"9/22/1973","71cf6eb0-3960-11ef-9991-2906cc9fb6bc","away","TV 1893 Neuhausen","TSV 1896 Rintheim",12,17,FALSE,1,NA,NA,0,0,0,NA,0,0,0,0,0,0,NA,NA,NA,NA,NA,NA,NA,NA,0,0,0,0,NA,NA,NA,NA,NA
"Peter Pickel","8c973b42-3955-11ef-8c71-81dc40648355",NA,NA,1973,"9/23/1973","5c9e457c-3960-11ef-b244-7b2e16e5ffcd","home","Hamburger SV","GWD Minden",13,11,TRUE,6,NA,NA,0,0,2,NA,0,0,0,0,0,0,NA,NA,NA,NA,NA,NA,NA,NA,0,0,0,0,NA,NA,NA,NA,NA
"Hans-Jürgen Bode","b011e6da-3955-11ef-8205-a36230ada079",NA,NA,1973,"9/23/1973","5c9e457c-3960-11ef-b244-7b2e16e5ffcd","home","Hamburger SV","GWD Minden",13,11,TRUE,0,NA,NA,0,0,0,NA,0,0,0,0,0,0,NA,NA,NA,NA,NA,NA,NA,NA,0,0,0,0,NA,NA,NA,NA,NA
"Rainer Witt","b02adaad-3955-11ef-b8c4-a36230ada079",NA,NA,1973,"9/23/1973","5c9e457c-3960-11ef-b244-7b2e16e5ffcd","home","Hamburger SV","GWD Minden",13,11,TRUE,0,NA,NA,0,0,0,NA,0,0,0,0,0,0,NA,NA,NA,NA,NA,NA,NA,NA,0,0,0,0,NA,NA,NA,NA,NA
"Jens Ivers","b02f4aea-3955-11ef-801e-a36230ada079",NA,NA,1973,"9/23/1973","5c9e457c-3960-11ef-b244-7b2e16e5ffcd","home","Hamburger SV","GWD Minden",13,11,TRUE,2,NA,NA,0,0,0,NA,0,0,0,0,0,0,NA,NA,NA,NA,NA,NA,NA,NA,0,0,0,0,NA,NA,NA,NA,NA
"Norbert Germer","b03f8101-3955-11ef-8945-a36230ada079",NA,NA,1973,"9/23/1973","5c9e457c-3960-11ef-b244-7b2e16e5ffcd","home","Hamburger SV","GWD Minden",13,11,TRUE,2,NA,NA,0,0,0,NA,0,0,0,0,0,0,NA,NA,NA,NA,NA,NA,NA,NA,0,0,0,0,NA,NA,NA,NA,NA
"Hartwig Reich","ba6cb3c8-3955-11ef-9f64-ab397f561917",NA,NA,1973,"9/23/1973","5c9e457c-3960-11ef-b244-7b2e16e5ffcd","home","Hamburger SV","GWD Minden",13,11,TRUE,0,NA,NA,0,0,0,NA,0,0,0,0,0,0,NA,NA,NA,NA,NA,NA,NA,NA,0,0,0,0,NA,NA,NA,NA,NA
"Michael Taubert","ba7ad888-3955-11ef-9650-ab397f561917",NA,NA,1973,"9/23/1973","5c9e457c-3960-11ef-b244-7b2e16e5ffcd","home","Hamburger SV","GWD Minden",13,11,TRUE,1,NA,NA,0,0,0,NA,0,0,0,0,0,0,NA,NA,NA,NA,NA,NA,NA,NA,0,0,0,0,NA,NA,NA,NA,NA
"Dieter Minke","bd0cde0f-3955-11ef-91c1-ab397f561917",NA,NA,1973,"9/23/1973","5c9e457c-3960-11ef-b244-7b2e16e5ffcd","home","Hamburger SV","GWD Minden",13,11,TRUE,1,NA,NA,0,0,0,NA,0,0,0,0,0,0,NA,NA,NA,NA,NA,NA,NA,NA,0,0,0,0,NA,NA,NA,NA,NA
"Karsten Sick","bd16289b-3955-11ef-9343-ab397f561917",NA,NA,1973,"9/23/1973","5c9e457c-3960-11ef-b244-7b2e16e5ffcd","home","Hamburger SV","GWD Minden",13,11,TRUE,1,NA,NA,0,0,0,NA,0,0,0,0,0,0,NA,NA,NA,NA,NA,NA,NA,NA,0,0,0,0,NA,NA,NA,NA,NA
"Bernhard Busch","8dc9280f-3955-11ef-80e2-81dc40648355",NA,NA,1973,"9/23/1973","5c9e457c-3960-11ef-b244-7b2e16e5ffcd","away","GWD Minden","Hamburger SV",11,13,FALSE,1,NA,NA,0,0,0,NA,0,0,0,0,0,0,NA,NA,NA,NA,NA,NA,NA,NA,0,0,0,0,NA,NA,NA,NA,NA
"Gerd Becker","96f1e245-3955-11ef-80bc-292be3190b7b",NA,NA,1973,"9/23/1973","5c9e457c-3960-11ef-b244-7b2e16e5ffcd","away","GWD Minden","Hamburger SV",11,13,FALSE,0,NA,NA,0,0,0,NA,0,0,0,0,0,0,NA,NA,NA,NA,NA,NA,NA,NA,0,0,0,0,NA,NA,NA,NA,NA
"Gerald Schüler","96fc1532-3955-11ef-bddd-292be3190b7b",NA,NA,1973,"9/23/1973","5c9e457c-3960-11ef-b244-7b2e16e5ffcd","away","GWD Minden","Hamburger SV",11,13,FALSE,0,NA,NA,0,0,0,NA,0,0,0,0,0,0,NA,NA,NA,NA,NA,NA,NA,NA,0,0,0,0,NA,NA,NA,NA,NA
"Gerhard Buddenbohm","98e2ecac-3955-11ef-b2de-292be3190b7b",NA,NA,1973,"9/23/1973","5c9e457c-3960-11ef-b244-7b2e16e5ffcd","away","GWD Minden","Hamburger SV",11,13,FALSE,1,NA,NA,0,0,0,NA,0,0,0,0,0,0,NA,NA,NA,NA,NA,NA,NA,NA,0,0,0,0,NA,NA,NA,NA,NA
"Hans Kramer","98f50290-3955-11ef-8aa8-292be3190b7b",NA,NA,1973,"9/23/1973","5c9e457c-3960-11ef-b244-7b2e16e5ffcd","away","GWD Minden","Hamburger SV",11,13,FALSE,1,NA,NA,0,0,0,NA,0,0,0,0,0,0,NA,NA,NA,NA,NA,NA,NA,NA,0,0,0,0,NA,NA,NA,NA,NA
"Wilfried Meyer","a34b2aa0-3955-11ef-a79c-2510cc07ea6e",NA,NA,1973,"9/23/1973","5c9e457c-3960-11ef-b244-7b2e16e5ffcd","away","GWD Minden","Hamburger SV",11,13,FALSE,0,NA,NA,0,0,0,NA,0,0,0,0,0,0,NA,NA,NA,NA,NA,NA,NA,NA,0,0,0,0,NA,NA,NA,NA,NA
"Jobst-Erich Rehse","b00be251-3955-11ef-ac35-a36230ada079",NA,NA,1973,"9/23/1973","5c9e457c-3960-11ef-b244-7b2e16e5ffcd","away","GWD Minden","Hamburger SV",11,13,FALSE,0,NA,NA,0,0,0,NA,0,0,0,0,0,0,NA,NA,NA,NA,NA,NA,NA,NA,0,0,0,0,NA,NA,NA,NA,NA
"Bernd Munck","ba5ee5e3-3955-11ef-9f80-ab397f561917",NA,NA,1973,"9/23/1973","5c9e457c-3960-11ef-b244-7b2e16e5ffcd","away","GWD Minden","Hamburger SV",11,13,FALSE,6,NA,NA,0,0,2,NA,0,0,0,0,0,0,NA,NA,NA,NA,NA,NA,NA,NA,0,0,0,0,NA,NA,NA,NA,NA
"Wilfried Drögemeier","ba63ada7-3955-11ef-a04d-ab397f561917",NA,NA,1973,"9/23/1973","5c9e457c-3960-11ef-b244-7b2e16e5ffcd","away","GWD Minden","Hamburger SV",11,13,FALSE,2,NA,NA,0,0,0,NA,0,0,0,0,0,0,NA,NA,NA,NA,NA,NA,NA,NA,0,0,0,0,NA,NA,NA,NA,NA
"Burkhard Krocker","bcffdc62-3955-11ef-b52a-ab397f561917",NA,NA,1973,"9/23/1973","5c9e457c-3960-11ef-b244-7b2e16e5ffcd","away","GWD Minden","Hamburger SV",11,13,FALSE,0,NA,NA,0,0,0,NA,0,0,0,0,0,0,NA,NA,NA,NA,NA,NA,NA,NA,0,0,0,0,NA,NA,NA,NA,NA
"Karl-Heinz Schulz","72847241-3955-11ef-8bd4-51fdf2a82730",NA,NA,1973,"9/23/1973","646a11e6-3960-11ef-825b-2906cc9fb6bc","home","TuS 05 Wellinghofen","Füchse Berlin",23,12,TRUE,0,NA,NA,0,0,0,NA,0,0,0,0,0,0,NA,NA,NA,NA,NA,NA,NA,NA,0,0,0,0,NA,NA,NA,NA,NA
"Hans-Jürgen Zick","8d67d76a-3955-11ef-8956-81dc40648355",NA,NA,1973,"9/23/1973","646a11e6-3960-11ef-825b-2906cc9fb6bc","home","TuS 05 Wellinghofen","Füchse Berlin",23,12,TRUE,0,NA,NA,0,0,0,NA,0,0,0,0,0,0,NA,NA,NA,NA,NA,NA,NA,NA,0,0,0,0,NA,NA,NA,NA,NA
"Heiner Möller","8d7571e4-3955-11ef-b1d3-81dc40648355",NA,NA,1973,"9/23/1973","646a11e6-3960-11ef-825b-2906cc9fb6bc","home","TuS 05 Wellinghofen","Füchse Berlin",23,12,TRUE,3,NA,NA,0,0,0,NA,0,0,0,0,0,0,NA,NA,NA,NA,NA,NA,NA,NA,0,0,0,0,NA,NA,NA,NA,NA
"Hans-Peter Neuhaus","8d9d3887-3955-11ef-80a3-81dc40648355",NA,NA,1973,"9/23/1973","646a11e6-3960-11ef-825b-2906cc9fb6bc","home","TuS 05 Wellinghofen","Füchse Berlin",23,12,TRUE,3,NA,NA,0,0,0,NA,0,0,0,0,0,0,NA,NA,NA,NA,NA,NA,NA,NA,0,0,0,0,NA,NA,NA,NA,NA
"Karl-Heinz Nolde","a33d5c4a-3955-11ef-b577-2510cc07ea6e",NA,NA,1973,"9/23/1973","646a11e6-3960-11ef-825b-2906cc9fb6bc","home","TuS 05 Wellinghofen","Füchse Berlin",23,12,TRUE,1,NA,NA,0,0,0,NA,0,0,0,0,0,0,NA,NA,NA,NA,NA,NA,NA,NA,0,0,0,0,NA,NA,NA,NA,NA
"Rainer Gosewinkel","a4d61156-3955-11ef-8406-2510cc07ea6e",NA,NA,1973,"9/23/1973","646a11e6-3960-11ef-825b-2906cc9fb6bc","home","TuS 05 Wellinghofen","Füchse Berlin",23,12,TRUE,3,NA,NA,0,0,3,NA,0,0,0,0,0,0,NA,NA,NA,NA,NA,NA,NA,NA,0,0,0,0,NA,NA,NA,NA,NA
"Klaus Erwe","a4f54a19-3955-11ef-b48a-2510cc07ea6e",NA,NA,1973,"9/23/1973","646a11e6-3960-11ef-825b-2906cc9fb6bc","home","TuS 05 Wellinghofen","Füchse Berlin",23,12,TRUE,2,NA,NA,0,0,0,NA,0,0,0,0,0,0,NA,NA,NA,NA,NA,NA,NA,NA,0,0,0,0,NA,NA,NA,NA,NA
"Burkhard Gröning","a52c6e4f-3955-11ef-a576-2510cc07ea6e",NA,NA,1973,"9/23/1973","646a11e6-3960-11ef-825b-2906cc9fb6bc","home","TuS 05 Wellinghofen","Füchse Berlin",23,12,TRUE,4,NA,NA,0,0,2,NA,0,0,0,0,0,0,NA,NA,NA,NA,NA,NA,NA,NA,0,0,0,0,NA,NA,NA,NA,NA
"Klaus Tiews","a531838f-3955-11ef-8e99-2510cc07ea6e",NA,NA,1973,"9/23/1973","646a11e6-3960-11ef-825b-2906cc9fb6bc","home","TuS 05 Wellinghofen","Füchse Berlin",23,12,TRUE,0,NA,NA,0,0,0,NA,0,0,0,0,0,0,NA,NA,NA,NA,NA,NA,NA,NA,0,0,0,0,NA,NA,NA,NA,NA
"Herbert Rogge","b06614d7-3955-11ef-a43b-a36230ada079",NA,NA,1973,"9/23/1973","646a11e6-3960-11ef-825b-2906cc9fb6bc","home","TuS 05 Wellinghofen","Füchse Berlin",23,12,TRUE,7,NA,NA,0,0,0,NA,0,0,0,0,0,0,NA,NA,NA,NA,NA,NA,NA,NA,0,0,0,0,NA,NA,NA,NA,NA
"Hans-Jürgen Sengera","ba7fae8e-3955-11ef-80e4-ab397f561917",NA,NA,1973,"9/23/1973","646a11e6-3960-11ef-825b-2906cc9fb6bc","home","TuS 05 Wellinghofen","Füchse Berlin",23,12,TRUE,0,NA,NA,0,0,0,NA,0,0,0,0,0,0,NA,NA,NA,NA,NA,NA,NA,NA,0,0,0,0,NA,NA,NA,NA,NA
"Horst Rampp","8c760463-3955-11ef-b11d-81dc40648355",NA,NA,1973,"9/23/1973","646a11e6-3960-11ef-825b-2906cc9fb6bc","away","Füchse Berlin","TuS 05 Wellinghofen",12,23,FALSE,0,NA,NA,0,0,0,NA,0,0,0,0,0,0,NA,NA,NA,NA,NA,NA,NA,NA,0,0,0,0,NA,NA,NA,NA,NA
"Hartmut Alsen","a5dc4676-3955-11ef-ac19-2510cc07ea6e",NA,NA,1973,"9/23/1973","646a11e6-3960-11ef-825b-2906cc9fb6bc","away","Füchse Berlin","TuS 05 Wellinghofen",12,23,FALSE,1,NA,NA,0,0,0,NA,0,0,0,0,0,0,NA,NA,NA,NA,NA,NA,NA,NA,0,0,0,0,NA,NA,NA,NA,NA
"Diethard Finkelmann","a60bdcf9-3955-11ef-bfa1-2510cc07ea6e",NA,NA,1973,"9/23/1973","646a11e6-3960-11ef-825b-2906cc9fb6bc","away","Füchse Berlin","TuS 05 Wellinghofen",12,23,FALSE,4,NA,NA,0,0,1,NA,0,0,0,0,0,0,NA,NA,NA,NA,NA,NA,NA,NA,0,0,0,0,NA,NA,NA,NA,NA
"Bernd Goerigk","b1b21b0c-3955-11ef-a303-a36230ada079",NA,NA,1973,"9/23/1973","646a11e6-3960-11ef-825b-2906cc9fb6bc","away","Füchse Berlin","TuS 05 Wellinghofen",12,23,FALSE,1,NA,NA,0,0,0,NA,0,0,0,0,0,0,NA,NA,NA,NA,NA,NA,NA,NA,0,0,0,0,NA,NA,NA,NA,NA
"Lutz Loewke","b1b73b08-3955-11ef-b76a-a36230ada079",NA,NA,1973,"9/23/1973","646a11e6-3960-11ef-825b-2906cc9fb6bc","away","Füchse Berlin","TuS 05 Wellinghofen",12,23,FALSE,3,NA,NA,0,0,0,NA,0,0,0,0,0,0,NA,NA,NA,NA,NA,NA,NA,NA,0,0,0,0,NA,NA,NA,NA,NA
"Werner Reinke","b1bc1a3c-3955-11ef-8a0a-a36230ada079",NA,NA,1973,"9/23/1973","646a11e6-3960-11ef-825b-2906cc9fb6bc","away","Füchse Berlin","TuS 05 Wellinghofen",12,23,FALSE,1,NA,NA,0,0,0,NA,0,0,0,0,0,0,NA,NA,NA,NA,NA,NA,NA,NA,0,0,0,0,NA,NA,NA,NA,NA
"Sigmar Artelt","bdbc9392-3955-11ef-a3be-ab397f561917",NA,NA,1973,"9/23/1973","646a11e6-3960-11ef-825b-2906cc9fb6bc","away","Füchse Berlin","TuS 05 Wellinghofen",12,23,FALSE,0,NA,NA,0,0,0,NA,0,0,0,0,0,0,NA,NA,NA,NA,NA,NA,NA,NA,0,0,0,0,NA,NA,NA,NA,NA
"Henry Johannes","bdc98fce-3955-11ef-9f6e-ab397f561917",NA,NA,1973,"9/23/1973","646a11e6-3960-11ef-825b-2906cc9fb6bc","away","Füchse Berlin","TuS 05 Wellinghofen",12,23,FALSE,1,NA,NA,0,0,0,NA,0,0,0,0,0,0,NA,NA,NA,NA,NA,NA,NA,NA,0,0,0,0,NA,NA,NA,NA,NA
"Lothar Wiehle","bdd3883f-3955-11ef-aaf9-ab397f561917",NA,NA,1973,"9/23/1973","646a11e6-3960-11ef-825b-2906cc9fb6bc","away","Füchse Berlin","TuS 05 Wellinghofen",12,23,FALSE,0,NA,NA,0,0,0,NA,0,0,0,0,0,0,NA,NA,NA,NA,NA,NA,NA,NA,0,0,0,0,NA,NA,NA,NA,NA
"Klaus-Dieter Guse","bdd76769-3955-11ef-97dc-ab397f561917",NA,NA,1973,"9/23/1973","646a11e6-3960-11ef-825b-2906cc9fb6bc","away","Füchse Berlin","TuS 05 Wellinghofen",12,23,FALSE,1,NA,NA,0,0,0,NA,0,0,0,0,0,0,NA,NA,NA,NA,NA,NA,NA,NA,0,0,0,0,NA,NA,NA,NA,NA
"Reinhard Wittler","a35063de-3955-11ef-9881-2510cc07ea6e",NA,NA,1973,"9/23/1973","65fece1b-3960-11ef-a3f8-2906cc9fb6bc","home","Polizei SV Hannover","SC Phönix Essen 1920",20,19,TRUE,0,NA,NA,0,0,0,NA,0,0,0,0,0,0,NA,NA,NA,NA,NA,NA,NA,NA,0,0,0,0,NA,NA,NA,NA,NA
"Edmund Franke","a36ab088-3955-11ef-8296-2510cc07ea6e",NA,NA,1973,"9/23/1973","65fece1b-3960-11ef-a3f8-2906cc9fb6bc","home","Polizei SV Hannover","SC Phönix Essen 1920",20,19,TRUE,4,NA,NA,0,0,0,NA,0,0,0,0,0,0,NA,NA,NA,NA,NA,NA,NA,NA,0,0,0,0,NA,NA,NA,NA,NA
"Wolfgang Franke","a36fd3c4-3955-11ef-bc80-2510cc07ea6e",NA,NA,1973,"9/23/1973","65fece1b-3960-11ef-a3f8-2906cc9fb6bc","home","Polizei SV Hannover","SC Phönix Essen 1920",20,19,TRUE,0,NA,NA,0,0,0,NA,0,0,0,0,0,0,NA,NA,NA,NA,NA,NA,NA,NA,0,0,0,0,NA,NA,NA,NA,NA
"Jürgen Kloth","a37512a6-3955-11ef-9d81-2510cc07ea6e",NA,NA,1973,"9/23/1973","65fece1b-3960-11ef-a3f8-2906cc9fb6bc","home","Polizei SV Hannover","SC Phönix Essen 1920",20,19,TRUE,5,NA,NA,0,0,0,NA,0,0,0,0,0,0,NA,NA,NA,NA,NA,NA,NA,NA,0,0,0,0,NA,NA,NA,NA,NA
"Gerd Haase","bb322e8e-3955-11ef-8a6a-ab397f561917",NA,NA,1973,"9/23/1973","65fece1b-3960-11ef-a3f8-2906cc9fb6bc","home","Polizei SV Hannover","SC Phönix Essen 1920",20,19,TRUE,3,NA,NA,0,0,2,NA,0,0,0,0,0,0,NA,NA,NA,NA,NA,NA,NA,NA,0,0,0,0,NA,NA,NA,NA,NA
"Hartmut Schnelle","bb3a7260-3955-11ef-99cf-ab397f561917",NA,NA,1973,"9/23/1973","65fece1b-3960-11ef-a3f8-2906cc9fb6bc","home","Polizei SV Hannover","SC Phönix Essen 1920",20,19,TRUE,0,NA,NA,0,0,0,NA,0,0,0,0,0,0,NA,NA,NA,NA,NA,NA,NA,NA,0,0,0,0,NA,NA,NA,NA,NA
"Hans-Jürgen Deutsch","bb3e76d6-3955-11ef-a5a8-ab397f561917",NA,NA,1973,"9/23/1973","65fece1b-3960-11ef-a3f8-2906cc9fb6bc","home","Polizei SV Hannover","SC Phönix Essen 1920",20,19,TRUE,1,NA,NA,0,0,0,NA,0,0,0,0,0,0,NA,NA,NA,NA,NA,NA,NA,NA,0,0,0,0,NA,NA,NA,NA,NA
"Dieter Hartung","bb482ed5-3955-11ef-bef1-ab397f561917",NA,NA,1973,"9/23/1973","65fece1b-3960-11ef-a3f8-2906cc9fb6bc","home","Polizei SV Hannover","SC Phönix Essen 1920",20,19,TRUE,4,NA,NA,0,0,0,NA,0,0,0,0,0,0,NA,NA,NA,NA,NA,NA,NA,NA,0,0,0,0,NA,NA,NA,NA,NA
"Jürgen Fey","bb504d63-3955-11ef-8740-ab397f561917",NA,NA,1973,"9/23/1973","65fece1b-3960-11ef-a3f8-2906cc9fb6bc","home","Polizei SV Hannover","SC Phönix Essen 1920",20,19,TRUE,3,NA,NA,0,0,0,NA,0,0,0,0,0,0,NA,NA,NA,NA,NA,NA,NA,NA,0,0,0,0,NA,NA,NA,NA,NA
"Heiner Borck","bda2f702-3955-11ef-8be3-ab397f561917",NA,NA,1973,"9/23/1973","65fece1b-3960-11ef-a3f8-2906cc9fb6bc","home","Polizei SV Hannover","SC Phönix Essen 1920",20,19,TRUE,0,NA,NA,0,0,0,NA,0,0,0,0,0,0,NA,NA,NA,NA,NA,NA,NA,NA,0,0,0,0,NA,NA,NA,NA,NA
"Siegfried Hacke","bda8ac11-3955-11ef-8226-ab397f561917",NA,NA,1973,"9/23/1973","65fece1b-3960-11ef-a3f8-2906cc9fb6bc","home","Polizei SV Hannover","SC Phönix Essen 1920",20,19,TRUE,0,NA,NA,0,0,0,NA,0,0,0,0,0,0,NA,NA,NA,NA,NA,NA,NA,NA,0,0,0,0,NA,NA,NA,NA,NA
"Klaus Stepper","bdad2915-3955-11ef-bde1-ab397f561917",NA,NA,1973,"9/23/1973","65fece1b-3960-11ef-a3f8-2906cc9fb6bc","home","Polizei SV Hannover","SC Phönix Essen 1920",20,19,TRUE,0,NA,NA,0,0,0,NA,0,0,0,0,0,0,NA,NA,NA,NA,NA,NA,NA,NA,0,0,0,0,NA,NA,NA,NA,NA
"Ulrich Eikermann","73a211c9-3955-11ef-8f8f-51fdf2a82730",NA,NA,1973,"9/23/1973","65fece1b-3960-11ef-a3f8-2906cc9fb6bc","away","SC Phönix Essen 1920","Polizei SV Hannover",19,20,FALSE,2,NA,NA,0,0,0,NA,0,0,0,0,0,0,NA,NA,NA,NA,NA,NA,NA,NA,0,0,0,0,NA,NA,NA,NA,NA
"Horst Weise","8df6e46b-3955-11ef-9ec8-81dc40648355",NA,NA,1973,"9/23/1973","65fece1b-3960-11ef-a3f8-2906cc9fb6bc","away","SC Phönix Essen 1920","Polizei SV Hannover",19,20,FALSE,2,NA,NA,0,0,0,NA,0,0,0,0,0,0,NA,NA,NA,NA,NA,NA,NA,NA,0,0,0,0,NA,NA,NA,NA,NA
"Heinz Oberscheidt","a5ae94f2-3955-11ef-91fc-2510cc07ea6e",NA,NA,1973,"9/23/1973","65fece1b-3960-11ef-a3f8-2906cc9fb6bc","away","SC Phönix Essen 1920","Polizei SV Hannover",19,20,FALSE,9,NA,NA,0,0,5,NA,0,0,0,0,0,0,NA,NA,NA,NA,NA,NA,NA,NA,0,0,0,0,NA,NA,NA,NA,NA
"Dietmar Dohm","a5c15139-3955-11ef-9adf-2510cc07ea6e",NA,NA,1973,"9/23/1973","65fece1b-3960-11ef-a3f8-2906cc9fb6bc","away","SC Phönix Essen 1920","Polizei SV Hannover",19,20,FALSE,0,NA,NA,0,0,0,NA,0,0,0,0,0,0,NA,NA,NA,NA,NA,NA,NA,NA,0,0,0,0,NA,NA,NA,NA,NA
"Ingo Callies","b0b0659b-3955-11ef-87aa-a36230ada079",NA,NA,1973,"9/23/1973","65fece1b-3960-11ef-a3f8-2906cc9fb6bc","away","SC Phönix Essen 1920","Polizei SV Hannover",19,20,FALSE,1,NA,NA,0,0,0,NA,0,0,0,0,0,0,NA,NA,NA,NA,NA,NA,NA,NA,0,0,0,0,NA,NA,NA,NA,NA
"Günther Lehmann","bad5d078-3955-11ef-83d6-ab397f561917",NA,NA,1973,"9/23/1973","65fece1b-3960-11ef-a3f8-2906cc9fb6bc","away","SC Phönix Essen 1920","Polizei SV Hannover",19,20,FALSE,0,NA,NA,0,0,0,NA,0,0,0,0,0,0,NA,NA,NA,NA,NA,NA,NA,NA,0,0,0,0,NA,NA,NA,NA,NA
"Bernd Tolksdorf","bae02284-3955-11ef-b577-ab397f561917",NA,NA,1973,"9/23/1973","65fece1b-3960-11ef-a3f8-2906cc9fb6bc","away","SC Phönix Essen 1920","Polizei SV Hannover",19,20,FALSE,2,NA,NA,0,0,0,NA,0,0,0,0,0,0,NA,NA,NA,NA,NA,NA,NA,NA,0,0,0,0,NA,NA,NA,NA,NA
"Klaus Kirschner","bae43a44-3955-11ef-ae7c-ab397f561917",NA,NA,1973,"9/23/1973","65fece1b-3960-11ef-a3f8-2906cc9fb6bc","away","SC Phönix Essen 1920","Polizei SV Hannover",19,20,FALSE,0,NA,NA,0,0,0,NA,0,0,0,0,0,0,NA,NA,NA,NA,NA,NA,NA,NA,0,0,0,0,NA,NA,NA,NA,NA
"Manfred Schaper","bd401c7e-3955-11ef-8d67-ab397f561917",NA,NA,1973,"9/23/1973","65fece1b-3960-11ef-a3f8-2906cc9fb6bc","away","SC Phönix Essen 1920","Polizei SV Hannover",19,20,FALSE,0,NA,NA,0,0,0,NA,0,0,0,0,0,0,NA,NA,NA,NA,NA,NA,NA,NA,0,0,0,0,NA,NA,NA,NA,NA
"Norbert Kroker","bd441662-3955-11ef-b771-ab397f561917",NA,NA,1973,"9/23/1973","65fece1b-3960-11ef-a3f8-2906cc9fb6bc","away","SC Phönix Essen 1920","Polizei SV Hannover",19,20,FALSE,2,NA,NA,0,0,1,NA,0,0,0,0,0,0,NA,NA,NA,NA,NA,NA,NA,NA,0,0,0,0,NA,NA,NA,NA,NA
"Manfred Wolf","bd4f3381-3955-11ef-904e-ab397f561917",NA,NA,1973,"9/23/1973","65fece1b-3960-11ef-a3f8-2906cc9fb6bc","away","SC Phönix Essen 1920","Polizei SV Hannover",19,20,FALSE,1,NA,NA,0,0,0,NA,0,0,0,0,0,0,NA,NA,NA,NA,NA,NA,NA,NA,0,0,0,0,NA,NA,NA,NA,NA
"Michael Hattig","bd52f5b1-3955-11ef-ba0c-ab397f561917",NA,NA,1973,"9/23/1973","65fece1b-3960-11ef-a3f8-2906cc9fb6bc","away","SC Phönix Essen 1920","Polizei SV Hannover",19,20,FALSE,0,NA,NA,0,0,0,NA,0,0,0,0,0,0,NA,NA,NA,NA,NA,NA,NA,NA,0,0,0,0,NA,NA,NA,NA,NA
"Bernhard Busch","8dc9280f-3955-11ef-80e2-81dc40648355",NA,NA,1973,"10/6/1973","5cabe067-3960-11ef-b2d7-7b2e16e5ffcd","home","GWD Minden","VfL Lübeck-Schwartau",20,15,TRUE,1,NA,NA,0,0,0,NA,0,0,0,0,0,0,NA,NA,NA,NA,NA,NA,NA,NA,0,0,0,0,NA,NA,NA,NA,NA
"Gerd Becker","96f1e245-3955-11ef-80bc-292be3190b7b",NA,NA,1973,"10/6/1973","5cabe067-3960-11ef-b2d7-7b2e16e5ffcd","home","GWD Minden","VfL Lübeck-Schwartau",20,15,TRUE,1,NA,NA,0,0,0,NA,0,0,0,0,0,0,NA,NA,NA,NA,NA,NA,NA,NA,0,0,0,0,NA,NA,NA,NA,NA
"Gerald Schüler","96fc1532-3955-11ef-bddd-292be3190b7b",NA,NA,1973,"10/6/1973","5cabe067-3960-11ef-b2d7-7b2e16e5ffcd","home","GWD Minden","VfL Lübeck-Schwartau",20,15,TRUE,0,NA,NA,0,0,0,NA,0,0,0,0,0,0,NA,NA,NA,NA,NA,NA,NA,NA,0,0,0,0,NA,NA,NA,NA,NA
"Martin Karcher","980f80ce-3955-11ef-8054-292be3190b7b",NA,NA,1973,"10/6/1973","5cabe067-3960-11ef-b2d7-7b2e16e5ffcd","home","GWD Minden","VfL Lübeck-Schwartau",20,15,TRUE,0,NA,NA,0,0,0,NA,0,0,0,0,0,0,NA,NA,NA,NA,NA,NA,NA,NA,0,0,0,0,NA,NA,NA,NA,NA
"Gerhard Buddenbohm","98e2ecac-3955-11ef-b2de-292be3190b7b",NA,NA,1973,"10/6/1973","5cabe067-3960-11ef-b2d7-7b2e16e5ffcd","home","GWD Minden","VfL Lübeck-Schwartau",20,15,TRUE,1,NA,NA,0,0,0,NA,0,0,0,0,0,0,NA,NA,NA,NA,NA,NA,NA,NA,0,0,0,0,NA,NA,NA,NA,NA
"Hans Kramer","98f50290-3955-11ef-8aa8-292be3190b7b",NA,NA,1973,"10/6/1973","5cabe067-3960-11ef-b2d7-7b2e16e5ffcd","home","GWD Minden","VfL Lübeck-Schwartau",20,15,TRUE,3,NA,NA,0,0,0,NA,0,0,0,0,0,0,NA,NA,NA,NA,NA,NA,NA,NA,0,0,0,0,NA,NA,NA,NA,NA
"Wilfried Meyer","a34b2aa0-3955-11ef-a79c-2510cc07ea6e",NA,NA,1973,"10/6/1973","5cabe067-3960-11ef-b2d7-7b2e16e5ffcd","home","GWD Minden","VfL Lübeck-Schwartau",20,15,TRUE,0,NA,NA,0,0,0,NA,0,0,0,0,0,0,NA,NA,NA,NA,NA,NA,NA,NA,0,0,0,0,NA,NA,NA,NA,NA
"Jobst-Erich Rehse","b00be251-3955-11ef-ac35-a36230ada079",NA,NA,1973,"10/6/1973","5cabe067-3960-11ef-b2d7-7b2e16e5ffcd","home","GWD Minden","VfL Lübeck-Schwartau",20,15,TRUE,4,NA,NA,0,0,0,NA,0,0,0,0,0,0,NA,NA,NA,NA,NA,NA,NA,NA,0,0,0,0,NA,NA,NA,NA,NA
"Bernd Munck","ba5ee5e3-3955-11ef-9f80-ab397f561917",NA,NA,1973,"10/6/1973","5cabe067-3960-11ef-b2d7-7b2e16e5ffcd","home","GWD Minden","VfL Lübeck-Schwartau",20,15,TRUE,4,NA,NA,0,0,0,NA,0,0,0,0,0,0,NA,NA,NA,NA,NA,NA,NA,NA,0,0,0,0,NA,NA,NA,NA,NA
"Wilfried Drögemeier","ba63ada7-3955-11ef-a04d-ab397f561917",NA,NA,1973,"10/6/1973","5cabe067-3960-11ef-b2d7-7b2e16e5ffcd","home","GWD Minden","VfL Lübeck-Schwartau",20,15,TRUE,2,NA,NA,0,0,0,NA,0,0,0,0,0,0,NA,NA,NA,NA,NA,NA,NA,NA,0,0,0,0,NA,NA,NA,NA,NA
"Otto Weng","bcfbec1c-3955-11ef-b4f4-ab397f561917",NA,NA,1973,"10/6/1973","5cabe067-3960-11ef-b2d7-7b2e16e5ffcd","home","GWD Minden","VfL Lübeck-Schwartau",20,15,TRUE,4,NA,NA,0,0,0,NA,0,0,0,0,0,0,NA,NA,NA,NA,NA,NA,NA,NA,0,0,0,0,NA,NA,NA,NA,NA
"Harald Lüth","a552c518-3955-11ef-8a68-2510cc07ea6e",NA,NA,1973,"10/6/1973","5cabe067-3960-11ef-b2d7-7b2e16e5ffcd","away","VfL Lübeck-Schwartau","GWD Minden",15,20,FALSE,2,NA,NA,0,0,0,NA,0,0,0,0,0,0,NA,NA,NA,NA,NA,NA,NA,NA,0,0,0,0,NA,NA,NA,NA,NA
"Peter Görtz","b0e9ae8f-3955-11ef-aa48-a36230ada079",NA,NA,1973,"10/6/1973","5cabe067-3960-11ef-b2d7-7b2e16e5ffcd","away","VfL Lübeck-Schwartau","GWD Minden",15,20,FALSE,0,NA,NA,0,0,0,NA,0,0,0,0,0,0,NA,NA,NA,NA,NA,NA,NA,NA,0,0,0,0,NA,NA,NA,NA,NA
"Ulrich Kleinstoll","b0f37438-3955-11ef-84e6-a36230ada079",NA,NA,1973,"10/6/1973","5cabe067-3960-11ef-b2d7-7b2e16e5ffcd","away","VfL Lübeck-Schwartau","GWD Minden",15,20,FALSE,1,NA,NA,0,0,0,NA,0,0,0,0,0,0,NA,NA,NA,NA,NA,NA,NA,NA,0,0,0,0,NA,NA,NA,NA,NA
"Thomas Kluth","b0f877c0-3955-11ef-a314-a36230ada079",NA,NA,1973,"10/6/1973","5cabe067-3960-11ef-b2d7-7b2e16e5ffcd","away","VfL Lübeck-Schwartau","GWD Minden",15,20,FALSE,2,NA,NA,0,0,0,NA,0,0,0,0,0,0,NA,NA,NA,NA,NA,NA,NA,NA,0,0,0,0,NA,NA,NA,NA,NA
"Hans-Martin Müller-Wolf","b1020054-3955-11ef-8e79-a36230ada079",NA,NA,1973,"10/6/1973","5cabe067-3960-11ef-b2d7-7b2e16e5ffcd","away","VfL Lübeck-Schwartau","GWD Minden",15,20,FALSE,0,NA,NA,0,0,0,NA,0,0,0,0,0,0,NA,NA,NA,NA,NA,NA,NA,NA,0,0,0,0,NA,NA,NA,NA,NA
"Siegfried Berg","b10d3ec3-3955-11ef-8a30-a36230ada079",NA,NA,1973,"10/6/1973","5cabe067-3960-11ef-b2d7-7b2e16e5ffcd","away","VfL Lübeck-Schwartau","GWD Minden",15,20,FALSE,0,NA,NA,0,0,0,NA,0,0,0,0,0,0,NA,NA,NA,NA,NA,NA,NA,NA,0,0,0,0,NA,NA,NA,NA,NA
"Wolfgang Braun","b1a4c388-3955-11ef-92b7-a36230ada079",NA,NA,1973,"10/6/1973","5cabe067-3960-11ef-b2d7-7b2e16e5ffcd","away","VfL Lübeck-Schwartau","GWD Minden",15,20,FALSE,5,NA,NA,0,0,1,NA,0,0,0,0,0,0,NA,NA,NA,NA,NA,NA,NA,NA,0,0,0,0,NA,NA,NA,NA,NA
"Geert Geusendam","baee7cab-3955-11ef-95ba-ab397f561917",NA,NA,1973,"10/6/1973","5cabe067-3960-11ef-b2d7-7b2e16e5ffcd","away","VfL Lübeck-Schwartau","GWD Minden",15,20,FALSE,0,NA,NA,0,0,0,NA,0,0,0,0,0,0,NA,NA,NA,NA,NA,NA,NA,NA,0,0,0,0,NA,NA,NA,NA,NA
"Bernd Heiden","baf62966-3955-11ef-b7e1-ab397f561917",NA,NA,1973,"10/6/1973","5cabe067-3960-11ef-b2d7-7b2e16e5ffcd","away","VfL Lübeck-Schwartau","GWD Minden",15,20,FALSE,2,NA,NA,0,0,0,NA,0,0,0,0,0,0,NA,NA,NA,NA,NA,NA,NA,NA,0,0,0,0,NA,NA,NA,NA,NA
"Klaus Lange","bafb51f3-3955-11ef-9864-ab397f561917",NA,NA,1973,"10/6/1973","5cabe067-3960-11ef-b2d7-7b2e16e5ffcd","away","VfL Lübeck-Schwartau","GWD Minden",15,20,FALSE,3,NA,NA,0,0,0,NA,0,0,0,0,0,0,NA,NA,NA,NA,NA,NA,NA,NA,0,0,0,0,NA,NA,NA,NA,NA
"Manfred Kuhnke","bb039049-3955-11ef-bdc6-ab397f561917",NA,NA,1973,"10/6/1973","5cabe067-3960-11ef-b2d7-7b2e16e5ffcd","away","VfL Lübeck-Schwartau","GWD Minden",15,20,FALSE,0,NA,NA,0,0,0,NA,0,0,0,0,0,0,NA,NA,NA,NA,NA,NA,NA,NA,0,0,0,0,NA,NA,NA,NA,NA
"Hans-Jörg Graeper","964d8ebc-3955-11ef-a25b-292be3190b7b",NA,NA,1973,"10/6/1973","647bab88-3960-11ef-81ed-2906cc9fb6bc","home","TV Grambke Bremen","TuS 05 Wellinghofen",13,15,FALSE,2,NA,NA,0,0,0,NA,0,0,0,0,0,0,NA,NA,NA,NA,NA,NA,NA,NA,0,0,0,0,NA,NA,NA,NA,NA
"Reiner Witte","983968fe-3955-11ef-96ef-292be3190b7b",NA,NA,1973,"10/6/1973","647bab88-3960-11ef-81ed-2906cc9fb6bc","home","TV Grambke Bremen","TuS 05 Wellinghofen",13,15,FALSE,0,NA,NA,0,0,0,NA,0,0,0,0,0,0,NA,NA,NA,NA,NA,NA,NA,NA,0,0,0,0,NA,NA,NA,NA,NA
"Rolf Harjes","9854972c-3955-11ef-b163-292be3190b7b",NA,NA,1973,"10/6/1973","647bab88-3960-11ef-81ed-2906cc9fb6bc","home","TV Grambke Bremen","TuS 05 Wellinghofen",13,15,FALSE,5,NA,NA,0,0,2,NA,0,0,0,0,0,0,NA,NA,NA,NA,NA,NA,NA,NA,0,0,0,0,NA,NA,NA,NA,NA
"Wilfried Lankenau","a547caa3-3955-11ef-8b17-2510cc07ea6e",NA,NA,1973,"10/6/1973","647bab88-3960-11ef-81ed-2906cc9fb6bc","home","TV Grambke Bremen","TuS 05 Wellinghofen",13,15,FALSE,1,NA,NA,0,0,0,NA,0,0,0,0,0,0,NA,NA,NA,NA,NA,NA,NA,NA,0,0,0,0,NA,NA,NA,NA,NA
"Willi Hohn","a54d65b4-3955-11ef-86a4-2510cc07ea6e",NA,NA,1973,"10/6/1973","647bab88-3960-11ef-81ed-2906cc9fb6bc","home","TV Grambke Bremen","TuS 05 Wellinghofen",13,15,FALSE,0,NA,NA,0,0,0,NA,0,0,0,0,0,0,NA,NA,NA,NA,NA,NA,NA,NA,0,0,0,0,NA,NA,NA,NA,NA
"Peter Wilde","a5638a05-3955-11ef-8647-2510cc07ea6e",NA,NA,1973,"10/6/1973","647bab88-3960-11ef-81ed-2906cc9fb6bc","home","TV Grambke Bremen","TuS 05 Wellinghofen",13,15,FALSE,1,NA,NA,0,0,0,NA,0,0,0,0,0,0,NA,NA,NA,NA,NA,NA,NA,NA,0,0,0,0,NA,NA,NA,NA,NA
"Klaus Hohn","baa006c5-3955-11ef-942e-ab397f561917",NA,NA,1973,"10/6/1973","647bab88-3960-11ef-81ed-2906cc9fb6bc","home","TV Grambke Bremen","TuS 05 Wellinghofen",13,15,FALSE,0,NA,NA,0,0,0,NA,0,0,0,0,0,0,NA,NA,NA,NA,NA,NA,NA,NA,0,0,0,0,NA,NA,NA,NA,NA
"Karl-Heinz Bierwirth","baa76751-3955-11ef-b78b-ab397f561917",NA,NA,1973,"10/6/1973","647bab88-3960-11ef-81ed-2906cc9fb6bc","home","TV Grambke Bremen","TuS 05 Wellinghofen",13,15,FALSE,2,NA,NA,0,0,0,NA,0,0,0,0,0,0,NA,NA,NA,NA,NA,NA,NA,NA,0,0,0,0,NA,NA,NA,NA,NA
"Günter Heermann","baabe2e5-3955-11ef-9d71-ab397f561917",NA,NA,1973,"10/6/1973","647bab88-3960-11ef-81ed-2906cc9fb6bc","home","TV Grambke Bremen","TuS 05 Wellinghofen",13,15,FALSE,1,NA,NA,0,0,0,NA,0,0,0,0,0,0,NA,NA,NA,NA,NA,NA,NA,NA,0,0,0,0,NA,NA,NA,NA,NA
"Günter Meßmer","babf1fc6-3955-11ef-975c-ab397f561917",NA,NA,1973,"10/6/1973","647bab88-3960-11ef-81ed-2906cc9fb6bc","home","TV Grambke Bremen","TuS 05 Wellinghofen",13,15,FALSE,1,NA,NA,0,0,0,NA,0,0,0,0,0,0,NA,NA,NA,NA,NA,NA,NA,NA,0,0,0,0,NA,NA,NA,NA,NA
"Reimer Hinrichs","baf246ff-3955-11ef-b172-ab397f561917",NA,NA,1973,"10/6/1973","647bab88-3960-11ef-81ed-2906cc9fb6bc","home","TV Grambke Bremen","TuS 05 Wellinghofen",13,15,FALSE,0,NA,NA,0,0,0,NA,0,0,0,0,0,0,NA,NA,NA,NA,NA,NA,NA,NA,0,0,0,0,NA,NA,NA,NA,NA
"Heino Gutzeit","bd1f637f-3955-11ef-b9a0-ab397f561917",NA,NA,1973,"10/6/1973","647bab88-3960-11ef-81ed-2906cc9fb6bc","home","TV Grambke Bremen","TuS 05 Wellinghofen",13,15,FALSE,0,NA,NA,0,0,0,NA,0,0,0,0,0,0,NA,NA,NA,NA,NA,NA,NA,NA,0,0,0,0,NA,NA,NA,NA,NA
"Karl-Heinz Schulz","72847241-3955-11ef-8bd4-51fdf2a82730",NA,NA,1973,"10/6/1973","647bab88-3960-11ef-81ed-2906cc9fb6bc","away","TuS 05 Wellinghofen","TV Grambke Bremen",15,13,TRUE,1,NA,NA,0,0,0,NA,0,0,0,0,0,0,NA,NA,NA,NA,NA,NA,NA,NA,0,0,0,0,NA,NA,NA,NA,NA
"Hans-Jürgen Zick","8d67d76a-3955-11ef-8956-81dc40648355",NA,NA,1973,"10/6/1973","647bab88-3960-11ef-81ed-2906cc9fb6bc","away","TuS 05 Wellinghofen","TV Grambke Bremen",15,13,TRUE,0,NA,NA,0,0,0,NA,0,0,0,0,0,0,NA,NA,NA,NA,NA,NA,NA,NA,0,0,0,0,NA,NA,NA,NA,NA
"Heiner Möller","8d7571e4-3955-11ef-b1d3-81dc40648355",NA,NA,1973,"10/6/1973","647bab88-3960-11ef-81ed-2906cc9fb6bc","away","TuS 05 Wellinghofen","TV Grambke Bremen",15,13,TRUE,4,NA,NA,0,0,0,NA,0,0,0,0,0,0,NA,NA,NA,NA,NA,NA,NA,NA,0,0,0,0,NA,NA,NA,NA,NA
"Hans-Peter Neuhaus","8d9d3887-3955-11ef-80a3-81dc40648355",NA,NA,1973,"10/6/1973","647bab88-3960-11ef-81ed-2906cc9fb6bc","away","TuS 05 Wellinghofen","TV Grambke Bremen",15,13,TRUE,3,NA,NA,0,0,0,NA,0,0,0,0,0,0,NA,NA,NA,NA,NA,NA,NA,NA,0,0,0,0,NA,NA,NA,NA,NA
"Karl-Heinz Nolde","a33d5c4a-3955-11ef-b577-2510cc07ea6e",NA,NA,1973,"10/6/1973","647bab88-3960-11ef-81ed-2906cc9fb6bc","away","TuS 05 Wellinghofen","TV Grambke Bremen",15,13,TRUE,0,NA,NA,0,0,0,NA,0,0,0,0,0,0,NA,NA,NA,NA,NA,NA,NA,NA,0,0,0,0,NA,NA,NA,NA,NA
"Rainer Gosewinkel","a4d61156-3955-11ef-8406-2510cc07ea6e",NA,NA,1973,"10/6/1973","647bab88-3960-11ef-81ed-2906cc9fb6bc","away","TuS 05 Wellinghofen","TV Grambke Bremen",15,13,TRUE,0,NA,NA,0,0,0,NA,0,0,0,0,0,0,NA,NA,NA,NA,NA,NA,NA,NA,0,0,0,0,NA,NA,NA,NA,NA
"Klaus Erwe","a4f54a19-3955-11ef-b48a-2510cc07ea6e",NA,NA,1973,"10/6/1973","647bab88-3960-11ef-81ed-2906cc9fb6bc","away","TuS 05 Wellinghofen","TV Grambke Bremen",15,13,TRUE,0,NA,NA,0,0,0,NA,0,0,0,0,0,0,NA,NA,NA,NA,NA,NA,NA,NA,0,0,0,0,NA,NA,NA,NA,NA
"Burkhard Gröning","a52c6e4f-3955-11ef-a576-2510cc07ea6e",NA,NA,1973,"10/6/1973","647bab88-3960-11ef-81ed-2906cc9fb6bc","away","TuS 05 Wellinghofen","TV Grambke Bremen",15,13,TRUE,7,NA,NA,0,0,4,NA,0,0,0,0,0,0,NA,NA,NA,NA,NA,NA,NA,NA,0,0,0,0,NA,NA,NA,NA,NA
"Herbert Rogge","b06614d7-3955-11ef-a43b-a36230ada079",NA,NA,1973,"10/6/1973","647bab88-3960-11ef-81ed-2906cc9fb6bc","away","TuS 05 Wellinghofen","TV Grambke Bremen",15,13,TRUE,0,NA,NA,0,0,0,NA,0,0,0,0,0,0,NA,NA,NA,NA,NA,NA,NA,NA,0,0,0,0,NA,NA,NA,NA,NA
"Uwe Braune","ba8c6664-3955-11ef-9e04-ab397f561917",NA,NA,1973,"10/6/1973","647bab88-3960-11ef-81ed-2906cc9fb6bc","away","TuS 05 Wellinghofen","TV Grambke Bremen",15,13,TRUE,0,NA,NA,0,0,0,NA,0,0,0,0,0,0,NA,NA,NA,NA,NA,NA,NA,NA,0,0,0,0,NA,NA,NA,NA,NA
"Horst Rampp","8c760463-3955-11ef-b11d-81dc40648355",NA,NA,1973,"10/6/1973","66fa9b63-3960-11ef-a84c-2906cc9fb6bc","home","Füchse Berlin","TuSEM Essen",15,7,TRUE,0,NA,NA,0,0,0,NA,0,0,0,0,0,0,NA,NA,NA,NA,NA,NA,NA,NA,0,0,0,0,NA,NA,NA,NA,NA
"Hartmut Alsen","a5dc4676-3955-11ef-ac19-2510cc07ea6e",NA,NA,1973,"10/6/1973","66fa9b63-3960-11ef-a84c-2906cc9fb6bc","home","Füchse Berlin","TuSEM Essen",15,7,TRUE,0,NA,NA,0,0,0,NA,0,0,0,0,0,0,NA,NA,NA,NA,NA,NA,NA,NA,0,0,0,0,NA,NA,NA,NA,NA
"Diethard Finkelmann","a60bdcf9-3955-11ef-bfa1-2510cc07ea6e",NA,NA,1973,"10/6/1973","66fa9b63-3960-11ef-a84c-2906cc9fb6bc","home","Füchse Berlin","TuSEM Essen",15,7,TRUE,4,NA,NA,0,0,2,NA,0,0,0,0,0,0,NA,NA,NA,NA,NA,NA,NA,NA,0,0,0,0,NA,NA,NA,NA,NA
"Jochen Oermann","b193e84b-3955-11ef-bdbf-a36230ada079",NA,NA,1973,"10/6/1973","66fa9b63-3960-11ef-a84c-2906cc9fb6bc","home","Füchse Berlin","TuSEM Essen",15,7,TRUE,0,NA,NA,0,0,0,NA,0,0,0,0,0,0,NA,NA,NA,NA,NA,NA,NA,NA,0,0,0,0,NA,NA,NA,NA,NA
"Detlef Finkelmann","b1a8f927-3955-11ef-a009-a36230ada079",NA,NA,1973,"10/6/1973","66fa9b63-3960-11ef-a84c-2906cc9fb6bc","home","Füchse Berlin","TuSEM Essen",15,7,TRUE,3,NA,NA,0,0,0,NA,0,0,0,0,0,0,NA,NA,NA,NA,NA,NA,NA,NA,0,0,0,0,NA,NA,NA,NA,NA
"Bernd Goerigk","b1b21b0c-3955-11ef-a303-a36230ada079",NA,NA,1973,"10/6/1973","66fa9b63-3960-11ef-a84c-2906cc9fb6bc","home","Füchse Berlin","TuSEM Essen",15,7,TRUE,0,NA,NA,0,0,0,NA,0,0,0,0,0,0,NA,NA,NA,NA,NA,NA,NA,NA,0,0,0,0,NA,NA,NA,NA,NA
"Lutz Loewke","b1b73b08-3955-11ef-b76a-a36230ada079",NA,NA,1973,"10/6/1973","66fa9b63-3960-11ef-a84c-2906cc9fb6bc","home","Füchse Berlin","TuSEM Essen",15,7,TRUE,5,NA,NA,0,0,2,NA,0,0,0,0,0,0,NA,NA,NA,NA,NA,NA,NA,NA,0,0,0,0,NA,NA,NA,NA,NA
"Sigmar Artelt","bdbc9392-3955-11ef-a3be-ab397f561917",NA,NA,1973,"10/6/1973","66fa9b63-3960-11ef-a84c-2906cc9fb6bc","home","Füchse Berlin","TuSEM Essen",15,7,TRUE,1,NA,NA,0,0,0,NA,0,0,0,0,0,0,NA,NA,NA,NA,NA,NA,NA,NA,0,0,0,0,NA,NA,NA,NA,NA
"Uwe Fröhlich","bdc4fe1a-3955-11ef-aa4f-ab397f561917",NA,NA,1973,"10/6/1973","66fa9b63-3960-11ef-a84c-2906cc9fb6bc","home","Füchse Berlin","TuSEM Essen",15,7,TRUE,0,NA,NA,0,0,0,NA,0,0,0,0,0,0,NA,NA,NA,NA,NA,NA,NA,NA,0,0,0,0,NA,NA,NA,NA,NA
"Henry Johannes","bdc98fce-3955-11ef-9f6e-ab397f561917",NA,NA,1973,"10/6/1973","66fa9b63-3960-11ef-a84c-2906cc9fb6bc","home","Füchse Berlin","TuSEM Essen",15,7,TRUE,0,NA,NA,0,0,0,NA,0,0,0,0,0,0,NA,NA,NA,NA,NA,NA,NA,NA,0,0,0,0,NA,NA,NA,NA,NA
"Horst Waisznor","bdce772f-3955-11ef-a781-ab397f561917",NA,NA,1973,"10/6/1973","66fa9b63-3960-11ef-a84c-2906cc9fb6bc","home","Füchse Berlin","TuSEM Essen",15,7,TRUE,0,NA,NA,0,0,0,NA,0,0,0,0,0,0,NA,NA,NA,NA,NA,NA,NA,NA,0,0,0,0,NA,NA,NA,NA,NA
"Klaus-Dieter Guse","bdd76769-3955-11ef-97dc-ab397f561917",NA,NA,1973,"10/6/1973","66fa9b63-3960-11ef-a84c-2906cc9fb6bc","home","Füchse Berlin","TuSEM Essen",15,7,TRUE,2,NA,NA,0,0,0,NA,0,0,0,0,0,0,NA,NA,NA,NA,NA,NA,NA,NA,0,0,0,0,NA,NA,NA,NA,NA
"Dietmar Balkenhol","8dfc784e-3955-11ef-b459-81dc40648355",NA,NA,1973,"10/6/1973","66fa9b63-3960-11ef-a84c-2906cc9fb6bc","away","TuSEM Essen","Füchse Berlin",7,15,FALSE,0,NA,NA,0,0,0,NA,0,0,0,0,0,0,NA,NA,NA,NA,NA,NA,NA,NA,0,0,0,0,NA,NA,NA,NA,NA
"Gerhard Wrobel","ae4fc714-3955-11ef-a106-a36230ada079",NA,NA,1973,"10/6/1973","66fa9b63-3960-11ef-a84c-2906cc9fb6bc","away","TuSEM Essen","Füchse Berlin",7,15,FALSE,1,NA,NA,0,0,0,NA,0,0,0,0,0,0,NA,NA,NA,NA,NA,NA,NA,NA,0,0,0,0,NA,NA,NA,NA,NA
"Anderko Govorko","bb91b676-3955-11ef-8109-ab397f561917",NA,NA,1973,"10/6/1973","66fa9b63-3960-11ef-a84c-2906cc9fb6bc","away","TuSEM Essen","Füchse Berlin",7,15,FALSE,0,NA,NA,0,0,0,NA,0,0,0,0,0,0,NA,NA,NA,NA,NA,NA,NA,NA,0,0,0,0,NA,NA,NA,NA,NA
"Herbert Buschmann","bd5ac595-3955-11ef-97f0-ab397f561917",NA,NA,1973,"10/6/1973","66fa9b63-3960-11ef-a84c-2906cc9fb6bc","away","TuSEM Essen","Füchse Berlin",7,15,FALSE,0,NA,NA,0,0,0,NA,0,0,0,0,0,0,NA,NA,NA,NA,NA,NA,NA,NA,0,0,0,0,NA,NA,NA,NA,NA
"Klaus Schäfer","bd6f7a4d-3955-11ef-9f92-ab397f561917",NA,NA,1973,"10/6/1973","66fa9b63-3960-11ef-a84c-2906cc9fb6bc","away","TuSEM Essen","Füchse Berlin",7,15,FALSE,2,NA,NA,0,0,2,NA,0,0,0,0,0,0,NA,NA,NA,NA,NA,NA,NA,NA,0,0,0,0,NA,NA,NA,NA,NA
"Alwin Loerke","bd738ab4-3955-11ef-9585-ab397f561917",NA,NA,1973,"10/6/1973","66fa9b63-3960-11ef-a84c-2906cc9fb6bc","away","TuSEM Essen","Füchse Berlin",7,15,FALSE,2,NA,NA,0,0,0,NA,0,0,0,0,0,0,NA,NA,NA,NA,NA,NA,NA,NA,0,0,0,0,NA,NA,NA,NA,NA
"Gerhard Schmidt","bd78314d-3955-11ef-8668-ab397f561917",NA,NA,1973,"10/6/1973","66fa9b63-3960-11ef-a84c-2906cc9fb6bc","away","TuSEM Essen","Füchse Berlin",7,15,FALSE,1,NA,NA,0,0,0,NA,0,0,0,0,0,0,NA,NA,NA,NA,NA,NA,NA,NA,0,0,0,0,NA,NA,NA,NA,NA
"Manfred Benning","bd7cb1bd-3955-11ef-883f-ab397f561917",NA,NA,1973,"10/6/1973","66fa9b63-3960-11ef-a84c-2906cc9fb6bc","away","TuSEM Essen","Füchse Berlin",7,15,FALSE,0,NA,NA,0,0,0,NA,0,0,0,0,0,0,NA,NA,NA,NA,NA,NA,NA,NA,0,0,0,0,NA,NA,NA,NA,NA
"Alojz Snedić","bd80daac-3955-11ef-a8ab-ab397f561917",NA,NA,1973,"10/6/1973","66fa9b63-3960-11ef-a84c-2906cc9fb6bc","away","TuSEM Essen","Füchse Berlin",7,15,FALSE,1,NA,NA,0,0,0,NA,0,0,0,0,0,0,NA,NA,NA,NA,NA,NA,NA,NA,0,0,0,0,NA,NA,NA,NA,NA
"Peter Fischer","bd861af2-3955-11ef-a655-ab397f561917",NA,NA,1973,"10/6/1973","66fa9b63-3960-11ef-a84c-2906cc9fb6bc","away","TuSEM Essen","Füchse Berlin",7,15,FALSE,0,NA,NA,0,0,0,NA,0,0,0,0,0,0,NA,NA,NA,NA,NA,NA,NA,NA,0,0,0,0,NA,NA,NA,NA,NA
"Peter Meuter","bd905293-3955-11ef-a264-ab397f561917",NA,NA,1973,"10/6/1973","66fa9b63-3960-11ef-a84c-2906cc9fb6bc","away","TuSEM Essen","Füchse Berlin",7,15,FALSE,0,NA,NA,0,0,0,NA,0,0,0,0,0,0,NA,NA,NA,NA,NA,NA,NA,NA,0,0,0,0,NA,NA,NA,NA,NA
"Walter Don","73f54ad3-3955-11ef-b2c6-51fdf2a82730",NA,NA,1973,"10/6/1973","675c8eff-3960-11ef-987e-2906cc9fb6bc","home","TV 05/07 Hüttenberg","TSV 1846 Butzbach",19,13,TRUE,1,NA,NA,0,0,0,NA,0,0,0,0,0,0,NA,NA,NA,NA,NA,NA,NA,NA,0,0,0,0,NA,NA,NA,NA,NA
"Siegfried Weber","807d098c-3955-11ef-8827-b908c60af10a",NA,NA,1973,"10/6/1973","675c8eff-3960-11ef-987e-2906cc9fb6bc","home","TV 05/07 Hüttenberg","TSV 1846 Butzbach",19,13,TRUE,1,NA,NA,0,0,0,NA,0,0,0,0,0,0,NA,NA,NA,NA,NA,NA,NA,NA,0,0,0,0,NA,NA,NA,NA,NA
"Horst Spengler","80adf446-3955-11ef-a1e6-b908c60af10a",NA,NA,1973,"10/6/1973","675c8eff-3960-11ef-987e-2906cc9fb6bc","home","TV 05/07 Hüttenberg","TSV 1846 Butzbach",19,13,TRUE,7,NA,NA,0,0,0,NA,0,0,0,0,0,0,NA,NA,NA,NA,NA,NA,NA,NA,0,0,0,0,NA,NA,NA,NA,NA
"Peter Barthelmey","99855e8f-3955-11ef-b9a4-292be3190b7b",NA,NA,1973,"10/6/1973","675c8eff-3960-11ef-987e-2906cc9fb6bc","home","TV 05/07 Hüttenberg","TSV 1846 Butzbach",19,13,TRUE,2,NA,NA,0,0,2,NA,0,0,0,0,0,0,NA,NA,NA,NA,NA,NA,NA,NA,0,0,0,0,NA,NA,NA,NA,NA
"Richard Boczkowski","a1b43836-3955-11ef-934f-2510cc07ea6e",NA,NA,1973,"10/6/1973","675c8eff-3960-11ef-987e-2906cc9fb6bc","home","TV 05/07 Hüttenberg","TSV 1846 Butzbach",19,13,TRUE,1,NA,NA,0,0,0,NA,0,0,0,0,0,0,NA,NA,NA,NA,NA,NA,NA,NA,0,0,0,0,NA,NA,NA,NA,NA
"Norbert Bach","a3be6ba6-3955-11ef-9511-2510cc07ea6e",NA,NA,1973,"10/6/1973","675c8eff-3960-11ef-987e-2906cc9fb6bc","home","TV 05/07 Hüttenberg","TSV 1846 Butzbach",19,13,TRUE,3,NA,NA,0,0,0,NA,0,0,0,0,0,0,NA,NA,NA,NA,NA,NA,NA,NA,0,0,0,0,NA,NA,NA,NA,NA
"Stefan Schicketanz","a3d099d4-3955-11ef-90b6-2510cc07ea6e",NA,NA,1973,"10/6/1973","675c8eff-3960-11ef-987e-2906cc9fb6bc","home","TV 05/07 Hüttenberg","TSV 1846 Butzbach",19,13,TRUE,1,NA,NA,0,0,0,NA,0,0,0,0,0,0,NA,NA,NA,NA,NA,NA,NA,NA,0,0,0,0,NA,NA,NA,NA,NA
"Udo Uebbing","ae4823ea-3955-11ef-93ce-a36230ada079",NA,NA,1973,"10/6/1973","675c8eff-3960-11ef-987e-2906cc9fb6bc","home","TV 05/07 Hüttenberg","TSV 1846 Butzbach",19,13,TRUE,3,NA,NA,0,0,0,NA,0,0,0,0,0,0,NA,NA,NA,NA,NA,NA,NA,NA,0,0,0,0,NA,NA,NA,NA,NA
"Rainer Joost","bb83a6fb-3955-11ef-b43f-ab397f561917",NA,NA,1973,"10/6/1973","675c8eff-3960-11ef-987e-2906cc9fb6bc","home","TV 05/07 Hüttenberg","TSV 1846 Butzbach",19,13,TRUE,0,NA,NA,0,0,0,NA,0,0,0,0,0,0,NA,NA,NA,NA,NA,NA,NA,NA,0,0,0,0,NA,NA,NA,NA,NA
"Andrija Kotlas","bde016f5-3955-11ef-b96c-ab397f561917",NA,NA,1973,"10/6/1973","675c8eff-3960-11ef-987e-2906cc9fb6bc","home","TV 05/07 Hüttenberg","TSV 1846 Butzbach",19,13,TRUE,0,NA,NA,0,0,2,NA,0,0,0,0,0,0,NA,NA,NA,NA,NA,NA,NA,NA,0,0,0,0,NA,NA,NA,NA,NA
"Klaus Meineke","8d0eefb2-3955-11ef-a068-81dc40648355",NA,NA,1973,"10/6/1973","675c8eff-3960-11ef-987e-2906cc9fb6bc","away","TSV 1846 Butzbach","TV 05/07 Hüttenberg",13,19,FALSE,2,NA,NA,0,0,0,NA,0,0,0,0,0,0,NA,NA,NA,NA,NA,NA,NA,NA,0,0,0,0,NA,NA,NA,NA,NA
"Günter Timmermann","bb79f127-3955-11ef-ae8c-ab397f561917",NA,NA,1973,"10/6/1973","675c8eff-3960-11ef-987e-2906cc9fb6bc","away","TSV 1846 Butzbach","TV 05/07 Hüttenberg",13,19,FALSE,0,NA,NA,0,0,0,NA,0,0,0,0,0,0,NA,NA,NA,NA,NA,NA,NA,NA,0,0,0,0,NA,NA,NA,NA,NA
"Rolf Grotegut","bc3000ec-3955-11ef-97c5-ab397f561917",NA,NA,1973,"10/6/1973","675c8eff-3960-11ef-987e-2906cc9fb6bc","away","TSV 1846 Butzbach","TV 05/07 Hüttenberg",13,19,FALSE,1,NA,NA,0,0,0,NA,0,0,0,0,0,0,NA,NA,NA,NA,NA,NA,NA,NA,0,0,0,0,NA,NA,NA,NA,NA
"Hans-Joachim Röhrig","bc371f1f-3955-11ef-bcd4-ab397f561917",NA,NA,1973,"10/6/1973","675c8eff-3960-11ef-987e-2906cc9fb6bc","away","TSV 1846 Butzbach","TV 05/07 Hüttenberg",13,19,FALSE,4,NA,NA,0,0,1,NA,0,0,0,0,0,0,NA,NA,NA,NA,NA,NA,NA,NA,0,0,0,0,NA,NA,NA,NA,NA
"Alfred Walter","bc3f22f5-3955-11ef-9558-ab397f561917",NA,NA,1973,"10/6/1973","675c8eff-3960-11ef-987e-2906cc9fb6bc","away","TSV 1846 Butzbach","TV 05/07 Hüttenberg",13,19,FALSE,2,NA,NA,0,0,0,NA,0,0,0,0,0,0,NA,NA,NA,NA,NA,NA,NA,NA,0,0,0,0,NA,NA,NA,NA,NA
"Bernd Lind","bc4b1939-3955-11ef-95dd-ab397f561917",NA,NA,1973,"10/6/1973","675c8eff-3960-11ef-987e-2906cc9fb6bc","away","TSV 1846 Butzbach","TV 05/07 Hüttenberg",13,19,FALSE,0,NA,NA,0,0,0,NA,0,0,0,0,0,0,NA,NA,NA,NA,NA,NA,NA,NA,0,0,0,0,NA,NA,NA,NA,NA
"Wolfgang Lowak","bc4eecb3-3955-11ef-8009-ab397f561917",NA,NA,1973,"10/6/1973","675c8eff-3960-11ef-987e-2906cc9fb6bc","away","TSV 1846 Butzbach","TV 05/07 Hüttenberg",13,19,FALSE,0,NA,NA,0,0,0,NA,0,0,0,0,0,0,NA,NA,NA,NA,NA,NA,NA,NA,0,0,0,0,NA,NA,NA,NA,NA
"Robert Ringleb","bc52ae17-3955-11ef-80f1-ab397f561917",NA,NA,1973,"10/6/1973","675c8eff-3960-11ef-987e-2906cc9fb6bc","away","TSV 1846 Butzbach","TV 05/07 Hüttenberg",13,19,FALSE,0,NA,NA,0,0,0,NA,0,0,0,0,0,0,NA,NA,NA,NA,NA,NA,NA,NA,0,0,0,0,NA,NA,NA,NA,NA
"Helmut Schwarz","c6c73d0a-3955-11ef-88e8-157c9bc18a5f",NA,NA,1973,"10/6/1973","675c8eff-3960-11ef-987e-2906cc9fb6bc","away","TSV 1846 Butzbach","TV 05/07 Hüttenberg",13,19,FALSE,0,NA,NA,0,0,0,NA,0,0,0,0,0,0,NA,NA,NA,NA,NA,NA,NA,NA,0,0,0,0,NA,NA,NA,NA,NA
"Ortwin Fay","c6cfdaae-3955-11ef-a550-157c9bc18a5f",NA,NA,1973,"10/6/1973","675c8eff-3960-11ef-987e-2906cc9fb6bc","away","TSV 1846 Butzbach","TV 05/07 Hüttenberg",13,19,FALSE,0,NA,NA,0,0,0,NA,0,0,0,0,0,0,NA,NA,NA,NA,NA,NA,NA,NA,0,0,0,0,NA,NA,NA,NA,NA
"Anton Turkalj","c6dcd936-3955-11ef-9d1b-157c9bc18a5f",NA,NA,1973,"10/6/1973","675c8eff-3960-11ef-987e-2906cc9fb6bc","away","TSV 1846 Butzbach","TV 05/07 Hüttenberg",13,19,FALSE,4,NA,NA,0,0,1,NA,0,0,0,0,0,0,NA,NA,NA,NA,NA,NA,NA,NA,0,0,0,0,NA,NA,NA,NA,NA
"Kurt Klühspies","5ac3e7d7-3955-11ef-b574-4fa817cd91bb",NA,NA,1973,"10/6/1973","68809698-3960-11ef-89c5-2906cc9fb6bc","home","TV Großwallstadt","S3L Handball",17,12,TRUE,2,NA,NA,0,0,1,NA,0,0,0,0,0,0,NA,NA,NA,NA,NA,NA,NA,NA,0,0,0,0,NA,NA,NA,NA,NA
"Manfred Hofmann","6855eb0b-3955-11ef-8cb3-292be3190b7b",NA,NA,1973,"10/6/1973","68809698-3960-11ef-89c5-2906cc9fb6bc","home","TV Großwallstadt","S3L Handball",17,12,TRUE,0,NA,NA,0,0,0,NA,0,0,0,0,0,0,NA,NA,NA,NA,NA,NA,NA,NA,0,0,0,0,NA,NA,NA,NA,NA
"Thomas Sinsel","8adb8152-3955-11ef-b2de-81dc40648355",NA,NA,1973,"10/6/1973","68809698-3960-11ef-89c5-2906cc9fb6bc","home","TV Großwallstadt","S3L Handball",17,12,TRUE,0,NA,NA,0,0,0,NA,0,0,0,0,0,0,NA,NA,NA,NA,NA,NA,NA,NA,0,0,0,0,NA,NA,NA,NA,NA
"Manfred Schwarz","96d98e53-3955-11ef-a3c9-292be3190b7b",NA,NA,1973,"10/6/1973","68809698-3960-11ef-89c5-2906cc9fb6bc","home","TV Großwallstadt","S3L Handball",17,12,TRUE,1,NA,NA,0,0,0,NA,0,0,0,0,0,0,NA,NA,NA,NA,NA,NA,NA,NA,0,0,0,0,NA,NA,NA,NA,NA
"Wolfgang Dümig","978dc3fc-3955-11ef-b042-292be3190b7b",NA,NA,1973,"10/6/1973","68809698-3960-11ef-89c5-2906cc9fb6bc","home","TV Großwallstadt","S3L Handball",17,12,TRUE,0,NA,NA,0,0,0,NA,0,0,0,0,0,0,NA,NA,NA,NA,NA,NA,NA,NA,0,0,0,0,NA,NA,NA,NA,NA
"Arno Böckling","a3c38db5-3955-11ef-810f-2510cc07ea6e",NA,NA,1973,"10/6/1973","68809698-3960-11ef-89c5-2906cc9fb6bc","home","TV Großwallstadt","S3L Handball",17,12,TRUE,4,NA,NA,0,0,0,NA,0,0,0,0,0,0,NA,NA,NA,NA,NA,NA,NA,NA,0,0,0,0,NA,NA,NA,NA,NA
"Manfred Meudt","af9be5ed-3955-11ef-a3e3-a36230ada079",NA,NA,1973,"10/6/1973","68809698-3960-11ef-89c5-2906cc9fb6bc","home","TV Großwallstadt","S3L Handball",17,12,TRUE,0,NA,NA,0,0,0,NA,0,0,0,0,0,0,NA,NA,NA,NA,NA,NA,NA,NA,0,0,0,0,NA,NA,NA,NA,NA
"Norbert Klein","b18179dc-3955-11ef-acc0-a36230ada079",NA,NA,1973,"10/6/1973","68809698-3960-11ef-89c5-2906cc9fb6bc","home","TV Großwallstadt","S3L Handball",17,12,TRUE,1,NA,NA,0,0,0,NA,0,0,0,0,0,0,NA,NA,NA,NA,NA,NA,NA,NA,0,0,0,0,NA,NA,NA,NA,NA
"Peter Kuß","bbc18adb-3955-11ef-a5f7-ab397f561917",NA,NA,1973,"10/6/1973","68809698-3960-11ef-89c5-2906cc9fb6bc","home","TV Großwallstadt","S3L Handball",17,12,TRUE,6,NA,NA,0,0,0,NA,0,0,0,0,0,0,NA,NA,NA,NA,NA,NA,NA,NA,0,0,0,0,NA,NA,NA,NA,NA
"Werner Lemmert","be0e2c8d-3955-11ef-82a6-ab397f561917",NA,NA,1973,"10/6/1973","68809698-3960-11ef-89c5-2906cc9fb6bc","home","TV Großwallstadt","S3L Handball",17,12,TRUE,0,NA,NA,0,0,0,NA,0,0,0,0,0,0,NA,NA,NA,NA,NA,NA,NA,NA,0,0,0,0,NA,NA,NA,NA,NA
"Rainer Oberle","be123408-3955-11ef-92a6-ab397f561917",NA,NA,1973,"10/6/1973","68809698-3960-11ef-89c5-2906cc9fb6bc","home","TV Großwallstadt","S3L Handball",17,12,TRUE,3,NA,NA,0,0,0,NA,0,0,0,0,0,0,NA,NA,NA,NA,NA,NA,NA,NA,0,0,0,0,NA,NA,NA,NA,NA
"Werner Osada","98d8c8ac-3955-11ef-b6db-292be3190b7b",NA,NA,1973,"10/6/1973","68809698-3960-11ef-89c5-2906cc9fb6bc","away","S3L Handball","TV Großwallstadt",12,17,FALSE,2,NA,NA,0,0,0,NA,0,0,0,0,0,0,NA,NA,NA,NA,NA,NA,NA,NA,0,0,0,0,NA,NA,NA,NA,NA
"Alfred Schmitt","a25e1dab-3955-11ef-b412-2510cc07ea6e",NA,NA,1973,"10/6/1973","68809698-3960-11ef-89c5-2906cc9fb6bc","away","S3L Handball","TV Großwallstadt",12,17,FALSE,0,NA,NA,0,0,0,NA,0,0,0,0,0,0,NA,NA,NA,NA,NA,NA,NA,NA,0,0,0,0,NA,NA,NA,NA,NA
"Manfred Müller","ae54e819-3955-11ef-81e8-a36230ada079",NA,NA,1973,"10/6/1973","68809698-3960-11ef-89c5-2906cc9fb6bc","away","S3L Handball","TV Großwallstadt",12,17,FALSE,0,NA,NA,0,0,0,NA,0,0,0,0,0,0,NA,NA,NA,NA,NA,NA,NA,NA,0,0,0,0,NA,NA,NA,NA,NA
"Georg Fitz","ae68320c-3955-11ef-89fa-a36230ada079",NA,NA,1973,"10/6/1973","68809698-3960-11ef-89c5-2906cc9fb6bc","away","S3L Handball","TV Großwallstadt",12,17,FALSE,0,NA,NA,0,0,0,NA,0,0,0,0,0,0,NA,NA,NA,NA,NA,NA,NA,NA,0,0,0,0,NA,NA,NA,NA,NA
"Robert Becker","ae8c50f9-3955-11ef-91c4-a36230ada079",NA,NA,1973,"10/6/1973","68809698-3960-11ef-89c5-2906cc9fb6bc","away","S3L Handball","TV Großwallstadt",12,17,FALSE,0,NA,NA,0,0,0,NA,0,0,0,0,0,0,NA,NA,NA,NA,NA,NA,NA,NA,0,0,0,0,NA,NA,NA,NA,NA
"Jürgen Hahn","ae947745-3955-11ef-bc54-a36230ada079",NA,NA,1973,"10/6/1973","68809698-3960-11ef-89c5-2906cc9fb6bc","away","S3L Handball","TV Großwallstadt",12,17,FALSE,6,NA,NA,0,0,1,NA,0,0,0,0,0,0,NA,NA,NA,NA,NA,NA,NA,NA,0,0,0,0,NA,NA,NA,NA,NA
"Hansjörg Jäck","b166bd31-3955-11ef-bed1-a36230ada079",NA,NA,1973,"10/6/1973","68809698-3960-11ef-89c5-2906cc9fb6bc","away","S3L Handball","TV Großwallstadt",12,17,FALSE,0,NA,NA,0,0,0,NA,0,0,0,0,0,0,NA,NA,NA,NA,NA,NA,NA,NA,0,0,0,0,NA,NA,NA,NA,NA
"Markus Hädrich","ba389acc-3955-11ef-8b9d-ab397f561917",NA,NA,1973,"10/6/1973","68809698-3960-11ef-89c5-2906cc9fb6bc","away","S3L Handball","TV Großwallstadt",12,17,FALSE,1,NA,NA,0,0,0,NA,0,0,0,0,0,0,NA,NA,NA,NA,NA,NA,NA,NA,0,0,0,0,NA,NA,NA,NA,NA
"Werner Pruscha","bb9c8e56-3955-11ef-ac18-ab397f561917",NA,NA,1973,"10/6/1973","68809698-3960-11ef-89c5-2906cc9fb6bc","away","S3L Handball","TV Großwallstadt",12,17,FALSE,1,NA,NA,0,0,0,NA,0,0,0,0,0,0,NA,NA,NA,NA,NA,NA,NA,NA,0,0,0,0,NA,NA,NA,NA,NA
"Wolfhardt Bühler","bba2fc92-3955-11ef-a8d6-ab397f561917",NA,NA,1973,"10/6/1973","68809698-3960-11ef-89c5-2906cc9fb6bc","away","S3L Handball","TV Großwallstadt",12,17,FALSE,0,NA,NA,0,0,0,NA,0,0,0,0,0,0,NA,NA,NA,NA,NA,NA,NA,NA,0,0,0,0,NA,NA,NA,NA,NA
"Hans Stein","bde4861d-3955-11ef-a14e-ab397f561917",NA,NA,1973,"10/6/1973","68809698-3960-11ef-89c5-2906cc9fb6bc","away","S3L Handball","TV Großwallstadt",12,17,FALSE,0,NA,NA,0,0,0,NA,0,0,0,0,0,0,NA,NA,NA,NA,NA,NA,NA,NA,0,0,0,0,NA,NA,NA,NA,NA
"Arno Schandin","bded1584-3955-11ef-8a76-ab397f561917",NA,NA,1973,"10/6/1973","68809698-3960-11ef-89c5-2906cc9fb6bc","away","S3L Handball","TV Großwallstadt",12,17,FALSE,2,NA,NA,0,0,0,NA,0,0,0,0,0,0,NA,NA,NA,NA,NA,NA,NA,NA,0,0,0,0,NA,NA,NA,NA,NA
"Walter Salzer","8d394c72-3955-11ef-8d73-81dc40648355",NA,NA,1973,"10/6/1973","71ffb46f-3960-11ef-847c-2906cc9fb6bc","home","TV 1893 Neuhausen","FRISCH AUF! Göppingen",12,19,FALSE,4,NA,NA,0,0,2,NA,0,0,0,0,0,0,NA,NA,NA,NA,NA,NA,NA,NA,0,0,0,0,NA,NA,NA,NA,NA
"Hermann Fritz","a4231bd1-3955-11ef-8299-2510cc07ea6e",NA,NA,1973,"10/6/1973","71ffb46f-3960-11ef-847c-2906cc9fb6bc","home","TV 1893 Neuhausen","FRISCH AUF! Göppingen",12,19,FALSE,0,NA,NA,0,0,0,NA,0,0,0,0,0,0,NA,NA,NA,NA,NA,NA,NA,NA,0,0,0,0,NA,NA,NA,NA,NA
"Klaus Stoll","a42e01cc-3955-11ef-b661-2510cc07ea6e",NA,NA,1973,"10/6/1973","71ffb46f-3960-11ef-847c-2906cc9fb6bc","home","TV 1893 Neuhausen","FRISCH AUF! Göppingen",12,19,FALSE,0,NA,NA,0,0,0,NA,0,0,0,0,0,0,NA,NA,NA,NA,NA,NA,NA,NA,0,0,0,0,NA,NA,NA,NA,NA
"Julius Lehmann","a448c9e2-3955-11ef-9bf8-2510cc07ea6e",NA,NA,1973,"10/6/1973","71ffb46f-3960-11ef-847c-2906cc9fb6bc","home","TV 1893 Neuhausen","FRISCH AUF! Göppingen",12,19,FALSE,0,NA,NA,0,0,0,NA,0,0,0,0,0,0,NA,NA,NA,NA,NA,NA,NA,NA,0,0,0,0,NA,NA,NA,NA,NA
"Rolf Miller","a4552808-3955-11ef-ac39-2510cc07ea6e",NA,NA,1973,"10/6/1973","71ffb46f-3960-11ef-847c-2906cc9fb6bc","home","TV 1893 Neuhausen","FRISCH AUF! Göppingen",12,19,FALSE,0,NA,NA,0,0,0,NA,0,0,0,0,0,0,NA,NA,NA,NA,NA,NA,NA,NA,0,0,0,0,NA,NA,NA,NA,NA
"Manfred Reusch","a45a1b11-3955-11ef-8135-2510cc07ea6e",NA,NA,1973,"10/6/1973","71ffb46f-3960-11ef-847c-2906cc9fb6bc","home","TV 1893 Neuhausen","FRISCH AUF! Göppingen",12,19,FALSE,1,NA,NA,0,0,0,NA,0,0,0,0,0,0,NA,NA,NA,NA,NA,NA,NA,NA,0,0,0,0,NA,NA,NA,NA,NA
"Wolfgang Ruoff","b21c931a-3955-11ef-96d4-a36230ada079",NA,NA,1973,"10/6/1973","71ffb46f-3960-11ef-847c-2906cc9fb6bc","home","TV 1893 Neuhausen","FRISCH AUF! Göppingen",12,19,FALSE,1,NA,NA,0,0,0,NA,0,0,0,0,0,0,NA,NA,NA,NA,NA,NA,NA,NA,0,0,0,0,NA,NA,NA,NA,NA
"Johann Högl","b2211f04-3955-11ef-a5bd-a36230ada079",NA,NA,1973,"10/6/1973","71ffb46f-3960-11ef-847c-2906cc9fb6bc","home","TV 1893 Neuhausen","FRISCH AUF! Göppingen",12,19,FALSE,2,NA,NA,0,0,0,NA,0,0,0,0,0,0,NA,NA,NA,NA,NA,NA,NA,NA,0,0,0,0,NA,NA,NA,NA,NA
"Martin Streicher","b2277c0b-3955-11ef-b9c1-a36230ada079",NA,NA,1973,"10/6/1973","71ffb46f-3960-11ef-847c-2906cc9fb6bc","home","TV 1893 Neuhausen","FRISCH AUF! Göppingen",12,19,FALSE,1,NA,NA,0,0,0,NA,0,0,0,0,0,0,NA,NA,NA,NA,NA,NA,NA,NA,0,0,0,0,NA,NA,NA,NA,NA
"Kurt Reusch","b22cb722-3955-11ef-b081-a36230ada079",NA,NA,1973,"10/6/1973","71ffb46f-3960-11ef-847c-2906cc9fb6bc","home","TV 1893 Neuhausen","FRISCH AUF! Göppingen",12,19,FALSE,3,NA,NA,0,0,3,NA,0,0,0,0,0,0,NA,NA,NA,NA,NA,NA,NA,NA,0,0,0,0,NA,NA,NA,NA,NA
"Bernd Scheid","c71f654f-3955-11ef-a98f-157c9bc18a5f",NA,NA,1973,"10/6/1973","71ffb46f-3960-11ef-847c-2906cc9fb6bc","home","TV 1893 Neuhausen","FRISCH AUF! Göppingen",12,19,FALSE,0,NA,NA,0,0,0,NA,0,0,0,0,0,0,NA,NA,NA,NA,NA,NA,NA,NA,0,0,0,0,NA,NA,NA,NA,NA
"Klaus Streicher","c728c012-3955-11ef-9cab-157c9bc18a5f",NA,NA,1973,"10/6/1973","71ffb46f-3960-11ef-847c-2906cc9fb6bc","home","TV 1893 Neuhausen","FRISCH AUF! Göppingen",12,19,FALSE,0,NA,NA,0,0,0,NA,0,0,0,0,0,0,NA,NA,NA,NA,NA,NA,NA,NA,0,0,0,0,NA,NA,NA,NA,NA
"Armin Emrich","8cdd3680-3955-11ef-a93e-81dc40648355",NA,NA,1973,"10/6/1973","71ffb46f-3960-11ef-847c-2906cc9fb6bc","away","FRISCH AUF! Göppingen","TV 1893 Neuhausen",19,12,TRUE,2,NA,NA,0,0,0,NA,0,0,0,0,0,0,NA,NA,NA,NA,NA,NA,NA,NA,0,0,0,0,NA,NA,NA,NA,NA
"Peter Bucher","8e0071c9-3955-11ef-8ff8-81dc40648355",NA,NA,1973,"10/6/1973","71ffb46f-3960-11ef-847c-2906cc9fb6bc","away","FRISCH AUF! Göppingen","TV 1893 Neuhausen",19,12,TRUE,3,NA,NA,0,0,3,NA,0,0,0,0,0,0,NA,NA,NA,NA,NA,NA,NA,NA,0,0,0,0,NA,NA,NA,NA,NA
"Hans-Eberhard Finkbeiner","a2f451eb-3955-11ef-99da-2510cc07ea6e",NA,NA,1973,"10/6/1973","71ffb46f-3960-11ef-847c-2906cc9fb6bc","away","FRISCH AUF! Göppingen","TV 1893 Neuhausen",19,12,TRUE,0,NA,NA,0,0,0,NA,0,0,0,0,0,0,NA,NA,NA,NA,NA,NA,NA,NA,0,0,0,0,NA,NA,NA,NA,NA
"Wolfgang Don","a2ff75a5-3955-11ef-a510-2510cc07ea6e",NA,NA,1973,"10/6/1973","71ffb46f-3960-11ef-847c-2906cc9fb6bc","away","FRISCH AUF! Göppingen","TV 1893 Neuhausen",19,12,TRUE,3,NA,NA,0,0,0,NA,0,0,0,0,0,0,NA,NA,NA,NA,NA,NA,NA,NA,0,0,0,0,NA,NA,NA,NA,NA
"Günter Frömming","aedbd140-3955-11ef-a39f-a36230ada079",NA,NA,1973,"10/6/1973","71ffb46f-3960-11ef-847c-2906cc9fb6bc","away","FRISCH AUF! Göppingen","TV 1893 Neuhausen",19,12,TRUE,0,NA,NA,0,0,0,NA,0,0,0,0,0,0,NA,NA,NA,NA,NA,NA,NA,NA,0,0,0,0,NA,NA,NA,NA,NA
"Werner Fischer","af3a0885-3955-11ef-a884-a36230ada079",NA,NA,1973,"10/6/1973","71ffb46f-3960-11ef-847c-2906cc9fb6bc","away","FRISCH AUF! Göppingen","TV 1893 Neuhausen",19,12,TRUE,0,NA,NA,0,0,0,NA,0,0,0,0,0,0,NA,NA,NA,NA,NA,NA,NA,NA,0,0,0,0,NA,NA,NA,NA,NA
"Hans Brodbeck","b1f00cc3-3955-11ef-b4c9-a36230ada079",NA,NA,1973,"10/6/1973","71ffb46f-3960-11ef-847c-2906cc9fb6bc","away","FRISCH AUF! Göppingen","TV 1893 Neuhausen",19,12,TRUE,0,NA,NA,0,0,0,NA,0,0,0,0,0,0,NA,NA,NA,NA,NA,NA,NA,NA,0,0,0,0,NA,NA,NA,NA,NA
"Paul Epple","bc8167af-3955-11ef-8748-ab397f561917",NA,NA,1973,"10/6/1973","71ffb46f-3960-11ef-847c-2906cc9fb6bc","away","FRISCH AUF! Göppingen","TV 1893 Neuhausen",19,12,TRUE,1,NA,NA,0,0,0,NA,0,0,0,0,0,0,NA,NA,NA,NA,NA,NA,NA,NA,0,0,0,0,NA,NA,NA,NA,NA
"Geir Hallsteinsson","c70adb66-3955-11ef-afb7-157c9bc18a5f",NA,NA,1973,"10/6/1973","71ffb46f-3960-11ef-847c-2906cc9fb6bc","away","FRISCH AUF! Göppingen","TV 1893 Neuhausen",19,12,TRUE,7,NA,NA,0,0,0,NA,0,0,0,0,0,0,NA,NA,NA,NA,NA,NA,NA,NA,0,0,0,0,NA,NA,NA,NA,NA
"Werner Arndt","c71116e0-3955-11ef-85d3-157c9bc18a5f",NA,NA,1973,"10/6/1973","71ffb46f-3960-11ef-847c-2906cc9fb6bc","away","FRISCH AUF! Göppingen","TV 1893 Neuhausen",19,12,TRUE,2,NA,NA,0,0,0,NA,0,0,0,0,0,0,NA,NA,NA,NA,NA,NA,NA,NA,0,0,0,0,NA,NA,NA,NA,NA
"Christian Patzer","c715a1de-3955-11ef-bc54-157c9bc18a5f",NA,NA,1973,"10/6/1973","71ffb46f-3960-11ef-847c-2906cc9fb6bc","away","FRISCH AUF! Göppingen","TV 1893 Neuhausen",19,12,TRUE,1,NA,NA,0,0,0,NA,0,0,0,0,0,0,NA,NA,NA,NA,NA,NA,NA,NA,0,0,0,0,NA,NA,NA,NA,NA
"Günter Schweikardt","d3e60b79-3953-11ef-9e8c-e3f2de03a1b7",NA,NA,1973,"10/6/1973","71ffb46f-3960-11ef-847c-2906cc9fb6bc","away","FRISCH AUF! Göppingen","TV 1893 Neuhausen",19,12,TRUE,0,NA,NA,0,0,0,NA,0,0,0,0,0,0,NA,NA,NA,NA,NA,NA,NA,NA,0,0,0,0,NA,NA,NA,NA,NA
"Heiner Brand","44e82d45-3955-11ef-bc71-4fa817cd91bb",NA,NA,1973,"10/7/1973","5b6e2107-3960-11ef-9d09-7b2e16e5ffcd","home","VfL Gummersbach","Polizei SV Hannover",25,10,TRUE,1,NA,NA,0,0,0,NA,0,0,0,0,0,0,NA,NA,NA,NA,NA,NA,NA,NA,0,0,0,0,NA,NA,NA,NA,NA
"Klaus Westebbe","8c58f63a-3955-11ef-b65e-81dc40648355",NA,NA,1973,"10/7/1973","5b6e2107-3960-11ef-9d09-7b2e16e5ffcd","home","VfL Gummersbach","Polizei SV Hannover",25,10,TRUE,3,NA,NA,0,0,0,NA,0,0,0,0,0,0,NA,NA,NA,NA,NA,NA,NA,NA,0,0,0,0,NA,NA,NA,NA,NA
"Klaus Kater","8da1f6ef-3955-11ef-b31a-81dc40648355",NA,NA,1973,"10/7/1973","5b6e2107-3960-11ef-9d09-7b2e16e5ffcd","home","VfL Gummersbach","Polizei SV Hannover",25,10,TRUE,0,NA,NA,0,0,0,NA,0,0,0,0,0,0,NA,NA,NA,NA,NA,NA,NA,NA,0,0,0,0,NA,NA,NA,NA,NA
"Joachim Deckarm","9976945f-3955-11ef-afc4-292be3190b7b",NA,NA,1973,"10/7/1973","5b6e2107-3960-11ef-9d09-7b2e16e5ffcd","home","VfL Gummersbach","Polizei SV Hannover",25,10,TRUE,2,NA,NA,0,0,0,NA,0,0,0,0,0,0,NA,NA,NA,NA,NA,NA,NA,NA,0,0,0,0,NA,NA,NA,NA,NA
"Ralf Hamann","a28aa62f-3955-11ef-9677-2510cc07ea6e",NA,NA,1973,"10/7/1973","5b6e2107-3960-11ef-9d09-7b2e16e5ffcd","home","VfL Gummersbach","Polizei SV Hannover",25,10,TRUE,0,NA,NA,0,0,0,NA,0,0,0,0,0,0,NA,NA,NA,NA,NA,NA,NA,NA,0,0,0,0,NA,NA,NA,NA,NA
"Jochen Feldhoff","a32751a5-3955-11ef-badf-2510cc07ea6e",NA,NA,1973,"10/7/1973","5b6e2107-3960-11ef-9d09-7b2e16e5ffcd","home","VfL Gummersbach","Polizei SV Hannover",25,10,TRUE,4,NA,NA,0,0,0,NA,0,0,0,0,0,0,NA,NA,NA,NA,NA,NA,NA,NA,0,0,0,0,NA,NA,NA,NA,NA
"Werner Lettgen","ae263c3c-3955-11ef-96f7-a36230ada079",NA,NA,1973,"10/7/1973","5b6e2107-3960-11ef-9d09-7b2e16e5ffcd","home","VfL Gummersbach","Polizei SV Hannover",25,10,TRUE,2,NA,NA,0,0,0,NA,0,0,0,0,0,0,NA,NA,NA,NA,NA,NA,NA,NA,0,0,0,0,NA,NA,NA,NA,NA
"Hans-Günther Schmidt","aff5702f-3955-11ef-9878-a36230ada079",NA,NA,1973,"10/7/1973","5b6e2107-3960-11ef-9d09-7b2e16e5ffcd","home","VfL Gummersbach","Polizei SV Hannover",25,10,TRUE,10,NA,NA,0,0,2,NA,0,0,0,0,0,0,NA,NA,NA,NA,NA,NA,NA,NA,0,0,0,0,NA,NA,NA,NA,NA
"Jochen Brand","ba44375c-3955-11ef-a5d6-ab397f561917",NA,NA,1973,"10/7/1973","5b6e2107-3960-11ef-9d09-7b2e16e5ffcd","home","VfL Gummersbach","Polizei SV Hannover",25,10,TRUE,0,NA,NA,0,0,0,NA,0,0,0,0,0,0,NA,NA,NA,NA,NA,NA,NA,NA,0,0,0,0,NA,NA,NA,NA,NA
"Helmut Kosmehl","bc7d7cdd-3955-11ef-a338-ab397f561917",NA,NA,1973,"10/7/1973","5b6e2107-3960-11ef-9d09-7b2e16e5ffcd","home","VfL Gummersbach","Polizei SV Hannover",25,10,TRUE,0,NA,NA,0,0,0,NA,0,0,0,0,0,0,NA,NA,NA,NA,NA,NA,NA,NA,0,0,0,0,NA,NA,NA,NA,NA
"Bruno Zay","bce5dbb8-3955-11ef-ac9b-ab397f561917",NA,NA,1973,"10/7/1973","5b6e2107-3960-11ef-9d09-7b2e16e5ffcd","home","VfL Gummersbach","Polizei SV Hannover",25,10,TRUE,3,NA,NA,0,0,0,NA,0,0,0,0,0,0,NA,NA,NA,NA,NA,NA,NA,NA,0,0,0,0,NA,NA,NA,NA,NA
"Reinhard Wittler","a35063de-3955-11ef-9881-2510cc07ea6e",NA,NA,1973,"10/7/1973","5b6e2107-3960-11ef-9d09-7b2e16e5ffcd","away","Polizei SV Hannover","VfL Gummersbach",10,25,FALSE,0,NA,NA,0,0,0,NA,0,0,0,0,0,0,NA,NA,NA,NA,NA,NA,NA,NA,0,0,0,0,NA,NA,NA,NA,NA
"Edmund Franke","a36ab088-3955-11ef-8296-2510cc07ea6e",NA,NA,1973,"10/7/1973","5b6e2107-3960-11ef-9d09-7b2e16e5ffcd","away","Polizei SV Hannover","VfL Gummersbach",10,25,FALSE,2,NA,NA,0,0,0,NA,0,0,0,0,0,0,NA,NA,NA,NA,NA,NA,NA,NA,0,0,0,0,NA,NA,NA,NA,NA
"Jürgen Kloth","a37512a6-3955-11ef-9d81-2510cc07ea6e",NA,NA,1973,"10/7/1973","5b6e2107-3960-11ef-9d09-7b2e16e5ffcd","away","Polizei SV Hannover","VfL Gummersbach",10,25,FALSE,1,NA,NA,0,0,0,NA,0,0,0,0,0,0,NA,NA,NA,NA,NA,NA,NA,NA,0,0,0,0,NA,NA,NA,NA,NA
"Gerd Haase","bb322e8e-3955-11ef-8a6a-ab397f561917",NA,NA,1973,"10/7/1973","5b6e2107-3960-11ef-9d09-7b2e16e5ffcd","away","Polizei SV Hannover","VfL Gummersbach",10,25,FALSE,1,NA,NA,0,0,1,NA,0,0,0,0,0,0,NA,NA,NA,NA,NA,NA,NA,NA,0,0,0,0,NA,NA,NA,NA,NA
"Hartmut Schnelle","bb3a7260-3955-11ef-99cf-ab397f561917",NA,NA,1973,"10/7/1973","5b6e2107-3960-11ef-9d09-7b2e16e5ffcd","away","Polizei SV Hannover","VfL Gummersbach",10,25,FALSE,0,NA,NA,0,0,0,NA,0,0,0,0,0,0,NA,NA,NA,NA,NA,NA,NA,NA,0,0,0,0,NA,NA,NA,NA,NA
"Hans-Jürgen Deutsch","bb3e76d6-3955-11ef-a5a8-ab397f561917",NA,NA,1973,"10/7/1973","5b6e2107-3960-11ef-9d09-7b2e16e5ffcd","away","Polizei SV Hannover","VfL Gummersbach",10,25,FALSE,2,NA,NA,0,0,0,NA,0,0,0,0,0,0,NA,NA,NA,NA,NA,NA,NA,NA,0,0,0,0,NA,NA,NA,NA,NA
"Dieter Hartung","bb482ed5-3955-11ef-bef1-ab397f561917",NA,NA,1973,"10/7/1973","5b6e2107-3960-11ef-9d09-7b2e16e5ffcd","away","Polizei SV Hannover","VfL Gummersbach",10,25,FALSE,0,NA,NA,0,0,0,NA,0,0,0,0,0,0,NA,NA,NA,NA,NA,NA,NA,NA,0,0,0,0,NA,NA,NA,NA,NA
"Jürgen Fey","bb504d63-3955-11ef-8740-ab397f561917",NA,NA,1973,"10/7/1973","5b6e2107-3960-11ef-9d09-7b2e16e5ffcd","away","Polizei SV Hannover","VfL Gummersbach",10,25,FALSE,1,NA,NA,0,0,0,NA,0,0,0,0,0,0,NA,NA,NA,NA,NA,NA,NA,NA,0,0,0,0,NA,NA,NA,NA,NA
"Klaus Michalke","bb5ee584-3955-11ef-a955-ab397f561917",NA,NA,1973,"10/7/1973","5b6e2107-3960-11ef-9d09-7b2e16e5ffcd","away","Polizei SV Hannover","VfL Gummersbach",10,25,FALSE,1,NA,NA,0,0,0,NA,0,0,0,0,0,0,NA,NA,NA,NA,NA,NA,NA,NA,0,0,0,0,NA,NA,NA,NA,NA
"Siegfried Hacke","bda8ac11-3955-11ef-8226-ab397f561917",NA,NA,1973,"10/7/1973","5b6e2107-3960-11ef-9d09-7b2e16e5ffcd","away","Polizei SV Hannover","VfL Gummersbach",10,25,FALSE,2,NA,NA,0,0,0,NA,0,0,0,0,0,0,NA,NA,NA,NA,NA,NA,NA,NA,0,0,0,0,NA,NA,NA,NA,NA
"Klaus Stepper","bdad2915-3955-11ef-bde1-ab397f561917",NA,NA,1973,"10/7/1973","5b6e2107-3960-11ef-9d09-7b2e16e5ffcd","away","Polizei SV Hannover","VfL Gummersbach",10,25,FALSE,0,NA,NA,0,0,0,NA,0,0,0,0,0,0,NA,NA,NA,NA,NA,NA,NA,NA,0,0,0,0,NA,NA,NA,NA,NA
"Ulrich Eikermann","73a211c9-3955-11ef-8f8f-51fdf2a82730",NA,NA,1973,"10/7/1973","5d8ceedc-3960-11ef-af13-7b2e16e5ffcd","home","SC Phönix Essen 1920","Hamburger SV",15,14,TRUE,1,NA,NA,0,0,0,NA,0,0,0,0,0,0,NA,NA,NA,NA,NA,NA,NA,NA,0,0,0,0,NA,NA,NA,NA,NA
"Horst Weise","8df6e46b-3955-11ef-9ec8-81dc40648355",NA,NA,1973,"10/7/1973","5d8ceedc-3960-11ef-af13-7b2e16e5ffcd","home","SC Phönix Essen 1920","Hamburger SV",15,14,TRUE,4,NA,NA,0,0,0,NA,0,0,0,0,0,0,NA,NA,NA,NA,NA,NA,NA,NA,0,0,0,0,NA,NA,NA,NA,NA
"Heinz Oberscheidt","a5ae94f2-3955-11ef-91fc-2510cc07ea6e",NA,NA,1973,"10/7/1973","5d8ceedc-3960-11ef-af13-7b2e16e5ffcd","home","SC Phönix Essen 1920","Hamburger SV",15,14,TRUE,4,NA,NA,0,0,1,NA,0,0,0,0,0,0,NA,NA,NA,NA,NA,NA,NA,NA,0,0,0,0,NA,NA,NA,NA,NA
"Werner Jeckstedt","a5bb8d23-3955-11ef-8362-2510cc07ea6e",NA,NA,1973,"10/7/1973","5d8ceedc-3960-11ef-af13-7b2e16e5ffcd","home","SC Phönix Essen 1920","Hamburger SV",15,14,TRUE,0,NA,NA,0,0,0,NA,0,0,0,0,0,0,NA,NA,NA,NA,NA,NA,NA,NA,0,0,0,0,NA,NA,NA,NA,NA
"Ingo Callies","b0b0659b-3955-11ef-87aa-a36230ada079",NA,NA,1973,"10/7/1973","5d8ceedc-3960-11ef-af13-7b2e16e5ffcd","home","SC Phönix Essen 1920","Hamburger SV",15,14,TRUE,1,NA,NA,0,0,0,NA,0,0,0,0,0,0,NA,NA,NA,NA,NA,NA,NA,NA,0,0,0,0,NA,NA,NA,NA,NA
"Bernd Tolksdorf","bae02284-3955-11ef-b577-ab397f561917",NA,NA,1973,"10/7/1973","5d8ceedc-3960-11ef-af13-7b2e16e5ffcd","home","SC Phönix Essen 1920","Hamburger SV",15,14,TRUE,3,NA,NA,0,0,0,NA,0,0,0,0,0,0,NA,NA,NA,NA,NA,NA,NA,NA,0,0,0,0,NA,NA,NA,NA,NA
"Klaus Kirschner","bae43a44-3955-11ef-ae7c-ab397f561917",NA,NA,1973,"10/7/1973","5d8ceedc-3960-11ef-af13-7b2e16e5ffcd","home","SC Phönix Essen 1920","Hamburger SV",15,14,TRUE,0,NA,NA,0,0,0,NA,0,0,0,0,0,0,NA,NA,NA,NA,NA,NA,NA,NA,0,0,0,0,NA,NA,NA,NA,NA
"Thomas Paap","bd3c2a13-3955-11ef-8b3c-ab397f561917",NA,NA,1973,"10/7/1973","5d8ceedc-3960-11ef-af13-7b2e16e5ffcd","home","SC Phönix Essen 1920","Hamburger SV",15,14,TRUE,0,NA,NA,0,0,0,NA,0,0,0,0,0,0,NA,NA,NA,NA,NA,NA,NA,NA,0,0,0,0,NA,NA,NA,NA,NA
"Manfred Schaper","bd401c7e-3955-11ef-8d67-ab397f561917",NA,NA,1973,"10/7/1973","5d8ceedc-3960-11ef-af13-7b2e16e5ffcd","home","SC Phönix Essen 1920","Hamburger SV",15,14,TRUE,0,NA,NA,0,0,0,NA,0,0,0,0,0,0,NA,NA,NA,NA,NA,NA,NA,NA,0,0,0,0,NA,NA,NA,NA,NA
"Norbert Kroker","bd441662-3955-11ef-b771-ab397f561917",NA,NA,1973,"10/7/1973","5d8ceedc-3960-11ef-af13-7b2e16e5ffcd","home","SC Phönix Essen 1920","Hamburger SV",15,14,TRUE,0,NA,NA,0,0,0,NA,0,0,0,0,0,0,NA,NA,NA,NA,NA,NA,NA,NA,0,0,0,0,NA,NA,NA,NA,NA
"Manfred Wolf","bd4f3381-3955-11ef-904e-ab397f561917",NA,NA,1973,"10/7/1973","5d8ceedc-3960-11ef-af13-7b2e16e5ffcd","home","SC Phönix Essen 1920","Hamburger SV",15,14,TRUE,2,NA,NA,0,0,2,NA,0,0,0,0,0,0,NA,NA,NA,NA,NA,NA,NA,NA,0,0,0,0,NA,NA,NA,NA,NA
"Rainer Hill","bd56ea43-3955-11ef-a0dc-ab397f561917",NA,NA,1973,"10/7/1973","5d8ceedc-3960-11ef-af13-7b2e16e5ffcd","home","SC Phönix Essen 1920","Hamburger SV",15,14,TRUE,0,NA,NA,0,0,0,NA,0,0,0,0,0,0,NA,NA,NA,NA,NA,NA,NA,NA,0,0,0,0,NA,NA,NA,NA,NA
"Peter Pickel","8c973b42-3955-11ef-8c71-81dc40648355",NA,NA,1973,"10/7/1973","5d8ceedc-3960-11ef-af13-7b2e16e5ffcd","away","Hamburger SV","SC Phönix Essen 1920",14,15,FALSE,7,NA,NA,0,0,1,NA,0,0,0,0,0,0,NA,NA,NA,NA,NA,NA,NA,NA,0,0,0,0,NA,NA,NA,NA,NA
"Hans-Jürgen Bode","b011e6da-3955-11ef-8205-a36230ada079",NA,NA,1973,"10/7/1973","5d8ceedc-3960-11ef-af13-7b2e16e5ffcd","away","Hamburger SV","SC Phönix Essen 1920",14,15,FALSE,0,NA,NA,0,0,0,NA,0,0,0,0,0,0,NA,NA,NA,NA,NA,NA,NA,NA,0,0,0,0,NA,NA,NA,NA,NA
"Rainer Witt","b02adaad-3955-11ef-b8c4-a36230ada079",NA,NA,1973,"10/7/1973","5d8ceedc-3960-11ef-af13-7b2e16e5ffcd","away","Hamburger SV","SC Phönix Essen 1920",14,15,FALSE,0,NA,NA,0,0,0,NA,0,0,0,0,0,0,NA,NA,NA,NA,NA,NA,NA,NA,0,0,0,0,NA,NA,NA,NA,NA
"Jens Ivers","b02f4aea-3955-11ef-801e-a36230ada079",NA,NA,1973,"10/7/1973","5d8ceedc-3960-11ef-af13-7b2e16e5ffcd","away","Hamburger SV","SC Phönix Essen 1920",14,15,FALSE,2,NA,NA,0,0,0,NA,0,0,0,0,0,0,NA,NA,NA,NA,NA,NA,NA,NA,0,0,0,0,NA,NA,NA,NA,NA
"Hans-Joachim Beißel","b0341bcb-3955-11ef-9e08-a36230ada079",NA,NA,1973,"10/7/1973","5d8ceedc-3960-11ef-af13-7b2e16e5ffcd","away","Hamburger SV","SC Phönix Essen 1920",14,15,FALSE,2,NA,NA,0,0,0,NA,0,0,0,0,0,0,NA,NA,NA,NA,NA,NA,NA,NA,0,0,0,0,NA,NA,NA,NA,NA
"Klaus Porepp","b0396b18-3955-11ef-b5cf-a36230ada079",NA,NA,1973,"10/7/1973","5d8ceedc-3960-11ef-af13-7b2e16e5ffcd","away","Hamburger SV","SC Phönix Essen 1920",14,15,FALSE,0,NA,NA,0,0,0,NA,0,0,0,0,0,0,NA,NA,NA,NA,NA,NA,NA,NA,0,0,0,0,NA,NA,NA,NA,NA
"Norbert Germer","b03f8101-3955-11ef-8945-a36230ada079",NA,NA,1973,"10/7/1973","5d8ceedc-3960-11ef-af13-7b2e16e5ffcd","away","Hamburger SV","SC Phönix Essen 1920",14,15,FALSE,2,NA,NA,0,0,0,NA,0,0,0,0,0,0,NA,NA,NA,NA,NA,NA,NA,NA,0,0,0,0,NA,NA,NA,NA,NA
"Uwe Tesloff","b049ae56-3955-11ef-a5f7-a36230ada079",NA,NA,1973,"10/7/1973","5d8ceedc-3960-11ef-af13-7b2e16e5ffcd","away","Hamburger SV","SC Phönix Essen 1920",14,15,FALSE,0,NA,NA,0,0,0,NA,0,0,0,0,0,0,NA,NA,NA,NA,NA,NA,NA,NA,0,0,0,0,NA,NA,NA,NA,NA
"Hartwig Reich","ba6cb3c8-3955-11ef-9f64-ab397f561917",NA,NA,1973,"10/7/1973","5d8ceedc-3960-11ef-af13-7b2e16e5ffcd","away","Hamburger SV","SC Phönix Essen 1920",14,15,FALSE,0,NA,NA,0,0,0,NA,0,0,0,0,0,0,NA,NA,NA,NA,NA,NA,NA,NA,0,0,0,0,NA,NA,NA,NA,NA
"Michael Taubert","ba7ad888-3955-11ef-9650-ab397f561917",NA,NA,1973,"10/7/1973","5d8ceedc-3960-11ef-af13-7b2e16e5ffcd","away","Hamburger SV","SC Phönix Essen 1920",14,15,FALSE,0,NA,NA,0,0,0,NA,0,0,0,0,0,0,NA,NA,NA,NA,NA,NA,NA,NA,0,0,0,0,NA,NA,NA,NA,NA
"Dieter Wolf","bd04bea6-3955-11ef-abe3-ab397f561917",NA,NA,1973,"10/7/1973","5d8ceedc-3960-11ef-af13-7b2e16e5ffcd","away","Hamburger SV","SC Phönix Essen 1920",14,15,FALSE,0,NA,NA,0,0,0,NA,0,0,0,0,0,0,NA,NA,NA,NA,NA,NA,NA,NA,0,0,0,0,NA,NA,NA,NA,NA
"Karsten Sick","bd16289b-3955-11ef-9343-ab397f561917",NA,NA,1973,"10/7/1973","5d8ceedc-3960-11ef-af13-7b2e16e5ffcd","away","Hamburger SV","SC Phönix Essen 1920",14,15,FALSE,1,NA,NA,0,0,0,NA,0,0,0,0,0,0,NA,NA,NA,NA,NA,NA,NA,NA,0,0,0,0,NA,NA,NA,NA,NA
"Heinz-Theo Kaus","8086fdf9-3955-11ef-938f-b908c60af10a",NA,NA,1973,"10/7/1973","6a29b4ff-3960-11ef-a471-2906cc9fb6bc","home","SG Dietzenbach","TSV 1896 Rintheim",18,21,FALSE,0,NA,NA,0,0,0,NA,0,0,0,0,0,0,NA,NA,NA,NA,NA,NA,NA,NA,0,0,0,0,NA,NA,NA,NA,NA
"Heinz-Walter Behne","8be65881-3955-11ef-8872-81dc40648355",NA,NA,1973,"10/7/1973","6a29b4ff-3960-11ef-a471-2906cc9fb6bc","home","SG Dietzenbach","TSV 1896 Rintheim",18,21,FALSE,1,NA,NA,0,0,0,NA,0,0,0,0,0,0,NA,NA,NA,NA,NA,NA,NA,NA,0,0,0,0,NA,NA,NA,NA,NA
"Herbert Wehnert","96e104db-3955-11ef-b58d-292be3190b7b",NA,NA,1973,"10/7/1973","6a29b4ff-3960-11ef-a471-2906cc9fb6bc","home","SG Dietzenbach","TSV 1896 Rintheim",18,21,FALSE,11,NA,NA,0,0,0,NA,0,0,0,0,0,0,NA,NA,NA,NA,NA,NA,NA,NA,0,0,0,0,NA,NA,NA,NA,NA
"Wolfgang Hammerl","a2e26d5b-3955-11ef-8fa5-2510cc07ea6e",NA,NA,1973,"10/7/1973","6a29b4ff-3960-11ef-a471-2906cc9fb6bc","home","SG Dietzenbach","TSV 1896 Rintheim",18,21,FALSE,0,NA,NA,0,0,0,NA,0,0,0,0,0,0,NA,NA,NA,NA,NA,NA,NA,NA,0,0,0,0,NA,NA,NA,NA,NA
"Heinrich Baum","af2c6c48-3955-11ef-964a-a36230ada079",NA,NA,1973,"10/7/1973","6a29b4ff-3960-11ef-a471-2906cc9fb6bc","home","SG Dietzenbach","TSV 1896 Rintheim",18,21,FALSE,0,NA,NA,0,0,0,NA,0,0,0,0,0,0,NA,NA,NA,NA,NA,NA,NA,NA,0,0,0,0,NA,NA,NA,NA,NA
"Klaus Rettig","b1d1aa4c-3955-11ef-baf9-a36230ada079",NA,NA,1973,"10/7/1973","6a29b4ff-3960-11ef-a471-2906cc9fb6bc","home","SG Dietzenbach","TSV 1896 Rintheim",18,21,FALSE,2,NA,NA,0,0,0,NA,0,0,0,0,0,0,NA,NA,NA,NA,NA,NA,NA,NA,0,0,0,0,NA,NA,NA,NA,NA
"Reinhold Frankenberger","be1b198f-3955-11ef-af2d-ab397f561917",NA,NA,1973,"10/7/1973","6a29b4ff-3960-11ef-a471-2906cc9fb6bc","home","SG Dietzenbach","TSV 1896 Rintheim",18,21,FALSE,0,NA,NA,0,0,0,NA,0,0,0,0,0,0,NA,NA,NA,NA,NA,NA,NA,NA,0,0,0,0,NA,NA,NA,NA,NA
"Herbert Striebel","c682be45-3955-11ef-8eab-157c9bc18a5f",NA,NA,1973,"10/7/1973","6a29b4ff-3960-11ef-a471-2906cc9fb6bc","home","SG Dietzenbach","TSV 1896 Rintheim",18,21,FALSE,0,NA,NA,0,0,0,NA,0,0,0,0,0,0,NA,NA,NA,NA,NA,NA,NA,NA,0,0,0,0,NA,NA,NA,NA,NA
"Werner Kiefer","c68d071f-3955-11ef-b625-157c9bc18a5f",NA,NA,1973,"10/7/1973","6a29b4ff-3960-11ef-a471-2906cc9fb6bc","home","SG Dietzenbach","TSV 1896 Rintheim",18,21,FALSE,0,NA,NA,0,0,0,NA,0,0,0,0,0,0,NA,NA,NA,NA,NA,NA,NA,NA,0,0,0,0,NA,NA,NA,NA,NA
"Norbert Kern","c6961a09-3955-11ef-8bcc-157c9bc18a5f",NA,NA,1973,"10/7/1973","6a29b4ff-3960-11ef-a471-2906cc9fb6bc","home","SG Dietzenbach","TSV 1896 Rintheim",18,21,FALSE,2,NA,NA,0,0,1,NA,0,0,0,0,0,0,NA,NA,NA,NA,NA,NA,NA,NA,0,0,0,0,NA,NA,NA,NA,NA
"Wolfgang Pelzer","c69f3508-3955-11ef-89d5-157c9bc18a5f",NA,NA,1973,"10/7/1973","6a29b4ff-3960-11ef-a471-2906cc9fb6bc","home","SG Dietzenbach","TSV 1896 Rintheim",18,21,FALSE,2,NA,NA,0,0,0,NA,0,0,0,0,0,0,NA,NA,NA,NA,NA,NA,NA,NA,0,0,0,0,NA,NA,NA,NA,NA
"Günther Kießling","c6aad65a-3955-11ef-87fb-157c9bc18a5f",NA,NA,1973,"10/7/1973","6a29b4ff-3960-11ef-a471-2906cc9fb6bc","home","SG Dietzenbach","TSV 1896 Rintheim",18,21,FALSE,0,NA,NA,0,0,0,NA,0,0,0,0,0,0,NA,NA,NA,NA,NA,NA,NA,NA,0,0,0,0,NA,NA,NA,NA,NA
"Manfred Schulz","8bc2b5ea-3955-11ef-8d03-81dc40648355",NA,NA,1973,"10/7/1973","6a29b4ff-3960-11ef-a471-2906cc9fb6bc","away","TSV 1896 Rintheim","SG Dietzenbach",21,18,TRUE,0,NA,NA,0,0,0,NA,0,0,0,0,0,0,NA,NA,NA,NA,NA,NA,NA,NA,0,0,0,0,NA,NA,NA,NA,NA
"Franz Bechler","98035d7e-3955-11ef-8b94-292be3190b7b",NA,NA,1973,"10/7/1973","6a29b4ff-3960-11ef-a471-2906cc9fb6bc","away","TSV 1896 Rintheim","SG Dietzenbach",21,18,TRUE,5,NA,NA,0,0,0,NA,0,0,0,0,0,0,NA,NA,NA,NA,NA,NA,NA,NA,0,0,0,0,NA,NA,NA,NA,NA
"Max Müller","99453a6b-3955-11ef-84c2-292be3190b7b",NA,NA,1973,"10/7/1973","6a29b4ff-3960-11ef-a471-2906cc9fb6bc","away","TSV 1896 Rintheim","SG Dietzenbach",21,18,TRUE,6,NA,NA,0,0,2,NA,0,0,0,0,0,0,NA,NA,NA,NA,NA,NA,NA,NA,0,0,0,0,NA,NA,NA,NA,NA
"Wilfried Job","af3ed007-3955-11ef-9184-a36230ada079",NA,NA,1973,"10/7/1973","6a29b4ff-3960-11ef-a471-2906cc9fb6bc","away","TSV 1896 Rintheim","SG Dietzenbach",21,18,TRUE,4,NA,NA,0,0,0,NA,0,0,0,0,0,0,NA,NA,NA,NA,NA,NA,NA,NA,0,0,0,0,NA,NA,NA,NA,NA
"Claus Erles","af42e492-3955-11ef-a26e-a36230ada079",NA,NA,1973,"10/7/1973","6a29b4ff-3960-11ef-a471-2906cc9fb6bc","away","TSV 1896 Rintheim","SG Dietzenbach",21,18,TRUE,0,NA,NA,0,0,0,NA,0,0,0,0,0,0,NA,NA,NA,NA,NA,NA,NA,NA,0,0,0,0,NA,NA,NA,NA,NA
"Bernd Seibel","bc6670d9-3955-11ef-b849-ab397f561917",NA,NA,1973,"10/7/1973","6a29b4ff-3960-11ef-a471-2906cc9fb6bc","away","TSV 1896 Rintheim","SG Dietzenbach",21,18,TRUE,3,NA,NA,0,0,0,NA,0,0,0,0,0,0,NA,NA,NA,NA,NA,NA,NA,NA,0,0,0,0,NA,NA,NA,NA,NA
"Wolfgang Dillenberger","bc6a40c8-3955-11ef-8c9f-ab397f561917",NA,NA,1973,"10/7/1973","6a29b4ff-3960-11ef-a471-2906cc9fb6bc","away","TSV 1896 Rintheim","SG Dietzenbach",21,18,TRUE,3,NA,NA,0,0,0,NA,0,0,0,0,0,0,NA,NA,NA,NA,NA,NA,NA,NA,0,0,0,0,NA,NA,NA,NA,NA
"Max Ullrich","c6e110c6-3955-11ef-83e4-157c9bc18a5f",NA,NA,1973,"10/7/1973","6a29b4ff-3960-11ef-a471-2906cc9fb6bc","away","TSV 1896 Rintheim","SG Dietzenbach",21,18,TRUE,0,NA,NA,0,0,0,NA,0,0,0,0,0,0,NA,NA,NA,NA,NA,NA,NA,NA,0,0,0,0,NA,NA,NA,NA,NA
"Heiner Dahm","c6e59e4f-3955-11ef-b407-157c9bc18a5f",NA,NA,1973,"10/7/1973","6a29b4ff-3960-11ef-a471-2906cc9fb6bc","away","TSV 1896 Rintheim","SG Dietzenbach",21,18,TRUE,0,NA,NA,0,0,0,NA,0,0,0,0,0,0,NA,NA,NA,NA,NA,NA,NA,NA,0,0,0,0,NA,NA,NA,NA,NA
"Richard Baumer","c6e9de45-3955-11ef-b5bf-157c9bc18a5f",NA,NA,1973,"10/7/1973","6a29b4ff-3960-11ef-a471-2906cc9fb6bc","away","TSV 1896 Rintheim","SG Dietzenbach",21,18,TRUE,0,NA,NA,0,0,0,NA,0,0,0,0,0,0,NA,NA,NA,NA,NA,NA,NA,NA,0,0,0,0,NA,NA,NA,NA,NA
"Norbert Fraundorff","c6ee0a91-3955-11ef-aabd-157c9bc18a5f",NA,NA,1973,"10/7/1973","6a29b4ff-3960-11ef-a471-2906cc9fb6bc","away","TSV 1896 Rintheim","SG Dietzenbach",21,18,TRUE,0,NA,NA,0,0,0,NA,0,0,0,0,0,0,NA,NA,NA,NA,NA,NA,NA,NA,0,0,0,0,NA,NA,NA,NA,NA
"Roland Kühnle","c6f228fe-3955-11ef-a362-157c9bc18a5f",NA,NA,1973,"10/7/1973","6a29b4ff-3960-11ef-a471-2906cc9fb6bc","away","TSV 1896 Rintheim","SG Dietzenbach",21,18,TRUE,0,NA,NA,0,0,0,NA,0,0,0,0,0,0,NA,NA,NA,NA,NA,NA,NA,NA,0,0,0,0,NA,NA,NA,NA,NA
"Horst Rampp","8c760463-3955-11ef-b11d-81dc40648355",NA,NA,1973,"10/13/1973","5b7d8d04-3960-11ef-9b2c-7b2e16e5ffcd","home","Füchse Berlin","VfL Gummersbach",10,14,FALSE,0,NA,NA,0,0,0,NA,0,0,0,0,0,0,NA,NA,NA,NA,NA,NA,NA,NA,0,0,0,0,NA,NA,NA,NA,NA
"Hartmut Alsen","a5dc4676-3955-11ef-ac19-2510cc07ea6e",NA,NA,1973,"10/13/1973","5b7d8d04-3960-11ef-9b2c-7b2e16e5ffcd","home","Füchse Berlin","VfL Gummersbach",10,14,FALSE,0,NA,NA,0,0,0,NA,0,0,0,0,0,0,NA,NA,NA,NA,NA,NA,NA,NA,0,0,0,0,NA,NA,NA,NA,NA
"Diethard Finkelmann","a60bdcf9-3955-11ef-bfa1-2510cc07ea6e",NA,NA,1973,"10/13/1973","5b7d8d04-3960-11ef-9b2c-7b2e16e5ffcd","home","Füchse Berlin","VfL Gummersbach",10,14,FALSE,1,NA,NA,0,0,0,NA,0,0,0,0,0,0,NA,NA,NA,NA,NA,NA,NA,NA,0,0,0,0,NA,NA,NA,NA,NA
"Detlef Finkelmann","b1a8f927-3955-11ef-a009-a36230ada079",NA,NA,1973,"10/13/1973","5b7d8d04-3960-11ef-9b2c-7b2e16e5ffcd","home","Füchse Berlin","VfL Gummersbach",10,14,FALSE,4,NA,NA,0,0,2,NA,0,0,0,0,0,0,NA,NA,NA,NA,NA,NA,NA,NA,0,0,0,0,NA,NA,NA,NA,NA
"Bernd Goerigk","b1b21b0c-3955-11ef-a303-a36230ada079",NA,NA,1973,"10/13/1973","5b7d8d04-3960-11ef-9b2c-7b2e16e5ffcd","home","Füchse Berlin","VfL Gummersbach",10,14,FALSE,0,NA,NA,0,0,0,NA,0,0,0,0,0,0,NA,NA,NA,NA,NA,NA,NA,NA,0,0,0,0,NA,NA,NA,NA,NA
"Lutz Loewke","b1b73b08-3955-11ef-b76a-a36230ada079",NA,NA,1973,"10/13/1973","5b7d8d04-3960-11ef-9b2c-7b2e16e5ffcd","home","Füchse Berlin","VfL Gummersbach",10,14,FALSE,4,NA,NA,0,0,2,NA,0,0,0,0,0,0,NA,NA,NA,NA,NA,NA,NA,NA,0,0,0,0,NA,NA,NA,NA,NA
"Werner Reinke","b1bc1a3c-3955-11ef-8a0a-a36230ada079",NA,NA,1973,"10/13/1973","5b7d8d04-3960-11ef-9b2c-7b2e16e5ffcd","home","Füchse Berlin","VfL Gummersbach",10,14,FALSE,0,NA,NA,0,0,0,NA,0,0,0,0,0,0,NA,NA,NA,NA,NA,NA,NA,NA,0,0,0,0,NA,NA,NA,NA,NA
"Sigmar Artelt","bdbc9392-3955-11ef-a3be-ab397f561917",NA,NA,1973,"10/13/1973","5b7d8d04-3960-11ef-9b2c-7b2e16e5ffcd","home","Füchse Berlin","VfL Gummersbach",10,14,FALSE,0,NA,NA,0,0,0,NA,0,0,0,0,0,0,NA,NA,NA,NA,NA,NA,NA,NA,0,0,0,0,NA,NA,NA,NA,NA
"Detlef Fischer","bdc0cf9c-3955-11ef-a866-ab397f561917",NA,NA,1973,"10/13/1973","5b7d8d04-3960-11ef-9b2c-7b2e16e5ffcd","home","Füchse Berlin","VfL Gummersbach",10,14,FALSE,0,NA,NA,0,0,0,NA,0,0,0,0,0,0,NA,NA,NA,NA,NA,NA,NA,NA,0,0,0,0,NA,NA,NA,NA,NA
"Henry Johannes","bdc98fce-3955-11ef-9f6e-ab397f561917",NA,NA,1973,"10/13/1973","5b7d8d04-3960-11ef-9b2c-7b2e16e5ffcd","home","Füchse Berlin","VfL Gummersbach",10,14,FALSE,0,NA,NA,0,0,0,NA,0,0,0,0,0,0,NA,NA,NA,NA,NA,NA,NA,NA,0,0,0,0,NA,NA,NA,NA,NA
"Horst Waisznor","bdce772f-3955-11ef-a781-ab397f561917",NA,NA,1973,"10/13/1973","5b7d8d04-3960-11ef-9b2c-7b2e16e5ffcd","home","Füchse Berlin","VfL Gummersbach",10,14,FALSE,1,NA,NA,0,0,0,NA,0,0,0,0,0,0,NA,NA,NA,NA,NA,NA,NA,NA,0,0,0,0,NA,NA,NA,NA,NA
"Heiner Brand","44e82d45-3955-11ef-bc71-4fa817cd91bb",NA,NA,1973,"10/13/1973","5b7d8d04-3960-11ef-9b2c-7b2e16e5ffcd","away","VfL Gummersbach","Füchse Berlin",14,10,TRUE,0,NA,NA,0,0,0,NA,0,0,0,0,0,0,NA,NA,NA,NA,NA,NA,NA,NA,0,0,0,0,NA,NA,NA,NA,NA
"Klaus Westebbe","8c58f63a-3955-11ef-b65e-81dc40648355",NA,NA,1973,"10/13/1973","5b7d8d04-3960-11ef-9b2c-7b2e16e5ffcd","away","VfL Gummersbach","Füchse Berlin",14,10,TRUE,2,NA,NA,0,0,0,NA,0,0,0,0,0,0,NA,NA,NA,NA,NA,NA,NA,NA,0,0,0,0,NA,NA,NA,NA,NA
"Klaus Kater","8da1f6ef-3955-11ef-b31a-81dc40648355",NA,NA,1973,"10/13/1973","5b7d8d04-3960-11ef-9b2c-7b2e16e5ffcd","away","VfL Gummersbach","Füchse Berlin",14,10,TRUE,0,NA,NA,0,0,0,NA,0,0,0,0,0,0,NA,NA,NA,NA,NA,NA,NA,NA,0,0,0,0,NA,NA,NA,NA,NA
"Klaus Schlagheck","97a06613-3955-11ef-8056-292be3190b7b",NA,NA,1973,"10/13/1973","5b7d8d04-3960-11ef-9b2c-7b2e16e5ffcd","away","VfL Gummersbach","Füchse Berlin",14,10,TRUE,2,NA,NA,0,0,0,NA,0,0,0,0,0,0,NA,NA,NA,NA,NA,NA,NA,NA,0,0,0,0,NA,NA,NA,NA,NA
"Joachim Deckarm","9976945f-3955-11ef-afc4-292be3190b7b",NA,NA,1973,"10/13/1973","5b7d8d04-3960-11ef-9b2c-7b2e16e5ffcd","away","VfL Gummersbach","Füchse Berlin",14,10,TRUE,0,NA,NA,0,0,0,NA,0,0,0,0,0,0,NA,NA,NA,NA,NA,NA,NA,NA,0,0,0,0,NA,NA,NA,NA,NA
"Achim Henseler","a182e874-3955-11ef-95ce-2510cc07ea6e",NA,NA,1973,"10/13/1973","5b7d8d04-3960-11ef-9b2c-7b2e16e5ffcd","away","VfL Gummersbach","Füchse Berlin",14,10,TRUE,1,NA,NA,0,0,0,NA,0,0,0,0,0,0,NA,NA,NA,NA,NA,NA,NA,NA,0,0,0,0,NA,NA,NA,NA,NA
"Jochen Feldhoff","a32751a5-3955-11ef-badf-2510cc07ea6e",NA,NA,1973,"10/13/1973","5b7d8d04-3960-11ef-9b2c-7b2e16e5ffcd","away","VfL Gummersbach","Füchse Berlin",14,10,TRUE,2,NA,NA,0,0,0,NA,0,0,0,0,0,0,NA,NA,NA,NA,NA,NA,NA,NA,0,0,0,0,NA,NA,NA,NA,NA
"Werner Lettgen","ae263c3c-3955-11ef-96f7-a36230ada079",NA,NA,1973,"10/13/1973","5b7d8d04-3960-11ef-9b2c-7b2e16e5ffcd","away","VfL Gummersbach","Füchse Berlin",14,10,TRUE,1,NA,NA,0,0,0,NA,0,0,0,0,0,0,NA,NA,NA,NA,NA,NA,NA,NA,0,0,0,0,NA,NA,NA,NA,NA
"Hans-Günther Schmidt","aff5702f-3955-11ef-9878-a36230ada079",NA,NA,1973,"10/13/1973","5b7d8d04-3960-11ef-9b2c-7b2e16e5ffcd","away","VfL Gummersbach","Füchse Berlin",14,10,TRUE,5,NA,NA,0,0,2,NA,0,0,0,0,0,0,NA,NA,NA,NA,NA,NA,NA,NA,0,0,0,0,NA,NA,NA,NA,NA
"Helmut Kosmehl","bc7d7cdd-3955-11ef-a338-ab397f561917",NA,NA,1973,"10/13/1973","5b7d8d04-3960-11ef-9b2c-7b2e16e5ffcd","away","VfL Gummersbach","Füchse Berlin",14,10,TRUE,1,NA,NA,0,0,0,NA,0,0,0,0,0,0,NA,NA,NA,NA,NA,NA,NA,NA,0,0,0,0,NA,NA,NA,NA,NA
"Bruno Zay","bce5dbb8-3955-11ef-ac9b-ab397f561917",NA,NA,1973,"10/13/1973","5b7d8d04-3960-11ef-9b2c-7b2e16e5ffcd","away","VfL Gummersbach","Füchse Berlin",14,10,TRUE,0,NA,NA,0,0,0,NA,0,0,0,0,0,0,NA,NA,NA,NA,NA,NA,NA,NA,0,0,0,0,NA,NA,NA,NA,NA
"Harald Lüth","a552c518-3955-11ef-8a68-2510cc07ea6e",NA,NA,1973,"10/13/1973","648c8a28-3960-11ef-8461-2906cc9fb6bc","home","VfL Lübeck-Schwartau","TuS 05 Wellinghofen",22,16,TRUE,0,NA,NA,0,0,0,NA,0,0,0,0,0,0,NA,NA,NA,NA,NA,NA,NA,NA,0,0,0,0,NA,NA,NA,NA,NA
"Michael Dogs","b0cecb4a-3955-11ef-b665-a36230ada079",NA,NA,1973,"10/13/1973","648c8a28-3960-11ef-8461-2906cc9fb6bc","home","VfL Lübeck-Schwartau","TuS 05 Wellinghofen",22,16,TRUE,0,NA,NA,0,0,0,NA,0,0,0,0,0,0,NA,NA,NA,NA,NA,NA,NA,NA,0,0,0,0,NA,NA,NA,NA,NA
"Ulrich Kleinstoll","b0f37438-3955-11ef-84e6-a36230ada079",NA,NA,1973,"10/13/1973","648c8a28-3960-11ef-8461-2906cc9fb6bc","home","VfL Lübeck-Schwartau","TuS 05 Wellinghofen",22,16,TRUE,1,NA,NA,0,0,0,NA,0,0,0,0,0,0,NA,NA,NA,NA,NA,NA,NA,NA,0,0,0,0,NA,NA,NA,NA,NA
"Thomas Kluth","b0f877c0-3955-11ef-a314-a36230ada079",NA,NA,1973,"10/13/1973","648c8a28-3960-11ef-8461-2906cc9fb6bc","home","VfL Lübeck-Schwartau","TuS 05 Wellinghofen",22,16,TRUE,0,NA,NA,0,0,0,NA,0,0,0,0,0,0,NA,NA,NA,NA,NA,NA,NA,NA,0,0,0,0,NA,NA,NA,NA,NA
"Hans-Martin Müller-Wolf","b1020054-3955-11ef-8e79-a36230ada079",NA,NA,1973,"10/13/1973","648c8a28-3960-11ef-8461-2906cc9fb6bc","home","VfL Lübeck-Schwartau","TuS 05 Wellinghofen",22,16,TRUE,2,NA,NA,0,0,0,NA,0,0,0,0,0,0,NA,NA,NA,NA,NA,NA,NA,NA,0,0,0,0,NA,NA,NA,NA,NA
"Siegfried Berg","b10d3ec3-3955-11ef-8a30-a36230ada079",NA,NA,1973,"10/13/1973","648c8a28-3960-11ef-8461-2906cc9fb6bc","home","VfL Lübeck-Schwartau","TuS 05 Wellinghofen",22,16,TRUE,5,NA,NA,0,0,2,NA,0,0,0,0,0,0,NA,NA,NA,NA,NA,NA,NA,NA,0,0,0,0,NA,NA,NA,NA,NA
"Wolfgang Braun","b1a4c388-3955-11ef-92b7-a36230ada079",NA,NA,1973,"10/13/1973","648c8a28-3960-11ef-8461-2906cc9fb6bc","home","VfL Lübeck-Schwartau","TuS 05 Wellinghofen",22,16,TRUE,6,NA,NA,0,0,0,NA,0,0,0,0,0,0,NA,NA,NA,NA,NA,NA,NA,NA,0,0,0,0,NA,NA,NA,NA,NA
"Bernd Heiden","baf62966-3955-11ef-b7e1-ab397f561917",NA,NA,1973,"10/13/1973","648c8a28-3960-11ef-8461-2906cc9fb6bc","home","VfL Lübeck-Schwartau","TuS 05 Wellinghofen",22,16,TRUE,2,NA,NA,0,0,0,NA,0,0,0,0,0,0,NA,NA,NA,NA,NA,NA,NA,NA,0,0,0,0,NA,NA,NA,NA,NA
"Klaus Lange","bafb51f3-3955-11ef-9864-ab397f561917",NA,NA,1973,"10/13/1973","648c8a28-3960-11ef-8461-2906cc9fb6bc","home","VfL Lübeck-Schwartau","TuS 05 Wellinghofen",22,16,TRUE,4,NA,NA,0,0,0,NA,0,0,0,0,0,0,NA,NA,NA,NA,NA,NA,NA,NA,0,0,0,0,NA,NA,NA,NA,NA
"Georg Pohl","baff6cee-3955-11ef-a80f-ab397f561917",NA,NA,1973,"10/13/1973","648c8a28-3960-11ef-8461-2906cc9fb6bc","home","VfL Lübeck-Schwartau","TuS 05 Wellinghofen",22,16,TRUE,1,NA,NA,0,0,0,NA,0,0,0,0,0,0,NA,NA,NA,NA,NA,NA,NA,NA,0,0,0,0,NA,NA,NA,NA,NA
"Manfred Kuhnke","bb039049-3955-11ef-bdc6-ab397f561917",NA,NA,1973,"10/13/1973","648c8a28-3960-11ef-8461-2906cc9fb6bc","home","VfL Lübeck-Schwartau","TuS 05 Wellinghofen",22,16,TRUE,1,NA,NA,0,0,0,NA,0,0,0,0,0,0,NA,NA,NA,NA,NA,NA,NA,NA,0,0,0,0,NA,NA,NA,NA,NA
"Karl-Heinz Schulz","72847241-3955-11ef-8bd4-51fdf2a82730",NA,NA,1973,"10/13/1973","648c8a28-3960-11ef-8461-2906cc9fb6bc","away","TuS 05 Wellinghofen","VfL Lübeck-Schwartau",16,22,FALSE,0,NA,NA,0,0,0,NA,0,0,0,0,0,0,NA,NA,NA,NA,NA,NA,NA,NA,0,0,0,0,NA,NA,NA,NA,NA
"Hans-Jürgen Zick","8d67d76a-3955-11ef-8956-81dc40648355",NA,NA,1973,"10/13/1973","648c8a28-3960-11ef-8461-2906cc9fb6bc","away","TuS 05 Wellinghofen","VfL Lübeck-Schwartau",16,22,FALSE,0,NA,NA,0,0,0,NA,0,0,0,0,0,0,NA,NA,NA,NA,NA,NA,NA,NA,0,0,0,0,NA,NA,NA,NA,NA
"Heiner Möller","8d7571e4-3955-11ef-b1d3-81dc40648355",NA,NA,1973,"10/13/1973","648c8a28-3960-11ef-8461-2906cc9fb6bc","away","TuS 05 Wellinghofen","VfL Lübeck-Schwartau",16,22,FALSE,4,NA,NA,0,0,0,NA,0,0,0,0,0,0,NA,NA,NA,NA,NA,NA,NA,NA,0,0,0,0,NA,NA,NA,NA,NA
"Hans-Peter Neuhaus","8d9d3887-3955-11ef-80a3-81dc40648355",NA,NA,1973,"10/13/1973","648c8a28-3960-11ef-8461-2906cc9fb6bc","away","TuS 05 Wellinghofen","VfL Lübeck-Schwartau",16,22,FALSE,0,NA,NA,0,0,0,NA,0,0,0,0,0,0,NA,NA,NA,NA,NA,NA,NA,NA,0,0,0,0,NA,NA,NA,NA,NA
"Karl-Heinz Nolde","a33d5c4a-3955-11ef-b577-2510cc07ea6e",NA,NA,1973,"10/13/1973","648c8a28-3960-11ef-8461-2906cc9fb6bc","away","TuS 05 Wellinghofen","VfL Lübeck-Schwartau",16,22,FALSE,0,NA,NA,0,0,0,NA,0,0,0,0,0,0,NA,NA,NA,NA,NA,NA,NA,NA,0,0,0,0,NA,NA,NA,NA,NA
"Rainer Gosewinkel","a4d61156-3955-11ef-8406-2510cc07ea6e",NA,NA,1973,"10/13/1973","648c8a28-3960-11ef-8461-2906cc9fb6bc","away","TuS 05 Wellinghofen","VfL Lübeck-Schwartau",16,22,FALSE,2,NA,NA,0,0,1,NA,0,0,0,0,0,0,NA,NA,NA,NA,NA,NA,NA,NA,0,0,0,0,NA,NA,NA,NA,NA
"Klaus Erwe","a4f54a19-3955-11ef-b48a-2510cc07ea6e",NA,NA,1973,"10/13/1973","648c8a28-3960-11ef-8461-2906cc9fb6bc","away","TuS 05 Wellinghofen","VfL Lübeck-Schwartau",16,22,FALSE,1,NA,NA,0,0,0,NA,0,0,0,0,0,0,NA,NA,NA,NA,NA,NA,NA,NA,0,0,0,0,NA,NA,NA,NA,NA
"Burkhard Gröning","a52c6e4f-3955-11ef-a576-2510cc07ea6e",NA,NA,1973,"10/13/1973","648c8a28-3960-11ef-8461-2906cc9fb6bc","away","TuS 05 Wellinghofen","VfL Lübeck-Schwartau",16,22,FALSE,5,NA,NA,0,0,1,NA,0,0,0,0,0,0,NA,NA,NA,NA,NA,NA,NA,NA,0,0,0,0,NA,NA,NA,NA,NA
"Klaus Tiews","a531838f-3955-11ef-8e99-2510cc07ea6e",NA,NA,1973,"10/13/1973","648c8a28-3960-11ef-8461-2906cc9fb6bc","away","TuS 05 Wellinghofen","VfL Lübeck-Schwartau",16,22,FALSE,0,NA,NA,0,0,0,NA,0,0,0,0,0,0,NA,NA,NA,NA,NA,NA,NA,NA,0,0,0,0,NA,NA,NA,NA,NA
"Ulrich Staege","b05c5beb-3955-11ef-a7d6-a36230ada079",NA,NA,1973,"10/13/1973","648c8a28-3960-11ef-8461-2906cc9fb6bc","away","TuS 05 Wellinghofen","VfL Lübeck-Schwartau",16,22,FALSE,2,NA,NA,0,0,0,NA,0,0,0,0,0,0,NA,NA,NA,NA,NA,NA,NA,NA,0,0,0,0,NA,NA,NA,NA,NA
"Herbert Rogge","b06614d7-3955-11ef-a43b-a36230ada079",NA,NA,1973,"10/13/1973","648c8a28-3960-11ef-8461-2906cc9fb6bc","away","TuS 05 Wellinghofen","VfL Lübeck-Schwartau",16,22,FALSE,2,NA,NA,0,0,0,NA,0,0,0,0,0,0,NA,NA,NA,NA,NA,NA,NA,NA,0,0,0,0,NA,NA,NA,NA,NA
"Hans-Jürgen Sengera","ba7fae8e-3955-11ef-80e4-ab397f561917",NA,NA,1973,"10/13/1973","648c8a28-3960-11ef-8461-2906cc9fb6bc","away","TuS 05 Wellinghofen","VfL Lübeck-Schwartau",16,22,FALSE,0,NA,NA,0,0,0,NA,0,0,0,0,0,0,NA,NA,NA,NA,NA,NA,NA,NA,0,0,0,0,NA,NA,NA,NA,NA
"Dietmar Balkenhol","8dfc784e-3955-11ef-b459-81dc40648355",NA,NA,1973,"10/13/1973","660fb5ef-3960-11ef-b580-2906cc9fb6bc","home","TuSEM Essen","SC Phönix Essen 1920",17,16,TRUE,3,NA,NA,0,0,0,NA,0,0,0,0,0,0,NA,NA,NA,NA,NA,NA,NA,NA,0,0,0,0,NA,NA,NA,NA,NA
"Gerhard Wrobel","ae4fc714-3955-11ef-a106-a36230ada079",NA,NA,1973,"10/13/1973","660fb5ef-3960-11ef-b580-2906cc9fb6bc","home","TuSEM Essen","SC Phönix Essen 1920",17,16,TRUE,3,NA,NA,0,0,0,NA,0,0,0,0,0,0,NA,NA,NA,NA,NA,NA,NA,NA,0,0,0,0,NA,NA,NA,NA,NA
"Herbert Buschmann","bd5ac595-3955-11ef-97f0-ab397f561917",NA,NA,1973,"10/13/1973","660fb5ef-3960-11ef-b580-2906cc9fb6bc","home","TuSEM Essen","SC Phönix Essen 1920",17,16,TRUE,0,NA,NA,0,0,0,NA,0,0,0,0,0,0,NA,NA,NA,NA,NA,NA,NA,NA,0,0,0,0,NA,NA,NA,NA,NA
"Bernd Weigel","bd601a58-3955-11ef-8511-ab397f561917",NA,NA,1973,"10/13/1973","660fb5ef-3960-11ef-b580-2906cc9fb6bc","home","TuSEM Essen","SC Phönix Essen 1920",17,16,TRUE,0,NA,NA,0,0,0,NA,0,0,0,0,0,0,NA,NA,NA,NA,NA,NA,NA,NA,0,0,0,0,NA,NA,NA,NA,NA
"Peter Venzke","bd6b12a9-3955-11ef-af21-ab397f561917",NA,NA,1973,"10/13/1973","660fb5ef-3960-11ef-b580-2906cc9fb6bc","home","TuSEM Essen","SC Phönix Essen 1920",17,16,TRUE,0,NA,NA,0,0,0,NA,0,0,0,0,0,0,NA,NA,NA,NA,NA,NA,NA,NA,0,0,0,0,NA,NA,NA,NA,NA
"Klaus Schäfer","bd6f7a4d-3955-11ef-9f92-ab397f561917",NA,NA,1973,"10/13/1973","660fb5ef-3960-11ef-b580-2906cc9fb6bc","home","TuSEM Essen","SC Phönix Essen 1920",17,16,TRUE,1,NA,NA,0,0,0,NA,0,0,0,0,0,0,NA,NA,NA,NA,NA,NA,NA,NA,0,0,0,0,NA,NA,NA,NA,NA
"Alwin Loerke","bd738ab4-3955-11ef-9585-ab397f561917",NA,NA,1973,"10/13/1973","660fb5ef-3960-11ef-b580-2906cc9fb6bc","home","TuSEM Essen","SC Phönix Essen 1920",17,16,TRUE,3,NA,NA,0,0,1,NA,0,0,0,0,0,0,NA,NA,NA,NA,NA,NA,NA,NA,0,0,0,0,NA,NA,NA,NA,NA
"Gerhard Schmidt","bd78314d-3955-11ef-8668-ab397f561917",NA,NA,1973,"10/13/1973","660fb5ef-3960-11ef-b580-2906cc9fb6bc","home","TuSEM Essen","SC Phönix Essen 1920",17,16,TRUE,2,NA,NA,0,0,0,NA,0,0,0,0,0,0,NA,NA,NA,NA,NA,NA,NA,NA,0,0,0,0,NA,NA,NA,NA,NA
"Manfred Benning","bd7cb1bd-3955-11ef-883f-ab397f561917",NA,NA,1973,"10/13/1973","660fb5ef-3960-11ef-b580-2906cc9fb6bc","home","TuSEM Essen","SC Phönix Essen 1920",17,16,TRUE,2,NA,NA,0,0,0,NA,0,0,0,0,0,0,NA,NA,NA,NA,NA,NA,NA,NA,0,0,0,0,NA,NA,NA,NA,NA
"Peter Fischer","bd861af2-3955-11ef-a655-ab397f561917",NA,NA,1973,"10/13/1973","660fb5ef-3960-11ef-b580-2906cc9fb6bc","home","TuSEM Essen","SC Phönix Essen 1920",17,16,TRUE,2,NA,NA,0,0,0,NA,0,0,0,0,0,0,NA,NA,NA,NA,NA,NA,NA,NA,0,0,0,0,NA,NA,NA,NA,NA
"Wolfgang Schütte","bd8b9463-3955-11ef-84e4-ab397f561917",NA,NA,1973,"10/13/1973","660fb5ef-3960-11ef-b580-2906cc9fb6bc","home","TuSEM Essen","SC Phönix Essen 1920",17,16,TRUE,0,NA,NA,0,0,0,NA,0,0,0,0,0,0,NA,NA,NA,NA,NA,NA,NA,NA,0,0,0,0,NA,NA,NA,NA,NA
"Peter Meuter","bd905293-3955-11ef-a264-ab397f561917",NA,NA,1973,"10/13/1973","660fb5ef-3960-11ef-b580-2906cc9fb6bc","home","TuSEM Essen","SC Phönix Essen 1920",17,16,TRUE,1,NA,NA,0,0,0,NA,0,0,0,0,0,0,NA,NA,NA,NA,NA,NA,NA,NA,0,0,0,0,NA,NA,NA,NA,NA
"Ulrich Eikermann","73a211c9-3955-11ef-8f8f-51fdf2a82730",NA,NA,1973,"10/13/1973","660fb5ef-3960-11ef-b580-2906cc9fb6bc","away","SC Phönix Essen 1920","TuSEM Essen",16,17,FALSE,4,NA,NA,0,0,0,NA,0,0,0,0,0,0,NA,NA,NA,NA,NA,NA,NA,NA,0,0,0,0,NA,NA,NA,NA,NA
"Horst Weise","8df6e46b-3955-11ef-9ec8-81dc40648355",NA,NA,1973,"10/13/1973","660fb5ef-3960-11ef-b580-2906cc9fb6bc","away","SC Phönix Essen 1920","TuSEM Essen",16,17,FALSE,2,NA,NA,0,0,0,NA,0,0,0,0,0,0,NA,NA,NA,NA,NA,NA,NA,NA,0,0,0,0,NA,NA,NA,NA,NA
"Heinz Oberscheidt","a5ae94f2-3955-11ef-91fc-2510cc07ea6e",NA,NA,1973,"10/13/1973","660fb5ef-3960-11ef-b580-2906cc9fb6bc","away","SC Phönix Essen 1920","TuSEM Essen",16,17,FALSE,3,NA,NA,0,0,0,NA,0,0,0,0,0,0,NA,NA,NA,NA,NA,NA,NA,NA,0,0,0,0,NA,NA,NA,NA,NA
"Werner Jeckstedt","a5bb8d23-3955-11ef-8362-2510cc07ea6e",NA,NA,1973,"10/13/1973","660fb5ef-3960-11ef-b580-2906cc9fb6bc","away","SC Phönix Essen 1920","TuSEM Essen",16,17,FALSE,0,NA,NA,0,0,0,NA,0,0,0,0,0,0,NA,NA,NA,NA,NA,NA,NA,NA,0,0,0,0,NA,NA,NA,NA,NA
"Ingo Callies","b0b0659b-3955-11ef-87aa-a36230ada079",NA,NA,1973,"10/13/1973","660fb5ef-3960-11ef-b580-2906cc9fb6bc","away","SC Phönix Essen 1920","TuSEM Essen",16,17,FALSE,0,NA,NA,0,0,0,NA,0,0,0,0,0,0,NA,NA,NA,NA,NA,NA,NA,NA,0,0,0,0,NA,NA,NA,NA,NA
"Bernd Tolksdorf","bae02284-3955-11ef-b577-ab397f561917",NA,NA,1973,"10/13/1973","660fb5ef-3960-11ef-b580-2906cc9fb6bc","away","SC Phönix Essen 1920","TuSEM Essen",16,17,FALSE,4,NA,NA,0,0,0,NA,0,0,0,0,0,0,NA,NA,NA,NA,NA,NA,NA,NA,0,0,0,0,NA,NA,NA,NA,NA
"Klaus Kirschner","bae43a44-3955-11ef-ae7c-ab397f561917",NA,NA,1973,"10/13/1973","660fb5ef-3960-11ef-b580-2906cc9fb6bc","away","SC Phönix Essen 1920","TuSEM Essen",16,17,FALSE,0,NA,NA,0,0,0,NA,0,0,0,0,0,0,NA,NA,NA,NA,NA,NA,NA,NA,0,0,0,0,NA,NA,NA,NA,NA
"Thomas Paap","bd3c2a13-3955-11ef-8b3c-ab397f561917",NA,NA,1973,"10/13/1973","660fb5ef-3960-11ef-b580-2906cc9fb6bc","away","SC Phönix Essen 1920","TuSEM Essen",16,17,FALSE,0,NA,NA,0,0,0,NA,0,0,0,0,0,0,NA,NA,NA,NA,NA,NA,NA,NA,0,0,0,0,NA,NA,NA,NA,NA
"Manfred Schaper","bd401c7e-3955-11ef-8d67-ab397f561917",NA,NA,1973,"10/13/1973","660fb5ef-3960-11ef-b580-2906cc9fb6bc","away","SC Phönix Essen 1920","TuSEM Essen",16,17,FALSE,0,NA,NA,0,0,0,NA,0,0,0,0,0,0,NA,NA,NA,NA,NA,NA,NA,NA,0,0,0,0,NA,NA,NA,NA,NA
"Norbert Kroker","bd441662-3955-11ef-b771-ab397f561917",NA,NA,1973,"10/13/1973","660fb5ef-3960-11ef-b580-2906cc9fb6bc","away","SC Phönix Essen 1920","TuSEM Essen",16,17,FALSE,0,NA,NA,0,0,0,NA,0,0,0,0,0,0,NA,NA,NA,NA,NA,NA,NA,NA,0,0,0,0,NA,NA,NA,NA,NA
"Manfred Wolf","bd4f3381-3955-11ef-904e-ab397f561917",NA,NA,1973,"10/13/1973","660fb5ef-3960-11ef-b580-2906cc9fb6bc","away","SC Phönix Essen 1920","TuSEM Essen",16,17,FALSE,3,NA,NA,0,0,0,NA,0,0,0,0,0,0,NA,NA,NA,NA,NA,NA,NA,NA,0,0,0,0,NA,NA,NA,NA,NA
"Michael Hattig","bd52f5b1-3955-11ef-ba0c-ab397f561917",NA,NA,1973,"10/13/1973","660fb5ef-3960-11ef-b580-2906cc9fb6bc","away","SC Phönix Essen 1920","TuSEM Essen",16,17,FALSE,0,NA,NA,0,0,0,NA,0,0,0,0,0,0,NA,NA,NA,NA,NA,NA,NA,NA,0,0,0,0,NA,NA,NA,NA,NA
"Werner Osada","98d8c8ac-3955-11ef-b6db-292be3190b7b",NA,NA,1973,"10/13/1973","676d4c3e-3960-11ef-8778-2906cc9fb6bc","home","S3L Handball","TV 05/07 Hüttenberg",15,17,FALSE,4,NA,NA,0,0,3,NA,0,0,0,0,0,0,NA,NA,NA,NA,NA,NA,NA,NA,0,0,0,0,NA,NA,NA,NA,NA
"Manfred Müller","ae54e819-3955-11ef-81e8-a36230ada079",NA,NA,1973,"10/13/1973","676d4c3e-3960-11ef-8778-2906cc9fb6bc","home","S3L Handball","TV 05/07 Hüttenberg",15,17,FALSE,0,NA,NA,0,0,0,NA,0,0,0,0,0,0,NA,NA,NA,NA,NA,NA,NA,NA,0,0,0,0,NA,NA,NA,NA,NA
"Georg Fitz","ae68320c-3955-11ef-89fa-a36230ada079",NA,NA,1973,"10/13/1973","676d4c3e-3960-11ef-8778-2906cc9fb6bc","home","S3L Handball","TV 05/07 Hüttenberg",15,17,FALSE,0,NA,NA,0,0,0,NA,0,0,0,0,0,0,NA,NA,NA,NA,NA,NA,NA,NA,0,0,0,0,NA,NA,NA,NA,NA
"Bernd Frühauf","ae71d80f-3955-11ef-a219-a36230ada079",NA,NA,1973,"10/13/1973","676d4c3e-3960-11ef-8778-2906cc9fb6bc","home","S3L Handball","TV 05/07 Hüttenberg",15,17,FALSE,0,NA,NA,0,0,0,NA,0,0,0,0,0,0,NA,NA,NA,NA,NA,NA,NA,NA,0,0,0,0,NA,NA,NA,NA,NA
"Robert Becker","ae8c50f9-3955-11ef-91c4-a36230ada079",NA,NA,1973,"10/13/1973","676d4c3e-3960-11ef-8778-2906cc9fb6bc","home","S3L Handball","TV 05/07 Hüttenberg",15,17,FALSE,1,NA,NA,0,0,0,NA,0,0,0,0,0,0,NA,NA,NA,NA,NA,NA,NA,NA,0,0,0,0,NA,NA,NA,NA,NA
"Jürgen Hahn","ae947745-3955-11ef-bc54-a36230ada079",NA,NA,1973,"10/13/1973","676d4c3e-3960-11ef-8778-2906cc9fb6bc","home","S3L Handball","TV 05/07 Hüttenberg",15,17,FALSE,6,NA,NA,0,0,1,NA,0,0,0,0,0,0,NA,NA,NA,NA,NA,NA,NA,NA,0,0,0,0,NA,NA,NA,NA,NA
"Hansjörg Jäck","b166bd31-3955-11ef-bed1-a36230ada079",NA,NA,1973,"10/13/1973","676d4c3e-3960-11ef-8778-2906cc9fb6bc","home","S3L Handball","TV 05/07 Hüttenberg",15,17,FALSE,0,NA,NA,0,0,0,NA,0,0,0,0,0,0,NA,NA,NA,NA,NA,NA,NA,NA,0,0,0,0,NA,NA,NA,NA,NA
"Markus Hädrich","ba389acc-3955-11ef-8b9d-ab397f561917",NA,NA,1973,"10/13/1973","676d4c3e-3960-11ef-8778-2906cc9fb6bc","home","S3L Handball","TV 05/07 Hüttenberg",15,17,FALSE,1,NA,NA,0,0,0,NA,0,0,0,0,0,0,NA,NA,NA,NA,NA,NA,NA,NA,0,0,0,0,NA,NA,NA,NA,NA
"Werner Pruscha","bb9c8e56-3955-11ef-ac18-ab397f561917",NA,NA,1973,"10/13/1973","676d4c3e-3960-11ef-8778-2906cc9fb6bc","home","S3L Handball","TV 05/07 Hüttenberg",15,17,FALSE,0,NA,NA,0,0,0,NA,0,0,0,0,0,0,NA,NA,NA,NA,NA,NA,NA,NA,0,0,0,0,NA,NA,NA,NA,NA
"Wolfhardt Bühler","bba2fc92-3955-11ef-a8d6-ab397f561917",NA,NA,1973,"10/13/1973","676d4c3e-3960-11ef-8778-2906cc9fb6bc","home","S3L Handball","TV 05/07 Hüttenberg",15,17,FALSE,0,NA,NA,0,0,0,NA,0,0,0,0,0,0,NA,NA,NA,NA,NA,NA,NA,NA,0,0,0,0,NA,NA,NA,NA,NA
"Hans Stein","bde4861d-3955-11ef-a14e-ab397f561917",NA,NA,1973,"10/13/1973","676d4c3e-3960-11ef-8778-2906cc9fb6bc","home","S3L Handball","TV 05/07 Hüttenberg",15,17,FALSE,1,NA,NA,0,0,0,NA,0,0,0,0,0,0,NA,NA,NA,NA,NA,NA,NA,NA,0,0,0,0,NA,NA,NA,NA,NA
"Arno Schandin","bded1584-3955-11ef-8a76-ab397f561917",NA,NA,1973,"10/13/1973","676d4c3e-3960-11ef-8778-2906cc9fb6bc","home","S3L Handball","TV 05/07 Hüttenberg",15,17,FALSE,2,NA,NA,0,0,0,NA,0,0,0,0,0,0,NA,NA,NA,NA,NA,NA,NA,NA,0,0,0,0,NA,NA,NA,NA,NA
"Walter Don","73f54ad3-3955-11ef-b2c6-51fdf2a82730",NA,NA,1973,"10/13/1973","676d4c3e-3960-11ef-8778-2906cc9fb6bc","away","TV 05/07 Hüttenberg","S3L Handball",17,15,TRUE,0,NA,NA,0,0,0,NA,0,0,0,0,0,0,NA,NA,NA,NA,NA,NA,NA,NA,0,0,0,0,NA,NA,NA,NA,NA
"Siegfried Weber","807d098c-3955-11ef-8827-b908c60af10a",NA,NA,1973,"10/13/1973","676d4c3e-3960-11ef-8778-2906cc9fb6bc","away","TV 05/07 Hüttenberg","S3L Handball",17,15,TRUE,0,NA,NA,0,0,0,NA,0,0,0,0,0,0,NA,NA,NA,NA,NA,NA,NA,NA,0,0,0,0,NA,NA,NA,NA,NA
"Horst Spengler","80adf446-3955-11ef-a1e6-b908c60af10a",NA,NA,1973,"10/13/1973","676d4c3e-3960-11ef-8778-2906cc9fb6bc","away","TV 05/07 Hüttenberg","S3L Handball",17,15,TRUE,3,NA,NA,0,0,2,NA,0,0,0,0,0,0,NA,NA,NA,NA,NA,NA,NA,NA,0,0,0,0,NA,NA,NA,NA,NA
"Peter Barthelmey","99855e8f-3955-11ef-b9a4-292be3190b7b",NA,NA,1973,"10/13/1973","676d4c3e-3960-11ef-8778-2906cc9fb6bc","away","TV 05/07 Hüttenberg","S3L Handball",17,15,TRUE,0,NA,NA,0,0,0,NA,0,0,0,0,0,0,NA,NA,NA,NA,NA,NA,NA,NA,0,0,0,0,NA,NA,NA,NA,NA
"Richard Boczkowski","a1b43836-3955-11ef-934f-2510cc07ea6e",NA,NA,1973,"10/13/1973","676d4c3e-3960-11ef-8778-2906cc9fb6bc","away","TV 05/07 Hüttenberg","S3L Handball",17,15,TRUE,0,NA,NA,0,0,0,NA,0,0,0,0,0,0,NA,NA,NA,NA,NA,NA,NA,NA,0,0,0,0,NA,NA,NA,NA,NA
"Norbert Bach","a3be6ba6-3955-11ef-9511-2510cc07ea6e",NA,NA,1973,"10/13/1973","676d4c3e-3960-11ef-8778-2906cc9fb6bc","away","TV 05/07 Hüttenberg","S3L Handball",17,15,TRUE,7,NA,NA,0,0,0,NA,0,0,0,0,0,0,NA,NA,NA,NA,NA,NA,NA,NA,0,0,0,0,NA,NA,NA,NA,NA
"Stefan Schicketanz","a3d099d4-3955-11ef-90b6-2510cc07ea6e",NA,NA,1973,"10/13/1973","676d4c3e-3960-11ef-8778-2906cc9fb6bc","away","TV 05/07 Hüttenberg","S3L Handball",17,15,TRUE,1,NA,NA,0,0,0,NA,0,0,0,0,0,0,NA,NA,NA,NA,NA,NA,NA,NA,0,0,0,0,NA,NA,NA,NA,NA
"Udo Uebbing","ae4823ea-3955-11ef-93ce-a36230ada079",NA,NA,1973,"10/13/1973","676d4c3e-3960-11ef-8778-2906cc9fb6bc","away","TV 05/07 Hüttenberg","S3L Handball",17,15,TRUE,2,NA,NA,0,0,0,NA,0,0,0,0,0,0,NA,NA,NA,NA,NA,NA,NA,NA,0,0,0,0,NA,NA,NA,NA,NA
"Rolf Kunz","bb7de91c-3955-11ef-8de2-ab397f561917",NA,NA,1973,"10/13/1973","676d4c3e-3960-11ef-8778-2906cc9fb6bc","away","TV 05/07 Hüttenberg","S3L Handball",17,15,TRUE,1,NA,NA,0,0,0,NA,0,0,0,0,0,0,NA,NA,NA,NA,NA,NA,NA,NA,0,0,0,0,NA,NA,NA,NA,NA
"Rainer Joost","bb83a6fb-3955-11ef-b43f-ab397f561917",NA,NA,1973,"10/13/1973","676d4c3e-3960-11ef-8778-2906cc9fb6bc","away","TV 05/07 Hüttenberg","S3L Handball",17,15,TRUE,0,NA,NA,0,0,0,NA,0,0,0,0,0,0,NA,NA,NA,NA,NA,NA,NA,NA,0,0,0,0,NA,NA,NA,NA,NA
"Dieter Beckmann","bb888d20-3955-11ef-b8c5-ab397f561917",NA,NA,1973,"10/13/1973","676d4c3e-3960-11ef-8778-2906cc9fb6bc","away","TV 05/07 Hüttenberg","S3L Handball",17,15,TRUE,0,NA,NA,0,0,0,NA,0,0,0,0,0,0,NA,NA,NA,NA,NA,NA,NA,NA,0,0,0,0,NA,NA,NA,NA,NA
"Andrija Kotlas","bde016f5-3955-11ef-b96c-ab397f561917",NA,NA,1973,"10/13/1973","676d4c3e-3960-11ef-8778-2906cc9fb6bc","away","TV 05/07 Hüttenberg","S3L Handball",17,15,TRUE,3,NA,NA,0,0,0,NA,0,0,0,0,0,0,NA,NA,NA,NA,NA,NA,NA,NA,0,0,0,0,NA,NA,NA,NA,NA
"Armin Emrich","8cdd3680-3955-11ef-a93e-81dc40648355",NA,NA,1973,"10/13/1973","69640c54-3960-11ef-b9ee-2906cc9fb6bc","home","FRISCH AUF! Göppingen","TV Großwallstadt",21,18,TRUE,2,NA,NA,0,0,0,NA,0,0,0,0,0,0,NA,NA,NA,NA,NA,NA,NA,NA,0,0,0,0,NA,NA,NA,NA,NA
"Peter Bucher","8e0071c9-3955-11ef-8ff8-81dc40648355",NA,NA,1973,"10/13/1973","69640c54-3960-11ef-b9ee-2906cc9fb6bc","home","FRISCH AUF! Göppingen","TV Großwallstadt",21,18,TRUE,3,NA,NA,0,0,1,NA,0,0,0,0,0,0,NA,NA,NA,NA,NA,NA,NA,NA,0,0,0,0,NA,NA,NA,NA,NA
"Wolfgang Don","a2ff75a5-3955-11ef-a510-2510cc07ea6e",NA,NA,1973,"10/13/1973","69640c54-3960-11ef-b9ee-2906cc9fb6bc","home","FRISCH AUF! Göppingen","TV Großwallstadt",21,18,TRUE,3,NA,NA,0,0,0,NA,0,0,0,0,0,0,NA,NA,NA,NA,NA,NA,NA,NA,0,0,0,0,NA,NA,NA,NA,NA
"Werner Fischer","af3a0885-3955-11ef-a884-a36230ada079",NA,NA,1973,"10/13/1973","69640c54-3960-11ef-b9ee-2906cc9fb6bc","home","FRISCH AUF! Göppingen","TV Großwallstadt",21,18,TRUE,0,NA,NA,0,0,0,NA,0,0,0,0,0,0,NA,NA,NA,NA,NA,NA,NA,NA,0,0,0,0,NA,NA,NA,NA,NA
"Siegmund Seeger","af76d008-3955-11ef-b7c9-a36230ada079",NA,NA,1973,"10/13/1973","69640c54-3960-11ef-b9ee-2906cc9fb6bc","home","FRISCH AUF! Göppingen","TV Großwallstadt",21,18,TRUE,1,NA,NA,0,0,0,NA,0,0,0,0,0,0,NA,NA,NA,NA,NA,NA,NA,NA,0,0,0,0,NA,NA,NA,NA,NA
"Hans Brodbeck","b1f00cc3-3955-11ef-b4c9-a36230ada079",NA,NA,1973,"10/13/1973","69640c54-3960-11ef-b9ee-2906cc9fb6bc","home","FRISCH AUF! Göppingen","TV Großwallstadt",21,18,TRUE,0,NA,NA,0,0,0,NA,0,0,0,0,0,0,NA,NA,NA,NA,NA,NA,NA,NA,0,0,0,0,NA,NA,NA,NA,NA
"Paul Epple","bc8167af-3955-11ef-8748-ab397f561917",NA,NA,1973,"10/13/1973","69640c54-3960-11ef-b9ee-2906cc9fb6bc","home","FRISCH AUF! Göppingen","TV Großwallstadt",21,18,TRUE,1,NA,NA,0,0,0,NA,0,0,0,0,0,0,NA,NA,NA,NA,NA,NA,NA,NA,0,0,0,0,NA,NA,NA,NA,NA
"Geir Hallsteinsson","c70adb66-3955-11ef-afb7-157c9bc18a5f",NA,NA,1973,"10/13/1973","69640c54-3960-11ef-b9ee-2906cc9fb6bc","home","FRISCH AUF! Göppingen","TV Großwallstadt",21,18,TRUE,5,NA,NA,0,0,0,NA,0,0,0,0,0,0,NA,NA,NA,NA,NA,NA,NA,NA,0,0,0,0,NA,NA,NA,NA,NA
"Werner Arndt","c71116e0-3955-11ef-85d3-157c9bc18a5f",NA,NA,1973,"10/13/1973","69640c54-3960-11ef-b9ee-2906cc9fb6bc","home","FRISCH AUF! Göppingen","TV Großwallstadt",21,18,TRUE,1,NA,NA,0,0,0,NA,0,0,0,0,0,0,NA,NA,NA,NA,NA,NA,NA,NA,0,0,0,0,NA,NA,NA,NA,NA
"Christian Patzer","c715a1de-3955-11ef-bc54-157c9bc18a5f",NA,NA,1973,"10/13/1973","69640c54-3960-11ef-b9ee-2906cc9fb6bc","home","FRISCH AUF! Göppingen","TV Großwallstadt",21,18,TRUE,4,NA,NA,0,0,2,NA,0,0,0,0,0,0,NA,NA,NA,NA,NA,NA,NA,NA,0,0,0,0,NA,NA,NA,NA,NA
"Günter Schweikardt","d3e60b79-3953-11ef-9e8c-e3f2de03a1b7",NA,NA,1973,"10/13/1973","69640c54-3960-11ef-b9ee-2906cc9fb6bc","home","FRISCH AUF! Göppingen","TV Großwallstadt",21,18,TRUE,1,NA,NA,0,0,0,NA,0,0,0,0,0,0,NA,NA,NA,NA,NA,NA,NA,NA,0,0,0,0,NA,NA,NA,NA,NA
"Kurt Klühspies","5ac3e7d7-3955-11ef-b574-4fa817cd91bb",NA,NA,1973,"10/13/1973","69640c54-3960-11ef-b9ee-2906cc9fb6bc","away","TV Großwallstadt","FRISCH AUF! Göppingen",18,21,FALSE,7,NA,NA,0,0,1,NA,0,0,0,0,0,0,NA,NA,NA,NA,NA,NA,NA,NA,0,0,0,0,NA,NA,NA,NA,NA
"Manfred Hofmann","6855eb0b-3955-11ef-8cb3-292be3190b7b",NA,NA,1973,"10/13/1973","69640c54-3960-11ef-b9ee-2906cc9fb6bc","away","TV Großwallstadt","FRISCH AUF! Göppingen",18,21,FALSE,0,NA,NA,0,0,0,NA,0,0,0,0,0,0,NA,NA,NA,NA,NA,NA,NA,NA,0,0,0,0,NA,NA,NA,NA,NA
"Thomas Sinsel","8adb8152-3955-11ef-b2de-81dc40648355",NA,NA,1973,"10/13/1973","69640c54-3960-11ef-b9ee-2906cc9fb6bc","away","TV Großwallstadt","FRISCH AUF! Göppingen",18,21,FALSE,1,NA,NA,0,0,0,NA,0,0,0,0,0,0,NA,NA,NA,NA,NA,NA,NA,NA,0,0,0,0,NA,NA,NA,NA,NA
"Manfred Schwarz","96d98e53-3955-11ef-a3c9-292be3190b7b",NA,NA,1973,"10/13/1973","69640c54-3960-11ef-b9ee-2906cc9fb6bc","away","TV Großwallstadt","FRISCH AUF! Göppingen",18,21,FALSE,1,NA,NA,0,0,0,NA,0,0,0,0,0,0,NA,NA,NA,NA,NA,NA,NA,NA,0,0,0,0,NA,NA,NA,NA,NA
"Arno Böckling","a3c38db5-3955-11ef-810f-2510cc07ea6e",NA,NA,1973,"10/13/1973","69640c54-3960-11ef-b9ee-2906cc9fb6bc","away","TV Großwallstadt","FRISCH AUF! Göppingen",18,21,FALSE,8,NA,NA,0,0,4,NA,0,0,0,0,0,0,NA,NA,NA,NA,NA,NA,NA,NA,0,0,0,0,NA,NA,NA,NA,NA
"Manfred Meudt","af9be5ed-3955-11ef-a3e3-a36230ada079",NA,NA,1973,"10/13/1973","69640c54-3960-11ef-b9ee-2906cc9fb6bc","away","TV Großwallstadt","FRISCH AUF! Göppingen",18,21,FALSE,0,NA,NA,0,0,0,NA,0,0,0,0,0,0,NA,NA,NA,NA,NA,NA,NA,NA,0,0,0,0,NA,NA,NA,NA,NA
"Norbert Klein","b18179dc-3955-11ef-acc0-a36230ada079",NA,NA,1973,"10/13/1973","69640c54-3960-11ef-b9ee-2906cc9fb6bc","away","TV Großwallstadt","FRISCH AUF! Göppingen",18,21,FALSE,1,NA,NA,0,0,0,NA,0,0,0,0,0,0,NA,NA,NA,NA,NA,NA,NA,NA,0,0,0,0,NA,NA,NA,NA,NA
"Robert Schnabel","bbbd881a-3955-11ef-a181-ab397f561917",NA,NA,1973,"10/13/1973","69640c54-3960-11ef-b9ee-2906cc9fb6bc","away","TV Großwallstadt","FRISCH AUF! Göppingen",18,21,FALSE,0,NA,NA,0,0,0,NA,0,0,0,0,0,0,NA,NA,NA,NA,NA,NA,NA,NA,0,0,0,0,NA,NA,NA,NA,NA
"Dieter Heß","bbc55957-3955-11ef-a14e-ab397f561917",NA,NA,1973,"10/13/1973","69640c54-3960-11ef-b9ee-2906cc9fb6bc","away","TV Großwallstadt","FRISCH AUF! Göppingen",18,21,FALSE,0,NA,NA,0,0,0,NA,0,0,0,0,0,0,NA,NA,NA,NA,NA,NA,NA,NA,0,0,0,0,NA,NA,NA,NA,NA
"Hermann Schandel","be0178f3-3955-11ef-bbcd-ab397f561917",NA,NA,1973,"10/13/1973","69640c54-3960-11ef-b9ee-2906cc9fb6bc","away","TV Großwallstadt","FRISCH AUF! Göppingen",18,21,FALSE,0,NA,NA,0,0,0,NA,0,0,0,0,0,0,NA,NA,NA,NA,NA,NA,NA,NA,0,0,0,0,NA,NA,NA,NA,NA
"Werner Lemmert","be0e2c8d-3955-11ef-82a6-ab397f561917",NA,NA,1973,"10/13/1973","69640c54-3960-11ef-b9ee-2906cc9fb6bc","away","TV Großwallstadt","FRISCH AUF! Göppingen",18,21,FALSE,0,NA,NA,0,0,0,NA,0,0,0,0,0,0,NA,NA,NA,NA,NA,NA,NA,NA,0,0,0,0,NA,NA,NA,NA,NA
"Klaus Meineke","8d0eefb2-3955-11ef-a068-81dc40648355",NA,NA,1973,"10/13/1973","6a3a3651-3960-11ef-9af8-2906cc9fb6bc","home","TSV 1846 Butzbach","SG Dietzenbach",15,13,TRUE,4,NA,NA,0,0,0,NA,0,0,0,0,0,0,NA,NA,NA,NA,NA,NA,NA,NA,0,0,0,0,NA,NA,NA,NA,NA
"Günter Timmermann","bb79f127-3955-11ef-ae8c-ab397f561917",NA,NA,1973,"10/13/1973","6a3a3651-3960-11ef-9af8-2906cc9fb6bc","home","TSV 1846 Butzbach","SG Dietzenbach",15,13,TRUE,0,NA,NA,0,0,0,NA,0,0,0,0,0,0,NA,NA,NA,NA,NA,NA,NA,NA,0,0,0,0,NA,NA,NA,NA,NA
"Günter Bormann","bc2b728c-3955-11ef-9c10-ab397f561917",NA,NA,1973,"10/13/1973","6a3a3651-3960-11ef-9af8-2906cc9fb6bc","home","TSV 1846 Butzbach","SG Dietzenbach",15,13,TRUE,1,NA,NA,0,0,0,NA,0,0,0,0,0,0,NA,NA,NA,NA,NA,NA,NA,NA,0,0,0,0,NA,NA,NA,NA,NA
"Rolf Grotegut","bc3000ec-3955-11ef-97c5-ab397f561917",NA,NA,1973,"10/13/1973","6a3a3651-3960-11ef-9af8-2906cc9fb6bc","home","TSV 1846 Butzbach","SG Dietzenbach",15,13,TRUE,2,NA,NA,0,0,0,NA,0,0,0,0,0,0,NA,NA,NA,NA,NA,NA,NA,NA,0,0,0,0,NA,NA,NA,NA,NA
"Hans-Joachim Röhrig","bc371f1f-3955-11ef-bcd4-ab397f561917",NA,NA,1973,"10/13/1973","6a3a3651-3960-11ef-9af8-2906cc9fb6bc","home","TSV 1846 Butzbach","SG Dietzenbach",15,13,TRUE,2,NA,NA,0,0,0,NA,0,0,0,0,0,0,NA,NA,NA,NA,NA,NA,NA,NA,0,0,0,0,NA,NA,NA,NA,NA
"Bernd Lind","bc4b1939-3955-11ef-95dd-ab397f561917",NA,NA,1973,"10/13/1973","6a3a3651-3960-11ef-9af8-2906cc9fb6bc","home","TSV 1846 Butzbach","SG Dietzenbach",15,13,TRUE,0,NA,NA,0,0,0,NA,0,0,0,0,0,0,NA,NA,NA,NA,NA,NA,NA,NA,0,0,0,0,NA,NA,NA,NA,NA
"Wolfgang Lowak","bc4eecb3-3955-11ef-8009-ab397f561917",NA,NA,1973,"10/13/1973","6a3a3651-3960-11ef-9af8-2906cc9fb6bc","home","TSV 1846 Butzbach","SG Dietzenbach",15,13,TRUE,0,NA,NA,0,0,0,NA,0,0,0,0,0,0,NA,NA,NA,NA,NA,NA,NA,NA,0,0,0,0,NA,NA,NA,NA,NA
"Robert Ringleb","bc52ae17-3955-11ef-80f1-ab397f561917",NA,NA,1973,"10/13/1973","6a3a3651-3960-11ef-9af8-2906cc9fb6bc","home","TSV 1846 Butzbach","SG Dietzenbach",15,13,TRUE,0,NA,NA,0,0,0,NA,0,0,0,0,0,0,NA,NA,NA,NA,NA,NA,NA,NA,0,0,0,0,NA,NA,NA,NA,NA
"Helmut Schwarz","c6c73d0a-3955-11ef-88e8-157c9bc18a5f",NA,NA,1973,"10/13/1973","6a3a3651-3960-11ef-9af8-2906cc9fb6bc","home","TSV 1846 Butzbach","SG Dietzenbach",15,13,TRUE,0,NA,NA,0,0,0,NA,0,0,0,0,0,0,NA,NA,NA,NA,NA,NA,NA,NA,0,0,0,0,NA,NA,NA,NA,NA
"Klaus Karg","c6d8aa2a-3955-11ef-ab2b-157c9bc18a5f",NA,NA,1973,"10/13/1973","6a3a3651-3960-11ef-9af8-2906cc9fb6bc","home","TSV 1846 Butzbach","SG Dietzenbach",15,13,TRUE,0,NA,NA,0,0,0,NA,0,0,0,0,0,0,NA,NA,NA,NA,NA,NA,NA,NA,0,0,0,0,NA,NA,NA,NA,NA
"Anton Turkalj","c6dcd936-3955-11ef-9d1b-157c9bc18a5f",NA,NA,1973,"10/13/1973","6a3a3651-3960-11ef-9af8-2906cc9fb6bc","home","TSV 1846 Butzbach","SG Dietzenbach",15,13,TRUE,6,NA,NA,0,0,4,NA,0,0,0,0,0,0,NA,NA,NA,NA,NA,NA,NA,NA,0,0,0,0,NA,NA,NA,NA,NA
"Heinz-Theo Kaus","8086fdf9-3955-11ef-938f-b908c60af10a",NA,NA,1973,"10/13/1973","6a3a3651-3960-11ef-9af8-2906cc9fb6bc","away","SG Dietzenbach","TSV 1846 Butzbach",13,15,FALSE,0,NA,NA,0,0,0,NA,0,0,0,0,0,0,NA,NA,NA,NA,NA,NA,NA,NA,0,0,0,0,NA,NA,NA,NA,NA
"Heinz-Walter Behne","8be65881-3955-11ef-8872-81dc40648355",NA,NA,1973,"10/13/1973","6a3a3651-3960-11ef-9af8-2906cc9fb6bc","away","SG Dietzenbach","TSV 1846 Butzbach",13,15,FALSE,3,NA,NA,0,0,0,NA,0,0,0,0,0,0,NA,NA,NA,NA,NA,NA,NA,NA,0,0,0,0,NA,NA,NA,NA,NA
"Herbert Wehnert","96e104db-3955-11ef-b58d-292be3190b7b",NA,NA,1973,"10/13/1973","6a3a3651-3960-11ef-9af8-2906cc9fb6bc","away","SG Dietzenbach","TSV 1846 Butzbach",13,15,FALSE,4,NA,NA,0,0,0,NA,0,0,0,0,0,0,NA,NA,NA,NA,NA,NA,NA,NA,0,0,0,0,NA,NA,NA,NA,NA
"Wolfgang Hammerl","a2e26d5b-3955-11ef-8fa5-2510cc07ea6e",NA,NA,1973,"10/13/1973","6a3a3651-3960-11ef-9af8-2906cc9fb6bc","away","SG Dietzenbach","TSV 1846 Butzbach",13,15,FALSE,0,NA,NA,0,0,0,NA,0,0,0,0,0,0,NA,NA,NA,NA,NA,NA,NA,NA,0,0,0,0,NA,NA,NA,NA,NA
"Otto Allies","af191a75-3955-11ef-8c7e-a36230ada079",NA,NA,1973,"10/13/1973","6a3a3651-3960-11ef-9af8-2906cc9fb6bc","away","SG Dietzenbach","TSV 1846 Butzbach",13,15,FALSE,2,NA,NA,0,0,0,NA,0,0,0,0,0,0,NA,NA,NA,NA,NA,NA,NA,NA,0,0,0,0,NA,NA,NA,NA,NA
"Klaus Rettig","b1d1aa4c-3955-11ef-baf9-a36230ada079",NA,NA,1973,"10/13/1973","6a3a3651-3960-11ef-9af8-2906cc9fb6bc","away","SG Dietzenbach","TSV 1846 Butzbach",13,15,FALSE,3,NA,NA,0,0,0,NA,0,0,0,0,0,0,NA,NA,NA,NA,NA,NA,NA,NA,0,0,0,0,NA,NA,NA,NA,NA
"Peter Eckert","c67b9c79-3955-11ef-8f02-157c9bc18a5f",NA,NA,1973,"10/13/1973","6a3a3651-3960-11ef-9af8-2906cc9fb6bc","away","SG Dietzenbach","TSV 1846 Butzbach",13,15,FALSE,1,NA,NA,0,0,0,NA,0,0,0,0,0,0,NA,NA,NA,NA,NA,NA,NA,NA,0,0,0,0,NA,NA,NA,NA,NA
"Herbert Striebel","c682be45-3955-11ef-8eab-157c9bc18a5f",NA,NA,1973,"10/13/1973","6a3a3651-3960-11ef-9af8-2906cc9fb6bc","away","SG Dietzenbach","TSV 1846 Butzbach",13,15,FALSE,0,NA,NA,0,0,0,NA,0,0,0,0,0,0,NA,NA,NA,NA,NA,NA,NA,NA,0,0,0,0,NA,NA,NA,NA,NA
"Norbert Kern","c6961a09-3955-11ef-8bcc-157c9bc18a5f",NA,NA,1973,"10/13/1973","6a3a3651-3960-11ef-9af8-2906cc9fb6bc","away","SG Dietzenbach","TSV 1846 Butzbach",13,15,FALSE,0,NA,NA,0,0,0,NA,0,0,0,0,0,0,NA,NA,NA,NA,NA,NA,NA,NA,0,0,0,0,NA,NA,NA,NA,NA
"Wolfgang Pelzer","c69f3508-3955-11ef-89d5-157c9bc18a5f",NA,NA,1973,"10/13/1973","6a3a3651-3960-11ef-9af8-2906cc9fb6bc","away","SG Dietzenbach","TSV 1846 Butzbach",13,15,FALSE,0,NA,NA,0,0,0,NA,0,0,0,0,0,0,NA,NA,NA,NA,NA,NA,NA,NA,0,0,0,0,NA,NA,NA,NA,NA
"Günther Kießling","c6aad65a-3955-11ef-87fb-157c9bc18a5f",NA,NA,1973,"10/13/1973","6a3a3651-3960-11ef-9af8-2906cc9fb6bc","away","SG Dietzenbach","TSV 1846 Butzbach",13,15,FALSE,0,NA,NA,0,0,0,NA,0,0,0,0,0,0,NA,NA,NA,NA,NA,NA,NA,NA,0,0,0,0,NA,NA,NA,NA,NA
"Reinhard Wittler","a35063de-3955-11ef-9881-2510cc07ea6e",NA,NA,1973,"10/14/1973","5cbbf7f2-3960-11ef-a9aa-7b2e16e5ffcd","home","Polizei SV Hannover","GWD Minden",13,9,TRUE,0,NA,NA,0,0,0,NA,0,0,0,0,0,0,NA,NA,NA,NA,NA,NA,NA,NA,0,0,0,0,NA,NA,NA,NA,NA
"Edmund Franke","a36ab088-3955-11ef-8296-2510cc07ea6e",NA,NA,1973,"10/14/1973","5cbbf7f2-3960-11ef-a9aa-7b2e16e5ffcd","home","Polizei SV Hannover","GWD Minden",13,9,TRUE,3,NA,NA,0,0,1,NA,0,0,0,0,0,0,NA,NA,NA,NA,NA,NA,NA,NA,0,0,0,0,NA,NA,NA,NA,NA
"Wolfgang Franke","a36fd3c4-3955-11ef-bc80-2510cc07ea6e",NA,NA,1973,"10/14/1973","5cbbf7f2-3960-11ef-a9aa-7b2e16e5ffcd","home","Polizei SV Hannover","GWD Minden",13,9,TRUE,0,NA,NA,0,0,0,NA,0,0,0,0,0,0,NA,NA,NA,NA,NA,NA,NA,NA,0,0,0,0,NA,NA,NA,NA,NA
"Jürgen Kloth","a37512a6-3955-11ef-9d81-2510cc07ea6e",NA,NA,1973,"10/14/1973","5cbbf7f2-3960-11ef-a9aa-7b2e16e5ffcd","home","Polizei SV Hannover","GWD Minden",13,9,TRUE,0,NA,NA,0,0,0,NA,0,0,0,0,0,0,NA,NA,NA,NA,NA,NA,NA,NA,0,0,0,0,NA,NA,NA,NA,NA
"Gerd Haase","bb322e8e-3955-11ef-8a6a-ab397f561917",NA,NA,1973,"10/14/1973","5cbbf7f2-3960-11ef-a9aa-7b2e16e5ffcd","home","Polizei SV Hannover","GWD Minden",13,9,TRUE,1,NA,NA,0,0,0,NA,0,0,0,0,0,0,NA,NA,NA,NA,NA,NA,NA,NA,0,0,0,0,NA,NA,NA,NA,NA
"Hans-Jürgen Deutsch","bb3e76d6-3955-11ef-a5a8-ab397f561917",NA,NA,1973,"10/14/1973","5cbbf7f2-3960-11ef-a9aa-7b2e16e5ffcd","home","Polizei SV Hannover","GWD Minden",13,9,TRUE,4,NA,NA,0,0,0,NA,0,0,0,0,0,0,NA,NA,NA,NA,NA,NA,NA,NA,0,0,0,0,NA,NA,NA,NA,NA
"Dieter Hartung","bb482ed5-3955-11ef-bef1-ab397f561917",NA,NA,1973,"10/14/1973","5cbbf7f2-3960-11ef-a9aa-7b2e16e5ffcd","home","Polizei SV Hannover","GWD Minden",13,9,TRUE,1,NA,NA,0,0,0,NA,0,0,0,0,0,0,NA,NA,NA,NA,NA,NA,NA,NA,0,0,0,0,NA,NA,NA,NA,NA
"Jürgen Fey","bb504d63-3955-11ef-8740-ab397f561917",NA,NA,1973,"10/14/1973","5cbbf7f2-3960-11ef-a9aa-7b2e16e5ffcd","home","Polizei SV Hannover","GWD Minden",13,9,TRUE,3,NA,NA,0,0,0,NA,0,0,0,0,0,0,NA,NA,NA,NA,NA,NA,NA,NA,0,0,0,0,NA,NA,NA,NA,NA
"Wolfgang Künkler","bb635a87-3955-11ef-83b0-ab397f561917",NA,NA,1973,"10/14/1973","5cbbf7f2-3960-11ef-a9aa-7b2e16e5ffcd","home","Polizei SV Hannover","GWD Minden",13,9,TRUE,0,NA,NA,0,0,0,NA,0,0,0,0,0,0,NA,NA,NA,NA,NA,NA,NA,NA,0,0,0,0,NA,NA,NA,NA,NA
"Eckhard Jordan","bd9e706c-3955-11ef-ae61-ab397f561917",NA,NA,1973,"10/14/1973","5cbbf7f2-3960-11ef-a9aa-7b2e16e5ffcd","home","Polizei SV Hannover","GWD Minden",13,9,TRUE,0,NA,NA,0,0,0,NA,0,0,0,0,0,0,NA,NA,NA,NA,NA,NA,NA,NA,0,0,0,0,NA,NA,NA,NA,NA
"Siegfried Hacke","bda8ac11-3955-11ef-8226-ab397f561917",NA,NA,1973,"10/14/1973","5cbbf7f2-3960-11ef-a9aa-7b2e16e5ffcd","home","Polizei SV Hannover","GWD Minden",13,9,TRUE,1,NA,NA,0,0,0,NA,0,0,0,0,0,0,NA,NA,NA,NA,NA,NA,NA,NA,0,0,0,0,NA,NA,NA,NA,NA
"Klaus Stepper","bdad2915-3955-11ef-bde1-ab397f561917",NA,NA,1973,"10/14/1973","5cbbf7f2-3960-11ef-a9aa-7b2e16e5ffcd","home","Polizei SV Hannover","GWD Minden",13,9,TRUE,0,NA,NA,0,0,0,NA,0,0,0,0,0,0,NA,NA,NA,NA,NA,NA,NA,NA,0,0,0,0,NA,NA,NA,NA,NA
"Bernhard Busch","8dc9280f-3955-11ef-80e2-81dc40648355",NA,NA,1973,"10/14/1973","5cbbf7f2-3960-11ef-a9aa-7b2e16e5ffcd","away","GWD Minden","Polizei SV Hannover",9,13,FALSE,1,NA,NA,0,0,1,NA,0,0,0,0,0,0,NA,NA,NA,NA,NA,NA,NA,NA,0,0,0,0,NA,NA,NA,NA,NA
"Gerd Becker","96f1e245-3955-11ef-80bc-292be3190b7b",NA,NA,1973,"10/14/1973","5cbbf7f2-3960-11ef-a9aa-7b2e16e5ffcd","away","GWD Minden","Polizei SV Hannover",9,13,FALSE,1,NA,NA,0,0,0,NA,0,0,0,0,0,0,NA,NA,NA,NA,NA,NA,NA,NA,0,0,0,0,NA,NA,NA,NA,NA
"Gerald Schüler","96fc1532-3955-11ef-bddd-292be3190b7b",NA,NA,1973,"10/14/1973","5cbbf7f2-3960-11ef-a9aa-7b2e16e5ffcd","away","GWD Minden","Polizei SV Hannover",9,13,FALSE,0,NA,NA,0,0,0,NA,0,0,0,0,0,0,NA,NA,NA,NA,NA,NA,NA,NA,0,0,0,0,NA,NA,NA,NA,NA
"Martin Karcher","980f80ce-3955-11ef-8054-292be3190b7b",NA,NA,1973,"10/14/1973","5cbbf7f2-3960-11ef-a9aa-7b2e16e5ffcd","away","GWD Minden","Polizei SV Hannover",9,13,FALSE,0,NA,NA,0,0,0,NA,0,0,0,0,0,0,NA,NA,NA,NA,NA,NA,NA,NA,0,0,0,0,NA,NA,NA,NA,NA
"Gerhard Buddenbohm","98e2ecac-3955-11ef-b2de-292be3190b7b",NA,NA,1973,"10/14/1973","5cbbf7f2-3960-11ef-a9aa-7b2e16e5ffcd","away","GWD Minden","Polizei SV Hannover",9,13,FALSE,0,NA,NA,0,0,0,NA,0,0,0,0,0,0,NA,NA,NA,NA,NA,NA,NA,NA,0,0,0,0,NA,NA,NA,NA,NA
"Hans Kramer","98f50290-3955-11ef-8aa8-292be3190b7b",NA,NA,1973,"10/14/1973","5cbbf7f2-3960-11ef-a9aa-7b2e16e5ffcd","away","GWD Minden","Polizei SV Hannover",9,13,FALSE,0,NA,NA,0,0,0,NA,0,0,0,0,0,0,NA,NA,NA,NA,NA,NA,NA,NA,0,0,0,0,NA,NA,NA,NA,NA
"Wilfried Meyer","a34b2aa0-3955-11ef-a79c-2510cc07ea6e",NA,NA,1973,"10/14/1973","5cbbf7f2-3960-11ef-a9aa-7b2e16e5ffcd","away","GWD Minden","Polizei SV Hannover",9,13,FALSE,0,NA,NA,0,0,0,NA,0,0,0,0,0,0,NA,NA,NA,NA,NA,NA,NA,NA,0,0,0,0,NA,NA,NA,NA,NA
"Jobst-Erich Rehse","b00be251-3955-11ef-ac35-a36230ada079",NA,NA,1973,"10/14/1973","5cbbf7f2-3960-11ef-a9aa-7b2e16e5ffcd","away","GWD Minden","Polizei SV Hannover",9,13,FALSE,0,NA,NA,0,0,0,NA,0,0,0,0,0,0,NA,NA,NA,NA,NA,NA,NA,NA,0,0,0,0,NA,NA,NA,NA,NA
"Bernd Munck","ba5ee5e3-3955-11ef-9f80-ab397f561917",NA,NA,1973,"10/14/1973","5cbbf7f2-3960-11ef-a9aa-7b2e16e5ffcd","away","GWD Minden","Polizei SV Hannover",9,13,FALSE,1,NA,NA,0,0,1,NA,0,0,0,0,0,0,NA,NA,NA,NA,NA,NA,NA,NA,0,0,0,0,NA,NA,NA,NA,NA
"Wilfried Drögemeier","ba63ada7-3955-11ef-a04d-ab397f561917",NA,NA,1973,"10/14/1973","5cbbf7f2-3960-11ef-a9aa-7b2e16e5ffcd","away","GWD Minden","Polizei SV Hannover",9,13,FALSE,0,NA,NA,0,0,0,NA,0,0,0,0,0,0,NA,NA,NA,NA,NA,NA,NA,NA,0,0,0,0,NA,NA,NA,NA,NA
"Hartmut Weng","bcf706ec-3955-11ef-b4f7-ab397f561917",NA,NA,1973,"10/14/1973","5cbbf7f2-3960-11ef-a9aa-7b2e16e5ffcd","away","GWD Minden","Polizei SV Hannover",9,13,FALSE,0,NA,NA,0,0,0,NA,0,0,0,0,0,0,NA,NA,NA,NA,NA,NA,NA,NA,0,0,0,0,NA,NA,NA,NA,NA
"Otto Weng","bcfbec1c-3955-11ef-b4f4-ab397f561917",NA,NA,1973,"10/14/1973","5cbbf7f2-3960-11ef-a9aa-7b2e16e5ffcd","away","GWD Minden","Polizei SV Hannover",9,13,FALSE,6,NA,NA,0,0,4,NA,0,0,0,0,0,0,NA,NA,NA,NA,NA,NA,NA,NA,0,0,0,0,NA,NA,NA,NA,NA
"Peter Pickel","8c973b42-3955-11ef-8c71-81dc40648355",NA,NA,1973,"10/14/1973","5d9bd488-3960-11ef-a8ba-7b2e16e5ffcd","home","Hamburger SV","TV Grambke Bremen",17,12,TRUE,9,NA,NA,0,0,2,NA,0,0,0,0,0,0,NA,NA,NA,NA,NA,NA,NA,NA,0,0,0,0,NA,NA,NA,NA,NA
"Hans-Jürgen Bode","b011e6da-3955-11ef-8205-a36230ada079",NA,NA,1973,"10/14/1973","5d9bd488-3960-11ef-a8ba-7b2e16e5ffcd","home","Hamburger SV","TV Grambke Bremen",17,12,TRUE,0,NA,NA,0,0,0,NA,0,0,0,0,0,0,NA,NA,NA,NA,NA,NA,NA,NA,0,0,0,0,NA,NA,NA,NA,NA
"Rainer Witt","b02adaad-3955-11ef-b8c4-a36230ada079",NA,NA,1973,"10/14/1973","5d9bd488-3960-11ef-a8ba-7b2e16e5ffcd","home","Hamburger SV","TV Grambke Bremen",17,12,TRUE,1,NA,NA,0,0,0,NA,0,0,0,0,0,0,NA,NA,NA,NA,NA,NA,NA,NA,0,0,0,0,NA,NA,NA,NA,NA
"Jens Ivers","b02f4aea-3955-11ef-801e-a36230ada079",NA,NA,1973,"10/14/1973","5d9bd488-3960-11ef-a8ba-7b2e16e5ffcd","home","Hamburger SV","TV Grambke Bremen",17,12,TRUE,2,NA,NA,0,0,0,NA,0,0,0,0,0,0,NA,NA,NA,NA,NA,NA,NA,NA,0,0,0,0,NA,NA,NA,NA,NA
"Hans-Joachim Beißel","b0341bcb-3955-11ef-9e08-a36230ada079",NA,NA,1973,"10/14/1973","5d9bd488-3960-11ef-a8ba-7b2e16e5ffcd","home","Hamburger SV","TV Grambke Bremen",17,12,TRUE,0,NA,NA,0,0,0,NA,0,0,0,0,0,0,NA,NA,NA,NA,NA,NA,NA,NA,0,0,0,0,NA,NA,NA,NA,NA
"Klaus Porepp","b0396b18-3955-11ef-b5cf-a36230ada079",NA,NA,1973,"10/14/1973","5d9bd488-3960-11ef-a8ba-7b2e16e5ffcd","home","Hamburger SV","TV Grambke Bremen",17,12,TRUE,1,NA,NA,0,0,0,NA,0,0,0,0,0,0,NA,NA,NA,NA,NA,NA,NA,NA,0,0,0,0,NA,NA,NA,NA,NA
"Norbert Germer","b03f8101-3955-11ef-8945-a36230ada079",NA,NA,1973,"10/14/1973","5d9bd488-3960-11ef-a8ba-7b2e16e5ffcd","home","Hamburger SV","TV Grambke Bremen",17,12,TRUE,2,NA,NA,0,0,0,NA,0,0,0,0,0,0,NA,NA,NA,NA,NA,NA,NA,NA,0,0,0,0,NA,NA,NA,NA,NA
"Uwe Tesloff","b049ae56-3955-11ef-a5f7-a36230ada079",NA,NA,1973,"10/14/1973","5d9bd488-3960-11ef-a8ba-7b2e16e5ffcd","home","Hamburger SV","TV Grambke Bremen",17,12,TRUE,1,NA,NA,0,0,0,NA,0,0,0,0,0,0,NA,NA,NA,NA,NA,NA,NA,NA,0,0,0,0,NA,NA,NA,NA,NA
"Hartwig Reich","ba6cb3c8-3955-11ef-9f64-ab397f561917",NA,NA,1973,"10/14/1973","5d9bd488-3960-11ef-a8ba-7b2e16e5ffcd","home","Hamburger SV","TV Grambke Bremen",17,12,TRUE,0,NA,NA,0,0,0,NA,0,0,0,0,0,0,NA,NA,NA,NA,NA,NA,NA,NA,0,0,0,0,NA,NA,NA,NA,NA
"Michael Taubert","ba7ad888-3955-11ef-9650-ab397f561917",NA,NA,1973,"10/14/1973","5d9bd488-3960-11ef-a8ba-7b2e16e5ffcd","home","Hamburger SV","TV Grambke Bremen",17,12,TRUE,0,NA,NA,0,0,0,NA,0,0,0,0,0,0,NA,NA,NA,NA,NA,NA,NA,NA,0,0,0,0,NA,NA,NA,NA,NA
"Dieter Minke","bd0cde0f-3955-11ef-91c1-ab397f561917",NA,NA,1973,"10/14/1973","5d9bd488-3960-11ef-a8ba-7b2e16e5ffcd","home","Hamburger SV","TV Grambke Bremen",17,12,TRUE,1,NA,NA,0,0,0,NA,0,0,0,0,0,0,NA,NA,NA,NA,NA,NA,NA,NA,0,0,0,0,NA,NA,NA,NA,NA
"Hans-Jörg Graeper","964d8ebc-3955-11ef-a25b-292be3190b7b",NA,NA,1973,"10/14/1973","5d9bd488-3960-11ef-a8ba-7b2e16e5ffcd","away","TV Grambke Bremen","Hamburger SV",12,17,FALSE,0,NA,NA,0,0,0,NA,0,0,0,0,0,0,NA,NA,NA,NA,NA,NA,NA,NA,0,0,0,0,NA,NA,NA,NA,NA
"Reiner Witte","983968fe-3955-11ef-96ef-292be3190b7b",NA,NA,1973,"10/14/1973","5d9bd488-3960-11ef-a8ba-7b2e16e5ffcd","away","TV Grambke Bremen","Hamburger SV",12,17,FALSE,0,NA,NA,0,0,0,NA,0,0,0,0,0,0,NA,NA,NA,NA,NA,NA,NA,NA,0,0,0,0,NA,NA,NA,NA,NA
"Rolf Harjes","9854972c-3955-11ef-b163-292be3190b7b",NA,NA,1973,"10/14/1973","5d9bd488-3960-11ef-a8ba-7b2e16e5ffcd","away","TV Grambke Bremen","Hamburger SV",12,17,FALSE,4,NA,NA,0,0,2,NA,0,0,0,0,0,0,NA,NA,NA,NA,NA,NA,NA,NA,0,0,0,0,NA,NA,NA,NA,NA
"Rolf Dierks","a5420b05-3955-11ef-a0f4-2510cc07ea6e",NA,NA,1973,"10/14/1973","5d9bd488-3960-11ef-a8ba-7b2e16e5ffcd","away","TV Grambke Bremen","Hamburger SV",12,17,FALSE,3,NA,NA,0,0,0,NA,0,0,0,0,0,0,NA,NA,NA,NA,NA,NA,NA,NA,0,0,0,0,NA,NA,NA,NA,NA
"Wilfried Lankenau","a547caa3-3955-11ef-8b17-2510cc07ea6e",NA,NA,1973,"10/14/1973","5d9bd488-3960-11ef-a8ba-7b2e16e5ffcd","away","TV Grambke Bremen","Hamburger SV",12,17,FALSE,3,NA,NA,0,0,0,NA,0,0,0,0,0,0,NA,NA,NA,NA,NA,NA,NA,NA,0,0,0,0,NA,NA,NA,NA,NA
"Willi Hohn","a54d65b4-3955-11ef-86a4-2510cc07ea6e",NA,NA,1973,"10/14/1973","5d9bd488-3960-11ef-a8ba-7b2e16e5ffcd","away","TV Grambke Bremen","Hamburger SV",12,17,FALSE,1,NA,NA,0,0,0,NA,0,0,0,0,0,0,NA,NA,NA,NA,NA,NA,NA,NA,0,0,0,0,NA,NA,NA,NA,NA
"Peter Wilde","a5638a05-3955-11ef-8647-2510cc07ea6e",NA,NA,1973,"10/14/1973","5d9bd488-3960-11ef-a8ba-7b2e16e5ffcd","away","TV Grambke Bremen","Hamburger SV",12,17,FALSE,1,NA,NA,0,0,0,NA,0,0,0,0,0,0,NA,NA,NA,NA,NA,NA,NA,NA,0,0,0,0,NA,NA,NA,NA,NA
"Klaus Hohn","baa006c5-3955-11ef-942e-ab397f561917",NA,NA,1973,"10/14/1973","5d9bd488-3960-11ef-a8ba-7b2e16e5ffcd","away","TV Grambke Bremen","Hamburger SV",12,17,FALSE,0,NA,NA,0,0,0,NA,0,0,0,0,0,0,NA,NA,NA,NA,NA,NA,NA,NA,0,0,0,0,NA,NA,NA,NA,NA
"Karl-Heinz Bierwirth","baa76751-3955-11ef-b78b-ab397f561917",NA,NA,1973,"10/14/1973","5d9bd488-3960-11ef-a8ba-7b2e16e5ffcd","away","TV Grambke Bremen","Hamburger SV",12,17,FALSE,0,NA,NA,0,0,0,NA,0,0,0,0,0,0,NA,NA,NA,NA,NA,NA,NA,NA,0,0,0,0,NA,NA,NA,NA,NA
"Günter Heermann","baabe2e5-3955-11ef-9d71-ab397f561917",NA,NA,1973,"10/14/1973","5d9bd488-3960-11ef-a8ba-7b2e16e5ffcd","away","TV Grambke Bremen","Hamburger SV",12,17,FALSE,0,NA,NA,0,0,0,NA,0,0,0,0,0,0,NA,NA,NA,NA,NA,NA,NA,NA,0,0,0,0,NA,NA,NA,NA,NA
"Günter Meßmer","babf1fc6-3955-11ef-975c-ab397f561917",NA,NA,1973,"10/14/1973","5d9bd488-3960-11ef-a8ba-7b2e16e5ffcd","away","TV Grambke Bremen","Hamburger SV",12,17,FALSE,0,NA,NA,0,0,0,NA,0,0,0,0,0,0,NA,NA,NA,NA,NA,NA,NA,NA,0,0,0,0,NA,NA,NA,NA,NA
"Reimer Hinrichs","baf246ff-3955-11ef-b172-ab397f561917",NA,NA,1973,"10/14/1973","5d9bd488-3960-11ef-a8ba-7b2e16e5ffcd","away","TV Grambke Bremen","Hamburger SV",12,17,FALSE,0,NA,NA,0,0,0,NA,0,0,0,0,0,0,NA,NA,NA,NA,NA,NA,NA,NA,0,0,0,0,NA,NA,NA,NA,NA
"Udo Böbel","80d4ba37-3955-11ef-9d8b-b908c60af10a",NA,NA,1973,"10/14/1973","6abaf41d-3960-11ef-811d-2906cc9fb6bc","home","TSV Milbertshofen","TV 1893 Neuhausen",13,8,TRUE,1,NA,NA,0,0,0,NA,0,0,0,0,0,0,NA,NA,NA,NA,NA,NA,NA,NA,0,0,0,0,NA,NA,NA,NA,NA
"Peter Jaschke","8b728782-3955-11ef-8da6-81dc40648355",NA,NA,1973,"10/14/1973","6abaf41d-3960-11ef-811d-2906cc9fb6bc","home","TSV Milbertshofen","TV 1893 Neuhausen",13,8,TRUE,0,NA,NA,0,0,0,NA,0,0,0,0,0,0,NA,NA,NA,NA,NA,NA,NA,NA,0,0,0,0,NA,NA,NA,NA,NA
"Werner Winkelmeier","9712104e-3955-11ef-9613-292be3190b7b",NA,NA,1973,"10/14/1973","6abaf41d-3960-11ef-811d-2906cc9fb6bc","home","TSV Milbertshofen","TV 1893 Neuhausen",13,8,TRUE,3,NA,NA,0,0,0,NA,0,0,0,0,0,0,NA,NA,NA,NA,NA,NA,NA,NA,0,0,0,0,NA,NA,NA,NA,NA
"Gerhard Ochsenkühn","97259ed1-3955-11ef-96ca-292be3190b7b",NA,NA,1973,"10/14/1973","6abaf41d-3960-11ef-811d-2906cc9fb6bc","home","TSV Milbertshofen","TV 1893 Neuhausen",13,8,TRUE,4,NA,NA,0,0,0,NA,0,0,0,0,0,0,NA,NA,NA,NA,NA,NA,NA,NA,0,0,0,0,NA,NA,NA,NA,NA
"Josef Kiener","972d7d47-3955-11ef-a437-292be3190b7b",NA,NA,1973,"10/14/1973","6abaf41d-3960-11ef-811d-2906cc9fb6bc","home","TSV Milbertshofen","TV 1893 Neuhausen",13,8,TRUE,3,NA,NA,0,0,3,NA,0,0,0,0,0,0,NA,NA,NA,NA,NA,NA,NA,NA,0,0,0,0,NA,NA,NA,NA,NA
"Rudolf Dobler","97ac407c-3955-11ef-9ea9-292be3190b7b",NA,NA,1973,"10/14/1973","6abaf41d-3960-11ef-811d-2906cc9fb6bc","home","TSV Milbertshofen","TV 1893 Neuhausen",13,8,TRUE,0,NA,NA,0,0,0,NA,0,0,0,0,0,0,NA,NA,NA,NA,NA,NA,NA,NA,0,0,0,0,NA,NA,NA,NA,NA
"Jochen Heyne","b1c06894-3955-11ef-ab50-a36230ada079",NA,NA,1973,"10/14/1973","6abaf41d-3960-11ef-811d-2906cc9fb6bc","home","TSV Milbertshofen","TV 1893 Neuhausen",13,8,TRUE,2,NA,NA,0,0,0,NA,0,0,0,0,0,0,NA,NA,NA,NA,NA,NA,NA,NA,0,0,0,0,NA,NA,NA,NA,NA
"Helmut Schelchshorn","b1c960ef-3955-11ef-850b-a36230ada079",NA,NA,1973,"10/14/1973","6abaf41d-3960-11ef-811d-2906cc9fb6bc","home","TSV Milbertshofen","TV 1893 Neuhausen",13,8,TRUE,0,NA,NA,0,0,0,NA,0,0,0,0,0,0,NA,NA,NA,NA,NA,NA,NA,NA,0,0,0,0,NA,NA,NA,NA,NA
"Axel Pohl","bc16faf2-3955-11ef-a768-ab397f561917",NA,NA,1973,"10/14/1973","6abaf41d-3960-11ef-811d-2906cc9fb6bc","home","TSV Milbertshofen","TV 1893 Neuhausen",13,8,TRUE,0,NA,NA,0,0,0,NA,0,0,0,0,0,0,NA,NA,NA,NA,NA,NA,NA,NA,0,0,0,0,NA,NA,NA,NA,NA
"Peter Feddern","bc1b1b3e-3955-11ef-9c4e-ab397f561917",NA,NA,1973,"10/14/1973","6abaf41d-3960-11ef-811d-2906cc9fb6bc","home","TSV Milbertshofen","TV 1893 Neuhausen",13,8,TRUE,0,NA,NA,0,0,0,NA,0,0,0,0,0,0,NA,NA,NA,NA,NA,NA,NA,NA,0,0,0,0,NA,NA,NA,NA,NA
"Walter Salzer","8d394c72-3955-11ef-8d73-81dc40648355",NA,NA,1973,"10/14/1973","6abaf41d-3960-11ef-811d-2906cc9fb6bc","away","TV 1893 Neuhausen","TSV Milbertshofen",8,13,FALSE,1,NA,NA,0,0,0,NA,0,0,0,0,0,0,NA,NA,NA,NA,NA,NA,NA,NA,0,0,0,0,NA,NA,NA,NA,NA
"Hermann Fritz","a4231bd1-3955-11ef-8299-2510cc07ea6e",NA,NA,1973,"10/14/1973","6abaf41d-3960-11ef-811d-2906cc9fb6bc","away","TV 1893 Neuhausen","TSV Milbertshofen",8,13,FALSE,0,NA,NA,0,0,0,NA,0,0,0,0,0,0,NA,NA,NA,NA,NA,NA,NA,NA,0,0,0,0,NA,NA,NA,NA,NA
"Klaus Stoll","a42e01cc-3955-11ef-b661-2510cc07ea6e",NA,NA,1973,"10/14/1973","6abaf41d-3960-11ef-811d-2906cc9fb6bc","away","TV 1893 Neuhausen","TSV Milbertshofen",8,13,FALSE,0,NA,NA,0,0,0,NA,0,0,0,0,0,0,NA,NA,NA,NA,NA,NA,NA,NA,0,0,0,0,NA,NA,NA,NA,NA
"Julius Lehmann","a448c9e2-3955-11ef-9bf8-2510cc07ea6e",NA,NA,1973,"10/14/1973","6abaf41d-3960-11ef-811d-2906cc9fb6bc","away","TV 1893 Neuhausen","TSV Milbertshofen",8,13,FALSE,0,NA,NA,0,0,0,NA,0,0,0,0,0,0,NA,NA,NA,NA,NA,NA,NA,NA,0,0,0,0,NA,NA,NA,NA,NA
"Rolf Miller","a4552808-3955-11ef-ac39-2510cc07ea6e",NA,NA,1973,"10/14/1973","6abaf41d-3960-11ef-811d-2906cc9fb6bc","away","TV 1893 Neuhausen","TSV Milbertshofen",8,13,FALSE,0,NA,NA,0,0,0,NA,0,0,0,0,0,0,NA,NA,NA,NA,NA,NA,NA,NA,0,0,0,0,NA,NA,NA,NA,NA
"Manfred Reusch","a45a1b11-3955-11ef-8135-2510cc07ea6e",NA,NA,1973,"10/14/1973","6abaf41d-3960-11ef-811d-2906cc9fb6bc","away","TV 1893 Neuhausen","TSV Milbertshofen",8,13,FALSE,1,NA,NA,0,0,0,NA,0,0,0,0,0,0,NA,NA,NA,NA,NA,NA,NA,NA,0,0,0,0,NA,NA,NA,NA,NA
"Wolfgang Ruoff","b21c931a-3955-11ef-96d4-a36230ada079",NA,NA,1973,"10/14/1973","6abaf41d-3960-11ef-811d-2906cc9fb6bc","away","TV 1893 Neuhausen","TSV Milbertshofen",8,13,FALSE,0,NA,NA,0,0,0,NA,0,0,0,0,0,0,NA,NA,NA,NA,NA,NA,NA,NA,0,0,0,0,NA,NA,NA,NA,NA
"Johann Högl","b2211f04-3955-11ef-a5bd-a36230ada079",NA,NA,1973,"10/14/1973","6abaf41d-3960-11ef-811d-2906cc9fb6bc","away","TV 1893 Neuhausen","TSV Milbertshofen",8,13,FALSE,1,NA,NA,0,0,0,NA,0,0,0,0,0,0,NA,NA,NA,NA,NA,NA,NA,NA,0,0,0,0,NA,NA,NA,NA,NA
"Martin Streicher","b2277c0b-3955-11ef-b9c1-a36230ada079",NA,NA,1973,"10/14/1973","6abaf41d-3960-11ef-811d-2906cc9fb6bc","away","TV 1893 Neuhausen","TSV Milbertshofen",8,13,FALSE,0,NA,NA,0,0,0,NA,0,0,0,0,0,0,NA,NA,NA,NA,NA,NA,NA,NA,0,0,0,0,NA,NA,NA,NA,NA
"Kurt Reusch","b22cb722-3955-11ef-b081-a36230ada079",NA,NA,1973,"10/14/1973","6abaf41d-3960-11ef-811d-2906cc9fb6bc","away","TV 1893 Neuhausen","TSV Milbertshofen",8,13,FALSE,4,NA,NA,0,0,2,NA,0,0,0,0,0,0,NA,NA,NA,NA,NA,NA,NA,NA,0,0,0,0,NA,NA,NA,NA,NA
"Bernd Scheid","c71f654f-3955-11ef-a98f-157c9bc18a5f",NA,NA,1973,"10/14/1973","6abaf41d-3960-11ef-811d-2906cc9fb6bc","away","TV 1893 Neuhausen","TSV Milbertshofen",8,13,FALSE,1,NA,NA,0,0,0,NA,0,0,0,0,0,0,NA,NA,NA,NA,NA,NA,NA,NA,0,0,0,0,NA,NA,NA,NA,NA
"Klaus Streicher","c728c012-3955-11ef-9cab-157c9bc18a5f",NA,NA,1973,"10/14/1973","6abaf41d-3960-11ef-811d-2906cc9fb6bc","away","TV 1893 Neuhausen","TSV Milbertshofen",8,13,FALSE,0,NA,NA,0,0,0,NA,0,0,0,0,0,0,NA,NA,NA,NA,NA,NA,NA,NA,0,0,0,0,NA,NA,NA,NA,NA
"Heiner Brand","44e82d45-3955-11ef-bc71-4fa817cd91bb",NA,NA,1973,"10/20/1973","5b8ae601-3960-11ef-9048-7b2e16e5ffcd","home","VfL Gummersbach","SC Phönix Essen 1920",23,15,TRUE,1,NA,NA,0,0,0,NA,0,0,0,0,0,0,NA,NA,NA,NA,NA,NA,NA,NA,0,0,0,0,NA,NA,NA,NA,NA
"Klaus Westebbe","8c58f63a-3955-11ef-b65e-81dc40648355",NA,NA,1973,"10/20/1973","5b8ae601-3960-11ef-9048-7b2e16e5ffcd","home","VfL Gummersbach","SC Phönix Essen 1920",23,15,TRUE,5,NA,NA,0,0,0,NA,0,0,0,0,0,0,NA,NA,NA,NA,NA,NA,NA,NA,0,0,0,0,NA,NA,NA,NA,NA
"Klaus Kater","8da1f6ef-3955-11ef-b31a-81dc40648355",NA,NA,1973,"10/20/1973","5b8ae601-3960-11ef-9048-7b2e16e5ffcd","home","VfL Gummersbach","SC Phönix Essen 1920",23,15,TRUE,0,NA,NA,0,0,0,NA,0,0,0,0,0,0,NA,NA,NA,NA,NA,NA,NA,NA,0,0,0,0,NA,NA,NA,NA,NA
"Klaus Schlagheck","97a06613-3955-11ef-8056-292be3190b7b",NA,NA,1973,"10/20/1973","5b8ae601-3960-11ef-9048-7b2e16e5ffcd","home","VfL Gummersbach","SC Phönix Essen 1920",23,15,TRUE,4,NA,NA,0,0,0,NA,0,0,0,0,0,0,NA,NA,NA,NA,NA,NA,NA,NA,0,0,0,0,NA,NA,NA,NA,NA
"Joachim Deckarm","9976945f-3955-11ef-afc4-292be3190b7b",NA,NA,1973,"10/20/1973","5b8ae601-3960-11ef-9048-7b2e16e5ffcd","home","VfL Gummersbach","SC Phönix Essen 1920",23,15,TRUE,2,NA,NA,0,0,0,NA,0,0,0,0,0,0,NA,NA,NA,NA,NA,NA,NA,NA,0,0,0,0,NA,NA,NA,NA,NA
"Achim Henseler","a182e874-3955-11ef-95ce-2510cc07ea6e",NA,NA,1973,"10/20/1973","5b8ae601-3960-11ef-9048-7b2e16e5ffcd","home","VfL Gummersbach","SC Phönix Essen 1920",23,15,TRUE,1,NA,NA,0,0,0,NA,0,0,0,0,0,0,NA,NA,NA,NA,NA,NA,NA,NA,0,0,0,0,NA,NA,NA,NA,NA
"Jochen Feldhoff","a32751a5-3955-11ef-badf-2510cc07ea6e",NA,NA,1973,"10/20/1973","5b8ae601-3960-11ef-9048-7b2e16e5ffcd","home","VfL Gummersbach","SC Phönix Essen 1920",23,15,TRUE,1,NA,NA,0,0,0,NA,0,0,0,0,0,0,NA,NA,NA,NA,NA,NA,NA,NA,0,0,0,0,NA,NA,NA,NA,NA
"Werner Lettgen","ae263c3c-3955-11ef-96f7-a36230ada079",NA,NA,1973,"10/20/1973","5b8ae601-3960-11ef-9048-7b2e16e5ffcd","home","VfL Gummersbach","SC Phönix Essen 1920",23,15,TRUE,1,NA,NA,0,0,0,NA,0,0,0,0,0,0,NA,NA,NA,NA,NA,NA,NA,NA,0,0,0,0,NA,NA,NA,NA,NA
"Hans-Günther Schmidt","aff5702f-3955-11ef-9878-a36230ada079",NA,NA,1973,"10/20/1973","5b8ae601-3960-11ef-9048-7b2e16e5ffcd","home","VfL Gummersbach","SC Phönix Essen 1920",23,15,TRUE,7,NA,NA,0,0,3,NA,0,0,0,0,0,0,NA,NA,NA,NA,NA,NA,NA,NA,0,0,0,0,NA,NA,NA,NA,NA
"Helmut Kosmehl","bc7d7cdd-3955-11ef-a338-ab397f561917",NA,NA,1973,"10/20/1973","5b8ae601-3960-11ef-9048-7b2e16e5ffcd","home","VfL Gummersbach","SC Phönix Essen 1920",23,15,TRUE,1,NA,NA,0,0,0,NA,0,0,0,0,0,0,NA,NA,NA,NA,NA,NA,NA,NA,0,0,0,0,NA,NA,NA,NA,NA
"Bruno Zay","bce5dbb8-3955-11ef-ac9b-ab397f561917",NA,NA,1973,"10/20/1973","5b8ae601-3960-11ef-9048-7b2e16e5ffcd","home","VfL Gummersbach","SC Phönix Essen 1920",23,15,TRUE,0,NA,NA,0,0,0,NA,0,0,0,0,0,0,NA,NA,NA,NA,NA,NA,NA,NA,0,0,0,0,NA,NA,NA,NA,NA
"Ulrich Eikermann","73a211c9-3955-11ef-8f8f-51fdf2a82730",NA,NA,1973,"10/20/1973","5b8ae601-3960-11ef-9048-7b2e16e5ffcd","away","SC Phönix Essen 1920","VfL Gummersbach",15,23,FALSE,2,NA,NA,0,0,0,NA,0,0,0,0,0,0,NA,NA,NA,NA,NA,NA,NA,NA,0,0,0,0,NA,NA,NA,NA,NA
"Horst Weise","8df6e46b-3955-11ef-9ec8-81dc40648355",NA,NA,1973,"10/20/1973","5b8ae601-3960-11ef-9048-7b2e16e5ffcd","away","SC Phönix Essen 1920","VfL Gummersbach",15,23,FALSE,1,NA,NA,0,0,1,NA,0,0,0,0,0,0,NA,NA,NA,NA,NA,NA,NA,NA,0,0,0,0,NA,NA,NA,NA,NA
"Heinz Oberscheidt","a5ae94f2-3955-11ef-91fc-2510cc07ea6e",NA,NA,1973,"10/20/1973","5b8ae601-3960-11ef-9048-7b2e16e5ffcd","away","SC Phönix Essen 1920","VfL Gummersbach",15,23,FALSE,4,NA,NA,0,0,0,NA,0,0,0,0,0,0,NA,NA,NA,NA,NA,NA,NA,NA,0,0,0,0,NA,NA,NA,NA,NA
"Werner Jeckstedt","a5bb8d23-3955-11ef-8362-2510cc07ea6e",NA,NA,1973,"10/20/1973","5b8ae601-3960-11ef-9048-7b2e16e5ffcd","away","SC Phönix Essen 1920","VfL Gummersbach",15,23,FALSE,0,NA,NA,0,0,0,NA,0,0,0,0,0,0,NA,NA,NA,NA,NA,NA,NA,NA,0,0,0,0,NA,NA,NA,NA,NA
"Ingo Callies","b0b0659b-3955-11ef-87aa-a36230ada079",NA,NA,1973,"10/20/1973","5b8ae601-3960-11ef-9048-7b2e16e5ffcd","away","SC Phönix Essen 1920","VfL Gummersbach",15,23,FALSE,3,NA,NA,0,0,0,NA,0,0,0,0,0,0,NA,NA,NA,NA,NA,NA,NA,NA,0,0,0,0,NA,NA,NA,NA,NA
"Bernd Tolksdorf","bae02284-3955-11ef-b577-ab397f561917",NA,NA,1973,"10/20/1973","5b8ae601-3960-11ef-9048-7b2e16e5ffcd","away","SC Phönix Essen 1920","VfL Gummersbach",15,23,FALSE,0,NA,NA,0,0,0,NA,0,0,0,0,0,0,NA,NA,NA,NA,NA,NA,NA,NA,0,0,0,0,NA,NA,NA,NA,NA
"Klaus Kirschner","bae43a44-3955-11ef-ae7c-ab397f561917",NA,NA,1973,"10/20/1973","5b8ae601-3960-11ef-9048-7b2e16e5ffcd","away","SC Phönix Essen 1920","VfL Gummersbach",15,23,FALSE,2,NA,NA,0,0,0,NA,0,0,0,0,0,0,NA,NA,NA,NA,NA,NA,NA,NA,0,0,0,0,NA,NA,NA,NA,NA
"Thomas Paap","bd3c2a13-3955-11ef-8b3c-ab397f561917",NA,NA,1973,"10/20/1973","5b8ae601-3960-11ef-9048-7b2e16e5ffcd","away","SC Phönix Essen 1920","VfL Gummersbach",15,23,FALSE,0,NA,NA,0,0,0,NA,0,0,0,0,0,0,NA,NA,NA,NA,NA,NA,NA,NA,0,0,0,0,NA,NA,NA,NA,NA
"Manfred Schaper","bd401c7e-3955-11ef-8d67-ab397f561917",NA,NA,1973,"10/20/1973","5b8ae601-3960-11ef-9048-7b2e16e5ffcd","away","SC Phönix Essen 1920","VfL Gummersbach",15,23,FALSE,0,NA,NA,0,0,0,NA,0,0,0,0,0,0,NA,NA,NA,NA,NA,NA,NA,NA,0,0,0,0,NA,NA,NA,NA,NA
"Norbert Kroker","bd441662-3955-11ef-b771-ab397f561917",NA,NA,1973,"10/20/1973","5b8ae601-3960-11ef-9048-7b2e16e5ffcd","away","SC Phönix Essen 1920","VfL Gummersbach",15,23,FALSE,1,NA,NA,0,0,1,NA,0,0,0,0,0,0,NA,NA,NA,NA,NA,NA,NA,NA,0,0,0,0,NA,NA,NA,NA,NA
"Manfred Wolf","bd4f3381-3955-11ef-904e-ab397f561917",NA,NA,1973,"10/20/1973","5b8ae601-3960-11ef-9048-7b2e16e5ffcd","away","SC Phönix Essen 1920","VfL Gummersbach",15,23,FALSE,2,NA,NA,0,0,0,NA,0,0,0,0,0,0,NA,NA,NA,NA,NA,NA,NA,NA,0,0,0,0,NA,NA,NA,NA,NA
"Michael Hattig","bd52f5b1-3955-11ef-ba0c-ab397f561917",NA,NA,1973,"10/20/1973","5b8ae601-3960-11ef-9048-7b2e16e5ffcd","away","SC Phönix Essen 1920","VfL Gummersbach",15,23,FALSE,0,NA,NA,0,0,0,NA,0,0,0,0,0,0,NA,NA,NA,NA,NA,NA,NA,NA,0,0,0,0,NA,NA,NA,NA,NA
"Bernhard Busch","8dc9280f-3955-11ef-80e2-81dc40648355",NA,NA,1973,"10/20/1973","5ccbc83d-3960-11ef-8ecd-7b2e16e5ffcd","home","GWD Minden","TuS 05 Wellinghofen",11,9,TRUE,0,NA,NA,0,0,0,NA,0,0,0,0,0,0,NA,NA,NA,NA,NA,NA,NA,NA,0,0,0,0,NA,NA,NA,NA,NA
"Gerd Becker","96f1e245-3955-11ef-80bc-292be3190b7b",NA,NA,1973,"10/20/1973","5ccbc83d-3960-11ef-8ecd-7b2e16e5ffcd","home","GWD Minden","TuS 05 Wellinghofen",11,9,TRUE,1,NA,NA,0,0,0,NA,0,0,0,0,0,0,NA,NA,NA,NA,NA,NA,NA,NA,0,0,0,0,NA,NA,NA,NA,NA
"Gerald Schüler","96fc1532-3955-11ef-bddd-292be3190b7b",NA,NA,1973,"10/20/1973","5ccbc83d-3960-11ef-8ecd-7b2e16e5ffcd","home","GWD Minden","TuS 05 Wellinghofen",11,9,TRUE,1,NA,NA,0,0,0,NA,0,0,0,0,0,0,NA,NA,NA,NA,NA,NA,NA,NA,0,0,0,0,NA,NA,NA,NA,NA
"Martin Karcher","980f80ce-3955-11ef-8054-292be3190b7b",NA,NA,1973,"10/20/1973","5ccbc83d-3960-11ef-8ecd-7b2e16e5ffcd","home","GWD Minden","TuS 05 Wellinghofen",11,9,TRUE,0,NA,NA,0,0,0,NA,0,0,0,0,0,0,NA,NA,NA,NA,NA,NA,NA,NA,0,0,0,0,NA,NA,NA,NA,NA
"Gerhard Buddenbohm","98e2ecac-3955-11ef-b2de-292be3190b7b",NA,NA,1973,"10/20/1973","5ccbc83d-3960-11ef-8ecd-7b2e16e5ffcd","home","GWD Minden","TuS 05 Wellinghofen",11,9,TRUE,1,NA,NA,0,0,0,NA,0,0,0,0,0,0,NA,NA,NA,NA,NA,NA,NA,NA,0,0,0,0,NA,NA,NA,NA,NA
"Hans Kramer","98f50290-3955-11ef-8aa8-292be3190b7b",NA,NA,1973,"10/20/1973","5ccbc83d-3960-11ef-8ecd-7b2e16e5ffcd","home","GWD Minden","TuS 05 Wellinghofen",11,9,TRUE,1,NA,NA,0,0,0,NA,0,0,0,0,0,0,NA,NA,NA,NA,NA,NA,NA,NA,0,0,0,0,NA,NA,NA,NA,NA
"Jobst-Erich Rehse","b00be251-3955-11ef-ac35-a36230ada079",NA,NA,1973,"10/20/1973","5ccbc83d-3960-11ef-8ecd-7b2e16e5ffcd","home","GWD Minden","TuS 05 Wellinghofen",11,9,TRUE,0,NA,NA,0,0,0,NA,0,0,0,0,0,0,NA,NA,NA,NA,NA,NA,NA,NA,0,0,0,0,NA,NA,NA,NA,NA
"Bernd Munck","ba5ee5e3-3955-11ef-9f80-ab397f561917",NA,NA,1973,"10/20/1973","5ccbc83d-3960-11ef-8ecd-7b2e16e5ffcd","home","GWD Minden","TuS 05 Wellinghofen",11,9,TRUE,3,NA,NA,0,0,2,NA,0,0,0,0,0,0,NA,NA,NA,NA,NA,NA,NA,NA,0,0,0,0,NA,NA,NA,NA,NA
"Wilfried Drögemeier","ba63ada7-3955-11ef-a04d-ab397f561917",NA,NA,1973,"10/20/1973","5ccbc83d-3960-11ef-8ecd-7b2e16e5ffcd","home","GWD Minden","TuS 05 Wellinghofen",11,9,TRUE,1,NA,NA,0,0,0,NA,0,0,0,0,0,0,NA,NA,NA,NA,NA,NA,NA,NA,0,0,0,0,NA,NA,NA,NA,NA
"Hartmut Weng","bcf706ec-3955-11ef-b4f7-ab397f561917",NA,NA,1973,"10/20/1973","5ccbc83d-3960-11ef-8ecd-7b2e16e5ffcd","home","GWD Minden","TuS 05 Wellinghofen",11,9,TRUE,0,NA,NA,0,0,0,NA,0,0,0,0,0,0,NA,NA,NA,NA,NA,NA,NA,NA,0,0,0,0,NA,NA,NA,NA,NA
"Otto Weng","bcfbec1c-3955-11ef-b4f4-ab397f561917",NA,NA,1973,"10/20/1973","5ccbc83d-3960-11ef-8ecd-7b2e16e5ffcd","home","GWD Minden","TuS 05 Wellinghofen",11,9,TRUE,3,NA,NA,0,0,1,NA,0,0,0,0,0,0,NA,NA,NA,NA,NA,NA,NA,NA,0,0,0,0,NA,NA,NA,NA,NA
"Karl-Heinz Schulz","72847241-3955-11ef-8bd4-51fdf2a82730",NA,NA,1973,"10/20/1973","5ccbc83d-3960-11ef-8ecd-7b2e16e5ffcd","away","TuS 05 Wellinghofen","GWD Minden",9,11,FALSE,0,NA,NA,0,0,0,NA,0,0,0,0,0,0,NA,NA,NA,NA,NA,NA,NA,NA,0,0,0,0,NA,NA,NA,NA,NA
"Heiner Möller","8d7571e4-3955-11ef-b1d3-81dc40648355",NA,NA,1973,"10/20/1973","5ccbc83d-3960-11ef-8ecd-7b2e16e5ffcd","away","TuS 05 Wellinghofen","GWD Minden",9,11,FALSE,1,NA,NA,0,0,0,NA,0,0,0,0,0,0,NA,NA,NA,NA,NA,NA,NA,NA,0,0,0,0,NA,NA,NA,NA,NA
"Hans-Peter Neuhaus","8d9d3887-3955-11ef-80a3-81dc40648355",NA,NA,1973,"10/20/1973","5ccbc83d-3960-11ef-8ecd-7b2e16e5ffcd","away","TuS 05 Wellinghofen","GWD Minden",9,11,FALSE,0,NA,NA,0,0,0,NA,0,0,0,0,0,0,NA,NA,NA,NA,NA,NA,NA,NA,0,0,0,0,NA,NA,NA,NA,NA
"Karl-Heinz Nolde","a33d5c4a-3955-11ef-b577-2510cc07ea6e",NA,NA,1973,"10/20/1973","5ccbc83d-3960-11ef-8ecd-7b2e16e5ffcd","away","TuS 05 Wellinghofen","GWD Minden",9,11,FALSE,0,NA,NA,0,0,0,NA,0,0,0,0,0,0,NA,NA,NA,NA,NA,NA,NA,NA,0,0,0,0,NA,NA,NA,NA,NA
"Rainer Gosewinkel","a4d61156-3955-11ef-8406-2510cc07ea6e",NA,NA,1973,"10/20/1973","5ccbc83d-3960-11ef-8ecd-7b2e16e5ffcd","away","TuS 05 Wellinghofen","GWD Minden",9,11,FALSE,2,NA,NA,0,0,2,NA,0,0,0,0,0,0,NA,NA,NA,NA,NA,NA,NA,NA,0,0,0,0,NA,NA,NA,NA,NA
"Klaus Erwe","a4f54a19-3955-11ef-b48a-2510cc07ea6e",NA,NA,1973,"10/20/1973","5ccbc83d-3960-11ef-8ecd-7b2e16e5ffcd","away","TuS 05 Wellinghofen","GWD Minden",9,11,FALSE,1,NA,NA,0,0,0,NA,0,0,0,0,0,0,NA,NA,NA,NA,NA,NA,NA,NA,0,0,0,0,NA,NA,NA,NA,NA
"Burkhard Gröning","a52c6e4f-3955-11ef-a576-2510cc07ea6e",NA,NA,1973,"10/20/1973","5ccbc83d-3960-11ef-8ecd-7b2e16e5ffcd","away","TuS 05 Wellinghofen","GWD Minden",9,11,FALSE,4,NA,NA,0,0,1,NA,0,0,0,0,0,0,NA,NA,NA,NA,NA,NA,NA,NA,0,0,0,0,NA,NA,NA,NA,NA
"Klaus Tiews","a531838f-3955-11ef-8e99-2510cc07ea6e",NA,NA,1973,"10/20/1973","5ccbc83d-3960-11ef-8ecd-7b2e16e5ffcd","away","TuS 05 Wellinghofen","GWD Minden",9,11,FALSE,0,NA,NA,0,0,0,NA,0,0,0,0,0,0,NA,NA,NA,NA,NA,NA,NA,NA,0,0,0,0,NA,NA,NA,NA,NA
"Ulrich Staege","b05c5beb-3955-11ef-a7d6-a36230ada079",NA,NA,1973,"10/20/1973","5ccbc83d-3960-11ef-8ecd-7b2e16e5ffcd","away","TuS 05 Wellinghofen","GWD Minden",9,11,FALSE,0,NA,NA,0,0,0,NA,0,0,0,0,0,0,NA,NA,NA,NA,NA,NA,NA,NA,0,0,0,0,NA,NA,NA,NA,NA
"Herbert Rogge","b06614d7-3955-11ef-a43b-a36230ada079",NA,NA,1973,"10/20/1973","5ccbc83d-3960-11ef-8ecd-7b2e16e5ffcd","away","TuS 05 Wellinghofen","GWD Minden",9,11,FALSE,1,NA,NA,0,0,0,NA,0,0,0,0,0,0,NA,NA,NA,NA,NA,NA,NA,NA,0,0,0,0,NA,NA,NA,NA,NA
"Hans-Jürgen Sengera","ba7fae8e-3955-11ef-80e4-ab397f561917",NA,NA,1973,"10/20/1973","5ccbc83d-3960-11ef-8ecd-7b2e16e5ffcd","away","TuS 05 Wellinghofen","GWD Minden",9,11,FALSE,0,NA,NA,0,0,0,NA,0,0,0,0,0,0,NA,NA,NA,NA,NA,NA,NA,NA,0,0,0,0,NA,NA,NA,NA,NA
"Hans-Jörg Graeper","964d8ebc-3955-11ef-a25b-292be3190b7b",NA,NA,1973,"10/20/1973","6562bea5-3960-11ef-b213-2906cc9fb6bc","home","TV Grambke Bremen","Füchse Berlin",29,14,TRUE,3,NA,NA,0,0,1,NA,0,0,0,0,0,0,NA,NA,NA,NA,NA,NA,NA,NA,0,0,0,0,NA,NA,NA,NA,NA
"Rolf Harjes","9854972c-3955-11ef-b163-292be3190b7b",NA,NA,1973,"10/20/1973","6562bea5-3960-11ef-b213-2906cc9fb6bc","home","TV Grambke Bremen","Füchse Berlin",29,14,TRUE,10,NA,NA,0,0,5,NA,0,0,0,0,0,0,NA,NA,NA,NA,NA,NA,NA,NA,0,0,0,0,NA,NA,NA,NA,NA
"Rolf Dierks","a5420b05-3955-11ef-a0f4-2510cc07ea6e",NA,NA,1973,"10/20/1973","6562bea5-3960-11ef-b213-2906cc9fb6bc","home","TV Grambke Bremen","Füchse Berlin",29,14,TRUE,3,NA,NA,0,0,0,NA,0,0,0,0,0,0,NA,NA,NA,NA,NA,NA,NA,NA,0,0,0,0,NA,NA,NA,NA,NA
"Wilfried Lankenau","a547caa3-3955-11ef-8b17-2510cc07ea6e",NA,NA,1973,"10/20/1973","6562bea5-3960-11ef-b213-2906cc9fb6bc","home","TV Grambke Bremen","Füchse Berlin",29,14,TRUE,7,NA,NA,0,0,0,NA,0,0,0,0,0,0,NA,NA,NA,NA,NA,NA,NA,NA,0,0,0,0,NA,NA,NA,NA,NA
"Willi Hohn","a54d65b4-3955-11ef-86a4-2510cc07ea6e",NA,NA,1973,"10/20/1973","6562bea5-3960-11ef-b213-2906cc9fb6bc","home","TV Grambke Bremen","Füchse Berlin",29,14,TRUE,0,NA,NA,0,0,0,NA,0,0,0,0,0,0,NA,NA,NA,NA,NA,NA,NA,NA,0,0,0,0,NA,NA,NA,NA,NA
"Peter Wilde","a5638a05-3955-11ef-8647-2510cc07ea6e",NA,NA,1973,"10/20/1973","6562bea5-3960-11ef-b213-2906cc9fb6bc","home","TV Grambke Bremen","Füchse Berlin",29,14,TRUE,0,NA,NA,0,0,0,NA,0,0,0,0,0,0,NA,NA,NA,NA,NA,NA,NA,NA,0,0,0,0,NA,NA,NA,NA,NA
"Rainer Lange","ba95832e-3955-11ef-aa24-ab397f561917",NA,NA,1973,"10/20/1973","6562bea5-3960-11ef-b213-2906cc9fb6bc","home","TV Grambke Bremen","Füchse Berlin",29,14,TRUE,1,NA,NA,0,0,0,NA,0,0,0,0,0,0,NA,NA,NA,NA,NA,NA,NA,NA,0,0,0,0,NA,NA,NA,NA,NA
"Klaus Hohn","baa006c5-3955-11ef-942e-ab397f561917",NA,NA,1973,"10/20/1973","6562bea5-3960-11ef-b213-2906cc9fb6bc","home","TV Grambke Bremen","Füchse Berlin",29,14,TRUE,0,NA,NA,0,0,0,NA,0,0,0,0,0,0,NA,NA,NA,NA,NA,NA,NA,NA,0,0,0,0,NA,NA,NA,NA,NA
"Karl-Heinz Bierwirth","baa76751-3955-11ef-b78b-ab397f561917",NA,NA,1973,"10/20/1973","6562bea5-3960-11ef-b213-2906cc9fb6bc","home","TV Grambke Bremen","Füchse Berlin",29,14,TRUE,1,NA,NA,0,0,0,NA,0,0,0,0,0,0,NA,NA,NA,NA,NA,NA,NA,NA,0,0,0,0,NA,NA,NA,NA,NA
"Günter Heermann","baabe2e5-3955-11ef-9d71-ab397f561917",NA,NA,1973,"10/20/1973","6562bea5-3960-11ef-b213-2906cc9fb6bc","home","TV Grambke Bremen","Füchse Berlin",29,14,TRUE,3,NA,NA,0,0,0,NA,0,0,0,0,0,0,NA,NA,NA,NA,NA,NA,NA,NA,0,0,0,0,NA,NA,NA,NA,NA
"Günter Meßmer","babf1fc6-3955-11ef-975c-ab397f561917",NA,NA,1973,"10/20/1973","6562bea5-3960-11ef-b213-2906cc9fb6bc","home","TV Grambke Bremen","Füchse Berlin",29,14,TRUE,1,NA,NA,0,0,0,NA,0,0,0,0,0,0,NA,NA,NA,NA,NA,NA,NA,NA,0,0,0,0,NA,NA,NA,NA,NA
"Reimer Hinrichs","baf246ff-3955-11ef-b172-ab397f561917",NA,NA,1973,"10/20/1973","6562bea5-3960-11ef-b213-2906cc9fb6bc","home","TV Grambke Bremen","Füchse Berlin",29,14,TRUE,0,NA,NA,0,0,0,NA,0,0,0,0,0,0,NA,NA,NA,NA,NA,NA,NA,NA,0,0,0,0,NA,NA,NA,NA,NA
"Horst Rampp","8c760463-3955-11ef-b11d-81dc40648355",NA,NA,1973,"10/20/1973","6562bea5-3960-11ef-b213-2906cc9fb6bc","away","Füchse Berlin","TV Grambke Bremen",14,29,FALSE,0,NA,NA,0,0,0,NA,0,0,0,0,0,0,NA,NA,NA,NA,NA,NA,NA,NA,0,0,0,0,NA,NA,NA,NA,NA
"Bernd Dibbert","a5e7e77c-3955-11ef-a806-2510cc07ea6e",NA,NA,1973,"10/20/1973","6562bea5-3960-11ef-b213-2906cc9fb6bc","away","Füchse Berlin","TV Grambke Bremen",14,29,FALSE,0,NA,NA,0,0,0,NA,0,0,0,0,0,0,NA,NA,NA,NA,NA,NA,NA,NA,0,0,0,0,NA,NA,NA,NA,NA
"Diethard Finkelmann","a60bdcf9-3955-11ef-bfa1-2510cc07ea6e",NA,NA,1973,"10/20/1973","6562bea5-3960-11ef-b213-2906cc9fb6bc","away","Füchse Berlin","TV Grambke Bremen",14,29,FALSE,3,NA,NA,0,0,1,NA,0,0,0,0,0,0,NA,NA,NA,NA,NA,NA,NA,NA,0,0,0,0,NA,NA,NA,NA,NA
"Jochen Oermann","b193e84b-3955-11ef-bdbf-a36230ada079",NA,NA,1973,"10/20/1973","6562bea5-3960-11ef-b213-2906cc9fb6bc","away","Füchse Berlin","TV Grambke Bremen",14,29,FALSE,0,NA,NA,0,0,0,NA,0,0,0,0,0,0,NA,NA,NA,NA,NA,NA,NA,NA,0,0,0,0,NA,NA,NA,NA,NA
"Detlef Finkelmann","b1a8f927-3955-11ef-a009-a36230ada079",NA,NA,1973,"10/20/1973","6562bea5-3960-11ef-b213-2906cc9fb6bc","away","Füchse Berlin","TV Grambke Bremen",14,29,FALSE,2,NA,NA,0,0,0,NA,0,0,0,0,0,0,NA,NA,NA,NA,NA,NA,NA,NA,0,0,0,0,NA,NA,NA,NA,NA
"Bernd Goerigk","b1b21b0c-3955-11ef-a303-a36230ada079",NA,NA,1973,"10/20/1973","6562bea5-3960-11ef-b213-2906cc9fb6bc","away","Füchse Berlin","TV Grambke Bremen",14,29,FALSE,1,NA,NA,0,0,0,NA,0,0,0,0,0,0,NA,NA,NA,NA,NA,NA,NA,NA,0,0,0,0,NA,NA,NA,NA,NA
"Lutz Loewke","b1b73b08-3955-11ef-b76a-a36230ada079",NA,NA,1973,"10/20/1973","6562bea5-3960-11ef-b213-2906cc9fb6bc","away","Füchse Berlin","TV Grambke Bremen",14,29,FALSE,2,NA,NA,0,0,1,NA,0,0,0,0,0,0,NA,NA,NA,NA,NA,NA,NA,NA,0,0,0,0,NA,NA,NA,NA,NA
"Werner Reinke","b1bc1a3c-3955-11ef-8a0a-a36230ada079",NA,NA,1973,"10/20/1973","6562bea5-3960-11ef-b213-2906cc9fb6bc","away","Füchse Berlin","TV Grambke Bremen",14,29,FALSE,0,NA,NA,0,0,0,NA,0,0,0,0,0,0,NA,NA,NA,NA,NA,NA,NA,NA,0,0,0,0,NA,NA,NA,NA,NA
"Sigmar Artelt","bdbc9392-3955-11ef-a3be-ab397f561917",NA,NA,1973,"10/20/1973","6562bea5-3960-11ef-b213-2906cc9fb6bc","away","Füchse Berlin","TV Grambke Bremen",14,29,FALSE,3,NA,NA,0,0,0,NA,0,0,0,0,0,0,NA,NA,NA,NA,NA,NA,NA,NA,0,0,0,0,NA,NA,NA,NA,NA
"Uwe Fröhlich","bdc4fe1a-3955-11ef-aa4f-ab397f561917",NA,NA,1973,"10/20/1973","6562bea5-3960-11ef-b213-2906cc9fb6bc","away","Füchse Berlin","TV Grambke Bremen",14,29,FALSE,1,NA,NA,0,0,0,NA,0,0,0,0,0,0,NA,NA,NA,NA,NA,NA,NA,NA,0,0,0,0,NA,NA,NA,NA,NA
"Henry Johannes","bdc98fce-3955-11ef-9f6e-ab397f561917",NA,NA,1973,"10/20/1973","6562bea5-3960-11ef-b213-2906cc9fb6bc","away","Füchse Berlin","TV Grambke Bremen",14,29,FALSE,1,NA,NA,0,0,0,NA,0,0,0,0,0,0,NA,NA,NA,NA,NA,NA,NA,NA,0,0,0,0,NA,NA,NA,NA,NA
"Horst Waisznor","bdce772f-3955-11ef-a781-ab397f561917",NA,NA,1973,"10/20/1973","6562bea5-3960-11ef-b213-2906cc9fb6bc","away","Füchse Berlin","TV Grambke Bremen",14,29,FALSE,1,NA,NA,0,0,0,NA,0,0,0,0,0,0,NA,NA,NA,NA,NA,NA,NA,NA,0,0,0,0,NA,NA,NA,NA,NA
"Walter Don","73f54ad3-3955-11ef-b2c6-51fdf2a82730",NA,NA,1973,"10/20/1973","677d4c2b-3960-11ef-99ee-2906cc9fb6bc","home","TV 05/07 Hüttenberg","FRISCH AUF! Göppingen",20,19,TRUE,1,NA,NA,0,0,0,NA,0,0,0,0,0,0,NA,NA,NA,NA,NA,NA,NA,NA,0,0,0,0,NA,NA,NA,NA,NA
"Siegfried Weber","807d098c-3955-11ef-8827-b908c60af10a",NA,NA,1973,"10/20/1973","677d4c2b-3960-11ef-99ee-2906cc9fb6bc","home","TV 05/07 Hüttenberg","FRISCH AUF! Göppingen",20,19,TRUE,0,NA,NA,0,0,0,NA,0,0,0,0,0,0,NA,NA,NA,NA,NA,NA,NA,NA,0,0,0,0,NA,NA,NA,NA,NA
"Horst Spengler","80adf446-3955-11ef-a1e6-b908c60af10a",NA,NA,1973,"10/20/1973","677d4c2b-3960-11ef-99ee-2906cc9fb6bc","home","TV 05/07 Hüttenberg","FRISCH AUF! Göppingen",20,19,TRUE,7,NA,NA,0,0,3,NA,0,0,0,0,0,0,NA,NA,NA,NA,NA,NA,NA,NA,0,0,0,0,NA,NA,NA,NA,NA
"Peter Barthelmey","99855e8f-3955-11ef-b9a4-292be3190b7b",NA,NA,1973,"10/20/1973","677d4c2b-3960-11ef-99ee-2906cc9fb6bc","home","TV 05/07 Hüttenberg","FRISCH AUF! Göppingen",20,19,TRUE,3,NA,NA,0,0,0,NA,0,0,0,0,0,0,NA,NA,NA,NA,NA,NA,NA,NA,0,0,0,0,NA,NA,NA,NA,NA
"Richard Boczkowski","a1b43836-3955-11ef-934f-2510cc07ea6e",NA,NA,1973,"10/20/1973","677d4c2b-3960-11ef-99ee-2906cc9fb6bc","home","TV 05/07 Hüttenberg","FRISCH AUF! Göppingen",20,19,TRUE,0,NA,NA,0,0,0,NA,0,0,0,0,0,0,NA,NA,NA,NA,NA,NA,NA,NA,0,0,0,0,NA,NA,NA,NA,NA
"Norbert Bach","a3be6ba6-3955-11ef-9511-2510cc07ea6e",NA,NA,1973,"10/20/1973","677d4c2b-3960-11ef-99ee-2906cc9fb6bc","home","TV 05/07 Hüttenberg","FRISCH AUF! Göppingen",20,19,TRUE,9,NA,NA,0,0,0,NA,0,0,0,0,0,0,NA,NA,NA,NA,NA,NA,NA,NA,0,0,0,0,NA,NA,NA,NA,NA
"Stefan Schicketanz","a3d099d4-3955-11ef-90b6-2510cc07ea6e",NA,NA,1973,"10/20/1973","677d4c2b-3960-11ef-99ee-2906cc9fb6bc","home","TV 05/07 Hüttenberg","FRISCH AUF! Göppingen",20,19,TRUE,0,NA,NA,0,0,0,NA,0,0,0,0,0,0,NA,NA,NA,NA,NA,NA,NA,NA,0,0,0,0,NA,NA,NA,NA,NA
"Udo Uebbing","ae4823ea-3955-11ef-93ce-a36230ada079",NA,NA,1973,"10/20/1973","677d4c2b-3960-11ef-99ee-2906cc9fb6bc","home","TV 05/07 Hüttenberg","FRISCH AUF! Göppingen",20,19,TRUE,0,NA,NA,0,0,0,NA,0,0,0,0,0,0,NA,NA,NA,NA,NA,NA,NA,NA,0,0,0,0,NA,NA,NA,NA,NA
"Rolf Kunz","bb7de91c-3955-11ef-8de2-ab397f561917",NA,NA,1973,"10/20/1973","677d4c2b-3960-11ef-99ee-2906cc9fb6bc","home","TV 05/07 Hüttenberg","FRISCH AUF! Göppingen",20,19,TRUE,0,NA,NA,0,0,0,NA,0,0,0,0,0,0,NA,NA,NA,NA,NA,NA,NA,NA,0,0,0,0,NA,NA,NA,NA,NA
"Rainer Joost","bb83a6fb-3955-11ef-b43f-ab397f561917",NA,NA,1973,"10/20/1973","677d4c2b-3960-11ef-99ee-2906cc9fb6bc","home","TV 05/07 Hüttenberg","FRISCH AUF! Göppingen",20,19,TRUE,0,NA,NA,0,0,0,NA,0,0,0,0,0,0,NA,NA,NA,NA,NA,NA,NA,NA,0,0,0,0,NA,NA,NA,NA,NA
"Dieter Beckmann","bb888d20-3955-11ef-b8c5-ab397f561917",NA,NA,1973,"10/20/1973","677d4c2b-3960-11ef-99ee-2906cc9fb6bc","home","TV 05/07 Hüttenberg","FRISCH AUF! Göppingen",20,19,TRUE,0,NA,NA,0,0,0,NA,0,0,0,0,0,0,NA,NA,NA,NA,NA,NA,NA,NA,0,0,0,0,NA,NA,NA,NA,NA
"Andrija Kotlas","bde016f5-3955-11ef-b96c-ab397f561917",NA,NA,1973,"10/20/1973","677d4c2b-3960-11ef-99ee-2906cc9fb6bc","home","TV 05/07 Hüttenberg","FRISCH AUF! Göppingen",20,19,TRUE,0,NA,NA,0,0,0,NA,0,0,0,0,0,0,NA,NA,NA,NA,NA,NA,NA,NA,0,0,0,0,NA,NA,NA,NA,NA
"Armin Emrich","8cdd3680-3955-11ef-a93e-81dc40648355",NA,NA,1973,"10/20/1973","677d4c2b-3960-11ef-99ee-2906cc9fb6bc","away","FRISCH AUF! Göppingen","TV 05/07 Hüttenberg",19,20,FALSE,1,NA,NA,0,0,0,NA,0,0,0,0,0,0,NA,NA,NA,NA,NA,NA,NA,NA,0,0,0,0,NA,NA,NA,NA,NA
"Peter Bucher","8e0071c9-3955-11ef-8ff8-81dc40648355",NA,NA,1973,"10/20/1973","677d4c2b-3960-11ef-99ee-2906cc9fb6bc","away","FRISCH AUF! Göppingen","TV 05/07 Hüttenberg",19,20,FALSE,6,NA,NA,0,0,1,NA,0,0,0,0,0,0,NA,NA,NA,NA,NA,NA,NA,NA,0,0,0,0,NA,NA,NA,NA,NA
"Hans-Eberhard Finkbeiner","a2f451eb-3955-11ef-99da-2510cc07ea6e",NA,NA,1973,"10/20/1973","677d4c2b-3960-11ef-99ee-2906cc9fb6bc","away","FRISCH AUF! Göppingen","TV 05/07 Hüttenberg",19,20,FALSE,0,NA,NA,0,0,0,NA,0,0,0,0,0,0,NA,NA,NA,NA,NA,NA,NA,NA,0,0,0,0,NA,NA,NA,NA,NA
"Wolfgang Don","a2ff75a5-3955-11ef-a510-2510cc07ea6e",NA,NA,1973,"10/20/1973","677d4c2b-3960-11ef-99ee-2906cc9fb6bc","away","FRISCH AUF! Göppingen","TV 05/07 Hüttenberg",19,20,FALSE,1,NA,NA,0,0,0,NA,0,0,0,0,0,0,NA,NA,NA,NA,NA,NA,NA,NA,0,0,0,0,NA,NA,NA,NA,NA
"Günter Frömming","aedbd140-3955-11ef-a39f-a36230ada079",NA,NA,1973,"10/20/1973","677d4c2b-3960-11ef-99ee-2906cc9fb6bc","away","FRISCH AUF! Göppingen","TV 05/07 Hüttenberg",19,20,FALSE,0,NA,NA,0,0,0,NA,0,0,0,0,0,0,NA,NA,NA,NA,NA,NA,NA,NA,0,0,0,0,NA,NA,NA,NA,NA
"Werner Fischer","af3a0885-3955-11ef-a884-a36230ada079",NA,NA,1973,"10/20/1973","677d4c2b-3960-11ef-99ee-2906cc9fb6bc","away","FRISCH AUF! Göppingen","TV 05/07 Hüttenberg",19,20,FALSE,1,NA,NA,0,0,0,NA,0,0,0,0,0,0,NA,NA,NA,NA,NA,NA,NA,NA,0,0,0,0,NA,NA,NA,NA,NA
"Hans Brodbeck","b1f00cc3-3955-11ef-b4c9-a36230ada079",NA,NA,1973,"10/20/1973","677d4c2b-3960-11ef-99ee-2906cc9fb6bc","away","FRISCH AUF! Göppingen","TV 05/07 Hüttenberg",19,20,FALSE,0,NA,NA,0,0,0,NA,0,0,0,0,0,0,NA,NA,NA,NA,NA,NA,NA,NA,0,0,0,0,NA,NA,NA,NA,NA
"Paul Epple","bc8167af-3955-11ef-8748-ab397f561917",NA,NA,1973,"10/20/1973","677d4c2b-3960-11ef-99ee-2906cc9fb6bc","away","FRISCH AUF! Göppingen","TV 05/07 Hüttenberg",19,20,FALSE,4,NA,NA,0,0,0,NA,0,0,0,0,0,0,NA,NA,NA,NA,NA,NA,NA,NA,0,0,0,0,NA,NA,NA,NA,NA
"Geir Hallsteinsson","c70adb66-3955-11ef-afb7-157c9bc18a5f",NA,NA,1973,"10/20/1973","677d4c2b-3960-11ef-99ee-2906cc9fb6bc","away","FRISCH AUF! Göppingen","TV 05/07 Hüttenberg",19,20,FALSE,2,NA,NA,0,0,0,NA,0,0,0,0,0,0,NA,NA,NA,NA,NA,NA,NA,NA,0,0,0,0,NA,NA,NA,NA,NA
"Werner Arndt","c71116e0-3955-11ef-85d3-157c9bc18a5f",NA,NA,1973,"10/20/1973","677d4c2b-3960-11ef-99ee-2906cc9fb6bc","away","FRISCH AUF! Göppingen","TV 05/07 Hüttenberg",19,20,FALSE,1,NA,NA,0,0,0,NA,0,0,0,0,0,0,NA,NA,NA,NA,NA,NA,NA,NA,0,0,0,0,NA,NA,NA,NA,NA
"Christian Patzer","c715a1de-3955-11ef-bc54-157c9bc18a5f",NA,NA,1973,"10/20/1973","677d4c2b-3960-11ef-99ee-2906cc9fb6bc","away","FRISCH AUF! Göppingen","TV 05/07 Hüttenberg",19,20,FALSE,2,NA,NA,0,0,0,NA,0,0,0,0,0,0,NA,NA,NA,NA,NA,NA,NA,NA,0,0,0,0,NA,NA,NA,NA,NA
"Günter Schweikardt","d3e60b79-3953-11ef-9e8c-e3f2de03a1b7",NA,NA,1973,"10/20/1973","677d4c2b-3960-11ef-99ee-2906cc9fb6bc","away","FRISCH AUF! Göppingen","TV 05/07 Hüttenberg",19,20,FALSE,1,NA,NA,0,0,0,NA,0,0,0,0,0,0,NA,NA,NA,NA,NA,NA,NA,NA,0,0,0,0,NA,NA,NA,NA,NA
"Walter Salzer","8d394c72-3955-11ef-8d73-81dc40648355",NA,NA,1973,"10/20/1973","689022fa-3960-11ef-861b-2906cc9fb6bc","home","TV 1893 Neuhausen","S3L Handball",22,19,TRUE,8,NA,NA,0,0,1,NA,0,0,0,0,0,0,NA,NA,NA,NA,NA,NA,NA,NA,0,0,0,0,NA,NA,NA,NA,NA
"Hermann Fritz","a4231bd1-3955-11ef-8299-2510cc07ea6e",NA,NA,1973,"10/20/1973","689022fa-3960-11ef-861b-2906cc9fb6bc","home","TV 1893 Neuhausen","S3L Handball",22,19,TRUE,0,NA,NA,0,0,0,NA,0,0,0,0,0,0,NA,NA,NA,NA,NA,NA,NA,NA,0,0,0,0,NA,NA,NA,NA,NA
"Klaus Stoll","a42e01cc-3955-11ef-b661-2510cc07ea6e",NA,NA,1973,"10/20/1973","689022fa-3960-11ef-861b-2906cc9fb6bc","home","TV 1893 Neuhausen","S3L Handball",22,19,TRUE,0,NA,NA,0,0,0,NA,0,0,0,0,0,0,NA,NA,NA,NA,NA,NA,NA,NA,0,0,0,0,NA,NA,NA,NA,NA
"Julius Lehmann","a448c9e2-3955-11ef-9bf8-2510cc07ea6e",NA,NA,1973,"10/20/1973","689022fa-3960-11ef-861b-2906cc9fb6bc","home","TV 1893 Neuhausen","S3L Handball",22,19,TRUE,2,NA,NA,0,0,0,NA,0,0,0,0,0,0,NA,NA,NA,NA,NA,NA,NA,NA,0,0,0,0,NA,NA,NA,NA,NA
"Rolf Miller","a4552808-3955-11ef-ac39-2510cc07ea6e",NA,NA,1973,"10/20/1973","689022fa-3960-11ef-861b-2906cc9fb6bc","home","TV 1893 Neuhausen","S3L Handball",22,19,TRUE,2,NA,NA,0,0,0,NA,0,0,0,0,0,0,NA,NA,NA,NA,NA,NA,NA,NA,0,0,0,0,NA,NA,NA,NA,NA
"Manfred Reusch","a45a1b11-3955-11ef-8135-2510cc07ea6e",NA,NA,1973,"10/20/1973","689022fa-3960-11ef-861b-2906cc9fb6bc","home","TV 1893 Neuhausen","S3L Handball",22,19,TRUE,3,NA,NA,0,0,0,NA,0,0,0,0,0,0,NA,NA,NA,NA,NA,NA,NA,NA,0,0,0,0,NA,NA,NA,NA,NA
"Johann Högl","b2211f04-3955-11ef-a5bd-a36230ada079",NA,NA,1973,"10/20/1973","689022fa-3960-11ef-861b-2906cc9fb6bc","home","TV 1893 Neuhausen","S3L Handball",22,19,TRUE,2,NA,NA,0,0,0,NA,0,0,0,0,0,0,NA,NA,NA,NA,NA,NA,NA,NA,0,0,0,0,NA,NA,NA,NA,NA
"Martin Streicher","b2277c0b-3955-11ef-b9c1-a36230ada079",NA,NA,1973,"10/20/1973","689022fa-3960-11ef-861b-2906cc9fb6bc","home","TV 1893 Neuhausen","S3L Handball",22,19,TRUE,1,NA,NA,0,0,0,NA,0,0,0,0,0,0,NA,NA,NA,NA,NA,NA,NA,NA,0,0,0,0,NA,NA,NA,NA,NA
"Kurt Reusch","b22cb722-3955-11ef-b081-a36230ada079",NA,NA,1973,"10/20/1973","689022fa-3960-11ef-861b-2906cc9fb6bc","home","TV 1893 Neuhausen","S3L Handball",22,19,TRUE,3,NA,NA,0,0,2,NA,0,0,0,0,0,0,NA,NA,NA,NA,NA,NA,NA,NA,0,0,0,0,NA,NA,NA,NA,NA
"Harald Streicher","b2329757-3955-11ef-8e1c-a36230ada079",NA,NA,1973,"10/20/1973","689022fa-3960-11ef-861b-2906cc9fb6bc","home","TV 1893 Neuhausen","S3L Handball",22,19,TRUE,0,NA,NA,0,0,0,NA,0,0,0,0,0,0,NA,NA,NA,NA,NA,NA,NA,NA,0,0,0,0,NA,NA,NA,NA,NA
"Bernd Scheid","c71f654f-3955-11ef-a98f-157c9bc18a5f",NA,NA,1973,"10/20/1973","689022fa-3960-11ef-861b-2906cc9fb6bc","home","TV 1893 Neuhausen","S3L Handball",22,19,TRUE,0,NA,NA,0,0,0,NA,0,0,0,0,0,0,NA,NA,NA,NA,NA,NA,NA,NA,0,0,0,0,NA,NA,NA,NA,NA
"Klaus Streicher","c728c012-3955-11ef-9cab-157c9bc18a5f",NA,NA,1973,"10/20/1973","689022fa-3960-11ef-861b-2906cc9fb6bc","home","TV 1893 Neuhausen","S3L Handball",22,19,TRUE,1,NA,NA,0,0,0,NA,0,0,0,0,0,0,NA,NA,NA,NA,NA,NA,NA,NA,0,0,0,0,NA,NA,NA,NA,NA
"Werner Osada","98d8c8ac-3955-11ef-b6db-292be3190b7b",NA,NA,1973,"10/20/1973","689022fa-3960-11ef-861b-2906cc9fb6bc","away","S3L Handball","TV 1893 Neuhausen",19,22,FALSE,4,NA,NA,0,0,2,NA,0,0,0,0,0,0,NA,NA,NA,NA,NA,NA,NA,NA,0,0,0,0,NA,NA,NA,NA,NA
"Alfred Schmitt","a25e1dab-3955-11ef-b412-2510cc07ea6e",NA,NA,1973,"10/20/1973","689022fa-3960-11ef-861b-2906cc9fb6bc","away","S3L Handball","TV 1893 Neuhausen",19,22,FALSE,0,NA,NA,0,0,0,NA,0,0,0,0,0,0,NA,NA,NA,NA,NA,NA,NA,NA,0,0,0,0,NA,NA,NA,NA,NA
"Manfred Müller","ae54e819-3955-11ef-81e8-a36230ada079",NA,NA,1973,"10/20/1973","689022fa-3960-11ef-861b-2906cc9fb6bc","away","S3L Handball","TV 1893 Neuhausen",19,22,FALSE,0,NA,NA,0,0,0,NA,0,0,0,0,0,0,NA,NA,NA,NA,NA,NA,NA,NA,0,0,0,0,NA,NA,NA,NA,NA
"Georg Fitz","ae68320c-3955-11ef-89fa-a36230ada079",NA,NA,1973,"10/20/1973","689022fa-3960-11ef-861b-2906cc9fb6bc","away","S3L Handball","TV 1893 Neuhausen",19,22,FALSE,2,NA,NA,0,0,0,NA,0,0,0,0,0,0,NA,NA,NA,NA,NA,NA,NA,NA,0,0,0,0,NA,NA,NA,NA,NA
"Bernd Frühauf","ae71d80f-3955-11ef-a219-a36230ada079",NA,NA,1973,"10/20/1973","689022fa-3960-11ef-861b-2906cc9fb6bc","away","S3L Handball","TV 1893 Neuhausen",19,22,FALSE,0,NA,NA,0,0,0,NA,0,0,0,0,0,0,NA,NA,NA,NA,NA,NA,NA,NA,0,0,0,0,NA,NA,NA,NA,NA
"Robert Becker","ae8c50f9-3955-11ef-91c4-a36230ada079",NA,NA,1973,"10/20/1973","689022fa-3960-11ef-861b-2906cc9fb6bc","away","S3L Handball","TV 1893 Neuhausen",19,22,FALSE,0,NA,NA,0,0,0,NA,0,0,0,0,0,0,NA,NA,NA,NA,NA,NA,NA,NA,0,0,0,0,NA,NA,NA,NA,NA
"Jürgen Hahn","ae947745-3955-11ef-bc54-a36230ada079",NA,NA,1973,"10/20/1973","689022fa-3960-11ef-861b-2906cc9fb6bc","away","S3L Handball","TV 1893 Neuhausen",19,22,FALSE,7,NA,NA,0,0,0,NA,0,0,0,0,0,0,NA,NA,NA,NA,NA,NA,NA,NA,0,0,0,0,NA,NA,NA,NA,NA
"Hansjörg Jäck","b166bd31-3955-11ef-bed1-a36230ada079",NA,NA,1973,"10/20/1973","689022fa-3960-11ef-861b-2906cc9fb6bc","away","S3L Handball","TV 1893 Neuhausen",19,22,FALSE,0,NA,NA,0,0,0,NA,0,0,0,0,0,0,NA,NA,NA,NA,NA,NA,NA,NA,0,0,0,0,NA,NA,NA,NA,NA
"Markus Hädrich","ba389acc-3955-11ef-8b9d-ab397f561917",NA,NA,1973,"10/20/1973","689022fa-3960-11ef-861b-2906cc9fb6bc","away","S3L Handball","TV 1893 Neuhausen",19,22,FALSE,2,NA,NA,0,0,0,NA,0,0,0,0,0,0,NA,NA,NA,NA,NA,NA,NA,NA,0,0,0,0,NA,NA,NA,NA,NA
"Wolfhardt Bühler","bba2fc92-3955-11ef-a8d6-ab397f561917",NA,NA,1973,"10/20/1973","689022fa-3960-11ef-861b-2906cc9fb6bc","away","S3L Handball","TV 1893 Neuhausen",19,22,FALSE,3,NA,NA,0,0,0,NA,0,0,0,0,0,0,NA,NA,NA,NA,NA,NA,NA,NA,0,0,0,0,NA,NA,NA,NA,NA
"Hans Stein","bde4861d-3955-11ef-a14e-ab397f561917",NA,NA,1973,"10/20/1973","689022fa-3960-11ef-861b-2906cc9fb6bc","away","S3L Handball","TV 1893 Neuhausen",19,22,FALSE,0,NA,NA,0,0,0,NA,0,0,0,0,0,0,NA,NA,NA,NA,NA,NA,NA,NA,0,0,0,0,NA,NA,NA,NA,NA
"Arno Schandin","bded1584-3955-11ef-8a76-ab397f561917",NA,NA,1973,"10/20/1973","689022fa-3960-11ef-861b-2906cc9fb6bc","away","S3L Handball","TV 1893 Neuhausen",19,22,FALSE,1,NA,NA,0,0,0,NA,0,0,0,0,0,0,NA,NA,NA,NA,NA,NA,NA,NA,0,0,0,0,NA,NA,NA,NA,NA
"Kurt Klühspies","5ac3e7d7-3955-11ef-b574-4fa817cd91bb",NA,NA,1973,"10/20/1973","69743bdf-3960-11ef-95bb-2906cc9fb6bc","home","TV Großwallstadt","TSV 1896 Rintheim",22,17,TRUE,8,NA,NA,0,0,4,NA,0,0,0,0,0,0,NA,NA,NA,NA,NA,NA,NA,NA,0,0,0,0,NA,NA,NA,NA,NA
"Manfred Hofmann","6855eb0b-3955-11ef-8cb3-292be3190b7b",NA,NA,1973,"10/20/1973","69743bdf-3960-11ef-95bb-2906cc9fb6bc","home","TV Großwallstadt","TSV 1896 Rintheim",22,17,TRUE,0,NA,NA,0,0,0,NA,0,0,0,0,0,0,NA,NA,NA,NA,NA,NA,NA,NA,0,0,0,0,NA,NA,NA,NA,NA
"Thomas Sinsel","8adb8152-3955-11ef-b2de-81dc40648355",NA,NA,1973,"10/20/1973","69743bdf-3960-11ef-95bb-2906cc9fb6bc","home","TV Großwallstadt","TSV 1896 Rintheim",22,17,TRUE,1,NA,NA,0,0,0,NA,0,0,0,0,0,0,NA,NA,NA,NA,NA,NA,NA,NA,0,0,0,0,NA,NA,NA,NA,NA
"Manfred Schwarz","96d98e53-3955-11ef-a3c9-292be3190b7b",NA,NA,1973,"10/20/1973","69743bdf-3960-11ef-95bb-2906cc9fb6bc","home","TV Großwallstadt","TSV 1896 Rintheim",22,17,TRUE,5,NA,NA,0,0,0,NA,0,0,0,0,0,0,NA,NA,NA,NA,NA,NA,NA,NA,0,0,0,0,NA,NA,NA,NA,NA
"Arno Böckling","a3c38db5-3955-11ef-810f-2510cc07ea6e",NA,NA,1973,"10/20/1973","69743bdf-3960-11ef-95bb-2906cc9fb6bc","home","TV Großwallstadt","TSV 1896 Rintheim",22,17,TRUE,3,NA,NA,0,0,0,NA,0,0,0,0,0,0,NA,NA,NA,NA,NA,NA,NA,NA,0,0,0,0,NA,NA,NA,NA,NA
"Eckhardt Suffel","aeac0503-3955-11ef-88c6-a36230ada079",NA,NA,1973,"10/20/1973","69743bdf-3960-11ef-95bb-2906cc9fb6bc","home","TV Großwallstadt","TSV 1896 Rintheim",22,17,TRUE,2,NA,NA,0,0,0,NA,0,0,0,0,0,0,NA,NA,NA,NA,NA,NA,NA,NA,0,0,0,0,NA,NA,NA,NA,NA
"Manfred Meudt","af9be5ed-3955-11ef-a3e3-a36230ada079",NA,NA,1973,"10/20/1973","69743bdf-3960-11ef-95bb-2906cc9fb6bc","home","TV Großwallstadt","TSV 1896 Rintheim",22,17,TRUE,0,NA,NA,0,0,0,NA,0,0,0,0,0,0,NA,NA,NA,NA,NA,NA,NA,NA,0,0,0,0,NA,NA,NA,NA,NA
"Norbert Klein","b18179dc-3955-11ef-acc0-a36230ada079",NA,NA,1973,"10/20/1973","69743bdf-3960-11ef-95bb-2906cc9fb6bc","home","TV Großwallstadt","TSV 1896 Rintheim",22,17,TRUE,2,NA,NA,0,0,0,NA,0,0,0,0,0,0,NA,NA,NA,NA,NA,NA,NA,NA,0,0,0,0,NA,NA,NA,NA,NA
"Dieter Heß","bbc55957-3955-11ef-a14e-ab397f561917",NA,NA,1973,"10/20/1973","69743bdf-3960-11ef-95bb-2906cc9fb6bc","home","TV Großwallstadt","TSV 1896 Rintheim",22,17,TRUE,0,NA,NA,0,0,0,NA,0,0,0,0,0,0,NA,NA,NA,NA,NA,NA,NA,NA,0,0,0,0,NA,NA,NA,NA,NA
"Herbert Kunkel","be058ce8-3955-11ef-a8d1-ab397f561917",NA,NA,1973,"10/20/1973","69743bdf-3960-11ef-95bb-2906cc9fb6bc","home","TV Großwallstadt","TSV 1896 Rintheim",22,17,TRUE,1,NA,NA,0,0,0,NA,0,0,0,0,0,0,NA,NA,NA,NA,NA,NA,NA,NA,0,0,0,0,NA,NA,NA,NA,NA
"Werner Lemmert","be0e2c8d-3955-11ef-82a6-ab397f561917",NA,NA,1973,"10/20/1973","69743bdf-3960-11ef-95bb-2906cc9fb6bc","home","TV Großwallstadt","TSV 1896 Rintheim",22,17,TRUE,0,NA,NA,0,0,0,NA,0,0,0,0,0,0,NA,NA,NA,NA,NA,NA,NA,NA,0,0,0,0,NA,NA,NA,NA,NA
"Manfred Schulz","8bc2b5ea-3955-11ef-8d03-81dc40648355",NA,NA,1973,"10/20/1973","69743bdf-3960-11ef-95bb-2906cc9fb6bc","away","TSV 1896 Rintheim","TV Großwallstadt",17,22,FALSE,0,NA,NA,0,0,0,NA,0,0,0,0,0,0,NA,NA,NA,NA,NA,NA,NA,NA,0,0,0,0,NA,NA,NA,NA,NA
"Wolf-Dieter Nagel","8d41486b-3955-11ef-8d22-81dc40648355",NA,NA,1973,"10/20/1973","69743bdf-3960-11ef-95bb-2906cc9fb6bc","away","TSV 1896 Rintheim","TV Großwallstadt",17,22,FALSE,6,NA,NA,0,0,0,NA,0,0,0,0,0,0,NA,NA,NA,NA,NA,NA,NA,NA,0,0,0,0,NA,NA,NA,NA,NA
"Franz Bechler","98035d7e-3955-11ef-8b94-292be3190b7b",NA,NA,1973,"10/20/1973","69743bdf-3960-11ef-95bb-2906cc9fb6bc","away","TSV 1896 Rintheim","TV Großwallstadt",17,22,FALSE,0,NA,NA,0,0,0,NA,0,0,0,0,0,0,NA,NA,NA,NA,NA,NA,NA,NA,0,0,0,0,NA,NA,NA,NA,NA
"Max Müller","99453a6b-3955-11ef-84c2-292be3190b7b",NA,NA,1973,"10/20/1973","69743bdf-3960-11ef-95bb-2906cc9fb6bc","away","TSV 1896 Rintheim","TV Großwallstadt",17,22,FALSE,6,NA,NA,0,0,3,NA,0,0,0,0,0,0,NA,NA,NA,NA,NA,NA,NA,NA,0,0,0,0,NA,NA,NA,NA,NA
"Wilfried Job","af3ed007-3955-11ef-9184-a36230ada079",NA,NA,1973,"10/20/1973","69743bdf-3960-11ef-95bb-2906cc9fb6bc","away","TSV 1896 Rintheim","TV Großwallstadt",17,22,FALSE,0,NA,NA,0,0,0,NA,0,0,0,0,0,0,NA,NA,NA,NA,NA,NA,NA,NA,0,0,0,0,NA,NA,NA,NA,NA
"Claus Erles","af42e492-3955-11ef-a26e-a36230ada079",NA,NA,1973,"10/20/1973","69743bdf-3960-11ef-95bb-2906cc9fb6bc","away","TSV 1896 Rintheim","TV Großwallstadt",17,22,FALSE,1,NA,NA,0,0,0,NA,0,0,0,0,0,0,NA,NA,NA,NA,NA,NA,NA,NA,0,0,0,0,NA,NA,NA,NA,NA
"Peter Maier","af4e0d17-3955-11ef-8763-a36230ada079",NA,NA,1973,"10/20/1973","69743bdf-3960-11ef-95bb-2906cc9fb6bc","away","TSV 1896 Rintheim","TV Großwallstadt",17,22,FALSE,0,NA,NA,0,0,0,NA,0,0,0,0,0,0,NA,NA,NA,NA,NA,NA,NA,NA,0,0,0,0,NA,NA,NA,NA,NA
"Bernd Seibel","bc6670d9-3955-11ef-b849-ab397f561917",NA,NA,1973,"10/20/1973","69743bdf-3960-11ef-95bb-2906cc9fb6bc","away","TSV 1896 Rintheim","TV Großwallstadt",17,22,FALSE,0,NA,NA,0,0,0,NA,0,0,0,0,0,0,NA,NA,NA,NA,NA,NA,NA,NA,0,0,0,0,NA,NA,NA,NA,NA
"Wolfgang Dillenberger","bc6a40c8-3955-11ef-8c9f-ab397f561917",NA,NA,1973,"10/20/1973","69743bdf-3960-11ef-95bb-2906cc9fb6bc","away","TSV 1896 Rintheim","TV Großwallstadt",17,22,FALSE,3,NA,NA,0,0,0,NA,0,0,0,0,0,0,NA,NA,NA,NA,NA,NA,NA,NA,0,0,0,0,NA,NA,NA,NA,NA
"Max Ullrich","c6e110c6-3955-11ef-83e4-157c9bc18a5f",NA,NA,1973,"10/20/1973","69743bdf-3960-11ef-95bb-2906cc9fb6bc","away","TSV 1896 Rintheim","TV Großwallstadt",17,22,FALSE,0,NA,NA,0,0,0,NA,0,0,0,0,0,0,NA,NA,NA,NA,NA,NA,NA,NA,0,0,0,0,NA,NA,NA,NA,NA
"Richard Baumer","c6e9de45-3955-11ef-b5bf-157c9bc18a5f",NA,NA,1973,"10/20/1973","69743bdf-3960-11ef-95bb-2906cc9fb6bc","away","TSV 1896 Rintheim","TV Großwallstadt",17,22,FALSE,1,NA,NA,0,0,0,NA,0,0,0,0,0,0,NA,NA,NA,NA,NA,NA,NA,NA,0,0,0,0,NA,NA,NA,NA,NA
"Roland Kühnle","c6f228fe-3955-11ef-a362-157c9bc18a5f",NA,NA,1973,"10/20/1973","69743bdf-3960-11ef-95bb-2906cc9fb6bc","away","TSV 1896 Rintheim","TV Großwallstadt",17,22,FALSE,0,NA,NA,0,0,0,NA,0,0,0,0,0,0,NA,NA,NA,NA,NA,NA,NA,NA,0,0,0,0,NA,NA,NA,NA,NA
"Reinhard Wittler","a35063de-3955-11ef-9881-2510cc07ea6e",NA,NA,1973,"10/21/1973","5daa9773-3960-11ef-a75b-7b2e16e5ffcd","home","Polizei SV Hannover","Hamburger SV",10,9,TRUE,0,NA,NA,0,0,0,NA,0,0,0,0,0,0,NA,NA,NA,NA,NA,NA,NA,NA,0,0,0,0,NA,NA,NA,NA,NA
"Edmund Franke","a36ab088-3955-11ef-8296-2510cc07ea6e",NA,NA,1973,"10/21/1973","5daa9773-3960-11ef-a75b-7b2e16e5ffcd","home","Polizei SV Hannover","Hamburger SV",10,9,TRUE,1,NA,NA,0,0,0,NA,0,0,0,0,0,0,NA,NA,NA,NA,NA,NA,NA,NA,0,0,0,0,NA,NA,NA,NA,NA
"Wolfgang Franke","a36fd3c4-3955-11ef-bc80-2510cc07ea6e",NA,NA,1973,"10/21/1973","5daa9773-3960-11ef-a75b-7b2e16e5ffcd","home","Polizei SV Hannover","Hamburger SV",10,9,TRUE,0,NA,NA,0,0,0,NA,0,0,0,0,0,0,NA,NA,NA,NA,NA,NA,NA,NA,0,0,0,0,NA,NA,NA,NA,NA
"Jürgen Kloth","a37512a6-3955-11ef-9d81-2510cc07ea6e",NA,NA,1973,"10/21/1973","5daa9773-3960-11ef-a75b-7b2e16e5ffcd","home","Polizei SV Hannover","Hamburger SV",10,9,TRUE,0,NA,NA,0,0,0,NA,0,0,0,0,0,0,NA,NA,NA,NA,NA,NA,NA,NA,0,0,0,0,NA,NA,NA,NA,NA
"Gerd Haase","bb322e8e-3955-11ef-8a6a-ab397f561917",NA,NA,1973,"10/21/1973","5daa9773-3960-11ef-a75b-7b2e16e5ffcd","home","Polizei SV Hannover","Hamburger SV",10,9,TRUE,1,NA,NA,0,0,1,NA,0,0,0,0,0,0,NA,NA,NA,NA,NA,NA,NA,NA,0,0,0,0,NA,NA,NA,NA,NA
"Hans-Jürgen Deutsch","bb3e76d6-3955-11ef-a5a8-ab397f561917",NA,NA,1973,"10/21/1973","5daa9773-3960-11ef-a75b-7b2e16e5ffcd","home","Polizei SV Hannover","Hamburger SV",10,9,TRUE,3,NA,NA,0,0,0,NA,0,0,0,0,0,0,NA,NA,NA,NA,NA,NA,NA,NA,0,0,0,0,NA,NA,NA,NA,NA
"Dieter Hartung","bb482ed5-3955-11ef-bef1-ab397f561917",NA,NA,1973,"10/21/1973","5daa9773-3960-11ef-a75b-7b2e16e5ffcd","home","Polizei SV Hannover","Hamburger SV",10,9,TRUE,0,NA,NA,0,0,0,NA,0,0,0,0,0,0,NA,NA,NA,NA,NA,NA,NA,NA,0,0,0,0,NA,NA,NA,NA,NA
"Jürgen Fey","bb504d63-3955-11ef-8740-ab397f561917",NA,NA,1973,"10/21/1973","5daa9773-3960-11ef-a75b-7b2e16e5ffcd","home","Polizei SV Hannover","Hamburger SV",10,9,TRUE,0,NA,NA,0,0,0,NA,0,0,0,0,0,0,NA,NA,NA,NA,NA,NA,NA,NA,0,0,0,0,NA,NA,NA,NA,NA
"Wolfgang Künkler","bb635a87-3955-11ef-83b0-ab397f561917",NA,NA,1973,"10/21/1973","5daa9773-3960-11ef-a75b-7b2e16e5ffcd","home","Polizei SV Hannover","Hamburger SV",10,9,TRUE,5,NA,NA,0,0,2,NA,0,0,0,0,0,0,NA,NA,NA,NA,NA,NA,NA,NA,0,0,0,0,NA,NA,NA,NA,NA
"Siegfried Hacke","bda8ac11-3955-11ef-8226-ab397f561917",NA,NA,1973,"10/21/1973","5daa9773-3960-11ef-a75b-7b2e16e5ffcd","home","Polizei SV Hannover","Hamburger SV",10,9,TRUE,0,NA,NA,0,0,0,NA,0,0,0,0,0,0,NA,NA,NA,NA,NA,NA,NA,NA,0,0,0,0,NA,NA,NA,NA,NA
"Klaus Stepper","bdad2915-3955-11ef-bde1-ab397f561917",NA,NA,1973,"10/21/1973","5daa9773-3960-11ef-a75b-7b2e16e5ffcd","home","Polizei SV Hannover","Hamburger SV",10,9,TRUE,0,NA,NA,0,0,0,NA,0,0,0,0,0,0,NA,NA,NA,NA,NA,NA,NA,NA,0,0,0,0,NA,NA,NA,NA,NA
"Peter Pickel","8c973b42-3955-11ef-8c71-81dc40648355",NA,NA,1973,"10/21/1973","5daa9773-3960-11ef-a75b-7b2e16e5ffcd","away","Hamburger SV","Polizei SV Hannover",9,10,FALSE,4,NA,NA,0,0,1,NA,0,0,0,0,0,0,NA,NA,NA,NA,NA,NA,NA,NA,0,0,0,0,NA,NA,NA,NA,NA
"Hans-Jürgen Bode","b011e6da-3955-11ef-8205-a36230ada079",NA,NA,1973,"10/21/1973","5daa9773-3960-11ef-a75b-7b2e16e5ffcd","away","Hamburger SV","Polizei SV Hannover",9,10,FALSE,0,NA,NA,0,0,0,NA,0,0,0,0,0,0,NA,NA,NA,NA,NA,NA,NA,NA,0,0,0,0,NA,NA,NA,NA,NA
"Rainer Witt","b02adaad-3955-11ef-b8c4-a36230ada079",NA,NA,1973,"10/21/1973","5daa9773-3960-11ef-a75b-7b2e16e5ffcd","away","Hamburger SV","Polizei SV Hannover",9,10,FALSE,1,NA,NA,0,0,0,NA,0,0,0,0,0,0,NA,NA,NA,NA,NA,NA,NA,NA,0,0,0,0,NA,NA,NA,NA,NA
"Jens Ivers","b02f4aea-3955-11ef-801e-a36230ada079",NA,NA,1973,"10/21/1973","5daa9773-3960-11ef-a75b-7b2e16e5ffcd","away","Hamburger SV","Polizei SV Hannover",9,10,FALSE,1,NA,NA,0,0,0,NA,0,0,0,0,0,0,NA,NA,NA,NA,NA,NA,NA,NA,0,0,0,0,NA,NA,NA,NA,NA
"Klaus Porepp","b0396b18-3955-11ef-b5cf-a36230ada079",NA,NA,1973,"10/21/1973","5daa9773-3960-11ef-a75b-7b2e16e5ffcd","away","Hamburger SV","Polizei SV Hannover",9,10,FALSE,0,NA,NA,0,0,0,NA,0,0,0,0,0,0,NA,NA,NA,NA,NA,NA,NA,NA,0,0,0,0,NA,NA,NA,NA,NA
"Norbert Germer","b03f8101-3955-11ef-8945-a36230ada079",NA,NA,1973,"10/21/1973","5daa9773-3960-11ef-a75b-7b2e16e5ffcd","away","Hamburger SV","Polizei SV Hannover",9,10,FALSE,2,NA,NA,0,0,0,NA,0,0,0,0,0,0,NA,NA,NA,NA,NA,NA,NA,NA,0,0,0,0,NA,NA,NA,NA,NA
"Uwe Tesloff","b049ae56-3955-11ef-a5f7-a36230ada079",NA,NA,1973,"10/21/1973","5daa9773-3960-11ef-a75b-7b2e16e5ffcd","away","Hamburger SV","Polizei SV Hannover",9,10,FALSE,0,NA,NA,0,0,0,NA,0,0,0,0,0,0,NA,NA,NA,NA,NA,NA,NA,NA,0,0,0,0,NA,NA,NA,NA,NA
"Hartwig Reich","ba6cb3c8-3955-11ef-9f64-ab397f561917",NA,NA,1973,"10/21/1973","5daa9773-3960-11ef-a75b-7b2e16e5ffcd","away","Hamburger SV","Polizei SV Hannover",9,10,FALSE,0,NA,NA,0,0,0,NA,0,0,0,0,0,0,NA,NA,NA,NA,NA,NA,NA,NA,0,0,0,0,NA,NA,NA,NA,NA
"Michael Taubert","ba7ad888-3955-11ef-9650-ab397f561917",NA,NA,1973,"10/21/1973","5daa9773-3960-11ef-a75b-7b2e16e5ffcd","away","Hamburger SV","Polizei SV Hannover",9,10,FALSE,0,NA,NA,0,0,0,NA,0,0,0,0,0,0,NA,NA,NA,NA,NA,NA,NA,NA,0,0,0,0,NA,NA,NA,NA,NA
"Dieter Minke","bd0cde0f-3955-11ef-91c1-ab397f561917",NA,NA,1973,"10/21/1973","5daa9773-3960-11ef-a75b-7b2e16e5ffcd","away","Hamburger SV","Polizei SV Hannover",9,10,FALSE,1,NA,NA,0,0,0,NA,0,0,0,0,0,0,NA,NA,NA,NA,NA,NA,NA,NA,0,0,0,0,NA,NA,NA,NA,NA
"Karsten Sick","bd16289b-3955-11ef-9343-ab397f561917",NA,NA,1973,"10/21/1973","5daa9773-3960-11ef-a75b-7b2e16e5ffcd","away","Hamburger SV","Polizei SV Hannover",9,10,FALSE,0,NA,NA,0,0,0,NA,0,0,0,0,0,0,NA,NA,NA,NA,NA,NA,NA,NA,0,0,0,0,NA,NA,NA,NA,NA
"Dietmar Balkenhol","8dfc784e-3955-11ef-b459-81dc40648355",NA,NA,1973,"10/21/1973","66994087-3960-11ef-b6a7-2906cc9fb6bc","home","TuSEM Essen","VfL Lübeck-Schwartau",14,18,FALSE,0,NA,NA,0,0,0,NA,0,0,0,0,0,0,NA,NA,NA,NA,NA,NA,NA,NA,0,0,0,0,NA,NA,NA,NA,NA
"Gerhard Wrobel","ae4fc714-3955-11ef-a106-a36230ada079",NA,NA,1973,"10/21/1973","66994087-3960-11ef-b6a7-2906cc9fb6bc","home","TuSEM Essen","VfL Lübeck-Schwartau",14,18,FALSE,3,NA,NA,0,0,0,NA,0,0,0,0,0,0,NA,NA,NA,NA,NA,NA,NA,NA,0,0,0,0,NA,NA,NA,NA,NA
"Herbert Buschmann","bd5ac595-3955-11ef-97f0-ab397f561917",NA,NA,1973,"10/21/1973","66994087-3960-11ef-b6a7-2906cc9fb6bc","home","TuSEM Essen","VfL Lübeck-Schwartau",14,18,FALSE,0,NA,NA,0,0,0,NA,0,0,0,0,0,0,NA,NA,NA,NA,NA,NA,NA,NA,0,0,0,0,NA,NA,NA,NA,NA
"Klaus Schäfer","bd6f7a4d-3955-11ef-9f92-ab397f561917",NA,NA,1973,"10/21/1973","66994087-3960-11ef-b6a7-2906cc9fb6bc","home","TuSEM Essen","VfL Lübeck-Schwartau",14,18,FALSE,2,NA,NA,0,0,0,NA,0,0,0,0,0,0,NA,NA,NA,NA,NA,NA,NA,NA,0,0,0,0,NA,NA,NA,NA,NA
"Alwin Loerke","bd738ab4-3955-11ef-9585-ab397f561917",NA,NA,1973,"10/21/1973","66994087-3960-11ef-b6a7-2906cc9fb6bc","home","TuSEM Essen","VfL Lübeck-Schwartau",14,18,FALSE,0,NA,NA,0,0,0,NA,0,0,0,0,0,0,NA,NA,NA,NA,NA,NA,NA,NA,0,0,0,0,NA,NA,NA,NA,NA
"Gerhard Schmidt","bd78314d-3955-11ef-8668-ab397f561917",NA,NA,1973,"10/21/1973","66994087-3960-11ef-b6a7-2906cc9fb6bc","home","TuSEM Essen","VfL Lübeck-Schwartau",14,18,FALSE,7,NA,NA,0,0,3,NA,0,0,0,0,0,0,NA,NA,NA,NA,NA,NA,NA,NA,0,0,0,0,NA,NA,NA,NA,NA
"Manfred Benning","bd7cb1bd-3955-11ef-883f-ab397f561917",NA,NA,1973,"10/21/1973","66994087-3960-11ef-b6a7-2906cc9fb6bc","home","TuSEM Essen","VfL Lübeck-Schwartau",14,18,FALSE,0,NA,NA,0,0,0,NA,0,0,0,0,0,0,NA,NA,NA,NA,NA,NA,NA,NA,0,0,0,0,NA,NA,NA,NA,NA
"Alojz Snedić","bd80daac-3955-11ef-a8ab-ab397f561917",NA,NA,1973,"10/21/1973","66994087-3960-11ef-b6a7-2906cc9fb6bc","home","TuSEM Essen","VfL Lübeck-Schwartau",14,18,FALSE,0,NA,NA,0,0,0,NA,0,0,0,0,0,0,NA,NA,NA,NA,NA,NA,NA,NA,0,0,0,0,NA,NA,NA,NA,NA
"Peter Fischer","bd861af2-3955-11ef-a655-ab397f561917",NA,NA,1973,"10/21/1973","66994087-3960-11ef-b6a7-2906cc9fb6bc","home","TuSEM Essen","VfL Lübeck-Schwartau",14,18,FALSE,0,NA,NA,0,0,0,NA,0,0,0,0,0,0,NA,NA,NA,NA,NA,NA,NA,NA,0,0,0,0,NA,NA,NA,NA,NA
"Wolfgang Schütte","bd8b9463-3955-11ef-84e4-ab397f561917",NA,NA,1973,"10/21/1973","66994087-3960-11ef-b6a7-2906cc9fb6bc","home","TuSEM Essen","VfL Lübeck-Schwartau",14,18,FALSE,0,NA,NA,0,0,0,NA,0,0,0,0,0,0,NA,NA,NA,NA,NA,NA,NA,NA,0,0,0,0,NA,NA,NA,NA,NA
"Peter Meuter","bd905293-3955-11ef-a264-ab397f561917",NA,NA,1973,"10/21/1973","66994087-3960-11ef-b6a7-2906cc9fb6bc","home","TuSEM Essen","VfL Lübeck-Schwartau",14,18,FALSE,2,NA,NA,0,0,1,NA,0,0,0,0,0,0,NA,NA,NA,NA,NA,NA,NA,NA,0,0,0,0,NA,NA,NA,NA,NA
"Harald Lüth","a552c518-3955-11ef-8a68-2510cc07ea6e",NA,NA,1973,"10/21/1973","66994087-3960-11ef-b6a7-2906cc9fb6bc","away","VfL Lübeck-Schwartau","TuSEM Essen",18,14,TRUE,1,NA,NA,0,0,0,NA,0,0,0,0,0,0,NA,NA,NA,NA,NA,NA,NA,NA,0,0,0,0,NA,NA,NA,NA,NA
"Michael Dogs","b0cecb4a-3955-11ef-b665-a36230ada079",NA,NA,1973,"10/21/1973","66994087-3960-11ef-b6a7-2906cc9fb6bc","away","VfL Lübeck-Schwartau","TuSEM Essen",18,14,TRUE,0,NA,NA,0,0,0,NA,0,0,0,0,0,0,NA,NA,NA,NA,NA,NA,NA,NA,0,0,0,0,NA,NA,NA,NA,NA
"Ulrich Kleinstoll","b0f37438-3955-11ef-84e6-a36230ada079",NA,NA,1973,"10/21/1973","66994087-3960-11ef-b6a7-2906cc9fb6bc","away","VfL Lübeck-Schwartau","TuSEM Essen",18,14,TRUE,0,NA,NA,0,0,0,NA,0,0,0,0,0,0,NA,NA,NA,NA,NA,NA,NA,NA,0,0,0,0,NA,NA,NA,NA,NA
"Thomas Kluth","b0f877c0-3955-11ef-a314-a36230ada079",NA,NA,1973,"10/21/1973","66994087-3960-11ef-b6a7-2906cc9fb6bc","away","VfL Lübeck-Schwartau","TuSEM Essen",18,14,TRUE,1,NA,NA,0,0,0,NA,0,0,0,0,0,0,NA,NA,NA,NA,NA,NA,NA,NA,0,0,0,0,NA,NA,NA,NA,NA
"Hans-Martin Müller-Wolf","b1020054-3955-11ef-8e79-a36230ada079",NA,NA,1973,"10/21/1973","66994087-3960-11ef-b6a7-2906cc9fb6bc","away","VfL Lübeck-Schwartau","TuSEM Essen",18,14,TRUE,0,NA,NA,0,0,0,NA,0,0,0,0,0,0,NA,NA,NA,NA,NA,NA,NA,NA,0,0,0,0,NA,NA,NA,NA,NA
"Siegfried Berg","b10d3ec3-3955-11ef-8a30-a36230ada079",NA,NA,1973,"10/21/1973","66994087-3960-11ef-b6a7-2906cc9fb6bc","away","VfL Lübeck-Schwartau","TuSEM Essen",18,14,TRUE,7,NA,NA,0,0,5,NA,0,0,0,0,0,0,NA,NA,NA,NA,NA,NA,NA,NA,0,0,0,0,NA,NA,NA,NA,NA
"Wolfgang Braun","b1a4c388-3955-11ef-92b7-a36230ada079",NA,NA,1973,"10/21/1973","66994087-3960-11ef-b6a7-2906cc9fb6bc","away","VfL Lübeck-Schwartau","TuSEM Essen",18,14,TRUE,2,NA,NA,0,0,0,NA,0,0,0,0,0,0,NA,NA,NA,NA,NA,NA,NA,NA,0,0,0,0,NA,NA,NA,NA,NA
"Geert Geusendam","baee7cab-3955-11ef-95ba-ab397f561917",NA,NA,1973,"10/21/1973","66994087-3960-11ef-b6a7-2906cc9fb6bc","away","VfL Lübeck-Schwartau","TuSEM Essen",18,14,TRUE,0,NA,NA,0,0,0,NA,0,0,0,0,0,0,NA,NA,NA,NA,NA,NA,NA,NA,0,0,0,0,NA,NA,NA,NA,NA
"Bernd Heiden","baf62966-3955-11ef-b7e1-ab397f561917",NA,NA,1973,"10/21/1973","66994087-3960-11ef-b6a7-2906cc9fb6bc","away","VfL Lübeck-Schwartau","TuSEM Essen",18,14,TRUE,2,NA,NA,0,0,0,NA,0,0,0,0,0,0,NA,NA,NA,NA,NA,NA,NA,NA,0,0,0,0,NA,NA,NA,NA,NA
"Klaus Lange","bafb51f3-3955-11ef-9864-ab397f561917",NA,NA,1973,"10/21/1973","66994087-3960-11ef-b6a7-2906cc9fb6bc","away","VfL Lübeck-Schwartau","TuSEM Essen",18,14,TRUE,5,NA,NA,0,0,2,NA,0,0,0,0,0,0,NA,NA,NA,NA,NA,NA,NA,NA,0,0,0,0,NA,NA,NA,NA,NA
"Georg Pohl","baff6cee-3955-11ef-a80f-ab397f561917",NA,NA,1973,"10/21/1973","66994087-3960-11ef-b6a7-2906cc9fb6bc","away","VfL Lübeck-Schwartau","TuSEM Essen",18,14,TRUE,0,NA,NA,0,0,0,NA,0,0,0,0,0,0,NA,NA,NA,NA,NA,NA,NA,NA,0,0,0,0,NA,NA,NA,NA,NA
"Manfred Kuhnke","bb039049-3955-11ef-bdc6-ab397f561917",NA,NA,1973,"10/21/1973","66994087-3960-11ef-b6a7-2906cc9fb6bc","away","VfL Lübeck-Schwartau","TuSEM Essen",18,14,TRUE,0,NA,NA,0,0,0,NA,0,0,0,0,0,0,NA,NA,NA,NA,NA,NA,NA,NA,0,0,0,0,NA,NA,NA,NA,NA
"Heinz-Theo Kaus","8086fdf9-3955-11ef-938f-b908c60af10a",NA,NA,1973,"10/21/1973","6a4a0f30-3960-11ef-b58a-2906cc9fb6bc","home","SG Dietzenbach","TSV Milbertshofen",19,12,TRUE,0,NA,NA,0,0,0,NA,0,0,0,0,0,0,NA,NA,NA,NA,NA,NA,NA,NA,0,0,0,0,NA,NA,NA,NA,NA
"Heinz-Walter Behne","8be65881-3955-11ef-8872-81dc40648355",NA,NA,1973,"10/21/1973","6a4a0f30-3960-11ef-b58a-2906cc9fb6bc","home","SG Dietzenbach","TSV Milbertshofen",19,12,TRUE,4,NA,NA,0,0,0,NA,0,0,0,0,0,0,NA,NA,NA,NA,NA,NA,NA,NA,0,0,0,0,NA,NA,NA,NA,NA
"Herbert Wehnert","96e104db-3955-11ef-b58d-292be3190b7b",NA,NA,1973,"10/21/1973","6a4a0f30-3960-11ef-b58a-2906cc9fb6bc","home","SG Dietzenbach","TSV Milbertshofen",19,12,TRUE,7,NA,NA,0,0,0,NA,0,0,0,0,0,0,NA,NA,NA,NA,NA,NA,NA,NA,0,0,0,0,NA,NA,NA,NA,NA
"Wolfgang Hammerl","a2e26d5b-3955-11ef-8fa5-2510cc07ea6e",NA,NA,1973,"10/21/1973","6a4a0f30-3960-11ef-b58a-2906cc9fb6bc","home","SG Dietzenbach","TSV Milbertshofen",19,12,TRUE,0,NA,NA,0,0,0,NA,0,0,0,0,0,0,NA,NA,NA,NA,NA,NA,NA,NA,0,0,0,0,NA,NA,NA,NA,NA
"Otto Allies","af191a75-3955-11ef-8c7e-a36230ada079",NA,NA,1973,"10/21/1973","6a4a0f30-3960-11ef-b58a-2906cc9fb6bc","home","SG Dietzenbach","TSV Milbertshofen",19,12,TRUE,5,NA,NA,0,0,0,NA,0,0,0,0,0,0,NA,NA,NA,NA,NA,NA,NA,NA,0,0,0,0,NA,NA,NA,NA,NA
"Klaus Rettig","b1d1aa4c-3955-11ef-baf9-a36230ada079",NA,NA,1973,"10/21/1973","6a4a0f30-3960-11ef-b58a-2906cc9fb6bc","home","SG Dietzenbach","TSV Milbertshofen",19,12,TRUE,1,NA,NA,0,0,1,NA,0,0,0,0,0,0,NA,NA,NA,NA,NA,NA,NA,NA,0,0,0,0,NA,NA,NA,NA,NA
"Peter Eckert","c67b9c79-3955-11ef-8f02-157c9bc18a5f",NA,NA,1973,"10/21/1973","6a4a0f30-3960-11ef-b58a-2906cc9fb6bc","home","SG Dietzenbach","TSV Milbertshofen",19,12,TRUE,1,NA,NA,0,0,0,NA,0,0,0,0,0,0,NA,NA,NA,NA,NA,NA,NA,NA,0,0,0,0,NA,NA,NA,NA,NA
"Herbert Striebel","c682be45-3955-11ef-8eab-157c9bc18a5f",NA,NA,1973,"10/21/1973","6a4a0f30-3960-11ef-b58a-2906cc9fb6bc","home","SG Dietzenbach","TSV Milbertshofen",19,12,TRUE,0,NA,NA,0,0,0,NA,0,0,0,0,0,0,NA,NA,NA,NA,NA,NA,NA,NA,0,0,0,0,NA,NA,NA,NA,NA
"Norbert Kern","c6961a09-3955-11ef-8bcc-157c9bc18a5f",NA,NA,1973,"10/21/1973","6a4a0f30-3960-11ef-b58a-2906cc9fb6bc","home","SG Dietzenbach","TSV Milbertshofen",19,12,TRUE,1,NA,NA,0,0,0,NA,0,0,0,0,0,0,NA,NA,NA,NA,NA,NA,NA,NA,0,0,0,0,NA,NA,NA,NA,NA
"Wolfgang Pelzer","c69f3508-3955-11ef-89d5-157c9bc18a5f",NA,NA,1973,"10/21/1973","6a4a0f30-3960-11ef-b58a-2906cc9fb6bc","home","SG Dietzenbach","TSV Milbertshofen",19,12,TRUE,0,NA,NA,0,0,0,NA,0,0,0,0,0,0,NA,NA,NA,NA,NA,NA,NA,NA,0,0,0,0,NA,NA,NA,NA,NA
"Günther Kießling","c6aad65a-3955-11ef-87fb-157c9bc18a5f",NA,NA,1973,"10/21/1973","6a4a0f30-3960-11ef-b58a-2906cc9fb6bc","home","SG Dietzenbach","TSV Milbertshofen",19,12,TRUE,0,NA,NA,0,0,0,NA,0,0,0,0,0,0,NA,NA,NA,NA,NA,NA,NA,NA,0,0,0,0,NA,NA,NA,NA,NA
"Rainer Olbert","80d00b6a-3955-11ef-ab11-b908c60af10a",NA,NA,1973,"10/21/1973","6a4a0f30-3960-11ef-b58a-2906cc9fb6bc","away","TSV Milbertshofen","SG Dietzenbach",12,19,FALSE,0,NA,NA,0,0,0,NA,0,0,0,0,0,0,NA,NA,NA,NA,NA,NA,NA,NA,0,0,0,0,NA,NA,NA,NA,NA
"Udo Böbel","80d4ba37-3955-11ef-9d8b-b908c60af10a",NA,NA,1973,"10/21/1973","6a4a0f30-3960-11ef-b58a-2906cc9fb6bc","away","TSV Milbertshofen","SG Dietzenbach",12,19,FALSE,2,NA,NA,0,0,1,NA,0,0,0,0,0,0,NA,NA,NA,NA,NA,NA,NA,NA,0,0,0,0,NA,NA,NA,NA,NA
"Peter Jaschke","8b728782-3955-11ef-8da6-81dc40648355",NA,NA,1973,"10/21/1973","6a4a0f30-3960-11ef-b58a-2906cc9fb6bc","away","TSV Milbertshofen","SG Dietzenbach",12,19,FALSE,0,NA,NA,0,0,0,NA,0,0,0,0,0,0,NA,NA,NA,NA,NA,NA,NA,NA,0,0,0,0,NA,NA,NA,NA,NA
"Werner Winkelmeier","9712104e-3955-11ef-9613-292be3190b7b",NA,NA,1973,"10/21/1973","6a4a0f30-3960-11ef-b58a-2906cc9fb6bc","away","TSV Milbertshofen","SG Dietzenbach",12,19,FALSE,3,NA,NA,0,0,0,NA,0,0,0,0,0,0,NA,NA,NA,NA,NA,NA,NA,NA,0,0,0,0,NA,NA,NA,NA,NA
"Gerhard Ochsenkühn","97259ed1-3955-11ef-96ca-292be3190b7b",NA,NA,1973,"10/21/1973","6a4a0f30-3960-11ef-b58a-2906cc9fb6bc","away","TSV Milbertshofen","SG Dietzenbach",12,19,FALSE,0,NA,NA,0,0,0,NA,0,0,0,0,0,0,NA,NA,NA,NA,NA,NA,NA,NA,0,0,0,0,NA,NA,NA,NA,NA
"Josef Kiener","972d7d47-3955-11ef-a437-292be3190b7b",NA,NA,1973,"10/21/1973","6a4a0f30-3960-11ef-b58a-2906cc9fb6bc","away","TSV Milbertshofen","SG Dietzenbach",12,19,FALSE,0,NA,NA,0,0,0,NA,0,0,0,0,0,0,NA,NA,NA,NA,NA,NA,NA,NA,0,0,0,0,NA,NA,NA,NA,NA
"Rudolf Dobler","97ac407c-3955-11ef-9ea9-292be3190b7b",NA,NA,1973,"10/21/1973","6a4a0f30-3960-11ef-b58a-2906cc9fb6bc","away","TSV Milbertshofen","SG Dietzenbach",12,19,FALSE,0,NA,NA,0,0,0,NA,0,0,0,0,0,0,NA,NA,NA,NA,NA,NA,NA,NA,0,0,0,0,NA,NA,NA,NA,NA
"Jochen Heyne","b1c06894-3955-11ef-ab50-a36230ada079",NA,NA,1973,"10/21/1973","6a4a0f30-3960-11ef-b58a-2906cc9fb6bc","away","TSV Milbertshofen","SG Dietzenbach",12,19,FALSE,3,NA,NA,0,0,1,NA,0,0,0,0,0,0,NA,NA,NA,NA,NA,NA,NA,NA,0,0,0,0,NA,NA,NA,NA,NA
"Helmut Schelchshorn","b1c960ef-3955-11ef-850b-a36230ada079",NA,NA,1973,"10/21/1973","6a4a0f30-3960-11ef-b58a-2906cc9fb6bc","away","TSV Milbertshofen","SG Dietzenbach",12,19,FALSE,0,NA,NA,0,0,0,NA,0,0,0,0,0,0,NA,NA,NA,NA,NA,NA,NA,NA,0,0,0,0,NA,NA,NA,NA,NA
"Axel Pohl","bc16faf2-3955-11ef-a768-ab397f561917",NA,NA,1973,"10/21/1973","6a4a0f30-3960-11ef-b58a-2906cc9fb6bc","away","TSV Milbertshofen","SG Dietzenbach",12,19,FALSE,1,NA,NA,0,0,0,NA,0,0,0,0,0,0,NA,NA,NA,NA,NA,NA,NA,NA,0,0,0,0,NA,NA,NA,NA,NA
"Peter Feddern","bc1b1b3e-3955-11ef-9c4e-ab397f561917",NA,NA,1973,"10/21/1973","6a4a0f30-3960-11ef-b58a-2906cc9fb6bc","away","TSV Milbertshofen","SG Dietzenbach",12,19,FALSE,3,NA,NA,0,0,0,NA,0,0,0,0,0,0,NA,NA,NA,NA,NA,NA,NA,NA,0,0,0,0,NA,NA,NA,NA,NA
"Bernhard Busch","8dc9280f-3955-11ef-80e2-81dc40648355",NA,NA,1973,"10/25/1973","5b98bb7c-3960-11ef-9196-7b2e16e5ffcd","home","GWD Minden","VfL Gummersbach",12,15,FALSE,0,NA,NA,0,0,0,NA,0,0,0,0,0,0,NA,NA,NA,NA,NA,NA,NA,NA,0,0,0,0,NA,NA,NA,NA,NA
"Gerd Becker","96f1e245-3955-11ef-80bc-292be3190b7b",NA,NA,1973,"10/25/1973","5b98bb7c-3960-11ef-9196-7b2e16e5ffcd","home","GWD Minden","VfL Gummersbach",12,15,FALSE,0,NA,NA,0,0,0,NA,0,0,0,0,0,0,NA,NA,NA,NA,NA,NA,NA,NA,0,0,0,0,NA,NA,NA,NA,NA
"Gerald Schüler","96fc1532-3955-11ef-bddd-292be3190b7b",NA,NA,1973,"10/25/1973","5b98bb7c-3960-11ef-9196-7b2e16e5ffcd","home","GWD Minden","VfL Gummersbach",12,15,FALSE,0,NA,NA,0,0,0,NA,0,0,0,0,0,0,NA,NA,NA,NA,NA,NA,NA,NA,0,0,0,0,NA,NA,NA,NA,NA
"Martin Karcher","980f80ce-3955-11ef-8054-292be3190b7b",NA,NA,1973,"10/25/1973","5b98bb7c-3960-11ef-9196-7b2e16e5ffcd","home","GWD Minden","VfL Gummersbach",12,15,FALSE,0,NA,NA,0,0,0,NA,0,0,0,0,0,0,NA,NA,NA,NA,NA,NA,NA,NA,0,0,0,0,NA,NA,NA,NA,NA
"Gerhard Buddenbohm","98e2ecac-3955-11ef-b2de-292be3190b7b",NA,NA,1973,"10/25/1973","5b98bb7c-3960-11ef-9196-7b2e16e5ffcd","home","GWD Minden","VfL Gummersbach",12,15,FALSE,0,NA,NA,0,0,0,NA,0,0,0,0,0,0,NA,NA,NA,NA,NA,NA,NA,NA,0,0,0,0,NA,NA,NA,NA,NA
"Hans Kramer","98f50290-3955-11ef-8aa8-292be3190b7b",NA,NA,1973,"10/25/1973","5b98bb7c-3960-11ef-9196-7b2e16e5ffcd","home","GWD Minden","VfL Gummersbach",12,15,FALSE,2,NA,NA,0,0,0,NA,0,0,0,0,0,0,NA,NA,NA,NA,NA,NA,NA,NA,0,0,0,0,NA,NA,NA,NA,NA
"Wilfried Meyer","a34b2aa0-3955-11ef-a79c-2510cc07ea6e",NA,NA,1973,"10/25/1973","5b98bb7c-3960-11ef-9196-7b2e16e5ffcd","home","GWD Minden","VfL Gummersbach",12,15,FALSE,0,NA,NA,0,0,0,NA,0,0,0,0,0,0,NA,NA,NA,NA,NA,NA,NA,NA,0,0,0,0,NA,NA,NA,NA,NA
"Jobst-Erich Rehse","b00be251-3955-11ef-ac35-a36230ada079",NA,NA,1973,"10/25/1973","5b98bb7c-3960-11ef-9196-7b2e16e5ffcd","home","GWD Minden","VfL Gummersbach",12,15,FALSE,0,NA,NA,0,0,0,NA,0,0,0,0,0,0,NA,NA,NA,NA,NA,NA,NA,NA,0,0,0,0,NA,NA,NA,NA,NA
"Bernd Munck","ba5ee5e3-3955-11ef-9f80-ab397f561917",NA,NA,1973,"10/25/1973","5b98bb7c-3960-11ef-9196-7b2e16e5ffcd","home","GWD Minden","VfL Gummersbach",12,15,FALSE,3,NA,NA,0,0,0,NA,0,0,0,0,0,0,NA,NA,NA,NA,NA,NA,NA,NA,0,0,0,0,NA,NA,NA,NA,NA
"Wilfried Drögemeier","ba63ada7-3955-11ef-a04d-ab397f561917",NA,NA,1973,"10/25/1973","5b98bb7c-3960-11ef-9196-7b2e16e5ffcd","home","GWD Minden","VfL Gummersbach",12,15,FALSE,1,NA,NA,0,0,0,NA,0,0,0,0,0,0,NA,NA,NA,NA,NA,NA,NA,NA,0,0,0,0,NA,NA,NA,NA,NA
"Otto Weng","bcfbec1c-3955-11ef-b4f4-ab397f561917",NA,NA,1973,"10/25/1973","5b98bb7c-3960-11ef-9196-7b2e16e5ffcd","home","GWD Minden","VfL Gummersbach",12,15,FALSE,6,NA,NA,0,0,3,NA,0,0,0,0,0,0,NA,NA,NA,NA,NA,NA,NA,NA,0,0,0,0,NA,NA,NA,NA,NA
"Heiner Brand","44e82d45-3955-11ef-bc71-4fa817cd91bb",NA,NA,1973,"10/25/1973","5b98bb7c-3960-11ef-9196-7b2e16e5ffcd","away","VfL Gummersbach","GWD Minden",15,12,TRUE,0,NA,NA,0,0,0,NA,0,0,0,0,0,0,NA,NA,NA,NA,NA,NA,NA,NA,0,0,0,0,NA,NA,NA,NA,NA
"Klaus Westebbe","8c58f63a-3955-11ef-b65e-81dc40648355",NA,NA,1973,"10/25/1973","5b98bb7c-3960-11ef-9196-7b2e16e5ffcd","away","VfL Gummersbach","GWD Minden",15,12,TRUE,2,NA,NA,0,0,0,NA,0,0,0,0,0,0,NA,NA,NA,NA,NA,NA,NA,NA,0,0,0,0,NA,NA,NA,NA,NA
"Klaus Kater","8da1f6ef-3955-11ef-b31a-81dc40648355",NA,NA,1973,"10/25/1973","5b98bb7c-3960-11ef-9196-7b2e16e5ffcd","away","VfL Gummersbach","GWD Minden",15,12,TRUE,0,NA,NA,0,0,0,NA,0,0,0,0,0,0,NA,NA,NA,NA,NA,NA,NA,NA,0,0,0,0,NA,NA,NA,NA,NA
"Klaus Schlagheck","97a06613-3955-11ef-8056-292be3190b7b",NA,NA,1973,"10/25/1973","5b98bb7c-3960-11ef-9196-7b2e16e5ffcd","away","VfL Gummersbach","GWD Minden",15,12,TRUE,2,NA,NA,0,0,0,NA,0,0,0,0,0,0,NA,NA,NA,NA,NA,NA,NA,NA,0,0,0,0,NA,NA,NA,NA,NA
"Joachim Deckarm","9976945f-3955-11ef-afc4-292be3190b7b",NA,NA,1973,"10/25/1973","5b98bb7c-3960-11ef-9196-7b2e16e5ffcd","away","VfL Gummersbach","GWD Minden",15,12,TRUE,2,NA,NA,0,0,0,NA,0,0,0,0,0,0,NA,NA,NA,NA,NA,NA,NA,NA,0,0,0,0,NA,NA,NA,NA,NA
"Achim Henseler","a182e874-3955-11ef-95ce-2510cc07ea6e",NA,NA,1973,"10/25/1973","5b98bb7c-3960-11ef-9196-7b2e16e5ffcd","away","VfL Gummersbach","GWD Minden",15,12,TRUE,0,NA,NA,0,0,0,NA,0,0,0,0,0,0,NA,NA,NA,NA,NA,NA,NA,NA,0,0,0,0,NA,NA,NA,NA,NA
"Jochen Feldhoff","a32751a5-3955-11ef-badf-2510cc07ea6e",NA,NA,1973,"10/25/1973","5b98bb7c-3960-11ef-9196-7b2e16e5ffcd","away","VfL Gummersbach","GWD Minden",15,12,TRUE,2,NA,NA,0,0,0,NA,0,0,0,0,0,0,NA,NA,NA,NA,NA,NA,NA,NA,0,0,0,0,NA,NA,NA,NA,NA
"Werner Lettgen","ae263c3c-3955-11ef-96f7-a36230ada079",NA,NA,1973,"10/25/1973","5b98bb7c-3960-11ef-9196-7b2e16e5ffcd","away","VfL Gummersbach","GWD Minden",15,12,TRUE,0,NA,NA,0,0,0,NA,0,0,0,0,0,0,NA,NA,NA,NA,NA,NA,NA,NA,0,0,0,0,NA,NA,NA,NA,NA
"Hans-Günther Schmidt","aff5702f-3955-11ef-9878-a36230ada079",NA,NA,1973,"10/25/1973","5b98bb7c-3960-11ef-9196-7b2e16e5ffcd","away","VfL Gummersbach","GWD Minden",15,12,TRUE,7,NA,NA,0,0,4,NA,0,0,0,0,0,0,NA,NA,NA,NA,NA,NA,NA,NA,0,0,0,0,NA,NA,NA,NA,NA
"Jochen Brand","ba44375c-3955-11ef-a5d6-ab397f561917",NA,NA,1973,"10/25/1973","5b98bb7c-3960-11ef-9196-7b2e16e5ffcd","away","VfL Gummersbach","GWD Minden",15,12,TRUE,0,NA,NA,0,0,0,NA,0,0,0,0,0,0,NA,NA,NA,NA,NA,NA,NA,NA,0,0,0,0,NA,NA,NA,NA,NA
"Bruno Zay","bce5dbb8-3955-11ef-ac9b-ab397f561917",NA,NA,1973,"10/25/1973","5b98bb7c-3960-11ef-9196-7b2e16e5ffcd","away","VfL Gummersbach","GWD Minden",15,12,TRUE,0,NA,NA,0,0,0,NA,0,0,0,0,0,0,NA,NA,NA,NA,NA,NA,NA,NA,0,0,0,0,NA,NA,NA,NA,NA
"Werner Osada","98d8c8ac-3955-11ef-b6db-292be3190b7b",NA,NA,1973,"10/26/1973","68a1aa77-3960-11ef-846f-2906cc9fb6bc","home","S3L Handball","TSV 1896 Rintheim",15,13,TRUE,2,NA,NA,0,0,2,NA,0,0,0,0,0,0,NA,NA,NA,NA,NA,NA,NA,NA,0,0,0,0,NA,NA,NA,NA,NA
"Alfred Schmitt","a25e1dab-3955-11ef-b412-2510cc07ea6e",NA,NA,1973,"10/26/1973","68a1aa77-3960-11ef-846f-2906cc9fb6bc","home","S3L Handball","TSV 1896 Rintheim",15,13,TRUE,1,NA,NA,0,0,0,NA,0,0,0,0,0,0,NA,NA,NA,NA,NA,NA,NA,NA,0,0,0,0,NA,NA,NA,NA,NA
"Manfred Müller","ae54e819-3955-11ef-81e8-a36230ada079",NA,NA,1973,"10/26/1973","68a1aa77-3960-11ef-846f-2906cc9fb6bc","home","S3L Handball","TSV 1896 Rintheim",15,13,TRUE,0,NA,NA,0,0,0,NA,0,0,0,0,0,0,NA,NA,NA,NA,NA,NA,NA,NA,0,0,0,0,NA,NA,NA,NA,NA
"Georg Fitz","ae68320c-3955-11ef-89fa-a36230ada079",NA,NA,1973,"10/26/1973","68a1aa77-3960-11ef-846f-2906cc9fb6bc","home","S3L Handball","TSV 1896 Rintheim",15,13,TRUE,0,NA,NA,0,0,0,NA,0,0,0,0,0,0,NA,NA,NA,NA,NA,NA,NA,NA,0,0,0,0,NA,NA,NA,NA,NA
"Bernd Frühauf","ae71d80f-3955-11ef-a219-a36230ada079",NA,NA,1973,"10/26/1973","68a1aa77-3960-11ef-846f-2906cc9fb6bc","home","S3L Handball","TSV 1896 Rintheim",15,13,TRUE,0,NA,NA,0,0,0,NA,0,0,0,0,0,0,NA,NA,NA,NA,NA,NA,NA,NA,0,0,0,0,NA,NA,NA,NA,NA
"Robert Becker","ae8c50f9-3955-11ef-91c4-a36230ada079",NA,NA,1973,"10/26/1973","68a1aa77-3960-11ef-846f-2906cc9fb6bc","home","S3L Handball","TSV 1896 Rintheim",15,13,TRUE,1,NA,NA,0,0,0,NA,0,0,0,0,0,0,NA,NA,NA,NA,NA,NA,NA,NA,0,0,0,0,NA,NA,NA,NA,NA
"Jürgen Hahn","ae947745-3955-11ef-bc54-a36230ada079",NA,NA,1973,"10/26/1973","68a1aa77-3960-11ef-846f-2906cc9fb6bc","home","S3L Handball","TSV 1896 Rintheim",15,13,TRUE,4,NA,NA,0,0,0,NA,0,0,0,0,0,0,NA,NA,NA,NA,NA,NA,NA,NA,0,0,0,0,NA,NA,NA,NA,NA
"Hansjörg Jäck","b166bd31-3955-11ef-bed1-a36230ada079",NA,NA,1973,"10/26/1973","68a1aa77-3960-11ef-846f-2906cc9fb6bc","home","S3L Handball","TSV 1896 Rintheim",15,13,TRUE,0,NA,NA,0,0,0,NA,0,0,0,0,0,0,NA,NA,NA,NA,NA,NA,NA,NA,0,0,0,0,NA,NA,NA,NA,NA
"Markus Hädrich","ba389acc-3955-11ef-8b9d-ab397f561917",NA,NA,1973,"10/26/1973","68a1aa77-3960-11ef-846f-2906cc9fb6bc","home","S3L Handball","TSV 1896 Rintheim",15,13,TRUE,3,NA,NA,0,0,0,NA,0,0,0,0,0,0,NA,NA,NA,NA,NA,NA,NA,NA,0,0,0,0,NA,NA,NA,NA,NA
"Werner Pruscha","bb9c8e56-3955-11ef-ac18-ab397f561917",NA,NA,1973,"10/26/1973","68a1aa77-3960-11ef-846f-2906cc9fb6bc","home","S3L Handball","TSV 1896 Rintheim",15,13,TRUE,2,NA,NA,0,0,0,NA,0,0,0,0,0,0,NA,NA,NA,NA,NA,NA,NA,NA,0,0,0,0,NA,NA,NA,NA,NA
"Hans Stein","bde4861d-3955-11ef-a14e-ab397f561917",NA,NA,1973,"10/26/1973","68a1aa77-3960-11ef-846f-2906cc9fb6bc","home","S3L Handball","TSV 1896 Rintheim",15,13,TRUE,0,NA,NA,0,0,0,NA,0,0,0,0,0,0,NA,NA,NA,NA,NA,NA,NA,NA,0,0,0,0,NA,NA,NA,NA,NA
"Arno Schandin","bded1584-3955-11ef-8a76-ab397f561917",NA,NA,1973,"10/26/1973","68a1aa77-3960-11ef-846f-2906cc9fb6bc","home","S3L Handball","TSV 1896 Rintheim",15,13,TRUE,2,NA,NA,0,0,0,NA,0,0,0,0,0,0,NA,NA,NA,NA,NA,NA,NA,NA,0,0,0,0,NA,NA,NA,NA,NA
"Manfred Schulz","8bc2b5ea-3955-11ef-8d03-81dc40648355",NA,NA,1973,"10/26/1973","68a1aa77-3960-11ef-846f-2906cc9fb6bc","away","TSV 1896 Rintheim","S3L Handball",13,15,FALSE,0,NA,NA,0,0,0,NA,0,0,0,0,0,0,NA,NA,NA,NA,NA,NA,NA,NA,0,0,0,0,NA,NA,NA,NA,NA
"Wolf-Dieter Nagel","8d41486b-3955-11ef-8d22-81dc40648355",NA,NA,1973,"10/26/1973","68a1aa77-3960-11ef-846f-2906cc9fb6bc","away","TSV 1896 Rintheim","S3L Handball",13,15,FALSE,7,NA,NA,0,0,3,NA,0,0,0,0,0,0,NA,NA,NA,NA,NA,NA,NA,NA,0,0,0,0,NA,NA,NA,NA,NA
"Franz Bechler","98035d7e-3955-11ef-8b94-292be3190b7b",NA,NA,1973,"10/26/1973","68a1aa77-3960-11ef-846f-2906cc9fb6bc","away","TSV 1896 Rintheim","S3L Handball",13,15,FALSE,0,NA,NA,0,0,0,NA,0,0,0,0,0,0,NA,NA,NA,NA,NA,NA,NA,NA,0,0,0,0,NA,NA,NA,NA,NA
"Max Müller","99453a6b-3955-11ef-84c2-292be3190b7b",NA,NA,1973,"10/26/1973","68a1aa77-3960-11ef-846f-2906cc9fb6bc","away","TSV 1896 Rintheim","S3L Handball",13,15,FALSE,4,NA,NA,0,0,0,NA,0,0,0,0,0,0,NA,NA,NA,NA,NA,NA,NA,NA,0,0,0,0,NA,NA,NA,NA,NA
"Wilfried Job","af3ed007-3955-11ef-9184-a36230ada079",NA,NA,1973,"10/26/1973","68a1aa77-3960-11ef-846f-2906cc9fb6bc","away","TSV 1896 Rintheim","S3L Handball",13,15,FALSE,1,NA,NA,0,0,0,NA,0,0,0,0,0,0,NA,NA,NA,NA,NA,NA,NA,NA,0,0,0,0,NA,NA,NA,NA,NA
"Claus Erles","af42e492-3955-11ef-a26e-a36230ada079",NA,NA,1973,"10/26/1973","68a1aa77-3960-11ef-846f-2906cc9fb6bc","away","TSV 1896 Rintheim","S3L Handball",13,15,FALSE,0,NA,NA,0,0,0,NA,0,0,0,0,0,0,NA,NA,NA,NA,NA,NA,NA,NA,0,0,0,0,NA,NA,NA,NA,NA
"Bernd Seibel","bc6670d9-3955-11ef-b849-ab397f561917",NA,NA,1973,"10/26/1973","68a1aa77-3960-11ef-846f-2906cc9fb6bc","away","TSV 1896 Rintheim","S3L Handball",13,15,FALSE,0,NA,NA,0,0,0,NA,0,0,0,0,0,0,NA,NA,NA,NA,NA,NA,NA,NA,0,0,0,0,NA,NA,NA,NA,NA
"Wolfgang Dillenberger","bc6a40c8-3955-11ef-8c9f-ab397f561917",NA,NA,1973,"10/26/1973","68a1aa77-3960-11ef-846f-2906cc9fb6bc","away","TSV 1896 Rintheim","S3L Handball",13,15,FALSE,1,NA,NA,0,0,0,NA,0,0,0,0,0,0,NA,NA,NA,NA,NA,NA,NA,NA,0,0,0,0,NA,NA,NA,NA,NA
"Max Ullrich","c6e110c6-3955-11ef-83e4-157c9bc18a5f",NA,NA,1973,"10/26/1973","68a1aa77-3960-11ef-846f-2906cc9fb6bc","away","TSV 1896 Rintheim","S3L Handball",13,15,FALSE,0,NA,NA,0,0,0,NA,0,0,0,0,0,0,NA,NA,NA,NA,NA,NA,NA,NA,0,0,0,0,NA,NA,NA,NA,NA
"Heiner Dahm","c6e59e4f-3955-11ef-b407-157c9bc18a5f",NA,NA,1973,"10/26/1973","68a1aa77-3960-11ef-846f-2906cc9fb6bc","away","TSV 1896 Rintheim","S3L Handball",13,15,FALSE,0,NA,NA,0,0,0,NA,0,0,0,0,0,0,NA,NA,NA,NA,NA,NA,NA,NA,0,0,0,0,NA,NA,NA,NA,NA
"Richard Baumer","c6e9de45-3955-11ef-b5bf-157c9bc18a5f",NA,NA,1973,"10/26/1973","68a1aa77-3960-11ef-846f-2906cc9fb6bc","away","TSV 1896 Rintheim","S3L Handball",13,15,FALSE,0,NA,NA,0,0,0,NA,0,0,0,0,0,0,NA,NA,NA,NA,NA,NA,NA,NA,0,0,0,0,NA,NA,NA,NA,NA
"Roland Kühnle","c6f228fe-3955-11ef-a362-157c9bc18a5f",NA,NA,1973,"10/26/1973","68a1aa77-3960-11ef-846f-2906cc9fb6bc","away","TSV 1896 Rintheim","S3L Handball",13,15,FALSE,0,NA,NA,0,0,0,NA,0,0,0,0,0,0,NA,NA,NA,NA,NA,NA,NA,NA,0,0,0,0,NA,NA,NA,NA,NA
"Michael Dogs","b0cecb4a-3955-11ef-b665-a36230ada079",NA,NA,1973,"10/27/1973","657341e0-3960-11ef-ad04-2906cc9fb6bc","home","VfL Lübeck-Schwartau","TV Grambke Bremen",16,16,FALSE,0,NA,NA,0,0,0,NA,0,0,0,0,0,0,NA,NA,NA,NA,NA,NA,NA,NA,0,0,0,0,NA,NA,NA,NA,NA
"Ulrich Kleinstoll","b0f37438-3955-11ef-84e6-a36230ada079",NA,NA,1973,"10/27/1973","657341e0-3960-11ef-ad04-2906cc9fb6bc","home","VfL Lübeck-Schwartau","TV Grambke Bremen",16,16,FALSE,1,NA,NA,0,0,0,NA,0,0,0,0,0,0,NA,NA,NA,NA,NA,NA,NA,NA,0,0,0,0,NA,NA,NA,NA,NA
"Hans-Martin Müller-Wolf","b1020054-3955-11ef-8e79-a36230ada079",NA,NA,1973,"10/27/1973","657341e0-3960-11ef-ad04-2906cc9fb6bc","home","VfL Lübeck-Schwartau","TV Grambke Bremen",16,16,FALSE,0,NA,NA,0,0,0,NA,0,0,0,0,0,0,NA,NA,NA,NA,NA,NA,NA,NA,0,0,0,0,NA,NA,NA,NA,NA
"Siegfried Berg","b10d3ec3-3955-11ef-8a30-a36230ada079",NA,NA,1973,"10/27/1973","657341e0-3960-11ef-ad04-2906cc9fb6bc","home","VfL Lübeck-Schwartau","TV Grambke Bremen",16,16,FALSE,8,NA,NA,0,0,5,NA,0,0,0,0,0,0,NA,NA,NA,NA,NA,NA,NA,NA,0,0,0,0,NA,NA,NA,NA,NA
"Wolfgang Braun","b1a4c388-3955-11ef-92b7-a36230ada079",NA,NA,1973,"10/27/1973","657341e0-3960-11ef-ad04-2906cc9fb6bc","home","VfL Lübeck-Schwartau","TV Grambke Bremen",16,16,FALSE,1,NA,NA,0,0,0,NA,0,0,0,0,0,0,NA,NA,NA,NA,NA,NA,NA,NA,0,0,0,0,NA,NA,NA,NA,NA
"Geert Geusendam","baee7cab-3955-11ef-95ba-ab397f561917",NA,NA,1973,"10/27/1973","657341e0-3960-11ef-ad04-2906cc9fb6bc","home","VfL Lübeck-Schwartau","TV Grambke Bremen",16,16,FALSE,0,NA,NA,0,0,0,NA,0,0,0,0,0,0,NA,NA,NA,NA,NA,NA,NA,NA,0,0,0,0,NA,NA,NA,NA,NA
"Bernd Heiden","baf62966-3955-11ef-b7e1-ab397f561917",NA,NA,1973,"10/27/1973","657341e0-3960-11ef-ad04-2906cc9fb6bc","home","VfL Lübeck-Schwartau","TV Grambke Bremen",16,16,FALSE,1,NA,NA,0,0,0,NA,0,0,0,0,0,0,NA,NA,NA,NA,NA,NA,NA,NA,0,0,0,0,NA,NA,NA,NA,NA
"Klaus Lange","bafb51f3-3955-11ef-9864-ab397f561917",NA,NA,1973,"10/27/1973","657341e0-3960-11ef-ad04-2906cc9fb6bc","home","VfL Lübeck-Schwartau","TV Grambke Bremen",16,16,FALSE,5,NA,NA,0,0,2,NA,0,0,0,0,0,0,NA,NA,NA,NA,NA,NA,NA,NA,0,0,0,0,NA,NA,NA,NA,NA
"Georg Pohl","baff6cee-3955-11ef-a80f-ab397f561917",NA,NA,1973,"10/27/1973","657341e0-3960-11ef-ad04-2906cc9fb6bc","home","VfL Lübeck-Schwartau","TV Grambke Bremen",16,16,FALSE,0,NA,NA,0,0,0,NA,0,0,0,0,0,0,NA,NA,NA,NA,NA,NA,NA,NA,0,0,0,0,NA,NA,NA,NA,NA
"Manfred Kuhnke","bb039049-3955-11ef-bdc6-ab397f561917",NA,NA,1973,"10/27/1973","657341e0-3960-11ef-ad04-2906cc9fb6bc","home","VfL Lübeck-Schwartau","TV Grambke Bremen",16,16,FALSE,0,NA,NA,0,0,0,NA,0,0,0,0,0,0,NA,NA,NA,NA,NA,NA,NA,NA,0,0,0,0,NA,NA,NA,NA,NA
"Hans-Jörg Graeper","964d8ebc-3955-11ef-a25b-292be3190b7b",NA,NA,1973,"10/27/1973","657341e0-3960-11ef-ad04-2906cc9fb6bc","away","TV Grambke Bremen","VfL Lübeck-Schwartau",16,16,FALSE,2,NA,NA,0,0,0,NA,0,0,0,0,0,0,NA,NA,NA,NA,NA,NA,NA,NA,0,0,0,0,NA,NA,NA,NA,NA
"Rolf Harjes","9854972c-3955-11ef-b163-292be3190b7b",NA,NA,1973,"10/27/1973","657341e0-3960-11ef-ad04-2906cc9fb6bc","away","TV Grambke Bremen","VfL Lübeck-Schwartau",16,16,FALSE,6,NA,NA,0,0,2,NA,0,0,0,0,0,0,NA,NA,NA,NA,NA,NA,NA,NA,0,0,0,0,NA,NA,NA,NA,NA
"Rolf Dierks","a5420b05-3955-11ef-a0f4-2510cc07ea6e",NA,NA,1973,"10/27/1973","657341e0-3960-11ef-ad04-2906cc9fb6bc","away","TV Grambke Bremen","VfL Lübeck-Schwartau",16,16,FALSE,0,NA,NA,0,0,0,NA,0,0,0,0,0,0,NA,NA,NA,NA,NA,NA,NA,NA,0,0,0,0,NA,NA,NA,NA,NA
"Wilfried Lankenau","a547caa3-3955-11ef-8b17-2510cc07ea6e",NA,NA,1973,"10/27/1973","657341e0-3960-11ef-ad04-2906cc9fb6bc","away","TV Grambke Bremen","VfL Lübeck-Schwartau",16,16,FALSE,3,NA,NA,0,0,0,NA,0,0,0,0,0,0,NA,NA,NA,NA,NA,NA,NA,NA,0,0,0,0,NA,NA,NA,NA,NA
"Willi Hohn","a54d65b4-3955-11ef-86a4-2510cc07ea6e",NA,NA,1973,"10/27/1973","657341e0-3960-11ef-ad04-2906cc9fb6bc","away","TV Grambke Bremen","VfL Lübeck-Schwartau",16,16,FALSE,1,NA,NA,0,0,0,NA,0,0,0,0,0,0,NA,NA,NA,NA,NA,NA,NA,NA,0,0,0,0,NA,NA,NA,NA,NA
"Rainer Lange","ba95832e-3955-11ef-aa24-ab397f561917",NA,NA,1973,"10/27/1973","657341e0-3960-11ef-ad04-2906cc9fb6bc","away","TV Grambke Bremen","VfL Lübeck-Schwartau",16,16,FALSE,0,NA,NA,0,0,0,NA,0,0,0,0,0,0,NA,NA,NA,NA,NA,NA,NA,NA,0,0,0,0,NA,NA,NA,NA,NA
"Klaus Hohn","baa006c5-3955-11ef-942e-ab397f561917",NA,NA,1973,"10/27/1973","657341e0-3960-11ef-ad04-2906cc9fb6bc","away","TV Grambke Bremen","VfL Lübeck-Schwartau",16,16,FALSE,3,NA,NA,0,0,0,NA,0,0,0,0,0,0,NA,NA,NA,NA,NA,NA,NA,NA,0,0,0,0,NA,NA,NA,NA,NA
"Karl-Heinz Bierwirth","baa76751-3955-11ef-b78b-ab397f561917",NA,NA,1973,"10/27/1973","657341e0-3960-11ef-ad04-2906cc9fb6bc","away","TV Grambke Bremen","VfL Lübeck-Schwartau",16,16,FALSE,1,NA,NA,0,0,0,NA,0,0,0,0,0,0,NA,NA,NA,NA,NA,NA,NA,NA,0,0,0,0,NA,NA,NA,NA,NA
"Günter Heermann","baabe2e5-3955-11ef-9d71-ab397f561917",NA,NA,1973,"10/27/1973","657341e0-3960-11ef-ad04-2906cc9fb6bc","away","TV Grambke Bremen","VfL Lübeck-Schwartau",16,16,FALSE,0,NA,NA,0,0,0,NA,0,0,0,0,0,0,NA,NA,NA,NA,NA,NA,NA,NA,0,0,0,0,NA,NA,NA,NA,NA
"Günter Meßmer","babf1fc6-3955-11ef-975c-ab397f561917",NA,NA,1973,"10/27/1973","657341e0-3960-11ef-ad04-2906cc9fb6bc","away","TV Grambke Bremen","VfL Lübeck-Schwartau",16,16,FALSE,0,NA,NA,0,0,0,NA,0,0,0,0,0,0,NA,NA,NA,NA,NA,NA,NA,NA,0,0,0,0,NA,NA,NA,NA,NA
"Reimer Hinrichs","baf246ff-3955-11ef-b172-ab397f561917",NA,NA,1973,"10/27/1973","657341e0-3960-11ef-ad04-2906cc9fb6bc","away","TV Grambke Bremen","VfL Lübeck-Schwartau",16,16,FALSE,0,NA,NA,0,0,0,NA,0,0,0,0,0,0,NA,NA,NA,NA,NA,NA,NA,NA,0,0,0,0,NA,NA,NA,NA,NA
"Walter Don","73f54ad3-3955-11ef-b2c6-51fdf2a82730",NA,NA,1973,"10/27/1973","678ce9b7-3960-11ef-81fd-2906cc9fb6bc","home","TV 05/07 Hüttenberg","SG Dietzenbach",21,18,TRUE,0,NA,NA,0,0,0,NA,0,0,0,0,0,0,NA,NA,NA,NA,NA,NA,NA,NA,0,0,0,0,NA,NA,NA,NA,NA
"Hans-Jürgen Völpel","80753eec-3955-11ef-bd2e-b908c60af10a",NA,NA,1973,"10/27/1973","678ce9b7-3960-11ef-81fd-2906cc9fb6bc","home","TV 05/07 Hüttenberg","SG Dietzenbach",21,18,TRUE,0,NA,NA,0,0,0,NA,0,0,0,0,0,0,NA,NA,NA,NA,NA,NA,NA,NA,0,0,0,0,NA,NA,NA,NA,NA
"Horst Spengler","80adf446-3955-11ef-a1e6-b908c60af10a",NA,NA,1973,"10/27/1973","678ce9b7-3960-11ef-81fd-2906cc9fb6bc","home","TV 05/07 Hüttenberg","SG Dietzenbach",21,18,TRUE,4,NA,NA,0,0,0,NA,0,0,0,0,0,0,NA,NA,NA,NA,NA,NA,NA,NA,0,0,0,0,NA,NA,NA,NA,NA
"Peter Barthelmey","99855e8f-3955-11ef-b9a4-292be3190b7b",NA,NA,1973,"10/27/1973","678ce9b7-3960-11ef-81fd-2906cc9fb6bc","home","TV 05/07 Hüttenberg","SG Dietzenbach",21,18,TRUE,6,NA,NA,0,0,1,NA,0,0,0,0,0,0,NA,NA,NA,NA,NA,NA,NA,NA,0,0,0,0,NA,NA,NA,NA,NA
"Richard Boczkowski","a1b43836-3955-11ef-934f-2510cc07ea6e",NA,NA,1973,"10/27/1973","678ce9b7-3960-11ef-81fd-2906cc9fb6bc","home","TV 05/07 Hüttenberg","SG Dietzenbach",21,18,TRUE,0,NA,NA,0,0,0,NA,0,0,0,0,0,0,NA,NA,NA,NA,NA,NA,NA,NA,0,0,0,0,NA,NA,NA,NA,NA
"Norbert Bach","a3be6ba6-3955-11ef-9511-2510cc07ea6e",NA,NA,1973,"10/27/1973","678ce9b7-3960-11ef-81fd-2906cc9fb6bc","home","TV 05/07 Hüttenberg","SG Dietzenbach",21,18,TRUE,6,NA,NA,0,0,0,NA,0,0,0,0,0,0,NA,NA,NA,NA,NA,NA,NA,NA,0,0,0,0,NA,NA,NA,NA,NA
"Stefan Schicketanz","a3d099d4-3955-11ef-90b6-2510cc07ea6e",NA,NA,1973,"10/27/1973","678ce9b7-3960-11ef-81fd-2906cc9fb6bc","home","TV 05/07 Hüttenberg","SG Dietzenbach",21,18,TRUE,0,NA,NA,0,0,0,NA,0,0,0,0,0,0,NA,NA,NA,NA,NA,NA,NA,NA,0,0,0,0,NA,NA,NA,NA,NA
"Udo Uebbing","ae4823ea-3955-11ef-93ce-a36230ada079",NA,NA,1973,"10/27/1973","678ce9b7-3960-11ef-81fd-2906cc9fb6bc","home","TV 05/07 Hüttenberg","SG Dietzenbach",21,18,TRUE,3,NA,NA,0,0,0,NA,0,0,0,0,0,0,NA,NA,NA,NA,NA,NA,NA,NA,0,0,0,0,NA,NA,NA,NA,NA
"Rolf Kunz","bb7de91c-3955-11ef-8de2-ab397f561917",NA,NA,1973,"10/27/1973","678ce9b7-3960-11ef-81fd-2906cc9fb6bc","home","TV 05/07 Hüttenberg","SG Dietzenbach",21,18,TRUE,1,NA,NA,0,0,0,NA,0,0,0,0,0,0,NA,NA,NA,NA,NA,NA,NA,NA,0,0,0,0,NA,NA,NA,NA,NA
"Rainer Joost","bb83a6fb-3955-11ef-b43f-ab397f561917",NA,NA,1973,"10/27/1973","678ce9b7-3960-11ef-81fd-2906cc9fb6bc","home","TV 05/07 Hüttenberg","SG Dietzenbach",21,18,TRUE,0,NA,NA,0,0,0,NA,0,0,0,0,0,0,NA,NA,NA,NA,NA,NA,NA,NA,0,0,0,0,NA,NA,NA,NA,NA
"Dieter Beckmann","bb888d20-3955-11ef-b8c5-ab397f561917",NA,NA,1973,"10/27/1973","678ce9b7-3960-11ef-81fd-2906cc9fb6bc","home","TV 05/07 Hüttenberg","SG Dietzenbach",21,18,TRUE,0,NA,NA,0,0,0,NA,0,0,0,0,0,0,NA,NA,NA,NA,NA,NA,NA,NA,0,0,0,0,NA,NA,NA,NA,NA
"Andrija Kotlas","bde016f5-3955-11ef-b96c-ab397f561917",NA,NA,1973,"10/27/1973","678ce9b7-3960-11ef-81fd-2906cc9fb6bc","home","TV 05/07 Hüttenberg","SG Dietzenbach",21,18,TRUE,1,NA,NA,0,0,1,NA,0,0,0,0,0,0,NA,NA,NA,NA,NA,NA,NA,NA,0,0,0,0,NA,NA,NA,NA,NA
"Heinz-Theo Kaus","8086fdf9-3955-11ef-938f-b908c60af10a",NA,NA,1973,"10/27/1973","678ce9b7-3960-11ef-81fd-2906cc9fb6bc","away","SG Dietzenbach","TV 05/07 Hüttenberg",18,21,FALSE,0,NA,NA,0,0,0,NA,0,0,0,0,0,0,NA,NA,NA,NA,NA,NA,NA,NA,0,0,0,0,NA,NA,NA,NA,NA
"Herbert Wehnert","96e104db-3955-11ef-b58d-292be3190b7b",NA,NA,1973,"10/27/1973","678ce9b7-3960-11ef-81fd-2906cc9fb6bc","away","SG Dietzenbach","TV 05/07 Hüttenberg",18,21,FALSE,6,NA,NA,0,0,0,NA,0,0,0,0,0,0,NA,NA,NA,NA,NA,NA,NA,NA,0,0,0,0,NA,NA,NA,NA,NA
"Wolfgang Hammerl","a2e26d5b-3955-11ef-8fa5-2510cc07ea6e",NA,NA,1973,"10/27/1973","678ce9b7-3960-11ef-81fd-2906cc9fb6bc","away","SG Dietzenbach","TV 05/07 Hüttenberg",18,21,FALSE,0,NA,NA,0,0,0,NA,0,0,0,0,0,0,NA,NA,NA,NA,NA,NA,NA,NA,0,0,0,0,NA,NA,NA,NA,NA
"Otto Allies","af191a75-3955-11ef-8c7e-a36230ada079",NA,NA,1973,"10/27/1973","678ce9b7-3960-11ef-81fd-2906cc9fb6bc","away","SG Dietzenbach","TV 05/07 Hüttenberg",18,21,FALSE,2,NA,NA,0,0,0,NA,0,0,0,0,0,0,NA,NA,NA,NA,NA,NA,NA,NA,0,0,0,0,NA,NA,NA,NA,NA
"Heinrich Baum","af2c6c48-3955-11ef-964a-a36230ada079",NA,NA,1973,"10/27/1973","678ce9b7-3960-11ef-81fd-2906cc9fb6bc","away","SG Dietzenbach","TV 05/07 Hüttenberg",18,21,FALSE,3,NA,NA,0,0,0,NA,0,0,0,0,0,0,NA,NA,NA,NA,NA,NA,NA,NA,0,0,0,0,NA,NA,NA,NA,NA
"Klaus Rettig","b1d1aa4c-3955-11ef-baf9-a36230ada079",NA,NA,1973,"10/27/1973","678ce9b7-3960-11ef-81fd-2906cc9fb6bc","away","SG Dietzenbach","TV 05/07 Hüttenberg",18,21,FALSE,3,NA,NA,0,0,0,NA,0,0,0,0,0,0,NA,NA,NA,NA,NA,NA,NA,NA,0,0,0,0,NA,NA,NA,NA,NA
"Peter Eckert","c67b9c79-3955-11ef-8f02-157c9bc18a5f",NA,NA,1973,"10/27/1973","678ce9b7-3960-11ef-81fd-2906cc9fb6bc","away","SG Dietzenbach","TV 05/07 Hüttenberg",18,21,FALSE,0,NA,NA,0,0,0,NA,0,0,0,0,0,0,NA,NA,NA,NA,NA,NA,NA,NA,0,0,0,0,NA,NA,NA,NA,NA
"Herbert Striebel","c682be45-3955-11ef-8eab-157c9bc18a5f",NA,NA,1973,"10/27/1973","678ce9b7-3960-11ef-81fd-2906cc9fb6bc","away","SG Dietzenbach","TV 05/07 Hüttenberg",18,21,FALSE,0,NA,NA,0,0,0,NA,0,0,0,0,0,0,NA,NA,NA,NA,NA,NA,NA,NA,0,0,0,0,NA,NA,NA,NA,NA
"Norbert Kern","c6961a09-3955-11ef-8bcc-157c9bc18a5f",NA,NA,1973,"10/27/1973","678ce9b7-3960-11ef-81fd-2906cc9fb6bc","away","SG Dietzenbach","TV 05/07 Hüttenberg",18,21,FALSE,4,NA,NA,0,0,1,NA,0,0,0,0,0,0,NA,NA,NA,NA,NA,NA,NA,NA,0,0,0,0,NA,NA,NA,NA,NA
"Wolfgang Pelzer","c69f3508-3955-11ef-89d5-157c9bc18a5f",NA,NA,1973,"10/27/1973","678ce9b7-3960-11ef-81fd-2906cc9fb6bc","away","SG Dietzenbach","TV 05/07 Hüttenberg",18,21,FALSE,0,NA,NA,0,0,0,NA,0,0,0,0,0,0,NA,NA,NA,NA,NA,NA,NA,NA,0,0,0,0,NA,NA,NA,NA,NA
"Armin Emrich","8cdd3680-3955-11ef-a93e-81dc40648355",NA,NA,1973,"10/27/1973","7165a0c7-3960-11ef-bc9e-2906cc9fb6bc","home","FRISCH AUF! Göppingen","TSV 1846 Butzbach",25,18,TRUE,3,NA,NA,0,0,0,NA,0,0,0,0,0,0,NA,NA,NA,NA,NA,NA,NA,NA,0,0,0,0,NA,NA,NA,NA,NA
"Peter Bucher","8e0071c9-3955-11ef-8ff8-81dc40648355",NA,NA,1973,"10/27/1973","7165a0c7-3960-11ef-bc9e-2906cc9fb6bc","home","FRISCH AUF! Göppingen","TSV 1846 Butzbach",25,18,TRUE,6,NA,NA,0,0,3,NA,0,0,0,0,0,0,NA,NA,NA,NA,NA,NA,NA,NA,0,0,0,0,NA,NA,NA,NA,NA
"Hans-Eberhard Finkbeiner","a2f451eb-3955-11ef-99da-2510cc07ea6e",NA,NA,1973,"10/27/1973","7165a0c7-3960-11ef-bc9e-2906cc9fb6bc","home","FRISCH AUF! Göppingen","TSV 1846 Butzbach",25,18,TRUE,0,NA,NA,0,0,0,NA,0,0,0,0,0,0,NA,NA,NA,NA,NA,NA,NA,NA,0,0,0,0,NA,NA,NA,NA,NA
"Wolfgang Don","a2ff75a5-3955-11ef-a510-2510cc07ea6e",NA,NA,1973,"10/27/1973","7165a0c7-3960-11ef-bc9e-2906cc9fb6bc","home","FRISCH AUF! Göppingen","TSV 1846 Butzbach",25,18,TRUE,1,NA,NA,0,0,0,NA,0,0,0,0,0,0,NA,NA,NA,NA,NA,NA,NA,NA,0,0,0,0,NA,NA,NA,NA,NA
"Günter Frömming","aedbd140-3955-11ef-a39f-a36230ada079",NA,NA,1973,"10/27/1973","7165a0c7-3960-11ef-bc9e-2906cc9fb6bc","home","FRISCH AUF! Göppingen","TSV 1846 Butzbach",25,18,TRUE,0,NA,NA,0,0,0,NA,0,0,0,0,0,0,NA,NA,NA,NA,NA,NA,NA,NA,0,0,0,0,NA,NA,NA,NA,NA
"Werner Fischer","af3a0885-3955-11ef-a884-a36230ada079",NA,NA,1973,"10/27/1973","7165a0c7-3960-11ef-bc9e-2906cc9fb6bc","home","FRISCH AUF! Göppingen","TSV 1846 Butzbach",25,18,TRUE,1,NA,NA,0,0,0,NA,0,0,0,0,0,0,NA,NA,NA,NA,NA,NA,NA,NA,0,0,0,0,NA,NA,NA,NA,NA
"Siegmund Seeger","af76d008-3955-11ef-b7c9-a36230ada079",NA,NA,1973,"10/27/1973","7165a0c7-3960-11ef-bc9e-2906cc9fb6bc","home","FRISCH AUF! Göppingen","TSV 1846 Butzbach",25,18,TRUE,0,NA,NA,0,0,0,NA,0,0,0,0,0,0,NA,NA,NA,NA,NA,NA,NA,NA,0,0,0,0,NA,NA,NA,NA,NA
"Hans Brodbeck","b1f00cc3-3955-11ef-b4c9-a36230ada079",NA,NA,1973,"10/27/1973","7165a0c7-3960-11ef-bc9e-2906cc9fb6bc","home","FRISCH AUF! Göppingen","TSV 1846 Butzbach",25,18,TRUE,0,NA,NA,0,0,0,NA,0,0,0,0,0,0,NA,NA,NA,NA,NA,NA,NA,NA,0,0,0,0,NA,NA,NA,NA,NA
"Paul Epple","bc8167af-3955-11ef-8748-ab397f561917",NA,NA,1973,"10/27/1973","7165a0c7-3960-11ef-bc9e-2906cc9fb6bc","home","FRISCH AUF! Göppingen","TSV 1846 Butzbach",25,18,TRUE,2,NA,NA,0,0,2,NA,0,0,0,0,0,0,NA,NA,NA,NA,NA,NA,NA,NA,0,0,0,0,NA,NA,NA,NA,NA
"Geir Hallsteinsson","c70adb66-3955-11ef-afb7-157c9bc18a5f",NA,NA,1973,"10/27/1973","7165a0c7-3960-11ef-bc9e-2906cc9fb6bc","home","FRISCH AUF! Göppingen","TSV 1846 Butzbach",25,18,TRUE,7,NA,NA,0,0,0,NA,0,0,0,0,0,0,NA,NA,NA,NA,NA,NA,NA,NA,0,0,0,0,NA,NA,NA,NA,NA
"Christian Patzer","c715a1de-3955-11ef-bc54-157c9bc18a5f",NA,NA,1973,"10/27/1973","7165a0c7-3960-11ef-bc9e-2906cc9fb6bc","home","FRISCH AUF! Göppingen","TSV 1846 Butzbach",25,18,TRUE,3,NA,NA,0,0,2,NA,0,0,0,0,0,0,NA,NA,NA,NA,NA,NA,NA,NA,0,0,0,0,NA,NA,NA,NA,NA
"Günter Schweikardt","d3e60b79-3953-11ef-9e8c-e3f2de03a1b7",NA,NA,1973,"10/27/1973","7165a0c7-3960-11ef-bc9e-2906cc9fb6bc","home","FRISCH AUF! Göppingen","TSV 1846 Butzbach",25,18,TRUE,2,NA,NA,0,0,0,NA,0,0,0,0,0,0,NA,NA,NA,NA,NA,NA,NA,NA,0,0,0,0,NA,NA,NA,NA,NA
"Klaus Meineke","8d0eefb2-3955-11ef-a068-81dc40648355",NA,NA,1973,"10/27/1973","7165a0c7-3960-11ef-bc9e-2906cc9fb6bc","away","TSV 1846 Butzbach","FRISCH AUF! Göppingen",18,25,FALSE,6,NA,NA,0,0,1,NA,0,0,0,0,0,0,NA,NA,NA,NA,NA,NA,NA,NA,0,0,0,0,NA,NA,NA,NA,NA
"Rolf Allendörfer","97c4e757-3955-11ef-8b41-292be3190b7b",NA,NA,1973,"10/27/1973","7165a0c7-3960-11ef-bc9e-2906cc9fb6bc","away","TSV 1846 Butzbach","FRISCH AUF! Göppingen",18,25,FALSE,1,NA,NA,0,0,0,NA,0,0,0,0,0,0,NA,NA,NA,NA,NA,NA,NA,NA,0,0,0,0,NA,NA,NA,NA,NA
"Günter Timmermann","bb79f127-3955-11ef-ae8c-ab397f561917",NA,NA,1973,"10/27/1973","7165a0c7-3960-11ef-bc9e-2906cc9fb6bc","away","TSV 1846 Butzbach","FRISCH AUF! Göppingen",18,25,FALSE,0,NA,NA,0,0,0,NA,0,0,0,0,0,0,NA,NA,NA,NA,NA,NA,NA,NA,0,0,0,0,NA,NA,NA,NA,NA
"Günter Bormann","bc2b728c-3955-11ef-9c10-ab397f561917",NA,NA,1973,"10/27/1973","7165a0c7-3960-11ef-bc9e-2906cc9fb6bc","away","TSV 1846 Butzbach","FRISCH AUF! Göppingen",18,25,FALSE,1,NA,NA,0,0,0,NA,0,0,0,0,0,0,NA,NA,NA,NA,NA,NA,NA,NA,0,0,0,0,NA,NA,NA,NA,NA
"Hans-Joachim Röhrig","bc371f1f-3955-11ef-bcd4-ab397f561917",NA,NA,1973,"10/27/1973","7165a0c7-3960-11ef-bc9e-2906cc9fb6bc","away","TSV 1846 Butzbach","FRISCH AUF! Göppingen",18,25,FALSE,3,NA,NA,0,0,0,NA,0,0,0,0,0,0,NA,NA,NA,NA,NA,NA,NA,NA,0,0,0,0,NA,NA,NA,NA,NA
"Alfred Walter","bc3f22f5-3955-11ef-9558-ab397f561917",NA,NA,1973,"10/27/1973","7165a0c7-3960-11ef-bc9e-2906cc9fb6bc","away","TSV 1846 Butzbach","FRISCH AUF! Göppingen",18,25,FALSE,0,NA,NA,0,0,0,NA,0,0,0,0,0,0,NA,NA,NA,NA,NA,NA,NA,NA,0,0,0,0,NA,NA,NA,NA,NA
"Bernd Lind","bc4b1939-3955-11ef-95dd-ab397f561917",NA,NA,1973,"10/27/1973","7165a0c7-3960-11ef-bc9e-2906cc9fb6bc","away","TSV 1846 Butzbach","FRISCH AUF! Göppingen",18,25,FALSE,0,NA,NA,0,0,0,NA,0,0,0,0,0,0,NA,NA,NA,NA,NA,NA,NA,NA,0,0,0,0,NA,NA,NA,NA,NA
"Wolfgang Lowak","bc4eecb3-3955-11ef-8009-ab397f561917",NA,NA,1973,"10/27/1973","7165a0c7-3960-11ef-bc9e-2906cc9fb6bc","away","TSV 1846 Butzbach","FRISCH AUF! Göppingen",18,25,FALSE,1,NA,NA,0,0,0,NA,0,0,0,0,0,0,NA,NA,NA,NA,NA,NA,NA,NA,0,0,0,0,NA,NA,NA,NA,NA
"Robert Ringleb","bc52ae17-3955-11ef-80f1-ab397f561917",NA,NA,1973,"10/27/1973","7165a0c7-3960-11ef-bc9e-2906cc9fb6bc","away","TSV 1846 Butzbach","FRISCH AUF! Göppingen",18,25,FALSE,3,NA,NA,0,0,0,NA,0,0,0,0,0,0,NA,NA,NA,NA,NA,NA,NA,NA,0,0,0,0,NA,NA,NA,NA,NA
"Werner Henn","c6c2c065-3955-11ef-b47d-157c9bc18a5f",NA,NA,1973,"10/27/1973","7165a0c7-3960-11ef-bc9e-2906cc9fb6bc","away","TSV 1846 Butzbach","FRISCH AUF! Göppingen",18,25,FALSE,0,NA,NA,0,0,0,NA,0,0,0,0,0,0,NA,NA,NA,NA,NA,NA,NA,NA,0,0,0,0,NA,NA,NA,NA,NA
"Klaus Karg","c6d8aa2a-3955-11ef-ab2b-157c9bc18a5f",NA,NA,1973,"10/27/1973","7165a0c7-3960-11ef-bc9e-2906cc9fb6bc","away","TSV 1846 Butzbach","FRISCH AUF! Göppingen",18,25,FALSE,0,NA,NA,0,0,0,NA,0,0,0,0,0,0,NA,NA,NA,NA,NA,NA,NA,NA,0,0,0,0,NA,NA,NA,NA,NA
"Anton Turkalj","c6dcd936-3955-11ef-9d1b-157c9bc18a5f",NA,NA,1973,"10/27/1973","7165a0c7-3960-11ef-bc9e-2906cc9fb6bc","away","TSV 1846 Butzbach","FRISCH AUF! Göppingen",18,25,FALSE,3,NA,NA,0,0,0,NA,0,0,0,0,0,0,NA,NA,NA,NA,NA,NA,NA,NA,0,0,0,0,NA,NA,NA,NA,NA
"Peter Pickel","8c973b42-3955-11ef-8c71-81dc40648355",NA,NA,1973,"10/28/1973","5dbb160e-3960-11ef-91d7-7b2e16e5ffcd","home","Hamburger SV","TuSEM Essen",11,9,TRUE,3,NA,NA,0,0,2,NA,0,0,0,0,0,0,NA,NA,NA,NA,NA,NA,NA,NA,0,0,0,0,NA,NA,NA,NA,NA
"Hans-Jürgen Bode","b011e6da-3955-11ef-8205-a36230ada079",NA,NA,1973,"10/28/1973","5dbb160e-3960-11ef-91d7-7b2e16e5ffcd","home","Hamburger SV","TuSEM Essen",11,9,TRUE,0,NA,NA,0,0,0,NA,0,0,0,0,0,0,NA,NA,NA,NA,NA,NA,NA,NA,0,0,0,0,NA,NA,NA,NA,NA
"Rainer Witt","b02adaad-3955-11ef-b8c4-a36230ada079",NA,NA,1973,"10/28/1973","5dbb160e-3960-11ef-91d7-7b2e16e5ffcd","home","Hamburger SV","TuSEM Essen",11,9,TRUE,0,NA,NA,0,0,0,NA,0,0,0,0,0,0,NA,NA,NA,NA,NA,NA,NA,NA,0,0,0,0,NA,NA,NA,NA,NA
"Jens Ivers","b02f4aea-3955-11ef-801e-a36230ada079",NA,NA,1973,"10/28/1973","5dbb160e-3960-11ef-91d7-7b2e16e5ffcd","home","Hamburger SV","TuSEM Essen",11,9,TRUE,3,NA,NA,0,0,0,NA,0,0,0,0,0,0,NA,NA,NA,NA,NA,NA,NA,NA,0,0,0,0,NA,NA,NA,NA,NA
"Klaus Porepp","b0396b18-3955-11ef-b5cf-a36230ada079",NA,NA,1973,"10/28/1973","5dbb160e-3960-11ef-91d7-7b2e16e5ffcd","home","Hamburger SV","TuSEM Essen",11,9,TRUE,0,NA,NA,0,0,0,NA,0,0,0,0,0,0,NA,NA,NA,NA,NA,NA,NA,NA,0,0,0,0,NA,NA,NA,NA,NA
"Norbert Germer","b03f8101-3955-11ef-8945-a36230ada079",NA,NA,1973,"10/28/1973","5dbb160e-3960-11ef-91d7-7b2e16e5ffcd","home","Hamburger SV","TuSEM Essen",11,9,TRUE,3,NA,NA,0,0,1,NA,0,0,0,0,0,0,NA,NA,NA,NA,NA,NA,NA,NA,0,0,0,0,NA,NA,NA,NA,NA
"Uwe Tesloff","b049ae56-3955-11ef-a5f7-a36230ada079",NA,NA,1973,"10/28/1973","5dbb160e-3960-11ef-91d7-7b2e16e5ffcd","home","Hamburger SV","TuSEM Essen",11,9,TRUE,0,NA,NA,0,0,0,NA,0,0,0,0,0,0,NA,NA,NA,NA,NA,NA,NA,NA,0,0,0,0,NA,NA,NA,NA,NA
"Hartwig Reich","ba6cb3c8-3955-11ef-9f64-ab397f561917",NA,NA,1973,"10/28/1973","5dbb160e-3960-11ef-91d7-7b2e16e5ffcd","home","Hamburger SV","TuSEM Essen",11,9,TRUE,0,NA,NA,0,0,0,NA,0,0,0,0,0,0,NA,NA,NA,NA,NA,NA,NA,NA,0,0,0,0,NA,NA,NA,NA,NA
"Michael Taubert","ba7ad888-3955-11ef-9650-ab397f561917",NA,NA,1973,"10/28/1973","5dbb160e-3960-11ef-91d7-7b2e16e5ffcd","home","Hamburger SV","TuSEM Essen",11,9,TRUE,1,NA,NA,0,0,0,NA,0,0,0,0,0,0,NA,NA,NA,NA,NA,NA,NA,NA,0,0,0,0,NA,NA,NA,NA,NA
"Dieter Minke","bd0cde0f-3955-11ef-91c1-ab397f561917",NA,NA,1973,"10/28/1973","5dbb160e-3960-11ef-91d7-7b2e16e5ffcd","home","Hamburger SV","TuSEM Essen",11,9,TRUE,1,NA,NA,0,0,0,NA,0,0,0,0,0,0,NA,NA,NA,NA,NA,NA,NA,NA,0,0,0,0,NA,NA,NA,NA,NA
"Karsten Sick","bd16289b-3955-11ef-9343-ab397f561917",NA,NA,1973,"10/28/1973","5dbb160e-3960-11ef-91d7-7b2e16e5ffcd","home","Hamburger SV","TuSEM Essen",11,9,TRUE,0,NA,NA,0,0,0,NA,0,0,0,0,0,0,NA,NA,NA,NA,NA,NA,NA,NA,0,0,0,0,NA,NA,NA,NA,NA
"Dietmar Balkenhol","8dfc784e-3955-11ef-b459-81dc40648355",NA,NA,1973,"10/28/1973","5dbb160e-3960-11ef-91d7-7b2e16e5ffcd","away","TuSEM Essen","Hamburger SV",9,11,FALSE,1,NA,NA,0,0,0,NA,0,0,0,0,0,0,NA,NA,NA,NA,NA,NA,NA,NA,0,0,0,0,NA,NA,NA,NA,NA
"Gerhard Wrobel","ae4fc714-3955-11ef-a106-a36230ada079",NA,NA,1973,"10/28/1973","5dbb160e-3960-11ef-91d7-7b2e16e5ffcd","away","TuSEM Essen","Hamburger SV",9,11,FALSE,2,NA,NA,0,0,0,NA,0,0,0,0,0,0,NA,NA,NA,NA,NA,NA,NA,NA,0,0,0,0,NA,NA,NA,NA,NA
"Anderko Govorko","bb91b676-3955-11ef-8109-ab397f561917",NA,NA,1973,"10/28/1973","5dbb160e-3960-11ef-91d7-7b2e16e5ffcd","away","TuSEM Essen","Hamburger SV",9,11,FALSE,0,NA,NA,0,0,0,NA,0,0,0,0,0,0,NA,NA,NA,NA,NA,NA,NA,NA,0,0,0,0,NA,NA,NA,NA,NA
"Herbert Buschmann","bd5ac595-3955-11ef-97f0-ab397f561917",NA,NA,1973,"10/28/1973","5dbb160e-3960-11ef-91d7-7b2e16e5ffcd","away","TuSEM Essen","Hamburger SV",9,11,FALSE,0,NA,NA,0,0,0,NA,0,0,0,0,0,0,NA,NA,NA,NA,NA,NA,NA,NA,0,0,0,0,NA,NA,NA,NA,NA
"Klaus Schäfer","bd6f7a4d-3955-11ef-9f92-ab397f561917",NA,NA,1973,"10/28/1973","5dbb160e-3960-11ef-91d7-7b2e16e5ffcd","away","TuSEM Essen","Hamburger SV",9,11,FALSE,0,NA,NA,0,0,0,NA,0,0,0,0,0,0,NA,NA,NA,NA,NA,NA,NA,NA,0,0,0,0,NA,NA,NA,NA,NA
"Gerhard Schmidt","bd78314d-3955-11ef-8668-ab397f561917",NA,NA,1973,"10/28/1973","5dbb160e-3960-11ef-91d7-7b2e16e5ffcd","away","TuSEM Essen","Hamburger SV",9,11,FALSE,2,NA,NA,0,0,0,NA,0,0,0,0,0,0,NA,NA,NA,NA,NA,NA,NA,NA,0,0,0,0,NA,NA,NA,NA,NA
"Manfred Benning","bd7cb1bd-3955-11ef-883f-ab397f561917",NA,NA,1973,"10/28/1973","5dbb160e-3960-11ef-91d7-7b2e16e5ffcd","away","TuSEM Essen","Hamburger SV",9,11,FALSE,0,NA,NA,0,0,0,NA,0,0,0,0,0,0,NA,NA,NA,NA,NA,NA,NA,NA,0,0,0,0,NA,NA,NA,NA,NA
"Alojz Snedić","bd80daac-3955-11ef-a8ab-ab397f561917",NA,NA,1973,"10/28/1973","5dbb160e-3960-11ef-91d7-7b2e16e5ffcd","away","TuSEM Essen","Hamburger SV",9,11,FALSE,0,NA,NA,0,0,0,NA,0,0,0,0,0,0,NA,NA,NA,NA,NA,NA,NA,NA,0,0,0,0,NA,NA,NA,NA,NA
"Peter Fischer","bd861af2-3955-11ef-a655-ab397f561917",NA,NA,1973,"10/28/1973","5dbb160e-3960-11ef-91d7-7b2e16e5ffcd","away","TuSEM Essen","Hamburger SV",9,11,FALSE,2,NA,NA,0,0,0,NA,0,0,0,0,0,0,NA,NA,NA,NA,NA,NA,NA,NA,0,0,0,0,NA,NA,NA,NA,NA
"Wolfgang Schütte","bd8b9463-3955-11ef-84e4-ab397f561917",NA,NA,1973,"10/28/1973","5dbb160e-3960-11ef-91d7-7b2e16e5ffcd","away","TuSEM Essen","Hamburger SV",9,11,FALSE,0,NA,NA,0,0,0,NA,0,0,0,0,0,0,NA,NA,NA,NA,NA,NA,NA,NA,0,0,0,0,NA,NA,NA,NA,NA
"Peter Meuter","bd905293-3955-11ef-a264-ab397f561917",NA,NA,1973,"10/28/1973","5dbb160e-3960-11ef-91d7-7b2e16e5ffcd","away","TuSEM Essen","Hamburger SV",9,11,FALSE,2,NA,NA,0,0,1,NA,0,0,0,0,0,0,NA,NA,NA,NA,NA,NA,NA,NA,0,0,0,0,NA,NA,NA,NA,NA
"Karl-Heinz Schulz","72847241-3955-11ef-8bd4-51fdf2a82730",NA,NA,1973,"10/28/1973","649dbff4-3960-11ef-8c51-2906cc9fb6bc","home","TuS 05 Wellinghofen","Polizei SV Hannover",20,15,TRUE,4,NA,NA,0,0,0,NA,0,0,0,0,0,0,NA,NA,NA,NA,NA,NA,NA,NA,0,0,0,0,NA,NA,NA,NA,NA
"Hans-Jürgen Zick","8d67d76a-3955-11ef-8956-81dc40648355",NA,NA,1973,"10/28/1973","649dbff4-3960-11ef-8c51-2906cc9fb6bc","home","TuS 05 Wellinghofen","Polizei SV Hannover",20,15,TRUE,0,NA,NA,0,0,0,NA,0,0,0,0,0,0,NA,NA,NA,NA,NA,NA,NA,NA,0,0,0,0,NA,NA,NA,NA,NA
"Heiner Möller","8d7571e4-3955-11ef-b1d3-81dc40648355",NA,NA,1973,"10/28/1973","649dbff4-3960-11ef-8c51-2906cc9fb6bc","home","TuS 05 Wellinghofen","Polizei SV Hannover",20,15,TRUE,2,NA,NA,0,0,0,NA,0,0,0,0,0,0,NA,NA,NA,NA,NA,NA,NA,NA,0,0,0,0,NA,NA,NA,NA,NA
"Hans-Peter Neuhaus","8d9d3887-3955-11ef-80a3-81dc40648355",NA,NA,1973,"10/28/1973","649dbff4-3960-11ef-8c51-2906cc9fb6bc","home","TuS 05 Wellinghofen","Polizei SV Hannover",20,15,TRUE,2,NA,NA,0,0,1,NA,0,0,0,0,0,0,NA,NA,NA,NA,NA,NA,NA,NA,0,0,0,0,NA,NA,NA,NA,NA
"Karl-Heinz Nolde","a33d5c4a-3955-11ef-b577-2510cc07ea6e",NA,NA,1973,"10/28/1973","649dbff4-3960-11ef-8c51-2906cc9fb6bc","home","TuS 05 Wellinghofen","Polizei SV Hannover",20,15,TRUE,1,NA,NA,0,0,0,NA,0,0,0,0,0,0,NA,NA,NA,NA,NA,NA,NA,NA,0,0,0,0,NA,NA,NA,NA,NA
"Klaus Erwe","a4f54a19-3955-11ef-b48a-2510cc07ea6e",NA,NA,1973,"10/28/1973","649dbff4-3960-11ef-8c51-2906cc9fb6bc","home","TuS 05 Wellinghofen","Polizei SV Hannover",20,15,TRUE,0,NA,NA,0,0,0,NA,0,0,0,0,0,0,NA,NA,NA,NA,NA,NA,NA,NA,0,0,0,0,NA,NA,NA,NA,NA
"Winfried Gabel","a521dedb-3955-11ef-a3bd-2510cc07ea6e",NA,NA,1973,"10/28/1973","649dbff4-3960-11ef-8c51-2906cc9fb6bc","home","TuS 05 Wellinghofen","Polizei SV Hannover",20,15,TRUE,1,NA,NA,0,0,0,NA,0,0,0,0,0,0,NA,NA,NA,NA,NA,NA,NA,NA,0,0,0,0,NA,NA,NA,NA,NA
"Burkhard Gröning","a52c6e4f-3955-11ef-a576-2510cc07ea6e",NA,NA,1973,"10/28/1973","649dbff4-3960-11ef-8c51-2906cc9fb6bc","home","TuS 05 Wellinghofen","Polizei SV Hannover",20,15,TRUE,6,NA,NA,0,0,2,NA,0,0,0,0,0,0,NA,NA,NA,NA,NA,NA,NA,NA,0,0,0,0,NA,NA,NA,NA,NA
"Klaus Tiews","a531838f-3955-11ef-8e99-2510cc07ea6e",NA,NA,1973,"10/28/1973","649dbff4-3960-11ef-8c51-2906cc9fb6bc","home","TuS 05 Wellinghofen","Polizei SV Hannover",20,15,TRUE,2,NA,NA,0,0,0,NA,0,0,0,0,0,0,NA,NA,NA,NA,NA,NA,NA,NA,0,0,0,0,NA,NA,NA,NA,NA
"Ulrich Staege","b05c5beb-3955-11ef-a7d6-a36230ada079",NA,NA,1973,"10/28/1973","649dbff4-3960-11ef-8c51-2906cc9fb6bc","home","TuS 05 Wellinghofen","Polizei SV Hannover",20,15,TRUE,1,NA,NA,0,0,0,NA,0,0,0,0,0,0,NA,NA,NA,NA,NA,NA,NA,NA,0,0,0,0,NA,NA,NA,NA,NA
"Herbert Rogge","b06614d7-3955-11ef-a43b-a36230ada079",NA,NA,1973,"10/28/1973","649dbff4-3960-11ef-8c51-2906cc9fb6bc","home","TuS 05 Wellinghofen","Polizei SV Hannover",20,15,TRUE,1,NA,NA,0,0,0,NA,0,0,0,0,0,0,NA,NA,NA,NA,NA,NA,NA,NA,0,0,0,0,NA,NA,NA,NA,NA
"Hans-Jürgen Sengera","ba7fae8e-3955-11ef-80e4-ab397f561917",NA,NA,1973,"10/28/1973","649dbff4-3960-11ef-8c51-2906cc9fb6bc","home","TuS 05 Wellinghofen","Polizei SV Hannover",20,15,TRUE,0,NA,NA,0,0,0,NA,0,0,0,0,0,0,NA,NA,NA,NA,NA,NA,NA,NA,0,0,0,0,NA,NA,NA,NA,NA
"Reinhard Wittler","a35063de-3955-11ef-9881-2510cc07ea6e",NA,NA,1973,"10/28/1973","649dbff4-3960-11ef-8c51-2906cc9fb6bc","away","Polizei SV Hannover","TuS 05 Wellinghofen",15,20,FALSE,0,NA,NA,0,0,0,NA,0,0,0,0,0,0,NA,NA,NA,NA,NA,NA,NA,NA,0,0,0,0,NA,NA,NA,NA,NA
"Edmund Franke","a36ab088-3955-11ef-8296-2510cc07ea6e",NA,NA,1973,"10/28/1973","649dbff4-3960-11ef-8c51-2906cc9fb6bc","away","Polizei SV Hannover","TuS 05 Wellinghofen",15,20,FALSE,4,NA,NA,0,0,1,NA,0,0,0,0,0,0,NA,NA,NA,NA,NA,NA,NA,NA,0,0,0,0,NA,NA,NA,NA,NA
"Wolfgang Franke","a36fd3c4-3955-11ef-bc80-2510cc07ea6e",NA,NA,1973,"10/28/1973","649dbff4-3960-11ef-8c51-2906cc9fb6bc","away","Polizei SV Hannover","TuS 05 Wellinghofen",15,20,FALSE,0,NA,NA,0,0,0,NA,0,0,0,0,0,0,NA,NA,NA,NA,NA,NA,NA,NA,0,0,0,0,NA,NA,NA,NA,NA
"Jürgen Kloth","a37512a6-3955-11ef-9d81-2510cc07ea6e",NA,NA,1973,"10/28/1973","649dbff4-3960-11ef-8c51-2906cc9fb6bc","away","Polizei SV Hannover","TuS 05 Wellinghofen",15,20,FALSE,0,NA,NA,0,0,0,NA,0,0,0,0,0,0,NA,NA,NA,NA,NA,NA,NA,NA,0,0,0,0,NA,NA,NA,NA,NA
"Gerd Haase","bb322e8e-3955-11ef-8a6a-ab397f561917",NA,NA,1973,"10/28/1973","649dbff4-3960-11ef-8c51-2906cc9fb6bc","away","Polizei SV Hannover","TuS 05 Wellinghofen",15,20,FALSE,4,NA,NA,0,0,1,NA,0,0,0,0,0,0,NA,NA,NA,NA,NA,NA,NA,NA,0,0,0,0,NA,NA,NA,NA,NA
"Hartmut Schnelle","bb3a7260-3955-11ef-99cf-ab397f561917",NA,NA,1973,"10/28/1973","649dbff4-3960-11ef-8c51-2906cc9fb6bc","away","Polizei SV Hannover","TuS 05 Wellinghofen",15,20,FALSE,0,NA,NA,0,0,0,NA,0,0,0,0,0,0,NA,NA,NA,NA,NA,NA,NA,NA,0,0,0,0,NA,NA,NA,NA,NA
"Hans-Jürgen Deutsch","bb3e76d6-3955-11ef-a5a8-ab397f561917",NA,NA,1973,"10/28/1973","649dbff4-3960-11ef-8c51-2906cc9fb6bc","away","Polizei SV Hannover","TuS 05 Wellinghofen",15,20,FALSE,2,NA,NA,0,0,0,NA,0,0,0,0,0,0,NA,NA,NA,NA,NA,NA,NA,NA,0,0,0,0,NA,NA,NA,NA,NA
"Dieter Hartung","bb482ed5-3955-11ef-bef1-ab397f561917",NA,NA,1973,"10/28/1973","649dbff4-3960-11ef-8c51-2906cc9fb6bc","away","Polizei SV Hannover","TuS 05 Wellinghofen",15,20,FALSE,3,NA,NA,0,0,0,NA,0,0,0,0,0,0,NA,NA,NA,NA,NA,NA,NA,NA,0,0,0,0,NA,NA,NA,NA,NA
"Jürgen Fey","bb504d63-3955-11ef-8740-ab397f561917",NA,NA,1973,"10/28/1973","649dbff4-3960-11ef-8c51-2906cc9fb6bc","away","Polizei SV Hannover","TuS 05 Wellinghofen",15,20,FALSE,1,NA,NA,0,0,0,NA,0,0,0,0,0,0,NA,NA,NA,NA,NA,NA,NA,NA,0,0,0,0,NA,NA,NA,NA,NA
"Wolfgang Künkler","bb635a87-3955-11ef-83b0-ab397f561917",NA,NA,1973,"10/28/1973","649dbff4-3960-11ef-8c51-2906cc9fb6bc","away","Polizei SV Hannover","TuS 05 Wellinghofen",15,20,FALSE,0,NA,NA,0,0,0,NA,0,0,0,0,0,0,NA,NA,NA,NA,NA,NA,NA,NA,0,0,0,0,NA,NA,NA,NA,NA
"Heiner Borck","bda2f702-3955-11ef-8be3-ab397f561917",NA,NA,1973,"10/28/1973","649dbff4-3960-11ef-8c51-2906cc9fb6bc","away","Polizei SV Hannover","TuS 05 Wellinghofen",15,20,FALSE,0,NA,NA,0,0,0,NA,0,0,0,0,0,0,NA,NA,NA,NA,NA,NA,NA,NA,0,0,0,0,NA,NA,NA,NA,NA
"Siegfried Hacke","bda8ac11-3955-11ef-8226-ab397f561917",NA,NA,1973,"10/28/1973","649dbff4-3960-11ef-8c51-2906cc9fb6bc","away","Polizei SV Hannover","TuS 05 Wellinghofen",15,20,FALSE,1,NA,NA,0,0,0,NA,0,0,0,0,0,0,NA,NA,NA,NA,NA,NA,NA,NA,0,0,0,0,NA,NA,NA,NA,NA
"Ulrich Eikermann","73a211c9-3955-11ef-8f8f-51fdf2a82730",NA,NA,1973,"10/28/1973","662105bd-3960-11ef-a2f2-2906cc9fb6bc","home","SC Phönix Essen 1920","Füchse Berlin",17,13,TRUE,3,NA,NA,0,0,0,NA,0,0,0,0,0,0,NA,NA,NA,NA,NA,NA,NA,NA,0,0,0,0,NA,NA,NA,NA,NA
"Horst Weise","8df6e46b-3955-11ef-9ec8-81dc40648355",NA,NA,1973,"10/28/1973","662105bd-3960-11ef-a2f2-2906cc9fb6bc","home","SC Phönix Essen 1920","Füchse Berlin",17,13,TRUE,4,NA,NA,0,0,0,NA,0,0,0,0,0,0,NA,NA,NA,NA,NA,NA,NA,NA,0,0,0,0,NA,NA,NA,NA,NA
"Heinz Oberscheidt","a5ae94f2-3955-11ef-91fc-2510cc07ea6e",NA,NA,1973,"10/28/1973","662105bd-3960-11ef-a2f2-2906cc9fb6bc","home","SC Phönix Essen 1920","Füchse Berlin",17,13,TRUE,1,NA,NA,0,0,0,NA,0,0,0,0,0,0,NA,NA,NA,NA,NA,NA,NA,NA,0,0,0,0,NA,NA,NA,NA,NA
"Werner Jeckstedt","a5bb8d23-3955-11ef-8362-2510cc07ea6e",NA,NA,1973,"10/28/1973","662105bd-3960-11ef-a2f2-2906cc9fb6bc","home","SC Phönix Essen 1920","Füchse Berlin",17,13,TRUE,0,NA,NA,0,0,0,NA,0,0,0,0,0,0,NA,NA,NA,NA,NA,NA,NA,NA,0,0,0,0,NA,NA,NA,NA,NA
"Ingo Callies","b0b0659b-3955-11ef-87aa-a36230ada079",NA,NA,1973,"10/28/1973","662105bd-3960-11ef-a2f2-2906cc9fb6bc","home","SC Phönix Essen 1920","Füchse Berlin",17,13,TRUE,1,NA,NA,0,0,0,NA,0,0,0,0,0,0,NA,NA,NA,NA,NA,NA,NA,NA,0,0,0,0,NA,NA,NA,NA,NA
"Bernd Tolksdorf","bae02284-3955-11ef-b577-ab397f561917",NA,NA,1973,"10/28/1973","662105bd-3960-11ef-a2f2-2906cc9fb6bc","home","SC Phönix Essen 1920","Füchse Berlin",17,13,TRUE,3,NA,NA,0,0,0,NA,0,0,0,0,0,0,NA,NA,NA,NA,NA,NA,NA,NA,0,0,0,0,NA,NA,NA,NA,NA
"Klaus Kirschner","bae43a44-3955-11ef-ae7c-ab397f561917",NA,NA,1973,"10/28/1973","662105bd-3960-11ef-a2f2-2906cc9fb6bc","home","SC Phönix Essen 1920","Füchse Berlin",17,13,TRUE,0,NA,NA,0,0,0,NA,0,0,0,0,0,0,NA,NA,NA,NA,NA,NA,NA,NA,0,0,0,0,NA,NA,NA,NA,NA
"Manfred Schaper","bd401c7e-3955-11ef-8d67-ab397f561917",NA,NA,1973,"10/28/1973","662105bd-3960-11ef-a2f2-2906cc9fb6bc","home","SC Phönix Essen 1920","Füchse Berlin",17,13,TRUE,0,NA,NA,0,0,0,NA,0,0,0,0,0,0,NA,NA,NA,NA,NA,NA,NA,NA,0,0,0,0,NA,NA,NA,NA,NA
"Norbert Kroker","bd441662-3955-11ef-b771-ab397f561917",NA,NA,1973,"10/28/1973","662105bd-3960-11ef-a2f2-2906cc9fb6bc","home","SC Phönix Essen 1920","Füchse Berlin",17,13,TRUE,3,NA,NA,0,0,2,NA,0,0,0,0,0,0,NA,NA,NA,NA,NA,NA,NA,NA,0,0,0,0,NA,NA,NA,NA,NA
"Manfred Wolf","bd4f3381-3955-11ef-904e-ab397f561917",NA,NA,1973,"10/28/1973","662105bd-3960-11ef-a2f2-2906cc9fb6bc","home","SC Phönix Essen 1920","Füchse Berlin",17,13,TRUE,2,NA,NA,0,0,0,NA,0,0,0,0,0,0,NA,NA,NA,NA,NA,NA,NA,NA,0,0,0,0,NA,NA,NA,NA,NA
"Horst Rampp","8c760463-3955-11ef-b11d-81dc40648355",NA,NA,1973,"10/28/1973","662105bd-3960-11ef-a2f2-2906cc9fb6bc","away","Füchse Berlin","SC Phönix Essen 1920",13,17,FALSE,0,NA,NA,0,0,0,NA,0,0,0,0,0,0,NA,NA,NA,NA,NA,NA,NA,NA,0,0,0,0,NA,NA,NA,NA,NA
"Hartmut Alsen","a5dc4676-3955-11ef-ac19-2510cc07ea6e",NA,NA,1973,"10/28/1973","662105bd-3960-11ef-a2f2-2906cc9fb6bc","away","Füchse Berlin","SC Phönix Essen 1920",13,17,FALSE,1,NA,NA,0,0,0,NA,0,0,0,0,0,0,NA,NA,NA,NA,NA,NA,NA,NA,0,0,0,0,NA,NA,NA,NA,NA
"Bernd Dibbert","a5e7e77c-3955-11ef-a806-2510cc07ea6e",NA,NA,1973,"10/28/1973","662105bd-3960-11ef-a2f2-2906cc9fb6bc","away","Füchse Berlin","SC Phönix Essen 1920",13,17,FALSE,0,NA,NA,0,0,0,NA,0,0,0,0,0,0,NA,NA,NA,NA,NA,NA,NA,NA,0,0,0,0,NA,NA,NA,NA,NA
"Diethard Finkelmann","a60bdcf9-3955-11ef-bfa1-2510cc07ea6e",NA,NA,1973,"10/28/1973","662105bd-3960-11ef-a2f2-2906cc9fb6bc","away","Füchse Berlin","SC Phönix Essen 1920",13,17,FALSE,3,NA,NA,0,0,2,NA,0,0,0,0,0,0,NA,NA,NA,NA,NA,NA,NA,NA,0,0,0,0,NA,NA,NA,NA,NA
"Detlef Finkelmann","b1a8f927-3955-11ef-a009-a36230ada079",NA,NA,1973,"10/28/1973","662105bd-3960-11ef-a2f2-2906cc9fb6bc","away","Füchse Berlin","SC Phönix Essen 1920",13,17,FALSE,2,NA,NA,0,0,0,NA,0,0,0,0,0,0,NA,NA,NA,NA,NA,NA,NA,NA,0,0,0,0,NA,NA,NA,NA,NA
"Lutz Loewke","b1b73b08-3955-11ef-b76a-a36230ada079",NA,NA,1973,"10/28/1973","662105bd-3960-11ef-a2f2-2906cc9fb6bc","away","Füchse Berlin","SC Phönix Essen 1920",13,17,FALSE,2,NA,NA,0,0,0,NA,0,0,0,0,0,0,NA,NA,NA,NA,NA,NA,NA,NA,0,0,0,0,NA,NA,NA,NA,NA
"Sigmar Artelt","bdbc9392-3955-11ef-a3be-ab397f561917",NA,NA,1973,"10/28/1973","662105bd-3960-11ef-a2f2-2906cc9fb6bc","away","Füchse Berlin","SC Phönix Essen 1920",13,17,FALSE,1,NA,NA,0,0,0,NA,0,0,0,0,0,0,NA,NA,NA,NA,NA,NA,NA,NA,0,0,0,0,NA,NA,NA,NA,NA
"Henry Johannes","bdc98fce-3955-11ef-9f6e-ab397f561917",NA,NA,1973,"10/28/1973","662105bd-3960-11ef-a2f2-2906cc9fb6bc","away","Füchse Berlin","SC Phönix Essen 1920",13,17,FALSE,2,NA,NA,0,0,0,NA,0,0,0,0,0,0,NA,NA,NA,NA,NA,NA,NA,NA,0,0,0,0,NA,NA,NA,NA,NA
"Horst Waisznor","bdce772f-3955-11ef-a781-ab397f561917",NA,NA,1973,"10/28/1973","662105bd-3960-11ef-a2f2-2906cc9fb6bc","away","Füchse Berlin","SC Phönix Essen 1920",13,17,FALSE,1,NA,NA,0,0,0,NA,0,0,0,0,0,0,NA,NA,NA,NA,NA,NA,NA,NA,0,0,0,0,NA,NA,NA,NA,NA
"Lothar Wiehle","bdd3883f-3955-11ef-aaf9-ab397f561917",NA,NA,1973,"10/28/1973","662105bd-3960-11ef-a2f2-2906cc9fb6bc","away","Füchse Berlin","SC Phönix Essen 1920",13,17,FALSE,0,NA,NA,0,0,0,NA,0,0,0,0,0,0,NA,NA,NA,NA,NA,NA,NA,NA,0,0,0,0,NA,NA,NA,NA,NA
"Klaus-Dieter Guse","bdd76769-3955-11ef-97dc-ab397f561917",NA,NA,1973,"10/28/1973","662105bd-3960-11ef-a2f2-2906cc9fb6bc","away","Füchse Berlin","SC Phönix Essen 1920",13,17,FALSE,1,NA,NA,0,0,0,NA,0,0,0,0,0,0,NA,NA,NA,NA,NA,NA,NA,NA,0,0,0,0,NA,NA,NA,NA,NA
"Wolfgang Sommerfeld","74c0be88-3955-11ef-89fd-51fdf2a82730",NA,NA,1973,"10/28/1973","69862acb-3960-11ef-9c3b-2906cc9fb6bc","home","TSV Milbertshofen","TV Großwallstadt",14,10,TRUE,2,NA,NA,0,0,0,NA,0,0,0,0,0,0,NA,NA,NA,NA,NA,NA,NA,NA,0,0,0,0,NA,NA,NA,NA,NA
"Udo Böbel","80d4ba37-3955-11ef-9d8b-b908c60af10a",NA,NA,1973,"10/28/1973","69862acb-3960-11ef-9c3b-2906cc9fb6bc","home","TSV Milbertshofen","TV Großwallstadt",14,10,TRUE,0,NA,NA,0,0,0,NA,0,0,0,0,0,0,NA,NA,NA,NA,NA,NA,NA,NA,0,0,0,0,NA,NA,NA,NA,NA
"Peter Jaschke","8b728782-3955-11ef-8da6-81dc40648355",NA,NA,1973,"10/28/1973","69862acb-3960-11ef-9c3b-2906cc9fb6bc","home","TSV Milbertshofen","TV Großwallstadt",14,10,TRUE,0,NA,NA,0,0,0,NA,0,0,0,0,0,0,NA,NA,NA,NA,NA,NA,NA,NA,0,0,0,0,NA,NA,NA,NA,NA
"Werner Winkelmeier","9712104e-3955-11ef-9613-292be3190b7b",NA,NA,1973,"10/28/1973","69862acb-3960-11ef-9c3b-2906cc9fb6bc","home","TSV Milbertshofen","TV Großwallstadt",14,10,TRUE,2,NA,NA,0,0,0,NA,0,0,0,0,0,0,NA,NA,NA,NA,NA,NA,NA,NA,0,0,0,0,NA,NA,NA,NA,NA
"Gerhard Ochsenkühn","97259ed1-3955-11ef-96ca-292be3190b7b",NA,NA,1973,"10/28/1973","69862acb-3960-11ef-9c3b-2906cc9fb6bc","home","TSV Milbertshofen","TV Großwallstadt",14,10,TRUE,1,NA,NA,0,0,0,NA,0,0,0,0,0,0,NA,NA,NA,NA,NA,NA,NA,NA,0,0,0,0,NA,NA,NA,NA,NA
"Josef Kiener","972d7d47-3955-11ef-a437-292be3190b7b",NA,NA,1973,"10/28/1973","69862acb-3960-11ef-9c3b-2906cc9fb6bc","home","TSV Milbertshofen","TV Großwallstadt",14,10,TRUE,2,NA,NA,0,0,2,NA,0,0,0,0,0,0,NA,NA,NA,NA,NA,NA,NA,NA,0,0,0,0,NA,NA,NA,NA,NA
"Rudolf Dobler","97ac407c-3955-11ef-9ea9-292be3190b7b",NA,NA,1973,"10/28/1973","69862acb-3960-11ef-9c3b-2906cc9fb6bc","home","TSV Milbertshofen","TV Großwallstadt",14,10,TRUE,2,NA,NA,0,0,0,NA,0,0,0,0,0,0,NA,NA,NA,NA,NA,NA,NA,NA,0,0,0,0,NA,NA,NA,NA,NA
"Jochen Heyne","b1c06894-3955-11ef-ab50-a36230ada079",NA,NA,1973,"10/28/1973","69862acb-3960-11ef-9c3b-2906cc9fb6bc","home","TSV Milbertshofen","TV Großwallstadt",14,10,TRUE,3,NA,NA,0,0,0,NA,0,0,0,0,0,0,NA,NA,NA,NA,NA,NA,NA,NA,0,0,0,0,NA,NA,NA,NA,NA
"Helmut Schelchshorn","b1c960ef-3955-11ef-850b-a36230ada079",NA,NA,1973,"10/28/1973","69862acb-3960-11ef-9c3b-2906cc9fb6bc","home","TSV Milbertshofen","TV Großwallstadt",14,10,TRUE,0,NA,NA,0,0,0,NA,0,0,0,0,0,0,NA,NA,NA,NA,NA,NA,NA,NA,0,0,0,0,NA,NA,NA,NA,NA
"Peter Feddern","bc1b1b3e-3955-11ef-9c4e-ab397f561917",NA,NA,1973,"10/28/1973","69862acb-3960-11ef-9c3b-2906cc9fb6bc","home","TSV Milbertshofen","TV Großwallstadt",14,10,TRUE,2,NA,NA,0,0,0,NA,0,0,0,0,0,0,NA,NA,NA,NA,NA,NA,NA,NA,0,0,0,0,NA,NA,NA,NA,NA
"Kurt Klühspies","5ac3e7d7-3955-11ef-b574-4fa817cd91bb",NA,NA,1973,"10/28/1973","69862acb-3960-11ef-9c3b-2906cc9fb6bc","away","TV Großwallstadt","TSV Milbertshofen",10,14,FALSE,5,NA,NA,0,0,3,NA,0,0,0,0,0,0,NA,NA,NA,NA,NA,NA,NA,NA,0,0,0,0,NA,NA,NA,NA,NA
"Manfred Hofmann","6855eb0b-3955-11ef-8cb3-292be3190b7b",NA,NA,1973,"10/28/1973","69862acb-3960-11ef-9c3b-2906cc9fb6bc","away","TV Großwallstadt","TSV Milbertshofen",10,14,FALSE,0,NA,NA,0,0,0,NA,0,0,0,0,0,0,NA,NA,NA,NA,NA,NA,NA,NA,0,0,0,0,NA,NA,NA,NA,NA
"Thomas Sinsel","8adb8152-3955-11ef-b2de-81dc40648355",NA,NA,1973,"10/28/1973","69862acb-3960-11ef-9c3b-2906cc9fb6bc","away","TV Großwallstadt","TSV Milbertshofen",10,14,FALSE,0,NA,NA,0,0,0,NA,0,0,0,0,0,0,NA,NA,NA,NA,NA,NA,NA,NA,0,0,0,0,NA,NA,NA,NA,NA
"Manfred Schwarz","96d98e53-3955-11ef-a3c9-292be3190b7b",NA,NA,1973,"10/28/1973","69862acb-3960-11ef-9c3b-2906cc9fb6bc","away","TV Großwallstadt","TSV Milbertshofen",10,14,FALSE,1,NA,NA,0,0,0,NA,0,0,0,0,0,0,NA,NA,NA,NA,NA,NA,NA,NA,0,0,0,0,NA,NA,NA,NA,NA
"Arno Böckling","a3c38db5-3955-11ef-810f-2510cc07ea6e",NA,NA,1973,"10/28/1973","69862acb-3960-11ef-9c3b-2906cc9fb6bc","away","TV Großwallstadt","TSV Milbertshofen",10,14,FALSE,3,NA,NA,0,0,0,NA,0,0,0,0,0,0,NA,NA,NA,NA,NA,NA,NA,NA,0,0,0,0,NA,NA,NA,NA,NA
"Eckhardt Suffel","aeac0503-3955-11ef-88c6-a36230ada079",NA,NA,1973,"10/28/1973","69862acb-3960-11ef-9c3b-2906cc9fb6bc","away","TV Großwallstadt","TSV Milbertshofen",10,14,FALSE,1,NA,NA,0,0,0,NA,0,0,0,0,0,0,NA,NA,NA,NA,NA,NA,NA,NA,0,0,0,0,NA,NA,NA,NA,NA
"Manfred Meudt","af9be5ed-3955-11ef-a3e3-a36230ada079",NA,NA,1973,"10/28/1973","69862acb-3960-11ef-9c3b-2906cc9fb6bc","away","TV Großwallstadt","TSV Milbertshofen",10,14,FALSE,0,NA,NA,0,0,0,NA,0,0,0,0,0,0,NA,NA,NA,NA,NA,NA,NA,NA,0,0,0,0,NA,NA,NA,NA,NA
"Norbert Klein","b18179dc-3955-11ef-acc0-a36230ada079",NA,NA,1973,"10/28/1973","69862acb-3960-11ef-9c3b-2906cc9fb6bc","away","TV Großwallstadt","TSV Milbertshofen",10,14,FALSE,0,NA,NA,0,0,0,NA,0,0,0,0,0,0,NA,NA,NA,NA,NA,NA,NA,NA,0,0,0,0,NA,NA,NA,NA,NA
"Herbert Kunkel","be058ce8-3955-11ef-a8d1-ab397f561917",NA,NA,1973,"10/28/1973","69862acb-3960-11ef-9c3b-2906cc9fb6bc","away","TV Großwallstadt","TSV Milbertshofen",10,14,FALSE,0,NA,NA,0,0,0,NA,0,0,0,0,0,0,NA,NA,NA,NA,NA,NA,NA,NA,0,0,0,0,NA,NA,NA,NA,NA
"Werner Lemmert","be0e2c8d-3955-11ef-82a6-ab397f561917",NA,NA,1973,"10/28/1973","69862acb-3960-11ef-9c3b-2906cc9fb6bc","away","TV Großwallstadt","TSV Milbertshofen",10,14,FALSE,0,NA,NA,0,0,0,NA,0,0,0,0,0,0,NA,NA,NA,NA,NA,NA,NA,NA,0,0,0,0,NA,NA,NA,NA,NA
"Horst Rampp","8c760463-3955-11ef-b11d-81dc40648355",NA,NA,1973,"11/9/1973","5dcb26d2-3960-11ef-90e9-7b2e16e5ffcd","home","Füchse Berlin","Hamburger SV",8,10,FALSE,0,NA,NA,0,0,0,NA,0,0,0,0,0,0,NA,NA,NA,NA,NA,NA,NA,NA,0,0,0,0,NA,NA,NA,NA,NA
"Hartmut Alsen","a5dc4676-3955-11ef-ac19-2510cc07ea6e",NA,NA,1973,"11/9/1973","5dcb26d2-3960-11ef-90e9-7b2e16e5ffcd","home","Füchse Berlin","Hamburger SV",8,10,FALSE,0,NA,NA,0,0,0,NA,0,0,0,0,0,0,NA,NA,NA,NA,NA,NA,NA,NA,0,0,0,0,NA,NA,NA,NA,NA
"Diethard Finkelmann","a60bdcf9-3955-11ef-bfa1-2510cc07ea6e",NA,NA,1973,"11/9/1973","5dcb26d2-3960-11ef-90e9-7b2e16e5ffcd","home","Füchse Berlin","Hamburger SV",8,10,FALSE,0,NA,NA,0,0,0,NA,0,0,0,0,0,0,NA,NA,NA,NA,NA,NA,NA,NA,0,0,0,0,NA,NA,NA,NA,NA
"Detlef Finkelmann","b1a8f927-3955-11ef-a009-a36230ada079",NA,NA,1973,"11/9/1973","5dcb26d2-3960-11ef-90e9-7b2e16e5ffcd","home","Füchse Berlin","Hamburger SV",8,10,FALSE,2,NA,NA,0,0,0,NA,0,0,0,0,0,0,NA,NA,NA,NA,NA,NA,NA,NA,0,0,0,0,NA,NA,NA,NA,NA
"Bernd Goerigk","b1b21b0c-3955-11ef-a303-a36230ada079",NA,NA,1973,"11/9/1973","5dcb26d2-3960-11ef-90e9-7b2e16e5ffcd","home","Füchse Berlin","Hamburger SV",8,10,FALSE,1,NA,NA,0,0,0,NA,0,0,0,0,0,0,NA,NA,NA,NA,NA,NA,NA,NA,0,0,0,0,NA,NA,NA,NA,NA
"Lutz Loewke","b1b73b08-3955-11ef-b76a-a36230ada079",NA,NA,1973,"11/9/1973","5dcb26d2-3960-11ef-90e9-7b2e16e5ffcd","home","Füchse Berlin","Hamburger SV",8,10,FALSE,4,NA,NA,0,0,4,NA,0,0,0,0,0,0,NA,NA,NA,NA,NA,NA,NA,NA,0,0,0,0,NA,NA,NA,NA,NA
"Sigmar Artelt","bdbc9392-3955-11ef-a3be-ab397f561917",NA,NA,1973,"11/9/1973","5dcb26d2-3960-11ef-90e9-7b2e16e5ffcd","home","Füchse Berlin","Hamburger SV",8,10,FALSE,1,NA,NA,0,0,0,NA,0,0,0,0,0,0,NA,NA,NA,NA,NA,NA,NA,NA,0,0,0,0,NA,NA,NA,NA,NA
"Henry Johannes","bdc98fce-3955-11ef-9f6e-ab397f561917",NA,NA,1973,"11/9/1973","5dcb26d2-3960-11ef-90e9-7b2e16e5ffcd","home","Füchse Berlin","Hamburger SV",8,10,FALSE,0,NA,NA,0,0,0,NA,0,0,0,0,0,0,NA,NA,NA,NA,NA,NA,NA,NA,0,0,0,0,NA,NA,NA,NA,NA
"Horst Waisznor","bdce772f-3955-11ef-a781-ab397f561917",NA,NA,1973,"11/9/1973","5dcb26d2-3960-11ef-90e9-7b2e16e5ffcd","home","Füchse Berlin","Hamburger SV",8,10,FALSE,0,NA,NA,0,0,0,NA,0,0,0,0,0,0,NA,NA,NA,NA,NA,NA,NA,NA,0,0,0,0,NA,NA,NA,NA,NA
"Lothar Wiehle","bdd3883f-3955-11ef-aaf9-ab397f561917",NA,NA,1973,"11/9/1973","5dcb26d2-3960-11ef-90e9-7b2e16e5ffcd","home","Füchse Berlin","Hamburger SV",8,10,FALSE,0,NA,NA,0,0,0,NA,0,0,0,0,0,0,NA,NA,NA,NA,NA,NA,NA,NA,0,0,0,0,NA,NA,NA,NA,NA
"Klaus-Dieter Guse","bdd76769-3955-11ef-97dc-ab397f561917",NA,NA,1973,"11/9/1973","5dcb26d2-3960-11ef-90e9-7b2e16e5ffcd","home","Füchse Berlin","Hamburger SV",8,10,FALSE,0,NA,NA,0,0,0,NA,0,0,0,0,0,0,NA,NA,NA,NA,NA,NA,NA,NA,0,0,0,0,NA,NA,NA,NA,NA
"Peter Pickel","8c973b42-3955-11ef-8c71-81dc40648355",NA,NA,1973,"11/9/1973","5dcb26d2-3960-11ef-90e9-7b2e16e5ffcd","away","Hamburger SV","Füchse Berlin",10,8,TRUE,7,NA,NA,0,0,3,NA,0,0,0,0,0,0,NA,NA,NA,NA,NA,NA,NA,NA,0,0,0,0,NA,NA,NA,NA,NA
"Hans-Jürgen Bode","b011e6da-3955-11ef-8205-a36230ada079",NA,NA,1973,"11/9/1973","5dcb26d2-3960-11ef-90e9-7b2e16e5ffcd","away","Hamburger SV","Füchse Berlin",10,8,TRUE,0,NA,NA,0,0,0,NA,0,0,0,0,0,0,NA,NA,NA,NA,NA,NA,NA,NA,0,0,0,0,NA,NA,NA,NA,NA
"Rainer Witt","b02adaad-3955-11ef-b8c4-a36230ada079",NA,NA,1973,"11/9/1973","5dcb26d2-3960-11ef-90e9-7b2e16e5ffcd","away","Hamburger SV","Füchse Berlin",10,8,TRUE,1,NA,NA,0,0,0,NA,0,0,0,0,0,0,NA,NA,NA,NA,NA,NA,NA,NA,0,0,0,0,NA,NA,NA,NA,NA
"Jens Ivers","b02f4aea-3955-11ef-801e-a36230ada079",NA,NA,1973,"11/9/1973","5dcb26d2-3960-11ef-90e9-7b2e16e5ffcd","away","Hamburger SV","Füchse Berlin",10,8,TRUE,0,NA,NA,0,0,0,NA,0,0,0,0,0,0,NA,NA,NA,NA,NA,NA,NA,NA,0,0,0,0,NA,NA,NA,NA,NA
"Klaus Porepp","b0396b18-3955-11ef-b5cf-a36230ada079",NA,NA,1973,"11/9/1973","5dcb26d2-3960-11ef-90e9-7b2e16e5ffcd","away","Hamburger SV","Füchse Berlin",10,8,TRUE,0,NA,NA,0,0,0,NA,0,0,0,0,0,0,NA,NA,NA,NA,NA,NA,NA,NA,0,0,0,0,NA,NA,NA,NA,NA
"Norbert Germer","b03f8101-3955-11ef-8945-a36230ada079",NA,NA,1973,"11/9/1973","5dcb26d2-3960-11ef-90e9-7b2e16e5ffcd","away","Hamburger SV","Füchse Berlin",10,8,TRUE,1,NA,NA,0,0,0,NA,0,0,0,0,0,0,NA,NA,NA,NA,NA,NA,NA,NA,0,0,0,0,NA,NA,NA,NA,NA
"Uwe Tesloff","b049ae56-3955-11ef-a5f7-a36230ada079",NA,NA,1973,"11/9/1973","5dcb26d2-3960-11ef-90e9-7b2e16e5ffcd","away","Hamburger SV","Füchse Berlin",10,8,TRUE,0,NA,NA,0,0,0,NA,0,0,0,0,0,0,NA,NA,NA,NA,NA,NA,NA,NA,0,0,0,0,NA,NA,NA,NA,NA
"Hartwig Reich","ba6cb3c8-3955-11ef-9f64-ab397f561917",NA,NA,1973,"11/9/1973","5dcb26d2-3960-11ef-90e9-7b2e16e5ffcd","away","Hamburger SV","Füchse Berlin",10,8,TRUE,0,NA,NA,0,0,0,NA,0,0,0,0,0,0,NA,NA,NA,NA,NA,NA,NA,NA,0,0,0,0,NA,NA,NA,NA,NA
"Michael Taubert","ba7ad888-3955-11ef-9650-ab397f561917",NA,NA,1973,"11/9/1973","5dcb26d2-3960-11ef-90e9-7b2e16e5ffcd","away","Hamburger SV","Füchse Berlin",10,8,TRUE,0,NA,NA,0,0,0,NA,0,0,0,0,0,0,NA,NA,NA,NA,NA,NA,NA,NA,0,0,0,0,NA,NA,NA,NA,NA
"Dieter Minke","bd0cde0f-3955-11ef-91c1-ab397f561917",NA,NA,1973,"11/9/1973","5dcb26d2-3960-11ef-90e9-7b2e16e5ffcd","away","Hamburger SV","Füchse Berlin",10,8,TRUE,1,NA,NA,0,0,0,NA,0,0,0,0,0,0,NA,NA,NA,NA,NA,NA,NA,NA,0,0,0,0,NA,NA,NA,NA,NA
"Karsten Sick","bd16289b-3955-11ef-9343-ab397f561917",NA,NA,1973,"11/9/1973","5dcb26d2-3960-11ef-90e9-7b2e16e5ffcd","away","Hamburger SV","Füchse Berlin",10,8,TRUE,0,NA,NA,0,0,0,NA,0,0,0,0,0,0,NA,NA,NA,NA,NA,NA,NA,NA,0,0,0,0,NA,NA,NA,NA,NA
"Hans-Jörg Graeper","964d8ebc-3955-11ef-a25b-292be3190b7b",NA,NA,1973,"11/10/1973","6585a610-3960-11ef-9b12-2906cc9fb6bc","home","TV Grambke Bremen","SC Phönix Essen 1920",21,19,TRUE,3,NA,NA,0,0,0,NA,0,0,0,0,0,0,NA,NA,NA,NA,NA,NA,NA,NA,0,0,0,0,NA,NA,NA,NA,NA
"Rolf Harjes","9854972c-3955-11ef-b163-292be3190b7b",NA,NA,1973,"11/10/1973","6585a610-3960-11ef-9b12-2906cc9fb6bc","home","TV Grambke Bremen","SC Phönix Essen 1920",21,19,TRUE,8,NA,NA,0,0,4,NA,0,0,0,0,0,0,NA,NA,NA,NA,NA,NA,NA,NA,0,0,0,0,NA,NA,NA,NA,NA
"Rolf Dierks","a5420b05-3955-11ef-a0f4-2510cc07ea6e",NA,NA,1973,"11/10/1973","6585a610-3960-11ef-9b12-2906cc9fb6bc","home","TV Grambke Bremen","SC Phönix Essen 1920",21,19,TRUE,2,NA,NA,0,0,0,NA,0,0,0,0,0,0,NA,NA,NA,NA,NA,NA,NA,NA,0,0,0,0,NA,NA,NA,NA,NA
"Wilfried Lankenau","a547caa3-3955-11ef-8b17-2510cc07ea6e",NA,NA,1973,"11/10/1973","6585a610-3960-11ef-9b12-2906cc9fb6bc","home","TV Grambke Bremen","SC Phönix Essen 1920",21,19,TRUE,6,NA,NA,0,0,0,NA,0,0,0,0,0,0,NA,NA,NA,NA,NA,NA,NA,NA,0,0,0,0,NA,NA,NA,NA,NA
"Willi Hohn","a54d65b4-3955-11ef-86a4-2510cc07ea6e",NA,NA,1973,"11/10/1973","6585a610-3960-11ef-9b12-2906cc9fb6bc","home","TV Grambke Bremen","SC Phönix Essen 1920",21,19,TRUE,1,NA,NA,0,0,0,NA,0,0,0,0,0,0,NA,NA,NA,NA,NA,NA,NA,NA,0,0,0,0,NA,NA,NA,NA,NA
"Peter Wilde","a5638a05-3955-11ef-8647-2510cc07ea6e",NA,NA,1973,"11/10/1973","6585a610-3960-11ef-9b12-2906cc9fb6bc","home","TV Grambke Bremen","SC Phönix Essen 1920",21,19,TRUE,0,NA,NA,0,0,0,NA,0,0,0,0,0,0,NA,NA,NA,NA,NA,NA,NA,NA,0,0,0,0,NA,NA,NA,NA,NA
"Klaus Hohn","baa006c5-3955-11ef-942e-ab397f561917",NA,NA,1973,"11/10/1973","6585a610-3960-11ef-9b12-2906cc9fb6bc","home","TV Grambke Bremen","SC Phönix Essen 1920",21,19,TRUE,0,NA,NA,0,0,0,NA,0,0,0,0,0,0,NA,NA,NA,NA,NA,NA,NA,NA,0,0,0,0,NA,NA,NA,NA,NA
"Karl-Heinz Bierwirth","baa76751-3955-11ef-b78b-ab397f561917",NA,NA,1973,"11/10/1973","6585a610-3960-11ef-9b12-2906cc9fb6bc","home","TV Grambke Bremen","SC Phönix Essen 1920",21,19,TRUE,1,NA,NA,0,0,0,NA,0,0,0,0,0,0,NA,NA,NA,NA,NA,NA,NA,NA,0,0,0,0,NA,NA,NA,NA,NA
"Günter Heermann","baabe2e5-3955-11ef-9d71-ab397f561917",NA,NA,1973,"11/10/1973","6585a610-3960-11ef-9b12-2906cc9fb6bc","home","TV Grambke Bremen","SC Phönix Essen 1920",21,19,TRUE,0,NA,NA,0,0,0,NA,0,0,0,0,0,0,NA,NA,NA,NA,NA,NA,NA,NA,0,0,0,0,NA,NA,NA,NA,NA
"Günter Meßmer","babf1fc6-3955-11ef-975c-ab397f561917",NA,NA,1973,"11/10/1973","6585a610-3960-11ef-9b12-2906cc9fb6bc","home","TV Grambke Bremen","SC Phönix Essen 1920",21,19,TRUE,0,NA,NA,0,0,0,NA,0,0,0,0,0,0,NA,NA,NA,NA,NA,NA,NA,NA,0,0,0,0,NA,NA,NA,NA,NA
"Reimer Hinrichs","baf246ff-3955-11ef-b172-ab397f561917",NA,NA,1973,"11/10/1973","6585a610-3960-11ef-9b12-2906cc9fb6bc","home","TV Grambke Bremen","SC Phönix Essen 1920",21,19,TRUE,0,NA,NA,0,0,0,NA,0,0,0,0,0,0,NA,NA,NA,NA,NA,NA,NA,NA,0,0,0,0,NA,NA,NA,NA,NA
"Ulrich Eikermann","73a211c9-3955-11ef-8f8f-51fdf2a82730",NA,NA,1973,"11/10/1973","6585a610-3960-11ef-9b12-2906cc9fb6bc","away","SC Phönix Essen 1920","TV Grambke Bremen",19,21,FALSE,4,NA,NA,0,0,0,NA,0,0,0,0,0,0,NA,NA,NA,NA,NA,NA,NA,NA,0,0,0,0,NA,NA,NA,NA,NA
"Horst Weise","8df6e46b-3955-11ef-9ec8-81dc40648355",NA,NA,1973,"11/10/1973","6585a610-3960-11ef-9b12-2906cc9fb6bc","away","SC Phönix Essen 1920","TV Grambke Bremen",19,21,FALSE,0,NA,NA,0,0,0,NA,0,0,0,0,0,0,NA,NA,NA,NA,NA,NA,NA,NA,0,0,0,0,NA,NA,NA,NA,NA
"Heinz Oberscheidt","a5ae94f2-3955-11ef-91fc-2510cc07ea6e",NA,NA,1973,"11/10/1973","6585a610-3960-11ef-9b12-2906cc9fb6bc","away","SC Phönix Essen 1920","TV Grambke Bremen",19,21,FALSE,6,NA,NA,0,0,0,NA,0,0,0,0,0,0,NA,NA,NA,NA,NA,NA,NA,NA,0,0,0,0,NA,NA,NA,NA,NA
"Werner Jeckstedt","a5bb8d23-3955-11ef-8362-2510cc07ea6e",NA,NA,1973,"11/10/1973","6585a610-3960-11ef-9b12-2906cc9fb6bc","away","SC Phönix Essen 1920","TV Grambke Bremen",19,21,FALSE,0,NA,NA,0,0,0,NA,0,0,0,0,0,0,NA,NA,NA,NA,NA,NA,NA,NA,0,0,0,0,NA,NA,NA,NA,NA
"Ingo Callies","b0b0659b-3955-11ef-87aa-a36230ada079",NA,NA,1973,"11/10/1973","6585a610-3960-11ef-9b12-2906cc9fb6bc","away","SC Phönix Essen 1920","TV Grambke Bremen",19,21,FALSE,1,NA,NA,0,0,0,NA,0,0,0,0,0,0,NA,NA,NA,NA,NA,NA,NA,NA,0,0,0,0,NA,NA,NA,NA,NA
"Bernd Tolksdorf","bae02284-3955-11ef-b577-ab397f561917",NA,NA,1973,"11/10/1973","6585a610-3960-11ef-9b12-2906cc9fb6bc","away","SC Phönix Essen 1920","TV Grambke Bremen",19,21,FALSE,1,NA,NA,0,0,0,NA,0,0,0,0,0,0,NA,NA,NA,NA,NA,NA,NA,NA,0,0,0,0,NA,NA,NA,NA,NA
"Klaus Kirschner","bae43a44-3955-11ef-ae7c-ab397f561917",NA,NA,1973,"11/10/1973","6585a610-3960-11ef-9b12-2906cc9fb6bc","away","SC Phönix Essen 1920","TV Grambke Bremen",19,21,FALSE,0,NA,NA,0,0,0,NA,0,0,0,0,0,0,NA,NA,NA,NA,NA,NA,NA,NA,0,0,0,0,NA,NA,NA,NA,NA
"Manfred Schaper","bd401c7e-3955-11ef-8d67-ab397f561917",NA,NA,1973,"11/10/1973","6585a610-3960-11ef-9b12-2906cc9fb6bc","away","SC Phönix Essen 1920","TV Grambke Bremen",19,21,FALSE,0,NA,NA,0,0,0,NA,0,0,0,0,0,0,NA,NA,NA,NA,NA,NA,NA,NA,0,0,0,0,NA,NA,NA,NA,NA
"Norbert Kroker","bd441662-3955-11ef-b771-ab397f561917",NA,NA,1973,"11/10/1973","6585a610-3960-11ef-9b12-2906cc9fb6bc","away","SC Phönix Essen 1920","TV Grambke Bremen",19,21,FALSE,5,NA,NA,0,0,2,NA,0,0,0,0,0,0,NA,NA,NA,NA,NA,NA,NA,NA,0,0,0,0,NA,NA,NA,NA,NA
"Manfred Wolf","bd4f3381-3955-11ef-904e-ab397f561917",NA,NA,1973,"11/10/1973","6585a610-3960-11ef-9b12-2906cc9fb6bc","away","SC Phönix Essen 1920","TV Grambke Bremen",19,21,FALSE,2,NA,NA,0,0,0,NA,0,0,0,0,0,0,NA,NA,NA,NA,NA,NA,NA,NA,0,0,0,0,NA,NA,NA,NA,NA
"Rainer Hill","bd56ea43-3955-11ef-a0dc-ab397f561917",NA,NA,1973,"11/10/1973","6585a610-3960-11ef-9b12-2906cc9fb6bc","away","SC Phönix Essen 1920","TV Grambke Bremen",19,21,FALSE,0,NA,NA,0,0,0,NA,0,0,0,0,0,0,NA,NA,NA,NA,NA,NA,NA,NA,0,0,0,0,NA,NA,NA,NA,NA
"Kurt Klühspies","5ac3e7d7-3955-11ef-b574-4fa817cd91bb",NA,NA,1973,"11/10/1973","679d0c46-3960-11ef-a3e1-2906cc9fb6bc","home","TV Großwallstadt","TV 05/07 Hüttenberg",12,17,FALSE,4,NA,NA,0,0,2,NA,0,0,0,0,0,0,NA,NA,NA,NA,NA,NA,NA,NA,0,0,0,0,NA,NA,NA,NA,NA
"Manfred Hofmann","6855eb0b-3955-11ef-8cb3-292be3190b7b",NA,NA,1973,"11/10/1973","679d0c46-3960-11ef-a3e1-2906cc9fb6bc","home","TV Großwallstadt","TV 05/07 Hüttenberg",12,17,FALSE,0,NA,NA,0,0,0,NA,0,0,0,0,0,0,NA,NA,NA,NA,NA,NA,NA,NA,0,0,0,0,NA,NA,NA,NA,NA
"Thomas Sinsel","8adb8152-3955-11ef-b2de-81dc40648355",NA,NA,1973,"11/10/1973","679d0c46-3960-11ef-a3e1-2906cc9fb6bc","home","TV Großwallstadt","TV 05/07 Hüttenberg",12,17,FALSE,0,NA,NA,0,0,0,NA,0,0,0,0,0,0,NA,NA,NA,NA,NA,NA,NA,NA,0,0,0,0,NA,NA,NA,NA,NA
"Manfred Schwarz","96d98e53-3955-11ef-a3c9-292be3190b7b",NA,NA,1973,"11/10/1973","679d0c46-3960-11ef-a3e1-2906cc9fb6bc","home","TV Großwallstadt","TV 05/07 Hüttenberg",12,17,FALSE,2,NA,NA,0,0,0,NA,0,0,0,0,0,0,NA,NA,NA,NA,NA,NA,NA,NA,0,0,0,0,NA,NA,NA,NA,NA
"Arno Böckling","a3c38db5-3955-11ef-810f-2510cc07ea6e",NA,NA,1973,"11/10/1973","679d0c46-3960-11ef-a3e1-2906cc9fb6bc","home","TV Großwallstadt","TV 05/07 Hüttenberg",12,17,FALSE,5,NA,NA,0,0,0,NA,0,0,0,0,0,0,NA,NA,NA,NA,NA,NA,NA,NA,0,0,0,0,NA,NA,NA,NA,NA
"Eckhardt Suffel","aeac0503-3955-11ef-88c6-a36230ada079",NA,NA,1973,"11/10/1973","679d0c46-3960-11ef-a3e1-2906cc9fb6bc","home","TV Großwallstadt","TV 05/07 Hüttenberg",12,17,FALSE,0,NA,NA,0,0,0,NA,0,0,0,0,0,0,NA,NA,NA,NA,NA,NA,NA,NA,0,0,0,0,NA,NA,NA,NA,NA
"Manfred Meudt","af9be5ed-3955-11ef-a3e3-a36230ada079",NA,NA,1973,"11/10/1973","679d0c46-3960-11ef-a3e1-2906cc9fb6bc","home","TV Großwallstadt","TV 05/07 Hüttenberg",12,17,FALSE,0,NA,NA,0,0,0,NA,0,0,0,0,0,0,NA,NA,NA,NA,NA,NA,NA,NA,0,0,0,0,NA,NA,NA,NA,NA
"Norbert Klein","b18179dc-3955-11ef-acc0-a36230ada079",NA,NA,1973,"11/10/1973","679d0c46-3960-11ef-a3e1-2906cc9fb6bc","home","TV Großwallstadt","TV 05/07 Hüttenberg",12,17,FALSE,0,NA,NA,0,0,0,NA,0,0,0,0,0,0,NA,NA,NA,NA,NA,NA,NA,NA,0,0,0,0,NA,NA,NA,NA,NA
"Herbert Kunkel","be058ce8-3955-11ef-a8d1-ab397f561917",NA,NA,1973,"11/10/1973","679d0c46-3960-11ef-a3e1-2906cc9fb6bc","home","TV Großwallstadt","TV 05/07 Hüttenberg",12,17,FALSE,0,NA,NA,0,0,0,NA,0,0,0,0,0,0,NA,NA,NA,NA,NA,NA,NA,NA,0,0,0,0,NA,NA,NA,NA,NA
"Werner Lemmert","be0e2c8d-3955-11ef-82a6-ab397f561917",NA,NA,1973,"11/10/1973","679d0c46-3960-11ef-a3e1-2906cc9fb6bc","home","TV Großwallstadt","TV 05/07 Hüttenberg",12,17,FALSE,0,NA,NA,0,0,0,NA,0,0,0,0,0,0,NA,NA,NA,NA,NA,NA,NA,NA,0,0,0,0,NA,NA,NA,NA,NA
"Rainer Oberle","be123408-3955-11ef-92a6-ab397f561917",NA,NA,1973,"11/10/1973","679d0c46-3960-11ef-a3e1-2906cc9fb6bc","home","TV Großwallstadt","TV 05/07 Hüttenberg",12,17,FALSE,1,NA,NA,0,0,0,NA,0,0,0,0,0,0,NA,NA,NA,NA,NA,NA,NA,NA,0,0,0,0,NA,NA,NA,NA,NA
"Walter Don","73f54ad3-3955-11ef-b2c6-51fdf2a82730",NA,NA,1973,"11/10/1973","679d0c46-3960-11ef-a3e1-2906cc9fb6bc","away","TV 05/07 Hüttenberg","TV Großwallstadt",17,12,TRUE,1,NA,NA,0,0,0,NA,0,0,0,0,0,0,NA,NA,NA,NA,NA,NA,NA,NA,0,0,0,0,NA,NA,NA,NA,NA
"Hans-Jürgen Völpel","80753eec-3955-11ef-bd2e-b908c60af10a",NA,NA,1973,"11/10/1973","679d0c46-3960-11ef-a3e1-2906cc9fb6bc","away","TV 05/07 Hüttenberg","TV Großwallstadt",17,12,TRUE,1,NA,NA,0,0,0,NA,0,0,0,0,0,0,NA,NA,NA,NA,NA,NA,NA,NA,0,0,0,0,NA,NA,NA,NA,NA
"Siegfried Weber","807d098c-3955-11ef-8827-b908c60af10a",NA,NA,1973,"11/10/1973","679d0c46-3960-11ef-a3e1-2906cc9fb6bc","away","TV 05/07 Hüttenberg","TV Großwallstadt",17,12,TRUE,0,NA,NA,0,0,0,NA,0,0,0,0,0,0,NA,NA,NA,NA,NA,NA,NA,NA,0,0,0,0,NA,NA,NA,NA,NA
"Horst Spengler","80adf446-3955-11ef-a1e6-b908c60af10a",NA,NA,1973,"11/10/1973","679d0c46-3960-11ef-a3e1-2906cc9fb6bc","away","TV 05/07 Hüttenberg","TV Großwallstadt",17,12,TRUE,3,NA,NA,0,0,1,NA,0,0,0,0,0,0,NA,NA,NA,NA,NA,NA,NA,NA,0,0,0,0,NA,NA,NA,NA,NA
"Peter Barthelmey","99855e8f-3955-11ef-b9a4-292be3190b7b",NA,NA,1973,"11/10/1973","679d0c46-3960-11ef-a3e1-2906cc9fb6bc","away","TV 05/07 Hüttenberg","TV Großwallstadt",17,12,TRUE,1,NA,NA,0,0,3,NA,0,0,0,0,0,0,NA,NA,NA,NA,NA,NA,NA,NA,0,0,0,0,NA,NA,NA,NA,NA
"Richard Boczkowski","a1b43836-3955-11ef-934f-2510cc07ea6e",NA,NA,1973,"11/10/1973","679d0c46-3960-11ef-a3e1-2906cc9fb6bc","away","TV 05/07 Hüttenberg","TV Großwallstadt",17,12,TRUE,1,NA,NA,0,0,0,NA,0,0,0,0,0,0,NA,NA,NA,NA,NA,NA,NA,NA,0,0,0,0,NA,NA,NA,NA,NA
"Norbert Bach","a3be6ba6-3955-11ef-9511-2510cc07ea6e",NA,NA,1973,"11/10/1973","679d0c46-3960-11ef-a3e1-2906cc9fb6bc","away","TV 05/07 Hüttenberg","TV Großwallstadt",17,12,TRUE,4,NA,NA,0,0,0,NA,0,0,0,0,0,0,NA,NA,NA,NA,NA,NA,NA,NA,0,0,0,0,NA,NA,NA,NA,NA
"Stefan Schicketanz","a3d099d4-3955-11ef-90b6-2510cc07ea6e",NA,NA,1973,"11/10/1973","679d0c46-3960-11ef-a3e1-2906cc9fb6bc","away","TV 05/07 Hüttenberg","TV Großwallstadt",17,12,TRUE,0,NA,NA,0,0,0,NA,0,0,0,0,0,0,NA,NA,NA,NA,NA,NA,NA,NA,0,0,0,0,NA,NA,NA,NA,NA
"Udo Uebbing","ae4823ea-3955-11ef-93ce-a36230ada079",NA,NA,1973,"11/10/1973","679d0c46-3960-11ef-a3e1-2906cc9fb6bc","away","TV 05/07 Hüttenberg","TV Großwallstadt",17,12,TRUE,4,NA,NA,0,0,0,NA,0,0,0,0,0,0,NA,NA,NA,NA,NA,NA,NA,NA,0,0,0,0,NA,NA,NA,NA,NA
"Rainer Joost","bb83a6fb-3955-11ef-b43f-ab397f561917",NA,NA,1973,"11/10/1973","679d0c46-3960-11ef-a3e1-2906cc9fb6bc","away","TV 05/07 Hüttenberg","TV Großwallstadt",17,12,TRUE,0,NA,NA,0,0,0,NA,0,0,0,0,0,0,NA,NA,NA,NA,NA,NA,NA,NA,0,0,0,0,NA,NA,NA,NA,NA
"Andrija Kotlas","bde016f5-3955-11ef-b96c-ab397f561917",NA,NA,1973,"11/10/1973","679d0c46-3960-11ef-a3e1-2906cc9fb6bc","away","TV 05/07 Hüttenberg","TV Großwallstadt",17,12,TRUE,2,NA,NA,0,0,0,NA,0,0,0,0,0,0,NA,NA,NA,NA,NA,NA,NA,NA,0,0,0,0,NA,NA,NA,NA,NA
"Werner Osada","98d8c8ac-3955-11ef-b6db-292be3190b7b",NA,NA,1973,"11/10/1973","68b1e31d-3960-11ef-80b6-2906cc9fb6bc","home","S3L Handball","TSV 1846 Butzbach",22,17,TRUE,3,NA,NA,0,0,3,NA,0,0,0,0,0,0,NA,NA,NA,NA,NA,NA,NA,NA,0,0,0,0,NA,NA,NA,NA,NA
"Alfred Schmitt","a25e1dab-3955-11ef-b412-2510cc07ea6e",NA,NA,1973,"11/10/1973","68b1e31d-3960-11ef-80b6-2906cc9fb6bc","home","S3L Handball","TSV 1846 Butzbach",22,17,TRUE,0,NA,NA,0,0,0,NA,0,0,0,0,0,0,NA,NA,NA,NA,NA,NA,NA,NA,0,0,0,0,NA,NA,NA,NA,NA
"Manfred Müller","ae54e819-3955-11ef-81e8-a36230ada079",NA,NA,1973,"11/10/1973","68b1e31d-3960-11ef-80b6-2906cc9fb6bc","home","S3L Handball","TSV 1846 Butzbach",22,17,TRUE,0,NA,NA,0,0,0,NA,0,0,0,0,0,0,NA,NA,NA,NA,NA,NA,NA,NA,0,0,0,0,NA,NA,NA,NA,NA
"Georg Fitz","ae68320c-3955-11ef-89fa-a36230ada079",NA,NA,1973,"11/10/1973","68b1e31d-3960-11ef-80b6-2906cc9fb6bc","home","S3L Handball","TSV 1846 Butzbach",22,17,TRUE,1,NA,NA,0,0,0,NA,0,0,0,0,0,0,NA,NA,NA,NA,NA,NA,NA,NA,0,0,0,0,NA,NA,NA,NA,NA
"Bernd Frühauf","ae71d80f-3955-11ef-a219-a36230ada079",NA,NA,1973,"11/10/1973","68b1e31d-3960-11ef-80b6-2906cc9fb6bc","home","S3L Handball","TSV 1846 Butzbach",22,17,TRUE,1,NA,NA,0,0,0,NA,0,0,0,0,0,0,NA,NA,NA,NA,NA,NA,NA,NA,0,0,0,0,NA,NA,NA,NA,NA
"Robert Becker","ae8c50f9-3955-11ef-91c4-a36230ada079",NA,NA,1973,"11/10/1973","68b1e31d-3960-11ef-80b6-2906cc9fb6bc","home","S3L Handball","TSV 1846 Butzbach",22,17,TRUE,2,NA,NA,0,0,0,NA,0,0,0,0,0,0,NA,NA,NA,NA,NA,NA,NA,NA,0,0,0,0,NA,NA,NA,NA,NA
"Jürgen Hahn","ae947745-3955-11ef-bc54-a36230ada079",NA,NA,1973,"11/10/1973","68b1e31d-3960-11ef-80b6-2906cc9fb6bc","home","S3L Handball","TSV 1846 Butzbach",22,17,TRUE,4,NA,NA,0,0,0,NA,0,0,0,0,0,0,NA,NA,NA,NA,NA,NA,NA,NA,0,0,0,0,NA,NA,NA,NA,NA
"Hansjörg Jäck","b166bd31-3955-11ef-bed1-a36230ada079",NA,NA,1973,"11/10/1973","68b1e31d-3960-11ef-80b6-2906cc9fb6bc","home","S3L Handball","TSV 1846 Butzbach",22,17,TRUE,0,NA,NA,0,0,0,NA,0,0,0,0,0,0,NA,NA,NA,NA,NA,NA,NA,NA,0,0,0,0,NA,NA,NA,NA,NA
"Markus Hädrich","ba389acc-3955-11ef-8b9d-ab397f561917",NA,NA,1973,"11/10/1973","68b1e31d-3960-11ef-80b6-2906cc9fb6bc","home","S3L Handball","TSV 1846 Butzbach",22,17,TRUE,2,NA,NA,0,0,0,NA,0,0,0,0,0,0,NA,NA,NA,NA,NA,NA,NA,NA,0,0,0,0,NA,NA,NA,NA,NA
"Werner Pruscha","bb9c8e56-3955-11ef-ac18-ab397f561917",NA,NA,1973,"11/10/1973","68b1e31d-3960-11ef-80b6-2906cc9fb6bc","home","S3L Handball","TSV 1846 Butzbach",22,17,TRUE,2,NA,NA,0,0,0,NA,0,0,0,0,0,0,NA,NA,NA,NA,NA,NA,NA,NA,0,0,0,0,NA,NA,NA,NA,NA
"Wolfhardt Bühler","bba2fc92-3955-11ef-a8d6-ab397f561917",NA,NA,1973,"11/10/1973","68b1e31d-3960-11ef-80b6-2906cc9fb6bc","home","S3L Handball","TSV 1846 Butzbach",22,17,TRUE,5,NA,NA,0,0,1,NA,0,0,0,0,0,0,NA,NA,NA,NA,NA,NA,NA,NA,0,0,0,0,NA,NA,NA,NA,NA
"Arno Schandin","bded1584-3955-11ef-8a76-ab397f561917",NA,NA,1973,"11/10/1973","68b1e31d-3960-11ef-80b6-2906cc9fb6bc","home","S3L Handball","TSV 1846 Butzbach",22,17,TRUE,2,NA,NA,0,0,0,NA,0,0,0,0,0,0,NA,NA,NA,NA,NA,NA,NA,NA,0,0,0,0,NA,NA,NA,NA,NA
"Klaus Meineke","8d0eefb2-3955-11ef-a068-81dc40648355",NA,NA,1973,"11/10/1973","68b1e31d-3960-11ef-80b6-2906cc9fb6bc","away","TSV 1846 Butzbach","S3L Handball",17,22,FALSE,2,NA,NA,0,0,0,NA,0,0,0,0,0,0,NA,NA,NA,NA,NA,NA,NA,NA,0,0,0,0,NA,NA,NA,NA,NA
"Rolf Allendörfer","97c4e757-3955-11ef-8b41-292be3190b7b",NA,NA,1973,"11/10/1973","68b1e31d-3960-11ef-80b6-2906cc9fb6bc","away","TSV 1846 Butzbach","S3L Handball",17,22,FALSE,1,NA,NA,0,0,0,NA,0,0,0,0,0,0,NA,NA,NA,NA,NA,NA,NA,NA,0,0,0,0,NA,NA,NA,NA,NA
"Günter Timmermann","bb79f127-3955-11ef-ae8c-ab397f561917",NA,NA,1973,"11/10/1973","68b1e31d-3960-11ef-80b6-2906cc9fb6bc","away","TSV 1846 Butzbach","S3L Handball",17,22,FALSE,0,NA,NA,0,0,0,NA,0,0,0,0,0,0,NA,NA,NA,NA,NA,NA,NA,NA,0,0,0,0,NA,NA,NA,NA,NA
"Günter Bormann","bc2b728c-3955-11ef-9c10-ab397f561917",NA,NA,1973,"11/10/1973","68b1e31d-3960-11ef-80b6-2906cc9fb6bc","away","TSV 1846 Butzbach","S3L Handball",17,22,FALSE,1,NA,NA,0,0,0,NA,0,0,0,0,0,0,NA,NA,NA,NA,NA,NA,NA,NA,0,0,0,0,NA,NA,NA,NA,NA
"Hans-Joachim Röhrig","bc371f1f-3955-11ef-bcd4-ab397f561917",NA,NA,1973,"11/10/1973","68b1e31d-3960-11ef-80b6-2906cc9fb6bc","away","TSV 1846 Butzbach","S3L Handball",17,22,FALSE,2,NA,NA,0,0,0,NA,0,0,0,0,0,0,NA,NA,NA,NA,NA,NA,NA,NA,0,0,0,0,NA,NA,NA,NA,NA
"Alfred Walter","bc3f22f5-3955-11ef-9558-ab397f561917",NA,NA,1973,"11/10/1973","68b1e31d-3960-11ef-80b6-2906cc9fb6bc","away","TSV 1846 Butzbach","S3L Handball",17,22,FALSE,2,NA,NA,0,0,2,NA,0,0,0,0,0,0,NA,NA,NA,NA,NA,NA,NA,NA,0,0,0,0,NA,NA,NA,NA,NA
"Wolfgang Lowak","bc4eecb3-3955-11ef-8009-ab397f561917",NA,NA,1973,"11/10/1973","68b1e31d-3960-11ef-80b6-2906cc9fb6bc","away","TSV 1846 Butzbach","S3L Handball",17,22,FALSE,0,NA,NA,0,0,0,NA,0,0,0,0,0,0,NA,NA,NA,NA,NA,NA,NA,NA,0,0,0,0,NA,NA,NA,NA,NA
"Robert Ringleb","bc52ae17-3955-11ef-80f1-ab397f561917",NA,NA,1973,"11/10/1973","68b1e31d-3960-11ef-80b6-2906cc9fb6bc","away","TSV 1846 Butzbach","S3L Handball",17,22,FALSE,2,NA,NA,0,0,0,NA,0,0,0,0,0,0,NA,NA,NA,NA,NA,NA,NA,NA,0,0,0,0,NA,NA,NA,NA,NA
"Werner Henn","c6c2c065-3955-11ef-b47d-157c9bc18a5f",NA,NA,1973,"11/10/1973","68b1e31d-3960-11ef-80b6-2906cc9fb6bc","away","TSV 1846 Butzbach","S3L Handball",17,22,FALSE,0,NA,NA,0,0,0,NA,0,0,0,0,0,0,NA,NA,NA,NA,NA,NA,NA,NA,0,0,0,0,NA,NA,NA,NA,NA
"Helmut Schwarz","c6c73d0a-3955-11ef-88e8-157c9bc18a5f",NA,NA,1973,"11/10/1973","68b1e31d-3960-11ef-80b6-2906cc9fb6bc","away","TSV 1846 Butzbach","S3L Handball",17,22,FALSE,0,NA,NA,0,0,0,NA,0,0,0,0,0,0,NA,NA,NA,NA,NA,NA,NA,NA,0,0,0,0,NA,NA,NA,NA,NA
"Klaus Karg","c6d8aa2a-3955-11ef-ab2b-157c9bc18a5f",NA,NA,1973,"11/10/1973","68b1e31d-3960-11ef-80b6-2906cc9fb6bc","away","TSV 1846 Butzbach","S3L Handball",17,22,FALSE,2,NA,NA,0,0,0,NA,0,0,0,0,0,0,NA,NA,NA,NA,NA,NA,NA,NA,0,0,0,0,NA,NA,NA,NA,NA
"Anton Turkalj","c6dcd936-3955-11ef-9d1b-157c9bc18a5f",NA,NA,1973,"11/10/1973","68b1e31d-3960-11ef-80b6-2906cc9fb6bc","away","TSV 1846 Butzbach","S3L Handball",17,22,FALSE,5,NA,NA,0,0,2,NA,0,0,0,0,0,0,NA,NA,NA,NA,NA,NA,NA,NA,0,0,0,0,NA,NA,NA,NA,NA
"Heinz-Theo Kaus","8086fdf9-3955-11ef-938f-b908c60af10a",NA,NA,1973,"11/10/1973","6a5a9f6b-3960-11ef-bbc1-2906cc9fb6bc","home","SG Dietzenbach","TV 1893 Neuhausen",18,13,TRUE,0,NA,NA,0,0,0,NA,0,0,0,0,0,0,NA,NA,NA,NA,NA,NA,NA,NA,0,0,0,0,NA,NA,NA,NA,NA
"Heinz-Walter Behne","8be65881-3955-11ef-8872-81dc40648355",NA,NA,1973,"11/10/1973","6a5a9f6b-3960-11ef-bbc1-2906cc9fb6bc","home","SG Dietzenbach","TV 1893 Neuhausen",18,13,TRUE,3,NA,NA,0,0,1,NA,0,0,0,0,0,0,NA,NA,NA,NA,NA,NA,NA,NA,0,0,0,0,NA,NA,NA,NA,NA
"Herbert Wehnert","96e104db-3955-11ef-b58d-292be3190b7b",NA,NA,1973,"11/10/1973","6a5a9f6b-3960-11ef-bbc1-2906cc9fb6bc","home","SG Dietzenbach","TV 1893 Neuhausen",18,13,TRUE,5,NA,NA,0,0,1,NA,0,0,0,0,0,0,NA,NA,NA,NA,NA,NA,NA,NA,0,0,0,0,NA,NA,NA,NA,NA
"Wolfgang Hammerl","a2e26d5b-3955-11ef-8fa5-2510cc07ea6e",NA,NA,1973,"11/10/1973","6a5a9f6b-3960-11ef-bbc1-2906cc9fb6bc","home","SG Dietzenbach","TV 1893 Neuhausen",18,13,TRUE,0,NA,NA,0,0,0,NA,0,0,0,0,0,0,NA,NA,NA,NA,NA,NA,NA,NA,0,0,0,0,NA,NA,NA,NA,NA
"Otto Allies","af191a75-3955-11ef-8c7e-a36230ada079",NA,NA,1973,"11/10/1973","6a5a9f6b-3960-11ef-bbc1-2906cc9fb6bc","home","SG Dietzenbach","TV 1893 Neuhausen",18,13,TRUE,0,NA,NA,0,0,0,NA,0,0,0,0,0,0,NA,NA,NA,NA,NA,NA,NA,NA,0,0,0,0,NA,NA,NA,NA,NA
"Heinrich Baum","af2c6c48-3955-11ef-964a-a36230ada079",NA,NA,1973,"11/10/1973","6a5a9f6b-3960-11ef-bbc1-2906cc9fb6bc","home","SG Dietzenbach","TV 1893 Neuhausen",18,13,TRUE,4,NA,NA,0,0,0,NA,0,0,0,0,0,0,NA,NA,NA,NA,NA,NA,NA,NA,0,0,0,0,NA,NA,NA,NA,NA
"Klaus Rettig","b1d1aa4c-3955-11ef-baf9-a36230ada079",NA,NA,1973,"11/10/1973","6a5a9f6b-3960-11ef-bbc1-2906cc9fb6bc","home","SG Dietzenbach","TV 1893 Neuhausen",18,13,TRUE,5,NA,NA,0,0,0,NA,0,0,0,0,0,0,NA,NA,NA,NA,NA,NA,NA,NA,0,0,0,0,NA,NA,NA,NA,NA
"Reinhold Jerwan","b1d5c150-3955-11ef-9027-a36230ada079",NA,NA,1973,"11/10/1973","6a5a9f6b-3960-11ef-bbc1-2906cc9fb6bc","home","SG Dietzenbach","TV 1893 Neuhausen",18,13,TRUE,1,NA,NA,0,0,0,NA,0,0,0,0,0,0,NA,NA,NA,NA,NA,NA,NA,NA,0,0,0,0,NA,NA,NA,NA,NA
"Reinhold Frankenberger","be1b198f-3955-11ef-af2d-ab397f561917",NA,NA,1973,"11/10/1973","6a5a9f6b-3960-11ef-bbc1-2906cc9fb6bc","home","SG Dietzenbach","TV 1893 Neuhausen",18,13,TRUE,0,NA,NA,0,0,0,NA,0,0,0,0,0,0,NA,NA,NA,NA,NA,NA,NA,NA,0,0,0,0,NA,NA,NA,NA,NA
"Herbert Striebel","c682be45-3955-11ef-8eab-157c9bc18a5f",NA,NA,1973,"11/10/1973","6a5a9f6b-3960-11ef-bbc1-2906cc9fb6bc","home","SG Dietzenbach","TV 1893 Neuhausen",18,13,TRUE,0,NA,NA,0,0,0,NA,0,0,0,0,0,0,NA,NA,NA,NA,NA,NA,NA,NA,0,0,0,0,NA,NA,NA,NA,NA
"Norbert Kern","c6961a09-3955-11ef-8bcc-157c9bc18a5f",NA,NA,1973,"11/10/1973","6a5a9f6b-3960-11ef-bbc1-2906cc9fb6bc","home","SG Dietzenbach","TV 1893 Neuhausen",18,13,TRUE,0,NA,NA,0,0,0,NA,0,0,0,0,0,0,NA,NA,NA,NA,NA,NA,NA,NA,0,0,0,0,NA,NA,NA,NA,NA
"Wolfgang Pelzer","c69f3508-3955-11ef-89d5-157c9bc18a5f",NA,NA,1973,"11/10/1973","6a5a9f6b-3960-11ef-bbc1-2906cc9fb6bc","home","SG Dietzenbach","TV 1893 Neuhausen",18,13,TRUE,0,NA,NA,0,0,0,NA,0,0,0,0,0,0,NA,NA,NA,NA,NA,NA,NA,NA,0,0,0,0,NA,NA,NA,NA,NA
"Walter Salzer","8d394c72-3955-11ef-8d73-81dc40648355",NA,NA,1973,"11/10/1973","6a5a9f6b-3960-11ef-bbc1-2906cc9fb6bc","away","TV 1893 Neuhausen","SG Dietzenbach",13,18,FALSE,4,NA,NA,0,0,1,NA,0,0,0,0,0,0,NA,NA,NA,NA,NA,NA,NA,NA,0,0,0,0,NA,NA,NA,NA,NA
"Hermann Fritz","a4231bd1-3955-11ef-8299-2510cc07ea6e",NA,NA,1973,"11/10/1973","6a5a9f6b-3960-11ef-bbc1-2906cc9fb6bc","away","TV 1893 Neuhausen","SG Dietzenbach",13,18,FALSE,0,NA,NA,0,0,0,NA,0,0,0,0,0,0,NA,NA,NA,NA,NA,NA,NA,NA,0,0,0,0,NA,NA,NA,NA,NA
"Klaus Stoll","a42e01cc-3955-11ef-b661-2510cc07ea6e",NA,NA,1973,"11/10/1973","6a5a9f6b-3960-11ef-bbc1-2906cc9fb6bc","away","TV 1893 Neuhausen","SG Dietzenbach",13,18,FALSE,0,NA,NA,0,0,0,NA,0,0,0,0,0,0,NA,NA,NA,NA,NA,NA,NA,NA,0,0,0,0,NA,NA,NA,NA,NA
"Julius Lehmann","a448c9e2-3955-11ef-9bf8-2510cc07ea6e",NA,NA,1973,"11/10/1973","6a5a9f6b-3960-11ef-bbc1-2906cc9fb6bc","away","TV 1893 Neuhausen","SG Dietzenbach",13,18,FALSE,1,NA,NA,0,0,0,NA,0,0,0,0,0,0,NA,NA,NA,NA,NA,NA,NA,NA,0,0,0,0,NA,NA,NA,NA,NA
"Rolf Miller","a4552808-3955-11ef-ac39-2510cc07ea6e",NA,NA,1973,"11/10/1973","6a5a9f6b-3960-11ef-bbc1-2906cc9fb6bc","away","TV 1893 Neuhausen","SG Dietzenbach",13,18,FALSE,0,NA,NA,0,0,0,NA,0,0,0,0,0,0,NA,NA,NA,NA,NA,NA,NA,NA,0,0,0,0,NA,NA,NA,NA,NA
"Manfred Reusch","a45a1b11-3955-11ef-8135-2510cc07ea6e",NA,NA,1973,"11/10/1973","6a5a9f6b-3960-11ef-bbc1-2906cc9fb6bc","away","TV 1893 Neuhausen","SG Dietzenbach",13,18,FALSE,0,NA,NA,0,0,0,NA,0,0,0,0,0,0,NA,NA,NA,NA,NA,NA,NA,NA,0,0,0,0,NA,NA,NA,NA,NA
"Johann Högl","b2211f04-3955-11ef-a5bd-a36230ada079",NA,NA,1973,"11/10/1973","6a5a9f6b-3960-11ef-bbc1-2906cc9fb6bc","away","TV 1893 Neuhausen","SG Dietzenbach",13,18,FALSE,0,NA,NA,0,0,0,NA,0,0,0,0,0,0,NA,NA,NA,NA,NA,NA,NA,NA,0,0,0,0,NA,NA,NA,NA,NA
"Martin Streicher","b2277c0b-3955-11ef-b9c1-a36230ada079",NA,NA,1973,"11/10/1973","6a5a9f6b-3960-11ef-bbc1-2906cc9fb6bc","away","TV 1893 Neuhausen","SG Dietzenbach",13,18,FALSE,0,NA,NA,0,0,0,NA,0,0,0,0,0,0,NA,NA,NA,NA,NA,NA,NA,NA,0,0,0,0,NA,NA,NA,NA,NA
"Kurt Reusch","b22cb722-3955-11ef-b081-a36230ada079",NA,NA,1973,"11/10/1973","6a5a9f6b-3960-11ef-bbc1-2906cc9fb6bc","away","TV 1893 Neuhausen","SG Dietzenbach",13,18,FALSE,6,NA,NA,0,0,5,NA,0,0,0,0,0,0,NA,NA,NA,NA,NA,NA,NA,NA,0,0,0,0,NA,NA,NA,NA,NA
"Harald Streicher","b2329757-3955-11ef-8e1c-a36230ada079",NA,NA,1973,"11/10/1973","6a5a9f6b-3960-11ef-bbc1-2906cc9fb6bc","away","TV 1893 Neuhausen","SG Dietzenbach",13,18,FALSE,1,NA,NA,0,0,0,NA,0,0,0,0,0,0,NA,NA,NA,NA,NA,NA,NA,NA,0,0,0,0,NA,NA,NA,NA,NA
"Bernd Scheid","c71f654f-3955-11ef-a98f-157c9bc18a5f",NA,NA,1973,"11/10/1973","6a5a9f6b-3960-11ef-bbc1-2906cc9fb6bc","away","TV 1893 Neuhausen","SG Dietzenbach",13,18,FALSE,0,NA,NA,0,0,0,NA,0,0,0,0,0,0,NA,NA,NA,NA,NA,NA,NA,NA,0,0,0,0,NA,NA,NA,NA,NA
"Klaus Streicher","c728c012-3955-11ef-9cab-157c9bc18a5f",NA,NA,1973,"11/10/1973","6a5a9f6b-3960-11ef-bbc1-2906cc9fb6bc","away","TV 1893 Neuhausen","SG Dietzenbach",13,18,FALSE,1,NA,NA,0,0,0,NA,0,0,0,0,0,0,NA,NA,NA,NA,NA,NA,NA,NA,0,0,0,0,NA,NA,NA,NA,NA
"Karl-Heinz Schulz","72847241-3955-11ef-8bd4-51fdf2a82730",NA,NA,1973,"11/11/1973","5ba663a9-3960-11ef-81d9-7b2e16e5ffcd","home","TuS 05 Wellinghofen","VfL Gummersbach",14,9,TRUE,0,NA,NA,0,0,0,NA,0,0,0,0,0,0,NA,NA,NA,NA,NA,NA,NA,NA,0,0,0,0,NA,NA,NA,NA,NA
"Heiner Möller","8d7571e4-3955-11ef-b1d3-81dc40648355",NA,NA,1973,"11/11/1973","5ba663a9-3960-11ef-81d9-7b2e16e5ffcd","home","TuS 05 Wellinghofen","VfL Gummersbach",14,9,TRUE,3,NA,NA,0,0,0,NA,0,0,0,0,0,0,NA,NA,NA,NA,NA,NA,NA,NA,0,0,0,0,NA,NA,NA,NA,NA
"Hans-Peter Neuhaus","8d9d3887-3955-11ef-80a3-81dc40648355",NA,NA,1973,"11/11/1973","5ba663a9-3960-11ef-81d9-7b2e16e5ffcd","home","TuS 05 Wellinghofen","VfL Gummersbach",14,9,TRUE,1,NA,NA,0,0,0,NA,0,0,0,0,0,0,NA,NA,NA,NA,NA,NA,NA,NA,0,0,0,0,NA,NA,NA,NA,NA
"Karl-Heinz Nolde","a33d5c4a-3955-11ef-b577-2510cc07ea6e",NA,NA,1973,"11/11/1973","5ba663a9-3960-11ef-81d9-7b2e16e5ffcd","home","TuS 05 Wellinghofen","VfL Gummersbach",14,9,TRUE,1,NA,NA,0,0,0,NA,0,0,0,0,0,0,NA,NA,NA,NA,NA,NA,NA,NA,0,0,0,0,NA,NA,NA,NA,NA
"Rainer Gosewinkel","a4d61156-3955-11ef-8406-2510cc07ea6e",NA,NA,1973,"11/11/1973","5ba663a9-3960-11ef-81d9-7b2e16e5ffcd","home","TuS 05 Wellinghofen","VfL Gummersbach",14,9,TRUE,4,NA,NA,0,0,2,NA,0,0,0,0,0,0,NA,NA,NA,NA,NA,NA,NA,NA,0,0,0,0,NA,NA,NA,NA,NA
"Klaus Erwe","a4f54a19-3955-11ef-b48a-2510cc07ea6e",NA,NA,1973,"11/11/1973","5ba663a9-3960-11ef-81d9-7b2e16e5ffcd","home","TuS 05 Wellinghofen","VfL Gummersbach",14,9,TRUE,0,NA,NA,0,0,0,NA,0,0,0,0,0,0,NA,NA,NA,NA,NA,NA,NA,NA,0,0,0,0,NA,NA,NA,NA,NA
"Burkhard Gröning","a52c6e4f-3955-11ef-a576-2510cc07ea6e",NA,NA,1973,"11/11/1973","5ba663a9-3960-11ef-81d9-7b2e16e5ffcd","home","TuS 05 Wellinghofen","VfL Gummersbach",14,9,TRUE,2,NA,NA,0,0,1,NA,0,0,0,0,0,0,NA,NA,NA,NA,NA,NA,NA,NA,0,0,0,0,NA,NA,NA,NA,NA
"Klaus Tiews","a531838f-3955-11ef-8e99-2510cc07ea6e",NA,NA,1973,"11/11/1973","5ba663a9-3960-11ef-81d9-7b2e16e5ffcd","home","TuS 05 Wellinghofen","VfL Gummersbach",14,9,TRUE,2,NA,NA,0,0,0,NA,0,0,0,0,0,0,NA,NA,NA,NA,NA,NA,NA,NA,0,0,0,0,NA,NA,NA,NA,NA
"Ulrich Staege","b05c5beb-3955-11ef-a7d6-a36230ada079",NA,NA,1973,"11/11/1973","5ba663a9-3960-11ef-81d9-7b2e16e5ffcd","home","TuS 05 Wellinghofen","VfL Gummersbach",14,9,TRUE,0,NA,NA,0,0,0,NA,0,0,0,0,0,0,NA,NA,NA,NA,NA,NA,NA,NA,0,0,0,0,NA,NA,NA,NA,NA
"Herbert Rogge","b06614d7-3955-11ef-a43b-a36230ada079",NA,NA,1973,"11/11/1973","5ba663a9-3960-11ef-81d9-7b2e16e5ffcd","home","TuS 05 Wellinghofen","VfL Gummersbach",14,9,TRUE,1,NA,NA,0,0,0,NA,0,0,0,0,0,0,NA,NA,NA,NA,NA,NA,NA,NA,0,0,0,0,NA,NA,NA,NA,NA
"Hans-Jürgen Sengera","ba7fae8e-3955-11ef-80e4-ab397f561917",NA,NA,1973,"11/11/1973","5ba663a9-3960-11ef-81d9-7b2e16e5ffcd","home","TuS 05 Wellinghofen","VfL Gummersbach",14,9,TRUE,0,NA,NA,0,0,0,NA,0,0,0,0,0,0,NA,NA,NA,NA,NA,NA,NA,NA,0,0,0,0,NA,NA,NA,NA,NA
"Heiner Brand","44e82d45-3955-11ef-bc71-4fa817cd91bb",NA,NA,1973,"11/11/1973","5ba663a9-3960-11ef-81d9-7b2e16e5ffcd","away","VfL Gummersbach","TuS 05 Wellinghofen",9,14,FALSE,2,NA,NA,0,0,0,NA,0,0,0,0,0,0,NA,NA,NA,NA,NA,NA,NA,NA,0,0,0,0,NA,NA,NA,NA,NA
"Klaus Westebbe","8c58f63a-3955-11ef-b65e-81dc40648355",NA,NA,1973,"11/11/1973","5ba663a9-3960-11ef-81d9-7b2e16e5ffcd","away","VfL Gummersbach","TuS 05 Wellinghofen",9,14,FALSE,2,NA,NA,0,0,2,NA,0,0,0,0,0,0,NA,NA,NA,NA,NA,NA,NA,NA,0,0,0,0,NA,NA,NA,NA,NA
"Klaus Kater","8da1f6ef-3955-11ef-b31a-81dc40648355",NA,NA,1973,"11/11/1973","5ba663a9-3960-11ef-81d9-7b2e16e5ffcd","away","VfL Gummersbach","TuS 05 Wellinghofen",9,14,FALSE,0,NA,NA,0,0,0,NA,0,0,0,0,0,0,NA,NA,NA,NA,NA,NA,NA,NA,0,0,0,0,NA,NA,NA,NA,NA
"Klaus Schlagheck","97a06613-3955-11ef-8056-292be3190b7b",NA,NA,1973,"11/11/1973","5ba663a9-3960-11ef-81d9-7b2e16e5ffcd","away","VfL Gummersbach","TuS 05 Wellinghofen",9,14,FALSE,1,NA,NA,0,0,0,NA,0,0,0,0,0,0,NA,NA,NA,NA,NA,NA,NA,NA,0,0,0,0,NA,NA,NA,NA,NA
"Joachim Deckarm","9976945f-3955-11ef-afc4-292be3190b7b",NA,NA,1973,"11/11/1973","5ba663a9-3960-11ef-81d9-7b2e16e5ffcd","away","VfL Gummersbach","TuS 05 Wellinghofen",9,14,FALSE,0,NA,NA,0,0,0,NA,0,0,0,0,0,0,NA,NA,NA,NA,NA,NA,NA,NA,0,0,0,0,NA,NA,NA,NA,NA
"Achim Henseler","a182e874-3955-11ef-95ce-2510cc07ea6e",NA,NA,1973,"11/11/1973","5ba663a9-3960-11ef-81d9-7b2e16e5ffcd","away","VfL Gummersbach","TuS 05 Wellinghofen",9,14,FALSE,0,NA,NA,0,0,0,NA,0,0,0,0,0,0,NA,NA,NA,NA,NA,NA,NA,NA,0,0,0,0,NA,NA,NA,NA,NA
"Jochen Feldhoff","a32751a5-3955-11ef-badf-2510cc07ea6e",NA,NA,1973,"11/11/1973","5ba663a9-3960-11ef-81d9-7b2e16e5ffcd","away","VfL Gummersbach","TuS 05 Wellinghofen",9,14,FALSE,2,NA,NA,0,0,1,NA,0,0,0,0,0,0,NA,NA,NA,NA,NA,NA,NA,NA,0,0,0,0,NA,NA,NA,NA,NA
"Werner Lettgen","ae263c3c-3955-11ef-96f7-a36230ada079",NA,NA,1973,"11/11/1973","5ba663a9-3960-11ef-81d9-7b2e16e5ffcd","away","VfL Gummersbach","TuS 05 Wellinghofen",9,14,FALSE,0,NA,NA,0,0,0,NA,0,0,0,0,0,0,NA,NA,NA,NA,NA,NA,NA,NA,0,0,0,0,NA,NA,NA,NA,NA
"Hans-Günther Schmidt","aff5702f-3955-11ef-9878-a36230ada079",NA,NA,1973,"11/11/1973","5ba663a9-3960-11ef-81d9-7b2e16e5ffcd","away","VfL Gummersbach","TuS 05 Wellinghofen",9,14,FALSE,2,NA,NA,0,0,0,NA,0,0,0,0,0,0,NA,NA,NA,NA,NA,NA,NA,NA,0,0,0,0,NA,NA,NA,NA,NA
"Jochen Brand","ba44375c-3955-11ef-a5d6-ab397f561917",NA,NA,1973,"11/11/1973","5ba663a9-3960-11ef-81d9-7b2e16e5ffcd","away","VfL Gummersbach","TuS 05 Wellinghofen",9,14,FALSE,0,NA,NA,0,0,0,NA,0,0,0,0,0,0,NA,NA,NA,NA,NA,NA,NA,NA,0,0,0,0,NA,NA,NA,NA,NA
"Helmut Kosmehl","bc7d7cdd-3955-11ef-a338-ab397f561917",NA,NA,1973,"11/11/1973","5ba663a9-3960-11ef-81d9-7b2e16e5ffcd","away","VfL Gummersbach","TuS 05 Wellinghofen",9,14,FALSE,0,NA,NA,0,0,0,NA,0,0,0,0,0,0,NA,NA,NA,NA,NA,NA,NA,NA,0,0,0,0,NA,NA,NA,NA,NA
"Dietmar Balkenhol","8dfc784e-3955-11ef-b459-81dc40648355",NA,NA,1973,"11/11/1973","5cd9a53d-3960-11ef-a9cd-7b2e16e5ffcd","home","TuSEM Essen","GWD Minden",16,20,FALSE,2,NA,NA,0,0,0,NA,0,0,0,0,0,0,NA,NA,NA,NA,NA,NA,NA,NA,0,0,0,0,NA,NA,NA,NA,NA
"Gerhard Wrobel","ae4fc714-3955-11ef-a106-a36230ada079",NA,NA,1973,"11/11/1973","5cd9a53d-3960-11ef-a9cd-7b2e16e5ffcd","home","TuSEM Essen","GWD Minden",16,20,FALSE,0,NA,NA,0,0,0,NA,0,0,0,0,0,0,NA,NA,NA,NA,NA,NA,NA,NA,0,0,0,0,NA,NA,NA,NA,NA
"Herbert Buschmann","bd5ac595-3955-11ef-97f0-ab397f561917",NA,NA,1973,"11/11/1973","5cd9a53d-3960-11ef-a9cd-7b2e16e5ffcd","home","TuSEM Essen","GWD Minden",16,20,FALSE,0,NA,NA,0,0,0,NA,0,0,0,0,0,0,NA,NA,NA,NA,NA,NA,NA,NA,0,0,0,0,NA,NA,NA,NA,NA
"Bernd Weigel","bd601a58-3955-11ef-8511-ab397f561917",NA,NA,1973,"11/11/1973","5cd9a53d-3960-11ef-a9cd-7b2e16e5ffcd","home","TuSEM Essen","GWD Minden",16,20,FALSE,0,NA,NA,0,0,0,NA,0,0,0,0,0,0,NA,NA,NA,NA,NA,NA,NA,NA,0,0,0,0,NA,NA,NA,NA,NA
"Klaus Schäfer","bd6f7a4d-3955-11ef-9f92-ab397f561917",NA,NA,1973,"11/11/1973","5cd9a53d-3960-11ef-a9cd-7b2e16e5ffcd","home","TuSEM Essen","GWD Minden",16,20,FALSE,3,NA,NA,0,0,0,NA,0,0,0,0,0,0,NA,NA,NA,NA,NA,NA,NA,NA,0,0,0,0,NA,NA,NA,NA,NA
"Gerhard Schmidt","bd78314d-3955-11ef-8668-ab397f561917",NA,NA,1973,"11/11/1973","5cd9a53d-3960-11ef-a9cd-7b2e16e5ffcd","home","TuSEM Essen","GWD Minden",16,20,FALSE,5,NA,NA,0,0,0,NA,0,0,0,0,0,0,NA,NA,NA,NA,NA,NA,NA,NA,0,0,0,0,NA,NA,NA,NA,NA
"Manfred Benning","bd7cb1bd-3955-11ef-883f-ab397f561917",NA,NA,1973,"11/11/1973","5cd9a53d-3960-11ef-a9cd-7b2e16e5ffcd","home","TuSEM Essen","GWD Minden",16,20,FALSE,0,NA,NA,0,0,0,NA,0,0,0,0,0,0,NA,NA,NA,NA,NA,NA,NA,NA,0,0,0,0,NA,NA,NA,NA,NA
"Alojz Snedić","bd80daac-3955-11ef-a8ab-ab397f561917",NA,NA,1973,"11/11/1973","5cd9a53d-3960-11ef-a9cd-7b2e16e5ffcd","home","TuSEM Essen","GWD Minden",16,20,FALSE,0,NA,NA,0,0,0,NA,0,0,0,0,0,0,NA,NA,NA,NA,NA,NA,NA,NA,0,0,0,0,NA,NA,NA,NA,NA
"Peter Fischer","bd861af2-3955-11ef-a655-ab397f561917",NA,NA,1973,"11/11/1973","5cd9a53d-3960-11ef-a9cd-7b2e16e5ffcd","home","TuSEM Essen","GWD Minden",16,20,FALSE,0,NA,NA,0,0,0,NA,0,0,0,0,0,0,NA,NA,NA,NA,NA,NA,NA,NA,0,0,0,0,NA,NA,NA,NA,NA
"Wolfgang Schütte","bd8b9463-3955-11ef-84e4-ab397f561917",NA,NA,1973,"11/11/1973","5cd9a53d-3960-11ef-a9cd-7b2e16e5ffcd","home","TuSEM Essen","GWD Minden",16,20,FALSE,1,NA,NA,0,0,0,NA,0,0,0,0,0,0,NA,NA,NA,NA,NA,NA,NA,NA,0,0,0,0,NA,NA,NA,NA,NA
"Peter Meuter","bd905293-3955-11ef-a264-ab397f561917",NA,NA,1973,"11/11/1973","5cd9a53d-3960-11ef-a9cd-7b2e16e5ffcd","home","TuSEM Essen","GWD Minden",16,20,FALSE,5,NA,NA,0,0,3,NA,0,0,0,0,0,0,NA,NA,NA,NA,NA,NA,NA,NA,0,0,0,0,NA,NA,NA,NA,NA
"Bernhard Busch","8dc9280f-3955-11ef-80e2-81dc40648355",NA,NA,1973,"11/11/1973","5cd9a53d-3960-11ef-a9cd-7b2e16e5ffcd","away","GWD Minden","TuSEM Essen",20,16,TRUE,0,NA,NA,0,0,0,NA,0,0,0,0,0,0,NA,NA,NA,NA,NA,NA,NA,NA,0,0,0,0,NA,NA,NA,NA,NA
"Gerd Becker","96f1e245-3955-11ef-80bc-292be3190b7b",NA,NA,1973,"11/11/1973","5cd9a53d-3960-11ef-a9cd-7b2e16e5ffcd","away","GWD Minden","TuSEM Essen",20,16,TRUE,1,NA,NA,0,0,0,NA,0,0,0,0,0,0,NA,NA,NA,NA,NA,NA,NA,NA,0,0,0,0,NA,NA,NA,NA,NA
"Gerald Schüler","96fc1532-3955-11ef-bddd-292be3190b7b",NA,NA,1973,"11/11/1973","5cd9a53d-3960-11ef-a9cd-7b2e16e5ffcd","away","GWD Minden","TuSEM Essen",20,16,TRUE,0,NA,NA,0,0,0,NA,0,0,0,0,0,0,NA,NA,NA,NA,NA,NA,NA,NA,0,0,0,0,NA,NA,NA,NA,NA
"Martin Karcher","980f80ce-3955-11ef-8054-292be3190b7b",NA,NA,1973,"11/11/1973","5cd9a53d-3960-11ef-a9cd-7b2e16e5ffcd","away","GWD Minden","TuSEM Essen",20,16,TRUE,0,NA,NA,0,0,0,NA,0,0,0,0,0,0,NA,NA,NA,NA,NA,NA,NA,NA,0,0,0,0,NA,NA,NA,NA,NA
"Gerhard Buddenbohm","98e2ecac-3955-11ef-b2de-292be3190b7b",NA,NA,1973,"11/11/1973","5cd9a53d-3960-11ef-a9cd-7b2e16e5ffcd","away","GWD Minden","TuSEM Essen",20,16,TRUE,3,NA,NA,0,0,0,NA,0,0,0,0,0,0,NA,NA,NA,NA,NA,NA,NA,NA,0,0,0,0,NA,NA,NA,NA,NA
"Hans Kramer","98f50290-3955-11ef-8aa8-292be3190b7b",NA,NA,1973,"11/11/1973","5cd9a53d-3960-11ef-a9cd-7b2e16e5ffcd","away","GWD Minden","TuSEM Essen",20,16,TRUE,2,NA,NA,0,0,0,NA,0,0,0,0,0,0,NA,NA,NA,NA,NA,NA,NA,NA,0,0,0,0,NA,NA,NA,NA,NA
"Wilfried Meyer","a34b2aa0-3955-11ef-a79c-2510cc07ea6e",NA,NA,1973,"11/11/1973","5cd9a53d-3960-11ef-a9cd-7b2e16e5ffcd","away","GWD Minden","TuSEM Essen",20,16,TRUE,0,NA,NA,0,0,0,NA,0,0,0,0,0,0,NA,NA,NA,NA,NA,NA,NA,NA,0,0,0,0,NA,NA,NA,NA,NA
"Jobst-Erich Rehse","b00be251-3955-11ef-ac35-a36230ada079",NA,NA,1973,"11/11/1973","5cd9a53d-3960-11ef-a9cd-7b2e16e5ffcd","away","GWD Minden","TuSEM Essen",20,16,TRUE,1,NA,NA,0,0,0,NA,0,0,0,0,0,0,NA,NA,NA,NA,NA,NA,NA,NA,0,0,0,0,NA,NA,NA,NA,NA
"Bernd Munck","ba5ee5e3-3955-11ef-9f80-ab397f561917",NA,NA,1973,"11/11/1973","5cd9a53d-3960-11ef-a9cd-7b2e16e5ffcd","away","GWD Minden","TuSEM Essen",20,16,TRUE,2,NA,NA,0,0,1,NA,0,0,0,0,0,0,NA,NA,NA,NA,NA,NA,NA,NA,0,0,0,0,NA,NA,NA,NA,NA
"Wilfried Drögemeier","ba63ada7-3955-11ef-a04d-ab397f561917",NA,NA,1973,"11/11/1973","5cd9a53d-3960-11ef-a9cd-7b2e16e5ffcd","away","GWD Minden","TuSEM Essen",20,16,TRUE,2,NA,NA,0,0,0,NA,0,0,0,0,0,0,NA,NA,NA,NA,NA,NA,NA,NA,0,0,0,0,NA,NA,NA,NA,NA
"Otto Weng","bcfbec1c-3955-11ef-b4f4-ab397f561917",NA,NA,1973,"11/11/1973","5cd9a53d-3960-11ef-a9cd-7b2e16e5ffcd","away","GWD Minden","TuSEM Essen",20,16,TRUE,9,NA,NA,0,0,4,NA,0,0,0,0,0,0,NA,NA,NA,NA,NA,NA,NA,NA,0,0,0,0,NA,NA,NA,NA,NA
"Reinhard Wittler","a35063de-3955-11ef-9881-2510cc07ea6e",NA,NA,1973,"11/11/1973","66a88d1f-3960-11ef-9533-2906cc9fb6bc","home","Polizei SV Hannover","VfL Lübeck-Schwartau",12,18,FALSE,0,NA,NA,0,0,0,NA,0,0,0,0,0,0,NA,NA,NA,NA,NA,NA,NA,NA,0,0,0,0,NA,NA,NA,NA,NA
"Edmund Franke","a36ab088-3955-11ef-8296-2510cc07ea6e",NA,NA,1973,"11/11/1973","66a88d1f-3960-11ef-9533-2906cc9fb6bc","home","Polizei SV Hannover","VfL Lübeck-Schwartau",12,18,FALSE,2,NA,NA,0,0,0,NA,0,0,0,0,0,0,NA,NA,NA,NA,NA,NA,NA,NA,0,0,0,0,NA,NA,NA,NA,NA
"Wolfgang Franke","a36fd3c4-3955-11ef-bc80-2510cc07ea6e",NA,NA,1973,"11/11/1973","66a88d1f-3960-11ef-9533-2906cc9fb6bc","home","Polizei SV Hannover","VfL Lübeck-Schwartau",12,18,FALSE,0,NA,NA,0,0,0,NA,0,0,0,0,0,0,NA,NA,NA,NA,NA,NA,NA,NA,0,0,0,0,NA,NA,NA,NA,NA
"Jürgen Kloth","a37512a6-3955-11ef-9d81-2510cc07ea6e",NA,NA,1973,"11/11/1973","66a88d1f-3960-11ef-9533-2906cc9fb6bc","home","Polizei SV Hannover","VfL Lübeck-Schwartau",12,18,FALSE,1,NA,NA,0,0,0,NA,0,0,0,0,0,0,NA,NA,NA,NA,NA,NA,NA,NA,0,0,0,0,NA,NA,NA,NA,NA
"Gerd Haase","bb322e8e-3955-11ef-8a6a-ab397f561917",NA,NA,1973,"11/11/1973","66a88d1f-3960-11ef-9533-2906cc9fb6bc","home","Polizei SV Hannover","VfL Lübeck-Schwartau",12,18,FALSE,5,NA,NA,0,0,2,NA,0,0,0,0,0,0,NA,NA,NA,NA,NA,NA,NA,NA,0,0,0,0,NA,NA,NA,NA,NA
"Hans-Jürgen Deutsch","bb3e76d6-3955-11ef-a5a8-ab397f561917",NA,NA,1973,"11/11/1973","66a88d1f-3960-11ef-9533-2906cc9fb6bc","home","Polizei SV Hannover","VfL Lübeck-Schwartau",12,18,FALSE,1,NA,NA,0,0,0,NA,0,0,0,0,0,0,NA,NA,NA,NA,NA,NA,NA,NA,0,0,0,0,NA,NA,NA,NA,NA
"Dieter Hartung","bb482ed5-3955-11ef-bef1-ab397f561917",NA,NA,1973,"11/11/1973","66a88d1f-3960-11ef-9533-2906cc9fb6bc","home","Polizei SV Hannover","VfL Lübeck-Schwartau",12,18,FALSE,1,NA,NA,0,0,0,NA,0,0,0,0,0,0,NA,NA,NA,NA,NA,NA,NA,NA,0,0,0,0,NA,NA,NA,NA,NA
"Jürgen Fey","bb504d63-3955-11ef-8740-ab397f561917",NA,NA,1973,"11/11/1973","66a88d1f-3960-11ef-9533-2906cc9fb6bc","home","Polizei SV Hannover","VfL Lübeck-Schwartau",12,18,FALSE,1,NA,NA,0,0,0,NA,0,0,0,0,0,0,NA,NA,NA,NA,NA,NA,NA,NA,0,0,0,0,NA,NA,NA,NA,NA
"Wolfgang Künkler","bb635a87-3955-11ef-83b0-ab397f561917",NA,NA,1973,"11/11/1973","66a88d1f-3960-11ef-9533-2906cc9fb6bc","home","Polizei SV Hannover","VfL Lübeck-Schwartau",12,18,FALSE,1,NA,NA,0,0,1,NA,0,0,0,0,0,0,NA,NA,NA,NA,NA,NA,NA,NA,0,0,0,0,NA,NA,NA,NA,NA
"Eckhard Jordan","bd9e706c-3955-11ef-ae61-ab397f561917",NA,NA,1973,"11/11/1973","66a88d1f-3960-11ef-9533-2906cc9fb6bc","home","Polizei SV Hannover","VfL Lübeck-Schwartau",12,18,FALSE,0,NA,NA,0,0,0,NA,0,0,0,0,0,0,NA,NA,NA,NA,NA,NA,NA,NA,0,0,0,0,NA,NA,NA,NA,NA
"Siegfried Hacke","bda8ac11-3955-11ef-8226-ab397f561917",NA,NA,1973,"11/11/1973","66a88d1f-3960-11ef-9533-2906cc9fb6bc","home","Polizei SV Hannover","VfL Lübeck-Schwartau",12,18,FALSE,0,NA,NA,0,0,0,NA,0,0,0,0,0,0,NA,NA,NA,NA,NA,NA,NA,NA,0,0,0,0,NA,NA,NA,NA,NA
"Klaus Stepper","bdad2915-3955-11ef-bde1-ab397f561917",NA,NA,1973,"11/11/1973","66a88d1f-3960-11ef-9533-2906cc9fb6bc","home","Polizei SV Hannover","VfL Lübeck-Schwartau",12,18,FALSE,0,NA,NA,0,0,0,NA,0,0,0,0,0,0,NA,NA,NA,NA,NA,NA,NA,NA,0,0,0,0,NA,NA,NA,NA,NA
"Harald Lüth","a552c518-3955-11ef-8a68-2510cc07ea6e",NA,NA,1973,"11/11/1973","66a88d1f-3960-11ef-9533-2906cc9fb6bc","away","VfL Lübeck-Schwartau","Polizei SV Hannover",18,12,TRUE,3,NA,NA,0,0,0,NA,0,0,0,0,0,0,NA,NA,NA,NA,NA,NA,NA,NA,0,0,0,0,NA,NA,NA,NA,NA
"Michael Dogs","b0cecb4a-3955-11ef-b665-a36230ada079",NA,NA,1973,"11/11/1973","66a88d1f-3960-11ef-9533-2906cc9fb6bc","away","VfL Lübeck-Schwartau","Polizei SV Hannover",18,12,TRUE,0,NA,NA,0,0,0,NA,0,0,0,0,0,0,NA,NA,NA,NA,NA,NA,NA,NA,0,0,0,0,NA,NA,NA,NA,NA
"Ulrich Kleinstoll","b0f37438-3955-11ef-84e6-a36230ada079",NA,NA,1973,"11/11/1973","66a88d1f-3960-11ef-9533-2906cc9fb6bc","away","VfL Lübeck-Schwartau","Polizei SV Hannover",18,12,TRUE,0,NA,NA,0,0,0,NA,0,0,0,0,0,0,NA,NA,NA,NA,NA,NA,NA,NA,0,0,0,0,NA,NA,NA,NA,NA
"Thomas Kluth","b0f877c0-3955-11ef-a314-a36230ada079",NA,NA,1973,"11/11/1973","66a88d1f-3960-11ef-9533-2906cc9fb6bc","away","VfL Lübeck-Schwartau","Polizei SV Hannover",18,12,TRUE,0,NA,NA,0,0,0,NA,0,0,0,0,0,0,NA,NA,NA,NA,NA,NA,NA,NA,0,0,0,0,NA,NA,NA,NA,NA
"Hans-Martin Müller-Wolf","b1020054-3955-11ef-8e79-a36230ada079",NA,NA,1973,"11/11/1973","66a88d1f-3960-11ef-9533-2906cc9fb6bc","away","VfL Lübeck-Schwartau","Polizei SV Hannover",18,12,TRUE,0,NA,NA,0,0,0,NA,0,0,0,0,0,0,NA,NA,NA,NA,NA,NA,NA,NA,0,0,0,0,NA,NA,NA,NA,NA
"Wolfgang Braun","b1a4c388-3955-11ef-92b7-a36230ada079",NA,NA,1973,"11/11/1973","66a88d1f-3960-11ef-9533-2906cc9fb6bc","away","VfL Lübeck-Schwartau","Polizei SV Hannover",18,12,TRUE,3,NA,NA,0,0,0,NA,0,0,0,0,0,0,NA,NA,NA,NA,NA,NA,NA,NA,0,0,0,0,NA,NA,NA,NA,NA
"Bernd Heiden","baf62966-3955-11ef-b7e1-ab397f561917",NA,NA,1973,"11/11/1973","66a88d1f-3960-11ef-9533-2906cc9fb6bc","away","VfL Lübeck-Schwartau","Polizei SV Hannover",18,12,TRUE,6,NA,NA,0,0,0,NA,0,0,0,0,0,0,NA,NA,NA,NA,NA,NA,NA,NA,0,0,0,0,NA,NA,NA,NA,NA
"Klaus Lange","bafb51f3-3955-11ef-9864-ab397f561917",NA,NA,1973,"11/11/1973","66a88d1f-3960-11ef-9533-2906cc9fb6bc","away","VfL Lübeck-Schwartau","Polizei SV Hannover",18,12,TRUE,6,NA,NA,0,0,2,NA,0,0,0,0,0,0,NA,NA,NA,NA,NA,NA,NA,NA,0,0,0,0,NA,NA,NA,NA,NA
"Georg Pohl","baff6cee-3955-11ef-a80f-ab397f561917",NA,NA,1973,"11/11/1973","66a88d1f-3960-11ef-9533-2906cc9fb6bc","away","VfL Lübeck-Schwartau","Polizei SV Hannover",18,12,TRUE,0,NA,NA,0,0,0,NA,0,0,0,0,0,0,NA,NA,NA,NA,NA,NA,NA,NA,0,0,0,0,NA,NA,NA,NA,NA
"Manfred Kuhnke","bb039049-3955-11ef-bdc6-ab397f561917",NA,NA,1973,"11/11/1973","66a88d1f-3960-11ef-9533-2906cc9fb6bc","away","VfL Lübeck-Schwartau","Polizei SV Hannover",18,12,TRUE,0,NA,NA,0,0,0,NA,0,0,0,0,0,0,NA,NA,NA,NA,NA,NA,NA,NA,0,0,0,0,NA,NA,NA,NA,NA
"Hans-Jörg Graeper","964d8ebc-3955-11ef-a25b-292be3190b7b",NA,NA,1973,"11/15/1973","65990e92-3960-11ef-906d-2906cc9fb6bc","home","TV Grambke Bremen","Polizei SV Hannover",17,13,TRUE,1,NA,NA,0,0,0,NA,0,0,0,0,0,0,NA,NA,NA,NA,NA,NA,NA,NA,0,0,0,0,NA,NA,NA,NA,NA
"Reiner Witte","983968fe-3955-11ef-96ef-292be3190b7b",NA,NA,1973,"11/15/1973","65990e92-3960-11ef-906d-2906cc9fb6bc","home","TV Grambke Bremen","Polizei SV Hannover",17,13,TRUE,0,NA,NA,0,0,0,NA,0,0,0,0,0,0,NA,NA,NA,NA,NA,NA,NA,NA,0,0,0,0,NA,NA,NA,NA,NA
"Rolf Harjes","9854972c-3955-11ef-b163-292be3190b7b",NA,NA,1973,"11/15/1973","65990e92-3960-11ef-906d-2906cc9fb6bc","home","TV Grambke Bremen","Polizei SV Hannover",17,13,TRUE,8,NA,NA,0,0,3,NA,0,0,0,0,0,0,NA,NA,NA,NA,NA,NA,NA,NA,0,0,0,0,NA,NA,NA,NA,NA
"Rolf Dierks","a5420b05-3955-11ef-a0f4-2510cc07ea6e",NA,NA,1973,"11/15/1973","65990e92-3960-11ef-906d-2906cc9fb6bc","home","TV Grambke Bremen","Polizei SV Hannover",17,13,TRUE,1,NA,NA,0,0,0,NA,0,0,0,0,0,0,NA,NA,NA,NA,NA,NA,NA,NA,0,0,0,0,NA,NA,NA,NA,NA
"Wilfried Lankenau","a547caa3-3955-11ef-8b17-2510cc07ea6e",NA,NA,1973,"11/15/1973","65990e92-3960-11ef-906d-2906cc9fb6bc","home","TV Grambke Bremen","Polizei SV Hannover",17,13,TRUE,4,NA,NA,0,0,0,NA,0,0,0,0,0,0,NA,NA,NA,NA,NA,NA,NA,NA,0,0,0,0,NA,NA,NA,NA,NA
"Willi Hohn","a54d65b4-3955-11ef-86a4-2510cc07ea6e",NA,NA,1973,"11/15/1973","65990e92-3960-11ef-906d-2906cc9fb6bc","home","TV Grambke Bremen","Polizei SV Hannover",17,13,TRUE,0,NA,NA,0,0,0,NA,0,0,0,0,0,0,NA,NA,NA,NA,NA,NA,NA,NA,0,0,0,0,NA,NA,NA,NA,NA
"Peter Wilde","a5638a05-3955-11ef-8647-2510cc07ea6e",NA,NA,1973,"11/15/1973","65990e92-3960-11ef-906d-2906cc9fb6bc","home","TV Grambke Bremen","Polizei SV Hannover",17,13,TRUE,1,NA,NA,0,0,0,NA,0,0,0,0,0,0,NA,NA,NA,NA,NA,NA,NA,NA,0,0,0,0,NA,NA,NA,NA,NA
"Klaus Hohn","baa006c5-3955-11ef-942e-ab397f561917",NA,NA,1973,"11/15/1973","65990e92-3960-11ef-906d-2906cc9fb6bc","home","TV Grambke Bremen","Polizei SV Hannover",17,13,TRUE,1,NA,NA,0,0,0,NA,0,0,0,0,0,0,NA,NA,NA,NA,NA,NA,NA,NA,0,0,0,0,NA,NA,NA,NA,NA
"Karl-Heinz Bierwirth","baa76751-3955-11ef-b78b-ab397f561917",NA,NA,1973,"11/15/1973","65990e92-3960-11ef-906d-2906cc9fb6bc","home","TV Grambke Bremen","Polizei SV Hannover",17,13,TRUE,0,NA,NA,0,0,0,NA,0,0,0,0,0,0,NA,NA,NA,NA,NA,NA,NA,NA,0,0,0,0,NA,NA,NA,NA,NA
"Günter Heermann","baabe2e5-3955-11ef-9d71-ab397f561917",NA,NA,1973,"11/15/1973","65990e92-3960-11ef-906d-2906cc9fb6bc","home","TV Grambke Bremen","Polizei SV Hannover",17,13,TRUE,1,NA,NA,0,0,0,NA,0,0,0,0,0,0,NA,NA,NA,NA,NA,NA,NA,NA,0,0,0,0,NA,NA,NA,NA,NA
"Günter Meßmer","babf1fc6-3955-11ef-975c-ab397f561917",NA,NA,1973,"11/15/1973","65990e92-3960-11ef-906d-2906cc9fb6bc","home","TV Grambke Bremen","Polizei SV Hannover",17,13,TRUE,0,NA,NA,0,0,0,NA,0,0,0,0,0,0,NA,NA,NA,NA,NA,NA,NA,NA,0,0,0,0,NA,NA,NA,NA,NA
"Reimer Hinrichs","baf246ff-3955-11ef-b172-ab397f561917",NA,NA,1973,"11/15/1973","65990e92-3960-11ef-906d-2906cc9fb6bc","home","TV Grambke Bremen","Polizei SV Hannover",17,13,TRUE,0,NA,NA,0,0,0,NA,0,0,0,0,0,0,NA,NA,NA,NA,NA,NA,NA,NA,0,0,0,0,NA,NA,NA,NA,NA
"Reinhard Wittler","a35063de-3955-11ef-9881-2510cc07ea6e",NA,NA,1973,"11/15/1973","65990e92-3960-11ef-906d-2906cc9fb6bc","away","Polizei SV Hannover","TV Grambke Bremen",13,17,FALSE,0,NA,NA,0,0,0,NA,0,0,0,0,0,0,NA,NA,NA,NA,NA,NA,NA,NA,0,0,0,0,NA,NA,NA,NA,NA
"Edmund Franke","a36ab088-3955-11ef-8296-2510cc07ea6e",NA,NA,1973,"11/15/1973","65990e92-3960-11ef-906d-2906cc9fb6bc","away","Polizei SV Hannover","TV Grambke Bremen",13,17,FALSE,2,NA,NA,0,0,0,NA,0,0,0,0,0,0,NA,NA,NA,NA,NA,NA,NA,NA,0,0,0,0,NA,NA,NA,NA,NA
"Wolfgang Franke","a36fd3c4-3955-11ef-bc80-2510cc07ea6e",NA,NA,1973,"11/15/1973","65990e92-3960-11ef-906d-2906cc9fb6bc","away","Polizei SV Hannover","TV Grambke Bremen",13,17,FALSE,1,NA,NA,0,0,0,NA,0,0,0,0,0,0,NA,NA,NA,NA,NA,NA,NA,NA,0,0,0,0,NA,NA,NA,NA,NA
"Jürgen Kloth","a37512a6-3955-11ef-9d81-2510cc07ea6e",NA,NA,1973,"11/15/1973","65990e92-3960-11ef-906d-2906cc9fb6bc","away","Polizei SV Hannover","TV Grambke Bremen",13,17,FALSE,4,NA,NA,0,0,3,NA,0,0,0,0,0,0,NA,NA,NA,NA,NA,NA,NA,NA,0,0,0,0,NA,NA,NA,NA,NA
"Gerd Haase","bb322e8e-3955-11ef-8a6a-ab397f561917",NA,NA,1973,"11/15/1973","65990e92-3960-11ef-906d-2906cc9fb6bc","away","Polizei SV Hannover","TV Grambke Bremen",13,17,FALSE,2,NA,NA,0,0,0,NA,0,0,0,0,0,0,NA,NA,NA,NA,NA,NA,NA,NA,0,0,0,0,NA,NA,NA,NA,NA
"Hans-Jürgen Deutsch","bb3e76d6-3955-11ef-a5a8-ab397f561917",NA,NA,1973,"11/15/1973","65990e92-3960-11ef-906d-2906cc9fb6bc","away","Polizei SV Hannover","TV Grambke Bremen",13,17,FALSE,1,NA,NA,0,0,0,NA,0,0,0,0,0,0,NA,NA,NA,NA,NA,NA,NA,NA,0,0,0,0,NA,NA,NA,NA,NA
"Dieter Hartung","bb482ed5-3955-11ef-bef1-ab397f561917",NA,NA,1973,"11/15/1973","65990e92-3960-11ef-906d-2906cc9fb6bc","away","Polizei SV Hannover","TV Grambke Bremen",13,17,FALSE,0,NA,NA,0,0,0,NA,0,0,0,0,0,0,NA,NA,NA,NA,NA,NA,NA,NA,0,0,0,0,NA,NA,NA,NA,NA
"Jürgen Fey","bb504d63-3955-11ef-8740-ab397f561917",NA,NA,1973,"11/15/1973","65990e92-3960-11ef-906d-2906cc9fb6bc","away","Polizei SV Hannover","TV Grambke Bremen",13,17,FALSE,0,NA,NA,0,0,0,NA,0,0,0,0,0,0,NA,NA,NA,NA,NA,NA,NA,NA,0,0,0,0,NA,NA,NA,NA,NA
"Wolfgang Künkler","bb635a87-3955-11ef-83b0-ab397f561917",NA,NA,1973,"11/15/1973","65990e92-3960-11ef-906d-2906cc9fb6bc","away","Polizei SV Hannover","TV Grambke Bremen",13,17,FALSE,2,NA,NA,0,0,2,NA,0,0,0,0,0,0,NA,NA,NA,NA,NA,NA,NA,NA,0,0,0,0,NA,NA,NA,NA,NA
"Eckhard Jordan","bd9e706c-3955-11ef-ae61-ab397f561917",NA,NA,1973,"11/15/1973","65990e92-3960-11ef-906d-2906cc9fb6bc","away","Polizei SV Hannover","TV Grambke Bremen",13,17,FALSE,0,NA,NA,0,0,0,NA,0,0,0,0,0,0,NA,NA,NA,NA,NA,NA,NA,NA,0,0,0,0,NA,NA,NA,NA,NA
"Siegfried Hacke","bda8ac11-3955-11ef-8226-ab397f561917",NA,NA,1973,"11/15/1973","65990e92-3960-11ef-906d-2906cc9fb6bc","away","Polizei SV Hannover","TV Grambke Bremen",13,17,FALSE,0,NA,NA,0,0,0,NA,0,0,0,0,0,0,NA,NA,NA,NA,NA,NA,NA,NA,0,0,0,0,NA,NA,NA,NA,NA
"Klaus Stepper","bdad2915-3955-11ef-bde1-ab397f561917",NA,NA,1973,"11/15/1973","65990e92-3960-11ef-906d-2906cc9fb6bc","away","Polizei SV Hannover","TV Grambke Bremen",13,17,FALSE,1,NA,NA,0,0,0,NA,0,0,0,0,0,0,NA,NA,NA,NA,NA,NA,NA,NA,0,0,0,0,NA,NA,NA,NA,NA
"Heiner Brand","44e82d45-3955-11ef-bc71-4fa817cd91bb",NA,NA,1973,"11/16/1973","5bb47e77-3960-11ef-9e0c-7b2e16e5ffcd","home","VfL Gummersbach","TuSEM Essen",24,19,TRUE,0,NA,NA,0,0,0,NA,0,0,0,0,0,0,NA,NA,NA,NA,NA,NA,NA,NA,0,0,0,0,NA,NA,NA,NA,NA
"Valentin Markser","7f461519-3955-11ef-a1f6-b908c60af10a",NA,NA,1973,"11/16/1973","5bb47e77-3960-11ef-9e0c-7b2e16e5ffcd","home","VfL Gummersbach","TuSEM Essen",24,19,TRUE,0,NA,NA,0,0,0,NA,0,0,0,0,0,0,NA,NA,NA,NA,NA,NA,NA,NA,0,0,0,0,NA,NA,NA,NA,NA
"Klaus Westebbe","8c58f63a-3955-11ef-b65e-81dc40648355",NA,NA,1973,"11/16/1973","5bb47e77-3960-11ef-9e0c-7b2e16e5ffcd","home","VfL Gummersbach","TuSEM Essen",24,19,TRUE,5,NA,NA,0,0,1,NA,0,0,0,0,0,0,NA,NA,NA,NA,NA,NA,NA,NA,0,0,0,0,NA,NA,NA,NA,NA
"Klaus Kater","8da1f6ef-3955-11ef-b31a-81dc40648355",NA,NA,1973,"11/16/1973","5bb47e77-3960-11ef-9e0c-7b2e16e5ffcd","home","VfL Gummersbach","TuSEM Essen",24,19,TRUE,0,NA,NA,0,0,0,NA,0,0,0,0,0,0,NA,NA,NA,NA,NA,NA,NA,NA,0,0,0,0,NA,NA,NA,NA,NA
"Klaus Schlagheck","97a06613-3955-11ef-8056-292be3190b7b",NA,NA,1973,"11/16/1973","5bb47e77-3960-11ef-9e0c-7b2e16e5ffcd","home","VfL Gummersbach","TuSEM Essen",24,19,TRUE,3,NA,NA,0,0,0,NA,0,0,0,0,0,0,NA,NA,NA,NA,NA,NA,NA,NA,0,0,0,0,NA,NA,NA,NA,NA
"Joachim Deckarm","9976945f-3955-11ef-afc4-292be3190b7b",NA,NA,1973,"11/16/1973","5bb47e77-3960-11ef-9e0c-7b2e16e5ffcd","home","VfL Gummersbach","TuSEM Essen",24,19,TRUE,4,NA,NA,0,0,0,NA,0,0,0,0,0,0,NA,NA,NA,NA,NA,NA,NA,NA,0,0,0,0,NA,NA,NA,NA,NA
"Achim Henseler","a182e874-3955-11ef-95ce-2510cc07ea6e",NA,NA,1973,"11/16/1973","5bb47e77-3960-11ef-9e0c-7b2e16e5ffcd","home","VfL Gummersbach","TuSEM Essen",24,19,TRUE,3,NA,NA,0,0,0,NA,0,0,0,0,0,0,NA,NA,NA,NA,NA,NA,NA,NA,0,0,0,0,NA,NA,NA,NA,NA
"Jochen Feldhoff","a32751a5-3955-11ef-badf-2510cc07ea6e",NA,NA,1973,"11/16/1973","5bb47e77-3960-11ef-9e0c-7b2e16e5ffcd","home","VfL Gummersbach","TuSEM Essen",24,19,TRUE,4,NA,NA,0,0,0,NA,0,0,0,0,0,0,NA,NA,NA,NA,NA,NA,NA,NA,0,0,0,0,NA,NA,NA,NA,NA
"Werner Lettgen","ae263c3c-3955-11ef-96f7-a36230ada079",NA,NA,1973,"11/16/1973","5bb47e77-3960-11ef-9e0c-7b2e16e5ffcd","home","VfL Gummersbach","TuSEM Essen",24,19,TRUE,1,NA,NA,0,0,0,NA,0,0,0,0,0,0,NA,NA,NA,NA,NA,NA,NA,NA,0,0,0,0,NA,NA,NA,NA,NA
"Hans-Günther Schmidt","aff5702f-3955-11ef-9878-a36230ada079",NA,NA,1973,"11/16/1973","5bb47e77-3960-11ef-9e0c-7b2e16e5ffcd","home","VfL Gummersbach","TuSEM Essen",24,19,TRUE,3,NA,NA,0,0,0,NA,0,0,0,0,0,0,NA,NA,NA,NA,NA,NA,NA,NA,0,0,0,0,NA,NA,NA,NA,NA
"René Ereygien","ba4eca47-3955-11ef-94ec-ab397f561917",NA,NA,1973,"11/16/1973","5bb47e77-3960-11ef-9e0c-7b2e16e5ffcd","home","VfL Gummersbach","TuSEM Essen",24,19,TRUE,0,NA,NA,0,0,0,NA,0,0,0,0,0,0,NA,NA,NA,NA,NA,NA,NA,NA,0,0,0,0,NA,NA,NA,NA,NA
"Helmut Kosmehl","bc7d7cdd-3955-11ef-a338-ab397f561917",NA,NA,1973,"11/16/1973","5bb47e77-3960-11ef-9e0c-7b2e16e5ffcd","home","VfL Gummersbach","TuSEM Essen",24,19,TRUE,1,NA,NA,0,0,0,NA,0,0,0,0,0,0,NA,NA,NA,NA,NA,NA,NA,NA,0,0,0,0,NA,NA,NA,NA,NA
"Gerhard Wrobel","ae4fc714-3955-11ef-a106-a36230ada079",NA,NA,1973,"11/16/1973","5bb47e77-3960-11ef-9e0c-7b2e16e5ffcd","away","TuSEM Essen","VfL Gummersbach",19,24,FALSE,3,NA,NA,0,0,0,NA,0,0,0,0,0,0,NA,NA,NA,NA,NA,NA,NA,NA,0,0,0,0,NA,NA,NA,NA,NA
"Anderko Govorko","bb91b676-3955-11ef-8109-ab397f561917",NA,NA,1973,"11/16/1973","5bb47e77-3960-11ef-9e0c-7b2e16e5ffcd","away","TuSEM Essen","VfL Gummersbach",19,24,FALSE,3,NA,NA,0,0,0,NA,0,0,0,0,0,0,NA,NA,NA,NA,NA,NA,NA,NA,0,0,0,0,NA,NA,NA,NA,NA
"Herbert Buschmann","bd5ac595-3955-11ef-97f0-ab397f561917",NA,NA,1973,"11/16/1973","5bb47e77-3960-11ef-9e0c-7b2e16e5ffcd","away","TuSEM Essen","VfL Gummersbach",19,24,FALSE,0,NA,NA,0,0,0,NA,0,0,0,0,0,0,NA,NA,NA,NA,NA,NA,NA,NA,0,0,0,0,NA,NA,NA,NA,NA
"Klaus Schäfer","bd6f7a4d-3955-11ef-9f92-ab397f561917",NA,NA,1973,"11/16/1973","5bb47e77-3960-11ef-9e0c-7b2e16e5ffcd","away","TuSEM Essen","VfL Gummersbach",19,24,FALSE,2,NA,NA,0,0,0,NA,0,0,0,0,0,0,NA,NA,NA,NA,NA,NA,NA,NA,0,0,0,0,NA,NA,NA,NA,NA
"Gerhard Schmidt","bd78314d-3955-11ef-8668-ab397f561917",NA,NA,1973,"11/16/1973","5bb47e77-3960-11ef-9e0c-7b2e16e5ffcd","away","TuSEM Essen","VfL Gummersbach",19,24,FALSE,0,NA,NA,0,0,0,NA,0,0,0,0,0,0,NA,NA,NA,NA,NA,NA,NA,NA,0,0,0,0,NA,NA,NA,NA,NA
"Manfred Benning","bd7cb1bd-3955-11ef-883f-ab397f561917",NA,NA,1973,"11/16/1973","5bb47e77-3960-11ef-9e0c-7b2e16e5ffcd","away","TuSEM Essen","VfL Gummersbach",19,24,FALSE,2,NA,NA,0,0,0,NA,0,0,0,0,0,0,NA,NA,NA,NA,NA,NA,NA,NA,0,0,0,0,NA,NA,NA,NA,NA
"Alojz Snedić","bd80daac-3955-11ef-a8ab-ab397f561917",NA,NA,1973,"11/16/1973","5bb47e77-3960-11ef-9e0c-7b2e16e5ffcd","away","TuSEM Essen","VfL Gummersbach",19,24,FALSE,0,NA,NA,0,0,0,NA,0,0,0,0,0,0,NA,NA,NA,NA,NA,NA,NA,NA,0,0,0,0,NA,NA,NA,NA,NA
"Peter Fischer","bd861af2-3955-11ef-a655-ab397f561917",NA,NA,1973,"11/16/1973","5bb47e77-3960-11ef-9e0c-7b2e16e5ffcd","away","TuSEM Essen","VfL Gummersbach",19,24,FALSE,1,NA,NA,0,0,0,NA,0,0,0,0,0,0,NA,NA,NA,NA,NA,NA,NA,NA,0,0,0,0,NA,NA,NA,NA,NA
"Wolfgang Schütte","bd8b9463-3955-11ef-84e4-ab397f561917",NA,NA,1973,"11/16/1973","5bb47e77-3960-11ef-9e0c-7b2e16e5ffcd","away","TuSEM Essen","VfL Gummersbach",19,24,FALSE,4,NA,NA,0,0,0,NA,0,0,0,0,0,0,NA,NA,NA,NA,NA,NA,NA,NA,0,0,0,0,NA,NA,NA,NA,NA
"Peter Meuter","bd905293-3955-11ef-a264-ab397f561917",NA,NA,1973,"11/16/1973","5bb47e77-3960-11ef-9e0c-7b2e16e5ffcd","away","TuSEM Essen","VfL Gummersbach",19,24,FALSE,4,NA,NA,0,0,3,NA,0,0,0,0,0,0,NA,NA,NA,NA,NA,NA,NA,NA,0,0,0,0,NA,NA,NA,NA,NA
"Jürgen Pook","8c289b4b-3955-11ef-889f-81dc40648355",NA,NA,1973,"11/16/1973","5cecdf6d-3960-11ef-999d-7b2e16e5ffcd","home","GWD Minden","Füchse Berlin",23,10,TRUE,1,NA,NA,0,0,0,NA,0,0,0,0,0,0,NA,NA,NA,NA,NA,NA,NA,NA,0,0,0,0,NA,NA,NA,NA,NA
"Gerd Becker","96f1e245-3955-11ef-80bc-292be3190b7b",NA,NA,1973,"11/16/1973","5cecdf6d-3960-11ef-999d-7b2e16e5ffcd","home","GWD Minden","Füchse Berlin",23,10,TRUE,0,NA,NA,0,0,0,NA,0,0,0,0,0,0,NA,NA,NA,NA,NA,NA,NA,NA,0,0,0,0,NA,NA,NA,NA,NA
"Gerald Schüler","96fc1532-3955-11ef-bddd-292be3190b7b",NA,NA,1973,"11/16/1973","5cecdf6d-3960-11ef-999d-7b2e16e5ffcd","home","GWD Minden","Füchse Berlin",23,10,TRUE,2,NA,NA,0,0,0,NA,0,0,0,0,0,0,NA,NA,NA,NA,NA,NA,NA,NA,0,0,0,0,NA,NA,NA,NA,NA
"Gerhard Buddenbohm","98e2ecac-3955-11ef-b2de-292be3190b7b",NA,NA,1973,"11/16/1973","5cecdf6d-3960-11ef-999d-7b2e16e5ffcd","home","GWD Minden","Füchse Berlin",23,10,TRUE,3,NA,NA,0,0,0,NA,0,0,0,0,0,0,NA,NA,NA,NA,NA,NA,NA,NA,0,0,0,0,NA,NA,NA,NA,NA
"Hans Kramer","98f50290-3955-11ef-8aa8-292be3190b7b",NA,NA,1973,"11/16/1973","5cecdf6d-3960-11ef-999d-7b2e16e5ffcd","home","GWD Minden","Füchse Berlin",23,10,TRUE,5,NA,NA,0,0,0,NA,0,0,0,0,0,0,NA,NA,NA,NA,NA,NA,NA,NA,0,0,0,0,NA,NA,NA,NA,NA
"Wilfried Meyer","a34b2aa0-3955-11ef-a79c-2510cc07ea6e",NA,NA,1973,"11/16/1973","5cecdf6d-3960-11ef-999d-7b2e16e5ffcd","home","GWD Minden","Füchse Berlin",23,10,TRUE,0,NA,NA,0,0,0,NA,0,0,0,0,0,0,NA,NA,NA,NA,NA,NA,NA,NA,0,0,0,0,NA,NA,NA,NA,NA
"Jobst-Erich Rehse","b00be251-3955-11ef-ac35-a36230ada079",NA,NA,1973,"11/16/1973","5cecdf6d-3960-11ef-999d-7b2e16e5ffcd","home","GWD Minden","Füchse Berlin",23,10,TRUE,4,NA,NA,0,0,0,NA,0,0,0,0,0,0,NA,NA,NA,NA,NA,NA,NA,NA,0,0,0,0,NA,NA,NA,NA,NA
"Bernd Munck","ba5ee5e3-3955-11ef-9f80-ab397f561917",NA,NA,1973,"11/16/1973","5cecdf6d-3960-11ef-999d-7b2e16e5ffcd","home","GWD Minden","Füchse Berlin",23,10,TRUE,2,NA,NA,0,0,0,NA,0,0,0,0,0,0,NA,NA,NA,NA,NA,NA,NA,NA,0,0,0,0,NA,NA,NA,NA,NA
"Wilfried Drögemeier","ba63ada7-3955-11ef-a04d-ab397f561917",NA,NA,1973,"11/16/1973","5cecdf6d-3960-11ef-999d-7b2e16e5ffcd","home","GWD Minden","Füchse Berlin",23,10,TRUE,0,NA,NA,0,0,0,NA,0,0,0,0,0,0,NA,NA,NA,NA,NA,NA,NA,NA,0,0,0,0,NA,NA,NA,NA,NA
"Otto Weng","bcfbec1c-3955-11ef-b4f4-ab397f561917",NA,NA,1973,"11/16/1973","5cecdf6d-3960-11ef-999d-7b2e16e5ffcd","home","GWD Minden","Füchse Berlin",23,10,TRUE,6,NA,NA,0,0,1,NA,0,0,0,0,0,0,NA,NA,NA,NA,NA,NA,NA,NA,0,0,0,0,NA,NA,NA,NA,NA
"Horst Rampp","8c760463-3955-11ef-b11d-81dc40648355",NA,NA,1973,"11/16/1973","5cecdf6d-3960-11ef-999d-7b2e16e5ffcd","away","Füchse Berlin","GWD Minden",10,23,FALSE,0,NA,NA,0,0,0,NA,0,0,0,0,0,0,NA,NA,NA,NA,NA,NA,NA,NA,0,0,0,0,NA,NA,NA,NA,NA
"Hartmut Alsen","a5dc4676-3955-11ef-ac19-2510cc07ea6e",NA,NA,1973,"11/16/1973","5cecdf6d-3960-11ef-999d-7b2e16e5ffcd","away","Füchse Berlin","GWD Minden",10,23,FALSE,0,NA,NA,0,0,0,NA,0,0,0,0,0,0,NA,NA,NA,NA,NA,NA,NA,NA,0,0,0,0,NA,NA,NA,NA,NA
"Diethard Finkelmann","a60bdcf9-3955-11ef-bfa1-2510cc07ea6e",NA,NA,1973,"11/16/1973","5cecdf6d-3960-11ef-999d-7b2e16e5ffcd","away","Füchse Berlin","GWD Minden",10,23,FALSE,4,NA,NA,0,0,0,NA,0,0,0,0,0,0,NA,NA,NA,NA,NA,NA,NA,NA,0,0,0,0,NA,NA,NA,NA,NA
"Jochen Oermann","b193e84b-3955-11ef-bdbf-a36230ada079",NA,NA,1973,"11/16/1973","5cecdf6d-3960-11ef-999d-7b2e16e5ffcd","away","Füchse Berlin","GWD Minden",10,23,FALSE,0,NA,NA,0,0,0,NA,0,0,0,0,0,0,NA,NA,NA,NA,NA,NA,NA,NA,0,0,0,0,NA,NA,NA,NA,NA
"Detlef Finkelmann","b1a8f927-3955-11ef-a009-a36230ada079",NA,NA,1973,"11/16/1973","5cecdf6d-3960-11ef-999d-7b2e16e5ffcd","away","Füchse Berlin","GWD Minden",10,23,FALSE,0,NA,NA,0,0,0,NA,0,0,0,0,0,0,NA,NA,NA,NA,NA,NA,NA,NA,0,0,0,0,NA,NA,NA,NA,NA
"Bernd Goerigk","b1b21b0c-3955-11ef-a303-a36230ada079",NA,NA,1973,"11/16/1973","5cecdf6d-3960-11ef-999d-7b2e16e5ffcd","away","Füchse Berlin","GWD Minden",10,23,FALSE,0,NA,NA,0,0,0,NA,0,0,0,0,0,0,NA,NA,NA,NA,NA,NA,NA,NA,0,0,0,0,NA,NA,NA,NA,NA
"Lutz Loewke","b1b73b08-3955-11ef-b76a-a36230ada079",NA,NA,1973,"11/16/1973","5cecdf6d-3960-11ef-999d-7b2e16e5ffcd","away","Füchse Berlin","GWD Minden",10,23,FALSE,3,NA,NA,0,0,0,NA,0,0,0,0,0,0,NA,NA,NA,NA,NA,NA,NA,NA,0,0,0,0,NA,NA,NA,NA,NA
"Sigmar Artelt","bdbc9392-3955-11ef-a3be-ab397f561917",NA,NA,1973,"11/16/1973","5cecdf6d-3960-11ef-999d-7b2e16e5ffcd","away","Füchse Berlin","GWD Minden",10,23,FALSE,2,NA,NA,0,0,0,NA,0,0,0,0,0,0,NA,NA,NA,NA,NA,NA,NA,NA,0,0,0,0,NA,NA,NA,NA,NA
"Detlef Fischer","bdc0cf9c-3955-11ef-a866-ab397f561917",NA,NA,1973,"11/16/1973","5cecdf6d-3960-11ef-999d-7b2e16e5ffcd","away","Füchse Berlin","GWD Minden",10,23,FALSE,0,NA,NA,0,0,0,NA,0,0,0,0,0,0,NA,NA,NA,NA,NA,NA,NA,NA,0,0,0,0,NA,NA,NA,NA,NA
"Henry Johannes","bdc98fce-3955-11ef-9f6e-ab397f561917",NA,NA,1973,"11/16/1973","5cecdf6d-3960-11ef-999d-7b2e16e5ffcd","away","Füchse Berlin","GWD Minden",10,23,FALSE,1,NA,NA,0,0,0,NA,0,0,0,0,0,0,NA,NA,NA,NA,NA,NA,NA,NA,0,0,0,0,NA,NA,NA,NA,NA
"Horst Waisznor","bdce772f-3955-11ef-a781-ab397f561917",NA,NA,1973,"11/16/1973","5cecdf6d-3960-11ef-999d-7b2e16e5ffcd","away","Füchse Berlin","GWD Minden",10,23,FALSE,0,NA,NA,0,0,0,NA,0,0,0,0,0,0,NA,NA,NA,NA,NA,NA,NA,NA,0,0,0,0,NA,NA,NA,NA,NA
"Lothar Wiehle","bdd3883f-3955-11ef-aaf9-ab397f561917",NA,NA,1973,"11/16/1973","5cecdf6d-3960-11ef-999d-7b2e16e5ffcd","away","Füchse Berlin","GWD Minden",10,23,FALSE,0,NA,NA,0,0,0,NA,0,0,0,0,0,0,NA,NA,NA,NA,NA,NA,NA,NA,0,0,0,0,NA,NA,NA,NA,NA
"Armin Emrich","8cdd3680-3955-11ef-a93e-81dc40648355",NA,NA,1973,"11/16/1973","68c2d48c-3960-11ef-b5fe-2906cc9fb6bc","home","FRISCH AUF! Göppingen","S3L Handball",20,14,TRUE,2,NA,NA,0,0,0,NA,0,0,0,0,0,0,NA,NA,NA,NA,NA,NA,NA,NA,0,0,0,0,NA,NA,NA,NA,NA
"Peter Bucher","8e0071c9-3955-11ef-8ff8-81dc40648355",NA,NA,1973,"11/16/1973","68c2d48c-3960-11ef-b5fe-2906cc9fb6bc","home","FRISCH AUF! Göppingen","S3L Handball",20,14,TRUE,2,NA,NA,0,0,0,NA,0,0,0,0,0,0,NA,NA,NA,NA,NA,NA,NA,NA,0,0,0,0,NA,NA,NA,NA,NA
"Hans-Eberhard Finkbeiner","a2f451eb-3955-11ef-99da-2510cc07ea6e",NA,NA,1973,"11/16/1973","68c2d48c-3960-11ef-b5fe-2906cc9fb6bc","home","FRISCH AUF! Göppingen","S3L Handball",20,14,TRUE,0,NA,NA,0,0,0,NA,0,0,0,0,0,0,NA,NA,NA,NA,NA,NA,NA,NA,0,0,0,0,NA,NA,NA,NA,NA
"Wolfgang Don","a2ff75a5-3955-11ef-a510-2510cc07ea6e",NA,NA,1973,"11/16/1973","68c2d48c-3960-11ef-b5fe-2906cc9fb6bc","home","FRISCH AUF! Göppingen","S3L Handball",20,14,TRUE,0,NA,NA,0,0,0,NA,0,0,0,0,0,0,NA,NA,NA,NA,NA,NA,NA,NA,0,0,0,0,NA,NA,NA,NA,NA
"Günter Frömming","aedbd140-3955-11ef-a39f-a36230ada079",NA,NA,1973,"11/16/1973","68c2d48c-3960-11ef-b5fe-2906cc9fb6bc","home","FRISCH AUF! Göppingen","S3L Handball",20,14,TRUE,0,NA,NA,0,0,0,NA,0,0,0,0,0,0,NA,NA,NA,NA,NA,NA,NA,NA,0,0,0,0,NA,NA,NA,NA,NA
"Werner Fischer","af3a0885-3955-11ef-a884-a36230ada079",NA,NA,1973,"11/16/1973","68c2d48c-3960-11ef-b5fe-2906cc9fb6bc","home","FRISCH AUF! Göppingen","S3L Handball",20,14,TRUE,1,NA,NA,0,0,0,NA,0,0,0,0,0,0,NA,NA,NA,NA,NA,NA,NA,NA,0,0,0,0,NA,NA,NA,NA,NA
"Hans Brodbeck","b1f00cc3-3955-11ef-b4c9-a36230ada079",NA,NA,1973,"11/16/1973","68c2d48c-3960-11ef-b5fe-2906cc9fb6bc","home","FRISCH AUF! Göppingen","S3L Handball",20,14,TRUE,0,NA,NA,0,0,0,NA,0,0,0,0,0,0,NA,NA,NA,NA,NA,NA,NA,NA,0,0,0,0,NA,NA,NA,NA,NA
"Paul Epple","bc8167af-3955-11ef-8748-ab397f561917",NA,NA,1973,"11/16/1973","68c2d48c-3960-11ef-b5fe-2906cc9fb6bc","home","FRISCH AUF! Göppingen","S3L Handball",20,14,TRUE,3,NA,NA,0,0,0,NA,0,0,0,0,0,0,NA,NA,NA,NA,NA,NA,NA,NA,0,0,0,0,NA,NA,NA,NA,NA
"Geir Hallsteinsson","c70adb66-3955-11ef-afb7-157c9bc18a5f",NA,NA,1973,"11/16/1973","68c2d48c-3960-11ef-b5fe-2906cc9fb6bc","home","FRISCH AUF! Göppingen","S3L Handball",20,14,TRUE,5,NA,NA,0,0,0,NA,0,0,0,0,0,0,NA,NA,NA,NA,NA,NA,NA,NA,0,0,0,0,NA,NA,NA,NA,NA
"Werner Arndt","c71116e0-3955-11ef-85d3-157c9bc18a5f",NA,NA,1973,"11/16/1973","68c2d48c-3960-11ef-b5fe-2906cc9fb6bc","home","FRISCH AUF! Göppingen","S3L Handball",20,14,TRUE,1,NA,NA,0,0,0,NA,0,0,0,0,0,0,NA,NA,NA,NA,NA,NA,NA,NA,0,0,0,0,NA,NA,NA,NA,NA
"Christian Patzer","c715a1de-3955-11ef-bc54-157c9bc18a5f",NA,NA,1973,"11/16/1973","68c2d48c-3960-11ef-b5fe-2906cc9fb6bc","home","FRISCH AUF! Göppingen","S3L Handball",20,14,TRUE,5,NA,NA,0,0,3,NA,0,0,0,0,0,0,NA,NA,NA,NA,NA,NA,NA,NA,0,0,0,0,NA,NA,NA,NA,NA
"Günter Schweikardt","d3e60b79-3953-11ef-9e8c-e3f2de03a1b7",NA,NA,1973,"11/16/1973","68c2d48c-3960-11ef-b5fe-2906cc9fb6bc","home","FRISCH AUF! Göppingen","S3L Handball",20,14,TRUE,1,NA,NA,0,0,0,NA,0,0,0,0,0,0,NA,NA,NA,NA,NA,NA,NA,NA,0,0,0,0,NA,NA,NA,NA,NA
"Werner Osada","98d8c8ac-3955-11ef-b6db-292be3190b7b",NA,NA,1973,"11/16/1973","68c2d48c-3960-11ef-b5fe-2906cc9fb6bc","away","S3L Handball","FRISCH AUF! Göppingen",14,20,FALSE,0,NA,NA,0,0,0,NA,0,0,0,0,0,0,NA,NA,NA,NA,NA,NA,NA,NA,0,0,0,0,NA,NA,NA,NA,NA
"Alfred Schmitt","a25e1dab-3955-11ef-b412-2510cc07ea6e",NA,NA,1973,"11/16/1973","68c2d48c-3960-11ef-b5fe-2906cc9fb6bc","away","S3L Handball","FRISCH AUF! Göppingen",14,20,FALSE,0,NA,NA,0,0,0,NA,0,0,0,0,0,0,NA,NA,NA,NA,NA,NA,NA,NA,0,0,0,0,NA,NA,NA,NA,NA
"Manfred Müller","ae54e819-3955-11ef-81e8-a36230ada079",NA,NA,1973,"11/16/1973","68c2d48c-3960-11ef-b5fe-2906cc9fb6bc","away","S3L Handball","FRISCH AUF! Göppingen",14,20,FALSE,0,NA,NA,0,0,0,NA,0,0,0,0,0,0,NA,NA,NA,NA,NA,NA,NA,NA,0,0,0,0,NA,NA,NA,NA,NA
"Georg Fitz","ae68320c-3955-11ef-89fa-a36230ada079",NA,NA,1973,"11/16/1973","68c2d48c-3960-11ef-b5fe-2906cc9fb6bc","away","S3L Handball","FRISCH AUF! Göppingen",14,20,FALSE,0,NA,NA,0,0,0,NA,0,0,0,0,0,0,NA,NA,NA,NA,NA,NA,NA,NA,0,0,0,0,NA,NA,NA,NA,NA
"Bernd Frühauf","ae71d80f-3955-11ef-a219-a36230ada079",NA,NA,1973,"11/16/1973","68c2d48c-3960-11ef-b5fe-2906cc9fb6bc","away","S3L Handball","FRISCH AUF! Göppingen",14,20,FALSE,1,NA,NA,0,0,0,NA,0,0,0,0,0,0,NA,NA,NA,NA,NA,NA,NA,NA,0,0,0,0,NA,NA,NA,NA,NA
"Robert Becker","ae8c50f9-3955-11ef-91c4-a36230ada079",NA,NA,1973,"11/16/1973","68c2d48c-3960-11ef-b5fe-2906cc9fb6bc","away","S3L Handball","FRISCH AUF! Göppingen",14,20,FALSE,0,NA,NA,0,0,0,NA,0,0,0,0,0,0,NA,NA,NA,NA,NA,NA,NA,NA,0,0,0,0,NA,NA,NA,NA,NA
"Jürgen Hahn","ae947745-3955-11ef-bc54-a36230ada079",NA,NA,1973,"11/16/1973","68c2d48c-3960-11ef-b5fe-2906cc9fb6bc","away","S3L Handball","FRISCH AUF! Göppingen",14,20,FALSE,3,NA,NA,0,0,0,NA,0,0,0,0,0,0,NA,NA,NA,NA,NA,NA,NA,NA,0,0,0,0,NA,NA,NA,NA,NA
"Hansjörg Jäck","b166bd31-3955-11ef-bed1-a36230ada079",NA,NA,1973,"11/16/1973","68c2d48c-3960-11ef-b5fe-2906cc9fb6bc","away","S3L Handball","FRISCH AUF! Göppingen",14,20,FALSE,0,NA,NA,0,0,0,NA,0,0,0,0,0,0,NA,NA,NA,NA,NA,NA,NA,NA,0,0,0,0,NA,NA,NA,NA,NA
"Markus Hädrich","ba389acc-3955-11ef-8b9d-ab397f561917",NA,NA,1973,"11/16/1973","68c2d48c-3960-11ef-b5fe-2906cc9fb6bc","away","S3L Handball","FRISCH AUF! Göppingen",14,20,FALSE,3,NA,NA,0,0,0,NA,0,0,0,0,0,0,NA,NA,NA,NA,NA,NA,NA,NA,0,0,0,0,NA,NA,NA,NA,NA
"Werner Pruscha","bb9c8e56-3955-11ef-ac18-ab397f561917",NA,NA,1973,"11/16/1973","68c2d48c-3960-11ef-b5fe-2906cc9fb6bc","away","S3L Handball","FRISCH AUF! Göppingen",14,20,FALSE,2,NA,NA,0,0,0,NA,0,0,0,0,0,0,NA,NA,NA,NA,NA,NA,NA,NA,0,0,0,0,NA,NA,NA,NA,NA
"Wolfhardt Bühler","bba2fc92-3955-11ef-a8d6-ab397f561917",NA,NA,1973,"11/16/1973","68c2d48c-3960-11ef-b5fe-2906cc9fb6bc","away","S3L Handball","FRISCH AUF! Göppingen",14,20,FALSE,5,NA,NA,0,0,1,NA,0,0,0,0,0,0,NA,NA,NA,NA,NA,NA,NA,NA,0,0,0,0,NA,NA,NA,NA,NA
"Arno Schandin","bded1584-3955-11ef-8a76-ab397f561917",NA,NA,1973,"11/16/1973","68c2d48c-3960-11ef-b5fe-2906cc9fb6bc","away","S3L Handball","FRISCH AUF! Göppingen",14,20,FALSE,0,NA,NA,0,0,0,NA,0,0,0,0,0,0,NA,NA,NA,NA,NA,NA,NA,NA,0,0,0,0,NA,NA,NA,NA,NA
"Peter Pickel","8c973b42-3955-11ef-8c71-81dc40648355",NA,NA,1973,"11/17/1973","5dda0f95-3960-11ef-b5e4-7b2e16e5ffcd","home","Hamburger SV","TuS 05 Wellinghofen",14,18,FALSE,6,NA,NA,0,0,1,NA,0,0,0,0,0,0,NA,NA,NA,NA,NA,NA,NA,NA,0,0,0,0,NA,NA,NA,NA,NA
"Hans-Jürgen Bode","b011e6da-3955-11ef-8205-a36230ada079",NA,NA,1973,"11/17/1973","5dda0f95-3960-11ef-b5e4-7b2e16e5ffcd","home","Hamburger SV","TuS 05 Wellinghofen",14,18,FALSE,0,NA,NA,0,0,0,NA,0,0,0,0,0,0,NA,NA,NA,NA,NA,NA,NA,NA,0,0,0,0,NA,NA,NA,NA,NA
"Rainer Witt","b02adaad-3955-11ef-b8c4-a36230ada079",NA,NA,1973,"11/17/1973","5dda0f95-3960-11ef-b5e4-7b2e16e5ffcd","home","Hamburger SV","TuS 05 Wellinghofen",14,18,FALSE,2,NA,NA,0,0,0,NA,0,0,0,0,0,0,NA,NA,NA,NA,NA,NA,NA,NA,0,0,0,0,NA,NA,NA,NA,NA
"Jens Ivers","b02f4aea-3955-11ef-801e-a36230ada079",NA,NA,1973,"11/17/1973","5dda0f95-3960-11ef-b5e4-7b2e16e5ffcd","home","Hamburger SV","TuS 05 Wellinghofen",14,18,FALSE,2,NA,NA,0,0,0,NA,0,0,0,0,0,0,NA,NA,NA,NA,NA,NA,NA,NA,0,0,0,0,NA,NA,NA,NA,NA
"Hans-Joachim Beißel","b0341bcb-3955-11ef-9e08-a36230ada079",NA,NA,1973,"11/17/1973","5dda0f95-3960-11ef-b5e4-7b2e16e5ffcd","home","Hamburger SV","TuS 05 Wellinghofen",14,18,FALSE,0,NA,NA,0,0,0,NA,0,0,0,0,0,0,NA,NA,NA,NA,NA,NA,NA,NA,0,0,0,0,NA,NA,NA,NA,NA
"Norbert Germer","b03f8101-3955-11ef-8945-a36230ada079",NA,NA,1973,"11/17/1973","5dda0f95-3960-11ef-b5e4-7b2e16e5ffcd","home","Hamburger SV","TuS 05 Wellinghofen",14,18,FALSE,1,NA,NA,0,0,0,NA,0,0,0,0,0,0,NA,NA,NA,NA,NA,NA,NA,NA,0,0,0,0,NA,NA,NA,NA,NA
"Uwe Tesloff","b049ae56-3955-11ef-a5f7-a36230ada079",NA,NA,1973,"11/17/1973","5dda0f95-3960-11ef-b5e4-7b2e16e5ffcd","home","Hamburger SV","TuS 05 Wellinghofen",14,18,FALSE,1,NA,NA,0,0,0,NA,0,0,0,0,0,0,NA,NA,NA,NA,NA,NA,NA,NA,0,0,0,0,NA,NA,NA,NA,NA
"Hartwig Reich","ba6cb3c8-3955-11ef-9f64-ab397f561917",NA,NA,1973,"11/17/1973","5dda0f95-3960-11ef-b5e4-7b2e16e5ffcd","home","Hamburger SV","TuS 05 Wellinghofen",14,18,FALSE,0,NA,NA,0,0,0,NA,0,0,0,0,0,0,NA,NA,NA,NA,NA,NA,NA,NA,0,0,0,0,NA,NA,NA,NA,NA
"Michael Taubert","ba7ad888-3955-11ef-9650-ab397f561917",NA,NA,1973,"11/17/1973","5dda0f95-3960-11ef-b5e4-7b2e16e5ffcd","home","Hamburger SV","TuS 05 Wellinghofen",14,18,FALSE,0,NA,NA,0,0,0,NA,0,0,0,0,0,0,NA,NA,NA,NA,NA,NA,NA,NA,0,0,0,0,NA,NA,NA,NA,NA
"Dieter Minke","bd0cde0f-3955-11ef-91c1-ab397f561917",NA,NA,1973,"11/17/1973","5dda0f95-3960-11ef-b5e4-7b2e16e5ffcd","home","Hamburger SV","TuS 05 Wellinghofen",14,18,FALSE,2,NA,NA,0,0,0,NA,0,0,0,0,0,0,NA,NA,NA,NA,NA,NA,NA,NA,0,0,0,0,NA,NA,NA,NA,NA
"Karsten Sick","bd16289b-3955-11ef-9343-ab397f561917",NA,NA,1973,"11/17/1973","5dda0f95-3960-11ef-b5e4-7b2e16e5ffcd","home","Hamburger SV","TuS 05 Wellinghofen",14,18,FALSE,0,NA,NA,0,0,0,NA,0,0,0,0,0,0,NA,NA,NA,NA,NA,NA,NA,NA,0,0,0,0,NA,NA,NA,NA,NA
"Karl-Heinz Schulz","72847241-3955-11ef-8bd4-51fdf2a82730",NA,NA,1973,"11/17/1973","5dda0f95-3960-11ef-b5e4-7b2e16e5ffcd","away","TuS 05 Wellinghofen","Hamburger SV",18,14,TRUE,0,NA,NA,0,0,0,NA,0,0,0,0,0,0,NA,NA,NA,NA,NA,NA,NA,NA,0,0,0,0,NA,NA,NA,NA,NA
"Hans-Jürgen Zick","8d67d76a-3955-11ef-8956-81dc40648355",NA,NA,1973,"11/17/1973","5dda0f95-3960-11ef-b5e4-7b2e16e5ffcd","away","TuS 05 Wellinghofen","Hamburger SV",18,14,TRUE,0,NA,NA,0,0,0,NA,0,0,0,0,0,0,NA,NA,NA,NA,NA,NA,NA,NA,0,0,0,0,NA,NA,NA,NA,NA
"Heiner Möller","8d7571e4-3955-11ef-b1d3-81dc40648355",NA,NA,1973,"11/17/1973","5dda0f95-3960-11ef-b5e4-7b2e16e5ffcd","away","TuS 05 Wellinghofen","Hamburger SV",18,14,TRUE,9,NA,NA,0,0,0,NA,0,0,0,0,0,0,NA,NA,NA,NA,NA,NA,NA,NA,0,0,0,0,NA,NA,NA,NA,NA
"Karl-Heinz Nolde","a33d5c4a-3955-11ef-b577-2510cc07ea6e",NA,NA,1973,"11/17/1973","5dda0f95-3960-11ef-b5e4-7b2e16e5ffcd","away","TuS 05 Wellinghofen","Hamburger SV",18,14,TRUE,2,NA,NA,0,0,0,NA,0,0,0,0,0,0,NA,NA,NA,NA,NA,NA,NA,NA,0,0,0,0,NA,NA,NA,NA,NA
"Rainer Gosewinkel","a4d61156-3955-11ef-8406-2510cc07ea6e",NA,NA,1973,"11/17/1973","5dda0f95-3960-11ef-b5e4-7b2e16e5ffcd","away","TuS 05 Wellinghofen","Hamburger SV",18,14,TRUE,5,NA,NA,0,0,2,NA,0,0,0,0,0,0,NA,NA,NA,NA,NA,NA,NA,NA,0,0,0,0,NA,NA,NA,NA,NA
"Klaus Erwe","a4f54a19-3955-11ef-b48a-2510cc07ea6e",NA,NA,1973,"11/17/1973","5dda0f95-3960-11ef-b5e4-7b2e16e5ffcd","away","TuS 05 Wellinghofen","Hamburger SV",18,14,TRUE,0,NA,NA,0,0,0,NA,0,0,0,0,0,0,NA,NA,NA,NA,NA,NA,NA,NA,0,0,0,0,NA,NA,NA,NA,NA
"Winfried Gabel","a521dedb-3955-11ef-a3bd-2510cc07ea6e",NA,NA,1973,"11/17/1973","5dda0f95-3960-11ef-b5e4-7b2e16e5ffcd","away","TuS 05 Wellinghofen","Hamburger SV",18,14,TRUE,0,NA,NA,0,0,0,NA,0,0,0,0,0,0,NA,NA,NA,NA,NA,NA,NA,NA,0,0,0,0,NA,NA,NA,NA,NA
"Burkhard Gröning","a52c6e4f-3955-11ef-a576-2510cc07ea6e",NA,NA,1973,"11/17/1973","5dda0f95-3960-11ef-b5e4-7b2e16e5ffcd","away","TuS 05 Wellinghofen","Hamburger SV",18,14,TRUE,0,NA,NA,0,0,0,NA,0,0,0,0,0,0,NA,NA,NA,NA,NA,NA,NA,NA,0,0,0,0,NA,NA,NA,NA,NA
"Ulrich Staege","b05c5beb-3955-11ef-a7d6-a36230ada079",NA,NA,1973,"11/17/1973","5dda0f95-3960-11ef-b5e4-7b2e16e5ffcd","away","TuS 05 Wellinghofen","Hamburger SV",18,14,TRUE,0,NA,NA,0,0,0,NA,0,0,0,0,0,0,NA,NA,NA,NA,NA,NA,NA,NA,0,0,0,0,NA,NA,NA,NA,NA
"Herbert Rogge","b06614d7-3955-11ef-a43b-a36230ada079",NA,NA,1973,"11/17/1973","5dda0f95-3960-11ef-b5e4-7b2e16e5ffcd","away","TuS 05 Wellinghofen","Hamburger SV",18,14,TRUE,2,NA,NA,0,0,0,NA,0,0,0,0,0,0,NA,NA,NA,NA,NA,NA,NA,NA,0,0,0,0,NA,NA,NA,NA,NA
"Hans-Jürgen Sengera","ba7fae8e-3955-11ef-80e4-ab397f561917",NA,NA,1973,"11/17/1973","5dda0f95-3960-11ef-b5e4-7b2e16e5ffcd","away","TuS 05 Wellinghofen","Hamburger SV",18,14,TRUE,0,NA,NA,0,0,0,NA,0,0,0,0,0,0,NA,NA,NA,NA,NA,NA,NA,NA,0,0,0,0,NA,NA,NA,NA,NA
"Ulrich Eikermann","73a211c9-3955-11ef-8f8f-51fdf2a82730",NA,NA,1973,"11/17/1973","66310c87-3960-11ef-a7c7-2906cc9fb6bc","home","SC Phönix Essen 1920","VfL Lübeck-Schwartau",17,14,TRUE,6,NA,NA,0,0,0,NA,0,0,0,0,0,0,NA,NA,NA,NA,NA,NA,NA,NA,0,0,0,0,NA,NA,NA,NA,NA
"Heinz Oberscheidt","a5ae94f2-3955-11ef-91fc-2510cc07ea6e",NA,NA,1973,"11/17/1973","66310c87-3960-11ef-a7c7-2906cc9fb6bc","home","SC Phönix Essen 1920","VfL Lübeck-Schwartau",17,14,TRUE,1,NA,NA,0,0,0,NA,0,0,0,0,0,0,NA,NA,NA,NA,NA,NA,NA,NA,0,0,0,0,NA,NA,NA,NA,NA
"Werner Jeckstedt","a5bb8d23-3955-11ef-8362-2510cc07ea6e",NA,NA,1973,"11/17/1973","66310c87-3960-11ef-a7c7-2906cc9fb6bc","home","SC Phönix Essen 1920","VfL Lübeck-Schwartau",17,14,TRUE,0,NA,NA,0,0,0,NA,0,0,0,0,0,0,NA,NA,NA,NA,NA,NA,NA,NA,0,0,0,0,NA,NA,NA,NA,NA
"Dietmar Dohm","a5c15139-3955-11ef-9adf-2510cc07ea6e",NA,NA,1973,"11/17/1973","66310c87-3960-11ef-a7c7-2906cc9fb6bc","home","SC Phönix Essen 1920","VfL Lübeck-Schwartau",17,14,TRUE,1,NA,NA,0,0,0,NA,0,0,0,0,0,0,NA,NA,NA,NA,NA,NA,NA,NA,0,0,0,0,NA,NA,NA,NA,NA
"Ingo Callies","b0b0659b-3955-11ef-87aa-a36230ada079",NA,NA,1973,"11/17/1973","66310c87-3960-11ef-a7c7-2906cc9fb6bc","home","SC Phönix Essen 1920","VfL Lübeck-Schwartau",17,14,TRUE,1,NA,NA,0,0,0,NA,0,0,0,0,0,0,NA,NA,NA,NA,NA,NA,NA,NA,0,0,0,0,NA,NA,NA,NA,NA
"Günther Lehmann","bad5d078-3955-11ef-83d6-ab397f561917",NA,NA,1973,"11/17/1973","66310c87-3960-11ef-a7c7-2906cc9fb6bc","home","SC Phönix Essen 1920","VfL Lübeck-Schwartau",17,14,TRUE,0,NA,NA,0,0,0,NA,0,0,0,0,0,0,NA,NA,NA,NA,NA,NA,NA,NA,0,0,0,0,NA,NA,NA,NA,NA
"Bernd Tolksdorf","bae02284-3955-11ef-b577-ab397f561917",NA,NA,1973,"11/17/1973","66310c87-3960-11ef-a7c7-2906cc9fb6bc","home","SC Phönix Essen 1920","VfL Lübeck-Schwartau",17,14,TRUE,0,NA,NA,0,0,0,NA,0,0,0,0,0,0,NA,NA,NA,NA,NA,NA,NA,NA,0,0,0,0,NA,NA,NA,NA,NA
"Klaus Kirschner","bae43a44-3955-11ef-ae7c-ab397f561917",NA,NA,1973,"11/17/1973","66310c87-3960-11ef-a7c7-2906cc9fb6bc","home","SC Phönix Essen 1920","VfL Lübeck-Schwartau",17,14,TRUE,0,NA,NA,0,0,0,NA,0,0,0,0,0,0,NA,NA,NA,NA,NA,NA,NA,NA,0,0,0,0,NA,NA,NA,NA,NA
"Manfred Schaper","bd401c7e-3955-11ef-8d67-ab397f561917",NA,NA,1973,"11/17/1973","66310c87-3960-11ef-a7c7-2906cc9fb6bc","home","SC Phönix Essen 1920","VfL Lübeck-Schwartau",17,14,TRUE,0,NA,NA,0,0,0,NA,0,0,0,0,0,0,NA,NA,NA,NA,NA,NA,NA,NA,0,0,0,0,NA,NA,NA,NA,NA
"Norbert Kroker","bd441662-3955-11ef-b771-ab397f561917",NA,NA,1973,"11/17/1973","66310c87-3960-11ef-a7c7-2906cc9fb6bc","home","SC Phönix Essen 1920","VfL Lübeck-Schwartau",17,14,TRUE,5,NA,NA,0,0,4,NA,0,0,0,0,0,0,NA,NA,NA,NA,NA,NA,NA,NA,0,0,0,0,NA,NA,NA,NA,NA
"Manfred Wolf","bd4f3381-3955-11ef-904e-ab397f561917",NA,NA,1973,"11/17/1973","66310c87-3960-11ef-a7c7-2906cc9fb6bc","home","SC Phönix Essen 1920","VfL Lübeck-Schwartau",17,14,TRUE,3,NA,NA,0,0,0,NA,0,0,0,0,0,0,NA,NA,NA,NA,NA,NA,NA,NA,0,0,0,0,NA,NA,NA,NA,NA
"Rainer Hill","bd56ea43-3955-11ef-a0dc-ab397f561917",NA,NA,1973,"11/17/1973","66310c87-3960-11ef-a7c7-2906cc9fb6bc","home","SC Phönix Essen 1920","VfL Lübeck-Schwartau",17,14,TRUE,0,NA,NA,0,0,0,NA,0,0,0,0,0,0,NA,NA,NA,NA,NA,NA,NA,NA,0,0,0,0,NA,NA,NA,NA,NA
"Harald Lüth","a552c518-3955-11ef-8a68-2510cc07ea6e",NA,NA,1973,"11/17/1973","66310c87-3960-11ef-a7c7-2906cc9fb6bc","away","VfL Lübeck-Schwartau","SC Phönix Essen 1920",14,17,FALSE,2,NA,NA,0,0,0,NA,0,0,0,0,0,0,NA,NA,NA,NA,NA,NA,NA,NA,0,0,0,0,NA,NA,NA,NA,NA
"Michael Dogs","b0cecb4a-3955-11ef-b665-a36230ada079",NA,NA,1973,"11/17/1973","66310c87-3960-11ef-a7c7-2906cc9fb6bc","away","VfL Lübeck-Schwartau","SC Phönix Essen 1920",14,17,FALSE,0,NA,NA,0,0,0,NA,0,0,0,0,0,0,NA,NA,NA,NA,NA,NA,NA,NA,0,0,0,0,NA,NA,NA,NA,NA
"Ulrich Kleinstoll","b0f37438-3955-11ef-84e6-a36230ada079",NA,NA,1973,"11/17/1973","66310c87-3960-11ef-a7c7-2906cc9fb6bc","away","VfL Lübeck-Schwartau","SC Phönix Essen 1920",14,17,FALSE,0,NA,NA,0,0,0,NA,0,0,0,0,0,0,NA,NA,NA,NA,NA,NA,NA,NA,0,0,0,0,NA,NA,NA,NA,NA
"Thomas Kluth","b0f877c0-3955-11ef-a314-a36230ada079",NA,NA,1973,"11/17/1973","66310c87-3960-11ef-a7c7-2906cc9fb6bc","away","VfL Lübeck-Schwartau","SC Phönix Essen 1920",14,17,FALSE,2,NA,NA,0,0,0,NA,0,0,0,0,0,0,NA,NA,NA,NA,NA,NA,NA,NA,0,0,0,0,NA,NA,NA,NA,NA
"Hans-Martin Müller-Wolf","b1020054-3955-11ef-8e79-a36230ada079",NA,NA,1973,"11/17/1973","66310c87-3960-11ef-a7c7-2906cc9fb6bc","away","VfL Lübeck-Schwartau","SC Phönix Essen 1920",14,17,FALSE,1,NA,NA,0,0,0,NA,0,0,0,0,0,0,NA,NA,NA,NA,NA,NA,NA,NA,0,0,0,0,NA,NA,NA,NA,NA
"Siegfried Berg","b10d3ec3-3955-11ef-8a30-a36230ada079",NA,NA,1973,"11/17/1973","66310c87-3960-11ef-a7c7-2906cc9fb6bc","away","VfL Lübeck-Schwartau","SC Phönix Essen 1920",14,17,FALSE,2,NA,NA,0,0,1,NA,0,0,0,0,0,0,NA,NA,NA,NA,NA,NA,NA,NA,0,0,0,0,NA,NA,NA,NA,NA
"Wolfgang Braun","b1a4c388-3955-11ef-92b7-a36230ada079",NA,NA,1973,"11/17/1973","66310c87-3960-11ef-a7c7-2906cc9fb6bc","away","VfL Lübeck-Schwartau","SC Phönix Essen 1920",14,17,FALSE,3,NA,NA,0,0,0,NA,0,0,0,0,0,0,NA,NA,NA,NA,NA,NA,NA,NA,0,0,0,0,NA,NA,NA,NA,NA
"Bernd Heiden","baf62966-3955-11ef-b7e1-ab397f561917",NA,NA,1973,"11/17/1973","66310c87-3960-11ef-a7c7-2906cc9fb6bc","away","VfL Lübeck-Schwartau","SC Phönix Essen 1920",14,17,FALSE,1,NA,NA,0,0,0,NA,0,0,0,0,0,0,NA,NA,NA,NA,NA,NA,NA,NA,0,0,0,0,NA,NA,NA,NA,NA
"Klaus Lange","bafb51f3-3955-11ef-9864-ab397f561917",NA,NA,1973,"11/17/1973","66310c87-3960-11ef-a7c7-2906cc9fb6bc","away","VfL Lübeck-Schwartau","SC Phönix Essen 1920",14,17,FALSE,3,NA,NA,0,0,2,NA,0,0,0,0,0,0,NA,NA,NA,NA,NA,NA,NA,NA,0,0,0,0,NA,NA,NA,NA,NA
"Georg Pohl","baff6cee-3955-11ef-a80f-ab397f561917",NA,NA,1973,"11/17/1973","66310c87-3960-11ef-a7c7-2906cc9fb6bc","away","VfL Lübeck-Schwartau","SC Phönix Essen 1920",14,17,FALSE,0,NA,NA,0,0,0,NA,0,0,0,0,0,0,NA,NA,NA,NA,NA,NA,NA,NA,0,0,0,0,NA,NA,NA,NA,NA
"Manfred Kuhnke","bb039049-3955-11ef-bdc6-ab397f561917",NA,NA,1973,"11/17/1973","66310c87-3960-11ef-a7c7-2906cc9fb6bc","away","VfL Lübeck-Schwartau","SC Phönix Essen 1920",14,17,FALSE,0,NA,NA,0,0,0,NA,0,0,0,0,0,0,NA,NA,NA,NA,NA,NA,NA,NA,0,0,0,0,NA,NA,NA,NA,NA
"Walter Don","73f54ad3-3955-11ef-b2c6-51fdf2a82730",NA,NA,1973,"11/17/1973","67af205f-3960-11ef-9c51-2906cc9fb6bc","home","TV 05/07 Hüttenberg","TSV 1896 Rintheim",16,17,FALSE,1,NA,NA,0,0,0,NA,0,0,0,0,0,0,NA,NA,NA,NA,NA,NA,NA,NA,0,0,0,0,NA,NA,NA,NA,NA
"Hans-Jürgen Völpel","80753eec-3955-11ef-bd2e-b908c60af10a",NA,NA,1973,"11/17/1973","67af205f-3960-11ef-9c51-2906cc9fb6bc","home","TV 05/07 Hüttenberg","TSV 1896 Rintheim",16,17,FALSE,0,NA,NA,0,0,0,NA,0,0,0,0,0,0,NA,NA,NA,NA,NA,NA,NA,NA,0,0,0,0,NA,NA,NA,NA,NA
"Horst Spengler","80adf446-3955-11ef-a1e6-b908c60af10a",NA,NA,1973,"11/17/1973","67af205f-3960-11ef-9c51-2906cc9fb6bc","home","TV 05/07 Hüttenberg","TSV 1896 Rintheim",16,17,FALSE,3,NA,NA,0,0,0,NA,0,0,0,0,0,0,NA,NA,NA,NA,NA,NA,NA,NA,0,0,0,0,NA,NA,NA,NA,NA
"Peter Barthelmey","99855e8f-3955-11ef-b9a4-292be3190b7b",NA,NA,1973,"11/17/1973","67af205f-3960-11ef-9c51-2906cc9fb6bc","home","TV 05/07 Hüttenberg","TSV 1896 Rintheim",16,17,FALSE,1,NA,NA,0,0,4,NA,0,0,0,0,0,0,NA,NA,NA,NA,NA,NA,NA,NA,0,0,0,0,NA,NA,NA,NA,NA
"Richard Boczkowski","a1b43836-3955-11ef-934f-2510cc07ea6e",NA,NA,1973,"11/17/1973","67af205f-3960-11ef-9c51-2906cc9fb6bc","home","TV 05/07 Hüttenberg","TSV 1896 Rintheim",16,17,FALSE,0,NA,NA,0,0,0,NA,0,0,0,0,0,0,NA,NA,NA,NA,NA,NA,NA,NA,0,0,0,0,NA,NA,NA,NA,NA
"Norbert Bach","a3be6ba6-3955-11ef-9511-2510cc07ea6e",NA,NA,1973,"11/17/1973","67af205f-3960-11ef-9c51-2906cc9fb6bc","home","TV 05/07 Hüttenberg","TSV 1896 Rintheim",16,17,FALSE,3,NA,NA,0,0,0,NA,0,0,0,0,0,0,NA,NA,NA,NA,NA,NA,NA,NA,0,0,0,0,NA,NA,NA,NA,NA
"Stefan Schicketanz","a3d099d4-3955-11ef-90b6-2510cc07ea6e",NA,NA,1973,"11/17/1973","67af205f-3960-11ef-9c51-2906cc9fb6bc","home","TV 05/07 Hüttenberg","TSV 1896 Rintheim",16,17,FALSE,2,NA,NA,0,0,0,NA,0,0,0,0,0,0,NA,NA,NA,NA,NA,NA,NA,NA,0,0,0,0,NA,NA,NA,NA,NA
"Udo Uebbing","ae4823ea-3955-11ef-93ce-a36230ada079",NA,NA,1973,"11/17/1973","67af205f-3960-11ef-9c51-2906cc9fb6bc","home","TV 05/07 Hüttenberg","TSV 1896 Rintheim",16,17,FALSE,5,NA,NA,0,0,0,NA,0,0,0,0,0,0,NA,NA,NA,NA,NA,NA,NA,NA,0,0,0,0,NA,NA,NA,NA,NA
"Rolf Kunz","bb7de91c-3955-11ef-8de2-ab397f561917",NA,NA,1973,"11/17/1973","67af205f-3960-11ef-9c51-2906cc9fb6bc","home","TV 05/07 Hüttenberg","TSV 1896 Rintheim",16,17,FALSE,0,NA,NA,0,0,0,NA,0,0,0,0,0,0,NA,NA,NA,NA,NA,NA,NA,NA,0,0,0,0,NA,NA,NA,NA,NA
"Rainer Joost","bb83a6fb-3955-11ef-b43f-ab397f561917",NA,NA,1973,"11/17/1973","67af205f-3960-11ef-9c51-2906cc9fb6bc","home","TV 05/07 Hüttenberg","TSV 1896 Rintheim",16,17,FALSE,0,NA,NA,0,0,0,NA,0,0,0,0,0,0,NA,NA,NA,NA,NA,NA,NA,NA,0,0,0,0,NA,NA,NA,NA,NA
"Dieter Beckmann","bb888d20-3955-11ef-b8c5-ab397f561917",NA,NA,1973,"11/17/1973","67af205f-3960-11ef-9c51-2906cc9fb6bc","home","TV 05/07 Hüttenberg","TSV 1896 Rintheim",16,17,FALSE,0,NA,NA,0,0,0,NA,0,0,0,0,0,0,NA,NA,NA,NA,NA,NA,NA,NA,0,0,0,0,NA,NA,NA,NA,NA
"Andrija Kotlas","bde016f5-3955-11ef-b96c-ab397f561917",NA,NA,1973,"11/17/1973","67af205f-3960-11ef-9c51-2906cc9fb6bc","home","TV 05/07 Hüttenberg","TSV 1896 Rintheim",16,17,FALSE,1,NA,NA,0,0,0,NA,0,0,0,0,0,0,NA,NA,NA,NA,NA,NA,NA,NA,0,0,0,0,NA,NA,NA,NA,NA
"Manfred Schulz","8bc2b5ea-3955-11ef-8d03-81dc40648355",NA,NA,1973,"11/17/1973","67af205f-3960-11ef-9c51-2906cc9fb6bc","away","TSV 1896 Rintheim","TV 05/07 Hüttenberg",17,16,TRUE,0,NA,NA,0,0,0,NA,0,0,0,0,0,0,NA,NA,NA,NA,NA,NA,NA,NA,0,0,0,0,NA,NA,NA,NA,NA
"Wolf-Dieter Nagel","8d41486b-3955-11ef-8d22-81dc40648355",NA,NA,1973,"11/17/1973","67af205f-3960-11ef-9c51-2906cc9fb6bc","away","TSV 1896 Rintheim","TV 05/07 Hüttenberg",17,16,TRUE,5,NA,NA,0,0,0,NA,0,0,0,0,0,0,NA,NA,NA,NA,NA,NA,NA,NA,0,0,0,0,NA,NA,NA,NA,NA
"Franz Bechler","98035d7e-3955-11ef-8b94-292be3190b7b",NA,NA,1973,"11/17/1973","67af205f-3960-11ef-9c51-2906cc9fb6bc","away","TSV 1896 Rintheim","TV 05/07 Hüttenberg",17,16,TRUE,1,NA,NA,0,0,0,NA,0,0,0,0,0,0,NA,NA,NA,NA,NA,NA,NA,NA,0,0,0,0,NA,NA,NA,NA,NA
"Max Müller","99453a6b-3955-11ef-84c2-292be3190b7b",NA,NA,1973,"11/17/1973","67af205f-3960-11ef-9c51-2906cc9fb6bc","away","TSV 1896 Rintheim","TV 05/07 Hüttenberg",17,16,TRUE,8,NA,NA,0,0,4,NA,0,0,0,0,0,0,NA,NA,NA,NA,NA,NA,NA,NA,0,0,0,0,NA,NA,NA,NA,NA
"Wilfried Job","af3ed007-3955-11ef-9184-a36230ada079",NA,NA,1973,"11/17/1973","67af205f-3960-11ef-9c51-2906cc9fb6bc","away","TSV 1896 Rintheim","TV 05/07 Hüttenberg",17,16,TRUE,1,NA,NA,0,0,0,NA,0,0,0,0,0,0,NA,NA,NA,NA,NA,NA,NA,NA,0,0,0,0,NA,NA,NA,NA,NA
"Bernd Seibel","bc6670d9-3955-11ef-b849-ab397f561917",NA,NA,1973,"11/17/1973","67af205f-3960-11ef-9c51-2906cc9fb6bc","away","TSV 1896 Rintheim","TV 05/07 Hüttenberg",17,16,TRUE,0,NA,NA,0,0,0,NA,0,0,0,0,0,0,NA,NA,NA,NA,NA,NA,NA,NA,0,0,0,0,NA,NA,NA,NA,NA
"Wolfgang Dillenberger","bc6a40c8-3955-11ef-8c9f-ab397f561917",NA,NA,1973,"11/17/1973","67af205f-3960-11ef-9c51-2906cc9fb6bc","away","TSV 1896 Rintheim","TV 05/07 Hüttenberg",17,16,TRUE,2,NA,NA,0,0,0,NA,0,0,0,0,0,0,NA,NA,NA,NA,NA,NA,NA,NA,0,0,0,0,NA,NA,NA,NA,NA
"Max Ullrich","c6e110c6-3955-11ef-83e4-157c9bc18a5f",NA,NA,1973,"11/17/1973","67af205f-3960-11ef-9c51-2906cc9fb6bc","away","TSV 1896 Rintheim","TV 05/07 Hüttenberg",17,16,TRUE,0,NA,NA,0,0,0,NA,0,0,0,0,0,0,NA,NA,NA,NA,NA,NA,NA,NA,0,0,0,0,NA,NA,NA,NA,NA
"Heiner Dahm","c6e59e4f-3955-11ef-b407-157c9bc18a5f",NA,NA,1973,"11/17/1973","67af205f-3960-11ef-9c51-2906cc9fb6bc","away","TSV 1896 Rintheim","TV 05/07 Hüttenberg",17,16,TRUE,0,NA,NA,0,0,0,NA,0,0,0,0,0,0,NA,NA,NA,NA,NA,NA,NA,NA,0,0,0,0,NA,NA,NA,NA,NA
"Richard Baumer","c6e9de45-3955-11ef-b5bf-157c9bc18a5f",NA,NA,1973,"11/17/1973","67af205f-3960-11ef-9c51-2906cc9fb6bc","away","TSV 1896 Rintheim","TV 05/07 Hüttenberg",17,16,TRUE,0,NA,NA,0,0,0,NA,0,0,0,0,0,0,NA,NA,NA,NA,NA,NA,NA,NA,0,0,0,0,NA,NA,NA,NA,NA
"Roland Kühnle","c6f228fe-3955-11ef-a362-157c9bc18a5f",NA,NA,1973,"11/17/1973","67af205f-3960-11ef-9c51-2906cc9fb6bc","away","TSV 1896 Rintheim","TV 05/07 Hüttenberg",17,16,TRUE,0,NA,NA,0,0,0,NA,0,0,0,0,0,0,NA,NA,NA,NA,NA,NA,NA,NA,0,0,0,0,NA,NA,NA,NA,NA
"Walter Salzer","8d394c72-3955-11ef-8d73-81dc40648355",NA,NA,1973,"11/17/1973","69977dac-3960-11ef-8668-2906cc9fb6bc","home","TV 1893 Neuhausen","TV Großwallstadt",15,18,FALSE,9,NA,NA,0,0,5,NA,0,0,0,0,0,0,NA,NA,NA,NA,NA,NA,NA,NA,0,0,0,0,NA,NA,NA,NA,NA
"Hermann Fritz","a4231bd1-3955-11ef-8299-2510cc07ea6e",NA,NA,1973,"11/17/1973","69977dac-3960-11ef-8668-2906cc9fb6bc","home","TV 1893 Neuhausen","TV Großwallstadt",15,18,FALSE,0,NA,NA,0,0,0,NA,0,0,0,0,0,0,NA,NA,NA,NA,NA,NA,NA,NA,0,0,0,0,NA,NA,NA,NA,NA
"Klaus Stoll","a42e01cc-3955-11ef-b661-2510cc07ea6e",NA,NA,1973,"11/17/1973","69977dac-3960-11ef-8668-2906cc9fb6bc","home","TV 1893 Neuhausen","TV Großwallstadt",15,18,FALSE,0,NA,NA,0,0,0,NA,0,0,0,0,0,0,NA,NA,NA,NA,NA,NA,NA,NA,0,0,0,0,NA,NA,NA,NA,NA
"Julius Lehmann","a448c9e2-3955-11ef-9bf8-2510cc07ea6e",NA,NA,1973,"11/17/1973","69977dac-3960-11ef-8668-2906cc9fb6bc","home","TV 1893 Neuhausen","TV Großwallstadt",15,18,FALSE,0,NA,NA,0,0,0,NA,0,0,0,0,0,0,NA,NA,NA,NA,NA,NA,NA,NA,0,0,0,0,NA,NA,NA,NA,NA
"Rolf Miller","a4552808-3955-11ef-ac39-2510cc07ea6e",NA,NA,1973,"11/17/1973","69977dac-3960-11ef-8668-2906cc9fb6bc","home","TV 1893 Neuhausen","TV Großwallstadt",15,18,FALSE,0,NA,NA,0,0,0,NA,0,0,0,0,0,0,NA,NA,NA,NA,NA,NA,NA,NA,0,0,0,0,NA,NA,NA,NA,NA
"Manfred Reusch","a45a1b11-3955-11ef-8135-2510cc07ea6e",NA,NA,1973,"11/17/1973","69977dac-3960-11ef-8668-2906cc9fb6bc","home","TV 1893 Neuhausen","TV Großwallstadt",15,18,FALSE,0,NA,NA,0,0,0,NA,0,0,0,0,0,0,NA,NA,NA,NA,NA,NA,NA,NA,0,0,0,0,NA,NA,NA,NA,NA
"Johann Högl","b2211f04-3955-11ef-a5bd-a36230ada079",NA,NA,1973,"11/17/1973","69977dac-3960-11ef-8668-2906cc9fb6bc","home","TV 1893 Neuhausen","TV Großwallstadt",15,18,FALSE,0,NA,NA,0,0,0,NA,0,0,0,0,0,0,NA,NA,NA,NA,NA,NA,NA,NA,0,0,0,0,NA,NA,NA,NA,NA
"Martin Streicher","b2277c0b-3955-11ef-b9c1-a36230ada079",NA,NA,1973,"11/17/1973","69977dac-3960-11ef-8668-2906cc9fb6bc","home","TV 1893 Neuhausen","TV Großwallstadt",15,18,FALSE,0,NA,NA,0,0,0,NA,0,0,0,0,0,0,NA,NA,NA,NA,NA,NA,NA,NA,0,0,0,0,NA,NA,NA,NA,NA
"Kurt Reusch","b22cb722-3955-11ef-b081-a36230ada079",NA,NA,1973,"11/17/1973","69977dac-3960-11ef-8668-2906cc9fb6bc","home","TV 1893 Neuhausen","TV Großwallstadt",15,18,FALSE,5,NA,NA,0,0,4,NA,0,0,0,0,0,0,NA,NA,NA,NA,NA,NA,NA,NA,0,0,0,0,NA,NA,NA,NA,NA
"Klaus Streicher","c728c012-3955-11ef-9cab-157c9bc18a5f",NA,NA,1973,"11/17/1973","69977dac-3960-11ef-8668-2906cc9fb6bc","home","TV 1893 Neuhausen","TV Großwallstadt",15,18,FALSE,1,NA,NA,0,0,0,NA,0,0,0,0,0,0,NA,NA,NA,NA,NA,NA,NA,NA,0,0,0,0,NA,NA,NA,NA,NA
"Lothar Gradwohl","c72d20e3-3955-11ef-8433-157c9bc18a5f",NA,NA,1973,"11/17/1973","69977dac-3960-11ef-8668-2906cc9fb6bc","home","TV 1893 Neuhausen","TV Großwallstadt",15,18,FALSE,0,NA,NA,0,0,0,NA,0,0,0,0,0,0,NA,NA,NA,NA,NA,NA,NA,NA,0,0,0,0,NA,NA,NA,NA,NA
"Kurt Klühspies","5ac3e7d7-3955-11ef-b574-4fa817cd91bb",NA,NA,1973,"11/17/1973","69977dac-3960-11ef-8668-2906cc9fb6bc","away","TV Großwallstadt","TV 1893 Neuhausen",18,15,TRUE,5,NA,NA,0,0,1,NA,0,0,0,0,0,0,NA,NA,NA,NA,NA,NA,NA,NA,0,0,0,0,NA,NA,NA,NA,NA
"Manfred Hofmann","6855eb0b-3955-11ef-8cb3-292be3190b7b",NA,NA,1973,"11/17/1973","69977dac-3960-11ef-8668-2906cc9fb6bc","away","TV Großwallstadt","TV 1893 Neuhausen",18,15,TRUE,0,NA,NA,0,0,0,NA,0,0,0,0,0,0,NA,NA,NA,NA,NA,NA,NA,NA,0,0,0,0,NA,NA,NA,NA,NA
"Thomas Sinsel","8adb8152-3955-11ef-b2de-81dc40648355",NA,NA,1973,"11/17/1973","69977dac-3960-11ef-8668-2906cc9fb6bc","away","TV Großwallstadt","TV 1893 Neuhausen",18,15,TRUE,1,NA,NA,0,0,0,NA,0,0,0,0,0,0,NA,NA,NA,NA,NA,NA,NA,NA,0,0,0,0,NA,NA,NA,NA,NA
"Manfred Schwarz","96d98e53-3955-11ef-a3c9-292be3190b7b",NA,NA,1973,"11/17/1973","69977dac-3960-11ef-8668-2906cc9fb6bc","away","TV Großwallstadt","TV 1893 Neuhausen",18,15,TRUE,3,NA,NA,0,0,0,NA,0,0,0,0,0,0,NA,NA,NA,NA,NA,NA,NA,NA,0,0,0,0,NA,NA,NA,NA,NA
"Arno Böckling","a3c38db5-3955-11ef-810f-2510cc07ea6e",NA,NA,1973,"11/17/1973","69977dac-3960-11ef-8668-2906cc9fb6bc","away","TV Großwallstadt","TV 1893 Neuhausen",18,15,TRUE,3,NA,NA,0,0,0,NA,0,0,0,0,0,0,NA,NA,NA,NA,NA,NA,NA,NA,0,0,0,0,NA,NA,NA,NA,NA
"Eckhardt Suffel","aeac0503-3955-11ef-88c6-a36230ada079",NA,NA,1973,"11/17/1973","69977dac-3960-11ef-8668-2906cc9fb6bc","away","TV Großwallstadt","TV 1893 Neuhausen",18,15,TRUE,2,NA,NA,0,0,0,NA,0,0,0,0,0,0,NA,NA,NA,NA,NA,NA,NA,NA,0,0,0,0,NA,NA,NA,NA,NA
"Manfred Meudt","af9be5ed-3955-11ef-a3e3-a36230ada079",NA,NA,1973,"11/17/1973","69977dac-3960-11ef-8668-2906cc9fb6bc","away","TV Großwallstadt","TV 1893 Neuhausen",18,15,TRUE,0,NA,NA,0,0,0,NA,0,0,0,0,0,0,NA,NA,NA,NA,NA,NA,NA,NA,0,0,0,0,NA,NA,NA,NA,NA
"Norbert Klein","b18179dc-3955-11ef-acc0-a36230ada079",NA,NA,1973,"11/17/1973","69977dac-3960-11ef-8668-2906cc9fb6bc","away","TV Großwallstadt","TV 1893 Neuhausen",18,15,TRUE,1,NA,NA,0,0,0,NA,0,0,0,0,0,0,NA,NA,NA,NA,NA,NA,NA,NA,0,0,0,0,NA,NA,NA,NA,NA
"Herbert Kunkel","be058ce8-3955-11ef-a8d1-ab397f561917",NA,NA,1973,"11/17/1973","69977dac-3960-11ef-8668-2906cc9fb6bc","away","TV Großwallstadt","TV 1893 Neuhausen",18,15,TRUE,0,NA,NA,0,0,0,NA,0,0,0,0,0,0,NA,NA,NA,NA,NA,NA,NA,NA,0,0,0,0,NA,NA,NA,NA,NA
"Werner Lemmert","be0e2c8d-3955-11ef-82a6-ab397f561917",NA,NA,1973,"11/17/1973","69977dac-3960-11ef-8668-2906cc9fb6bc","away","TV Großwallstadt","TV 1893 Neuhausen",18,15,TRUE,1,NA,NA,0,0,0,NA,0,0,0,0,0,0,NA,NA,NA,NA,NA,NA,NA,NA,0,0,0,0,NA,NA,NA,NA,NA
"Josef Karrer","be167639-3955-11ef-ac70-ab397f561917",NA,NA,1973,"11/17/1973","69977dac-3960-11ef-8668-2906cc9fb6bc","away","TV Großwallstadt","TV 1893 Neuhausen",18,15,TRUE,2,NA,NA,0,0,0,NA,0,0,0,0,0,0,NA,NA,NA,NA,NA,NA,NA,NA,0,0,0,0,NA,NA,NA,NA,NA
"Günter Timmermann","bb79f127-3955-11ef-ae8c-ab397f561917",NA,NA,1973,"11/17/1973","6acb6a2d-3960-11ef-a727-2906cc9fb6bc","home","TSV 1846 Butzbach","TSV Milbertshofen",14,20,FALSE,0,NA,NA,0,0,0,NA,0,0,0,0,0,0,NA,NA,NA,NA,NA,NA,NA,NA,0,0,0,0,NA,NA,NA,NA,NA
"Günter Bormann","bc2b728c-3955-11ef-9c10-ab397f561917",NA,NA,1973,"11/17/1973","6acb6a2d-3960-11ef-a727-2906cc9fb6bc","home","TSV 1846 Butzbach","TSV Milbertshofen",14,20,FALSE,1,NA,NA,0,0,0,NA,0,0,0,0,0,0,NA,NA,NA,NA,NA,NA,NA,NA,0,0,0,0,NA,NA,NA,NA,NA
"Rolf Grotegut","bc3000ec-3955-11ef-97c5-ab397f561917",NA,NA,1973,"11/17/1973","6acb6a2d-3960-11ef-a727-2906cc9fb6bc","home","TSV 1846 Butzbach","TSV Milbertshofen",14,20,FALSE,0,NA,NA,0,0,0,NA,0,0,0,0,0,0,NA,NA,NA,NA,NA,NA,NA,NA,0,0,0,0,NA,NA,NA,NA,NA
"Hans-Joachim Röhrig","bc371f1f-3955-11ef-bcd4-ab397f561917",NA,NA,1973,"11/17/1973","6acb6a2d-3960-11ef-a727-2906cc9fb6bc","home","TSV 1846 Butzbach","TSV Milbertshofen",14,20,FALSE,3,NA,NA,0,0,0,NA,0,0,0,0,0,0,NA,NA,NA,NA,NA,NA,NA,NA,0,0,0,0,NA,NA,NA,NA,NA
"Alfred Walter","bc3f22f5-3955-11ef-9558-ab397f561917",NA,NA,1973,"11/17/1973","6acb6a2d-3960-11ef-a727-2906cc9fb6bc","home","TSV 1846 Butzbach","TSV Milbertshofen",14,20,FALSE,2,NA,NA,0,0,2,NA,0,0,0,0,0,0,NA,NA,NA,NA,NA,NA,NA,NA,0,0,0,0,NA,NA,NA,NA,NA
"Bernd Lind","bc4b1939-3955-11ef-95dd-ab397f561917",NA,NA,1973,"11/17/1973","6acb6a2d-3960-11ef-a727-2906cc9fb6bc","home","TSV 1846 Butzbach","TSV Milbertshofen",14,20,FALSE,1,NA,NA,0,0,0,NA,0,0,0,0,0,0,NA,NA,NA,NA,NA,NA,NA,NA,0,0,0,0,NA,NA,NA,NA,NA
"Wolfgang Lowak","bc4eecb3-3955-11ef-8009-ab397f561917",NA,NA,1973,"11/17/1973","6acb6a2d-3960-11ef-a727-2906cc9fb6bc","home","TSV 1846 Butzbach","TSV Milbertshofen",14,20,FALSE,0,NA,NA,0,0,0,NA,0,0,0,0,0,0,NA,NA,NA,NA,NA,NA,NA,NA,0,0,0,0,NA,NA,NA,NA,NA
"Robert Ringleb","bc52ae17-3955-11ef-80f1-ab397f561917",NA,NA,1973,"11/17/1973","6acb6a2d-3960-11ef-a727-2906cc9fb6bc","home","TSV 1846 Butzbach","TSV Milbertshofen",14,20,FALSE,2,NA,NA,0,0,0,NA,0,0,0,0,0,0,NA,NA,NA,NA,NA,NA,NA,NA,0,0,0,0,NA,NA,NA,NA,NA
"Werner Henn","c6c2c065-3955-11ef-b47d-157c9bc18a5f",NA,NA,1973,"11/17/1973","6acb6a2d-3960-11ef-a727-2906cc9fb6bc","home","TSV 1846 Butzbach","TSV Milbertshofen",14,20,FALSE,0,NA,NA,0,0,0,NA,0,0,0,0,0,0,NA,NA,NA,NA,NA,NA,NA,NA,0,0,0,0,NA,NA,NA,NA,NA
"Helmut Schwarz","c6c73d0a-3955-11ef-88e8-157c9bc18a5f",NA,NA,1973,"11/17/1973","6acb6a2d-3960-11ef-a727-2906cc9fb6bc","home","TSV 1846 Butzbach","TSV Milbertshofen",14,20,FALSE,0,NA,NA,0,0,0,NA,0,0,0,0,0,0,NA,NA,NA,NA,NA,NA,NA,NA,0,0,0,0,NA,NA,NA,NA,NA
"Klaus Karg","c6d8aa2a-3955-11ef-ab2b-157c9bc18a5f",NA,NA,1973,"11/17/1973","6acb6a2d-3960-11ef-a727-2906cc9fb6bc","home","TSV 1846 Butzbach","TSV Milbertshofen",14,20,FALSE,1,NA,NA,0,0,0,NA,0,0,0,0,0,0,NA,NA,NA,NA,NA,NA,NA,NA,0,0,0,0,NA,NA,NA,NA,NA
"Anton Turkalj","c6dcd936-3955-11ef-9d1b-157c9bc18a5f",NA,NA,1973,"11/17/1973","6acb6a2d-3960-11ef-a727-2906cc9fb6bc","home","TSV 1846 Butzbach","TSV Milbertshofen",14,20,FALSE,4,NA,NA,0,0,0,NA,0,0,0,0,0,0,NA,NA,NA,NA,NA,NA,NA,NA,0,0,0,0,NA,NA,NA,NA,NA
"Wolfgang Sommerfeld","74c0be88-3955-11ef-89fd-51fdf2a82730",NA,NA,1973,"11/17/1973","6acb6a2d-3960-11ef-a727-2906cc9fb6bc","away","TSV Milbertshofen","TSV 1846 Butzbach",20,14,TRUE,3,NA,NA,0,0,0,NA,0,0,0,0,0,0,NA,NA,NA,NA,NA,NA,NA,NA,0,0,0,0,NA,NA,NA,NA,NA
"Rainer Olbert","80d00b6a-3955-11ef-ab11-b908c60af10a",NA,NA,1973,"11/17/1973","6acb6a2d-3960-11ef-a727-2906cc9fb6bc","away","TSV Milbertshofen","TSV 1846 Butzbach",20,14,TRUE,0,NA,NA,0,0,0,NA,0,0,0,0,0,0,NA,NA,NA,NA,NA,NA,NA,NA,0,0,0,0,NA,NA,NA,NA,NA
"Udo Böbel","80d4ba37-3955-11ef-9d8b-b908c60af10a",NA,NA,1973,"11/17/1973","6acb6a2d-3960-11ef-a727-2906cc9fb6bc","away","TSV Milbertshofen","TSV 1846 Butzbach",20,14,TRUE,2,NA,NA,0,0,0,NA,0,0,0,0,0,0,NA,NA,NA,NA,NA,NA,NA,NA,0,0,0,0,NA,NA,NA,NA,NA
"Peter Jaschke","8b728782-3955-11ef-8da6-81dc40648355",NA,NA,1973,"11/17/1973","6acb6a2d-3960-11ef-a727-2906cc9fb6bc","away","TSV Milbertshofen","TSV 1846 Butzbach",20,14,TRUE,0,NA,NA,0,0,0,NA,0,0,0,0,0,0,NA,NA,NA,NA,NA,NA,NA,NA,0,0,0,0,NA,NA,NA,NA,NA
"Werner Winkelmeier","9712104e-3955-11ef-9613-292be3190b7b",NA,NA,1973,"11/17/1973","6acb6a2d-3960-11ef-a727-2906cc9fb6bc","away","TSV Milbertshofen","TSV 1846 Butzbach",20,14,TRUE,2,NA,NA,0,0,0,NA,0,0,0,0,0,0,NA,NA,NA,NA,NA,NA,NA,NA,0,0,0,0,NA,NA,NA,NA,NA
"Gerhard Ochsenkühn","97259ed1-3955-11ef-96ca-292be3190b7b",NA,NA,1973,"11/17/1973","6acb6a2d-3960-11ef-a727-2906cc9fb6bc","away","TSV Milbertshofen","TSV 1846 Butzbach",20,14,TRUE,2,NA,NA,0,0,0,NA,0,0,0,0,0,0,NA,NA,NA,NA,NA,NA,NA,NA,0,0,0,0,NA,NA,NA,NA,NA
"Josef Kiener","972d7d47-3955-11ef-a437-292be3190b7b",NA,NA,1973,"11/17/1973","6acb6a2d-3960-11ef-a727-2906cc9fb6bc","away","TSV Milbertshofen","TSV 1846 Butzbach",20,14,TRUE,4,NA,NA,0,0,4,NA,0,0,0,0,0,0,NA,NA,NA,NA,NA,NA,NA,NA,0,0,0,0,NA,NA,NA,NA,NA
"Rudolf Dobler","97ac407c-3955-11ef-9ea9-292be3190b7b",NA,NA,1973,"11/17/1973","6acb6a2d-3960-11ef-a727-2906cc9fb6bc","away","TSV Milbertshofen","TSV 1846 Butzbach",20,14,TRUE,3,NA,NA,0,0,0,NA,0,0,0,0,0,0,NA,NA,NA,NA,NA,NA,NA,NA,0,0,0,0,NA,NA,NA,NA,NA
"Jochen Heyne","b1c06894-3955-11ef-ab50-a36230ada079",NA,NA,1973,"11/17/1973","6acb6a2d-3960-11ef-a727-2906cc9fb6bc","away","TSV Milbertshofen","TSV 1846 Butzbach",20,14,TRUE,1,NA,NA,0,0,0,NA,0,0,0,0,0,0,NA,NA,NA,NA,NA,NA,NA,NA,0,0,0,0,NA,NA,NA,NA,NA
"Helmut Schelchshorn","b1c960ef-3955-11ef-850b-a36230ada079",NA,NA,1973,"11/17/1973","6acb6a2d-3960-11ef-a727-2906cc9fb6bc","away","TSV Milbertshofen","TSV 1846 Butzbach",20,14,TRUE,0,NA,NA,0,0,0,NA,0,0,0,0,0,0,NA,NA,NA,NA,NA,NA,NA,NA,0,0,0,0,NA,NA,NA,NA,NA
"Axel Pohl","bc16faf2-3955-11ef-a768-ab397f561917",NA,NA,1973,"11/17/1973","6acb6a2d-3960-11ef-a727-2906cc9fb6bc","away","TSV Milbertshofen","TSV 1846 Butzbach",20,14,TRUE,1,NA,NA,0,0,0,NA,0,0,0,0,0,0,NA,NA,NA,NA,NA,NA,NA,NA,0,0,0,0,NA,NA,NA,NA,NA
"Peter Feddern","bc1b1b3e-3955-11ef-9c4e-ab397f561917",NA,NA,1973,"11/17/1973","6acb6a2d-3960-11ef-a727-2906cc9fb6bc","away","TSV Milbertshofen","TSV 1846 Butzbach",20,14,TRUE,2,NA,NA,0,0,0,NA,0,0,0,0,0,0,NA,NA,NA,NA,NA,NA,NA,NA,0,0,0,0,NA,NA,NA,NA,NA
"Dietmar Balkenhol","8dfc784e-3955-11ef-b459-81dc40648355",NA,NA,1973,"11/22/1973","64adc085-3960-11ef-8f07-2906cc9fb6bc","home","TuSEM Essen","TuS 05 Wellinghofen",15,18,FALSE,1,NA,NA,0,0,0,NA,0,0,0,0,0,0,NA,NA,NA,NA,NA,NA,NA,NA,0,0,0,0,NA,NA,NA,NA,NA
"Gerhard Wrobel","ae4fc714-3955-11ef-a106-a36230ada079",NA,NA,1973,"11/22/1973","64adc085-3960-11ef-8f07-2906cc9fb6bc","home","TuSEM Essen","TuS 05 Wellinghofen",15,18,FALSE,3,NA,NA,0,0,0,NA,0,0,0,0,0,0,NA,NA,NA,NA,NA,NA,NA,NA,0,0,0,0,NA,NA,NA,NA,NA
"Anderko Govorko","bb91b676-3955-11ef-8109-ab397f561917",NA,NA,1973,"11/22/1973","64adc085-3960-11ef-8f07-2906cc9fb6bc","home","TuSEM Essen","TuS 05 Wellinghofen",15,18,FALSE,1,NA,NA,0,0,0,NA,0,0,0,0,0,0,NA,NA,NA,NA,NA,NA,NA,NA,0,0,0,0,NA,NA,NA,NA,NA
"Herbert Buschmann","bd5ac595-3955-11ef-97f0-ab397f561917",NA,NA,1973,"11/22/1973","64adc085-3960-11ef-8f07-2906cc9fb6bc","home","TuSEM Essen","TuS 05 Wellinghofen",15,18,FALSE,0,NA,NA,0,0,0,NA,0,0,0,0,0,0,NA,NA,NA,NA,NA,NA,NA,NA,0,0,0,0,NA,NA,NA,NA,NA
"Klaus Schäfer","bd6f7a4d-3955-11ef-9f92-ab397f561917",NA,NA,1973,"11/22/1973","64adc085-3960-11ef-8f07-2906cc9fb6bc","home","TuSEM Essen","TuS 05 Wellinghofen",15,18,FALSE,1,NA,NA,0,0,0,NA,0,0,0,0,0,0,NA,NA,NA,NA,NA,NA,NA,NA,0,0,0,0,NA,NA,NA,NA,NA
"Gerhard Schmidt","bd78314d-3955-11ef-8668-ab397f561917",NA,NA,1973,"11/22/1973","64adc085-3960-11ef-8f07-2906cc9fb6bc","home","TuSEM Essen","TuS 05 Wellinghofen",15,18,FALSE,4,NA,NA,0,0,1,NA,0,0,0,0,0,0,NA,NA,NA,NA,NA,NA,NA,NA,0,0,0,0,NA,NA,NA,NA,NA
"Manfred Benning","bd7cb1bd-3955-11ef-883f-ab397f561917",NA,NA,1973,"11/22/1973","64adc085-3960-11ef-8f07-2906cc9fb6bc","home","TuSEM Essen","TuS 05 Wellinghofen",15,18,FALSE,1,NA,NA,0,0,0,NA,0,0,0,0,0,0,NA,NA,NA,NA,NA,NA,NA,NA,0,0,0,0,NA,NA,NA,NA,NA
"Alojz Snedić","bd80daac-3955-11ef-a8ab-ab397f561917",NA,NA,1973,"11/22/1973","64adc085-3960-11ef-8f07-2906cc9fb6bc","home","TuSEM Essen","TuS 05 Wellinghofen",15,18,FALSE,0,NA,NA,0,0,0,NA,0,0,0,0,0,0,NA,NA,NA,NA,NA,NA,NA,NA,0,0,0,0,NA,NA,NA,NA,NA
"Peter Fischer","bd861af2-3955-11ef-a655-ab397f561917",NA,NA,1973,"11/22/1973","64adc085-3960-11ef-8f07-2906cc9fb6bc","home","TuSEM Essen","TuS 05 Wellinghofen",15,18,FALSE,0,NA,NA,0,0,0,NA,0,0,0,0,0,0,NA,NA,NA,NA,NA,NA,NA,NA,0,0,0,0,NA,NA,NA,NA,NA
"Wolfgang Schütte","bd8b9463-3955-11ef-84e4-ab397f561917",NA,NA,1973,"11/22/1973","64adc085-3960-11ef-8f07-2906cc9fb6bc","home","TuSEM Essen","TuS 05 Wellinghofen",15,18,FALSE,2,NA,NA,0,0,0,NA,0,0,0,0,0,0,NA,NA,NA,NA,NA,NA,NA,NA,0,0,0,0,NA,NA,NA,NA,NA
"Peter Meuter","bd905293-3955-11ef-a264-ab397f561917",NA,NA,1973,"11/22/1973","64adc085-3960-11ef-8f07-2906cc9fb6bc","home","TuSEM Essen","TuS 05 Wellinghofen",15,18,FALSE,2,NA,NA,0,0,0,NA,0,0,0,0,0,0,NA,NA,NA,NA,NA,NA,NA,NA,0,0,0,0,NA,NA,NA,NA,NA
"Karl-Heinz Schulz","72847241-3955-11ef-8bd4-51fdf2a82730",NA,NA,1973,"11/22/1973","64adc085-3960-11ef-8f07-2906cc9fb6bc","away","TuS 05 Wellinghofen","TuSEM Essen",18,15,TRUE,1,NA,NA,0,0,0,NA,0,0,0,0,0,0,NA,NA,NA,NA,NA,NA,NA,NA,0,0,0,0,NA,NA,NA,NA,NA
"Hans-Jürgen Zick","8d67d76a-3955-11ef-8956-81dc40648355",NA,NA,1973,"11/22/1973","64adc085-3960-11ef-8f07-2906cc9fb6bc","away","TuS 05 Wellinghofen","TuSEM Essen",18,15,TRUE,0,NA,NA,0,0,0,NA,0,0,0,0,0,0,NA,NA,NA,NA,NA,NA,NA,NA,0,0,0,0,NA,NA,NA,NA,NA
"Heiner Möller","8d7571e4-3955-11ef-b1d3-81dc40648355",NA,NA,1973,"11/22/1973","64adc085-3960-11ef-8f07-2906cc9fb6bc","away","TuS 05 Wellinghofen","TuSEM Essen",18,15,TRUE,3,NA,NA,0,0,0,NA,0,0,0,0,0,0,NA,NA,NA,NA,NA,NA,NA,NA,0,0,0,0,NA,NA,NA,NA,NA
"Hans-Peter Neuhaus","8d9d3887-3955-11ef-80a3-81dc40648355",NA,NA,1973,"11/22/1973","64adc085-3960-11ef-8f07-2906cc9fb6bc","away","TuS 05 Wellinghofen","TuSEM Essen",18,15,TRUE,1,NA,NA,0,0,0,NA,0,0,0,0,0,0,NA,NA,NA,NA,NA,NA,NA,NA,0,0,0,0,NA,NA,NA,NA,NA
"Karl-Heinz Nolde","a33d5c4a-3955-11ef-b577-2510cc07ea6e",NA,NA,1973,"11/22/1973","64adc085-3960-11ef-8f07-2906cc9fb6bc","away","TuS 05 Wellinghofen","TuSEM Essen",18,15,TRUE,0,NA,NA,0,0,0,NA,0,0,0,0,0,0,NA,NA,NA,NA,NA,NA,NA,NA,0,0,0,0,NA,NA,NA,NA,NA
"Rainer Gosewinkel","a4d61156-3955-11ef-8406-2510cc07ea6e",NA,NA,1973,"11/22/1973","64adc085-3960-11ef-8f07-2906cc9fb6bc","away","TuS 05 Wellinghofen","TuSEM Essen",18,15,TRUE,7,NA,NA,0,0,6,NA,0,0,0,0,0,0,NA,NA,NA,NA,NA,NA,NA,NA,0,0,0,0,NA,NA,NA,NA,NA
"Klaus Erwe","a4f54a19-3955-11ef-b48a-2510cc07ea6e",NA,NA,1973,"11/22/1973","64adc085-3960-11ef-8f07-2906cc9fb6bc","away","TuS 05 Wellinghofen","TuSEM Essen",18,15,TRUE,0,NA,NA,0,0,0,NA,0,0,0,0,0,0,NA,NA,NA,NA,NA,NA,NA,NA,0,0,0,0,NA,NA,NA,NA,NA
"Winfried Gabel","a521dedb-3955-11ef-a3bd-2510cc07ea6e",NA,NA,1973,"11/22/1973","64adc085-3960-11ef-8f07-2906cc9fb6bc","away","TuS 05 Wellinghofen","TuSEM Essen",18,15,TRUE,0,NA,NA,0,0,0,NA,0,0,0,0,0,0,NA,NA,NA,NA,NA,NA,NA,NA,0,0,0,0,NA,NA,NA,NA,NA
"Burkhard Gröning","a52c6e4f-3955-11ef-a576-2510cc07ea6e",NA,NA,1973,"11/22/1973","64adc085-3960-11ef-8f07-2906cc9fb6bc","away","TuS 05 Wellinghofen","TuSEM Essen",18,15,TRUE,2,NA,NA,0,0,0,NA,0,0,0,0,0,0,NA,NA,NA,NA,NA,NA,NA,NA,0,0,0,0,NA,NA,NA,NA,NA
"Ulrich Staege","b05c5beb-3955-11ef-a7d6-a36230ada079",NA,NA,1973,"11/22/1973","64adc085-3960-11ef-8f07-2906cc9fb6bc","away","TuS 05 Wellinghofen","TuSEM Essen",18,15,TRUE,0,NA,NA,0,0,0,NA,0,0,0,0,0,0,NA,NA,NA,NA,NA,NA,NA,NA,0,0,0,0,NA,NA,NA,NA,NA
"Herbert Rogge","b06614d7-3955-11ef-a43b-a36230ada079",NA,NA,1973,"11/22/1973","64adc085-3960-11ef-8f07-2906cc9fb6bc","away","TuS 05 Wellinghofen","TuSEM Essen",18,15,TRUE,4,NA,NA,0,0,0,NA,0,0,0,0,0,0,NA,NA,NA,NA,NA,NA,NA,NA,0,0,0,0,NA,NA,NA,NA,NA
"Hans-Jürgen Sengera","ba7fae8e-3955-11ef-80e4-ab397f561917",NA,NA,1973,"11/22/1973","64adc085-3960-11ef-8f07-2906cc9fb6bc","away","TuS 05 Wellinghofen","TuSEM Essen",18,15,TRUE,0,NA,NA,0,0,0,NA,0,0,0,0,0,0,NA,NA,NA,NA,NA,NA,NA,NA,0,0,0,0,NA,NA,NA,NA,NA
"Horst Rampp","8c760463-3955-11ef-b11d-81dc40648355",NA,NA,1973,"11/22/1973","672b468e-3960-11ef-9be8-2906cc9fb6bc","home","Füchse Berlin","Polizei SV Hannover",10,13,FALSE,0,NA,NA,0,0,0,NA,0,0,0,0,0,0,NA,NA,NA,NA,NA,NA,NA,NA,0,0,0,0,NA,NA,NA,NA,NA
"Hartmut Alsen","a5dc4676-3955-11ef-ac19-2510cc07ea6e",NA,NA,1973,"11/22/1973","672b468e-3960-11ef-9be8-2906cc9fb6bc","home","Füchse Berlin","Polizei SV Hannover",10,13,FALSE,0,NA,NA,0,0,0,NA,0,0,0,0,0,0,NA,NA,NA,NA,NA,NA,NA,NA,0,0,0,0,NA,NA,NA,NA,NA
"Diethard Finkelmann","a60bdcf9-3955-11ef-bfa1-2510cc07ea6e",NA,NA,1973,"11/22/1973","672b468e-3960-11ef-9be8-2906cc9fb6bc","home","Füchse Berlin","Polizei SV Hannover",10,13,FALSE,0,NA,NA,0,0,0,NA,0,0,0,0,0,0,NA,NA,NA,NA,NA,NA,NA,NA,0,0,0,0,NA,NA,NA,NA,NA
"Detlef Finkelmann","b1a8f927-3955-11ef-a009-a36230ada079",NA,NA,1973,"11/22/1973","672b468e-3960-11ef-9be8-2906cc9fb6bc","home","Füchse Berlin","Polizei SV Hannover",10,13,FALSE,0,NA,NA,0,0,0,NA,0,0,0,0,0,0,NA,NA,NA,NA,NA,NA,NA,NA,0,0,0,0,NA,NA,NA,NA,NA
"Bernd Goerigk","b1b21b0c-3955-11ef-a303-a36230ada079",NA,NA,1973,"11/22/1973","672b468e-3960-11ef-9be8-2906cc9fb6bc","home","Füchse Berlin","Polizei SV Hannover",10,13,FALSE,1,NA,NA,0,0,0,NA,0,0,0,0,0,0,NA,NA,NA,NA,NA,NA,NA,NA,0,0,0,0,NA,NA,NA,NA,NA
"Lutz Loewke","b1b73b08-3955-11ef-b76a-a36230ada079",NA,NA,1973,"11/22/1973","672b468e-3960-11ef-9be8-2906cc9fb6bc","home","Füchse Berlin","Polizei SV Hannover",10,13,FALSE,2,NA,NA,0,0,2,NA,0,0,0,0,0,0,NA,NA,NA,NA,NA,NA,NA,NA,0,0,0,0,NA,NA,NA,NA,NA
"Sigmar Artelt","bdbc9392-3955-11ef-a3be-ab397f561917",NA,NA,1973,"11/22/1973","672b468e-3960-11ef-9be8-2906cc9fb6bc","home","Füchse Berlin","Polizei SV Hannover",10,13,FALSE,1,NA,NA,0,0,0,NA,0,0,0,0,0,0,NA,NA,NA,NA,NA,NA,NA,NA,0,0,0,0,NA,NA,NA,NA,NA
"Detlef Fischer","bdc0cf9c-3955-11ef-a866-ab397f561917",NA,NA,1973,"11/22/1973","672b468e-3960-11ef-9be8-2906cc9fb6bc","home","Füchse Berlin","Polizei SV Hannover",10,13,FALSE,2,NA,NA,0,0,0,NA,0,0,0,0,0,0,NA,NA,NA,NA,NA,NA,NA,NA,0,0,0,0,NA,NA,NA,NA,NA
"Henry Johannes","bdc98fce-3955-11ef-9f6e-ab397f561917",NA,NA,1973,"11/22/1973","672b468e-3960-11ef-9be8-2906cc9fb6bc","home","Füchse Berlin","Polizei SV Hannover",10,13,FALSE,2,NA,NA,0,0,0,NA,0,0,0,0,0,0,NA,NA,NA,NA,NA,NA,NA,NA,0,0,0,0,NA,NA,NA,NA,NA
"Horst Waisznor","bdce772f-3955-11ef-a781-ab397f561917",NA,NA,1973,"11/22/1973","672b468e-3960-11ef-9be8-2906cc9fb6bc","home","Füchse Berlin","Polizei SV Hannover",10,13,FALSE,2,NA,NA,0,0,0,NA,0,0,0,0,0,0,NA,NA,NA,NA,NA,NA,NA,NA,0,0,0,0,NA,NA,NA,NA,NA
"Lothar Wiehle","bdd3883f-3955-11ef-aaf9-ab397f561917",NA,NA,1973,"11/22/1973","672b468e-3960-11ef-9be8-2906cc9fb6bc","home","Füchse Berlin","Polizei SV Hannover",10,13,FALSE,0,NA,NA,0,0,0,NA,0,0,0,0,0,0,NA,NA,NA,NA,NA,NA,NA,NA,0,0,0,0,NA,NA,NA,NA,NA
"Reinhard Wittler","a35063de-3955-11ef-9881-2510cc07ea6e",NA,NA,1973,"11/22/1973","672b468e-3960-11ef-9be8-2906cc9fb6bc","away","Polizei SV Hannover","Füchse Berlin",13,10,TRUE,0,NA,NA,0,0,0,NA,0,0,0,0,0,0,NA,NA,NA,NA,NA,NA,NA,NA,0,0,0,0,NA,NA,NA,NA,NA
"Edmund Franke","a36ab088-3955-11ef-8296-2510cc07ea6e",NA,NA,1973,"11/22/1973","672b468e-3960-11ef-9be8-2906cc9fb6bc","away","Polizei SV Hannover","Füchse Berlin",13,10,TRUE,3,NA,NA,0,0,0,NA,0,0,0,0,0,0,NA,NA,NA,NA,NA,NA,NA,NA,0,0,0,0,NA,NA,NA,NA,NA
"Wolfgang Franke","a36fd3c4-3955-11ef-bc80-2510cc07ea6e",NA,NA,1973,"11/22/1973","672b468e-3960-11ef-9be8-2906cc9fb6bc","away","Polizei SV Hannover","Füchse Berlin",13,10,TRUE,0,NA,NA,0,0,0,NA,0,0,0,0,0,0,NA,NA,NA,NA,NA,NA,NA,NA,0,0,0,0,NA,NA,NA,NA,NA
"Jürgen Kloth","a37512a6-3955-11ef-9d81-2510cc07ea6e",NA,NA,1973,"11/22/1973","672b468e-3960-11ef-9be8-2906cc9fb6bc","away","Polizei SV Hannover","Füchse Berlin",13,10,TRUE,3,NA,NA,0,0,2,NA,0,0,0,0,0,0,NA,NA,NA,NA,NA,NA,NA,NA,0,0,0,0,NA,NA,NA,NA,NA
"Joachim Engler","bb2dfffa-3955-11ef-8a9e-ab397f561917",NA,NA,1973,"11/22/1973","672b468e-3960-11ef-9be8-2906cc9fb6bc","away","Polizei SV Hannover","Füchse Berlin",13,10,TRUE,1,NA,NA,0,0,0,NA,0,0,0,0,0,0,NA,NA,NA,NA,NA,NA,NA,NA,0,0,0,0,NA,NA,NA,NA,NA
"Gerd Haase","bb322e8e-3955-11ef-8a6a-ab397f561917",NA,NA,1973,"11/22/1973","672b468e-3960-11ef-9be8-2906cc9fb6bc","away","Polizei SV Hannover","Füchse Berlin",13,10,TRUE,1,NA,NA,0,0,0,NA,0,0,0,0,0,0,NA,NA,NA,NA,NA,NA,NA,NA,0,0,0,0,NA,NA,NA,NA,NA
"Hans-Jürgen Deutsch","bb3e76d6-3955-11ef-a5a8-ab397f561917",NA,NA,1973,"11/22/1973","672b468e-3960-11ef-9be8-2906cc9fb6bc","away","Polizei SV Hannover","Füchse Berlin",13,10,TRUE,1,NA,NA,0,0,0,NA,0,0,0,0,0,0,NA,NA,NA,NA,NA,NA,NA,NA,0,0,0,0,NA,NA,NA,NA,NA
"Dieter Hartung","bb482ed5-3955-11ef-bef1-ab397f561917",NA,NA,1973,"11/22/1973","672b468e-3960-11ef-9be8-2906cc9fb6bc","away","Polizei SV Hannover","Füchse Berlin",13,10,TRUE,0,NA,NA,0,0,0,NA,0,0,0,0,0,0,NA,NA,NA,NA,NA,NA,NA,NA,0,0,0,0,NA,NA,NA,NA,NA
"Jürgen Fey","bb504d63-3955-11ef-8740-ab397f561917",NA,NA,1973,"11/22/1973","672b468e-3960-11ef-9be8-2906cc9fb6bc","away","Polizei SV Hannover","Füchse Berlin",13,10,TRUE,4,NA,NA,0,0,0,NA,0,0,0,0,0,0,NA,NA,NA,NA,NA,NA,NA,NA,0,0,0,0,NA,NA,NA,NA,NA
"Siegfried Hacke","bda8ac11-3955-11ef-8226-ab397f561917",NA,NA,1973,"11/22/1973","672b468e-3960-11ef-9be8-2906cc9fb6bc","away","Polizei SV Hannover","Füchse Berlin",13,10,TRUE,0,NA,NA,0,0,0,NA,0,0,0,0,0,0,NA,NA,NA,NA,NA,NA,NA,NA,0,0,0,0,NA,NA,NA,NA,NA
"Klaus Stepper","bdad2915-3955-11ef-bde1-ab397f561917",NA,NA,1973,"11/22/1973","672b468e-3960-11ef-9be8-2906cc9fb6bc","away","Polizei SV Hannover","Füchse Berlin",13,10,TRUE,0,NA,NA,0,0,0,NA,0,0,0,0,0,0,NA,NA,NA,NA,NA,NA,NA,NA,0,0,0,0,NA,NA,NA,NA,NA
"Heiner Brand","44e82d45-3955-11ef-bc71-4fa817cd91bb",NA,NA,1973,"11/23/1973","5bc46fda-3960-11ef-83fd-7b2e16e5ffcd","home","VfL Gummersbach","TV Grambke Bremen",25,21,TRUE,2,NA,NA,0,0,0,NA,0,0,0,0,0,0,NA,NA,NA,NA,NA,NA,NA,NA,0,0,0,0,NA,NA,NA,NA,NA
"Klaus Westebbe","8c58f63a-3955-11ef-b65e-81dc40648355",NA,NA,1973,"11/23/1973","5bc46fda-3960-11ef-83fd-7b2e16e5ffcd","home","VfL Gummersbach","TV Grambke Bremen",25,21,TRUE,9,NA,NA,0,0,0,NA,0,0,0,0,0,0,NA,NA,NA,NA,NA,NA,NA,NA,0,0,0,0,NA,NA,NA,NA,NA
"Klaus Kater","8da1f6ef-3955-11ef-b31a-81dc40648355",NA,NA,1973,"11/23/1973","5bc46fda-3960-11ef-83fd-7b2e16e5ffcd","home","VfL Gummersbach","TV Grambke Bremen",25,21,TRUE,0,NA,NA,0,0,0,NA,0,0,0,0,0,0,NA,NA,NA,NA,NA,NA,NA,NA,0,0,0,0,NA,NA,NA,NA,NA
"Klaus Schlagheck","97a06613-3955-11ef-8056-292be3190b7b",NA,NA,1973,"11/23/1973","5bc46fda-3960-11ef-83fd-7b2e16e5ffcd","home","VfL Gummersbach","TV Grambke Bremen",25,21,TRUE,1,NA,NA,0,0,0,NA,0,0,0,0,0,0,NA,NA,NA,NA,NA,NA,NA,NA,0,0,0,0,NA,NA,NA,NA,NA
"Joachim Deckarm","9976945f-3955-11ef-afc4-292be3190b7b",NA,NA,1973,"11/23/1973","5bc46fda-3960-11ef-83fd-7b2e16e5ffcd","home","VfL Gummersbach","TV Grambke Bremen",25,21,TRUE,3,NA,NA,0,0,0,NA,0,0,0,0,0,0,NA,NA,NA,NA,NA,NA,NA,NA,0,0,0,0,NA,NA,NA,NA,NA
"Achim Henseler","a182e874-3955-11ef-95ce-2510cc07ea6e",NA,NA,1973,"11/23/1973","5bc46fda-3960-11ef-83fd-7b2e16e5ffcd","home","VfL Gummersbach","TV Grambke Bremen",25,21,TRUE,1,NA,NA,0,0,0,NA,0,0,0,0,0,0,NA,NA,NA,NA,NA,NA,NA,NA,0,0,0,0,NA,NA,NA,NA,NA
"Jochen Feldhoff","a32751a5-3955-11ef-badf-2510cc07ea6e",NA,NA,1973,"11/23/1973","5bc46fda-3960-11ef-83fd-7b2e16e5ffcd","home","VfL Gummersbach","TV Grambke Bremen",25,21,TRUE,0,NA,NA,0,0,0,NA,0,0,0,0,0,0,NA,NA,NA,NA,NA,NA,NA,NA,0,0,0,0,NA,NA,NA,NA,NA
"Werner Lettgen","ae263c3c-3955-11ef-96f7-a36230ada079",NA,NA,1973,"11/23/1973","5bc46fda-3960-11ef-83fd-7b2e16e5ffcd","home","VfL Gummersbach","TV Grambke Bremen",25,21,TRUE,1,NA,NA,0,0,0,NA,0,0,0,0,0,0,NA,NA,NA,NA,NA,NA,NA,NA,0,0,0,0,NA,NA,NA,NA,NA
"Hans-Günther Schmidt","aff5702f-3955-11ef-9878-a36230ada079",NA,NA,1973,"11/23/1973","5bc46fda-3960-11ef-83fd-7b2e16e5ffcd","home","VfL Gummersbach","TV Grambke Bremen",25,21,TRUE,6,NA,NA,0,0,1,NA,0,0,0,0,0,0,NA,NA,NA,NA,NA,NA,NA,NA,0,0,0,0,NA,NA,NA,NA,NA
"Helmut Kosmehl","bc7d7cdd-3955-11ef-a338-ab397f561917",NA,NA,1973,"11/23/1973","5bc46fda-3960-11ef-83fd-7b2e16e5ffcd","home","VfL Gummersbach","TV Grambke Bremen",25,21,TRUE,2,NA,NA,0,0,0,NA,0,0,0,0,0,0,NA,NA,NA,NA,NA,NA,NA,NA,0,0,0,0,NA,NA,NA,NA,NA
"Bruno Zay","bce5dbb8-3955-11ef-ac9b-ab397f561917",NA,NA,1973,"11/23/1973","5bc46fda-3960-11ef-83fd-7b2e16e5ffcd","home","VfL Gummersbach","TV Grambke Bremen",25,21,TRUE,0,NA,NA,0,0,0,NA,0,0,0,0,0,0,NA,NA,NA,NA,NA,NA,NA,NA,0,0,0,0,NA,NA,NA,NA,NA
"Hans-Jörg Graeper","964d8ebc-3955-11ef-a25b-292be3190b7b",NA,NA,1973,"11/23/1973","5bc46fda-3960-11ef-83fd-7b2e16e5ffcd","away","TV Grambke Bremen","VfL Gummersbach",21,25,FALSE,5,NA,NA,0,0,0,NA,0,0,0,0,0,0,NA,NA,NA,NA,NA,NA,NA,NA,0,0,0,0,NA,NA,NA,NA,NA
"Rolf Harjes","9854972c-3955-11ef-b163-292be3190b7b",NA,NA,1973,"11/23/1973","5bc46fda-3960-11ef-83fd-7b2e16e5ffcd","away","TV Grambke Bremen","VfL Gummersbach",21,25,FALSE,5,NA,NA,0,0,0,NA,0,0,0,0,0,0,NA,NA,NA,NA,NA,NA,NA,NA,0,0,0,0,NA,NA,NA,NA,NA
"Rolf Dierks","a5420b05-3955-11ef-a0f4-2510cc07ea6e",NA,NA,1973,"11/23/1973","5bc46fda-3960-11ef-83fd-7b2e16e5ffcd","away","TV Grambke Bremen","VfL Gummersbach",21,25,FALSE,1,NA,NA,0,0,0,NA,0,0,0,0,0,0,NA,NA,NA,NA,NA,NA,NA,NA,0,0,0,0,NA,NA,NA,NA,NA
"Wilfried Lankenau","a547caa3-3955-11ef-8b17-2510cc07ea6e",NA,NA,1973,"11/23/1973","5bc46fda-3960-11ef-83fd-7b2e16e5ffcd","away","TV Grambke Bremen","VfL Gummersbach",21,25,FALSE,4,NA,NA,0,0,0,NA,0,0,0,0,0,0,NA,NA,NA,NA,NA,NA,NA,NA,0,0,0,0,NA,NA,NA,NA,NA
"Willi Hohn","a54d65b4-3955-11ef-86a4-2510cc07ea6e",NA,NA,1973,"11/23/1973","5bc46fda-3960-11ef-83fd-7b2e16e5ffcd","away","TV Grambke Bremen","VfL Gummersbach",21,25,FALSE,2,NA,NA,0,0,0,NA,0,0,0,0,0,0,NA,NA,NA,NA,NA,NA,NA,NA,0,0,0,0,NA,NA,NA,NA,NA
"Peter Wilde","a5638a05-3955-11ef-8647-2510cc07ea6e",NA,NA,1973,"11/23/1973","5bc46fda-3960-11ef-83fd-7b2e16e5ffcd","away","TV Grambke Bremen","VfL Gummersbach",21,25,FALSE,0,NA,NA,0,0,0,NA,0,0,0,0,0,0,NA,NA,NA,NA,NA,NA,NA,NA,0,0,0,0,NA,NA,NA,NA,NA
"Rainer Lange","ba95832e-3955-11ef-aa24-ab397f561917",NA,NA,1973,"11/23/1973","5bc46fda-3960-11ef-83fd-7b2e16e5ffcd","away","TV Grambke Bremen","VfL Gummersbach",21,25,FALSE,0,NA,NA,0,0,0,NA,0,0,0,0,0,0,NA,NA,NA,NA,NA,NA,NA,NA,0,0,0,0,NA,NA,NA,NA,NA
"Klaus Hohn","baa006c5-3955-11ef-942e-ab397f561917",NA,NA,1973,"11/23/1973","5bc46fda-3960-11ef-83fd-7b2e16e5ffcd","away","TV Grambke Bremen","VfL Gummersbach",21,25,FALSE,2,NA,NA,0,0,0,NA,0,0,0,0,0,0,NA,NA,NA,NA,NA,NA,NA,NA,0,0,0,0,NA,NA,NA,NA,NA
"Karl-Heinz Bierwirth","baa76751-3955-11ef-b78b-ab397f561917",NA,NA,1973,"11/23/1973","5bc46fda-3960-11ef-83fd-7b2e16e5ffcd","away","TV Grambke Bremen","VfL Gummersbach",21,25,FALSE,0,NA,NA,0,0,0,NA,0,0,0,0,0,0,NA,NA,NA,NA,NA,NA,NA,NA,0,0,0,0,NA,NA,NA,NA,NA
"Günter Heermann","baabe2e5-3955-11ef-9d71-ab397f561917",NA,NA,1973,"11/23/1973","5bc46fda-3960-11ef-83fd-7b2e16e5ffcd","away","TV Grambke Bremen","VfL Gummersbach",21,25,FALSE,2,NA,NA,0,0,0,NA,0,0,0,0,0,0,NA,NA,NA,NA,NA,NA,NA,NA,0,0,0,0,NA,NA,NA,NA,NA
"Günter Meßmer","babf1fc6-3955-11ef-975c-ab397f561917",NA,NA,1973,"11/23/1973","5bc46fda-3960-11ef-83fd-7b2e16e5ffcd","away","TV Grambke Bremen","VfL Gummersbach",21,25,FALSE,0,NA,NA,0,0,0,NA,0,0,0,0,0,0,NA,NA,NA,NA,NA,NA,NA,NA,0,0,0,0,NA,NA,NA,NA,NA
"Reimer Hinrichs","baf246ff-3955-11ef-b172-ab397f561917",NA,NA,1973,"11/23/1973","5bc46fda-3960-11ef-83fd-7b2e16e5ffcd","away","TV Grambke Bremen","VfL Gummersbach",21,25,FALSE,0,NA,NA,0,0,0,NA,0,0,0,0,0,0,NA,NA,NA,NA,NA,NA,NA,NA,0,0,0,0,NA,NA,NA,NA,NA
"Ulrich Eikermann","73a211c9-3955-11ef-8f8f-51fdf2a82730",NA,NA,1973,"11/23/1973","5cfae02e-3960-11ef-afc3-7b2e16e5ffcd","home","SC Phönix Essen 1920","GWD Minden",16,18,FALSE,0,NA,NA,0,0,0,NA,0,0,0,0,0,0,NA,NA,NA,NA,NA,NA,NA,NA,0,0,0,0,NA,NA,NA,NA,NA
"Heinz Oberscheidt","a5ae94f2-3955-11ef-91fc-2510cc07ea6e",NA,NA,1973,"11/23/1973","5cfae02e-3960-11ef-afc3-7b2e16e5ffcd","home","SC Phönix Essen 1920","GWD Minden",16,18,FALSE,5,NA,NA,0,0,2,NA,0,0,0,0,0,0,NA,NA,NA,NA,NA,NA,NA,NA,0,0,0,0,NA,NA,NA,NA,NA
"Werner Jeckstedt","a5bb8d23-3955-11ef-8362-2510cc07ea6e",NA,NA,1973,"11/23/1973","5cfae02e-3960-11ef-afc3-7b2e16e5ffcd","home","SC Phönix Essen 1920","GWD Minden",16,18,FALSE,0,NA,NA,0,0,0,NA,0,0,0,0,0,0,NA,NA,NA,NA,NA,NA,NA,NA,0,0,0,0,NA,NA,NA,NA,NA
"Ingo Callies","b0b0659b-3955-11ef-87aa-a36230ada079",NA,NA,1973,"11/23/1973","5cfae02e-3960-11ef-afc3-7b2e16e5ffcd","home","SC Phönix Essen 1920","GWD Minden",16,18,FALSE,3,NA,NA,0,0,0,NA,0,0,0,0,0,0,NA,NA,NA,NA,NA,NA,NA,NA,0,0,0,0,NA,NA,NA,NA,NA
"Günther Lehmann","bad5d078-3955-11ef-83d6-ab397f561917",NA,NA,1973,"11/23/1973","5cfae02e-3960-11ef-afc3-7b2e16e5ffcd","home","SC Phönix Essen 1920","GWD Minden",16,18,FALSE,0,NA,NA,0,0,0,NA,0,0,0,0,0,0,NA,NA,NA,NA,NA,NA,NA,NA,0,0,0,0,NA,NA,NA,NA,NA
"Bernd Tolksdorf","bae02284-3955-11ef-b577-ab397f561917",NA,NA,1973,"11/23/1973","5cfae02e-3960-11ef-afc3-7b2e16e5ffcd","home","SC Phönix Essen 1920","GWD Minden",16,18,FALSE,1,NA,NA,0,0,0,NA,0,0,0,0,0,0,NA,NA,NA,NA,NA,NA,NA,NA,0,0,0,0,NA,NA,NA,NA,NA
"Klaus Kirschner","bae43a44-3955-11ef-ae7c-ab397f561917",NA,NA,1973,"11/23/1973","5cfae02e-3960-11ef-afc3-7b2e16e5ffcd","home","SC Phönix Essen 1920","GWD Minden",16,18,FALSE,1,NA,NA,0,0,0,NA,0,0,0,0,0,0,NA,NA,NA,NA,NA,NA,NA,NA,0,0,0,0,NA,NA,NA,NA,NA
"Manfred Schaper","bd401c7e-3955-11ef-8d67-ab397f561917",NA,NA,1973,"11/23/1973","5cfae02e-3960-11ef-afc3-7b2e16e5ffcd","home","SC Phönix Essen 1920","GWD Minden",16,18,FALSE,0,NA,NA,0,0,0,NA,0,0,0,0,0,0,NA,NA,NA,NA,NA,NA,NA,NA,0,0,0,0,NA,NA,NA,NA,NA
"Norbert Kroker","bd441662-3955-11ef-b771-ab397f561917",NA,NA,1973,"11/23/1973","5cfae02e-3960-11ef-afc3-7b2e16e5ffcd","home","SC Phönix Essen 1920","GWD Minden",16,18,FALSE,4,NA,NA,0,0,2,NA,0,0,0,0,0,0,NA,NA,NA,NA,NA,NA,NA,NA,0,0,0,0,NA,NA,NA,NA,NA
"Manfred Wolf","bd4f3381-3955-11ef-904e-ab397f561917",NA,NA,1973,"11/23/1973","5cfae02e-3960-11ef-afc3-7b2e16e5ffcd","home","SC Phönix Essen 1920","GWD Minden",16,18,FALSE,2,NA,NA,0,0,0,NA,0,0,0,0,0,0,NA,NA,NA,NA,NA,NA,NA,NA,0,0,0,0,NA,NA,NA,NA,NA
"Rainer Hill","bd56ea43-3955-11ef-a0dc-ab397f561917",NA,NA,1973,"11/23/1973","5cfae02e-3960-11ef-afc3-7b2e16e5ffcd","home","SC Phönix Essen 1920","GWD Minden",16,18,FALSE,0,NA,NA,0,0,0,NA,0,0,0,0,0,0,NA,NA,NA,NA,NA,NA,NA,NA,0,0,0,0,NA,NA,NA,NA,NA
"Jürgen Pook","8c289b4b-3955-11ef-889f-81dc40648355",NA,NA,1973,"11/23/1973","5cfae02e-3960-11ef-afc3-7b2e16e5ffcd","away","GWD Minden","SC Phönix Essen 1920",18,16,TRUE,0,NA,NA,0,0,0,NA,0,0,0,0,0,0,NA,NA,NA,NA,NA,NA,NA,NA,0,0,0,0,NA,NA,NA,NA,NA
"Bernhard Busch","8dc9280f-3955-11ef-80e2-81dc40648355",NA,NA,1973,"11/23/1973","5cfae02e-3960-11ef-afc3-7b2e16e5ffcd","away","GWD Minden","SC Phönix Essen 1920",18,16,TRUE,0,NA,NA,0,0,0,NA,0,0,0,0,0,0,NA,NA,NA,NA,NA,NA,NA,NA,0,0,0,0,NA,NA,NA,NA,NA
"Gerd Becker","96f1e245-3955-11ef-80bc-292be3190b7b",NA,NA,1973,"11/23/1973","5cfae02e-3960-11ef-afc3-7b2e16e5ffcd","away","GWD Minden","SC Phönix Essen 1920",18,16,TRUE,2,NA,NA,0,0,0,NA,0,0,0,0,0,0,NA,NA,NA,NA,NA,NA,NA,NA,0,0,0,0,NA,NA,NA,NA,NA
"Gerald Schüler","96fc1532-3955-11ef-bddd-292be3190b7b",NA,NA,1973,"11/23/1973","5cfae02e-3960-11ef-afc3-7b2e16e5ffcd","away","GWD Minden","SC Phönix Essen 1920",18,16,TRUE,0,NA,NA,0,0,0,NA,0,0,0,0,0,0,NA,NA,NA,NA,NA,NA,NA,NA,0,0,0,0,NA,NA,NA,NA,NA
"Martin Karcher","980f80ce-3955-11ef-8054-292be3190b7b",NA,NA,1973,"11/23/1973","5cfae02e-3960-11ef-afc3-7b2e16e5ffcd","away","GWD Minden","SC Phönix Essen 1920",18,16,TRUE,0,NA,NA,0,0,0,NA,0,0,0,0,0,0,NA,NA,NA,NA,NA,NA,NA,NA,0,0,0,0,NA,NA,NA,NA,NA
"Gerhard Buddenbohm","98e2ecac-3955-11ef-b2de-292be3190b7b",NA,NA,1973,"11/23/1973","5cfae02e-3960-11ef-afc3-7b2e16e5ffcd","away","GWD Minden","SC Phönix Essen 1920",18,16,TRUE,3,NA,NA,0,0,0,NA,0,0,0,0,0,0,NA,NA,NA,NA,NA,NA,NA,NA,0,0,0,0,NA,NA,NA,NA,NA
"Hans Kramer","98f50290-3955-11ef-8aa8-292be3190b7b",NA,NA,1973,"11/23/1973","5cfae02e-3960-11ef-afc3-7b2e16e5ffcd","away","GWD Minden","SC Phönix Essen 1920",18,16,TRUE,2,NA,NA,0,0,0,NA,0,0,0,0,0,0,NA,NA,NA,NA,NA,NA,NA,NA,0,0,0,0,NA,NA,NA,NA,NA
"Wilfried Meyer","a34b2aa0-3955-11ef-a79c-2510cc07ea6e",NA,NA,1973,"11/23/1973","5cfae02e-3960-11ef-afc3-7b2e16e5ffcd","away","GWD Minden","SC Phönix Essen 1920",18,16,TRUE,0,NA,NA,0,0,0,NA,0,0,0,0,0,0,NA,NA,NA,NA,NA,NA,NA,NA,0,0,0,0,NA,NA,NA,NA,NA
"Jobst-Erich Rehse","b00be251-3955-11ef-ac35-a36230ada079",NA,NA,1973,"11/23/1973","5cfae02e-3960-11ef-afc3-7b2e16e5ffcd","away","GWD Minden","SC Phönix Essen 1920",18,16,TRUE,2,NA,NA,0,0,0,NA,0,0,0,0,0,0,NA,NA,NA,NA,NA,NA,NA,NA,0,0,0,0,NA,NA,NA,NA,NA
"Bernd Munck","ba5ee5e3-3955-11ef-9f80-ab397f561917",NA,NA,1973,"11/23/1973","5cfae02e-3960-11ef-afc3-7b2e16e5ffcd","away","GWD Minden","SC Phönix Essen 1920",18,16,TRUE,5,NA,NA,0,0,5,NA,0,0,0,0,0,0,NA,NA,NA,NA,NA,NA,NA,NA,0,0,0,0,NA,NA,NA,NA,NA
"Wilfried Drögemeier","ba63ada7-3955-11ef-a04d-ab397f561917",NA,NA,1973,"11/23/1973","5cfae02e-3960-11ef-afc3-7b2e16e5ffcd","away","GWD Minden","SC Phönix Essen 1920",18,16,TRUE,1,NA,NA,0,0,0,NA,0,0,0,0,0,0,NA,NA,NA,NA,NA,NA,NA,NA,0,0,0,0,NA,NA,NA,NA,NA
"Otto Weng","bcfbec1c-3955-11ef-b4f4-ab397f561917",NA,NA,1973,"11/23/1973","5cfae02e-3960-11ef-afc3-7b2e16e5ffcd","away","GWD Minden","SC Phönix Essen 1920",18,16,TRUE,3,NA,NA,0,0,0,NA,0,0,0,0,0,0,NA,NA,NA,NA,NA,NA,NA,NA,0,0,0,0,NA,NA,NA,NA,NA
"Harald Lüth","a552c518-3955-11ef-8a68-2510cc07ea6e",NA,NA,1973,"11/23/1973","5de8addd-3960-11ef-92cf-7b2e16e5ffcd","home","VfL Lübeck-Schwartau","Hamburger SV",20,17,TRUE,1,NA,NA,0,0,0,NA,0,0,0,0,0,0,NA,NA,NA,NA,NA,NA,NA,NA,0,0,0,0,NA,NA,NA,NA,NA
"Michael Dogs","b0cecb4a-3955-11ef-b665-a36230ada079",NA,NA,1973,"11/23/1973","5de8addd-3960-11ef-92cf-7b2e16e5ffcd","home","VfL Lübeck-Schwartau","Hamburger SV",20,17,TRUE,0,NA,NA,0,0,0,NA,0,0,0,0,0,0,NA,NA,NA,NA,NA,NA,NA,NA,0,0,0,0,NA,NA,NA,NA,NA
"Ulrich Kleinstoll","b0f37438-3955-11ef-84e6-a36230ada079",NA,NA,1973,"11/23/1973","5de8addd-3960-11ef-92cf-7b2e16e5ffcd","home","VfL Lübeck-Schwartau","Hamburger SV",20,17,TRUE,1,NA,NA,0,0,0,NA,0,0,0,0,0,0,NA,NA,NA,NA,NA,NA,NA,NA,0,0,0,0,NA,NA,NA,NA,NA
"Thomas Kluth","b0f877c0-3955-11ef-a314-a36230ada079",NA,NA,1973,"11/23/1973","5de8addd-3960-11ef-92cf-7b2e16e5ffcd","home","VfL Lübeck-Schwartau","Hamburger SV",20,17,TRUE,1,NA,NA,0,0,0,NA,0,0,0,0,0,0,NA,NA,NA,NA,NA,NA,NA,NA,0,0,0,0,NA,NA,NA,NA,NA
"Hans-Martin Müller-Wolf","b1020054-3955-11ef-8e79-a36230ada079",NA,NA,1973,"11/23/1973","5de8addd-3960-11ef-92cf-7b2e16e5ffcd","home","VfL Lübeck-Schwartau","Hamburger SV",20,17,TRUE,0,NA,NA,0,0,0,NA,0,0,0,0,0,0,NA,NA,NA,NA,NA,NA,NA,NA,0,0,0,0,NA,NA,NA,NA,NA
"Siegfried Berg","b10d3ec3-3955-11ef-8a30-a36230ada079",NA,NA,1973,"11/23/1973","5de8addd-3960-11ef-92cf-7b2e16e5ffcd","home","VfL Lübeck-Schwartau","Hamburger SV",20,17,TRUE,1,NA,NA,0,0,0,NA,0,0,0,0,0,0,NA,NA,NA,NA,NA,NA,NA,NA,0,0,0,0,NA,NA,NA,NA,NA
"Wolfgang Braun","b1a4c388-3955-11ef-92b7-a36230ada079",NA,NA,1973,"11/23/1973","5de8addd-3960-11ef-92cf-7b2e16e5ffcd","home","VfL Lübeck-Schwartau","Hamburger SV",20,17,TRUE,3,NA,NA,0,0,0,NA,0,0,0,0,0,0,NA,NA,NA,NA,NA,NA,NA,NA,0,0,0,0,NA,NA,NA,NA,NA
"Bernd Heiden","baf62966-3955-11ef-b7e1-ab397f561917",NA,NA,1973,"11/23/1973","5de8addd-3960-11ef-92cf-7b2e16e5ffcd","home","VfL Lübeck-Schwartau","Hamburger SV",20,17,TRUE,2,NA,NA,0,0,0,NA,0,0,0,0,0,0,NA,NA,NA,NA,NA,NA,NA,NA,0,0,0,0,NA,NA,NA,NA,NA
"Klaus Lange","bafb51f3-3955-11ef-9864-ab397f561917",NA,NA,1973,"11/23/1973","5de8addd-3960-11ef-92cf-7b2e16e5ffcd","home","VfL Lübeck-Schwartau","Hamburger SV",20,17,TRUE,11,NA,NA,0,0,4,NA,0,0,0,0,0,0,NA,NA,NA,NA,NA,NA,NA,NA,0,0,0,0,NA,NA,NA,NA,NA
"Georg Pohl","baff6cee-3955-11ef-a80f-ab397f561917",NA,NA,1973,"11/23/1973","5de8addd-3960-11ef-92cf-7b2e16e5ffcd","home","VfL Lübeck-Schwartau","Hamburger SV",20,17,TRUE,0,NA,NA,0,0,0,NA,0,0,0,0,0,0,NA,NA,NA,NA,NA,NA,NA,NA,0,0,0,0,NA,NA,NA,NA,NA
"Manfred Kuhnke","bb039049-3955-11ef-bdc6-ab397f561917",NA,NA,1973,"11/23/1973","5de8addd-3960-11ef-92cf-7b2e16e5ffcd","home","VfL Lübeck-Schwartau","Hamburger SV",20,17,TRUE,0,NA,NA,0,0,0,NA,0,0,0,0,0,0,NA,NA,NA,NA,NA,NA,NA,NA,0,0,0,0,NA,NA,NA,NA,NA
"Peter Pickel","8c973b42-3955-11ef-8c71-81dc40648355",NA,NA,1973,"11/23/1973","5de8addd-3960-11ef-92cf-7b2e16e5ffcd","away","Hamburger SV","VfL Lübeck-Schwartau",17,20,FALSE,8,NA,NA,0,0,3,NA,0,0,0,0,0,0,NA,NA,NA,NA,NA,NA,NA,NA,0,0,0,0,NA,NA,NA,NA,NA
"Hans-Jürgen Bode","b011e6da-3955-11ef-8205-a36230ada079",NA,NA,1973,"11/23/1973","5de8addd-3960-11ef-92cf-7b2e16e5ffcd","away","Hamburger SV","VfL Lübeck-Schwartau",17,20,FALSE,0,NA,NA,0,0,0,NA,0,0,0,0,0,0,NA,NA,NA,NA,NA,NA,NA,NA,0,0,0,0,NA,NA,NA,NA,NA
"Rainer Witt","b02adaad-3955-11ef-b8c4-a36230ada079",NA,NA,1973,"11/23/1973","5de8addd-3960-11ef-92cf-7b2e16e5ffcd","away","Hamburger SV","VfL Lübeck-Schwartau",17,20,FALSE,1,NA,NA,0,0,0,NA,0,0,0,0,0,0,NA,NA,NA,NA,NA,NA,NA,NA,0,0,0,0,NA,NA,NA,NA,NA
"Jens Ivers","b02f4aea-3955-11ef-801e-a36230ada079",NA,NA,1973,"11/23/1973","5de8addd-3960-11ef-92cf-7b2e16e5ffcd","away","Hamburger SV","VfL Lübeck-Schwartau",17,20,FALSE,0,NA,NA,0,0,0,NA,0,0,0,0,0,0,NA,NA,NA,NA,NA,NA,NA,NA,0,0,0,0,NA,NA,NA,NA,NA
"Hans-Joachim Beißel","b0341bcb-3955-11ef-9e08-a36230ada079",NA,NA,1973,"11/23/1973","5de8addd-3960-11ef-92cf-7b2e16e5ffcd","away","Hamburger SV","VfL Lübeck-Schwartau",17,20,FALSE,1,NA,NA,0,0,0,NA,0,0,0,0,0,0,NA,NA,NA,NA,NA,NA,NA,NA,0,0,0,0,NA,NA,NA,NA,NA
"Norbert Germer","b03f8101-3955-11ef-8945-a36230ada079",NA,NA,1973,"11/23/1973","5de8addd-3960-11ef-92cf-7b2e16e5ffcd","away","Hamburger SV","VfL Lübeck-Schwartau",17,20,FALSE,2,NA,NA,0,0,0,NA,0,0,0,0,0,0,NA,NA,NA,NA,NA,NA,NA,NA,0,0,0,0,NA,NA,NA,NA,NA
"Uwe Tesloff","b049ae56-3955-11ef-a5f7-a36230ada079",NA,NA,1973,"11/23/1973","5de8addd-3960-11ef-92cf-7b2e16e5ffcd","away","Hamburger SV","VfL Lübeck-Schwartau",17,20,FALSE,1,NA,NA,0,0,0,NA,0,0,0,0,0,0,NA,NA,NA,NA,NA,NA,NA,NA,0,0,0,0,NA,NA,NA,NA,NA
"Hartwig Reich","ba6cb3c8-3955-11ef-9f64-ab397f561917",NA,NA,1973,"11/23/1973","5de8addd-3960-11ef-92cf-7b2e16e5ffcd","away","Hamburger SV","VfL Lübeck-Schwartau",17,20,FALSE,1,NA,NA,0,0,0,NA,0,0,0,0,0,0,NA,NA,NA,NA,NA,NA,NA,NA,0,0,0,0,NA,NA,NA,NA,NA
"Dieter Minke","bd0cde0f-3955-11ef-91c1-ab397f561917",NA,NA,1973,"11/23/1973","5de8addd-3960-11ef-92cf-7b2e16e5ffcd","away","Hamburger SV","VfL Lübeck-Schwartau",17,20,FALSE,0,NA,NA,0,0,0,NA,0,0,0,0,0,0,NA,NA,NA,NA,NA,NA,NA,NA,0,0,0,0,NA,NA,NA,NA,NA
"Rüdiger Heß","bd122db8-3955-11ef-9b21-ab397f561917",NA,NA,1973,"11/23/1973","5de8addd-3960-11ef-92cf-7b2e16e5ffcd","away","Hamburger SV","VfL Lübeck-Schwartau",17,20,FALSE,3,NA,NA,0,0,0,NA,0,0,0,0,0,0,NA,NA,NA,NA,NA,NA,NA,NA,0,0,0,0,NA,NA,NA,NA,NA
"Karsten Sick","bd16289b-3955-11ef-9343-ab397f561917",NA,NA,1973,"11/23/1973","5de8addd-3960-11ef-92cf-7b2e16e5ffcd","away","Hamburger SV","VfL Lübeck-Schwartau",17,20,FALSE,0,NA,NA,0,0,0,NA,0,0,0,0,0,0,NA,NA,NA,NA,NA,NA,NA,NA,0,0,0,0,NA,NA,NA,NA,NA
"Walter Don","73f54ad3-3955-11ef-b2c6-51fdf2a82730",NA,NA,1973,"11/24/1973","67c013ad-3960-11ef-89c0-2906cc9fb6bc","home","TV 05/07 Hüttenberg","TV 1893 Neuhausen",14,9,TRUE,2,NA,NA,0,0,0,NA,0,0,0,0,0,0,NA,NA,NA,NA,NA,NA,NA,NA,0,0,0,0,NA,NA,NA,NA,NA
"Hans-Jürgen Völpel","80753eec-3955-11ef-bd2e-b908c60af10a",NA,NA,1973,"11/24/1973","67c013ad-3960-11ef-89c0-2906cc9fb6bc","home","TV 05/07 Hüttenberg","TV 1893 Neuhausen",14,9,TRUE,0,NA,NA,0,0,0,NA,0,0,0,0,0,0,NA,NA,NA,NA,NA,NA,NA,NA,0,0,0,0,NA,NA,NA,NA,NA
"Horst Spengler","80adf446-3955-11ef-a1e6-b908c60af10a",NA,NA,1973,"11/24/1973","67c013ad-3960-11ef-89c0-2906cc9fb6bc","home","TV 05/07 Hüttenberg","TV 1893 Neuhausen",14,9,TRUE,3,NA,NA,0,0,0,NA,0,0,0,0,0,0,NA,NA,NA,NA,NA,NA,NA,NA,0,0,0,0,NA,NA,NA,NA,NA
"Peter Barthelmey","99855e8f-3955-11ef-b9a4-292be3190b7b",NA,NA,1973,"11/24/1973","67c013ad-3960-11ef-89c0-2906cc9fb6bc","home","TV 05/07 Hüttenberg","TV 1893 Neuhausen",14,9,TRUE,0,NA,NA,0,0,3,NA,0,0,0,0,0,0,NA,NA,NA,NA,NA,NA,NA,NA,0,0,0,0,NA,NA,NA,NA,NA
"Richard Boczkowski","a1b43836-3955-11ef-934f-2510cc07ea6e",NA,NA,1973,"11/24/1973","67c013ad-3960-11ef-89c0-2906cc9fb6bc","home","TV 05/07 Hüttenberg","TV 1893 Neuhausen",14,9,TRUE,1,NA,NA,0,0,0,NA,0,0,0,0,0,0,NA,NA,NA,NA,NA,NA,NA,NA,0,0,0,0,NA,NA,NA,NA,NA
"Norbert Bach","a3be6ba6-3955-11ef-9511-2510cc07ea6e",NA,NA,1973,"11/24/1973","67c013ad-3960-11ef-89c0-2906cc9fb6bc","home","TV 05/07 Hüttenberg","TV 1893 Neuhausen",14,9,TRUE,1,NA,NA,0,0,0,NA,0,0,0,0,0,0,NA,NA,NA,NA,NA,NA,NA,NA,0,0,0,0,NA,NA,NA,NA,NA
"Stefan Schicketanz","a3d099d4-3955-11ef-90b6-2510cc07ea6e",NA,NA,1973,"11/24/1973","67c013ad-3960-11ef-89c0-2906cc9fb6bc","home","TV 05/07 Hüttenberg","TV 1893 Neuhausen",14,9,TRUE,0,NA,NA,0,0,0,NA,0,0,0,0,0,0,NA,NA,NA,NA,NA,NA,NA,NA,0,0,0,0,NA,NA,NA,NA,NA
"Udo Uebbing","ae4823ea-3955-11ef-93ce-a36230ada079",NA,NA,1973,"11/24/1973","67c013ad-3960-11ef-89c0-2906cc9fb6bc","home","TV 05/07 Hüttenberg","TV 1893 Neuhausen",14,9,TRUE,3,NA,NA,0,0,0,NA,0,0,0,0,0,0,NA,NA,NA,NA,NA,NA,NA,NA,0,0,0,0,NA,NA,NA,NA,NA
"Rolf Kunz","bb7de91c-3955-11ef-8de2-ab397f561917",NA,NA,1973,"11/24/1973","67c013ad-3960-11ef-89c0-2906cc9fb6bc","home","TV 05/07 Hüttenberg","TV 1893 Neuhausen",14,9,TRUE,1,NA,NA,0,0,0,NA,0,0,0,0,0,0,NA,NA,NA,NA,NA,NA,NA,NA,0,0,0,0,NA,NA,NA,NA,NA
"Rainer Joost","bb83a6fb-3955-11ef-b43f-ab397f561917",NA,NA,1973,"11/24/1973","67c013ad-3960-11ef-89c0-2906cc9fb6bc","home","TV 05/07 Hüttenberg","TV 1893 Neuhausen",14,9,TRUE,0,NA,NA,0,0,0,NA,0,0,0,0,0,0,NA,NA,NA,NA,NA,NA,NA,NA,0,0,0,0,NA,NA,NA,NA,NA
"Dieter Beckmann","bb888d20-3955-11ef-b8c5-ab397f561917",NA,NA,1973,"11/24/1973","67c013ad-3960-11ef-89c0-2906cc9fb6bc","home","TV 05/07 Hüttenberg","TV 1893 Neuhausen",14,9,TRUE,0,NA,NA,0,0,0,NA,0,0,0,0,0,0,NA,NA,NA,NA,NA,NA,NA,NA,0,0,0,0,NA,NA,NA,NA,NA
"Andrija Kotlas","bde016f5-3955-11ef-b96c-ab397f561917",NA,NA,1973,"11/24/1973","67c013ad-3960-11ef-89c0-2906cc9fb6bc","home","TV 05/07 Hüttenberg","TV 1893 Neuhausen",14,9,TRUE,3,NA,NA,0,0,0,NA,0,0,0,0,0,0,NA,NA,NA,NA,NA,NA,NA,NA,0,0,0,0,NA,NA,NA,NA,NA
"Walter Salzer","8d394c72-3955-11ef-8d73-81dc40648355",NA,NA,1973,"11/24/1973","67c013ad-3960-11ef-89c0-2906cc9fb6bc","away","TV 1893 Neuhausen","TV 05/07 Hüttenberg",9,14,FALSE,2,NA,NA,0,0,0,NA,0,0,0,0,0,0,NA,NA,NA,NA,NA,NA,NA,NA,0,0,0,0,NA,NA,NA,NA,NA
"Hermann Fritz","a4231bd1-3955-11ef-8299-2510cc07ea6e",NA,NA,1973,"11/24/1973","67c013ad-3960-11ef-89c0-2906cc9fb6bc","away","TV 1893 Neuhausen","TV 05/07 Hüttenberg",9,14,FALSE,0,NA,NA,0,0,0,NA,0,0,0,0,0,0,NA,NA,NA,NA,NA,NA,NA,NA,0,0,0,0,NA,NA,NA,NA,NA
"Klaus Stoll","a42e01cc-3955-11ef-b661-2510cc07ea6e",NA,NA,1973,"11/24/1973","67c013ad-3960-11ef-89c0-2906cc9fb6bc","away","TV 1893 Neuhausen","TV 05/07 Hüttenberg",9,14,FALSE,0,NA,NA,0,0,0,NA,0,0,0,0,0,0,NA,NA,NA,NA,NA,NA,NA,NA,0,0,0,0,NA,NA,NA,NA,NA
"Julius Lehmann","a448c9e2-3955-11ef-9bf8-2510cc07ea6e",NA,NA,1973,"11/24/1973","67c013ad-3960-11ef-89c0-2906cc9fb6bc","away","TV 1893 Neuhausen","TV 05/07 Hüttenberg",9,14,FALSE,1,NA,NA,0,0,0,NA,0,0,0,0,0,0,NA,NA,NA,NA,NA,NA,NA,NA,0,0,0,0,NA,NA,NA,NA,NA
"Wolfgang Ruoff","b21c931a-3955-11ef-96d4-a36230ada079",NA,NA,1973,"11/24/1973","67c013ad-3960-11ef-89c0-2906cc9fb6bc","away","TV 1893 Neuhausen","TV 05/07 Hüttenberg",9,14,FALSE,0,NA,NA,0,0,0,NA,0,0,0,0,0,0,NA,NA,NA,NA,NA,NA,NA,NA,0,0,0,0,NA,NA,NA,NA,NA
"Johann Högl","b2211f04-3955-11ef-a5bd-a36230ada079",NA,NA,1973,"11/24/1973","67c013ad-3960-11ef-89c0-2906cc9fb6bc","away","TV 1893 Neuhausen","TV 05/07 Hüttenberg",9,14,FALSE,0,NA,NA,0,0,0,NA,0,0,0,0,0,0,NA,NA,NA,NA,NA,NA,NA,NA,0,0,0,0,NA,NA,NA,NA,NA
"Martin Streicher","b2277c0b-3955-11ef-b9c1-a36230ada079",NA,NA,1973,"11/24/1973","67c013ad-3960-11ef-89c0-2906cc9fb6bc","away","TV 1893 Neuhausen","TV 05/07 Hüttenberg",9,14,FALSE,1,NA,NA,0,0,0,NA,0,0,0,0,0,0,NA,NA,NA,NA,NA,NA,NA,NA,0,0,0,0,NA,NA,NA,NA,NA
"Kurt Reusch","b22cb722-3955-11ef-b081-a36230ada079",NA,NA,1973,"11/24/1973","67c013ad-3960-11ef-89c0-2906cc9fb6bc","away","TV 1893 Neuhausen","TV 05/07 Hüttenberg",9,14,FALSE,4,NA,NA,0,0,4,NA,0,0,0,0,0,0,NA,NA,NA,NA,NA,NA,NA,NA,0,0,0,0,NA,NA,NA,NA,NA
"Harald Streicher","b2329757-3955-11ef-8e1c-a36230ada079",NA,NA,1973,"11/24/1973","67c013ad-3960-11ef-89c0-2906cc9fb6bc","away","TV 1893 Neuhausen","TV 05/07 Hüttenberg",9,14,FALSE,0,NA,NA,0,0,0,NA,0,0,0,0,0,0,NA,NA,NA,NA,NA,NA,NA,NA,0,0,0,0,NA,NA,NA,NA,NA
"Bernd Scheid","c71f654f-3955-11ef-a98f-157c9bc18a5f",NA,NA,1973,"11/24/1973","67c013ad-3960-11ef-89c0-2906cc9fb6bc","away","TV 1893 Neuhausen","TV 05/07 Hüttenberg",9,14,FALSE,1,NA,NA,0,0,0,NA,0,0,0,0,0,0,NA,NA,NA,NA,NA,NA,NA,NA,0,0,0,0,NA,NA,NA,NA,NA
"Klaus Streicher","c728c012-3955-11ef-9cab-157c9bc18a5f",NA,NA,1973,"11/24/1973","67c013ad-3960-11ef-89c0-2906cc9fb6bc","away","TV 1893 Neuhausen","TV 05/07 Hüttenberg",9,14,FALSE,0,NA,NA,0,0,0,NA,0,0,0,0,0,0,NA,NA,NA,NA,NA,NA,NA,NA,0,0,0,0,NA,NA,NA,NA,NA
"Kurt Klühspies","5ac3e7d7-3955-11ef-b574-4fa817cd91bb",NA,NA,1973,"11/24/1973","69a8f65b-3960-11ef-aaec-2906cc9fb6bc","home","TV Großwallstadt","SG Dietzenbach",27,19,TRUE,6,NA,NA,0,0,1,NA,0,0,0,0,0,0,NA,NA,NA,NA,NA,NA,NA,NA,0,0,0,0,NA,NA,NA,NA,NA
"Manfred Hofmann","6855eb0b-3955-11ef-8cb3-292be3190b7b",NA,NA,1973,"11/24/1973","69a8f65b-3960-11ef-aaec-2906cc9fb6bc","home","TV Großwallstadt","SG Dietzenbach",27,19,TRUE,0,NA,NA,0,0,0,NA,0,0,0,0,0,0,NA,NA,NA,NA,NA,NA,NA,NA,0,0,0,0,NA,NA,NA,NA,NA
"Thomas Sinsel","8adb8152-3955-11ef-b2de-81dc40648355",NA,NA,1973,"11/24/1973","69a8f65b-3960-11ef-aaec-2906cc9fb6bc","home","TV Großwallstadt","SG Dietzenbach",27,19,TRUE,0,NA,NA,0,0,0,NA,0,0,0,0,0,0,NA,NA,NA,NA,NA,NA,NA,NA,0,0,0,0,NA,NA,NA,NA,NA
"Manfred Schwarz","96d98e53-3955-11ef-a3c9-292be3190b7b",NA,NA,1973,"11/24/1973","69a8f65b-3960-11ef-aaec-2906cc9fb6bc","home","TV Großwallstadt","SG Dietzenbach",27,19,TRUE,3,NA,NA,0,0,0,NA,0,0,0,0,0,0,NA,NA,NA,NA,NA,NA,NA,NA,0,0,0,0,NA,NA,NA,NA,NA
"Arno Böckling","a3c38db5-3955-11ef-810f-2510cc07ea6e",NA,NA,1973,"11/24/1973","69a8f65b-3960-11ef-aaec-2906cc9fb6bc","home","TV Großwallstadt","SG Dietzenbach",27,19,TRUE,5,NA,NA,0,0,0,NA,0,0,0,0,0,0,NA,NA,NA,NA,NA,NA,NA,NA,0,0,0,0,NA,NA,NA,NA,NA
"Eckhardt Suffel","aeac0503-3955-11ef-88c6-a36230ada079",NA,NA,1973,"11/24/1973","69a8f65b-3960-11ef-aaec-2906cc9fb6bc","home","TV Großwallstadt","SG Dietzenbach",27,19,TRUE,3,NA,NA,0,0,0,NA,0,0,0,0,0,0,NA,NA,NA,NA,NA,NA,NA,NA,0,0,0,0,NA,NA,NA,NA,NA
"Norbert Klein","b18179dc-3955-11ef-acc0-a36230ada079",NA,NA,1973,"11/24/1973","69a8f65b-3960-11ef-aaec-2906cc9fb6bc","home","TV Großwallstadt","SG Dietzenbach",27,19,TRUE,4,NA,NA,0,0,0,NA,0,0,0,0,0,0,NA,NA,NA,NA,NA,NA,NA,NA,0,0,0,0,NA,NA,NA,NA,NA
"Dieter Heß","bbc55957-3955-11ef-a14e-ab397f561917",NA,NA,1973,"11/24/1973","69a8f65b-3960-11ef-aaec-2906cc9fb6bc","home","TV Großwallstadt","SG Dietzenbach",27,19,TRUE,0,NA,NA,0,0,0,NA,0,0,0,0,0,0,NA,NA,NA,NA,NA,NA,NA,NA,0,0,0,0,NA,NA,NA,NA,NA
"Robert Welter","bdfd19db-3955-11ef-981e-ab397f561917",NA,NA,1973,"11/24/1973","69a8f65b-3960-11ef-aaec-2906cc9fb6bc","home","TV Großwallstadt","SG Dietzenbach",27,19,TRUE,0,NA,NA,0,0,0,NA,0,0,0,0,0,0,NA,NA,NA,NA,NA,NA,NA,NA,0,0,0,0,NA,NA,NA,NA,NA
"Herbert Kunkel","be058ce8-3955-11ef-a8d1-ab397f561917",NA,NA,1973,"11/24/1973","69a8f65b-3960-11ef-aaec-2906cc9fb6bc","home","TV Großwallstadt","SG Dietzenbach",27,19,TRUE,0,NA,NA,0,0,0,NA,0,0,0,0,0,0,NA,NA,NA,NA,NA,NA,NA,NA,0,0,0,0,NA,NA,NA,NA,NA
"Rainer Oberle","be123408-3955-11ef-92a6-ab397f561917",NA,NA,1973,"11/24/1973","69a8f65b-3960-11ef-aaec-2906cc9fb6bc","home","TV Großwallstadt","SG Dietzenbach",27,19,TRUE,5,NA,NA,0,0,0,NA,0,0,0,0,0,0,NA,NA,NA,NA,NA,NA,NA,NA,0,0,0,0,NA,NA,NA,NA,NA
"Josef Karrer","be167639-3955-11ef-ac70-ab397f561917",NA,NA,1973,"11/24/1973","69a8f65b-3960-11ef-aaec-2906cc9fb6bc","home","TV Großwallstadt","SG Dietzenbach",27,19,TRUE,1,NA,NA,0,0,1,NA,0,0,0,0,0,0,NA,NA,NA,NA,NA,NA,NA,NA,0,0,0,0,NA,NA,NA,NA,NA
"Heinz-Theo Kaus","8086fdf9-3955-11ef-938f-b908c60af10a",NA,NA,1973,"11/24/1973","69a8f65b-3960-11ef-aaec-2906cc9fb6bc","away","SG Dietzenbach","TV Großwallstadt",19,27,FALSE,0,NA,NA,0,0,0,NA,0,0,0,0,0,0,NA,NA,NA,NA,NA,NA,NA,NA,0,0,0,0,NA,NA,NA,NA,NA
"Heinz-Walter Behne","8be65881-3955-11ef-8872-81dc40648355",NA,NA,1973,"11/24/1973","69a8f65b-3960-11ef-aaec-2906cc9fb6bc","away","SG Dietzenbach","TV Großwallstadt",19,27,FALSE,3,NA,NA,0,0,0,NA,0,0,0,0,0,0,NA,NA,NA,NA,NA,NA,NA,NA,0,0,0,0,NA,NA,NA,NA,NA
"Herbert Wehnert","96e104db-3955-11ef-b58d-292be3190b7b",NA,NA,1973,"11/24/1973","69a8f65b-3960-11ef-aaec-2906cc9fb6bc","away","SG Dietzenbach","TV Großwallstadt",19,27,FALSE,5,NA,NA,0,0,2,NA,0,0,0,0,0,0,NA,NA,NA,NA,NA,NA,NA,NA,0,0,0,0,NA,NA,NA,NA,NA
"Wolfgang Hammerl","a2e26d5b-3955-11ef-8fa5-2510cc07ea6e",NA,NA,1973,"11/24/1973","69a8f65b-3960-11ef-aaec-2906cc9fb6bc","away","SG Dietzenbach","TV Großwallstadt",19,27,FALSE,0,NA,NA,0,0,0,NA,0,0,0,0,0,0,NA,NA,NA,NA,NA,NA,NA,NA,0,0,0,0,NA,NA,NA,NA,NA
"Otto Allies","af191a75-3955-11ef-8c7e-a36230ada079",NA,NA,1973,"11/24/1973","69a8f65b-3960-11ef-aaec-2906cc9fb6bc","away","SG Dietzenbach","TV Großwallstadt",19,27,FALSE,3,NA,NA,0,0,0,NA,0,0,0,0,0,0,NA,NA,NA,NA,NA,NA,NA,NA,0,0,0,0,NA,NA,NA,NA,NA
"Heinrich Baum","af2c6c48-3955-11ef-964a-a36230ada079",NA,NA,1973,"11/24/1973","69a8f65b-3960-11ef-aaec-2906cc9fb6bc","away","SG Dietzenbach","TV Großwallstadt",19,27,FALSE,5,NA,NA,0,0,0,NA,0,0,0,0,0,0,NA,NA,NA,NA,NA,NA,NA,NA,0,0,0,0,NA,NA,NA,NA,NA
"Klaus Rettig","b1d1aa4c-3955-11ef-baf9-a36230ada079",NA,NA,1973,"11/24/1973","69a8f65b-3960-11ef-aaec-2906cc9fb6bc","away","SG Dietzenbach","TV Großwallstadt",19,27,FALSE,0,NA,NA,0,0,0,NA,0,0,0,0,0,0,NA,NA,NA,NA,NA,NA,NA,NA,0,0,0,0,NA,NA,NA,NA,NA
"Reinhold Jerwan","b1d5c150-3955-11ef-9027-a36230ada079",NA,NA,1973,"11/24/1973","69a8f65b-3960-11ef-aaec-2906cc9fb6bc","away","SG Dietzenbach","TV Großwallstadt",19,27,FALSE,2,NA,NA,0,0,0,NA,0,0,0,0,0,0,NA,NA,NA,NA,NA,NA,NA,NA,0,0,0,0,NA,NA,NA,NA,NA
"Reinhold Frankenberger","be1b198f-3955-11ef-af2d-ab397f561917",NA,NA,1973,"11/24/1973","69a8f65b-3960-11ef-aaec-2906cc9fb6bc","away","SG Dietzenbach","TV Großwallstadt",19,27,FALSE,0,NA,NA,0,0,0,NA,0,0,0,0,0,0,NA,NA,NA,NA,NA,NA,NA,NA,0,0,0,0,NA,NA,NA,NA,NA
"Herbert Striebel","c682be45-3955-11ef-8eab-157c9bc18a5f",NA,NA,1973,"11/24/1973","69a8f65b-3960-11ef-aaec-2906cc9fb6bc","away","SG Dietzenbach","TV Großwallstadt",19,27,FALSE,0,NA,NA,0,0,0,NA,0,0,0,0,0,0,NA,NA,NA,NA,NA,NA,NA,NA,0,0,0,0,NA,NA,NA,NA,NA
"Norbert Kern","c6961a09-3955-11ef-8bcc-157c9bc18a5f",NA,NA,1973,"11/24/1973","69a8f65b-3960-11ef-aaec-2906cc9fb6bc","away","SG Dietzenbach","TV Großwallstadt",19,27,FALSE,1,NA,NA,0,0,0,NA,0,0,0,0,0,0,NA,NA,NA,NA,NA,NA,NA,NA,0,0,0,0,NA,NA,NA,NA,NA
"Wolfgang Pelzer","c69f3508-3955-11ef-89d5-157c9bc18a5f",NA,NA,1973,"11/24/1973","69a8f65b-3960-11ef-aaec-2906cc9fb6bc","away","SG Dietzenbach","TV Großwallstadt",19,27,FALSE,0,NA,NA,0,0,0,NA,0,0,0,0,0,0,NA,NA,NA,NA,NA,NA,NA,NA,0,0,0,0,NA,NA,NA,NA,NA
"Wolfgang Sommerfeld","74c0be88-3955-11ef-89fd-51fdf2a82730",NA,NA,1973,"11/24/1973","6ae09129-3960-11ef-851e-2906cc9fb6bc","home","TSV Milbertshofen","FRISCH AUF! Göppingen",13,13,FALSE,1,NA,NA,0,0,0,NA,0,0,0,0,0,0,NA,NA,NA,NA,NA,NA,NA,NA,0,0,0,0,NA,NA,NA,NA,NA
"Udo Böbel","80d4ba37-3955-11ef-9d8b-b908c60af10a",NA,NA,1973,"11/24/1973","6ae09129-3960-11ef-851e-2906cc9fb6bc","home","TSV Milbertshofen","FRISCH AUF! Göppingen",13,13,FALSE,1,NA,NA,0,0,1,NA,0,0,0,0,0,0,NA,NA,NA,NA,NA,NA,NA,NA,0,0,0,0,NA,NA,NA,NA,NA
"Peter Jaschke","8b728782-3955-11ef-8da6-81dc40648355",NA,NA,1973,"11/24/1973","6ae09129-3960-11ef-851e-2906cc9fb6bc","home","TSV Milbertshofen","FRISCH AUF! Göppingen",13,13,FALSE,0,NA,NA,0,0,0,NA,0,0,0,0,0,0,NA,NA,NA,NA,NA,NA,NA,NA,0,0,0,0,NA,NA,NA,NA,NA
"Werner Winkelmeier","9712104e-3955-11ef-9613-292be3190b7b",NA,NA,1973,"11/24/1973","6ae09129-3960-11ef-851e-2906cc9fb6bc","home","TSV Milbertshofen","FRISCH AUF! Göppingen",13,13,FALSE,3,NA,NA,0,0,0,NA,0,0,0,0,0,0,NA,NA,NA,NA,NA,NA,NA,NA,0,0,0,0,NA,NA,NA,NA,NA
"Gerhard Ochsenkühn","97259ed1-3955-11ef-96ca-292be3190b7b",NA,NA,1973,"11/24/1973","6ae09129-3960-11ef-851e-2906cc9fb6bc","home","TSV Milbertshofen","FRISCH AUF! Göppingen",13,13,FALSE,0,NA,NA,0,0,0,NA,0,0,0,0,0,0,NA,NA,NA,NA,NA,NA,NA,NA,0,0,0,0,NA,NA,NA,NA,NA
"Josef Kiener","972d7d47-3955-11ef-a437-292be3190b7b",NA,NA,1973,"11/24/1973","6ae09129-3960-11ef-851e-2906cc9fb6bc","home","TSV Milbertshofen","FRISCH AUF! Göppingen",13,13,FALSE,3,NA,NA,0,0,3,NA,0,0,0,0,0,0,NA,NA,NA,NA,NA,NA,NA,NA,0,0,0,0,NA,NA,NA,NA,NA
"Rudolf Dobler","97ac407c-3955-11ef-9ea9-292be3190b7b",NA,NA,1973,"11/24/1973","6ae09129-3960-11ef-851e-2906cc9fb6bc","home","TSV Milbertshofen","FRISCH AUF! Göppingen",13,13,FALSE,1,NA,NA,0,0,0,NA,0,0,0,0,0,0,NA,NA,NA,NA,NA,NA,NA,NA,0,0,0,0,NA,NA,NA,NA,NA
"Jochen Heyne","b1c06894-3955-11ef-ab50-a36230ada079",NA,NA,1973,"11/24/1973","6ae09129-3960-11ef-851e-2906cc9fb6bc","home","TSV Milbertshofen","FRISCH AUF! Göppingen",13,13,FALSE,2,NA,NA,0,0,0,NA,0,0,0,0,0,0,NA,NA,NA,NA,NA,NA,NA,NA,0,0,0,0,NA,NA,NA,NA,NA
"Helmut Schelchshorn","b1c960ef-3955-11ef-850b-a36230ada079",NA,NA,1973,"11/24/1973","6ae09129-3960-11ef-851e-2906cc9fb6bc","home","TSV Milbertshofen","FRISCH AUF! Göppingen",13,13,FALSE,0,NA,NA,0,0,0,NA,0,0,0,0,0,0,NA,NA,NA,NA,NA,NA,NA,NA,0,0,0,0,NA,NA,NA,NA,NA
"Axel Pohl","bc16faf2-3955-11ef-a768-ab397f561917",NA,NA,1973,"11/24/1973","6ae09129-3960-11ef-851e-2906cc9fb6bc","home","TSV Milbertshofen","FRISCH AUF! Göppingen",13,13,FALSE,1,NA,NA,0,0,0,NA,0,0,0,0,0,0,NA,NA,NA,NA,NA,NA,NA,NA,0,0,0,0,NA,NA,NA,NA,NA
"Peter Feddern","bc1b1b3e-3955-11ef-9c4e-ab397f561917",NA,NA,1973,"11/24/1973","6ae09129-3960-11ef-851e-2906cc9fb6bc","home","TSV Milbertshofen","FRISCH AUF! Göppingen",13,13,FALSE,1,NA,NA,0,0,0,NA,0,0,0,0,0,0,NA,NA,NA,NA,NA,NA,NA,NA,0,0,0,0,NA,NA,NA,NA,NA
"Armin Emrich","8cdd3680-3955-11ef-a93e-81dc40648355",NA,NA,1973,"11/24/1973","6ae09129-3960-11ef-851e-2906cc9fb6bc","away","FRISCH AUF! Göppingen","TSV Milbertshofen",13,13,FALSE,1,NA,NA,0,0,0,NA,0,0,0,0,0,0,NA,NA,NA,NA,NA,NA,NA,NA,0,0,0,0,NA,NA,NA,NA,NA
"Peter Bucher","8e0071c9-3955-11ef-8ff8-81dc40648355",NA,NA,1973,"11/24/1973","6ae09129-3960-11ef-851e-2906cc9fb6bc","away","FRISCH AUF! Göppingen","TSV Milbertshofen",13,13,FALSE,3,NA,NA,0,0,2,NA,0,0,0,0,0,0,NA,NA,NA,NA,NA,NA,NA,NA,0,0,0,0,NA,NA,NA,NA,NA
"Hans-Eberhard Finkbeiner","a2f451eb-3955-11ef-99da-2510cc07ea6e",NA,NA,1973,"11/24/1973","6ae09129-3960-11ef-851e-2906cc9fb6bc","away","FRISCH AUF! Göppingen","TSV Milbertshofen",13,13,FALSE,0,NA,NA,0,0,0,NA,0,0,0,0,0,0,NA,NA,NA,NA,NA,NA,NA,NA,0,0,0,0,NA,NA,NA,NA,NA
"Wolfgang Don","a2ff75a5-3955-11ef-a510-2510cc07ea6e",NA,NA,1973,"11/24/1973","6ae09129-3960-11ef-851e-2906cc9fb6bc","away","FRISCH AUF! Göppingen","TSV Milbertshofen",13,13,FALSE,0,NA,NA,0,0,0,NA,0,0,0,0,0,0,NA,NA,NA,NA,NA,NA,NA,NA,0,0,0,0,NA,NA,NA,NA,NA
"Werner Fischer","af3a0885-3955-11ef-a884-a36230ada079",NA,NA,1973,"11/24/1973","6ae09129-3960-11ef-851e-2906cc9fb6bc","away","FRISCH AUF! Göppingen","TSV Milbertshofen",13,13,FALSE,0,NA,NA,0,0,0,NA,0,0,0,0,0,0,NA,NA,NA,NA,NA,NA,NA,NA,0,0,0,0,NA,NA,NA,NA,NA
"Siegmund Seeger","af76d008-3955-11ef-b7c9-a36230ada079",NA,NA,1973,"11/24/1973","6ae09129-3960-11ef-851e-2906cc9fb6bc","away","FRISCH AUF! Göppingen","TSV Milbertshofen",13,13,FALSE,0,NA,NA,0,0,0,NA,0,0,0,0,0,0,NA,NA,NA,NA,NA,NA,NA,NA,0,0,0,0,NA,NA,NA,NA,NA
"Hans Brodbeck","b1f00cc3-3955-11ef-b4c9-a36230ada079",NA,NA,1973,"11/24/1973","6ae09129-3960-11ef-851e-2906cc9fb6bc","away","FRISCH AUF! Göppingen","TSV Milbertshofen",13,13,FALSE,0,NA,NA,0,0,0,NA,0,0,0,0,0,0,NA,NA,NA,NA,NA,NA,NA,NA,0,0,0,0,NA,NA,NA,NA,NA
"Paul Epple","bc8167af-3955-11ef-8748-ab397f561917",NA,NA,1973,"11/24/1973","6ae09129-3960-11ef-851e-2906cc9fb6bc","away","FRISCH AUF! Göppingen","TSV Milbertshofen",13,13,FALSE,2,NA,NA,0,0,0,NA,0,0,0,0,0,0,NA,NA,NA,NA,NA,NA,NA,NA,0,0,0,0,NA,NA,NA,NA,NA
"Geir Hallsteinsson","c70adb66-3955-11ef-afb7-157c9bc18a5f",NA,NA,1973,"11/24/1973","6ae09129-3960-11ef-851e-2906cc9fb6bc","away","FRISCH AUF! Göppingen","TSV Milbertshofen",13,13,FALSE,3,NA,NA,0,0,0,NA,0,0,0,0,0,0,NA,NA,NA,NA,NA,NA,NA,NA,0,0,0,0,NA,NA,NA,NA,NA
"Werner Arndt","c71116e0-3955-11ef-85d3-157c9bc18a5f",NA,NA,1973,"11/24/1973","6ae09129-3960-11ef-851e-2906cc9fb6bc","away","FRISCH AUF! Göppingen","TSV Milbertshofen",13,13,FALSE,2,NA,NA,0,0,0,NA,0,0,0,0,0,0,NA,NA,NA,NA,NA,NA,NA,NA,0,0,0,0,NA,NA,NA,NA,NA
"Christian Patzer","c715a1de-3955-11ef-bc54-157c9bc18a5f",NA,NA,1973,"11/24/1973","6ae09129-3960-11ef-851e-2906cc9fb6bc","away","FRISCH AUF! Göppingen","TSV Milbertshofen",13,13,FALSE,2,NA,NA,0,0,0,NA,0,0,0,0,0,0,NA,NA,NA,NA,NA,NA,NA,NA,0,0,0,0,NA,NA,NA,NA,NA
"Günter Schweikardt","d3e60b79-3953-11ef-9e8c-e3f2de03a1b7",NA,NA,1973,"11/24/1973","6ae09129-3960-11ef-851e-2906cc9fb6bc","away","FRISCH AUF! Göppingen","TSV Milbertshofen",13,13,FALSE,0,NA,NA,0,0,0,NA,0,0,0,0,0,0,NA,NA,NA,NA,NA,NA,NA,NA,0,0,0,0,NA,NA,NA,NA,NA
"Manfred Schulz","8bc2b5ea-3955-11ef-8d03-81dc40648355",NA,NA,1973,"11/24/1973","717c2695-3960-11ef-83ab-2906cc9fb6bc","home","TSV 1896 Rintheim","TSV 1846 Butzbach",20,11,TRUE,0,NA,NA,0,0,0,NA,0,0,0,0,0,0,NA,NA,NA,NA,NA,NA,NA,NA,0,0,0,0,NA,NA,NA,NA,NA
"Wolf-Dieter Nagel","8d41486b-3955-11ef-8d22-81dc40648355",NA,NA,1973,"11/24/1973","717c2695-3960-11ef-83ab-2906cc9fb6bc","home","TSV 1896 Rintheim","TSV 1846 Butzbach",20,11,TRUE,1,NA,NA,0,0,0,NA,0,0,0,0,0,0,NA,NA,NA,NA,NA,NA,NA,NA,0,0,0,0,NA,NA,NA,NA,NA
"Franz Bechler","98035d7e-3955-11ef-8b94-292be3190b7b",NA,NA,1973,"11/24/1973","717c2695-3960-11ef-83ab-2906cc9fb6bc","home","TSV 1896 Rintheim","TSV 1846 Butzbach",20,11,TRUE,2,NA,NA,0,0,0,NA,0,0,0,0,0,0,NA,NA,NA,NA,NA,NA,NA,NA,0,0,0,0,NA,NA,NA,NA,NA
"Max Müller","99453a6b-3955-11ef-84c2-292be3190b7b",NA,NA,1973,"11/24/1973","717c2695-3960-11ef-83ab-2906cc9fb6bc","home","TSV 1896 Rintheim","TSV 1846 Butzbach",20,11,TRUE,7,NA,NA,0,0,1,NA,0,0,0,0,0,0,NA,NA,NA,NA,NA,NA,NA,NA,0,0,0,0,NA,NA,NA,NA,NA
"Wilfried Job","af3ed007-3955-11ef-9184-a36230ada079",NA,NA,1973,"11/24/1973","717c2695-3960-11ef-83ab-2906cc9fb6bc","home","TSV 1896 Rintheim","TSV 1846 Butzbach",20,11,TRUE,4,NA,NA,0,0,0,NA,0,0,0,0,0,0,NA,NA,NA,NA,NA,NA,NA,NA,0,0,0,0,NA,NA,NA,NA,NA
"Claus Erles","af42e492-3955-11ef-a26e-a36230ada079",NA,NA,1973,"11/24/1973","717c2695-3960-11ef-83ab-2906cc9fb6bc","home","TSV 1896 Rintheim","TSV 1846 Butzbach",20,11,TRUE,0,NA,NA,0,0,0,NA,0,0,0,0,0,0,NA,NA,NA,NA,NA,NA,NA,NA,0,0,0,0,NA,NA,NA,NA,NA
"Peter Maier","af4e0d17-3955-11ef-8763-a36230ada079",NA,NA,1973,"11/24/1973","717c2695-3960-11ef-83ab-2906cc9fb6bc","home","TSV 1896 Rintheim","TSV 1846 Butzbach",20,11,TRUE,1,NA,NA,0,0,0,NA,0,0,0,0,0,0,NA,NA,NA,NA,NA,NA,NA,NA,0,0,0,0,NA,NA,NA,NA,NA
"Bernd Seibel","bc6670d9-3955-11ef-b849-ab397f561917",NA,NA,1973,"11/24/1973","717c2695-3960-11ef-83ab-2906cc9fb6bc","home","TSV 1896 Rintheim","TSV 1846 Butzbach",20,11,TRUE,2,NA,NA,0,0,0,NA,0,0,0,0,0,0,NA,NA,NA,NA,NA,NA,NA,NA,0,0,0,0,NA,NA,NA,NA,NA
"Wolfgang Dillenberger","bc6a40c8-3955-11ef-8c9f-ab397f561917",NA,NA,1973,"11/24/1973","717c2695-3960-11ef-83ab-2906cc9fb6bc","home","TSV 1896 Rintheim","TSV 1846 Butzbach",20,11,TRUE,2,NA,NA,0,0,1,NA,0,0,0,0,0,0,NA,NA,NA,NA,NA,NA,NA,NA,0,0,0,0,NA,NA,NA,NA,NA
"Max Ullrich","c6e110c6-3955-11ef-83e4-157c9bc18a5f",NA,NA,1973,"11/24/1973","717c2695-3960-11ef-83ab-2906cc9fb6bc","home","TSV 1896 Rintheim","TSV 1846 Butzbach",20,11,TRUE,0,NA,NA,0,0,0,NA,0,0,0,0,0,0,NA,NA,NA,NA,NA,NA,NA,NA,0,0,0,0,NA,NA,NA,NA,NA
"Heiner Dahm","c6e59e4f-3955-11ef-b407-157c9bc18a5f",NA,NA,1973,"11/24/1973","717c2695-3960-11ef-83ab-2906cc9fb6bc","home","TSV 1896 Rintheim","TSV 1846 Butzbach",20,11,TRUE,1,NA,NA,0,0,0,NA,0,0,0,0,0,0,NA,NA,NA,NA,NA,NA,NA,NA,0,0,0,0,NA,NA,NA,NA,NA
"Richard Baumer","c6e9de45-3955-11ef-b5bf-157c9bc18a5f",NA,NA,1973,"11/24/1973","717c2695-3960-11ef-83ab-2906cc9fb6bc","home","TSV 1896 Rintheim","TSV 1846 Butzbach",20,11,TRUE,0,NA,NA,0,0,0,NA,0,0,0,0,0,0,NA,NA,NA,NA,NA,NA,NA,NA,0,0,0,0,NA,NA,NA,NA,NA
"Rolf Allendörfer","97c4e757-3955-11ef-8b41-292be3190b7b",NA,NA,1973,"11/24/1973","717c2695-3960-11ef-83ab-2906cc9fb6bc","away","TSV 1846 Butzbach","TSV 1896 Rintheim",11,20,FALSE,0,NA,NA,0,0,0,NA,0,0,0,0,0,0,NA,NA,NA,NA,NA,NA,NA,NA,0,0,0,0,NA,NA,NA,NA,NA
"Günter Werner","af912645-3955-11ef-a6b3-a36230ada079",NA,NA,1973,"11/24/1973","717c2695-3960-11ef-83ab-2906cc9fb6bc","away","TSV 1846 Butzbach","TSV 1896 Rintheim",11,20,FALSE,0,NA,NA,0,0,0,NA,0,0,0,0,0,0,NA,NA,NA,NA,NA,NA,NA,NA,0,0,0,0,NA,NA,NA,NA,NA
"Günter Timmermann","bb79f127-3955-11ef-ae8c-ab397f561917",NA,NA,1973,"11/24/1973","717c2695-3960-11ef-83ab-2906cc9fb6bc","away","TSV 1846 Butzbach","TSV 1896 Rintheim",11,20,FALSE,0,NA,NA,0,0,0,NA,0,0,0,0,0,0,NA,NA,NA,NA,NA,NA,NA,NA,0,0,0,0,NA,NA,NA,NA,NA
"Günter Bormann","bc2b728c-3955-11ef-9c10-ab397f561917",NA,NA,1973,"11/24/1973","717c2695-3960-11ef-83ab-2906cc9fb6bc","away","TSV 1846 Butzbach","TSV 1896 Rintheim",11,20,FALSE,0,NA,NA,0,0,0,NA,0,0,0,0,0,0,NA,NA,NA,NA,NA,NA,NA,NA,0,0,0,0,NA,NA,NA,NA,NA
"Alfred Walter","bc3f22f5-3955-11ef-9558-ab397f561917",NA,NA,1973,"11/24/1973","717c2695-3960-11ef-83ab-2906cc9fb6bc","away","TSV 1846 Butzbach","TSV 1896 Rintheim",11,20,FALSE,3,NA,NA,0,0,1,NA,0,0,0,0,0,0,NA,NA,NA,NA,NA,NA,NA,NA,0,0,0,0,NA,NA,NA,NA,NA
"Bernd Lind","bc4b1939-3955-11ef-95dd-ab397f561917",NA,NA,1973,"11/24/1973","717c2695-3960-11ef-83ab-2906cc9fb6bc","away","TSV 1846 Butzbach","TSV 1896 Rintheim",11,20,FALSE,2,NA,NA,0,0,0,NA,0,0,0,0,0,0,NA,NA,NA,NA,NA,NA,NA,NA,0,0,0,0,NA,NA,NA,NA,NA
"Wolfgang Lowak","bc4eecb3-3955-11ef-8009-ab397f561917",NA,NA,1973,"11/24/1973","717c2695-3960-11ef-83ab-2906cc9fb6bc","away","TSV 1846 Butzbach","TSV 1896 Rintheim",11,20,FALSE,2,NA,NA,0,0,1,NA,0,0,0,0,0,0,NA,NA,NA,NA,NA,NA,NA,NA,0,0,0,0,NA,NA,NA,NA,NA
"Robert Ringleb","bc52ae17-3955-11ef-80f1-ab397f561917",NA,NA,1973,"11/24/1973","717c2695-3960-11ef-83ab-2906cc9fb6bc","away","TSV 1846 Butzbach","TSV 1896 Rintheim",11,20,FALSE,1,NA,NA,0,0,0,NA,0,0,0,0,0,0,NA,NA,NA,NA,NA,NA,NA,NA,0,0,0,0,NA,NA,NA,NA,NA
"Werner Henn","c6c2c065-3955-11ef-b47d-157c9bc18a5f",NA,NA,1973,"11/24/1973","717c2695-3960-11ef-83ab-2906cc9fb6bc","away","TSV 1846 Butzbach","TSV 1896 Rintheim",11,20,FALSE,0,NA,NA,0,0,0,NA,0,0,0,0,0,0,NA,NA,NA,NA,NA,NA,NA,NA,0,0,0,0,NA,NA,NA,NA,NA
"Helmut Schwarz","c6c73d0a-3955-11ef-88e8-157c9bc18a5f",NA,NA,1973,"11/24/1973","717c2695-3960-11ef-83ab-2906cc9fb6bc","away","TSV 1846 Butzbach","TSV 1896 Rintheim",11,20,FALSE,0,NA,NA,0,0,0,NA,0,0,0,0,0,0,NA,NA,NA,NA,NA,NA,NA,NA,0,0,0,0,NA,NA,NA,NA,NA
"Klaus Karg","c6d8aa2a-3955-11ef-ab2b-157c9bc18a5f",NA,NA,1973,"11/24/1973","717c2695-3960-11ef-83ab-2906cc9fb6bc","away","TSV 1846 Butzbach","TSV 1896 Rintheim",11,20,FALSE,3,NA,NA,0,0,0,NA,0,0,0,0,0,0,NA,NA,NA,NA,NA,NA,NA,NA,0,0,0,0,NA,NA,NA,NA,NA
"Dietmar Balkenhol","8dfc784e-3955-11ef-b459-81dc40648355",NA,NA,1973,"12/8/1973","5df9491b-3960-11ef-b9f6-7b2e16e5ffcd","home","TuSEM Essen","Hamburger SV",17,13,TRUE,1,NA,NA,0,0,0,NA,0,0,0,0,0,0,NA,NA,NA,NA,NA,NA,NA,NA,0,0,0,0,NA,NA,NA,NA,NA
"Gerhard Wrobel","ae4fc714-3955-11ef-a106-a36230ada079",NA,NA,1973,"12/8/1973","5df9491b-3960-11ef-b9f6-7b2e16e5ffcd","home","TuSEM Essen","Hamburger SV",17,13,TRUE,2,NA,NA,0,0,0,NA,0,0,0,0,0,0,NA,NA,NA,NA,NA,NA,NA,NA,0,0,0,0,NA,NA,NA,NA,NA
"Anderko Govorko","bb91b676-3955-11ef-8109-ab397f561917",NA,NA,1973,"12/8/1973","5df9491b-3960-11ef-b9f6-7b2e16e5ffcd","home","TuSEM Essen","Hamburger SV",17,13,TRUE,2,NA,NA,0,0,0,NA,0,0,0,0,0,0,NA,NA,NA,NA,NA,NA,NA,NA,0,0,0,0,NA,NA,NA,NA,NA
"Herbert Buschmann","bd5ac595-3955-11ef-97f0-ab397f561917",NA,NA,1973,"12/8/1973","5df9491b-3960-11ef-b9f6-7b2e16e5ffcd","home","TuSEM Essen","Hamburger SV",17,13,TRUE,0,NA,NA,0,0,0,NA,0,0,0,0,0,0,NA,NA,NA,NA,NA,NA,NA,NA,0,0,0,0,NA,NA,NA,NA,NA
"Bernd Weigel","bd601a58-3955-11ef-8511-ab397f561917",NA,NA,1973,"12/8/1973","5df9491b-3960-11ef-b9f6-7b2e16e5ffcd","home","TuSEM Essen","Hamburger SV",17,13,TRUE,0,NA,NA,0,0,0,NA,0,0,0,0,0,0,NA,NA,NA,NA,NA,NA,NA,NA,0,0,0,0,NA,NA,NA,NA,NA
"Peter Venzke","bd6b12a9-3955-11ef-af21-ab397f561917",NA,NA,1973,"12/8/1973","5df9491b-3960-11ef-b9f6-7b2e16e5ffcd","home","TuSEM Essen","Hamburger SV",17,13,TRUE,2,NA,NA,0,0,0,NA,0,0,0,0,0,0,NA,NA,NA,NA,NA,NA,NA,NA,0,0,0,0,NA,NA,NA,NA,NA
"Klaus Schäfer","bd6f7a4d-3955-11ef-9f92-ab397f561917",NA,NA,1973,"12/8/1973","5df9491b-3960-11ef-b9f6-7b2e16e5ffcd","home","TuSEM Essen","Hamburger SV",17,13,TRUE,1,NA,NA,0,0,0,NA,0,0,0,0,0,0,NA,NA,NA,NA,NA,NA,NA,NA,0,0,0,0,NA,NA,NA,NA,NA
"Gerhard Schmidt","bd78314d-3955-11ef-8668-ab397f561917",NA,NA,1973,"12/8/1973","5df9491b-3960-11ef-b9f6-7b2e16e5ffcd","home","TuSEM Essen","Hamburger SV",17,13,TRUE,3,NA,NA,0,0,0,NA,0,0,0,0,0,0,NA,NA,NA,NA,NA,NA,NA,NA,0,0,0,0,NA,NA,NA,NA,NA
"Manfred Benning","bd7cb1bd-3955-11ef-883f-ab397f561917",NA,NA,1973,"12/8/1973","5df9491b-3960-11ef-b9f6-7b2e16e5ffcd","home","TuSEM Essen","Hamburger SV",17,13,TRUE,3,NA,NA,0,0,0,NA,0,0,0,0,0,0,NA,NA,NA,NA,NA,NA,NA,NA,0,0,0,0,NA,NA,NA,NA,NA
"Peter Fischer","bd861af2-3955-11ef-a655-ab397f561917",NA,NA,1973,"12/8/1973","5df9491b-3960-11ef-b9f6-7b2e16e5ffcd","home","TuSEM Essen","Hamburger SV",17,13,TRUE,0,NA,NA,0,0,0,NA,0,0,0,0,0,0,NA,NA,NA,NA,NA,NA,NA,NA,0,0,0,0,NA,NA,NA,NA,NA
"Wolfgang Schütte","bd8b9463-3955-11ef-84e4-ab397f561917",NA,NA,1973,"12/8/1973","5df9491b-3960-11ef-b9f6-7b2e16e5ffcd","home","TuSEM Essen","Hamburger SV",17,13,TRUE,1,NA,NA,0,0,0,NA,0,0,0,0,0,0,NA,NA,NA,NA,NA,NA,NA,NA,0,0,0,0,NA,NA,NA,NA,NA
"Peter Meuter","bd905293-3955-11ef-a264-ab397f561917",NA,NA,1973,"12/8/1973","5df9491b-3960-11ef-b9f6-7b2e16e5ffcd","home","TuSEM Essen","Hamburger SV",17,13,TRUE,2,NA,NA,0,0,1,NA,0,0,0,0,0,0,NA,NA,NA,NA,NA,NA,NA,NA,0,0,0,0,NA,NA,NA,NA,NA
"Peter Pickel","8c973b42-3955-11ef-8c71-81dc40648355",NA,NA,1973,"12/8/1973","5df9491b-3960-11ef-b9f6-7b2e16e5ffcd","away","Hamburger SV","TuSEM Essen",13,17,FALSE,10,NA,NA,0,0,3,NA,0,0,0,0,0,0,NA,NA,NA,NA,NA,NA,NA,NA,0,0,0,0,NA,NA,NA,NA,NA
"Hans-Jürgen Bode","b011e6da-3955-11ef-8205-a36230ada079",NA,NA,1973,"12/8/1973","5df9491b-3960-11ef-b9f6-7b2e16e5ffcd","away","Hamburger SV","TuSEM Essen",13,17,FALSE,0,NA,NA,0,0,0,NA,0,0,0,0,0,0,NA,NA,NA,NA,NA,NA,NA,NA,0,0,0,0,NA,NA,NA,NA,NA
"Rainer Witt","b02adaad-3955-11ef-b8c4-a36230ada079",NA,NA,1973,"12/8/1973","5df9491b-3960-11ef-b9f6-7b2e16e5ffcd","away","Hamburger SV","TuSEM Essen",13,17,FALSE,0,NA,NA,0,0,0,NA,0,0,0,0,0,0,NA,NA,NA,NA,NA,NA,NA,NA,0,0,0,0,NA,NA,NA,NA,NA
"Hans-Joachim Beißel","b0341bcb-3955-11ef-9e08-a36230ada079",NA,NA,1973,"12/8/1973","5df9491b-3960-11ef-b9f6-7b2e16e5ffcd","away","Hamburger SV","TuSEM Essen",13,17,FALSE,0,NA,NA,0,0,0,NA,0,0,0,0,0,0,NA,NA,NA,NA,NA,NA,NA,NA,0,0,0,0,NA,NA,NA,NA,NA
"Klaus Porepp","b0396b18-3955-11ef-b5cf-a36230ada079",NA,NA,1973,"12/8/1973","5df9491b-3960-11ef-b9f6-7b2e16e5ffcd","away","Hamburger SV","TuSEM Essen",13,17,FALSE,0,NA,NA,0,0,0,NA,0,0,0,0,0,0,NA,NA,NA,NA,NA,NA,NA,NA,0,0,0,0,NA,NA,NA,NA,NA
"Norbert Germer","b03f8101-3955-11ef-8945-a36230ada079",NA,NA,1973,"12/8/1973","5df9491b-3960-11ef-b9f6-7b2e16e5ffcd","away","Hamburger SV","TuSEM Essen",13,17,FALSE,0,NA,NA,0,0,0,NA,0,0,0,0,0,0,NA,NA,NA,NA,NA,NA,NA,NA,0,0,0,0,NA,NA,NA,NA,NA
"Uwe Tesloff","b049ae56-3955-11ef-a5f7-a36230ada079",NA,NA,1973,"12/8/1973","5df9491b-3960-11ef-b9f6-7b2e16e5ffcd","away","Hamburger SV","TuSEM Essen",13,17,FALSE,1,NA,NA,0,0,0,NA,0,0,0,0,0,0,NA,NA,NA,NA,NA,NA,NA,NA,0,0,0,0,NA,NA,NA,NA,NA
"Hartwig Reich","ba6cb3c8-3955-11ef-9f64-ab397f561917",NA,NA,1973,"12/8/1973","5df9491b-3960-11ef-b9f6-7b2e16e5ffcd","away","Hamburger SV","TuSEM Essen",13,17,FALSE,0,NA,NA,0,0,0,NA,0,0,0,0,0,0,NA,NA,NA,NA,NA,NA,NA,NA,0,0,0,0,NA,NA,NA,NA,NA
"Dieter Minke","bd0cde0f-3955-11ef-91c1-ab397f561917",NA,NA,1973,"12/8/1973","5df9491b-3960-11ef-b9f6-7b2e16e5ffcd","away","Hamburger SV","TuSEM Essen",13,17,FALSE,2,NA,NA,0,0,0,NA,0,0,0,0,0,0,NA,NA,NA,NA,NA,NA,NA,NA,0,0,0,0,NA,NA,NA,NA,NA
"Rüdiger Heß","bd122db8-3955-11ef-9b21-ab397f561917",NA,NA,1973,"12/8/1973","5df9491b-3960-11ef-b9f6-7b2e16e5ffcd","away","Hamburger SV","TuSEM Essen",13,17,FALSE,0,NA,NA,0,0,0,NA,0,0,0,0,0,0,NA,NA,NA,NA,NA,NA,NA,NA,0,0,0,0,NA,NA,NA,NA,NA
"Karsten Sick","bd16289b-3955-11ef-9343-ab397f561917",NA,NA,1973,"12/8/1973","5df9491b-3960-11ef-b9f6-7b2e16e5ffcd","away","Hamburger SV","TuSEM Essen",13,17,FALSE,0,NA,NA,0,0,0,NA,0,0,0,0,0,0,NA,NA,NA,NA,NA,NA,NA,NA,0,0,0,0,NA,NA,NA,NA,NA
"Hans-Jörg Graeper","964d8ebc-3955-11ef-a25b-292be3190b7b",NA,NA,1973,"12/14/1973","65abd9dd-3960-11ef-9c0e-2906cc9fb6bc","home","TV Grambke Bremen","VfL Lübeck-Schwartau",18,16,TRUE,3,NA,NA,0,0,0,NA,0,0,0,0,0,0,NA,NA,NA,NA,NA,NA,NA,NA,0,0,0,0,NA,NA,NA,NA,NA
"Rolf Harjes","9854972c-3955-11ef-b163-292be3190b7b",NA,NA,1973,"12/14/1973","65abd9dd-3960-11ef-9c0e-2906cc9fb6bc","home","TV Grambke Bremen","VfL Lübeck-Schwartau",18,16,TRUE,4,NA,NA,0,0,0,NA,0,0,0,0,0,0,NA,NA,NA,NA,NA,NA,NA,NA,0,0,0,0,NA,NA,NA,NA,NA
"Rolf Dierks","a5420b05-3955-11ef-a0f4-2510cc07ea6e",NA,NA,1973,"12/14/1973","65abd9dd-3960-11ef-9c0e-2906cc9fb6bc","home","TV Grambke Bremen","VfL Lübeck-Schwartau",18,16,TRUE,2,NA,NA,0,0,0,NA,0,0,0,0,0,0,NA,NA,NA,NA,NA,NA,NA,NA,0,0,0,0,NA,NA,NA,NA,NA
"Wilfried Lankenau","a547caa3-3955-11ef-8b17-2510cc07ea6e",NA,NA,1973,"12/14/1973","65abd9dd-3960-11ef-9c0e-2906cc9fb6bc","home","TV Grambke Bremen","VfL Lübeck-Schwartau",18,16,TRUE,7,NA,NA,0,0,0,NA,0,0,0,0,0,0,NA,NA,NA,NA,NA,NA,NA,NA,0,0,0,0,NA,NA,NA,NA,NA
"Willi Hohn","a54d65b4-3955-11ef-86a4-2510cc07ea6e",NA,NA,1973,"12/14/1973","65abd9dd-3960-11ef-9c0e-2906cc9fb6bc","home","TV Grambke Bremen","VfL Lübeck-Schwartau",18,16,TRUE,0,NA,NA,0,0,0,NA,0,0,0,0,0,0,NA,NA,NA,NA,NA,NA,NA,NA,0,0,0,0,NA,NA,NA,NA,NA
"Peter Wilde","a5638a05-3955-11ef-8647-2510cc07ea6e",NA,NA,1973,"12/14/1973","65abd9dd-3960-11ef-9c0e-2906cc9fb6bc","home","TV Grambke Bremen","VfL Lübeck-Schwartau",18,16,TRUE,2,NA,NA,0,0,0,NA,0,0,0,0,0,0,NA,NA,NA,NA,NA,NA,NA,NA,0,0,0,0,NA,NA,NA,NA,NA
"Klaus Hohn","baa006c5-3955-11ef-942e-ab397f561917",NA,NA,1973,"12/14/1973","65abd9dd-3960-11ef-9c0e-2906cc9fb6bc","home","TV Grambke Bremen","VfL Lübeck-Schwartau",18,16,TRUE,0,NA,NA,0,0,0,NA,0,0,0,0,0,0,NA,NA,NA,NA,NA,NA,NA,NA,0,0,0,0,NA,NA,NA,NA,NA
"Karl-Heinz Bierwirth","baa76751-3955-11ef-b78b-ab397f561917",NA,NA,1973,"12/14/1973","65abd9dd-3960-11ef-9c0e-2906cc9fb6bc","home","TV Grambke Bremen","VfL Lübeck-Schwartau",18,16,TRUE,0,NA,NA,0,0,0,NA,0,0,0,0,0,0,NA,NA,NA,NA,NA,NA,NA,NA,0,0,0,0,NA,NA,NA,NA,NA
"Günter Heermann","baabe2e5-3955-11ef-9d71-ab397f561917",NA,NA,1973,"12/14/1973","65abd9dd-3960-11ef-9c0e-2906cc9fb6bc","home","TV Grambke Bremen","VfL Lübeck-Schwartau",18,16,TRUE,0,NA,NA,0,0,0,NA,0,0,0,0,0,0,NA,NA,NA,NA,NA,NA,NA,NA,0,0,0,0,NA,NA,NA,NA,NA
"Günter Meßmer","babf1fc6-3955-11ef-975c-ab397f561917",NA,NA,1973,"12/14/1973","65abd9dd-3960-11ef-9c0e-2906cc9fb6bc","home","TV Grambke Bremen","VfL Lübeck-Schwartau",18,16,TRUE,0,NA,NA,0,0,0,NA,0,0,0,0,0,0,NA,NA,NA,NA,NA,NA,NA,NA,0,0,0,0,NA,NA,NA,NA,NA
"Reimer Hinrichs","baf246ff-3955-11ef-b172-ab397f561917",NA,NA,1973,"12/14/1973","65abd9dd-3960-11ef-9c0e-2906cc9fb6bc","home","TV Grambke Bremen","VfL Lübeck-Schwartau",18,16,TRUE,0,NA,NA,0,0,0,NA,0,0,0,0,0,0,NA,NA,NA,NA,NA,NA,NA,NA,0,0,0,0,NA,NA,NA,NA,NA
"Harald Lüth","a552c518-3955-11ef-8a68-2510cc07ea6e",NA,NA,1973,"12/14/1973","65abd9dd-3960-11ef-9c0e-2906cc9fb6bc","away","VfL Lübeck-Schwartau","TV Grambke Bremen",16,18,FALSE,1,NA,NA,0,0,0,NA,0,0,0,0,0,0,NA,NA,NA,NA,NA,NA,NA,NA,0,0,0,0,NA,NA,NA,NA,NA
"Michael Dogs","b0cecb4a-3955-11ef-b665-a36230ada079",NA,NA,1973,"12/14/1973","65abd9dd-3960-11ef-9c0e-2906cc9fb6bc","away","VfL Lübeck-Schwartau","TV Grambke Bremen",16,18,FALSE,0,NA,NA,0,0,0,NA,0,0,0,0,0,0,NA,NA,NA,NA,NA,NA,NA,NA,0,0,0,0,NA,NA,NA,NA,NA
"Thomas Kluth","b0f877c0-3955-11ef-a314-a36230ada079",NA,NA,1973,"12/14/1973","65abd9dd-3960-11ef-9c0e-2906cc9fb6bc","away","VfL Lübeck-Schwartau","TV Grambke Bremen",16,18,FALSE,1,NA,NA,0,0,0,NA,0,0,0,0,0,0,NA,NA,NA,NA,NA,NA,NA,NA,0,0,0,0,NA,NA,NA,NA,NA
"Hans-Martin Müller-Wolf","b1020054-3955-11ef-8e79-a36230ada079",NA,NA,1973,"12/14/1973","65abd9dd-3960-11ef-9c0e-2906cc9fb6bc","away","VfL Lübeck-Schwartau","TV Grambke Bremen",16,18,FALSE,1,NA,NA,0,0,0,NA,0,0,0,0,0,0,NA,NA,NA,NA,NA,NA,NA,NA,0,0,0,0,NA,NA,NA,NA,NA
"Siegfried Berg","b10d3ec3-3955-11ef-8a30-a36230ada079",NA,NA,1973,"12/14/1973","65abd9dd-3960-11ef-9c0e-2906cc9fb6bc","away","VfL Lübeck-Schwartau","TV Grambke Bremen",16,18,FALSE,1,NA,NA,0,0,0,NA,0,0,0,0,0,0,NA,NA,NA,NA,NA,NA,NA,NA,0,0,0,0,NA,NA,NA,NA,NA
"Wolfgang Braun","b1a4c388-3955-11ef-92b7-a36230ada079",NA,NA,1973,"12/14/1973","65abd9dd-3960-11ef-9c0e-2906cc9fb6bc","away","VfL Lübeck-Schwartau","TV Grambke Bremen",16,18,FALSE,2,NA,NA,0,0,0,NA,0,0,0,0,0,0,NA,NA,NA,NA,NA,NA,NA,NA,0,0,0,0,NA,NA,NA,NA,NA
"Geert Geusendam","baee7cab-3955-11ef-95ba-ab397f561917",NA,NA,1973,"12/14/1973","65abd9dd-3960-11ef-9c0e-2906cc9fb6bc","away","VfL Lübeck-Schwartau","TV Grambke Bremen",16,18,FALSE,0,NA,NA,0,0,0,NA,0,0,0,0,0,0,NA,NA,NA,NA,NA,NA,NA,NA,0,0,0,0,NA,NA,NA,NA,NA
"Bernd Heiden","baf62966-3955-11ef-b7e1-ab397f561917",NA,NA,1973,"12/14/1973","65abd9dd-3960-11ef-9c0e-2906cc9fb6bc","away","VfL Lübeck-Schwartau","TV Grambke Bremen",16,18,FALSE,4,NA,NA,0,0,0,NA,0,0,0,0,0,0,NA,NA,NA,NA,NA,NA,NA,NA,0,0,0,0,NA,NA,NA,NA,NA
"Klaus Lange","bafb51f3-3955-11ef-9864-ab397f561917",NA,NA,1973,"12/14/1973","65abd9dd-3960-11ef-9c0e-2906cc9fb6bc","away","VfL Lübeck-Schwartau","TV Grambke Bremen",16,18,FALSE,4,NA,NA,0,0,0,NA,0,0,0,0,0,0,NA,NA,NA,NA,NA,NA,NA,NA,0,0,0,0,NA,NA,NA,NA,NA
"Georg Pohl","baff6cee-3955-11ef-a80f-ab397f561917",NA,NA,1973,"12/14/1973","65abd9dd-3960-11ef-9c0e-2906cc9fb6bc","away","VfL Lübeck-Schwartau","TV Grambke Bremen",16,18,FALSE,1,NA,NA,0,0,0,NA,0,0,0,0,0,0,NA,NA,NA,NA,NA,NA,NA,NA,0,0,0,0,NA,NA,NA,NA,NA
"Manfred Kuhnke","bb039049-3955-11ef-bdc6-ab397f561917",NA,NA,1973,"12/14/1973","65abd9dd-3960-11ef-9c0e-2906cc9fb6bc","away","VfL Lübeck-Schwartau","TV Grambke Bremen",16,18,FALSE,1,NA,NA,0,0,0,NA,0,0,0,0,0,0,NA,NA,NA,NA,NA,NA,NA,NA,0,0,0,0,NA,NA,NA,NA,NA
"Heinz-Theo Kaus","8086fdf9-3955-11ef-938f-b908c60af10a",NA,NA,1973,"12/14/1973","69ba16a6-3960-11ef-8823-2906cc9fb6bc","home","SG Dietzenbach","TV Großwallstadt",21,16,TRUE,0,NA,NA,0,0,0,NA,0,0,0,0,0,0,NA,NA,NA,NA,NA,NA,NA,NA,0,0,0,0,NA,NA,NA,NA,NA
"Heinz-Walter Behne","8be65881-3955-11ef-8872-81dc40648355",NA,NA,1973,"12/14/1973","69ba16a6-3960-11ef-8823-2906cc9fb6bc","home","SG Dietzenbach","TV Großwallstadt",21,16,TRUE,1,NA,NA,0,0,0,NA,0,0,0,0,0,0,NA,NA,NA,NA,NA,NA,NA,NA,0,0,0,0,NA,NA,NA,NA,NA
"Herbert Wehnert","96e104db-3955-11ef-b58d-292be3190b7b",NA,NA,1973,"12/14/1973","69ba16a6-3960-11ef-8823-2906cc9fb6bc","home","SG Dietzenbach","TV Großwallstadt",21,16,TRUE,7,NA,NA,0,0,3,NA,0,0,0,0,0,0,NA,NA,NA,NA,NA,NA,NA,NA,0,0,0,0,NA,NA,NA,NA,NA
"Wolfgang Hammerl","a2e26d5b-3955-11ef-8fa5-2510cc07ea6e",NA,NA,1973,"12/14/1973","69ba16a6-3960-11ef-8823-2906cc9fb6bc","home","SG Dietzenbach","TV Großwallstadt",21,16,TRUE,0,NA,NA,0,0,0,NA,0,0,0,0,0,0,NA,NA,NA,NA,NA,NA,NA,NA,0,0,0,0,NA,NA,NA,NA,NA
"Otto Allies","af191a75-3955-11ef-8c7e-a36230ada079",NA,NA,1973,"12/14/1973","69ba16a6-3960-11ef-8823-2906cc9fb6bc","home","SG Dietzenbach","TV Großwallstadt",21,16,TRUE,4,NA,NA,0,0,0,NA,0,0,0,0,0,0,NA,NA,NA,NA,NA,NA,NA,NA,0,0,0,0,NA,NA,NA,NA,NA
"Heinrich Baum","af2c6c48-3955-11ef-964a-a36230ada079",NA,NA,1973,"12/14/1973","69ba16a6-3960-11ef-8823-2906cc9fb6bc","home","SG Dietzenbach","TV Großwallstadt",21,16,TRUE,3,NA,NA,0,0,0,NA,0,0,0,0,0,0,NA,NA,NA,NA,NA,NA,NA,NA,0,0,0,0,NA,NA,NA,NA,NA
"Klaus Rettig","b1d1aa4c-3955-11ef-baf9-a36230ada079",NA,NA,1973,"12/14/1973","69ba16a6-3960-11ef-8823-2906cc9fb6bc","home","SG Dietzenbach","TV Großwallstadt",21,16,TRUE,3,NA,NA,0,0,0,NA,0,0,0,0,0,0,NA,NA,NA,NA,NA,NA,NA,NA,0,0,0,0,NA,NA,NA,NA,NA
"Reinhold Jerwan","b1d5c150-3955-11ef-9027-a36230ada079",NA,NA,1973,"12/14/1973","69ba16a6-3960-11ef-8823-2906cc9fb6bc","home","SG Dietzenbach","TV Großwallstadt",21,16,TRUE,1,NA,NA,0,0,0,NA,0,0,0,0,0,0,NA,NA,NA,NA,NA,NA,NA,NA,0,0,0,0,NA,NA,NA,NA,NA
"Herbert Striebel","c682be45-3955-11ef-8eab-157c9bc18a5f",NA,NA,1973,"12/14/1973","69ba16a6-3960-11ef-8823-2906cc9fb6bc","home","SG Dietzenbach","TV Großwallstadt",21,16,TRUE,1,NA,NA,0,0,0,NA,0,0,0,0,0,0,NA,NA,NA,NA,NA,NA,NA,NA,0,0,0,0,NA,NA,NA,NA,NA
"Wolfgang Pelzer","c69f3508-3955-11ef-89d5-157c9bc18a5f",NA,NA,1973,"12/14/1973","69ba16a6-3960-11ef-8823-2906cc9fb6bc","home","SG Dietzenbach","TV Großwallstadt",21,16,TRUE,1,NA,NA,0,0,0,NA,0,0,0,0,0,0,NA,NA,NA,NA,NA,NA,NA,NA,0,0,0,0,NA,NA,NA,NA,NA
"Wilfried Wess","c6a3dc15-3955-11ef-b557-157c9bc18a5f",NA,NA,1973,"12/14/1973","69ba16a6-3960-11ef-8823-2906cc9fb6bc","home","SG Dietzenbach","TV Großwallstadt",21,16,TRUE,0,NA,NA,0,0,0,NA,0,0,0,0,0,0,NA,NA,NA,NA,NA,NA,NA,NA,0,0,0,0,NA,NA,NA,NA,NA
"Kurt Klühspies","5ac3e7d7-3955-11ef-b574-4fa817cd91bb",NA,NA,1973,"12/14/1973","69ba16a6-3960-11ef-8823-2906cc9fb6bc","away","TV Großwallstadt","SG Dietzenbach",16,21,FALSE,3,NA,NA,0,0,0,NA,0,0,0,0,0,0,NA,NA,NA,NA,NA,NA,NA,NA,0,0,0,0,NA,NA,NA,NA,NA
"Manfred Hofmann","6855eb0b-3955-11ef-8cb3-292be3190b7b",NA,NA,1973,"12/14/1973","69ba16a6-3960-11ef-8823-2906cc9fb6bc","away","TV Großwallstadt","SG Dietzenbach",16,21,FALSE,0,NA,NA,0,0,0,NA,0,0,0,0,0,0,NA,NA,NA,NA,NA,NA,NA,NA,0,0,0,0,NA,NA,NA,NA,NA
"Thomas Sinsel","8adb8152-3955-11ef-b2de-81dc40648355",NA,NA,1973,"12/14/1973","69ba16a6-3960-11ef-8823-2906cc9fb6bc","away","TV Großwallstadt","SG Dietzenbach",16,21,FALSE,1,NA,NA,0,0,0,NA,0,0,0,0,0,0,NA,NA,NA,NA,NA,NA,NA,NA,0,0,0,0,NA,NA,NA,NA,NA
"Manfred Schwarz","96d98e53-3955-11ef-a3c9-292be3190b7b",NA,NA,1973,"12/14/1973","69ba16a6-3960-11ef-8823-2906cc9fb6bc","away","TV Großwallstadt","SG Dietzenbach",16,21,FALSE,1,NA,NA,0,0,0,NA,0,0,0,0,0,0,NA,NA,NA,NA,NA,NA,NA,NA,0,0,0,0,NA,NA,NA,NA,NA
"Arno Böckling","a3c38db5-3955-11ef-810f-2510cc07ea6e",NA,NA,1973,"12/14/1973","69ba16a6-3960-11ef-8823-2906cc9fb6bc","away","TV Großwallstadt","SG Dietzenbach",16,21,FALSE,5,NA,NA,0,0,0,NA,0,0,0,0,0,0,NA,NA,NA,NA,NA,NA,NA,NA,0,0,0,0,NA,NA,NA,NA,NA
"Eckhardt Suffel","aeac0503-3955-11ef-88c6-a36230ada079",NA,NA,1973,"12/14/1973","69ba16a6-3960-11ef-8823-2906cc9fb6bc","away","TV Großwallstadt","SG Dietzenbach",16,21,FALSE,0,NA,NA,0,0,0,NA,0,0,0,0,0,0,NA,NA,NA,NA,NA,NA,NA,NA,0,0,0,0,NA,NA,NA,NA,NA
"Norbert Klein","b18179dc-3955-11ef-acc0-a36230ada079",NA,NA,1973,"12/14/1973","69ba16a6-3960-11ef-8823-2906cc9fb6bc","away","TV Großwallstadt","SG Dietzenbach",16,21,FALSE,0,NA,NA,0,0,0,NA,0,0,0,0,0,0,NA,NA,NA,NA,NA,NA,NA,NA,0,0,0,0,NA,NA,NA,NA,NA
"Herbert Kunkel","be058ce8-3955-11ef-a8d1-ab397f561917",NA,NA,1973,"12/14/1973","69ba16a6-3960-11ef-8823-2906cc9fb6bc","away","TV Großwallstadt","SG Dietzenbach",16,21,FALSE,1,NA,NA,0,0,0,NA,0,0,0,0,0,0,NA,NA,NA,NA,NA,NA,NA,NA,0,0,0,0,NA,NA,NA,NA,NA
"Werner Lemmert","be0e2c8d-3955-11ef-82a6-ab397f561917",NA,NA,1973,"12/14/1973","69ba16a6-3960-11ef-8823-2906cc9fb6bc","away","TV Großwallstadt","SG Dietzenbach",16,21,FALSE,0,NA,NA,0,0,0,NA,0,0,0,0,0,0,NA,NA,NA,NA,NA,NA,NA,NA,0,0,0,0,NA,NA,NA,NA,NA
"Rainer Oberle","be123408-3955-11ef-92a6-ab397f561917",NA,NA,1973,"12/14/1973","69ba16a6-3960-11ef-8823-2906cc9fb6bc","away","TV Großwallstadt","SG Dietzenbach",16,21,FALSE,2,NA,NA,0,0,0,NA,0,0,0,0,0,0,NA,NA,NA,NA,NA,NA,NA,NA,0,0,0,0,NA,NA,NA,NA,NA
"Jürgen Pook","8c289b4b-3955-11ef-889f-81dc40648355",NA,NA,1973,"12/15/1973","5d0b8dc5-3960-11ef-b177-7b2e16e5ffcd","home","GWD Minden","Polizei SV Hannover",28,20,TRUE,2,NA,NA,0,0,0,NA,0,0,0,0,0,0,NA,NA,NA,NA,NA,NA,NA,NA,0,0,0,0,NA,NA,NA,NA,NA
"Gerd Becker","96f1e245-3955-11ef-80bc-292be3190b7b",NA,NA,1973,"12/15/1973","5d0b8dc5-3960-11ef-b177-7b2e16e5ffcd","home","GWD Minden","Polizei SV Hannover",28,20,TRUE,2,NA,NA,0,0,0,NA,0,0,0,0,0,0,NA,NA,NA,NA,NA,NA,NA,NA,0,0,0,0,NA,NA,NA,NA,NA
"Gerald Schüler","96fc1532-3955-11ef-bddd-292be3190b7b",NA,NA,1973,"12/15/1973","5d0b8dc5-3960-11ef-b177-7b2e16e5ffcd","home","GWD Minden","Polizei SV Hannover",28,20,TRUE,1,NA,NA,0,0,0,NA,0,0,0,0,0,0,NA,NA,NA,NA,NA,NA,NA,NA,0,0,0,0,NA,NA,NA,NA,NA
"Martin Karcher","980f80ce-3955-11ef-8054-292be3190b7b",NA,NA,1973,"12/15/1973","5d0b8dc5-3960-11ef-b177-7b2e16e5ffcd","home","GWD Minden","Polizei SV Hannover",28,20,TRUE,0,NA,NA,0,0,0,NA,0,0,0,0,0,0,NA,NA,NA,NA,NA,NA,NA,NA,0,0,0,0,NA,NA,NA,NA,NA
"Gerhard Buddenbohm","98e2ecac-3955-11ef-b2de-292be3190b7b",NA,NA,1973,"12/15/1973","5d0b8dc5-3960-11ef-b177-7b2e16e5ffcd","home","GWD Minden","Polizei SV Hannover",28,20,TRUE,0,NA,NA,0,0,0,NA,0,0,0,0,0,0,NA,NA,NA,NA,NA,NA,NA,NA,0,0,0,0,NA,NA,NA,NA,NA
"Hans Kramer","98f50290-3955-11ef-8aa8-292be3190b7b",NA,NA,1973,"12/15/1973","5d0b8dc5-3960-11ef-b177-7b2e16e5ffcd","home","GWD Minden","Polizei SV Hannover",28,20,TRUE,2,NA,NA,0,0,0,NA,0,0,0,0,0,0,NA,NA,NA,NA,NA,NA,NA,NA,0,0,0,0,NA,NA,NA,NA,NA
"Wilfried Meyer","a34b2aa0-3955-11ef-a79c-2510cc07ea6e",NA,NA,1973,"12/15/1973","5d0b8dc5-3960-11ef-b177-7b2e16e5ffcd","home","GWD Minden","Polizei SV Hannover",28,20,TRUE,0,NA,NA,0,0,0,NA,0,0,0,0,0,0,NA,NA,NA,NA,NA,NA,NA,NA,0,0,0,0,NA,NA,NA,NA,NA
"Jobst-Erich Rehse","b00be251-3955-11ef-ac35-a36230ada079",NA,NA,1973,"12/15/1973","5d0b8dc5-3960-11ef-b177-7b2e16e5ffcd","home","GWD Minden","Polizei SV Hannover",28,20,TRUE,1,NA,NA,0,0,0,NA,0,0,0,0,0,0,NA,NA,NA,NA,NA,NA,NA,NA,0,0,0,0,NA,NA,NA,NA,NA
"Bernd Munck","ba5ee5e3-3955-11ef-9f80-ab397f561917",NA,NA,1973,"12/15/1973","5d0b8dc5-3960-11ef-b177-7b2e16e5ffcd","home","GWD Minden","Polizei SV Hannover",28,20,TRUE,5,NA,NA,0,0,1,NA,0,0,0,0,0,0,NA,NA,NA,NA,NA,NA,NA,NA,0,0,0,0,NA,NA,NA,NA,NA
"Wilfried Drögemeier","ba63ada7-3955-11ef-a04d-ab397f561917",NA,NA,1973,"12/15/1973","5d0b8dc5-3960-11ef-b177-7b2e16e5ffcd","home","GWD Minden","Polizei SV Hannover",28,20,TRUE,2,NA,NA,0,0,0,NA,0,0,0,0,0,0,NA,NA,NA,NA,NA,NA,NA,NA,0,0,0,0,NA,NA,NA,NA,NA
"Otto Weng","bcfbec1c-3955-11ef-b4f4-ab397f561917",NA,NA,1973,"12/15/1973","5d0b8dc5-3960-11ef-b177-7b2e16e5ffcd","home","GWD Minden","Polizei SV Hannover",28,20,TRUE,11,NA,NA,0,0,5,NA,0,0,0,0,0,0,NA,NA,NA,NA,NA,NA,NA,NA,0,0,0,0,NA,NA,NA,NA,NA
"Burkhard Krocker","bcffdc62-3955-11ef-b52a-ab397f561917",NA,NA,1973,"12/15/1973","5d0b8dc5-3960-11ef-b177-7b2e16e5ffcd","home","GWD Minden","Polizei SV Hannover",28,20,TRUE,2,NA,NA,0,0,0,NA,0,0,0,0,0,0,NA,NA,NA,NA,NA,NA,NA,NA,0,0,0,0,NA,NA,NA,NA,NA
"Reinhard Wittler","a35063de-3955-11ef-9881-2510cc07ea6e",NA,NA,1973,"12/15/1973","5d0b8dc5-3960-11ef-b177-7b2e16e5ffcd","away","Polizei SV Hannover","GWD Minden",20,28,FALSE,0,NA,NA,0,0,0,NA,0,0,0,0,0,0,NA,NA,NA,NA,NA,NA,NA,NA,0,0,0,0,NA,NA,NA,NA,NA
"Edmund Franke","a36ab088-3955-11ef-8296-2510cc07ea6e",NA,NA,1973,"12/15/1973","5d0b8dc5-3960-11ef-b177-7b2e16e5ffcd","away","Polizei SV Hannover","GWD Minden",20,28,FALSE,2,NA,NA,0,0,0,NA,0,0,0,0,0,0,NA,NA,NA,NA,NA,NA,NA,NA,0,0,0,0,NA,NA,NA,NA,NA
"Wolfgang Franke","a36fd3c4-3955-11ef-bc80-2510cc07ea6e",NA,NA,1973,"12/15/1973","5d0b8dc5-3960-11ef-b177-7b2e16e5ffcd","away","Polizei SV Hannover","GWD Minden",20,28,FALSE,0,NA,NA,0,0,0,NA,0,0,0,0,0,0,NA,NA,NA,NA,NA,NA,NA,NA,0,0,0,0,NA,NA,NA,NA,NA
"Jürgen Kloth","a37512a6-3955-11ef-9d81-2510cc07ea6e",NA,NA,1973,"12/15/1973","5d0b8dc5-3960-11ef-b177-7b2e16e5ffcd","away","Polizei SV Hannover","GWD Minden",20,28,FALSE,6,NA,NA,0,0,5,NA,0,0,0,0,0,0,NA,NA,NA,NA,NA,NA,NA,NA,0,0,0,0,NA,NA,NA,NA,NA
"Joachim Engler","bb2dfffa-3955-11ef-8a9e-ab397f561917",NA,NA,1973,"12/15/1973","5d0b8dc5-3960-11ef-b177-7b2e16e5ffcd","away","Polizei SV Hannover","GWD Minden",20,28,FALSE,3,NA,NA,0,0,0,NA,0,0,0,0,0,0,NA,NA,NA,NA,NA,NA,NA,NA,0,0,0,0,NA,NA,NA,NA,NA
"Hartmut Schnelle","bb3a7260-3955-11ef-99cf-ab397f561917",NA,NA,1973,"12/15/1973","5d0b8dc5-3960-11ef-b177-7b2e16e5ffcd","away","Polizei SV Hannover","GWD Minden",20,28,FALSE,0,NA,NA,0,0,0,NA,0,0,0,0,0,0,NA,NA,NA,NA,NA,NA,NA,NA,0,0,0,0,NA,NA,NA,NA,NA
"Hans-Jürgen Deutsch","bb3e76d6-3955-11ef-a5a8-ab397f561917",NA,NA,1973,"12/15/1973","5d0b8dc5-3960-11ef-b177-7b2e16e5ffcd","away","Polizei SV Hannover","GWD Minden",20,28,FALSE,3,NA,NA,0,0,0,NA,0,0,0,0,0,0,NA,NA,NA,NA,NA,NA,NA,NA,0,0,0,0,NA,NA,NA,NA,NA
"Dieter Hartung","bb482ed5-3955-11ef-bef1-ab397f561917",NA,NA,1973,"12/15/1973","5d0b8dc5-3960-11ef-b177-7b2e16e5ffcd","away","Polizei SV Hannover","GWD Minden",20,28,FALSE,4,NA,NA,0,0,0,NA,0,0,0,0,0,0,NA,NA,NA,NA,NA,NA,NA,NA,0,0,0,0,NA,NA,NA,NA,NA
"Jürgen Fey","bb504d63-3955-11ef-8740-ab397f561917",NA,NA,1973,"12/15/1973","5d0b8dc5-3960-11ef-b177-7b2e16e5ffcd","away","Polizei SV Hannover","GWD Minden",20,28,FALSE,1,NA,NA,0,0,0,NA,0,0,0,0,0,0,NA,NA,NA,NA,NA,NA,NA,NA,0,0,0,0,NA,NA,NA,NA,NA
"Wolfgang Künkler","bb635a87-3955-11ef-83b0-ab397f561917",NA,NA,1973,"12/15/1973","5d0b8dc5-3960-11ef-b177-7b2e16e5ffcd","away","Polizei SV Hannover","GWD Minden",20,28,FALSE,1,NA,NA,0,0,0,NA,0,0,0,0,0,0,NA,NA,NA,NA,NA,NA,NA,NA,0,0,0,0,NA,NA,NA,NA,NA
"Heiner Borck","bda2f702-3955-11ef-8be3-ab397f561917",NA,NA,1973,"12/15/1973","5d0b8dc5-3960-11ef-b177-7b2e16e5ffcd","away","Polizei SV Hannover","GWD Minden",20,28,FALSE,0,NA,NA,0,0,0,NA,0,0,0,0,0,0,NA,NA,NA,NA,NA,NA,NA,NA,0,0,0,0,NA,NA,NA,NA,NA
"Siegfried Hacke","bda8ac11-3955-11ef-8226-ab397f561917",NA,NA,1973,"12/15/1973","5d0b8dc5-3960-11ef-b177-7b2e16e5ffcd","away","Polizei SV Hannover","GWD Minden",20,28,FALSE,0,NA,NA,0,0,0,NA,0,0,0,0,0,0,NA,NA,NA,NA,NA,NA,NA,NA,0,0,0,0,NA,NA,NA,NA,NA
"Walter Salzer","8d394c72-3955-11ef-8d73-81dc40648355",NA,NA,1973,"12/15/1973","67d25a40-3960-11ef-8ff4-2906cc9fb6bc","home","TV 1893 Neuhausen","TV 05/07 Hüttenberg",14,20,FALSE,7,NA,NA,0,0,3,NA,0,0,0,0,0,0,NA,NA,NA,NA,NA,NA,NA,NA,0,0,0,0,NA,NA,NA,NA,NA
"Klaus Stoll","a42e01cc-3955-11ef-b661-2510cc07ea6e",NA,NA,1973,"12/15/1973","67d25a40-3960-11ef-8ff4-2906cc9fb6bc","home","TV 1893 Neuhausen","TV 05/07 Hüttenberg",14,20,FALSE,0,NA,NA,0,0,0,NA,0,0,0,0,0,0,NA,NA,NA,NA,NA,NA,NA,NA,0,0,0,0,NA,NA,NA,NA,NA
"Julius Lehmann","a448c9e2-3955-11ef-9bf8-2510cc07ea6e",NA,NA,1973,"12/15/1973","67d25a40-3960-11ef-8ff4-2906cc9fb6bc","home","TV 1893 Neuhausen","TV 05/07 Hüttenberg",14,20,FALSE,0,NA,NA,0,0,0,NA,0,0,0,0,0,0,NA,NA,NA,NA,NA,NA,NA,NA,0,0,0,0,NA,NA,NA,NA,NA
"Rolf Miller","a4552808-3955-11ef-ac39-2510cc07ea6e",NA,NA,1973,"12/15/1973","67d25a40-3960-11ef-8ff4-2906cc9fb6bc","home","TV 1893 Neuhausen","TV 05/07 Hüttenberg",14,20,FALSE,0,NA,NA,0,0,0,NA,0,0,0,0,0,0,NA,NA,NA,NA,NA,NA,NA,NA,0,0,0,0,NA,NA,NA,NA,NA
"Manfred Reusch","a45a1b11-3955-11ef-8135-2510cc07ea6e",NA,NA,1973,"12/15/1973","67d25a40-3960-11ef-8ff4-2906cc9fb6bc","home","TV 1893 Neuhausen","TV 05/07 Hüttenberg",14,20,FALSE,1,NA,NA,0,0,0,NA,0,0,0,0,0,0,NA,NA,NA,NA,NA,NA,NA,NA,0,0,0,0,NA,NA,NA,NA,NA
"Johann Högl","b2211f04-3955-11ef-a5bd-a36230ada079",NA,NA,1973,"12/15/1973","67d25a40-3960-11ef-8ff4-2906cc9fb6bc","home","TV 1893 Neuhausen","TV 05/07 Hüttenberg",14,20,FALSE,1,NA,NA,0,0,0,NA,0,0,0,0,0,0,NA,NA,NA,NA,NA,NA,NA,NA,0,0,0,0,NA,NA,NA,NA,NA
"Martin Streicher","b2277c0b-3955-11ef-b9c1-a36230ada079",NA,NA,1973,"12/15/1973","67d25a40-3960-11ef-8ff4-2906cc9fb6bc","home","TV 1893 Neuhausen","TV 05/07 Hüttenberg",14,20,FALSE,1,NA,NA,0,0,0,NA,0,0,0,0,0,0,NA,NA,NA,NA,NA,NA,NA,NA,0,0,0,0,NA,NA,NA,NA,NA
"Kurt Reusch","b22cb722-3955-11ef-b081-a36230ada079",NA,NA,1973,"12/15/1973","67d25a40-3960-11ef-8ff4-2906cc9fb6bc","home","TV 1893 Neuhausen","TV 05/07 Hüttenberg",14,20,FALSE,2,NA,NA,0,0,2,NA,0,0,0,0,0,0,NA,NA,NA,NA,NA,NA,NA,NA,0,0,0,0,NA,NA,NA,NA,NA
"Harald Streicher","b2329757-3955-11ef-8e1c-a36230ada079",NA,NA,1973,"12/15/1973","67d25a40-3960-11ef-8ff4-2906cc9fb6bc","home","TV 1893 Neuhausen","TV 05/07 Hüttenberg",14,20,FALSE,0,NA,NA,0,0,0,NA,0,0,0,0,0,0,NA,NA,NA,NA,NA,NA,NA,NA,0,0,0,0,NA,NA,NA,NA,NA
"Bernd Scheid","c71f654f-3955-11ef-a98f-157c9bc18a5f",NA,NA,1973,"12/15/1973","67d25a40-3960-11ef-8ff4-2906cc9fb6bc","home","TV 1893 Neuhausen","TV 05/07 Hüttenberg",14,20,FALSE,2,NA,NA,0,0,0,NA,0,0,0,0,0,0,NA,NA,NA,NA,NA,NA,NA,NA,0,0,0,0,NA,NA,NA,NA,NA
"Klaus Streicher","c728c012-3955-11ef-9cab-157c9bc18a5f",NA,NA,1973,"12/15/1973","67d25a40-3960-11ef-8ff4-2906cc9fb6bc","home","TV 1893 Neuhausen","TV 05/07 Hüttenberg",14,20,FALSE,0,NA,NA,0,0,0,NA,0,0,0,0,0,0,NA,NA,NA,NA,NA,NA,NA,NA,0,0,0,0,NA,NA,NA,NA,NA
"Walter Don","73f54ad3-3955-11ef-b2c6-51fdf2a82730",NA,NA,1973,"12/15/1973","67d25a40-3960-11ef-8ff4-2906cc9fb6bc","away","TV 05/07 Hüttenberg","TV 1893 Neuhausen",20,14,TRUE,0,NA,NA,0,0,0,NA,0,0,0,0,0,0,NA,NA,NA,NA,NA,NA,NA,NA,0,0,0,0,NA,NA,NA,NA,NA
"Hans-Jürgen Völpel","80753eec-3955-11ef-bd2e-b908c60af10a",NA,NA,1973,"12/15/1973","67d25a40-3960-11ef-8ff4-2906cc9fb6bc","away","TV 05/07 Hüttenberg","TV 1893 Neuhausen",20,14,TRUE,0,NA,NA,0,0,0,NA,0,0,0,0,0,0,NA,NA,NA,NA,NA,NA,NA,NA,0,0,0,0,NA,NA,NA,NA,NA
"Siegfried Weber","807d098c-3955-11ef-8827-b908c60af10a",NA,NA,1973,"12/15/1973","67d25a40-3960-11ef-8ff4-2906cc9fb6bc","away","TV 05/07 Hüttenberg","TV 1893 Neuhausen",20,14,TRUE,1,NA,NA,0,0,0,NA,0,0,0,0,0,0,NA,NA,NA,NA,NA,NA,NA,NA,0,0,0,0,NA,NA,NA,NA,NA
"Horst Spengler","80adf446-3955-11ef-a1e6-b908c60af10a",NA,NA,1973,"12/15/1973","67d25a40-3960-11ef-8ff4-2906cc9fb6bc","away","TV 05/07 Hüttenberg","TV 1893 Neuhausen",20,14,TRUE,4,NA,NA,0,0,0,NA,0,0,0,0,0,0,NA,NA,NA,NA,NA,NA,NA,NA,0,0,0,0,NA,NA,NA,NA,NA
"Peter Barthelmey","99855e8f-3955-11ef-b9a4-292be3190b7b",NA,NA,1973,"12/15/1973","67d25a40-3960-11ef-8ff4-2906cc9fb6bc","away","TV 05/07 Hüttenberg","TV 1893 Neuhausen",20,14,TRUE,0,NA,NA,0,0,3,NA,0,0,0,0,0,0,NA,NA,NA,NA,NA,NA,NA,NA,0,0,0,0,NA,NA,NA,NA,NA
"Richard Boczkowski","a1b43836-3955-11ef-934f-2510cc07ea6e",NA,NA,1973,"12/15/1973","67d25a40-3960-11ef-8ff4-2906cc9fb6bc","away","TV 05/07 Hüttenberg","TV 1893 Neuhausen",20,14,TRUE,0,NA,NA,0,0,0,NA,0,0,0,0,0,0,NA,NA,NA,NA,NA,NA,NA,NA,0,0,0,0,NA,NA,NA,NA,NA
"Norbert Bach","a3be6ba6-3955-11ef-9511-2510cc07ea6e",NA,NA,1973,"12/15/1973","67d25a40-3960-11ef-8ff4-2906cc9fb6bc","away","TV 05/07 Hüttenberg","TV 1893 Neuhausen",20,14,TRUE,6,NA,NA,0,0,0,NA,0,0,0,0,0,0,NA,NA,NA,NA,NA,NA,NA,NA,0,0,0,0,NA,NA,NA,NA,NA
"Udo Uebbing","ae4823ea-3955-11ef-93ce-a36230ada079",NA,NA,1973,"12/15/1973","67d25a40-3960-11ef-8ff4-2906cc9fb6bc","away","TV 05/07 Hüttenberg","TV 1893 Neuhausen",20,14,TRUE,4,NA,NA,0,0,0,NA,0,0,0,0,0,0,NA,NA,NA,NA,NA,NA,NA,NA,0,0,0,0,NA,NA,NA,NA,NA
"Reinhold Wiener","b152eab6-3955-11ef-82b5-a36230ada079",NA,NA,1973,"12/15/1973","67d25a40-3960-11ef-8ff4-2906cc9fb6bc","away","TV 05/07 Hüttenberg","TV 1893 Neuhausen",20,14,TRUE,1,NA,NA,0,0,0,NA,0,0,0,0,0,0,NA,NA,NA,NA,NA,NA,NA,NA,0,0,0,0,NA,NA,NA,NA,NA
"Rainer Joost","bb83a6fb-3955-11ef-b43f-ab397f561917",NA,NA,1973,"12/15/1973","67d25a40-3960-11ef-8ff4-2906cc9fb6bc","away","TV 05/07 Hüttenberg","TV 1893 Neuhausen",20,14,TRUE,0,NA,NA,0,0,0,NA,0,0,0,0,0,0,NA,NA,NA,NA,NA,NA,NA,NA,0,0,0,0,NA,NA,NA,NA,NA
"Andrija Kotlas","bde016f5-3955-11ef-b96c-ab397f561917",NA,NA,1973,"12/15/1973","67d25a40-3960-11ef-8ff4-2906cc9fb6bc","away","TV 05/07 Hüttenberg","TV 1893 Neuhausen",20,14,TRUE,4,NA,NA,0,0,0,NA,0,0,0,0,0,0,NA,NA,NA,NA,NA,NA,NA,NA,0,0,0,0,NA,NA,NA,NA,NA
"Rolf Allendörfer","97c4e757-3955-11ef-8b41-292be3190b7b",NA,NA,1973,"12/15/1973","68d33413-3960-11ef-9dbd-2906cc9fb6bc","home","TSV 1846 Butzbach","S3L Handball",17,9,TRUE,1,NA,NA,0,0,0,NA,0,0,0,0,0,0,NA,NA,NA,NA,NA,NA,NA,NA,0,0,0,0,NA,NA,NA,NA,NA
"Günter Timmermann","bb79f127-3955-11ef-ae8c-ab397f561917",NA,NA,1973,"12/15/1973","68d33413-3960-11ef-9dbd-2906cc9fb6bc","home","TSV 1846 Butzbach","S3L Handball",17,9,TRUE,0,NA,NA,0,0,0,NA,0,0,0,0,0,0,NA,NA,NA,NA,NA,NA,NA,NA,0,0,0,0,NA,NA,NA,NA,NA
"Günter Bormann","bc2b728c-3955-11ef-9c10-ab397f561917",NA,NA,1973,"12/15/1973","68d33413-3960-11ef-9dbd-2906cc9fb6bc","home","TSV 1846 Butzbach","S3L Handball",17,9,TRUE,1,NA,NA,0,0,0,NA,0,0,0,0,0,0,NA,NA,NA,NA,NA,NA,NA,NA,0,0,0,0,NA,NA,NA,NA,NA
"Rolf Grotegut","bc3000ec-3955-11ef-97c5-ab397f561917",NA,NA,1973,"12/15/1973","68d33413-3960-11ef-9dbd-2906cc9fb6bc","home","TSV 1846 Butzbach","S3L Handball",17,9,TRUE,0,NA,NA,0,0,0,NA,0,0,0,0,0,0,NA,NA,NA,NA,NA,NA,NA,NA,0,0,0,0,NA,NA,NA,NA,NA
"Hans-Joachim Röhrig","bc371f1f-3955-11ef-bcd4-ab397f561917",NA,NA,1973,"12/15/1973","68d33413-3960-11ef-9dbd-2906cc9fb6bc","home","TSV 1846 Butzbach","S3L Handball",17,9,TRUE,4,NA,NA,0,0,1,NA,0,0,0,0,0,0,NA,NA,NA,NA,NA,NA,NA,NA,0,0,0,0,NA,NA,NA,NA,NA
"Alfred Walter","bc3f22f5-3955-11ef-9558-ab397f561917",NA,NA,1973,"12/15/1973","68d33413-3960-11ef-9dbd-2906cc9fb6bc","home","TSV 1846 Butzbach","S3L Handball",17,9,TRUE,2,NA,NA,0,0,2,NA,0,0,0,0,0,0,NA,NA,NA,NA,NA,NA,NA,NA,0,0,0,0,NA,NA,NA,NA,NA
"Bernd Lind","bc4b1939-3955-11ef-95dd-ab397f561917",NA,NA,1973,"12/15/1973","68d33413-3960-11ef-9dbd-2906cc9fb6bc","home","TSV 1846 Butzbach","S3L Handball",17,9,TRUE,4,NA,NA,0,0,0,NA,0,0,0,0,0,0,NA,NA,NA,NA,NA,NA,NA,NA,0,0,0,0,NA,NA,NA,NA,NA
"Wolfgang Lowak","bc4eecb3-3955-11ef-8009-ab397f561917",NA,NA,1973,"12/15/1973","68d33413-3960-11ef-9dbd-2906cc9fb6bc","home","TSV 1846 Butzbach","S3L Handball",17,9,TRUE,0,NA,NA,0,0,0,NA,0,0,0,0,0,0,NA,NA,NA,NA,NA,NA,NA,NA,0,0,0,0,NA,NA,NA,NA,NA
"Robert Ringleb","bc52ae17-3955-11ef-80f1-ab397f561917",NA,NA,1973,"12/15/1973","68d33413-3960-11ef-9dbd-2906cc9fb6bc","home","TSV 1846 Butzbach","S3L Handball",17,9,TRUE,0,NA,NA,0,0,0,NA,0,0,0,0,0,0,NA,NA,NA,NA,NA,NA,NA,NA,0,0,0,0,NA,NA,NA,NA,NA
"Klaus Karg","c6d8aa2a-3955-11ef-ab2b-157c9bc18a5f",NA,NA,1973,"12/15/1973","68d33413-3960-11ef-9dbd-2906cc9fb6bc","home","TSV 1846 Butzbach","S3L Handball",17,9,TRUE,1,NA,NA,0,0,0,NA,0,0,0,0,0,0,NA,NA,NA,NA,NA,NA,NA,NA,0,0,0,0,NA,NA,NA,NA,NA
"Anton Turkalj","c6dcd936-3955-11ef-9d1b-157c9bc18a5f",NA,NA,1973,"12/15/1973","68d33413-3960-11ef-9dbd-2906cc9fb6bc","home","TSV 1846 Butzbach","S3L Handball",17,9,TRUE,4,NA,NA,0,0,0,NA,0,0,0,0,0,0,NA,NA,NA,NA,NA,NA,NA,NA,0,0,0,0,NA,NA,NA,NA,NA
"Werner Osada","98d8c8ac-3955-11ef-b6db-292be3190b7b",NA,NA,1973,"12/15/1973","68d33413-3960-11ef-9dbd-2906cc9fb6bc","away","S3L Handball","TSV 1846 Butzbach",9,17,FALSE,3,NA,NA,0,0,2,NA,0,0,0,0,0,0,NA,NA,NA,NA,NA,NA,NA,NA,0,0,0,0,NA,NA,NA,NA,NA
"Manfred Müller","ae54e819-3955-11ef-81e8-a36230ada079",NA,NA,1973,"12/15/1973","68d33413-3960-11ef-9dbd-2906cc9fb6bc","away","S3L Handball","TSV 1846 Butzbach",9,17,FALSE,0,NA,NA,0,0,0,NA,0,0,0,0,0,0,NA,NA,NA,NA,NA,NA,NA,NA,0,0,0,0,NA,NA,NA,NA,NA
"Georg Fitz","ae68320c-3955-11ef-89fa-a36230ada079",NA,NA,1973,"12/15/1973","68d33413-3960-11ef-9dbd-2906cc9fb6bc","away","S3L Handball","TSV 1846 Butzbach",9,17,FALSE,0,NA,NA,0,0,0,NA,0,0,0,0,0,0,NA,NA,NA,NA,NA,NA,NA,NA,0,0,0,0,NA,NA,NA,NA,NA
"Franz Rupp","ae6c7950-3955-11ef-87dd-a36230ada079",NA,NA,1973,"12/15/1973","68d33413-3960-11ef-9dbd-2906cc9fb6bc","away","S3L Handball","TSV 1846 Butzbach",9,17,FALSE,1,NA,NA,0,0,0,NA,0,0,0,0,0,0,NA,NA,NA,NA,NA,NA,NA,NA,0,0,0,0,NA,NA,NA,NA,NA
"Bernd Frühauf","ae71d80f-3955-11ef-a219-a36230ada079",NA,NA,1973,"12/15/1973","68d33413-3960-11ef-9dbd-2906cc9fb6bc","away","S3L Handball","TSV 1846 Butzbach",9,17,FALSE,0,NA,NA,0,0,0,NA,0,0,0,0,0,0,NA,NA,NA,NA,NA,NA,NA,NA,0,0,0,0,NA,NA,NA,NA,NA
"Wolfgang Sättele","ae76c01d-3955-11ef-bfb9-a36230ada079",NA,NA,1973,"12/15/1973","68d33413-3960-11ef-9dbd-2906cc9fb6bc","away","S3L Handball","TSV 1846 Butzbach",9,17,FALSE,0,NA,NA,0,0,0,NA,0,0,0,0,0,0,NA,NA,NA,NA,NA,NA,NA,NA,0,0,0,0,NA,NA,NA,NA,NA
"Robert Becker","ae8c50f9-3955-11ef-91c4-a36230ada079",NA,NA,1973,"12/15/1973","68d33413-3960-11ef-9dbd-2906cc9fb6bc","away","S3L Handball","TSV 1846 Butzbach",9,17,FALSE,0,NA,NA,0,0,0,NA,0,0,0,0,0,0,NA,NA,NA,NA,NA,NA,NA,NA,0,0,0,0,NA,NA,NA,NA,NA
"Jürgen Hahn","ae947745-3955-11ef-bc54-a36230ada079",NA,NA,1973,"12/15/1973","68d33413-3960-11ef-9dbd-2906cc9fb6bc","away","S3L Handball","TSV 1846 Butzbach",9,17,FALSE,0,NA,NA,0,0,0,NA,0,0,0,0,0,0,NA,NA,NA,NA,NA,NA,NA,NA,0,0,0,0,NA,NA,NA,NA,NA
"Hansjörg Jäck","b166bd31-3955-11ef-bed1-a36230ada079",NA,NA,1973,"12/15/1973","68d33413-3960-11ef-9dbd-2906cc9fb6bc","away","S3L Handball","TSV 1846 Butzbach",9,17,FALSE,0,NA,NA,0,0,0,NA,0,0,0,0,0,0,NA,NA,NA,NA,NA,NA,NA,NA,0,0,0,0,NA,NA,NA,NA,NA
"Markus Hädrich","ba389acc-3955-11ef-8b9d-ab397f561917",NA,NA,1973,"12/15/1973","68d33413-3960-11ef-9dbd-2906cc9fb6bc","away","S3L Handball","TSV 1846 Butzbach",9,17,FALSE,1,NA,NA,0,0,0,NA,0,0,0,0,0,0,NA,NA,NA,NA,NA,NA,NA,NA,0,0,0,0,NA,NA,NA,NA,NA
"Werner Pruscha","bb9c8e56-3955-11ef-ac18-ab397f561917",NA,NA,1973,"12/15/1973","68d33413-3960-11ef-9dbd-2906cc9fb6bc","away","S3L Handball","TSV 1846 Butzbach",9,17,FALSE,0,NA,NA,0,0,0,NA,0,0,0,0,0,0,NA,NA,NA,NA,NA,NA,NA,NA,0,0,0,0,NA,NA,NA,NA,NA
"Wolfhardt Bühler","bba2fc92-3955-11ef-a8d6-ab397f561917",NA,NA,1973,"12/15/1973","68d33413-3960-11ef-9dbd-2906cc9fb6bc","away","S3L Handball","TSV 1846 Butzbach",9,17,FALSE,4,NA,NA,0,0,0,NA,0,0,0,0,0,0,NA,NA,NA,NA,NA,NA,NA,NA,0,0,0,0,NA,NA,NA,NA,NA
"Armin Emrich","8cdd3680-3955-11ef-a93e-81dc40648355",NA,NA,1973,"12/15/1973","6af2e817-3960-11ef-8c65-2906cc9fb6bc","home","FRISCH AUF! Göppingen","TSV Milbertshofen",19,16,TRUE,1,NA,NA,0,0,0,NA,0,0,0,0,0,0,NA,NA,NA,NA,NA,NA,NA,NA,0,0,0,0,NA,NA,NA,NA,NA
"Hans-Eberhard Finkbeiner","a2f451eb-3955-11ef-99da-2510cc07ea6e",NA,NA,1973,"12/15/1973","6af2e817-3960-11ef-8c65-2906cc9fb6bc","home","FRISCH AUF! Göppingen","TSV Milbertshofen",19,16,TRUE,0,NA,NA,0,0,0,NA,0,0,0,0,0,0,NA,NA,NA,NA,NA,NA,NA,NA,0,0,0,0,NA,NA,NA,NA,NA
"Wolfgang Don","a2ff75a5-3955-11ef-a510-2510cc07ea6e",NA,NA,1973,"12/15/1973","6af2e817-3960-11ef-8c65-2906cc9fb6bc","home","FRISCH AUF! Göppingen","TSV Milbertshofen",19,16,TRUE,0,NA,NA,0,0,0,NA,0,0,0,0,0,0,NA,NA,NA,NA,NA,NA,NA,NA,0,0,0,0,NA,NA,NA,NA,NA
"Werner Fischer","af3a0885-3955-11ef-a884-a36230ada079",NA,NA,1973,"12/15/1973","6af2e817-3960-11ef-8c65-2906cc9fb6bc","home","FRISCH AUF! Göppingen","TSV Milbertshofen",19,16,TRUE,2,NA,NA,0,0,0,NA,0,0,0,0,0,0,NA,NA,NA,NA,NA,NA,NA,NA,0,0,0,0,NA,NA,NA,NA,NA
"Siegmund Seeger","af76d008-3955-11ef-b7c9-a36230ada079",NA,NA,1973,"12/15/1973","6af2e817-3960-11ef-8c65-2906cc9fb6bc","home","FRISCH AUF! Göppingen","TSV Milbertshofen",19,16,TRUE,1,NA,NA,0,0,0,NA,0,0,0,0,0,0,NA,NA,NA,NA,NA,NA,NA,NA,0,0,0,0,NA,NA,NA,NA,NA
"Hans Brodbeck","b1f00cc3-3955-11ef-b4c9-a36230ada079",NA,NA,1973,"12/15/1973","6af2e817-3960-11ef-8c65-2906cc9fb6bc","home","FRISCH AUF! Göppingen","TSV Milbertshofen",19,16,TRUE,0,NA,NA,0,0,0,NA,0,0,0,0,0,0,NA,NA,NA,NA,NA,NA,NA,NA,0,0,0,0,NA,NA,NA,NA,NA
"Paul Epple","bc8167af-3955-11ef-8748-ab397f561917",NA,NA,1973,"12/15/1973","6af2e817-3960-11ef-8c65-2906cc9fb6bc","home","FRISCH AUF! Göppingen","TSV Milbertshofen",19,16,TRUE,1,NA,NA,0,0,0,NA,0,0,0,0,0,0,NA,NA,NA,NA,NA,NA,NA,NA,0,0,0,0,NA,NA,NA,NA,NA
"Geir Hallsteinsson","c70adb66-3955-11ef-afb7-157c9bc18a5f",NA,NA,1973,"12/15/1973","6af2e817-3960-11ef-8c65-2906cc9fb6bc","home","FRISCH AUF! Göppingen","TSV Milbertshofen",19,16,TRUE,6,NA,NA,0,0,1,NA,0,0,0,0,0,0,NA,NA,NA,NA,NA,NA,NA,NA,0,0,0,0,NA,NA,NA,NA,NA
"Werner Arndt","c71116e0-3955-11ef-85d3-157c9bc18a5f",NA,NA,1973,"12/15/1973","6af2e817-3960-11ef-8c65-2906cc9fb6bc","home","FRISCH AUF! Göppingen","TSV Milbertshofen",19,16,TRUE,1,NA,NA,0,0,0,NA,0,0,0,0,0,0,NA,NA,NA,NA,NA,NA,NA,NA,0,0,0,0,NA,NA,NA,NA,NA
"Christian Patzer","c715a1de-3955-11ef-bc54-157c9bc18a5f",NA,NA,1973,"12/15/1973","6af2e817-3960-11ef-8c65-2906cc9fb6bc","home","FRISCH AUF! Göppingen","TSV Milbertshofen",19,16,TRUE,7,NA,NA,0,0,4,NA,0,0,0,0,0,0,NA,NA,NA,NA,NA,NA,NA,NA,0,0,0,0,NA,NA,NA,NA,NA
"Günter Schweikardt","d3e60b79-3953-11ef-9e8c-e3f2de03a1b7",NA,NA,1973,"12/15/1973","6af2e817-3960-11ef-8c65-2906cc9fb6bc","home","FRISCH AUF! Göppingen","TSV Milbertshofen",19,16,TRUE,0,NA,NA,0,0,0,NA,0,0,0,0,0,0,NA,NA,NA,NA,NA,NA,NA,NA,0,0,0,0,NA,NA,NA,NA,NA
"Wolfgang Sommerfeld","74c0be88-3955-11ef-89fd-51fdf2a82730",NA,NA,1973,"12/15/1973","6af2e817-3960-11ef-8c65-2906cc9fb6bc","away","TSV Milbertshofen","FRISCH AUF! Göppingen",16,19,FALSE,4,NA,NA,0,0,0,NA,0,0,0,0,0,0,NA,NA,NA,NA,NA,NA,NA,NA,0,0,0,0,NA,NA,NA,NA,NA
"Rainer Olbert","80d00b6a-3955-11ef-ab11-b908c60af10a",NA,NA,1973,"12/15/1973","6af2e817-3960-11ef-8c65-2906cc9fb6bc","away","TSV Milbertshofen","FRISCH AUF! Göppingen",16,19,FALSE,0,NA,NA,0,0,0,NA,0,0,0,0,0,0,NA,NA,NA,NA,NA,NA,NA,NA,0,0,0,0,NA,NA,NA,NA,NA
"Udo Böbel","80d4ba37-3955-11ef-9d8b-b908c60af10a",NA,NA,1973,"12/15/1973","6af2e817-3960-11ef-8c65-2906cc9fb6bc","away","TSV Milbertshofen","FRISCH AUF! Göppingen",16,19,FALSE,3,NA,NA,0,0,0,NA,0,0,0,0,0,0,NA,NA,NA,NA,NA,NA,NA,NA,0,0,0,0,NA,NA,NA,NA,NA
"Peter Jaschke","8b728782-3955-11ef-8da6-81dc40648355",NA,NA,1973,"12/15/1973","6af2e817-3960-11ef-8c65-2906cc9fb6bc","away","TSV Milbertshofen","FRISCH AUF! Göppingen",16,19,FALSE,0,NA,NA,0,0,0,NA,0,0,0,0,0,0,NA,NA,NA,NA,NA,NA,NA,NA,0,0,0,0,NA,NA,NA,NA,NA
"Werner Winkelmeier","9712104e-3955-11ef-9613-292be3190b7b",NA,NA,1973,"12/15/1973","6af2e817-3960-11ef-8c65-2906cc9fb6bc","away","TSV Milbertshofen","FRISCH AUF! Göppingen",16,19,FALSE,3,NA,NA,0,0,0,NA,0,0,0,0,0,0,NA,NA,NA,NA,NA,NA,NA,NA,0,0,0,0,NA,NA,NA,NA,NA
"Gerhard Ochsenkühn","97259ed1-3955-11ef-96ca-292be3190b7b",NA,NA,1973,"12/15/1973","6af2e817-3960-11ef-8c65-2906cc9fb6bc","away","TSV Milbertshofen","FRISCH AUF! Göppingen",16,19,FALSE,1,NA,NA,0,0,0,NA,0,0,0,0,0,0,NA,NA,NA,NA,NA,NA,NA,NA,0,0,0,0,NA,NA,NA,NA,NA
"Josef Kiener","972d7d47-3955-11ef-a437-292be3190b7b",NA,NA,1973,"12/15/1973","6af2e817-3960-11ef-8c65-2906cc9fb6bc","away","TSV Milbertshofen","FRISCH AUF! Göppingen",16,19,FALSE,3,NA,NA,0,0,2,NA,0,0,0,0,0,0,NA,NA,NA,NA,NA,NA,NA,NA,0,0,0,0,NA,NA,NA,NA,NA
"Rudolf Dobler","97ac407c-3955-11ef-9ea9-292be3190b7b",NA,NA,1973,"12/15/1973","6af2e817-3960-11ef-8c65-2906cc9fb6bc","away","TSV Milbertshofen","FRISCH AUF! Göppingen",16,19,FALSE,0,NA,NA,0,0,0,NA,0,0,0,0,0,0,NA,NA,NA,NA,NA,NA,NA,NA,0,0,0,0,NA,NA,NA,NA,NA
"Jochen Heyne","b1c06894-3955-11ef-ab50-a36230ada079",NA,NA,1973,"12/15/1973","6af2e817-3960-11ef-8c65-2906cc9fb6bc","away","TSV Milbertshofen","FRISCH AUF! Göppingen",16,19,FALSE,1,NA,NA,0,0,0,NA,0,0,0,0,0,0,NA,NA,NA,NA,NA,NA,NA,NA,0,0,0,0,NA,NA,NA,NA,NA
"Helmut Schelchshorn","b1c960ef-3955-11ef-850b-a36230ada079",NA,NA,1973,"12/15/1973","6af2e817-3960-11ef-8c65-2906cc9fb6bc","away","TSV Milbertshofen","FRISCH AUF! Göppingen",16,19,FALSE,0,NA,NA,0,0,0,NA,0,0,0,0,0,0,NA,NA,NA,NA,NA,NA,NA,NA,0,0,0,0,NA,NA,NA,NA,NA
"Axel Pohl","bc16faf2-3955-11ef-a768-ab397f561917",NA,NA,1973,"12/15/1973","6af2e817-3960-11ef-8c65-2906cc9fb6bc","away","TSV Milbertshofen","FRISCH AUF! Göppingen",16,19,FALSE,0,NA,NA,0,0,0,NA,0,0,0,0,0,0,NA,NA,NA,NA,NA,NA,NA,NA,0,0,0,0,NA,NA,NA,NA,NA
"Peter Feddern","bc1b1b3e-3955-11ef-9c4e-ab397f561917",NA,NA,1973,"12/15/1973","6af2e817-3960-11ef-8c65-2906cc9fb6bc","away","TSV Milbertshofen","FRISCH AUF! Göppingen",16,19,FALSE,1,NA,NA,0,0,0,NA,0,0,0,0,0,0,NA,NA,NA,NA,NA,NA,NA,NA,0,0,0,0,NA,NA,NA,NA,NA
"Peter Pickel","8c973b42-3955-11ef-8c71-81dc40648355",NA,NA,1973,"12/16/1973","5e0a669d-3960-11ef-a487-7b2e16e5ffcd","home","Hamburger SV","Füchse Berlin",12,13,FALSE,9,NA,NA,0,0,6,NA,0,0,0,0,0,0,NA,NA,NA,NA,NA,NA,NA,NA,0,0,0,0,NA,NA,NA,NA,NA
"Jürgen Pflugbeil","a4aebf56-3955-11ef-99e3-2510cc07ea6e",NA,NA,1973,"12/16/1973","5e0a669d-3960-11ef-a487-7b2e16e5ffcd","home","Hamburger SV","Füchse Berlin",12,13,FALSE,0,NA,NA,0,0,0,NA,0,0,0,0,0,0,NA,NA,NA,NA,NA,NA,NA,NA,0,0,0,0,NA,NA,NA,NA,NA
"Hans-Jürgen Bode","b011e6da-3955-11ef-8205-a36230ada079",NA,NA,1973,"12/16/1973","5e0a669d-3960-11ef-a487-7b2e16e5ffcd","home","Hamburger SV","Füchse Berlin",12,13,FALSE,0,NA,NA,0,0,0,NA,0,0,0,0,0,0,NA,NA,NA,NA,NA,NA,NA,NA,0,0,0,0,NA,NA,NA,NA,NA
"Rainer Witt","b02adaad-3955-11ef-b8c4-a36230ada079",NA,NA,1973,"12/16/1973","5e0a669d-3960-11ef-a487-7b2e16e5ffcd","home","Hamburger SV","Füchse Berlin",12,13,FALSE,0,NA,NA,0,0,0,NA,0,0,0,0,0,0,NA,NA,NA,NA,NA,NA,NA,NA,0,0,0,0,NA,NA,NA,NA,NA
"Jens Ivers","b02f4aea-3955-11ef-801e-a36230ada079",NA,NA,1973,"12/16/1973","5e0a669d-3960-11ef-a487-7b2e16e5ffcd","home","Hamburger SV","Füchse Berlin",12,13,FALSE,0,NA,NA,0,0,0,NA,0,0,0,0,0,0,NA,NA,NA,NA,NA,NA,NA,NA,0,0,0,0,NA,NA,NA,NA,NA
"Hans-Joachim Beißel","b0341bcb-3955-11ef-9e08-a36230ada079",NA,NA,1973,"12/16/1973","5e0a669d-3960-11ef-a487-7b2e16e5ffcd","home","Hamburger SV","Füchse Berlin",12,13,FALSE,2,NA,NA,0,0,0,NA,0,0,0,0,0,0,NA,NA,NA,NA,NA,NA,NA,NA,0,0,0,0,NA,NA,NA,NA,NA
"Norbert Germer","b03f8101-3955-11ef-8945-a36230ada079",NA,NA,1973,"12/16/1973","5e0a669d-3960-11ef-a487-7b2e16e5ffcd","home","Hamburger SV","Füchse Berlin",12,13,FALSE,0,NA,NA,0,0,0,NA,0,0,0,0,0,0,NA,NA,NA,NA,NA,NA,NA,NA,0,0,0,0,NA,NA,NA,NA,NA
"Uwe Tesloff","b049ae56-3955-11ef-a5f7-a36230ada079",NA,NA,1973,"12/16/1973","5e0a669d-3960-11ef-a487-7b2e16e5ffcd","home","Hamburger SV","Füchse Berlin",12,13,FALSE,1,NA,NA,0,0,0,NA,0,0,0,0,0,0,NA,NA,NA,NA,NA,NA,NA,NA,0,0,0,0,NA,NA,NA,NA,NA
"Hartwig Reich","ba6cb3c8-3955-11ef-9f64-ab397f561917",NA,NA,1973,"12/16/1973","5e0a669d-3960-11ef-a487-7b2e16e5ffcd","home","Hamburger SV","Füchse Berlin",12,13,FALSE,0,NA,NA,0,0,0,NA,0,0,0,0,0,0,NA,NA,NA,NA,NA,NA,NA,NA,0,0,0,0,NA,NA,NA,NA,NA
"Dieter Minke","bd0cde0f-3955-11ef-91c1-ab397f561917",NA,NA,1973,"12/16/1973","5e0a669d-3960-11ef-a487-7b2e16e5ffcd","home","Hamburger SV","Füchse Berlin",12,13,FALSE,0,NA,NA,0,0,0,NA,0,0,0,0,0,0,NA,NA,NA,NA,NA,NA,NA,NA,0,0,0,0,NA,NA,NA,NA,NA
"Rüdiger Heß","bd122db8-3955-11ef-9b21-ab397f561917",NA,NA,1973,"12/16/1973","5e0a669d-3960-11ef-a487-7b2e16e5ffcd","home","Hamburger SV","Füchse Berlin",12,13,FALSE,0,NA,NA,0,0,0,NA,0,0,0,0,0,0,NA,NA,NA,NA,NA,NA,NA,NA,0,0,0,0,NA,NA,NA,NA,NA
"Karsten Sick","bd16289b-3955-11ef-9343-ab397f561917",NA,NA,1973,"12/16/1973","5e0a669d-3960-11ef-a487-7b2e16e5ffcd","home","Hamburger SV","Füchse Berlin",12,13,FALSE,0,NA,NA,0,0,0,NA,0,0,0,0,0,0,NA,NA,NA,NA,NA,NA,NA,NA,0,0,0,0,NA,NA,NA,NA,NA
"Horst Rampp","8c760463-3955-11ef-b11d-81dc40648355",NA,NA,1973,"12/16/1973","5e0a669d-3960-11ef-a487-7b2e16e5ffcd","away","Füchse Berlin","Hamburger SV",13,12,TRUE,0,NA,NA,0,0,0,NA,0,0,0,0,0,0,NA,NA,NA,NA,NA,NA,NA,NA,0,0,0,0,NA,NA,NA,NA,NA
"Hartmut Alsen","a5dc4676-3955-11ef-ac19-2510cc07ea6e",NA,NA,1973,"12/16/1973","5e0a669d-3960-11ef-a487-7b2e16e5ffcd","away","Füchse Berlin","Hamburger SV",13,12,TRUE,0,NA,NA,0,0,0,NA,0,0,0,0,0,0,NA,NA,NA,NA,NA,NA,NA,NA,0,0,0,0,NA,NA,NA,NA,NA
"Diethard Finkelmann","a60bdcf9-3955-11ef-bfa1-2510cc07ea6e",NA,NA,1973,"12/16/1973","5e0a669d-3960-11ef-a487-7b2e16e5ffcd","away","Füchse Berlin","Hamburger SV",13,12,TRUE,4,NA,NA,0,0,2,NA,0,0,0,0,0,0,NA,NA,NA,NA,NA,NA,NA,NA,0,0,0,0,NA,NA,NA,NA,NA
"Jochen Oermann","b193e84b-3955-11ef-bdbf-a36230ada079",NA,NA,1973,"12/16/1973","5e0a669d-3960-11ef-a487-7b2e16e5ffcd","away","Füchse Berlin","Hamburger SV",13,12,TRUE,0,NA,NA,0,0,0,NA,0,0,0,0,0,0,NA,NA,NA,NA,NA,NA,NA,NA,0,0,0,0,NA,NA,NA,NA,NA
"Detlef Finkelmann","b1a8f927-3955-11ef-a009-a36230ada079",NA,NA,1973,"12/16/1973","5e0a669d-3960-11ef-a487-7b2e16e5ffcd","away","Füchse Berlin","Hamburger SV",13,12,TRUE,1,NA,NA,0,0,0,NA,0,0,0,0,0,0,NA,NA,NA,NA,NA,NA,NA,NA,0,0,0,0,NA,NA,NA,NA,NA
"Lutz Loewke","b1b73b08-3955-11ef-b76a-a36230ada079",NA,NA,1973,"12/16/1973","5e0a669d-3960-11ef-a487-7b2e16e5ffcd","away","Füchse Berlin","Hamburger SV",13,12,TRUE,3,NA,NA,0,0,1,NA,0,0,0,0,0,0,NA,NA,NA,NA,NA,NA,NA,NA,0,0,0,0,NA,NA,NA,NA,NA
"Sigmar Artelt","bdbc9392-3955-11ef-a3be-ab397f561917",NA,NA,1973,"12/16/1973","5e0a669d-3960-11ef-a487-7b2e16e5ffcd","away","Füchse Berlin","Hamburger SV",13,12,TRUE,3,NA,NA,0,0,0,NA,0,0,0,0,0,0,NA,NA,NA,NA,NA,NA,NA,NA,0,0,0,0,NA,NA,NA,NA,NA
"Detlef Fischer","bdc0cf9c-3955-11ef-a866-ab397f561917",NA,NA,1973,"12/16/1973","5e0a669d-3960-11ef-a487-7b2e16e5ffcd","away","Füchse Berlin","Hamburger SV",13,12,TRUE,0,NA,NA,0,0,0,NA,0,0,0,0,0,0,NA,NA,NA,NA,NA,NA,NA,NA,0,0,0,0,NA,NA,NA,NA,NA
"Uwe Fröhlich","bdc4fe1a-3955-11ef-aa4f-ab397f561917",NA,NA,1973,"12/16/1973","5e0a669d-3960-11ef-a487-7b2e16e5ffcd","away","Füchse Berlin","Hamburger SV",13,12,TRUE,0,NA,NA,0,0,0,NA,0,0,0,0,0,0,NA,NA,NA,NA,NA,NA,NA,NA,0,0,0,0,NA,NA,NA,NA,NA
"Henry Johannes","bdc98fce-3955-11ef-9f6e-ab397f561917",NA,NA,1973,"12/16/1973","5e0a669d-3960-11ef-a487-7b2e16e5ffcd","away","Füchse Berlin","Hamburger SV",13,12,TRUE,1,NA,NA,0,0,0,NA,0,0,0,0,0,0,NA,NA,NA,NA,NA,NA,NA,NA,0,0,0,0,NA,NA,NA,NA,NA
"Horst Waisznor","bdce772f-3955-11ef-a781-ab397f561917",NA,NA,1973,"12/16/1973","5e0a669d-3960-11ef-a487-7b2e16e5ffcd","away","Füchse Berlin","Hamburger SV",13,12,TRUE,1,NA,NA,0,0,0,NA,0,0,0,0,0,0,NA,NA,NA,NA,NA,NA,NA,NA,0,0,0,0,NA,NA,NA,NA,NA
"Lothar Wiehle","bdd3883f-3955-11ef-aaf9-ab397f561917",NA,NA,1973,"12/16/1973","5e0a669d-3960-11ef-a487-7b2e16e5ffcd","away","Füchse Berlin","Hamburger SV",13,12,TRUE,0,NA,NA,0,0,0,NA,0,0,0,0,0,0,NA,NA,NA,NA,NA,NA,NA,NA,0,0,0,0,NA,NA,NA,NA,NA
"Hans-Jörg Graeper","964d8ebc-3955-11ef-a25b-292be3190b7b",NA,NA,1973,"12/19/1973","5d1a1949-3960-11ef-a9b3-7b2e16e5ffcd","home","TV Grambke Bremen","GWD Minden",19,17,TRUE,3,NA,NA,0,0,0,NA,0,0,0,0,0,0,NA,NA,NA,NA,NA,NA,NA,NA,0,0,0,0,NA,NA,NA,NA,NA
"Rolf Harjes","9854972c-3955-11ef-b163-292be3190b7b",NA,NA,1973,"12/19/1973","5d1a1949-3960-11ef-a9b3-7b2e16e5ffcd","home","TV Grambke Bremen","GWD Minden",19,17,TRUE,6,NA,NA,0,0,2,NA,0,0,0,0,0,0,NA,NA,NA,NA,NA,NA,NA,NA,0,0,0,0,NA,NA,NA,NA,NA
"Rolf Dierks","a5420b05-3955-11ef-a0f4-2510cc07ea6e",NA,NA,1973,"12/19/1973","5d1a1949-3960-11ef-a9b3-7b2e16e5ffcd","home","TV Grambke Bremen","GWD Minden",19,17,TRUE,1,NA,NA,0,0,0,NA,0,0,0,0,0,0,NA,NA,NA,NA,NA,NA,NA,NA,0,0,0,0,NA,NA,NA,NA,NA
"Wilfried Lankenau","a547caa3-3955-11ef-8b17-2510cc07ea6e",NA,NA,1973,"12/19/1973","5d1a1949-3960-11ef-a9b3-7b2e16e5ffcd","home","TV Grambke Bremen","GWD Minden",19,17,TRUE,7,NA,NA,0,0,0,NA,0,0,0,0,0,0,NA,NA,NA,NA,NA,NA,NA,NA,0,0,0,0,NA,NA,NA,NA,NA
"Willi Hohn","a54d65b4-3955-11ef-86a4-2510cc07ea6e",NA,NA,1973,"12/19/1973","5d1a1949-3960-11ef-a9b3-7b2e16e5ffcd","home","TV Grambke Bremen","GWD Minden",19,17,TRUE,0,NA,NA,0,0,0,NA,0,0,0,0,0,0,NA,NA,NA,NA,NA,NA,NA,NA,0,0,0,0,NA,NA,NA,NA,NA
"Peter Wilde","a5638a05-3955-11ef-8647-2510cc07ea6e",NA,NA,1973,"12/19/1973","5d1a1949-3960-11ef-a9b3-7b2e16e5ffcd","home","TV Grambke Bremen","GWD Minden",19,17,TRUE,2,NA,NA,0,0,0,NA,0,0,0,0,0,0,NA,NA,NA,NA,NA,NA,NA,NA,0,0,0,0,NA,NA,NA,NA,NA
"Klaus Hohn","baa006c5-3955-11ef-942e-ab397f561917",NA,NA,1973,"12/19/1973","5d1a1949-3960-11ef-a9b3-7b2e16e5ffcd","home","TV Grambke Bremen","GWD Minden",19,17,TRUE,0,NA,NA,0,0,0,NA,0,0,0,0,0,0,NA,NA,NA,NA,NA,NA,NA,NA,0,0,0,0,NA,NA,NA,NA,NA
"Karl-Heinz Bierwirth","baa76751-3955-11ef-b78b-ab397f561917",NA,NA,1973,"12/19/1973","5d1a1949-3960-11ef-a9b3-7b2e16e5ffcd","home","TV Grambke Bremen","GWD Minden",19,17,TRUE,0,NA,NA,0,0,0,NA,0,0,0,0,0,0,NA,NA,NA,NA,NA,NA,NA,NA,0,0,0,0,NA,NA,NA,NA,NA
"Günter Heermann","baabe2e5-3955-11ef-9d71-ab397f561917",NA,NA,1973,"12/19/1973","5d1a1949-3960-11ef-a9b3-7b2e16e5ffcd","home","TV Grambke Bremen","GWD Minden",19,17,TRUE,0,NA,NA,0,0,0,NA,0,0,0,0,0,0,NA,NA,NA,NA,NA,NA,NA,NA,0,0,0,0,NA,NA,NA,NA,NA
"Günter Meßmer","babf1fc6-3955-11ef-975c-ab397f561917",NA,NA,1973,"12/19/1973","5d1a1949-3960-11ef-a9b3-7b2e16e5ffcd","home","TV Grambke Bremen","GWD Minden",19,17,TRUE,0,NA,NA,0,0,0,NA,0,0,0,0,0,0,NA,NA,NA,NA,NA,NA,NA,NA,0,0,0,0,NA,NA,NA,NA,NA
"Reimer Hinrichs","baf246ff-3955-11ef-b172-ab397f561917",NA,NA,1973,"12/19/1973","5d1a1949-3960-11ef-a9b3-7b2e16e5ffcd","home","TV Grambke Bremen","GWD Minden",19,17,TRUE,0,NA,NA,0,0,0,NA,0,0,0,0,0,0,NA,NA,NA,NA,NA,NA,NA,NA,0,0,0,0,NA,NA,NA,NA,NA
"Jürgen Pook","8c289b4b-3955-11ef-889f-81dc40648355",NA,NA,1973,"12/19/1973","5d1a1949-3960-11ef-a9b3-7b2e16e5ffcd","away","GWD Minden","TV Grambke Bremen",17,19,FALSE,0,NA,NA,0,0,0,NA,0,0,0,0,0,0,NA,NA,NA,NA,NA,NA,NA,NA,0,0,0,0,NA,NA,NA,NA,NA
"Gerd Becker","96f1e245-3955-11ef-80bc-292be3190b7b",NA,NA,1973,"12/19/1973","5d1a1949-3960-11ef-a9b3-7b2e16e5ffcd","away","GWD Minden","TV Grambke Bremen",17,19,FALSE,3,NA,NA,0,0,0,NA,0,0,0,0,0,0,NA,NA,NA,NA,NA,NA,NA,NA,0,0,0,0,NA,NA,NA,NA,NA
"Gerald Schüler","96fc1532-3955-11ef-bddd-292be3190b7b",NA,NA,1973,"12/19/1973","5d1a1949-3960-11ef-a9b3-7b2e16e5ffcd","away","GWD Minden","TV Grambke Bremen",17,19,FALSE,1,NA,NA,0,0,0,NA,0,0,0,0,0,0,NA,NA,NA,NA,NA,NA,NA,NA,0,0,0,0,NA,NA,NA,NA,NA
"Martin Karcher","980f80ce-3955-11ef-8054-292be3190b7b",NA,NA,1973,"12/19/1973","5d1a1949-3960-11ef-a9b3-7b2e16e5ffcd","away","GWD Minden","TV Grambke Bremen",17,19,FALSE,0,NA,NA,0,0,0,NA,0,0,0,0,0,0,NA,NA,NA,NA,NA,NA,NA,NA,0,0,0,0,NA,NA,NA,NA,NA
"Gerhard Buddenbohm","98e2ecac-3955-11ef-b2de-292be3190b7b",NA,NA,1973,"12/19/1973","5d1a1949-3960-11ef-a9b3-7b2e16e5ffcd","away","GWD Minden","TV Grambke Bremen",17,19,FALSE,0,NA,NA,0,0,0,NA,0,0,0,0,0,0,NA,NA,NA,NA,NA,NA,NA,NA,0,0,0,0,NA,NA,NA,NA,NA
"Hans Kramer","98f50290-3955-11ef-8aa8-292be3190b7b",NA,NA,1973,"12/19/1973","5d1a1949-3960-11ef-a9b3-7b2e16e5ffcd","away","GWD Minden","TV Grambke Bremen",17,19,FALSE,2,NA,NA,0,0,0,NA,0,0,0,0,0,0,NA,NA,NA,NA,NA,NA,NA,NA,0,0,0,0,NA,NA,NA,NA,NA
"Wilfried Meyer","a34b2aa0-3955-11ef-a79c-2510cc07ea6e",NA,NA,1973,"12/19/1973","5d1a1949-3960-11ef-a9b3-7b2e16e5ffcd","away","GWD Minden","TV Grambke Bremen",17,19,FALSE,0,NA,NA,0,0,0,NA,0,0,0,0,0,0,NA,NA,NA,NA,NA,NA,NA,NA,0,0,0,0,NA,NA,NA,NA,NA
"Jobst-Erich Rehse","b00be251-3955-11ef-ac35-a36230ada079",NA,NA,1973,"12/19/1973","5d1a1949-3960-11ef-a9b3-7b2e16e5ffcd","away","GWD Minden","TV Grambke Bremen",17,19,FALSE,0,NA,NA,0,0,0,NA,0,0,0,0,0,0,NA,NA,NA,NA,NA,NA,NA,NA,0,0,0,0,NA,NA,NA,NA,NA
"Bernd Munck","ba5ee5e3-3955-11ef-9f80-ab397f561917",NA,NA,1973,"12/19/1973","5d1a1949-3960-11ef-a9b3-7b2e16e5ffcd","away","GWD Minden","TV Grambke Bremen",17,19,FALSE,2,NA,NA,0,0,1,NA,0,0,0,0,0,0,NA,NA,NA,NA,NA,NA,NA,NA,0,0,0,0,NA,NA,NA,NA,NA
"Wilfried Drögemeier","ba63ada7-3955-11ef-a04d-ab397f561917",NA,NA,1973,"12/19/1973","5d1a1949-3960-11ef-a9b3-7b2e16e5ffcd","away","GWD Minden","TV Grambke Bremen",17,19,FALSE,3,NA,NA,0,0,0,NA,0,0,0,0,0,0,NA,NA,NA,NA,NA,NA,NA,NA,0,0,0,0,NA,NA,NA,NA,NA
"Klaus Barlach","bcee5b38-3955-11ef-a026-ab397f561917",NA,NA,1973,"12/19/1973","5d1a1949-3960-11ef-a9b3-7b2e16e5ffcd","away","GWD Minden","TV Grambke Bremen",17,19,FALSE,1,NA,NA,0,0,0,NA,0,0,0,0,0,0,NA,NA,NA,NA,NA,NA,NA,NA,0,0,0,0,NA,NA,NA,NA,NA
"Otto Weng","bcfbec1c-3955-11ef-b4f4-ab397f561917",NA,NA,1973,"12/19/1973","5d1a1949-3960-11ef-a9b3-7b2e16e5ffcd","away","GWD Minden","TV Grambke Bremen",17,19,FALSE,5,NA,NA,0,0,4,NA,0,0,0,0,0,0,NA,NA,NA,NA,NA,NA,NA,NA,0,0,0,0,NA,NA,NA,NA,NA
"Hans-Jürgen Zick","8d67d76a-3955-11ef-8956-81dc40648355",NA,NA,1973,"12/21/1973","64bf4d6f-3960-11ef-8627-2906cc9fb6bc","home","TuS 05 Wellinghofen","TuSEM Essen",22,12,TRUE,0,NA,NA,0,0,0,NA,0,0,0,0,0,0,NA,NA,NA,NA,NA,NA,NA,NA,0,0,0,0,NA,NA,NA,NA,NA
"Heiner Möller","8d7571e4-3955-11ef-b1d3-81dc40648355",NA,NA,1973,"12/21/1973","64bf4d6f-3960-11ef-8627-2906cc9fb6bc","home","TuS 05 Wellinghofen","TuSEM Essen",22,12,TRUE,6,NA,NA,0,0,0,NA,0,0,0,0,0,0,NA,NA,NA,NA,NA,NA,NA,NA,0,0,0,0,NA,NA,NA,NA,NA
"Hans-Peter Neuhaus","8d9d3887-3955-11ef-80a3-81dc40648355",NA,NA,1973,"12/21/1973","64bf4d6f-3960-11ef-8627-2906cc9fb6bc","home","TuS 05 Wellinghofen","TuSEM Essen",22,12,TRUE,0,NA,NA,0,0,0,NA,0,0,0,0,0,0,NA,NA,NA,NA,NA,NA,NA,NA,0,0,0,0,NA,NA,NA,NA,NA
"Karl-Heinz Nolde","a33d5c4a-3955-11ef-b577-2510cc07ea6e",NA,NA,1973,"12/21/1973","64bf4d6f-3960-11ef-8627-2906cc9fb6bc","home","TuS 05 Wellinghofen","TuSEM Essen",22,12,TRUE,1,NA,NA,0,0,0,NA,0,0,0,0,0,0,NA,NA,NA,NA,NA,NA,NA,NA,0,0,0,0,NA,NA,NA,NA,NA
"Rainer Gosewinkel","a4d61156-3955-11ef-8406-2510cc07ea6e",NA,NA,1973,"12/21/1973","64bf4d6f-3960-11ef-8627-2906cc9fb6bc","home","TuS 05 Wellinghofen","TuSEM Essen",22,12,TRUE,5,NA,NA,0,0,3,NA,0,0,0,0,0,0,NA,NA,NA,NA,NA,NA,NA,NA,0,0,0,0,NA,NA,NA,NA,NA
"Klaus Erwe","a4f54a19-3955-11ef-b48a-2510cc07ea6e",NA,NA,1973,"12/21/1973","64bf4d6f-3960-11ef-8627-2906cc9fb6bc","home","TuS 05 Wellinghofen","TuSEM Essen",22,12,TRUE,1,NA,NA,0,0,0,NA,0,0,0,0,0,0,NA,NA,NA,NA,NA,NA,NA,NA,0,0,0,0,NA,NA,NA,NA,NA
"Burkhard Gröning","a52c6e4f-3955-11ef-a576-2510cc07ea6e",NA,NA,1973,"12/21/1973","64bf4d6f-3960-11ef-8627-2906cc9fb6bc","home","TuS 05 Wellinghofen","TuSEM Essen",22,12,TRUE,4,NA,NA,0,0,0,NA,0,0,0,0,0,0,NA,NA,NA,NA,NA,NA,NA,NA,0,0,0,0,NA,NA,NA,NA,NA
"Klaus Tiews","a531838f-3955-11ef-8e99-2510cc07ea6e",NA,NA,1973,"12/21/1973","64bf4d6f-3960-11ef-8627-2906cc9fb6bc","home","TuS 05 Wellinghofen","TuSEM Essen",22,12,TRUE,1,NA,NA,0,0,0,NA,0,0,0,0,0,0,NA,NA,NA,NA,NA,NA,NA,NA,0,0,0,0,NA,NA,NA,NA,NA
"Ulrich Staege","b05c5beb-3955-11ef-a7d6-a36230ada079",NA,NA,1973,"12/21/1973","64bf4d6f-3960-11ef-8627-2906cc9fb6bc","home","TuS 05 Wellinghofen","TuSEM Essen",22,12,TRUE,0,NA,NA,0,0,0,NA,0,0,0,0,0,0,NA,NA,NA,NA,NA,NA,NA,NA,0,0,0,0,NA,NA,NA,NA,NA
"Herbert Rogge","b06614d7-3955-11ef-a43b-a36230ada079",NA,NA,1973,"12/21/1973","64bf4d6f-3960-11ef-8627-2906cc9fb6bc","home","TuS 05 Wellinghofen","TuSEM Essen",22,12,TRUE,4,NA,NA,0,0,0,NA,0,0,0,0,0,0,NA,NA,NA,NA,NA,NA,NA,NA,0,0,0,0,NA,NA,NA,NA,NA
"Hans-Jürgen Sengera","ba7fae8e-3955-11ef-80e4-ab397f561917",NA,NA,1973,"12/21/1973","64bf4d6f-3960-11ef-8627-2906cc9fb6bc","home","TuS 05 Wellinghofen","TuSEM Essen",22,12,TRUE,0,NA,NA,0,0,0,NA,0,0,0,0,0,0,NA,NA,NA,NA,NA,NA,NA,NA,0,0,0,0,NA,NA,NA,NA,NA
"Dietmar Balkenhol","8dfc784e-3955-11ef-b459-81dc40648355",NA,NA,1973,"12/21/1973","64bf4d6f-3960-11ef-8627-2906cc9fb6bc","away","TuSEM Essen","TuS 05 Wellinghofen",12,22,FALSE,0,NA,NA,0,0,0,NA,0,0,0,0,0,0,NA,NA,NA,NA,NA,NA,NA,NA,0,0,0,0,NA,NA,NA,NA,NA
"Gerhard Wrobel","ae4fc714-3955-11ef-a106-a36230ada079",NA,NA,1973,"12/21/1973","64bf4d6f-3960-11ef-8627-2906cc9fb6bc","away","TuSEM Essen","TuS 05 Wellinghofen",12,22,FALSE,0,NA,NA,0,0,0,NA,0,0,0,0,0,0,NA,NA,NA,NA,NA,NA,NA,NA,0,0,0,0,NA,NA,NA,NA,NA
"Anderko Govorko","bb91b676-3955-11ef-8109-ab397f561917",NA,NA,1973,"12/21/1973","64bf4d6f-3960-11ef-8627-2906cc9fb6bc","away","TuSEM Essen","TuS 05 Wellinghofen",12,22,FALSE,3,NA,NA,0,0,0,NA,0,0,0,0,0,0,NA,NA,NA,NA,NA,NA,NA,NA,0,0,0,0,NA,NA,NA,NA,NA
"Herbert Buschmann","bd5ac595-3955-11ef-97f0-ab397f561917",NA,NA,1973,"12/21/1973","64bf4d6f-3960-11ef-8627-2906cc9fb6bc","away","TuSEM Essen","TuS 05 Wellinghofen",12,22,FALSE,0,NA,NA,0,0,0,NA,0,0,0,0,0,0,NA,NA,NA,NA,NA,NA,NA,NA,0,0,0,0,NA,NA,NA,NA,NA
"Bernd Weigel","bd601a58-3955-11ef-8511-ab397f561917",NA,NA,1973,"12/21/1973","64bf4d6f-3960-11ef-8627-2906cc9fb6bc","away","TuSEM Essen","TuS 05 Wellinghofen",12,22,FALSE,0,NA,NA,0,0,0,NA,0,0,0,0,0,0,NA,NA,NA,NA,NA,NA,NA,NA,0,0,0,0,NA,NA,NA,NA,NA
"Peter Venzke","bd6b12a9-3955-11ef-af21-ab397f561917",NA,NA,1973,"12/21/1973","64bf4d6f-3960-11ef-8627-2906cc9fb6bc","away","TuSEM Essen","TuS 05 Wellinghofen",12,22,FALSE,3,NA,NA,0,0,0,NA,0,0,0,0,0,0,NA,NA,NA,NA,NA,NA,NA,NA,0,0,0,0,NA,NA,NA,NA,NA
"Klaus Schäfer","bd6f7a4d-3955-11ef-9f92-ab397f561917",NA,NA,1973,"12/21/1973","64bf4d6f-3960-11ef-8627-2906cc9fb6bc","away","TuSEM Essen","TuS 05 Wellinghofen",12,22,FALSE,0,NA,NA,0,0,0,NA,0,0,0,0,0,0,NA,NA,NA,NA,NA,NA,NA,NA,0,0,0,0,NA,NA,NA,NA,NA
"Gerhard Schmidt","bd78314d-3955-11ef-8668-ab397f561917",NA,NA,1973,"12/21/1973","64bf4d6f-3960-11ef-8627-2906cc9fb6bc","away","TuSEM Essen","TuS 05 Wellinghofen",12,22,FALSE,1,NA,NA,0,0,0,NA,0,0,0,0,0,0,NA,NA,NA,NA,NA,NA,NA,NA,0,0,0,0,NA,NA,NA,NA,NA
"Manfred Benning","bd7cb1bd-3955-11ef-883f-ab397f561917",NA,NA,1973,"12/21/1973","64bf4d6f-3960-11ef-8627-2906cc9fb6bc","away","TuSEM Essen","TuS 05 Wellinghofen",12,22,FALSE,1,NA,NA,0,0,0,NA,0,0,0,0,0,0,NA,NA,NA,NA,NA,NA,NA,NA,0,0,0,0,NA,NA,NA,NA,NA
"Peter Fischer","bd861af2-3955-11ef-a655-ab397f561917",NA,NA,1973,"12/21/1973","64bf4d6f-3960-11ef-8627-2906cc9fb6bc","away","TuSEM Essen","TuS 05 Wellinghofen",12,22,FALSE,0,NA,NA,0,0,0,NA,0,0,0,0,0,0,NA,NA,NA,NA,NA,NA,NA,NA,0,0,0,0,NA,NA,NA,NA,NA
"Wolfgang Schütte","bd8b9463-3955-11ef-84e4-ab397f561917",NA,NA,1973,"12/21/1973","64bf4d6f-3960-11ef-8627-2906cc9fb6bc","away","TuSEM Essen","TuS 05 Wellinghofen",12,22,FALSE,2,NA,NA,0,0,0,NA,0,0,0,0,0,0,NA,NA,NA,NA,NA,NA,NA,NA,0,0,0,0,NA,NA,NA,NA,NA
"Peter Meuter","bd905293-3955-11ef-a264-ab397f561917",NA,NA,1973,"12/21/1973","64bf4d6f-3960-11ef-8627-2906cc9fb6bc","away","TuSEM Essen","TuS 05 Wellinghofen",12,22,FALSE,2,NA,NA,0,0,2,NA,0,0,0,0,0,0,NA,NA,NA,NA,NA,NA,NA,NA,0,0,0,0,NA,NA,NA,NA,NA
"Horst Rampp","8c760463-3955-11ef-b11d-81dc40648355",NA,NA,1973,"12/22/1973","5d2828d5-3960-11ef-9229-7b2e16e5ffcd","home","Füchse Berlin","GWD Minden",10,18,FALSE,0,NA,NA,0,0,0,NA,0,0,0,0,0,0,NA,NA,NA,NA,NA,NA,NA,NA,0,0,0,0,NA,NA,NA,NA,NA
"Hartmut Alsen","a5dc4676-3955-11ef-ac19-2510cc07ea6e",NA,NA,1973,"12/22/1973","5d2828d5-3960-11ef-9229-7b2e16e5ffcd","home","Füchse Berlin","GWD Minden",10,18,FALSE,1,NA,NA,0,0,0,NA,0,0,0,0,0,0,NA,NA,NA,NA,NA,NA,NA,NA,0,0,0,0,NA,NA,NA,NA,NA
"Bernd Dibbert","a5e7e77c-3955-11ef-a806-2510cc07ea6e",NA,NA,1973,"12/22/1973","5d2828d5-3960-11ef-9229-7b2e16e5ffcd","home","Füchse Berlin","GWD Minden",10,18,FALSE,0,NA,NA,0,0,0,NA,0,0,0,0,0,0,NA,NA,NA,NA,NA,NA,NA,NA,0,0,0,0,NA,NA,NA,NA,NA
"Diethard Finkelmann","a60bdcf9-3955-11ef-bfa1-2510cc07ea6e",NA,NA,1973,"12/22/1973","5d2828d5-3960-11ef-9229-7b2e16e5ffcd","home","Füchse Berlin","GWD Minden",10,18,FALSE,3,NA,NA,0,0,1,NA,0,0,0,0,0,0,NA,NA,NA,NA,NA,NA,NA,NA,0,0,0,0,NA,NA,NA,NA,NA
"Jochen Oermann","b193e84b-3955-11ef-bdbf-a36230ada079",NA,NA,1973,"12/22/1973","5d2828d5-3960-11ef-9229-7b2e16e5ffcd","home","Füchse Berlin","GWD Minden",10,18,FALSE,0,NA,NA,0,0,0,NA,0,0,0,0,0,0,NA,NA,NA,NA,NA,NA,NA,NA,0,0,0,0,NA,NA,NA,NA,NA
"Detlef Finkelmann","b1a8f927-3955-11ef-a009-a36230ada079",NA,NA,1973,"12/22/1973","5d2828d5-3960-11ef-9229-7b2e16e5ffcd","home","Füchse Berlin","GWD Minden",10,18,FALSE,3,NA,NA,0,0,1,NA,0,0,0,0,0,0,NA,NA,NA,NA,NA,NA,NA,NA,0,0,0,0,NA,NA,NA,NA,NA
"Lutz Loewke","b1b73b08-3955-11ef-b76a-a36230ada079",NA,NA,1973,"12/22/1973","5d2828d5-3960-11ef-9229-7b2e16e5ffcd","home","Füchse Berlin","GWD Minden",10,18,FALSE,1,NA,NA,0,0,1,NA,0,0,0,0,0,0,NA,NA,NA,NA,NA,NA,NA,NA,0,0,0,0,NA,NA,NA,NA,NA
"Sigmar Artelt","bdbc9392-3955-11ef-a3be-ab397f561917",NA,NA,1973,"12/22/1973","5d2828d5-3960-11ef-9229-7b2e16e5ffcd","home","Füchse Berlin","GWD Minden",10,18,FALSE,0,NA,NA,0,0,0,NA,0,0,0,0,0,0,NA,NA,NA,NA,NA,NA,NA,NA,0,0,0,0,NA,NA,NA,NA,NA
"Detlef Fischer","bdc0cf9c-3955-11ef-a866-ab397f561917",NA,NA,1973,"12/22/1973","5d2828d5-3960-11ef-9229-7b2e16e5ffcd","home","Füchse Berlin","GWD Minden",10,18,FALSE,0,NA,NA,0,0,0,NA,0,0,0,0,0,0,NA,NA,NA,NA,NA,NA,NA,NA,0,0,0,0,NA,NA,NA,NA,NA
"Uwe Fröhlich","bdc4fe1a-3955-11ef-aa4f-ab397f561917",NA,NA,1973,"12/22/1973","5d2828d5-3960-11ef-9229-7b2e16e5ffcd","home","Füchse Berlin","GWD Minden",10,18,FALSE,0,NA,NA,0,0,0,NA,0,0,0,0,0,0,NA,NA,NA,NA,NA,NA,NA,NA,0,0,0,0,NA,NA,NA,NA,NA
"Henry Johannes","bdc98fce-3955-11ef-9f6e-ab397f561917",NA,NA,1973,"12/22/1973","5d2828d5-3960-11ef-9229-7b2e16e5ffcd","home","Füchse Berlin","GWD Minden",10,18,FALSE,1,NA,NA,0,0,0,NA,0,0,0,0,0,0,NA,NA,NA,NA,NA,NA,NA,NA,0,0,0,0,NA,NA,NA,NA,NA
"Lothar Wiehle","bdd3883f-3955-11ef-aaf9-ab397f561917",NA,NA,1973,"12/22/1973","5d2828d5-3960-11ef-9229-7b2e16e5ffcd","home","Füchse Berlin","GWD Minden",10,18,FALSE,1,NA,NA,0,0,0,NA,0,0,0,0,0,0,NA,NA,NA,NA,NA,NA,NA,NA,0,0,0,0,NA,NA,NA,NA,NA
"Jürgen Pook","8c289b4b-3955-11ef-889f-81dc40648355",NA,NA,1973,"12/22/1973","5d2828d5-3960-11ef-9229-7b2e16e5ffcd","away","GWD Minden","Füchse Berlin",18,10,TRUE,1,NA,NA,0,0,0,NA,0,0,0,0,0,0,NA,NA,NA,NA,NA,NA,NA,NA,0,0,0,0,NA,NA,NA,NA,NA
"Gerd Becker","96f1e245-3955-11ef-80bc-292be3190b7b",NA,NA,1973,"12/22/1973","5d2828d5-3960-11ef-9229-7b2e16e5ffcd","away","GWD Minden","Füchse Berlin",18,10,TRUE,1,NA,NA,0,0,0,NA,0,0,0,0,0,0,NA,NA,NA,NA,NA,NA,NA,NA,0,0,0,0,NA,NA,NA,NA,NA
"Gerald Schüler","96fc1532-3955-11ef-bddd-292be3190b7b",NA,NA,1973,"12/22/1973","5d2828d5-3960-11ef-9229-7b2e16e5ffcd","away","GWD Minden","Füchse Berlin",18,10,TRUE,0,NA,NA,0,0,0,NA,0,0,0,0,0,0,NA,NA,NA,NA,NA,NA,NA,NA,0,0,0,0,NA,NA,NA,NA,NA
"Martin Karcher","980f80ce-3955-11ef-8054-292be3190b7b",NA,NA,1973,"12/22/1973","5d2828d5-3960-11ef-9229-7b2e16e5ffcd","away","GWD Minden","Füchse Berlin",18,10,TRUE,0,NA,NA,0,0,0,NA,0,0,0,0,0,0,NA,NA,NA,NA,NA,NA,NA,NA,0,0,0,0,NA,NA,NA,NA,NA
"Gerhard Buddenbohm","98e2ecac-3955-11ef-b2de-292be3190b7b",NA,NA,1973,"12/22/1973","5d2828d5-3960-11ef-9229-7b2e16e5ffcd","away","GWD Minden","Füchse Berlin",18,10,TRUE,1,NA,NA,0,0,0,NA,0,0,0,0,0,0,NA,NA,NA,NA,NA,NA,NA,NA,0,0,0,0,NA,NA,NA,NA,NA
"Hans Kramer","98f50290-3955-11ef-8aa8-292be3190b7b",NA,NA,1973,"12/22/1973","5d2828d5-3960-11ef-9229-7b2e16e5ffcd","away","GWD Minden","Füchse Berlin",18,10,TRUE,2,NA,NA,0,0,0,NA,0,0,0,0,0,0,NA,NA,NA,NA,NA,NA,NA,NA,0,0,0,0,NA,NA,NA,NA,NA
"Wilfried Meyer","a34b2aa0-3955-11ef-a79c-2510cc07ea6e",NA,NA,1973,"12/22/1973","5d2828d5-3960-11ef-9229-7b2e16e5ffcd","away","GWD Minden","Füchse Berlin",18,10,TRUE,0,NA,NA,0,0,0,NA,0,0,0,0,0,0,NA,NA,NA,NA,NA,NA,NA,NA,0,0,0,0,NA,NA,NA,NA,NA
"Jobst-Erich Rehse","b00be251-3955-11ef-ac35-a36230ada079",NA,NA,1973,"12/22/1973","5d2828d5-3960-11ef-9229-7b2e16e5ffcd","away","GWD Minden","Füchse Berlin",18,10,TRUE,3,NA,NA,0,0,0,NA,0,0,0,0,0,0,NA,NA,NA,NA,NA,NA,NA,NA,0,0,0,0,NA,NA,NA,NA,NA
"Bernd Munck","ba5ee5e3-3955-11ef-9f80-ab397f561917",NA,NA,1973,"12/22/1973","5d2828d5-3960-11ef-9229-7b2e16e5ffcd","away","GWD Minden","Füchse Berlin",18,10,TRUE,6,NA,NA,0,0,1,NA,0,0,0,0,0,0,NA,NA,NA,NA,NA,NA,NA,NA,0,0,0,0,NA,NA,NA,NA,NA
"Wilfried Drögemeier","ba63ada7-3955-11ef-a04d-ab397f561917",NA,NA,1973,"12/22/1973","5d2828d5-3960-11ef-9229-7b2e16e5ffcd","away","GWD Minden","Füchse Berlin",18,10,TRUE,2,NA,NA,0,0,0,NA,0,0,0,0,0,0,NA,NA,NA,NA,NA,NA,NA,NA,0,0,0,0,NA,NA,NA,NA,NA
"Bernd Boeke","bcf2826e-3955-11ef-af89-ab397f561917",NA,NA,1973,"12/22/1973","5d2828d5-3960-11ef-9229-7b2e16e5ffcd","away","GWD Minden","Füchse Berlin",18,10,TRUE,0,NA,NA,0,0,0,NA,0,0,0,0,0,0,NA,NA,NA,NA,NA,NA,NA,NA,0,0,0,0,NA,NA,NA,NA,NA
"Otto Weng","bcfbec1c-3955-11ef-b4f4-ab397f561917",NA,NA,1973,"12/22/1973","5d2828d5-3960-11ef-9229-7b2e16e5ffcd","away","GWD Minden","Füchse Berlin",18,10,TRUE,2,NA,NA,0,0,0,NA,0,0,0,0,0,0,NA,NA,NA,NA,NA,NA,NA,NA,0,0,0,0,NA,NA,NA,NA,NA
"Harald Lüth","a552c518-3955-11ef-8a68-2510cc07ea6e",NA,NA,1973,"12/22/1973","6640e59c-3960-11ef-8a4f-2906cc9fb6bc","home","VfL Lübeck-Schwartau","SC Phönix Essen 1920",23,23,FALSE,2,NA,NA,0,0,0,NA,0,0,0,0,0,0,NA,NA,NA,NA,NA,NA,NA,NA,0,0,0,0,NA,NA,NA,NA,NA
"Michael Dogs","b0cecb4a-3955-11ef-b665-a36230ada079",NA,NA,1973,"12/22/1973","6640e59c-3960-11ef-8a4f-2906cc9fb6bc","home","VfL Lübeck-Schwartau","SC Phönix Essen 1920",23,23,FALSE,0,NA,NA,0,0,0,NA,0,0,0,0,0,0,NA,NA,NA,NA,NA,NA,NA,NA,0,0,0,0,NA,NA,NA,NA,NA
"Thomas Kluth","b0f877c0-3955-11ef-a314-a36230ada079",NA,NA,1973,"12/22/1973","6640e59c-3960-11ef-8a4f-2906cc9fb6bc","home","VfL Lübeck-Schwartau","SC Phönix Essen 1920",23,23,FALSE,1,NA,NA,0,0,0,NA,0,0,0,0,0,0,NA,NA,NA,NA,NA,NA,NA,NA,0,0,0,0,NA,NA,NA,NA,NA
"Hans-Martin Müller-Wolf","b1020054-3955-11ef-8e79-a36230ada079",NA,NA,1973,"12/22/1973","6640e59c-3960-11ef-8a4f-2906cc9fb6bc","home","VfL Lübeck-Schwartau","SC Phönix Essen 1920",23,23,FALSE,0,NA,NA,0,0,0,NA,0,0,0,0,0,0,NA,NA,NA,NA,NA,NA,NA,NA,0,0,0,0,NA,NA,NA,NA,NA
"Siegfried Berg","b10d3ec3-3955-11ef-8a30-a36230ada079",NA,NA,1973,"12/22/1973","6640e59c-3960-11ef-8a4f-2906cc9fb6bc","home","VfL Lübeck-Schwartau","SC Phönix Essen 1920",23,23,FALSE,4,NA,NA,0,0,0,NA,0,0,0,0,0,0,NA,NA,NA,NA,NA,NA,NA,NA,0,0,0,0,NA,NA,NA,NA,NA
"Wolfgang Braun","b1a4c388-3955-11ef-92b7-a36230ada079",NA,NA,1973,"12/22/1973","6640e59c-3960-11ef-8a4f-2906cc9fb6bc","home","VfL Lübeck-Schwartau","SC Phönix Essen 1920",23,23,FALSE,4,NA,NA,0,0,0,NA,0,0,0,0,0,0,NA,NA,NA,NA,NA,NA,NA,NA,0,0,0,0,NA,NA,NA,NA,NA
"Geert Geusendam","baee7cab-3955-11ef-95ba-ab397f561917",NA,NA,1973,"12/22/1973","6640e59c-3960-11ef-8a4f-2906cc9fb6bc","home","VfL Lübeck-Schwartau","SC Phönix Essen 1920",23,23,FALSE,0,NA,NA,0,0,0,NA,0,0,0,0,0,0,NA,NA,NA,NA,NA,NA,NA,NA,0,0,0,0,NA,NA,NA,NA,NA
"Bernd Heiden","baf62966-3955-11ef-b7e1-ab397f561917",NA,NA,1973,"12/22/1973","6640e59c-3960-11ef-8a4f-2906cc9fb6bc","home","VfL Lübeck-Schwartau","SC Phönix Essen 1920",23,23,FALSE,6,NA,NA,0,0,0,NA,0,0,0,0,0,0,NA,NA,NA,NA,NA,NA,NA,NA,0,0,0,0,NA,NA,NA,NA,NA
"Klaus Lange","bafb51f3-3955-11ef-9864-ab397f561917",NA,NA,1973,"12/22/1973","6640e59c-3960-11ef-8a4f-2906cc9fb6bc","home","VfL Lübeck-Schwartau","SC Phönix Essen 1920",23,23,FALSE,4,NA,NA,0,0,0,NA,0,0,0,0,0,0,NA,NA,NA,NA,NA,NA,NA,NA,0,0,0,0,NA,NA,NA,NA,NA
"Georg Pohl","baff6cee-3955-11ef-a80f-ab397f561917",NA,NA,1973,"12/22/1973","6640e59c-3960-11ef-8a4f-2906cc9fb6bc","home","VfL Lübeck-Schwartau","SC Phönix Essen 1920",23,23,FALSE,2,NA,NA,0,0,0,NA,0,0,0,0,0,0,NA,NA,NA,NA,NA,NA,NA,NA,0,0,0,0,NA,NA,NA,NA,NA
"Manfred Kuhnke","bb039049-3955-11ef-bdc6-ab397f561917",NA,NA,1973,"12/22/1973","6640e59c-3960-11ef-8a4f-2906cc9fb6bc","home","VfL Lübeck-Schwartau","SC Phönix Essen 1920",23,23,FALSE,0,NA,NA,0,0,0,NA,0,0,0,0,0,0,NA,NA,NA,NA,NA,NA,NA,NA,0,0,0,0,NA,NA,NA,NA,NA
"Ulrich Eikermann","73a211c9-3955-11ef-8f8f-51fdf2a82730",NA,NA,1973,"12/22/1973","6640e59c-3960-11ef-8a4f-2906cc9fb6bc","away","SC Phönix Essen 1920","VfL Lübeck-Schwartau",23,23,FALSE,5,NA,NA,0,0,0,NA,0,0,0,0,0,0,NA,NA,NA,NA,NA,NA,NA,NA,0,0,0,0,NA,NA,NA,NA,NA
"Horst Weise","8df6e46b-3955-11ef-9ec8-81dc40648355",NA,NA,1973,"12/22/1973","6640e59c-3960-11ef-8a4f-2906cc9fb6bc","away","SC Phönix Essen 1920","VfL Lübeck-Schwartau",23,23,FALSE,4,NA,NA,0,0,0,NA,0,0,0,0,0,0,NA,NA,NA,NA,NA,NA,NA,NA,0,0,0,0,NA,NA,NA,NA,NA
"Ralf Hamann","a28aa62f-3955-11ef-9677-2510cc07ea6e",NA,NA,1973,"12/22/1973","6640e59c-3960-11ef-8a4f-2906cc9fb6bc","away","SC Phönix Essen 1920","VfL Lübeck-Schwartau",23,23,FALSE,0,NA,NA,0,0,0,NA,0,0,0,0,0,0,NA,NA,NA,NA,NA,NA,NA,NA,0,0,0,0,NA,NA,NA,NA,NA
"Heinz Oberscheidt","a5ae94f2-3955-11ef-91fc-2510cc07ea6e",NA,NA,1973,"12/22/1973","6640e59c-3960-11ef-8a4f-2906cc9fb6bc","away","SC Phönix Essen 1920","VfL Lübeck-Schwartau",23,23,FALSE,10,NA,NA,0,0,0,NA,0,0,0,0,0,0,NA,NA,NA,NA,NA,NA,NA,NA,0,0,0,0,NA,NA,NA,NA,NA
"Werner Jeckstedt","a5bb8d23-3955-11ef-8362-2510cc07ea6e",NA,NA,1973,"12/22/1973","6640e59c-3960-11ef-8a4f-2906cc9fb6bc","away","SC Phönix Essen 1920","VfL Lübeck-Schwartau",23,23,FALSE,0,NA,NA,0,0,0,NA,0,0,0,0,0,0,NA,NA,NA,NA,NA,NA,NA,NA,0,0,0,0,NA,NA,NA,NA,NA
"Ingo Callies","b0b0659b-3955-11ef-87aa-a36230ada079",NA,NA,1973,"12/22/1973","6640e59c-3960-11ef-8a4f-2906cc9fb6bc","away","SC Phönix Essen 1920","VfL Lübeck-Schwartau",23,23,FALSE,2,NA,NA,0,0,0,NA,0,0,0,0,0,0,NA,NA,NA,NA,NA,NA,NA,NA,0,0,0,0,NA,NA,NA,NA,NA
"Bernd Tolksdorf","bae02284-3955-11ef-b577-ab397f561917",NA,NA,1973,"12/22/1973","6640e59c-3960-11ef-8a4f-2906cc9fb6bc","away","SC Phönix Essen 1920","VfL Lübeck-Schwartau",23,23,FALSE,0,NA,NA,0,0,0,NA,0,0,0,0,0,0,NA,NA,NA,NA,NA,NA,NA,NA,0,0,0,0,NA,NA,NA,NA,NA
"Klaus Kirschner","bae43a44-3955-11ef-ae7c-ab397f561917",NA,NA,1973,"12/22/1973","6640e59c-3960-11ef-8a4f-2906cc9fb6bc","away","SC Phönix Essen 1920","VfL Lübeck-Schwartau",23,23,FALSE,0,NA,NA,0,0,0,NA,0,0,0,0,0,0,NA,NA,NA,NA,NA,NA,NA,NA,0,0,0,0,NA,NA,NA,NA,NA
"Norbert Kroker","bd441662-3955-11ef-b771-ab397f561917",NA,NA,1973,"12/22/1973","6640e59c-3960-11ef-8a4f-2906cc9fb6bc","away","SC Phönix Essen 1920","VfL Lübeck-Schwartau",23,23,FALSE,0,NA,NA,0,0,0,NA,0,0,0,0,0,0,NA,NA,NA,NA,NA,NA,NA,NA,0,0,0,0,NA,NA,NA,NA,NA
"Manfred Wolf","bd4f3381-3955-11ef-904e-ab397f561917",NA,NA,1973,"12/22/1973","6640e59c-3960-11ef-8a4f-2906cc9fb6bc","away","SC Phönix Essen 1920","VfL Lübeck-Schwartau",23,23,FALSE,2,NA,NA,0,0,0,NA,0,0,0,0,0,0,NA,NA,NA,NA,NA,NA,NA,NA,0,0,0,0,NA,NA,NA,NA,NA
"Rainer Hill","bd56ea43-3955-11ef-a0dc-ab397f561917",NA,NA,1973,"12/22/1973","6640e59c-3960-11ef-8a4f-2906cc9fb6bc","away","SC Phönix Essen 1920","VfL Lübeck-Schwartau",23,23,FALSE,0,NA,NA,0,0,0,NA,0,0,0,0,0,0,NA,NA,NA,NA,NA,NA,NA,NA,0,0,0,0,NA,NA,NA,NA,NA
"Manfred Schulz","8bc2b5ea-3955-11ef-8d03-81dc40648355",NA,NA,1973,"12/22/1973","67e2a286-3960-11ef-913a-2906cc9fb6bc","home","TSV 1896 Rintheim","TV 05/07 Hüttenberg",16,12,TRUE,0,NA,NA,0,0,0,NA,0,0,0,0,0,0,NA,NA,NA,NA,NA,NA,NA,NA,0,0,0,0,NA,NA,NA,NA,NA
"Wolf-Dieter Nagel","8d41486b-3955-11ef-8d22-81dc40648355",NA,NA,1973,"12/22/1973","67e2a286-3960-11ef-913a-2906cc9fb6bc","home","TSV 1896 Rintheim","TV 05/07 Hüttenberg",16,12,TRUE,4,NA,NA,0,0,1,NA,0,0,0,0,0,0,NA,NA,NA,NA,NA,NA,NA,NA,0,0,0,0,NA,NA,NA,NA,NA
"Franz Bechler","98035d7e-3955-11ef-8b94-292be3190b7b",NA,NA,1973,"12/22/1973","67e2a286-3960-11ef-913a-2906cc9fb6bc","home","TSV 1896 Rintheim","TV 05/07 Hüttenberg",16,12,TRUE,1,NA,NA,0,0,0,NA,0,0,0,0,0,0,NA,NA,NA,NA,NA,NA,NA,NA,0,0,0,0,NA,NA,NA,NA,NA
"Max Müller","99453a6b-3955-11ef-84c2-292be3190b7b",NA,NA,1973,"12/22/1973","67e2a286-3960-11ef-913a-2906cc9fb6bc","home","TSV 1896 Rintheim","TV 05/07 Hüttenberg",16,12,TRUE,5,NA,NA,0,0,2,NA,0,0,0,0,0,0,NA,NA,NA,NA,NA,NA,NA,NA,0,0,0,0,NA,NA,NA,NA,NA
"Wilfried Job","af3ed007-3955-11ef-9184-a36230ada079",NA,NA,1973,"12/22/1973","67e2a286-3960-11ef-913a-2906cc9fb6bc","home","TSV 1896 Rintheim","TV 05/07 Hüttenberg",16,12,TRUE,3,NA,NA,0,0,0,NA,0,0,0,0,0,0,NA,NA,NA,NA,NA,NA,NA,NA,0,0,0,0,NA,NA,NA,NA,NA
"Claus Erles","af42e492-3955-11ef-a26e-a36230ada079",NA,NA,1973,"12/22/1973","67e2a286-3960-11ef-913a-2906cc9fb6bc","home","TSV 1896 Rintheim","TV 05/07 Hüttenberg",16,12,TRUE,0,NA,NA,0,0,0,NA,0,0,0,0,0,0,NA,NA,NA,NA,NA,NA,NA,NA,0,0,0,0,NA,NA,NA,NA,NA
"Peter Maier","af4e0d17-3955-11ef-8763-a36230ada079",NA,NA,1973,"12/22/1973","67e2a286-3960-11ef-913a-2906cc9fb6bc","home","TSV 1896 Rintheim","TV 05/07 Hüttenberg",16,12,TRUE,0,NA,NA,0,0,0,NA,0,0,0,0,0,0,NA,NA,NA,NA,NA,NA,NA,NA,0,0,0,0,NA,NA,NA,NA,NA
"Bernd Seibel","bc6670d9-3955-11ef-b849-ab397f561917",NA,NA,1973,"12/22/1973","67e2a286-3960-11ef-913a-2906cc9fb6bc","home","TSV 1896 Rintheim","TV 05/07 Hüttenberg",16,12,TRUE,0,NA,NA,0,0,0,NA,0,0,0,0,0,0,NA,NA,NA,NA,NA,NA,NA,NA,0,0,0,0,NA,NA,NA,NA,NA
"Wolfgang Dillenberger","bc6a40c8-3955-11ef-8c9f-ab397f561917",NA,NA,1973,"12/22/1973","67e2a286-3960-11ef-913a-2906cc9fb6bc","home","TSV 1896 Rintheim","TV 05/07 Hüttenberg",16,12,TRUE,2,NA,NA,0,0,0,NA,0,0,0,0,0,0,NA,NA,NA,NA,NA,NA,NA,NA,0,0,0,0,NA,NA,NA,NA,NA
"Max Ullrich","c6e110c6-3955-11ef-83e4-157c9bc18a5f",NA,NA,1973,"12/22/1973","67e2a286-3960-11ef-913a-2906cc9fb6bc","home","TSV 1896 Rintheim","TV 05/07 Hüttenberg",16,12,TRUE,0,NA,NA,0,0,0,NA,0,0,0,0,0,0,NA,NA,NA,NA,NA,NA,NA,NA,0,0,0,0,NA,NA,NA,NA,NA
"Heiner Dahm","c6e59e4f-3955-11ef-b407-157c9bc18a5f",NA,NA,1973,"12/22/1973","67e2a286-3960-11ef-913a-2906cc9fb6bc","home","TSV 1896 Rintheim","TV 05/07 Hüttenberg",16,12,TRUE,0,NA,NA,0,0,0,NA,0,0,0,0,0,0,NA,NA,NA,NA,NA,NA,NA,NA,0,0,0,0,NA,NA,NA,NA,NA
"Richard Baumer","c6e9de45-3955-11ef-b5bf-157c9bc18a5f",NA,NA,1973,"12/22/1973","67e2a286-3960-11ef-913a-2906cc9fb6bc","home","TSV 1896 Rintheim","TV 05/07 Hüttenberg",16,12,TRUE,1,NA,NA,0,0,0,NA,0,0,0,0,0,0,NA,NA,NA,NA,NA,NA,NA,NA,0,0,0,0,NA,NA,NA,NA,NA
"Walter Don","73f54ad3-3955-11ef-b2c6-51fdf2a82730",NA,NA,1973,"12/22/1973","67e2a286-3960-11ef-913a-2906cc9fb6bc","away","TV 05/07 Hüttenberg","TSV 1896 Rintheim",12,16,FALSE,1,NA,NA,0,0,0,NA,0,0,0,0,0,0,NA,NA,NA,NA,NA,NA,NA,NA,0,0,0,0,NA,NA,NA,NA,NA
"Siegfried Weber","807d098c-3955-11ef-8827-b908c60af10a",NA,NA,1973,"12/22/1973","67e2a286-3960-11ef-913a-2906cc9fb6bc","away","TV 05/07 Hüttenberg","TSV 1896 Rintheim",12,16,FALSE,0,NA,NA,0,0,0,NA,0,0,0,0,0,0,NA,NA,NA,NA,NA,NA,NA,NA,0,0,0,0,NA,NA,NA,NA,NA
"Horst Spengler","80adf446-3955-11ef-a1e6-b908c60af10a",NA,NA,1973,"12/22/1973","67e2a286-3960-11ef-913a-2906cc9fb6bc","away","TV 05/07 Hüttenberg","TSV 1896 Rintheim",12,16,FALSE,1,NA,NA,0,0,0,NA,0,0,0,0,0,0,NA,NA,NA,NA,NA,NA,NA,NA,0,0,0,0,NA,NA,NA,NA,NA
"Peter Barthelmey","99855e8f-3955-11ef-b9a4-292be3190b7b",NA,NA,1973,"12/22/1973","67e2a286-3960-11ef-913a-2906cc9fb6bc","away","TV 05/07 Hüttenberg","TSV 1896 Rintheim",12,16,FALSE,1,NA,NA,0,0,2,NA,0,0,0,0,0,0,NA,NA,NA,NA,NA,NA,NA,NA,0,0,0,0,NA,NA,NA,NA,NA
"Richard Boczkowski","a1b43836-3955-11ef-934f-2510cc07ea6e",NA,NA,1973,"12/22/1973","67e2a286-3960-11ef-913a-2906cc9fb6bc","away","TV 05/07 Hüttenberg","TSV 1896 Rintheim",12,16,FALSE,0,NA,NA,0,0,0,NA,0,0,0,0,0,0,NA,NA,NA,NA,NA,NA,NA,NA,0,0,0,0,NA,NA,NA,NA,NA
"Norbert Bach","a3be6ba6-3955-11ef-9511-2510cc07ea6e",NA,NA,1973,"12/22/1973","67e2a286-3960-11ef-913a-2906cc9fb6bc","away","TV 05/07 Hüttenberg","TSV 1896 Rintheim",12,16,FALSE,2,NA,NA,0,0,0,NA,0,0,0,0,0,0,NA,NA,NA,NA,NA,NA,NA,NA,0,0,0,0,NA,NA,NA,NA,NA
"Stefan Schicketanz","a3d099d4-3955-11ef-90b6-2510cc07ea6e",NA,NA,1973,"12/22/1973","67e2a286-3960-11ef-913a-2906cc9fb6bc","away","TV 05/07 Hüttenberg","TSV 1896 Rintheim",12,16,FALSE,1,NA,NA,0,0,0,NA,0,0,0,0,0,0,NA,NA,NA,NA,NA,NA,NA,NA,0,0,0,0,NA,NA,NA,NA,NA
"Udo Uebbing","ae4823ea-3955-11ef-93ce-a36230ada079",NA,NA,1973,"12/22/1973","67e2a286-3960-11ef-913a-2906cc9fb6bc","away","TV 05/07 Hüttenberg","TSV 1896 Rintheim",12,16,FALSE,3,NA,NA,0,0,0,NA,0,0,0,0,0,0,NA,NA,NA,NA,NA,NA,NA,NA,0,0,0,0,NA,NA,NA,NA,NA
"Reinhold Wiener","b152eab6-3955-11ef-82b5-a36230ada079",NA,NA,1973,"12/22/1973","67e2a286-3960-11ef-913a-2906cc9fb6bc","away","TV 05/07 Hüttenberg","TSV 1896 Rintheim",12,16,FALSE,2,NA,NA,0,0,0,NA,0,0,0,0,0,0,NA,NA,NA,NA,NA,NA,NA,NA,0,0,0,0,NA,NA,NA,NA,NA
"Rainer Joost","bb83a6fb-3955-11ef-b43f-ab397f561917",NA,NA,1973,"12/22/1973","67e2a286-3960-11ef-913a-2906cc9fb6bc","away","TV 05/07 Hüttenberg","TSV 1896 Rintheim",12,16,FALSE,0,NA,NA,0,0,0,NA,0,0,0,0,0,0,NA,NA,NA,NA,NA,NA,NA,NA,0,0,0,0,NA,NA,NA,NA,NA
"Dieter Beckmann","bb888d20-3955-11ef-b8c5-ab397f561917",NA,NA,1973,"12/22/1973","67e2a286-3960-11ef-913a-2906cc9fb6bc","away","TV 05/07 Hüttenberg","TSV 1896 Rintheim",12,16,FALSE,0,NA,NA,0,0,0,NA,0,0,0,0,0,0,NA,NA,NA,NA,NA,NA,NA,NA,0,0,0,0,NA,NA,NA,NA,NA
"Andrija Kotlas","bde016f5-3955-11ef-b96c-ab397f561917",NA,NA,1973,"12/22/1973","67e2a286-3960-11ef-913a-2906cc9fb6bc","away","TV 05/07 Hüttenberg","TSV 1896 Rintheim",12,16,FALSE,1,NA,NA,0,0,0,NA,0,0,0,0,0,0,NA,NA,NA,NA,NA,NA,NA,NA,0,0,0,0,NA,NA,NA,NA,NA
"Werner Osada","98d8c8ac-3955-11ef-b6db-292be3190b7b",NA,NA,1973,"12/22/1973","68e96062-3960-11ef-af1b-2906cc9fb6bc","home","S3L Handball","FRISCH AUF! Göppingen",21,21,FALSE,2,NA,NA,0,0,2,NA,0,0,0,0,0,0,NA,NA,NA,NA,NA,NA,NA,NA,0,0,0,0,NA,NA,NA,NA,NA
"Alfred Schmitt","a25e1dab-3955-11ef-b412-2510cc07ea6e",NA,NA,1973,"12/22/1973","68e96062-3960-11ef-af1b-2906cc9fb6bc","home","S3L Handball","FRISCH AUF! Göppingen",21,21,FALSE,0,NA,NA,0,0,0,NA,0,0,0,0,0,0,NA,NA,NA,NA,NA,NA,NA,NA,0,0,0,0,NA,NA,NA,NA,NA
"Manfred Müller","ae54e819-3955-11ef-81e8-a36230ada079",NA,NA,1973,"12/22/1973","68e96062-3960-11ef-af1b-2906cc9fb6bc","home","S3L Handball","FRISCH AUF! Göppingen",21,21,FALSE,0,NA,NA,0,0,0,NA,0,0,0,0,0,0,NA,NA,NA,NA,NA,NA,NA,NA,0,0,0,0,NA,NA,NA,NA,NA
"Georg Fitz","ae68320c-3955-11ef-89fa-a36230ada079",NA,NA,1973,"12/22/1973","68e96062-3960-11ef-af1b-2906cc9fb6bc","home","S3L Handball","FRISCH AUF! Göppingen",21,21,FALSE,0,NA,NA,0,0,0,NA,0,0,0,0,0,0,NA,NA,NA,NA,NA,NA,NA,NA,0,0,0,0,NA,NA,NA,NA,NA
"Franz Rupp","ae6c7950-3955-11ef-87dd-a36230ada079",NA,NA,1973,"12/22/1973","68e96062-3960-11ef-af1b-2906cc9fb6bc","home","S3L Handball","FRISCH AUF! Göppingen",21,21,FALSE,4,NA,NA,0,0,0,NA,0,0,0,0,0,0,NA,NA,NA,NA,NA,NA,NA,NA,0,0,0,0,NA,NA,NA,NA,NA
"Bernd Frühauf","ae71d80f-3955-11ef-a219-a36230ada079",NA,NA,1973,"12/22/1973","68e96062-3960-11ef-af1b-2906cc9fb6bc","home","S3L Handball","FRISCH AUF! Göppingen",21,21,FALSE,0,NA,NA,0,0,0,NA,0,0,0,0,0,0,NA,NA,NA,NA,NA,NA,NA,NA,0,0,0,0,NA,NA,NA,NA,NA
"Robert Becker","ae8c50f9-3955-11ef-91c4-a36230ada079",NA,NA,1973,"12/22/1973","68e96062-3960-11ef-af1b-2906cc9fb6bc","home","S3L Handball","FRISCH AUF! Göppingen",21,21,FALSE,2,NA,NA,0,0,0,NA,0,0,0,0,0,0,NA,NA,NA,NA,NA,NA,NA,NA,0,0,0,0,NA,NA,NA,NA,NA
"Jürgen Hahn","ae947745-3955-11ef-bc54-a36230ada079",NA,NA,1973,"12/22/1973","68e96062-3960-11ef-af1b-2906cc9fb6bc","home","S3L Handball","FRISCH AUF! Göppingen",21,21,FALSE,11,NA,NA,0,0,0,NA,0,0,0,0,0,0,NA,NA,NA,NA,NA,NA,NA,NA,0,0,0,0,NA,NA,NA,NA,NA
"Hansjörg Jäck","b166bd31-3955-11ef-bed1-a36230ada079",NA,NA,1973,"12/22/1973","68e96062-3960-11ef-af1b-2906cc9fb6bc","home","S3L Handball","FRISCH AUF! Göppingen",21,21,FALSE,0,NA,NA,0,0,0,NA,0,0,0,0,0,0,NA,NA,NA,NA,NA,NA,NA,NA,0,0,0,0,NA,NA,NA,NA,NA
"Markus Hädrich","ba389acc-3955-11ef-8b9d-ab397f561917",NA,NA,1973,"12/22/1973","68e96062-3960-11ef-af1b-2906cc9fb6bc","home","S3L Handball","FRISCH AUF! Göppingen",21,21,FALSE,1,NA,NA,0,0,0,NA,0,0,0,0,0,0,NA,NA,NA,NA,NA,NA,NA,NA,0,0,0,0,NA,NA,NA,NA,NA
"Werner Pruscha","bb9c8e56-3955-11ef-ac18-ab397f561917",NA,NA,1973,"12/22/1973","68e96062-3960-11ef-af1b-2906cc9fb6bc","home","S3L Handball","FRISCH AUF! Göppingen",21,21,FALSE,1,NA,NA,0,0,0,NA,0,0,0,0,0,0,NA,NA,NA,NA,NA,NA,NA,NA,0,0,0,0,NA,NA,NA,NA,NA
"Wolfhardt Bühler","bba2fc92-3955-11ef-a8d6-ab397f561917",NA,NA,1973,"12/22/1973","68e96062-3960-11ef-af1b-2906cc9fb6bc","home","S3L Handball","FRISCH AUF! Göppingen",21,21,FALSE,0,NA,NA,0,0,0,NA,0,0,0,0,0,0,NA,NA,NA,NA,NA,NA,NA,NA,0,0,0,0,NA,NA,NA,NA,NA
"Armin Emrich","8cdd3680-3955-11ef-a93e-81dc40648355",NA,NA,1973,"12/22/1973","68e96062-3960-11ef-af1b-2906cc9fb6bc","away","FRISCH AUF! Göppingen","S3L Handball",21,21,FALSE,3,NA,NA,0,0,0,NA,0,0,0,0,0,0,NA,NA,NA,NA,NA,NA,NA,NA,0,0,0,0,NA,NA,NA,NA,NA
"Peter Bucher","8e0071c9-3955-11ef-8ff8-81dc40648355",NA,NA,1973,"12/22/1973","68e96062-3960-11ef-af1b-2906cc9fb6bc","away","FRISCH AUF! Göppingen","S3L Handball",21,21,FALSE,7,NA,NA,0,0,0,NA,0,0,0,0,0,0,NA,NA,NA,NA,NA,NA,NA,NA,0,0,0,0,NA,NA,NA,NA,NA
"Hans-Eberhard Finkbeiner","a2f451eb-3955-11ef-99da-2510cc07ea6e",NA,NA,1973,"12/22/1973","68e96062-3960-11ef-af1b-2906cc9fb6bc","away","FRISCH AUF! Göppingen","S3L Handball",21,21,FALSE,0,NA,NA,0,0,0,NA,0,0,0,0,0,0,NA,NA,NA,NA,NA,NA,NA,NA,0,0,0,0,NA,NA,NA,NA,NA
"Wolfgang Don","a2ff75a5-3955-11ef-a510-2510cc07ea6e",NA,NA,1973,"12/22/1973","68e96062-3960-11ef-af1b-2906cc9fb6bc","away","FRISCH AUF! Göppingen","S3L Handball",21,21,FALSE,0,NA,NA,0,0,0,NA,0,0,0,0,0,0,NA,NA,NA,NA,NA,NA,NA,NA,0,0,0,0,NA,NA,NA,NA,NA
"Werner Fischer","af3a0885-3955-11ef-a884-a36230ada079",NA,NA,1973,"12/22/1973","68e96062-3960-11ef-af1b-2906cc9fb6bc","away","FRISCH AUF! Göppingen","S3L Handball",21,21,FALSE,3,NA,NA,0,0,0,NA,0,0,0,0,0,0,NA,NA,NA,NA,NA,NA,NA,NA,0,0,0,0,NA,NA,NA,NA,NA
"Hans Brodbeck","b1f00cc3-3955-11ef-b4c9-a36230ada079",NA,NA,1973,"12/22/1973","68e96062-3960-11ef-af1b-2906cc9fb6bc","away","FRISCH AUF! Göppingen","S3L Handball",21,21,FALSE,0,NA,NA,0,0,0,NA,0,0,0,0,0,0,NA,NA,NA,NA,NA,NA,NA,NA,0,0,0,0,NA,NA,NA,NA,NA
"Paul Epple","bc8167af-3955-11ef-8748-ab397f561917",NA,NA,1973,"12/22/1973","68e96062-3960-11ef-af1b-2906cc9fb6bc","away","FRISCH AUF! Göppingen","S3L Handball",21,21,FALSE,3,NA,NA,0,0,0,NA,0,0,0,0,0,0,NA,NA,NA,NA,NA,NA,NA,NA,0,0,0,0,NA,NA,NA,NA,NA
"Geir Hallsteinsson","c70adb66-3955-11ef-afb7-157c9bc18a5f",NA,NA,1973,"12/22/1973","68e96062-3960-11ef-af1b-2906cc9fb6bc","away","FRISCH AUF! Göppingen","S3L Handball",21,21,FALSE,3,NA,NA,0,0,0,NA,0,0,0,0,0,0,NA,NA,NA,NA,NA,NA,NA,NA,0,0,0,0,NA,NA,NA,NA,NA
"Werner Arndt","c71116e0-3955-11ef-85d3-157c9bc18a5f",NA,NA,1973,"12/22/1973","68e96062-3960-11ef-af1b-2906cc9fb6bc","away","FRISCH AUF! Göppingen","S3L Handball",21,21,FALSE,0,NA,NA,0,0,0,NA,0,0,0,0,0,0,NA,NA,NA,NA,NA,NA,NA,NA,0,0,0,0,NA,NA,NA,NA,NA
"Christian Patzer","c715a1de-3955-11ef-bc54-157c9bc18a5f",NA,NA,1973,"12/22/1973","68e96062-3960-11ef-af1b-2906cc9fb6bc","away","FRISCH AUF! Göppingen","S3L Handball",21,21,FALSE,1,NA,NA,0,0,1,NA,0,0,0,0,0,0,NA,NA,NA,NA,NA,NA,NA,NA,0,0,0,0,NA,NA,NA,NA,NA
"Günter Schweikardt","d3e60b79-3953-11ef-9e8c-e3f2de03a1b7",NA,NA,1973,"12/22/1973","68e96062-3960-11ef-af1b-2906cc9fb6bc","away","FRISCH AUF! Göppingen","S3L Handball",21,21,FALSE,1,NA,NA,0,0,0,NA,0,0,0,0,0,0,NA,NA,NA,NA,NA,NA,NA,NA,0,0,0,0,NA,NA,NA,NA,NA
"Kurt Klühspies","5ac3e7d7-3955-11ef-b574-4fa817cd91bb",NA,NA,1973,"12/22/1973","69ca2818-3960-11ef-bcbe-2906cc9fb6bc","home","TV Großwallstadt","TV 1893 Neuhausen",20,15,TRUE,6,NA,NA,0,0,0,NA,0,0,0,0,0,0,NA,NA,NA,NA,NA,NA,NA,NA,0,0,0,0,NA,NA,NA,NA,NA
"Manfred Hofmann","6855eb0b-3955-11ef-8cb3-292be3190b7b",NA,NA,1973,"12/22/1973","69ca2818-3960-11ef-bcbe-2906cc9fb6bc","home","TV Großwallstadt","TV 1893 Neuhausen",20,15,TRUE,0,NA,NA,0,0,0,NA,0,0,0,0,0,0,NA,NA,NA,NA,NA,NA,NA,NA,0,0,0,0,NA,NA,NA,NA,NA
"Thomas Sinsel","8adb8152-3955-11ef-b2de-81dc40648355",NA,NA,1973,"12/22/1973","69ca2818-3960-11ef-bcbe-2906cc9fb6bc","home","TV Großwallstadt","TV 1893 Neuhausen",20,15,TRUE,0,NA,NA,0,0,0,NA,0,0,0,0,0,0,NA,NA,NA,NA,NA,NA,NA,NA,0,0,0,0,NA,NA,NA,NA,NA
"Manfred Schwarz","96d98e53-3955-11ef-a3c9-292be3190b7b",NA,NA,1973,"12/22/1973","69ca2818-3960-11ef-bcbe-2906cc9fb6bc","home","TV Großwallstadt","TV 1893 Neuhausen",20,15,TRUE,1,NA,NA,0,0,0,NA,0,0,0,0,0,0,NA,NA,NA,NA,NA,NA,NA,NA,0,0,0,0,NA,NA,NA,NA,NA
"Arno Böckling","a3c38db5-3955-11ef-810f-2510cc07ea6e",NA,NA,1973,"12/22/1973","69ca2818-3960-11ef-bcbe-2906cc9fb6bc","home","TV Großwallstadt","TV 1893 Neuhausen",20,15,TRUE,3,NA,NA,0,0,1,NA,0,0,0,0,0,0,NA,NA,NA,NA,NA,NA,NA,NA,0,0,0,0,NA,NA,NA,NA,NA
"Eckhardt Suffel","aeac0503-3955-11ef-88c6-a36230ada079",NA,NA,1973,"12/22/1973","69ca2818-3960-11ef-bcbe-2906cc9fb6bc","home","TV Großwallstadt","TV 1893 Neuhausen",20,15,TRUE,2,NA,NA,0,0,0,NA,0,0,0,0,0,0,NA,NA,NA,NA,NA,NA,NA,NA,0,0,0,0,NA,NA,NA,NA,NA
"Manfred Meudt","af9be5ed-3955-11ef-a3e3-a36230ada079",NA,NA,1973,"12/22/1973","69ca2818-3960-11ef-bcbe-2906cc9fb6bc","home","TV Großwallstadt","TV 1893 Neuhausen",20,15,TRUE,3,NA,NA,0,0,0,NA,0,0,0,0,0,0,NA,NA,NA,NA,NA,NA,NA,NA,0,0,0,0,NA,NA,NA,NA,NA
"Norbert Klein","b18179dc-3955-11ef-acc0-a36230ada079",NA,NA,1973,"12/22/1973","69ca2818-3960-11ef-bcbe-2906cc9fb6bc","home","TV Großwallstadt","TV 1893 Neuhausen",20,15,TRUE,1,NA,NA,0,0,0,NA,0,0,0,0,0,0,NA,NA,NA,NA,NA,NA,NA,NA,0,0,0,0,NA,NA,NA,NA,NA
"Rainer Oberle","be123408-3955-11ef-92a6-ab397f561917",NA,NA,1973,"12/22/1973","69ca2818-3960-11ef-bcbe-2906cc9fb6bc","home","TV Großwallstadt","TV 1893 Neuhausen",20,15,TRUE,2,NA,NA,0,0,0,NA,0,0,0,0,0,0,NA,NA,NA,NA,NA,NA,NA,NA,0,0,0,0,NA,NA,NA,NA,NA
"Josef Karrer","be167639-3955-11ef-ac70-ab397f561917",NA,NA,1973,"12/22/1973","69ca2818-3960-11ef-bcbe-2906cc9fb6bc","home","TV Großwallstadt","TV 1893 Neuhausen",20,15,TRUE,2,NA,NA,0,0,1,NA,0,0,0,0,0,0,NA,NA,NA,NA,NA,NA,NA,NA,0,0,0,0,NA,NA,NA,NA,NA
"Walter Salzer","8d394c72-3955-11ef-8d73-81dc40648355",NA,NA,1973,"12/22/1973","69ca2818-3960-11ef-bcbe-2906cc9fb6bc","away","TV 1893 Neuhausen","TV Großwallstadt",15,20,FALSE,5,NA,NA,0,0,0,NA,0,0,0,0,0,0,NA,NA,NA,NA,NA,NA,NA,NA,0,0,0,0,NA,NA,NA,NA,NA
"Hermann Fritz","a4231bd1-3955-11ef-8299-2510cc07ea6e",NA,NA,1973,"12/22/1973","69ca2818-3960-11ef-bcbe-2906cc9fb6bc","away","TV 1893 Neuhausen","TV Großwallstadt",15,20,FALSE,0,NA,NA,0,0,0,NA,0,0,0,0,0,0,NA,NA,NA,NA,NA,NA,NA,NA,0,0,0,0,NA,NA,NA,NA,NA
"Klaus Stoll","a42e01cc-3955-11ef-b661-2510cc07ea6e",NA,NA,1973,"12/22/1973","69ca2818-3960-11ef-bcbe-2906cc9fb6bc","away","TV 1893 Neuhausen","TV Großwallstadt",15,20,FALSE,0,NA,NA,0,0,0,NA,0,0,0,0,0,0,NA,NA,NA,NA,NA,NA,NA,NA,0,0,0,0,NA,NA,NA,NA,NA
"Julius Lehmann","a448c9e2-3955-11ef-9bf8-2510cc07ea6e",NA,NA,1973,"12/22/1973","69ca2818-3960-11ef-bcbe-2906cc9fb6bc","away","TV 1893 Neuhausen","TV Großwallstadt",15,20,FALSE,1,NA,NA,0,0,0,NA,0,0,0,0,0,0,NA,NA,NA,NA,NA,NA,NA,NA,0,0,0,0,NA,NA,NA,NA,NA
"Rolf Miller","a4552808-3955-11ef-ac39-2510cc07ea6e",NA,NA,1973,"12/22/1973","69ca2818-3960-11ef-bcbe-2906cc9fb6bc","away","TV 1893 Neuhausen","TV Großwallstadt",15,20,FALSE,1,NA,NA,0,0,0,NA,0,0,0,0,0,0,NA,NA,NA,NA,NA,NA,NA,NA,0,0,0,0,NA,NA,NA,NA,NA
"Manfred Reusch","a45a1b11-3955-11ef-8135-2510cc07ea6e",NA,NA,1973,"12/22/1973","69ca2818-3960-11ef-bcbe-2906cc9fb6bc","away","TV 1893 Neuhausen","TV Großwallstadt",15,20,FALSE,0,NA,NA,0,0,0,NA,0,0,0,0,0,0,NA,NA,NA,NA,NA,NA,NA,NA,0,0,0,0,NA,NA,NA,NA,NA
"Wolfgang Ruoff","b21c931a-3955-11ef-96d4-a36230ada079",NA,NA,1973,"12/22/1973","69ca2818-3960-11ef-bcbe-2906cc9fb6bc","away","TV 1893 Neuhausen","TV Großwallstadt",15,20,FALSE,0,NA,NA,0,0,0,NA,0,0,0,0,0,0,NA,NA,NA,NA,NA,NA,NA,NA,0,0,0,0,NA,NA,NA,NA,NA
"Johann Högl","b2211f04-3955-11ef-a5bd-a36230ada079",NA,NA,1973,"12/22/1973","69ca2818-3960-11ef-bcbe-2906cc9fb6bc","away","TV 1893 Neuhausen","TV Großwallstadt",15,20,FALSE,1,NA,NA,0,0,0,NA,0,0,0,0,0,0,NA,NA,NA,NA,NA,NA,NA,NA,0,0,0,0,NA,NA,NA,NA,NA
"Martin Streicher","b2277c0b-3955-11ef-b9c1-a36230ada079",NA,NA,1973,"12/22/1973","69ca2818-3960-11ef-bcbe-2906cc9fb6bc","away","TV 1893 Neuhausen","TV Großwallstadt",15,20,FALSE,0,NA,NA,0,0,0,NA,0,0,0,0,0,0,NA,NA,NA,NA,NA,NA,NA,NA,0,0,0,0,NA,NA,NA,NA,NA
"Kurt Reusch","b22cb722-3955-11ef-b081-a36230ada079",NA,NA,1973,"12/22/1973","69ca2818-3960-11ef-bcbe-2906cc9fb6bc","away","TV 1893 Neuhausen","TV Großwallstadt",15,20,FALSE,3,NA,NA,0,0,1,NA,0,0,0,0,0,0,NA,NA,NA,NA,NA,NA,NA,NA,0,0,0,0,NA,NA,NA,NA,NA
"Harald Streicher","b2329757-3955-11ef-8e1c-a36230ada079",NA,NA,1973,"12/22/1973","69ca2818-3960-11ef-bcbe-2906cc9fb6bc","away","TV 1893 Neuhausen","TV Großwallstadt",15,20,FALSE,4,NA,NA,0,0,0,NA,0,0,0,0,0,0,NA,NA,NA,NA,NA,NA,NA,NA,0,0,0,0,NA,NA,NA,NA,NA
"Bernd Scheid","c71f654f-3955-11ef-a98f-157c9bc18a5f",NA,NA,1973,"12/22/1973","69ca2818-3960-11ef-bcbe-2906cc9fb6bc","away","TV 1893 Neuhausen","TV Großwallstadt",15,20,FALSE,0,NA,NA,0,0,0,NA,0,0,0,0,0,0,NA,NA,NA,NA,NA,NA,NA,NA,0,0,0,0,NA,NA,NA,NA,NA
"Wolfgang Sommerfeld","74c0be88-3955-11ef-89fd-51fdf2a82730",NA,NA,1973,"12/22/1973","6b023290-3960-11ef-98ec-2906cc9fb6bc","home","TSV Milbertshofen","TSV 1846 Butzbach",18,13,TRUE,0,NA,NA,0,0,0,NA,0,0,0,0,0,0,NA,NA,NA,NA,NA,NA,NA,NA,0,0,0,0,NA,NA,NA,NA,NA
"Rainer Olbert","80d00b6a-3955-11ef-ab11-b908c60af10a",NA,NA,1973,"12/22/1973","6b023290-3960-11ef-98ec-2906cc9fb6bc","home","TSV Milbertshofen","TSV 1846 Butzbach",18,13,TRUE,0,NA,NA,0,0,0,NA,0,0,0,0,0,0,NA,NA,NA,NA,NA,NA,NA,NA,0,0,0,0,NA,NA,NA,NA,NA
"Udo Böbel","80d4ba37-3955-11ef-9d8b-b908c60af10a",NA,NA,1973,"12/22/1973","6b023290-3960-11ef-98ec-2906cc9fb6bc","home","TSV Milbertshofen","TSV 1846 Butzbach",18,13,TRUE,4,NA,NA,0,0,2,NA,0,0,0,0,0,0,NA,NA,NA,NA,NA,NA,NA,NA,0,0,0,0,NA,NA,NA,NA,NA
"Peter Jaschke","8b728782-3955-11ef-8da6-81dc40648355",NA,NA,1973,"12/22/1973","6b023290-3960-11ef-98ec-2906cc9fb6bc","home","TSV Milbertshofen","TSV 1846 Butzbach",18,13,TRUE,0,NA,NA,0,0,0,NA,0,0,0,0,0,0,NA,NA,NA,NA,NA,NA,NA,NA,0,0,0,0,NA,NA,NA,NA,NA
"Werner Winkelmeier","9712104e-3955-11ef-9613-292be3190b7b",NA,NA,1973,"12/22/1973","6b023290-3960-11ef-98ec-2906cc9fb6bc","home","TSV Milbertshofen","TSV 1846 Butzbach",18,13,TRUE,3,NA,NA,0,0,0,NA,0,0,0,0,0,0,NA,NA,NA,NA,NA,NA,NA,NA,0,0,0,0,NA,NA,NA,NA,NA
"Gerhard Ochsenkühn","97259ed1-3955-11ef-96ca-292be3190b7b",NA,NA,1973,"12/22/1973","6b023290-3960-11ef-98ec-2906cc9fb6bc","home","TSV Milbertshofen","TSV 1846 Butzbach",18,13,TRUE,1,NA,NA,0,0,0,NA,0,0,0,0,0,0,NA,NA,NA,NA,NA,NA,NA,NA,0,0,0,0,NA,NA,NA,NA,NA
"Josef Kiener","972d7d47-3955-11ef-a437-292be3190b7b",NA,NA,1973,"12/22/1973","6b023290-3960-11ef-98ec-2906cc9fb6bc","home","TSV Milbertshofen","TSV 1846 Butzbach",18,13,TRUE,1,NA,NA,0,0,1,NA,0,0,0,0,0,0,NA,NA,NA,NA,NA,NA,NA,NA,0,0,0,0,NA,NA,NA,NA,NA
"Rudolf Dobler","97ac407c-3955-11ef-9ea9-292be3190b7b",NA,NA,1973,"12/22/1973","6b023290-3960-11ef-98ec-2906cc9fb6bc","home","TSV Milbertshofen","TSV 1846 Butzbach",18,13,TRUE,3,NA,NA,0,0,0,NA,0,0,0,0,0,0,NA,NA,NA,NA,NA,NA,NA,NA,0,0,0,0,NA,NA,NA,NA,NA
"Jochen Heyne","b1c06894-3955-11ef-ab50-a36230ada079",NA,NA,1973,"12/22/1973","6b023290-3960-11ef-98ec-2906cc9fb6bc","home","TSV Milbertshofen","TSV 1846 Butzbach",18,13,TRUE,3,NA,NA,0,0,0,NA,0,0,0,0,0,0,NA,NA,NA,NA,NA,NA,NA,NA,0,0,0,0,NA,NA,NA,NA,NA
"Helmut Schelchshorn","b1c960ef-3955-11ef-850b-a36230ada079",NA,NA,1973,"12/22/1973","6b023290-3960-11ef-98ec-2906cc9fb6bc","home","TSV Milbertshofen","TSV 1846 Butzbach",18,13,TRUE,0,NA,NA,0,0,0,NA,0,0,0,0,0,0,NA,NA,NA,NA,NA,NA,NA,NA,0,0,0,0,NA,NA,NA,NA,NA
"Axel Pohl","bc16faf2-3955-11ef-a768-ab397f561917",NA,NA,1973,"12/22/1973","6b023290-3960-11ef-98ec-2906cc9fb6bc","home","TSV Milbertshofen","TSV 1846 Butzbach",18,13,TRUE,1,NA,NA,0,0,0,NA,0,0,0,0,0,0,NA,NA,NA,NA,NA,NA,NA,NA,0,0,0,0,NA,NA,NA,NA,NA
"Peter Feddern","bc1b1b3e-3955-11ef-9c4e-ab397f561917",NA,NA,1973,"12/22/1973","6b023290-3960-11ef-98ec-2906cc9fb6bc","home","TSV Milbertshofen","TSV 1846 Butzbach",18,13,TRUE,2,NA,NA,0,0,0,NA,0,0,0,0,0,0,NA,NA,NA,NA,NA,NA,NA,NA,0,0,0,0,NA,NA,NA,NA,NA
"Rolf Allendörfer","97c4e757-3955-11ef-8b41-292be3190b7b",NA,NA,1973,"12/22/1973","6b023290-3960-11ef-98ec-2906cc9fb6bc","away","TSV 1846 Butzbach","TSV Milbertshofen",13,18,FALSE,3,NA,NA,0,0,0,NA,0,0,0,0,0,0,NA,NA,NA,NA,NA,NA,NA,NA,0,0,0,0,NA,NA,NA,NA,NA
"Günter Timmermann","bb79f127-3955-11ef-ae8c-ab397f561917",NA,NA,1973,"12/22/1973","6b023290-3960-11ef-98ec-2906cc9fb6bc","away","TSV 1846 Butzbach","TSV Milbertshofen",13,18,FALSE,0,NA,NA,0,0,0,NA,0,0,0,0,0,0,NA,NA,NA,NA,NA,NA,NA,NA,0,0,0,0,NA,NA,NA,NA,NA
"Günter Bormann","bc2b728c-3955-11ef-9c10-ab397f561917",NA,NA,1973,"12/22/1973","6b023290-3960-11ef-98ec-2906cc9fb6bc","away","TSV 1846 Butzbach","TSV Milbertshofen",13,18,FALSE,2,NA,NA,0,0,0,NA,0,0,0,0,0,0,NA,NA,NA,NA,NA,NA,NA,NA,0,0,0,0,NA,NA,NA,NA,NA
"Rolf Grotegut","bc3000ec-3955-11ef-97c5-ab397f561917",NA,NA,1973,"12/22/1973","6b023290-3960-11ef-98ec-2906cc9fb6bc","away","TSV 1846 Butzbach","TSV Milbertshofen",13,18,FALSE,1,NA,NA,0,0,0,NA,0,0,0,0,0,0,NA,NA,NA,NA,NA,NA,NA,NA,0,0,0,0,NA,NA,NA,NA,NA
"Hans-Joachim Röhrig","bc371f1f-3955-11ef-bcd4-ab397f561917",NA,NA,1973,"12/22/1973","6b023290-3960-11ef-98ec-2906cc9fb6bc","away","TSV 1846 Butzbach","TSV Milbertshofen",13,18,FALSE,0,NA,NA,0,0,0,NA,0,0,0,0,0,0,NA,NA,NA,NA,NA,NA,NA,NA,0,0,0,0,NA,NA,NA,NA,NA
"Alfred Walter","bc3f22f5-3955-11ef-9558-ab397f561917",NA,NA,1973,"12/22/1973","6b023290-3960-11ef-98ec-2906cc9fb6bc","away","TSV 1846 Butzbach","TSV Milbertshofen",13,18,FALSE,2,NA,NA,0,0,1,NA,0,0,0,0,0,0,NA,NA,NA,NA,NA,NA,NA,NA,0,0,0,0,NA,NA,NA,NA,NA
"Bernd Lind","bc4b1939-3955-11ef-95dd-ab397f561917",NA,NA,1973,"12/22/1973","6b023290-3960-11ef-98ec-2906cc9fb6bc","away","TSV 1846 Butzbach","TSV Milbertshofen",13,18,FALSE,2,NA,NA,0,0,0,NA,0,0,0,0,0,0,NA,NA,NA,NA,NA,NA,NA,NA,0,0,0,0,NA,NA,NA,NA,NA
"Wolfgang Lowak","bc4eecb3-3955-11ef-8009-ab397f561917",NA,NA,1973,"12/22/1973","6b023290-3960-11ef-98ec-2906cc9fb6bc","away","TSV 1846 Butzbach","TSV Milbertshofen",13,18,FALSE,1,NA,NA,0,0,0,NA,0,0,0,0,0,0,NA,NA,NA,NA,NA,NA,NA,NA,0,0,0,0,NA,NA,NA,NA,NA
"Robert Ringleb","bc52ae17-3955-11ef-80f1-ab397f561917",NA,NA,1973,"12/22/1973","6b023290-3960-11ef-98ec-2906cc9fb6bc","away","TSV 1846 Butzbach","TSV Milbertshofen",13,18,FALSE,1,NA,NA,0,0,0,NA,0,0,0,0,0,0,NA,NA,NA,NA,NA,NA,NA,NA,0,0,0,0,NA,NA,NA,NA,NA
"Ortwin Fay","c6cfdaae-3955-11ef-a550-157c9bc18a5f",NA,NA,1973,"12/22/1973","6b023290-3960-11ef-98ec-2906cc9fb6bc","away","TSV 1846 Butzbach","TSV Milbertshofen",13,18,FALSE,0,NA,NA,0,0,0,NA,0,0,0,0,0,0,NA,NA,NA,NA,NA,NA,NA,NA,0,0,0,0,NA,NA,NA,NA,NA
"Anton Turkalj","c6dcd936-3955-11ef-9d1b-157c9bc18a5f",NA,NA,1973,"12/22/1973","6b023290-3960-11ef-98ec-2906cc9fb6bc","away","TSV 1846 Butzbach","TSV Milbertshofen",13,18,FALSE,1,NA,NA,0,0,1,NA,0,0,0,0,0,0,NA,NA,NA,NA,NA,NA,NA,NA,0,0,0,0,NA,NA,NA,NA,NA
"Manfred Schulz","8bc2b5ea-3955-11ef-8d03-81dc40648355",NA,NA,1973,"12/29/1973","69d9797b-3960-11ef-9e25-2906cc9fb6bc","home","TSV 1896 Rintheim","TV Großwallstadt",23,17,TRUE,0,NA,NA,0,0,0,NA,0,0,0,0,0,0,NA,NA,NA,NA,NA,NA,NA,NA,0,0,0,0,NA,NA,NA,NA,NA
"Wolf-Dieter Nagel","8d41486b-3955-11ef-8d22-81dc40648355",NA,NA,1973,"12/29/1973","69d9797b-3960-11ef-9e25-2906cc9fb6bc","home","TSV 1896 Rintheim","TV Großwallstadt",23,17,TRUE,5,NA,NA,0,0,0,NA,0,0,0,0,0,0,NA,NA,NA,NA,NA,NA,NA,NA,0,0,0,0,NA,NA,NA,NA,NA
"Franz Bechler","98035d7e-3955-11ef-8b94-292be3190b7b",NA,NA,1973,"12/29/1973","69d9797b-3960-11ef-9e25-2906cc9fb6bc","home","TSV 1896 Rintheim","TV Großwallstadt",23,17,TRUE,2,NA,NA,0,0,0,NA,0,0,0,0,0,0,NA,NA,NA,NA,NA,NA,NA,NA,0,0,0,0,NA,NA,NA,NA,NA
"Max Müller","99453a6b-3955-11ef-84c2-292be3190b7b",NA,NA,1973,"12/29/1973","69d9797b-3960-11ef-9e25-2906cc9fb6bc","home","TSV 1896 Rintheim","TV Großwallstadt",23,17,TRUE,6,NA,NA,0,0,2,NA,0,0,0,0,0,0,NA,NA,NA,NA,NA,NA,NA,NA,0,0,0,0,NA,NA,NA,NA,NA
"Wilfried Job","af3ed007-3955-11ef-9184-a36230ada079",NA,NA,1973,"12/29/1973","69d9797b-3960-11ef-9e25-2906cc9fb6bc","home","TSV 1896 Rintheim","TV Großwallstadt",23,17,TRUE,4,NA,NA,0,0,0,NA,0,0,0,0,0,0,NA,NA,NA,NA,NA,NA,NA,NA,0,0,0,0,NA,NA,NA,NA,NA
"Peter Maier","af4e0d17-3955-11ef-8763-a36230ada079",NA,NA,1973,"12/29/1973","69d9797b-3960-11ef-9e25-2906cc9fb6bc","home","TSV 1896 Rintheim","TV Großwallstadt",23,17,TRUE,0,NA,NA,0,0,0,NA,0,0,0,0,0,0,NA,NA,NA,NA,NA,NA,NA,NA,0,0,0,0,NA,NA,NA,NA,NA
"Bernd Seibel","bc6670d9-3955-11ef-b849-ab397f561917",NA,NA,1973,"12/29/1973","69d9797b-3960-11ef-9e25-2906cc9fb6bc","home","TSV 1896 Rintheim","TV Großwallstadt",23,17,TRUE,1,NA,NA,0,0,0,NA,0,0,0,0,0,0,NA,NA,NA,NA,NA,NA,NA,NA,0,0,0,0,NA,NA,NA,NA,NA
"Wolfgang Dillenberger","bc6a40c8-3955-11ef-8c9f-ab397f561917",NA,NA,1973,"12/29/1973","69d9797b-3960-11ef-9e25-2906cc9fb6bc","home","TSV 1896 Rintheim","TV Großwallstadt",23,17,TRUE,4,NA,NA,0,0,0,NA,0,0,0,0,0,0,NA,NA,NA,NA,NA,NA,NA,NA,0,0,0,0,NA,NA,NA,NA,NA
"Max Ullrich","c6e110c6-3955-11ef-83e4-157c9bc18a5f",NA,NA,1973,"12/29/1973","69d9797b-3960-11ef-9e25-2906cc9fb6bc","home","TSV 1896 Rintheim","TV Großwallstadt",23,17,TRUE,0,NA,NA,0,0,0,NA,0,0,0,0,0,0,NA,NA,NA,NA,NA,NA,NA,NA,0,0,0,0,NA,NA,NA,NA,NA
"Heiner Dahm","c6e59e4f-3955-11ef-b407-157c9bc18a5f",NA,NA,1973,"12/29/1973","69d9797b-3960-11ef-9e25-2906cc9fb6bc","home","TSV 1896 Rintheim","TV Großwallstadt",23,17,TRUE,0,NA,NA,0,0,0,NA,0,0,0,0,0,0,NA,NA,NA,NA,NA,NA,NA,NA,0,0,0,0,NA,NA,NA,NA,NA
"Richard Baumer","c6e9de45-3955-11ef-b5bf-157c9bc18a5f",NA,NA,1973,"12/29/1973","69d9797b-3960-11ef-9e25-2906cc9fb6bc","home","TSV 1896 Rintheim","TV Großwallstadt",23,17,TRUE,1,NA,NA,0,0,0,NA,0,0,0,0,0,0,NA,NA,NA,NA,NA,NA,NA,NA,0,0,0,0,NA,NA,NA,NA,NA
"Kurt Klühspies","5ac3e7d7-3955-11ef-b574-4fa817cd91bb",NA,NA,1973,"12/29/1973","69d9797b-3960-11ef-9e25-2906cc9fb6bc","away","TV Großwallstadt","TSV 1896 Rintheim",17,23,FALSE,5,NA,NA,0,0,0,NA,0,0,0,0,0,0,NA,NA,NA,NA,NA,NA,NA,NA,0,0,0,0,NA,NA,NA,NA,NA
"Manfred Hofmann","6855eb0b-3955-11ef-8cb3-292be3190b7b",NA,NA,1973,"12/29/1973","69d9797b-3960-11ef-9e25-2906cc9fb6bc","away","TV Großwallstadt","TSV 1896 Rintheim",17,23,FALSE,0,NA,NA,0,0,0,NA,0,0,0,0,0,0,NA,NA,NA,NA,NA,NA,NA,NA,0,0,0,0,NA,NA,NA,NA,NA
"Thomas Sinsel","8adb8152-3955-11ef-b2de-81dc40648355",NA,NA,1973,"12/29/1973","69d9797b-3960-11ef-9e25-2906cc9fb6bc","away","TV Großwallstadt","TSV 1896 Rintheim",17,23,FALSE,1,NA,NA,0,0,0,NA,0,0,0,0,0,0,NA,NA,NA,NA,NA,NA,NA,NA,0,0,0,0,NA,NA,NA,NA,NA
"Manfred Schwarz","96d98e53-3955-11ef-a3c9-292be3190b7b",NA,NA,1973,"12/29/1973","69d9797b-3960-11ef-9e25-2906cc9fb6bc","away","TV Großwallstadt","TSV 1896 Rintheim",17,23,FALSE,3,NA,NA,0,0,0,NA,0,0,0,0,0,0,NA,NA,NA,NA,NA,NA,NA,NA,0,0,0,0,NA,NA,NA,NA,NA
"Arno Böckling","a3c38db5-3955-11ef-810f-2510cc07ea6e",NA,NA,1973,"12/29/1973","69d9797b-3960-11ef-9e25-2906cc9fb6bc","away","TV Großwallstadt","TSV 1896 Rintheim",17,23,FALSE,1,NA,NA,0,0,0,NA,0,0,0,0,0,0,NA,NA,NA,NA,NA,NA,NA,NA,0,0,0,0,NA,NA,NA,NA,NA
"Eckhardt Suffel","aeac0503-3955-11ef-88c6-a36230ada079",NA,NA,1973,"12/29/1973","69d9797b-3960-11ef-9e25-2906cc9fb6bc","away","TV Großwallstadt","TSV 1896 Rintheim",17,23,FALSE,0,NA,NA,0,0,0,NA,0,0,0,0,0,0,NA,NA,NA,NA,NA,NA,NA,NA,0,0,0,0,NA,NA,NA,NA,NA
"Norbert Klein","b18179dc-3955-11ef-acc0-a36230ada079",NA,NA,1973,"12/29/1973","69d9797b-3960-11ef-9e25-2906cc9fb6bc","away","TV Großwallstadt","TSV 1896 Rintheim",17,23,FALSE,0,NA,NA,0,0,0,NA,0,0,0,0,0,0,NA,NA,NA,NA,NA,NA,NA,NA,0,0,0,0,NA,NA,NA,NA,NA
"Robert Welter","bdfd19db-3955-11ef-981e-ab397f561917",NA,NA,1973,"12/29/1973","69d9797b-3960-11ef-9e25-2906cc9fb6bc","away","TV Großwallstadt","TSV 1896 Rintheim",17,23,FALSE,0,NA,NA,0,0,0,NA,0,0,0,0,0,0,NA,NA,NA,NA,NA,NA,NA,NA,0,0,0,0,NA,NA,NA,NA,NA
"Herbert Kunkel","be058ce8-3955-11ef-a8d1-ab397f561917",NA,NA,1973,"12/29/1973","69d9797b-3960-11ef-9e25-2906cc9fb6bc","away","TV Großwallstadt","TSV 1896 Rintheim",17,23,FALSE,0,NA,NA,0,0,0,NA,0,0,0,0,0,0,NA,NA,NA,NA,NA,NA,NA,NA,0,0,0,0,NA,NA,NA,NA,NA
"Werner Lemmert","be0e2c8d-3955-11ef-82a6-ab397f561917",NA,NA,1973,"12/29/1973","69d9797b-3960-11ef-9e25-2906cc9fb6bc","away","TV Großwallstadt","TSV 1896 Rintheim",17,23,FALSE,0,NA,NA,0,0,0,NA,0,0,0,0,0,0,NA,NA,NA,NA,NA,NA,NA,NA,0,0,0,0,NA,NA,NA,NA,NA
"Rainer Oberle","be123408-3955-11ef-92a6-ab397f561917",NA,NA,1973,"12/29/1973","69d9797b-3960-11ef-9e25-2906cc9fb6bc","away","TV Großwallstadt","TSV 1896 Rintheim",17,23,FALSE,5,NA,NA,0,0,1,NA,0,0,0,0,0,0,NA,NA,NA,NA,NA,NA,NA,NA,0,0,0,0,NA,NA,NA,NA,NA
"Manfred Schulz","8bc2b5ea-3955-11ef-8d03-81dc40648355",NA,NA,1973,"1/5/1974","6b128dee-3960-11ef-bbb0-2906cc9fb6bc","home","TSV 1896 Rintheim","TSV Milbertshofen",19,14,TRUE,0,NA,NA,0,0,0,NA,0,0,0,0,0,0,NA,NA,NA,NA,NA,NA,NA,NA,0,0,0,0,NA,NA,NA,NA,NA
"Wolf-Dieter Nagel","8d41486b-3955-11ef-8d22-81dc40648355",NA,NA,1973,"1/5/1974","6b128dee-3960-11ef-bbb0-2906cc9fb6bc","home","TSV 1896 Rintheim","TSV Milbertshofen",19,14,TRUE,9,NA,NA,0,0,0,NA,0,0,0,0,0,0,NA,NA,NA,NA,NA,NA,NA,NA,0,0,0,0,NA,NA,NA,NA,NA
"Franz Bechler","98035d7e-3955-11ef-8b94-292be3190b7b",NA,NA,1973,"1/5/1974","6b128dee-3960-11ef-bbb0-2906cc9fb6bc","home","TSV 1896 Rintheim","TSV Milbertshofen",19,14,TRUE,0,NA,NA,0,0,0,NA,0,0,0,0,0,0,NA,NA,NA,NA,NA,NA,NA,NA,0,0,0,0,NA,NA,NA,NA,NA
"Max Müller","99453a6b-3955-11ef-84c2-292be3190b7b",NA,NA,1973,"1/5/1974","6b128dee-3960-11ef-bbb0-2906cc9fb6bc","home","TSV 1896 Rintheim","TSV Milbertshofen",19,14,TRUE,4,NA,NA,0,0,3,NA,0,0,0,0,0,0,NA,NA,NA,NA,NA,NA,NA,NA,0,0,0,0,NA,NA,NA,NA,NA
"Wilfried Job","af3ed007-3955-11ef-9184-a36230ada079",NA,NA,1973,"1/5/1974","6b128dee-3960-11ef-bbb0-2906cc9fb6bc","home","TSV 1896 Rintheim","TSV Milbertshofen",19,14,TRUE,3,NA,NA,0,0,0,NA,0,0,0,0,0,0,NA,NA,NA,NA,NA,NA,NA,NA,0,0,0,0,NA,NA,NA,NA,NA
"Claus Erles","af42e492-3955-11ef-a26e-a36230ada079",NA,NA,1973,"1/5/1974","6b128dee-3960-11ef-bbb0-2906cc9fb6bc","home","TSV 1896 Rintheim","TSV Milbertshofen",19,14,TRUE,0,NA,NA,0,0,0,NA,0,0,0,0,0,0,NA,NA,NA,NA,NA,NA,NA,NA,0,0,0,0,NA,NA,NA,NA,NA
"Peter Maier","af4e0d17-3955-11ef-8763-a36230ada079",NA,NA,1973,"1/5/1974","6b128dee-3960-11ef-bbb0-2906cc9fb6bc","home","TSV 1896 Rintheim","TSV Milbertshofen",19,14,TRUE,0,NA,NA,0,0,0,NA,0,0,0,0,0,0,NA,NA,NA,NA,NA,NA,NA,NA,0,0,0,0,NA,NA,NA,NA,NA
"Bernd Seibel","bc6670d9-3955-11ef-b849-ab397f561917",NA,NA,1973,"1/5/1974","6b128dee-3960-11ef-bbb0-2906cc9fb6bc","home","TSV 1896 Rintheim","TSV Milbertshofen",19,14,TRUE,1,NA,NA,0,0,0,NA,0,0,0,0,0,0,NA,NA,NA,NA,NA,NA,NA,NA,0,0,0,0,NA,NA,NA,NA,NA
"Wolfgang Dillenberger","bc6a40c8-3955-11ef-8c9f-ab397f561917",NA,NA,1973,"1/5/1974","6b128dee-3960-11ef-bbb0-2906cc9fb6bc","home","TSV 1896 Rintheim","TSV Milbertshofen",19,14,TRUE,1,NA,NA,0,0,0,NA,0,0,0,0,0,0,NA,NA,NA,NA,NA,NA,NA,NA,0,0,0,0,NA,NA,NA,NA,NA
"Max Ullrich","c6e110c6-3955-11ef-83e4-157c9bc18a5f",NA,NA,1973,"1/5/1974","6b128dee-3960-11ef-bbb0-2906cc9fb6bc","home","TSV 1896 Rintheim","TSV Milbertshofen",19,14,TRUE,0,NA,NA,0,0,0,NA,0,0,0,0,0,0,NA,NA,NA,NA,NA,NA,NA,NA,0,0,0,0,NA,NA,NA,NA,NA
"Richard Baumer","c6e9de45-3955-11ef-b5bf-157c9bc18a5f",NA,NA,1973,"1/5/1974","6b128dee-3960-11ef-bbb0-2906cc9fb6bc","home","TSV 1896 Rintheim","TSV Milbertshofen",19,14,TRUE,1,NA,NA,0,0,0,NA,0,0,0,0,0,0,NA,NA,NA,NA,NA,NA,NA,NA,0,0,0,0,NA,NA,NA,NA,NA
"Wolfgang Sommerfeld","74c0be88-3955-11ef-89fd-51fdf2a82730",NA,NA,1973,"1/5/1974","6b128dee-3960-11ef-bbb0-2906cc9fb6bc","away","TSV Milbertshofen","TSV 1896 Rintheim",14,19,FALSE,0,NA,NA,0,0,0,NA,0,0,0,0,0,0,NA,NA,NA,NA,NA,NA,NA,NA,0,0,0,0,NA,NA,NA,NA,NA
"Rainer Olbert","80d00b6a-3955-11ef-ab11-b908c60af10a",NA,NA,1973,"1/5/1974","6b128dee-3960-11ef-bbb0-2906cc9fb6bc","away","TSV Milbertshofen","TSV 1896 Rintheim",14,19,FALSE,0,NA,NA,0,0,0,NA,0,0,0,0,0,0,NA,NA,NA,NA,NA,NA,NA,NA,0,0,0,0,NA,NA,NA,NA,NA
"Udo Böbel","80d4ba37-3955-11ef-9d8b-b908c60af10a",NA,NA,1973,"1/5/1974","6b128dee-3960-11ef-bbb0-2906cc9fb6bc","away","TSV Milbertshofen","TSV 1896 Rintheim",14,19,FALSE,1,NA,NA,0,0,0,NA,0,0,0,0,0,0,NA,NA,NA,NA,NA,NA,NA,NA,0,0,0,0,NA,NA,NA,NA,NA
"Peter Jaschke","8b728782-3955-11ef-8da6-81dc40648355",NA,NA,1973,"1/5/1974","6b128dee-3960-11ef-bbb0-2906cc9fb6bc","away","TSV Milbertshofen","TSV 1896 Rintheim",14,19,FALSE,0,NA,NA,0,0,0,NA,0,0,0,0,0,0,NA,NA,NA,NA,NA,NA,NA,NA,0,0,0,0,NA,NA,NA,NA,NA
"Werner Winkelmeier","9712104e-3955-11ef-9613-292be3190b7b",NA,NA,1973,"1/5/1974","6b128dee-3960-11ef-bbb0-2906cc9fb6bc","away","TSV Milbertshofen","TSV 1896 Rintheim",14,19,FALSE,4,NA,NA,0,0,0,NA,0,0,0,0,0,0,NA,NA,NA,NA,NA,NA,NA,NA,0,0,0,0,NA,NA,NA,NA,NA
"Gerhard Ochsenkühn","97259ed1-3955-11ef-96ca-292be3190b7b",NA,NA,1973,"1/5/1974","6b128dee-3960-11ef-bbb0-2906cc9fb6bc","away","TSV Milbertshofen","TSV 1896 Rintheim",14,19,FALSE,0,NA,NA,0,0,0,NA,0,0,0,0,0,0,NA,NA,NA,NA,NA,NA,NA,NA,0,0,0,0,NA,NA,NA,NA,NA
"Josef Kiener","972d7d47-3955-11ef-a437-292be3190b7b",NA,NA,1973,"1/5/1974","6b128dee-3960-11ef-bbb0-2906cc9fb6bc","away","TSV Milbertshofen","TSV 1896 Rintheim",14,19,FALSE,1,NA,NA,0,0,1,NA,0,0,0,0,0,0,NA,NA,NA,NA,NA,NA,NA,NA,0,0,0,0,NA,NA,NA,NA,NA
"Rudolf Dobler","97ac407c-3955-11ef-9ea9-292be3190b7b",NA,NA,1973,"1/5/1974","6b128dee-3960-11ef-bbb0-2906cc9fb6bc","away","TSV Milbertshofen","TSV 1896 Rintheim",14,19,FALSE,3,NA,NA,0,0,0,NA,0,0,0,0,0,0,NA,NA,NA,NA,NA,NA,NA,NA,0,0,0,0,NA,NA,NA,NA,NA
"Erwin Heilmeier","af09c6c5-3955-11ef-9faa-a36230ada079",NA,NA,1973,"1/5/1974","6b128dee-3960-11ef-bbb0-2906cc9fb6bc","away","TSV Milbertshofen","TSV 1896 Rintheim",14,19,FALSE,0,NA,NA,0,0,0,NA,0,0,0,0,0,0,NA,NA,NA,NA,NA,NA,NA,NA,0,0,0,0,NA,NA,NA,NA,NA
"Jochen Heyne","b1c06894-3955-11ef-ab50-a36230ada079",NA,NA,1973,"1/5/1974","6b128dee-3960-11ef-bbb0-2906cc9fb6bc","away","TSV Milbertshofen","TSV 1896 Rintheim",14,19,FALSE,0,NA,NA,0,0,0,NA,0,0,0,0,0,0,NA,NA,NA,NA,NA,NA,NA,NA,0,0,0,0,NA,NA,NA,NA,NA
"Helmut Schelchshorn","b1c960ef-3955-11ef-850b-a36230ada079",NA,NA,1973,"1/5/1974","6b128dee-3960-11ef-bbb0-2906cc9fb6bc","away","TSV Milbertshofen","TSV 1896 Rintheim",14,19,FALSE,4,NA,NA,0,0,0,NA,0,0,0,0,0,0,NA,NA,NA,NA,NA,NA,NA,NA,0,0,0,0,NA,NA,NA,NA,NA
"Peter Feddern","bc1b1b3e-3955-11ef-9c4e-ab397f561917",NA,NA,1973,"1/5/1974","6b128dee-3960-11ef-bbb0-2906cc9fb6bc","away","TSV Milbertshofen","TSV 1896 Rintheim",14,19,FALSE,1,NA,NA,0,0,0,NA,0,0,0,0,0,0,NA,NA,NA,NA,NA,NA,NA,NA,0,0,0,0,NA,NA,NA,NA,NA
"Peter Pickel","8c973b42-3955-11ef-8c71-81dc40648355",NA,NA,1973,"1/12/1974","5bd3025d-3960-11ef-af95-7b2e16e5ffcd","home","Hamburger SV","VfL Gummersbach",14,13,TRUE,4,NA,NA,0,0,1,NA,0,0,0,0,0,0,NA,NA,NA,NA,NA,NA,NA,NA,0,0,0,0,NA,NA,NA,NA,NA
"Hans-Jürgen Bode","b011e6da-3955-11ef-8205-a36230ada079",NA,NA,1973,"1/12/1974","5bd3025d-3960-11ef-af95-7b2e16e5ffcd","home","Hamburger SV","VfL Gummersbach",14,13,TRUE,0,NA,NA,0,0,0,NA,0,0,0,0,0,0,NA,NA,NA,NA,NA,NA,NA,NA,0,0,0,0,NA,NA,NA,NA,NA
"Rainer Witt","b02adaad-3955-11ef-b8c4-a36230ada079",NA,NA,1973,"1/12/1974","5bd3025d-3960-11ef-af95-7b2e16e5ffcd","home","Hamburger SV","VfL Gummersbach",14,13,TRUE,3,NA,NA,0,0,0,NA,0,0,0,0,0,0,NA,NA,NA,NA,NA,NA,NA,NA,0,0,0,0,NA,NA,NA,NA,NA
"Jens Ivers","b02f4aea-3955-11ef-801e-a36230ada079",NA,NA,1973,"1/12/1974","5bd3025d-3960-11ef-af95-7b2e16e5ffcd","home","Hamburger SV","VfL Gummersbach",14,13,TRUE,0,NA,NA,0,0,0,NA,0,0,0,0,0,0,NA,NA,NA,NA,NA,NA,NA,NA,0,0,0,0,NA,NA,NA,NA,NA
"Hans-Joachim Beißel","b0341bcb-3955-11ef-9e08-a36230ada079",NA,NA,1973,"1/12/1974","5bd3025d-3960-11ef-af95-7b2e16e5ffcd","home","Hamburger SV","VfL Gummersbach",14,13,TRUE,1,NA,NA,0,0,0,NA,0,0,0,0,0,0,NA,NA,NA,NA,NA,NA,NA,NA,0,0,0,0,NA,NA,NA,NA,NA
"Klaus Porepp","b0396b18-3955-11ef-b5cf-a36230ada079",NA,NA,1973,"1/12/1974","5bd3025d-3960-11ef-af95-7b2e16e5ffcd","home","Hamburger SV","VfL Gummersbach",14,13,TRUE,1,NA,NA,0,0,0,NA,0,0,0,0,0,0,NA,NA,NA,NA,NA,NA,NA,NA,0,0,0,0,NA,NA,NA,NA,NA
"Norbert Germer","b03f8101-3955-11ef-8945-a36230ada079",NA,NA,1973,"1/12/1974","5bd3025d-3960-11ef-af95-7b2e16e5ffcd","home","Hamburger SV","VfL Gummersbach",14,13,TRUE,0,NA,NA,0,0,0,NA,0,0,0,0,0,0,NA,NA,NA,NA,NA,NA,NA,NA,0,0,0,0,NA,NA,NA,NA,NA
"Uwe Tesloff","b049ae56-3955-11ef-a5f7-a36230ada079",NA,NA,1973,"1/12/1974","5bd3025d-3960-11ef-af95-7b2e16e5ffcd","home","Hamburger SV","VfL Gummersbach",14,13,TRUE,2,NA,NA,0,0,0,NA,0,0,0,0,0,0,NA,NA,NA,NA,NA,NA,NA,NA,0,0,0,0,NA,NA,NA,NA,NA
"Hartwig Reich","ba6cb3c8-3955-11ef-9f64-ab397f561917",NA,NA,1973,"1/12/1974","5bd3025d-3960-11ef-af95-7b2e16e5ffcd","home","Hamburger SV","VfL Gummersbach",14,13,TRUE,3,NA,NA,0,0,0,NA,0,0,0,0,0,0,NA,NA,NA,NA,NA,NA,NA,NA,0,0,0,0,NA,NA,NA,NA,NA
"Michael Taubert","ba7ad888-3955-11ef-9650-ab397f561917",NA,NA,1973,"1/12/1974","5bd3025d-3960-11ef-af95-7b2e16e5ffcd","home","Hamburger SV","VfL Gummersbach",14,13,TRUE,0,NA,NA,0,0,0,NA,0,0,0,0,0,0,NA,NA,NA,NA,NA,NA,NA,NA,0,0,0,0,NA,NA,NA,NA,NA
"Karsten Sick","bd16289b-3955-11ef-9343-ab397f561917",NA,NA,1973,"1/12/1974","5bd3025d-3960-11ef-af95-7b2e16e5ffcd","home","Hamburger SV","VfL Gummersbach",14,13,TRUE,0,NA,NA,0,0,0,NA,0,0,0,0,0,0,NA,NA,NA,NA,NA,NA,NA,NA,0,0,0,0,NA,NA,NA,NA,NA
"Heiner Brand","44e82d45-3955-11ef-bc71-4fa817cd91bb",NA,NA,1973,"1/12/1974","5bd3025d-3960-11ef-af95-7b2e16e5ffcd","away","VfL Gummersbach","Hamburger SV",13,14,FALSE,0,NA,NA,0,0,0,NA,0,0,0,0,0,0,NA,NA,NA,NA,NA,NA,NA,NA,0,0,0,0,NA,NA,NA,NA,NA
"Klaus Westebbe","8c58f63a-3955-11ef-b65e-81dc40648355",NA,NA,1973,"1/12/1974","5bd3025d-3960-11ef-af95-7b2e16e5ffcd","away","VfL Gummersbach","Hamburger SV",13,14,FALSE,5,NA,NA,0,0,0,NA,0,0,0,0,0,0,NA,NA,NA,NA,NA,NA,NA,NA,0,0,0,0,NA,NA,NA,NA,NA
"Klaus Kater","8da1f6ef-3955-11ef-b31a-81dc40648355",NA,NA,1973,"1/12/1974","5bd3025d-3960-11ef-af95-7b2e16e5ffcd","away","VfL Gummersbach","Hamburger SV",13,14,FALSE,0,NA,NA,0,0,0,NA,0,0,0,0,0,0,NA,NA,NA,NA,NA,NA,NA,NA,0,0,0,0,NA,NA,NA,NA,NA
"Klaus Schlagheck","97a06613-3955-11ef-8056-292be3190b7b",NA,NA,1973,"1/12/1974","5bd3025d-3960-11ef-af95-7b2e16e5ffcd","away","VfL Gummersbach","Hamburger SV",13,14,FALSE,1,NA,NA,0,0,0,NA,0,0,0,0,0,0,NA,NA,NA,NA,NA,NA,NA,NA,0,0,0,0,NA,NA,NA,NA,NA
"Joachim Deckarm","9976945f-3955-11ef-afc4-292be3190b7b",NA,NA,1973,"1/12/1974","5bd3025d-3960-11ef-af95-7b2e16e5ffcd","away","VfL Gummersbach","Hamburger SV",13,14,FALSE,0,NA,NA,0,0,0,NA,0,0,0,0,0,0,NA,NA,NA,NA,NA,NA,NA,NA,0,0,0,0,NA,NA,NA,NA,NA
"Achim Henseler","a182e874-3955-11ef-95ce-2510cc07ea6e",NA,NA,1973,"1/12/1974","5bd3025d-3960-11ef-af95-7b2e16e5ffcd","away","VfL Gummersbach","Hamburger SV",13,14,FALSE,0,NA,NA,0,0,0,NA,0,0,0,0,0,0,NA,NA,NA,NA,NA,NA,NA,NA,0,0,0,0,NA,NA,NA,NA,NA
"Werner Lettgen","ae263c3c-3955-11ef-96f7-a36230ada079",NA,NA,1973,"1/12/1974","5bd3025d-3960-11ef-af95-7b2e16e5ffcd","away","VfL Gummersbach","Hamburger SV",13,14,FALSE,1,NA,NA,0,0,0,NA,0,0,0,0,0,0,NA,NA,NA,NA,NA,NA,NA,NA,0,0,0,0,NA,NA,NA,NA,NA
"Hans-Günther Schmidt","aff5702f-3955-11ef-9878-a36230ada079",NA,NA,1973,"1/12/1974","5bd3025d-3960-11ef-af95-7b2e16e5ffcd","away","VfL Gummersbach","Hamburger SV",13,14,FALSE,5,NA,NA,0,0,4,NA,0,0,0,0,0,0,NA,NA,NA,NA,NA,NA,NA,NA,0,0,0,0,NA,NA,NA,NA,NA
"René Ereygien","ba4eca47-3955-11ef-94ec-ab397f561917",NA,NA,1973,"1/12/1974","5bd3025d-3960-11ef-af95-7b2e16e5ffcd","away","VfL Gummersbach","Hamburger SV",13,14,FALSE,0,NA,NA,0,0,0,NA,0,0,0,0,0,0,NA,NA,NA,NA,NA,NA,NA,NA,0,0,0,0,NA,NA,NA,NA,NA
"Helmut Kosmehl","bc7d7cdd-3955-11ef-a338-ab397f561917",NA,NA,1973,"1/12/1974","5bd3025d-3960-11ef-af95-7b2e16e5ffcd","away","VfL Gummersbach","Hamburger SV",13,14,FALSE,1,NA,NA,0,0,0,NA,0,0,0,0,0,0,NA,NA,NA,NA,NA,NA,NA,NA,0,0,0,0,NA,NA,NA,NA,NA
"Jürgen Pook","8c289b4b-3955-11ef-889f-81dc40648355",NA,NA,1973,"1/12/1974","5d372161-3960-11ef-b0fb-7b2e16e5ffcd","home","GWD Minden","TuSEM Essen",23,13,TRUE,1,NA,NA,0,0,0,NA,0,0,0,0,0,0,NA,NA,NA,NA,NA,NA,NA,NA,0,0,0,0,NA,NA,NA,NA,NA
"Bernhard Busch","8dc9280f-3955-11ef-80e2-81dc40648355",NA,NA,1973,"1/12/1974","5d372161-3960-11ef-b0fb-7b2e16e5ffcd","home","GWD Minden","TuSEM Essen",23,13,TRUE,0,NA,NA,0,0,0,NA,0,0,0,0,0,0,NA,NA,NA,NA,NA,NA,NA,NA,0,0,0,0,NA,NA,NA,NA,NA
"Gerd Becker","96f1e245-3955-11ef-80bc-292be3190b7b",NA,NA,1973,"1/12/1974","5d372161-3960-11ef-b0fb-7b2e16e5ffcd","home","GWD Minden","TuSEM Essen",23,13,TRUE,2,NA,NA,0,0,0,NA,0,0,0,0,0,0,NA,NA,NA,NA,NA,NA,NA,NA,0,0,0,0,NA,NA,NA,NA,NA
"Gerald Schüler","96fc1532-3955-11ef-bddd-292be3190b7b",NA,NA,1973,"1/12/1974","5d372161-3960-11ef-b0fb-7b2e16e5ffcd","home","GWD Minden","TuSEM Essen",23,13,TRUE,0,NA,NA,0,0,0,NA,0,0,0,0,0,0,NA,NA,NA,NA,NA,NA,NA,NA,0,0,0,0,NA,NA,NA,NA,NA
"Martin Karcher","980f80ce-3955-11ef-8054-292be3190b7b",NA,NA,1973,"1/12/1974","5d372161-3960-11ef-b0fb-7b2e16e5ffcd","home","GWD Minden","TuSEM Essen",23,13,TRUE,0,NA,NA,0,0,0,NA,0,0,0,0,0,0,NA,NA,NA,NA,NA,NA,NA,NA,0,0,0,0,NA,NA,NA,NA,NA
"Gerhard Buddenbohm","98e2ecac-3955-11ef-b2de-292be3190b7b",NA,NA,1973,"1/12/1974","5d372161-3960-11ef-b0fb-7b2e16e5ffcd","home","GWD Minden","TuSEM Essen",23,13,TRUE,2,NA,NA,0,0,0,NA,0,0,0,0,0,0,NA,NA,NA,NA,NA,NA,NA,NA,0,0,0,0,NA,NA,NA,NA,NA
"Hans Kramer","98f50290-3955-11ef-8aa8-292be3190b7b",NA,NA,1973,"1/12/1974","5d372161-3960-11ef-b0fb-7b2e16e5ffcd","home","GWD Minden","TuSEM Essen",23,13,TRUE,5,NA,NA,0,0,0,NA,0,0,0,0,0,0,NA,NA,NA,NA,NA,NA,NA,NA,0,0,0,0,NA,NA,NA,NA,NA
"Wilfried Meyer","a34b2aa0-3955-11ef-a79c-2510cc07ea6e",NA,NA,1973,"1/12/1974","5d372161-3960-11ef-b0fb-7b2e16e5ffcd","home","GWD Minden","TuSEM Essen",23,13,TRUE,0,NA,NA,0,0,0,NA,0,0,0,0,0,0,NA,NA,NA,NA,NA,NA,NA,NA,0,0,0,0,NA,NA,NA,NA,NA
"Jobst-Erich Rehse","b00be251-3955-11ef-ac35-a36230ada079",NA,NA,1973,"1/12/1974","5d372161-3960-11ef-b0fb-7b2e16e5ffcd","home","GWD Minden","TuSEM Essen",23,13,TRUE,1,NA,NA,0,0,0,NA,0,0,0,0,0,0,NA,NA,NA,NA,NA,NA,NA,NA,0,0,0,0,NA,NA,NA,NA,NA
"Bernd Munck","ba5ee5e3-3955-11ef-9f80-ab397f561917",NA,NA,1973,"1/12/1974","5d372161-3960-11ef-b0fb-7b2e16e5ffcd","home","GWD Minden","TuSEM Essen",23,13,TRUE,8,NA,NA,0,0,4,NA,0,0,0,0,0,0,NA,NA,NA,NA,NA,NA,NA,NA,0,0,0,0,NA,NA,NA,NA,NA
"Wilfried Drögemeier","ba63ada7-3955-11ef-a04d-ab397f561917",NA,NA,1973,"1/12/1974","5d372161-3960-11ef-b0fb-7b2e16e5ffcd","home","GWD Minden","TuSEM Essen",23,13,TRUE,2,NA,NA,0,0,0,NA,0,0,0,0,0,0,NA,NA,NA,NA,NA,NA,NA,NA,0,0,0,0,NA,NA,NA,NA,NA
"Otto Weng","bcfbec1c-3955-11ef-b4f4-ab397f561917",NA,NA,1973,"1/12/1974","5d372161-3960-11ef-b0fb-7b2e16e5ffcd","home","GWD Minden","TuSEM Essen",23,13,TRUE,2,NA,NA,0,0,0,NA,0,0,0,0,0,0,NA,NA,NA,NA,NA,NA,NA,NA,0,0,0,0,NA,NA,NA,NA,NA
"Dietmar Balkenhol","8dfc784e-3955-11ef-b459-81dc40648355",NA,NA,1973,"1/12/1974","5d372161-3960-11ef-b0fb-7b2e16e5ffcd","away","TuSEM Essen","GWD Minden",13,23,FALSE,3,NA,NA,0,0,0,NA,0,0,0,0,0,0,NA,NA,NA,NA,NA,NA,NA,NA,0,0,0,0,NA,NA,NA,NA,NA
"Gerhard Wrobel","ae4fc714-3955-11ef-a106-a36230ada079",NA,NA,1973,"1/12/1974","5d372161-3960-11ef-b0fb-7b2e16e5ffcd","away","TuSEM Essen","GWD Minden",13,23,FALSE,1,NA,NA,0,0,0,NA,0,0,0,0,0,0,NA,NA,NA,NA,NA,NA,NA,NA,0,0,0,0,NA,NA,NA,NA,NA
"Anderko Govorko","bb91b676-3955-11ef-8109-ab397f561917",NA,NA,1973,"1/12/1974","5d372161-3960-11ef-b0fb-7b2e16e5ffcd","away","TuSEM Essen","GWD Minden",13,23,FALSE,2,NA,NA,0,0,0,NA,0,0,0,0,0,0,NA,NA,NA,NA,NA,NA,NA,NA,0,0,0,0,NA,NA,NA,NA,NA
"Herbert Buschmann","bd5ac595-3955-11ef-97f0-ab397f561917",NA,NA,1973,"1/12/1974","5d372161-3960-11ef-b0fb-7b2e16e5ffcd","away","TuSEM Essen","GWD Minden",13,23,FALSE,0,NA,NA,0,0,0,NA,0,0,0,0,0,0,NA,NA,NA,NA,NA,NA,NA,NA,0,0,0,0,NA,NA,NA,NA,NA
"Bernd Weigel","bd601a58-3955-11ef-8511-ab397f561917",NA,NA,1973,"1/12/1974","5d372161-3960-11ef-b0fb-7b2e16e5ffcd","away","TuSEM Essen","GWD Minden",13,23,FALSE,0,NA,NA,0,0,0,NA,0,0,0,0,0,0,NA,NA,NA,NA,NA,NA,NA,NA,0,0,0,0,NA,NA,NA,NA,NA
"Peter Venzke","bd6b12a9-3955-11ef-af21-ab397f561917",NA,NA,1973,"1/12/1974","5d372161-3960-11ef-b0fb-7b2e16e5ffcd","away","TuSEM Essen","GWD Minden",13,23,FALSE,3,NA,NA,0,0,0,NA,0,0,0,0,0,0,NA,NA,NA,NA,NA,NA,NA,NA,0,0,0,0,NA,NA,NA,NA,NA
"Gerhard Schmidt","bd78314d-3955-11ef-8668-ab397f561917",NA,NA,1973,"1/12/1974","5d372161-3960-11ef-b0fb-7b2e16e5ffcd","away","TuSEM Essen","GWD Minden",13,23,FALSE,1,NA,NA,0,0,0,NA,0,0,0,0,0,0,NA,NA,NA,NA,NA,NA,NA,NA,0,0,0,0,NA,NA,NA,NA,NA
"Manfred Benning","bd7cb1bd-3955-11ef-883f-ab397f561917",NA,NA,1973,"1/12/1974","5d372161-3960-11ef-b0fb-7b2e16e5ffcd","away","TuSEM Essen","GWD Minden",13,23,FALSE,0,NA,NA,0,0,0,NA,0,0,0,0,0,0,NA,NA,NA,NA,NA,NA,NA,NA,0,0,0,0,NA,NA,NA,NA,NA
"Alojz Snedić","bd80daac-3955-11ef-a8ab-ab397f561917",NA,NA,1973,"1/12/1974","5d372161-3960-11ef-b0fb-7b2e16e5ffcd","away","TuSEM Essen","GWD Minden",13,23,FALSE,0,NA,NA,0,0,0,NA,0,0,0,0,0,0,NA,NA,NA,NA,NA,NA,NA,NA,0,0,0,0,NA,NA,NA,NA,NA
"Peter Fischer","bd861af2-3955-11ef-a655-ab397f561917",NA,NA,1973,"1/12/1974","5d372161-3960-11ef-b0fb-7b2e16e5ffcd","away","TuSEM Essen","GWD Minden",13,23,FALSE,1,NA,NA,0,0,0,NA,0,0,0,0,0,0,NA,NA,NA,NA,NA,NA,NA,NA,0,0,0,0,NA,NA,NA,NA,NA
"Wolfgang Schütte","bd8b9463-3955-11ef-84e4-ab397f561917",NA,NA,1973,"1/12/1974","5d372161-3960-11ef-b0fb-7b2e16e5ffcd","away","TuSEM Essen","GWD Minden",13,23,FALSE,0,NA,NA,0,0,0,NA,0,0,0,0,0,0,NA,NA,NA,NA,NA,NA,NA,NA,0,0,0,0,NA,NA,NA,NA,NA
"Peter Meuter","bd905293-3955-11ef-a264-ab397f561917",NA,NA,1973,"1/12/1974","5d372161-3960-11ef-b0fb-7b2e16e5ffcd","away","TuSEM Essen","GWD Minden",13,23,FALSE,2,NA,NA,0,0,2,NA,0,0,0,0,0,0,NA,NA,NA,NA,NA,NA,NA,NA,0,0,0,0,NA,NA,NA,NA,NA
"Reinhard Wittler","a35063de-3955-11ef-9881-2510cc07ea6e",NA,NA,1973,"1/12/1974","673b66ca-3960-11ef-93d8-2906cc9fb6bc","home","Polizei SV Hannover","Füchse Berlin",20,19,TRUE,0,NA,NA,0,0,0,NA,0,0,0,0,0,0,NA,NA,NA,NA,NA,NA,NA,NA,0,0,0,0,NA,NA,NA,NA,NA
"Wolfgang Franke","a36fd3c4-3955-11ef-bc80-2510cc07ea6e",NA,NA,1973,"1/12/1974","673b66ca-3960-11ef-93d8-2906cc9fb6bc","home","Polizei SV Hannover","Füchse Berlin",20,19,TRUE,0,NA,NA,0,0,0,NA,0,0,0,0,0,0,NA,NA,NA,NA,NA,NA,NA,NA,0,0,0,0,NA,NA,NA,NA,NA
"Jürgen Kloth","a37512a6-3955-11ef-9d81-2510cc07ea6e",NA,NA,1973,"1/12/1974","673b66ca-3960-11ef-93d8-2906cc9fb6bc","home","Polizei SV Hannover","Füchse Berlin",20,19,TRUE,3,NA,NA,0,0,2,NA,0,0,0,0,0,0,NA,NA,NA,NA,NA,NA,NA,NA,0,0,0,0,NA,NA,NA,NA,NA
"Joachim Engler","bb2dfffa-3955-11ef-8a9e-ab397f561917",NA,NA,1973,"1/12/1974","673b66ca-3960-11ef-93d8-2906cc9fb6bc","home","Polizei SV Hannover","Füchse Berlin",20,19,TRUE,3,NA,NA,0,0,0,NA,0,0,0,0,0,0,NA,NA,NA,NA,NA,NA,NA,NA,0,0,0,0,NA,NA,NA,NA,NA
"Gerd Haase","bb322e8e-3955-11ef-8a6a-ab397f561917",NA,NA,1973,"1/12/1974","673b66ca-3960-11ef-93d8-2906cc9fb6bc","home","Polizei SV Hannover","Füchse Berlin",20,19,TRUE,7,NA,NA,0,0,0,NA,0,0,0,0,0,0,NA,NA,NA,NA,NA,NA,NA,NA,0,0,0,0,NA,NA,NA,NA,NA
"Hartmut Schnelle","bb3a7260-3955-11ef-99cf-ab397f561917",NA,NA,1973,"1/12/1974","673b66ca-3960-11ef-93d8-2906cc9fb6bc","home","Polizei SV Hannover","Füchse Berlin",20,19,TRUE,1,NA,NA,0,0,0,NA,0,0,0,0,0,0,NA,NA,NA,NA,NA,NA,NA,NA,0,0,0,0,NA,NA,NA,NA,NA
"Hans-Jürgen Deutsch","bb3e76d6-3955-11ef-a5a8-ab397f561917",NA,NA,1973,"1/12/1974","673b66ca-3960-11ef-93d8-2906cc9fb6bc","home","Polizei SV Hannover","Füchse Berlin",20,19,TRUE,3,NA,NA,0,0,0,NA,0,0,0,0,0,0,NA,NA,NA,NA,NA,NA,NA,NA,0,0,0,0,NA,NA,NA,NA,NA
"Dieter Hartung","bb482ed5-3955-11ef-bef1-ab397f561917",NA,NA,1973,"1/12/1974","673b66ca-3960-11ef-93d8-2906cc9fb6bc","home","Polizei SV Hannover","Füchse Berlin",20,19,TRUE,1,NA,NA,0,0,0,NA,0,0,0,0,0,0,NA,NA,NA,NA,NA,NA,NA,NA,0,0,0,0,NA,NA,NA,NA,NA
"Jürgen Fey","bb504d63-3955-11ef-8740-ab397f561917",NA,NA,1973,"1/12/1974","673b66ca-3960-11ef-93d8-2906cc9fb6bc","home","Polizei SV Hannover","Füchse Berlin",20,19,TRUE,1,NA,NA,0,0,0,NA,0,0,0,0,0,0,NA,NA,NA,NA,NA,NA,NA,NA,0,0,0,0,NA,NA,NA,NA,NA
"Wolfgang Künkler","bb635a87-3955-11ef-83b0-ab397f561917",NA,NA,1973,"1/12/1974","673b66ca-3960-11ef-93d8-2906cc9fb6bc","home","Polizei SV Hannover","Füchse Berlin",20,19,TRUE,0,NA,NA,0,0,0,NA,0,0,0,0,0,0,NA,NA,NA,NA,NA,NA,NA,NA,0,0,0,0,NA,NA,NA,NA,NA
"Heiner Borck","bda2f702-3955-11ef-8be3-ab397f561917",NA,NA,1973,"1/12/1974","673b66ca-3960-11ef-93d8-2906cc9fb6bc","home","Polizei SV Hannover","Füchse Berlin",20,19,TRUE,0,NA,NA,0,0,0,NA,0,0,0,0,0,0,NA,NA,NA,NA,NA,NA,NA,NA,0,0,0,0,NA,NA,NA,NA,NA
"Siegfried Hacke","bda8ac11-3955-11ef-8226-ab397f561917",NA,NA,1973,"1/12/1974","673b66ca-3960-11ef-93d8-2906cc9fb6bc","home","Polizei SV Hannover","Füchse Berlin",20,19,TRUE,1,NA,NA,0,0,0,NA,0,0,0,0,0,0,NA,NA,NA,NA,NA,NA,NA,NA,0,0,0,0,NA,NA,NA,NA,NA
"Horst Rampp","8c760463-3955-11ef-b11d-81dc40648355",NA,NA,1973,"1/12/1974","673b66ca-3960-11ef-93d8-2906cc9fb6bc","away","Füchse Berlin","Polizei SV Hannover",19,20,FALSE,0,NA,NA,0,0,0,NA,0,0,0,0,0,0,NA,NA,NA,NA,NA,NA,NA,NA,0,0,0,0,NA,NA,NA,NA,NA
"Hartmut Alsen","a5dc4676-3955-11ef-ac19-2510cc07ea6e",NA,NA,1973,"1/12/1974","673b66ca-3960-11ef-93d8-2906cc9fb6bc","away","Füchse Berlin","Polizei SV Hannover",19,20,FALSE,0,NA,NA,0,0,0,NA,0,0,0,0,0,0,NA,NA,NA,NA,NA,NA,NA,NA,0,0,0,0,NA,NA,NA,NA,NA
"Diethard Finkelmann","a60bdcf9-3955-11ef-bfa1-2510cc07ea6e",NA,NA,1973,"1/12/1974","673b66ca-3960-11ef-93d8-2906cc9fb6bc","away","Füchse Berlin","Polizei SV Hannover",19,20,FALSE,3,NA,NA,0,0,1,NA,0,0,0,0,0,0,NA,NA,NA,NA,NA,NA,NA,NA,0,0,0,0,NA,NA,NA,NA,NA
"Jochen Oermann","b193e84b-3955-11ef-bdbf-a36230ada079",NA,NA,1973,"1/12/1974","673b66ca-3960-11ef-93d8-2906cc9fb6bc","away","Füchse Berlin","Polizei SV Hannover",19,20,FALSE,0,NA,NA,0,0,0,NA,0,0,0,0,0,0,NA,NA,NA,NA,NA,NA,NA,NA,0,0,0,0,NA,NA,NA,NA,NA
"Detlef Finkelmann","b1a8f927-3955-11ef-a009-a36230ada079",NA,NA,1973,"1/12/1974","673b66ca-3960-11ef-93d8-2906cc9fb6bc","away","Füchse Berlin","Polizei SV Hannover",19,20,FALSE,1,NA,NA,0,0,0,NA,0,0,0,0,0,0,NA,NA,NA,NA,NA,NA,NA,NA,0,0,0,0,NA,NA,NA,NA,NA
"Bernd Goerigk","b1b21b0c-3955-11ef-a303-a36230ada079",NA,NA,1973,"1/12/1974","673b66ca-3960-11ef-93d8-2906cc9fb6bc","away","Füchse Berlin","Polizei SV Hannover",19,20,FALSE,1,NA,NA,0,0,0,NA,0,0,0,0,0,0,NA,NA,NA,NA,NA,NA,NA,NA,0,0,0,0,NA,NA,NA,NA,NA
"Lutz Loewke","b1b73b08-3955-11ef-b76a-a36230ada079",NA,NA,1973,"1/12/1974","673b66ca-3960-11ef-93d8-2906cc9fb6bc","away","Füchse Berlin","Polizei SV Hannover",19,20,FALSE,8,NA,NA,0,0,1,NA,0,0,0,0,0,0,NA,NA,NA,NA,NA,NA,NA,NA,0,0,0,0,NA,NA,NA,NA,NA
"Detlef Fischer","bdc0cf9c-3955-11ef-a866-ab397f561917",NA,NA,1973,"1/12/1974","673b66ca-3960-11ef-93d8-2906cc9fb6bc","away","Füchse Berlin","Polizei SV Hannover",19,20,FALSE,0,NA,NA,0,0,0,NA,0,0,0,0,0,0,NA,NA,NA,NA,NA,NA,NA,NA,0,0,0,0,NA,NA,NA,NA,NA
"Uwe Fröhlich","bdc4fe1a-3955-11ef-aa4f-ab397f561917",NA,NA,1973,"1/12/1974","673b66ca-3960-11ef-93d8-2906cc9fb6bc","away","Füchse Berlin","Polizei SV Hannover",19,20,FALSE,0,NA,NA,0,0,0,NA,0,0,0,0,0,0,NA,NA,NA,NA,NA,NA,NA,NA,0,0,0,0,NA,NA,NA,NA,NA
"Horst Waisznor","bdce772f-3955-11ef-a781-ab397f561917",NA,NA,1973,"1/12/1974","673b66ca-3960-11ef-93d8-2906cc9fb6bc","away","Füchse Berlin","Polizei SV Hannover",19,20,FALSE,1,NA,NA,0,0,0,NA,0,0,0,0,0,0,NA,NA,NA,NA,NA,NA,NA,NA,0,0,0,0,NA,NA,NA,NA,NA
"Klaus-Dieter Guse","bdd76769-3955-11ef-97dc-ab397f561917",NA,NA,1973,"1/12/1974","673b66ca-3960-11ef-93d8-2906cc9fb6bc","away","Füchse Berlin","Polizei SV Hannover",19,20,FALSE,5,NA,NA,0,0,0,NA,0,0,0,0,0,0,NA,NA,NA,NA,NA,NA,NA,NA,0,0,0,0,NA,NA,NA,NA,NA
"Manfred Schulz","8bc2b5ea-3955-11ef-8d03-81dc40648355",NA,NA,1973,"1/12/1974","68fc7ba3-3960-11ef-be56-2906cc9fb6bc","home","TSV 1896 Rintheim","S3L Handball",19,16,TRUE,0,NA,NA,0,0,0,NA,0,0,0,0,0,0,NA,NA,NA,NA,NA,NA,NA,NA,0,0,0,0,NA,NA,NA,NA,NA
"Wolf-Dieter Nagel","8d41486b-3955-11ef-8d22-81dc40648355",NA,NA,1973,"1/12/1974","68fc7ba3-3960-11ef-be56-2906cc9fb6bc","home","TSV 1896 Rintheim","S3L Handball",19,16,TRUE,1,NA,NA,0,0,0,NA,0,0,0,0,0,0,NA,NA,NA,NA,NA,NA,NA,NA,0,0,0,0,NA,NA,NA,NA,NA
"Franz Bechler","98035d7e-3955-11ef-8b94-292be3190b7b",NA,NA,1973,"1/12/1974","68fc7ba3-3960-11ef-be56-2906cc9fb6bc","home","TSV 1896 Rintheim","S3L Handball",19,16,TRUE,8,NA,NA,0,0,0,NA,0,0,0,0,0,0,NA,NA,NA,NA,NA,NA,NA,NA,0,0,0,0,NA,NA,NA,NA,NA
"Max Müller","99453a6b-3955-11ef-84c2-292be3190b7b",NA,NA,1973,"1/12/1974","68fc7ba3-3960-11ef-be56-2906cc9fb6bc","home","TSV 1896 Rintheim","S3L Handball",19,16,TRUE,3,NA,NA,0,0,1,NA,0,0,0,0,0,0,NA,NA,NA,NA,NA,NA,NA,NA,0,0,0,0,NA,NA,NA,NA,NA
"Wilfried Job","af3ed007-3955-11ef-9184-a36230ada079",NA,NA,1973,"1/12/1974","68fc7ba3-3960-11ef-be56-2906cc9fb6bc","home","TSV 1896 Rintheim","S3L Handball",19,16,TRUE,1,NA,NA,0,0,0,NA,0,0,0,0,0,0,NA,NA,NA,NA,NA,NA,NA,NA,0,0,0,0,NA,NA,NA,NA,NA
"Claus Erles","af42e492-3955-11ef-a26e-a36230ada079",NA,NA,1973,"1/12/1974","68fc7ba3-3960-11ef-be56-2906cc9fb6bc","home","TSV 1896 Rintheim","S3L Handball",19,16,TRUE,0,NA,NA,0,0,0,NA,0,0,0,0,0,0,NA,NA,NA,NA,NA,NA,NA,NA,0,0,0,0,NA,NA,NA,NA,NA
"Peter Maier","af4e0d17-3955-11ef-8763-a36230ada079",NA,NA,1973,"1/12/1974","68fc7ba3-3960-11ef-be56-2906cc9fb6bc","home","TSV 1896 Rintheim","S3L Handball",19,16,TRUE,0,NA,NA,0,0,0,NA,0,0,0,0,0,0,NA,NA,NA,NA,NA,NA,NA,NA,0,0,0,0,NA,NA,NA,NA,NA
"Bernd Seibel","bc6670d9-3955-11ef-b849-ab397f561917",NA,NA,1973,"1/12/1974","68fc7ba3-3960-11ef-be56-2906cc9fb6bc","home","TSV 1896 Rintheim","S3L Handball",19,16,TRUE,0,NA,NA,0,0,0,NA,0,0,0,0,0,0,NA,NA,NA,NA,NA,NA,NA,NA,0,0,0,0,NA,NA,NA,NA,NA
"Wolfgang Dillenberger","bc6a40c8-3955-11ef-8c9f-ab397f561917",NA,NA,1973,"1/12/1974","68fc7ba3-3960-11ef-be56-2906cc9fb6bc","home","TSV 1896 Rintheim","S3L Handball",19,16,TRUE,4,NA,NA,0,0,0,NA,0,0,0,0,0,0,NA,NA,NA,NA,NA,NA,NA,NA,0,0,0,0,NA,NA,NA,NA,NA
"Max Ullrich","c6e110c6-3955-11ef-83e4-157c9bc18a5f",NA,NA,1973,"1/12/1974","68fc7ba3-3960-11ef-be56-2906cc9fb6bc","home","TSV 1896 Rintheim","S3L Handball",19,16,TRUE,0,NA,NA,0,0,0,NA,0,0,0,0,0,0,NA,NA,NA,NA,NA,NA,NA,NA,0,0,0,0,NA,NA,NA,NA,NA
"Richard Baumer","c6e9de45-3955-11ef-b5bf-157c9bc18a5f",NA,NA,1973,"1/12/1974","68fc7ba3-3960-11ef-be56-2906cc9fb6bc","home","TSV 1896 Rintheim","S3L Handball",19,16,TRUE,2,NA,NA,0,0,0,NA,0,0,0,0,0,0,NA,NA,NA,NA,NA,NA,NA,NA,0,0,0,0,NA,NA,NA,NA,NA
"Roland Kühnle","c6f228fe-3955-11ef-a362-157c9bc18a5f",NA,NA,1973,"1/12/1974","68fc7ba3-3960-11ef-be56-2906cc9fb6bc","home","TSV 1896 Rintheim","S3L Handball",19,16,TRUE,0,NA,NA,0,0,0,NA,0,0,0,0,0,0,NA,NA,NA,NA,NA,NA,NA,NA,0,0,0,0,NA,NA,NA,NA,NA
"Werner Osada","98d8c8ac-3955-11ef-b6db-292be3190b7b",NA,NA,1973,"1/12/1974","68fc7ba3-3960-11ef-be56-2906cc9fb6bc","away","S3L Handball","TSV 1896 Rintheim",16,19,FALSE,1,NA,NA,0,0,0,NA,0,0,0,0,0,0,NA,NA,NA,NA,NA,NA,NA,NA,0,0,0,0,NA,NA,NA,NA,NA
"Manfred Müller","ae54e819-3955-11ef-81e8-a36230ada079",NA,NA,1973,"1/12/1974","68fc7ba3-3960-11ef-be56-2906cc9fb6bc","away","S3L Handball","TSV 1896 Rintheim",16,19,FALSE,0,NA,NA,0,0,0,NA,0,0,0,0,0,0,NA,NA,NA,NA,NA,NA,NA,NA,0,0,0,0,NA,NA,NA,NA,NA
"Bernd Frühauf","ae71d80f-3955-11ef-a219-a36230ada079",NA,NA,1973,"1/12/1974","68fc7ba3-3960-11ef-be56-2906cc9fb6bc","away","S3L Handball","TSV 1896 Rintheim",16,19,FALSE,0,NA,NA,0,0,0,NA,0,0,0,0,0,0,NA,NA,NA,NA,NA,NA,NA,NA,0,0,0,0,NA,NA,NA,NA,NA
"Wolfgang Sättele","ae76c01d-3955-11ef-bfb9-a36230ada079",NA,NA,1973,"1/12/1974","68fc7ba3-3960-11ef-be56-2906cc9fb6bc","away","S3L Handball","TSV 1896 Rintheim",16,19,FALSE,0,NA,NA,0,0,0,NA,0,0,0,0,0,0,NA,NA,NA,NA,NA,NA,NA,NA,0,0,0,0,NA,NA,NA,NA,NA
"Robert Becker","ae8c50f9-3955-11ef-91c4-a36230ada079",NA,NA,1973,"1/12/1974","68fc7ba3-3960-11ef-be56-2906cc9fb6bc","away","S3L Handball","TSV 1896 Rintheim",16,19,FALSE,0,NA,NA,0,0,0,NA,0,0,0,0,0,0,NA,NA,NA,NA,NA,NA,NA,NA,0,0,0,0,NA,NA,NA,NA,NA
"Jürgen Hahn","ae947745-3955-11ef-bc54-a36230ada079",NA,NA,1973,"1/12/1974","68fc7ba3-3960-11ef-be56-2906cc9fb6bc","away","S3L Handball","TSV 1896 Rintheim",16,19,FALSE,5,NA,NA,0,0,0,NA,0,0,0,0,0,0,NA,NA,NA,NA,NA,NA,NA,NA,0,0,0,0,NA,NA,NA,NA,NA
"Hansjörg Jäck","b166bd31-3955-11ef-bed1-a36230ada079",NA,NA,1973,"1/12/1974","68fc7ba3-3960-11ef-be56-2906cc9fb6bc","away","S3L Handball","TSV 1896 Rintheim",16,19,FALSE,0,NA,NA,0,0,0,NA,0,0,0,0,0,0,NA,NA,NA,NA,NA,NA,NA,NA,0,0,0,0,NA,NA,NA,NA,NA
"Markus Hädrich","ba389acc-3955-11ef-8b9d-ab397f561917",NA,NA,1973,"1/12/1974","68fc7ba3-3960-11ef-be56-2906cc9fb6bc","away","S3L Handball","TSV 1896 Rintheim",16,19,FALSE,2,NA,NA,0,0,0,NA,0,0,0,0,0,0,NA,NA,NA,NA,NA,NA,NA,NA,0,0,0,0,NA,NA,NA,NA,NA
"Werner Pruscha","bb9c8e56-3955-11ef-ac18-ab397f561917",NA,NA,1973,"1/12/1974","68fc7ba3-3960-11ef-be56-2906cc9fb6bc","away","S3L Handball","TSV 1896 Rintheim",16,19,FALSE,2,NA,NA,0,0,0,NA,0,0,0,0,0,0,NA,NA,NA,NA,NA,NA,NA,NA,0,0,0,0,NA,NA,NA,NA,NA
"Wolfhardt Bühler","bba2fc92-3955-11ef-a8d6-ab397f561917",NA,NA,1973,"1/12/1974","68fc7ba3-3960-11ef-be56-2906cc9fb6bc","away","S3L Handball","TSV 1896 Rintheim",16,19,FALSE,5,NA,NA,0,0,3,NA,0,0,0,0,0,0,NA,NA,NA,NA,NA,NA,NA,NA,0,0,0,0,NA,NA,NA,NA,NA
"Hans Stein","bde4861d-3955-11ef-a14e-ab397f561917",NA,NA,1973,"1/12/1974","68fc7ba3-3960-11ef-be56-2906cc9fb6bc","away","S3L Handball","TSV 1896 Rintheim",16,19,FALSE,0,NA,NA,0,0,0,NA,0,0,0,0,0,0,NA,NA,NA,NA,NA,NA,NA,NA,0,0,0,0,NA,NA,NA,NA,NA
"Arno Schandin","bded1584-3955-11ef-8a76-ab397f561917",NA,NA,1973,"1/12/1974","68fc7ba3-3960-11ef-be56-2906cc9fb6bc","away","S3L Handball","TSV 1896 Rintheim",16,19,FALSE,1,NA,NA,0,0,0,NA,0,0,0,0,0,0,NA,NA,NA,NA,NA,NA,NA,NA,0,0,0,0,NA,NA,NA,NA,NA
"Heinz-Theo Kaus","8086fdf9-3955-11ef-938f-b908c60af10a",NA,NA,1973,"1/12/1974","6a6a5b50-3960-11ef-9a5f-2906cc9fb6bc","home","SG Dietzenbach","FRISCH AUF! Göppingen",19,22,FALSE,0,NA,NA,0,0,0,NA,0,0,0,0,0,0,NA,NA,NA,NA,NA,NA,NA,NA,0,0,0,0,NA,NA,NA,NA,NA
"Heinz-Walter Behne","8be65881-3955-11ef-8872-81dc40648355",NA,NA,1973,"1/12/1974","6a6a5b50-3960-11ef-9a5f-2906cc9fb6bc","home","SG Dietzenbach","FRISCH AUF! Göppingen",19,22,FALSE,2,NA,NA,0,0,0,NA,0,0,0,0,0,0,NA,NA,NA,NA,NA,NA,NA,NA,0,0,0,0,NA,NA,NA,NA,NA
"Herbert Wehnert","96e104db-3955-11ef-b58d-292be3190b7b",NA,NA,1973,"1/12/1974","6a6a5b50-3960-11ef-9a5f-2906cc9fb6bc","home","SG Dietzenbach","FRISCH AUF! Göppingen",19,22,FALSE,8,NA,NA,0,0,1,NA,0,0,0,0,0,0,NA,NA,NA,NA,NA,NA,NA,NA,0,0,0,0,NA,NA,NA,NA,NA
"Otto Allies","af191a75-3955-11ef-8c7e-a36230ada079",NA,NA,1973,"1/12/1974","6a6a5b50-3960-11ef-9a5f-2906cc9fb6bc","home","SG Dietzenbach","FRISCH AUF! Göppingen",19,22,FALSE,3,NA,NA,0,0,0,NA,0,0,0,0,0,0,NA,NA,NA,NA,NA,NA,NA,NA,0,0,0,0,NA,NA,NA,NA,NA
"Heinrich Baum","af2c6c48-3955-11ef-964a-a36230ada079",NA,NA,1973,"1/12/1974","6a6a5b50-3960-11ef-9a5f-2906cc9fb6bc","home","SG Dietzenbach","FRISCH AUF! Göppingen",19,22,FALSE,1,NA,NA,0,0,0,NA,0,0,0,0,0,0,NA,NA,NA,NA,NA,NA,NA,NA,0,0,0,0,NA,NA,NA,NA,NA
"Klaus Rettig","b1d1aa4c-3955-11ef-baf9-a36230ada079",NA,NA,1973,"1/12/1974","6a6a5b50-3960-11ef-9a5f-2906cc9fb6bc","home","SG Dietzenbach","FRISCH AUF! Göppingen",19,22,FALSE,1,NA,NA,0,0,1,NA,0,0,0,0,0,0,NA,NA,NA,NA,NA,NA,NA,NA,0,0,0,0,NA,NA,NA,NA,NA
"Reinhold Jerwan","b1d5c150-3955-11ef-9027-a36230ada079",NA,NA,1973,"1/12/1974","6a6a5b50-3960-11ef-9a5f-2906cc9fb6bc","home","SG Dietzenbach","FRISCH AUF! Göppingen",19,22,FALSE,0,NA,NA,0,0,0,NA,0,0,0,0,0,0,NA,NA,NA,NA,NA,NA,NA,NA,0,0,0,0,NA,NA,NA,NA,NA
"Reinhold Frankenberger","be1b198f-3955-11ef-af2d-ab397f561917",NA,NA,1973,"1/12/1974","6a6a5b50-3960-11ef-9a5f-2906cc9fb6bc","home","SG Dietzenbach","FRISCH AUF! Göppingen",19,22,FALSE,0,NA,NA,0,0,0,NA,0,0,0,0,0,0,NA,NA,NA,NA,NA,NA,NA,NA,0,0,0,0,NA,NA,NA,NA,NA
"Herbert Striebel","c682be45-3955-11ef-8eab-157c9bc18a5f",NA,NA,1973,"1/12/1974","6a6a5b50-3960-11ef-9a5f-2906cc9fb6bc","home","SG Dietzenbach","FRISCH AUF! Göppingen",19,22,FALSE,0,NA,NA,0,0,0,NA,0,0,0,0,0,0,NA,NA,NA,NA,NA,NA,NA,NA,0,0,0,0,NA,NA,NA,NA,NA
"Norbert Kern","c6961a09-3955-11ef-8bcc-157c9bc18a5f",NA,NA,1973,"1/12/1974","6a6a5b50-3960-11ef-9a5f-2906cc9fb6bc","home","SG Dietzenbach","FRISCH AUF! Göppingen",19,22,FALSE,4,NA,NA,0,0,0,NA,0,0,0,0,0,0,NA,NA,NA,NA,NA,NA,NA,NA,0,0,0,0,NA,NA,NA,NA,NA
"Wolfgang Pelzer","c69f3508-3955-11ef-89d5-157c9bc18a5f",NA,NA,1973,"1/12/1974","6a6a5b50-3960-11ef-9a5f-2906cc9fb6bc","home","SG Dietzenbach","FRISCH AUF! Göppingen",19,22,FALSE,0,NA,NA,0,0,0,NA,0,0,0,0,0,0,NA,NA,NA,NA,NA,NA,NA,NA,0,0,0,0,NA,NA,NA,NA,NA
"Wilfried Wess","c6a3dc15-3955-11ef-b557-157c9bc18a5f",NA,NA,1973,"1/12/1974","6a6a5b50-3960-11ef-9a5f-2906cc9fb6bc","home","SG Dietzenbach","FRISCH AUF! Göppingen",19,22,FALSE,0,NA,NA,0,0,0,NA,0,0,0,0,0,0,NA,NA,NA,NA,NA,NA,NA,NA,0,0,0,0,NA,NA,NA,NA,NA
"Armin Emrich","8cdd3680-3955-11ef-a93e-81dc40648355",NA,NA,1973,"1/12/1974","6a6a5b50-3960-11ef-9a5f-2906cc9fb6bc","away","FRISCH AUF! Göppingen","SG Dietzenbach",22,19,TRUE,2,NA,NA,0,0,0,NA,0,0,0,0,0,0,NA,NA,NA,NA,NA,NA,NA,NA,0,0,0,0,NA,NA,NA,NA,NA
"Peter Bucher","8e0071c9-3955-11ef-8ff8-81dc40648355",NA,NA,1973,"1/12/1974","6a6a5b50-3960-11ef-9a5f-2906cc9fb6bc","away","FRISCH AUF! Göppingen","SG Dietzenbach",22,19,TRUE,7,NA,NA,0,0,0,NA,0,0,0,0,0,0,NA,NA,NA,NA,NA,NA,NA,NA,0,0,0,0,NA,NA,NA,NA,NA
"Wolfgang Don","a2ff75a5-3955-11ef-a510-2510cc07ea6e",NA,NA,1973,"1/12/1974","6a6a5b50-3960-11ef-9a5f-2906cc9fb6bc","away","FRISCH AUF! Göppingen","SG Dietzenbach",22,19,TRUE,0,NA,NA,0,0,0,NA,0,0,0,0,0,0,NA,NA,NA,NA,NA,NA,NA,NA,0,0,0,0,NA,NA,NA,NA,NA
"Werner Fischer","af3a0885-3955-11ef-a884-a36230ada079",NA,NA,1973,"1/12/1974","6a6a5b50-3960-11ef-9a5f-2906cc9fb6bc","away","FRISCH AUF! Göppingen","SG Dietzenbach",22,19,TRUE,1,NA,NA,0,0,0,NA,0,0,0,0,0,0,NA,NA,NA,NA,NA,NA,NA,NA,0,0,0,0,NA,NA,NA,NA,NA
"Siegmund Seeger","af76d008-3955-11ef-b7c9-a36230ada079",NA,NA,1973,"1/12/1974","6a6a5b50-3960-11ef-9a5f-2906cc9fb6bc","away","FRISCH AUF! Göppingen","SG Dietzenbach",22,19,TRUE,0,NA,NA,0,0,0,NA,0,0,0,0,0,0,NA,NA,NA,NA,NA,NA,NA,NA,0,0,0,0,NA,NA,NA,NA,NA
"Hans Brodbeck","b1f00cc3-3955-11ef-b4c9-a36230ada079",NA,NA,1973,"1/12/1974","6a6a5b50-3960-11ef-9a5f-2906cc9fb6bc","away","FRISCH AUF! Göppingen","SG Dietzenbach",22,19,TRUE,0,NA,NA,0,0,0,NA,0,0,0,0,0,0,NA,NA,NA,NA,NA,NA,NA,NA,0,0,0,0,NA,NA,NA,NA,NA
"Paul Epple","bc8167af-3955-11ef-8748-ab397f561917",NA,NA,1973,"1/12/1974","6a6a5b50-3960-11ef-9a5f-2906cc9fb6bc","away","FRISCH AUF! Göppingen","SG Dietzenbach",22,19,TRUE,0,NA,NA,0,0,0,NA,0,0,0,0,0,0,NA,NA,NA,NA,NA,NA,NA,NA,0,0,0,0,NA,NA,NA,NA,NA
"Geir Hallsteinsson","c70adb66-3955-11ef-afb7-157c9bc18a5f",NA,NA,1973,"1/12/1974","6a6a5b50-3960-11ef-9a5f-2906cc9fb6bc","away","FRISCH AUF! Göppingen","SG Dietzenbach",22,19,TRUE,6,NA,NA,0,0,0,NA,0,0,0,0,0,0,NA,NA,NA,NA,NA,NA,NA,NA,0,0,0,0,NA,NA,NA,NA,NA
"Werner Arndt","c71116e0-3955-11ef-85d3-157c9bc18a5f",NA,NA,1973,"1/12/1974","6a6a5b50-3960-11ef-9a5f-2906cc9fb6bc","away","FRISCH AUF! Göppingen","SG Dietzenbach",22,19,TRUE,3,NA,NA,0,0,0,NA,0,0,0,0,0,0,NA,NA,NA,NA,NA,NA,NA,NA,0,0,0,0,NA,NA,NA,NA,NA
"Christian Patzer","c715a1de-3955-11ef-bc54-157c9bc18a5f",NA,NA,1973,"1/12/1974","6a6a5b50-3960-11ef-9a5f-2906cc9fb6bc","away","FRISCH AUF! Göppingen","SG Dietzenbach",22,19,TRUE,3,NA,NA,0,0,0,NA,0,0,0,0,0,0,NA,NA,NA,NA,NA,NA,NA,NA,0,0,0,0,NA,NA,NA,NA,NA
"Günter Schweikardt","d3e60b79-3953-11ef-9e8c-e3f2de03a1b7",NA,NA,1973,"1/12/1974","6a6a5b50-3960-11ef-9a5f-2906cc9fb6bc","away","FRISCH AUF! Göppingen","SG Dietzenbach",22,19,TRUE,0,NA,NA,0,0,0,NA,0,0,0,0,0,0,NA,NA,NA,NA,NA,NA,NA,NA,0,0,0,0,NA,NA,NA,NA,NA
"Walter Salzer","8d394c72-3955-11ef-8d73-81dc40648355",NA,NA,1973,"1/12/1974","6b2224af-3960-11ef-aef1-2906cc9fb6bc","home","TV 1893 Neuhausen","TSV Milbertshofen",15,12,TRUE,7,NA,NA,0,0,6,NA,0,0,0,0,0,0,NA,NA,NA,NA,NA,NA,NA,NA,0,0,0,0,NA,NA,NA,NA,NA
"Klaus Stoll","a42e01cc-3955-11ef-b661-2510cc07ea6e",NA,NA,1973,"1/12/1974","6b2224af-3960-11ef-aef1-2906cc9fb6bc","home","TV 1893 Neuhausen","TSV Milbertshofen",15,12,TRUE,0,NA,NA,0,0,0,NA,0,0,0,0,0,0,NA,NA,NA,NA,NA,NA,NA,NA,0,0,0,0,NA,NA,NA,NA,NA
"Julius Lehmann","a448c9e2-3955-11ef-9bf8-2510cc07ea6e",NA,NA,1973,"1/12/1974","6b2224af-3960-11ef-aef1-2906cc9fb6bc","home","TV 1893 Neuhausen","TSV Milbertshofen",15,12,TRUE,1,NA,NA,0,0,0,NA,0,0,0,0,0,0,NA,NA,NA,NA,NA,NA,NA,NA,0,0,0,0,NA,NA,NA,NA,NA
"Wolfgang Ruoff","b21c931a-3955-11ef-96d4-a36230ada079",NA,NA,1973,"1/12/1974","6b2224af-3960-11ef-aef1-2906cc9fb6bc","home","TV 1893 Neuhausen","TSV Milbertshofen",15,12,TRUE,0,NA,NA,0,0,0,NA,0,0,0,0,0,0,NA,NA,NA,NA,NA,NA,NA,NA,0,0,0,0,NA,NA,NA,NA,NA
"Johann Högl","b2211f04-3955-11ef-a5bd-a36230ada079",NA,NA,1973,"1/12/1974","6b2224af-3960-11ef-aef1-2906cc9fb6bc","home","TV 1893 Neuhausen","TSV Milbertshofen",15,12,TRUE,3,NA,NA,0,0,0,NA,0,0,0,0,0,0,NA,NA,NA,NA,NA,NA,NA,NA,0,0,0,0,NA,NA,NA,NA,NA
"Martin Streicher","b2277c0b-3955-11ef-b9c1-a36230ada079",NA,NA,1973,"1/12/1974","6b2224af-3960-11ef-aef1-2906cc9fb6bc","home","TV 1893 Neuhausen","TSV Milbertshofen",15,12,TRUE,0,NA,NA,0,0,0,NA,0,0,0,0,0,0,NA,NA,NA,NA,NA,NA,NA,NA,0,0,0,0,NA,NA,NA,NA,NA
"Kurt Reusch","b22cb722-3955-11ef-b081-a36230ada079",NA,NA,1973,"1/12/1974","6b2224af-3960-11ef-aef1-2906cc9fb6bc","home","TV 1893 Neuhausen","TSV Milbertshofen",15,12,TRUE,3,NA,NA,0,0,1,NA,0,0,0,0,0,0,NA,NA,NA,NA,NA,NA,NA,NA,0,0,0,0,NA,NA,NA,NA,NA
"Harald Streicher","b2329757-3955-11ef-8e1c-a36230ada079",NA,NA,1973,"1/12/1974","6b2224af-3960-11ef-aef1-2906cc9fb6bc","home","TV 1893 Neuhausen","TSV Milbertshofen",15,12,TRUE,1,NA,NA,0,0,0,NA,0,0,0,0,0,0,NA,NA,NA,NA,NA,NA,NA,NA,0,0,0,0,NA,NA,NA,NA,NA
"Klaus Streicher","c728c012-3955-11ef-9cab-157c9bc18a5f",NA,NA,1973,"1/12/1974","6b2224af-3960-11ef-aef1-2906cc9fb6bc","home","TV 1893 Neuhausen","TSV Milbertshofen",15,12,TRUE,0,NA,NA,0,0,0,NA,0,0,0,0,0,0,NA,NA,NA,NA,NA,NA,NA,NA,0,0,0,0,NA,NA,NA,NA,NA
"Karl-Heinz Haas","c7317781-3955-11ef-9afe-157c9bc18a5f",NA,NA,1973,"1/12/1974","6b2224af-3960-11ef-aef1-2906cc9fb6bc","home","TV 1893 Neuhausen","TSV Milbertshofen",15,12,TRUE,0,NA,NA,0,0,0,NA,0,0,0,0,0,0,NA,NA,NA,NA,NA,NA,NA,NA,0,0,0,0,NA,NA,NA,NA,NA
"Wolfgang Sommerfeld","74c0be88-3955-11ef-89fd-51fdf2a82730",NA,NA,1973,"1/12/1974","6b2224af-3960-11ef-aef1-2906cc9fb6bc","away","TSV Milbertshofen","TV 1893 Neuhausen",12,15,FALSE,1,NA,NA,0,0,0,NA,0,0,0,0,0,0,NA,NA,NA,NA,NA,NA,NA,NA,0,0,0,0,NA,NA,NA,NA,NA
"Udo Böbel","80d4ba37-3955-11ef-9d8b-b908c60af10a",NA,NA,1973,"1/12/1974","6b2224af-3960-11ef-aef1-2906cc9fb6bc","away","TSV Milbertshofen","TV 1893 Neuhausen",12,15,FALSE,1,NA,NA,0,0,0,NA,0,0,0,0,0,0,NA,NA,NA,NA,NA,NA,NA,NA,0,0,0,0,NA,NA,NA,NA,NA
"Peter Jaschke","8b728782-3955-11ef-8da6-81dc40648355",NA,NA,1973,"1/12/1974","6b2224af-3960-11ef-aef1-2906cc9fb6bc","away","TSV Milbertshofen","TV 1893 Neuhausen",12,15,FALSE,0,NA,NA,0,0,0,NA,0,0,0,0,0,0,NA,NA,NA,NA,NA,NA,NA,NA,0,0,0,0,NA,NA,NA,NA,NA
"Werner Winkelmeier","9712104e-3955-11ef-9613-292be3190b7b",NA,NA,1973,"1/12/1974","6b2224af-3960-11ef-aef1-2906cc9fb6bc","away","TSV Milbertshofen","TV 1893 Neuhausen",12,15,FALSE,1,NA,NA,0,0,0,NA,0,0,0,0,0,0,NA,NA,NA,NA,NA,NA,NA,NA,0,0,0,0,NA,NA,NA,NA,NA
"Gerhard Ochsenkühn","97259ed1-3955-11ef-96ca-292be3190b7b",NA,NA,1973,"1/12/1974","6b2224af-3960-11ef-aef1-2906cc9fb6bc","away","TSV Milbertshofen","TV 1893 Neuhausen",12,15,FALSE,2,NA,NA,0,0,0,NA,0,0,0,0,0,0,NA,NA,NA,NA,NA,NA,NA,NA,0,0,0,0,NA,NA,NA,NA,NA
"Josef Kiener","972d7d47-3955-11ef-a437-292be3190b7b",NA,NA,1973,"1/12/1974","6b2224af-3960-11ef-aef1-2906cc9fb6bc","away","TSV Milbertshofen","TV 1893 Neuhausen",12,15,FALSE,3,NA,NA,0,0,3,NA,0,0,0,0,0,0,NA,NA,NA,NA,NA,NA,NA,NA,0,0,0,0,NA,NA,NA,NA,NA
"Rudolf Dobler","97ac407c-3955-11ef-9ea9-292be3190b7b",NA,NA,1973,"1/12/1974","6b2224af-3960-11ef-aef1-2906cc9fb6bc","away","TSV Milbertshofen","TV 1893 Neuhausen",12,15,FALSE,1,NA,NA,0,0,0,NA,0,0,0,0,0,0,NA,NA,NA,NA,NA,NA,NA,NA,0,0,0,0,NA,NA,NA,NA,NA
"Erwin Heilmeier","af09c6c5-3955-11ef-9faa-a36230ada079",NA,NA,1973,"1/12/1974","6b2224af-3960-11ef-aef1-2906cc9fb6bc","away","TSV Milbertshofen","TV 1893 Neuhausen",12,15,FALSE,1,NA,NA,0,0,0,NA,0,0,0,0,0,0,NA,NA,NA,NA,NA,NA,NA,NA,0,0,0,0,NA,NA,NA,NA,NA
"Jochen Heyne","b1c06894-3955-11ef-ab50-a36230ada079",NA,NA,1973,"1/12/1974","6b2224af-3960-11ef-aef1-2906cc9fb6bc","away","TSV Milbertshofen","TV 1893 Neuhausen",12,15,FALSE,0,NA,NA,0,0,0,NA,0,0,0,0,0,0,NA,NA,NA,NA,NA,NA,NA,NA,0,0,0,0,NA,NA,NA,NA,NA
"Peter Feddern","bc1b1b3e-3955-11ef-9c4e-ab397f561917",NA,NA,1973,"1/12/1974","6b2224af-3960-11ef-aef1-2906cc9fb6bc","away","TSV Milbertshofen","TV 1893 Neuhausen",12,15,FALSE,1,NA,NA,0,0,0,NA,0,0,0,0,0,0,NA,NA,NA,NA,NA,NA,NA,NA,0,0,0,0,NA,NA,NA,NA,NA
"Volker Filipp","c6bca602-3955-11ef-8195-157c9bc18a5f",NA,NA,1973,"1/12/1974","6b2224af-3960-11ef-aef1-2906cc9fb6bc","away","TSV Milbertshofen","TV 1893 Neuhausen",12,15,FALSE,1,NA,NA,0,0,0,NA,0,0,0,0,0,0,NA,NA,NA,NA,NA,NA,NA,NA,0,0,0,0,NA,NA,NA,NA,NA
"Karl-Heinz Schulz","72847241-3955-11ef-8bd4-51fdf2a82730",NA,NA,1973,"1/13/1974","64d2315a-3960-11ef-ba4f-2906cc9fb6bc","home","TuS 05 Wellinghofen","VfL Lübeck-Schwartau",20,18,TRUE,3,NA,NA,0,0,0,NA,0,0,0,0,0,0,NA,NA,NA,NA,NA,NA,NA,NA,0,0,0,0,NA,NA,NA,NA,NA
"Heiner Möller","8d7571e4-3955-11ef-b1d3-81dc40648355",NA,NA,1973,"1/13/1974","64d2315a-3960-11ef-ba4f-2906cc9fb6bc","home","TuS 05 Wellinghofen","VfL Lübeck-Schwartau",20,18,TRUE,5,NA,NA,0,0,0,NA,0,0,0,0,0,0,NA,NA,NA,NA,NA,NA,NA,NA,0,0,0,0,NA,NA,NA,NA,NA
"Hans-Peter Neuhaus","8d9d3887-3955-11ef-80a3-81dc40648355",NA,NA,1973,"1/13/1974","64d2315a-3960-11ef-ba4f-2906cc9fb6bc","home","TuS 05 Wellinghofen","VfL Lübeck-Schwartau",20,18,TRUE,0,NA,NA,0,0,0,NA,0,0,0,0,0,0,NA,NA,NA,NA,NA,NA,NA,NA,0,0,0,0,NA,NA,NA,NA,NA
"Karl-Heinz Nolde","a33d5c4a-3955-11ef-b577-2510cc07ea6e",NA,NA,1973,"1/13/1974","64d2315a-3960-11ef-ba4f-2906cc9fb6bc","home","TuS 05 Wellinghofen","VfL Lübeck-Schwartau",20,18,TRUE,1,NA,NA,0,0,0,NA,0,0,0,0,0,0,NA,NA,NA,NA,NA,NA,NA,NA,0,0,0,0,NA,NA,NA,NA,NA
"Rainer Gosewinkel","a4d61156-3955-11ef-8406-2510cc07ea6e",NA,NA,1973,"1/13/1974","64d2315a-3960-11ef-ba4f-2906cc9fb6bc","home","TuS 05 Wellinghofen","VfL Lübeck-Schwartau",20,18,TRUE,6,NA,NA,0,0,1,NA,0,0,0,0,0,0,NA,NA,NA,NA,NA,NA,NA,NA,0,0,0,0,NA,NA,NA,NA,NA
"Klaus Erwe","a4f54a19-3955-11ef-b48a-2510cc07ea6e",NA,NA,1973,"1/13/1974","64d2315a-3960-11ef-ba4f-2906cc9fb6bc","home","TuS 05 Wellinghofen","VfL Lübeck-Schwartau",20,18,TRUE,0,NA,NA,0,0,0,NA,0,0,0,0,0,0,NA,NA,NA,NA,NA,NA,NA,NA,0,0,0,0,NA,NA,NA,NA,NA
"Winfried Gabel","a521dedb-3955-11ef-a3bd-2510cc07ea6e",NA,NA,1973,"1/13/1974","64d2315a-3960-11ef-ba4f-2906cc9fb6bc","home","TuS 05 Wellinghofen","VfL Lübeck-Schwartau",20,18,TRUE,0,NA,NA,0,0,0,NA,0,0,0,0,0,0,NA,NA,NA,NA,NA,NA,NA,NA,0,0,0,0,NA,NA,NA,NA,NA
"Burkhard Gröning","a52c6e4f-3955-11ef-a576-2510cc07ea6e",NA,NA,1973,"1/13/1974","64d2315a-3960-11ef-ba4f-2906cc9fb6bc","home","TuS 05 Wellinghofen","VfL Lübeck-Schwartau",20,18,TRUE,4,NA,NA,0,0,0,NA,0,0,0,0,0,0,NA,NA,NA,NA,NA,NA,NA,NA,0,0,0,0,NA,NA,NA,NA,NA
"Herbert Rogge","b06614d7-3955-11ef-a43b-a36230ada079",NA,NA,1973,"1/13/1974","64d2315a-3960-11ef-ba4f-2906cc9fb6bc","home","TuS 05 Wellinghofen","VfL Lübeck-Schwartau",20,18,TRUE,1,NA,NA,0,0,0,NA,0,0,0,0,0,0,NA,NA,NA,NA,NA,NA,NA,NA,0,0,0,0,NA,NA,NA,NA,NA
"Hans-Jürgen Sengera","ba7fae8e-3955-11ef-80e4-ab397f561917",NA,NA,1973,"1/13/1974","64d2315a-3960-11ef-ba4f-2906cc9fb6bc","home","TuS 05 Wellinghofen","VfL Lübeck-Schwartau",20,18,TRUE,0,NA,NA,0,0,0,NA,0,0,0,0,0,0,NA,NA,NA,NA,NA,NA,NA,NA,0,0,0,0,NA,NA,NA,NA,NA
"Harald Lüth","a552c518-3955-11ef-8a68-2510cc07ea6e",NA,NA,1973,"1/13/1974","64d2315a-3960-11ef-ba4f-2906cc9fb6bc","away","VfL Lübeck-Schwartau","TuS 05 Wellinghofen",18,20,FALSE,3,NA,NA,0,0,0,NA,0,0,0,0,0,0,NA,NA,NA,NA,NA,NA,NA,NA,0,0,0,0,NA,NA,NA,NA,NA
"Michael Dogs","b0cecb4a-3955-11ef-b665-a36230ada079",NA,NA,1973,"1/13/1974","64d2315a-3960-11ef-ba4f-2906cc9fb6bc","away","VfL Lübeck-Schwartau","TuS 05 Wellinghofen",18,20,FALSE,0,NA,NA,0,0,0,NA,0,0,0,0,0,0,NA,NA,NA,NA,NA,NA,NA,NA,0,0,0,0,NA,NA,NA,NA,NA
"Ulrich Kleinstoll","b0f37438-3955-11ef-84e6-a36230ada079",NA,NA,1973,"1/13/1974","64d2315a-3960-11ef-ba4f-2906cc9fb6bc","away","VfL Lübeck-Schwartau","TuS 05 Wellinghofen",18,20,FALSE,1,NA,NA,0,0,0,NA,0,0,0,0,0,0,NA,NA,NA,NA,NA,NA,NA,NA,0,0,0,0,NA,NA,NA,NA,NA
"Thomas Kluth","b0f877c0-3955-11ef-a314-a36230ada079",NA,NA,1973,"1/13/1974","64d2315a-3960-11ef-ba4f-2906cc9fb6bc","away","VfL Lübeck-Schwartau","TuS 05 Wellinghofen",18,20,FALSE,1,NA,NA,0,0,0,NA,0,0,0,0,0,0,NA,NA,NA,NA,NA,NA,NA,NA,0,0,0,0,NA,NA,NA,NA,NA
"Siegfried Berg","b10d3ec3-3955-11ef-8a30-a36230ada079",NA,NA,1973,"1/13/1974","64d2315a-3960-11ef-ba4f-2906cc9fb6bc","away","VfL Lübeck-Schwartau","TuS 05 Wellinghofen",18,20,FALSE,2,NA,NA,0,0,1,NA,0,0,0,0,0,0,NA,NA,NA,NA,NA,NA,NA,NA,0,0,0,0,NA,NA,NA,NA,NA
"Wolfgang Braun","b1a4c388-3955-11ef-92b7-a36230ada079",NA,NA,1973,"1/13/1974","64d2315a-3960-11ef-ba4f-2906cc9fb6bc","away","VfL Lübeck-Schwartau","TuS 05 Wellinghofen",18,20,FALSE,4,NA,NA,0,0,0,NA,0,0,0,0,0,0,NA,NA,NA,NA,NA,NA,NA,NA,0,0,0,0,NA,NA,NA,NA,NA
"Bernd Heiden","baf62966-3955-11ef-b7e1-ab397f561917",NA,NA,1973,"1/13/1974","64d2315a-3960-11ef-ba4f-2906cc9fb6bc","away","VfL Lübeck-Schwartau","TuS 05 Wellinghofen",18,20,FALSE,1,NA,NA,0,0,0,NA,0,0,0,0,0,0,NA,NA,NA,NA,NA,NA,NA,NA,0,0,0,0,NA,NA,NA,NA,NA
"Klaus Lange","bafb51f3-3955-11ef-9864-ab397f561917",NA,NA,1973,"1/13/1974","64d2315a-3960-11ef-ba4f-2906cc9fb6bc","away","VfL Lübeck-Schwartau","TuS 05 Wellinghofen",18,20,FALSE,6,NA,NA,0,0,1,NA,0,0,0,0,0,0,NA,NA,NA,NA,NA,NA,NA,NA,0,0,0,0,NA,NA,NA,NA,NA
"Georg Pohl","baff6cee-3955-11ef-a80f-ab397f561917",NA,NA,1973,"1/13/1974","64d2315a-3960-11ef-ba4f-2906cc9fb6bc","away","VfL Lübeck-Schwartau","TuS 05 Wellinghofen",18,20,FALSE,0,NA,NA,0,0,0,NA,0,0,0,0,0,0,NA,NA,NA,NA,NA,NA,NA,NA,0,0,0,0,NA,NA,NA,NA,NA
"Manfred Kuhnke","bb039049-3955-11ef-bdc6-ab397f561917",NA,NA,1973,"1/13/1974","64d2315a-3960-11ef-ba4f-2906cc9fb6bc","away","VfL Lübeck-Schwartau","TuS 05 Wellinghofen",18,20,FALSE,0,NA,NA,0,0,0,NA,0,0,0,0,0,0,NA,NA,NA,NA,NA,NA,NA,NA,0,0,0,0,NA,NA,NA,NA,NA
"Ulrich Eikermann","73a211c9-3955-11ef-8f8f-51fdf2a82730",NA,NA,1973,"1/13/1974","65bbfd19-3960-11ef-9264-2906cc9fb6bc","home","SC Phönix Essen 1920","TV Grambke Bremen",26,18,TRUE,3,NA,NA,0,0,0,NA,0,0,0,0,0,0,NA,NA,NA,NA,NA,NA,NA,NA,0,0,0,0,NA,NA,NA,NA,NA
"Horst Weise","8df6e46b-3955-11ef-9ec8-81dc40648355",NA,NA,1973,"1/13/1974","65bbfd19-3960-11ef-9264-2906cc9fb6bc","home","SC Phönix Essen 1920","TV Grambke Bremen",26,18,TRUE,3,NA,NA,0,0,1,NA,0,0,0,0,0,0,NA,NA,NA,NA,NA,NA,NA,NA,0,0,0,0,NA,NA,NA,NA,NA
"Ralf Hamann","a28aa62f-3955-11ef-9677-2510cc07ea6e",NA,NA,1973,"1/13/1974","65bbfd19-3960-11ef-9264-2906cc9fb6bc","home","SC Phönix Essen 1920","TV Grambke Bremen",26,18,TRUE,0,NA,NA,0,0,0,NA,0,0,0,0,0,0,NA,NA,NA,NA,NA,NA,NA,NA,0,0,0,0,NA,NA,NA,NA,NA
"Heinz Oberscheidt","a5ae94f2-3955-11ef-91fc-2510cc07ea6e",NA,NA,1973,"1/13/1974","65bbfd19-3960-11ef-9264-2906cc9fb6bc","home","SC Phönix Essen 1920","TV Grambke Bremen",26,18,TRUE,8,NA,NA,0,0,0,NA,0,0,0,0,0,0,NA,NA,NA,NA,NA,NA,NA,NA,0,0,0,0,NA,NA,NA,NA,NA
"Werner Jeckstedt","a5bb8d23-3955-11ef-8362-2510cc07ea6e",NA,NA,1973,"1/13/1974","65bbfd19-3960-11ef-9264-2906cc9fb6bc","home","SC Phönix Essen 1920","TV Grambke Bremen",26,18,TRUE,0,NA,NA,0,0,0,NA,0,0,0,0,0,0,NA,NA,NA,NA,NA,NA,NA,NA,0,0,0,0,NA,NA,NA,NA,NA
"Ingo Callies","b0b0659b-3955-11ef-87aa-a36230ada079",NA,NA,1973,"1/13/1974","65bbfd19-3960-11ef-9264-2906cc9fb6bc","home","SC Phönix Essen 1920","TV Grambke Bremen",26,18,TRUE,5,NA,NA,0,0,0,NA,0,0,0,0,0,0,NA,NA,NA,NA,NA,NA,NA,NA,0,0,0,0,NA,NA,NA,NA,NA
"Bernd Tolksdorf","bae02284-3955-11ef-b577-ab397f561917",NA,NA,1973,"1/13/1974","65bbfd19-3960-11ef-9264-2906cc9fb6bc","home","SC Phönix Essen 1920","TV Grambke Bremen",26,18,TRUE,5,NA,NA,0,0,0,NA,0,0,0,0,0,0,NA,NA,NA,NA,NA,NA,NA,NA,0,0,0,0,NA,NA,NA,NA,NA
"Klaus Kirschner","bae43a44-3955-11ef-ae7c-ab397f561917",NA,NA,1973,"1/13/1974","65bbfd19-3960-11ef-9264-2906cc9fb6bc","home","SC Phönix Essen 1920","TV Grambke Bremen",26,18,TRUE,1,NA,NA,0,0,0,NA,0,0,0,0,0,0,NA,NA,NA,NA,NA,NA,NA,NA,0,0,0,0,NA,NA,NA,NA,NA
"Manfred Wolf","bd4f3381-3955-11ef-904e-ab397f561917",NA,NA,1973,"1/13/1974","65bbfd19-3960-11ef-9264-2906cc9fb6bc","home","SC Phönix Essen 1920","TV Grambke Bremen",26,18,TRUE,0,NA,NA,0,0,0,NA,0,0,0,0,0,0,NA,NA,NA,NA,NA,NA,NA,NA,0,0,0,0,NA,NA,NA,NA,NA
"Rainer Hill","bd56ea43-3955-11ef-a0dc-ab397f561917",NA,NA,1973,"1/13/1974","65bbfd19-3960-11ef-9264-2906cc9fb6bc","home","SC Phönix Essen 1920","TV Grambke Bremen",26,18,TRUE,1,NA,NA,0,0,0,NA,0,0,0,0,0,0,NA,NA,NA,NA,NA,NA,NA,NA,0,0,0,0,NA,NA,NA,NA,NA
"Hans-Jörg Graeper","964d8ebc-3955-11ef-a25b-292be3190b7b",NA,NA,1973,"1/13/1974","65bbfd19-3960-11ef-9264-2906cc9fb6bc","away","TV Grambke Bremen","SC Phönix Essen 1920",18,26,FALSE,3,NA,NA,0,0,0,NA,0,0,0,0,0,0,NA,NA,NA,NA,NA,NA,NA,NA,0,0,0,0,NA,NA,NA,NA,NA
"Rolf Harjes","9854972c-3955-11ef-b163-292be3190b7b",NA,NA,1973,"1/13/1974","65bbfd19-3960-11ef-9264-2906cc9fb6bc","away","TV Grambke Bremen","SC Phönix Essen 1920",18,26,FALSE,3,NA,NA,0,0,1,NA,0,0,0,0,0,0,NA,NA,NA,NA,NA,NA,NA,NA,0,0,0,0,NA,NA,NA,NA,NA
"Rolf Dierks","a5420b05-3955-11ef-a0f4-2510cc07ea6e",NA,NA,1973,"1/13/1974","65bbfd19-3960-11ef-9264-2906cc9fb6bc","away","TV Grambke Bremen","SC Phönix Essen 1920",18,26,FALSE,0,NA,NA,0,0,0,NA,0,0,0,0,0,0,NA,NA,NA,NA,NA,NA,NA,NA,0,0,0,0,NA,NA,NA,NA,NA
"Wilfried Lankenau","a547caa3-3955-11ef-8b17-2510cc07ea6e",NA,NA,1973,"1/13/1974","65bbfd19-3960-11ef-9264-2906cc9fb6bc","away","TV Grambke Bremen","SC Phönix Essen 1920",18,26,FALSE,5,NA,NA,0,0,0,NA,0,0,0,0,0,0,NA,NA,NA,NA,NA,NA,NA,NA,0,0,0,0,NA,NA,NA,NA,NA
"Willi Hohn","a54d65b4-3955-11ef-86a4-2510cc07ea6e",NA,NA,1973,"1/13/1974","65bbfd19-3960-11ef-9264-2906cc9fb6bc","away","TV Grambke Bremen","SC Phönix Essen 1920",18,26,FALSE,1,NA,NA,0,0,0,NA,0,0,0,0,0,0,NA,NA,NA,NA,NA,NA,NA,NA,0,0,0,0,NA,NA,NA,NA,NA
"Peter Wilde","a5638a05-3955-11ef-8647-2510cc07ea6e",NA,NA,1973,"1/13/1974","65bbfd19-3960-11ef-9264-2906cc9fb6bc","away","TV Grambke Bremen","SC Phönix Essen 1920",18,26,FALSE,1,NA,NA,0,0,0,NA,0,0,0,0,0,0,NA,NA,NA,NA,NA,NA,NA,NA,0,0,0,0,NA,NA,NA,NA,NA
"Rainer Lange","ba95832e-3955-11ef-aa24-ab397f561917",NA,NA,1973,"1/13/1974","65bbfd19-3960-11ef-9264-2906cc9fb6bc","away","TV Grambke Bremen","SC Phönix Essen 1920",18,26,FALSE,0,NA,NA,0,0,0,NA,0,0,0,0,0,0,NA,NA,NA,NA,NA,NA,NA,NA,0,0,0,0,NA,NA,NA,NA,NA
"Klaus Hohn","baa006c5-3955-11ef-942e-ab397f561917",NA,NA,1973,"1/13/1974","65bbfd19-3960-11ef-9264-2906cc9fb6bc","away","TV Grambke Bremen","SC Phönix Essen 1920",18,26,FALSE,3,NA,NA,0,0,0,NA,0,0,0,0,0,0,NA,NA,NA,NA,NA,NA,NA,NA,0,0,0,0,NA,NA,NA,NA,NA
"Karl-Heinz Bierwirth","baa76751-3955-11ef-b78b-ab397f561917",NA,NA,1973,"1/13/1974","65bbfd19-3960-11ef-9264-2906cc9fb6bc","away","TV Grambke Bremen","SC Phönix Essen 1920",18,26,FALSE,1,NA,NA,0,0,0,NA,0,0,0,0,0,0,NA,NA,NA,NA,NA,NA,NA,NA,0,0,0,0,NA,NA,NA,NA,NA
"Günter Heermann","baabe2e5-3955-11ef-9d71-ab397f561917",NA,NA,1973,"1/13/1974","65bbfd19-3960-11ef-9264-2906cc9fb6bc","away","TV Grambke Bremen","SC Phönix Essen 1920",18,26,FALSE,1,NA,NA,0,0,0,NA,0,0,0,0,0,0,NA,NA,NA,NA,NA,NA,NA,NA,0,0,0,0,NA,NA,NA,NA,NA
"Günter Meßmer","babf1fc6-3955-11ef-975c-ab397f561917",NA,NA,1973,"1/13/1974","65bbfd19-3960-11ef-9264-2906cc9fb6bc","away","TV Grambke Bremen","SC Phönix Essen 1920",18,26,FALSE,0,NA,NA,0,0,0,NA,0,0,0,0,0,0,NA,NA,NA,NA,NA,NA,NA,NA,0,0,0,0,NA,NA,NA,NA,NA
"Reimer Hinrichs","baf246ff-3955-11ef-b172-ab397f561917",NA,NA,1973,"1/13/1974","65bbfd19-3960-11ef-9264-2906cc9fb6bc","away","TV Grambke Bremen","SC Phönix Essen 1920",18,26,FALSE,0,NA,NA,0,0,0,NA,0,0,0,0,0,0,NA,NA,NA,NA,NA,NA,NA,NA,0,0,0,0,NA,NA,NA,NA,NA
"Reinhard Wittler","a35063de-3955-11ef-9881-2510cc07ea6e",NA,NA,1973,"1/16/1974","65cc44ba-3960-11ef-a733-2906cc9fb6bc","home","Polizei SV Hannover","TV Grambke Bremen",18,27,FALSE,0,NA,NA,0,0,0,NA,0,0,0,0,0,0,NA,NA,NA,NA,NA,NA,NA,NA,0,0,0,0,NA,NA,NA,NA,NA
"Wolfgang Franke","a36fd3c4-3955-11ef-bc80-2510cc07ea6e",NA,NA,1973,"1/16/1974","65cc44ba-3960-11ef-a733-2906cc9fb6bc","home","Polizei SV Hannover","TV Grambke Bremen",18,27,FALSE,0,NA,NA,0,0,0,NA,0,0,0,0,0,0,NA,NA,NA,NA,NA,NA,NA,NA,0,0,0,0,NA,NA,NA,NA,NA
"Jürgen Kloth","a37512a6-3955-11ef-9d81-2510cc07ea6e",NA,NA,1973,"1/16/1974","65cc44ba-3960-11ef-a733-2906cc9fb6bc","home","Polizei SV Hannover","TV Grambke Bremen",18,27,FALSE,5,NA,NA,0,0,3,NA,0,0,0,0,0,0,NA,NA,NA,NA,NA,NA,NA,NA,0,0,0,0,NA,NA,NA,NA,NA
"Joachim Engler","bb2dfffa-3955-11ef-8a9e-ab397f561917",NA,NA,1973,"1/16/1974","65cc44ba-3960-11ef-a733-2906cc9fb6bc","home","Polizei SV Hannover","TV Grambke Bremen",18,27,FALSE,6,NA,NA,0,0,0,NA,0,0,0,0,0,0,NA,NA,NA,NA,NA,NA,NA,NA,0,0,0,0,NA,NA,NA,NA,NA
"Gerd Haase","bb322e8e-3955-11ef-8a6a-ab397f561917",NA,NA,1973,"1/16/1974","65cc44ba-3960-11ef-a733-2906cc9fb6bc","home","Polizei SV Hannover","TV Grambke Bremen",18,27,FALSE,3,NA,NA,0,0,0,NA,0,0,0,0,0,0,NA,NA,NA,NA,NA,NA,NA,NA,0,0,0,0,NA,NA,NA,NA,NA
"Hartmut Schnelle","bb3a7260-3955-11ef-99cf-ab397f561917",NA,NA,1973,"1/16/1974","65cc44ba-3960-11ef-a733-2906cc9fb6bc","home","Polizei SV Hannover","TV Grambke Bremen",18,27,FALSE,0,NA,NA,0,0,0,NA,0,0,0,0,0,0,NA,NA,NA,NA,NA,NA,NA,NA,0,0,0,0,NA,NA,NA,NA,NA
"Hans-Jürgen Deutsch","bb3e76d6-3955-11ef-a5a8-ab397f561917",NA,NA,1973,"1/16/1974","65cc44ba-3960-11ef-a733-2906cc9fb6bc","home","Polizei SV Hannover","TV Grambke Bremen",18,27,FALSE,1,NA,NA,0,0,0,NA,0,0,0,0,0,0,NA,NA,NA,NA,NA,NA,NA,NA,0,0,0,0,NA,NA,NA,NA,NA
"Dieter Hartung","bb482ed5-3955-11ef-bef1-ab397f561917",NA,NA,1973,"1/16/1974","65cc44ba-3960-11ef-a733-2906cc9fb6bc","home","Polizei SV Hannover","TV Grambke Bremen",18,27,FALSE,1,NA,NA,0,0,0,NA,0,0,0,0,0,0,NA,NA,NA,NA,NA,NA,NA,NA,0,0,0,0,NA,NA,NA,NA,NA
"Jürgen Fey","bb504d63-3955-11ef-8740-ab397f561917",NA,NA,1973,"1/16/1974","65cc44ba-3960-11ef-a733-2906cc9fb6bc","home","Polizei SV Hannover","TV Grambke Bremen",18,27,FALSE,1,NA,NA,0,0,0,NA,0,0,0,0,0,0,NA,NA,NA,NA,NA,NA,NA,NA,0,0,0,0,NA,NA,NA,NA,NA
"Wolfgang Künkler","bb635a87-3955-11ef-83b0-ab397f561917",NA,NA,1973,"1/16/1974","65cc44ba-3960-11ef-a733-2906cc9fb6bc","home","Polizei SV Hannover","TV Grambke Bremen",18,27,FALSE,1,NA,NA,0,0,0,NA,0,0,0,0,0,0,NA,NA,NA,NA,NA,NA,NA,NA,0,0,0,0,NA,NA,NA,NA,NA
"Heiner Borck","bda2f702-3955-11ef-8be3-ab397f561917",NA,NA,1973,"1/16/1974","65cc44ba-3960-11ef-a733-2906cc9fb6bc","home","Polizei SV Hannover","TV Grambke Bremen",18,27,FALSE,0,NA,NA,0,0,0,NA,0,0,0,0,0,0,NA,NA,NA,NA,NA,NA,NA,NA,0,0,0,0,NA,NA,NA,NA,NA
"Siegfried Hacke","bda8ac11-3955-11ef-8226-ab397f561917",NA,NA,1973,"1/16/1974","65cc44ba-3960-11ef-a733-2906cc9fb6bc","home","Polizei SV Hannover","TV Grambke Bremen",18,27,FALSE,0,NA,NA,0,0,0,NA,0,0,0,0,0,0,NA,NA,NA,NA,NA,NA,NA,NA,0,0,0,0,NA,NA,NA,NA,NA
"Hans-Jörg Graeper","964d8ebc-3955-11ef-a25b-292be3190b7b",NA,NA,1973,"1/16/1974","65cc44ba-3960-11ef-a733-2906cc9fb6bc","away","TV Grambke Bremen","Polizei SV Hannover",27,18,TRUE,7,NA,NA,0,0,0,NA,0,0,0,0,0,0,NA,NA,NA,NA,NA,NA,NA,NA,0,0,0,0,NA,NA,NA,NA,NA
"Reiner Witte","983968fe-3955-11ef-96ef-292be3190b7b",NA,NA,1973,"1/16/1974","65cc44ba-3960-11ef-a733-2906cc9fb6bc","away","TV Grambke Bremen","Polizei SV Hannover",27,18,TRUE,0,NA,NA,0,0,0,NA,0,0,0,0,0,0,NA,NA,NA,NA,NA,NA,NA,NA,0,0,0,0,NA,NA,NA,NA,NA
"Rolf Harjes","9854972c-3955-11ef-b163-292be3190b7b",NA,NA,1973,"1/16/1974","65cc44ba-3960-11ef-a733-2906cc9fb6bc","away","TV Grambke Bremen","Polizei SV Hannover",27,18,TRUE,6,NA,NA,0,0,1,NA,0,0,0,0,0,0,NA,NA,NA,NA,NA,NA,NA,NA,0,0,0,0,NA,NA,NA,NA,NA
"Rolf Dierks","a5420b05-3955-11ef-a0f4-2510cc07ea6e",NA,NA,1973,"1/16/1974","65cc44ba-3960-11ef-a733-2906cc9fb6bc","away","TV Grambke Bremen","Polizei SV Hannover",27,18,TRUE,1,NA,NA,0,0,0,NA,0,0,0,0,0,0,NA,NA,NA,NA,NA,NA,NA,NA,0,0,0,0,NA,NA,NA,NA,NA
"Wilfried Lankenau","a547caa3-3955-11ef-8b17-2510cc07ea6e",NA,NA,1973,"1/16/1974","65cc44ba-3960-11ef-a733-2906cc9fb6bc","away","TV Grambke Bremen","Polizei SV Hannover",27,18,TRUE,7,NA,NA,0,0,0,NA,0,0,0,0,0,0,NA,NA,NA,NA,NA,NA,NA,NA,0,0,0,0,NA,NA,NA,NA,NA
"Willi Hohn","a54d65b4-3955-11ef-86a4-2510cc07ea6e",NA,NA,1973,"1/16/1974","65cc44ba-3960-11ef-a733-2906cc9fb6bc","away","TV Grambke Bremen","Polizei SV Hannover",27,18,TRUE,2,NA,NA,0,0,0,NA,0,0,0,0,0,0,NA,NA,NA,NA,NA,NA,NA,NA,0,0,0,0,NA,NA,NA,NA,NA
"Peter Wilde","a5638a05-3955-11ef-8647-2510cc07ea6e",NA,NA,1973,"1/16/1974","65cc44ba-3960-11ef-a733-2906cc9fb6bc","away","TV Grambke Bremen","Polizei SV Hannover",27,18,TRUE,1,NA,NA,0,0,0,NA,0,0,0,0,0,0,NA,NA,NA,NA,NA,NA,NA,NA,0,0,0,0,NA,NA,NA,NA,NA
"Klaus Hohn","baa006c5-3955-11ef-942e-ab397f561917",NA,NA,1973,"1/16/1974","65cc44ba-3960-11ef-a733-2906cc9fb6bc","away","TV Grambke Bremen","Polizei SV Hannover",27,18,TRUE,1,NA,NA,0,0,0,NA,0,0,0,0,0,0,NA,NA,NA,NA,NA,NA,NA,NA,0,0,0,0,NA,NA,NA,NA,NA
"Karl-Heinz Bierwirth","baa76751-3955-11ef-b78b-ab397f561917",NA,NA,1973,"1/16/1974","65cc44ba-3960-11ef-a733-2906cc9fb6bc","away","TV Grambke Bremen","Polizei SV Hannover",27,18,TRUE,2,NA,NA,0,0,0,NA,0,0,0,0,0,0,NA,NA,NA,NA,NA,NA,NA,NA,0,0,0,0,NA,NA,NA,NA,NA
"Günter Heermann","baabe2e5-3955-11ef-9d71-ab397f561917",NA,NA,1973,"1/16/1974","65cc44ba-3960-11ef-a733-2906cc9fb6bc","away","TV Grambke Bremen","Polizei SV Hannover",27,18,TRUE,0,NA,NA,0,0,0,NA,0,0,0,0,0,0,NA,NA,NA,NA,NA,NA,NA,NA,0,0,0,0,NA,NA,NA,NA,NA
"Günter Meßmer","babf1fc6-3955-11ef-975c-ab397f561917",NA,NA,1973,"1/16/1974","65cc44ba-3960-11ef-a733-2906cc9fb6bc","away","TV Grambke Bremen","Polizei SV Hannover",27,18,TRUE,0,NA,NA,0,0,0,NA,0,0,0,0,0,0,NA,NA,NA,NA,NA,NA,NA,NA,0,0,0,0,NA,NA,NA,NA,NA
"Reimer Hinrichs","baf246ff-3955-11ef-b172-ab397f561917",NA,NA,1973,"1/16/1974","65cc44ba-3960-11ef-a733-2906cc9fb6bc","away","TV Grambke Bremen","Polizei SV Hannover",27,18,TRUE,0,NA,NA,0,0,0,NA,0,0,0,0,0,0,NA,NA,NA,NA,NA,NA,NA,NA,0,0,0,0,NA,NA,NA,NA,NA
"Ulrich Eikermann","73a211c9-3955-11ef-8f8f-51fdf2a82730",NA,NA,1973,"1/17/1974","6652dad7-3960-11ef-9a20-2906cc9fb6bc","home","SC Phönix Essen 1920","TuSEM Essen",19,12,TRUE,2,NA,NA,0,0,1,NA,0,0,0,0,0,0,NA,NA,NA,NA,NA,NA,NA,NA,0,0,0,0,NA,NA,NA,NA,NA
"Horst Weise","8df6e46b-3955-11ef-9ec8-81dc40648355",NA,NA,1973,"1/17/1974","6652dad7-3960-11ef-9a20-2906cc9fb6bc","home","SC Phönix Essen 1920","TuSEM Essen",19,12,TRUE,2,NA,NA,0,0,0,NA,0,0,0,0,0,0,NA,NA,NA,NA,NA,NA,NA,NA,0,0,0,0,NA,NA,NA,NA,NA
"Ralf Hamann","a28aa62f-3955-11ef-9677-2510cc07ea6e",NA,NA,1973,"1/17/1974","6652dad7-3960-11ef-9a20-2906cc9fb6bc","home","SC Phönix Essen 1920","TuSEM Essen",19,12,TRUE,0,NA,NA,0,0,0,NA,0,0,0,0,0,0,NA,NA,NA,NA,NA,NA,NA,NA,0,0,0,0,NA,NA,NA,NA,NA
"Heinz Oberscheidt","a5ae94f2-3955-11ef-91fc-2510cc07ea6e",NA,NA,1973,"1/17/1974","6652dad7-3960-11ef-9a20-2906cc9fb6bc","home","SC Phönix Essen 1920","TuSEM Essen",19,12,TRUE,3,NA,NA,0,0,1,NA,0,0,0,0,0,0,NA,NA,NA,NA,NA,NA,NA,NA,0,0,0,0,NA,NA,NA,NA,NA
"Werner Jeckstedt","a5bb8d23-3955-11ef-8362-2510cc07ea6e",NA,NA,1973,"1/17/1974","6652dad7-3960-11ef-9a20-2906cc9fb6bc","home","SC Phönix Essen 1920","TuSEM Essen",19,12,TRUE,0,NA,NA,0,0,0,NA,0,0,0,0,0,0,NA,NA,NA,NA,NA,NA,NA,NA,0,0,0,0,NA,NA,NA,NA,NA
"Ingo Callies","b0b0659b-3955-11ef-87aa-a36230ada079",NA,NA,1973,"1/17/1974","6652dad7-3960-11ef-9a20-2906cc9fb6bc","home","SC Phönix Essen 1920","TuSEM Essen",19,12,TRUE,3,NA,NA,0,0,0,NA,0,0,0,0,0,0,NA,NA,NA,NA,NA,NA,NA,NA,0,0,0,0,NA,NA,NA,NA,NA
"Bernd Tolksdorf","bae02284-3955-11ef-b577-ab397f561917",NA,NA,1973,"1/17/1974","6652dad7-3960-11ef-9a20-2906cc9fb6bc","home","SC Phönix Essen 1920","TuSEM Essen",19,12,TRUE,1,NA,NA,0,0,0,NA,0,0,0,0,0,0,NA,NA,NA,NA,NA,NA,NA,NA,0,0,0,0,NA,NA,NA,NA,NA
"Klaus Kirschner","bae43a44-3955-11ef-ae7c-ab397f561917",NA,NA,1973,"1/17/1974","6652dad7-3960-11ef-9a20-2906cc9fb6bc","home","SC Phönix Essen 1920","TuSEM Essen",19,12,TRUE,0,NA,NA,0,0,0,NA,0,0,0,0,0,0,NA,NA,NA,NA,NA,NA,NA,NA,0,0,0,0,NA,NA,NA,NA,NA
"Manfred Schaper","bd401c7e-3955-11ef-8d67-ab397f561917",NA,NA,1973,"1/17/1974","6652dad7-3960-11ef-9a20-2906cc9fb6bc","home","SC Phönix Essen 1920","TuSEM Essen",19,12,TRUE,0,NA,NA,0,0,0,NA,0,0,0,0,0,0,NA,NA,NA,NA,NA,NA,NA,NA,0,0,0,0,NA,NA,NA,NA,NA
"Norbert Kroker","bd441662-3955-11ef-b771-ab397f561917",NA,NA,1973,"1/17/1974","6652dad7-3960-11ef-9a20-2906cc9fb6bc","home","SC Phönix Essen 1920","TuSEM Essen",19,12,TRUE,4,NA,NA,0,0,3,NA,0,0,0,0,0,0,NA,NA,NA,NA,NA,NA,NA,NA,0,0,0,0,NA,NA,NA,NA,NA
"Manfred Wolf","bd4f3381-3955-11ef-904e-ab397f561917",NA,NA,1973,"1/17/1974","6652dad7-3960-11ef-9a20-2906cc9fb6bc","home","SC Phönix Essen 1920","TuSEM Essen",19,12,TRUE,3,NA,NA,0,0,1,NA,0,0,0,0,0,0,NA,NA,NA,NA,NA,NA,NA,NA,0,0,0,0,NA,NA,NA,NA,NA
"Rainer Hill","bd56ea43-3955-11ef-a0dc-ab397f561917",NA,NA,1973,"1/17/1974","6652dad7-3960-11ef-9a20-2906cc9fb6bc","home","SC Phönix Essen 1920","TuSEM Essen",19,12,TRUE,1,NA,NA,0,0,0,NA,0,0,0,0,0,0,NA,NA,NA,NA,NA,NA,NA,NA,0,0,0,0,NA,NA,NA,NA,NA
"Dietmar Balkenhol","8dfc784e-3955-11ef-b459-81dc40648355",NA,NA,1973,"1/17/1974","6652dad7-3960-11ef-9a20-2906cc9fb6bc","away","TuSEM Essen","SC Phönix Essen 1920",12,19,FALSE,1,NA,NA,0,0,0,NA,0,0,0,0,0,0,NA,NA,NA,NA,NA,NA,NA,NA,0,0,0,0,NA,NA,NA,NA,NA
"Gerhard Wrobel","ae4fc714-3955-11ef-a106-a36230ada079",NA,NA,1973,"1/17/1974","6652dad7-3960-11ef-9a20-2906cc9fb6bc","away","TuSEM Essen","SC Phönix Essen 1920",12,19,FALSE,0,NA,NA,0,0,0,NA,0,0,0,0,0,0,NA,NA,NA,NA,NA,NA,NA,NA,0,0,0,0,NA,NA,NA,NA,NA
"Anderko Govorko","bb91b676-3955-11ef-8109-ab397f561917",NA,NA,1973,"1/17/1974","6652dad7-3960-11ef-9a20-2906cc9fb6bc","away","TuSEM Essen","SC Phönix Essen 1920",12,19,FALSE,3,NA,NA,0,0,0,NA,0,0,0,0,0,0,NA,NA,NA,NA,NA,NA,NA,NA,0,0,0,0,NA,NA,NA,NA,NA
"Herbert Buschmann","bd5ac595-3955-11ef-97f0-ab397f561917",NA,NA,1973,"1/17/1974","6652dad7-3960-11ef-9a20-2906cc9fb6bc","away","TuSEM Essen","SC Phönix Essen 1920",12,19,FALSE,0,NA,NA,0,0,0,NA,0,0,0,0,0,0,NA,NA,NA,NA,NA,NA,NA,NA,0,0,0,0,NA,NA,NA,NA,NA
"Bernd Weigel","bd601a58-3955-11ef-8511-ab397f561917",NA,NA,1973,"1/17/1974","6652dad7-3960-11ef-9a20-2906cc9fb6bc","away","TuSEM Essen","SC Phönix Essen 1920",12,19,FALSE,0,NA,NA,0,0,0,NA,0,0,0,0,0,0,NA,NA,NA,NA,NA,NA,NA,NA,0,0,0,0,NA,NA,NA,NA,NA
"Peter Venzke","bd6b12a9-3955-11ef-af21-ab397f561917",NA,NA,1973,"1/17/1974","6652dad7-3960-11ef-9a20-2906cc9fb6bc","away","TuSEM Essen","SC Phönix Essen 1920",12,19,FALSE,0,NA,NA,0,0,0,NA,0,0,0,0,0,0,NA,NA,NA,NA,NA,NA,NA,NA,0,0,0,0,NA,NA,NA,NA,NA
"Gerhard Schmidt","bd78314d-3955-11ef-8668-ab397f561917",NA,NA,1973,"1/17/1974","6652dad7-3960-11ef-9a20-2906cc9fb6bc","away","TuSEM Essen","SC Phönix Essen 1920",12,19,FALSE,0,NA,NA,0,0,0,NA,0,0,0,0,0,0,NA,NA,NA,NA,NA,NA,NA,NA,0,0,0,0,NA,NA,NA,NA,NA
"Manfred Benning","bd7cb1bd-3955-11ef-883f-ab397f561917",NA,NA,1973,"1/17/1974","6652dad7-3960-11ef-9a20-2906cc9fb6bc","away","TuSEM Essen","SC Phönix Essen 1920",12,19,FALSE,1,NA,NA,0,0,0,NA,0,0,0,0,0,0,NA,NA,NA,NA,NA,NA,NA,NA,0,0,0,0,NA,NA,NA,NA,NA
"Alojz Snedić","bd80daac-3955-11ef-a8ab-ab397f561917",NA,NA,1973,"1/17/1974","6652dad7-3960-11ef-9a20-2906cc9fb6bc","away","TuSEM Essen","SC Phönix Essen 1920",12,19,FALSE,0,NA,NA,0,0,0,NA,0,0,0,0,0,0,NA,NA,NA,NA,NA,NA,NA,NA,0,0,0,0,NA,NA,NA,NA,NA
"Peter Fischer","bd861af2-3955-11ef-a655-ab397f561917",NA,NA,1973,"1/17/1974","6652dad7-3960-11ef-9a20-2906cc9fb6bc","away","TuSEM Essen","SC Phönix Essen 1920",12,19,FALSE,1,NA,NA,0,0,0,NA,0,0,0,0,0,0,NA,NA,NA,NA,NA,NA,NA,NA,0,0,0,0,NA,NA,NA,NA,NA
"Wolfgang Schütte","bd8b9463-3955-11ef-84e4-ab397f561917",NA,NA,1973,"1/17/1974","6652dad7-3960-11ef-9a20-2906cc9fb6bc","away","TuSEM Essen","SC Phönix Essen 1920",12,19,FALSE,1,NA,NA,0,0,0,NA,0,0,0,0,0,0,NA,NA,NA,NA,NA,NA,NA,NA,0,0,0,0,NA,NA,NA,NA,NA
"Peter Meuter","bd905293-3955-11ef-a264-ab397f561917",NA,NA,1973,"1/17/1974","6652dad7-3960-11ef-9a20-2906cc9fb6bc","away","TuSEM Essen","SC Phönix Essen 1920",12,19,FALSE,5,NA,NA,0,0,2,NA,0,0,0,0,0,0,NA,NA,NA,NA,NA,NA,NA,NA,0,0,0,0,NA,NA,NA,NA,NA
"Wolfgang Sommerfeld","74c0be88-3955-11ef-89fd-51fdf2a82730",NA,NA,1973,"1/17/1974","6a79a927-3960-11ef-bcda-2906cc9fb6bc","home","TSV Milbertshofen","SG Dietzenbach",16,15,TRUE,4,NA,NA,0,0,0,NA,0,0,0,0,0,0,NA,NA,NA,NA,NA,NA,NA,NA,0,0,0,0,NA,NA,NA,NA,NA
"Udo Böbel","80d4ba37-3955-11ef-9d8b-b908c60af10a",NA,NA,1973,"1/17/1974","6a79a927-3960-11ef-bcda-2906cc9fb6bc","home","TSV Milbertshofen","SG Dietzenbach",16,15,TRUE,6,NA,NA,0,0,2,NA,0,0,0,0,0,0,NA,NA,NA,NA,NA,NA,NA,NA,0,0,0,0,NA,NA,NA,NA,NA
"Peter Jaschke","8b728782-3955-11ef-8da6-81dc40648355",NA,NA,1973,"1/17/1974","6a79a927-3960-11ef-bcda-2906cc9fb6bc","home","TSV Milbertshofen","SG Dietzenbach",16,15,TRUE,0,NA,NA,0,0,0,NA,0,0,0,0,0,0,NA,NA,NA,NA,NA,NA,NA,NA,0,0,0,0,NA,NA,NA,NA,NA
"Werner Winkelmeier","9712104e-3955-11ef-9613-292be3190b7b",NA,NA,1973,"1/17/1974","6a79a927-3960-11ef-bcda-2906cc9fb6bc","home","TSV Milbertshofen","SG Dietzenbach",16,15,TRUE,1,NA,NA,0,0,0,NA,0,0,0,0,0,0,NA,NA,NA,NA,NA,NA,NA,NA,0,0,0,0,NA,NA,NA,NA,NA
"Gerhard Ochsenkühn","97259ed1-3955-11ef-96ca-292be3190b7b",NA,NA,1973,"1/17/1974","6a79a927-3960-11ef-bcda-2906cc9fb6bc","home","TSV Milbertshofen","SG Dietzenbach",16,15,TRUE,0,NA,NA,0,0,0,NA,0,0,0,0,0,0,NA,NA,NA,NA,NA,NA,NA,NA,0,0,0,0,NA,NA,NA,NA,NA
"Josef Kiener","972d7d47-3955-11ef-a437-292be3190b7b",NA,NA,1973,"1/17/1974","6a79a927-3960-11ef-bcda-2906cc9fb6bc","home","TSV Milbertshofen","SG Dietzenbach",16,15,TRUE,0,NA,NA,0,0,0,NA,0,0,0,0,0,0,NA,NA,NA,NA,NA,NA,NA,NA,0,0,0,0,NA,NA,NA,NA,NA
"Rudolf Dobler","97ac407c-3955-11ef-9ea9-292be3190b7b",NA,NA,1973,"1/17/1974","6a79a927-3960-11ef-bcda-2906cc9fb6bc","home","TSV Milbertshofen","SG Dietzenbach",16,15,TRUE,0,NA,NA,0,0,0,NA,0,0,0,0,0,0,NA,NA,NA,NA,NA,NA,NA,NA,0,0,0,0,NA,NA,NA,NA,NA
"Erwin Heilmeier","af09c6c5-3955-11ef-9faa-a36230ada079",NA,NA,1973,"1/17/1974","6a79a927-3960-11ef-bcda-2906cc9fb6bc","home","TSV Milbertshofen","SG Dietzenbach",16,15,TRUE,1,NA,NA,0,0,0,NA,0,0,0,0,0,0,NA,NA,NA,NA,NA,NA,NA,NA,0,0,0,0,NA,NA,NA,NA,NA
"Jochen Heyne","b1c06894-3955-11ef-ab50-a36230ada079",NA,NA,1973,"1/17/1974","6a79a927-3960-11ef-bcda-2906cc9fb6bc","home","TSV Milbertshofen","SG Dietzenbach",16,15,TRUE,2,NA,NA,0,0,0,NA,0,0,0,0,0,0,NA,NA,NA,NA,NA,NA,NA,NA,0,0,0,0,NA,NA,NA,NA,NA
"Helmut Schelchshorn","b1c960ef-3955-11ef-850b-a36230ada079",NA,NA,1973,"1/17/1974","6a79a927-3960-11ef-bcda-2906cc9fb6bc","home","TSV Milbertshofen","SG Dietzenbach",16,15,TRUE,1,NA,NA,0,0,0,NA,0,0,0,0,0,0,NA,NA,NA,NA,NA,NA,NA,NA,0,0,0,0,NA,NA,NA,NA,NA
"Peter Feddern","bc1b1b3e-3955-11ef-9c4e-ab397f561917",NA,NA,1973,"1/17/1974","6a79a927-3960-11ef-bcda-2906cc9fb6bc","home","TSV Milbertshofen","SG Dietzenbach",16,15,TRUE,1,NA,NA,0,0,0,NA,0,0,0,0,0,0,NA,NA,NA,NA,NA,NA,NA,NA,0,0,0,0,NA,NA,NA,NA,NA
"Heinz-Theo Kaus","8086fdf9-3955-11ef-938f-b908c60af10a",NA,NA,1973,"1/17/1974","6a79a927-3960-11ef-bcda-2906cc9fb6bc","away","SG Dietzenbach","TSV Milbertshofen",15,16,FALSE,0,NA,NA,0,0,0,NA,0,0,0,0,0,0,NA,NA,NA,NA,NA,NA,NA,NA,0,0,0,0,NA,NA,NA,NA,NA
"Heinz-Walter Behne","8be65881-3955-11ef-8872-81dc40648355",NA,NA,1973,"1/17/1974","6a79a927-3960-11ef-bcda-2906cc9fb6bc","away","SG Dietzenbach","TSV Milbertshofen",15,16,FALSE,1,NA,NA,0,0,0,NA,0,0,0,0,0,0,NA,NA,NA,NA,NA,NA,NA,NA,0,0,0,0,NA,NA,NA,NA,NA
"Herbert Wehnert","96e104db-3955-11ef-b58d-292be3190b7b",NA,NA,1973,"1/17/1974","6a79a927-3960-11ef-bcda-2906cc9fb6bc","away","SG Dietzenbach","TSV Milbertshofen",15,16,FALSE,1,NA,NA,0,0,1,NA,0,0,0,0,0,0,NA,NA,NA,NA,NA,NA,NA,NA,0,0,0,0,NA,NA,NA,NA,NA
"Otto Allies","af191a75-3955-11ef-8c7e-a36230ada079",NA,NA,1973,"1/17/1974","6a79a927-3960-11ef-bcda-2906cc9fb6bc","away","SG Dietzenbach","TSV Milbertshofen",15,16,FALSE,1,NA,NA,0,0,0,NA,0,0,0,0,0,0,NA,NA,NA,NA,NA,NA,NA,NA,0,0,0,0,NA,NA,NA,NA,NA
"Heinrich Baum","af2c6c48-3955-11ef-964a-a36230ada079",NA,NA,1973,"1/17/1974","6a79a927-3960-11ef-bcda-2906cc9fb6bc","away","SG Dietzenbach","TSV Milbertshofen",15,16,FALSE,2,NA,NA,0,0,0,NA,0,0,0,0,0,0,NA,NA,NA,NA,NA,NA,NA,NA,0,0,0,0,NA,NA,NA,NA,NA
"Klaus Rettig","b1d1aa4c-3955-11ef-baf9-a36230ada079",NA,NA,1973,"1/17/1974","6a79a927-3960-11ef-bcda-2906cc9fb6bc","away","SG Dietzenbach","TSV Milbertshofen",15,16,FALSE,5,NA,NA,0,0,0,NA,0,0,0,0,0,0,NA,NA,NA,NA,NA,NA,NA,NA,0,0,0,0,NA,NA,NA,NA,NA
"Reinhold Jerwan","b1d5c150-3955-11ef-9027-a36230ada079",NA,NA,1973,"1/17/1974","6a79a927-3960-11ef-bcda-2906cc9fb6bc","away","SG Dietzenbach","TSV Milbertshofen",15,16,FALSE,0,NA,NA,0,0,0,NA,0,0,0,0,0,0,NA,NA,NA,NA,NA,NA,NA,NA,0,0,0,0,NA,NA,NA,NA,NA
"Herbert Striebel","c682be45-3955-11ef-8eab-157c9bc18a5f",NA,NA,1973,"1/17/1974","6a79a927-3960-11ef-bcda-2906cc9fb6bc","away","SG Dietzenbach","TSV Milbertshofen",15,16,FALSE,0,NA,NA,0,0,0,NA,0,0,0,0,0,0,NA,NA,NA,NA,NA,NA,NA,NA,0,0,0,0,NA,NA,NA,NA,NA
"Norbert Kern","c6961a09-3955-11ef-8bcc-157c9bc18a5f",NA,NA,1973,"1/17/1974","6a79a927-3960-11ef-bcda-2906cc9fb6bc","away","SG Dietzenbach","TSV Milbertshofen",15,16,FALSE,3,NA,NA,0,0,0,NA,0,0,0,0,0,0,NA,NA,NA,NA,NA,NA,NA,NA,0,0,0,0,NA,NA,NA,NA,NA
"Wolfgang Pelzer","c69f3508-3955-11ef-89d5-157c9bc18a5f",NA,NA,1973,"1/17/1974","6a79a927-3960-11ef-bcda-2906cc9fb6bc","away","SG Dietzenbach","TSV Milbertshofen",15,16,FALSE,2,NA,NA,0,0,0,NA,0,0,0,0,0,0,NA,NA,NA,NA,NA,NA,NA,NA,0,0,0,0,NA,NA,NA,NA,NA
"Wilfried Wess","c6a3dc15-3955-11ef-b557-157c9bc18a5f",NA,NA,1973,"1/17/1974","6a79a927-3960-11ef-bcda-2906cc9fb6bc","away","SG Dietzenbach","TSV Milbertshofen",15,16,FALSE,0,NA,NA,0,0,0,NA,0,0,0,0,0,0,NA,NA,NA,NA,NA,NA,NA,NA,0,0,0,0,NA,NA,NA,NA,NA
"Heiner Brand","44e82d45-3955-11ef-bc71-4fa817cd91bb",NA,NA,1973,"1/18/1974","5be18aee-3960-11ef-ad57-7b2e16e5ffcd","home","VfL Gummersbach","GWD Minden",22,19,TRUE,0,NA,NA,0,0,0,NA,0,0,0,0,0,0,NA,NA,NA,NA,NA,NA,NA,NA,0,0,0,0,NA,NA,NA,NA,NA
"Klaus Westebbe","8c58f63a-3955-11ef-b65e-81dc40648355",NA,NA,1973,"1/18/1974","5be18aee-3960-11ef-ad57-7b2e16e5ffcd","home","VfL Gummersbach","GWD Minden",22,19,TRUE,1,NA,NA,0,0,0,NA,0,0,0,0,0,0,NA,NA,NA,NA,NA,NA,NA,NA,0,0,0,0,NA,NA,NA,NA,NA
"Klaus Kater","8da1f6ef-3955-11ef-b31a-81dc40648355",NA,NA,1973,"1/18/1974","5be18aee-3960-11ef-ad57-7b2e16e5ffcd","home","VfL Gummersbach","GWD Minden",22,19,TRUE,0,NA,NA,0,0,0,NA,0,0,0,0,0,0,NA,NA,NA,NA,NA,NA,NA,NA,0,0,0,0,NA,NA,NA,NA,NA
"Klaus Schlagheck","97a06613-3955-11ef-8056-292be3190b7b",NA,NA,1973,"1/18/1974","5be18aee-3960-11ef-ad57-7b2e16e5ffcd","home","VfL Gummersbach","GWD Minden",22,19,TRUE,6,NA,NA,0,0,0,NA,0,0,0,0,0,0,NA,NA,NA,NA,NA,NA,NA,NA,0,0,0,0,NA,NA,NA,NA,NA
"Joachim Deckarm","9976945f-3955-11ef-afc4-292be3190b7b",NA,NA,1973,"1/18/1974","5be18aee-3960-11ef-ad57-7b2e16e5ffcd","home","VfL Gummersbach","GWD Minden",22,19,TRUE,0,NA,NA,0,0,0,NA,0,0,0,0,0,0,NA,NA,NA,NA,NA,NA,NA,NA,0,0,0,0,NA,NA,NA,NA,NA
"Achim Henseler","a182e874-3955-11ef-95ce-2510cc07ea6e",NA,NA,1973,"1/18/1974","5be18aee-3960-11ef-ad57-7b2e16e5ffcd","home","VfL Gummersbach","GWD Minden",22,19,TRUE,0,NA,NA,0,0,0,NA,0,0,0,0,0,0,NA,NA,NA,NA,NA,NA,NA,NA,0,0,0,0,NA,NA,NA,NA,NA
"Jochen Feldhoff","a32751a5-3955-11ef-badf-2510cc07ea6e",NA,NA,1973,"1/18/1974","5be18aee-3960-11ef-ad57-7b2e16e5ffcd","home","VfL Gummersbach","GWD Minden",22,19,TRUE,1,NA,NA,0,0,0,NA,0,0,0,0,0,0,NA,NA,NA,NA,NA,NA,NA,NA,0,0,0,0,NA,NA,NA,NA,NA
"Werner Lettgen","ae263c3c-3955-11ef-96f7-a36230ada079",NA,NA,1973,"1/18/1974","5be18aee-3960-11ef-ad57-7b2e16e5ffcd","home","VfL Gummersbach","GWD Minden",22,19,TRUE,0,NA,NA,0,0,0,NA,0,0,0,0,0,0,NA,NA,NA,NA,NA,NA,NA,NA,0,0,0,0,NA,NA,NA,NA,NA
"Hans-Günther Schmidt","aff5702f-3955-11ef-9878-a36230ada079",NA,NA,1973,"1/18/1974","5be18aee-3960-11ef-ad57-7b2e16e5ffcd","home","VfL Gummersbach","GWD Minden",22,19,TRUE,9,NA,NA,0,0,1,NA,0,0,0,0,0,0,NA,NA,NA,NA,NA,NA,NA,NA,0,0,0,0,NA,NA,NA,NA,NA
"Helmut Kosmehl","bc7d7cdd-3955-11ef-a338-ab397f561917",NA,NA,1973,"1/18/1974","5be18aee-3960-11ef-ad57-7b2e16e5ffcd","home","VfL Gummersbach","GWD Minden",22,19,TRUE,5,NA,NA,0,0,0,NA,0,0,0,0,0,0,NA,NA,NA,NA,NA,NA,NA,NA,0,0,0,0,NA,NA,NA,NA,NA
"Jürgen Pook","8c289b4b-3955-11ef-889f-81dc40648355",NA,NA,1973,"1/18/1974","5be18aee-3960-11ef-ad57-7b2e16e5ffcd","away","GWD Minden","VfL Gummersbach",19,22,FALSE,0,NA,NA,0,0,0,NA,0,0,0,0,0,0,NA,NA,NA,NA,NA,NA,NA,NA,0,0,0,0,NA,NA,NA,NA,NA
"Gerd Becker","96f1e245-3955-11ef-80bc-292be3190b7b",NA,NA,1973,"1/18/1974","5be18aee-3960-11ef-ad57-7b2e16e5ffcd","away","GWD Minden","VfL Gummersbach",19,22,FALSE,1,NA,NA,0,0,0,NA,0,0,0,0,0,0,NA,NA,NA,NA,NA,NA,NA,NA,0,0,0,0,NA,NA,NA,NA,NA
"Gerald Schüler","96fc1532-3955-11ef-bddd-292be3190b7b",NA,NA,1973,"1/18/1974","5be18aee-3960-11ef-ad57-7b2e16e5ffcd","away","GWD Minden","VfL Gummersbach",19,22,FALSE,1,NA,NA,0,0,0,NA,0,0,0,0,0,0,NA,NA,NA,NA,NA,NA,NA,NA,0,0,0,0,NA,NA,NA,NA,NA
"Martin Karcher","980f80ce-3955-11ef-8054-292be3190b7b",NA,NA,1973,"1/18/1974","5be18aee-3960-11ef-ad57-7b2e16e5ffcd","away","GWD Minden","VfL Gummersbach",19,22,FALSE,0,NA,NA,0,0,0,NA,0,0,0,0,0,0,NA,NA,NA,NA,NA,NA,NA,NA,0,0,0,0,NA,NA,NA,NA,NA
"Gerhard Buddenbohm","98e2ecac-3955-11ef-b2de-292be3190b7b",NA,NA,1973,"1/18/1974","5be18aee-3960-11ef-ad57-7b2e16e5ffcd","away","GWD Minden","VfL Gummersbach",19,22,FALSE,0,NA,NA,0,0,0,NA,0,0,0,0,0,0,NA,NA,NA,NA,NA,NA,NA,NA,0,0,0,0,NA,NA,NA,NA,NA
"Hans Kramer","98f50290-3955-11ef-8aa8-292be3190b7b",NA,NA,1973,"1/18/1974","5be18aee-3960-11ef-ad57-7b2e16e5ffcd","away","GWD Minden","VfL Gummersbach",19,22,FALSE,1,NA,NA,0,0,0,NA,0,0,0,0,0,0,NA,NA,NA,NA,NA,NA,NA,NA,0,0,0,0,NA,NA,NA,NA,NA
"Wilfried Meyer","a34b2aa0-3955-11ef-a79c-2510cc07ea6e",NA,NA,1973,"1/18/1974","5be18aee-3960-11ef-ad57-7b2e16e5ffcd","away","GWD Minden","VfL Gummersbach",19,22,FALSE,0,NA,NA,0,0,0,NA,0,0,0,0,0,0,NA,NA,NA,NA,NA,NA,NA,NA,0,0,0,0,NA,NA,NA,NA,NA
"Jobst-Erich Rehse","b00be251-3955-11ef-ac35-a36230ada079",NA,NA,1973,"1/18/1974","5be18aee-3960-11ef-ad57-7b2e16e5ffcd","away","GWD Minden","VfL Gummersbach",19,22,FALSE,3,NA,NA,0,0,0,NA,0,0,0,0,0,0,NA,NA,NA,NA,NA,NA,NA,NA,0,0,0,0,NA,NA,NA,NA,NA
"Bernd Munck","ba5ee5e3-3955-11ef-9f80-ab397f561917",NA,NA,1973,"1/18/1974","5be18aee-3960-11ef-ad57-7b2e16e5ffcd","away","GWD Minden","VfL Gummersbach",19,22,FALSE,6,NA,NA,0,0,2,NA,0,0,0,0,0,0,NA,NA,NA,NA,NA,NA,NA,NA,0,0,0,0,NA,NA,NA,NA,NA
"Wilfried Drögemeier","ba63ada7-3955-11ef-a04d-ab397f561917",NA,NA,1973,"1/18/1974","5be18aee-3960-11ef-ad57-7b2e16e5ffcd","away","GWD Minden","VfL Gummersbach",19,22,FALSE,5,NA,NA,0,0,0,NA,0,0,0,0,0,0,NA,NA,NA,NA,NA,NA,NA,NA,0,0,0,0,NA,NA,NA,NA,NA
"Otto Weng","bcfbec1c-3955-11ef-b4f4-ab397f561917",NA,NA,1973,"1/18/1974","5be18aee-3960-11ef-ad57-7b2e16e5ffcd","away","GWD Minden","VfL Gummersbach",19,22,FALSE,2,NA,NA,0,0,0,NA,0,0,0,0,0,0,NA,NA,NA,NA,NA,NA,NA,NA,0,0,0,0,NA,NA,NA,NA,NA
"Harald Lüth","a552c518-3955-11ef-8a68-2510cc07ea6e",NA,NA,1973,"1/18/1974","66bb27bb-3960-11ef-8ffd-2906cc9fb6bc","home","VfL Lübeck-Schwartau","Polizei SV Hannover",27,14,TRUE,4,NA,NA,0,0,0,NA,0,0,0,0,0,0,NA,NA,NA,NA,NA,NA,NA,NA,0,0,0,0,NA,NA,NA,NA,NA
"Michael Dogs","b0cecb4a-3955-11ef-b665-a36230ada079",NA,NA,1973,"1/18/1974","66bb27bb-3960-11ef-8ffd-2906cc9fb6bc","home","VfL Lübeck-Schwartau","Polizei SV Hannover",27,14,TRUE,0,NA,NA,0,0,0,NA,0,0,0,0,0,0,NA,NA,NA,NA,NA,NA,NA,NA,0,0,0,0,NA,NA,NA,NA,NA
"Ulrich Kleinstoll","b0f37438-3955-11ef-84e6-a36230ada079",NA,NA,1973,"1/18/1974","66bb27bb-3960-11ef-8ffd-2906cc9fb6bc","home","VfL Lübeck-Schwartau","Polizei SV Hannover",27,14,TRUE,2,NA,NA,0,0,0,NA,0,0,0,0,0,0,NA,NA,NA,NA,NA,NA,NA,NA,0,0,0,0,NA,NA,NA,NA,NA
"Thomas Kluth","b0f877c0-3955-11ef-a314-a36230ada079",NA,NA,1973,"1/18/1974","66bb27bb-3960-11ef-8ffd-2906cc9fb6bc","home","VfL Lübeck-Schwartau","Polizei SV Hannover",27,14,TRUE,1,NA,NA,0,0,0,NA,0,0,0,0,0,0,NA,NA,NA,NA,NA,NA,NA,NA,0,0,0,0,NA,NA,NA,NA,NA
"Hans-Martin Müller-Wolf","b1020054-3955-11ef-8e79-a36230ada079",NA,NA,1973,"1/18/1974","66bb27bb-3960-11ef-8ffd-2906cc9fb6bc","home","VfL Lübeck-Schwartau","Polizei SV Hannover",27,14,TRUE,0,NA,NA,0,0,0,NA,0,0,0,0,0,0,NA,NA,NA,NA,NA,NA,NA,NA,0,0,0,0,NA,NA,NA,NA,NA
"Siegfried Berg","b10d3ec3-3955-11ef-8a30-a36230ada079",NA,NA,1973,"1/18/1974","66bb27bb-3960-11ef-8ffd-2906cc9fb6bc","home","VfL Lübeck-Schwartau","Polizei SV Hannover",27,14,TRUE,5,NA,NA,0,0,2,NA,0,0,0,0,0,0,NA,NA,NA,NA,NA,NA,NA,NA,0,0,0,0,NA,NA,NA,NA,NA
"Wolfgang Braun","b1a4c388-3955-11ef-92b7-a36230ada079",NA,NA,1973,"1/18/1974","66bb27bb-3960-11ef-8ffd-2906cc9fb6bc","home","VfL Lübeck-Schwartau","Polizei SV Hannover",27,14,TRUE,2,NA,NA,0,0,0,NA,0,0,0,0,0,0,NA,NA,NA,NA,NA,NA,NA,NA,0,0,0,0,NA,NA,NA,NA,NA
"Bernd Heiden","baf62966-3955-11ef-b7e1-ab397f561917",NA,NA,1973,"1/18/1974","66bb27bb-3960-11ef-8ffd-2906cc9fb6bc","home","VfL Lübeck-Schwartau","Polizei SV Hannover",27,14,TRUE,5,NA,NA,0,0,0,NA,0,0,0,0,0,0,NA,NA,NA,NA,NA,NA,NA,NA,0,0,0,0,NA,NA,NA,NA,NA
"Klaus Lange","bafb51f3-3955-11ef-9864-ab397f561917",NA,NA,1973,"1/18/1974","66bb27bb-3960-11ef-8ffd-2906cc9fb6bc","home","VfL Lübeck-Schwartau","Polizei SV Hannover",27,14,TRUE,7,NA,NA,0,0,1,NA,0,0,0,0,0,0,NA,NA,NA,NA,NA,NA,NA,NA,0,0,0,0,NA,NA,NA,NA,NA
"Georg Pohl","baff6cee-3955-11ef-a80f-ab397f561917",NA,NA,1973,"1/18/1974","66bb27bb-3960-11ef-8ffd-2906cc9fb6bc","home","VfL Lübeck-Schwartau","Polizei SV Hannover",27,14,TRUE,1,NA,NA,0,0,0,NA,0,0,0,0,0,0,NA,NA,NA,NA,NA,NA,NA,NA,0,0,0,0,NA,NA,NA,NA,NA
"Manfred Kuhnke","bb039049-3955-11ef-bdc6-ab397f561917",NA,NA,1973,"1/18/1974","66bb27bb-3960-11ef-8ffd-2906cc9fb6bc","home","VfL Lübeck-Schwartau","Polizei SV Hannover",27,14,TRUE,0,NA,NA,0,0,0,NA,0,0,0,0,0,0,NA,NA,NA,NA,NA,NA,NA,NA,0,0,0,0,NA,NA,NA,NA,NA
"Reinhard Wittler","a35063de-3955-11ef-9881-2510cc07ea6e",NA,NA,1973,"1/18/1974","66bb27bb-3960-11ef-8ffd-2906cc9fb6bc","away","Polizei SV Hannover","VfL Lübeck-Schwartau",14,27,FALSE,0,NA,NA,0,0,0,NA,0,0,0,0,0,0,NA,NA,NA,NA,NA,NA,NA,NA,0,0,0,0,NA,NA,NA,NA,NA
"Wolfgang Franke","a36fd3c4-3955-11ef-bc80-2510cc07ea6e",NA,NA,1973,"1/18/1974","66bb27bb-3960-11ef-8ffd-2906cc9fb6bc","away","Polizei SV Hannover","VfL Lübeck-Schwartau",14,27,FALSE,0,NA,NA,0,0,0,NA,0,0,0,0,0,0,NA,NA,NA,NA,NA,NA,NA,NA,0,0,0,0,NA,NA,NA,NA,NA
"Jürgen Kloth","a37512a6-3955-11ef-9d81-2510cc07ea6e",NA,NA,1973,"1/18/1974","66bb27bb-3960-11ef-8ffd-2906cc9fb6bc","away","Polizei SV Hannover","VfL Lübeck-Schwartau",14,27,FALSE,1,NA,NA,0,0,0,NA,0,0,0,0,0,0,NA,NA,NA,NA,NA,NA,NA,NA,0,0,0,0,NA,NA,NA,NA,NA
"Joachim Engler","bb2dfffa-3955-11ef-8a9e-ab397f561917",NA,NA,1973,"1/18/1974","66bb27bb-3960-11ef-8ffd-2906cc9fb6bc","away","Polizei SV Hannover","VfL Lübeck-Schwartau",14,27,FALSE,9,NA,NA,0,0,0,NA,0,0,0,0,0,0,NA,NA,NA,NA,NA,NA,NA,NA,0,0,0,0,NA,NA,NA,NA,NA
"Gerd Haase","bb322e8e-3955-11ef-8a6a-ab397f561917",NA,NA,1973,"1/18/1974","66bb27bb-3960-11ef-8ffd-2906cc9fb6bc","away","Polizei SV Hannover","VfL Lübeck-Schwartau",14,27,FALSE,2,NA,NA,0,0,0,NA,0,0,0,0,0,0,NA,NA,NA,NA,NA,NA,NA,NA,0,0,0,0,NA,NA,NA,NA,NA
"Hans-Jürgen Deutsch","bb3e76d6-3955-11ef-a5a8-ab397f561917",NA,NA,1973,"1/18/1974","66bb27bb-3960-11ef-8ffd-2906cc9fb6bc","away","Polizei SV Hannover","VfL Lübeck-Schwartau",14,27,FALSE,1,NA,NA,0,0,0,NA,0,0,0,0,0,0,NA,NA,NA,NA,NA,NA,NA,NA,0,0,0,0,NA,NA,NA,NA,NA
"Dieter Hartung","bb482ed5-3955-11ef-bef1-ab397f561917",NA,NA,1973,"1/18/1974","66bb27bb-3960-11ef-8ffd-2906cc9fb6bc","away","Polizei SV Hannover","VfL Lübeck-Schwartau",14,27,FALSE,0,NA,NA,0,0,0,NA,0,0,0,0,0,0,NA,NA,NA,NA,NA,NA,NA,NA,0,0,0,0,NA,NA,NA,NA,NA
"Jürgen Fey","bb504d63-3955-11ef-8740-ab397f561917",NA,NA,1973,"1/18/1974","66bb27bb-3960-11ef-8ffd-2906cc9fb6bc","away","Polizei SV Hannover","VfL Lübeck-Schwartau",14,27,FALSE,1,NA,NA,0,0,0,NA,0,0,0,0,0,0,NA,NA,NA,NA,NA,NA,NA,NA,0,0,0,0,NA,NA,NA,NA,NA
"Wolfgang Künkler","bb635a87-3955-11ef-83b0-ab397f561917",NA,NA,1973,"1/18/1974","66bb27bb-3960-11ef-8ffd-2906cc9fb6bc","away","Polizei SV Hannover","VfL Lübeck-Schwartau",14,27,FALSE,0,NA,NA,0,0,0,NA,0,0,0,0,0,0,NA,NA,NA,NA,NA,NA,NA,NA,0,0,0,0,NA,NA,NA,NA,NA
"Heiner Borck","bda2f702-3955-11ef-8be3-ab397f561917",NA,NA,1973,"1/18/1974","66bb27bb-3960-11ef-8ffd-2906cc9fb6bc","away","Polizei SV Hannover","VfL Lübeck-Schwartau",14,27,FALSE,0,NA,NA,0,0,0,NA,0,0,0,0,0,0,NA,NA,NA,NA,NA,NA,NA,NA,0,0,0,0,NA,NA,NA,NA,NA
"Siegfried Hacke","bda8ac11-3955-11ef-8226-ab397f561917",NA,NA,1973,"1/18/1974","66bb27bb-3960-11ef-8ffd-2906cc9fb6bc","away","Polizei SV Hannover","VfL Lübeck-Schwartau",14,27,FALSE,0,NA,NA,0,0,0,NA,0,0,0,0,0,0,NA,NA,NA,NA,NA,NA,NA,NA,0,0,0,0,NA,NA,NA,NA,NA
"Klaus Meineke","8d0eefb2-3955-11ef-a068-81dc40648355",NA,NA,1973,"1/18/1974","6806e727-3960-11ef-b9a2-2906cc9fb6bc","home","TSV 1846 Butzbach","TV 05/07 Hüttenberg",12,16,FALSE,0,NA,NA,0,0,0,NA,0,0,0,0,0,0,NA,NA,NA,NA,NA,NA,NA,NA,0,0,0,0,NA,NA,NA,NA,NA
"Rolf Allendörfer","97c4e757-3955-11ef-8b41-292be3190b7b",NA,NA,1973,"1/18/1974","6806e727-3960-11ef-b9a2-2906cc9fb6bc","home","TSV 1846 Butzbach","TV 05/07 Hüttenberg",12,16,FALSE,0,NA,NA,0,0,0,NA,0,0,0,0,0,0,NA,NA,NA,NA,NA,NA,NA,NA,0,0,0,0,NA,NA,NA,NA,NA
"Günter Timmermann","bb79f127-3955-11ef-ae8c-ab397f561917",NA,NA,1973,"1/18/1974","6806e727-3960-11ef-b9a2-2906cc9fb6bc","home","TSV 1846 Butzbach","TV 05/07 Hüttenberg",12,16,FALSE,0,NA,NA,0,0,0,NA,0,0,0,0,0,0,NA,NA,NA,NA,NA,NA,NA,NA,0,0,0,0,NA,NA,NA,NA,NA
"Rolf Grotegut","bc3000ec-3955-11ef-97c5-ab397f561917",NA,NA,1973,"1/18/1974","6806e727-3960-11ef-b9a2-2906cc9fb6bc","home","TSV 1846 Butzbach","TV 05/07 Hüttenberg",12,16,FALSE,0,NA,NA,0,0,0,NA,0,0,0,0,0,0,NA,NA,NA,NA,NA,NA,NA,NA,0,0,0,0,NA,NA,NA,NA,NA
"Hans-Joachim Röhrig","bc371f1f-3955-11ef-bcd4-ab397f561917",NA,NA,1973,"1/18/1974","6806e727-3960-11ef-b9a2-2906cc9fb6bc","home","TSV 1846 Butzbach","TV 05/07 Hüttenberg",12,16,FALSE,1,NA,NA,0,0,0,NA,0,0,0,0,0,0,NA,NA,NA,NA,NA,NA,NA,NA,0,0,0,0,NA,NA,NA,NA,NA
"Alfred Walter","bc3f22f5-3955-11ef-9558-ab397f561917",NA,NA,1973,"1/18/1974","6806e727-3960-11ef-b9a2-2906cc9fb6bc","home","TSV 1846 Butzbach","TV 05/07 Hüttenberg",12,16,FALSE,6,NA,NA,0,0,6,NA,0,0,0,0,0,0,NA,NA,NA,NA,NA,NA,NA,NA,0,0,0,0,NA,NA,NA,NA,NA
"Bernd Lind","bc4b1939-3955-11ef-95dd-ab397f561917",NA,NA,1973,"1/18/1974","6806e727-3960-11ef-b9a2-2906cc9fb6bc","home","TSV 1846 Butzbach","TV 05/07 Hüttenberg",12,16,FALSE,1,NA,NA,0,0,0,NA,0,0,0,0,0,0,NA,NA,NA,NA,NA,NA,NA,NA,0,0,0,0,NA,NA,NA,NA,NA
"Wolfgang Lowak","bc4eecb3-3955-11ef-8009-ab397f561917",NA,NA,1973,"1/18/1974","6806e727-3960-11ef-b9a2-2906cc9fb6bc","home","TSV 1846 Butzbach","TV 05/07 Hüttenberg",12,16,FALSE,0,NA,NA,0,0,0,NA,0,0,0,0,0,0,NA,NA,NA,NA,NA,NA,NA,NA,0,0,0,0,NA,NA,NA,NA,NA
"Robert Ringleb","bc52ae17-3955-11ef-80f1-ab397f561917",NA,NA,1973,"1/18/1974","6806e727-3960-11ef-b9a2-2906cc9fb6bc","home","TSV 1846 Butzbach","TV 05/07 Hüttenberg",12,16,FALSE,2,NA,NA,0,0,0,NA,0,0,0,0,0,0,NA,NA,NA,NA,NA,NA,NA,NA,0,0,0,0,NA,NA,NA,NA,NA
"Klaus Karg","c6d8aa2a-3955-11ef-ab2b-157c9bc18a5f",NA,NA,1973,"1/18/1974","6806e727-3960-11ef-b9a2-2906cc9fb6bc","home","TSV 1846 Butzbach","TV 05/07 Hüttenberg",12,16,FALSE,1,NA,NA,0,0,0,NA,0,0,0,0,0,0,NA,NA,NA,NA,NA,NA,NA,NA,0,0,0,0,NA,NA,NA,NA,NA
"Anton Turkalj","c6dcd936-3955-11ef-9d1b-157c9bc18a5f",NA,NA,1973,"1/18/1974","6806e727-3960-11ef-b9a2-2906cc9fb6bc","home","TSV 1846 Butzbach","TV 05/07 Hüttenberg",12,16,FALSE,1,NA,NA,0,0,0,NA,0,0,0,0,0,0,NA,NA,NA,NA,NA,NA,NA,NA,0,0,0,0,NA,NA,NA,NA,NA
"Walter Don","73f54ad3-3955-11ef-b2c6-51fdf2a82730",NA,NA,1973,"1/18/1974","6806e727-3960-11ef-b9a2-2906cc9fb6bc","away","TV 05/07 Hüttenberg","TSV 1846 Butzbach",16,12,TRUE,1,NA,NA,0,0,0,NA,0,0,0,0,0,0,NA,NA,NA,NA,NA,NA,NA,NA,0,0,0,0,NA,NA,NA,NA,NA
"Hans-Jürgen Völpel","80753eec-3955-11ef-bd2e-b908c60af10a",NA,NA,1973,"1/18/1974","6806e727-3960-11ef-b9a2-2906cc9fb6bc","away","TV 05/07 Hüttenberg","TSV 1846 Butzbach",16,12,TRUE,0,NA,NA,0,0,0,NA,0,0,0,0,0,0,NA,NA,NA,NA,NA,NA,NA,NA,0,0,0,0,NA,NA,NA,NA,NA
"Horst Spengler","80adf446-3955-11ef-a1e6-b908c60af10a",NA,NA,1973,"1/18/1974","6806e727-3960-11ef-b9a2-2906cc9fb6bc","away","TV 05/07 Hüttenberg","TSV 1846 Butzbach",16,12,TRUE,0,NA,NA,0,0,3,NA,0,0,0,0,0,0,NA,NA,NA,NA,NA,NA,NA,NA,0,0,0,0,NA,NA,NA,NA,NA
"Peter Barthelmey","99855e8f-3955-11ef-b9a4-292be3190b7b",NA,NA,1973,"1/18/1974","6806e727-3960-11ef-b9a2-2906cc9fb6bc","away","TV 05/07 Hüttenberg","TSV 1846 Butzbach",16,12,TRUE,1,NA,NA,0,0,0,NA,0,0,0,0,0,0,NA,NA,NA,NA,NA,NA,NA,NA,0,0,0,0,NA,NA,NA,NA,NA
"Richard Boczkowski","a1b43836-3955-11ef-934f-2510cc07ea6e",NA,NA,1973,"1/18/1974","6806e727-3960-11ef-b9a2-2906cc9fb6bc","away","TV 05/07 Hüttenberg","TSV 1846 Butzbach",16,12,TRUE,2,NA,NA,0,0,0,NA,0,0,0,0,0,0,NA,NA,NA,NA,NA,NA,NA,NA,0,0,0,0,NA,NA,NA,NA,NA
"Norbert Bach","a3be6ba6-3955-11ef-9511-2510cc07ea6e",NA,NA,1973,"1/18/1974","6806e727-3960-11ef-b9a2-2906cc9fb6bc","away","TV 05/07 Hüttenberg","TSV 1846 Butzbach",16,12,TRUE,5,NA,NA,0,0,0,NA,0,0,0,0,0,0,NA,NA,NA,NA,NA,NA,NA,NA,0,0,0,0,NA,NA,NA,NA,NA
"Stefan Schicketanz","a3d099d4-3955-11ef-90b6-2510cc07ea6e",NA,NA,1973,"1/18/1974","6806e727-3960-11ef-b9a2-2906cc9fb6bc","away","TV 05/07 Hüttenberg","TSV 1846 Butzbach",16,12,TRUE,4,NA,NA,0,0,0,NA,0,0,0,0,0,0,NA,NA,NA,NA,NA,NA,NA,NA,0,0,0,0,NA,NA,NA,NA,NA
"Udo Uebbing","ae4823ea-3955-11ef-93ce-a36230ada079",NA,NA,1973,"1/18/1974","6806e727-3960-11ef-b9a2-2906cc9fb6bc","away","TV 05/07 Hüttenberg","TSV 1846 Butzbach",16,12,TRUE,0,NA,NA,0,0,0,NA,0,0,0,0,0,0,NA,NA,NA,NA,NA,NA,NA,NA,0,0,0,0,NA,NA,NA,NA,NA
"Rolf Kunz","bb7de91c-3955-11ef-8de2-ab397f561917",NA,NA,1973,"1/18/1974","6806e727-3960-11ef-b9a2-2906cc9fb6bc","away","TV 05/07 Hüttenberg","TSV 1846 Butzbach",16,12,TRUE,2,NA,NA,0,0,0,NA,0,0,0,0,0,0,NA,NA,NA,NA,NA,NA,NA,NA,0,0,0,0,NA,NA,NA,NA,NA
"Rainer Joost","bb83a6fb-3955-11ef-b43f-ab397f561917",NA,NA,1973,"1/18/1974","6806e727-3960-11ef-b9a2-2906cc9fb6bc","away","TV 05/07 Hüttenberg","TSV 1846 Butzbach",16,12,TRUE,0,NA,NA,0,0,0,NA,0,0,0,0,0,0,NA,NA,NA,NA,NA,NA,NA,NA,0,0,0,0,NA,NA,NA,NA,NA
"Andrija Kotlas","bde016f5-3955-11ef-b96c-ab397f561917",NA,NA,1973,"1/18/1974","6806e727-3960-11ef-b9a2-2906cc9fb6bc","away","TV 05/07 Hüttenberg","TSV 1846 Butzbach",16,12,TRUE,1,NA,NA,0,0,0,NA,0,0,0,0,0,0,NA,NA,NA,NA,NA,NA,NA,NA,0,0,0,0,NA,NA,NA,NA,NA
"Armin Emrich","8cdd3680-3955-11ef-a93e-81dc40648355",NA,NA,1973,"1/18/1974","72101cdb-3960-11ef-bda0-2906cc9fb6bc","home","FRISCH AUF! Göppingen","TV 1893 Neuhausen",25,16,TRUE,2,NA,NA,0,0,0,NA,0,0,0,0,0,0,NA,NA,NA,NA,NA,NA,NA,NA,0,0,0,0,NA,NA,NA,NA,NA
"Peter Bucher","8e0071c9-3955-11ef-8ff8-81dc40648355",NA,NA,1973,"1/18/1974","72101cdb-3960-11ef-bda0-2906cc9fb6bc","home","FRISCH AUF! Göppingen","TV 1893 Neuhausen",25,16,TRUE,5,NA,NA,0,0,3,NA,0,0,0,0,0,0,NA,NA,NA,NA,NA,NA,NA,NA,0,0,0,0,NA,NA,NA,NA,NA
"Hans-Eberhard Finkbeiner","a2f451eb-3955-11ef-99da-2510cc07ea6e",NA,NA,1973,"1/18/1974","72101cdb-3960-11ef-bda0-2906cc9fb6bc","home","FRISCH AUF! Göppingen","TV 1893 Neuhausen",25,16,TRUE,0,NA,NA,0,0,0,NA,0,0,0,0,0,0,NA,NA,NA,NA,NA,NA,NA,NA,0,0,0,0,NA,NA,NA,NA,NA
"Wolfgang Don","a2ff75a5-3955-11ef-a510-2510cc07ea6e",NA,NA,1973,"1/18/1974","72101cdb-3960-11ef-bda0-2906cc9fb6bc","home","FRISCH AUF! Göppingen","TV 1893 Neuhausen",25,16,TRUE,2,NA,NA,0,0,0,NA,0,0,0,0,0,0,NA,NA,NA,NA,NA,NA,NA,NA,0,0,0,0,NA,NA,NA,NA,NA
"Günter Frömming","aedbd140-3955-11ef-a39f-a36230ada079",NA,NA,1973,"1/18/1974","72101cdb-3960-11ef-bda0-2906cc9fb6bc","home","FRISCH AUF! Göppingen","TV 1893 Neuhausen",25,16,TRUE,2,NA,NA,0,0,0,NA,0,0,0,0,0,0,NA,NA,NA,NA,NA,NA,NA,NA,0,0,0,0,NA,NA,NA,NA,NA
"Siegmund Seeger","af76d008-3955-11ef-b7c9-a36230ada079",NA,NA,1973,"1/18/1974","72101cdb-3960-11ef-bda0-2906cc9fb6bc","home","FRISCH AUF! Göppingen","TV 1893 Neuhausen",25,16,TRUE,2,NA,NA,0,0,0,NA,0,0,0,0,0,0,NA,NA,NA,NA,NA,NA,NA,NA,0,0,0,0,NA,NA,NA,NA,NA
"Hans Brodbeck","b1f00cc3-3955-11ef-b4c9-a36230ada079",NA,NA,1973,"1/18/1974","72101cdb-3960-11ef-bda0-2906cc9fb6bc","home","FRISCH AUF! Göppingen","TV 1893 Neuhausen",25,16,TRUE,0,NA,NA,0,0,0,NA,0,0,0,0,0,0,NA,NA,NA,NA,NA,NA,NA,NA,0,0,0,0,NA,NA,NA,NA,NA
"Paul Epple","bc8167af-3955-11ef-8748-ab397f561917",NA,NA,1973,"1/18/1974","72101cdb-3960-11ef-bda0-2906cc9fb6bc","home","FRISCH AUF! Göppingen","TV 1893 Neuhausen",25,16,TRUE,5,NA,NA,0,0,1,NA,0,0,0,0,0,0,NA,NA,NA,NA,NA,NA,NA,NA,0,0,0,0,NA,NA,NA,NA,NA
"Geir Hallsteinsson","c70adb66-3955-11ef-afb7-157c9bc18a5f",NA,NA,1973,"1/18/1974","72101cdb-3960-11ef-bda0-2906cc9fb6bc","home","FRISCH AUF! Göppingen","TV 1893 Neuhausen",25,16,TRUE,6,NA,NA,0,0,1,NA,0,0,0,0,0,0,NA,NA,NA,NA,NA,NA,NA,NA,0,0,0,0,NA,NA,NA,NA,NA
"Werner Arndt","c71116e0-3955-11ef-85d3-157c9bc18a5f",NA,NA,1973,"1/18/1974","72101cdb-3960-11ef-bda0-2906cc9fb6bc","home","FRISCH AUF! Göppingen","TV 1893 Neuhausen",25,16,TRUE,0,NA,NA,0,0,0,NA,0,0,0,0,0,0,NA,NA,NA,NA,NA,NA,NA,NA,0,0,0,0,NA,NA,NA,NA,NA
"Christian Patzer","c715a1de-3955-11ef-bc54-157c9bc18a5f",NA,NA,1973,"1/18/1974","72101cdb-3960-11ef-bda0-2906cc9fb6bc","home","FRISCH AUF! Göppingen","TV 1893 Neuhausen",25,16,TRUE,1,NA,NA,0,0,0,NA,0,0,0,0,0,0,NA,NA,NA,NA,NA,NA,NA,NA,0,0,0,0,NA,NA,NA,NA,NA
"Günter Schweikardt","d3e60b79-3953-11ef-9e8c-e3f2de03a1b7",NA,NA,1973,"1/18/1974","72101cdb-3960-11ef-bda0-2906cc9fb6bc","home","FRISCH AUF! Göppingen","TV 1893 Neuhausen",25,16,TRUE,0,NA,NA,0,0,0,NA,0,0,0,0,0,0,NA,NA,NA,NA,NA,NA,NA,NA,0,0,0,0,NA,NA,NA,NA,NA
"Walter Salzer","8d394c72-3955-11ef-8d73-81dc40648355",NA,NA,1973,"1/18/1974","72101cdb-3960-11ef-bda0-2906cc9fb6bc","away","TV 1893 Neuhausen","FRISCH AUF! Göppingen",16,25,FALSE,6,NA,NA,0,0,3,NA,0,0,0,0,0,0,NA,NA,NA,NA,NA,NA,NA,NA,0,0,0,0,NA,NA,NA,NA,NA
"Hermann Fritz","a4231bd1-3955-11ef-8299-2510cc07ea6e",NA,NA,1973,"1/18/1974","72101cdb-3960-11ef-bda0-2906cc9fb6bc","away","TV 1893 Neuhausen","FRISCH AUF! Göppingen",16,25,FALSE,0,NA,NA,0,0,0,NA,0,0,0,0,0,0,NA,NA,NA,NA,NA,NA,NA,NA,0,0,0,0,NA,NA,NA,NA,NA
"Klaus Stoll","a42e01cc-3955-11ef-b661-2510cc07ea6e",NA,NA,1973,"1/18/1974","72101cdb-3960-11ef-bda0-2906cc9fb6bc","away","TV 1893 Neuhausen","FRISCH AUF! Göppingen",16,25,FALSE,0,NA,NA,0,0,0,NA,0,0,0,0,0,0,NA,NA,NA,NA,NA,NA,NA,NA,0,0,0,0,NA,NA,NA,NA,NA
"Julius Lehmann","a448c9e2-3955-11ef-9bf8-2510cc07ea6e",NA,NA,1973,"1/18/1974","72101cdb-3960-11ef-bda0-2906cc9fb6bc","away","TV 1893 Neuhausen","FRISCH AUF! Göppingen",16,25,FALSE,3,NA,NA,0,0,0,NA,0,0,0,0,0,0,NA,NA,NA,NA,NA,NA,NA,NA,0,0,0,0,NA,NA,NA,NA,NA
"Rolf Miller","a4552808-3955-11ef-ac39-2510cc07ea6e",NA,NA,1973,"1/18/1974","72101cdb-3960-11ef-bda0-2906cc9fb6bc","away","TV 1893 Neuhausen","FRISCH AUF! Göppingen",16,25,FALSE,0,NA,NA,0,0,0,NA,0,0,0,0,0,0,NA,NA,NA,NA,NA,NA,NA,NA,0,0,0,0,NA,NA,NA,NA,NA
"Wolfgang Ruoff","b21c931a-3955-11ef-96d4-a36230ada079",NA,NA,1973,"1/18/1974","72101cdb-3960-11ef-bda0-2906cc9fb6bc","away","TV 1893 Neuhausen","FRISCH AUF! Göppingen",16,25,FALSE,0,NA,NA,0,0,0,NA,0,0,0,0,0,0,NA,NA,NA,NA,NA,NA,NA,NA,0,0,0,0,NA,NA,NA,NA,NA
"Johann Högl","b2211f04-3955-11ef-a5bd-a36230ada079",NA,NA,1973,"1/18/1974","72101cdb-3960-11ef-bda0-2906cc9fb6bc","away","TV 1893 Neuhausen","FRISCH AUF! Göppingen",16,25,FALSE,2,NA,NA,0,0,0,NA,0,0,0,0,0,0,NA,NA,NA,NA,NA,NA,NA,NA,0,0,0,0,NA,NA,NA,NA,NA
"Martin Streicher","b2277c0b-3955-11ef-b9c1-a36230ada079",NA,NA,1973,"1/18/1974","72101cdb-3960-11ef-bda0-2906cc9fb6bc","away","TV 1893 Neuhausen","FRISCH AUF! Göppingen",16,25,FALSE,1,NA,NA,0,0,0,NA,0,0,0,0,0,0,NA,NA,NA,NA,NA,NA,NA,NA,0,0,0,0,NA,NA,NA,NA,NA
"Kurt Reusch","b22cb722-3955-11ef-b081-a36230ada079",NA,NA,1973,"1/18/1974","72101cdb-3960-11ef-bda0-2906cc9fb6bc","away","TV 1893 Neuhausen","FRISCH AUF! Göppingen",16,25,FALSE,2,NA,NA,0,0,0,NA,0,0,0,0,0,0,NA,NA,NA,NA,NA,NA,NA,NA,0,0,0,0,NA,NA,NA,NA,NA
"Harald Streicher","b2329757-3955-11ef-8e1c-a36230ada079",NA,NA,1973,"1/18/1974","72101cdb-3960-11ef-bda0-2906cc9fb6bc","away","TV 1893 Neuhausen","FRISCH AUF! Göppingen",16,25,FALSE,1,NA,NA,0,0,0,NA,0,0,0,0,0,0,NA,NA,NA,NA,NA,NA,NA,NA,0,0,0,0,NA,NA,NA,NA,NA
"Klaus Streicher","c728c012-3955-11ef-9cab-157c9bc18a5f",NA,NA,1973,"1/18/1974","72101cdb-3960-11ef-bda0-2906cc9fb6bc","away","TV 1893 Neuhausen","FRISCH AUF! Göppingen",16,25,FALSE,1,NA,NA,0,0,0,NA,0,0,0,0,0,0,NA,NA,NA,NA,NA,NA,NA,NA,0,0,0,0,NA,NA,NA,NA,NA
"Karl-Heinz Haas","c7317781-3955-11ef-9afe-157c9bc18a5f",NA,NA,1973,"1/18/1974","72101cdb-3960-11ef-bda0-2906cc9fb6bc","away","TV 1893 Neuhausen","FRISCH AUF! Göppingen",16,25,FALSE,0,NA,NA,0,0,0,NA,0,0,0,0,0,0,NA,NA,NA,NA,NA,NA,NA,NA,0,0,0,0,NA,NA,NA,NA,NA
"Hans-Jörg Graeper","964d8ebc-3955-11ef-a25b-292be3190b7b",NA,NA,1973,"1/19/1974","5e1830d4-3960-11ef-975e-7b2e16e5ffcd","home","TV Grambke Bremen","Hamburger SV",18,21,FALSE,1,NA,NA,0,0,0,NA,0,0,0,0,0,0,NA,NA,NA,NA,NA,NA,NA,NA,0,0,0,0,NA,NA,NA,NA,NA
"Reiner Witte","983968fe-3955-11ef-96ef-292be3190b7b",NA,NA,1973,"1/19/1974","5e1830d4-3960-11ef-975e-7b2e16e5ffcd","home","TV Grambke Bremen","Hamburger SV",18,21,FALSE,0,NA,NA,0,0,0,NA,0,0,0,0,0,0,NA,NA,NA,NA,NA,NA,NA,NA,0,0,0,0,NA,NA,NA,NA,NA
"Rolf Harjes","9854972c-3955-11ef-b163-292be3190b7b",NA,NA,1973,"1/19/1974","5e1830d4-3960-11ef-975e-7b2e16e5ffcd","home","TV Grambke Bremen","Hamburger SV",18,21,FALSE,5,NA,NA,0,0,1,NA,0,0,0,0,0,0,NA,NA,NA,NA,NA,NA,NA,NA,0,0,0,0,NA,NA,NA,NA,NA
"Rolf Dierks","a5420b05-3955-11ef-a0f4-2510cc07ea6e",NA,NA,1973,"1/19/1974","5e1830d4-3960-11ef-975e-7b2e16e5ffcd","home","TV Grambke Bremen","Hamburger SV",18,21,FALSE,0,NA,NA,0,0,0,NA,0,0,0,0,0,0,NA,NA,NA,NA,NA,NA,NA,NA,0,0,0,0,NA,NA,NA,NA,NA
"Wilfried Lankenau","a547caa3-3955-11ef-8b17-2510cc07ea6e",NA,NA,1973,"1/19/1974","5e1830d4-3960-11ef-975e-7b2e16e5ffcd","home","TV Grambke Bremen","Hamburger SV",18,21,FALSE,6,NA,NA,0,0,4,NA,0,0,0,0,0,0,NA,NA,NA,NA,NA,NA,NA,NA,0,0,0,0,NA,NA,NA,NA,NA
"Willi Hohn","a54d65b4-3955-11ef-86a4-2510cc07ea6e",NA,NA,1973,"1/19/1974","5e1830d4-3960-11ef-975e-7b2e16e5ffcd","home","TV Grambke Bremen","Hamburger SV",18,21,FALSE,2,NA,NA,0,0,0,NA,0,0,0,0,0,0,NA,NA,NA,NA,NA,NA,NA,NA,0,0,0,0,NA,NA,NA,NA,NA
"Peter Wilde","a5638a05-3955-11ef-8647-2510cc07ea6e",NA,NA,1973,"1/19/1974","5e1830d4-3960-11ef-975e-7b2e16e5ffcd","home","TV Grambke Bremen","Hamburger SV",18,21,FALSE,2,NA,NA,0,0,0,NA,0,0,0,0,0,0,NA,NA,NA,NA,NA,NA,NA,NA,0,0,0,0,NA,NA,NA,NA,NA
"Klaus Hohn","baa006c5-3955-11ef-942e-ab397f561917",NA,NA,1973,"1/19/1974","5e1830d4-3960-11ef-975e-7b2e16e5ffcd","home","TV Grambke Bremen","Hamburger SV",18,21,FALSE,0,NA,NA,0,0,0,NA,0,0,0,0,0,0,NA,NA,NA,NA,NA,NA,NA,NA,0,0,0,0,NA,NA,NA,NA,NA
"Karl-Heinz Bierwirth","baa76751-3955-11ef-b78b-ab397f561917",NA,NA,1973,"1/19/1974","5e1830d4-3960-11ef-975e-7b2e16e5ffcd","home","TV Grambke Bremen","Hamburger SV",18,21,FALSE,1,NA,NA,0,0,0,NA,0,0,0,0,0,0,NA,NA,NA,NA,NA,NA,NA,NA,0,0,0,0,NA,NA,NA,NA,NA
"Günter Heermann","baabe2e5-3955-11ef-9d71-ab397f561917",NA,NA,1973,"1/19/1974","5e1830d4-3960-11ef-975e-7b2e16e5ffcd","home","TV Grambke Bremen","Hamburger SV",18,21,FALSE,1,NA,NA,0,0,0,NA,0,0,0,0,0,0,NA,NA,NA,NA,NA,NA,NA,NA,0,0,0,0,NA,NA,NA,NA,NA
"Günter Meßmer","babf1fc6-3955-11ef-975c-ab397f561917",NA,NA,1973,"1/19/1974","5e1830d4-3960-11ef-975e-7b2e16e5ffcd","home","TV Grambke Bremen","Hamburger SV",18,21,FALSE,0,NA,NA,0,0,0,NA,0,0,0,0,0,0,NA,NA,NA,NA,NA,NA,NA,NA,0,0,0,0,NA,NA,NA,NA,NA
"Reimer Hinrichs","baf246ff-3955-11ef-b172-ab397f561917",NA,NA,1973,"1/19/1974","5e1830d4-3960-11ef-975e-7b2e16e5ffcd","home","TV Grambke Bremen","Hamburger SV",18,21,FALSE,0,NA,NA,0,0,0,NA,0,0,0,0,0,0,NA,NA,NA,NA,NA,NA,NA,NA,0,0,0,0,NA,NA,NA,NA,NA
"Peter Pickel","8c973b42-3955-11ef-8c71-81dc40648355",NA,NA,1973,"1/19/1974","5e1830d4-3960-11ef-975e-7b2e16e5ffcd","away","Hamburger SV","TV Grambke Bremen",21,18,TRUE,10,NA,NA,0,0,2,NA,0,0,0,0,0,0,NA,NA,NA,NA,NA,NA,NA,NA,0,0,0,0,NA,NA,NA,NA,NA
"Hans-Jürgen Bode","b011e6da-3955-11ef-8205-a36230ada079",NA,NA,1973,"1/19/1974","5e1830d4-3960-11ef-975e-7b2e16e5ffcd","away","Hamburger SV","TV Grambke Bremen",21,18,TRUE,0,NA,NA,0,0,0,NA,0,0,0,0,0,0,NA,NA,NA,NA,NA,NA,NA,NA,0,0,0,0,NA,NA,NA,NA,NA
"Rainer Witt","b02adaad-3955-11ef-b8c4-a36230ada079",NA,NA,1973,"1/19/1974","5e1830d4-3960-11ef-975e-7b2e16e5ffcd","away","Hamburger SV","TV Grambke Bremen",21,18,TRUE,2,NA,NA,0,0,0,NA,0,0,0,0,0,0,NA,NA,NA,NA,NA,NA,NA,NA,0,0,0,0,NA,NA,NA,NA,NA
"Jens Ivers","b02f4aea-3955-11ef-801e-a36230ada079",NA,NA,1973,"1/19/1974","5e1830d4-3960-11ef-975e-7b2e16e5ffcd","away","Hamburger SV","TV Grambke Bremen",21,18,TRUE,1,NA,NA,0,0,0,NA,0,0,0,0,0,0,NA,NA,NA,NA,NA,NA,NA,NA,0,0,0,0,NA,NA,NA,NA,NA
"Hans-Joachim Beißel","b0341bcb-3955-11ef-9e08-a36230ada079",NA,NA,1973,"1/19/1974","5e1830d4-3960-11ef-975e-7b2e16e5ffcd","away","Hamburger SV","TV Grambke Bremen",21,18,TRUE,1,NA,NA,0,0,0,NA,0,0,0,0,0,0,NA,NA,NA,NA,NA,NA,NA,NA,0,0,0,0,NA,NA,NA,NA,NA
"Klaus Porepp","b0396b18-3955-11ef-b5cf-a36230ada079",NA,NA,1973,"1/19/1974","5e1830d4-3960-11ef-975e-7b2e16e5ffcd","away","Hamburger SV","TV Grambke Bremen",21,18,TRUE,0,NA,NA,0,0,0,NA,0,0,0,0,0,0,NA,NA,NA,NA,NA,NA,NA,NA,0,0,0,0,NA,NA,NA,NA,NA
"Norbert Germer","b03f8101-3955-11ef-8945-a36230ada079",NA,NA,1973,"1/19/1974","5e1830d4-3960-11ef-975e-7b2e16e5ffcd","away","Hamburger SV","TV Grambke Bremen",21,18,TRUE,2,NA,NA,0,0,0,NA,0,0,0,0,0,0,NA,NA,NA,NA,NA,NA,NA,NA,0,0,0,0,NA,NA,NA,NA,NA
"Uwe Tesloff","b049ae56-3955-11ef-a5f7-a36230ada079",NA,NA,1973,"1/19/1974","5e1830d4-3960-11ef-975e-7b2e16e5ffcd","away","Hamburger SV","TV Grambke Bremen",21,18,TRUE,1,NA,NA,0,0,0,NA,0,0,0,0,0,0,NA,NA,NA,NA,NA,NA,NA,NA,0,0,0,0,NA,NA,NA,NA,NA
"Hartwig Reich","ba6cb3c8-3955-11ef-9f64-ab397f561917",NA,NA,1973,"1/19/1974","5e1830d4-3960-11ef-975e-7b2e16e5ffcd","away","Hamburger SV","TV Grambke Bremen",21,18,TRUE,1,NA,NA,0,0,0,NA,0,0,0,0,0,0,NA,NA,NA,NA,NA,NA,NA,NA,0,0,0,0,NA,NA,NA,NA,NA
"Michael Taubert","ba7ad888-3955-11ef-9650-ab397f561917",NA,NA,1973,"1/19/1974","5e1830d4-3960-11ef-975e-7b2e16e5ffcd","away","Hamburger SV","TV Grambke Bremen",21,18,TRUE,1,NA,NA,0,0,0,NA,0,0,0,0,0,0,NA,NA,NA,NA,NA,NA,NA,NA,0,0,0,0,NA,NA,NA,NA,NA
"Dieter Minke","bd0cde0f-3955-11ef-91c1-ab397f561917",NA,NA,1973,"1/19/1974","5e1830d4-3960-11ef-975e-7b2e16e5ffcd","away","Hamburger SV","TV Grambke Bremen",21,18,TRUE,2,NA,NA,0,0,0,NA,0,0,0,0,0,0,NA,NA,NA,NA,NA,NA,NA,NA,0,0,0,0,NA,NA,NA,NA,NA
"Horst Rampp","8c760463-3955-11ef-b11d-81dc40648355",NA,NA,1973,"1/19/1974","64e3880a-3960-11ef-ae29-2906cc9fb6bc","home","Füchse Berlin","TuS 05 Wellinghofen",11,19,FALSE,0,NA,NA,0,0,0,NA,0,0,0,0,0,0,NA,NA,NA,NA,NA,NA,NA,NA,0,0,0,0,NA,NA,NA,NA,NA
"Hartmut Alsen","a5dc4676-3955-11ef-ac19-2510cc07ea6e",NA,NA,1973,"1/19/1974","64e3880a-3960-11ef-ae29-2906cc9fb6bc","home","Füchse Berlin","TuS 05 Wellinghofen",11,19,FALSE,1,NA,NA,0,0,0,NA,0,0,0,0,0,0,NA,NA,NA,NA,NA,NA,NA,NA,0,0,0,0,NA,NA,NA,NA,NA
"Diethard Finkelmann","a60bdcf9-3955-11ef-bfa1-2510cc07ea6e",NA,NA,1973,"1/19/1974","64e3880a-3960-11ef-ae29-2906cc9fb6bc","home","Füchse Berlin","TuS 05 Wellinghofen",11,19,FALSE,1,NA,NA,0,0,0,NA,0,0,0,0,0,0,NA,NA,NA,NA,NA,NA,NA,NA,0,0,0,0,NA,NA,NA,NA,NA
"Jochen Oermann","b193e84b-3955-11ef-bdbf-a36230ada079",NA,NA,1973,"1/19/1974","64e3880a-3960-11ef-ae29-2906cc9fb6bc","home","Füchse Berlin","TuS 05 Wellinghofen",11,19,FALSE,0,NA,NA,0,0,0,NA,0,0,0,0,0,0,NA,NA,NA,NA,NA,NA,NA,NA,0,0,0,0,NA,NA,NA,NA,NA
"Detlef Finkelmann","b1a8f927-3955-11ef-a009-a36230ada079",NA,NA,1973,"1/19/1974","64e3880a-3960-11ef-ae29-2906cc9fb6bc","home","Füchse Berlin","TuS 05 Wellinghofen",11,19,FALSE,0,NA,NA,0,0,0,NA,0,0,0,0,0,0,NA,NA,NA,NA,NA,NA,NA,NA,0,0,0,0,NA,NA,NA,NA,NA
"Bernd Goerigk","b1b21b0c-3955-11ef-a303-a36230ada079",NA,NA,1973,"1/19/1974","64e3880a-3960-11ef-ae29-2906cc9fb6bc","home","Füchse Berlin","TuS 05 Wellinghofen",11,19,FALSE,0,NA,NA,0,0,0,NA,0,0,0,0,0,0,NA,NA,NA,NA,NA,NA,NA,NA,0,0,0,0,NA,NA,NA,NA,NA
"Lutz Loewke","b1b73b08-3955-11ef-b76a-a36230ada079",NA,NA,1973,"1/19/1974","64e3880a-3960-11ef-ae29-2906cc9fb6bc","home","Füchse Berlin","TuS 05 Wellinghofen",11,19,FALSE,5,NA,NA,0,0,1,NA,0,0,0,0,0,0,NA,NA,NA,NA,NA,NA,NA,NA,0,0,0,0,NA,NA,NA,NA,NA
"Sigmar Artelt","bdbc9392-3955-11ef-a3be-ab397f561917",NA,NA,1973,"1/19/1974","64e3880a-3960-11ef-ae29-2906cc9fb6bc","home","Füchse Berlin","TuS 05 Wellinghofen",11,19,FALSE,1,NA,NA,0,0,0,NA,0,0,0,0,0,0,NA,NA,NA,NA,NA,NA,NA,NA,0,0,0,0,NA,NA,NA,NA,NA
"Uwe Fröhlich","bdc4fe1a-3955-11ef-aa4f-ab397f561917",NA,NA,1973,"1/19/1974","64e3880a-3960-11ef-ae29-2906cc9fb6bc","home","Füchse Berlin","TuS 05 Wellinghofen",11,19,FALSE,0,NA,NA,0,0,0,NA,0,0,0,0,0,0,NA,NA,NA,NA,NA,NA,NA,NA,0,0,0,0,NA,NA,NA,NA,NA
"Henry Johannes","bdc98fce-3955-11ef-9f6e-ab397f561917",NA,NA,1973,"1/19/1974","64e3880a-3960-11ef-ae29-2906cc9fb6bc","home","Füchse Berlin","TuS 05 Wellinghofen",11,19,FALSE,1,NA,NA,0,0,0,NA,0,0,0,0,0,0,NA,NA,NA,NA,NA,NA,NA,NA,0,0,0,0,NA,NA,NA,NA,NA
"Horst Waisznor","bdce772f-3955-11ef-a781-ab397f561917",NA,NA,1973,"1/19/1974","64e3880a-3960-11ef-ae29-2906cc9fb6bc","home","Füchse Berlin","TuS 05 Wellinghofen",11,19,FALSE,0,NA,NA,0,0,0,NA,0,0,0,0,0,0,NA,NA,NA,NA,NA,NA,NA,NA,0,0,0,0,NA,NA,NA,NA,NA
"Klaus-Dieter Guse","bdd76769-3955-11ef-97dc-ab397f561917",NA,NA,1973,"1/19/1974","64e3880a-3960-11ef-ae29-2906cc9fb6bc","home","Füchse Berlin","TuS 05 Wellinghofen",11,19,FALSE,2,NA,NA,0,0,0,NA,0,0,0,0,0,0,NA,NA,NA,NA,NA,NA,NA,NA,0,0,0,0,NA,NA,NA,NA,NA
"Karl-Heinz Schulz","72847241-3955-11ef-8bd4-51fdf2a82730",NA,NA,1973,"1/19/1974","64e3880a-3960-11ef-ae29-2906cc9fb6bc","away","TuS 05 Wellinghofen","Füchse Berlin",19,11,TRUE,1,NA,NA,0,0,0,NA,0,0,0,0,0,0,NA,NA,NA,NA,NA,NA,NA,NA,0,0,0,0,NA,NA,NA,NA,NA
"Hans-Jürgen Zick","8d67d76a-3955-11ef-8956-81dc40648355",NA,NA,1973,"1/19/1974","64e3880a-3960-11ef-ae29-2906cc9fb6bc","away","TuS 05 Wellinghofen","Füchse Berlin",19,11,TRUE,0,NA,NA,0,0,0,NA,0,0,0,0,0,0,NA,NA,NA,NA,NA,NA,NA,NA,0,0,0,0,NA,NA,NA,NA,NA
"Heiner Möller","8d7571e4-3955-11ef-b1d3-81dc40648355",NA,NA,1973,"1/19/1974","64e3880a-3960-11ef-ae29-2906cc9fb6bc","away","TuS 05 Wellinghofen","Füchse Berlin",19,11,TRUE,4,NA,NA,0,0,0,NA,0,0,0,0,0,0,NA,NA,NA,NA,NA,NA,NA,NA,0,0,0,0,NA,NA,NA,NA,NA
"Hans-Peter Neuhaus","8d9d3887-3955-11ef-80a3-81dc40648355",NA,NA,1973,"1/19/1974","64e3880a-3960-11ef-ae29-2906cc9fb6bc","away","TuS 05 Wellinghofen","Füchse Berlin",19,11,TRUE,2,NA,NA,0,0,0,NA,0,0,0,0,0,0,NA,NA,NA,NA,NA,NA,NA,NA,0,0,0,0,NA,NA,NA,NA,NA
"Karl-Heinz Nolde","a33d5c4a-3955-11ef-b577-2510cc07ea6e",NA,NA,1973,"1/19/1974","64e3880a-3960-11ef-ae29-2906cc9fb6bc","away","TuS 05 Wellinghofen","Füchse Berlin",19,11,TRUE,0,NA,NA,0,0,0,NA,0,0,0,0,0,0,NA,NA,NA,NA,NA,NA,NA,NA,0,0,0,0,NA,NA,NA,NA,NA
"Rainer Gosewinkel","a4d61156-3955-11ef-8406-2510cc07ea6e",NA,NA,1973,"1/19/1974","64e3880a-3960-11ef-ae29-2906cc9fb6bc","away","TuS 05 Wellinghofen","Füchse Berlin",19,11,TRUE,3,NA,NA,0,0,0,NA,0,0,0,0,0,0,NA,NA,NA,NA,NA,NA,NA,NA,0,0,0,0,NA,NA,NA,NA,NA
"Klaus Erwe","a4f54a19-3955-11ef-b48a-2510cc07ea6e",NA,NA,1973,"1/19/1974","64e3880a-3960-11ef-ae29-2906cc9fb6bc","away","TuS 05 Wellinghofen","Füchse Berlin",19,11,TRUE,1,NA,NA,0,0,0,NA,0,0,0,0,0,0,NA,NA,NA,NA,NA,NA,NA,NA,0,0,0,0,NA,NA,NA,NA,NA
"Winfried Gabel","a521dedb-3955-11ef-a3bd-2510cc07ea6e",NA,NA,1973,"1/19/1974","64e3880a-3960-11ef-ae29-2906cc9fb6bc","away","TuS 05 Wellinghofen","Füchse Berlin",19,11,TRUE,0,NA,NA,0,0,0,NA,0,0,0,0,0,0,NA,NA,NA,NA,NA,NA,NA,NA,0,0,0,0,NA,NA,NA,NA,NA
"Burkhard Gröning","a52c6e4f-3955-11ef-a576-2510cc07ea6e",NA,NA,1973,"1/19/1974","64e3880a-3960-11ef-ae29-2906cc9fb6bc","away","TuS 05 Wellinghofen","Füchse Berlin",19,11,TRUE,8,NA,NA,0,0,1,NA,0,0,0,0,0,0,NA,NA,NA,NA,NA,NA,NA,NA,0,0,0,0,NA,NA,NA,NA,NA
"Klaus Tiews","a531838f-3955-11ef-8e99-2510cc07ea6e",NA,NA,1973,"1/19/1974","64e3880a-3960-11ef-ae29-2906cc9fb6bc","away","TuS 05 Wellinghofen","Füchse Berlin",19,11,TRUE,0,NA,NA,0,0,0,NA,0,0,0,0,0,0,NA,NA,NA,NA,NA,NA,NA,NA,0,0,0,0,NA,NA,NA,NA,NA
"Ulrich Staege","b05c5beb-3955-11ef-a7d6-a36230ada079",NA,NA,1973,"1/19/1974","64e3880a-3960-11ef-ae29-2906cc9fb6bc","away","TuS 05 Wellinghofen","Füchse Berlin",19,11,TRUE,0,NA,NA,0,0,0,NA,0,0,0,0,0,0,NA,NA,NA,NA,NA,NA,NA,NA,0,0,0,0,NA,NA,NA,NA,NA
"Hans-Jürgen Sengera","ba7fae8e-3955-11ef-80e4-ab397f561917",NA,NA,1973,"1/19/1974","64e3880a-3960-11ef-ae29-2906cc9fb6bc","away","TuS 05 Wellinghofen","Füchse Berlin",19,11,TRUE,0,NA,NA,0,0,0,NA,0,0,0,0,0,0,NA,NA,NA,NA,NA,NA,NA,NA,0,0,0,0,NA,NA,NA,NA,NA
"Walter Don","73f54ad3-3955-11ef-b2c6-51fdf2a82730",NA,NA,1973,"1/19/1974","67f6ba13-3960-11ef-baad-2906cc9fb6bc","home","TV 05/07 Hüttenberg","TV Großwallstadt",19,16,TRUE,1,NA,NA,0,0,0,NA,0,0,0,0,0,0,NA,NA,NA,NA,NA,NA,NA,NA,0,0,0,0,NA,NA,NA,NA,NA
"Hans-Jürgen Völpel","80753eec-3955-11ef-bd2e-b908c60af10a",NA,NA,1973,"1/19/1974","67f6ba13-3960-11ef-baad-2906cc9fb6bc","home","TV 05/07 Hüttenberg","TV Großwallstadt",19,16,TRUE,0,NA,NA,0,0,0,NA,0,0,0,0,0,0,NA,NA,NA,NA,NA,NA,NA,NA,0,0,0,0,NA,NA,NA,NA,NA
"Siegfried Weber","807d098c-3955-11ef-8827-b908c60af10a",NA,NA,1973,"1/19/1974","67f6ba13-3960-11ef-baad-2906cc9fb6bc","home","TV 05/07 Hüttenberg","TV Großwallstadt",19,16,TRUE,0,NA,NA,0,0,0,NA,0,0,0,0,0,0,NA,NA,NA,NA,NA,NA,NA,NA,0,0,0,0,NA,NA,NA,NA,NA
"Horst Spengler","80adf446-3955-11ef-a1e6-b908c60af10a",NA,NA,1973,"1/19/1974","67f6ba13-3960-11ef-baad-2906cc9fb6bc","home","TV 05/07 Hüttenberg","TV Großwallstadt",19,16,TRUE,4,NA,NA,0,0,0,NA,0,0,0,0,0,0,NA,NA,NA,NA,NA,NA,NA,NA,0,0,0,0,NA,NA,NA,NA,NA
"Peter Barthelmey","99855e8f-3955-11ef-b9a4-292be3190b7b",NA,NA,1973,"1/19/1974","67f6ba13-3960-11ef-baad-2906cc9fb6bc","home","TV 05/07 Hüttenberg","TV Großwallstadt",19,16,TRUE,4,NA,NA,0,0,4,NA,0,0,0,0,0,0,NA,NA,NA,NA,NA,NA,NA,NA,0,0,0,0,NA,NA,NA,NA,NA
"Richard Boczkowski","a1b43836-3955-11ef-934f-2510cc07ea6e",NA,NA,1973,"1/19/1974","67f6ba13-3960-11ef-baad-2906cc9fb6bc","home","TV 05/07 Hüttenberg","TV Großwallstadt",19,16,TRUE,0,NA,NA,0,0,0,NA,0,0,0,0,0,0,NA,NA,NA,NA,NA,NA,NA,NA,0,0,0,0,NA,NA,NA,NA,NA
"Norbert Bach","a3be6ba6-3955-11ef-9511-2510cc07ea6e",NA,NA,1973,"1/19/1974","67f6ba13-3960-11ef-baad-2906cc9fb6bc","home","TV 05/07 Hüttenberg","TV Großwallstadt",19,16,TRUE,5,NA,NA,0,0,0,NA,0,0,0,0,0,0,NA,NA,NA,NA,NA,NA,NA,NA,0,0,0,0,NA,NA,NA,NA,NA
"Stefan Schicketanz","a3d099d4-3955-11ef-90b6-2510cc07ea6e",NA,NA,1973,"1/19/1974","67f6ba13-3960-11ef-baad-2906cc9fb6bc","home","TV 05/07 Hüttenberg","TV Großwallstadt",19,16,TRUE,0,NA,NA,0,0,0,NA,0,0,0,0,0,0,NA,NA,NA,NA,NA,NA,NA,NA,0,0,0,0,NA,NA,NA,NA,NA
"Udo Uebbing","ae4823ea-3955-11ef-93ce-a36230ada079",NA,NA,1973,"1/19/1974","67f6ba13-3960-11ef-baad-2906cc9fb6bc","home","TV 05/07 Hüttenberg","TV Großwallstadt",19,16,TRUE,7,NA,NA,0,0,0,NA,0,0,0,0,0,0,NA,NA,NA,NA,NA,NA,NA,NA,0,0,0,0,NA,NA,NA,NA,NA
"Rainer Joost","bb83a6fb-3955-11ef-b43f-ab397f561917",NA,NA,1973,"1/19/1974","67f6ba13-3960-11ef-baad-2906cc9fb6bc","home","TV 05/07 Hüttenberg","TV Großwallstadt",19,16,TRUE,0,NA,NA,0,0,0,NA,0,0,0,0,0,0,NA,NA,NA,NA,NA,NA,NA,NA,0,0,0,0,NA,NA,NA,NA,NA
"Dieter Beckmann","bb888d20-3955-11ef-b8c5-ab397f561917",NA,NA,1973,"1/19/1974","67f6ba13-3960-11ef-baad-2906cc9fb6bc","home","TV 05/07 Hüttenberg","TV Großwallstadt",19,16,TRUE,0,NA,NA,0,0,0,NA,0,0,0,0,0,0,NA,NA,NA,NA,NA,NA,NA,NA,0,0,0,0,NA,NA,NA,NA,NA
"Andrija Kotlas","bde016f5-3955-11ef-b96c-ab397f561917",NA,NA,1973,"1/19/1974","67f6ba13-3960-11ef-baad-2906cc9fb6bc","home","TV 05/07 Hüttenberg","TV Großwallstadt",19,16,TRUE,1,NA,NA,0,0,0,NA,0,0,0,0,0,0,NA,NA,NA,NA,NA,NA,NA,NA,0,0,0,0,NA,NA,NA,NA,NA
"Kurt Klühspies","5ac3e7d7-3955-11ef-b574-4fa817cd91bb",NA,NA,1973,"1/19/1974","67f6ba13-3960-11ef-baad-2906cc9fb6bc","away","TV Großwallstadt","TV 05/07 Hüttenberg",16,19,FALSE,4,NA,NA,0,0,0,NA,0,0,0,0,0,0,NA,NA,NA,NA,NA,NA,NA,NA,0,0,0,0,NA,NA,NA,NA,NA
"Manfred Hofmann","6855eb0b-3955-11ef-8cb3-292be3190b7b",NA,NA,1973,"1/19/1974","67f6ba13-3960-11ef-baad-2906cc9fb6bc","away","TV Großwallstadt","TV 05/07 Hüttenberg",16,19,FALSE,0,NA,NA,0,0,0,NA,0,0,0,0,0,0,NA,NA,NA,NA,NA,NA,NA,NA,0,0,0,0,NA,NA,NA,NA,NA
"Manfred Schwarz","96d98e53-3955-11ef-a3c9-292be3190b7b",NA,NA,1973,"1/19/1974","67f6ba13-3960-11ef-baad-2906cc9fb6bc","away","TV Großwallstadt","TV 05/07 Hüttenberg",16,19,FALSE,2,NA,NA,0,0,0,NA,0,0,0,0,0,0,NA,NA,NA,NA,NA,NA,NA,NA,0,0,0,0,NA,NA,NA,NA,NA
"Arno Böckling","a3c38db5-3955-11ef-810f-2510cc07ea6e",NA,NA,1973,"1/19/1974","67f6ba13-3960-11ef-baad-2906cc9fb6bc","away","TV Großwallstadt","TV 05/07 Hüttenberg",16,19,FALSE,0,NA,NA,0,0,0,NA,0,0,0,0,0,0,NA,NA,NA,NA,NA,NA,NA,NA,0,0,0,0,NA,NA,NA,NA,NA
"Eckhardt Suffel","aeac0503-3955-11ef-88c6-a36230ada079",NA,NA,1973,"1/19/1974","67f6ba13-3960-11ef-baad-2906cc9fb6bc","away","TV Großwallstadt","TV 05/07 Hüttenberg",16,19,FALSE,0,NA,NA,0,0,0,NA,0,0,0,0,0,0,NA,NA,NA,NA,NA,NA,NA,NA,0,0,0,0,NA,NA,NA,NA,NA
"Manfred Meudt","af9be5ed-3955-11ef-a3e3-a36230ada079",NA,NA,1973,"1/19/1974","67f6ba13-3960-11ef-baad-2906cc9fb6bc","away","TV Großwallstadt","TV 05/07 Hüttenberg",16,19,FALSE,0,NA,NA,0,0,0,NA,0,0,0,0,0,0,NA,NA,NA,NA,NA,NA,NA,NA,0,0,0,0,NA,NA,NA,NA,NA
"Norbert Klein","b18179dc-3955-11ef-acc0-a36230ada079",NA,NA,1973,"1/19/1974","67f6ba13-3960-11ef-baad-2906cc9fb6bc","away","TV Großwallstadt","TV 05/07 Hüttenberg",16,19,FALSE,0,NA,NA,0,0,0,NA,0,0,0,0,0,0,NA,NA,NA,NA,NA,NA,NA,NA,0,0,0,0,NA,NA,NA,NA,NA
"Peter Kuß","bbc18adb-3955-11ef-a5f7-ab397f561917",NA,NA,1973,"1/19/1974","67f6ba13-3960-11ef-baad-2906cc9fb6bc","away","TV Großwallstadt","TV 05/07 Hüttenberg",16,19,FALSE,2,NA,NA,0,0,0,NA,0,0,0,0,0,0,NA,NA,NA,NA,NA,NA,NA,NA,0,0,0,0,NA,NA,NA,NA,NA
"Herbert Kunkel","be058ce8-3955-11ef-a8d1-ab397f561917",NA,NA,1973,"1/19/1974","67f6ba13-3960-11ef-baad-2906cc9fb6bc","away","TV Großwallstadt","TV 05/07 Hüttenberg",16,19,FALSE,1,NA,NA,0,0,0,NA,0,0,0,0,0,0,NA,NA,NA,NA,NA,NA,NA,NA,0,0,0,0,NA,NA,NA,NA,NA
"Rainer Oberle","be123408-3955-11ef-92a6-ab397f561917",NA,NA,1973,"1/19/1974","67f6ba13-3960-11ef-baad-2906cc9fb6bc","away","TV Großwallstadt","TV 05/07 Hüttenberg",16,19,FALSE,4,NA,NA,0,0,0,NA,0,0,0,0,0,0,NA,NA,NA,NA,NA,NA,NA,NA,0,0,0,0,NA,NA,NA,NA,NA
"Josef Karrer","be167639-3955-11ef-ac70-ab397f561917",NA,NA,1973,"1/19/1974","67f6ba13-3960-11ef-baad-2906cc9fb6bc","away","TV Großwallstadt","TV 05/07 Hüttenberg",16,19,FALSE,3,NA,NA,0,0,0,NA,0,0,0,0,0,0,NA,NA,NA,NA,NA,NA,NA,NA,0,0,0,0,NA,NA,NA,NA,NA
"Ulrich Eikermann","73a211c9-3955-11ef-8f8f-51fdf2a82730",NA,NA,1973,"1/29/1974","5bf0bdfd-3960-11ef-8c86-7b2e16e5ffcd","home","SC Phönix Essen 1920","VfL Gummersbach",15,14,TRUE,0,NA,NA,0,0,0,NA,0,0,0,0,0,0,NA,NA,NA,NA,NA,NA,NA,NA,0,0,0,0,NA,NA,NA,NA,NA
"Horst Weise","8df6e46b-3955-11ef-9ec8-81dc40648355",NA,NA,1973,"1/29/1974","5bf0bdfd-3960-11ef-8c86-7b2e16e5ffcd","home","SC Phönix Essen 1920","VfL Gummersbach",15,14,TRUE,3,NA,NA,0,0,0,NA,0,0,0,0,0,0,NA,NA,NA,NA,NA,NA,NA,NA,0,0,0,0,NA,NA,NA,NA,NA
"Ralf Hamann","a28aa62f-3955-11ef-9677-2510cc07ea6e",NA,NA,1973,"1/29/1974","5bf0bdfd-3960-11ef-8c86-7b2e16e5ffcd","home","SC Phönix Essen 1920","VfL Gummersbach",15,14,TRUE,0,NA,NA,0,0,0,NA,0,0,0,0,0,0,NA,NA,NA,NA,NA,NA,NA,NA,0,0,0,0,NA,NA,NA,NA,NA
"Heinz Oberscheidt","a5ae94f2-3955-11ef-91fc-2510cc07ea6e",NA,NA,1973,"1/29/1974","5bf0bdfd-3960-11ef-8c86-7b2e16e5ffcd","home","SC Phönix Essen 1920","VfL Gummersbach",15,14,TRUE,9,NA,NA,0,0,3,NA,0,0,0,0,0,0,NA,NA,NA,NA,NA,NA,NA,NA,0,0,0,0,NA,NA,NA,NA,NA
"Dietmar Dohm","a5c15139-3955-11ef-9adf-2510cc07ea6e",NA,NA,1973,"1/29/1974","5bf0bdfd-3960-11ef-8c86-7b2e16e5ffcd","home","SC Phönix Essen 1920","VfL Gummersbach",15,14,TRUE,0,NA,NA,0,0,0,NA,0,0,0,0,0,0,NA,NA,NA,NA,NA,NA,NA,NA,0,0,0,0,NA,NA,NA,NA,NA
"Ingo Callies","b0b0659b-3955-11ef-87aa-a36230ada079",NA,NA,1973,"1/29/1974","5bf0bdfd-3960-11ef-8c86-7b2e16e5ffcd","home","SC Phönix Essen 1920","VfL Gummersbach",15,14,TRUE,3,NA,NA,0,0,0,NA,0,0,0,0,0,0,NA,NA,NA,NA,NA,NA,NA,NA,0,0,0,0,NA,NA,NA,NA,NA
"Bernd Tolksdorf","bae02284-3955-11ef-b577-ab397f561917",NA,NA,1973,"1/29/1974","5bf0bdfd-3960-11ef-8c86-7b2e16e5ffcd","home","SC Phönix Essen 1920","VfL Gummersbach",15,14,TRUE,0,NA,NA,0,0,0,NA,0,0,0,0,0,0,NA,NA,NA,NA,NA,NA,NA,NA,0,0,0,0,NA,NA,NA,NA,NA
"Klaus Kirschner","bae43a44-3955-11ef-ae7c-ab397f561917",NA,NA,1973,"1/29/1974","5bf0bdfd-3960-11ef-8c86-7b2e16e5ffcd","home","SC Phönix Essen 1920","VfL Gummersbach",15,14,TRUE,0,NA,NA,0,0,0,NA,0,0,0,0,0,0,NA,NA,NA,NA,NA,NA,NA,NA,0,0,0,0,NA,NA,NA,NA,NA
"Norbert Kroker","bd441662-3955-11ef-b771-ab397f561917",NA,NA,1973,"1/29/1974","5bf0bdfd-3960-11ef-8c86-7b2e16e5ffcd","home","SC Phönix Essen 1920","VfL Gummersbach",15,14,TRUE,0,NA,NA,0,0,0,NA,0,0,0,0,0,0,NA,NA,NA,NA,NA,NA,NA,NA,0,0,0,0,NA,NA,NA,NA,NA
"Manfred Wolf","bd4f3381-3955-11ef-904e-ab397f561917",NA,NA,1973,"1/29/1974","5bf0bdfd-3960-11ef-8c86-7b2e16e5ffcd","home","SC Phönix Essen 1920","VfL Gummersbach",15,14,TRUE,0,NA,NA,0,0,0,NA,0,0,0,0,0,0,NA,NA,NA,NA,NA,NA,NA,NA,0,0,0,0,NA,NA,NA,NA,NA
"Rainer Hill","bd56ea43-3955-11ef-a0dc-ab397f561917",NA,NA,1973,"1/29/1974","5bf0bdfd-3960-11ef-8c86-7b2e16e5ffcd","home","SC Phönix Essen 1920","VfL Gummersbach",15,14,TRUE,0,NA,NA,0,0,0,NA,0,0,0,0,0,0,NA,NA,NA,NA,NA,NA,NA,NA,0,0,0,0,NA,NA,NA,NA,NA
"Heiner Brand","44e82d45-3955-11ef-bc71-4fa817cd91bb",NA,NA,1973,"1/29/1974","5bf0bdfd-3960-11ef-8c86-7b2e16e5ffcd","away","VfL Gummersbach","SC Phönix Essen 1920",14,15,FALSE,0,NA,NA,0,0,0,NA,0,0,0,0,0,0,NA,NA,NA,NA,NA,NA,NA,NA,0,0,0,0,NA,NA,NA,NA,NA
"Klaus Westebbe","8c58f63a-3955-11ef-b65e-81dc40648355",NA,NA,1973,"1/29/1974","5bf0bdfd-3960-11ef-8c86-7b2e16e5ffcd","away","VfL Gummersbach","SC Phönix Essen 1920",14,15,FALSE,2,NA,NA,0,0,0,NA,0,0,0,0,0,0,NA,NA,NA,NA,NA,NA,NA,NA,0,0,0,0,NA,NA,NA,NA,NA
"Klaus Kater","8da1f6ef-3955-11ef-b31a-81dc40648355",NA,NA,1973,"1/29/1974","5bf0bdfd-3960-11ef-8c86-7b2e16e5ffcd","away","VfL Gummersbach","SC Phönix Essen 1920",14,15,FALSE,0,NA,NA,0,0,0,NA,0,0,0,0,0,0,NA,NA,NA,NA,NA,NA,NA,NA,0,0,0,0,NA,NA,NA,NA,NA
"Klaus Schlagheck","97a06613-3955-11ef-8056-292be3190b7b",NA,NA,1973,"1/29/1974","5bf0bdfd-3960-11ef-8c86-7b2e16e5ffcd","away","VfL Gummersbach","SC Phönix Essen 1920",14,15,FALSE,3,NA,NA,0,0,0,NA,0,0,0,0,0,0,NA,NA,NA,NA,NA,NA,NA,NA,0,0,0,0,NA,NA,NA,NA,NA
"Joachim Deckarm","9976945f-3955-11ef-afc4-292be3190b7b",NA,NA,1973,"1/29/1974","5bf0bdfd-3960-11ef-8c86-7b2e16e5ffcd","away","VfL Gummersbach","SC Phönix Essen 1920",14,15,FALSE,3,NA,NA,0,0,0,NA,0,0,0,0,0,0,NA,NA,NA,NA,NA,NA,NA,NA,0,0,0,0,NA,NA,NA,NA,NA
"Achim Henseler","a182e874-3955-11ef-95ce-2510cc07ea6e",NA,NA,1973,"1/29/1974","5bf0bdfd-3960-11ef-8c86-7b2e16e5ffcd","away","VfL Gummersbach","SC Phönix Essen 1920",14,15,FALSE,0,NA,NA,0,0,0,NA,0,0,0,0,0,0,NA,NA,NA,NA,NA,NA,NA,NA,0,0,0,0,NA,NA,NA,NA,NA
"Jochen Feldhoff","a32751a5-3955-11ef-badf-2510cc07ea6e",NA,NA,1973,"1/29/1974","5bf0bdfd-3960-11ef-8c86-7b2e16e5ffcd","away","VfL Gummersbach","SC Phönix Essen 1920",14,15,FALSE,0,NA,NA,0,0,0,NA,0,0,0,0,0,0,NA,NA,NA,NA,NA,NA,NA,NA,0,0,0,0,NA,NA,NA,NA,NA
"Werner Lettgen","ae263c3c-3955-11ef-96f7-a36230ada079",NA,NA,1973,"1/29/1974","5bf0bdfd-3960-11ef-8c86-7b2e16e5ffcd","away","VfL Gummersbach","SC Phönix Essen 1920",14,15,FALSE,0,NA,NA,0,0,0,NA,0,0,0,0,0,0,NA,NA,NA,NA,NA,NA,NA,NA,0,0,0,0,NA,NA,NA,NA,NA
"Hans-Günther Schmidt","aff5702f-3955-11ef-9878-a36230ada079",NA,NA,1973,"1/29/1974","5bf0bdfd-3960-11ef-8c86-7b2e16e5ffcd","away","VfL Gummersbach","SC Phönix Essen 1920",14,15,FALSE,6,NA,NA,0,0,3,NA,0,0,0,0,0,0,NA,NA,NA,NA,NA,NA,NA,NA,0,0,0,0,NA,NA,NA,NA,NA
"Jochen Brand","ba44375c-3955-11ef-a5d6-ab397f561917",NA,NA,1973,"1/29/1974","5bf0bdfd-3960-11ef-8c86-7b2e16e5ffcd","away","VfL Gummersbach","SC Phönix Essen 1920",14,15,FALSE,0,NA,NA,0,0,0,NA,0,0,0,0,0,0,NA,NA,NA,NA,NA,NA,NA,NA,0,0,0,0,NA,NA,NA,NA,NA
"Helmut Kosmehl","bc7d7cdd-3955-11ef-a338-ab397f561917",NA,NA,1973,"1/29/1974","5bf0bdfd-3960-11ef-8c86-7b2e16e5ffcd","away","VfL Gummersbach","SC Phönix Essen 1920",14,15,FALSE,0,NA,NA,0,0,0,NA,0,0,0,0,0,0,NA,NA,NA,NA,NA,NA,NA,NA,0,0,0,0,NA,NA,NA,NA,NA
"Jürgen Pook","8c289b4b-3955-11ef-889f-81dc40648355",NA,NA,1973,"2/1/1974","5d481338-3960-11ef-86f4-7b2e16e5ffcd","home","GWD Minden","SC Phönix Essen 1920",18,11,TRUE,1,NA,NA,0,0,0,NA,0,0,0,0,0,0,NA,NA,NA,NA,NA,NA,NA,NA,0,0,0,0,NA,NA,NA,NA,NA
"Gerd Becker","96f1e245-3955-11ef-80bc-292be3190b7b",NA,NA,1973,"2/1/1974","5d481338-3960-11ef-86f4-7b2e16e5ffcd","home","GWD Minden","SC Phönix Essen 1920",18,11,TRUE,4,NA,NA,0,0,0,NA,0,0,0,0,0,0,NA,NA,NA,NA,NA,NA,NA,NA,0,0,0,0,NA,NA,NA,NA,NA
"Gerald Schüler","96fc1532-3955-11ef-bddd-292be3190b7b",NA,NA,1973,"2/1/1974","5d481338-3960-11ef-86f4-7b2e16e5ffcd","home","GWD Minden","SC Phönix Essen 1920",18,11,TRUE,0,NA,NA,0,0,0,NA,0,0,0,0,0,0,NA,NA,NA,NA,NA,NA,NA,NA,0,0,0,0,NA,NA,NA,NA,NA
"Martin Karcher","980f80ce-3955-11ef-8054-292be3190b7b",NA,NA,1973,"2/1/1974","5d481338-3960-11ef-86f4-7b2e16e5ffcd","home","GWD Minden","SC Phönix Essen 1920",18,11,TRUE,0,NA,NA,0,0,0,NA,0,0,0,0,0,0,NA,NA,NA,NA,NA,NA,NA,NA,0,0,0,0,NA,NA,NA,NA,NA
"Gerhard Buddenbohm","98e2ecac-3955-11ef-b2de-292be3190b7b",NA,NA,1973,"2/1/1974","5d481338-3960-11ef-86f4-7b2e16e5ffcd","home","GWD Minden","SC Phönix Essen 1920",18,11,TRUE,0,NA,NA,0,0,0,NA,0,0,0,0,0,0,NA,NA,NA,NA,NA,NA,NA,NA,0,0,0,0,NA,NA,NA,NA,NA
"Hans Kramer","98f50290-3955-11ef-8aa8-292be3190b7b",NA,NA,1973,"2/1/1974","5d481338-3960-11ef-86f4-7b2e16e5ffcd","home","GWD Minden","SC Phönix Essen 1920",18,11,TRUE,2,NA,NA,0,0,0,NA,0,0,0,0,0,0,NA,NA,NA,NA,NA,NA,NA,NA,0,0,0,0,NA,NA,NA,NA,NA
"Wilfried Meyer","a34b2aa0-3955-11ef-a79c-2510cc07ea6e",NA,NA,1973,"2/1/1974","5d481338-3960-11ef-86f4-7b2e16e5ffcd","home","GWD Minden","SC Phönix Essen 1920",18,11,TRUE,0,NA,NA,0,0,0,NA,0,0,0,0,0,0,NA,NA,NA,NA,NA,NA,NA,NA,0,0,0,0,NA,NA,NA,NA,NA
"Jobst-Erich Rehse","b00be251-3955-11ef-ac35-a36230ada079",NA,NA,1973,"2/1/1974","5d481338-3960-11ef-86f4-7b2e16e5ffcd","home","GWD Minden","SC Phönix Essen 1920",18,11,TRUE,5,NA,NA,0,0,0,NA,0,0,0,0,0,0,NA,NA,NA,NA,NA,NA,NA,NA,0,0,0,0,NA,NA,NA,NA,NA
"Bernd Munck","ba5ee5e3-3955-11ef-9f80-ab397f561917",NA,NA,1973,"2/1/1974","5d481338-3960-11ef-86f4-7b2e16e5ffcd","home","GWD Minden","SC Phönix Essen 1920",18,11,TRUE,3,NA,NA,0,0,0,NA,0,0,0,0,0,0,NA,NA,NA,NA,NA,NA,NA,NA,0,0,0,0,NA,NA,NA,NA,NA
"Wilfried Drögemeier","ba63ada7-3955-11ef-a04d-ab397f561917",NA,NA,1973,"2/1/1974","5d481338-3960-11ef-86f4-7b2e16e5ffcd","home","GWD Minden","SC Phönix Essen 1920",18,11,TRUE,1,NA,NA,0,0,0,NA,0,0,0,0,0,0,NA,NA,NA,NA,NA,NA,NA,NA,0,0,0,0,NA,NA,NA,NA,NA
"Otto Weng","bcfbec1c-3955-11ef-b4f4-ab397f561917",NA,NA,1973,"2/1/1974","5d481338-3960-11ef-86f4-7b2e16e5ffcd","home","GWD Minden","SC Phönix Essen 1920",18,11,TRUE,2,NA,NA,0,0,1,NA,0,0,0,0,0,0,NA,NA,NA,NA,NA,NA,NA,NA,0,0,0,0,NA,NA,NA,NA,NA
"Ulrich Eikermann","73a211c9-3955-11ef-8f8f-51fdf2a82730",NA,NA,1973,"2/1/1974","5d481338-3960-11ef-86f4-7b2e16e5ffcd","away","SC Phönix Essen 1920","GWD Minden",11,18,FALSE,0,NA,NA,0,0,0,NA,0,0,0,0,0,0,NA,NA,NA,NA,NA,NA,NA,NA,0,0,0,0,NA,NA,NA,NA,NA
"Horst Weise","8df6e46b-3955-11ef-9ec8-81dc40648355",NA,NA,1973,"2/1/1974","5d481338-3960-11ef-86f4-7b2e16e5ffcd","away","SC Phönix Essen 1920","GWD Minden",11,18,FALSE,3,NA,NA,0,0,0,NA,0,0,0,0,0,0,NA,NA,NA,NA,NA,NA,NA,NA,0,0,0,0,NA,NA,NA,NA,NA
"Ralf Hamann","a28aa62f-3955-11ef-9677-2510cc07ea6e",NA,NA,1973,"2/1/1974","5d481338-3960-11ef-86f4-7b2e16e5ffcd","away","SC Phönix Essen 1920","GWD Minden",11,18,FALSE,0,NA,NA,0,0,0,NA,0,0,0,0,0,0,NA,NA,NA,NA,NA,NA,NA,NA,0,0,0,0,NA,NA,NA,NA,NA
"Heinz Oberscheidt","a5ae94f2-3955-11ef-91fc-2510cc07ea6e",NA,NA,1973,"2/1/1974","5d481338-3960-11ef-86f4-7b2e16e5ffcd","away","SC Phönix Essen 1920","GWD Minden",11,18,FALSE,2,NA,NA,0,0,1,NA,0,0,0,0,0,0,NA,NA,NA,NA,NA,NA,NA,NA,0,0,0,0,NA,NA,NA,NA,NA
"Werner Jeckstedt","a5bb8d23-3955-11ef-8362-2510cc07ea6e",NA,NA,1973,"2/1/1974","5d481338-3960-11ef-86f4-7b2e16e5ffcd","away","SC Phönix Essen 1920","GWD Minden",11,18,FALSE,0,NA,NA,0,0,0,NA,0,0,0,0,0,0,NA,NA,NA,NA,NA,NA,NA,NA,0,0,0,0,NA,NA,NA,NA,NA
"Ingo Callies","b0b0659b-3955-11ef-87aa-a36230ada079",NA,NA,1973,"2/1/1974","5d481338-3960-11ef-86f4-7b2e16e5ffcd","away","SC Phönix Essen 1920","GWD Minden",11,18,FALSE,1,NA,NA,0,0,1,NA,0,0,0,0,0,0,NA,NA,NA,NA,NA,NA,NA,NA,0,0,0,0,NA,NA,NA,NA,NA
"Bernd Tolksdorf","bae02284-3955-11ef-b577-ab397f561917",NA,NA,1973,"2/1/1974","5d481338-3960-11ef-86f4-7b2e16e5ffcd","away","SC Phönix Essen 1920","GWD Minden",11,18,FALSE,2,NA,NA,0,0,0,NA,0,0,0,0,0,0,NA,NA,NA,NA,NA,NA,NA,NA,0,0,0,0,NA,NA,NA,NA,NA
"Klaus Kirschner","bae43a44-3955-11ef-ae7c-ab397f561917",NA,NA,1973,"2/1/1974","5d481338-3960-11ef-86f4-7b2e16e5ffcd","away","SC Phönix Essen 1920","GWD Minden",11,18,FALSE,0,NA,NA,0,0,0,NA,0,0,0,0,0,0,NA,NA,NA,NA,NA,NA,NA,NA,0,0,0,0,NA,NA,NA,NA,NA
"Manfred Schaper","bd401c7e-3955-11ef-8d67-ab397f561917",NA,NA,1973,"2/1/1974","5d481338-3960-11ef-86f4-7b2e16e5ffcd","away","SC Phönix Essen 1920","GWD Minden",11,18,FALSE,0,NA,NA,0,0,0,NA,0,0,0,0,0,0,NA,NA,NA,NA,NA,NA,NA,NA,0,0,0,0,NA,NA,NA,NA,NA
"Norbert Kroker","bd441662-3955-11ef-b771-ab397f561917",NA,NA,1973,"2/1/1974","5d481338-3960-11ef-86f4-7b2e16e5ffcd","away","SC Phönix Essen 1920","GWD Minden",11,18,FALSE,1,NA,NA,0,0,1,NA,0,0,0,0,0,0,NA,NA,NA,NA,NA,NA,NA,NA,0,0,0,0,NA,NA,NA,NA,NA
"Manfred Wolf","bd4f3381-3955-11ef-904e-ab397f561917",NA,NA,1973,"2/1/1974","5d481338-3960-11ef-86f4-7b2e16e5ffcd","away","SC Phönix Essen 1920","GWD Minden",11,18,FALSE,2,NA,NA,0,0,0,NA,0,0,0,0,0,0,NA,NA,NA,NA,NA,NA,NA,NA,0,0,0,0,NA,NA,NA,NA,NA
"Rainer Hill","bd56ea43-3955-11ef-a0dc-ab397f561917",NA,NA,1973,"2/1/1974","5d481338-3960-11ef-86f4-7b2e16e5ffcd","away","SC Phönix Essen 1920","GWD Minden",11,18,FALSE,0,NA,NA,0,0,0,NA,0,0,0,0,0,0,NA,NA,NA,NA,NA,NA,NA,NA,0,0,0,0,NA,NA,NA,NA,NA
"Walter Don","73f54ad3-3955-11ef-b2c6-51fdf2a82730",NA,NA,1973,"2/1/1974","68188516-3960-11ef-87bd-2906cc9fb6bc","home","TV 05/07 Hüttenberg","S3L Handball",19,14,TRUE,3,NA,NA,0,0,0,NA,0,0,0,0,0,0,NA,NA,NA,NA,NA,NA,NA,NA,0,0,0,0,NA,NA,NA,NA,NA
"Hans-Jürgen Völpel","80753eec-3955-11ef-bd2e-b908c60af10a",NA,NA,1973,"2/1/1974","68188516-3960-11ef-87bd-2906cc9fb6bc","home","TV 05/07 Hüttenberg","S3L Handball",19,14,TRUE,2,NA,NA,0,0,0,NA,0,0,0,0,0,0,NA,NA,NA,NA,NA,NA,NA,NA,0,0,0,0,NA,NA,NA,NA,NA
"Horst Spengler","80adf446-3955-11ef-a1e6-b908c60af10a",NA,NA,1973,"2/1/1974","68188516-3960-11ef-87bd-2906cc9fb6bc","home","TV 05/07 Hüttenberg","S3L Handball",19,14,TRUE,0,NA,NA,0,0,3,NA,0,0,0,0,0,0,NA,NA,NA,NA,NA,NA,NA,NA,0,0,0,0,NA,NA,NA,NA,NA
"Richard Boczkowski","a1b43836-3955-11ef-934f-2510cc07ea6e",NA,NA,1973,"2/1/1974","68188516-3960-11ef-87bd-2906cc9fb6bc","home","TV 05/07 Hüttenberg","S3L Handball",19,14,TRUE,0,NA,NA,0,0,0,NA,0,0,0,0,0,0,NA,NA,NA,NA,NA,NA,NA,NA,0,0,0,0,NA,NA,NA,NA,NA
"Norbert Bach","a3be6ba6-3955-11ef-9511-2510cc07ea6e",NA,NA,1973,"2/1/1974","68188516-3960-11ef-87bd-2906cc9fb6bc","home","TV 05/07 Hüttenberg","S3L Handball",19,14,TRUE,5,NA,NA,0,0,0,NA,0,0,0,0,0,0,NA,NA,NA,NA,NA,NA,NA,NA,0,0,0,0,NA,NA,NA,NA,NA
"Stefan Schicketanz","a3d099d4-3955-11ef-90b6-2510cc07ea6e",NA,NA,1973,"2/1/1974","68188516-3960-11ef-87bd-2906cc9fb6bc","home","TV 05/07 Hüttenberg","S3L Handball",19,14,TRUE,2,NA,NA,0,0,0,NA,0,0,0,0,0,0,NA,NA,NA,NA,NA,NA,NA,NA,0,0,0,0,NA,NA,NA,NA,NA
"Udo Uebbing","ae4823ea-3955-11ef-93ce-a36230ada079",NA,NA,1973,"2/1/1974","68188516-3960-11ef-87bd-2906cc9fb6bc","home","TV 05/07 Hüttenberg","S3L Handball",19,14,TRUE,6,NA,NA,0,0,0,NA,0,0,0,0,0,0,NA,NA,NA,NA,NA,NA,NA,NA,0,0,0,0,NA,NA,NA,NA,NA
"Rolf Kunz","bb7de91c-3955-11ef-8de2-ab397f561917",NA,NA,1973,"2/1/1974","68188516-3960-11ef-87bd-2906cc9fb6bc","home","TV 05/07 Hüttenberg","S3L Handball",19,14,TRUE,0,NA,NA,0,0,0,NA,0,0,0,0,0,0,NA,NA,NA,NA,NA,NA,NA,NA,0,0,0,0,NA,NA,NA,NA,NA
"Rainer Joost","bb83a6fb-3955-11ef-b43f-ab397f561917",NA,NA,1973,"2/1/1974","68188516-3960-11ef-87bd-2906cc9fb6bc","home","TV 05/07 Hüttenberg","S3L Handball",19,14,TRUE,0,NA,NA,0,0,0,NA,0,0,0,0,0,0,NA,NA,NA,NA,NA,NA,NA,NA,0,0,0,0,NA,NA,NA,NA,NA
"Dieter Beckmann","bb888d20-3955-11ef-b8c5-ab397f561917",NA,NA,1973,"2/1/1974","68188516-3960-11ef-87bd-2906cc9fb6bc","home","TV 05/07 Hüttenberg","S3L Handball",19,14,TRUE,0,NA,NA,0,0,0,NA,0,0,0,0,0,0,NA,NA,NA,NA,NA,NA,NA,NA,0,0,0,0,NA,NA,NA,NA,NA
"Andrija Kotlas","bde016f5-3955-11ef-b96c-ab397f561917",NA,NA,1973,"2/1/1974","68188516-3960-11ef-87bd-2906cc9fb6bc","home","TV 05/07 Hüttenberg","S3L Handball",19,14,TRUE,1,NA,NA,0,0,0,NA,0,0,0,0,0,0,NA,NA,NA,NA,NA,NA,NA,NA,0,0,0,0,NA,NA,NA,NA,NA
"Werner Osada","98d8c8ac-3955-11ef-b6db-292be3190b7b",NA,NA,1973,"2/1/1974","68188516-3960-11ef-87bd-2906cc9fb6bc","away","S3L Handball","TV 05/07 Hüttenberg",14,19,FALSE,2,NA,NA,0,0,1,NA,0,0,0,0,0,0,NA,NA,NA,NA,NA,NA,NA,NA,0,0,0,0,NA,NA,NA,NA,NA
"Manfred Müller","ae54e819-3955-11ef-81e8-a36230ada079",NA,NA,1973,"2/1/1974","68188516-3960-11ef-87bd-2906cc9fb6bc","away","S3L Handball","TV 05/07 Hüttenberg",14,19,FALSE,0,NA,NA,0,0,0,NA,0,0,0,0,0,0,NA,NA,NA,NA,NA,NA,NA,NA,0,0,0,0,NA,NA,NA,NA,NA
"Georg Fitz","ae68320c-3955-11ef-89fa-a36230ada079",NA,NA,1973,"2/1/1974","68188516-3960-11ef-87bd-2906cc9fb6bc","away","S3L Handball","TV 05/07 Hüttenberg",14,19,FALSE,0,NA,NA,0,0,0,NA,0,0,0,0,0,0,NA,NA,NA,NA,NA,NA,NA,NA,0,0,0,0,NA,NA,NA,NA,NA
"Franz Rupp","ae6c7950-3955-11ef-87dd-a36230ada079",NA,NA,1973,"2/1/1974","68188516-3960-11ef-87bd-2906cc9fb6bc","away","S3L Handball","TV 05/07 Hüttenberg",14,19,FALSE,1,NA,NA,0,0,0,NA,0,0,0,0,0,0,NA,NA,NA,NA,NA,NA,NA,NA,0,0,0,0,NA,NA,NA,NA,NA
"Bernd Frühauf","ae71d80f-3955-11ef-a219-a36230ada079",NA,NA,1973,"2/1/1974","68188516-3960-11ef-87bd-2906cc9fb6bc","away","S3L Handball","TV 05/07 Hüttenberg",14,19,FALSE,2,NA,NA,0,0,0,NA,0,0,0,0,0,0,NA,NA,NA,NA,NA,NA,NA,NA,0,0,0,0,NA,NA,NA,NA,NA
"Robert Becker","ae8c50f9-3955-11ef-91c4-a36230ada079",NA,NA,1973,"2/1/1974","68188516-3960-11ef-87bd-2906cc9fb6bc","away","S3L Handball","TV 05/07 Hüttenberg",14,19,FALSE,1,NA,NA,0,0,0,NA,0,0,0,0,0,0,NA,NA,NA,NA,NA,NA,NA,NA,0,0,0,0,NA,NA,NA,NA,NA
"Jürgen Hahn","ae947745-3955-11ef-bc54-a36230ada079",NA,NA,1973,"2/1/1974","68188516-3960-11ef-87bd-2906cc9fb6bc","away","S3L Handball","TV 05/07 Hüttenberg",14,19,FALSE,3,NA,NA,0,0,0,NA,0,0,0,0,0,0,NA,NA,NA,NA,NA,NA,NA,NA,0,0,0,0,NA,NA,NA,NA,NA
"Hansjörg Jäck","b166bd31-3955-11ef-bed1-a36230ada079",NA,NA,1973,"2/1/1974","68188516-3960-11ef-87bd-2906cc9fb6bc","away","S3L Handball","TV 05/07 Hüttenberg",14,19,FALSE,0,NA,NA,0,0,0,NA,0,0,0,0,0,0,NA,NA,NA,NA,NA,NA,NA,NA,0,0,0,0,NA,NA,NA,NA,NA
"Markus Hädrich","ba389acc-3955-11ef-8b9d-ab397f561917",NA,NA,1973,"2/1/1974","68188516-3960-11ef-87bd-2906cc9fb6bc","away","S3L Handball","TV 05/07 Hüttenberg",14,19,FALSE,0,NA,NA,0,0,0,NA,0,0,0,0,0,0,NA,NA,NA,NA,NA,NA,NA,NA,0,0,0,0,NA,NA,NA,NA,NA
"Werner Pruscha","bb9c8e56-3955-11ef-ac18-ab397f561917",NA,NA,1973,"2/1/1974","68188516-3960-11ef-87bd-2906cc9fb6bc","away","S3L Handball","TV 05/07 Hüttenberg",14,19,FALSE,0,NA,NA,0,0,0,NA,0,0,0,0,0,0,NA,NA,NA,NA,NA,NA,NA,NA,0,0,0,0,NA,NA,NA,NA,NA
"Wolfhardt Bühler","bba2fc92-3955-11ef-a8d6-ab397f561917",NA,NA,1973,"2/1/1974","68188516-3960-11ef-87bd-2906cc9fb6bc","away","S3L Handball","TV 05/07 Hüttenberg",14,19,FALSE,5,NA,NA,0,0,2,NA,0,0,0,0,0,0,NA,NA,NA,NA,NA,NA,NA,NA,0,0,0,0,NA,NA,NA,NA,NA
"Arno Schandin","bded1584-3955-11ef-8a76-ab397f561917",NA,NA,1973,"2/1/1974","68188516-3960-11ef-87bd-2906cc9fb6bc","away","S3L Handball","TV 05/07 Hüttenberg",14,19,FALSE,0,NA,NA,0,0,0,NA,0,0,0,0,0,0,NA,NA,NA,NA,NA,NA,NA,NA,0,0,0,0,NA,NA,NA,NA,NA
"Kurt Klühspies","5ac3e7d7-3955-11ef-b574-4fa817cd91bb",NA,NA,1973,"2/1/1974","69e8f0d0-3960-11ef-b1a2-2906cc9fb6bc","home","TV Großwallstadt","TSV Milbertshofen",17,15,TRUE,5,NA,NA,0,0,1,NA,0,0,0,0,0,0,NA,NA,NA,NA,NA,NA,NA,NA,0,0,0,0,NA,NA,NA,NA,NA
"Manfred Hofmann","6855eb0b-3955-11ef-8cb3-292be3190b7b",NA,NA,1973,"2/1/1974","69e8f0d0-3960-11ef-b1a2-2906cc9fb6bc","home","TV Großwallstadt","TSV Milbertshofen",17,15,TRUE,0,NA,NA,0,0,0,NA,0,0,0,0,0,0,NA,NA,NA,NA,NA,NA,NA,NA,0,0,0,0,NA,NA,NA,NA,NA
"Thomas Sinsel","8adb8152-3955-11ef-b2de-81dc40648355",NA,NA,1973,"2/1/1974","69e8f0d0-3960-11ef-b1a2-2906cc9fb6bc","home","TV Großwallstadt","TSV Milbertshofen",17,15,TRUE,1,NA,NA,0,0,0,NA,0,0,0,0,0,0,NA,NA,NA,NA,NA,NA,NA,NA,0,0,0,0,NA,NA,NA,NA,NA
"Manfred Schwarz","96d98e53-3955-11ef-a3c9-292be3190b7b",NA,NA,1973,"2/1/1974","69e8f0d0-3960-11ef-b1a2-2906cc9fb6bc","home","TV Großwallstadt","TSV Milbertshofen",17,15,TRUE,0,NA,NA,0,0,0,NA,0,0,0,0,0,0,NA,NA,NA,NA,NA,NA,NA,NA,0,0,0,0,NA,NA,NA,NA,NA
"Arno Böckling","a3c38db5-3955-11ef-810f-2510cc07ea6e",NA,NA,1973,"2/1/1974","69e8f0d0-3960-11ef-b1a2-2906cc9fb6bc","home","TV Großwallstadt","TSV Milbertshofen",17,15,TRUE,5,NA,NA,0,0,0,NA,0,0,0,0,0,0,NA,NA,NA,NA,NA,NA,NA,NA,0,0,0,0,NA,NA,NA,NA,NA
"Eckhardt Suffel","aeac0503-3955-11ef-88c6-a36230ada079",NA,NA,1973,"2/1/1974","69e8f0d0-3960-11ef-b1a2-2906cc9fb6bc","home","TV Großwallstadt","TSV Milbertshofen",17,15,TRUE,0,NA,NA,0,0,0,NA,0,0,0,0,0,0,NA,NA,NA,NA,NA,NA,NA,NA,0,0,0,0,NA,NA,NA,NA,NA
"Norbert Klein","b18179dc-3955-11ef-acc0-a36230ada079",NA,NA,1973,"2/1/1974","69e8f0d0-3960-11ef-b1a2-2906cc9fb6bc","home","TV Großwallstadt","TSV Milbertshofen",17,15,TRUE,0,NA,NA,0,0,0,NA,0,0,0,0,0,0,NA,NA,NA,NA,NA,NA,NA,NA,0,0,0,0,NA,NA,NA,NA,NA
"Peter Kuß","bbc18adb-3955-11ef-a5f7-ab397f561917",NA,NA,1973,"2/1/1974","69e8f0d0-3960-11ef-b1a2-2906cc9fb6bc","home","TV Großwallstadt","TSV Milbertshofen",17,15,TRUE,3,NA,NA,0,0,0,NA,0,0,0,0,0,0,NA,NA,NA,NA,NA,NA,NA,NA,0,0,0,0,NA,NA,NA,NA,NA
"Dieter Heß","bbc55957-3955-11ef-a14e-ab397f561917",NA,NA,1973,"2/1/1974","69e8f0d0-3960-11ef-b1a2-2906cc9fb6bc","home","TV Großwallstadt","TSV Milbertshofen",17,15,TRUE,0,NA,NA,0,0,0,NA,0,0,0,0,0,0,NA,NA,NA,NA,NA,NA,NA,NA,0,0,0,0,NA,NA,NA,NA,NA
"Rainer Oberle","be123408-3955-11ef-92a6-ab397f561917",NA,NA,1973,"2/1/1974","69e8f0d0-3960-11ef-b1a2-2906cc9fb6bc","home","TV Großwallstadt","TSV Milbertshofen",17,15,TRUE,1,NA,NA,0,0,0,NA,0,0,0,0,0,0,NA,NA,NA,NA,NA,NA,NA,NA,0,0,0,0,NA,NA,NA,NA,NA
"Josef Karrer","be167639-3955-11ef-ac70-ab397f561917",NA,NA,1973,"2/1/1974","69e8f0d0-3960-11ef-b1a2-2906cc9fb6bc","home","TV Großwallstadt","TSV Milbertshofen",17,15,TRUE,2,NA,NA,0,0,0,NA,0,0,0,0,0,0,NA,NA,NA,NA,NA,NA,NA,NA,0,0,0,0,NA,NA,NA,NA,NA
"Wolfgang Sommerfeld","74c0be88-3955-11ef-89fd-51fdf2a82730",NA,NA,1973,"2/1/1974","69e8f0d0-3960-11ef-b1a2-2906cc9fb6bc","away","TSV Milbertshofen","TV Großwallstadt",15,17,FALSE,0,NA,NA,0,0,0,NA,0,0,0,0,0,0,NA,NA,NA,NA,NA,NA,NA,NA,0,0,0,0,NA,NA,NA,NA,NA
"Rainer Olbert","80d00b6a-3955-11ef-ab11-b908c60af10a",NA,NA,1973,"2/1/1974","69e8f0d0-3960-11ef-b1a2-2906cc9fb6bc","away","TSV Milbertshofen","TV Großwallstadt",15,17,FALSE,0,NA,NA,0,0,0,NA,0,0,0,0,0,0,NA,NA,NA,NA,NA,NA,NA,NA,0,0,0,0,NA,NA,NA,NA,NA
"Udo Böbel","80d4ba37-3955-11ef-9d8b-b908c60af10a",NA,NA,1973,"2/1/1974","69e8f0d0-3960-11ef-b1a2-2906cc9fb6bc","away","TSV Milbertshofen","TV Großwallstadt",15,17,FALSE,2,NA,NA,0,0,0,NA,0,0,0,0,0,0,NA,NA,NA,NA,NA,NA,NA,NA,0,0,0,0,NA,NA,NA,NA,NA
"Peter Jaschke","8b728782-3955-11ef-8da6-81dc40648355",NA,NA,1973,"2/1/1974","69e8f0d0-3960-11ef-b1a2-2906cc9fb6bc","away","TSV Milbertshofen","TV Großwallstadt",15,17,FALSE,0,NA,NA,0,0,0,NA,0,0,0,0,0,0,NA,NA,NA,NA,NA,NA,NA,NA,0,0,0,0,NA,NA,NA,NA,NA
"Werner Winkelmeier","9712104e-3955-11ef-9613-292be3190b7b",NA,NA,1973,"2/1/1974","69e8f0d0-3960-11ef-b1a2-2906cc9fb6bc","away","TSV Milbertshofen","TV Großwallstadt",15,17,FALSE,3,NA,NA,0,0,0,NA,0,0,0,0,0,0,NA,NA,NA,NA,NA,NA,NA,NA,0,0,0,0,NA,NA,NA,NA,NA
"Josef Kiener","972d7d47-3955-11ef-a437-292be3190b7b",NA,NA,1973,"2/1/1974","69e8f0d0-3960-11ef-b1a2-2906cc9fb6bc","away","TSV Milbertshofen","TV Großwallstadt",15,17,FALSE,1,NA,NA,0,0,0,NA,0,0,0,0,0,0,NA,NA,NA,NA,NA,NA,NA,NA,0,0,0,0,NA,NA,NA,NA,NA
"Rudolf Dobler","97ac407c-3955-11ef-9ea9-292be3190b7b",NA,NA,1973,"2/1/1974","69e8f0d0-3960-11ef-b1a2-2906cc9fb6bc","away","TSV Milbertshofen","TV Großwallstadt",15,17,FALSE,3,NA,NA,0,0,0,NA,0,0,0,0,0,0,NA,NA,NA,NA,NA,NA,NA,NA,0,0,0,0,NA,NA,NA,NA,NA
"Erwin Heilmeier","af09c6c5-3955-11ef-9faa-a36230ada079",NA,NA,1973,"2/1/1974","69e8f0d0-3960-11ef-b1a2-2906cc9fb6bc","away","TSV Milbertshofen","TV Großwallstadt",15,17,FALSE,1,NA,NA,0,0,0,NA,0,0,0,0,0,0,NA,NA,NA,NA,NA,NA,NA,NA,0,0,0,0,NA,NA,NA,NA,NA
"Jochen Heyne","b1c06894-3955-11ef-ab50-a36230ada079",NA,NA,1973,"2/1/1974","69e8f0d0-3960-11ef-b1a2-2906cc9fb6bc","away","TSV Milbertshofen","TV Großwallstadt",15,17,FALSE,2,NA,NA,0,0,0,NA,0,0,0,0,0,0,NA,NA,NA,NA,NA,NA,NA,NA,0,0,0,0,NA,NA,NA,NA,NA
"Helmut Schelchshorn","b1c960ef-3955-11ef-850b-a36230ada079",NA,NA,1973,"2/1/1974","69e8f0d0-3960-11ef-b1a2-2906cc9fb6bc","away","TSV Milbertshofen","TV Großwallstadt",15,17,FALSE,2,NA,NA,0,0,0,NA,0,0,0,0,0,0,NA,NA,NA,NA,NA,NA,NA,NA,0,0,0,0,NA,NA,NA,NA,NA
"Peter Feddern","bc1b1b3e-3955-11ef-9c4e-ab397f561917",NA,NA,1973,"2/1/1974","69e8f0d0-3960-11ef-b1a2-2906cc9fb6bc","away","TSV Milbertshofen","TV Großwallstadt",15,17,FALSE,1,NA,NA,0,0,0,NA,0,0,0,0,0,0,NA,NA,NA,NA,NA,NA,NA,NA,0,0,0,0,NA,NA,NA,NA,NA
"Heinz-Theo Kaus","8086fdf9-3955-11ef-938f-b908c60af10a",NA,NA,1973,"2/1/1974","6a89eb19-3960-11ef-80c1-2906cc9fb6bc","home","SG Dietzenbach","TSV 1846 Butzbach",18,14,TRUE,0,NA,NA,0,0,0,NA,0,0,0,0,0,0,NA,NA,NA,NA,NA,NA,NA,NA,0,0,0,0,NA,NA,NA,NA,NA
"Heinz-Walter Behne","8be65881-3955-11ef-8872-81dc40648355",NA,NA,1973,"2/1/1974","6a89eb19-3960-11ef-80c1-2906cc9fb6bc","home","SG Dietzenbach","TSV 1846 Butzbach",18,14,TRUE,2,NA,NA,0,0,0,NA,0,0,0,0,0,0,NA,NA,NA,NA,NA,NA,NA,NA,0,0,0,0,NA,NA,NA,NA,NA
"Herbert Wehnert","96e104db-3955-11ef-b58d-292be3190b7b",NA,NA,1973,"2/1/1974","6a89eb19-3960-11ef-80c1-2906cc9fb6bc","home","SG Dietzenbach","TSV 1846 Butzbach",18,14,TRUE,4,NA,NA,0,0,1,NA,0,0,0,0,0,0,NA,NA,NA,NA,NA,NA,NA,NA,0,0,0,0,NA,NA,NA,NA,NA
"Heinrich Baum","af2c6c48-3955-11ef-964a-a36230ada079",NA,NA,1973,"2/1/1974","6a89eb19-3960-11ef-80c1-2906cc9fb6bc","home","SG Dietzenbach","TSV 1846 Butzbach",18,14,TRUE,2,NA,NA,0,0,0,NA,0,0,0,0,0,0,NA,NA,NA,NA,NA,NA,NA,NA,0,0,0,0,NA,NA,NA,NA,NA
"Klaus Rettig","b1d1aa4c-3955-11ef-baf9-a36230ada079",NA,NA,1973,"2/1/1974","6a89eb19-3960-11ef-80c1-2906cc9fb6bc","home","SG Dietzenbach","TSV 1846 Butzbach",18,14,TRUE,5,NA,NA,0,0,1,NA,0,0,0,0,0,0,NA,NA,NA,NA,NA,NA,NA,NA,0,0,0,0,NA,NA,NA,NA,NA
"Reinhold Jerwan","b1d5c150-3955-11ef-9027-a36230ada079",NA,NA,1973,"2/1/1974","6a89eb19-3960-11ef-80c1-2906cc9fb6bc","home","SG Dietzenbach","TSV 1846 Butzbach",18,14,TRUE,1,NA,NA,0,0,0,NA,0,0,0,0,0,0,NA,NA,NA,NA,NA,NA,NA,NA,0,0,0,0,NA,NA,NA,NA,NA
"Herbert Striebel","c682be45-3955-11ef-8eab-157c9bc18a5f",NA,NA,1973,"2/1/1974","6a89eb19-3960-11ef-80c1-2906cc9fb6bc","home","SG Dietzenbach","TSV 1846 Butzbach",18,14,TRUE,1,NA,NA,0,0,0,NA,0,0,0,0,0,0,NA,NA,NA,NA,NA,NA,NA,NA,0,0,0,0,NA,NA,NA,NA,NA
"Norbert Kern","c6961a09-3955-11ef-8bcc-157c9bc18a5f",NA,NA,1973,"2/1/1974","6a89eb19-3960-11ef-80c1-2906cc9fb6bc","home","SG Dietzenbach","TSV 1846 Butzbach",18,14,TRUE,2,NA,NA,0,0,0,NA,0,0,0,0,0,0,NA,NA,NA,NA,NA,NA,NA,NA,0,0,0,0,NA,NA,NA,NA,NA
"Wolfgang Pelzer","c69f3508-3955-11ef-89d5-157c9bc18a5f",NA,NA,1973,"2/1/1974","6a89eb19-3960-11ef-80c1-2906cc9fb6bc","home","SG Dietzenbach","TSV 1846 Butzbach",18,14,TRUE,1,NA,NA,0,0,0,NA,0,0,0,0,0,0,NA,NA,NA,NA,NA,NA,NA,NA,0,0,0,0,NA,NA,NA,NA,NA
"Wilfried Wess","c6a3dc15-3955-11ef-b557-157c9bc18a5f",NA,NA,1973,"2/1/1974","6a89eb19-3960-11ef-80c1-2906cc9fb6bc","home","SG Dietzenbach","TSV 1846 Butzbach",18,14,TRUE,0,NA,NA,0,0,0,NA,0,0,0,0,0,0,NA,NA,NA,NA,NA,NA,NA,NA,0,0,0,0,NA,NA,NA,NA,NA
"Zdenko Kováč","8d018220-3955-11ef-82c3-81dc40648355",NA,NA,1973,"2/1/1974","6a89eb19-3960-11ef-80c1-2906cc9fb6bc","away","TSV 1846 Butzbach","SG Dietzenbach",14,18,FALSE,0,NA,NA,0,0,0,NA,0,0,0,0,0,0,NA,NA,NA,NA,NA,NA,NA,NA,0,0,0,0,NA,NA,NA,NA,NA
"Klaus Meineke","8d0eefb2-3955-11ef-a068-81dc40648355",NA,NA,1973,"2/1/1974","6a89eb19-3960-11ef-80c1-2906cc9fb6bc","away","TSV 1846 Butzbach","SG Dietzenbach",14,18,FALSE,0,NA,NA,0,0,0,NA,0,0,0,0,0,0,NA,NA,NA,NA,NA,NA,NA,NA,0,0,0,0,NA,NA,NA,NA,NA
"Rolf Allendörfer","97c4e757-3955-11ef-8b41-292be3190b7b",NA,NA,1973,"2/1/1974","6a89eb19-3960-11ef-80c1-2906cc9fb6bc","away","TSV 1846 Butzbach","SG Dietzenbach",14,18,FALSE,0,NA,NA,0,0,0,NA,0,0,0,0,0,0,NA,NA,NA,NA,NA,NA,NA,NA,0,0,0,0,NA,NA,NA,NA,NA
"Günter Timmermann","bb79f127-3955-11ef-ae8c-ab397f561917",NA,NA,1973,"2/1/1974","6a89eb19-3960-11ef-80c1-2906cc9fb6bc","away","TSV 1846 Butzbach","SG Dietzenbach",14,18,FALSE,0,NA,NA,0,0,0,NA,0,0,0,0,0,0,NA,NA,NA,NA,NA,NA,NA,NA,0,0,0,0,NA,NA,NA,NA,NA
"Rolf Grotegut","bc3000ec-3955-11ef-97c5-ab397f561917",NA,NA,1973,"2/1/1974","6a89eb19-3960-11ef-80c1-2906cc9fb6bc","away","TSV 1846 Butzbach","SG Dietzenbach",14,18,FALSE,0,NA,NA,0,0,0,NA,0,0,0,0,0,0,NA,NA,NA,NA,NA,NA,NA,NA,0,0,0,0,NA,NA,NA,NA,NA
"Hans-Joachim Röhrig","bc371f1f-3955-11ef-bcd4-ab397f561917",NA,NA,1973,"2/1/1974","6a89eb19-3960-11ef-80c1-2906cc9fb6bc","away","TSV 1846 Butzbach","SG Dietzenbach",14,18,FALSE,3,NA,NA,0,0,0,NA,0,0,0,0,0,0,NA,NA,NA,NA,NA,NA,NA,NA,0,0,0,0,NA,NA,NA,NA,NA
"Alfred Walter","bc3f22f5-3955-11ef-9558-ab397f561917",NA,NA,1973,"2/1/1974","6a89eb19-3960-11ef-80c1-2906cc9fb6bc","away","TSV 1846 Butzbach","SG Dietzenbach",14,18,FALSE,4,NA,NA,0,0,4,NA,0,0,0,0,0,0,NA,NA,NA,NA,NA,NA,NA,NA,0,0,0,0,NA,NA,NA,NA,NA
"Bernd Lind","bc4b1939-3955-11ef-95dd-ab397f561917",NA,NA,1973,"2/1/1974","6a89eb19-3960-11ef-80c1-2906cc9fb6bc","away","TSV 1846 Butzbach","SG Dietzenbach",14,18,FALSE,0,NA,NA,0,0,0,NA,0,0,0,0,0,0,NA,NA,NA,NA,NA,NA,NA,NA,0,0,0,0,NA,NA,NA,NA,NA
"Robert Ringleb","bc52ae17-3955-11ef-80f1-ab397f561917",NA,NA,1973,"2/1/1974","6a89eb19-3960-11ef-80c1-2906cc9fb6bc","away","TSV 1846 Butzbach","SG Dietzenbach",14,18,FALSE,3,NA,NA,0,0,0,NA,0,0,0,0,0,0,NA,NA,NA,NA,NA,NA,NA,NA,0,0,0,0,NA,NA,NA,NA,NA
"Klaus Karg","c6d8aa2a-3955-11ef-ab2b-157c9bc18a5f",NA,NA,1973,"2/1/1974","6a89eb19-3960-11ef-80c1-2906cc9fb6bc","away","TSV 1846 Butzbach","SG Dietzenbach",14,18,FALSE,1,NA,NA,0,0,0,NA,0,0,0,0,0,0,NA,NA,NA,NA,NA,NA,NA,NA,0,0,0,0,NA,NA,NA,NA,NA
"Anton Turkalj","c6dcd936-3955-11ef-9d1b-157c9bc18a5f",NA,NA,1973,"2/1/1974","6a89eb19-3960-11ef-80c1-2906cc9fb6bc","away","TSV 1846 Butzbach","SG Dietzenbach",14,18,FALSE,3,NA,NA,0,0,0,NA,0,0,0,0,0,0,NA,NA,NA,NA,NA,NA,NA,NA,0,0,0,0,NA,NA,NA,NA,NA
"Walter Salzer","8d394c72-3955-11ef-8d73-81dc40648355",NA,NA,1973,"2/1/1974","71dfa8b9-3960-11ef-bb9a-2906cc9fb6bc","home","TV 1893 Neuhausen","TSV 1896 Rintheim",16,12,TRUE,8,NA,NA,0,0,4,NA,0,0,0,0,0,0,NA,NA,NA,NA,NA,NA,NA,NA,0,0,0,0,NA,NA,NA,NA,NA
"Klaus Stoll","a42e01cc-3955-11ef-b661-2510cc07ea6e",NA,NA,1973,"2/1/1974","71dfa8b9-3960-11ef-bb9a-2906cc9fb6bc","home","TV 1893 Neuhausen","TSV 1896 Rintheim",16,12,TRUE,0,NA,NA,0,0,0,NA,0,0,0,0,0,0,NA,NA,NA,NA,NA,NA,NA,NA,0,0,0,0,NA,NA,NA,NA,NA
"Julius Lehmann","a448c9e2-3955-11ef-9bf8-2510cc07ea6e",NA,NA,1973,"2/1/1974","71dfa8b9-3960-11ef-bb9a-2906cc9fb6bc","home","TV 1893 Neuhausen","TSV 1896 Rintheim",16,12,TRUE,1,NA,NA,0,0,0,NA,0,0,0,0,0,0,NA,NA,NA,NA,NA,NA,NA,NA,0,0,0,0,NA,NA,NA,NA,NA
"Manfred Reusch","a45a1b11-3955-11ef-8135-2510cc07ea6e",NA,NA,1973,"2/1/1974","71dfa8b9-3960-11ef-bb9a-2906cc9fb6bc","home","TV 1893 Neuhausen","TSV 1896 Rintheim",16,12,TRUE,1,NA,NA,0,0,0,NA,0,0,0,0,0,0,NA,NA,NA,NA,NA,NA,NA,NA,0,0,0,0,NA,NA,NA,NA,NA
"Manfred Schmid","a468025d-3955-11ef-ae56-2510cc07ea6e",NA,NA,1973,"2/1/1974","71dfa8b9-3960-11ef-bb9a-2906cc9fb6bc","home","TV 1893 Neuhausen","TSV 1896 Rintheim",16,12,TRUE,0,NA,NA,0,0,0,NA,0,0,0,0,0,0,NA,NA,NA,NA,NA,NA,NA,NA,0,0,0,0,NA,NA,NA,NA,NA
"Johann Högl","b2211f04-3955-11ef-a5bd-a36230ada079",NA,NA,1973,"2/1/1974","71dfa8b9-3960-11ef-bb9a-2906cc9fb6bc","home","TV 1893 Neuhausen","TSV 1896 Rintheim",16,12,TRUE,0,NA,NA,0,0,0,NA,0,0,0,0,0,0,NA,NA,NA,NA,NA,NA,NA,NA,0,0,0,0,NA,NA,NA,NA,NA
"Martin Streicher","b2277c0b-3955-11ef-b9c1-a36230ada079",NA,NA,1973,"2/1/1974","71dfa8b9-3960-11ef-bb9a-2906cc9fb6bc","home","TV 1893 Neuhausen","TSV 1896 Rintheim",16,12,TRUE,0,NA,NA,0,0,0,NA,0,0,0,0,0,0,NA,NA,NA,NA,NA,NA,NA,NA,0,0,0,0,NA,NA,NA,NA,NA
"Kurt Reusch","b22cb722-3955-11ef-b081-a36230ada079",NA,NA,1973,"2/1/1974","71dfa8b9-3960-11ef-bb9a-2906cc9fb6bc","home","TV 1893 Neuhausen","TSV 1896 Rintheim",16,12,TRUE,5,NA,NA,0,0,2,NA,0,0,0,0,0,0,NA,NA,NA,NA,NA,NA,NA,NA,0,0,0,0,NA,NA,NA,NA,NA
"Bernd Scheid","c71f654f-3955-11ef-a98f-157c9bc18a5f",NA,NA,1973,"2/1/1974","71dfa8b9-3960-11ef-bb9a-2906cc9fb6bc","home","TV 1893 Neuhausen","TSV 1896 Rintheim",16,12,TRUE,1,NA,NA,0,0,0,NA,0,0,0,0,0,0,NA,NA,NA,NA,NA,NA,NA,NA,0,0,0,0,NA,NA,NA,NA,NA
"Klaus Streicher","c728c012-3955-11ef-9cab-157c9bc18a5f",NA,NA,1973,"2/1/1974","71dfa8b9-3960-11ef-bb9a-2906cc9fb6bc","home","TV 1893 Neuhausen","TSV 1896 Rintheim",16,12,TRUE,0,NA,NA,0,0,0,NA,0,0,0,0,0,0,NA,NA,NA,NA,NA,NA,NA,NA,0,0,0,0,NA,NA,NA,NA,NA
"Lothar Gradwohl","c72d20e3-3955-11ef-8433-157c9bc18a5f",NA,NA,1973,"2/1/1974","71dfa8b9-3960-11ef-bb9a-2906cc9fb6bc","home","TV 1893 Neuhausen","TSV 1896 Rintheim",16,12,TRUE,0,NA,NA,0,0,0,NA,0,0,0,0,0,0,NA,NA,NA,NA,NA,NA,NA,NA,0,0,0,0,NA,NA,NA,NA,NA
"Manfred Schulz","8bc2b5ea-3955-11ef-8d03-81dc40648355",NA,NA,1973,"2/1/1974","71dfa8b9-3960-11ef-bb9a-2906cc9fb6bc","away","TSV 1896 Rintheim","TV 1893 Neuhausen",12,16,FALSE,0,NA,NA,0,0,0,NA,0,0,0,0,0,0,NA,NA,NA,NA,NA,NA,NA,NA,0,0,0,0,NA,NA,NA,NA,NA
"Wolf-Dieter Nagel","8d41486b-3955-11ef-8d22-81dc40648355",NA,NA,1973,"2/1/1974","71dfa8b9-3960-11ef-bb9a-2906cc9fb6bc","away","TSV 1896 Rintheim","TV 1893 Neuhausen",12,16,FALSE,3,NA,NA,0,0,0,NA,0,0,0,0,0,0,NA,NA,NA,NA,NA,NA,NA,NA,0,0,0,0,NA,NA,NA,NA,NA
"Franz Bechler","98035d7e-3955-11ef-8b94-292be3190b7b",NA,NA,1973,"2/1/1974","71dfa8b9-3960-11ef-bb9a-2906cc9fb6bc","away","TSV 1896 Rintheim","TV 1893 Neuhausen",12,16,FALSE,1,NA,NA,0,0,0,NA,0,0,0,0,0,0,NA,NA,NA,NA,NA,NA,NA,NA,0,0,0,0,NA,NA,NA,NA,NA
"Max Müller","99453a6b-3955-11ef-84c2-292be3190b7b",NA,NA,1973,"2/1/1974","71dfa8b9-3960-11ef-bb9a-2906cc9fb6bc","away","TSV 1896 Rintheim","TV 1893 Neuhausen",12,16,FALSE,6,NA,NA,0,0,4,NA,0,0,0,0,0,0,NA,NA,NA,NA,NA,NA,NA,NA,0,0,0,0,NA,NA,NA,NA,NA
"Wilfried Job","af3ed007-3955-11ef-9184-a36230ada079",NA,NA,1973,"2/1/1974","71dfa8b9-3960-11ef-bb9a-2906cc9fb6bc","away","TSV 1896 Rintheim","TV 1893 Neuhausen",12,16,FALSE,1,NA,NA,0,0,0,NA,0,0,0,0,0,0,NA,NA,NA,NA,NA,NA,NA,NA,0,0,0,0,NA,NA,NA,NA,NA
"Claus Erles","af42e492-3955-11ef-a26e-a36230ada079",NA,NA,1973,"2/1/1974","71dfa8b9-3960-11ef-bb9a-2906cc9fb6bc","away","TSV 1896 Rintheim","TV 1893 Neuhausen",12,16,FALSE,0,NA,NA,0,0,0,NA,0,0,0,0,0,0,NA,NA,NA,NA,NA,NA,NA,NA,0,0,0,0,NA,NA,NA,NA,NA
"Peter Maier","af4e0d17-3955-11ef-8763-a36230ada079",NA,NA,1973,"2/1/1974","71dfa8b9-3960-11ef-bb9a-2906cc9fb6bc","away","TSV 1896 Rintheim","TV 1893 Neuhausen",12,16,FALSE,0,NA,NA,0,0,0,NA,0,0,0,0,0,0,NA,NA,NA,NA,NA,NA,NA,NA,0,0,0,0,NA,NA,NA,NA,NA
"Bernd Seibel","bc6670d9-3955-11ef-b849-ab397f561917",NA,NA,1973,"2/1/1974","71dfa8b9-3960-11ef-bb9a-2906cc9fb6bc","away","TSV 1896 Rintheim","TV 1893 Neuhausen",12,16,FALSE,1,NA,NA,0,0,0,NA,0,0,0,0,0,0,NA,NA,NA,NA,NA,NA,NA,NA,0,0,0,0,NA,NA,NA,NA,NA
"Wolfgang Dillenberger","bc6a40c8-3955-11ef-8c9f-ab397f561917",NA,NA,1973,"2/1/1974","71dfa8b9-3960-11ef-bb9a-2906cc9fb6bc","away","TSV 1896 Rintheim","TV 1893 Neuhausen",12,16,FALSE,0,NA,NA,0,0,0,NA,0,0,0,0,0,0,NA,NA,NA,NA,NA,NA,NA,NA,0,0,0,0,NA,NA,NA,NA,NA
"Max Ullrich","c6e110c6-3955-11ef-83e4-157c9bc18a5f",NA,NA,1973,"2/1/1974","71dfa8b9-3960-11ef-bb9a-2906cc9fb6bc","away","TSV 1896 Rintheim","TV 1893 Neuhausen",12,16,FALSE,0,NA,NA,0,0,0,NA,0,0,0,0,0,0,NA,NA,NA,NA,NA,NA,NA,NA,0,0,0,0,NA,NA,NA,NA,NA
"Richard Baumer","c6e9de45-3955-11ef-b5bf-157c9bc18a5f",NA,NA,1973,"2/1/1974","71dfa8b9-3960-11ef-bb9a-2906cc9fb6bc","away","TSV 1896 Rintheim","TV 1893 Neuhausen",12,16,FALSE,0,NA,NA,0,0,0,NA,0,0,0,0,0,0,NA,NA,NA,NA,NA,NA,NA,NA,0,0,0,0,NA,NA,NA,NA,NA
"Roland Kühnle","c6f228fe-3955-11ef-a362-157c9bc18a5f",NA,NA,1973,"2/1/1974","71dfa8b9-3960-11ef-bb9a-2906cc9fb6bc","away","TSV 1896 Rintheim","TV 1893 Neuhausen",12,16,FALSE,0,NA,NA,0,0,0,NA,0,0,0,0,0,0,NA,NA,NA,NA,NA,NA,NA,NA,0,0,0,0,NA,NA,NA,NA,NA
"Gerhard Wrobel","ae4fc714-3955-11ef-a106-a36230ada079",NA,NA,1973,"2/2/1974","5bfffa88-3960-11ef-91c4-7b2e16e5ffcd","home","TuSEM Essen","VfL Gummersbach",15,29,FALSE,3,NA,NA,0,0,0,NA,0,0,0,0,0,0,NA,NA,NA,NA,NA,NA,NA,NA,0,0,0,0,NA,NA,NA,NA,NA
"Anderko Govorko","bb91b676-3955-11ef-8109-ab397f561917",NA,NA,1973,"2/2/1974","5bfffa88-3960-11ef-91c4-7b2e16e5ffcd","home","TuSEM Essen","VfL Gummersbach",15,29,FALSE,3,NA,NA,0,0,2,NA,0,0,0,0,0,0,NA,NA,NA,NA,NA,NA,NA,NA,0,0,0,0,NA,NA,NA,NA,NA
"Herbert Buschmann","bd5ac595-3955-11ef-97f0-ab397f561917",NA,NA,1973,"2/2/1974","5bfffa88-3960-11ef-91c4-7b2e16e5ffcd","home","TuSEM Essen","VfL Gummersbach",15,29,FALSE,0,NA,NA,0,0,0,NA,0,0,0,0,0,0,NA,NA,NA,NA,NA,NA,NA,NA,0,0,0,0,NA,NA,NA,NA,NA
"Peter Venzke","bd6b12a9-3955-11ef-af21-ab397f561917",NA,NA,1973,"2/2/1974","5bfffa88-3960-11ef-91c4-7b2e16e5ffcd","home","TuSEM Essen","VfL Gummersbach",15,29,FALSE,5,NA,NA,0,0,0,NA,0,0,0,0,0,0,NA,NA,NA,NA,NA,NA,NA,NA,0,0,0,0,NA,NA,NA,NA,NA
"Gerhard Schmidt","bd78314d-3955-11ef-8668-ab397f561917",NA,NA,1973,"2/2/1974","5bfffa88-3960-11ef-91c4-7b2e16e5ffcd","home","TuSEM Essen","VfL Gummersbach",15,29,FALSE,0,NA,NA,0,0,0,NA,0,0,0,0,0,0,NA,NA,NA,NA,NA,NA,NA,NA,0,0,0,0,NA,NA,NA,NA,NA
"Manfred Benning","bd7cb1bd-3955-11ef-883f-ab397f561917",NA,NA,1973,"2/2/1974","5bfffa88-3960-11ef-91c4-7b2e16e5ffcd","home","TuSEM Essen","VfL Gummersbach",15,29,FALSE,0,NA,NA,0,0,0,NA,0,0,0,0,0,0,NA,NA,NA,NA,NA,NA,NA,NA,0,0,0,0,NA,NA,NA,NA,NA
"Alojz Snedić","bd80daac-3955-11ef-a8ab-ab397f561917",NA,NA,1973,"2/2/1974","5bfffa88-3960-11ef-91c4-7b2e16e5ffcd","home","TuSEM Essen","VfL Gummersbach",15,29,FALSE,2,NA,NA,0,0,0,NA,0,0,0,0,0,0,NA,NA,NA,NA,NA,NA,NA,NA,0,0,0,0,NA,NA,NA,NA,NA
"Wolfgang Schütte","bd8b9463-3955-11ef-84e4-ab397f561917",NA,NA,1973,"2/2/1974","5bfffa88-3960-11ef-91c4-7b2e16e5ffcd","home","TuSEM Essen","VfL Gummersbach",15,29,FALSE,1,NA,NA,0,0,0,NA,0,0,0,0,0,0,NA,NA,NA,NA,NA,NA,NA,NA,0,0,0,0,NA,NA,NA,NA,NA
"Peter Meuter","bd905293-3955-11ef-a264-ab397f561917",NA,NA,1973,"2/2/1974","5bfffa88-3960-11ef-91c4-7b2e16e5ffcd","home","TuSEM Essen","VfL Gummersbach",15,29,FALSE,1,NA,NA,0,0,1,NA,0,0,0,0,0,0,NA,NA,NA,NA,NA,NA,NA,NA,0,0,0,0,NA,NA,NA,NA,NA
"Heiner Brand","44e82d45-3955-11ef-bc71-4fa817cd91bb",NA,NA,1973,"2/2/1974","5bfffa88-3960-11ef-91c4-7b2e16e5ffcd","away","VfL Gummersbach","TuSEM Essen",29,15,TRUE,0,NA,NA,0,0,0,NA,0,0,0,0,0,0,NA,NA,NA,NA,NA,NA,NA,NA,0,0,0,0,NA,NA,NA,NA,NA
"Valentin Markser","7f461519-3955-11ef-a1f6-b908c60af10a",NA,NA,1973,"2/2/1974","5bfffa88-3960-11ef-91c4-7b2e16e5ffcd","away","VfL Gummersbach","TuSEM Essen",29,15,TRUE,0,NA,NA,0,0,0,NA,0,0,0,0,0,0,NA,NA,NA,NA,NA,NA,NA,NA,0,0,0,0,NA,NA,NA,NA,NA
"Klaus Westebbe","8c58f63a-3955-11ef-b65e-81dc40648355",NA,NA,1973,"2/2/1974","5bfffa88-3960-11ef-91c4-7b2e16e5ffcd","away","VfL Gummersbach","TuSEM Essen",29,15,TRUE,6,NA,NA,0,0,0,NA,0,0,0,0,0,0,NA,NA,NA,NA,NA,NA,NA,NA,0,0,0,0,NA,NA,NA,NA,NA
"Klaus Kater","8da1f6ef-3955-11ef-b31a-81dc40648355",NA,NA,1973,"2/2/1974","5bfffa88-3960-11ef-91c4-7b2e16e5ffcd","away","VfL Gummersbach","TuSEM Essen",29,15,TRUE,0,NA,NA,0,0,0,NA,0,0,0,0,0,0,NA,NA,NA,NA,NA,NA,NA,NA,0,0,0,0,NA,NA,NA,NA,NA
"Klaus Schlagheck","97a06613-3955-11ef-8056-292be3190b7b",NA,NA,1973,"2/2/1974","5bfffa88-3960-11ef-91c4-7b2e16e5ffcd","away","VfL Gummersbach","TuSEM Essen",29,15,TRUE,4,NA,NA,0,0,0,NA,0,0,0,0,0,0,NA,NA,NA,NA,NA,NA,NA,NA,0,0,0,0,NA,NA,NA,NA,NA
"Joachim Deckarm","9976945f-3955-11ef-afc4-292be3190b7b",NA,NA,1973,"2/2/1974","5bfffa88-3960-11ef-91c4-7b2e16e5ffcd","away","VfL Gummersbach","TuSEM Essen",29,15,TRUE,6,NA,NA,0,0,0,NA,0,0,0,0,0,0,NA,NA,NA,NA,NA,NA,NA,NA,0,0,0,0,NA,NA,NA,NA,NA
"Achim Henseler","a182e874-3955-11ef-95ce-2510cc07ea6e",NA,NA,1973,"2/2/1974","5bfffa88-3960-11ef-91c4-7b2e16e5ffcd","away","VfL Gummersbach","TuSEM Essen",29,15,TRUE,1,NA,NA,0,0,0,NA,0,0,0,0,0,0,NA,NA,NA,NA,NA,NA,NA,NA,0,0,0,0,NA,NA,NA,NA,NA
"Jochen Feldhoff","a32751a5-3955-11ef-badf-2510cc07ea6e",NA,NA,1973,"2/2/1974","5bfffa88-3960-11ef-91c4-7b2e16e5ffcd","away","VfL Gummersbach","TuSEM Essen",29,15,TRUE,1,NA,NA,0,0,0,NA,0,0,0,0,0,0,NA,NA,NA,NA,NA,NA,NA,NA,0,0,0,0,NA,NA,NA,NA,NA
"Werner Lettgen","ae263c3c-3955-11ef-96f7-a36230ada079",NA,NA,1973,"2/2/1974","5bfffa88-3960-11ef-91c4-7b2e16e5ffcd","away","VfL Gummersbach","TuSEM Essen",29,15,TRUE,1,NA,NA,0,0,0,NA,0,0,0,0,0,0,NA,NA,NA,NA,NA,NA,NA,NA,0,0,0,0,NA,NA,NA,NA,NA
"Hans-Günther Schmidt","aff5702f-3955-11ef-9878-a36230ada079",NA,NA,1973,"2/2/1974","5bfffa88-3960-11ef-91c4-7b2e16e5ffcd","away","VfL Gummersbach","TuSEM Essen",29,15,TRUE,4,NA,NA,0,0,0,NA,0,0,0,0,0,0,NA,NA,NA,NA,NA,NA,NA,NA,0,0,0,0,NA,NA,NA,NA,NA
"Jochen Brand","ba44375c-3955-11ef-a5d6-ab397f561917",NA,NA,1973,"2/2/1974","5bfffa88-3960-11ef-91c4-7b2e16e5ffcd","away","VfL Gummersbach","TuSEM Essen",29,15,TRUE,1,NA,NA,0,0,0,NA,0,0,0,0,0,0,NA,NA,NA,NA,NA,NA,NA,NA,0,0,0,0,NA,NA,NA,NA,NA
"Helmut Kosmehl","bc7d7cdd-3955-11ef-a338-ab397f561917",NA,NA,1973,"2/2/1974","5bfffa88-3960-11ef-91c4-7b2e16e5ffcd","away","VfL Gummersbach","TuSEM Essen",29,15,TRUE,5,NA,NA,0,0,0,NA,0,0,0,0,0,0,NA,NA,NA,NA,NA,NA,NA,NA,0,0,0,0,NA,NA,NA,NA,NA
"Peter Pickel","8c973b42-3955-11ef-8c71-81dc40648355",NA,NA,1973,"2/2/1974","5e2714c4-3960-11ef-bf83-7b2e16e5ffcd","home","Hamburger SV","VfL Lübeck-Schwartau",18,15,TRUE,7,NA,NA,0,0,1,NA,0,0,0,0,0,0,NA,NA,NA,NA,NA,NA,NA,NA,0,0,0,0,NA,NA,NA,NA,NA
"Hans-Jürgen Bode","b011e6da-3955-11ef-8205-a36230ada079",NA,NA,1973,"2/2/1974","5e2714c4-3960-11ef-bf83-7b2e16e5ffcd","home","Hamburger SV","VfL Lübeck-Schwartau",18,15,TRUE,0,NA,NA,0,0,0,NA,0,0,0,0,0,0,NA,NA,NA,NA,NA,NA,NA,NA,0,0,0,0,NA,NA,NA,NA,NA
"Rainer Witt","b02adaad-3955-11ef-b8c4-a36230ada079",NA,NA,1973,"2/2/1974","5e2714c4-3960-11ef-bf83-7b2e16e5ffcd","home","Hamburger SV","VfL Lübeck-Schwartau",18,15,TRUE,1,NA,NA,0,0,0,NA,0,0,0,0,0,0,NA,NA,NA,NA,NA,NA,NA,NA,0,0,0,0,NA,NA,NA,NA,NA
"Jens Ivers","b02f4aea-3955-11ef-801e-a36230ada079",NA,NA,1973,"2/2/1974","5e2714c4-3960-11ef-bf83-7b2e16e5ffcd","home","Hamburger SV","VfL Lübeck-Schwartau",18,15,TRUE,4,NA,NA,0,0,0,NA,0,0,0,0,0,0,NA,NA,NA,NA,NA,NA,NA,NA,0,0,0,0,NA,NA,NA,NA,NA
"Hans-Joachim Beißel","b0341bcb-3955-11ef-9e08-a36230ada079",NA,NA,1973,"2/2/1974","5e2714c4-3960-11ef-bf83-7b2e16e5ffcd","home","Hamburger SV","VfL Lübeck-Schwartau",18,15,TRUE,5,NA,NA,0,0,0,NA,0,0,0,0,0,0,NA,NA,NA,NA,NA,NA,NA,NA,0,0,0,0,NA,NA,NA,NA,NA
"Klaus Porepp","b0396b18-3955-11ef-b5cf-a36230ada079",NA,NA,1973,"2/2/1974","5e2714c4-3960-11ef-bf83-7b2e16e5ffcd","home","Hamburger SV","VfL Lübeck-Schwartau",18,15,TRUE,0,NA,NA,0,0,0,NA,0,0,0,0,0,0,NA,NA,NA,NA,NA,NA,NA,NA,0,0,0,0,NA,NA,NA,NA,NA
"Norbert Germer","b03f8101-3955-11ef-8945-a36230ada079",NA,NA,1973,"2/2/1974","5e2714c4-3960-11ef-bf83-7b2e16e5ffcd","home","Hamburger SV","VfL Lübeck-Schwartau",18,15,TRUE,0,NA,NA,0,0,0,NA,0,0,0,0,0,0,NA,NA,NA,NA,NA,NA,NA,NA,0,0,0,0,NA,NA,NA,NA,NA
"Uwe Tesloff","b049ae56-3955-11ef-a5f7-a36230ada079",NA,NA,1973,"2/2/1974","5e2714c4-3960-11ef-bf83-7b2e16e5ffcd","home","Hamburger SV","VfL Lübeck-Schwartau",18,15,TRUE,1,NA,NA,0,0,0,NA,0,0,0,0,0,0,NA,NA,NA,NA,NA,NA,NA,NA,0,0,0,0,NA,NA,NA,NA,NA
"Hartwig Reich","ba6cb3c8-3955-11ef-9f64-ab397f561917",NA,NA,1973,"2/2/1974","5e2714c4-3960-11ef-bf83-7b2e16e5ffcd","home","Hamburger SV","VfL Lübeck-Schwartau",18,15,TRUE,0,NA,NA,0,0,0,NA,0,0,0,0,0,0,NA,NA,NA,NA,NA,NA,NA,NA,0,0,0,0,NA,NA,NA,NA,NA
"Michael Taubert","ba7ad888-3955-11ef-9650-ab397f561917",NA,NA,1973,"2/2/1974","5e2714c4-3960-11ef-bf83-7b2e16e5ffcd","home","Hamburger SV","VfL Lübeck-Schwartau",18,15,TRUE,0,NA,NA,0,0,0,NA,0,0,0,0,0,0,NA,NA,NA,NA,NA,NA,NA,NA,0,0,0,0,NA,NA,NA,NA,NA
"Dieter Minke","bd0cde0f-3955-11ef-91c1-ab397f561917",NA,NA,1973,"2/2/1974","5e2714c4-3960-11ef-bf83-7b2e16e5ffcd","home","Hamburger SV","VfL Lübeck-Schwartau",18,15,TRUE,0,NA,NA,0,0,0,NA,0,0,0,0,0,0,NA,NA,NA,NA,NA,NA,NA,NA,0,0,0,0,NA,NA,NA,NA,NA
"Harald Lüth","a552c518-3955-11ef-8a68-2510cc07ea6e",NA,NA,1973,"2/2/1974","5e2714c4-3960-11ef-bf83-7b2e16e5ffcd","away","VfL Lübeck-Schwartau","Hamburger SV",15,18,FALSE,2,NA,NA,0,0,0,NA,0,0,0,0,0,0,NA,NA,NA,NA,NA,NA,NA,NA,0,0,0,0,NA,NA,NA,NA,NA
"Michael Dogs","b0cecb4a-3955-11ef-b665-a36230ada079",NA,NA,1973,"2/2/1974","5e2714c4-3960-11ef-bf83-7b2e16e5ffcd","away","VfL Lübeck-Schwartau","Hamburger SV",15,18,FALSE,0,NA,NA,0,0,0,NA,0,0,0,0,0,0,NA,NA,NA,NA,NA,NA,NA,NA,0,0,0,0,NA,NA,NA,NA,NA
"Ulrich Kleinstoll","b0f37438-3955-11ef-84e6-a36230ada079",NA,NA,1973,"2/2/1974","5e2714c4-3960-11ef-bf83-7b2e16e5ffcd","away","VfL Lübeck-Schwartau","Hamburger SV",15,18,FALSE,0,NA,NA,0,0,0,NA,0,0,0,0,0,0,NA,NA,NA,NA,NA,NA,NA,NA,0,0,0,0,NA,NA,NA,NA,NA
"Thomas Kluth","b0f877c0-3955-11ef-a314-a36230ada079",NA,NA,1973,"2/2/1974","5e2714c4-3960-11ef-bf83-7b2e16e5ffcd","away","VfL Lübeck-Schwartau","Hamburger SV",15,18,FALSE,0,NA,NA,0,0,0,NA,0,0,0,0,0,0,NA,NA,NA,NA,NA,NA,NA,NA,0,0,0,0,NA,NA,NA,NA,NA
"Hans-Martin Müller-Wolf","b1020054-3955-11ef-8e79-a36230ada079",NA,NA,1973,"2/2/1974","5e2714c4-3960-11ef-bf83-7b2e16e5ffcd","away","VfL Lübeck-Schwartau","Hamburger SV",15,18,FALSE,2,NA,NA,0,0,0,NA,0,0,0,0,0,0,NA,NA,NA,NA,NA,NA,NA,NA,0,0,0,0,NA,NA,NA,NA,NA
"Siegfried Berg","b10d3ec3-3955-11ef-8a30-a36230ada079",NA,NA,1973,"2/2/1974","5e2714c4-3960-11ef-bf83-7b2e16e5ffcd","away","VfL Lübeck-Schwartau","Hamburger SV",15,18,FALSE,3,NA,NA,0,0,2,NA,0,0,0,0,0,0,NA,NA,NA,NA,NA,NA,NA,NA,0,0,0,0,NA,NA,NA,NA,NA
"Wolfgang Braun","b1a4c388-3955-11ef-92b7-a36230ada079",NA,NA,1973,"2/2/1974","5e2714c4-3960-11ef-bf83-7b2e16e5ffcd","away","VfL Lübeck-Schwartau","Hamburger SV",15,18,FALSE,3,NA,NA,0,0,2,NA,0,0,0,0,0,0,NA,NA,NA,NA,NA,NA,NA,NA,0,0,0,0,NA,NA,NA,NA,NA
"Bernd Heiden","baf62966-3955-11ef-b7e1-ab397f561917",NA,NA,1973,"2/2/1974","5e2714c4-3960-11ef-bf83-7b2e16e5ffcd","away","VfL Lübeck-Schwartau","Hamburger SV",15,18,FALSE,3,NA,NA,0,0,0,NA,0,0,0,0,0,0,NA,NA,NA,NA,NA,NA,NA,NA,0,0,0,0,NA,NA,NA,NA,NA
"Klaus Lange","bafb51f3-3955-11ef-9864-ab397f561917",NA,NA,1973,"2/2/1974","5e2714c4-3960-11ef-bf83-7b2e16e5ffcd","away","VfL Lübeck-Schwartau","Hamburger SV",15,18,FALSE,2,NA,NA,0,0,0,NA,0,0,0,0,0,0,NA,NA,NA,NA,NA,NA,NA,NA,0,0,0,0,NA,NA,NA,NA,NA
"Georg Pohl","baff6cee-3955-11ef-a80f-ab397f561917",NA,NA,1973,"2/2/1974","5e2714c4-3960-11ef-bf83-7b2e16e5ffcd","away","VfL Lübeck-Schwartau","Hamburger SV",15,18,FALSE,0,NA,NA,0,0,0,NA,0,0,0,0,0,0,NA,NA,NA,NA,NA,NA,NA,NA,0,0,0,0,NA,NA,NA,NA,NA
"Manfred Kuhnke","bb039049-3955-11ef-bdc6-ab397f561917",NA,NA,1973,"2/2/1974","5e2714c4-3960-11ef-bf83-7b2e16e5ffcd","away","VfL Lübeck-Schwartau","Hamburger SV",15,18,FALSE,0,NA,NA,0,0,0,NA,0,0,0,0,0,0,NA,NA,NA,NA,NA,NA,NA,NA,0,0,0,0,NA,NA,NA,NA,NA
"Reinhard Wittler","a35063de-3955-11ef-9881-2510cc07ea6e",NA,NA,1973,"2/2/1974","64f4075c-3960-11ef-902a-2906cc9fb6bc","home","Polizei SV Hannover","TuS 05 Wellinghofen",20,25,FALSE,0,NA,NA,0,0,0,NA,0,0,0,0,0,0,NA,NA,NA,NA,NA,NA,NA,NA,0,0,0,0,NA,NA,NA,NA,NA
"Wolfgang Franke","a36fd3c4-3955-11ef-bc80-2510cc07ea6e",NA,NA,1973,"2/2/1974","64f4075c-3960-11ef-902a-2906cc9fb6bc","home","Polizei SV Hannover","TuS 05 Wellinghofen",20,25,FALSE,0,NA,NA,0,0,0,NA,0,0,0,0,0,0,NA,NA,NA,NA,NA,NA,NA,NA,0,0,0,0,NA,NA,NA,NA,NA
"Jürgen Kloth","a37512a6-3955-11ef-9d81-2510cc07ea6e",NA,NA,1973,"2/2/1974","64f4075c-3960-11ef-902a-2906cc9fb6bc","home","Polizei SV Hannover","TuS 05 Wellinghofen",20,25,FALSE,4,NA,NA,0,0,0,NA,0,0,0,0,0,0,NA,NA,NA,NA,NA,NA,NA,NA,0,0,0,0,NA,NA,NA,NA,NA
"Joachim Engler","bb2dfffa-3955-11ef-8a9e-ab397f561917",NA,NA,1973,"2/2/1974","64f4075c-3960-11ef-902a-2906cc9fb6bc","home","Polizei SV Hannover","TuS 05 Wellinghofen",20,25,FALSE,1,NA,NA,0,0,0,NA,0,0,0,0,0,0,NA,NA,NA,NA,NA,NA,NA,NA,0,0,0,0,NA,NA,NA,NA,NA
"Gerd Haase","bb322e8e-3955-11ef-8a6a-ab397f561917",NA,NA,1973,"2/2/1974","64f4075c-3960-11ef-902a-2906cc9fb6bc","home","Polizei SV Hannover","TuS 05 Wellinghofen",20,25,FALSE,7,NA,NA,0,0,3,NA,0,0,0,0,0,0,NA,NA,NA,NA,NA,NA,NA,NA,0,0,0,0,NA,NA,NA,NA,NA
"Hartmut Schnelle","bb3a7260-3955-11ef-99cf-ab397f561917",NA,NA,1973,"2/2/1974","64f4075c-3960-11ef-902a-2906cc9fb6bc","home","Polizei SV Hannover","TuS 05 Wellinghofen",20,25,FALSE,1,NA,NA,0,0,0,NA,0,0,0,0,0,0,NA,NA,NA,NA,NA,NA,NA,NA,0,0,0,0,NA,NA,NA,NA,NA
"Hans-Jürgen Deutsch","bb3e76d6-3955-11ef-a5a8-ab397f561917",NA,NA,1973,"2/2/1974","64f4075c-3960-11ef-902a-2906cc9fb6bc","home","Polizei SV Hannover","TuS 05 Wellinghofen",20,25,FALSE,2,NA,NA,0,0,0,NA,0,0,0,0,0,0,NA,NA,NA,NA,NA,NA,NA,NA,0,0,0,0,NA,NA,NA,NA,NA
"Dieter Hartung","bb482ed5-3955-11ef-bef1-ab397f561917",NA,NA,1973,"2/2/1974","64f4075c-3960-11ef-902a-2906cc9fb6bc","home","Polizei SV Hannover","TuS 05 Wellinghofen",20,25,FALSE,4,NA,NA,0,0,0,NA,0,0,0,0,0,0,NA,NA,NA,NA,NA,NA,NA,NA,0,0,0,0,NA,NA,NA,NA,NA
"Jürgen Fey","bb504d63-3955-11ef-8740-ab397f561917",NA,NA,1973,"2/2/1974","64f4075c-3960-11ef-902a-2906cc9fb6bc","home","Polizei SV Hannover","TuS 05 Wellinghofen",20,25,FALSE,1,NA,NA,0,0,0,NA,0,0,0,0,0,0,NA,NA,NA,NA,NA,NA,NA,NA,0,0,0,0,NA,NA,NA,NA,NA
"Wolfgang Künkler","bb635a87-3955-11ef-83b0-ab397f561917",NA,NA,1973,"2/2/1974","64f4075c-3960-11ef-902a-2906cc9fb6bc","home","Polizei SV Hannover","TuS 05 Wellinghofen",20,25,FALSE,0,NA,NA,0,0,0,NA,0,0,0,0,0,0,NA,NA,NA,NA,NA,NA,NA,NA,0,0,0,0,NA,NA,NA,NA,NA
"Heiner Borck","bda2f702-3955-11ef-8be3-ab397f561917",NA,NA,1973,"2/2/1974","64f4075c-3960-11ef-902a-2906cc9fb6bc","home","Polizei SV Hannover","TuS 05 Wellinghofen",20,25,FALSE,0,NA,NA,0,0,0,NA,0,0,0,0,0,0,NA,NA,NA,NA,NA,NA,NA,NA,0,0,0,0,NA,NA,NA,NA,NA
"Siegfried Hacke","bda8ac11-3955-11ef-8226-ab397f561917",NA,NA,1973,"2/2/1974","64f4075c-3960-11ef-902a-2906cc9fb6bc","home","Polizei SV Hannover","TuS 05 Wellinghofen",20,25,FALSE,0,NA,NA,0,0,0,NA,0,0,0,0,0,0,NA,NA,NA,NA,NA,NA,NA,NA,0,0,0,0,NA,NA,NA,NA,NA
"Hans-Jürgen Zick","8d67d76a-3955-11ef-8956-81dc40648355",NA,NA,1973,"2/2/1974","64f4075c-3960-11ef-902a-2906cc9fb6bc","away","TuS 05 Wellinghofen","Polizei SV Hannover",25,20,TRUE,0,NA,NA,0,0,0,NA,0,0,0,0,0,0,NA,NA,NA,NA,NA,NA,NA,NA,0,0,0,0,NA,NA,NA,NA,NA
"Heiner Möller","8d7571e4-3955-11ef-b1d3-81dc40648355",NA,NA,1973,"2/2/1974","64f4075c-3960-11ef-902a-2906cc9fb6bc","away","TuS 05 Wellinghofen","Polizei SV Hannover",25,20,TRUE,8,NA,NA,0,0,0,NA,0,0,0,0,0,0,NA,NA,NA,NA,NA,NA,NA,NA,0,0,0,0,NA,NA,NA,NA,NA
"Hans-Peter Neuhaus","8d9d3887-3955-11ef-80a3-81dc40648355",NA,NA,1973,"2/2/1974","64f4075c-3960-11ef-902a-2906cc9fb6bc","away","TuS 05 Wellinghofen","Polizei SV Hannover",25,20,TRUE,0,NA,NA,0,0,0,NA,0,0,0,0,0,0,NA,NA,NA,NA,NA,NA,NA,NA,0,0,0,0,NA,NA,NA,NA,NA
"Karl-Heinz Nolde","a33d5c4a-3955-11ef-b577-2510cc07ea6e",NA,NA,1973,"2/2/1974","64f4075c-3960-11ef-902a-2906cc9fb6bc","away","TuS 05 Wellinghofen","Polizei SV Hannover",25,20,TRUE,2,NA,NA,0,0,0,NA,0,0,0,0,0,0,NA,NA,NA,NA,NA,NA,NA,NA,0,0,0,0,NA,NA,NA,NA,NA
"Rainer Gosewinkel","a4d61156-3955-11ef-8406-2510cc07ea6e",NA,NA,1973,"2/2/1974","64f4075c-3960-11ef-902a-2906cc9fb6bc","away","TuS 05 Wellinghofen","Polizei SV Hannover",25,20,TRUE,9,NA,NA,0,0,5,NA,0,0,0,0,0,0,NA,NA,NA,NA,NA,NA,NA,NA,0,0,0,0,NA,NA,NA,NA,NA
"Klaus Erwe","a4f54a19-3955-11ef-b48a-2510cc07ea6e",NA,NA,1973,"2/2/1974","64f4075c-3960-11ef-902a-2906cc9fb6bc","away","TuS 05 Wellinghofen","Polizei SV Hannover",25,20,TRUE,0,NA,NA,0,0,0,NA,0,0,0,0,0,0,NA,NA,NA,NA,NA,NA,NA,NA,0,0,0,0,NA,NA,NA,NA,NA
"Winfried Gabel","a521dedb-3955-11ef-a3bd-2510cc07ea6e",NA,NA,1973,"2/2/1974","64f4075c-3960-11ef-902a-2906cc9fb6bc","away","TuS 05 Wellinghofen","Polizei SV Hannover",25,20,TRUE,0,NA,NA,0,0,0,NA,0,0,0,0,0,0,NA,NA,NA,NA,NA,NA,NA,NA,0,0,0,0,NA,NA,NA,NA,NA
"Burkhard Gröning","a52c6e4f-3955-11ef-a576-2510cc07ea6e",NA,NA,1973,"2/2/1974","64f4075c-3960-11ef-902a-2906cc9fb6bc","away","TuS 05 Wellinghofen","Polizei SV Hannover",25,20,TRUE,1,NA,NA,0,0,0,NA,0,0,0,0,0,0,NA,NA,NA,NA,NA,NA,NA,NA,0,0,0,0,NA,NA,NA,NA,NA
"Klaus Tiews","a531838f-3955-11ef-8e99-2510cc07ea6e",NA,NA,1973,"2/2/1974","64f4075c-3960-11ef-902a-2906cc9fb6bc","away","TuS 05 Wellinghofen","Polizei SV Hannover",25,20,TRUE,1,NA,NA,0,0,0,NA,0,0,0,0,0,0,NA,NA,NA,NA,NA,NA,NA,NA,0,0,0,0,NA,NA,NA,NA,NA
"Herbert Rogge","b06614d7-3955-11ef-a43b-a36230ada079",NA,NA,1973,"2/2/1974","64f4075c-3960-11ef-902a-2906cc9fb6bc","away","TuS 05 Wellinghofen","Polizei SV Hannover",25,20,TRUE,4,NA,NA,0,0,0,NA,0,0,0,0,0,0,NA,NA,NA,NA,NA,NA,NA,NA,0,0,0,0,NA,NA,NA,NA,NA
"Hans-Jürgen Sengera","ba7fae8e-3955-11ef-80e4-ab397f561917",NA,NA,1973,"2/2/1974","64f4075c-3960-11ef-902a-2906cc9fb6bc","away","TuS 05 Wellinghofen","Polizei SV Hannover",25,20,TRUE,0,NA,NA,0,0,0,NA,0,0,0,0,0,0,NA,NA,NA,NA,NA,NA,NA,NA,0,0,0,0,NA,NA,NA,NA,NA
"Horst Rampp","8c760463-3955-11ef-b11d-81dc40648355",NA,NA,1973,"2/2/1974","65de3b5e-3960-11ef-b70d-2906cc9fb6bc","home","Füchse Berlin","TV Grambke Bremen",14,15,FALSE,0,NA,NA,0,0,0,NA,0,0,0,0,0,0,NA,NA,NA,NA,NA,NA,NA,NA,0,0,0,0,NA,NA,NA,NA,NA
"Hartmut Alsen","a5dc4676-3955-11ef-ac19-2510cc07ea6e",NA,NA,1973,"2/2/1974","65de3b5e-3960-11ef-b70d-2906cc9fb6bc","home","Füchse Berlin","TV Grambke Bremen",14,15,FALSE,0,NA,NA,0,0,0,NA,0,0,0,0,0,0,NA,NA,NA,NA,NA,NA,NA,NA,0,0,0,0,NA,NA,NA,NA,NA
"Diethard Finkelmann","a60bdcf9-3955-11ef-bfa1-2510cc07ea6e",NA,NA,1973,"2/2/1974","65de3b5e-3960-11ef-b70d-2906cc9fb6bc","home","Füchse Berlin","TV Grambke Bremen",14,15,FALSE,4,NA,NA,0,0,0,NA,0,0,0,0,0,0,NA,NA,NA,NA,NA,NA,NA,NA,0,0,0,0,NA,NA,NA,NA,NA
"Jochen Oermann","b193e84b-3955-11ef-bdbf-a36230ada079",NA,NA,1973,"2/2/1974","65de3b5e-3960-11ef-b70d-2906cc9fb6bc","home","Füchse Berlin","TV Grambke Bremen",14,15,FALSE,0,NA,NA,0,0,0,NA,0,0,0,0,0,0,NA,NA,NA,NA,NA,NA,NA,NA,0,0,0,0,NA,NA,NA,NA,NA
"Detlef Finkelmann","b1a8f927-3955-11ef-a009-a36230ada079",NA,NA,1973,"2/2/1974","65de3b5e-3960-11ef-b70d-2906cc9fb6bc","home","Füchse Berlin","TV Grambke Bremen",14,15,FALSE,4,NA,NA,0,0,2,NA,0,0,0,0,0,0,NA,NA,NA,NA,NA,NA,NA,NA,0,0,0,0,NA,NA,NA,NA,NA
"Bernd Goerigk","b1b21b0c-3955-11ef-a303-a36230ada079",NA,NA,1973,"2/2/1974","65de3b5e-3960-11ef-b70d-2906cc9fb6bc","home","Füchse Berlin","TV Grambke Bremen",14,15,FALSE,0,NA,NA,0,0,0,NA,0,0,0,0,0,0,NA,NA,NA,NA,NA,NA,NA,NA,0,0,0,0,NA,NA,NA,NA,NA
"Lutz Loewke","b1b73b08-3955-11ef-b76a-a36230ada079",NA,NA,1973,"2/2/1974","65de3b5e-3960-11ef-b70d-2906cc9fb6bc","home","Füchse Berlin","TV Grambke Bremen",14,15,FALSE,2,NA,NA,0,0,1,NA,0,0,0,0,0,0,NA,NA,NA,NA,NA,NA,NA,NA,0,0,0,0,NA,NA,NA,NA,NA
"Sigmar Artelt","bdbc9392-3955-11ef-a3be-ab397f561917",NA,NA,1973,"2/2/1974","65de3b5e-3960-11ef-b70d-2906cc9fb6bc","home","Füchse Berlin","TV Grambke Bremen",14,15,FALSE,3,NA,NA,0,0,0,NA,0,0,0,0,0,0,NA,NA,NA,NA,NA,NA,NA,NA,0,0,0,0,NA,NA,NA,NA,NA
"Detlef Fischer","bdc0cf9c-3955-11ef-a866-ab397f561917",NA,NA,1973,"2/2/1974","65de3b5e-3960-11ef-b70d-2906cc9fb6bc","home","Füchse Berlin","TV Grambke Bremen",14,15,FALSE,0,NA,NA,0,0,0,NA,0,0,0,0,0,0,NA,NA,NA,NA,NA,NA,NA,NA,0,0,0,0,NA,NA,NA,NA,NA
"Henry Johannes","bdc98fce-3955-11ef-9f6e-ab397f561917",NA,NA,1973,"2/2/1974","65de3b5e-3960-11ef-b70d-2906cc9fb6bc","home","Füchse Berlin","TV Grambke Bremen",14,15,FALSE,1,NA,NA,0,0,0,NA,0,0,0,0,0,0,NA,NA,NA,NA,NA,NA,NA,NA,0,0,0,0,NA,NA,NA,NA,NA
"Horst Waisznor","bdce772f-3955-11ef-a781-ab397f561917",NA,NA,1973,"2/2/1974","65de3b5e-3960-11ef-b70d-2906cc9fb6bc","home","Füchse Berlin","TV Grambke Bremen",14,15,FALSE,0,NA,NA,0,0,0,NA,0,0,0,0,0,0,NA,NA,NA,NA,NA,NA,NA,NA,0,0,0,0,NA,NA,NA,NA,NA
"Hans-Jörg Graeper","964d8ebc-3955-11ef-a25b-292be3190b7b",NA,NA,1973,"2/2/1974","65de3b5e-3960-11ef-b70d-2906cc9fb6bc","away","TV Grambke Bremen","Füchse Berlin",15,14,TRUE,3,NA,NA,0,0,0,NA,0,0,0,0,0,0,NA,NA,NA,NA,NA,NA,NA,NA,0,0,0,0,NA,NA,NA,NA,NA
"Rolf Harjes","9854972c-3955-11ef-b163-292be3190b7b",NA,NA,1973,"2/2/1974","65de3b5e-3960-11ef-b70d-2906cc9fb6bc","away","TV Grambke Bremen","Füchse Berlin",15,14,TRUE,6,NA,NA,0,0,3,NA,0,0,0,0,0,0,NA,NA,NA,NA,NA,NA,NA,NA,0,0,0,0,NA,NA,NA,NA,NA
"Rolf Dierks","a5420b05-3955-11ef-a0f4-2510cc07ea6e",NA,NA,1973,"2/2/1974","65de3b5e-3960-11ef-b70d-2906cc9fb6bc","away","TV Grambke Bremen","Füchse Berlin",15,14,TRUE,1,NA,NA,0,0,0,NA,0,0,0,0,0,0,NA,NA,NA,NA,NA,NA,NA,NA,0,0,0,0,NA,NA,NA,NA,NA
"Wilfried Lankenau","a547caa3-3955-11ef-8b17-2510cc07ea6e",NA,NA,1973,"2/2/1974","65de3b5e-3960-11ef-b70d-2906cc9fb6bc","away","TV Grambke Bremen","Füchse Berlin",15,14,TRUE,2,NA,NA,0,0,0,NA,0,0,0,0,0,0,NA,NA,NA,NA,NA,NA,NA,NA,0,0,0,0,NA,NA,NA,NA,NA
"Willi Hohn","a54d65b4-3955-11ef-86a4-2510cc07ea6e",NA,NA,1973,"2/2/1974","65de3b5e-3960-11ef-b70d-2906cc9fb6bc","away","TV Grambke Bremen","Füchse Berlin",15,14,TRUE,0,NA,NA,0,0,0,NA,0,0,0,0,0,0,NA,NA,NA,NA,NA,NA,NA,NA,0,0,0,0,NA,NA,NA,NA,NA
"Peter Wilde","a5638a05-3955-11ef-8647-2510cc07ea6e",NA,NA,1973,"2/2/1974","65de3b5e-3960-11ef-b70d-2906cc9fb6bc","away","TV Grambke Bremen","Füchse Berlin",15,14,TRUE,2,NA,NA,0,0,0,NA,0,0,0,0,0,0,NA,NA,NA,NA,NA,NA,NA,NA,0,0,0,0,NA,NA,NA,NA,NA
"Rainer Lange","ba95832e-3955-11ef-aa24-ab397f561917",NA,NA,1973,"2/2/1974","65de3b5e-3960-11ef-b70d-2906cc9fb6bc","away","TV Grambke Bremen","Füchse Berlin",15,14,TRUE,0,NA,NA,0,0,0,NA,0,0,0,0,0,0,NA,NA,NA,NA,NA,NA,NA,NA,0,0,0,0,NA,NA,NA,NA,NA
"Klaus Hohn","baa006c5-3955-11ef-942e-ab397f561917",NA,NA,1973,"2/2/1974","65de3b5e-3960-11ef-b70d-2906cc9fb6bc","away","TV Grambke Bremen","Füchse Berlin",15,14,TRUE,0,NA,NA,0,0,0,NA,0,0,0,0,0,0,NA,NA,NA,NA,NA,NA,NA,NA,0,0,0,0,NA,NA,NA,NA,NA
"Karl-Heinz Bierwirth","baa76751-3955-11ef-b78b-ab397f561917",NA,NA,1973,"2/2/1974","65de3b5e-3960-11ef-b70d-2906cc9fb6bc","away","TV Grambke Bremen","Füchse Berlin",15,14,TRUE,1,NA,NA,0,0,0,NA,0,0,0,0,0,0,NA,NA,NA,NA,NA,NA,NA,NA,0,0,0,0,NA,NA,NA,NA,NA
"Günter Heermann","baabe2e5-3955-11ef-9d71-ab397f561917",NA,NA,1973,"2/2/1974","65de3b5e-3960-11ef-b70d-2906cc9fb6bc","away","TV Grambke Bremen","Füchse Berlin",15,14,TRUE,0,NA,NA,0,0,0,NA,0,0,0,0,0,0,NA,NA,NA,NA,NA,NA,NA,NA,0,0,0,0,NA,NA,NA,NA,NA
"Günter Meßmer","babf1fc6-3955-11ef-975c-ab397f561917",NA,NA,1973,"2/2/1974","65de3b5e-3960-11ef-b70d-2906cc9fb6bc","away","TV Grambke Bremen","Füchse Berlin",15,14,TRUE,0,NA,NA,0,0,0,NA,0,0,0,0,0,0,NA,NA,NA,NA,NA,NA,NA,NA,0,0,0,0,NA,NA,NA,NA,NA
"Heiner Brand","44e82d45-3955-11ef-bc71-4fa817cd91bb",NA,NA,1973,"2/5/1974","5c0f5e1f-3960-11ef-9bf2-7b2e16e5ffcd","home","VfL Gummersbach","TuS 05 Wellinghofen",20,14,TRUE,1,NA,NA,0,0,0,NA,0,0,0,0,0,0,NA,NA,NA,NA,NA,NA,NA,NA,0,0,0,0,NA,NA,NA,NA,NA
"Klaus Westebbe","8c58f63a-3955-11ef-b65e-81dc40648355",NA,NA,1973,"2/5/1974","5c0f5e1f-3960-11ef-9bf2-7b2e16e5ffcd","home","VfL Gummersbach","TuS 05 Wellinghofen",20,14,TRUE,1,NA,NA,0,0,0,NA,0,0,0,0,0,0,NA,NA,NA,NA,NA,NA,NA,NA,0,0,0,0,NA,NA,NA,NA,NA
"Klaus Kater","8da1f6ef-3955-11ef-b31a-81dc40648355",NA,NA,1973,"2/5/1974","5c0f5e1f-3960-11ef-9bf2-7b2e16e5ffcd","home","VfL Gummersbach","TuS 05 Wellinghofen",20,14,TRUE,0,NA,NA,0,0,0,NA,0,0,0,0,0,0,NA,NA,NA,NA,NA,NA,NA,NA,0,0,0,0,NA,NA,NA,NA,NA
"Klaus Schlagheck","97a06613-3955-11ef-8056-292be3190b7b",NA,NA,1973,"2/5/1974","5c0f5e1f-3960-11ef-9bf2-7b2e16e5ffcd","home","VfL Gummersbach","TuS 05 Wellinghofen",20,14,TRUE,6,NA,NA,0,0,0,NA,0,0,0,0,0,0,NA,NA,NA,NA,NA,NA,NA,NA,0,0,0,0,NA,NA,NA,NA,NA
"Joachim Deckarm","9976945f-3955-11ef-afc4-292be3190b7b",NA,NA,1973,"2/5/1974","5c0f5e1f-3960-11ef-9bf2-7b2e16e5ffcd","home","VfL Gummersbach","TuS 05 Wellinghofen",20,14,TRUE,3,NA,NA,0,0,0,NA,0,0,0,0,0,0,NA,NA,NA,NA,NA,NA,NA,NA,0,0,0,0,NA,NA,NA,NA,NA
"Achim Henseler","a182e874-3955-11ef-95ce-2510cc07ea6e",NA,NA,1973,"2/5/1974","5c0f5e1f-3960-11ef-9bf2-7b2e16e5ffcd","home","VfL Gummersbach","TuS 05 Wellinghofen",20,14,TRUE,1,NA,NA,0,0,0,NA,0,0,0,0,0,0,NA,NA,NA,NA,NA,NA,NA,NA,0,0,0,0,NA,NA,NA,NA,NA
"Jochen Feldhoff","a32751a5-3955-11ef-badf-2510cc07ea6e",NA,NA,1973,"2/5/1974","5c0f5e1f-3960-11ef-9bf2-7b2e16e5ffcd","home","VfL Gummersbach","TuS 05 Wellinghofen",20,14,TRUE,5,NA,NA,0,0,0,NA,0,0,0,0,0,0,NA,NA,NA,NA,NA,NA,NA,NA,0,0,0,0,NA,NA,NA,NA,NA
"Werner Lettgen","ae263c3c-3955-11ef-96f7-a36230ada079",NA,NA,1973,"2/5/1974","5c0f5e1f-3960-11ef-9bf2-7b2e16e5ffcd","home","VfL Gummersbach","TuS 05 Wellinghofen",20,14,TRUE,0,NA,NA,0,0,0,NA,0,0,0,0,0,0,NA,NA,NA,NA,NA,NA,NA,NA,0,0,0,0,NA,NA,NA,NA,NA
"Hans-Günther Schmidt","aff5702f-3955-11ef-9878-a36230ada079",NA,NA,1973,"2/5/1974","5c0f5e1f-3960-11ef-9bf2-7b2e16e5ffcd","home","VfL Gummersbach","TuS 05 Wellinghofen",20,14,TRUE,3,NA,NA,0,0,1,NA,0,0,0,0,0,0,NA,NA,NA,NA,NA,NA,NA,NA,0,0,0,0,NA,NA,NA,NA,NA
"Jochen Brand","ba44375c-3955-11ef-a5d6-ab397f561917",NA,NA,1973,"2/5/1974","5c0f5e1f-3960-11ef-9bf2-7b2e16e5ffcd","home","VfL Gummersbach","TuS 05 Wellinghofen",20,14,TRUE,0,NA,NA,0,0,0,NA,0,0,0,0,0,0,NA,NA,NA,NA,NA,NA,NA,NA,0,0,0,0,NA,NA,NA,NA,NA
"Helmut Kosmehl","bc7d7cdd-3955-11ef-a338-ab397f561917",NA,NA,1973,"2/5/1974","5c0f5e1f-3960-11ef-9bf2-7b2e16e5ffcd","home","VfL Gummersbach","TuS 05 Wellinghofen",20,14,TRUE,0,NA,NA,0,0,0,NA,0,0,0,0,0,0,NA,NA,NA,NA,NA,NA,NA,NA,0,0,0,0,NA,NA,NA,NA,NA
"Karl-Heinz Schulz","72847241-3955-11ef-8bd4-51fdf2a82730",NA,NA,1973,"2/5/1974","5c0f5e1f-3960-11ef-9bf2-7b2e16e5ffcd","away","TuS 05 Wellinghofen","VfL Gummersbach",14,20,FALSE,2,NA,NA,0,0,0,NA,0,0,0,0,0,0,NA,NA,NA,NA,NA,NA,NA,NA,0,0,0,0,NA,NA,NA,NA,NA
"Hans-Jürgen Zick","8d67d76a-3955-11ef-8956-81dc40648355",NA,NA,1973,"2/5/1974","5c0f5e1f-3960-11ef-9bf2-7b2e16e5ffcd","away","TuS 05 Wellinghofen","VfL Gummersbach",14,20,FALSE,0,NA,NA,0,0,0,NA,0,0,0,0,0,0,NA,NA,NA,NA,NA,NA,NA,NA,0,0,0,0,NA,NA,NA,NA,NA
"Heiner Möller","8d7571e4-3955-11ef-b1d3-81dc40648355",NA,NA,1973,"2/5/1974","5c0f5e1f-3960-11ef-9bf2-7b2e16e5ffcd","away","TuS 05 Wellinghofen","VfL Gummersbach",14,20,FALSE,3,NA,NA,0,0,0,NA,0,0,0,0,0,0,NA,NA,NA,NA,NA,NA,NA,NA,0,0,0,0,NA,NA,NA,NA,NA
"Hans-Peter Neuhaus","8d9d3887-3955-11ef-80a3-81dc40648355",NA,NA,1973,"2/5/1974","5c0f5e1f-3960-11ef-9bf2-7b2e16e5ffcd","away","TuS 05 Wellinghofen","VfL Gummersbach",14,20,FALSE,0,NA,NA,0,0,0,NA,0,0,0,0,0,0,NA,NA,NA,NA,NA,NA,NA,NA,0,0,0,0,NA,NA,NA,NA,NA
"Karl-Heinz Nolde","a33d5c4a-3955-11ef-b577-2510cc07ea6e",NA,NA,1973,"2/5/1974","5c0f5e1f-3960-11ef-9bf2-7b2e16e5ffcd","away","TuS 05 Wellinghofen","VfL Gummersbach",14,20,FALSE,1,NA,NA,0,0,0,NA,0,0,0,0,0,0,NA,NA,NA,NA,NA,NA,NA,NA,0,0,0,0,NA,NA,NA,NA,NA
"Rainer Gosewinkel","a4d61156-3955-11ef-8406-2510cc07ea6e",NA,NA,1973,"2/5/1974","5c0f5e1f-3960-11ef-9bf2-7b2e16e5ffcd","away","TuS 05 Wellinghofen","VfL Gummersbach",14,20,FALSE,2,NA,NA,0,0,2,NA,0,0,0,0,0,0,NA,NA,NA,NA,NA,NA,NA,NA,0,0,0,0,NA,NA,NA,NA,NA
"Klaus Erwe","a4f54a19-3955-11ef-b48a-2510cc07ea6e",NA,NA,1973,"2/5/1974","5c0f5e1f-3960-11ef-9bf2-7b2e16e5ffcd","away","TuS 05 Wellinghofen","VfL Gummersbach",14,20,FALSE,3,NA,NA,0,0,0,NA,0,0,0,0,0,0,NA,NA,NA,NA,NA,NA,NA,NA,0,0,0,0,NA,NA,NA,NA,NA
"Burkhard Gröning","a52c6e4f-3955-11ef-a576-2510cc07ea6e",NA,NA,1973,"2/5/1974","5c0f5e1f-3960-11ef-9bf2-7b2e16e5ffcd","away","TuS 05 Wellinghofen","VfL Gummersbach",14,20,FALSE,2,NA,NA,0,0,0,NA,0,0,0,0,0,0,NA,NA,NA,NA,NA,NA,NA,NA,0,0,0,0,NA,NA,NA,NA,NA
"Klaus Tiews","a531838f-3955-11ef-8e99-2510cc07ea6e",NA,NA,1973,"2/5/1974","5c0f5e1f-3960-11ef-9bf2-7b2e16e5ffcd","away","TuS 05 Wellinghofen","VfL Gummersbach",14,20,FALSE,0,NA,NA,0,0,0,NA,0,0,0,0,0,0,NA,NA,NA,NA,NA,NA,NA,NA,0,0,0,0,NA,NA,NA,NA,NA
"Herbert Rogge","b06614d7-3955-11ef-a43b-a36230ada079",NA,NA,1973,"2/5/1974","5c0f5e1f-3960-11ef-9bf2-7b2e16e5ffcd","away","TuS 05 Wellinghofen","VfL Gummersbach",14,20,FALSE,1,NA,NA,0,0,0,NA,0,0,0,0,0,0,NA,NA,NA,NA,NA,NA,NA,NA,0,0,0,0,NA,NA,NA,NA,NA
"Hans-Jürgen Sengera","ba7fae8e-3955-11ef-80e4-ab397f561917",NA,NA,1973,"2/5/1974","5c0f5e1f-3960-11ef-9bf2-7b2e16e5ffcd","away","TuS 05 Wellinghofen","VfL Gummersbach",14,20,FALSE,0,NA,NA,0,0,0,NA,0,0,0,0,0,0,NA,NA,NA,NA,NA,NA,NA,NA,0,0,0,0,NA,NA,NA,NA,NA
"Heiner Brand","44e82d45-3955-11ef-bc71-4fa817cd91bb",NA,NA,1973,"2/9/1974","5c2138bf-3960-11ef-a54b-7b2e16e5ffcd","home","VfL Gummersbach","Füchse Berlin",27,15,TRUE,1,NA,NA,0,0,0,NA,0,0,0,0,0,0,NA,NA,NA,NA,NA,NA,NA,NA,0,0,0,0,NA,NA,NA,NA,NA
"Valentin Markser","7f461519-3955-11ef-a1f6-b908c60af10a",NA,NA,1973,"2/9/1974","5c2138bf-3960-11ef-a54b-7b2e16e5ffcd","home","VfL Gummersbach","Füchse Berlin",27,15,TRUE,0,NA,NA,0,0,0,NA,0,0,0,0,0,0,NA,NA,NA,NA,NA,NA,NA,NA,0,0,0,0,NA,NA,NA,NA,NA
"Klaus Westebbe","8c58f63a-3955-11ef-b65e-81dc40648355",NA,NA,1973,"2/9/1974","5c2138bf-3960-11ef-a54b-7b2e16e5ffcd","home","VfL Gummersbach","Füchse Berlin",27,15,TRUE,3,NA,NA,0,0,0,NA,0,0,0,0,0,0,NA,NA,NA,NA,NA,NA,NA,NA,0,0,0,0,NA,NA,NA,NA,NA
"Klaus Kater","8da1f6ef-3955-11ef-b31a-81dc40648355",NA,NA,1973,"2/9/1974","5c2138bf-3960-11ef-a54b-7b2e16e5ffcd","home","VfL Gummersbach","Füchse Berlin",27,15,TRUE,0,NA,NA,0,0,0,NA,0,0,0,0,0,0,NA,NA,NA,NA,NA,NA,NA,NA,0,0,0,0,NA,NA,NA,NA,NA
"Klaus Schlagheck","97a06613-3955-11ef-8056-292be3190b7b",NA,NA,1973,"2/9/1974","5c2138bf-3960-11ef-a54b-7b2e16e5ffcd","home","VfL Gummersbach","Füchse Berlin",27,15,TRUE,3,NA,NA,0,0,0,NA,0,0,0,0,0,0,NA,NA,NA,NA,NA,NA,NA,NA,0,0,0,0,NA,NA,NA,NA,NA
"Joachim Deckarm","9976945f-3955-11ef-afc4-292be3190b7b",NA,NA,1973,"2/9/1974","5c2138bf-3960-11ef-a54b-7b2e16e5ffcd","home","VfL Gummersbach","Füchse Berlin",27,15,TRUE,3,NA,NA,0,0,0,NA,0,0,0,0,0,0,NA,NA,NA,NA,NA,NA,NA,NA,0,0,0,0,NA,NA,NA,NA,NA
"Achim Henseler","a182e874-3955-11ef-95ce-2510cc07ea6e",NA,NA,1973,"2/9/1974","5c2138bf-3960-11ef-a54b-7b2e16e5ffcd","home","VfL Gummersbach","Füchse Berlin",27,15,TRUE,1,NA,NA,0,0,0,NA,0,0,0,0,0,0,NA,NA,NA,NA,NA,NA,NA,NA,0,0,0,0,NA,NA,NA,NA,NA
"Jochen Feldhoff","a32751a5-3955-11ef-badf-2510cc07ea6e",NA,NA,1973,"2/9/1974","5c2138bf-3960-11ef-a54b-7b2e16e5ffcd","home","VfL Gummersbach","Füchse Berlin",27,15,TRUE,8,NA,NA,0,0,0,NA,0,0,0,0,0,0,NA,NA,NA,NA,NA,NA,NA,NA,0,0,0,0,NA,NA,NA,NA,NA
"Werner Lettgen","ae263c3c-3955-11ef-96f7-a36230ada079",NA,NA,1973,"2/9/1974","5c2138bf-3960-11ef-a54b-7b2e16e5ffcd","home","VfL Gummersbach","Füchse Berlin",27,15,TRUE,3,NA,NA,0,0,0,NA,0,0,0,0,0,0,NA,NA,NA,NA,NA,NA,NA,NA,0,0,0,0,NA,NA,NA,NA,NA
"Hans-Günther Schmidt","aff5702f-3955-11ef-9878-a36230ada079",NA,NA,1973,"2/9/1974","5c2138bf-3960-11ef-a54b-7b2e16e5ffcd","home","VfL Gummersbach","Füchse Berlin",27,15,TRUE,4,NA,NA,0,0,1,NA,0,0,0,0,0,0,NA,NA,NA,NA,NA,NA,NA,NA,0,0,0,0,NA,NA,NA,NA,NA
"Helmut Kosmehl","bc7d7cdd-3955-11ef-a338-ab397f561917",NA,NA,1973,"2/9/1974","5c2138bf-3960-11ef-a54b-7b2e16e5ffcd","home","VfL Gummersbach","Füchse Berlin",27,15,TRUE,1,NA,NA,0,0,0,NA,0,0,0,0,0,0,NA,NA,NA,NA,NA,NA,NA,NA,0,0,0,0,NA,NA,NA,NA,NA
"Horst Rampp","8c760463-3955-11ef-b11d-81dc40648355",NA,NA,1973,"2/9/1974","5c2138bf-3960-11ef-a54b-7b2e16e5ffcd","away","Füchse Berlin","VfL Gummersbach",15,27,FALSE,0,NA,NA,0,0,0,NA,0,0,0,0,0,0,NA,NA,NA,NA,NA,NA,NA,NA,0,0,0,0,NA,NA,NA,NA,NA
"Hartmut Alsen","a5dc4676-3955-11ef-ac19-2510cc07ea6e",NA,NA,1973,"2/9/1974","5c2138bf-3960-11ef-a54b-7b2e16e5ffcd","away","Füchse Berlin","VfL Gummersbach",15,27,FALSE,2,NA,NA,0,0,2,NA,0,0,0,0,0,0,NA,NA,NA,NA,NA,NA,NA,NA,0,0,0,0,NA,NA,NA,NA,NA
"Bernd Dibbert","a5e7e77c-3955-11ef-a806-2510cc07ea6e",NA,NA,1973,"2/9/1974","5c2138bf-3960-11ef-a54b-7b2e16e5ffcd","away","Füchse Berlin","VfL Gummersbach",15,27,FALSE,1,NA,NA,0,0,0,NA,0,0,0,0,0,0,NA,NA,NA,NA,NA,NA,NA,NA,0,0,0,0,NA,NA,NA,NA,NA
"Diethard Finkelmann","a60bdcf9-3955-11ef-bfa1-2510cc07ea6e",NA,NA,1973,"2/9/1974","5c2138bf-3960-11ef-a54b-7b2e16e5ffcd","away","Füchse Berlin","VfL Gummersbach",15,27,FALSE,4,NA,NA,0,0,0,NA,0,0,0,0,0,0,NA,NA,NA,NA,NA,NA,NA,NA,0,0,0,0,NA,NA,NA,NA,NA
"Jochen Oermann","b193e84b-3955-11ef-bdbf-a36230ada079",NA,NA,1973,"2/9/1974","5c2138bf-3960-11ef-a54b-7b2e16e5ffcd","away","Füchse Berlin","VfL Gummersbach",15,27,FALSE,0,NA,NA,0,0,0,NA,0,0,0,0,0,0,NA,NA,NA,NA,NA,NA,NA,NA,0,0,0,0,NA,NA,NA,NA,NA
"Detlef Finkelmann","b1a8f927-3955-11ef-a009-a36230ada079",NA,NA,1973,"2/9/1974","5c2138bf-3960-11ef-a54b-7b2e16e5ffcd","away","Füchse Berlin","VfL Gummersbach",15,27,FALSE,3,NA,NA,0,0,0,NA,0,0,0,0,0,0,NA,NA,NA,NA,NA,NA,NA,NA,0,0,0,0,NA,NA,NA,NA,NA
"Bernd Goerigk","b1b21b0c-3955-11ef-a303-a36230ada079",NA,NA,1973,"2/9/1974","5c2138bf-3960-11ef-a54b-7b2e16e5ffcd","away","Füchse Berlin","VfL Gummersbach",15,27,FALSE,1,NA,NA,0,0,0,NA,0,0,0,0,0,0,NA,NA,NA,NA,NA,NA,NA,NA,0,0,0,0,NA,NA,NA,NA,NA
"Sigmar Artelt","bdbc9392-3955-11ef-a3be-ab397f561917",NA,NA,1973,"2/9/1974","5c2138bf-3960-11ef-a54b-7b2e16e5ffcd","away","Füchse Berlin","VfL Gummersbach",15,27,FALSE,1,NA,NA,0,0,0,NA,0,0,0,0,0,0,NA,NA,NA,NA,NA,NA,NA,NA,0,0,0,0,NA,NA,NA,NA,NA
"Horst Waisznor","bdce772f-3955-11ef-a781-ab397f561917",NA,NA,1973,"2/9/1974","5c2138bf-3960-11ef-a54b-7b2e16e5ffcd","away","Füchse Berlin","VfL Gummersbach",15,27,FALSE,2,NA,NA,0,0,0,NA,0,0,0,0,0,0,NA,NA,NA,NA,NA,NA,NA,NA,0,0,0,0,NA,NA,NA,NA,NA
"Klaus-Dieter Guse","bdd76769-3955-11ef-97dc-ab397f561917",NA,NA,1973,"2/9/1974","5c2138bf-3960-11ef-a54b-7b2e16e5ffcd","away","Füchse Berlin","VfL Gummersbach",15,27,FALSE,1,NA,NA,0,0,0,NA,0,0,0,0,0,0,NA,NA,NA,NA,NA,NA,NA,NA,0,0,0,0,NA,NA,NA,NA,NA
"Harald Lüth","a552c518-3955-11ef-8a68-2510cc07ea6e",NA,NA,1973,"2/9/1974","66ca7d8b-3960-11ef-bc0b-2906cc9fb6bc","home","VfL Lübeck-Schwartau","TuSEM Essen",22,14,TRUE,1,NA,NA,0,0,0,NA,0,0,0,0,0,0,NA,NA,NA,NA,NA,NA,NA,NA,0,0,0,0,NA,NA,NA,NA,NA
"Michael Dogs","b0cecb4a-3955-11ef-b665-a36230ada079",NA,NA,1973,"2/9/1974","66ca7d8b-3960-11ef-bc0b-2906cc9fb6bc","home","VfL Lübeck-Schwartau","TuSEM Essen",22,14,TRUE,0,NA,NA,0,0,0,NA,0,0,0,0,0,0,NA,NA,NA,NA,NA,NA,NA,NA,0,0,0,0,NA,NA,NA,NA,NA
"Ulrich Kleinstoll","b0f37438-3955-11ef-84e6-a36230ada079",NA,NA,1973,"2/9/1974","66ca7d8b-3960-11ef-bc0b-2906cc9fb6bc","home","VfL Lübeck-Schwartau","TuSEM Essen",22,14,TRUE,0,NA,NA,0,0,0,NA,0,0,0,0,0,0,NA,NA,NA,NA,NA,NA,NA,NA,0,0,0,0,NA,NA,NA,NA,NA
"Thomas Kluth","b0f877c0-3955-11ef-a314-a36230ada079",NA,NA,1973,"2/9/1974","66ca7d8b-3960-11ef-bc0b-2906cc9fb6bc","home","VfL Lübeck-Schwartau","TuSEM Essen",22,14,TRUE,1,NA,NA,0,0,0,NA,0,0,0,0,0,0,NA,NA,NA,NA,NA,NA,NA,NA,0,0,0,0,NA,NA,NA,NA,NA
"Siegfried Berg","b10d3ec3-3955-11ef-8a30-a36230ada079",NA,NA,1973,"2/9/1974","66ca7d8b-3960-11ef-bc0b-2906cc9fb6bc","home","VfL Lübeck-Schwartau","TuSEM Essen",22,14,TRUE,4,NA,NA,0,0,2,NA,0,0,0,0,0,0,NA,NA,NA,NA,NA,NA,NA,NA,0,0,0,0,NA,NA,NA,NA,NA
"Wolfgang Braun","b1a4c388-3955-11ef-92b7-a36230ada079",NA,NA,1973,"2/9/1974","66ca7d8b-3960-11ef-bc0b-2906cc9fb6bc","home","VfL Lübeck-Schwartau","TuSEM Essen",22,14,TRUE,5,NA,NA,0,0,2,NA,0,0,0,0,0,0,NA,NA,NA,NA,NA,NA,NA,NA,0,0,0,0,NA,NA,NA,NA,NA
"Bernd Heiden","baf62966-3955-11ef-b7e1-ab397f561917",NA,NA,1973,"2/9/1974","66ca7d8b-3960-11ef-bc0b-2906cc9fb6bc","home","VfL Lübeck-Schwartau","TuSEM Essen",22,14,TRUE,6,NA,NA,0,0,0,NA,0,0,0,0,0,0,NA,NA,NA,NA,NA,NA,NA,NA,0,0,0,0,NA,NA,NA,NA,NA
"Klaus Lange","bafb51f3-3955-11ef-9864-ab397f561917",NA,NA,1973,"2/9/1974","66ca7d8b-3960-11ef-bc0b-2906cc9fb6bc","home","VfL Lübeck-Schwartau","TuSEM Essen",22,14,TRUE,4,NA,NA,0,0,0,NA,0,0,0,0,0,0,NA,NA,NA,NA,NA,NA,NA,NA,0,0,0,0,NA,NA,NA,NA,NA
"Georg Pohl","baff6cee-3955-11ef-a80f-ab397f561917",NA,NA,1973,"2/9/1974","66ca7d8b-3960-11ef-bc0b-2906cc9fb6bc","home","VfL Lübeck-Schwartau","TuSEM Essen",22,14,TRUE,1,NA,NA,0,0,0,NA,0,0,0,0,0,0,NA,NA,NA,NA,NA,NA,NA,NA,0,0,0,0,NA,NA,NA,NA,NA
"Manfred Kuhnke","bb039049-3955-11ef-bdc6-ab397f561917",NA,NA,1973,"2/9/1974","66ca7d8b-3960-11ef-bc0b-2906cc9fb6bc","home","VfL Lübeck-Schwartau","TuSEM Essen",22,14,TRUE,0,NA,NA,0,0,0,NA,0,0,0,0,0,0,NA,NA,NA,NA,NA,NA,NA,NA,0,0,0,0,NA,NA,NA,NA,NA
"Dietmar Balkenhol","8dfc784e-3955-11ef-b459-81dc40648355",NA,NA,1973,"2/9/1974","66ca7d8b-3960-11ef-bc0b-2906cc9fb6bc","away","TuSEM Essen","VfL Lübeck-Schwartau",14,22,FALSE,2,NA,NA,0,0,0,NA,0,0,0,0,0,0,NA,NA,NA,NA,NA,NA,NA,NA,0,0,0,0,NA,NA,NA,NA,NA
"Gerhard Wrobel","ae4fc714-3955-11ef-a106-a36230ada079",NA,NA,1973,"2/9/1974","66ca7d8b-3960-11ef-bc0b-2906cc9fb6bc","away","TuSEM Essen","VfL Lübeck-Schwartau",14,22,FALSE,0,NA,NA,0,0,0,NA,0,0,0,0,0,0,NA,NA,NA,NA,NA,NA,NA,NA,0,0,0,0,NA,NA,NA,NA,NA
"Anderko Govorko","bb91b676-3955-11ef-8109-ab397f561917",NA,NA,1973,"2/9/1974","66ca7d8b-3960-11ef-bc0b-2906cc9fb6bc","away","TuSEM Essen","VfL Lübeck-Schwartau",14,22,FALSE,1,NA,NA,0,0,0,NA,0,0,0,0,0,0,NA,NA,NA,NA,NA,NA,NA,NA,0,0,0,0,NA,NA,NA,NA,NA
"Herbert Buschmann","bd5ac595-3955-11ef-97f0-ab397f561917",NA,NA,1973,"2/9/1974","66ca7d8b-3960-11ef-bc0b-2906cc9fb6bc","away","TuSEM Essen","VfL Lübeck-Schwartau",14,22,FALSE,0,NA,NA,0,0,0,NA,0,0,0,0,0,0,NA,NA,NA,NA,NA,NA,NA,NA,0,0,0,0,NA,NA,NA,NA,NA
"Peter Venzke","bd6b12a9-3955-11ef-af21-ab397f561917",NA,NA,1973,"2/9/1974","66ca7d8b-3960-11ef-bc0b-2906cc9fb6bc","away","TuSEM Essen","VfL Lübeck-Schwartau",14,22,FALSE,3,NA,NA,0,0,0,NA,0,0,0,0,0,0,NA,NA,NA,NA,NA,NA,NA,NA,0,0,0,0,NA,NA,NA,NA,NA
"Gerhard Schmidt","bd78314d-3955-11ef-8668-ab397f561917",NA,NA,1973,"2/9/1974","66ca7d8b-3960-11ef-bc0b-2906cc9fb6bc","away","TuSEM Essen","VfL Lübeck-Schwartau",14,22,FALSE,3,NA,NA,0,0,0,NA,0,0,0,0,0,0,NA,NA,NA,NA,NA,NA,NA,NA,0,0,0,0,NA,NA,NA,NA,NA
"Manfred Benning","bd7cb1bd-3955-11ef-883f-ab397f561917",NA,NA,1973,"2/9/1974","66ca7d8b-3960-11ef-bc0b-2906cc9fb6bc","away","TuSEM Essen","VfL Lübeck-Schwartau",14,22,FALSE,0,NA,NA,0,0,0,NA,0,0,0,0,0,0,NA,NA,NA,NA,NA,NA,NA,NA,0,0,0,0,NA,NA,NA,NA,NA
"Alojz Snedić","bd80daac-3955-11ef-a8ab-ab397f561917",NA,NA,1973,"2/9/1974","66ca7d8b-3960-11ef-bc0b-2906cc9fb6bc","away","TuSEM Essen","VfL Lübeck-Schwartau",14,22,FALSE,0,NA,NA,0,0,0,NA,0,0,0,0,0,0,NA,NA,NA,NA,NA,NA,NA,NA,0,0,0,0,NA,NA,NA,NA,NA
"Peter Fischer","bd861af2-3955-11ef-a655-ab397f561917",NA,NA,1973,"2/9/1974","66ca7d8b-3960-11ef-bc0b-2906cc9fb6bc","away","TuSEM Essen","VfL Lübeck-Schwartau",14,22,FALSE,3,NA,NA,0,0,0,NA,0,0,0,0,0,0,NA,NA,NA,NA,NA,NA,NA,NA,0,0,0,0,NA,NA,NA,NA,NA
"Wolfgang Schütte","bd8b9463-3955-11ef-84e4-ab397f561917",NA,NA,1973,"2/9/1974","66ca7d8b-3960-11ef-bc0b-2906cc9fb6bc","away","TuSEM Essen","VfL Lübeck-Schwartau",14,22,FALSE,0,NA,NA,0,0,0,NA,0,0,0,0,0,0,NA,NA,NA,NA,NA,NA,NA,NA,0,0,0,0,NA,NA,NA,NA,NA
"Peter Meuter","bd905293-3955-11ef-a264-ab397f561917",NA,NA,1973,"2/9/1974","66ca7d8b-3960-11ef-bc0b-2906cc9fb6bc","away","TuSEM Essen","VfL Lübeck-Schwartau",14,22,FALSE,2,NA,NA,0,0,2,NA,0,0,0,0,0,0,NA,NA,NA,NA,NA,NA,NA,NA,0,0,0,0,NA,NA,NA,NA,NA
"Walter Don","73f54ad3-3955-11ef-b2c6-51fdf2a82730",NA,NA,1973,"2/9/1974","682a6ed4-3960-11ef-9262-2906cc9fb6bc","home","TV 05/07 Hüttenberg","TSV Milbertshofen",20,17,TRUE,0,NA,NA,0,0,0,NA,0,0,0,0,0,0,NA,NA,NA,NA,NA,NA,NA,NA,0,0,0,0,NA,NA,NA,NA,NA
"Hans-Jürgen Völpel","80753eec-3955-11ef-bd2e-b908c60af10a",NA,NA,1973,"2/9/1974","682a6ed4-3960-11ef-9262-2906cc9fb6bc","home","TV 05/07 Hüttenberg","TSV Milbertshofen",20,17,TRUE,0,NA,NA,0,0,0,NA,0,0,0,0,0,0,NA,NA,NA,NA,NA,NA,NA,NA,0,0,0,0,NA,NA,NA,NA,NA
"Siegfried Weber","807d098c-3955-11ef-8827-b908c60af10a",NA,NA,1973,"2/9/1974","682a6ed4-3960-11ef-9262-2906cc9fb6bc","home","TV 05/07 Hüttenberg","TSV Milbertshofen",20,17,TRUE,0,NA,NA,0,0,0,NA,0,0,0,0,0,0,NA,NA,NA,NA,NA,NA,NA,NA,0,0,0,0,NA,NA,NA,NA,NA
"Horst Spengler","80adf446-3955-11ef-a1e6-b908c60af10a",NA,NA,1973,"2/9/1974","682a6ed4-3960-11ef-9262-2906cc9fb6bc","home","TV 05/07 Hüttenberg","TSV Milbertshofen",20,17,TRUE,2,NA,NA,0,0,1,NA,0,0,0,0,0,0,NA,NA,NA,NA,NA,NA,NA,NA,0,0,0,0,NA,NA,NA,NA,NA
"Peter Barthelmey","99855e8f-3955-11ef-b9a4-292be3190b7b",NA,NA,1973,"2/9/1974","682a6ed4-3960-11ef-9262-2906cc9fb6bc","home","TV 05/07 Hüttenberg","TSV Milbertshofen",20,17,TRUE,2,NA,NA,0,0,2,NA,0,0,0,0,0,0,NA,NA,NA,NA,NA,NA,NA,NA,0,0,0,0,NA,NA,NA,NA,NA
"Richard Boczkowski","a1b43836-3955-11ef-934f-2510cc07ea6e",NA,NA,1973,"2/9/1974","682a6ed4-3960-11ef-9262-2906cc9fb6bc","home","TV 05/07 Hüttenberg","TSV Milbertshofen",20,17,TRUE,0,NA,NA,0,0,0,NA,0,0,0,0,0,0,NA,NA,NA,NA,NA,NA,NA,NA,0,0,0,0,NA,NA,NA,NA,NA
"Norbert Bach","a3be6ba6-3955-11ef-9511-2510cc07ea6e",NA,NA,1973,"2/9/1974","682a6ed4-3960-11ef-9262-2906cc9fb6bc","home","TV 05/07 Hüttenberg","TSV Milbertshofen",20,17,TRUE,11,NA,NA,0,0,0,NA,0,0,0,0,0,0,NA,NA,NA,NA,NA,NA,NA,NA,0,0,0,0,NA,NA,NA,NA,NA
"Stefan Schicketanz","a3d099d4-3955-11ef-90b6-2510cc07ea6e",NA,NA,1973,"2/9/1974","682a6ed4-3960-11ef-9262-2906cc9fb6bc","home","TV 05/07 Hüttenberg","TSV Milbertshofen",20,17,TRUE,2,NA,NA,0,0,0,NA,0,0,0,0,0,0,NA,NA,NA,NA,NA,NA,NA,NA,0,0,0,0,NA,NA,NA,NA,NA
"Udo Uebbing","ae4823ea-3955-11ef-93ce-a36230ada079",NA,NA,1973,"2/9/1974","682a6ed4-3960-11ef-9262-2906cc9fb6bc","home","TV 05/07 Hüttenberg","TSV Milbertshofen",20,17,TRUE,3,NA,NA,0,0,0,NA,0,0,0,0,0,0,NA,NA,NA,NA,NA,NA,NA,NA,0,0,0,0,NA,NA,NA,NA,NA
"Rainer Joost","bb83a6fb-3955-11ef-b43f-ab397f561917",NA,NA,1973,"2/9/1974","682a6ed4-3960-11ef-9262-2906cc9fb6bc","home","TV 05/07 Hüttenberg","TSV Milbertshofen",20,17,TRUE,0,NA,NA,0,0,0,NA,0,0,0,0,0,0,NA,NA,NA,NA,NA,NA,NA,NA,0,0,0,0,NA,NA,NA,NA,NA
"Dieter Beckmann","bb888d20-3955-11ef-b8c5-ab397f561917",NA,NA,1973,"2/9/1974","682a6ed4-3960-11ef-9262-2906cc9fb6bc","home","TV 05/07 Hüttenberg","TSV Milbertshofen",20,17,TRUE,0,NA,NA,0,0,0,NA,0,0,0,0,0,0,NA,NA,NA,NA,NA,NA,NA,NA,0,0,0,0,NA,NA,NA,NA,NA
"Andrija Kotlas","bde016f5-3955-11ef-b96c-ab397f561917",NA,NA,1973,"2/9/1974","682a6ed4-3960-11ef-9262-2906cc9fb6bc","home","TV 05/07 Hüttenberg","TSV Milbertshofen",20,17,TRUE,0,NA,NA,0,0,0,NA,0,0,0,0,0,0,NA,NA,NA,NA,NA,NA,NA,NA,0,0,0,0,NA,NA,NA,NA,NA
"Wolfgang Sommerfeld","74c0be88-3955-11ef-89fd-51fdf2a82730",NA,NA,1973,"2/9/1974","682a6ed4-3960-11ef-9262-2906cc9fb6bc","away","TSV Milbertshofen","TV 05/07 Hüttenberg",17,20,FALSE,3,NA,NA,0,0,0,NA,0,0,0,0,0,0,NA,NA,NA,NA,NA,NA,NA,NA,0,0,0,0,NA,NA,NA,NA,NA
"Rainer Olbert","80d00b6a-3955-11ef-ab11-b908c60af10a",NA,NA,1973,"2/9/1974","682a6ed4-3960-11ef-9262-2906cc9fb6bc","away","TSV Milbertshofen","TV 05/07 Hüttenberg",17,20,FALSE,0,NA,NA,0,0,0,NA,0,0,0,0,0,0,NA,NA,NA,NA,NA,NA,NA,NA,0,0,0,0,NA,NA,NA,NA,NA
"Udo Böbel","80d4ba37-3955-11ef-9d8b-b908c60af10a",NA,NA,1973,"2/9/1974","682a6ed4-3960-11ef-9262-2906cc9fb6bc","away","TSV Milbertshofen","TV 05/07 Hüttenberg",17,20,FALSE,5,NA,NA,0,0,0,NA,0,0,0,0,0,0,NA,NA,NA,NA,NA,NA,NA,NA,0,0,0,0,NA,NA,NA,NA,NA
"Peter Jaschke","8b728782-3955-11ef-8da6-81dc40648355",NA,NA,1973,"2/9/1974","682a6ed4-3960-11ef-9262-2906cc9fb6bc","away","TSV Milbertshofen","TV 05/07 Hüttenberg",17,20,FALSE,0,NA,NA,0,0,0,NA,0,0,0,0,0,0,NA,NA,NA,NA,NA,NA,NA,NA,0,0,0,0,NA,NA,NA,NA,NA
"Werner Winkelmeier","9712104e-3955-11ef-9613-292be3190b7b",NA,NA,1973,"2/9/1974","682a6ed4-3960-11ef-9262-2906cc9fb6bc","away","TSV Milbertshofen","TV 05/07 Hüttenberg",17,20,FALSE,0,NA,NA,0,0,0,NA,0,0,0,0,0,0,NA,NA,NA,NA,NA,NA,NA,NA,0,0,0,0,NA,NA,NA,NA,NA
"Josef Kiener","972d7d47-3955-11ef-a437-292be3190b7b",NA,NA,1973,"2/9/1974","682a6ed4-3960-11ef-9262-2906cc9fb6bc","away","TSV Milbertshofen","TV 05/07 Hüttenberg",17,20,FALSE,1,NA,NA,0,0,0,NA,0,0,0,0,0,0,NA,NA,NA,NA,NA,NA,NA,NA,0,0,0,0,NA,NA,NA,NA,NA
"Rudolf Dobler","97ac407c-3955-11ef-9ea9-292be3190b7b",NA,NA,1973,"2/9/1974","682a6ed4-3960-11ef-9262-2906cc9fb6bc","away","TSV Milbertshofen","TV 05/07 Hüttenberg",17,20,FALSE,2,NA,NA,0,0,0,NA,0,0,0,0,0,0,NA,NA,NA,NA,NA,NA,NA,NA,0,0,0,0,NA,NA,NA,NA,NA
"Erwin Heilmeier","af09c6c5-3955-11ef-9faa-a36230ada079",NA,NA,1973,"2/9/1974","682a6ed4-3960-11ef-9262-2906cc9fb6bc","away","TSV Milbertshofen","TV 05/07 Hüttenberg",17,20,FALSE,0,NA,NA,0,0,0,NA,0,0,0,0,0,0,NA,NA,NA,NA,NA,NA,NA,NA,0,0,0,0,NA,NA,NA,NA,NA
"Jochen Heyne","b1c06894-3955-11ef-ab50-a36230ada079",NA,NA,1973,"2/9/1974","682a6ed4-3960-11ef-9262-2906cc9fb6bc","away","TSV Milbertshofen","TV 05/07 Hüttenberg",17,20,FALSE,3,NA,NA,0,0,1,NA,0,0,0,0,0,0,NA,NA,NA,NA,NA,NA,NA,NA,0,0,0,0,NA,NA,NA,NA,NA
"Helmut Schelchshorn","b1c960ef-3955-11ef-850b-a36230ada079",NA,NA,1973,"2/9/1974","682a6ed4-3960-11ef-9262-2906cc9fb6bc","away","TSV Milbertshofen","TV 05/07 Hüttenberg",17,20,FALSE,0,NA,NA,0,0,0,NA,0,0,0,0,0,0,NA,NA,NA,NA,NA,NA,NA,NA,0,0,0,0,NA,NA,NA,NA,NA
"Peter Feddern","bc1b1b3e-3955-11ef-9c4e-ab397f561917",NA,NA,1973,"2/9/1974","682a6ed4-3960-11ef-9262-2906cc9fb6bc","away","TSV Milbertshofen","TV 05/07 Hüttenberg",17,20,FALSE,3,NA,NA,0,0,0,NA,0,0,0,0,0,0,NA,NA,NA,NA,NA,NA,NA,NA,0,0,0,0,NA,NA,NA,NA,NA
"Werner Osada","98d8c8ac-3955-11ef-b6db-292be3190b7b",NA,NA,1973,"2/9/1974","690cb192-3960-11ef-aae9-2906cc9fb6bc","home","S3L Handball","TV Großwallstadt",21,18,TRUE,2,NA,NA,0,0,2,NA,0,0,0,0,0,0,NA,NA,NA,NA,NA,NA,NA,NA,0,0,0,0,NA,NA,NA,NA,NA
"Manfred Müller","ae54e819-3955-11ef-81e8-a36230ada079",NA,NA,1973,"2/9/1974","690cb192-3960-11ef-aae9-2906cc9fb6bc","home","S3L Handball","TV Großwallstadt",21,18,TRUE,0,NA,NA,0,0,0,NA,0,0,0,0,0,0,NA,NA,NA,NA,NA,NA,NA,NA,0,0,0,0,NA,NA,NA,NA,NA
"Georg Fitz","ae68320c-3955-11ef-89fa-a36230ada079",NA,NA,1973,"2/9/1974","690cb192-3960-11ef-aae9-2906cc9fb6bc","home","S3L Handball","TV Großwallstadt",21,18,TRUE,1,NA,NA,0,0,0,NA,0,0,0,0,0,0,NA,NA,NA,NA,NA,NA,NA,NA,0,0,0,0,NA,NA,NA,NA,NA
"Franz Rupp","ae6c7950-3955-11ef-87dd-a36230ada079",NA,NA,1973,"2/9/1974","690cb192-3960-11ef-aae9-2906cc9fb6bc","home","S3L Handball","TV Großwallstadt",21,18,TRUE,2,NA,NA,0,0,0,NA,0,0,0,0,0,0,NA,NA,NA,NA,NA,NA,NA,NA,0,0,0,0,NA,NA,NA,NA,NA
"Bernd Frühauf","ae71d80f-3955-11ef-a219-a36230ada079",NA,NA,1973,"2/9/1974","690cb192-3960-11ef-aae9-2906cc9fb6bc","home","S3L Handball","TV Großwallstadt",21,18,TRUE,1,NA,NA,0,0,0,NA,0,0,0,0,0,0,NA,NA,NA,NA,NA,NA,NA,NA,0,0,0,0,NA,NA,NA,NA,NA
"Wolfgang Sättele","ae76c01d-3955-11ef-bfb9-a36230ada079",NA,NA,1973,"2/9/1974","690cb192-3960-11ef-aae9-2906cc9fb6bc","home","S3L Handball","TV Großwallstadt",21,18,TRUE,0,NA,NA,0,0,0,NA,0,0,0,0,0,0,NA,NA,NA,NA,NA,NA,NA,NA,0,0,0,0,NA,NA,NA,NA,NA
"Robert Becker","ae8c50f9-3955-11ef-91c4-a36230ada079",NA,NA,1973,"2/9/1974","690cb192-3960-11ef-aae9-2906cc9fb6bc","home","S3L Handball","TV Großwallstadt",21,18,TRUE,3,NA,NA,0,0,0,NA,0,0,0,0,0,0,NA,NA,NA,NA,NA,NA,NA,NA,0,0,0,0,NA,NA,NA,NA,NA
"Jürgen Hahn","ae947745-3955-11ef-bc54-a36230ada079",NA,NA,1973,"2/9/1974","690cb192-3960-11ef-aae9-2906cc9fb6bc","home","S3L Handball","TV Großwallstadt",21,18,TRUE,3,NA,NA,0,0,0,NA,0,0,0,0,0,0,NA,NA,NA,NA,NA,NA,NA,NA,0,0,0,0,NA,NA,NA,NA,NA
"Hansjörg Jäck","b166bd31-3955-11ef-bed1-a36230ada079",NA,NA,1973,"2/9/1974","690cb192-3960-11ef-aae9-2906cc9fb6bc","home","S3L Handball","TV Großwallstadt",21,18,TRUE,0,NA,NA,0,0,0,NA,0,0,0,0,0,0,NA,NA,NA,NA,NA,NA,NA,NA,0,0,0,0,NA,NA,NA,NA,NA
"Werner Pruscha","bb9c8e56-3955-11ef-ac18-ab397f561917",NA,NA,1973,"2/9/1974","690cb192-3960-11ef-aae9-2906cc9fb6bc","home","S3L Handball","TV Großwallstadt",21,18,TRUE,1,NA,NA,0,0,0,NA,0,0,0,0,0,0,NA,NA,NA,NA,NA,NA,NA,NA,0,0,0,0,NA,NA,NA,NA,NA
"Wolfhardt Bühler","bba2fc92-3955-11ef-a8d6-ab397f561917",NA,NA,1973,"2/9/1974","690cb192-3960-11ef-aae9-2906cc9fb6bc","home","S3L Handball","TV Großwallstadt",21,18,TRUE,7,NA,NA,0,0,2,NA,0,0,0,0,0,0,NA,NA,NA,NA,NA,NA,NA,NA,0,0,0,0,NA,NA,NA,NA,NA
"Arno Schandin","bded1584-3955-11ef-8a76-ab397f561917",NA,NA,1973,"2/9/1974","690cb192-3960-11ef-aae9-2906cc9fb6bc","home","S3L Handball","TV Großwallstadt",21,18,TRUE,1,NA,NA,0,0,0,NA,0,0,0,0,0,0,NA,NA,NA,NA,NA,NA,NA,NA,0,0,0,0,NA,NA,NA,NA,NA
"Kurt Klühspies","5ac3e7d7-3955-11ef-b574-4fa817cd91bb",NA,NA,1973,"2/9/1974","690cb192-3960-11ef-aae9-2906cc9fb6bc","away","TV Großwallstadt","S3L Handball",18,21,FALSE,4,NA,NA,0,0,0,NA,0,0,0,0,0,0,NA,NA,NA,NA,NA,NA,NA,NA,0,0,0,0,NA,NA,NA,NA,NA
"Manfred Hofmann","6855eb0b-3955-11ef-8cb3-292be3190b7b",NA,NA,1973,"2/9/1974","690cb192-3960-11ef-aae9-2906cc9fb6bc","away","TV Großwallstadt","S3L Handball",18,21,FALSE,0,NA,NA,0,0,0,NA,0,0,0,0,0,0,NA,NA,NA,NA,NA,NA,NA,NA,0,0,0,0,NA,NA,NA,NA,NA
"Thomas Sinsel","8adb8152-3955-11ef-b2de-81dc40648355",NA,NA,1973,"2/9/1974","690cb192-3960-11ef-aae9-2906cc9fb6bc","away","TV Großwallstadt","S3L Handball",18,21,FALSE,0,NA,NA,0,0,0,NA,0,0,0,0,0,0,NA,NA,NA,NA,NA,NA,NA,NA,0,0,0,0,NA,NA,NA,NA,NA
"Manfred Schwarz","96d98e53-3955-11ef-a3c9-292be3190b7b",NA,NA,1973,"2/9/1974","690cb192-3960-11ef-aae9-2906cc9fb6bc","away","TV Großwallstadt","S3L Handball",18,21,FALSE,0,NA,NA,0,0,0,NA,0,0,0,0,0,0,NA,NA,NA,NA,NA,NA,NA,NA,0,0,0,0,NA,NA,NA,NA,NA
"Arno Böckling","a3c38db5-3955-11ef-810f-2510cc07ea6e",NA,NA,1973,"2/9/1974","690cb192-3960-11ef-aae9-2906cc9fb6bc","away","TV Großwallstadt","S3L Handball",18,21,FALSE,3,NA,NA,0,0,0,NA,0,0,0,0,0,0,NA,NA,NA,NA,NA,NA,NA,NA,0,0,0,0,NA,NA,NA,NA,NA
"Eckhardt Suffel","aeac0503-3955-11ef-88c6-a36230ada079",NA,NA,1973,"2/9/1974","690cb192-3960-11ef-aae9-2906cc9fb6bc","away","TV Großwallstadt","S3L Handball",18,21,FALSE,2,NA,NA,0,0,0,NA,0,0,0,0,0,0,NA,NA,NA,NA,NA,NA,NA,NA,0,0,0,0,NA,NA,NA,NA,NA
"Norbert Klein","b18179dc-3955-11ef-acc0-a36230ada079",NA,NA,1973,"2/9/1974","690cb192-3960-11ef-aae9-2906cc9fb6bc","away","TV Großwallstadt","S3L Handball",18,21,FALSE,0,NA,NA,0,0,0,NA,0,0,0,0,0,0,NA,NA,NA,NA,NA,NA,NA,NA,0,0,0,0,NA,NA,NA,NA,NA
"Peter Kuß","bbc18adb-3955-11ef-a5f7-ab397f561917",NA,NA,1973,"2/9/1974","690cb192-3960-11ef-aae9-2906cc9fb6bc","away","TV Großwallstadt","S3L Handball",18,21,FALSE,0,NA,NA,0,0,0,NA,0,0,0,0,0,0,NA,NA,NA,NA,NA,NA,NA,NA,0,0,0,0,NA,NA,NA,NA,NA
"Robert Welter","bdfd19db-3955-11ef-981e-ab397f561917",NA,NA,1973,"2/9/1974","690cb192-3960-11ef-aae9-2906cc9fb6bc","away","TV Großwallstadt","S3L Handball",18,21,FALSE,0,NA,NA,0,0,0,NA,0,0,0,0,0,0,NA,NA,NA,NA,NA,NA,NA,NA,0,0,0,0,NA,NA,NA,NA,NA
"Herbert Kunkel","be058ce8-3955-11ef-a8d1-ab397f561917",NA,NA,1973,"2/9/1974","690cb192-3960-11ef-aae9-2906cc9fb6bc","away","TV Großwallstadt","S3L Handball",18,21,FALSE,0,NA,NA,0,0,0,NA,0,0,0,0,0,0,NA,NA,NA,NA,NA,NA,NA,NA,0,0,0,0,NA,NA,NA,NA,NA
"Rainer Oberle","be123408-3955-11ef-92a6-ab397f561917",NA,NA,1973,"2/9/1974","690cb192-3960-11ef-aae9-2906cc9fb6bc","away","TV Großwallstadt","S3L Handball",18,21,FALSE,5,NA,NA,0,0,2,NA,0,0,0,0,0,0,NA,NA,NA,NA,NA,NA,NA,NA,0,0,0,0,NA,NA,NA,NA,NA
"Josef Karrer","be167639-3955-11ef-ac70-ab397f561917",NA,NA,1973,"2/9/1974","690cb192-3960-11ef-aae9-2906cc9fb6bc","away","TV Großwallstadt","S3L Handball",18,21,FALSE,4,NA,NA,0,0,0,NA,0,0,0,0,0,0,NA,NA,NA,NA,NA,NA,NA,NA,0,0,0,0,NA,NA,NA,NA,NA
"Manfred Schulz","8bc2b5ea-3955-11ef-8d03-81dc40648355",NA,NA,1973,"2/9/1974","6a995948-3960-11ef-9b81-2906cc9fb6bc","home","TSV 1896 Rintheim","SG Dietzenbach",21,16,TRUE,0,NA,NA,0,0,0,NA,0,0,0,0,0,0,NA,NA,NA,NA,NA,NA,NA,NA,0,0,0,0,NA,NA,NA,NA,NA
"Wolf-Dieter Nagel","8d41486b-3955-11ef-8d22-81dc40648355",NA,NA,1973,"2/9/1974","6a995948-3960-11ef-9b81-2906cc9fb6bc","home","TSV 1896 Rintheim","SG Dietzenbach",21,16,TRUE,7,NA,NA,0,0,0,NA,0,0,0,0,0,0,NA,NA,NA,NA,NA,NA,NA,NA,0,0,0,0,NA,NA,NA,NA,NA
"Franz Bechler","98035d7e-3955-11ef-8b94-292be3190b7b",NA,NA,1973,"2/9/1974","6a995948-3960-11ef-9b81-2906cc9fb6bc","home","TSV 1896 Rintheim","SG Dietzenbach",21,16,TRUE,2,NA,NA,0,0,0,NA,0,0,0,0,0,0,NA,NA,NA,NA,NA,NA,NA,NA,0,0,0,0,NA,NA,NA,NA,NA
"Max Müller","99453a6b-3955-11ef-84c2-292be3190b7b",NA,NA,1973,"2/9/1974","6a995948-3960-11ef-9b81-2906cc9fb6bc","home","TSV 1896 Rintheim","SG Dietzenbach",21,16,TRUE,5,NA,NA,0,0,2,NA,0,0,0,0,0,0,NA,NA,NA,NA,NA,NA,NA,NA,0,0,0,0,NA,NA,NA,NA,NA
"Wilfried Job","af3ed007-3955-11ef-9184-a36230ada079",NA,NA,1973,"2/9/1974","6a995948-3960-11ef-9b81-2906cc9fb6bc","home","TSV 1896 Rintheim","SG Dietzenbach",21,16,TRUE,3,NA,NA,0,0,0,NA,0,0,0,0,0,0,NA,NA,NA,NA,NA,NA,NA,NA,0,0,0,0,NA,NA,NA,NA,NA
"Claus Erles","af42e492-3955-11ef-a26e-a36230ada079",NA,NA,1973,"2/9/1974","6a995948-3960-11ef-9b81-2906cc9fb6bc","home","TSV 1896 Rintheim","SG Dietzenbach",21,16,TRUE,0,NA,NA,0,0,0,NA,0,0,0,0,0,0,NA,NA,NA,NA,NA,NA,NA,NA,0,0,0,0,NA,NA,NA,NA,NA
"Peter Maier","af4e0d17-3955-11ef-8763-a36230ada079",NA,NA,1973,"2/9/1974","6a995948-3960-11ef-9b81-2906cc9fb6bc","home","TSV 1896 Rintheim","SG Dietzenbach",21,16,TRUE,0,NA,NA,0,0,0,NA,0,0,0,0,0,0,NA,NA,NA,NA,NA,NA,NA,NA,0,0,0,0,NA,NA,NA,NA,NA
"Bernd Seibel","bc6670d9-3955-11ef-b849-ab397f561917",NA,NA,1973,"2/9/1974","6a995948-3960-11ef-9b81-2906cc9fb6bc","home","TSV 1896 Rintheim","SG Dietzenbach",21,16,TRUE,2,NA,NA,0,0,0,NA,0,0,0,0,0,0,NA,NA,NA,NA,NA,NA,NA,NA,0,0,0,0,NA,NA,NA,NA,NA
"Wolfgang Dillenberger","bc6a40c8-3955-11ef-8c9f-ab397f561917",NA,NA,1973,"2/9/1974","6a995948-3960-11ef-9b81-2906cc9fb6bc","home","TSV 1896 Rintheim","SG Dietzenbach",21,16,TRUE,2,NA,NA,0,0,1,NA,0,0,0,0,0,0,NA,NA,NA,NA,NA,NA,NA,NA,0,0,0,0,NA,NA,NA,NA,NA
"Max Ullrich","c6e110c6-3955-11ef-83e4-157c9bc18a5f",NA,NA,1973,"2/9/1974","6a995948-3960-11ef-9b81-2906cc9fb6bc","home","TSV 1896 Rintheim","SG Dietzenbach",21,16,TRUE,0,NA,NA,0,0,0,NA,0,0,0,0,0,0,NA,NA,NA,NA,NA,NA,NA,NA,0,0,0,0,NA,NA,NA,NA,NA
"Richard Baumer","c6e9de45-3955-11ef-b5bf-157c9bc18a5f",NA,NA,1973,"2/9/1974","6a995948-3960-11ef-9b81-2906cc9fb6bc","home","TSV 1896 Rintheim","SG Dietzenbach",21,16,TRUE,0,NA,NA,0,0,0,NA,0,0,0,0,0,0,NA,NA,NA,NA,NA,NA,NA,NA,0,0,0,0,NA,NA,NA,NA,NA
"Norbert Fraundorff","c6ee0a91-3955-11ef-aabd-157c9bc18a5f",NA,NA,1973,"2/9/1974","6a995948-3960-11ef-9b81-2906cc9fb6bc","home","TSV 1896 Rintheim","SG Dietzenbach",21,16,TRUE,0,NA,NA,0,0,0,NA,0,0,0,0,0,0,NA,NA,NA,NA,NA,NA,NA,NA,0,0,0,0,NA,NA,NA,NA,NA
"Heinz-Theo Kaus","8086fdf9-3955-11ef-938f-b908c60af10a",NA,NA,1973,"2/9/1974","6a995948-3960-11ef-9b81-2906cc9fb6bc","away","SG Dietzenbach","TSV 1896 Rintheim",16,21,FALSE,0,NA,NA,0,0,0,NA,0,0,0,0,0,0,NA,NA,NA,NA,NA,NA,NA,NA,0,0,0,0,NA,NA,NA,NA,NA
"Heinz-Walter Behne","8be65881-3955-11ef-8872-81dc40648355",NA,NA,1973,"2/9/1974","6a995948-3960-11ef-9b81-2906cc9fb6bc","away","SG Dietzenbach","TSV 1896 Rintheim",16,21,FALSE,3,NA,NA,0,0,0,NA,0,0,0,0,0,0,NA,NA,NA,NA,NA,NA,NA,NA,0,0,0,0,NA,NA,NA,NA,NA
"Herbert Wehnert","96e104db-3955-11ef-b58d-292be3190b7b",NA,NA,1973,"2/9/1974","6a995948-3960-11ef-9b81-2906cc9fb6bc","away","SG Dietzenbach","TSV 1896 Rintheim",16,21,FALSE,7,NA,NA,0,0,1,NA,0,0,0,0,0,0,NA,NA,NA,NA,NA,NA,NA,NA,0,0,0,0,NA,NA,NA,NA,NA
"Heinrich Baum","af2c6c48-3955-11ef-964a-a36230ada079",NA,NA,1973,"2/9/1974","6a995948-3960-11ef-9b81-2906cc9fb6bc","away","SG Dietzenbach","TSV 1896 Rintheim",16,21,FALSE,0,NA,NA,0,0,0,NA,0,0,0,0,0,0,NA,NA,NA,NA,NA,NA,NA,NA,0,0,0,0,NA,NA,NA,NA,NA
"Klaus Rettig","b1d1aa4c-3955-11ef-baf9-a36230ada079",NA,NA,1973,"2/9/1974","6a995948-3960-11ef-9b81-2906cc9fb6bc","away","SG Dietzenbach","TSV 1896 Rintheim",16,21,FALSE,1,NA,NA,0,0,0,NA,0,0,0,0,0,0,NA,NA,NA,NA,NA,NA,NA,NA,0,0,0,0,NA,NA,NA,NA,NA
"Reinhold Jerwan","b1d5c150-3955-11ef-9027-a36230ada079",NA,NA,1973,"2/9/1974","6a995948-3960-11ef-9b81-2906cc9fb6bc","away","SG Dietzenbach","TSV 1896 Rintheim",16,21,FALSE,2,NA,NA,0,0,0,NA,0,0,0,0,0,0,NA,NA,NA,NA,NA,NA,NA,NA,0,0,0,0,NA,NA,NA,NA,NA
"Herbert Striebel","c682be45-3955-11ef-8eab-157c9bc18a5f",NA,NA,1973,"2/9/1974","6a995948-3960-11ef-9b81-2906cc9fb6bc","away","SG Dietzenbach","TSV 1896 Rintheim",16,21,FALSE,0,NA,NA,0,0,0,NA,0,0,0,0,0,0,NA,NA,NA,NA,NA,NA,NA,NA,0,0,0,0,NA,NA,NA,NA,NA
"Dolle","c691bfdf-3955-11ef-a4ba-157c9bc18a5f",NA,NA,1973,"2/9/1974","6a995948-3960-11ef-9b81-2906cc9fb6bc","away","SG Dietzenbach","TSV 1896 Rintheim",16,21,FALSE,0,NA,NA,0,0,0,NA,0,0,0,0,0,0,NA,NA,NA,NA,NA,NA,NA,NA,0,0,0,0,NA,NA,NA,NA,NA
"Norbert Kern","c6961a09-3955-11ef-8bcc-157c9bc18a5f",NA,NA,1973,"2/9/1974","6a995948-3960-11ef-9b81-2906cc9fb6bc","away","SG Dietzenbach","TSV 1896 Rintheim",16,21,FALSE,2,NA,NA,0,0,0,NA,0,0,0,0,0,0,NA,NA,NA,NA,NA,NA,NA,NA,0,0,0,0,NA,NA,NA,NA,NA
"Wolfgang Pelzer","c69f3508-3955-11ef-89d5-157c9bc18a5f",NA,NA,1973,"2/9/1974","6a995948-3960-11ef-9b81-2906cc9fb6bc","away","SG Dietzenbach","TSV 1896 Rintheim",16,21,FALSE,1,NA,NA,0,0,0,NA,0,0,0,0,0,0,NA,NA,NA,NA,NA,NA,NA,NA,0,0,0,0,NA,NA,NA,NA,NA
"Wilfried Wess","c6a3dc15-3955-11ef-b557-157c9bc18a5f",NA,NA,1973,"2/9/1974","6a995948-3960-11ef-9b81-2906cc9fb6bc","away","SG Dietzenbach","TSV 1896 Rintheim",16,21,FALSE,0,NA,NA,0,0,0,NA,0,0,0,0,0,0,NA,NA,NA,NA,NA,NA,NA,NA,0,0,0,0,NA,NA,NA,NA,NA
"Karl-Heinz Schulz","72847241-3955-11ef-8bd4-51fdf2a82730",NA,NA,1973,"2/10/1974","5e353bf0-3960-11ef-8a68-7b2e16e5ffcd","home","TuS 05 Wellinghofen","Hamburger SV",20,12,TRUE,0,NA,NA,0,0,0,NA,0,0,0,0,0,0,NA,NA,NA,NA,NA,NA,NA,NA,0,0,0,0,NA,NA,NA,NA,NA
"Heiner Möller","8d7571e4-3955-11ef-b1d3-81dc40648355",NA,NA,1973,"2/10/1974","5e353bf0-3960-11ef-8a68-7b2e16e5ffcd","home","TuS 05 Wellinghofen","Hamburger SV",20,12,TRUE,6,NA,NA,0,0,0,NA,0,0,0,0,0,0,NA,NA,NA,NA,NA,NA,NA,NA,0,0,0,0,NA,NA,NA,NA,NA
"Hans-Peter Neuhaus","8d9d3887-3955-11ef-80a3-81dc40648355",NA,NA,1973,"2/10/1974","5e353bf0-3960-11ef-8a68-7b2e16e5ffcd","home","TuS 05 Wellinghofen","Hamburger SV",20,12,TRUE,2,NA,NA,0,0,0,NA,0,0,0,0,0,0,NA,NA,NA,NA,NA,NA,NA,NA,0,0,0,0,NA,NA,NA,NA,NA
"Karl-Heinz Nolde","a33d5c4a-3955-11ef-b577-2510cc07ea6e",NA,NA,1973,"2/10/1974","5e353bf0-3960-11ef-8a68-7b2e16e5ffcd","home","TuS 05 Wellinghofen","Hamburger SV",20,12,TRUE,1,NA,NA,0,0,0,NA,0,0,0,0,0,0,NA,NA,NA,NA,NA,NA,NA,NA,0,0,0,0,NA,NA,NA,NA,NA
"Rainer Gosewinkel","a4d61156-3955-11ef-8406-2510cc07ea6e",NA,NA,1973,"2/10/1974","5e353bf0-3960-11ef-8a68-7b2e16e5ffcd","home","TuS 05 Wellinghofen","Hamburger SV",20,12,TRUE,5,NA,NA,0,0,2,NA,0,0,0,0,0,0,NA,NA,NA,NA,NA,NA,NA,NA,0,0,0,0,NA,NA,NA,NA,NA
"Klaus Erwe","a4f54a19-3955-11ef-b48a-2510cc07ea6e",NA,NA,1973,"2/10/1974","5e353bf0-3960-11ef-8a68-7b2e16e5ffcd","home","TuS 05 Wellinghofen","Hamburger SV",20,12,TRUE,0,NA,NA,0,0,0,NA,0,0,0,0,0,0,NA,NA,NA,NA,NA,NA,NA,NA,0,0,0,0,NA,NA,NA,NA,NA
"Winfried Gabel","a521dedb-3955-11ef-a3bd-2510cc07ea6e",NA,NA,1973,"2/10/1974","5e353bf0-3960-11ef-8a68-7b2e16e5ffcd","home","TuS 05 Wellinghofen","Hamburger SV",20,12,TRUE,0,NA,NA,0,0,0,NA,0,0,0,0,0,0,NA,NA,NA,NA,NA,NA,NA,NA,0,0,0,0,NA,NA,NA,NA,NA
"Burkhard Gröning","a52c6e4f-3955-11ef-a576-2510cc07ea6e",NA,NA,1973,"2/10/1974","5e353bf0-3960-11ef-8a68-7b2e16e5ffcd","home","TuS 05 Wellinghofen","Hamburger SV",20,12,TRUE,4,NA,NA,0,0,0,NA,0,0,0,0,0,0,NA,NA,NA,NA,NA,NA,NA,NA,0,0,0,0,NA,NA,NA,NA,NA
"Klaus Tiews","a531838f-3955-11ef-8e99-2510cc07ea6e",NA,NA,1973,"2/10/1974","5e353bf0-3960-11ef-8a68-7b2e16e5ffcd","home","TuS 05 Wellinghofen","Hamburger SV",20,12,TRUE,1,NA,NA,0,0,0,NA,0,0,0,0,0,0,NA,NA,NA,NA,NA,NA,NA,NA,0,0,0,0,NA,NA,NA,NA,NA
"Ulrich Staege","b05c5beb-3955-11ef-a7d6-a36230ada079",NA,NA,1973,"2/10/1974","5e353bf0-3960-11ef-8a68-7b2e16e5ffcd","home","TuS 05 Wellinghofen","Hamburger SV",20,12,TRUE,1,NA,NA,0,0,0,NA,0,0,0,0,0,0,NA,NA,NA,NA,NA,NA,NA,NA,0,0,0,0,NA,NA,NA,NA,NA
"Hans-Jürgen Sengera","ba7fae8e-3955-11ef-80e4-ab397f561917",NA,NA,1973,"2/10/1974","5e353bf0-3960-11ef-8a68-7b2e16e5ffcd","home","TuS 05 Wellinghofen","Hamburger SV",20,12,TRUE,0,NA,NA,0,0,0,NA,0,0,0,0,0,0,NA,NA,NA,NA,NA,NA,NA,NA,0,0,0,0,NA,NA,NA,NA,NA
"Peter Pickel","8c973b42-3955-11ef-8c71-81dc40648355",NA,NA,1973,"2/10/1974","5e353bf0-3960-11ef-8a68-7b2e16e5ffcd","away","Hamburger SV","TuS 05 Wellinghofen",12,20,FALSE,5,NA,NA,0,0,2,NA,0,0,0,0,0,0,NA,NA,NA,NA,NA,NA,NA,NA,0,0,0,0,NA,NA,NA,NA,NA
"Hans-Jürgen Bode","b011e6da-3955-11ef-8205-a36230ada079",NA,NA,1973,"2/10/1974","5e353bf0-3960-11ef-8a68-7b2e16e5ffcd","away","Hamburger SV","TuS 05 Wellinghofen",12,20,FALSE,0,NA,NA,0,0,0,NA,0,0,0,0,0,0,NA,NA,NA,NA,NA,NA,NA,NA,0,0,0,0,NA,NA,NA,NA,NA
"Rainer Witt","b02adaad-3955-11ef-b8c4-a36230ada079",NA,NA,1973,"2/10/1974","5e353bf0-3960-11ef-8a68-7b2e16e5ffcd","away","Hamburger SV","TuS 05 Wellinghofen",12,20,FALSE,0,NA,NA,0,0,0,NA,0,0,0,0,0,0,NA,NA,NA,NA,NA,NA,NA,NA,0,0,0,0,NA,NA,NA,NA,NA
"Jens Ivers","b02f4aea-3955-11ef-801e-a36230ada079",NA,NA,1973,"2/10/1974","5e353bf0-3960-11ef-8a68-7b2e16e5ffcd","away","Hamburger SV","TuS 05 Wellinghofen",12,20,FALSE,1,NA,NA,0,0,0,NA,0,0,0,0,0,0,NA,NA,NA,NA,NA,NA,NA,NA,0,0,0,0,NA,NA,NA,NA,NA
"Hans-Joachim Beißel","b0341bcb-3955-11ef-9e08-a36230ada079",NA,NA,1973,"2/10/1974","5e353bf0-3960-11ef-8a68-7b2e16e5ffcd","away","Hamburger SV","TuS 05 Wellinghofen",12,20,FALSE,1,NA,NA,0,0,0,NA,0,0,0,0,0,0,NA,NA,NA,NA,NA,NA,NA,NA,0,0,0,0,NA,NA,NA,NA,NA
"Klaus Porepp","b0396b18-3955-11ef-b5cf-a36230ada079",NA,NA,1973,"2/10/1974","5e353bf0-3960-11ef-8a68-7b2e16e5ffcd","away","Hamburger SV","TuS 05 Wellinghofen",12,20,FALSE,0,NA,NA,0,0,0,NA,0,0,0,0,0,0,NA,NA,NA,NA,NA,NA,NA,NA,0,0,0,0,NA,NA,NA,NA,NA
"Norbert Germer","b03f8101-3955-11ef-8945-a36230ada079",NA,NA,1973,"2/10/1974","5e353bf0-3960-11ef-8a68-7b2e16e5ffcd","away","Hamburger SV","TuS 05 Wellinghofen",12,20,FALSE,0,NA,NA,0,0,0,NA,0,0,0,0,0,0,NA,NA,NA,NA,NA,NA,NA,NA,0,0,0,0,NA,NA,NA,NA,NA
"Uwe Tesloff","b049ae56-3955-11ef-a5f7-a36230ada079",NA,NA,1973,"2/10/1974","5e353bf0-3960-11ef-8a68-7b2e16e5ffcd","away","Hamburger SV","TuS 05 Wellinghofen",12,20,FALSE,3,NA,NA,0,0,0,NA,0,0,0,0,0,0,NA,NA,NA,NA,NA,NA,NA,NA,0,0,0,0,NA,NA,NA,NA,NA
"Hartwig Reich","ba6cb3c8-3955-11ef-9f64-ab397f561917",NA,NA,1973,"2/10/1974","5e353bf0-3960-11ef-8a68-7b2e16e5ffcd","away","Hamburger SV","TuS 05 Wellinghofen",12,20,FALSE,0,NA,NA,0,0,0,NA,0,0,0,0,0,0,NA,NA,NA,NA,NA,NA,NA,NA,0,0,0,0,NA,NA,NA,NA,NA
"Michael Taubert","ba7ad888-3955-11ef-9650-ab397f561917",NA,NA,1973,"2/10/1974","5e353bf0-3960-11ef-8a68-7b2e16e5ffcd","away","Hamburger SV","TuS 05 Wellinghofen",12,20,FALSE,0,NA,NA,0,0,0,NA,0,0,0,0,0,0,NA,NA,NA,NA,NA,NA,NA,NA,0,0,0,0,NA,NA,NA,NA,NA
"Karsten Sick","bd16289b-3955-11ef-9343-ab397f561917",NA,NA,1973,"2/10/1974","5e353bf0-3960-11ef-8a68-7b2e16e5ffcd","away","Hamburger SV","TuS 05 Wellinghofen",12,20,FALSE,2,NA,NA,0,0,0,NA,0,0,0,0,0,0,NA,NA,NA,NA,NA,NA,NA,NA,0,0,0,0,NA,NA,NA,NA,NA
"Ulrich Eikermann","73a211c9-3955-11ef-8f8f-51fdf2a82730",NA,NA,1973,"2/10/1974","66632793-3960-11ef-a7f3-2906cc9fb6bc","home","SC Phönix Essen 1920","Polizei SV Hannover",18,19,FALSE,0,NA,NA,0,0,0,NA,0,0,0,0,0,0,NA,NA,NA,NA,NA,NA,NA,NA,0,0,0,0,NA,NA,NA,NA,NA
"Horst Weise","8df6e46b-3955-11ef-9ec8-81dc40648355",NA,NA,1973,"2/10/1974","66632793-3960-11ef-a7f3-2906cc9fb6bc","home","SC Phönix Essen 1920","Polizei SV Hannover",18,19,FALSE,2,NA,NA,0,0,0,NA,0,0,0,0,0,0,NA,NA,NA,NA,NA,NA,NA,NA,0,0,0,0,NA,NA,NA,NA,NA
"Ralf Hamann","a28aa62f-3955-11ef-9677-2510cc07ea6e",NA,NA,1973,"2/10/1974","66632793-3960-11ef-a7f3-2906cc9fb6bc","home","SC Phönix Essen 1920","Polizei SV Hannover",18,19,FALSE,0,NA,NA,0,0,0,NA,0,0,0,0,0,0,NA,NA,NA,NA,NA,NA,NA,NA,0,0,0,0,NA,NA,NA,NA,NA
"Heinz Oberscheidt","a5ae94f2-3955-11ef-91fc-2510cc07ea6e",NA,NA,1973,"2/10/1974","66632793-3960-11ef-a7f3-2906cc9fb6bc","home","SC Phönix Essen 1920","Polizei SV Hannover",18,19,FALSE,6,NA,NA,0,0,1,NA,0,0,0,0,0,0,NA,NA,NA,NA,NA,NA,NA,NA,0,0,0,0,NA,NA,NA,NA,NA
"Werner Jeckstedt","a5bb8d23-3955-11ef-8362-2510cc07ea6e",NA,NA,1973,"2/10/1974","66632793-3960-11ef-a7f3-2906cc9fb6bc","home","SC Phönix Essen 1920","Polizei SV Hannover",18,19,FALSE,0,NA,NA,0,0,0,NA,0,0,0,0,0,0,NA,NA,NA,NA,NA,NA,NA,NA,0,0,0,0,NA,NA,NA,NA,NA
"Ingo Callies","b0b0659b-3955-11ef-87aa-a36230ada079",NA,NA,1973,"2/10/1974","66632793-3960-11ef-a7f3-2906cc9fb6bc","home","SC Phönix Essen 1920","Polizei SV Hannover",18,19,FALSE,1,NA,NA,0,0,0,NA,0,0,0,0,0,0,NA,NA,NA,NA,NA,NA,NA,NA,0,0,0,0,NA,NA,NA,NA,NA
"Günther Lehmann","bad5d078-3955-11ef-83d6-ab397f561917",NA,NA,1973,"2/10/1974","66632793-3960-11ef-a7f3-2906cc9fb6bc","home","SC Phönix Essen 1920","Polizei SV Hannover",18,19,FALSE,0,NA,NA,0,0,0,NA,0,0,0,0,0,0,NA,NA,NA,NA,NA,NA,NA,NA,0,0,0,0,NA,NA,NA,NA,NA
"Bernd Tolksdorf","bae02284-3955-11ef-b577-ab397f561917",NA,NA,1973,"2/10/1974","66632793-3960-11ef-a7f3-2906cc9fb6bc","home","SC Phönix Essen 1920","Polizei SV Hannover",18,19,FALSE,1,NA,NA,0,0,0,NA,0,0,0,0,0,0,NA,NA,NA,NA,NA,NA,NA,NA,0,0,0,0,NA,NA,NA,NA,NA
"Klaus Kirschner","bae43a44-3955-11ef-ae7c-ab397f561917",NA,NA,1973,"2/10/1974","66632793-3960-11ef-a7f3-2906cc9fb6bc","home","SC Phönix Essen 1920","Polizei SV Hannover",18,19,FALSE,2,NA,NA,0,0,0,NA,0,0,0,0,0,0,NA,NA,NA,NA,NA,NA,NA,NA,0,0,0,0,NA,NA,NA,NA,NA
"Norbert Kroker","bd441662-3955-11ef-b771-ab397f561917",NA,NA,1973,"2/10/1974","66632793-3960-11ef-a7f3-2906cc9fb6bc","home","SC Phönix Essen 1920","Polizei SV Hannover",18,19,FALSE,3,NA,NA,0,0,0,NA,0,0,0,0,0,0,NA,NA,NA,NA,NA,NA,NA,NA,0,0,0,0,NA,NA,NA,NA,NA
"Manfred Wolf","bd4f3381-3955-11ef-904e-ab397f561917",NA,NA,1973,"2/10/1974","66632793-3960-11ef-a7f3-2906cc9fb6bc","home","SC Phönix Essen 1920","Polizei SV Hannover",18,19,FALSE,3,NA,NA,0,0,0,NA,0,0,0,0,0,0,NA,NA,NA,NA,NA,NA,NA,NA,0,0,0,0,NA,NA,NA,NA,NA
"Rainer Hill","bd56ea43-3955-11ef-a0dc-ab397f561917",NA,NA,1973,"2/10/1974","66632793-3960-11ef-a7f3-2906cc9fb6bc","home","SC Phönix Essen 1920","Polizei SV Hannover",18,19,FALSE,0,NA,NA,0,0,0,NA,0,0,0,0,0,0,NA,NA,NA,NA,NA,NA,NA,NA,0,0,0,0,NA,NA,NA,NA,NA
"Reinhard Wittler","a35063de-3955-11ef-9881-2510cc07ea6e",NA,NA,1973,"2/10/1974","66632793-3960-11ef-a7f3-2906cc9fb6bc","away","Polizei SV Hannover","SC Phönix Essen 1920",19,18,TRUE,0,NA,NA,0,0,0,NA,0,0,0,0,0,0,NA,NA,NA,NA,NA,NA,NA,NA,0,0,0,0,NA,NA,NA,NA,NA
"Wolfgang Franke","a36fd3c4-3955-11ef-bc80-2510cc07ea6e",NA,NA,1973,"2/10/1974","66632793-3960-11ef-a7f3-2906cc9fb6bc","away","Polizei SV Hannover","SC Phönix Essen 1920",19,18,TRUE,0,NA,NA,0,0,0,NA,0,0,0,0,0,0,NA,NA,NA,NA,NA,NA,NA,NA,0,0,0,0,NA,NA,NA,NA,NA
"Jürgen Kloth","a37512a6-3955-11ef-9d81-2510cc07ea6e",NA,NA,1973,"2/10/1974","66632793-3960-11ef-a7f3-2906cc9fb6bc","away","Polizei SV Hannover","SC Phönix Essen 1920",19,18,TRUE,2,NA,NA,0,0,0,NA,0,0,0,0,0,0,NA,NA,NA,NA,NA,NA,NA,NA,0,0,0,0,NA,NA,NA,NA,NA
"Joachim Engler","bb2dfffa-3955-11ef-8a9e-ab397f561917",NA,NA,1973,"2/10/1974","66632793-3960-11ef-a7f3-2906cc9fb6bc","away","Polizei SV Hannover","SC Phönix Essen 1920",19,18,TRUE,7,NA,NA,0,0,0,NA,0,0,0,0,0,0,NA,NA,NA,NA,NA,NA,NA,NA,0,0,0,0,NA,NA,NA,NA,NA
"Gerd Haase","bb322e8e-3955-11ef-8a6a-ab397f561917",NA,NA,1973,"2/10/1974","66632793-3960-11ef-a7f3-2906cc9fb6bc","away","Polizei SV Hannover","SC Phönix Essen 1920",19,18,TRUE,2,NA,NA,0,0,1,NA,0,0,0,0,0,0,NA,NA,NA,NA,NA,NA,NA,NA,0,0,0,0,NA,NA,NA,NA,NA
"Hartmut Schnelle","bb3a7260-3955-11ef-99cf-ab397f561917",NA,NA,1973,"2/10/1974","66632793-3960-11ef-a7f3-2906cc9fb6bc","away","Polizei SV Hannover","SC Phönix Essen 1920",19,18,TRUE,0,NA,NA,0,0,0,NA,0,0,0,0,0,0,NA,NA,NA,NA,NA,NA,NA,NA,0,0,0,0,NA,NA,NA,NA,NA
"Hans-Jürgen Deutsch","bb3e76d6-3955-11ef-a5a8-ab397f561917",NA,NA,1973,"2/10/1974","66632793-3960-11ef-a7f3-2906cc9fb6bc","away","Polizei SV Hannover","SC Phönix Essen 1920",19,18,TRUE,0,NA,NA,0,0,0,NA,0,0,0,0,0,0,NA,NA,NA,NA,NA,NA,NA,NA,0,0,0,0,NA,NA,NA,NA,NA
"Dieter Hartung","bb482ed5-3955-11ef-bef1-ab397f561917",NA,NA,1973,"2/10/1974","66632793-3960-11ef-a7f3-2906cc9fb6bc","away","Polizei SV Hannover","SC Phönix Essen 1920",19,18,TRUE,4,NA,NA,0,0,0,NA,0,0,0,0,0,0,NA,NA,NA,NA,NA,NA,NA,NA,0,0,0,0,NA,NA,NA,NA,NA
"Jürgen Fey","bb504d63-3955-11ef-8740-ab397f561917",NA,NA,1973,"2/10/1974","66632793-3960-11ef-a7f3-2906cc9fb6bc","away","Polizei SV Hannover","SC Phönix Essen 1920",19,18,TRUE,4,NA,NA,0,0,0,NA,0,0,0,0,0,0,NA,NA,NA,NA,NA,NA,NA,NA,0,0,0,0,NA,NA,NA,NA,NA
"Siegfried Hacke","bda8ac11-3955-11ef-8226-ab397f561917",NA,NA,1973,"2/10/1974","66632793-3960-11ef-a7f3-2906cc9fb6bc","away","Polizei SV Hannover","SC Phönix Essen 1920",19,18,TRUE,0,NA,NA,0,0,0,NA,0,0,0,0,0,0,NA,NA,NA,NA,NA,NA,NA,NA,0,0,0,0,NA,NA,NA,NA,NA
"Konrad Zorn","bdb7890f-3955-11ef-801c-ab397f561917",NA,NA,1973,"2/10/1974","66632793-3960-11ef-a7f3-2906cc9fb6bc","away","Polizei SV Hannover","SC Phönix Essen 1920",19,18,TRUE,0,NA,NA,0,0,0,NA,0,0,0,0,0,0,NA,NA,NA,NA,NA,NA,NA,NA,0,0,0,0,NA,NA,NA,NA,NA
"Klaus Meineke","8d0eefb2-3955-11ef-a068-81dc40648355",NA,NA,1973,"2/10/1974","718d2d84-3960-11ef-a323-2906cc9fb6bc","home","TSV 1846 Butzbach","FRISCH AUF! Göppingen",15,14,TRUE,6,NA,NA,0,0,0,NA,0,0,0,0,0,0,NA,NA,NA,NA,NA,NA,NA,NA,0,0,0,0,NA,NA,NA,NA,NA
"Rolf Allendörfer","97c4e757-3955-11ef-8b41-292be3190b7b",NA,NA,1973,"2/10/1974","718d2d84-3960-11ef-a323-2906cc9fb6bc","home","TSV 1846 Butzbach","FRISCH AUF! Göppingen",15,14,TRUE,0,NA,NA,0,0,0,NA,0,0,0,0,0,0,NA,NA,NA,NA,NA,NA,NA,NA,0,0,0,0,NA,NA,NA,NA,NA
"Günter Timmermann","bb79f127-3955-11ef-ae8c-ab397f561917",NA,NA,1973,"2/10/1974","718d2d84-3960-11ef-a323-2906cc9fb6bc","home","TSV 1846 Butzbach","FRISCH AUF! Göppingen",15,14,TRUE,0,NA,NA,0,0,0,NA,0,0,0,0,0,0,NA,NA,NA,NA,NA,NA,NA,NA,0,0,0,0,NA,NA,NA,NA,NA
"Rolf Grotegut","bc3000ec-3955-11ef-97c5-ab397f561917",NA,NA,1973,"2/10/1974","718d2d84-3960-11ef-a323-2906cc9fb6bc","home","TSV 1846 Butzbach","FRISCH AUF! Göppingen",15,14,TRUE,0,NA,NA,0,0,0,NA,0,0,0,0,0,0,NA,NA,NA,NA,NA,NA,NA,NA,0,0,0,0,NA,NA,NA,NA,NA
"Hans-Joachim Röhrig","bc371f1f-3955-11ef-bcd4-ab397f561917",NA,NA,1973,"2/10/1974","718d2d84-3960-11ef-a323-2906cc9fb6bc","home","TSV 1846 Butzbach","FRISCH AUF! Göppingen",15,14,TRUE,3,NA,NA,0,0,3,NA,0,0,0,0,0,0,NA,NA,NA,NA,NA,NA,NA,NA,0,0,0,0,NA,NA,NA,NA,NA
"Alfred Walter","bc3f22f5-3955-11ef-9558-ab397f561917",NA,NA,1973,"2/10/1974","718d2d84-3960-11ef-a323-2906cc9fb6bc","home","TSV 1846 Butzbach","FRISCH AUF! Göppingen",15,14,TRUE,0,NA,NA,0,0,0,NA,0,0,0,0,0,0,NA,NA,NA,NA,NA,NA,NA,NA,0,0,0,0,NA,NA,NA,NA,NA
"Bernd Lind","bc4b1939-3955-11ef-95dd-ab397f561917",NA,NA,1973,"2/10/1974","718d2d84-3960-11ef-a323-2906cc9fb6bc","home","TSV 1846 Butzbach","FRISCH AUF! Göppingen",15,14,TRUE,0,NA,NA,0,0,0,NA,0,0,0,0,0,0,NA,NA,NA,NA,NA,NA,NA,NA,0,0,0,0,NA,NA,NA,NA,NA
"Wolfgang Lowak","bc4eecb3-3955-11ef-8009-ab397f561917",NA,NA,1973,"2/10/1974","718d2d84-3960-11ef-a323-2906cc9fb6bc","home","TSV 1846 Butzbach","FRISCH AUF! Göppingen",15,14,TRUE,0,NA,NA,0,0,0,NA,0,0,0,0,0,0,NA,NA,NA,NA,NA,NA,NA,NA,0,0,0,0,NA,NA,NA,NA,NA
"Robert Ringleb","bc52ae17-3955-11ef-80f1-ab397f561917",NA,NA,1973,"2/10/1974","718d2d84-3960-11ef-a323-2906cc9fb6bc","home","TSV 1846 Butzbach","FRISCH AUF! Göppingen",15,14,TRUE,2,NA,NA,0,0,0,NA,0,0,0,0,0,0,NA,NA,NA,NA,NA,NA,NA,NA,0,0,0,0,NA,NA,NA,NA,NA
"Klaus Karg","c6d8aa2a-3955-11ef-ab2b-157c9bc18a5f",NA,NA,1973,"2/10/1974","718d2d84-3960-11ef-a323-2906cc9fb6bc","home","TSV 1846 Butzbach","FRISCH AUF! Göppingen",15,14,TRUE,1,NA,NA,0,0,0,NA,0,0,0,0,0,0,NA,NA,NA,NA,NA,NA,NA,NA,0,0,0,0,NA,NA,NA,NA,NA
"Armin Emrich","8cdd3680-3955-11ef-a93e-81dc40648355",NA,NA,1973,"2/10/1974","718d2d84-3960-11ef-a323-2906cc9fb6bc","away","FRISCH AUF! Göppingen","TSV 1846 Butzbach",14,15,FALSE,1,NA,NA,0,0,0,NA,0,0,0,0,0,0,NA,NA,NA,NA,NA,NA,NA,NA,0,0,0,0,NA,NA,NA,NA,NA
"Peter Bucher","8e0071c9-3955-11ef-8ff8-81dc40648355",NA,NA,1973,"2/10/1974","718d2d84-3960-11ef-a323-2906cc9fb6bc","away","FRISCH AUF! Göppingen","TSV 1846 Butzbach",14,15,FALSE,2,NA,NA,0,0,0,NA,0,0,0,0,0,0,NA,NA,NA,NA,NA,NA,NA,NA,0,0,0,0,NA,NA,NA,NA,NA
"Hans-Eberhard Finkbeiner","a2f451eb-3955-11ef-99da-2510cc07ea6e",NA,NA,1973,"2/10/1974","718d2d84-3960-11ef-a323-2906cc9fb6bc","away","FRISCH AUF! Göppingen","TSV 1846 Butzbach",14,15,FALSE,0,NA,NA,0,0,0,NA,0,0,0,0,0,0,NA,NA,NA,NA,NA,NA,NA,NA,0,0,0,0,NA,NA,NA,NA,NA
"Wolfgang Don","a2ff75a5-3955-11ef-a510-2510cc07ea6e",NA,NA,1973,"2/10/1974","718d2d84-3960-11ef-a323-2906cc9fb6bc","away","FRISCH AUF! Göppingen","TSV 1846 Butzbach",14,15,FALSE,1,NA,NA,0,0,0,NA,0,0,0,0,0,0,NA,NA,NA,NA,NA,NA,NA,NA,0,0,0,0,NA,NA,NA,NA,NA
"Werner Fischer","af3a0885-3955-11ef-a884-a36230ada079",NA,NA,1973,"2/10/1974","718d2d84-3960-11ef-a323-2906cc9fb6bc","away","FRISCH AUF! Göppingen","TSV 1846 Butzbach",14,15,FALSE,1,NA,NA,0,0,0,NA,0,0,0,0,0,0,NA,NA,NA,NA,NA,NA,NA,NA,0,0,0,0,NA,NA,NA,NA,NA
"Siegmund Seeger","af76d008-3955-11ef-b7c9-a36230ada079",NA,NA,1973,"2/10/1974","718d2d84-3960-11ef-a323-2906cc9fb6bc","away","FRISCH AUF! Göppingen","TSV 1846 Butzbach",14,15,FALSE,0,NA,NA,0,0,0,NA,0,0,0,0,0,0,NA,NA,NA,NA,NA,NA,NA,NA,0,0,0,0,NA,NA,NA,NA,NA
"Hans Brodbeck","b1f00cc3-3955-11ef-b4c9-a36230ada079",NA,NA,1973,"2/10/1974","718d2d84-3960-11ef-a323-2906cc9fb6bc","away","FRISCH AUF! Göppingen","TSV 1846 Butzbach",14,15,FALSE,0,NA,NA,0,0,0,NA,0,0,0,0,0,0,NA,NA,NA,NA,NA,NA,NA,NA,0,0,0,0,NA,NA,NA,NA,NA
"Paul Epple","bc8167af-3955-11ef-8748-ab397f561917",NA,NA,1973,"2/10/1974","718d2d84-3960-11ef-a323-2906cc9fb6bc","away","FRISCH AUF! Göppingen","TSV 1846 Butzbach",14,15,FALSE,1,NA,NA,0,0,1,NA,0,0,0,0,0,0,NA,NA,NA,NA,NA,NA,NA,NA,0,0,0,0,NA,NA,NA,NA,NA
"Geir Hallsteinsson","c70adb66-3955-11ef-afb7-157c9bc18a5f",NA,NA,1973,"2/10/1974","718d2d84-3960-11ef-a323-2906cc9fb6bc","away","FRISCH AUF! Göppingen","TSV 1846 Butzbach",14,15,FALSE,2,NA,NA,0,0,0,NA,0,0,0,0,0,0,NA,NA,NA,NA,NA,NA,NA,NA,0,0,0,0,NA,NA,NA,NA,NA
"Werner Arndt","c71116e0-3955-11ef-85d3-157c9bc18a5f",NA,NA,1973,"2/10/1974","718d2d84-3960-11ef-a323-2906cc9fb6bc","away","FRISCH AUF! Göppingen","TSV 1846 Butzbach",14,15,FALSE,1,NA,NA,0,0,0,NA,0,0,0,0,0,0,NA,NA,NA,NA,NA,NA,NA,NA,0,0,0,0,NA,NA,NA,NA,NA
"Christian Patzer","c715a1de-3955-11ef-bc54-157c9bc18a5f",NA,NA,1973,"2/10/1974","718d2d84-3960-11ef-a323-2906cc9fb6bc","away","FRISCH AUF! Göppingen","TSV 1846 Butzbach",14,15,FALSE,5,NA,NA,0,0,2,NA,0,0,0,0,0,0,NA,NA,NA,NA,NA,NA,NA,NA,0,0,0,0,NA,NA,NA,NA,NA
"Günter Schweikardt","d3e60b79-3953-11ef-9e8c-e3f2de03a1b7",NA,NA,1973,"2/10/1974","718d2d84-3960-11ef-a323-2906cc9fb6bc","away","FRISCH AUF! Göppingen","TSV 1846 Butzbach",14,15,FALSE,0,NA,NA,0,0,0,NA,0,0,0,0,0,0,NA,NA,NA,NA,NA,NA,NA,NA,0,0,0,0,NA,NA,NA,NA,NA
"Harald Lüth","a552c518-3955-11ef-8a68-2510cc07ea6e",NA,NA,1973,"3/15/1974","5d598596-3960-11ef-b284-7b2e16e5ffcd","home","VfL Lübeck-Schwartau","GWD Minden",10,11,FALSE,0,NA,NA,0,0,0,NA,0,0,0,0,0,0,NA,NA,NA,NA,NA,NA,NA,NA,0,0,0,0,NA,NA,NA,NA,NA
"Ulrich Kleinstoll","b0f37438-3955-11ef-84e6-a36230ada079",NA,NA,1973,"3/15/1974","5d598596-3960-11ef-b284-7b2e16e5ffcd","home","VfL Lübeck-Schwartau","GWD Minden",10,11,FALSE,1,NA,NA,0,0,0,NA,0,0,0,0,0,0,NA,NA,NA,NA,NA,NA,NA,NA,0,0,0,0,NA,NA,NA,NA,NA
"Thomas Kluth","b0f877c0-3955-11ef-a314-a36230ada079",NA,NA,1973,"3/15/1974","5d598596-3960-11ef-b284-7b2e16e5ffcd","home","VfL Lübeck-Schwartau","GWD Minden",10,11,FALSE,0,NA,NA,0,0,0,NA,0,0,0,0,0,0,NA,NA,NA,NA,NA,NA,NA,NA,0,0,0,0,NA,NA,NA,NA,NA
"Hans-Martin Müller-Wolf","b1020054-3955-11ef-8e79-a36230ada079",NA,NA,1973,"3/15/1974","5d598596-3960-11ef-b284-7b2e16e5ffcd","home","VfL Lübeck-Schwartau","GWD Minden",10,11,FALSE,0,NA,NA,0,0,0,NA,0,0,0,0,0,0,NA,NA,NA,NA,NA,NA,NA,NA,0,0,0,0,NA,NA,NA,NA,NA
"Siegfried Berg","b10d3ec3-3955-11ef-8a30-a36230ada079",NA,NA,1973,"3/15/1974","5d598596-3960-11ef-b284-7b2e16e5ffcd","home","VfL Lübeck-Schwartau","GWD Minden",10,11,FALSE,1,NA,NA,0,0,0,NA,0,0,0,0,0,0,NA,NA,NA,NA,NA,NA,NA,NA,0,0,0,0,NA,NA,NA,NA,NA
"Wolfgang Braun","b1a4c388-3955-11ef-92b7-a36230ada079",NA,NA,1973,"3/15/1974","5d598596-3960-11ef-b284-7b2e16e5ffcd","home","VfL Lübeck-Schwartau","GWD Minden",10,11,FALSE,5,NA,NA,0,0,2,NA,0,0,0,0,0,0,NA,NA,NA,NA,NA,NA,NA,NA,0,0,0,0,NA,NA,NA,NA,NA
"Geert Geusendam","baee7cab-3955-11ef-95ba-ab397f561917",NA,NA,1973,"3/15/1974","5d598596-3960-11ef-b284-7b2e16e5ffcd","home","VfL Lübeck-Schwartau","GWD Minden",10,11,FALSE,0,NA,NA,0,0,0,NA,0,0,0,0,0,0,NA,NA,NA,NA,NA,NA,NA,NA,0,0,0,0,NA,NA,NA,NA,NA
"Bernd Heiden","baf62966-3955-11ef-b7e1-ab397f561917",NA,NA,1973,"3/15/1974","5d598596-3960-11ef-b284-7b2e16e5ffcd","home","VfL Lübeck-Schwartau","GWD Minden",10,11,FALSE,1,NA,NA,0,0,0,NA,0,0,0,0,0,0,NA,NA,NA,NA,NA,NA,NA,NA,0,0,0,0,NA,NA,NA,NA,NA
"Georg Pohl","baff6cee-3955-11ef-a80f-ab397f561917",NA,NA,1973,"3/15/1974","5d598596-3960-11ef-b284-7b2e16e5ffcd","home","VfL Lübeck-Schwartau","GWD Minden",10,11,FALSE,2,NA,NA,0,0,0,NA,0,0,0,0,0,0,NA,NA,NA,NA,NA,NA,NA,NA,0,0,0,0,NA,NA,NA,NA,NA
"Manfred Kuhnke","bb039049-3955-11ef-bdc6-ab397f561917",NA,NA,1973,"3/15/1974","5d598596-3960-11ef-b284-7b2e16e5ffcd","home","VfL Lübeck-Schwartau","GWD Minden",10,11,FALSE,0,NA,NA,0,0,0,NA,0,0,0,0,0,0,NA,NA,NA,NA,NA,NA,NA,NA,0,0,0,0,NA,NA,NA,NA,NA
"Jürgen Pook","8c289b4b-3955-11ef-889f-81dc40648355",NA,NA,1973,"3/15/1974","5d598596-3960-11ef-b284-7b2e16e5ffcd","away","GWD Minden","VfL Lübeck-Schwartau",11,10,TRUE,0,NA,NA,0,0,0,NA,0,0,0,0,0,0,NA,NA,NA,NA,NA,NA,NA,NA,0,0,0,0,NA,NA,NA,NA,NA
"Bernhard Busch","8dc9280f-3955-11ef-80e2-81dc40648355",NA,NA,1973,"3/15/1974","5d598596-3960-11ef-b284-7b2e16e5ffcd","away","GWD Minden","VfL Lübeck-Schwartau",11,10,TRUE,0,NA,NA,0,0,0,NA,0,0,0,0,0,0,NA,NA,NA,NA,NA,NA,NA,NA,0,0,0,0,NA,NA,NA,NA,NA
"Gerd Becker","96f1e245-3955-11ef-80bc-292be3190b7b",NA,NA,1973,"3/15/1974","5d598596-3960-11ef-b284-7b2e16e5ffcd","away","GWD Minden","VfL Lübeck-Schwartau",11,10,TRUE,2,NA,NA,0,0,1,NA,0,0,0,0,0,0,NA,NA,NA,NA,NA,NA,NA,NA,0,0,0,0,NA,NA,NA,NA,NA
"Gerald Schüler","96fc1532-3955-11ef-bddd-292be3190b7b",NA,NA,1973,"3/15/1974","5d598596-3960-11ef-b284-7b2e16e5ffcd","away","GWD Minden","VfL Lübeck-Schwartau",11,10,TRUE,1,NA,NA,0,0,0,NA,0,0,0,0,0,0,NA,NA,NA,NA,NA,NA,NA,NA,0,0,0,0,NA,NA,NA,NA,NA
"Martin Karcher","980f80ce-3955-11ef-8054-292be3190b7b",NA,NA,1973,"3/15/1974","5d598596-3960-11ef-b284-7b2e16e5ffcd","away","GWD Minden","VfL Lübeck-Schwartau",11,10,TRUE,0,NA,NA,0,0,0,NA,0,0,0,0,0,0,NA,NA,NA,NA,NA,NA,NA,NA,0,0,0,0,NA,NA,NA,NA,NA
"Gerhard Buddenbohm","98e2ecac-3955-11ef-b2de-292be3190b7b",NA,NA,1973,"3/15/1974","5d598596-3960-11ef-b284-7b2e16e5ffcd","away","GWD Minden","VfL Lübeck-Schwartau",11,10,TRUE,2,NA,NA,0,0,0,NA,0,0,0,0,0,0,NA,NA,NA,NA,NA,NA,NA,NA,0,0,0,0,NA,NA,NA,NA,NA
"Hans Kramer","98f50290-3955-11ef-8aa8-292be3190b7b",NA,NA,1973,"3/15/1974","5d598596-3960-11ef-b284-7b2e16e5ffcd","away","GWD Minden","VfL Lübeck-Schwartau",11,10,TRUE,2,NA,NA,0,0,0,NA,0,0,0,0,0,0,NA,NA,NA,NA,NA,NA,NA,NA,0,0,0,0,NA,NA,NA,NA,NA
"Jobst-Erich Rehse","b00be251-3955-11ef-ac35-a36230ada079",NA,NA,1973,"3/15/1974","5d598596-3960-11ef-b284-7b2e16e5ffcd","away","GWD Minden","VfL Lübeck-Schwartau",11,10,TRUE,0,NA,NA,0,0,0,NA,0,0,0,0,0,0,NA,NA,NA,NA,NA,NA,NA,NA,0,0,0,0,NA,NA,NA,NA,NA
"Wilfried Drögemeier","ba63ada7-3955-11ef-a04d-ab397f561917",NA,NA,1973,"3/15/1974","5d598596-3960-11ef-b284-7b2e16e5ffcd","away","GWD Minden","VfL Lübeck-Schwartau",11,10,TRUE,2,NA,NA,0,0,0,NA,0,0,0,0,0,0,NA,NA,NA,NA,NA,NA,NA,NA,0,0,0,0,NA,NA,NA,NA,NA
"Klaus Barlach","bcee5b38-3955-11ef-a026-ab397f561917",NA,NA,1973,"3/15/1974","5d598596-3960-11ef-b284-7b2e16e5ffcd","away","GWD Minden","VfL Lübeck-Schwartau",11,10,TRUE,0,NA,NA,0,0,0,NA,0,0,0,0,0,0,NA,NA,NA,NA,NA,NA,NA,NA,0,0,0,0,NA,NA,NA,NA,NA
"Otto Weng","bcfbec1c-3955-11ef-b4f4-ab397f561917",NA,NA,1973,"3/15/1974","5d598596-3960-11ef-b284-7b2e16e5ffcd","away","GWD Minden","VfL Lübeck-Schwartau",11,10,TRUE,2,NA,NA,0,0,1,NA,0,0,0,0,0,0,NA,NA,NA,NA,NA,NA,NA,NA,0,0,0,0,NA,NA,NA,NA,NA
"Karl-Heinz Schulz","72847241-3955-11ef-8bd4-51fdf2a82730",NA,NA,1973,"3/15/1974","6505ebae-3960-11ef-a63d-2906cc9fb6bc","home","TuS 05 Wellinghofen","TV Grambke Bremen",26,21,TRUE,2,NA,NA,0,0,0,NA,0,0,0,0,0,0,NA,NA,NA,NA,NA,NA,NA,NA,0,0,0,0,NA,NA,NA,NA,NA
"Hans-Jürgen Zick","8d67d76a-3955-11ef-8956-81dc40648355",NA,NA,1973,"3/15/1974","6505ebae-3960-11ef-a63d-2906cc9fb6bc","home","TuS 05 Wellinghofen","TV Grambke Bremen",26,21,TRUE,0,NA,NA,0,0,0,NA,0,0,0,0,0,0,NA,NA,NA,NA,NA,NA,NA,NA,0,0,0,0,NA,NA,NA,NA,NA
"Heiner Möller","8d7571e4-3955-11ef-b1d3-81dc40648355",NA,NA,1973,"3/15/1974","6505ebae-3960-11ef-a63d-2906cc9fb6bc","home","TuS 05 Wellinghofen","TV Grambke Bremen",26,21,TRUE,4,NA,NA,0,0,0,NA,0,0,0,0,0,0,NA,NA,NA,NA,NA,NA,NA,NA,0,0,0,0,NA,NA,NA,NA,NA
"Hans-Peter Neuhaus","8d9d3887-3955-11ef-80a3-81dc40648355",NA,NA,1973,"3/15/1974","6505ebae-3960-11ef-a63d-2906cc9fb6bc","home","TuS 05 Wellinghofen","TV Grambke Bremen",26,21,TRUE,4,NA,NA,0,0,0,NA,0,0,0,0,0,0,NA,NA,NA,NA,NA,NA,NA,NA,0,0,0,0,NA,NA,NA,NA,NA
"Karl-Heinz Nolde","a33d5c4a-3955-11ef-b577-2510cc07ea6e",NA,NA,1973,"3/15/1974","6505ebae-3960-11ef-a63d-2906cc9fb6bc","home","TuS 05 Wellinghofen","TV Grambke Bremen",26,21,TRUE,1,NA,NA,0,0,0,NA,0,0,0,0,0,0,NA,NA,NA,NA,NA,NA,NA,NA,0,0,0,0,NA,NA,NA,NA,NA
"Rainer Gosewinkel","a4d61156-3955-11ef-8406-2510cc07ea6e",NA,NA,1973,"3/15/1974","6505ebae-3960-11ef-a63d-2906cc9fb6bc","home","TuS 05 Wellinghofen","TV Grambke Bremen",26,21,TRUE,8,NA,NA,0,0,4,NA,0,0,0,0,0,0,NA,NA,NA,NA,NA,NA,NA,NA,0,0,0,0,NA,NA,NA,NA,NA
"Klaus Erwe","a4f54a19-3955-11ef-b48a-2510cc07ea6e",NA,NA,1973,"3/15/1974","6505ebae-3960-11ef-a63d-2906cc9fb6bc","home","TuS 05 Wellinghofen","TV Grambke Bremen",26,21,TRUE,1,NA,NA,0,0,0,NA,0,0,0,0,0,0,NA,NA,NA,NA,NA,NA,NA,NA,0,0,0,0,NA,NA,NA,NA,NA
"Winfried Gabel","a521dedb-3955-11ef-a3bd-2510cc07ea6e",NA,NA,1973,"3/15/1974","6505ebae-3960-11ef-a63d-2906cc9fb6bc","home","TuS 05 Wellinghofen","TV Grambke Bremen",26,21,TRUE,1,NA,NA,0,0,0,NA,0,0,0,0,0,0,NA,NA,NA,NA,NA,NA,NA,NA,0,0,0,0,NA,NA,NA,NA,NA
"Burkhard Gröning","a52c6e4f-3955-11ef-a576-2510cc07ea6e",NA,NA,1973,"3/15/1974","6505ebae-3960-11ef-a63d-2906cc9fb6bc","home","TuS 05 Wellinghofen","TV Grambke Bremen",26,21,TRUE,4,NA,NA,0,0,0,NA,0,0,0,0,0,0,NA,NA,NA,NA,NA,NA,NA,NA,0,0,0,0,NA,NA,NA,NA,NA
"Klaus Tiews","a531838f-3955-11ef-8e99-2510cc07ea6e",NA,NA,1973,"3/15/1974","6505ebae-3960-11ef-a63d-2906cc9fb6bc","home","TuS 05 Wellinghofen","TV Grambke Bremen",26,21,TRUE,1,NA,NA,0,0,0,NA,0,0,0,0,0,0,NA,NA,NA,NA,NA,NA,NA,NA,0,0,0,0,NA,NA,NA,NA,NA
"Ulrich Staege","b05c5beb-3955-11ef-a7d6-a36230ada079",NA,NA,1973,"3/15/1974","6505ebae-3960-11ef-a63d-2906cc9fb6bc","home","TuS 05 Wellinghofen","TV Grambke Bremen",26,21,TRUE,0,NA,NA,0,0,0,NA,0,0,0,0,0,0,NA,NA,NA,NA,NA,NA,NA,NA,0,0,0,0,NA,NA,NA,NA,NA
"Hans-Jürgen Sengera","ba7fae8e-3955-11ef-80e4-ab397f561917",NA,NA,1973,"3/15/1974","6505ebae-3960-11ef-a63d-2906cc9fb6bc","home","TuS 05 Wellinghofen","TV Grambke Bremen",26,21,TRUE,0,NA,NA,0,0,0,NA,0,0,0,0,0,0,NA,NA,NA,NA,NA,NA,NA,NA,0,0,0,0,NA,NA,NA,NA,NA
"Hans-Jörg Graeper","964d8ebc-3955-11ef-a25b-292be3190b7b",NA,NA,1973,"3/15/1974","6505ebae-3960-11ef-a63d-2906cc9fb6bc","away","TV Grambke Bremen","TuS 05 Wellinghofen",21,26,FALSE,1,NA,NA,0,0,0,NA,0,0,0,0,0,0,NA,NA,NA,NA,NA,NA,NA,NA,0,0,0,0,NA,NA,NA,NA,NA
"Rolf Harjes","9854972c-3955-11ef-b163-292be3190b7b",NA,NA,1973,"3/15/1974","6505ebae-3960-11ef-a63d-2906cc9fb6bc","away","TV Grambke Bremen","TuS 05 Wellinghofen",21,26,FALSE,10,NA,NA,0,0,4,NA,0,0,0,0,0,0,NA,NA,NA,NA,NA,NA,NA,NA,0,0,0,0,NA,NA,NA,NA,NA
"Rolf Dierks","a5420b05-3955-11ef-a0f4-2510cc07ea6e",NA,NA,1973,"3/15/1974","6505ebae-3960-11ef-a63d-2906cc9fb6bc","away","TV Grambke Bremen","TuS 05 Wellinghofen",21,26,FALSE,3,NA,NA,0,0,0,NA,0,0,0,0,0,0,NA,NA,NA,NA,NA,NA,NA,NA,0,0,0,0,NA,NA,NA,NA,NA
"Wilfried Lankenau","a547caa3-3955-11ef-8b17-2510cc07ea6e",NA,NA,1973,"3/15/1974","6505ebae-3960-11ef-a63d-2906cc9fb6bc","away","TV Grambke Bremen","TuS 05 Wellinghofen",21,26,FALSE,2,NA,NA,0,0,0,NA,0,0,0,0,0,0,NA,NA,NA,NA,NA,NA,NA,NA,0,0,0,0,NA,NA,NA,NA,NA
"Willi Hohn","a54d65b4-3955-11ef-86a4-2510cc07ea6e",NA,NA,1973,"3/15/1974","6505ebae-3960-11ef-a63d-2906cc9fb6bc","away","TV Grambke Bremen","TuS 05 Wellinghofen",21,26,FALSE,1,NA,NA,0,0,0,NA,0,0,0,0,0,0,NA,NA,NA,NA,NA,NA,NA,NA,0,0,0,0,NA,NA,NA,NA,NA
"Peter Wilde","a5638a05-3955-11ef-8647-2510cc07ea6e",NA,NA,1973,"3/15/1974","6505ebae-3960-11ef-a63d-2906cc9fb6bc","away","TV Grambke Bremen","TuS 05 Wellinghofen",21,26,FALSE,1,NA,NA,0,0,0,NA,0,0,0,0,0,0,NA,NA,NA,NA,NA,NA,NA,NA,0,0,0,0,NA,NA,NA,NA,NA
"Rainer Lange","ba95832e-3955-11ef-aa24-ab397f561917",NA,NA,1973,"3/15/1974","6505ebae-3960-11ef-a63d-2906cc9fb6bc","away","TV Grambke Bremen","TuS 05 Wellinghofen",21,26,FALSE,0,NA,NA,0,0,0,NA,0,0,0,0,0,0,NA,NA,NA,NA,NA,NA,NA,NA,0,0,0,0,NA,NA,NA,NA,NA
"Klaus Hohn","baa006c5-3955-11ef-942e-ab397f561917",NA,NA,1973,"3/15/1974","6505ebae-3960-11ef-a63d-2906cc9fb6bc","away","TV Grambke Bremen","TuS 05 Wellinghofen",21,26,FALSE,0,NA,NA,0,0,0,NA,0,0,0,0,0,0,NA,NA,NA,NA,NA,NA,NA,NA,0,0,0,0,NA,NA,NA,NA,NA
"Karl-Heinz Bierwirth","baa76751-3955-11ef-b78b-ab397f561917",NA,NA,1973,"3/15/1974","6505ebae-3960-11ef-a63d-2906cc9fb6bc","away","TV Grambke Bremen","TuS 05 Wellinghofen",21,26,FALSE,2,NA,NA,0,0,0,NA,0,0,0,0,0,0,NA,NA,NA,NA,NA,NA,NA,NA,0,0,0,0,NA,NA,NA,NA,NA
"Günter Heermann","baabe2e5-3955-11ef-9d71-ab397f561917",NA,NA,1973,"3/15/1974","6505ebae-3960-11ef-a63d-2906cc9fb6bc","away","TV Grambke Bremen","TuS 05 Wellinghofen",21,26,FALSE,1,NA,NA,0,0,0,NA,0,0,0,0,0,0,NA,NA,NA,NA,NA,NA,NA,NA,0,0,0,0,NA,NA,NA,NA,NA
"Günter Meßmer","babf1fc6-3955-11ef-975c-ab397f561917",NA,NA,1973,"3/15/1974","6505ebae-3960-11ef-a63d-2906cc9fb6bc","away","TV Grambke Bremen","TuS 05 Wellinghofen",21,26,FALSE,0,NA,NA,0,0,0,NA,0,0,0,0,0,0,NA,NA,NA,NA,NA,NA,NA,NA,0,0,0,0,NA,NA,NA,NA,NA
"Reimer Hinrichs","baf246ff-3955-11ef-b172-ab397f561917",NA,NA,1973,"3/15/1974","6505ebae-3960-11ef-a63d-2906cc9fb6bc","away","TV Grambke Bremen","TuS 05 Wellinghofen",21,26,FALSE,0,NA,NA,0,0,0,NA,0,0,0,0,0,0,NA,NA,NA,NA,NA,NA,NA,NA,0,0,0,0,NA,NA,NA,NA,NA
"Armin Emrich","8cdd3680-3955-11ef-a93e-81dc40648355",NA,NA,1973,"3/15/1974","683c95fc-3960-11ef-a8d9-2906cc9fb6bc","home","FRISCH AUF! Göppingen","TV 05/07 Hüttenberg",17,16,TRUE,1,NA,NA,0,0,0,NA,0,0,0,0,0,0,NA,NA,NA,NA,NA,NA,NA,NA,0,0,0,0,NA,NA,NA,NA,NA
"Peter Bucher","8e0071c9-3955-11ef-8ff8-81dc40648355",NA,NA,1973,"3/15/1974","683c95fc-3960-11ef-a8d9-2906cc9fb6bc","home","FRISCH AUF! Göppingen","TV 05/07 Hüttenberg",17,16,TRUE,5,NA,NA,0,0,3,NA,0,0,0,0,0,0,NA,NA,NA,NA,NA,NA,NA,NA,0,0,0,0,NA,NA,NA,NA,NA
"Wolfgang Don","a2ff75a5-3955-11ef-a510-2510cc07ea6e",NA,NA,1973,"3/15/1974","683c95fc-3960-11ef-a8d9-2906cc9fb6bc","home","FRISCH AUF! Göppingen","TV 05/07 Hüttenberg",17,16,TRUE,0,NA,NA,0,0,0,NA,0,0,0,0,0,0,NA,NA,NA,NA,NA,NA,NA,NA,0,0,0,0,NA,NA,NA,NA,NA
"Werner Fischer","af3a0885-3955-11ef-a884-a36230ada079",NA,NA,1973,"3/15/1974","683c95fc-3960-11ef-a8d9-2906cc9fb6bc","home","FRISCH AUF! Göppingen","TV 05/07 Hüttenberg",17,16,TRUE,3,NA,NA,0,0,0,NA,0,0,0,0,0,0,NA,NA,NA,NA,NA,NA,NA,NA,0,0,0,0,NA,NA,NA,NA,NA
"Siegmund Seeger","af76d008-3955-11ef-b7c9-a36230ada079",NA,NA,1973,"3/15/1974","683c95fc-3960-11ef-a8d9-2906cc9fb6bc","home","FRISCH AUF! Göppingen","TV 05/07 Hüttenberg",17,16,TRUE,0,NA,NA,0,0,0,NA,0,0,0,0,0,0,NA,NA,NA,NA,NA,NA,NA,NA,0,0,0,0,NA,NA,NA,NA,NA
"Hans Brodbeck","b1f00cc3-3955-11ef-b4c9-a36230ada079",NA,NA,1973,"3/15/1974","683c95fc-3960-11ef-a8d9-2906cc9fb6bc","home","FRISCH AUF! Göppingen","TV 05/07 Hüttenberg",17,16,TRUE,0,NA,NA,0,0,0,NA,0,0,0,0,0,0,NA,NA,NA,NA,NA,NA,NA,NA,0,0,0,0,NA,NA,NA,NA,NA
"Paul Epple","bc8167af-3955-11ef-8748-ab397f561917",NA,NA,1973,"3/15/1974","683c95fc-3960-11ef-a8d9-2906cc9fb6bc","home","FRISCH AUF! Göppingen","TV 05/07 Hüttenberg",17,16,TRUE,0,NA,NA,0,0,0,NA,0,0,0,0,0,0,NA,NA,NA,NA,NA,NA,NA,NA,0,0,0,0,NA,NA,NA,NA,NA
"Geir Hallsteinsson","c70adb66-3955-11ef-afb7-157c9bc18a5f",NA,NA,1973,"3/15/1974","683c95fc-3960-11ef-a8d9-2906cc9fb6bc","home","FRISCH AUF! Göppingen","TV 05/07 Hüttenberg",17,16,TRUE,3,NA,NA,0,0,0,NA,0,0,0,0,0,0,NA,NA,NA,NA,NA,NA,NA,NA,0,0,0,0,NA,NA,NA,NA,NA
"Werner Arndt","c71116e0-3955-11ef-85d3-157c9bc18a5f",NA,NA,1973,"3/15/1974","683c95fc-3960-11ef-a8d9-2906cc9fb6bc","home","FRISCH AUF! Göppingen","TV 05/07 Hüttenberg",17,16,TRUE,0,NA,NA,0,0,0,NA,0,0,0,0,0,0,NA,NA,NA,NA,NA,NA,NA,NA,0,0,0,0,NA,NA,NA,NA,NA
"Christian Patzer","c715a1de-3955-11ef-bc54-157c9bc18a5f",NA,NA,1973,"3/15/1974","683c95fc-3960-11ef-a8d9-2906cc9fb6bc","home","FRISCH AUF! Göppingen","TV 05/07 Hüttenberg",17,16,TRUE,3,NA,NA,0,0,0,NA,0,0,0,0,0,0,NA,NA,NA,NA,NA,NA,NA,NA,0,0,0,0,NA,NA,NA,NA,NA
"Günter Schweikardt","d3e60b79-3953-11ef-9e8c-e3f2de03a1b7",NA,NA,1973,"3/15/1974","683c95fc-3960-11ef-a8d9-2906cc9fb6bc","home","FRISCH AUF! Göppingen","TV 05/07 Hüttenberg",17,16,TRUE,2,NA,NA,0,0,0,NA,0,0,0,0,0,0,NA,NA,NA,NA,NA,NA,NA,NA,0,0,0,0,NA,NA,NA,NA,NA
"Walter Don","73f54ad3-3955-11ef-b2c6-51fdf2a82730",NA,NA,1973,"3/15/1974","683c95fc-3960-11ef-a8d9-2906cc9fb6bc","away","TV 05/07 Hüttenberg","FRISCH AUF! Göppingen",16,17,FALSE,3,NA,NA,0,0,0,NA,0,0,0,0,0,0,NA,NA,NA,NA,NA,NA,NA,NA,0,0,0,0,NA,NA,NA,NA,NA
"Hans-Jürgen Völpel","80753eec-3955-11ef-bd2e-b908c60af10a",NA,NA,1973,"3/15/1974","683c95fc-3960-11ef-a8d9-2906cc9fb6bc","away","TV 05/07 Hüttenberg","FRISCH AUF! Göppingen",16,17,FALSE,0,NA,NA,0,0,0,NA,0,0,0,0,0,0,NA,NA,NA,NA,NA,NA,NA,NA,0,0,0,0,NA,NA,NA,NA,NA
"Horst Spengler","80adf446-3955-11ef-a1e6-b908c60af10a",NA,NA,1973,"3/15/1974","683c95fc-3960-11ef-a8d9-2906cc9fb6bc","away","TV 05/07 Hüttenberg","FRISCH AUF! Göppingen",16,17,FALSE,2,NA,NA,0,0,2,NA,0,0,0,0,0,0,NA,NA,NA,NA,NA,NA,NA,NA,0,0,0,0,NA,NA,NA,NA,NA
"Peter Barthelmey","99855e8f-3955-11ef-b9a4-292be3190b7b",NA,NA,1973,"3/15/1974","683c95fc-3960-11ef-a8d9-2906cc9fb6bc","away","TV 05/07 Hüttenberg","FRISCH AUF! Göppingen",16,17,FALSE,2,NA,NA,0,0,1,NA,0,0,0,0,0,0,NA,NA,NA,NA,NA,NA,NA,NA,0,0,0,0,NA,NA,NA,NA,NA
"Richard Boczkowski","a1b43836-3955-11ef-934f-2510cc07ea6e",NA,NA,1973,"3/15/1974","683c95fc-3960-11ef-a8d9-2906cc9fb6bc","away","TV 05/07 Hüttenberg","FRISCH AUF! Göppingen",16,17,FALSE,0,NA,NA,0,0,0,NA,0,0,0,0,0,0,NA,NA,NA,NA,NA,NA,NA,NA,0,0,0,0,NA,NA,NA,NA,NA
"Norbert Bach","a3be6ba6-3955-11ef-9511-2510cc07ea6e",NA,NA,1973,"3/15/1974","683c95fc-3960-11ef-a8d9-2906cc9fb6bc","away","TV 05/07 Hüttenberg","FRISCH AUF! Göppingen",16,17,FALSE,5,NA,NA,0,0,0,NA,0,0,0,0,0,0,NA,NA,NA,NA,NA,NA,NA,NA,0,0,0,0,NA,NA,NA,NA,NA
"Stefan Schicketanz","a3d099d4-3955-11ef-90b6-2510cc07ea6e",NA,NA,1973,"3/15/1974","683c95fc-3960-11ef-a8d9-2906cc9fb6bc","away","TV 05/07 Hüttenberg","FRISCH AUF! Göppingen",16,17,FALSE,1,NA,NA,0,0,0,NA,0,0,0,0,0,0,NA,NA,NA,NA,NA,NA,NA,NA,0,0,0,0,NA,NA,NA,NA,NA
"Udo Uebbing","ae4823ea-3955-11ef-93ce-a36230ada079",NA,NA,1973,"3/15/1974","683c95fc-3960-11ef-a8d9-2906cc9fb6bc","away","TV 05/07 Hüttenberg","FRISCH AUF! Göppingen",16,17,FALSE,2,NA,NA,0,0,0,NA,0,0,0,0,0,0,NA,NA,NA,NA,NA,NA,NA,NA,0,0,0,0,NA,NA,NA,NA,NA
"Rolf Kunz","bb7de91c-3955-11ef-8de2-ab397f561917",NA,NA,1973,"3/15/1974","683c95fc-3960-11ef-a8d9-2906cc9fb6bc","away","TV 05/07 Hüttenberg","FRISCH AUF! Göppingen",16,17,FALSE,0,NA,NA,0,0,0,NA,0,0,0,0,0,0,NA,NA,NA,NA,NA,NA,NA,NA,0,0,0,0,NA,NA,NA,NA,NA
"Dieter Beckmann","bb888d20-3955-11ef-b8c5-ab397f561917",NA,NA,1973,"3/15/1974","683c95fc-3960-11ef-a8d9-2906cc9fb6bc","away","TV 05/07 Hüttenberg","FRISCH AUF! Göppingen",16,17,FALSE,0,NA,NA,0,0,0,NA,0,0,0,0,0,0,NA,NA,NA,NA,NA,NA,NA,NA,0,0,0,0,NA,NA,NA,NA,NA
"Andrija Kotlas","bde016f5-3955-11ef-b96c-ab397f561917",NA,NA,1973,"3/15/1974","683c95fc-3960-11ef-a8d9-2906cc9fb6bc","away","TV 05/07 Hüttenberg","FRISCH AUF! Göppingen",16,17,FALSE,1,NA,NA,0,0,0,NA,0,0,0,0,0,0,NA,NA,NA,NA,NA,NA,NA,NA,0,0,0,0,NA,NA,NA,NA,NA
"Werner Osada","98d8c8ac-3955-11ef-b6db-292be3190b7b",NA,NA,1973,"3/15/1974","691ddbe4-3960-11ef-819a-2906cc9fb6bc","home","S3L Handball","SG Dietzenbach",18,17,TRUE,0,NA,NA,0,0,0,NA,0,0,0,0,0,0,NA,NA,NA,NA,NA,NA,NA,NA,0,0,0,0,NA,NA,NA,NA,NA
"Alfred Schmitt","a25e1dab-3955-11ef-b412-2510cc07ea6e",NA,NA,1973,"3/15/1974","691ddbe4-3960-11ef-819a-2906cc9fb6bc","home","S3L Handball","SG Dietzenbach",18,17,TRUE,1,NA,NA,0,0,0,NA,0,0,0,0,0,0,NA,NA,NA,NA,NA,NA,NA,NA,0,0,0,0,NA,NA,NA,NA,NA
"Manfred Müller","ae54e819-3955-11ef-81e8-a36230ada079",NA,NA,1973,"3/15/1974","691ddbe4-3960-11ef-819a-2906cc9fb6bc","home","S3L Handball","SG Dietzenbach",18,17,TRUE,0,NA,NA,0,0,0,NA,0,0,0,0,0,0,NA,NA,NA,NA,NA,NA,NA,NA,0,0,0,0,NA,NA,NA,NA,NA
"Franz Rupp","ae6c7950-3955-11ef-87dd-a36230ada079",NA,NA,1973,"3/15/1974","691ddbe4-3960-11ef-819a-2906cc9fb6bc","home","S3L Handball","SG Dietzenbach",18,17,TRUE,1,NA,NA,0,0,0,NA,0,0,0,0,0,0,NA,NA,NA,NA,NA,NA,NA,NA,0,0,0,0,NA,NA,NA,NA,NA
"Bernd Frühauf","ae71d80f-3955-11ef-a219-a36230ada079",NA,NA,1973,"3/15/1974","691ddbe4-3960-11ef-819a-2906cc9fb6bc","home","S3L Handball","SG Dietzenbach",18,17,TRUE,3,NA,NA,0,0,0,NA,0,0,0,0,0,0,NA,NA,NA,NA,NA,NA,NA,NA,0,0,0,0,NA,NA,NA,NA,NA
"Robert Becker","ae8c50f9-3955-11ef-91c4-a36230ada079",NA,NA,1973,"3/15/1974","691ddbe4-3960-11ef-819a-2906cc9fb6bc","home","S3L Handball","SG Dietzenbach",18,17,TRUE,3,NA,NA,0,0,0,NA,0,0,0,0,0,0,NA,NA,NA,NA,NA,NA,NA,NA,0,0,0,0,NA,NA,NA,NA,NA
"Hansjörg Jäck","b166bd31-3955-11ef-bed1-a36230ada079",NA,NA,1973,"3/15/1974","691ddbe4-3960-11ef-819a-2906cc9fb6bc","home","S3L Handball","SG Dietzenbach",18,17,TRUE,0,NA,NA,0,0,0,NA,0,0,0,0,0,0,NA,NA,NA,NA,NA,NA,NA,NA,0,0,0,0,NA,NA,NA,NA,NA
"Markus Hädrich","ba389acc-3955-11ef-8b9d-ab397f561917",NA,NA,1973,"3/15/1974","691ddbe4-3960-11ef-819a-2906cc9fb6bc","home","S3L Handball","SG Dietzenbach",18,17,TRUE,2,NA,NA,0,0,0,NA,0,0,0,0,0,0,NA,NA,NA,NA,NA,NA,NA,NA,0,0,0,0,NA,NA,NA,NA,NA
"Werner Pruscha","bb9c8e56-3955-11ef-ac18-ab397f561917",NA,NA,1973,"3/15/1974","691ddbe4-3960-11ef-819a-2906cc9fb6bc","home","S3L Handball","SG Dietzenbach",18,17,TRUE,0,NA,NA,0,0,0,NA,0,0,0,0,0,0,NA,NA,NA,NA,NA,NA,NA,NA,0,0,0,0,NA,NA,NA,NA,NA
"Wolfhardt Bühler","bba2fc92-3955-11ef-a8d6-ab397f561917",NA,NA,1973,"3/15/1974","691ddbe4-3960-11ef-819a-2906cc9fb6bc","home","S3L Handball","SG Dietzenbach",18,17,TRUE,8,NA,NA,0,0,2,NA,0,0,0,0,0,0,NA,NA,NA,NA,NA,NA,NA,NA,0,0,0,0,NA,NA,NA,NA,NA
"Arno Schandin","bded1584-3955-11ef-8a76-ab397f561917",NA,NA,1973,"3/15/1974","691ddbe4-3960-11ef-819a-2906cc9fb6bc","home","S3L Handball","SG Dietzenbach",18,17,TRUE,0,NA,NA,0,0,0,NA,0,0,0,0,0,0,NA,NA,NA,NA,NA,NA,NA,NA,0,0,0,0,NA,NA,NA,NA,NA
"Heinz-Theo Kaus","8086fdf9-3955-11ef-938f-b908c60af10a",NA,NA,1973,"3/15/1974","691ddbe4-3960-11ef-819a-2906cc9fb6bc","away","SG Dietzenbach","S3L Handball",17,18,FALSE,0,NA,NA,0,0,0,NA,0,0,0,0,0,0,NA,NA,NA,NA,NA,NA,NA,NA,0,0,0,0,NA,NA,NA,NA,NA
"Heinz-Walter Behne","8be65881-3955-11ef-8872-81dc40648355",NA,NA,1973,"3/15/1974","691ddbe4-3960-11ef-819a-2906cc9fb6bc","away","SG Dietzenbach","S3L Handball",17,18,FALSE,1,NA,NA,0,0,0,NA,0,0,0,0,0,0,NA,NA,NA,NA,NA,NA,NA,NA,0,0,0,0,NA,NA,NA,NA,NA
"Herbert Wehnert","96e104db-3955-11ef-b58d-292be3190b7b",NA,NA,1973,"3/15/1974","691ddbe4-3960-11ef-819a-2906cc9fb6bc","away","SG Dietzenbach","S3L Handball",17,18,FALSE,8,NA,NA,0,0,0,NA,0,0,0,0,0,0,NA,NA,NA,NA,NA,NA,NA,NA,0,0,0,0,NA,NA,NA,NA,NA
"Otto Allies","af191a75-3955-11ef-8c7e-a36230ada079",NA,NA,1973,"3/15/1974","691ddbe4-3960-11ef-819a-2906cc9fb6bc","away","SG Dietzenbach","S3L Handball",17,18,FALSE,1,NA,NA,0,0,0,NA,0,0,0,0,0,0,NA,NA,NA,NA,NA,NA,NA,NA,0,0,0,0,NA,NA,NA,NA,NA
"Heinrich Baum","af2c6c48-3955-11ef-964a-a36230ada079",NA,NA,1973,"3/15/1974","691ddbe4-3960-11ef-819a-2906cc9fb6bc","away","SG Dietzenbach","S3L Handball",17,18,FALSE,0,NA,NA,0,0,0,NA,0,0,0,0,0,0,NA,NA,NA,NA,NA,NA,NA,NA,0,0,0,0,NA,NA,NA,NA,NA
"Klaus Rettig","b1d1aa4c-3955-11ef-baf9-a36230ada079",NA,NA,1973,"3/15/1974","691ddbe4-3960-11ef-819a-2906cc9fb6bc","away","SG Dietzenbach","S3L Handball",17,18,FALSE,3,NA,NA,0,0,2,NA,0,0,0,0,0,0,NA,NA,NA,NA,NA,NA,NA,NA,0,0,0,0,NA,NA,NA,NA,NA
"Reinhold Jerwan","b1d5c150-3955-11ef-9027-a36230ada079",NA,NA,1973,"3/15/1974","691ddbe4-3960-11ef-819a-2906cc9fb6bc","away","SG Dietzenbach","S3L Handball",17,18,FALSE,2,NA,NA,0,0,0,NA,0,0,0,0,0,0,NA,NA,NA,NA,NA,NA,NA,NA,0,0,0,0,NA,NA,NA,NA,NA
"Reinhold Frankenberger","be1b198f-3955-11ef-af2d-ab397f561917",NA,NA,1973,"3/15/1974","691ddbe4-3960-11ef-819a-2906cc9fb6bc","away","SG Dietzenbach","S3L Handball",17,18,FALSE,0,NA,NA,0,0,0,NA,0,0,0,0,0,0,NA,NA,NA,NA,NA,NA,NA,NA,0,0,0,0,NA,NA,NA,NA,NA
"Herbert Striebel","c682be45-3955-11ef-8eab-157c9bc18a5f",NA,NA,1973,"3/15/1974","691ddbe4-3960-11ef-819a-2906cc9fb6bc","away","SG Dietzenbach","S3L Handball",17,18,FALSE,0,NA,NA,0,0,0,NA,0,0,0,0,0,0,NA,NA,NA,NA,NA,NA,NA,NA,0,0,0,0,NA,NA,NA,NA,NA
"Norbert Kern","c6961a09-3955-11ef-8bcc-157c9bc18a5f",NA,NA,1973,"3/15/1974","691ddbe4-3960-11ef-819a-2906cc9fb6bc","away","SG Dietzenbach","S3L Handball",17,18,FALSE,1,NA,NA,0,0,0,NA,0,0,0,0,0,0,NA,NA,NA,NA,NA,NA,NA,NA,0,0,0,0,NA,NA,NA,NA,NA
"Wolfgang Pelzer","c69f3508-3955-11ef-89d5-157c9bc18a5f",NA,NA,1973,"3/15/1974","691ddbe4-3960-11ef-819a-2906cc9fb6bc","away","SG Dietzenbach","S3L Handball",17,18,FALSE,1,NA,NA,0,0,0,NA,0,0,0,0,0,0,NA,NA,NA,NA,NA,NA,NA,NA,0,0,0,0,NA,NA,NA,NA,NA
"Wilfried Wess","c6a3dc15-3955-11ef-b557-157c9bc18a5f",NA,NA,1973,"3/15/1974","691ddbe4-3960-11ef-819a-2906cc9fb6bc","away","SG Dietzenbach","S3L Handball",17,18,FALSE,0,NA,NA,0,0,0,NA,0,0,0,0,0,0,NA,NA,NA,NA,NA,NA,NA,NA,0,0,0,0,NA,NA,NA,NA,NA
"Zdenko Kováč","8d018220-3955-11ef-82c3-81dc40648355",NA,NA,1973,"3/15/1974","719d8a17-3960-11ef-b442-2906cc9fb6bc","home","TSV 1846 Butzbach","TV 1893 Neuhausen",11,11,FALSE,0,NA,NA,0,0,0,NA,0,0,0,0,0,0,NA,NA,NA,NA,NA,NA,NA,NA,0,0,0,0,NA,NA,NA,NA,NA
"Klaus Meineke","8d0eefb2-3955-11ef-a068-81dc40648355",NA,NA,1973,"3/15/1974","719d8a17-3960-11ef-b442-2906cc9fb6bc","home","TSV 1846 Butzbach","TV 1893 Neuhausen",11,11,FALSE,1,NA,NA,0,0,0,NA,0,0,0,0,0,0,NA,NA,NA,NA,NA,NA,NA,NA,0,0,0,0,NA,NA,NA,NA,NA
"Rolf Allendörfer","97c4e757-3955-11ef-8b41-292be3190b7b",NA,NA,1973,"3/15/1974","719d8a17-3960-11ef-b442-2906cc9fb6bc","home","TSV 1846 Butzbach","TV 1893 Neuhausen",11,11,FALSE,0,NA,NA,0,0,0,NA,0,0,0,0,0,0,NA,NA,NA,NA,NA,NA,NA,NA,0,0,0,0,NA,NA,NA,NA,NA
"Günter Werner","af912645-3955-11ef-a6b3-a36230ada079",NA,NA,1973,"3/15/1974","719d8a17-3960-11ef-b442-2906cc9fb6bc","home","TSV 1846 Butzbach","TV 1893 Neuhausen",11,11,FALSE,2,NA,NA,0,0,0,NA,0,0,0,0,0,0,NA,NA,NA,NA,NA,NA,NA,NA,0,0,0,0,NA,NA,NA,NA,NA
"Günter Timmermann","bb79f127-3955-11ef-ae8c-ab397f561917",NA,NA,1973,"3/15/1974","719d8a17-3960-11ef-b442-2906cc9fb6bc","home","TSV 1846 Butzbach","TV 1893 Neuhausen",11,11,FALSE,0,NA,NA,0,0,0,NA,0,0,0,0,0,0,NA,NA,NA,NA,NA,NA,NA,NA,0,0,0,0,NA,NA,NA,NA,NA
"Günter Bormann","bc2b728c-3955-11ef-9c10-ab397f561917",NA,NA,1973,"3/15/1974","719d8a17-3960-11ef-b442-2906cc9fb6bc","home","TSV 1846 Butzbach","TV 1893 Neuhausen",11,11,FALSE,0,NA,NA,0,0,0,NA,0,0,0,0,0,0,NA,NA,NA,NA,NA,NA,NA,NA,0,0,0,0,NA,NA,NA,NA,NA
"Rolf Grotegut","bc3000ec-3955-11ef-97c5-ab397f561917",NA,NA,1973,"3/15/1974","719d8a17-3960-11ef-b442-2906cc9fb6bc","home","TSV 1846 Butzbach","TV 1893 Neuhausen",11,11,FALSE,1,NA,NA,0,0,0,NA,0,0,0,0,0,0,NA,NA,NA,NA,NA,NA,NA,NA,0,0,0,0,NA,NA,NA,NA,NA
"Hans-Joachim Röhrig","bc371f1f-3955-11ef-bcd4-ab397f561917",NA,NA,1973,"3/15/1974","719d8a17-3960-11ef-b442-2906cc9fb6bc","home","TSV 1846 Butzbach","TV 1893 Neuhausen",11,11,FALSE,6,NA,NA,0,0,4,NA,0,0,0,0,0,0,NA,NA,NA,NA,NA,NA,NA,NA,0,0,0,0,NA,NA,NA,NA,NA
"Bernd Lind","bc4b1939-3955-11ef-95dd-ab397f561917",NA,NA,1973,"3/15/1974","719d8a17-3960-11ef-b442-2906cc9fb6bc","home","TSV 1846 Butzbach","TV 1893 Neuhausen",11,11,FALSE,0,NA,NA,0,0,0,NA,0,0,0,0,0,0,NA,NA,NA,NA,NA,NA,NA,NA,0,0,0,0,NA,NA,NA,NA,NA
"Robert Ringleb","bc52ae17-3955-11ef-80f1-ab397f561917",NA,NA,1973,"3/15/1974","719d8a17-3960-11ef-b442-2906cc9fb6bc","home","TSV 1846 Butzbach","TV 1893 Neuhausen",11,11,FALSE,1,NA,NA,0,0,0,NA,0,0,0,0,0,0,NA,NA,NA,NA,NA,NA,NA,NA,0,0,0,0,NA,NA,NA,NA,NA
"Klaus Karg","c6d8aa2a-3955-11ef-ab2b-157c9bc18a5f",NA,NA,1973,"3/15/1974","719d8a17-3960-11ef-b442-2906cc9fb6bc","home","TSV 1846 Butzbach","TV 1893 Neuhausen",11,11,FALSE,0,NA,NA,0,0,0,NA,0,0,0,0,0,0,NA,NA,NA,NA,NA,NA,NA,NA,0,0,0,0,NA,NA,NA,NA,NA
"Anton Turkalj","c6dcd936-3955-11ef-9d1b-157c9bc18a5f",NA,NA,1973,"3/15/1974","719d8a17-3960-11ef-b442-2906cc9fb6bc","home","TSV 1846 Butzbach","TV 1893 Neuhausen",11,11,FALSE,0,NA,NA,0,0,0,NA,0,0,0,0,0,0,NA,NA,NA,NA,NA,NA,NA,NA,0,0,0,0,NA,NA,NA,NA,NA
"Walter Salzer","8d394c72-3955-11ef-8d73-81dc40648355",NA,NA,1973,"3/15/1974","719d8a17-3960-11ef-b442-2906cc9fb6bc","away","TV 1893 Neuhausen","TSV 1846 Butzbach",11,11,FALSE,4,NA,NA,0,0,0,NA,0,0,0,0,0,0,NA,NA,NA,NA,NA,NA,NA,NA,0,0,0,0,NA,NA,NA,NA,NA
"Hermann Fritz","a4231bd1-3955-11ef-8299-2510cc07ea6e",NA,NA,1973,"3/15/1974","719d8a17-3960-11ef-b442-2906cc9fb6bc","away","TV 1893 Neuhausen","TSV 1846 Butzbach",11,11,FALSE,0,NA,NA,0,0,0,NA,0,0,0,0,0,0,NA,NA,NA,NA,NA,NA,NA,NA,0,0,0,0,NA,NA,NA,NA,NA
"Klaus Stoll","a42e01cc-3955-11ef-b661-2510cc07ea6e",NA,NA,1973,"3/15/1974","719d8a17-3960-11ef-b442-2906cc9fb6bc","away","TV 1893 Neuhausen","TSV 1846 Butzbach",11,11,FALSE,0,NA,NA,0,0,0,NA,0,0,0,0,0,0,NA,NA,NA,NA,NA,NA,NA,NA,0,0,0,0,NA,NA,NA,NA,NA
"Julius Lehmann","a448c9e2-3955-11ef-9bf8-2510cc07ea6e",NA,NA,1973,"3/15/1974","719d8a17-3960-11ef-b442-2906cc9fb6bc","away","TV 1893 Neuhausen","TSV 1846 Butzbach",11,11,FALSE,0,NA,NA,0,0,0,NA,0,0,0,0,0,0,NA,NA,NA,NA,NA,NA,NA,NA,0,0,0,0,NA,NA,NA,NA,NA
"Manfred Reusch","a45a1b11-3955-11ef-8135-2510cc07ea6e",NA,NA,1973,"3/15/1974","719d8a17-3960-11ef-b442-2906cc9fb6bc","away","TV 1893 Neuhausen","TSV 1846 Butzbach",11,11,FALSE,0,NA,NA,0,0,0,NA,0,0,0,0,0,0,NA,NA,NA,NA,NA,NA,NA,NA,0,0,0,0,NA,NA,NA,NA,NA
"Manfred Schmid","a468025d-3955-11ef-ae56-2510cc07ea6e",NA,NA,1973,"3/15/1974","719d8a17-3960-11ef-b442-2906cc9fb6bc","away","TV 1893 Neuhausen","TSV 1846 Butzbach",11,11,FALSE,0,NA,NA,0,0,0,NA,0,0,0,0,0,0,NA,NA,NA,NA,NA,NA,NA,NA,0,0,0,0,NA,NA,NA,NA,NA
"Johann Högl","b2211f04-3955-11ef-a5bd-a36230ada079",NA,NA,1973,"3/15/1974","719d8a17-3960-11ef-b442-2906cc9fb6bc","away","TV 1893 Neuhausen","TSV 1846 Butzbach",11,11,FALSE,2,NA,NA,0,0,0,NA,0,0,0,0,0,0,NA,NA,NA,NA,NA,NA,NA,NA,0,0,0,0,NA,NA,NA,NA,NA
"Martin Streicher","b2277c0b-3955-11ef-b9c1-a36230ada079",NA,NA,1973,"3/15/1974","719d8a17-3960-11ef-b442-2906cc9fb6bc","away","TV 1893 Neuhausen","TSV 1846 Butzbach",11,11,FALSE,1,NA,NA,0,0,0,NA,0,0,0,0,0,0,NA,NA,NA,NA,NA,NA,NA,NA,0,0,0,0,NA,NA,NA,NA,NA
"Kurt Reusch","b22cb722-3955-11ef-b081-a36230ada079",NA,NA,1973,"3/15/1974","719d8a17-3960-11ef-b442-2906cc9fb6bc","away","TV 1893 Neuhausen","TSV 1846 Butzbach",11,11,FALSE,2,NA,NA,0,0,2,NA,0,0,0,0,0,0,NA,NA,NA,NA,NA,NA,NA,NA,0,0,0,0,NA,NA,NA,NA,NA
"Bernd Scheid","c71f654f-3955-11ef-a98f-157c9bc18a5f",NA,NA,1973,"3/15/1974","719d8a17-3960-11ef-b442-2906cc9fb6bc","away","TV 1893 Neuhausen","TSV 1846 Butzbach",11,11,FALSE,0,NA,NA,0,0,0,NA,0,0,0,0,0,0,NA,NA,NA,NA,NA,NA,NA,NA,0,0,0,0,NA,NA,NA,NA,NA
"Klaus Streicher","c728c012-3955-11ef-9cab-157c9bc18a5f",NA,NA,1973,"3/15/1974","719d8a17-3960-11ef-b442-2906cc9fb6bc","away","TV 1893 Neuhausen","TSV 1846 Butzbach",11,11,FALSE,1,NA,NA,0,0,0,NA,0,0,0,0,0,0,NA,NA,NA,NA,NA,NA,NA,NA,0,0,0,0,NA,NA,NA,NA,NA
"Lothar Gradwohl","c72d20e3-3955-11ef-8433-157c9bc18a5f",NA,NA,1973,"3/15/1974","719d8a17-3960-11ef-b442-2906cc9fb6bc","away","TV 1893 Neuhausen","TSV 1846 Butzbach",11,11,FALSE,1,NA,NA,0,0,0,NA,0,0,0,0,0,0,NA,NA,NA,NA,NA,NA,NA,NA,0,0,0,0,NA,NA,NA,NA,NA
"Reinhard Wittler","a35063de-3955-11ef-9881-2510cc07ea6e",NA,NA,1973,"3/16/1974","5c310f6a-3960-11ef-a003-7b2e16e5ffcd","home","Polizei SV Hannover","VfL Gummersbach",18,27,FALSE,0,NA,NA,0,0,0,NA,0,0,0,0,0,0,NA,NA,NA,NA,NA,NA,NA,NA,0,0,0,0,NA,NA,NA,NA,NA
"Wolfgang Franke","a36fd3c4-3955-11ef-bc80-2510cc07ea6e",NA,NA,1973,"3/16/1974","5c310f6a-3960-11ef-a003-7b2e16e5ffcd","home","Polizei SV Hannover","VfL Gummersbach",18,27,FALSE,0,NA,NA,0,0,0,NA,0,0,0,0,0,0,NA,NA,NA,NA,NA,NA,NA,NA,0,0,0,0,NA,NA,NA,NA,NA
"Jürgen Kloth","a37512a6-3955-11ef-9d81-2510cc07ea6e",NA,NA,1973,"3/16/1974","5c310f6a-3960-11ef-a003-7b2e16e5ffcd","home","Polizei SV Hannover","VfL Gummersbach",18,27,FALSE,3,NA,NA,0,0,0,NA,0,0,0,0,0,0,NA,NA,NA,NA,NA,NA,NA,NA,0,0,0,0,NA,NA,NA,NA,NA
"Joachim Engler","bb2dfffa-3955-11ef-8a9e-ab397f561917",NA,NA,1973,"3/16/1974","5c310f6a-3960-11ef-a003-7b2e16e5ffcd","home","Polizei SV Hannover","VfL Gummersbach",18,27,FALSE,4,NA,NA,0,0,0,NA,0,0,0,0,0,0,NA,NA,NA,NA,NA,NA,NA,NA,0,0,0,0,NA,NA,NA,NA,NA
"Gerd Haase","bb322e8e-3955-11ef-8a6a-ab397f561917",NA,NA,1973,"3/16/1974","5c310f6a-3960-11ef-a003-7b2e16e5ffcd","home","Polizei SV Hannover","VfL Gummersbach",18,27,FALSE,2,NA,NA,0,0,0,NA,0,0,0,0,0,0,NA,NA,NA,NA,NA,NA,NA,NA,0,0,0,0,NA,NA,NA,NA,NA
"Hartmut Schnelle","bb3a7260-3955-11ef-99cf-ab397f561917",NA,NA,1973,"3/16/1974","5c310f6a-3960-11ef-a003-7b2e16e5ffcd","home","Polizei SV Hannover","VfL Gummersbach",18,27,FALSE,0,NA,NA,0,0,0,NA,0,0,0,0,0,0,NA,NA,NA,NA,NA,NA,NA,NA,0,0,0,0,NA,NA,NA,NA,NA
"Hans-Jürgen Deutsch","bb3e76d6-3955-11ef-a5a8-ab397f561917",NA,NA,1973,"3/16/1974","5c310f6a-3960-11ef-a003-7b2e16e5ffcd","home","Polizei SV Hannover","VfL Gummersbach",18,27,FALSE,2,NA,NA,0,0,0,NA,0,0,0,0,0,0,NA,NA,NA,NA,NA,NA,NA,NA,0,0,0,0,NA,NA,NA,NA,NA
"Dieter Hartung","bb482ed5-3955-11ef-bef1-ab397f561917",NA,NA,1973,"3/16/1974","5c310f6a-3960-11ef-a003-7b2e16e5ffcd","home","Polizei SV Hannover","VfL Gummersbach",18,27,FALSE,4,NA,NA,0,0,0,NA,0,0,0,0,0,0,NA,NA,NA,NA,NA,NA,NA,NA,0,0,0,0,NA,NA,NA,NA,NA
"Jürgen Fey","bb504d63-3955-11ef-8740-ab397f561917",NA,NA,1973,"3/16/1974","5c310f6a-3960-11ef-a003-7b2e16e5ffcd","home","Polizei SV Hannover","VfL Gummersbach",18,27,FALSE,3,NA,NA,0,0,2,NA,0,0,0,0,0,0,NA,NA,NA,NA,NA,NA,NA,NA,0,0,0,0,NA,NA,NA,NA,NA
"Heiner Borck","bda2f702-3955-11ef-8be3-ab397f561917",NA,NA,1973,"3/16/1974","5c310f6a-3960-11ef-a003-7b2e16e5ffcd","home","Polizei SV Hannover","VfL Gummersbach",18,27,FALSE,0,NA,NA,0,0,0,NA,0,0,0,0,0,0,NA,NA,NA,NA,NA,NA,NA,NA,0,0,0,0,NA,NA,NA,NA,NA
"Siegfried Hacke","bda8ac11-3955-11ef-8226-ab397f561917",NA,NA,1973,"3/16/1974","5c310f6a-3960-11ef-a003-7b2e16e5ffcd","home","Polizei SV Hannover","VfL Gummersbach",18,27,FALSE,0,NA,NA,0,0,0,NA,0,0,0,0,0,0,NA,NA,NA,NA,NA,NA,NA,NA,0,0,0,0,NA,NA,NA,NA,NA
"Konrad Zorn","bdb7890f-3955-11ef-801c-ab397f561917",NA,NA,1973,"3/16/1974","5c310f6a-3960-11ef-a003-7b2e16e5ffcd","home","Polizei SV Hannover","VfL Gummersbach",18,27,FALSE,0,NA,NA,0,0,0,NA,0,0,0,0,0,0,NA,NA,NA,NA,NA,NA,NA,NA,0,0,0,0,NA,NA,NA,NA,NA
"Heiner Brand","44e82d45-3955-11ef-bc71-4fa817cd91bb",NA,NA,1973,"3/16/1974","5c310f6a-3960-11ef-a003-7b2e16e5ffcd","away","VfL Gummersbach","Polizei SV Hannover",27,18,TRUE,2,NA,NA,0,0,0,NA,0,0,0,0,0,0,NA,NA,NA,NA,NA,NA,NA,NA,0,0,0,0,NA,NA,NA,NA,NA
"Valentin Markser","7f461519-3955-11ef-a1f6-b908c60af10a",NA,NA,1973,"3/16/1974","5c310f6a-3960-11ef-a003-7b2e16e5ffcd","away","VfL Gummersbach","Polizei SV Hannover",27,18,TRUE,0,NA,NA,0,0,0,NA,0,0,0,0,0,0,NA,NA,NA,NA,NA,NA,NA,NA,0,0,0,0,NA,NA,NA,NA,NA
"Klaus Westebbe","8c58f63a-3955-11ef-b65e-81dc40648355",NA,NA,1973,"3/16/1974","5c310f6a-3960-11ef-a003-7b2e16e5ffcd","away","VfL Gummersbach","Polizei SV Hannover",27,18,TRUE,8,NA,NA,0,0,4,NA,0,0,0,0,0,0,NA,NA,NA,NA,NA,NA,NA,NA,0,0,0,0,NA,NA,NA,NA,NA
"Klaus Schlagheck","97a06613-3955-11ef-8056-292be3190b7b",NA,NA,1973,"3/16/1974","5c310f6a-3960-11ef-a003-7b2e16e5ffcd","away","VfL Gummersbach","Polizei SV Hannover",27,18,TRUE,2,NA,NA,0,0,0,NA,0,0,0,0,0,0,NA,NA,NA,NA,NA,NA,NA,NA,0,0,0,0,NA,NA,NA,NA,NA
"Joachim Deckarm","9976945f-3955-11ef-afc4-292be3190b7b",NA,NA,1973,"3/16/1974","5c310f6a-3960-11ef-a003-7b2e16e5ffcd","away","VfL Gummersbach","Polizei SV Hannover",27,18,TRUE,3,NA,NA,0,0,0,NA,0,0,0,0,0,0,NA,NA,NA,NA,NA,NA,NA,NA,0,0,0,0,NA,NA,NA,NA,NA
"Achim Henseler","a182e874-3955-11ef-95ce-2510cc07ea6e",NA,NA,1973,"3/16/1974","5c310f6a-3960-11ef-a003-7b2e16e5ffcd","away","VfL Gummersbach","Polizei SV Hannover",27,18,TRUE,1,NA,NA,0,0,0,NA,0,0,0,0,0,0,NA,NA,NA,NA,NA,NA,NA,NA,0,0,0,0,NA,NA,NA,NA,NA
"Jochen Feldhoff","a32751a5-3955-11ef-badf-2510cc07ea6e",NA,NA,1973,"3/16/1974","5c310f6a-3960-11ef-a003-7b2e16e5ffcd","away","VfL Gummersbach","Polizei SV Hannover",27,18,TRUE,4,NA,NA,0,0,0,NA,0,0,0,0,0,0,NA,NA,NA,NA,NA,NA,NA,NA,0,0,0,0,NA,NA,NA,NA,NA
"Werner Lettgen","ae263c3c-3955-11ef-96f7-a36230ada079",NA,NA,1973,"3/16/1974","5c310f6a-3960-11ef-a003-7b2e16e5ffcd","away","VfL Gummersbach","Polizei SV Hannover",27,18,TRUE,0,NA,NA,0,0,0,NA,0,0,0,0,0,0,NA,NA,NA,NA,NA,NA,NA,NA,0,0,0,0,NA,NA,NA,NA,NA
"Hans-Günther Schmidt","aff5702f-3955-11ef-9878-a36230ada079",NA,NA,1973,"3/16/1974","5c310f6a-3960-11ef-a003-7b2e16e5ffcd","away","VfL Gummersbach","Polizei SV Hannover",27,18,TRUE,7,NA,NA,0,0,1,NA,0,0,0,0,0,0,NA,NA,NA,NA,NA,NA,NA,NA,0,0,0,0,NA,NA,NA,NA,NA
"Jochen Brand","ba44375c-3955-11ef-a5d6-ab397f561917",NA,NA,1973,"3/16/1974","5c310f6a-3960-11ef-a003-7b2e16e5ffcd","away","VfL Gummersbach","Polizei SV Hannover",27,18,TRUE,0,NA,NA,0,0,0,NA,0,0,0,0,0,0,NA,NA,NA,NA,NA,NA,NA,NA,0,0,0,0,NA,NA,NA,NA,NA
"Helmut Kosmehl","bc7d7cdd-3955-11ef-a338-ab397f561917",NA,NA,1973,"3/16/1974","5c310f6a-3960-11ef-a003-7b2e16e5ffcd","away","VfL Gummersbach","Polizei SV Hannover",27,18,TRUE,0,NA,NA,0,0,0,NA,0,0,0,0,0,0,NA,NA,NA,NA,NA,NA,NA,NA,0,0,0,0,NA,NA,NA,NA,NA
"Peter Pickel","8c973b42-3955-11ef-8c71-81dc40648355",NA,NA,1973,"3/16/1974","5e46817a-3960-11ef-a8e7-7b2e16e5ffcd","home","Hamburger SV","SC Phönix Essen 1920",14,13,TRUE,5,NA,NA,0,0,2,NA,0,0,0,0,0,0,NA,NA,NA,NA,NA,NA,NA,NA,0,0,0,0,NA,NA,NA,NA,NA
"Hans-Jürgen Bode","b011e6da-3955-11ef-8205-a36230ada079",NA,NA,1973,"3/16/1974","5e46817a-3960-11ef-a8e7-7b2e16e5ffcd","home","Hamburger SV","SC Phönix Essen 1920",14,13,TRUE,0,NA,NA,0,0,0,NA,0,0,0,0,0,0,NA,NA,NA,NA,NA,NA,NA,NA,0,0,0,0,NA,NA,NA,NA,NA
"Rainer Witt","b02adaad-3955-11ef-b8c4-a36230ada079",NA,NA,1973,"3/16/1974","5e46817a-3960-11ef-a8e7-7b2e16e5ffcd","home","Hamburger SV","SC Phönix Essen 1920",14,13,TRUE,0,NA,NA,0,0,0,NA,0,0,0,0,0,0,NA,NA,NA,NA,NA,NA,NA,NA,0,0,0,0,NA,NA,NA,NA,NA
"Jens Ivers","b02f4aea-3955-11ef-801e-a36230ada079",NA,NA,1973,"3/16/1974","5e46817a-3960-11ef-a8e7-7b2e16e5ffcd","home","Hamburger SV","SC Phönix Essen 1920",14,13,TRUE,1,NA,NA,0,0,0,NA,0,0,0,0,0,0,NA,NA,NA,NA,NA,NA,NA,NA,0,0,0,0,NA,NA,NA,NA,NA
"Hans-Joachim Beißel","b0341bcb-3955-11ef-9e08-a36230ada079",NA,NA,1973,"3/16/1974","5e46817a-3960-11ef-a8e7-7b2e16e5ffcd","home","Hamburger SV","SC Phönix Essen 1920",14,13,TRUE,6,NA,NA,0,0,0,NA,0,0,0,0,0,0,NA,NA,NA,NA,NA,NA,NA,NA,0,0,0,0,NA,NA,NA,NA,NA
"Klaus Porepp","b0396b18-3955-11ef-b5cf-a36230ada079",NA,NA,1973,"3/16/1974","5e46817a-3960-11ef-a8e7-7b2e16e5ffcd","home","Hamburger SV","SC Phönix Essen 1920",14,13,TRUE,1,NA,NA,0,0,0,NA,0,0,0,0,0,0,NA,NA,NA,NA,NA,NA,NA,NA,0,0,0,0,NA,NA,NA,NA,NA
"Norbert Germer","b03f8101-3955-11ef-8945-a36230ada079",NA,NA,1973,"3/16/1974","5e46817a-3960-11ef-a8e7-7b2e16e5ffcd","home","Hamburger SV","SC Phönix Essen 1920",14,13,TRUE,0,NA,NA,0,0,0,NA,0,0,0,0,0,0,NA,NA,NA,NA,NA,NA,NA,NA,0,0,0,0,NA,NA,NA,NA,NA
"Uwe Tesloff","b049ae56-3955-11ef-a5f7-a36230ada079",NA,NA,1973,"3/16/1974","5e46817a-3960-11ef-a8e7-7b2e16e5ffcd","home","Hamburger SV","SC Phönix Essen 1920",14,13,TRUE,0,NA,NA,0,0,0,NA,0,0,0,0,0,0,NA,NA,NA,NA,NA,NA,NA,NA,0,0,0,0,NA,NA,NA,NA,NA
"Kai Dollmann","ba71bf5c-3955-11ef-bf36-ab397f561917",NA,NA,1973,"3/16/1974","5e46817a-3960-11ef-a8e7-7b2e16e5ffcd","home","Hamburger SV","SC Phönix Essen 1920",14,13,TRUE,0,NA,NA,0,0,0,NA,0,0,0,0,0,0,NA,NA,NA,NA,NA,NA,NA,NA,0,0,0,0,NA,NA,NA,NA,NA
"Rüdiger Heß","bd122db8-3955-11ef-9b21-ab397f561917",NA,NA,1973,"3/16/1974","5e46817a-3960-11ef-a8e7-7b2e16e5ffcd","home","Hamburger SV","SC Phönix Essen 1920",14,13,TRUE,1,NA,NA,0,0,0,NA,0,0,0,0,0,0,NA,NA,NA,NA,NA,NA,NA,NA,0,0,0,0,NA,NA,NA,NA,NA
"Karsten Sick","bd16289b-3955-11ef-9343-ab397f561917",NA,NA,1973,"3/16/1974","5e46817a-3960-11ef-a8e7-7b2e16e5ffcd","home","Hamburger SV","SC Phönix Essen 1920",14,13,TRUE,0,NA,NA,0,0,0,NA,0,0,0,0,0,0,NA,NA,NA,NA,NA,NA,NA,NA,0,0,0,0,NA,NA,NA,NA,NA
"Ulrich Eikermann","73a211c9-3955-11ef-8f8f-51fdf2a82730",NA,NA,1973,"3/16/1974","5e46817a-3960-11ef-a8e7-7b2e16e5ffcd","away","SC Phönix Essen 1920","Hamburger SV",13,14,FALSE,5,NA,NA,0,0,0,NA,0,0,0,0,0,0,NA,NA,NA,NA,NA,NA,NA,NA,0,0,0,0,NA,NA,NA,NA,NA
"Horst Weise","8df6e46b-3955-11ef-9ec8-81dc40648355",NA,NA,1973,"3/16/1974","5e46817a-3960-11ef-a8e7-7b2e16e5ffcd","away","SC Phönix Essen 1920","Hamburger SV",13,14,FALSE,1,NA,NA,0,0,0,NA,0,0,0,0,0,0,NA,NA,NA,NA,NA,NA,NA,NA,0,0,0,0,NA,NA,NA,NA,NA
"Ralf Hamann","a28aa62f-3955-11ef-9677-2510cc07ea6e",NA,NA,1973,"3/16/1974","5e46817a-3960-11ef-a8e7-7b2e16e5ffcd","away","SC Phönix Essen 1920","Hamburger SV",13,14,FALSE,0,NA,NA,0,0,0,NA,0,0,0,0,0,0,NA,NA,NA,NA,NA,NA,NA,NA,0,0,0,0,NA,NA,NA,NA,NA
"Werner Kühn","a5a83923-3955-11ef-abc5-2510cc07ea6e",NA,NA,1973,"3/16/1974","5e46817a-3960-11ef-a8e7-7b2e16e5ffcd","away","SC Phönix Essen 1920","Hamburger SV",13,14,FALSE,1,NA,NA,0,0,0,NA,0,0,0,0,0,0,NA,NA,NA,NA,NA,NA,NA,NA,0,0,0,0,NA,NA,NA,NA,NA
"Heinz Oberscheidt","a5ae94f2-3955-11ef-91fc-2510cc07ea6e",NA,NA,1973,"3/16/1974","5e46817a-3960-11ef-a8e7-7b2e16e5ffcd","away","SC Phönix Essen 1920","Hamburger SV",13,14,FALSE,2,NA,NA,0,0,2,NA,0,0,0,0,0,0,NA,NA,NA,NA,NA,NA,NA,NA,0,0,0,0,NA,NA,NA,NA,NA
"Werner Jeckstedt","a5bb8d23-3955-11ef-8362-2510cc07ea6e",NA,NA,1973,"3/16/1974","5e46817a-3960-11ef-a8e7-7b2e16e5ffcd","away","SC Phönix Essen 1920","Hamburger SV",13,14,FALSE,0,NA,NA,0,0,0,NA,0,0,0,0,0,0,NA,NA,NA,NA,NA,NA,NA,NA,0,0,0,0,NA,NA,NA,NA,NA
"Dietmar Dohm","a5c15139-3955-11ef-9adf-2510cc07ea6e",NA,NA,1973,"3/16/1974","5e46817a-3960-11ef-a8e7-7b2e16e5ffcd","away","SC Phönix Essen 1920","Hamburger SV",13,14,FALSE,1,NA,NA,0,0,0,NA,0,0,0,0,0,0,NA,NA,NA,NA,NA,NA,NA,NA,0,0,0,0,NA,NA,NA,NA,NA
"Ingo Callies","b0b0659b-3955-11ef-87aa-a36230ada079",NA,NA,1973,"3/16/1974","5e46817a-3960-11ef-a8e7-7b2e16e5ffcd","away","SC Phönix Essen 1920","Hamburger SV",13,14,FALSE,1,NA,NA,0,0,0,NA,0,0,0,0,0,0,NA,NA,NA,NA,NA,NA,NA,NA,0,0,0,0,NA,NA,NA,NA,NA
"Norbert Kroker","bd441662-3955-11ef-b771-ab397f561917",NA,NA,1973,"3/16/1974","5e46817a-3960-11ef-a8e7-7b2e16e5ffcd","away","SC Phönix Essen 1920","Hamburger SV",13,14,FALSE,2,NA,NA,0,0,1,NA,0,0,0,0,0,0,NA,NA,NA,NA,NA,NA,NA,NA,0,0,0,0,NA,NA,NA,NA,NA
"Rainer Hill","bd56ea43-3955-11ef-a0dc-ab397f561917",NA,NA,1973,"3/16/1974","5e46817a-3960-11ef-a8e7-7b2e16e5ffcd","away","SC Phönix Essen 1920","Hamburger SV",13,14,FALSE,0,NA,NA,0,0,0,NA,0,0,0,0,0,0,NA,NA,NA,NA,NA,NA,NA,NA,0,0,0,0,NA,NA,NA,NA,NA
"Dietmar Balkenhol","8dfc784e-3955-11ef-b459-81dc40648355",NA,NA,1973,"3/16/1974","670af684-3960-11ef-b51f-2906cc9fb6bc","home","TuSEM Essen","Füchse Berlin",13,20,FALSE,3,NA,NA,0,0,0,NA,0,0,0,0,0,0,NA,NA,NA,NA,NA,NA,NA,NA,0,0,0,0,NA,NA,NA,NA,NA
"Gerhard Wrobel","ae4fc714-3955-11ef-a106-a36230ada079",NA,NA,1973,"3/16/1974","670af684-3960-11ef-b51f-2906cc9fb6bc","home","TuSEM Essen","Füchse Berlin",13,20,FALSE,2,NA,NA,0,0,0,NA,0,0,0,0,0,0,NA,NA,NA,NA,NA,NA,NA,NA,0,0,0,0,NA,NA,NA,NA,NA
"Herbert Buschmann","bd5ac595-3955-11ef-97f0-ab397f561917",NA,NA,1973,"3/16/1974","670af684-3960-11ef-b51f-2906cc9fb6bc","home","TuSEM Essen","Füchse Berlin",13,20,FALSE,0,NA,NA,0,0,0,NA,0,0,0,0,0,0,NA,NA,NA,NA,NA,NA,NA,NA,0,0,0,0,NA,NA,NA,NA,NA
"Bernd Weigel","bd601a58-3955-11ef-8511-ab397f561917",NA,NA,1973,"3/16/1974","670af684-3960-11ef-b51f-2906cc9fb6bc","home","TuSEM Essen","Füchse Berlin",13,20,FALSE,0,NA,NA,0,0,0,NA,0,0,0,0,0,0,NA,NA,NA,NA,NA,NA,NA,NA,0,0,0,0,NA,NA,NA,NA,NA
"Peter Venzke","bd6b12a9-3955-11ef-af21-ab397f561917",NA,NA,1973,"3/16/1974","670af684-3960-11ef-b51f-2906cc9fb6bc","home","TuSEM Essen","Füchse Berlin",13,20,FALSE,1,NA,NA,0,0,0,NA,0,0,0,0,0,0,NA,NA,NA,NA,NA,NA,NA,NA,0,0,0,0,NA,NA,NA,NA,NA
"Klaus Schäfer","bd6f7a4d-3955-11ef-9f92-ab397f561917",NA,NA,1973,"3/16/1974","670af684-3960-11ef-b51f-2906cc9fb6bc","home","TuSEM Essen","Füchse Berlin",13,20,FALSE,1,NA,NA,0,0,0,NA,0,0,0,0,0,0,NA,NA,NA,NA,NA,NA,NA,NA,0,0,0,0,NA,NA,NA,NA,NA
"Gerhard Schmidt","bd78314d-3955-11ef-8668-ab397f561917",NA,NA,1973,"3/16/1974","670af684-3960-11ef-b51f-2906cc9fb6bc","home","TuSEM Essen","Füchse Berlin",13,20,FALSE,1,NA,NA,0,0,0,NA,0,0,0,0,0,0,NA,NA,NA,NA,NA,NA,NA,NA,0,0,0,0,NA,NA,NA,NA,NA
"Manfred Benning","bd7cb1bd-3955-11ef-883f-ab397f561917",NA,NA,1973,"3/16/1974","670af684-3960-11ef-b51f-2906cc9fb6bc","home","TuSEM Essen","Füchse Berlin",13,20,FALSE,1,NA,NA,0,0,0,NA,0,0,0,0,0,0,NA,NA,NA,NA,NA,NA,NA,NA,0,0,0,0,NA,NA,NA,NA,NA
"Alojz Snedić","bd80daac-3955-11ef-a8ab-ab397f561917",NA,NA,1973,"3/16/1974","670af684-3960-11ef-b51f-2906cc9fb6bc","home","TuSEM Essen","Füchse Berlin",13,20,FALSE,2,NA,NA,0,0,0,NA,0,0,0,0,0,0,NA,NA,NA,NA,NA,NA,NA,NA,0,0,0,0,NA,NA,NA,NA,NA
"Peter Fischer","bd861af2-3955-11ef-a655-ab397f561917",NA,NA,1973,"3/16/1974","670af684-3960-11ef-b51f-2906cc9fb6bc","home","TuSEM Essen","Füchse Berlin",13,20,FALSE,0,NA,NA,0,0,0,NA,0,0,0,0,0,0,NA,NA,NA,NA,NA,NA,NA,NA,0,0,0,0,NA,NA,NA,NA,NA
"Wolfgang Schütte","bd8b9463-3955-11ef-84e4-ab397f561917",NA,NA,1973,"3/16/1974","670af684-3960-11ef-b51f-2906cc9fb6bc","home","TuSEM Essen","Füchse Berlin",13,20,FALSE,1,NA,NA,0,0,0,NA,0,0,0,0,0,0,NA,NA,NA,NA,NA,NA,NA,NA,0,0,0,0,NA,NA,NA,NA,NA
"Peter Meuter","bd905293-3955-11ef-a264-ab397f561917",NA,NA,1973,"3/16/1974","670af684-3960-11ef-b51f-2906cc9fb6bc","home","TuSEM Essen","Füchse Berlin",13,20,FALSE,1,NA,NA,0,0,1,NA,0,0,0,0,0,0,NA,NA,NA,NA,NA,NA,NA,NA,0,0,0,0,NA,NA,NA,NA,NA
"Horst Rampp","8c760463-3955-11ef-b11d-81dc40648355",NA,NA,1973,"3/16/1974","670af684-3960-11ef-b51f-2906cc9fb6bc","away","Füchse Berlin","TuSEM Essen",20,13,TRUE,0,NA,NA,0,0,0,NA,0,0,0,0,0,0,NA,NA,NA,NA,NA,NA,NA,NA,0,0,0,0,NA,NA,NA,NA,NA
"Hartmut Alsen","a5dc4676-3955-11ef-ac19-2510cc07ea6e",NA,NA,1973,"3/16/1974","670af684-3960-11ef-b51f-2906cc9fb6bc","away","Füchse Berlin","TuSEM Essen",20,13,TRUE,1,NA,NA,0,0,0,NA,0,0,0,0,0,0,NA,NA,NA,NA,NA,NA,NA,NA,0,0,0,0,NA,NA,NA,NA,NA
"Diethard Finkelmann","a60bdcf9-3955-11ef-bfa1-2510cc07ea6e",NA,NA,1973,"3/16/1974","670af684-3960-11ef-b51f-2906cc9fb6bc","away","Füchse Berlin","TuSEM Essen",20,13,TRUE,3,NA,NA,0,0,0,NA,0,0,0,0,0,0,NA,NA,NA,NA,NA,NA,NA,NA,0,0,0,0,NA,NA,NA,NA,NA
"Jochen Oermann","b193e84b-3955-11ef-bdbf-a36230ada079",NA,NA,1973,"3/16/1974","670af684-3960-11ef-b51f-2906cc9fb6bc","away","Füchse Berlin","TuSEM Essen",20,13,TRUE,0,NA,NA,0,0,0,NA,0,0,0,0,0,0,NA,NA,NA,NA,NA,NA,NA,NA,0,0,0,0,NA,NA,NA,NA,NA
"Jürgen Otto","b19e3d71-3955-11ef-85da-a36230ada079",NA,NA,1973,"3/16/1974","670af684-3960-11ef-b51f-2906cc9fb6bc","away","Füchse Berlin","TuSEM Essen",20,13,TRUE,1,NA,NA,0,0,0,NA,0,0,0,0,0,0,NA,NA,NA,NA,NA,NA,NA,NA,0,0,0,0,NA,NA,NA,NA,NA
"Detlef Finkelmann","b1a8f927-3955-11ef-a009-a36230ada079",NA,NA,1973,"3/16/1974","670af684-3960-11ef-b51f-2906cc9fb6bc","away","Füchse Berlin","TuSEM Essen",20,13,TRUE,4,NA,NA,0,0,0,NA,0,0,0,0,0,0,NA,NA,NA,NA,NA,NA,NA,NA,0,0,0,0,NA,NA,NA,NA,NA
"Bernd Goerigk","b1b21b0c-3955-11ef-a303-a36230ada079",NA,NA,1973,"3/16/1974","670af684-3960-11ef-b51f-2906cc9fb6bc","away","Füchse Berlin","TuSEM Essen",20,13,TRUE,0,NA,NA,0,0,0,NA,0,0,0,0,0,0,NA,NA,NA,NA,NA,NA,NA,NA,0,0,0,0,NA,NA,NA,NA,NA
"Lutz Loewke","b1b73b08-3955-11ef-b76a-a36230ada079",NA,NA,1973,"3/16/1974","670af684-3960-11ef-b51f-2906cc9fb6bc","away","Füchse Berlin","TuSEM Essen",20,13,TRUE,4,NA,NA,0,0,2,NA,0,0,0,0,0,0,NA,NA,NA,NA,NA,NA,NA,NA,0,0,0,0,NA,NA,NA,NA,NA
"Werner Reinke","b1bc1a3c-3955-11ef-8a0a-a36230ada079",NA,NA,1973,"3/16/1974","670af684-3960-11ef-b51f-2906cc9fb6bc","away","Füchse Berlin","TuSEM Essen",20,13,TRUE,1,NA,NA,0,0,0,NA,0,0,0,0,0,0,NA,NA,NA,NA,NA,NA,NA,NA,0,0,0,0,NA,NA,NA,NA,NA
"Sigmar Artelt","bdbc9392-3955-11ef-a3be-ab397f561917",NA,NA,1973,"3/16/1974","670af684-3960-11ef-b51f-2906cc9fb6bc","away","Füchse Berlin","TuSEM Essen",20,13,TRUE,2,NA,NA,0,0,0,NA,0,0,0,0,0,0,NA,NA,NA,NA,NA,NA,NA,NA,0,0,0,0,NA,NA,NA,NA,NA
"Henry Johannes","bdc98fce-3955-11ef-9f6e-ab397f561917",NA,NA,1973,"3/16/1974","670af684-3960-11ef-b51f-2906cc9fb6bc","away","Füchse Berlin","TuSEM Essen",20,13,TRUE,3,NA,NA,0,0,0,NA,0,0,0,0,0,0,NA,NA,NA,NA,NA,NA,NA,NA,0,0,0,0,NA,NA,NA,NA,NA
"Horst Waisznor","bdce772f-3955-11ef-a781-ab397f561917",NA,NA,1973,"3/16/1974","670af684-3960-11ef-b51f-2906cc9fb6bc","away","Füchse Berlin","TuSEM Essen",20,13,TRUE,1,NA,NA,0,0,0,NA,0,0,0,0,0,0,NA,NA,NA,NA,NA,NA,NA,NA,0,0,0,0,NA,NA,NA,NA,NA
"Wolfgang Sommerfeld","74c0be88-3955-11ef-89fd-51fdf2a82730",NA,NA,1973,"3/16/1974","6b3290ee-3960-11ef-86f2-2906cc9fb6bc","home","TSV Milbertshofen","TSV 1896 Rintheim",18,12,TRUE,1,NA,NA,0,0,0,NA,0,0,0,0,0,0,NA,NA,NA,NA,NA,NA,NA,NA,0,0,0,0,NA,NA,NA,NA,NA
"Udo Böbel","80d4ba37-3955-11ef-9d8b-b908c60af10a",NA,NA,1973,"3/16/1974","6b3290ee-3960-11ef-86f2-2906cc9fb6bc","home","TSV Milbertshofen","TSV 1896 Rintheim",18,12,TRUE,0,NA,NA,0,0,0,NA,0,0,0,0,0,0,NA,NA,NA,NA,NA,NA,NA,NA,0,0,0,0,NA,NA,NA,NA,NA
"Peter Jaschke","8b728782-3955-11ef-8da6-81dc40648355",NA,NA,1973,"3/16/1974","6b3290ee-3960-11ef-86f2-2906cc9fb6bc","home","TSV Milbertshofen","TSV 1896 Rintheim",18,12,TRUE,0,NA,NA,0,0,0,NA,0,0,0,0,0,0,NA,NA,NA,NA,NA,NA,NA,NA,0,0,0,0,NA,NA,NA,NA,NA
"Werner Winkelmeier","9712104e-3955-11ef-9613-292be3190b7b",NA,NA,1973,"3/16/1974","6b3290ee-3960-11ef-86f2-2906cc9fb6bc","home","TSV Milbertshofen","TSV 1896 Rintheim",18,12,TRUE,4,NA,NA,0,0,0,NA,0,0,0,0,0,0,NA,NA,NA,NA,NA,NA,NA,NA,0,0,0,0,NA,NA,NA,NA,NA
"Gerhard Ochsenkühn","97259ed1-3955-11ef-96ca-292be3190b7b",NA,NA,1973,"3/16/1974","6b3290ee-3960-11ef-86f2-2906cc9fb6bc","home","TSV Milbertshofen","TSV 1896 Rintheim",18,12,TRUE,2,NA,NA,0,0,0,NA,0,0,0,0,0,0,NA,NA,NA,NA,NA,NA,NA,NA,0,0,0,0,NA,NA,NA,NA,NA
"Josef Kiener","972d7d47-3955-11ef-a437-292be3190b7b",NA,NA,1973,"3/16/1974","6b3290ee-3960-11ef-86f2-2906cc9fb6bc","home","TSV Milbertshofen","TSV 1896 Rintheim",18,12,TRUE,4,NA,NA,0,0,4,NA,0,0,0,0,0,0,NA,NA,NA,NA,NA,NA,NA,NA,0,0,0,0,NA,NA,NA,NA,NA
"Rudolf Dobler","97ac407c-3955-11ef-9ea9-292be3190b7b",NA,NA,1973,"3/16/1974","6b3290ee-3960-11ef-86f2-2906cc9fb6bc","home","TSV Milbertshofen","TSV 1896 Rintheim",18,12,TRUE,2,NA,NA,0,0,0,NA,0,0,0,0,0,0,NA,NA,NA,NA,NA,NA,NA,NA,0,0,0,0,NA,NA,NA,NA,NA
"Jochen Heyne","b1c06894-3955-11ef-ab50-a36230ada079",NA,NA,1973,"3/16/1974","6b3290ee-3960-11ef-86f2-2906cc9fb6bc","home","TSV Milbertshofen","TSV 1896 Rintheim",18,12,TRUE,1,NA,NA,0,0,0,NA,0,0,0,0,0,0,NA,NA,NA,NA,NA,NA,NA,NA,0,0,0,0,NA,NA,NA,NA,NA
"Helmut Schelchshorn","b1c960ef-3955-11ef-850b-a36230ada079",NA,NA,1973,"3/16/1974","6b3290ee-3960-11ef-86f2-2906cc9fb6bc","home","TSV Milbertshofen","TSV 1896 Rintheim",18,12,TRUE,2,NA,NA,0,0,0,NA,0,0,0,0,0,0,NA,NA,NA,NA,NA,NA,NA,NA,0,0,0,0,NA,NA,NA,NA,NA
"Axel Pohl","bc16faf2-3955-11ef-a768-ab397f561917",NA,NA,1973,"3/16/1974","6b3290ee-3960-11ef-86f2-2906cc9fb6bc","home","TSV Milbertshofen","TSV 1896 Rintheim",18,12,TRUE,1,NA,NA,0,0,0,NA,0,0,0,0,0,0,NA,NA,NA,NA,NA,NA,NA,NA,0,0,0,0,NA,NA,NA,NA,NA
"Peter Feddern","bc1b1b3e-3955-11ef-9c4e-ab397f561917",NA,NA,1973,"3/16/1974","6b3290ee-3960-11ef-86f2-2906cc9fb6bc","home","TSV Milbertshofen","TSV 1896 Rintheim",18,12,TRUE,1,NA,NA,0,0,0,NA,0,0,0,0,0,0,NA,NA,NA,NA,NA,NA,NA,NA,0,0,0,0,NA,NA,NA,NA,NA
"Manfred Schulz","8bc2b5ea-3955-11ef-8d03-81dc40648355",NA,NA,1973,"3/16/1974","6b3290ee-3960-11ef-86f2-2906cc9fb6bc","away","TSV 1896 Rintheim","TSV Milbertshofen",12,18,FALSE,0,NA,NA,0,0,0,NA,0,0,0,0,0,0,NA,NA,NA,NA,NA,NA,NA,NA,0,0,0,0,NA,NA,NA,NA,NA
"Wolf-Dieter Nagel","8d41486b-3955-11ef-8d22-81dc40648355",NA,NA,1973,"3/16/1974","6b3290ee-3960-11ef-86f2-2906cc9fb6bc","away","TSV 1896 Rintheim","TSV Milbertshofen",12,18,FALSE,6,NA,NA,0,0,3,NA,0,0,0,0,0,0,NA,NA,NA,NA,NA,NA,NA,NA,0,0,0,0,NA,NA,NA,NA,NA
"Franz Bechler","98035d7e-3955-11ef-8b94-292be3190b7b",NA,NA,1973,"3/16/1974","6b3290ee-3960-11ef-86f2-2906cc9fb6bc","away","TSV 1896 Rintheim","TSV Milbertshofen",12,18,FALSE,4,NA,NA,0,0,0,NA,0,0,0,0,0,0,NA,NA,NA,NA,NA,NA,NA,NA,0,0,0,0,NA,NA,NA,NA,NA
"Wilfried Job","af3ed007-3955-11ef-9184-a36230ada079",NA,NA,1973,"3/16/1974","6b3290ee-3960-11ef-86f2-2906cc9fb6bc","away","TSV 1896 Rintheim","TSV Milbertshofen",12,18,FALSE,0,NA,NA,0,0,0,NA,0,0,0,0,0,0,NA,NA,NA,NA,NA,NA,NA,NA,0,0,0,0,NA,NA,NA,NA,NA
"Claus Erles","af42e492-3955-11ef-a26e-a36230ada079",NA,NA,1973,"3/16/1974","6b3290ee-3960-11ef-86f2-2906cc9fb6bc","away","TSV 1896 Rintheim","TSV Milbertshofen",12,18,FALSE,0,NA,NA,0,0,0,NA,0,0,0,0,0,0,NA,NA,NA,NA,NA,NA,NA,NA,0,0,0,0,NA,NA,NA,NA,NA
"Peter Maier","af4e0d17-3955-11ef-8763-a36230ada079",NA,NA,1973,"3/16/1974","6b3290ee-3960-11ef-86f2-2906cc9fb6bc","away","TSV 1896 Rintheim","TSV Milbertshofen",12,18,FALSE,0,NA,NA,0,0,0,NA,0,0,0,0,0,0,NA,NA,NA,NA,NA,NA,NA,NA,0,0,0,0,NA,NA,NA,NA,NA
"Bernd Seibel","bc6670d9-3955-11ef-b849-ab397f561917",NA,NA,1973,"3/16/1974","6b3290ee-3960-11ef-86f2-2906cc9fb6bc","away","TSV 1896 Rintheim","TSV Milbertshofen",12,18,FALSE,0,NA,NA,0,0,0,NA,0,0,0,0,0,0,NA,NA,NA,NA,NA,NA,NA,NA,0,0,0,0,NA,NA,NA,NA,NA
"Wolfgang Dillenberger","bc6a40c8-3955-11ef-8c9f-ab397f561917",NA,NA,1973,"3/16/1974","6b3290ee-3960-11ef-86f2-2906cc9fb6bc","away","TSV 1896 Rintheim","TSV Milbertshofen",12,18,FALSE,2,NA,NA,0,0,1,NA,0,0,0,0,0,0,NA,NA,NA,NA,NA,NA,NA,NA,0,0,0,0,NA,NA,NA,NA,NA
"Heiner Dahm","c6e59e4f-3955-11ef-b407-157c9bc18a5f",NA,NA,1973,"3/16/1974","6b3290ee-3960-11ef-86f2-2906cc9fb6bc","away","TSV 1896 Rintheim","TSV Milbertshofen",12,18,FALSE,0,NA,NA,0,0,0,NA,0,0,0,0,0,0,NA,NA,NA,NA,NA,NA,NA,NA,0,0,0,0,NA,NA,NA,NA,NA
"Richard Baumer","c6e9de45-3955-11ef-b5bf-157c9bc18a5f",NA,NA,1973,"3/16/1974","6b3290ee-3960-11ef-86f2-2906cc9fb6bc","away","TSV 1896 Rintheim","TSV Milbertshofen",12,18,FALSE,0,NA,NA,0,0,0,NA,0,0,0,0,0,0,NA,NA,NA,NA,NA,NA,NA,NA,0,0,0,0,NA,NA,NA,NA,NA
"Norbert Fraundorff","c6ee0a91-3955-11ef-aabd-157c9bc18a5f",NA,NA,1973,"3/16/1974","6b3290ee-3960-11ef-86f2-2906cc9fb6bc","away","TSV 1896 Rintheim","TSV Milbertshofen",12,18,FALSE,0,NA,NA,0,0,0,NA,0,0,0,0,0,0,NA,NA,NA,NA,NA,NA,NA,NA,0,0,0,0,NA,NA,NA,NA,NA
"Karl-Heinz Schulz","72847241-3955-11ef-8bd4-51fdf2a82730",NA,NA,1973,"3/23/1974","5d6a5753-3960-11ef-a3b1-7b2e16e5ffcd","home","TuS 05 Wellinghofen","GWD Minden",20,16,TRUE,0,NA,NA,0,0,0,NA,0,0,0,0,0,0,NA,NA,NA,NA,NA,NA,NA,NA,0,0,0,0,NA,NA,NA,NA,NA
"Heiner Möller","8d7571e4-3955-11ef-b1d3-81dc40648355",NA,NA,1973,"3/23/1974","5d6a5753-3960-11ef-a3b1-7b2e16e5ffcd","home","TuS 05 Wellinghofen","GWD Minden",20,16,TRUE,5,NA,NA,0,0,0,NA,0,0,0,0,0,0,NA,NA,NA,NA,NA,NA,NA,NA,0,0,0,0,NA,NA,NA,NA,NA
"Hans-Peter Neuhaus","8d9d3887-3955-11ef-80a3-81dc40648355",NA,NA,1973,"3/23/1974","5d6a5753-3960-11ef-a3b1-7b2e16e5ffcd","home","TuS 05 Wellinghofen","GWD Minden",20,16,TRUE,4,NA,NA,0,0,0,NA,0,0,0,0,0,0,NA,NA,NA,NA,NA,NA,NA,NA,0,0,0,0,NA,NA,NA,NA,NA
"Karl-Heinz Nolde","a33d5c4a-3955-11ef-b577-2510cc07ea6e",NA,NA,1973,"3/23/1974","5d6a5753-3960-11ef-a3b1-7b2e16e5ffcd","home","TuS 05 Wellinghofen","GWD Minden",20,16,TRUE,0,NA,NA,0,0,0,NA,0,0,0,0,0,0,NA,NA,NA,NA,NA,NA,NA,NA,0,0,0,0,NA,NA,NA,NA,NA
"Rainer Gosewinkel","a4d61156-3955-11ef-8406-2510cc07ea6e",NA,NA,1973,"3/23/1974","5d6a5753-3960-11ef-a3b1-7b2e16e5ffcd","home","TuS 05 Wellinghofen","GWD Minden",20,16,TRUE,7,NA,NA,0,0,3,NA,0,0,0,0,0,0,NA,NA,NA,NA,NA,NA,NA,NA,0,0,0,0,NA,NA,NA,NA,NA
"Klaus Erwe","a4f54a19-3955-11ef-b48a-2510cc07ea6e",NA,NA,1973,"3/23/1974","5d6a5753-3960-11ef-a3b1-7b2e16e5ffcd","home","TuS 05 Wellinghofen","GWD Minden",20,16,TRUE,0,NA,NA,0,0,0,NA,0,0,0,0,0,0,NA,NA,NA,NA,NA,NA,NA,NA,0,0,0,0,NA,NA,NA,NA,NA
"Winfried Gabel","a521dedb-3955-11ef-a3bd-2510cc07ea6e",NA,NA,1973,"3/23/1974","5d6a5753-3960-11ef-a3b1-7b2e16e5ffcd","home","TuS 05 Wellinghofen","GWD Minden",20,16,TRUE,1,NA,NA,0,0,0,NA,0,0,0,0,0,0,NA,NA,NA,NA,NA,NA,NA,NA,0,0,0,0,NA,NA,NA,NA,NA
"Burkhard Gröning","a52c6e4f-3955-11ef-a576-2510cc07ea6e",NA,NA,1973,"3/23/1974","5d6a5753-3960-11ef-a3b1-7b2e16e5ffcd","home","TuS 05 Wellinghofen","GWD Minden",20,16,TRUE,3,NA,NA,0,0,0,NA,0,0,0,0,0,0,NA,NA,NA,NA,NA,NA,NA,NA,0,0,0,0,NA,NA,NA,NA,NA
"Klaus Tiews","a531838f-3955-11ef-8e99-2510cc07ea6e",NA,NA,1973,"3/23/1974","5d6a5753-3960-11ef-a3b1-7b2e16e5ffcd","home","TuS 05 Wellinghofen","GWD Minden",20,16,TRUE,0,NA,NA,0,0,0,NA,0,0,0,0,0,0,NA,NA,NA,NA,NA,NA,NA,NA,0,0,0,0,NA,NA,NA,NA,NA
"Ulrich Staege","b05c5beb-3955-11ef-a7d6-a36230ada079",NA,NA,1973,"3/23/1974","5d6a5753-3960-11ef-a3b1-7b2e16e5ffcd","home","TuS 05 Wellinghofen","GWD Minden",20,16,TRUE,0,NA,NA,0,0,0,NA,0,0,0,0,0,0,NA,NA,NA,NA,NA,NA,NA,NA,0,0,0,0,NA,NA,NA,NA,NA
"Hans-Jürgen Sengera","ba7fae8e-3955-11ef-80e4-ab397f561917",NA,NA,1973,"3/23/1974","5d6a5753-3960-11ef-a3b1-7b2e16e5ffcd","home","TuS 05 Wellinghofen","GWD Minden",20,16,TRUE,0,NA,NA,0,0,0,NA,0,0,0,0,0,0,NA,NA,NA,NA,NA,NA,NA,NA,0,0,0,0,NA,NA,NA,NA,NA
"Jürgen Pook","8c289b4b-3955-11ef-889f-81dc40648355",NA,NA,1973,"3/23/1974","5d6a5753-3960-11ef-a3b1-7b2e16e5ffcd","away","GWD Minden","TuS 05 Wellinghofen",16,20,FALSE,0,NA,NA,0,0,0,NA,0,0,0,0,0,0,NA,NA,NA,NA,NA,NA,NA,NA,0,0,0,0,NA,NA,NA,NA,NA
"Bernhard Busch","8dc9280f-3955-11ef-80e2-81dc40648355",NA,NA,1973,"3/23/1974","5d6a5753-3960-11ef-a3b1-7b2e16e5ffcd","away","GWD Minden","TuS 05 Wellinghofen",16,20,FALSE,8,NA,NA,0,0,1,NA,0,0,0,0,0,0,NA,NA,NA,NA,NA,NA,NA,NA,0,0,0,0,NA,NA,NA,NA,NA
"Gerd Becker","96f1e245-3955-11ef-80bc-292be3190b7b",NA,NA,1973,"3/23/1974","5d6a5753-3960-11ef-a3b1-7b2e16e5ffcd","away","GWD Minden","TuS 05 Wellinghofen",16,20,FALSE,1,NA,NA,0,0,0,NA,0,0,0,0,0,0,NA,NA,NA,NA,NA,NA,NA,NA,0,0,0,0,NA,NA,NA,NA,NA
"Gerald Schüler","96fc1532-3955-11ef-bddd-292be3190b7b",NA,NA,1973,"3/23/1974","5d6a5753-3960-11ef-a3b1-7b2e16e5ffcd","away","GWD Minden","TuS 05 Wellinghofen",16,20,FALSE,1,NA,NA,0,0,0,NA,0,0,0,0,0,0,NA,NA,NA,NA,NA,NA,NA,NA,0,0,0,0,NA,NA,NA,NA,NA
"Martin Karcher","980f80ce-3955-11ef-8054-292be3190b7b",NA,NA,1973,"3/23/1974","5d6a5753-3960-11ef-a3b1-7b2e16e5ffcd","away","GWD Minden","TuS 05 Wellinghofen",16,20,FALSE,0,NA,NA,0,0,0,NA,0,0,0,0,0,0,NA,NA,NA,NA,NA,NA,NA,NA,0,0,0,0,NA,NA,NA,NA,NA
"Gerhard Buddenbohm","98e2ecac-3955-11ef-b2de-292be3190b7b",NA,NA,1973,"3/23/1974","5d6a5753-3960-11ef-a3b1-7b2e16e5ffcd","away","GWD Minden","TuS 05 Wellinghofen",16,20,FALSE,0,NA,NA,0,0,0,NA,0,0,0,0,0,0,NA,NA,NA,NA,NA,NA,NA,NA,0,0,0,0,NA,NA,NA,NA,NA
"Hans Kramer","98f50290-3955-11ef-8aa8-292be3190b7b",NA,NA,1973,"3/23/1974","5d6a5753-3960-11ef-a3b1-7b2e16e5ffcd","away","GWD Minden","TuS 05 Wellinghofen",16,20,FALSE,0,NA,NA,0,0,0,NA,0,0,0,0,0,0,NA,NA,NA,NA,NA,NA,NA,NA,0,0,0,0,NA,NA,NA,NA,NA
"Wilfried Meyer","a34b2aa0-3955-11ef-a79c-2510cc07ea6e",NA,NA,1973,"3/23/1974","5d6a5753-3960-11ef-a3b1-7b2e16e5ffcd","away","GWD Minden","TuS 05 Wellinghofen",16,20,FALSE,0,NA,NA,0,0,0,NA,0,0,0,0,0,0,NA,NA,NA,NA,NA,NA,NA,NA,0,0,0,0,NA,NA,NA,NA,NA
"Jobst-Erich Rehse","b00be251-3955-11ef-ac35-a36230ada079",NA,NA,1973,"3/23/1974","5d6a5753-3960-11ef-a3b1-7b2e16e5ffcd","away","GWD Minden","TuS 05 Wellinghofen",16,20,FALSE,1,NA,NA,0,0,0,NA,0,0,0,0,0,0,NA,NA,NA,NA,NA,NA,NA,NA,0,0,0,0,NA,NA,NA,NA,NA
"Wilfried Drögemeier","ba63ada7-3955-11ef-a04d-ab397f561917",NA,NA,1973,"3/23/1974","5d6a5753-3960-11ef-a3b1-7b2e16e5ffcd","away","GWD Minden","TuS 05 Wellinghofen",16,20,FALSE,2,NA,NA,0,0,0,NA,0,0,0,0,0,0,NA,NA,NA,NA,NA,NA,NA,NA,0,0,0,0,NA,NA,NA,NA,NA
"Klaus Barlach","bcee5b38-3955-11ef-a026-ab397f561917",NA,NA,1973,"3/23/1974","5d6a5753-3960-11ef-a3b1-7b2e16e5ffcd","away","GWD Minden","TuS 05 Wellinghofen",16,20,FALSE,0,NA,NA,0,0,0,NA,0,0,0,0,0,0,NA,NA,NA,NA,NA,NA,NA,NA,0,0,0,0,NA,NA,NA,NA,NA
"Otto Weng","bcfbec1c-3955-11ef-b4f4-ab397f561917",NA,NA,1973,"3/23/1974","5d6a5753-3960-11ef-a3b1-7b2e16e5ffcd","away","GWD Minden","TuS 05 Wellinghofen",16,20,FALSE,3,NA,NA,0,0,1,NA,0,0,0,0,0,0,NA,NA,NA,NA,NA,NA,NA,NA,0,0,0,0,NA,NA,NA,NA,NA
"Peter Pickel","8c973b42-3955-11ef-8c71-81dc40648355",NA,NA,1973,"3/23/1974","5e555a8d-3960-11ef-b2be-7b2e16e5ffcd","home","Hamburger SV","Polizei SV Hannover",19,14,TRUE,5,NA,NA,0,0,5,NA,0,0,0,0,0,0,NA,NA,NA,NA,NA,NA,NA,NA,0,0,0,0,NA,NA,NA,NA,NA
"Hans-Jürgen Bode","b011e6da-3955-11ef-8205-a36230ada079",NA,NA,1973,"3/23/1974","5e555a8d-3960-11ef-b2be-7b2e16e5ffcd","home","Hamburger SV","Polizei SV Hannover",19,14,TRUE,0,NA,NA,0,0,0,NA,0,0,0,0,0,0,NA,NA,NA,NA,NA,NA,NA,NA,0,0,0,0,NA,NA,NA,NA,NA
"Rainer Witt","b02adaad-3955-11ef-b8c4-a36230ada079",NA,NA,1973,"3/23/1974","5e555a8d-3960-11ef-b2be-7b2e16e5ffcd","home","Hamburger SV","Polizei SV Hannover",19,14,TRUE,1,NA,NA,0,0,0,NA,0,0,0,0,0,0,NA,NA,NA,NA,NA,NA,NA,NA,0,0,0,0,NA,NA,NA,NA,NA
"Jens Ivers","b02f4aea-3955-11ef-801e-a36230ada079",NA,NA,1973,"3/23/1974","5e555a8d-3960-11ef-b2be-7b2e16e5ffcd","home","Hamburger SV","Polizei SV Hannover",19,14,TRUE,2,NA,NA,0,0,0,NA,0,0,0,0,0,0,NA,NA,NA,NA,NA,NA,NA,NA,0,0,0,0,NA,NA,NA,NA,NA
"Hans-Joachim Beißel","b0341bcb-3955-11ef-9e08-a36230ada079",NA,NA,1973,"3/23/1974","5e555a8d-3960-11ef-b2be-7b2e16e5ffcd","home","Hamburger SV","Polizei SV Hannover",19,14,TRUE,5,NA,NA,0,0,0,NA,0,0,0,0,0,0,NA,NA,NA,NA,NA,NA,NA,NA,0,0,0,0,NA,NA,NA,NA,NA
"Klaus Porepp","b0396b18-3955-11ef-b5cf-a36230ada079",NA,NA,1973,"3/23/1974","5e555a8d-3960-11ef-b2be-7b2e16e5ffcd","home","Hamburger SV","Polizei SV Hannover",19,14,TRUE,1,NA,NA,0,0,0,NA,0,0,0,0,0,0,NA,NA,NA,NA,NA,NA,NA,NA,0,0,0,0,NA,NA,NA,NA,NA
"Norbert Germer","b03f8101-3955-11ef-8945-a36230ada079",NA,NA,1973,"3/23/1974","5e555a8d-3960-11ef-b2be-7b2e16e5ffcd","home","Hamburger SV","Polizei SV Hannover",19,14,TRUE,1,NA,NA,0,0,0,NA,0,0,0,0,0,0,NA,NA,NA,NA,NA,NA,NA,NA,0,0,0,0,NA,NA,NA,NA,NA
"Bernd Eppler","b0442222-3955-11ef-841b-a36230ada079",NA,NA,1973,"3/23/1974","5e555a8d-3960-11ef-b2be-7b2e16e5ffcd","home","Hamburger SV","Polizei SV Hannover",19,14,TRUE,0,NA,NA,0,0,0,NA,0,0,0,0,0,0,NA,NA,NA,NA,NA,NA,NA,NA,0,0,0,0,NA,NA,NA,NA,NA
"Uwe Tesloff","b049ae56-3955-11ef-a5f7-a36230ada079",NA,NA,1973,"3/23/1974","5e555a8d-3960-11ef-b2be-7b2e16e5ffcd","home","Hamburger SV","Polizei SV Hannover",19,14,TRUE,4,NA,NA,0,0,0,NA,0,0,0,0,0,0,NA,NA,NA,NA,NA,NA,NA,NA,0,0,0,0,NA,NA,NA,NA,NA
"Kai Dollmann","ba71bf5c-3955-11ef-bf36-ab397f561917",NA,NA,1973,"3/23/1974","5e555a8d-3960-11ef-b2be-7b2e16e5ffcd","home","Hamburger SV","Polizei SV Hannover",19,14,TRUE,0,NA,NA,0,0,0,NA,0,0,0,0,0,0,NA,NA,NA,NA,NA,NA,NA,NA,0,0,0,0,NA,NA,NA,NA,NA
"Karsten Sick","bd16289b-3955-11ef-9343-ab397f561917",NA,NA,1973,"3/23/1974","5e555a8d-3960-11ef-b2be-7b2e16e5ffcd","home","Hamburger SV","Polizei SV Hannover",19,14,TRUE,0,NA,NA,0,0,0,NA,0,0,0,0,0,0,NA,NA,NA,NA,NA,NA,NA,NA,0,0,0,0,NA,NA,NA,NA,NA
"Reinhard Wittler","a35063de-3955-11ef-9881-2510cc07ea6e",NA,NA,1973,"3/23/1974","5e555a8d-3960-11ef-b2be-7b2e16e5ffcd","away","Polizei SV Hannover","Hamburger SV",14,19,FALSE,0,NA,NA,0,0,0,NA,0,0,0,0,0,0,NA,NA,NA,NA,NA,NA,NA,NA,0,0,0,0,NA,NA,NA,NA,NA
"Wolfgang Franke","a36fd3c4-3955-11ef-bc80-2510cc07ea6e",NA,NA,1973,"3/23/1974","5e555a8d-3960-11ef-b2be-7b2e16e5ffcd","away","Polizei SV Hannover","Hamburger SV",14,19,FALSE,1,NA,NA,0,0,0,NA,0,0,0,0,0,0,NA,NA,NA,NA,NA,NA,NA,NA,0,0,0,0,NA,NA,NA,NA,NA
"Jürgen Kloth","a37512a6-3955-11ef-9d81-2510cc07ea6e",NA,NA,1973,"3/23/1974","5e555a8d-3960-11ef-b2be-7b2e16e5ffcd","away","Polizei SV Hannover","Hamburger SV",14,19,FALSE,3,NA,NA,0,0,2,NA,0,0,0,0,0,0,NA,NA,NA,NA,NA,NA,NA,NA,0,0,0,0,NA,NA,NA,NA,NA
"Joachim Engler","bb2dfffa-3955-11ef-8a9e-ab397f561917",NA,NA,1973,"3/23/1974","5e555a8d-3960-11ef-b2be-7b2e16e5ffcd","away","Polizei SV Hannover","Hamburger SV",14,19,FALSE,3,NA,NA,0,0,1,NA,0,0,0,0,0,0,NA,NA,NA,NA,NA,NA,NA,NA,0,0,0,0,NA,NA,NA,NA,NA
"Gerd Haase","bb322e8e-3955-11ef-8a6a-ab397f561917",NA,NA,1973,"3/23/1974","5e555a8d-3960-11ef-b2be-7b2e16e5ffcd","away","Polizei SV Hannover","Hamburger SV",14,19,FALSE,2,NA,NA,0,0,2,NA,0,0,0,0,0,0,NA,NA,NA,NA,NA,NA,NA,NA,0,0,0,0,NA,NA,NA,NA,NA
"Hartmut Schnelle","bb3a7260-3955-11ef-99cf-ab397f561917",NA,NA,1973,"3/23/1974","5e555a8d-3960-11ef-b2be-7b2e16e5ffcd","away","Polizei SV Hannover","Hamburger SV",14,19,FALSE,1,NA,NA,0,0,0,NA,0,0,0,0,0,0,NA,NA,NA,NA,NA,NA,NA,NA,0,0,0,0,NA,NA,NA,NA,NA
"Hans-Jürgen Deutsch","bb3e76d6-3955-11ef-a5a8-ab397f561917",NA,NA,1973,"3/23/1974","5e555a8d-3960-11ef-b2be-7b2e16e5ffcd","away","Polizei SV Hannover","Hamburger SV",14,19,FALSE,1,NA,NA,0,0,0,NA,0,0,0,0,0,0,NA,NA,NA,NA,NA,NA,NA,NA,0,0,0,0,NA,NA,NA,NA,NA
"Dieter Hartung","bb482ed5-3955-11ef-bef1-ab397f561917",NA,NA,1973,"3/23/1974","5e555a8d-3960-11ef-b2be-7b2e16e5ffcd","away","Polizei SV Hannover","Hamburger SV",14,19,FALSE,2,NA,NA,0,0,0,NA,0,0,0,0,0,0,NA,NA,NA,NA,NA,NA,NA,NA,0,0,0,0,NA,NA,NA,NA,NA
"Jürgen Fey","bb504d63-3955-11ef-8740-ab397f561917",NA,NA,1973,"3/23/1974","5e555a8d-3960-11ef-b2be-7b2e16e5ffcd","away","Polizei SV Hannover","Hamburger SV",14,19,FALSE,0,NA,NA,0,0,0,NA,0,0,0,0,0,0,NA,NA,NA,NA,NA,NA,NA,NA,0,0,0,0,NA,NA,NA,NA,NA
"Heiner Borck","bda2f702-3955-11ef-8be3-ab397f561917",NA,NA,1973,"3/23/1974","5e555a8d-3960-11ef-b2be-7b2e16e5ffcd","away","Polizei SV Hannover","Hamburger SV",14,19,FALSE,0,NA,NA,0,0,0,NA,0,0,0,0,0,0,NA,NA,NA,NA,NA,NA,NA,NA,0,0,0,0,NA,NA,NA,NA,NA
"Siegfried Hacke","bda8ac11-3955-11ef-8226-ab397f561917",NA,NA,1973,"3/23/1974","5e555a8d-3960-11ef-b2be-7b2e16e5ffcd","away","Polizei SV Hannover","Hamburger SV",14,19,FALSE,1,NA,NA,0,0,0,NA,0,0,0,0,0,0,NA,NA,NA,NA,NA,NA,NA,NA,0,0,0,0,NA,NA,NA,NA,NA
"Konrad Zorn","bdb7890f-3955-11ef-801c-ab397f561917",NA,NA,1973,"3/23/1974","5e555a8d-3960-11ef-b2be-7b2e16e5ffcd","away","Polizei SV Hannover","Hamburger SV",14,19,FALSE,0,NA,NA,0,0,0,NA,0,0,0,0,0,0,NA,NA,NA,NA,NA,NA,NA,NA,0,0,0,0,NA,NA,NA,NA,NA
"Dietmar Balkenhol","8dfc784e-3955-11ef-b459-81dc40648355",NA,NA,1973,"3/23/1974","65eea0b2-3960-11ef-91b7-2906cc9fb6bc","home","TuSEM Essen","TV Grambke Bremen",21,24,FALSE,2,NA,NA,0,0,0,NA,0,0,0,0,0,0,NA,NA,NA,NA,NA,NA,NA,NA,0,0,0,0,NA,NA,NA,NA,NA
"Gerhard Wrobel","ae4fc714-3955-11ef-a106-a36230ada079",NA,NA,1973,"3/23/1974","65eea0b2-3960-11ef-91b7-2906cc9fb6bc","home","TuSEM Essen","TV Grambke Bremen",21,24,FALSE,1,NA,NA,0,0,0,NA,0,0,0,0,0,0,NA,NA,NA,NA,NA,NA,NA,NA,0,0,0,0,NA,NA,NA,NA,NA
"Herbert Buschmann","bd5ac595-3955-11ef-97f0-ab397f561917",NA,NA,1973,"3/23/1974","65eea0b2-3960-11ef-91b7-2906cc9fb6bc","home","TuSEM Essen","TV Grambke Bremen",21,24,FALSE,0,NA,NA,0,0,0,NA,0,0,0,0,0,0,NA,NA,NA,NA,NA,NA,NA,NA,0,0,0,0,NA,NA,NA,NA,NA
"Bernd Weigel","bd601a58-3955-11ef-8511-ab397f561917",NA,NA,1973,"3/23/1974","65eea0b2-3960-11ef-91b7-2906cc9fb6bc","home","TuSEM Essen","TV Grambke Bremen",21,24,FALSE,0,NA,NA,0,0,0,NA,0,0,0,0,0,0,NA,NA,NA,NA,NA,NA,NA,NA,0,0,0,0,NA,NA,NA,NA,NA
"Peter Venzke","bd6b12a9-3955-11ef-af21-ab397f561917",NA,NA,1973,"3/23/1974","65eea0b2-3960-11ef-91b7-2906cc9fb6bc","home","TuSEM Essen","TV Grambke Bremen",21,24,FALSE,5,NA,NA,0,0,0,NA,0,0,0,0,0,0,NA,NA,NA,NA,NA,NA,NA,NA,0,0,0,0,NA,NA,NA,NA,NA
"Klaus Schäfer","bd6f7a4d-3955-11ef-9f92-ab397f561917",NA,NA,1973,"3/23/1974","65eea0b2-3960-11ef-91b7-2906cc9fb6bc","home","TuSEM Essen","TV Grambke Bremen",21,24,FALSE,1,NA,NA,0,0,0,NA,0,0,0,0,0,0,NA,NA,NA,NA,NA,NA,NA,NA,0,0,0,0,NA,NA,NA,NA,NA
"Gerhard Schmidt","bd78314d-3955-11ef-8668-ab397f561917",NA,NA,1973,"3/23/1974","65eea0b2-3960-11ef-91b7-2906cc9fb6bc","home","TuSEM Essen","TV Grambke Bremen",21,24,FALSE,6,NA,NA,0,0,1,NA,0,0,0,0,0,0,NA,NA,NA,NA,NA,NA,NA,NA,0,0,0,0,NA,NA,NA,NA,NA
"Manfred Benning","bd7cb1bd-3955-11ef-883f-ab397f561917",NA,NA,1973,"3/23/1974","65eea0b2-3960-11ef-91b7-2906cc9fb6bc","home","TuSEM Essen","TV Grambke Bremen",21,24,FALSE,2,NA,NA,0,0,0,NA,0,0,0,0,0,0,NA,NA,NA,NA,NA,NA,NA,NA,0,0,0,0,NA,NA,NA,NA,NA
"Alojz Snedić","bd80daac-3955-11ef-a8ab-ab397f561917",NA,NA,1973,"3/23/1974","65eea0b2-3960-11ef-91b7-2906cc9fb6bc","home","TuSEM Essen","TV Grambke Bremen",21,24,FALSE,2,NA,NA,0,0,0,NA,0,0,0,0,0,0,NA,NA,NA,NA,NA,NA,NA,NA,0,0,0,0,NA,NA,NA,NA,NA
"Peter Fischer","bd861af2-3955-11ef-a655-ab397f561917",NA,NA,1973,"3/23/1974","65eea0b2-3960-11ef-91b7-2906cc9fb6bc","home","TuSEM Essen","TV Grambke Bremen",21,24,FALSE,0,NA,NA,0,0,0,NA,0,0,0,0,0,0,NA,NA,NA,NA,NA,NA,NA,NA,0,0,0,0,NA,NA,NA,NA,NA
"Wolfgang Schütte","bd8b9463-3955-11ef-84e4-ab397f561917",NA,NA,1973,"3/23/1974","65eea0b2-3960-11ef-91b7-2906cc9fb6bc","home","TuSEM Essen","TV Grambke Bremen",21,24,FALSE,0,NA,NA,0,0,0,NA,0,0,0,0,0,0,NA,NA,NA,NA,NA,NA,NA,NA,0,0,0,0,NA,NA,NA,NA,NA
"Peter Meuter","bd905293-3955-11ef-a264-ab397f561917",NA,NA,1973,"3/23/1974","65eea0b2-3960-11ef-91b7-2906cc9fb6bc","home","TuSEM Essen","TV Grambke Bremen",21,24,FALSE,2,NA,NA,0,0,2,NA,0,0,0,0,0,0,NA,NA,NA,NA,NA,NA,NA,NA,0,0,0,0,NA,NA,NA,NA,NA
"Hans-Jörg Graeper","964d8ebc-3955-11ef-a25b-292be3190b7b",NA,NA,1973,"3/23/1974","65eea0b2-3960-11ef-91b7-2906cc9fb6bc","away","TV Grambke Bremen","TuSEM Essen",24,21,TRUE,3,NA,NA,0,0,0,NA,0,0,0,0,0,0,NA,NA,NA,NA,NA,NA,NA,NA,0,0,0,0,NA,NA,NA,NA,NA
"Reiner Witte","983968fe-3955-11ef-96ef-292be3190b7b",NA,NA,1973,"3/23/1974","65eea0b2-3960-11ef-91b7-2906cc9fb6bc","away","TV Grambke Bremen","TuSEM Essen",24,21,TRUE,0,NA,NA,0,0,0,NA,0,0,0,0,0,0,NA,NA,NA,NA,NA,NA,NA,NA,0,0,0,0,NA,NA,NA,NA,NA
"Rolf Harjes","9854972c-3955-11ef-b163-292be3190b7b",NA,NA,1973,"3/23/1974","65eea0b2-3960-11ef-91b7-2906cc9fb6bc","away","TV Grambke Bremen","TuSEM Essen",24,21,TRUE,5,NA,NA,0,0,1,NA,0,0,0,0,0,0,NA,NA,NA,NA,NA,NA,NA,NA,0,0,0,0,NA,NA,NA,NA,NA
"Rolf Dierks","a5420b05-3955-11ef-a0f4-2510cc07ea6e",NA,NA,1973,"3/23/1974","65eea0b2-3960-11ef-91b7-2906cc9fb6bc","away","TV Grambke Bremen","TuSEM Essen",24,21,TRUE,2,NA,NA,0,0,0,NA,0,0,0,0,0,0,NA,NA,NA,NA,NA,NA,NA,NA,0,0,0,0,NA,NA,NA,NA,NA
"Wilfried Lankenau","a547caa3-3955-11ef-8b17-2510cc07ea6e",NA,NA,1973,"3/23/1974","65eea0b2-3960-11ef-91b7-2906cc9fb6bc","away","TV Grambke Bremen","TuSEM Essen",24,21,TRUE,8,NA,NA,0,0,0,NA,0,0,0,0,0,0,NA,NA,NA,NA,NA,NA,NA,NA,0,0,0,0,NA,NA,NA,NA,NA
"Willi Hohn","a54d65b4-3955-11ef-86a4-2510cc07ea6e",NA,NA,1973,"3/23/1974","65eea0b2-3960-11ef-91b7-2906cc9fb6bc","away","TV Grambke Bremen","TuSEM Essen",24,21,TRUE,2,NA,NA,0,0,0,NA,0,0,0,0,0,0,NA,NA,NA,NA,NA,NA,NA,NA,0,0,0,0,NA,NA,NA,NA,NA
"Peter Wilde","a5638a05-3955-11ef-8647-2510cc07ea6e",NA,NA,1973,"3/23/1974","65eea0b2-3960-11ef-91b7-2906cc9fb6bc","away","TV Grambke Bremen","TuSEM Essen",24,21,TRUE,1,NA,NA,0,0,0,NA,0,0,0,0,0,0,NA,NA,NA,NA,NA,NA,NA,NA,0,0,0,0,NA,NA,NA,NA,NA
"Klaus Hohn","baa006c5-3955-11ef-942e-ab397f561917",NA,NA,1973,"3/23/1974","65eea0b2-3960-11ef-91b7-2906cc9fb6bc","away","TV Grambke Bremen","TuSEM Essen",24,21,TRUE,2,NA,NA,0,0,0,NA,0,0,0,0,0,0,NA,NA,NA,NA,NA,NA,NA,NA,0,0,0,0,NA,NA,NA,NA,NA
"Karl-Heinz Bierwirth","baa76751-3955-11ef-b78b-ab397f561917",NA,NA,1973,"3/23/1974","65eea0b2-3960-11ef-91b7-2906cc9fb6bc","away","TV Grambke Bremen","TuSEM Essen",24,21,TRUE,0,NA,NA,0,0,0,NA,0,0,0,0,0,0,NA,NA,NA,NA,NA,NA,NA,NA,0,0,0,0,NA,NA,NA,NA,NA
"Günter Heermann","baabe2e5-3955-11ef-9d71-ab397f561917",NA,NA,1973,"3/23/1974","65eea0b2-3960-11ef-91b7-2906cc9fb6bc","away","TV Grambke Bremen","TuSEM Essen",24,21,TRUE,0,NA,NA,0,0,0,NA,0,0,0,0,0,0,NA,NA,NA,NA,NA,NA,NA,NA,0,0,0,0,NA,NA,NA,NA,NA
"Günter Meßmer","babf1fc6-3955-11ef-975c-ab397f561917",NA,NA,1973,"3/23/1974","65eea0b2-3960-11ef-91b7-2906cc9fb6bc","away","TV Grambke Bremen","TuSEM Essen",24,21,TRUE,1,NA,NA,0,0,0,NA,0,0,0,0,0,0,NA,NA,NA,NA,NA,NA,NA,NA,0,0,0,0,NA,NA,NA,NA,NA
"Horst Rampp","8c760463-3955-11ef-b11d-81dc40648355",NA,NA,1973,"3/23/1974","66752534-3960-11ef-88ae-2906cc9fb6bc","home","Füchse Berlin","SC Phönix Essen 1920",13,20,FALSE,0,NA,NA,0,0,0,NA,0,0,0,0,0,0,NA,NA,NA,NA,NA,NA,NA,NA,0,0,0,0,NA,NA,NA,NA,NA
"Hartmut Alsen","a5dc4676-3955-11ef-ac19-2510cc07ea6e",NA,NA,1973,"3/23/1974","66752534-3960-11ef-88ae-2906cc9fb6bc","home","Füchse Berlin","SC Phönix Essen 1920",13,20,FALSE,3,NA,NA,0,0,1,NA,0,0,0,0,0,0,NA,NA,NA,NA,NA,NA,NA,NA,0,0,0,0,NA,NA,NA,NA,NA
"Bernd Dibbert","a5e7e77c-3955-11ef-a806-2510cc07ea6e",NA,NA,1973,"3/23/1974","66752534-3960-11ef-88ae-2906cc9fb6bc","home","Füchse Berlin","SC Phönix Essen 1920",13,20,FALSE,0,NA,NA,0,0,0,NA,0,0,0,0,0,0,NA,NA,NA,NA,NA,NA,NA,NA,0,0,0,0,NA,NA,NA,NA,NA
"Diethard Finkelmann","a60bdcf9-3955-11ef-bfa1-2510cc07ea6e",NA,NA,1973,"3/23/1974","66752534-3960-11ef-88ae-2906cc9fb6bc","home","Füchse Berlin","SC Phönix Essen 1920",13,20,FALSE,4,NA,NA,0,0,1,NA,0,0,0,0,0,0,NA,NA,NA,NA,NA,NA,NA,NA,0,0,0,0,NA,NA,NA,NA,NA
"Jochen Oermann","b193e84b-3955-11ef-bdbf-a36230ada079",NA,NA,1973,"3/23/1974","66752534-3960-11ef-88ae-2906cc9fb6bc","home","Füchse Berlin","SC Phönix Essen 1920",13,20,FALSE,0,NA,NA,0,0,0,NA,0,0,0,0,0,0,NA,NA,NA,NA,NA,NA,NA,NA,0,0,0,0,NA,NA,NA,NA,NA
"Detlef Finkelmann","b1a8f927-3955-11ef-a009-a36230ada079",NA,NA,1973,"3/23/1974","66752534-3960-11ef-88ae-2906cc9fb6bc","home","Füchse Berlin","SC Phönix Essen 1920",13,20,FALSE,1,NA,NA,0,0,0,NA,0,0,0,0,0,0,NA,NA,NA,NA,NA,NA,NA,NA,0,0,0,0,NA,NA,NA,NA,NA
"Bernd Goerigk","b1b21b0c-3955-11ef-a303-a36230ada079",NA,NA,1973,"3/23/1974","66752534-3960-11ef-88ae-2906cc9fb6bc","home","Füchse Berlin","SC Phönix Essen 1920",13,20,FALSE,0,NA,NA,0,0,0,NA,0,0,0,0,0,0,NA,NA,NA,NA,NA,NA,NA,NA,0,0,0,0,NA,NA,NA,NA,NA
"Lutz Loewke","b1b73b08-3955-11ef-b76a-a36230ada079",NA,NA,1973,"3/23/1974","66752534-3960-11ef-88ae-2906cc9fb6bc","home","Füchse Berlin","SC Phönix Essen 1920",13,20,FALSE,1,NA,NA,0,0,0,NA,0,0,0,0,0,0,NA,NA,NA,NA,NA,NA,NA,NA,0,0,0,0,NA,NA,NA,NA,NA
"Sigmar Artelt","bdbc9392-3955-11ef-a3be-ab397f561917",NA,NA,1973,"3/23/1974","66752534-3960-11ef-88ae-2906cc9fb6bc","home","Füchse Berlin","SC Phönix Essen 1920",13,20,FALSE,2,NA,NA,0,0,0,NA,0,0,0,0,0,0,NA,NA,NA,NA,NA,NA,NA,NA,0,0,0,0,NA,NA,NA,NA,NA
"Henry Johannes","bdc98fce-3955-11ef-9f6e-ab397f561917",NA,NA,1973,"3/23/1974","66752534-3960-11ef-88ae-2906cc9fb6bc","home","Füchse Berlin","SC Phönix Essen 1920",13,20,FALSE,1,NA,NA,0,0,0,NA,0,0,0,0,0,0,NA,NA,NA,NA,NA,NA,NA,NA,0,0,0,0,NA,NA,NA,NA,NA
"Horst Waisznor","bdce772f-3955-11ef-a781-ab397f561917",NA,NA,1973,"3/23/1974","66752534-3960-11ef-88ae-2906cc9fb6bc","home","Füchse Berlin","SC Phönix Essen 1920",13,20,FALSE,0,NA,NA,0,0,0,NA,0,0,0,0,0,0,NA,NA,NA,NA,NA,NA,NA,NA,0,0,0,0,NA,NA,NA,NA,NA
"Lothar Wiehle","bdd3883f-3955-11ef-aaf9-ab397f561917",NA,NA,1973,"3/23/1974","66752534-3960-11ef-88ae-2906cc9fb6bc","home","Füchse Berlin","SC Phönix Essen 1920",13,20,FALSE,1,NA,NA,0,0,0,NA,0,0,0,0,0,0,NA,NA,NA,NA,NA,NA,NA,NA,0,0,0,0,NA,NA,NA,NA,NA
"Ulrich Eikermann","73a211c9-3955-11ef-8f8f-51fdf2a82730",NA,NA,1973,"3/23/1974","66752534-3960-11ef-88ae-2906cc9fb6bc","away","SC Phönix Essen 1920","Füchse Berlin",20,13,TRUE,6,NA,NA,0,0,0,NA,0,0,0,0,0,0,NA,NA,NA,NA,NA,NA,NA,NA,0,0,0,0,NA,NA,NA,NA,NA
"Horst Weise","8df6e46b-3955-11ef-9ec8-81dc40648355",NA,NA,1973,"3/23/1974","66752534-3960-11ef-88ae-2906cc9fb6bc","away","SC Phönix Essen 1920","Füchse Berlin",20,13,TRUE,5,NA,NA,0,0,0,NA,0,0,0,0,0,0,NA,NA,NA,NA,NA,NA,NA,NA,0,0,0,0,NA,NA,NA,NA,NA
"Ralf Hamann","a28aa62f-3955-11ef-9677-2510cc07ea6e",NA,NA,1973,"3/23/1974","66752534-3960-11ef-88ae-2906cc9fb6bc","away","SC Phönix Essen 1920","Füchse Berlin",20,13,TRUE,0,NA,NA,0,0,0,NA,0,0,0,0,0,0,NA,NA,NA,NA,NA,NA,NA,NA,0,0,0,0,NA,NA,NA,NA,NA
"Werner Kühn","a5a83923-3955-11ef-abc5-2510cc07ea6e",NA,NA,1973,"3/23/1974","66752534-3960-11ef-88ae-2906cc9fb6bc","away","SC Phönix Essen 1920","Füchse Berlin",20,13,TRUE,1,NA,NA,0,0,0,NA,0,0,0,0,0,0,NA,NA,NA,NA,NA,NA,NA,NA,0,0,0,0,NA,NA,NA,NA,NA
"Heinz Oberscheidt","a5ae94f2-3955-11ef-91fc-2510cc07ea6e",NA,NA,1973,"3/23/1974","66752534-3960-11ef-88ae-2906cc9fb6bc","away","SC Phönix Essen 1920","Füchse Berlin",20,13,TRUE,4,NA,NA,0,0,1,NA,0,0,0,0,0,0,NA,NA,NA,NA,NA,NA,NA,NA,0,0,0,0,NA,NA,NA,NA,NA
"Werner Jeckstedt","a5bb8d23-3955-11ef-8362-2510cc07ea6e",NA,NA,1973,"3/23/1974","66752534-3960-11ef-88ae-2906cc9fb6bc","away","SC Phönix Essen 1920","Füchse Berlin",20,13,TRUE,1,NA,NA,0,0,0,NA,0,0,0,0,0,0,NA,NA,NA,NA,NA,NA,NA,NA,0,0,0,0,NA,NA,NA,NA,NA
"Dietmar Dohm","a5c15139-3955-11ef-9adf-2510cc07ea6e",NA,NA,1973,"3/23/1974","66752534-3960-11ef-88ae-2906cc9fb6bc","away","SC Phönix Essen 1920","Füchse Berlin",20,13,TRUE,0,NA,NA,0,0,0,NA,0,0,0,0,0,0,NA,NA,NA,NA,NA,NA,NA,NA,0,0,0,0,NA,NA,NA,NA,NA
"Ingo Callies","b0b0659b-3955-11ef-87aa-a36230ada079",NA,NA,1973,"3/23/1974","66752534-3960-11ef-88ae-2906cc9fb6bc","away","SC Phönix Essen 1920","Füchse Berlin",20,13,TRUE,1,NA,NA,0,0,0,NA,0,0,0,0,0,0,NA,NA,NA,NA,NA,NA,NA,NA,0,0,0,0,NA,NA,NA,NA,NA
"Günther Lehmann","bad5d078-3955-11ef-83d6-ab397f561917",NA,NA,1973,"3/23/1974","66752534-3960-11ef-88ae-2906cc9fb6bc","away","SC Phönix Essen 1920","Füchse Berlin",20,13,TRUE,0,NA,NA,0,0,0,NA,0,0,0,0,0,0,NA,NA,NA,NA,NA,NA,NA,NA,0,0,0,0,NA,NA,NA,NA,NA
"Klaus Kirschner","bae43a44-3955-11ef-ae7c-ab397f561917",NA,NA,1973,"3/23/1974","66752534-3960-11ef-88ae-2906cc9fb6bc","away","SC Phönix Essen 1920","Füchse Berlin",20,13,TRUE,0,NA,NA,0,0,0,NA,0,0,0,0,0,0,NA,NA,NA,NA,NA,NA,NA,NA,0,0,0,0,NA,NA,NA,NA,NA
"Norbert Kroker","bd441662-3955-11ef-b771-ab397f561917",NA,NA,1973,"3/23/1974","66752534-3960-11ef-88ae-2906cc9fb6bc","away","SC Phönix Essen 1920","Füchse Berlin",20,13,TRUE,2,NA,NA,0,0,2,NA,0,0,0,0,0,0,NA,NA,NA,NA,NA,NA,NA,NA,0,0,0,0,NA,NA,NA,NA,NA
"Manfred Wolf","bd4f3381-3955-11ef-904e-ab397f561917",NA,NA,1973,"3/23/1974","66752534-3960-11ef-88ae-2906cc9fb6bc","away","SC Phönix Essen 1920","Füchse Berlin",20,13,TRUE,0,NA,NA,0,0,0,NA,0,0,0,0,0,0,NA,NA,NA,NA,NA,NA,NA,NA,0,0,0,0,NA,NA,NA,NA,NA
"Wolfgang Sommerfeld","74c0be88-3955-11ef-89fd-51fdf2a82730",NA,NA,1973,"3/23/1974","692f27ee-3960-11ef-a40b-2906cc9fb6bc","home","TSV Milbertshofen","S3L Handball",19,17,TRUE,0,NA,NA,0,0,0,NA,0,0,0,0,0,0,NA,NA,NA,NA,NA,NA,NA,NA,0,0,0,0,NA,NA,NA,NA,NA
"Rainer Olbert","80d00b6a-3955-11ef-ab11-b908c60af10a",NA,NA,1973,"3/23/1974","692f27ee-3960-11ef-a40b-2906cc9fb6bc","home","TSV Milbertshofen","S3L Handball",19,17,TRUE,0,NA,NA,0,0,0,NA,0,0,0,0,0,0,NA,NA,NA,NA,NA,NA,NA,NA,0,0,0,0,NA,NA,NA,NA,NA
"Udo Böbel","80d4ba37-3955-11ef-9d8b-b908c60af10a",NA,NA,1973,"3/23/1974","692f27ee-3960-11ef-a40b-2906cc9fb6bc","home","TSV Milbertshofen","S3L Handball",19,17,TRUE,5,NA,NA,0,0,2,NA,0,0,0,0,0,0,NA,NA,NA,NA,NA,NA,NA,NA,0,0,0,0,NA,NA,NA,NA,NA
"Peter Jaschke","8b728782-3955-11ef-8da6-81dc40648355",NA,NA,1973,"3/23/1974","692f27ee-3960-11ef-a40b-2906cc9fb6bc","home","TSV Milbertshofen","S3L Handball",19,17,TRUE,0,NA,NA,0,0,0,NA,0,0,0,0,0,0,NA,NA,NA,NA,NA,NA,NA,NA,0,0,0,0,NA,NA,NA,NA,NA
"Werner Winkelmeier","9712104e-3955-11ef-9613-292be3190b7b",NA,NA,1973,"3/23/1974","692f27ee-3960-11ef-a40b-2906cc9fb6bc","home","TSV Milbertshofen","S3L Handball",19,17,TRUE,1,NA,NA,0,0,0,NA,0,0,0,0,0,0,NA,NA,NA,NA,NA,NA,NA,NA,0,0,0,0,NA,NA,NA,NA,NA
"Gerhard Ochsenkühn","97259ed1-3955-11ef-96ca-292be3190b7b",NA,NA,1973,"3/23/1974","692f27ee-3960-11ef-a40b-2906cc9fb6bc","home","TSV Milbertshofen","S3L Handball",19,17,TRUE,3,NA,NA,0,0,0,NA,0,0,0,0,0,0,NA,NA,NA,NA,NA,NA,NA,NA,0,0,0,0,NA,NA,NA,NA,NA
"Josef Kiener","972d7d47-3955-11ef-a437-292be3190b7b",NA,NA,1973,"3/23/1974","692f27ee-3960-11ef-a40b-2906cc9fb6bc","home","TSV Milbertshofen","S3L Handball",19,17,TRUE,3,NA,NA,0,0,2,NA,0,0,0,0,0,0,NA,NA,NA,NA,NA,NA,NA,NA,0,0,0,0,NA,NA,NA,NA,NA
"Rudolf Dobler","97ac407c-3955-11ef-9ea9-292be3190b7b",NA,NA,1973,"3/23/1974","692f27ee-3960-11ef-a40b-2906cc9fb6bc","home","TSV Milbertshofen","S3L Handball",19,17,TRUE,2,NA,NA,0,0,0,NA,0,0,0,0,0,0,NA,NA,NA,NA,NA,NA,NA,NA,0,0,0,0,NA,NA,NA,NA,NA
"Jochen Heyne","b1c06894-3955-11ef-ab50-a36230ada079",NA,NA,1973,"3/23/1974","692f27ee-3960-11ef-a40b-2906cc9fb6bc","home","TSV Milbertshofen","S3L Handball",19,17,TRUE,2,NA,NA,0,0,0,NA,0,0,0,0,0,0,NA,NA,NA,NA,NA,NA,NA,NA,0,0,0,0,NA,NA,NA,NA,NA
"Helmut Schelchshorn","b1c960ef-3955-11ef-850b-a36230ada079",NA,NA,1973,"3/23/1974","692f27ee-3960-11ef-a40b-2906cc9fb6bc","home","TSV Milbertshofen","S3L Handball",19,17,TRUE,0,NA,NA,0,0,0,NA,0,0,0,0,0,0,NA,NA,NA,NA,NA,NA,NA,NA,0,0,0,0,NA,NA,NA,NA,NA
"Peter Feddern","bc1b1b3e-3955-11ef-9c4e-ab397f561917",NA,NA,1973,"3/23/1974","692f27ee-3960-11ef-a40b-2906cc9fb6bc","home","TSV Milbertshofen","S3L Handball",19,17,TRUE,3,NA,NA,0,0,0,NA,0,0,0,0,0,0,NA,NA,NA,NA,NA,NA,NA,NA,0,0,0,0,NA,NA,NA,NA,NA
"Werner Osada","98d8c8ac-3955-11ef-b6db-292be3190b7b",NA,NA,1973,"3/23/1974","692f27ee-3960-11ef-a40b-2906cc9fb6bc","away","S3L Handball","TSV Milbertshofen",17,19,FALSE,1,NA,NA,0,0,1,NA,0,0,0,0,0,0,NA,NA,NA,NA,NA,NA,NA,NA,0,0,0,0,NA,NA,NA,NA,NA
"Alfred Schmitt","a25e1dab-3955-11ef-b412-2510cc07ea6e",NA,NA,1973,"3/23/1974","692f27ee-3960-11ef-a40b-2906cc9fb6bc","away","S3L Handball","TSV Milbertshofen",17,19,FALSE,5,NA,NA,0,0,0,NA,0,0,0,0,0,0,NA,NA,NA,NA,NA,NA,NA,NA,0,0,0,0,NA,NA,NA,NA,NA
"Manfred Müller","ae54e819-3955-11ef-81e8-a36230ada079",NA,NA,1973,"3/23/1974","692f27ee-3960-11ef-a40b-2906cc9fb6bc","away","S3L Handball","TSV Milbertshofen",17,19,FALSE,0,NA,NA,0,0,0,NA,0,0,0,0,0,0,NA,NA,NA,NA,NA,NA,NA,NA,0,0,0,0,NA,NA,NA,NA,NA
"Georg Fitz","ae68320c-3955-11ef-89fa-a36230ada079",NA,NA,1973,"3/23/1974","692f27ee-3960-11ef-a40b-2906cc9fb6bc","away","S3L Handball","TSV Milbertshofen",17,19,FALSE,0,NA,NA,0,0,0,NA,0,0,0,0,0,0,NA,NA,NA,NA,NA,NA,NA,NA,0,0,0,0,NA,NA,NA,NA,NA
"Franz Rupp","ae6c7950-3955-11ef-87dd-a36230ada079",NA,NA,1973,"3/23/1974","692f27ee-3960-11ef-a40b-2906cc9fb6bc","away","S3L Handball","TSV Milbertshofen",17,19,FALSE,3,NA,NA,0,0,0,NA,0,0,0,0,0,0,NA,NA,NA,NA,NA,NA,NA,NA,0,0,0,0,NA,NA,NA,NA,NA
"Bernd Frühauf","ae71d80f-3955-11ef-a219-a36230ada079",NA,NA,1973,"3/23/1974","692f27ee-3960-11ef-a40b-2906cc9fb6bc","away","S3L Handball","TSV Milbertshofen",17,19,FALSE,0,NA,NA,0,0,0,NA,0,0,0,0,0,0,NA,NA,NA,NA,NA,NA,NA,NA,0,0,0,0,NA,NA,NA,NA,NA
"Wolfgang Sättele","ae76c01d-3955-11ef-bfb9-a36230ada079",NA,NA,1973,"3/23/1974","692f27ee-3960-11ef-a40b-2906cc9fb6bc","away","S3L Handball","TSV Milbertshofen",17,19,FALSE,1,NA,NA,0,0,0,NA,0,0,0,0,0,0,NA,NA,NA,NA,NA,NA,NA,NA,0,0,0,0,NA,NA,NA,NA,NA
"Robert Becker","ae8c50f9-3955-11ef-91c4-a36230ada079",NA,NA,1973,"3/23/1974","692f27ee-3960-11ef-a40b-2906cc9fb6bc","away","S3L Handball","TSV Milbertshofen",17,19,FALSE,1,NA,NA,0,0,0,NA,0,0,0,0,0,0,NA,NA,NA,NA,NA,NA,NA,NA,0,0,0,0,NA,NA,NA,NA,NA
"Hansjörg Jäck","b166bd31-3955-11ef-bed1-a36230ada079",NA,NA,1973,"3/23/1974","692f27ee-3960-11ef-a40b-2906cc9fb6bc","away","S3L Handball","TSV Milbertshofen",17,19,FALSE,0,NA,NA,0,0,0,NA,0,0,0,0,0,0,NA,NA,NA,NA,NA,NA,NA,NA,0,0,0,0,NA,NA,NA,NA,NA
"Markus Hädrich","ba389acc-3955-11ef-8b9d-ab397f561917",NA,NA,1973,"3/23/1974","692f27ee-3960-11ef-a40b-2906cc9fb6bc","away","S3L Handball","TSV Milbertshofen",17,19,FALSE,0,NA,NA,0,0,0,NA,0,0,0,0,0,0,NA,NA,NA,NA,NA,NA,NA,NA,0,0,0,0,NA,NA,NA,NA,NA
"Werner Pruscha","bb9c8e56-3955-11ef-ac18-ab397f561917",NA,NA,1973,"3/23/1974","692f27ee-3960-11ef-a40b-2906cc9fb6bc","away","S3L Handball","TSV Milbertshofen",17,19,FALSE,1,NA,NA,0,0,0,NA,0,0,0,0,0,0,NA,NA,NA,NA,NA,NA,NA,NA,0,0,0,0,NA,NA,NA,NA,NA
"Wolfhardt Bühler","bba2fc92-3955-11ef-a8d6-ab397f561917",NA,NA,1973,"3/23/1974","692f27ee-3960-11ef-a40b-2906cc9fb6bc","away","S3L Handball","TSV Milbertshofen",17,19,FALSE,5,NA,NA,0,0,2,NA,0,0,0,0,0,0,NA,NA,NA,NA,NA,NA,NA,NA,0,0,0,0,NA,NA,NA,NA,NA
"Hans Stein","bde4861d-3955-11ef-a14e-ab397f561917",NA,NA,1973,"3/23/1974","692f27ee-3960-11ef-a40b-2906cc9fb6bc","away","S3L Handball","TSV Milbertshofen",17,19,FALSE,0,NA,NA,0,0,0,NA,0,0,0,0,0,0,NA,NA,NA,NA,NA,NA,NA,NA,0,0,0,0,NA,NA,NA,NA,NA
"Kurt Klühspies","5ac3e7d7-3955-11ef-b574-4fa817cd91bb",NA,NA,1973,"3/23/1974","69fa0068-3960-11ef-be21-2906cc9fb6bc","home","TV Großwallstadt","FRISCH AUF! Göppingen",22,19,TRUE,5,NA,NA,0,0,1,NA,0,0,0,0,0,0,NA,NA,NA,NA,NA,NA,NA,NA,0,0,0,0,NA,NA,NA,NA,NA
"Manfred Hofmann","6855eb0b-3955-11ef-8cb3-292be3190b7b",NA,NA,1973,"3/23/1974","69fa0068-3960-11ef-be21-2906cc9fb6bc","home","TV Großwallstadt","FRISCH AUF! Göppingen",22,19,TRUE,0,NA,NA,0,0,0,NA,0,0,0,0,0,0,NA,NA,NA,NA,NA,NA,NA,NA,0,0,0,0,NA,NA,NA,NA,NA
"Thomas Sinsel","8adb8152-3955-11ef-b2de-81dc40648355",NA,NA,1973,"3/23/1974","69fa0068-3960-11ef-be21-2906cc9fb6bc","home","TV Großwallstadt","FRISCH AUF! Göppingen",22,19,TRUE,0,NA,NA,0,0,0,NA,0,0,0,0,0,0,NA,NA,NA,NA,NA,NA,NA,NA,0,0,0,0,NA,NA,NA,NA,NA
"Manfred Schwarz","96d98e53-3955-11ef-a3c9-292be3190b7b",NA,NA,1973,"3/23/1974","69fa0068-3960-11ef-be21-2906cc9fb6bc","home","TV Großwallstadt","FRISCH AUF! Göppingen",22,19,TRUE,0,NA,NA,0,0,0,NA,0,0,0,0,0,0,NA,NA,NA,NA,NA,NA,NA,NA,0,0,0,0,NA,NA,NA,NA,NA
"Arno Böckling","a3c38db5-3955-11ef-810f-2510cc07ea6e",NA,NA,1973,"3/23/1974","69fa0068-3960-11ef-be21-2906cc9fb6bc","home","TV Großwallstadt","FRISCH AUF! Göppingen",22,19,TRUE,8,NA,NA,0,0,0,NA,0,0,0,0,0,0,NA,NA,NA,NA,NA,NA,NA,NA,0,0,0,0,NA,NA,NA,NA,NA
"Eckhardt Suffel","aeac0503-3955-11ef-88c6-a36230ada079",NA,NA,1973,"3/23/1974","69fa0068-3960-11ef-be21-2906cc9fb6bc","home","TV Großwallstadt","FRISCH AUF! Göppingen",22,19,TRUE,2,NA,NA,0,0,0,NA,0,0,0,0,0,0,NA,NA,NA,NA,NA,NA,NA,NA,0,0,0,0,NA,NA,NA,NA,NA
"Manfred Meudt","af9be5ed-3955-11ef-a3e3-a36230ada079",NA,NA,1973,"3/23/1974","69fa0068-3960-11ef-be21-2906cc9fb6bc","home","TV Großwallstadt","FRISCH AUF! Göppingen",22,19,TRUE,1,NA,NA,0,0,0,NA,0,0,0,0,0,0,NA,NA,NA,NA,NA,NA,NA,NA,0,0,0,0,NA,NA,NA,NA,NA
"Norbert Klein","b18179dc-3955-11ef-acc0-a36230ada079",NA,NA,1973,"3/23/1974","69fa0068-3960-11ef-be21-2906cc9fb6bc","home","TV Großwallstadt","FRISCH AUF! Göppingen",22,19,TRUE,0,NA,NA,0,0,0,NA,0,0,0,0,0,0,NA,NA,NA,NA,NA,NA,NA,NA,0,0,0,0,NA,NA,NA,NA,NA
"Peter Kuß","bbc18adb-3955-11ef-a5f7-ab397f561917",NA,NA,1973,"3/23/1974","69fa0068-3960-11ef-be21-2906cc9fb6bc","home","TV Großwallstadt","FRISCH AUF! Göppingen",22,19,TRUE,6,NA,NA,0,0,0,NA,0,0,0,0,0,0,NA,NA,NA,NA,NA,NA,NA,NA,0,0,0,0,NA,NA,NA,NA,NA
"Dieter Heß","bbc55957-3955-11ef-a14e-ab397f561917",NA,NA,1973,"3/23/1974","69fa0068-3960-11ef-be21-2906cc9fb6bc","home","TV Großwallstadt","FRISCH AUF! Göppingen",22,19,TRUE,0,NA,NA,0,0,0,NA,0,0,0,0,0,0,NA,NA,NA,NA,NA,NA,NA,NA,0,0,0,0,NA,NA,NA,NA,NA
"Rainer Oberle","be123408-3955-11ef-92a6-ab397f561917",NA,NA,1973,"3/23/1974","69fa0068-3960-11ef-be21-2906cc9fb6bc","home","TV Großwallstadt","FRISCH AUF! Göppingen",22,19,TRUE,0,NA,NA,0,0,0,NA,0,0,0,0,0,0,NA,NA,NA,NA,NA,NA,NA,NA,0,0,0,0,NA,NA,NA,NA,NA
"Armin Emrich","8cdd3680-3955-11ef-a93e-81dc40648355",NA,NA,1973,"3/23/1974","69fa0068-3960-11ef-be21-2906cc9fb6bc","away","FRISCH AUF! Göppingen","TV Großwallstadt",19,22,FALSE,1,NA,NA,0,0,0,NA,0,0,0,0,0,0,NA,NA,NA,NA,NA,NA,NA,NA,0,0,0,0,NA,NA,NA,NA,NA
"Peter Bucher","8e0071c9-3955-11ef-8ff8-81dc40648355",NA,NA,1973,"3/23/1974","69fa0068-3960-11ef-be21-2906cc9fb6bc","away","FRISCH AUF! Göppingen","TV Großwallstadt",19,22,FALSE,1,NA,NA,0,0,1,NA,0,0,0,0,0,0,NA,NA,NA,NA,NA,NA,NA,NA,0,0,0,0,NA,NA,NA,NA,NA
"Hans-Eberhard Finkbeiner","a2f451eb-3955-11ef-99da-2510cc07ea6e",NA,NA,1973,"3/23/1974","69fa0068-3960-11ef-be21-2906cc9fb6bc","away","FRISCH AUF! Göppingen","TV Großwallstadt",19,22,FALSE,0,NA,NA,0,0,0,NA,0,0,0,0,0,0,NA,NA,NA,NA,NA,NA,NA,NA,0,0,0,0,NA,NA,NA,NA,NA
"Wolfgang Don","a2ff75a5-3955-11ef-a510-2510cc07ea6e",NA,NA,1973,"3/23/1974","69fa0068-3960-11ef-be21-2906cc9fb6bc","away","FRISCH AUF! Göppingen","TV Großwallstadt",19,22,FALSE,2,NA,NA,0,0,0,NA,0,0,0,0,0,0,NA,NA,NA,NA,NA,NA,NA,NA,0,0,0,0,NA,NA,NA,NA,NA
"Werner Fischer","af3a0885-3955-11ef-a884-a36230ada079",NA,NA,1973,"3/23/1974","69fa0068-3960-11ef-be21-2906cc9fb6bc","away","FRISCH AUF! Göppingen","TV Großwallstadt",19,22,FALSE,0,NA,NA,0,0,0,NA,0,0,0,0,0,0,NA,NA,NA,NA,NA,NA,NA,NA,0,0,0,0,NA,NA,NA,NA,NA
"Siegmund Seeger","af76d008-3955-11ef-b7c9-a36230ada079",NA,NA,1973,"3/23/1974","69fa0068-3960-11ef-be21-2906cc9fb6bc","away","FRISCH AUF! Göppingen","TV Großwallstadt",19,22,FALSE,1,NA,NA,0,0,0,NA,0,0,0,0,0,0,NA,NA,NA,NA,NA,NA,NA,NA,0,0,0,0,NA,NA,NA,NA,NA
"Hans Brodbeck","b1f00cc3-3955-11ef-b4c9-a36230ada079",NA,NA,1973,"3/23/1974","69fa0068-3960-11ef-be21-2906cc9fb6bc","away","FRISCH AUF! Göppingen","TV Großwallstadt",19,22,FALSE,0,NA,NA,0,0,0,NA,0,0,0,0,0,0,NA,NA,NA,NA,NA,NA,NA,NA,0,0,0,0,NA,NA,NA,NA,NA
"Paul Epple","bc8167af-3955-11ef-8748-ab397f561917",NA,NA,1973,"3/23/1974","69fa0068-3960-11ef-be21-2906cc9fb6bc","away","FRISCH AUF! Göppingen","TV Großwallstadt",19,22,FALSE,1,NA,NA,0,0,0,NA,0,0,0,0,0,0,NA,NA,NA,NA,NA,NA,NA,NA,0,0,0,0,NA,NA,NA,NA,NA
"Geir Hallsteinsson","c70adb66-3955-11ef-afb7-157c9bc18a5f",NA,NA,1973,"3/23/1974","69fa0068-3960-11ef-be21-2906cc9fb6bc","away","FRISCH AUF! Göppingen","TV Großwallstadt",19,22,FALSE,4,NA,NA,0,0,0,NA,0,0,0,0,0,0,NA,NA,NA,NA,NA,NA,NA,NA,0,0,0,0,NA,NA,NA,NA,NA
"Werner Arndt","c71116e0-3955-11ef-85d3-157c9bc18a5f",NA,NA,1973,"3/23/1974","69fa0068-3960-11ef-be21-2906cc9fb6bc","away","FRISCH AUF! Göppingen","TV Großwallstadt",19,22,FALSE,3,NA,NA,0,0,0,NA,0,0,0,0,0,0,NA,NA,NA,NA,NA,NA,NA,NA,0,0,0,0,NA,NA,NA,NA,NA
"Christian Patzer","c715a1de-3955-11ef-bc54-157c9bc18a5f",NA,NA,1973,"3/23/1974","69fa0068-3960-11ef-be21-2906cc9fb6bc","away","FRISCH AUF! Göppingen","TV Großwallstadt",19,22,FALSE,3,NA,NA,0,0,1,NA,0,0,0,0,0,0,NA,NA,NA,NA,NA,NA,NA,NA,0,0,0,0,NA,NA,NA,NA,NA
"Günter Schweikardt","d3e60b79-3953-11ef-9e8c-e3f2de03a1b7",NA,NA,1973,"3/23/1974","69fa0068-3960-11ef-be21-2906cc9fb6bc","away","FRISCH AUF! Göppingen","TV Großwallstadt",19,22,FALSE,3,NA,NA,0,0,0,NA,0,0,0,0,0,0,NA,NA,NA,NA,NA,NA,NA,NA,0,0,0,0,NA,NA,NA,NA,NA
"Walter Salzer","8d394c72-3955-11ef-8d73-81dc40648355",NA,NA,1973,"3/23/1974","6aab7a98-3960-11ef-82f8-2906cc9fb6bc","home","TV 1893 Neuhausen","SG Dietzenbach",10,13,FALSE,1,NA,NA,0,0,0,NA,0,0,0,0,0,0,NA,NA,NA,NA,NA,NA,NA,NA,0,0,0,0,NA,NA,NA,NA,NA
"Hermann Fritz","a4231bd1-3955-11ef-8299-2510cc07ea6e",NA,NA,1973,"3/23/1974","6aab7a98-3960-11ef-82f8-2906cc9fb6bc","home","TV 1893 Neuhausen","SG Dietzenbach",10,13,FALSE,0,NA,NA,0,0,0,NA,0,0,0,0,0,0,NA,NA,NA,NA,NA,NA,NA,NA,0,0,0,0,NA,NA,NA,NA,NA
"Klaus Stoll","a42e01cc-3955-11ef-b661-2510cc07ea6e",NA,NA,1973,"3/23/1974","6aab7a98-3960-11ef-82f8-2906cc9fb6bc","home","TV 1893 Neuhausen","SG Dietzenbach",10,13,FALSE,0,NA,NA,0,0,0,NA,0,0,0,0,0,0,NA,NA,NA,NA,NA,NA,NA,NA,0,0,0,0,NA,NA,NA,NA,NA
"Julius Lehmann","a448c9e2-3955-11ef-9bf8-2510cc07ea6e",NA,NA,1973,"3/23/1974","6aab7a98-3960-11ef-82f8-2906cc9fb6bc","home","TV 1893 Neuhausen","SG Dietzenbach",10,13,FALSE,0,NA,NA,0,0,0,NA,0,0,0,0,0,0,NA,NA,NA,NA,NA,NA,NA,NA,0,0,0,0,NA,NA,NA,NA,NA
"Manfred Reusch","a45a1b11-3955-11ef-8135-2510cc07ea6e",NA,NA,1973,"3/23/1974","6aab7a98-3960-11ef-82f8-2906cc9fb6bc","home","TV 1893 Neuhausen","SG Dietzenbach",10,13,FALSE,0,NA,NA,0,0,0,NA,0,0,0,0,0,0,NA,NA,NA,NA,NA,NA,NA,NA,0,0,0,0,NA,NA,NA,NA,NA
"Manfred Schmid","a468025d-3955-11ef-ae56-2510cc07ea6e",NA,NA,1973,"3/23/1974","6aab7a98-3960-11ef-82f8-2906cc9fb6bc","home","TV 1893 Neuhausen","SG Dietzenbach",10,13,FALSE,0,NA,NA,0,0,0,NA,0,0,0,0,0,0,NA,NA,NA,NA,NA,NA,NA,NA,0,0,0,0,NA,NA,NA,NA,NA
"Johann Högl","b2211f04-3955-11ef-a5bd-a36230ada079",NA,NA,1973,"3/23/1974","6aab7a98-3960-11ef-82f8-2906cc9fb6bc","home","TV 1893 Neuhausen","SG Dietzenbach",10,13,FALSE,4,NA,NA,0,0,0,NA,0,0,0,0,0,0,NA,NA,NA,NA,NA,NA,NA,NA,0,0,0,0,NA,NA,NA,NA,NA
"Martin Streicher","b2277c0b-3955-11ef-b9c1-a36230ada079",NA,NA,1973,"3/23/1974","6aab7a98-3960-11ef-82f8-2906cc9fb6bc","home","TV 1893 Neuhausen","SG Dietzenbach",10,13,FALSE,0,NA,NA,0,0,0,NA,0,0,0,0,0,0,NA,NA,NA,NA,NA,NA,NA,NA,0,0,0,0,NA,NA,NA,NA,NA
"Kurt Reusch","b22cb722-3955-11ef-b081-a36230ada079",NA,NA,1973,"3/23/1974","6aab7a98-3960-11ef-82f8-2906cc9fb6bc","home","TV 1893 Neuhausen","SG Dietzenbach",10,13,FALSE,4,NA,NA,0,0,1,NA,0,0,0,0,0,0,NA,NA,NA,NA,NA,NA,NA,NA,0,0,0,0,NA,NA,NA,NA,NA
"Bernd Scheid","c71f654f-3955-11ef-a98f-157c9bc18a5f",NA,NA,1973,"3/23/1974","6aab7a98-3960-11ef-82f8-2906cc9fb6bc","home","TV 1893 Neuhausen","SG Dietzenbach",10,13,FALSE,0,NA,NA,0,0,0,NA,0,0,0,0,0,0,NA,NA,NA,NA,NA,NA,NA,NA,0,0,0,0,NA,NA,NA,NA,NA
"Klaus Streicher","c728c012-3955-11ef-9cab-157c9bc18a5f",NA,NA,1973,"3/23/1974","6aab7a98-3960-11ef-82f8-2906cc9fb6bc","home","TV 1893 Neuhausen","SG Dietzenbach",10,13,FALSE,0,NA,NA,0,0,0,NA,0,0,0,0,0,0,NA,NA,NA,NA,NA,NA,NA,NA,0,0,0,0,NA,NA,NA,NA,NA
"Lothar Gradwohl","c72d20e3-3955-11ef-8433-157c9bc18a5f",NA,NA,1973,"3/23/1974","6aab7a98-3960-11ef-82f8-2906cc9fb6bc","home","TV 1893 Neuhausen","SG Dietzenbach",10,13,FALSE,1,NA,NA,0,0,0,NA,0,0,0,0,0,0,NA,NA,NA,NA,NA,NA,NA,NA,0,0,0,0,NA,NA,NA,NA,NA
"Heinz-Theo Kaus","8086fdf9-3955-11ef-938f-b908c60af10a",NA,NA,1973,"3/23/1974","6aab7a98-3960-11ef-82f8-2906cc9fb6bc","away","SG Dietzenbach","TV 1893 Neuhausen",13,10,TRUE,0,NA,NA,0,0,0,NA,0,0,0,0,0,0,NA,NA,NA,NA,NA,NA,NA,NA,0,0,0,0,NA,NA,NA,NA,NA
"Heinz-Walter Behne","8be65881-3955-11ef-8872-81dc40648355",NA,NA,1973,"3/23/1974","6aab7a98-3960-11ef-82f8-2906cc9fb6bc","away","SG Dietzenbach","TV 1893 Neuhausen",13,10,TRUE,1,NA,NA,0,0,0,NA,0,0,0,0,0,0,NA,NA,NA,NA,NA,NA,NA,NA,0,0,0,0,NA,NA,NA,NA,NA
"Herbert Wehnert","96e104db-3955-11ef-b58d-292be3190b7b",NA,NA,1973,"3/23/1974","6aab7a98-3960-11ef-82f8-2906cc9fb6bc","away","SG Dietzenbach","TV 1893 Neuhausen",13,10,TRUE,1,NA,NA,0,0,0,NA,0,0,0,0,0,0,NA,NA,NA,NA,NA,NA,NA,NA,0,0,0,0,NA,NA,NA,NA,NA
"Otto Allies","af191a75-3955-11ef-8c7e-a36230ada079",NA,NA,1973,"3/23/1974","6aab7a98-3960-11ef-82f8-2906cc9fb6bc","away","SG Dietzenbach","TV 1893 Neuhausen",13,10,TRUE,2,NA,NA,0,0,0,NA,0,0,0,0,0,0,NA,NA,NA,NA,NA,NA,NA,NA,0,0,0,0,NA,NA,NA,NA,NA
"Heinrich Baum","af2c6c48-3955-11ef-964a-a36230ada079",NA,NA,1973,"3/23/1974","6aab7a98-3960-11ef-82f8-2906cc9fb6bc","away","SG Dietzenbach","TV 1893 Neuhausen",13,10,TRUE,1,NA,NA,0,0,0,NA,0,0,0,0,0,0,NA,NA,NA,NA,NA,NA,NA,NA,0,0,0,0,NA,NA,NA,NA,NA
"Klaus Rettig","b1d1aa4c-3955-11ef-baf9-a36230ada079",NA,NA,1973,"3/23/1974","6aab7a98-3960-11ef-82f8-2906cc9fb6bc","away","SG Dietzenbach","TV 1893 Neuhausen",13,10,TRUE,3,NA,NA,0,0,0,NA,0,0,0,0,0,0,NA,NA,NA,NA,NA,NA,NA,NA,0,0,0,0,NA,NA,NA,NA,NA
"Reinhold Jerwan","b1d5c150-3955-11ef-9027-a36230ada079",NA,NA,1973,"3/23/1974","6aab7a98-3960-11ef-82f8-2906cc9fb6bc","away","SG Dietzenbach","TV 1893 Neuhausen",13,10,TRUE,2,NA,NA,0,0,0,NA,0,0,0,0,0,0,NA,NA,NA,NA,NA,NA,NA,NA,0,0,0,0,NA,NA,NA,NA,NA
"Norbert Kern","c6961a09-3955-11ef-8bcc-157c9bc18a5f",NA,NA,1973,"3/23/1974","6aab7a98-3960-11ef-82f8-2906cc9fb6bc","away","SG Dietzenbach","TV 1893 Neuhausen",13,10,TRUE,2,NA,NA,0,0,0,NA,0,0,0,0,0,0,NA,NA,NA,NA,NA,NA,NA,NA,0,0,0,0,NA,NA,NA,NA,NA
"Wolfgang Pelzer","c69f3508-3955-11ef-89d5-157c9bc18a5f",NA,NA,1973,"3/23/1974","6aab7a98-3960-11ef-82f8-2906cc9fb6bc","away","SG Dietzenbach","TV 1893 Neuhausen",13,10,TRUE,1,NA,NA,0,0,0,NA,0,0,0,0,0,0,NA,NA,NA,NA,NA,NA,NA,NA,0,0,0,0,NA,NA,NA,NA,NA
"Wilfried Wess","c6a3dc15-3955-11ef-b557-157c9bc18a5f",NA,NA,1973,"3/23/1974","6aab7a98-3960-11ef-82f8-2906cc9fb6bc","away","SG Dietzenbach","TV 1893 Neuhausen",13,10,TRUE,0,NA,NA,0,0,0,NA,0,0,0,0,0,0,NA,NA,NA,NA,NA,NA,NA,NA,0,0,0,0,NA,NA,NA,NA,NA
"Günther Kießling","c6aad65a-3955-11ef-87fb-157c9bc18a5f",NA,NA,1973,"3/23/1974","6aab7a98-3960-11ef-82f8-2906cc9fb6bc","away","SG Dietzenbach","TV 1893 Neuhausen",13,10,TRUE,0,NA,NA,0,0,0,NA,0,0,0,0,0,0,NA,NA,NA,NA,NA,NA,NA,NA,0,0,0,0,NA,NA,NA,NA,NA
"Klaus Meineke","8d0eefb2-3955-11ef-a068-81dc40648355",NA,NA,1973,"3/23/1974","71ad8b9a-3960-11ef-82e0-2906cc9fb6bc","home","TSV 1846 Butzbach","TSV 1896 Rintheim",21,19,TRUE,3,NA,NA,0,0,0,NA,0,0,0,0,0,0,NA,NA,NA,NA,NA,NA,NA,NA,0,0,0,0,NA,NA,NA,NA,NA
"Rolf Allendörfer","97c4e757-3955-11ef-8b41-292be3190b7b",NA,NA,1973,"3/23/1974","71ad8b9a-3960-11ef-82e0-2906cc9fb6bc","home","TSV 1846 Butzbach","TSV 1896 Rintheim",21,19,TRUE,3,NA,NA,0,0,0,NA,0,0,0,0,0,0,NA,NA,NA,NA,NA,NA,NA,NA,0,0,0,0,NA,NA,NA,NA,NA
"Günter Werner","af912645-3955-11ef-a6b3-a36230ada079",NA,NA,1973,"3/23/1974","71ad8b9a-3960-11ef-82e0-2906cc9fb6bc","home","TSV 1846 Butzbach","TSV 1896 Rintheim",21,19,TRUE,0,NA,NA,0,0,0,NA,0,0,0,0,0,0,NA,NA,NA,NA,NA,NA,NA,NA,0,0,0,0,NA,NA,NA,NA,NA
"Günter Timmermann","bb79f127-3955-11ef-ae8c-ab397f561917",NA,NA,1973,"3/23/1974","71ad8b9a-3960-11ef-82e0-2906cc9fb6bc","home","TSV 1846 Butzbach","TSV 1896 Rintheim",21,19,TRUE,0,NA,NA,0,0,0,NA,0,0,0,0,0,0,NA,NA,NA,NA,NA,NA,NA,NA,0,0,0,0,NA,NA,NA,NA,NA
"Günter Bormann","bc2b728c-3955-11ef-9c10-ab397f561917",NA,NA,1973,"3/23/1974","71ad8b9a-3960-11ef-82e0-2906cc9fb6bc","home","TSV 1846 Butzbach","TSV 1896 Rintheim",21,19,TRUE,0,NA,NA,0,0,0,NA,0,0,0,0,0,0,NA,NA,NA,NA,NA,NA,NA,NA,0,0,0,0,NA,NA,NA,NA,NA
"Rolf Grotegut","bc3000ec-3955-11ef-97c5-ab397f561917",NA,NA,1973,"3/23/1974","71ad8b9a-3960-11ef-82e0-2906cc9fb6bc","home","TSV 1846 Butzbach","TSV 1896 Rintheim",21,19,TRUE,2,NA,NA,0,0,0,NA,0,0,0,0,0,0,NA,NA,NA,NA,NA,NA,NA,NA,0,0,0,0,NA,NA,NA,NA,NA
"Hans-Joachim Röhrig","bc371f1f-3955-11ef-bcd4-ab397f561917",NA,NA,1973,"3/23/1974","71ad8b9a-3960-11ef-82e0-2906cc9fb6bc","home","TSV 1846 Butzbach","TSV 1896 Rintheim",21,19,TRUE,4,NA,NA,0,0,2,NA,0,0,0,0,0,0,NA,NA,NA,NA,NA,NA,NA,NA,0,0,0,0,NA,NA,NA,NA,NA
"Alfred Walter","bc3f22f5-3955-11ef-9558-ab397f561917",NA,NA,1973,"3/23/1974","71ad8b9a-3960-11ef-82e0-2906cc9fb6bc","home","TSV 1846 Butzbach","TSV 1896 Rintheim",21,19,TRUE,2,NA,NA,0,0,2,NA,0,0,0,0,0,0,NA,NA,NA,NA,NA,NA,NA,NA,0,0,0,0,NA,NA,NA,NA,NA
"Bernd Lind","bc4b1939-3955-11ef-95dd-ab397f561917",NA,NA,1973,"3/23/1974","71ad8b9a-3960-11ef-82e0-2906cc9fb6bc","home","TSV 1846 Butzbach","TSV 1896 Rintheim",21,19,TRUE,3,NA,NA,0,0,0,NA,0,0,0,0,0,0,NA,NA,NA,NA,NA,NA,NA,NA,0,0,0,0,NA,NA,NA,NA,NA
"Robert Ringleb","bc52ae17-3955-11ef-80f1-ab397f561917",NA,NA,1973,"3/23/1974","71ad8b9a-3960-11ef-82e0-2906cc9fb6bc","home","TSV 1846 Butzbach","TSV 1896 Rintheim",21,19,TRUE,2,NA,NA,0,0,0,NA,0,0,0,0,0,0,NA,NA,NA,NA,NA,NA,NA,NA,0,0,0,0,NA,NA,NA,NA,NA
"Anton Turkalj","c6dcd936-3955-11ef-9d1b-157c9bc18a5f",NA,NA,1973,"3/23/1974","71ad8b9a-3960-11ef-82e0-2906cc9fb6bc","home","TSV 1846 Butzbach","TSV 1896 Rintheim",21,19,TRUE,2,NA,NA,0,0,1,NA,0,0,0,0,0,0,NA,NA,NA,NA,NA,NA,NA,NA,0,0,0,0,NA,NA,NA,NA,NA
"Manfred Schulz","8bc2b5ea-3955-11ef-8d03-81dc40648355",NA,NA,1973,"3/23/1974","71ad8b9a-3960-11ef-82e0-2906cc9fb6bc","away","TSV 1896 Rintheim","TSV 1846 Butzbach",19,21,FALSE,0,NA,NA,0,0,0,NA,0,0,0,0,0,0,NA,NA,NA,NA,NA,NA,NA,NA,0,0,0,0,NA,NA,NA,NA,NA
"Wolf-Dieter Nagel","8d41486b-3955-11ef-8d22-81dc40648355",NA,NA,1973,"3/23/1974","71ad8b9a-3960-11ef-82e0-2906cc9fb6bc","away","TSV 1896 Rintheim","TSV 1846 Butzbach",19,21,FALSE,7,NA,NA,0,0,0,NA,0,0,0,0,0,0,NA,NA,NA,NA,NA,NA,NA,NA,0,0,0,0,NA,NA,NA,NA,NA
"Hermann Lenz","97614b22-3955-11ef-94c6-292be3190b7b",NA,NA,1973,"3/23/1974","71ad8b9a-3960-11ef-82e0-2906cc9fb6bc","away","TSV 1896 Rintheim","TSV 1846 Butzbach",19,21,FALSE,0,NA,NA,0,0,0,NA,0,0,0,0,0,0,NA,NA,NA,NA,NA,NA,NA,NA,0,0,0,0,NA,NA,NA,NA,NA
"Franz Bechler","98035d7e-3955-11ef-8b94-292be3190b7b",NA,NA,1973,"3/23/1974","71ad8b9a-3960-11ef-82e0-2906cc9fb6bc","away","TSV 1896 Rintheim","TSV 1846 Butzbach",19,21,FALSE,1,NA,NA,0,0,0,NA,0,0,0,0,0,0,NA,NA,NA,NA,NA,NA,NA,NA,0,0,0,0,NA,NA,NA,NA,NA
"Max Müller","99453a6b-3955-11ef-84c2-292be3190b7b",NA,NA,1973,"3/23/1974","71ad8b9a-3960-11ef-82e0-2906cc9fb6bc","away","TSV 1896 Rintheim","TSV 1846 Butzbach",19,21,FALSE,6,NA,NA,0,0,4,NA,0,0,0,0,0,0,NA,NA,NA,NA,NA,NA,NA,NA,0,0,0,0,NA,NA,NA,NA,NA
"Wilfried Job","af3ed007-3955-11ef-9184-a36230ada079",NA,NA,1973,"3/23/1974","71ad8b9a-3960-11ef-82e0-2906cc9fb6bc","away","TSV 1896 Rintheim","TSV 1846 Butzbach",19,21,FALSE,1,NA,NA,0,0,0,NA,0,0,0,0,0,0,NA,NA,NA,NA,NA,NA,NA,NA,0,0,0,0,NA,NA,NA,NA,NA
"Claus Erles","af42e492-3955-11ef-a26e-a36230ada079",NA,NA,1973,"3/23/1974","71ad8b9a-3960-11ef-82e0-2906cc9fb6bc","away","TSV 1896 Rintheim","TSV 1846 Butzbach",19,21,FALSE,0,NA,NA,0,0,0,NA,0,0,0,0,0,0,NA,NA,NA,NA,NA,NA,NA,NA,0,0,0,0,NA,NA,NA,NA,NA
"Peter Maier","af4e0d17-3955-11ef-8763-a36230ada079",NA,NA,1973,"3/23/1974","71ad8b9a-3960-11ef-82e0-2906cc9fb6bc","away","TSV 1896 Rintheim","TSV 1846 Butzbach",19,21,FALSE,0,NA,NA,0,0,0,NA,0,0,0,0,0,0,NA,NA,NA,NA,NA,NA,NA,NA,0,0,0,0,NA,NA,NA,NA,NA
"Bernd Seibel","bc6670d9-3955-11ef-b849-ab397f561917",NA,NA,1973,"3/23/1974","71ad8b9a-3960-11ef-82e0-2906cc9fb6bc","away","TSV 1896 Rintheim","TSV 1846 Butzbach",19,21,FALSE,2,NA,NA,0,0,0,NA,0,0,0,0,0,0,NA,NA,NA,NA,NA,NA,NA,NA,0,0,0,0,NA,NA,NA,NA,NA
"Wolfgang Dillenberger","bc6a40c8-3955-11ef-8c9f-ab397f561917",NA,NA,1973,"3/23/1974","71ad8b9a-3960-11ef-82e0-2906cc9fb6bc","away","TSV 1896 Rintheim","TSV 1846 Butzbach",19,21,FALSE,2,NA,NA,0,0,0,NA,0,0,0,0,0,0,NA,NA,NA,NA,NA,NA,NA,NA,0,0,0,0,NA,NA,NA,NA,NA
"Max Ullrich","c6e110c6-3955-11ef-83e4-157c9bc18a5f",NA,NA,1973,"3/23/1974","71ad8b9a-3960-11ef-82e0-2906cc9fb6bc","away","TSV 1896 Rintheim","TSV 1846 Butzbach",19,21,FALSE,0,NA,NA,0,0,0,NA,0,0,0,0,0,0,NA,NA,NA,NA,NA,NA,NA,NA,0,0,0,0,NA,NA,NA,NA,NA
"Roland Kühnle","c6f228fe-3955-11ef-a362-157c9bc18a5f",NA,NA,1973,"3/23/1974","71ad8b9a-3960-11ef-82e0-2906cc9fb6bc","away","TSV 1896 Rintheim","TSV 1846 Butzbach",19,21,FALSE,0,NA,NA,0,0,0,NA,0,0,0,0,0,0,NA,NA,NA,NA,NA,NA,NA,NA,0,0,0,0,NA,NA,NA,NA,NA
"Heiner Brand","44e82d45-3955-11ef-bc71-4fa817cd91bb",NA,NA,1973,"3/27/1974","5c3f294b-3960-11ef-ac14-7b2e16e5ffcd","home","VfL Gummersbach","VfL Lübeck-Schwartau",18,15,TRUE,2,NA,NA,0,0,0,NA,0,0,0,0,0,0,NA,NA,NA,NA,NA,NA,NA,NA,0,0,0,0,NA,NA,NA,NA,NA
"Klaus Kater","8da1f6ef-3955-11ef-b31a-81dc40648355",NA,NA,1973,"3/27/1974","5c3f294b-3960-11ef-ac14-7b2e16e5ffcd","home","VfL Gummersbach","VfL Lübeck-Schwartau",18,15,TRUE,0,NA,NA,0,0,0,NA,0,0,0,0,0,0,NA,NA,NA,NA,NA,NA,NA,NA,0,0,0,0,NA,NA,NA,NA,NA
"Klaus Schlagheck","97a06613-3955-11ef-8056-292be3190b7b",NA,NA,1973,"3/27/1974","5c3f294b-3960-11ef-ac14-7b2e16e5ffcd","home","VfL Gummersbach","VfL Lübeck-Schwartau",18,15,TRUE,2,NA,NA,0,0,0,NA,0,0,0,0,0,0,NA,NA,NA,NA,NA,NA,NA,NA,0,0,0,0,NA,NA,NA,NA,NA
"Joachim Deckarm","9976945f-3955-11ef-afc4-292be3190b7b",NA,NA,1973,"3/27/1974","5c3f294b-3960-11ef-ac14-7b2e16e5ffcd","home","VfL Gummersbach","VfL Lübeck-Schwartau",18,15,TRUE,3,NA,NA,0,0,0,NA,0,0,0,0,0,0,NA,NA,NA,NA,NA,NA,NA,NA,0,0,0,0,NA,NA,NA,NA,NA
"Achim Henseler","a182e874-3955-11ef-95ce-2510cc07ea6e",NA,NA,1973,"3/27/1974","5c3f294b-3960-11ef-ac14-7b2e16e5ffcd","home","VfL Gummersbach","VfL Lübeck-Schwartau",18,15,TRUE,1,NA,NA,0,0,0,NA,0,0,0,0,0,0,NA,NA,NA,NA,NA,NA,NA,NA,0,0,0,0,NA,NA,NA,NA,NA
"Jochen Feldhoff","a32751a5-3955-11ef-badf-2510cc07ea6e",NA,NA,1973,"3/27/1974","5c3f294b-3960-11ef-ac14-7b2e16e5ffcd","home","VfL Gummersbach","VfL Lübeck-Schwartau",18,15,TRUE,1,NA,NA,0,0,0,NA,0,0,0,0,0,0,NA,NA,NA,NA,NA,NA,NA,NA,0,0,0,0,NA,NA,NA,NA,NA
"Werner Lettgen","ae263c3c-3955-11ef-96f7-a36230ada079",NA,NA,1973,"3/27/1974","5c3f294b-3960-11ef-ac14-7b2e16e5ffcd","home","VfL Gummersbach","VfL Lübeck-Schwartau",18,15,TRUE,1,NA,NA,0,0,0,NA,0,0,0,0,0,0,NA,NA,NA,NA,NA,NA,NA,NA,0,0,0,0,NA,NA,NA,NA,NA
"Hans-Günther Schmidt","aff5702f-3955-11ef-9878-a36230ada079",NA,NA,1973,"3/27/1974","5c3f294b-3960-11ef-ac14-7b2e16e5ffcd","home","VfL Gummersbach","VfL Lübeck-Schwartau",18,15,TRUE,4,NA,NA,0,0,1,NA,0,0,0,0,0,0,NA,NA,NA,NA,NA,NA,NA,NA,0,0,0,0,NA,NA,NA,NA,NA
"Jochen Brand","ba44375c-3955-11ef-a5d6-ab397f561917",NA,NA,1973,"3/27/1974","5c3f294b-3960-11ef-ac14-7b2e16e5ffcd","home","VfL Gummersbach","VfL Lübeck-Schwartau",18,15,TRUE,1,NA,NA,0,0,0,NA,0,0,0,0,0,0,NA,NA,NA,NA,NA,NA,NA,NA,0,0,0,0,NA,NA,NA,NA,NA
"Helmut Kosmehl","bc7d7cdd-3955-11ef-a338-ab397f561917",NA,NA,1973,"3/27/1974","5c3f294b-3960-11ef-ac14-7b2e16e5ffcd","home","VfL Gummersbach","VfL Lübeck-Schwartau",18,15,TRUE,3,NA,NA,0,0,0,NA,0,0,0,0,0,0,NA,NA,NA,NA,NA,NA,NA,NA,0,0,0,0,NA,NA,NA,NA,NA
"Harald Lüth","a552c518-3955-11ef-8a68-2510cc07ea6e",NA,NA,1973,"3/27/1974","5c3f294b-3960-11ef-ac14-7b2e16e5ffcd","away","VfL Lübeck-Schwartau","VfL Gummersbach",15,18,FALSE,2,NA,NA,0,0,0,NA,0,0,0,0,0,0,NA,NA,NA,NA,NA,NA,NA,NA,0,0,0,0,NA,NA,NA,NA,NA
"Michael Dogs","b0cecb4a-3955-11ef-b665-a36230ada079",NA,NA,1973,"3/27/1974","5c3f294b-3960-11ef-ac14-7b2e16e5ffcd","away","VfL Lübeck-Schwartau","VfL Gummersbach",15,18,FALSE,0,NA,NA,0,0,0,NA,0,0,0,0,0,0,NA,NA,NA,NA,NA,NA,NA,NA,0,0,0,0,NA,NA,NA,NA,NA
"Peter Görtz","b0e9ae8f-3955-11ef-aa48-a36230ada079",NA,NA,1973,"3/27/1974","5c3f294b-3960-11ef-ac14-7b2e16e5ffcd","away","VfL Lübeck-Schwartau","VfL Gummersbach",15,18,FALSE,1,NA,NA,0,0,0,NA,0,0,0,0,0,0,NA,NA,NA,NA,NA,NA,NA,NA,0,0,0,0,NA,NA,NA,NA,NA
"Ulrich Kleinstoll","b0f37438-3955-11ef-84e6-a36230ada079",NA,NA,1973,"3/27/1974","5c3f294b-3960-11ef-ac14-7b2e16e5ffcd","away","VfL Lübeck-Schwartau","VfL Gummersbach",15,18,FALSE,1,NA,NA,0,0,0,NA,0,0,0,0,0,0,NA,NA,NA,NA,NA,NA,NA,NA,0,0,0,0,NA,NA,NA,NA,NA
"Thomas Kluth","b0f877c0-3955-11ef-a314-a36230ada079",NA,NA,1973,"3/27/1974","5c3f294b-3960-11ef-ac14-7b2e16e5ffcd","away","VfL Lübeck-Schwartau","VfL Gummersbach",15,18,FALSE,1,NA,NA,0,0,0,NA,0,0,0,0,0,0,NA,NA,NA,NA,NA,NA,NA,NA,0,0,0,0,NA,NA,NA,NA,NA
"Bernd Heiden","baf62966-3955-11ef-b7e1-ab397f561917",NA,NA,1973,"3/27/1974","5c3f294b-3960-11ef-ac14-7b2e16e5ffcd","away","VfL Lübeck-Schwartau","VfL Gummersbach",15,18,FALSE,5,NA,NA,0,0,0,NA,0,0,0,0,0,0,NA,NA,NA,NA,NA,NA,NA,NA,0,0,0,0,NA,NA,NA,NA,NA
"Klaus Lange","bafb51f3-3955-11ef-9864-ab397f561917",NA,NA,1973,"3/27/1974","5c3f294b-3960-11ef-ac14-7b2e16e5ffcd","away","VfL Lübeck-Schwartau","VfL Gummersbach",15,18,FALSE,2,NA,NA,0,0,0,NA,0,0,0,0,0,0,NA,NA,NA,NA,NA,NA,NA,NA,0,0,0,0,NA,NA,NA,NA,NA
"Georg Pohl","baff6cee-3955-11ef-a80f-ab397f561917",NA,NA,1973,"3/27/1974","5c3f294b-3960-11ef-ac14-7b2e16e5ffcd","away","VfL Lübeck-Schwartau","VfL Gummersbach",15,18,FALSE,1,NA,NA,0,0,0,NA,0,0,0,0,0,0,NA,NA,NA,NA,NA,NA,NA,NA,0,0,0,0,NA,NA,NA,NA,NA
"Manfred Kuhnke","bb039049-3955-11ef-bdc6-ab397f561917",NA,NA,1973,"3/27/1974","5c3f294b-3960-11ef-ac14-7b2e16e5ffcd","away","VfL Lübeck-Schwartau","VfL Gummersbach",15,18,FALSE,2,NA,NA,0,0,0,NA,0,0,0,0,0,0,NA,NA,NA,NA,NA,NA,NA,NA,0,0,0,0,NA,NA,NA,NA,NA
"Hans-Jörg Graeper","964d8ebc-3955-11ef-a25b-292be3190b7b",NA,NA,1973,"3/29/1974","5c4f355a-3960-11ef-bfd0-7b2e16e5ffcd","home","TV Grambke Bremen","VfL Gummersbach",21,21,FALSE,5,NA,NA,0,0,0,NA,0,0,0,0,0,0,NA,NA,NA,NA,NA,NA,NA,NA,0,0,0,0,NA,NA,NA,NA,NA
"Rolf Harjes","9854972c-3955-11ef-b163-292be3190b7b",NA,NA,1973,"3/29/1974","5c4f355a-3960-11ef-bfd0-7b2e16e5ffcd","home","TV Grambke Bremen","VfL Gummersbach",21,21,FALSE,7,NA,NA,0,0,6,NA,0,0,0,0,0,0,NA,NA,NA,NA,NA,NA,NA,NA,0,0,0,0,NA,NA,NA,NA,NA
"Rolf Dierks","a5420b05-3955-11ef-a0f4-2510cc07ea6e",NA,NA,1973,"3/29/1974","5c4f355a-3960-11ef-bfd0-7b2e16e5ffcd","home","TV Grambke Bremen","VfL Gummersbach",21,21,FALSE,1,NA,NA,0,0,0,NA,0,0,0,0,0,0,NA,NA,NA,NA,NA,NA,NA,NA,0,0,0,0,NA,NA,NA,NA,NA
"Wilfried Lankenau","a547caa3-3955-11ef-8b17-2510cc07ea6e",NA,NA,1973,"3/29/1974","5c4f355a-3960-11ef-bfd0-7b2e16e5ffcd","home","TV Grambke Bremen","VfL Gummersbach",21,21,FALSE,3,NA,NA,0,0,0,NA,0,0,0,0,0,0,NA,NA,NA,NA,NA,NA,NA,NA,0,0,0,0,NA,NA,NA,NA,NA
"Willi Hohn","a54d65b4-3955-11ef-86a4-2510cc07ea6e",NA,NA,1973,"3/29/1974","5c4f355a-3960-11ef-bfd0-7b2e16e5ffcd","home","TV Grambke Bremen","VfL Gummersbach",21,21,FALSE,2,NA,NA,0,0,0,NA,0,0,0,0,0,0,NA,NA,NA,NA,NA,NA,NA,NA,0,0,0,0,NA,NA,NA,NA,NA
"Peter Wilde","a5638a05-3955-11ef-8647-2510cc07ea6e",NA,NA,1973,"3/29/1974","5c4f355a-3960-11ef-bfd0-7b2e16e5ffcd","home","TV Grambke Bremen","VfL Gummersbach",21,21,FALSE,2,NA,NA,0,0,0,NA,0,0,0,0,0,0,NA,NA,NA,NA,NA,NA,NA,NA,0,0,0,0,NA,NA,NA,NA,NA
"Rainer Lange","ba95832e-3955-11ef-aa24-ab397f561917",NA,NA,1973,"3/29/1974","5c4f355a-3960-11ef-bfd0-7b2e16e5ffcd","home","TV Grambke Bremen","VfL Gummersbach",21,21,FALSE,0,NA,NA,0,0,0,NA,0,0,0,0,0,0,NA,NA,NA,NA,NA,NA,NA,NA,0,0,0,0,NA,NA,NA,NA,NA
"Klaus Hohn","baa006c5-3955-11ef-942e-ab397f561917",NA,NA,1973,"3/29/1974","5c4f355a-3960-11ef-bfd0-7b2e16e5ffcd","home","TV Grambke Bremen","VfL Gummersbach",21,21,FALSE,0,NA,NA,0,0,0,NA,0,0,0,0,0,0,NA,NA,NA,NA,NA,NA,NA,NA,0,0,0,0,NA,NA,NA,NA,NA
"Karl-Heinz Bierwirth","baa76751-3955-11ef-b78b-ab397f561917",NA,NA,1973,"3/29/1974","5c4f355a-3960-11ef-bfd0-7b2e16e5ffcd","home","TV Grambke Bremen","VfL Gummersbach",21,21,FALSE,1,NA,NA,0,0,0,NA,0,0,0,0,0,0,NA,NA,NA,NA,NA,NA,NA,NA,0,0,0,0,NA,NA,NA,NA,NA
"Günter Heermann","baabe2e5-3955-11ef-9d71-ab397f561917",NA,NA,1973,"3/29/1974","5c4f355a-3960-11ef-bfd0-7b2e16e5ffcd","home","TV Grambke Bremen","VfL Gummersbach",21,21,FALSE,0,NA,NA,0,0,0,NA,0,0,0,0,0,0,NA,NA,NA,NA,NA,NA,NA,NA,0,0,0,0,NA,NA,NA,NA,NA
"Günter Meßmer","babf1fc6-3955-11ef-975c-ab397f561917",NA,NA,1973,"3/29/1974","5c4f355a-3960-11ef-bfd0-7b2e16e5ffcd","home","TV Grambke Bremen","VfL Gummersbach",21,21,FALSE,0,NA,NA,0,0,0,NA,0,0,0,0,0,0,NA,NA,NA,NA,NA,NA,NA,NA,0,0,0,0,NA,NA,NA,NA,NA
"Reimer Hinrichs","baf246ff-3955-11ef-b172-ab397f561917",NA,NA,1973,"3/29/1974","5c4f355a-3960-11ef-bfd0-7b2e16e5ffcd","home","TV Grambke Bremen","VfL Gummersbach",21,21,FALSE,0,NA,NA,0,0,0,NA,0,0,0,0,0,0,NA,NA,NA,NA,NA,NA,NA,NA,0,0,0,0,NA,NA,NA,NA,NA
"Heiner Brand","44e82d45-3955-11ef-bc71-4fa817cd91bb",NA,NA,1973,"3/29/1974","5c4f355a-3960-11ef-bfd0-7b2e16e5ffcd","away","VfL Gummersbach","TV Grambke Bremen",21,21,FALSE,3,NA,NA,0,0,0,NA,0,0,0,0,0,0,NA,NA,NA,NA,NA,NA,NA,NA,0,0,0,0,NA,NA,NA,NA,NA
"Klaus Westebbe","8c58f63a-3955-11ef-b65e-81dc40648355",NA,NA,1973,"3/29/1974","5c4f355a-3960-11ef-bfd0-7b2e16e5ffcd","away","VfL Gummersbach","TV Grambke Bremen",21,21,FALSE,1,NA,NA,0,0,0,NA,0,0,0,0,0,0,NA,NA,NA,NA,NA,NA,NA,NA,0,0,0,0,NA,NA,NA,NA,NA
"Klaus Kater","8da1f6ef-3955-11ef-b31a-81dc40648355",NA,NA,1973,"3/29/1974","5c4f355a-3960-11ef-bfd0-7b2e16e5ffcd","away","VfL Gummersbach","TV Grambke Bremen",21,21,FALSE,0,NA,NA,0,0,0,NA,0,0,0,0,0,0,NA,NA,NA,NA,NA,NA,NA,NA,0,0,0,0,NA,NA,NA,NA,NA
"Klaus Schlagheck","97a06613-3955-11ef-8056-292be3190b7b",NA,NA,1973,"3/29/1974","5c4f355a-3960-11ef-bfd0-7b2e16e5ffcd","away","VfL Gummersbach","TV Grambke Bremen",21,21,FALSE,2,NA,NA,0,0,0,NA,0,0,0,0,0,0,NA,NA,NA,NA,NA,NA,NA,NA,0,0,0,0,NA,NA,NA,NA,NA
"Joachim Deckarm","9976945f-3955-11ef-afc4-292be3190b7b",NA,NA,1973,"3/29/1974","5c4f355a-3960-11ef-bfd0-7b2e16e5ffcd","away","VfL Gummersbach","TV Grambke Bremen",21,21,FALSE,3,NA,NA,0,0,0,NA,0,0,0,0,0,0,NA,NA,NA,NA,NA,NA,NA,NA,0,0,0,0,NA,NA,NA,NA,NA
"Achim Henseler","a182e874-3955-11ef-95ce-2510cc07ea6e",NA,NA,1973,"3/29/1974","5c4f355a-3960-11ef-bfd0-7b2e16e5ffcd","away","VfL Gummersbach","TV Grambke Bremen",21,21,FALSE,0,NA,NA,0,0,0,NA,0,0,0,0,0,0,NA,NA,NA,NA,NA,NA,NA,NA,0,0,0,0,NA,NA,NA,NA,NA
"Jochen Feldhoff","a32751a5-3955-11ef-badf-2510cc07ea6e",NA,NA,1973,"3/29/1974","5c4f355a-3960-11ef-bfd0-7b2e16e5ffcd","away","VfL Gummersbach","TV Grambke Bremen",21,21,FALSE,2,NA,NA,0,0,0,NA,0,0,0,0,0,0,NA,NA,NA,NA,NA,NA,NA,NA,0,0,0,0,NA,NA,NA,NA,NA
"Werner Lettgen","ae263c3c-3955-11ef-96f7-a36230ada079",NA,NA,1973,"3/29/1974","5c4f355a-3960-11ef-bfd0-7b2e16e5ffcd","away","VfL Gummersbach","TV Grambke Bremen",21,21,FALSE,0,NA,NA,0,0,0,NA,0,0,0,0,0,0,NA,NA,NA,NA,NA,NA,NA,NA,0,0,0,0,NA,NA,NA,NA,NA
"Hans-Günther Schmidt","aff5702f-3955-11ef-9878-a36230ada079",NA,NA,1973,"3/29/1974","5c4f355a-3960-11ef-bfd0-7b2e16e5ffcd","away","VfL Gummersbach","TV Grambke Bremen",21,21,FALSE,8,NA,NA,0,0,4,NA,0,0,0,0,0,0,NA,NA,NA,NA,NA,NA,NA,NA,0,0,0,0,NA,NA,NA,NA,NA
"Helmut Kosmehl","bc7d7cdd-3955-11ef-a338-ab397f561917",NA,NA,1973,"3/29/1974","5c4f355a-3960-11ef-bfd0-7b2e16e5ffcd","away","VfL Gummersbach","TV Grambke Bremen",21,21,FALSE,2,NA,NA,0,0,0,NA,0,0,0,0,0,0,NA,NA,NA,NA,NA,NA,NA,NA,0,0,0,0,NA,NA,NA,NA,NA
"Jürgen Pook","8c289b4b-3955-11ef-889f-81dc40648355",NA,NA,1973,"3/29/1974","5d7c26c8-3960-11ef-9d72-7b2e16e5ffcd","home","GWD Minden","Hamburger SV",18,11,TRUE,1,NA,NA,0,0,0,NA,0,0,0,0,0,0,NA,NA,NA,NA,NA,NA,NA,NA,0,0,0,0,NA,NA,NA,NA,NA
"Bernhard Busch","8dc9280f-3955-11ef-80e2-81dc40648355",NA,NA,1973,"3/29/1974","5d7c26c8-3960-11ef-9d72-7b2e16e5ffcd","home","GWD Minden","Hamburger SV",18,11,TRUE,5,NA,NA,0,0,1,NA,0,0,0,0,0,0,NA,NA,NA,NA,NA,NA,NA,NA,0,0,0,0,NA,NA,NA,NA,NA
"Gerd Becker","96f1e245-3955-11ef-80bc-292be3190b7b",NA,NA,1973,"3/29/1974","5d7c26c8-3960-11ef-9d72-7b2e16e5ffcd","home","GWD Minden","Hamburger SV",18,11,TRUE,1,NA,NA,0,0,0,NA,0,0,0,0,0,0,NA,NA,NA,NA,NA,NA,NA,NA,0,0,0,0,NA,NA,NA,NA,NA
"Gerald Schüler","96fc1532-3955-11ef-bddd-292be3190b7b",NA,NA,1973,"3/29/1974","5d7c26c8-3960-11ef-9d72-7b2e16e5ffcd","home","GWD Minden","Hamburger SV",18,11,TRUE,0,NA,NA,0,0,0,NA,0,0,0,0,0,0,NA,NA,NA,NA,NA,NA,NA,NA,0,0,0,0,NA,NA,NA,NA,NA
"Martin Karcher","980f80ce-3955-11ef-8054-292be3190b7b",NA,NA,1973,"3/29/1974","5d7c26c8-3960-11ef-9d72-7b2e16e5ffcd","home","GWD Minden","Hamburger SV",18,11,TRUE,0,NA,NA,0,0,0,NA,0,0,0,0,0,0,NA,NA,NA,NA,NA,NA,NA,NA,0,0,0,0,NA,NA,NA,NA,NA
"Gerhard Buddenbohm","98e2ecac-3955-11ef-b2de-292be3190b7b",NA,NA,1973,"3/29/1974","5d7c26c8-3960-11ef-9d72-7b2e16e5ffcd","home","GWD Minden","Hamburger SV",18,11,TRUE,3,NA,NA,0,0,0,NA,0,0,0,0,0,0,NA,NA,NA,NA,NA,NA,NA,NA,0,0,0,0,NA,NA,NA,NA,NA
"Hans Kramer","98f50290-3955-11ef-8aa8-292be3190b7b",NA,NA,1973,"3/29/1974","5d7c26c8-3960-11ef-9d72-7b2e16e5ffcd","home","GWD Minden","Hamburger SV",18,11,TRUE,1,NA,NA,0,0,0,NA,0,0,0,0,0,0,NA,NA,NA,NA,NA,NA,NA,NA,0,0,0,0,NA,NA,NA,NA,NA
"Wilfried Meyer","a34b2aa0-3955-11ef-a79c-2510cc07ea6e",NA,NA,1973,"3/29/1974","5d7c26c8-3960-11ef-9d72-7b2e16e5ffcd","home","GWD Minden","Hamburger SV",18,11,TRUE,0,NA,NA,0,0,0,NA,0,0,0,0,0,0,NA,NA,NA,NA,NA,NA,NA,NA,0,0,0,0,NA,NA,NA,NA,NA
"Jobst-Erich Rehse","b00be251-3955-11ef-ac35-a36230ada079",NA,NA,1973,"3/29/1974","5d7c26c8-3960-11ef-9d72-7b2e16e5ffcd","home","GWD Minden","Hamburger SV",18,11,TRUE,2,NA,NA,0,0,0,NA,0,0,0,0,0,0,NA,NA,NA,NA,NA,NA,NA,NA,0,0,0,0,NA,NA,NA,NA,NA
"Wilfried Drögemeier","ba63ada7-3955-11ef-a04d-ab397f561917",NA,NA,1973,"3/29/1974","5d7c26c8-3960-11ef-9d72-7b2e16e5ffcd","home","GWD Minden","Hamburger SV",18,11,TRUE,3,NA,NA,0,0,0,NA,0,0,0,0,0,0,NA,NA,NA,NA,NA,NA,NA,NA,0,0,0,0,NA,NA,NA,NA,NA
"Otto Weng","bcfbec1c-3955-11ef-b4f4-ab397f561917",NA,NA,1973,"3/29/1974","5d7c26c8-3960-11ef-9d72-7b2e16e5ffcd","home","GWD Minden","Hamburger SV",18,11,TRUE,2,NA,NA,0,0,2,NA,0,0,0,0,0,0,NA,NA,NA,NA,NA,NA,NA,NA,0,0,0,0,NA,NA,NA,NA,NA
"Peter Pickel","8c973b42-3955-11ef-8c71-81dc40648355",NA,NA,1973,"3/29/1974","5d7c26c8-3960-11ef-9d72-7b2e16e5ffcd","away","Hamburger SV","GWD Minden",11,18,FALSE,2,NA,NA,0,0,2,NA,0,0,0,0,0,0,NA,NA,NA,NA,NA,NA,NA,NA,0,0,0,0,NA,NA,NA,NA,NA
"Hans-Jürgen Bode","b011e6da-3955-11ef-8205-a36230ada079",NA,NA,1973,"3/29/1974","5d7c26c8-3960-11ef-9d72-7b2e16e5ffcd","away","Hamburger SV","GWD Minden",11,18,FALSE,0,NA,NA,0,0,0,NA,0,0,0,0,0,0,NA,NA,NA,NA,NA,NA,NA,NA,0,0,0,0,NA,NA,NA,NA,NA
"Rainer Witt","b02adaad-3955-11ef-b8c4-a36230ada079",NA,NA,1973,"3/29/1974","5d7c26c8-3960-11ef-9d72-7b2e16e5ffcd","away","Hamburger SV","GWD Minden",11,18,FALSE,0,NA,NA,0,0,0,NA,0,0,0,0,0,0,NA,NA,NA,NA,NA,NA,NA,NA,0,0,0,0,NA,NA,NA,NA,NA
"Jens Ivers","b02f4aea-3955-11ef-801e-a36230ada079",NA,NA,1973,"3/29/1974","5d7c26c8-3960-11ef-9d72-7b2e16e5ffcd","away","Hamburger SV","GWD Minden",11,18,FALSE,2,NA,NA,0,0,0,NA,0,0,0,0,0,0,NA,NA,NA,NA,NA,NA,NA,NA,0,0,0,0,NA,NA,NA,NA,NA
"Hans-Joachim Beißel","b0341bcb-3955-11ef-9e08-a36230ada079",NA,NA,1973,"3/29/1974","5d7c26c8-3960-11ef-9d72-7b2e16e5ffcd","away","Hamburger SV","GWD Minden",11,18,FALSE,1,NA,NA,0,0,0,NA,0,0,0,0,0,0,NA,NA,NA,NA,NA,NA,NA,NA,0,0,0,0,NA,NA,NA,NA,NA
"Klaus Porepp","b0396b18-3955-11ef-b5cf-a36230ada079",NA,NA,1973,"3/29/1974","5d7c26c8-3960-11ef-9d72-7b2e16e5ffcd","away","Hamburger SV","GWD Minden",11,18,FALSE,2,NA,NA,0,0,0,NA,0,0,0,0,0,0,NA,NA,NA,NA,NA,NA,NA,NA,0,0,0,0,NA,NA,NA,NA,NA
"Norbert Germer","b03f8101-3955-11ef-8945-a36230ada079",NA,NA,1973,"3/29/1974","5d7c26c8-3960-11ef-9d72-7b2e16e5ffcd","away","Hamburger SV","GWD Minden",11,18,FALSE,2,NA,NA,0,0,1,NA,0,0,0,0,0,0,NA,NA,NA,NA,NA,NA,NA,NA,0,0,0,0,NA,NA,NA,NA,NA
"Bernd Eppler","b0442222-3955-11ef-841b-a36230ada079",NA,NA,1973,"3/29/1974","5d7c26c8-3960-11ef-9d72-7b2e16e5ffcd","away","Hamburger SV","GWD Minden",11,18,FALSE,1,NA,NA,0,0,0,NA,0,0,0,0,0,0,NA,NA,NA,NA,NA,NA,NA,NA,0,0,0,0,NA,NA,NA,NA,NA
"Uwe Tesloff","b049ae56-3955-11ef-a5f7-a36230ada079",NA,NA,1973,"3/29/1974","5d7c26c8-3960-11ef-9d72-7b2e16e5ffcd","away","Hamburger SV","GWD Minden",11,18,FALSE,0,NA,NA,0,0,0,NA,0,0,0,0,0,0,NA,NA,NA,NA,NA,NA,NA,NA,0,0,0,0,NA,NA,NA,NA,NA
"Hartwig Reich","ba6cb3c8-3955-11ef-9f64-ab397f561917",NA,NA,1973,"3/29/1974","5d7c26c8-3960-11ef-9d72-7b2e16e5ffcd","away","Hamburger SV","GWD Minden",11,18,FALSE,1,NA,NA,0,0,0,NA,0,0,0,0,0,0,NA,NA,NA,NA,NA,NA,NA,NA,0,0,0,0,NA,NA,NA,NA,NA
"Kai Dollmann","ba71bf5c-3955-11ef-bf36-ab397f561917",NA,NA,1973,"3/29/1974","5d7c26c8-3960-11ef-9d72-7b2e16e5ffcd","away","Hamburger SV","GWD Minden",11,18,FALSE,0,NA,NA,0,0,0,NA,0,0,0,0,0,0,NA,NA,NA,NA,NA,NA,NA,NA,0,0,0,0,NA,NA,NA,NA,NA
"Ulrich Eikermann","73a211c9-3955-11ef-8f8f-51fdf2a82730",NA,NA,1973,"3/29/1974","651762df-3960-11ef-bb51-2906cc9fb6bc","home","SC Phönix Essen 1920","TuS 05 Wellinghofen",13,15,FALSE,4,NA,NA,0,0,0,NA,0,0,0,0,0,0,NA,NA,NA,NA,NA,NA,NA,NA,0,0,0,0,NA,NA,NA,NA,NA
"Horst Weise","8df6e46b-3955-11ef-9ec8-81dc40648355",NA,NA,1973,"3/29/1974","651762df-3960-11ef-bb51-2906cc9fb6bc","home","SC Phönix Essen 1920","TuS 05 Wellinghofen",13,15,FALSE,3,NA,NA,0,0,0,NA,0,0,0,0,0,0,NA,NA,NA,NA,NA,NA,NA,NA,0,0,0,0,NA,NA,NA,NA,NA
"Ralf Hamann","a28aa62f-3955-11ef-9677-2510cc07ea6e",NA,NA,1973,"3/29/1974","651762df-3960-11ef-bb51-2906cc9fb6bc","home","SC Phönix Essen 1920","TuS 05 Wellinghofen",13,15,FALSE,0,NA,NA,0,0,0,NA,0,0,0,0,0,0,NA,NA,NA,NA,NA,NA,NA,NA,0,0,0,0,NA,NA,NA,NA,NA
"Heinz Oberscheidt","a5ae94f2-3955-11ef-91fc-2510cc07ea6e",NA,NA,1973,"3/29/1974","651762df-3960-11ef-bb51-2906cc9fb6bc","home","SC Phönix Essen 1920","TuS 05 Wellinghofen",13,15,FALSE,4,NA,NA,0,0,3,NA,0,0,0,0,0,0,NA,NA,NA,NA,NA,NA,NA,NA,0,0,0,0,NA,NA,NA,NA,NA
"Werner Jeckstedt","a5bb8d23-3955-11ef-8362-2510cc07ea6e",NA,NA,1973,"3/29/1974","651762df-3960-11ef-bb51-2906cc9fb6bc","home","SC Phönix Essen 1920","TuS 05 Wellinghofen",13,15,FALSE,0,NA,NA,0,0,0,NA,0,0,0,0,0,0,NA,NA,NA,NA,NA,NA,NA,NA,0,0,0,0,NA,NA,NA,NA,NA
"Dietmar Dohm","a5c15139-3955-11ef-9adf-2510cc07ea6e",NA,NA,1973,"3/29/1974","651762df-3960-11ef-bb51-2906cc9fb6bc","home","SC Phönix Essen 1920","TuS 05 Wellinghofen",13,15,FALSE,0,NA,NA,0,0,0,NA,0,0,0,0,0,0,NA,NA,NA,NA,NA,NA,NA,NA,0,0,0,0,NA,NA,NA,NA,NA
"Ingo Callies","b0b0659b-3955-11ef-87aa-a36230ada079",NA,NA,1973,"3/29/1974","651762df-3960-11ef-bb51-2906cc9fb6bc","home","SC Phönix Essen 1920","TuS 05 Wellinghofen",13,15,FALSE,0,NA,NA,0,0,0,NA,0,0,0,0,0,0,NA,NA,NA,NA,NA,NA,NA,NA,0,0,0,0,NA,NA,NA,NA,NA
"Günther Lehmann","bad5d078-3955-11ef-83d6-ab397f561917",NA,NA,1973,"3/29/1974","651762df-3960-11ef-bb51-2906cc9fb6bc","home","SC Phönix Essen 1920","TuS 05 Wellinghofen",13,15,FALSE,0,NA,NA,0,0,0,NA,0,0,0,0,0,0,NA,NA,NA,NA,NA,NA,NA,NA,0,0,0,0,NA,NA,NA,NA,NA
"Klaus Kirschner","bae43a44-3955-11ef-ae7c-ab397f561917",NA,NA,1973,"3/29/1974","651762df-3960-11ef-bb51-2906cc9fb6bc","home","SC Phönix Essen 1920","TuS 05 Wellinghofen",13,15,FALSE,0,NA,NA,0,0,0,NA,0,0,0,0,0,0,NA,NA,NA,NA,NA,NA,NA,NA,0,0,0,0,NA,NA,NA,NA,NA
"Norbert Kroker","bd441662-3955-11ef-b771-ab397f561917",NA,NA,1973,"3/29/1974","651762df-3960-11ef-bb51-2906cc9fb6bc","home","SC Phönix Essen 1920","TuS 05 Wellinghofen",13,15,FALSE,2,NA,NA,0,0,2,NA,0,0,0,0,0,0,NA,NA,NA,NA,NA,NA,NA,NA,0,0,0,0,NA,NA,NA,NA,NA
"Manfred Wolf","bd4f3381-3955-11ef-904e-ab397f561917",NA,NA,1973,"3/29/1974","651762df-3960-11ef-bb51-2906cc9fb6bc","home","SC Phönix Essen 1920","TuS 05 Wellinghofen",13,15,FALSE,0,NA,NA,0,0,0,NA,0,0,0,0,0,0,NA,NA,NA,NA,NA,NA,NA,NA,0,0,0,0,NA,NA,NA,NA,NA
"Rainer Hill","bd56ea43-3955-11ef-a0dc-ab397f561917",NA,NA,1973,"3/29/1974","651762df-3960-11ef-bb51-2906cc9fb6bc","home","SC Phönix Essen 1920","TuS 05 Wellinghofen",13,15,FALSE,0,NA,NA,0,0,0,NA,0,0,0,0,0,0,NA,NA,NA,NA,NA,NA,NA,NA,0,0,0,0,NA,NA,NA,NA,NA
"Karl-Heinz Schulz","72847241-3955-11ef-8bd4-51fdf2a82730",NA,NA,1973,"3/29/1974","651762df-3960-11ef-bb51-2906cc9fb6bc","away","TuS 05 Wellinghofen","SC Phönix Essen 1920",15,13,TRUE,2,NA,NA,0,0,0,NA,0,0,0,0,0,0,NA,NA,NA,NA,NA,NA,NA,NA,0,0,0,0,NA,NA,NA,NA,NA
"Heiner Möller","8d7571e4-3955-11ef-b1d3-81dc40648355",NA,NA,1973,"3/29/1974","651762df-3960-11ef-bb51-2906cc9fb6bc","away","TuS 05 Wellinghofen","SC Phönix Essen 1920",15,13,TRUE,1,NA,NA,0,0,0,NA,0,0,0,0,0,0,NA,NA,NA,NA,NA,NA,NA,NA,0,0,0,0,NA,NA,NA,NA,NA
"Hans-Peter Neuhaus","8d9d3887-3955-11ef-80a3-81dc40648355",NA,NA,1973,"3/29/1974","651762df-3960-11ef-bb51-2906cc9fb6bc","away","TuS 05 Wellinghofen","SC Phönix Essen 1920",15,13,TRUE,1,NA,NA,0,0,0,NA,0,0,0,0,0,0,NA,NA,NA,NA,NA,NA,NA,NA,0,0,0,0,NA,NA,NA,NA,NA
"Karl-Heinz Nolde","a33d5c4a-3955-11ef-b577-2510cc07ea6e",NA,NA,1973,"3/29/1974","651762df-3960-11ef-bb51-2906cc9fb6bc","away","TuS 05 Wellinghofen","SC Phönix Essen 1920",15,13,TRUE,1,NA,NA,0,0,0,NA,0,0,0,0,0,0,NA,NA,NA,NA,NA,NA,NA,NA,0,0,0,0,NA,NA,NA,NA,NA
"Rainer Gosewinkel","a4d61156-3955-11ef-8406-2510cc07ea6e",NA,NA,1973,"3/29/1974","651762df-3960-11ef-bb51-2906cc9fb6bc","away","TuS 05 Wellinghofen","SC Phönix Essen 1920",15,13,TRUE,5,NA,NA,0,0,2,NA,0,0,0,0,0,0,NA,NA,NA,NA,NA,NA,NA,NA,0,0,0,0,NA,NA,NA,NA,NA
"Klaus Erwe","a4f54a19-3955-11ef-b48a-2510cc07ea6e",NA,NA,1973,"3/29/1974","651762df-3960-11ef-bb51-2906cc9fb6bc","away","TuS 05 Wellinghofen","SC Phönix Essen 1920",15,13,TRUE,0,NA,NA,0,0,0,NA,0,0,0,0,0,0,NA,NA,NA,NA,NA,NA,NA,NA,0,0,0,0,NA,NA,NA,NA,NA
"Winfried Gabel","a521dedb-3955-11ef-a3bd-2510cc07ea6e",NA,NA,1973,"3/29/1974","651762df-3960-11ef-bb51-2906cc9fb6bc","away","TuS 05 Wellinghofen","SC Phönix Essen 1920",15,13,TRUE,3,NA,NA,0,0,0,NA,0,0,0,0,0,0,NA,NA,NA,NA,NA,NA,NA,NA,0,0,0,0,NA,NA,NA,NA,NA
"Burkhard Gröning","a52c6e4f-3955-11ef-a576-2510cc07ea6e",NA,NA,1973,"3/29/1974","651762df-3960-11ef-bb51-2906cc9fb6bc","away","TuS 05 Wellinghofen","SC Phönix Essen 1920",15,13,TRUE,2,NA,NA,0,0,0,NA,0,0,0,0,0,0,NA,NA,NA,NA,NA,NA,NA,NA,0,0,0,0,NA,NA,NA,NA,NA
"Klaus Tiews","a531838f-3955-11ef-8e99-2510cc07ea6e",NA,NA,1973,"3/29/1974","651762df-3960-11ef-bb51-2906cc9fb6bc","away","TuS 05 Wellinghofen","SC Phönix Essen 1920",15,13,TRUE,0,NA,NA,0,0,0,NA,0,0,0,0,0,0,NA,NA,NA,NA,NA,NA,NA,NA,0,0,0,0,NA,NA,NA,NA,NA
"Ulrich Staege","b05c5beb-3955-11ef-a7d6-a36230ada079",NA,NA,1973,"3/29/1974","651762df-3960-11ef-bb51-2906cc9fb6bc","away","TuS 05 Wellinghofen","SC Phönix Essen 1920",15,13,TRUE,0,NA,NA,0,0,0,NA,0,0,0,0,0,0,NA,NA,NA,NA,NA,NA,NA,NA,0,0,0,0,NA,NA,NA,NA,NA
"Hans-Jürgen Sengera","ba7fae8e-3955-11ef-80e4-ab397f561917",NA,NA,1973,"3/29/1974","651762df-3960-11ef-bb51-2906cc9fb6bc","away","TuS 05 Wellinghofen","SC Phönix Essen 1920",15,13,TRUE,0,NA,NA,0,0,0,NA,0,0,0,0,0,0,NA,NA,NA,NA,NA,NA,NA,NA,0,0,0,0,NA,NA,NA,NA,NA
"Harald Lüth","a552c518-3955-11ef-8a68-2510cc07ea6e",NA,NA,1973,"3/29/1974","66daa4c1-3960-11ef-aff4-2906cc9fb6bc","home","VfL Lübeck-Schwartau","Füchse Berlin",19,10,TRUE,2,NA,NA,0,0,0,NA,0,0,0,0,0,0,NA,NA,NA,NA,NA,NA,NA,NA,0,0,0,0,NA,NA,NA,NA,NA
"Michael Dogs","b0cecb4a-3955-11ef-b665-a36230ada079",NA,NA,1973,"3/29/1974","66daa4c1-3960-11ef-aff4-2906cc9fb6bc","home","VfL Lübeck-Schwartau","Füchse Berlin",19,10,TRUE,0,NA,NA,0,0,0,NA,0,0,0,0,0,0,NA,NA,NA,NA,NA,NA,NA,NA,0,0,0,0,NA,NA,NA,NA,NA
"Peter Görtz","b0e9ae8f-3955-11ef-aa48-a36230ada079",NA,NA,1973,"3/29/1974","66daa4c1-3960-11ef-aff4-2906cc9fb6bc","home","VfL Lübeck-Schwartau","Füchse Berlin",19,10,TRUE,1,NA,NA,0,0,0,NA,0,0,0,0,0,0,NA,NA,NA,NA,NA,NA,NA,NA,0,0,0,0,NA,NA,NA,NA,NA
"Ulrich Kleinstoll","b0f37438-3955-11ef-84e6-a36230ada079",NA,NA,1973,"3/29/1974","66daa4c1-3960-11ef-aff4-2906cc9fb6bc","home","VfL Lübeck-Schwartau","Füchse Berlin",19,10,TRUE,1,NA,NA,0,0,0,NA,0,0,0,0,0,0,NA,NA,NA,NA,NA,NA,NA,NA,0,0,0,0,NA,NA,NA,NA,NA
"Thomas Kluth","b0f877c0-3955-11ef-a314-a36230ada079",NA,NA,1973,"3/29/1974","66daa4c1-3960-11ef-aff4-2906cc9fb6bc","home","VfL Lübeck-Schwartau","Füchse Berlin",19,10,TRUE,0,NA,NA,0,0,0,NA,0,0,0,0,0,0,NA,NA,NA,NA,NA,NA,NA,NA,0,0,0,0,NA,NA,NA,NA,NA
"Karl Weiß","b106c2d8-3955-11ef-9358-a36230ada079",NA,NA,1973,"3/29/1974","66daa4c1-3960-11ef-aff4-2906cc9fb6bc","home","VfL Lübeck-Schwartau","Füchse Berlin",19,10,TRUE,1,NA,NA,0,0,0,NA,0,0,0,0,0,0,NA,NA,NA,NA,NA,NA,NA,NA,0,0,0,0,NA,NA,NA,NA,NA
"Siegfried Berg","b10d3ec3-3955-11ef-8a30-a36230ada079",NA,NA,1973,"3/29/1974","66daa4c1-3960-11ef-aff4-2906cc9fb6bc","home","VfL Lübeck-Schwartau","Füchse Berlin",19,10,TRUE,2,NA,NA,0,0,0,NA,0,0,0,0,0,0,NA,NA,NA,NA,NA,NA,NA,NA,0,0,0,0,NA,NA,NA,NA,NA
"Wolfgang Braun","b1a4c388-3955-11ef-92b7-a36230ada079",NA,NA,1973,"3/29/1974","66daa4c1-3960-11ef-aff4-2906cc9fb6bc","home","VfL Lübeck-Schwartau","Füchse Berlin",19,10,TRUE,5,NA,NA,0,0,0,NA,0,0,0,0,0,0,NA,NA,NA,NA,NA,NA,NA,NA,0,0,0,0,NA,NA,NA,NA,NA
"Bernd Heiden","baf62966-3955-11ef-b7e1-ab397f561917",NA,NA,1973,"3/29/1974","66daa4c1-3960-11ef-aff4-2906cc9fb6bc","home","VfL Lübeck-Schwartau","Füchse Berlin",19,10,TRUE,2,NA,NA,0,0,0,NA,0,0,0,0,0,0,NA,NA,NA,NA,NA,NA,NA,NA,0,0,0,0,NA,NA,NA,NA,NA
"Klaus Lange","bafb51f3-3955-11ef-9864-ab397f561917",NA,NA,1973,"3/29/1974","66daa4c1-3960-11ef-aff4-2906cc9fb6bc","home","VfL Lübeck-Schwartau","Füchse Berlin",19,10,TRUE,3,NA,NA,0,0,1,NA,0,0,0,0,0,0,NA,NA,NA,NA,NA,NA,NA,NA,0,0,0,0,NA,NA,NA,NA,NA
"Georg Pohl","baff6cee-3955-11ef-a80f-ab397f561917",NA,NA,1973,"3/29/1974","66daa4c1-3960-11ef-aff4-2906cc9fb6bc","home","VfL Lübeck-Schwartau","Füchse Berlin",19,10,TRUE,2,NA,NA,0,0,0,NA,0,0,0,0,0,0,NA,NA,NA,NA,NA,NA,NA,NA,0,0,0,0,NA,NA,NA,NA,NA
"Horst Rampp","8c760463-3955-11ef-b11d-81dc40648355",NA,NA,1973,"3/29/1974","66daa4c1-3960-11ef-aff4-2906cc9fb6bc","away","Füchse Berlin","VfL Lübeck-Schwartau",10,19,FALSE,0,NA,NA,0,0,0,NA,0,0,0,0,0,0,NA,NA,NA,NA,NA,NA,NA,NA,0,0,0,0,NA,NA,NA,NA,NA
"Hartmut Alsen","a5dc4676-3955-11ef-ac19-2510cc07ea6e",NA,NA,1973,"3/29/1974","66daa4c1-3960-11ef-aff4-2906cc9fb6bc","away","Füchse Berlin","VfL Lübeck-Schwartau",10,19,FALSE,1,NA,NA,0,0,0,NA,0,0,0,0,0,0,NA,NA,NA,NA,NA,NA,NA,NA,0,0,0,0,NA,NA,NA,NA,NA
"Bernd Dibbert","a5e7e77c-3955-11ef-a806-2510cc07ea6e",NA,NA,1973,"3/29/1974","66daa4c1-3960-11ef-aff4-2906cc9fb6bc","away","Füchse Berlin","VfL Lübeck-Schwartau",10,19,FALSE,1,NA,NA,0,0,0,NA,0,0,0,0,0,0,NA,NA,NA,NA,NA,NA,NA,NA,0,0,0,0,NA,NA,NA,NA,NA
"Jochen Oermann","b193e84b-3955-11ef-bdbf-a36230ada079",NA,NA,1973,"3/29/1974","66daa4c1-3960-11ef-aff4-2906cc9fb6bc","away","Füchse Berlin","VfL Lübeck-Schwartau",10,19,FALSE,0,NA,NA,0,0,0,NA,0,0,0,0,0,0,NA,NA,NA,NA,NA,NA,NA,NA,0,0,0,0,NA,NA,NA,NA,NA
"Jürgen Otto","b19e3d71-3955-11ef-85da-a36230ada079",NA,NA,1973,"3/29/1974","66daa4c1-3960-11ef-aff4-2906cc9fb6bc","away","Füchse Berlin","VfL Lübeck-Schwartau",10,19,FALSE,1,NA,NA,0,0,0,NA,0,0,0,0,0,0,NA,NA,NA,NA,NA,NA,NA,NA,0,0,0,0,NA,NA,NA,NA,NA
"Detlef Finkelmann","b1a8f927-3955-11ef-a009-a36230ada079",NA,NA,1973,"3/29/1974","66daa4c1-3960-11ef-aff4-2906cc9fb6bc","away","Füchse Berlin","VfL Lübeck-Schwartau",10,19,FALSE,2,NA,NA,0,0,0,NA,0,0,0,0,0,0,NA,NA,NA,NA,NA,NA,NA,NA,0,0,0,0,NA,NA,NA,NA,NA
"Bernd Goerigk","b1b21b0c-3955-11ef-a303-a36230ada079",NA,NA,1973,"3/29/1974","66daa4c1-3960-11ef-aff4-2906cc9fb6bc","away","Füchse Berlin","VfL Lübeck-Schwartau",10,19,FALSE,0,NA,NA,0,0,0,NA,0,0,0,0,0,0,NA,NA,NA,NA,NA,NA,NA,NA,0,0,0,0,NA,NA,NA,NA,NA
"Werner Reinke","b1bc1a3c-3955-11ef-8a0a-a36230ada079",NA,NA,1973,"3/29/1974","66daa4c1-3960-11ef-aff4-2906cc9fb6bc","away","Füchse Berlin","VfL Lübeck-Schwartau",10,19,FALSE,3,NA,NA,0,0,0,NA,0,0,0,0,0,0,NA,NA,NA,NA,NA,NA,NA,NA,0,0,0,0,NA,NA,NA,NA,NA
"Sigmar Artelt","bdbc9392-3955-11ef-a3be-ab397f561917",NA,NA,1973,"3/29/1974","66daa4c1-3960-11ef-aff4-2906cc9fb6bc","away","Füchse Berlin","VfL Lübeck-Schwartau",10,19,FALSE,0,NA,NA,0,0,0,NA,0,0,0,0,0,0,NA,NA,NA,NA,NA,NA,NA,NA,0,0,0,0,NA,NA,NA,NA,NA
"Detlef Fischer","bdc0cf9c-3955-11ef-a866-ab397f561917",NA,NA,1973,"3/29/1974","66daa4c1-3960-11ef-aff4-2906cc9fb6bc","away","Füchse Berlin","VfL Lübeck-Schwartau",10,19,FALSE,0,NA,NA,0,0,0,NA,0,0,0,0,0,0,NA,NA,NA,NA,NA,NA,NA,NA,0,0,0,0,NA,NA,NA,NA,NA
"Horst Waisznor","bdce772f-3955-11ef-a781-ab397f561917",NA,NA,1973,"3/29/1974","66daa4c1-3960-11ef-aff4-2906cc9fb6bc","away","Füchse Berlin","VfL Lübeck-Schwartau",10,19,FALSE,2,NA,NA,0,0,0,NA,0,0,0,0,0,0,NA,NA,NA,NA,NA,NA,NA,NA,0,0,0,0,NA,NA,NA,NA,NA
"Reinhard Wittler","a35063de-3955-11ef-9881-2510cc07ea6e",NA,NA,1973,"3/29/1974","671a8fd7-3960-11ef-a5b2-2906cc9fb6bc","home","Polizei SV Hannover","TuSEM Essen",17,23,FALSE,0,NA,NA,0,0,0,NA,0,0,0,0,0,0,NA,NA,NA,NA,NA,NA,NA,NA,0,0,0,0,NA,NA,NA,NA,NA
"Wolfgang Franke","a36fd3c4-3955-11ef-bc80-2510cc07ea6e",NA,NA,1973,"3/29/1974","671a8fd7-3960-11ef-a5b2-2906cc9fb6bc","home","Polizei SV Hannover","TuSEM Essen",17,23,FALSE,0,NA,NA,0,0,0,NA,0,0,0,0,0,0,NA,NA,NA,NA,NA,NA,NA,NA,0,0,0,0,NA,NA,NA,NA,NA
"Joachim Engler","bb2dfffa-3955-11ef-8a9e-ab397f561917",NA,NA,1973,"3/29/1974","671a8fd7-3960-11ef-a5b2-2906cc9fb6bc","home","Polizei SV Hannover","TuSEM Essen",17,23,FALSE,5,NA,NA,0,0,0,NA,0,0,0,0,0,0,NA,NA,NA,NA,NA,NA,NA,NA,0,0,0,0,NA,NA,NA,NA,NA
"Gerd Haase","bb322e8e-3955-11ef-8a6a-ab397f561917",NA,NA,1973,"3/29/1974","671a8fd7-3960-11ef-a5b2-2906cc9fb6bc","home","Polizei SV Hannover","TuSEM Essen",17,23,FALSE,2,NA,NA,0,0,1,NA,0,0,0,0,0,0,NA,NA,NA,NA,NA,NA,NA,NA,0,0,0,0,NA,NA,NA,NA,NA
"Hartmut Schnelle","bb3a7260-3955-11ef-99cf-ab397f561917",NA,NA,1973,"3/29/1974","671a8fd7-3960-11ef-a5b2-2906cc9fb6bc","home","Polizei SV Hannover","TuSEM Essen",17,23,FALSE,0,NA,NA,0,0,0,NA,0,0,0,0,0,0,NA,NA,NA,NA,NA,NA,NA,NA,0,0,0,0,NA,NA,NA,NA,NA
"Hans-Jürgen Deutsch","bb3e76d6-3955-11ef-a5a8-ab397f561917",NA,NA,1973,"3/29/1974","671a8fd7-3960-11ef-a5b2-2906cc9fb6bc","home","Polizei SV Hannover","TuSEM Essen",17,23,FALSE,2,NA,NA,0,0,0,NA,0,0,0,0,0,0,NA,NA,NA,NA,NA,NA,NA,NA,0,0,0,0,NA,NA,NA,NA,NA
"Dieter Hartung","bb482ed5-3955-11ef-bef1-ab397f561917",NA,NA,1973,"3/29/1974","671a8fd7-3960-11ef-a5b2-2906cc9fb6bc","home","Polizei SV Hannover","TuSEM Essen",17,23,FALSE,2,NA,NA,0,0,0,NA,0,0,0,0,0,0,NA,NA,NA,NA,NA,NA,NA,NA,0,0,0,0,NA,NA,NA,NA,NA
"Jürgen Fey","bb504d63-3955-11ef-8740-ab397f561917",NA,NA,1973,"3/29/1974","671a8fd7-3960-11ef-a5b2-2906cc9fb6bc","home","Polizei SV Hannover","TuSEM Essen",17,23,FALSE,2,NA,NA,0,0,0,NA,0,0,0,0,0,0,NA,NA,NA,NA,NA,NA,NA,NA,0,0,0,0,NA,NA,NA,NA,NA
"Wolfgang Künkler","bb635a87-3955-11ef-83b0-ab397f561917",NA,NA,1973,"3/29/1974","671a8fd7-3960-11ef-a5b2-2906cc9fb6bc","home","Polizei SV Hannover","TuSEM Essen",17,23,FALSE,4,NA,NA,0,0,4,NA,0,0,0,0,0,0,NA,NA,NA,NA,NA,NA,NA,NA,0,0,0,0,NA,NA,NA,NA,NA
"Heiner Borck","bda2f702-3955-11ef-8be3-ab397f561917",NA,NA,1973,"3/29/1974","671a8fd7-3960-11ef-a5b2-2906cc9fb6bc","home","Polizei SV Hannover","TuSEM Essen",17,23,FALSE,0,NA,NA,0,0,0,NA,0,0,0,0,0,0,NA,NA,NA,NA,NA,NA,NA,NA,0,0,0,0,NA,NA,NA,NA,NA
"Siegfried Hacke","bda8ac11-3955-11ef-8226-ab397f561917",NA,NA,1973,"3/29/1974","671a8fd7-3960-11ef-a5b2-2906cc9fb6bc","home","Polizei SV Hannover","TuSEM Essen",17,23,FALSE,0,NA,NA,0,0,0,NA,0,0,0,0,0,0,NA,NA,NA,NA,NA,NA,NA,NA,0,0,0,0,NA,NA,NA,NA,NA
"Konrad Zorn","bdb7890f-3955-11ef-801c-ab397f561917",NA,NA,1973,"3/29/1974","671a8fd7-3960-11ef-a5b2-2906cc9fb6bc","home","Polizei SV Hannover","TuSEM Essen",17,23,FALSE,0,NA,NA,0,0,0,NA,0,0,0,0,0,0,NA,NA,NA,NA,NA,NA,NA,NA,0,0,0,0,NA,NA,NA,NA,NA
"Dietmar Balkenhol","8dfc784e-3955-11ef-b459-81dc40648355",NA,NA,1973,"3/29/1974","671a8fd7-3960-11ef-a5b2-2906cc9fb6bc","away","TuSEM Essen","Polizei SV Hannover",23,17,TRUE,4,NA,NA,0,0,0,NA,0,0,0,0,0,0,NA,NA,NA,NA,NA,NA,NA,NA,0,0,0,0,NA,NA,NA,NA,NA
"Gerhard Wrobel","ae4fc714-3955-11ef-a106-a36230ada079",NA,NA,1973,"3/29/1974","671a8fd7-3960-11ef-a5b2-2906cc9fb6bc","away","TuSEM Essen","Polizei SV Hannover",23,17,TRUE,2,NA,NA,0,0,0,NA,0,0,0,0,0,0,NA,NA,NA,NA,NA,NA,NA,NA,0,0,0,0,NA,NA,NA,NA,NA
"Herbert Buschmann","bd5ac595-3955-11ef-97f0-ab397f561917",NA,NA,1973,"3/29/1974","671a8fd7-3960-11ef-a5b2-2906cc9fb6bc","away","TuSEM Essen","Polizei SV Hannover",23,17,TRUE,0,NA,NA,0,0,0,NA,0,0,0,0,0,0,NA,NA,NA,NA,NA,NA,NA,NA,0,0,0,0,NA,NA,NA,NA,NA
"Bernd Weigel","bd601a58-3955-11ef-8511-ab397f561917",NA,NA,1973,"3/29/1974","671a8fd7-3960-11ef-a5b2-2906cc9fb6bc","away","TuSEM Essen","Polizei SV Hannover",23,17,TRUE,0,NA,NA,0,0,0,NA,0,0,0,0,0,0,NA,NA,NA,NA,NA,NA,NA,NA,0,0,0,0,NA,NA,NA,NA,NA
"Peter Venzke","bd6b12a9-3955-11ef-af21-ab397f561917",NA,NA,1973,"3/29/1974","671a8fd7-3960-11ef-a5b2-2906cc9fb6bc","away","TuSEM Essen","Polizei SV Hannover",23,17,TRUE,8,NA,NA,0,0,0,NA,0,0,0,0,0,0,NA,NA,NA,NA,NA,NA,NA,NA,0,0,0,0,NA,NA,NA,NA,NA
"Klaus Schäfer","bd6f7a4d-3955-11ef-9f92-ab397f561917",NA,NA,1973,"3/29/1974","671a8fd7-3960-11ef-a5b2-2906cc9fb6bc","away","TuSEM Essen","Polizei SV Hannover",23,17,TRUE,3,NA,NA,0,0,0,NA,0,0,0,0,0,0,NA,NA,NA,NA,NA,NA,NA,NA,0,0,0,0,NA,NA,NA,NA,NA
"Gerhard Schmidt","bd78314d-3955-11ef-8668-ab397f561917",NA,NA,1973,"3/29/1974","671a8fd7-3960-11ef-a5b2-2906cc9fb6bc","away","TuSEM Essen","Polizei SV Hannover",23,17,TRUE,2,NA,NA,0,0,2,NA,0,0,0,0,0,0,NA,NA,NA,NA,NA,NA,NA,NA,0,0,0,0,NA,NA,NA,NA,NA
"Manfred Benning","bd7cb1bd-3955-11ef-883f-ab397f561917",NA,NA,1973,"3/29/1974","671a8fd7-3960-11ef-a5b2-2906cc9fb6bc","away","TuSEM Essen","Polizei SV Hannover",23,17,TRUE,1,NA,NA,0,0,0,NA,0,0,0,0,0,0,NA,NA,NA,NA,NA,NA,NA,NA,0,0,0,0,NA,NA,NA,NA,NA
"Alojz Snedić","bd80daac-3955-11ef-a8ab-ab397f561917",NA,NA,1973,"3/29/1974","671a8fd7-3960-11ef-a5b2-2906cc9fb6bc","away","TuSEM Essen","Polizei SV Hannover",23,17,TRUE,1,NA,NA,0,0,0,NA,0,0,0,0,0,0,NA,NA,NA,NA,NA,NA,NA,NA,0,0,0,0,NA,NA,NA,NA,NA
"Peter Fischer","bd861af2-3955-11ef-a655-ab397f561917",NA,NA,1973,"3/29/1974","671a8fd7-3960-11ef-a5b2-2906cc9fb6bc","away","TuSEM Essen","Polizei SV Hannover",23,17,TRUE,2,NA,NA,0,0,0,NA,0,0,0,0,0,0,NA,NA,NA,NA,NA,NA,NA,NA,0,0,0,0,NA,NA,NA,NA,NA
"Wolfgang Schütte","bd8b9463-3955-11ef-84e4-ab397f561917",NA,NA,1973,"3/29/1974","671a8fd7-3960-11ef-a5b2-2906cc9fb6bc","away","TuSEM Essen","Polizei SV Hannover",23,17,TRUE,0,NA,NA,0,0,0,NA,0,0,0,0,0,0,NA,NA,NA,NA,NA,NA,NA,NA,0,0,0,0,NA,NA,NA,NA,NA
"Peter Meuter","bd905293-3955-11ef-a264-ab397f561917",NA,NA,1973,"3/29/1974","671a8fd7-3960-11ef-a5b2-2906cc9fb6bc","away","TuSEM Essen","Polizei SV Hannover",23,17,TRUE,0,NA,NA,0,0,0,NA,0,0,0,0,0,0,NA,NA,NA,NA,NA,NA,NA,NA,0,0,0,0,NA,NA,NA,NA,NA
"Heinz-Theo Kaus","8086fdf9-3955-11ef-938f-b908c60af10a",NA,NA,1973,"3/29/1974","684c9f05-3960-11ef-b512-2906cc9fb6bc","home","SG Dietzenbach","TV 05/07 Hüttenberg",20,24,FALSE,0,NA,NA,0,0,0,NA,0,0,0,0,0,0,NA,NA,NA,NA,NA,NA,NA,NA,0,0,0,0,NA,NA,NA,NA,NA
"Heinz-Walter Behne","8be65881-3955-11ef-8872-81dc40648355",NA,NA,1973,"3/29/1974","684c9f05-3960-11ef-b512-2906cc9fb6bc","home","SG Dietzenbach","TV 05/07 Hüttenberg",20,24,FALSE,4,NA,NA,0,0,0,NA,0,0,0,0,0,0,NA,NA,NA,NA,NA,NA,NA,NA,0,0,0,0,NA,NA,NA,NA,NA
"Herbert Wehnert","96e104db-3955-11ef-b58d-292be3190b7b",NA,NA,1973,"3/29/1974","684c9f05-3960-11ef-b512-2906cc9fb6bc","home","SG Dietzenbach","TV 05/07 Hüttenberg",20,24,FALSE,7,NA,NA,0,0,0,NA,0,0,0,0,0,0,NA,NA,NA,NA,NA,NA,NA,NA,0,0,0,0,NA,NA,NA,NA,NA
"Otto Allies","af191a75-3955-11ef-8c7e-a36230ada079",NA,NA,1973,"3/29/1974","684c9f05-3960-11ef-b512-2906cc9fb6bc","home","SG Dietzenbach","TV 05/07 Hüttenberg",20,24,FALSE,0,NA,NA,0,0,0,NA,0,0,0,0,0,0,NA,NA,NA,NA,NA,NA,NA,NA,0,0,0,0,NA,NA,NA,NA,NA
"Heinrich Baum","af2c6c48-3955-11ef-964a-a36230ada079",NA,NA,1973,"3/29/1974","684c9f05-3960-11ef-b512-2906cc9fb6bc","home","SG Dietzenbach","TV 05/07 Hüttenberg",20,24,FALSE,3,NA,NA,0,0,0,NA,0,0,0,0,0,0,NA,NA,NA,NA,NA,NA,NA,NA,0,0,0,0,NA,NA,NA,NA,NA
"Klaus Rettig","b1d1aa4c-3955-11ef-baf9-a36230ada079",NA,NA,1973,"3/29/1974","684c9f05-3960-11ef-b512-2906cc9fb6bc","home","SG Dietzenbach","TV 05/07 Hüttenberg",20,24,FALSE,2,NA,NA,0,0,0,NA,0,0,0,0,0,0,NA,NA,NA,NA,NA,NA,NA,NA,0,0,0,0,NA,NA,NA,NA,NA
"Reinhold Jerwan","b1d5c150-3955-11ef-9027-a36230ada079",NA,NA,1973,"3/29/1974","684c9f05-3960-11ef-b512-2906cc9fb6bc","home","SG Dietzenbach","TV 05/07 Hüttenberg",20,24,FALSE,1,NA,NA,0,0,0,NA,0,0,0,0,0,0,NA,NA,NA,NA,NA,NA,NA,NA,0,0,0,0,NA,NA,NA,NA,NA
"Norbert Kern","c6961a09-3955-11ef-8bcc-157c9bc18a5f",NA,NA,1973,"3/29/1974","684c9f05-3960-11ef-b512-2906cc9fb6bc","home","SG Dietzenbach","TV 05/07 Hüttenberg",20,24,FALSE,2,NA,NA,0,0,0,NA,0,0,0,0,0,0,NA,NA,NA,NA,NA,NA,NA,NA,0,0,0,0,NA,NA,NA,NA,NA
"Wolfgang Pelzer","c69f3508-3955-11ef-89d5-157c9bc18a5f",NA,NA,1973,"3/29/1974","684c9f05-3960-11ef-b512-2906cc9fb6bc","home","SG Dietzenbach","TV 05/07 Hüttenberg",20,24,FALSE,1,NA,NA,0,0,0,NA,0,0,0,0,0,0,NA,NA,NA,NA,NA,NA,NA,NA,0,0,0,0,NA,NA,NA,NA,NA
"Wilfried Wess","c6a3dc15-3955-11ef-b557-157c9bc18a5f",NA,NA,1973,"3/29/1974","684c9f05-3960-11ef-b512-2906cc9fb6bc","home","SG Dietzenbach","TV 05/07 Hüttenberg",20,24,FALSE,0,NA,NA,0,0,0,NA,0,0,0,0,0,0,NA,NA,NA,NA,NA,NA,NA,NA,0,0,0,0,NA,NA,NA,NA,NA
"Günther Kießling","c6aad65a-3955-11ef-87fb-157c9bc18a5f",NA,NA,1973,"3/29/1974","684c9f05-3960-11ef-b512-2906cc9fb6bc","home","SG Dietzenbach","TV 05/07 Hüttenberg",20,24,FALSE,0,NA,NA,0,0,0,NA,0,0,0,0,0,0,NA,NA,NA,NA,NA,NA,NA,NA,0,0,0,0,NA,NA,NA,NA,NA
"Walter Don","73f54ad3-3955-11ef-b2c6-51fdf2a82730",NA,NA,1973,"3/29/1974","684c9f05-3960-11ef-b512-2906cc9fb6bc","away","TV 05/07 Hüttenberg","SG Dietzenbach",24,20,TRUE,1,NA,NA,0,0,1,NA,0,0,0,0,0,0,NA,NA,NA,NA,NA,NA,NA,NA,0,0,0,0,NA,NA,NA,NA,NA
"Siegfried Weber","807d098c-3955-11ef-8827-b908c60af10a",NA,NA,1973,"3/29/1974","684c9f05-3960-11ef-b512-2906cc9fb6bc","away","TV 05/07 Hüttenberg","SG Dietzenbach",24,20,TRUE,2,NA,NA,0,0,0,NA,0,0,0,0,0,0,NA,NA,NA,NA,NA,NA,NA,NA,0,0,0,0,NA,NA,NA,NA,NA
"Peter Barthelmey","99855e8f-3955-11ef-b9a4-292be3190b7b",NA,NA,1973,"3/29/1974","684c9f05-3960-11ef-b512-2906cc9fb6bc","away","TV 05/07 Hüttenberg","SG Dietzenbach",24,20,TRUE,5,NA,NA,0,0,2,NA,0,0,0,0,0,0,NA,NA,NA,NA,NA,NA,NA,NA,0,0,0,0,NA,NA,NA,NA,NA
"Richard Boczkowski","a1b43836-3955-11ef-934f-2510cc07ea6e",NA,NA,1973,"3/29/1974","684c9f05-3960-11ef-b512-2906cc9fb6bc","away","TV 05/07 Hüttenberg","SG Dietzenbach",24,20,TRUE,0,NA,NA,0,0,0,NA,0,0,0,0,0,0,NA,NA,NA,NA,NA,NA,NA,NA,0,0,0,0,NA,NA,NA,NA,NA
"Norbert Bach","a3be6ba6-3955-11ef-9511-2510cc07ea6e",NA,NA,1973,"3/29/1974","684c9f05-3960-11ef-b512-2906cc9fb6bc","away","TV 05/07 Hüttenberg","SG Dietzenbach",24,20,TRUE,5,NA,NA,0,0,0,NA,0,0,0,0,0,0,NA,NA,NA,NA,NA,NA,NA,NA,0,0,0,0,NA,NA,NA,NA,NA
"Stefan Schicketanz","a3d099d4-3955-11ef-90b6-2510cc07ea6e",NA,NA,1973,"3/29/1974","684c9f05-3960-11ef-b512-2906cc9fb6bc","away","TV 05/07 Hüttenberg","SG Dietzenbach",24,20,TRUE,1,NA,NA,0,0,0,NA,0,0,0,0,0,0,NA,NA,NA,NA,NA,NA,NA,NA,0,0,0,0,NA,NA,NA,NA,NA
"Udo Uebbing","ae4823ea-3955-11ef-93ce-a36230ada079",NA,NA,1973,"3/29/1974","684c9f05-3960-11ef-b512-2906cc9fb6bc","away","TV 05/07 Hüttenberg","SG Dietzenbach",24,20,TRUE,5,NA,NA,0,0,0,NA,0,0,0,0,0,0,NA,NA,NA,NA,NA,NA,NA,NA,0,0,0,0,NA,NA,NA,NA,NA
"Reinhold Wiener","b152eab6-3955-11ef-82b5-a36230ada079",NA,NA,1973,"3/29/1974","684c9f05-3960-11ef-b512-2906cc9fb6bc","away","TV 05/07 Hüttenberg","SG Dietzenbach",24,20,TRUE,0,NA,NA,0,0,0,NA,0,0,0,0,0,0,NA,NA,NA,NA,NA,NA,NA,NA,0,0,0,0,NA,NA,NA,NA,NA
"Rolf Kunz","bb7de91c-3955-11ef-8de2-ab397f561917",NA,NA,1973,"3/29/1974","684c9f05-3960-11ef-b512-2906cc9fb6bc","away","TV 05/07 Hüttenberg","SG Dietzenbach",24,20,TRUE,2,NA,NA,0,0,0,NA,0,0,0,0,0,0,NA,NA,NA,NA,NA,NA,NA,NA,0,0,0,0,NA,NA,NA,NA,NA
"Rainer Joost","bb83a6fb-3955-11ef-b43f-ab397f561917",NA,NA,1973,"3/29/1974","684c9f05-3960-11ef-b512-2906cc9fb6bc","away","TV 05/07 Hüttenberg","SG Dietzenbach",24,20,TRUE,0,NA,NA,0,0,0,NA,0,0,0,0,0,0,NA,NA,NA,NA,NA,NA,NA,NA,0,0,0,0,NA,NA,NA,NA,NA
"Dieter Beckmann","bb888d20-3955-11ef-b8c5-ab397f561917",NA,NA,1973,"3/29/1974","684c9f05-3960-11ef-b512-2906cc9fb6bc","away","TV 05/07 Hüttenberg","SG Dietzenbach",24,20,TRUE,0,NA,NA,0,0,0,NA,0,0,0,0,0,0,NA,NA,NA,NA,NA,NA,NA,NA,0,0,0,0,NA,NA,NA,NA,NA
"Andrija Kotlas","bde016f5-3955-11ef-b96c-ab397f561917",NA,NA,1973,"3/29/1974","684c9f05-3960-11ef-b512-2906cc9fb6bc","away","TV 05/07 Hüttenberg","SG Dietzenbach",24,20,TRUE,3,NA,NA,0,0,0,NA,0,0,0,0,0,0,NA,NA,NA,NA,NA,NA,NA,NA,0,0,0,0,NA,NA,NA,NA,NA
"Werner Osada","98d8c8ac-3955-11ef-b6db-292be3190b7b",NA,NA,1973,"3/29/1974","693febc2-3960-11ef-bbb0-2906cc9fb6bc","home","S3L Handball","TV 1893 Neuhausen",29,22,TRUE,3,NA,NA,0,0,1,NA,0,0,0,0,0,0,NA,NA,NA,NA,NA,NA,NA,NA,0,0,0,0,NA,NA,NA,NA,NA
"Alfred Schmitt","a25e1dab-3955-11ef-b412-2510cc07ea6e",NA,NA,1973,"3/29/1974","693febc2-3960-11ef-bbb0-2906cc9fb6bc","home","S3L Handball","TV 1893 Neuhausen",29,22,TRUE,3,NA,NA,0,0,0,NA,0,0,0,0,0,0,NA,NA,NA,NA,NA,NA,NA,NA,0,0,0,0,NA,NA,NA,NA,NA
"Manfred Müller","ae54e819-3955-11ef-81e8-a36230ada079",NA,NA,1973,"3/29/1974","693febc2-3960-11ef-bbb0-2906cc9fb6bc","home","S3L Handball","TV 1893 Neuhausen",29,22,TRUE,0,NA,NA,0,0,0,NA,0,0,0,0,0,0,NA,NA,NA,NA,NA,NA,NA,NA,0,0,0,0,NA,NA,NA,NA,NA
"Franz Rupp","ae6c7950-3955-11ef-87dd-a36230ada079",NA,NA,1973,"3/29/1974","693febc2-3960-11ef-bbb0-2906cc9fb6bc","home","S3L Handball","TV 1893 Neuhausen",29,22,TRUE,5,NA,NA,0,0,0,NA,0,0,0,0,0,0,NA,NA,NA,NA,NA,NA,NA,NA,0,0,0,0,NA,NA,NA,NA,NA
"Bernd Frühauf","ae71d80f-3955-11ef-a219-a36230ada079",NA,NA,1973,"3/29/1974","693febc2-3960-11ef-bbb0-2906cc9fb6bc","home","S3L Handball","TV 1893 Neuhausen",29,22,TRUE,0,NA,NA,0,0,0,NA,0,0,0,0,0,0,NA,NA,NA,NA,NA,NA,NA,NA,0,0,0,0,NA,NA,NA,NA,NA
"Wolfgang Sättele","ae76c01d-3955-11ef-bfb9-a36230ada079",NA,NA,1973,"3/29/1974","693febc2-3960-11ef-bbb0-2906cc9fb6bc","home","S3L Handball","TV 1893 Neuhausen",29,22,TRUE,3,NA,NA,0,0,0,NA,0,0,0,0,0,0,NA,NA,NA,NA,NA,NA,NA,NA,0,0,0,0,NA,NA,NA,NA,NA
"Robert Becker","ae8c50f9-3955-11ef-91c4-a36230ada079",NA,NA,1973,"3/29/1974","693febc2-3960-11ef-bbb0-2906cc9fb6bc","home","S3L Handball","TV 1893 Neuhausen",29,22,TRUE,2,NA,NA,0,0,0,NA,0,0,0,0,0,0,NA,NA,NA,NA,NA,NA,NA,NA,0,0,0,0,NA,NA,NA,NA,NA
"Franz Götz","aea2eb0e-3955-11ef-b230-a36230ada079",NA,NA,1973,"3/29/1974","693febc2-3960-11ef-bbb0-2906cc9fb6bc","home","S3L Handball","TV 1893 Neuhausen",29,22,TRUE,4,NA,NA,0,0,0,NA,0,0,0,0,0,0,NA,NA,NA,NA,NA,NA,NA,NA,0,0,0,0,NA,NA,NA,NA,NA
"Hansjörg Jäck","b166bd31-3955-11ef-bed1-a36230ada079",NA,NA,1973,"3/29/1974","693febc2-3960-11ef-bbb0-2906cc9fb6bc","home","S3L Handball","TV 1893 Neuhausen",29,22,TRUE,0,NA,NA,0,0,0,NA,0,0,0,0,0,0,NA,NA,NA,NA,NA,NA,NA,NA,0,0,0,0,NA,NA,NA,NA,NA
"Markus Hädrich","ba389acc-3955-11ef-8b9d-ab397f561917",NA,NA,1973,"3/29/1974","693febc2-3960-11ef-bbb0-2906cc9fb6bc","home","S3L Handball","TV 1893 Neuhausen",29,22,TRUE,4,NA,NA,0,0,0,NA,0,0,0,0,0,0,NA,NA,NA,NA,NA,NA,NA,NA,0,0,0,0,NA,NA,NA,NA,NA
"Werner Pruscha","bb9c8e56-3955-11ef-ac18-ab397f561917",NA,NA,1973,"3/29/1974","693febc2-3960-11ef-bbb0-2906cc9fb6bc","home","S3L Handball","TV 1893 Neuhausen",29,22,TRUE,1,NA,NA,0,0,0,NA,0,0,0,0,0,0,NA,NA,NA,NA,NA,NA,NA,NA,0,0,0,0,NA,NA,NA,NA,NA
"Wolfhardt Bühler","bba2fc92-3955-11ef-a8d6-ab397f561917",NA,NA,1973,"3/29/1974","693febc2-3960-11ef-bbb0-2906cc9fb6bc","home","S3L Handball","TV 1893 Neuhausen",29,22,TRUE,4,NA,NA,0,0,0,NA,0,0,0,0,0,0,NA,NA,NA,NA,NA,NA,NA,NA,0,0,0,0,NA,NA,NA,NA,NA
"Walter Salzer","8d394c72-3955-11ef-8d73-81dc40648355",NA,NA,1973,"3/29/1974","693febc2-3960-11ef-bbb0-2906cc9fb6bc","away","TV 1893 Neuhausen","S3L Handball",22,29,FALSE,12,NA,NA,0,0,3,NA,0,0,0,0,0,0,NA,NA,NA,NA,NA,NA,NA,NA,0,0,0,0,NA,NA,NA,NA,NA
"Hermann Fritz","a4231bd1-3955-11ef-8299-2510cc07ea6e",NA,NA,1973,"3/29/1974","693febc2-3960-11ef-bbb0-2906cc9fb6bc","away","TV 1893 Neuhausen","S3L Handball",22,29,FALSE,0,NA,NA,0,0,0,NA,0,0,0,0,0,0,NA,NA,NA,NA,NA,NA,NA,NA,0,0,0,0,NA,NA,NA,NA,NA
"Julius Lehmann","a448c9e2-3955-11ef-9bf8-2510cc07ea6e",NA,NA,1973,"3/29/1974","693febc2-3960-11ef-bbb0-2906cc9fb6bc","away","TV 1893 Neuhausen","S3L Handball",22,29,FALSE,0,NA,NA,0,0,0,NA,0,0,0,0,0,0,NA,NA,NA,NA,NA,NA,NA,NA,0,0,0,0,NA,NA,NA,NA,NA
"Manfred Schmid","a468025d-3955-11ef-ae56-2510cc07ea6e",NA,NA,1973,"3/29/1974","693febc2-3960-11ef-bbb0-2906cc9fb6bc","away","TV 1893 Neuhausen","S3L Handball",22,29,FALSE,1,NA,NA,0,0,0,NA,0,0,0,0,0,0,NA,NA,NA,NA,NA,NA,NA,NA,0,0,0,0,NA,NA,NA,NA,NA
"Wolfgang Brodbeck","b21723df-3955-11ef-a8f2-a36230ada079",NA,NA,1973,"3/29/1974","693febc2-3960-11ef-bbb0-2906cc9fb6bc","away","TV 1893 Neuhausen","S3L Handball",22,29,FALSE,0,NA,NA,0,0,0,NA,0,0,0,0,0,0,NA,NA,NA,NA,NA,NA,NA,NA,0,0,0,0,NA,NA,NA,NA,NA
"Wolfgang Ruoff","b21c931a-3955-11ef-96d4-a36230ada079",NA,NA,1973,"3/29/1974","693febc2-3960-11ef-bbb0-2906cc9fb6bc","away","TV 1893 Neuhausen","S3L Handball",22,29,FALSE,0,NA,NA,0,0,0,NA,0,0,0,0,0,0,NA,NA,NA,NA,NA,NA,NA,NA,0,0,0,0,NA,NA,NA,NA,NA
"Martin Streicher","b2277c0b-3955-11ef-b9c1-a36230ada079",NA,NA,1973,"3/29/1974","693febc2-3960-11ef-bbb0-2906cc9fb6bc","away","TV 1893 Neuhausen","S3L Handball",22,29,FALSE,1,NA,NA,0,0,0,NA,0,0,0,0,0,0,NA,NA,NA,NA,NA,NA,NA,NA,0,0,0,0,NA,NA,NA,NA,NA
"Kurt Reusch","b22cb722-3955-11ef-b081-a36230ada079",NA,NA,1973,"3/29/1974","693febc2-3960-11ef-bbb0-2906cc9fb6bc","away","TV 1893 Neuhausen","S3L Handball",22,29,FALSE,4,NA,NA,0,0,2,NA,0,0,0,0,0,0,NA,NA,NA,NA,NA,NA,NA,NA,0,0,0,0,NA,NA,NA,NA,NA
"Bernd Scheid","c71f654f-3955-11ef-a98f-157c9bc18a5f",NA,NA,1973,"3/29/1974","693febc2-3960-11ef-bbb0-2906cc9fb6bc","away","TV 1893 Neuhausen","S3L Handball",22,29,FALSE,0,NA,NA,0,0,0,NA,0,0,0,0,0,0,NA,NA,NA,NA,NA,NA,NA,NA,0,0,0,0,NA,NA,NA,NA,NA
"Ernst Brodbeck","c7240201-3955-11ef-938d-157c9bc18a5f",NA,NA,1973,"3/29/1974","693febc2-3960-11ef-bbb0-2906cc9fb6bc","away","TV 1893 Neuhausen","S3L Handball",22,29,FALSE,0,NA,NA,0,0,0,NA,0,0,0,0,0,0,NA,NA,NA,NA,NA,NA,NA,NA,0,0,0,0,NA,NA,NA,NA,NA
"Klaus Streicher","c728c012-3955-11ef-9cab-157c9bc18a5f",NA,NA,1973,"3/29/1974","693febc2-3960-11ef-bbb0-2906cc9fb6bc","away","TV 1893 Neuhausen","S3L Handball",22,29,FALSE,3,NA,NA,0,0,0,NA,0,0,0,0,0,0,NA,NA,NA,NA,NA,NA,NA,NA,0,0,0,0,NA,NA,NA,NA,NA
"Lothar Gradwohl","c72d20e3-3955-11ef-8433-157c9bc18a5f",NA,NA,1973,"3/29/1974","693febc2-3960-11ef-bbb0-2906cc9fb6bc","away","TV 1893 Neuhausen","S3L Handball",22,29,FALSE,1,NA,NA,0,0,0,NA,0,0,0,0,0,0,NA,NA,NA,NA,NA,NA,NA,NA,0,0,0,0,NA,NA,NA,NA,NA
"Kurt Klühspies","5ac3e7d7-3955-11ef-b574-4fa817cd91bb",NA,NA,1973,"3/29/1974","6a092fdf-3960-11ef-9ddb-2906cc9fb6bc","home","TV Großwallstadt","TSV 1846 Butzbach",21,12,TRUE,7,NA,NA,0,0,2,NA,0,0,0,0,0,0,NA,NA,NA,NA,NA,NA,NA,NA,0,0,0,0,NA,NA,NA,NA,NA
"Manfred Hofmann","6855eb0b-3955-11ef-8cb3-292be3190b7b",NA,NA,1973,"3/29/1974","6a092fdf-3960-11ef-9ddb-2906cc9fb6bc","home","TV Großwallstadt","TSV 1846 Butzbach",21,12,TRUE,0,NA,NA,0,0,0,NA,0,0,0,0,0,0,NA,NA,NA,NA,NA,NA,NA,NA,0,0,0,0,NA,NA,NA,NA,NA
"Thomas Sinsel","8adb8152-3955-11ef-b2de-81dc40648355",NA,NA,1973,"3/29/1974","6a092fdf-3960-11ef-9ddb-2906cc9fb6bc","home","TV Großwallstadt","TSV 1846 Butzbach",21,12,TRUE,0,NA,NA,0,0,0,NA,0,0,0,0,0,0,NA,NA,NA,NA,NA,NA,NA,NA,0,0,0,0,NA,NA,NA,NA,NA
"Manfred Schwarz","96d98e53-3955-11ef-a3c9-292be3190b7b",NA,NA,1973,"3/29/1974","6a092fdf-3960-11ef-9ddb-2906cc9fb6bc","home","TV Großwallstadt","TSV 1846 Butzbach",21,12,TRUE,2,NA,NA,0,0,0,NA,0,0,0,0,0,0,NA,NA,NA,NA,NA,NA,NA,NA,0,0,0,0,NA,NA,NA,NA,NA
"Arno Böckling","a3c38db5-3955-11ef-810f-2510cc07ea6e",NA,NA,1973,"3/29/1974","6a092fdf-3960-11ef-9ddb-2906cc9fb6bc","home","TV Großwallstadt","TSV 1846 Butzbach",21,12,TRUE,3,NA,NA,0,0,1,NA,0,0,0,0,0,0,NA,NA,NA,NA,NA,NA,NA,NA,0,0,0,0,NA,NA,NA,NA,NA
"Eckhardt Suffel","aeac0503-3955-11ef-88c6-a36230ada079",NA,NA,1973,"3/29/1974","6a092fdf-3960-11ef-9ddb-2906cc9fb6bc","home","TV Großwallstadt","TSV 1846 Butzbach",21,12,TRUE,3,NA,NA,0,0,0,NA,0,0,0,0,0,0,NA,NA,NA,NA,NA,NA,NA,NA,0,0,0,0,NA,NA,NA,NA,NA
"Manfred Meudt","af9be5ed-3955-11ef-a3e3-a36230ada079",NA,NA,1973,"3/29/1974","6a092fdf-3960-11ef-9ddb-2906cc9fb6bc","home","TV Großwallstadt","TSV 1846 Butzbach",21,12,TRUE,0,NA,NA,0,0,0,NA,0,0,0,0,0,0,NA,NA,NA,NA,NA,NA,NA,NA,0,0,0,0,NA,NA,NA,NA,NA
"Norbert Klein","b18179dc-3955-11ef-acc0-a36230ada079",NA,NA,1973,"3/29/1974","6a092fdf-3960-11ef-9ddb-2906cc9fb6bc","home","TV Großwallstadt","TSV 1846 Butzbach",21,12,TRUE,0,NA,NA,0,0,0,NA,0,0,0,0,0,0,NA,NA,NA,NA,NA,NA,NA,NA,0,0,0,0,NA,NA,NA,NA,NA
"Peter Kuß","bbc18adb-3955-11ef-a5f7-ab397f561917",NA,NA,1973,"3/29/1974","6a092fdf-3960-11ef-9ddb-2906cc9fb6bc","home","TV Großwallstadt","TSV 1846 Butzbach",21,12,TRUE,2,NA,NA,0,0,0,NA,0,0,0,0,0,0,NA,NA,NA,NA,NA,NA,NA,NA,0,0,0,0,NA,NA,NA,NA,NA
"Dieter Heß","bbc55957-3955-11ef-a14e-ab397f561917",NA,NA,1973,"3/29/1974","6a092fdf-3960-11ef-9ddb-2906cc9fb6bc","home","TV Großwallstadt","TSV 1846 Butzbach",21,12,TRUE,0,NA,NA,0,0,0,NA,0,0,0,0,0,0,NA,NA,NA,NA,NA,NA,NA,NA,0,0,0,0,NA,NA,NA,NA,NA
"Rainer Oberle","be123408-3955-11ef-92a6-ab397f561917",NA,NA,1973,"3/29/1974","6a092fdf-3960-11ef-9ddb-2906cc9fb6bc","home","TV Großwallstadt","TSV 1846 Butzbach",21,12,TRUE,4,NA,NA,0,0,0,NA,0,0,0,0,0,0,NA,NA,NA,NA,NA,NA,NA,NA,0,0,0,0,NA,NA,NA,NA,NA
"Zdenko Kováč","8d018220-3955-11ef-82c3-81dc40648355",NA,NA,1973,"3/29/1974","6a092fdf-3960-11ef-9ddb-2906cc9fb6bc","away","TSV 1846 Butzbach","TV Großwallstadt",12,21,FALSE,0,NA,NA,0,0,0,NA,0,0,0,0,0,0,NA,NA,NA,NA,NA,NA,NA,NA,0,0,0,0,NA,NA,NA,NA,NA
"Klaus Meineke","8d0eefb2-3955-11ef-a068-81dc40648355",NA,NA,1973,"3/29/1974","6a092fdf-3960-11ef-9ddb-2906cc9fb6bc","away","TSV 1846 Butzbach","TV Großwallstadt",12,21,FALSE,4,NA,NA,0,0,0,NA,0,0,0,0,0,0,NA,NA,NA,NA,NA,NA,NA,NA,0,0,0,0,NA,NA,NA,NA,NA
"Rolf Allendörfer","97c4e757-3955-11ef-8b41-292be3190b7b",NA,NA,1973,"3/29/1974","6a092fdf-3960-11ef-9ddb-2906cc9fb6bc","away","TSV 1846 Butzbach","TV Großwallstadt",12,21,FALSE,0,NA,NA,0,0,0,NA,0,0,0,0,0,0,NA,NA,NA,NA,NA,NA,NA,NA,0,0,0,0,NA,NA,NA,NA,NA
"Günter Werner","af912645-3955-11ef-a6b3-a36230ada079",NA,NA,1973,"3/29/1974","6a092fdf-3960-11ef-9ddb-2906cc9fb6bc","away","TSV 1846 Butzbach","TV Großwallstadt",12,21,FALSE,1,NA,NA,0,0,0,NA,0,0,0,0,0,0,NA,NA,NA,NA,NA,NA,NA,NA,0,0,0,0,NA,NA,NA,NA,NA
"Günter Timmermann","bb79f127-3955-11ef-ae8c-ab397f561917",NA,NA,1973,"3/29/1974","6a092fdf-3960-11ef-9ddb-2906cc9fb6bc","away","TSV 1846 Butzbach","TV Großwallstadt",12,21,FALSE,0,NA,NA,0,0,0,NA,0,0,0,0,0,0,NA,NA,NA,NA,NA,NA,NA,NA,0,0,0,0,NA,NA,NA,NA,NA
"Günter Bormann","bc2b728c-3955-11ef-9c10-ab397f561917",NA,NA,1973,"3/29/1974","6a092fdf-3960-11ef-9ddb-2906cc9fb6bc","away","TSV 1846 Butzbach","TV Großwallstadt",12,21,FALSE,1,NA,NA,0,0,0,NA,0,0,0,0,0,0,NA,NA,NA,NA,NA,NA,NA,NA,0,0,0,0,NA,NA,NA,NA,NA
"Rolf Grotegut","bc3000ec-3955-11ef-97c5-ab397f561917",NA,NA,1973,"3/29/1974","6a092fdf-3960-11ef-9ddb-2906cc9fb6bc","away","TSV 1846 Butzbach","TV Großwallstadt",12,21,FALSE,0,NA,NA,0,0,0,NA,0,0,0,0,0,0,NA,NA,NA,NA,NA,NA,NA,NA,0,0,0,0,NA,NA,NA,NA,NA
"Hans-Joachim Röhrig","bc371f1f-3955-11ef-bcd4-ab397f561917",NA,NA,1973,"3/29/1974","6a092fdf-3960-11ef-9ddb-2906cc9fb6bc","away","TSV 1846 Butzbach","TV Großwallstadt",12,21,FALSE,3,NA,NA,0,0,0,NA,0,0,0,0,0,0,NA,NA,NA,NA,NA,NA,NA,NA,0,0,0,0,NA,NA,NA,NA,NA
"Alfred Walter","bc3f22f5-3955-11ef-9558-ab397f561917",NA,NA,1973,"3/29/1974","6a092fdf-3960-11ef-9ddb-2906cc9fb6bc","away","TSV 1846 Butzbach","TV Großwallstadt",12,21,FALSE,2,NA,NA,0,0,0,NA,0,0,0,0,0,0,NA,NA,NA,NA,NA,NA,NA,NA,0,0,0,0,NA,NA,NA,NA,NA
"Bernd Lind","bc4b1939-3955-11ef-95dd-ab397f561917",NA,NA,1973,"3/29/1974","6a092fdf-3960-11ef-9ddb-2906cc9fb6bc","away","TSV 1846 Butzbach","TV Großwallstadt",12,21,FALSE,0,NA,NA,0,0,0,NA,0,0,0,0,0,0,NA,NA,NA,NA,NA,NA,NA,NA,0,0,0,0,NA,NA,NA,NA,NA
"Robert Ringleb","bc52ae17-3955-11ef-80f1-ab397f561917",NA,NA,1973,"3/29/1974","6a092fdf-3960-11ef-9ddb-2906cc9fb6bc","away","TSV 1846 Butzbach","TV Großwallstadt",12,21,FALSE,1,NA,NA,0,0,0,NA,0,0,0,0,0,0,NA,NA,NA,NA,NA,NA,NA,NA,0,0,0,0,NA,NA,NA,NA,NA
"Klaus Karg","c6d8aa2a-3955-11ef-ab2b-157c9bc18a5f",NA,NA,1973,"3/29/1974","6a092fdf-3960-11ef-9ddb-2906cc9fb6bc","away","TSV 1846 Butzbach","TV Großwallstadt",12,21,FALSE,0,NA,NA,0,0,0,NA,0,0,0,0,0,0,NA,NA,NA,NA,NA,NA,NA,NA,0,0,0,0,NA,NA,NA,NA,NA
"Armin Emrich","8cdd3680-3955-11ef-a93e-81dc40648355",NA,NA,1973,"3/29/1974","71efd7db-3960-11ef-ac9f-2906cc9fb6bc","home","FRISCH AUF! Göppingen","TSV 1896 Rintheim",21,17,TRUE,1,NA,NA,0,0,0,NA,0,0,0,0,0,0,NA,NA,NA,NA,NA,NA,NA,NA,0,0,0,0,NA,NA,NA,NA,NA
"Peter Bucher","8e0071c9-3955-11ef-8ff8-81dc40648355",NA,NA,1973,"3/29/1974","71efd7db-3960-11ef-ac9f-2906cc9fb6bc","home","FRISCH AUF! Göppingen","TSV 1896 Rintheim",21,17,TRUE,2,NA,NA,0,0,0,NA,0,0,0,0,0,0,NA,NA,NA,NA,NA,NA,NA,NA,0,0,0,0,NA,NA,NA,NA,NA
"Hans-Eberhard Finkbeiner","a2f451eb-3955-11ef-99da-2510cc07ea6e",NA,NA,1973,"3/29/1974","71efd7db-3960-11ef-ac9f-2906cc9fb6bc","home","FRISCH AUF! Göppingen","TSV 1896 Rintheim",21,17,TRUE,0,NA,NA,0,0,0,NA,0,0,0,0,0,0,NA,NA,NA,NA,NA,NA,NA,NA,0,0,0,0,NA,NA,NA,NA,NA
"Wolfgang Don","a2ff75a5-3955-11ef-a510-2510cc07ea6e",NA,NA,1973,"3/29/1974","71efd7db-3960-11ef-ac9f-2906cc9fb6bc","home","FRISCH AUF! Göppingen","TSV 1896 Rintheim",21,17,TRUE,1,NA,NA,0,0,0,NA,0,0,0,0,0,0,NA,NA,NA,NA,NA,NA,NA,NA,0,0,0,0,NA,NA,NA,NA,NA
"Werner Fischer","af3a0885-3955-11ef-a884-a36230ada079",NA,NA,1973,"3/29/1974","71efd7db-3960-11ef-ac9f-2906cc9fb6bc","home","FRISCH AUF! Göppingen","TSV 1896 Rintheim",21,17,TRUE,4,NA,NA,0,0,0,NA,0,0,0,0,0,0,NA,NA,NA,NA,NA,NA,NA,NA,0,0,0,0,NA,NA,NA,NA,NA
"Siegmund Seeger","af76d008-3955-11ef-b7c9-a36230ada079",NA,NA,1973,"3/29/1974","71efd7db-3960-11ef-ac9f-2906cc9fb6bc","home","FRISCH AUF! Göppingen","TSV 1896 Rintheim",21,17,TRUE,2,NA,NA,0,0,0,NA,0,0,0,0,0,0,NA,NA,NA,NA,NA,NA,NA,NA,0,0,0,0,NA,NA,NA,NA,NA
"Hans Brodbeck","b1f00cc3-3955-11ef-b4c9-a36230ada079",NA,NA,1973,"3/29/1974","71efd7db-3960-11ef-ac9f-2906cc9fb6bc","home","FRISCH AUF! Göppingen","TSV 1896 Rintheim",21,17,TRUE,0,NA,NA,0,0,0,NA,0,0,0,0,0,0,NA,NA,NA,NA,NA,NA,NA,NA,0,0,0,0,NA,NA,NA,NA,NA
"Paul Epple","bc8167af-3955-11ef-8748-ab397f561917",NA,NA,1973,"3/29/1974","71efd7db-3960-11ef-ac9f-2906cc9fb6bc","home","FRISCH AUF! Göppingen","TSV 1896 Rintheim",21,17,TRUE,4,NA,NA,0,0,1,NA,0,0,0,0,0,0,NA,NA,NA,NA,NA,NA,NA,NA,0,0,0,0,NA,NA,NA,NA,NA
"Geir Hallsteinsson","c70adb66-3955-11ef-afb7-157c9bc18a5f",NA,NA,1973,"3/29/1974","71efd7db-3960-11ef-ac9f-2906cc9fb6bc","home","FRISCH AUF! Göppingen","TSV 1896 Rintheim",21,17,TRUE,4,NA,NA,0,0,0,NA,0,0,0,0,0,0,NA,NA,NA,NA,NA,NA,NA,NA,0,0,0,0,NA,NA,NA,NA,NA
"Werner Arndt","c71116e0-3955-11ef-85d3-157c9bc18a5f",NA,NA,1973,"3/29/1974","71efd7db-3960-11ef-ac9f-2906cc9fb6bc","home","FRISCH AUF! Göppingen","TSV 1896 Rintheim",21,17,TRUE,2,NA,NA,0,0,0,NA,0,0,0,0,0,0,NA,NA,NA,NA,NA,NA,NA,NA,0,0,0,0,NA,NA,NA,NA,NA
"Christian Patzer","c715a1de-3955-11ef-bc54-157c9bc18a5f",NA,NA,1973,"3/29/1974","71efd7db-3960-11ef-ac9f-2906cc9fb6bc","home","FRISCH AUF! Göppingen","TSV 1896 Rintheim",21,17,TRUE,1,NA,NA,0,0,0,NA,0,0,0,0,0,0,NA,NA,NA,NA,NA,NA,NA,NA,0,0,0,0,NA,NA,NA,NA,NA
"Günter Schweikardt","d3e60b79-3953-11ef-9e8c-e3f2de03a1b7",NA,NA,1973,"3/29/1974","71efd7db-3960-11ef-ac9f-2906cc9fb6bc","home","FRISCH AUF! Göppingen","TSV 1896 Rintheim",21,17,TRUE,0,NA,NA,0,0,0,NA,0,0,0,0,0,0,NA,NA,NA,NA,NA,NA,NA,NA,0,0,0,0,NA,NA,NA,NA,NA
"Manfred Schulz","8bc2b5ea-3955-11ef-8d03-81dc40648355",NA,NA,1973,"3/29/1974","71efd7db-3960-11ef-ac9f-2906cc9fb6bc","away","TSV 1896 Rintheim","FRISCH AUF! Göppingen",17,21,FALSE,0,NA,NA,0,0,0,NA,0,0,0,0,0,0,NA,NA,NA,NA,NA,NA,NA,NA,0,0,0,0,NA,NA,NA,NA,NA
"Wolf-Dieter Nagel","8d41486b-3955-11ef-8d22-81dc40648355",NA,NA,1973,"3/29/1974","71efd7db-3960-11ef-ac9f-2906cc9fb6bc","away","TSV 1896 Rintheim","FRISCH AUF! Göppingen",17,21,FALSE,1,NA,NA,0,0,0,NA,0,0,0,0,0,0,NA,NA,NA,NA,NA,NA,NA,NA,0,0,0,0,NA,NA,NA,NA,NA
"Franz Bechler","98035d7e-3955-11ef-8b94-292be3190b7b",NA,NA,1973,"3/29/1974","71efd7db-3960-11ef-ac9f-2906cc9fb6bc","away","TSV 1896 Rintheim","FRISCH AUF! Göppingen",17,21,FALSE,1,NA,NA,0,0,0,NA,0,0,0,0,0,0,NA,NA,NA,NA,NA,NA,NA,NA,0,0,0,0,NA,NA,NA,NA,NA
"Max Müller","99453a6b-3955-11ef-84c2-292be3190b7b",NA,NA,1973,"3/29/1974","71efd7db-3960-11ef-ac9f-2906cc9fb6bc","away","TSV 1896 Rintheim","FRISCH AUF! Göppingen",17,21,FALSE,8,NA,NA,0,0,5,NA,0,0,0,0,0,0,NA,NA,NA,NA,NA,NA,NA,NA,0,0,0,0,NA,NA,NA,NA,NA
"Wilfried Job","af3ed007-3955-11ef-9184-a36230ada079",NA,NA,1973,"3/29/1974","71efd7db-3960-11ef-ac9f-2906cc9fb6bc","away","TSV 1896 Rintheim","FRISCH AUF! Göppingen",17,21,FALSE,2,NA,NA,0,0,0,NA,0,0,0,0,0,0,NA,NA,NA,NA,NA,NA,NA,NA,0,0,0,0,NA,NA,NA,NA,NA
"Claus Erles","af42e492-3955-11ef-a26e-a36230ada079",NA,NA,1973,"3/29/1974","71efd7db-3960-11ef-ac9f-2906cc9fb6bc","away","TSV 1896 Rintheim","FRISCH AUF! Göppingen",17,21,FALSE,0,NA,NA,0,0,0,NA,0,0,0,0,0,0,NA,NA,NA,NA,NA,NA,NA,NA,0,0,0,0,NA,NA,NA,NA,NA
"Peter Maier","af4e0d17-3955-11ef-8763-a36230ada079",NA,NA,1973,"3/29/1974","71efd7db-3960-11ef-ac9f-2906cc9fb6bc","away","TSV 1896 Rintheim","FRISCH AUF! Göppingen",17,21,FALSE,0,NA,NA,0,0,0,NA,0,0,0,0,0,0,NA,NA,NA,NA,NA,NA,NA,NA,0,0,0,0,NA,NA,NA,NA,NA
"Bernd Seibel","bc6670d9-3955-11ef-b849-ab397f561917",NA,NA,1973,"3/29/1974","71efd7db-3960-11ef-ac9f-2906cc9fb6bc","away","TSV 1896 Rintheim","FRISCH AUF! Göppingen",17,21,FALSE,0,NA,NA,0,0,0,NA,0,0,0,0,0,0,NA,NA,NA,NA,NA,NA,NA,NA,0,0,0,0,NA,NA,NA,NA,NA
"Wolfgang Dillenberger","bc6a40c8-3955-11ef-8c9f-ab397f561917",NA,NA,1973,"3/29/1974","71efd7db-3960-11ef-ac9f-2906cc9fb6bc","away","TSV 1896 Rintheim","FRISCH AUF! Göppingen",17,21,FALSE,5,NA,NA,0,0,2,NA,0,0,0,0,0,0,NA,NA,NA,NA,NA,NA,NA,NA,0,0,0,0,NA,NA,NA,NA,NA
"Max Ullrich","c6e110c6-3955-11ef-83e4-157c9bc18a5f",NA,NA,1973,"3/29/1974","71efd7db-3960-11ef-ac9f-2906cc9fb6bc","away","TSV 1896 Rintheim","FRISCH AUF! Göppingen",17,21,FALSE,0,NA,NA,0,0,0,NA,0,0,0,0,0,0,NA,NA,NA,NA,NA,NA,NA,NA,0,0,0,0,NA,NA,NA,NA,NA
"Richard Baumer","c6e9de45-3955-11ef-b5bf-157c9bc18a5f",NA,NA,1973,"3/29/1974","71efd7db-3960-11ef-ac9f-2906cc9fb6bc","away","TSV 1896 Rintheim","FRISCH AUF! Göppingen",17,21,FALSE,0,NA,NA,0,0,0,NA,0,0,0,0,0,0,NA,NA,NA,NA,NA,NA,NA,NA,0,0,0,0,NA,NA,NA,NA,NA
"Heiner Brand","44e82d45-3955-11ef-bc71-4fa817cd91bb",NA,NA,1973,"4/12/1974","5c5f9d88-3960-11ef-b0d7-7b2e16e5ffcd","home","VfL Gummersbach","TV 05/07 Hüttenberg",15,10,TRUE,2,NA,NA,0,0,0,NA,0,0,0,0,0,0,NA,NA,NA,NA,NA,NA,NA,NA,0,0,0,0,NA,NA,NA,NA,NA
"Klaus Westebbe","8c58f63a-3955-11ef-b65e-81dc40648355",NA,NA,1973,"4/12/1974","5c5f9d88-3960-11ef-b0d7-7b2e16e5ffcd","home","VfL Gummersbach","TV 05/07 Hüttenberg",15,10,TRUE,3,NA,NA,0,0,0,NA,0,0,0,0,0,0,NA,NA,NA,NA,NA,NA,NA,NA,0,0,0,0,NA,NA,NA,NA,NA
"Klaus Kater","8da1f6ef-3955-11ef-b31a-81dc40648355",NA,NA,1973,"4/12/1974","5c5f9d88-3960-11ef-b0d7-7b2e16e5ffcd","home","VfL Gummersbach","TV 05/07 Hüttenberg",15,10,TRUE,0,NA,NA,0,0,0,NA,0,0,0,0,0,0,NA,NA,NA,NA,NA,NA,NA,NA,0,0,0,0,NA,NA,NA,NA,NA
"Klaus Schlagheck","97a06613-3955-11ef-8056-292be3190b7b",NA,NA,1973,"4/12/1974","5c5f9d88-3960-11ef-b0d7-7b2e16e5ffcd","home","VfL Gummersbach","TV 05/07 Hüttenberg",15,10,TRUE,4,NA,NA,0,0,0,NA,0,0,0,0,0,0,NA,NA,NA,NA,NA,NA,NA,NA,0,0,0,0,NA,NA,NA,NA,NA
"Joachim Deckarm","9976945f-3955-11ef-afc4-292be3190b7b",NA,NA,1973,"4/12/1974","5c5f9d88-3960-11ef-b0d7-7b2e16e5ffcd","home","VfL Gummersbach","TV 05/07 Hüttenberg",15,10,TRUE,0,NA,NA,0,0,0,NA,0,0,0,0,0,0,NA,NA,NA,NA,NA,NA,NA,NA,0,0,0,0,NA,NA,NA,NA,NA
"Achim Henseler","a182e874-3955-11ef-95ce-2510cc07ea6e",NA,NA,1973,"4/12/1974","5c5f9d88-3960-11ef-b0d7-7b2e16e5ffcd","home","VfL Gummersbach","TV 05/07 Hüttenberg",15,10,TRUE,1,NA,NA,0,0,0,NA,0,0,0,0,0,0,NA,NA,NA,NA,NA,NA,NA,NA,0,0,0,0,NA,NA,NA,NA,NA
"Jochen Feldhoff","a32751a5-3955-11ef-badf-2510cc07ea6e",NA,NA,1973,"4/12/1974","5c5f9d88-3960-11ef-b0d7-7b2e16e5ffcd","home","VfL Gummersbach","TV 05/07 Hüttenberg",15,10,TRUE,2,NA,NA,0,0,0,NA,0,0,0,0,0,0,NA,NA,NA,NA,NA,NA,NA,NA,0,0,0,0,NA,NA,NA,NA,NA
"Werner Lettgen","ae263c3c-3955-11ef-96f7-a36230ada079",NA,NA,1973,"4/12/1974","5c5f9d88-3960-11ef-b0d7-7b2e16e5ffcd","home","VfL Gummersbach","TV 05/07 Hüttenberg",15,10,TRUE,0,NA,NA,0,0,0,NA,0,0,0,0,0,0,NA,NA,NA,NA,NA,NA,NA,NA,0,0,0,0,NA,NA,NA,NA,NA
"Hans-Günther Schmidt","aff5702f-3955-11ef-9878-a36230ada079",NA,NA,1973,"4/12/1974","5c5f9d88-3960-11ef-b0d7-7b2e16e5ffcd","home","VfL Gummersbach","TV 05/07 Hüttenberg",15,10,TRUE,3,NA,NA,0,0,1,NA,0,0,0,0,0,0,NA,NA,NA,NA,NA,NA,NA,NA,0,0,0,0,NA,NA,NA,NA,NA
"Jochen Brand","ba44375c-3955-11ef-a5d6-ab397f561917",NA,NA,1973,"4/12/1974","5c5f9d88-3960-11ef-b0d7-7b2e16e5ffcd","home","VfL Gummersbach","TV 05/07 Hüttenberg",15,10,TRUE,0,NA,NA,0,0,0,NA,0,0,0,0,0,0,NA,NA,NA,NA,NA,NA,NA,NA,0,0,0,0,NA,NA,NA,NA,NA
"Helmut Kosmehl","bc7d7cdd-3955-11ef-a338-ab397f561917",NA,NA,1973,"4/12/1974","5c5f9d88-3960-11ef-b0d7-7b2e16e5ffcd","home","VfL Gummersbach","TV 05/07 Hüttenberg",15,10,TRUE,0,NA,NA,0,0,0,NA,0,0,0,0,0,0,NA,NA,NA,NA,NA,NA,NA,NA,0,0,0,0,NA,NA,NA,NA,NA
"Walter Don","73f54ad3-3955-11ef-b2c6-51fdf2a82730",NA,NA,1973,"4/12/1974","5c5f9d88-3960-11ef-b0d7-7b2e16e5ffcd","away","TV 05/07 Hüttenberg","VfL Gummersbach",10,15,FALSE,1,NA,NA,0,0,2,NA,0,0,0,0,0,0,NA,NA,NA,NA,NA,NA,NA,NA,0,0,0,0,NA,NA,NA,NA,NA
"Hans-Jürgen Völpel","80753eec-3955-11ef-bd2e-b908c60af10a",NA,NA,1973,"4/12/1974","5c5f9d88-3960-11ef-b0d7-7b2e16e5ffcd","away","TV 05/07 Hüttenberg","VfL Gummersbach",10,15,FALSE,0,NA,NA,0,0,0,NA,0,0,0,0,0,0,NA,NA,NA,NA,NA,NA,NA,NA,0,0,0,0,NA,NA,NA,NA,NA
"Horst Spengler","80adf446-3955-11ef-a1e6-b908c60af10a",NA,NA,1973,"4/12/1974","5c5f9d88-3960-11ef-b0d7-7b2e16e5ffcd","away","TV 05/07 Hüttenberg","VfL Gummersbach",10,15,FALSE,1,NA,NA,0,0,0,NA,0,0,0,0,0,0,NA,NA,NA,NA,NA,NA,NA,NA,0,0,0,0,NA,NA,NA,NA,NA
"Peter Barthelmey","99855e8f-3955-11ef-b9a4-292be3190b7b",NA,NA,1973,"4/12/1974","5c5f9d88-3960-11ef-b0d7-7b2e16e5ffcd","away","TV 05/07 Hüttenberg","VfL Gummersbach",10,15,FALSE,4,NA,NA,0,0,1,NA,0,0,0,0,0,0,NA,NA,NA,NA,NA,NA,NA,NA,0,0,0,0,NA,NA,NA,NA,NA
"Richard Boczkowski","a1b43836-3955-11ef-934f-2510cc07ea6e",NA,NA,1973,"4/12/1974","5c5f9d88-3960-11ef-b0d7-7b2e16e5ffcd","away","TV 05/07 Hüttenberg","VfL Gummersbach",10,15,FALSE,0,NA,NA,0,0,0,NA,0,0,0,0,0,0,NA,NA,NA,NA,NA,NA,NA,NA,0,0,0,0,NA,NA,NA,NA,NA
"Norbert Bach","a3be6ba6-3955-11ef-9511-2510cc07ea6e",NA,NA,1973,"4/12/1974","5c5f9d88-3960-11ef-b0d7-7b2e16e5ffcd","away","TV 05/07 Hüttenberg","VfL Gummersbach",10,15,FALSE,2,NA,NA,0,0,0,NA,0,0,0,0,0,0,NA,NA,NA,NA,NA,NA,NA,NA,0,0,0,0,NA,NA,NA,NA,NA
"Stefan Schicketanz","a3d099d4-3955-11ef-90b6-2510cc07ea6e",NA,NA,1973,"4/12/1974","5c5f9d88-3960-11ef-b0d7-7b2e16e5ffcd","away","TV 05/07 Hüttenberg","VfL Gummersbach",10,15,FALSE,0,NA,NA,0,0,0,NA,0,0,0,0,0,0,NA,NA,NA,NA,NA,NA,NA,NA,0,0,0,0,NA,NA,NA,NA,NA
"Udo Uebbing","ae4823ea-3955-11ef-93ce-a36230ada079",NA,NA,1973,"4/12/1974","5c5f9d88-3960-11ef-b0d7-7b2e16e5ffcd","away","TV 05/07 Hüttenberg","VfL Gummersbach",10,15,FALSE,2,NA,NA,0,0,0,NA,0,0,0,0,0,0,NA,NA,NA,NA,NA,NA,NA,NA,0,0,0,0,NA,NA,NA,NA,NA
"Reinhold Wiener","b152eab6-3955-11ef-82b5-a36230ada079",NA,NA,1973,"4/12/1974","5c5f9d88-3960-11ef-b0d7-7b2e16e5ffcd","away","TV 05/07 Hüttenberg","VfL Gummersbach",10,15,FALSE,0,NA,NA,0,0,0,NA,0,0,0,0,0,0,NA,NA,NA,NA,NA,NA,NA,NA,0,0,0,0,NA,NA,NA,NA,NA
"Rainer Joost","bb83a6fb-3955-11ef-b43f-ab397f561917",NA,NA,1973,"4/12/1974","5c5f9d88-3960-11ef-b0d7-7b2e16e5ffcd","away","TV 05/07 Hüttenberg","VfL Gummersbach",10,15,FALSE,0,NA,NA,0,0,0,NA,0,0,0,0,0,0,NA,NA,NA,NA,NA,NA,NA,NA,0,0,0,0,NA,NA,NA,NA,NA
"Dieter Beckmann","bb888d20-3955-11ef-b8c5-ab397f561917",NA,NA,1973,"4/12/1974","5c5f9d88-3960-11ef-b0d7-7b2e16e5ffcd","away","TV 05/07 Hüttenberg","VfL Gummersbach",10,15,FALSE,0,NA,NA,0,0,0,NA,0,0,0,0,0,0,NA,NA,NA,NA,NA,NA,NA,NA,0,0,0,0,NA,NA,NA,NA,NA
"Andrija Kotlas","bde016f5-3955-11ef-b96c-ab397f561917",NA,NA,1973,"4/12/1974","5c5f9d88-3960-11ef-b0d7-7b2e16e5ffcd","away","TV 05/07 Hüttenberg","VfL Gummersbach",10,15,FALSE,0,NA,NA,0,0,0,NA,0,0,0,0,0,0,NA,NA,NA,NA,NA,NA,NA,NA,0,0,0,0,NA,NA,NA,NA,NA
"Armin Emrich","8cdd3680-3955-11ef-a93e-81dc40648355",NA,NA,1973,"4/12/1974","6528a550-3960-11ef-a819-2906cc9fb6bc","home","FRISCH AUF! Göppingen","TuS 05 Wellinghofen",14,15,FALSE,1,NA,NA,0,0,0,NA,0,0,0,0,0,0,NA,NA,NA,NA,NA,NA,NA,NA,0,0,0,0,NA,NA,NA,NA,NA
"Peter Bucher","8e0071c9-3955-11ef-8ff8-81dc40648355",NA,NA,1973,"4/12/1974","6528a550-3960-11ef-a819-2906cc9fb6bc","home","FRISCH AUF! Göppingen","TuS 05 Wellinghofen",14,15,FALSE,2,NA,NA,0,0,0,NA,0,0,0,0,0,0,NA,NA,NA,NA,NA,NA,NA,NA,0,0,0,0,NA,NA,NA,NA,NA
"Wolfgang Don","a2ff75a5-3955-11ef-a510-2510cc07ea6e",NA,NA,1973,"4/12/1974","6528a550-3960-11ef-a819-2906cc9fb6bc","home","FRISCH AUF! Göppingen","TuS 05 Wellinghofen",14,15,FALSE,1,NA,NA,0,0,0,NA,0,0,0,0,0,0,NA,NA,NA,NA,NA,NA,NA,NA,0,0,0,0,NA,NA,NA,NA,NA
"Werner Fischer","af3a0885-3955-11ef-a884-a36230ada079",NA,NA,1973,"4/12/1974","6528a550-3960-11ef-a819-2906cc9fb6bc","home","FRISCH AUF! Göppingen","TuS 05 Wellinghofen",14,15,FALSE,2,NA,NA,0,0,0,NA,0,0,0,0,0,0,NA,NA,NA,NA,NA,NA,NA,NA,0,0,0,0,NA,NA,NA,NA,NA
"Siegmund Seeger","af76d008-3955-11ef-b7c9-a36230ada079",NA,NA,1973,"4/12/1974","6528a550-3960-11ef-a819-2906cc9fb6bc","home","FRISCH AUF! Göppingen","TuS 05 Wellinghofen",14,15,FALSE,0,NA,NA,0,0,0,NA,0,0,0,0,0,0,NA,NA,NA,NA,NA,NA,NA,NA,0,0,0,0,NA,NA,NA,NA,NA
"Hans Brodbeck","b1f00cc3-3955-11ef-b4c9-a36230ada079",NA,NA,1973,"4/12/1974","6528a550-3960-11ef-a819-2906cc9fb6bc","home","FRISCH AUF! Göppingen","TuS 05 Wellinghofen",14,15,FALSE,0,NA,NA,0,0,0,NA,0,0,0,0,0,0,NA,NA,NA,NA,NA,NA,NA,NA,0,0,0,0,NA,NA,NA,NA,NA
"Paul Epple","bc8167af-3955-11ef-8748-ab397f561917",NA,NA,1973,"4/12/1974","6528a550-3960-11ef-a819-2906cc9fb6bc","home","FRISCH AUF! Göppingen","TuS 05 Wellinghofen",14,15,FALSE,1,NA,NA,0,0,0,NA,0,0,0,0,0,0,NA,NA,NA,NA,NA,NA,NA,NA,0,0,0,0,NA,NA,NA,NA,NA
"Geir Hallsteinsson","c70adb66-3955-11ef-afb7-157c9bc18a5f",NA,NA,1973,"4/12/1974","6528a550-3960-11ef-a819-2906cc9fb6bc","home","FRISCH AUF! Göppingen","TuS 05 Wellinghofen",14,15,FALSE,2,NA,NA,0,0,1,NA,0,0,0,0,0,0,NA,NA,NA,NA,NA,NA,NA,NA,0,0,0,0,NA,NA,NA,NA,NA
"Werner Arndt","c71116e0-3955-11ef-85d3-157c9bc18a5f",NA,NA,1973,"4/12/1974","6528a550-3960-11ef-a819-2906cc9fb6bc","home","FRISCH AUF! Göppingen","TuS 05 Wellinghofen",14,15,FALSE,2,NA,NA,0,0,0,NA,0,0,0,0,0,0,NA,NA,NA,NA,NA,NA,NA,NA,0,0,0,0,NA,NA,NA,NA,NA
"Christian Patzer","c715a1de-3955-11ef-bc54-157c9bc18a5f",NA,NA,1973,"4/12/1974","6528a550-3960-11ef-a819-2906cc9fb6bc","home","FRISCH AUF! Göppingen","TuS 05 Wellinghofen",14,15,FALSE,3,NA,NA,0,0,2,NA,0,0,0,0,0,0,NA,NA,NA,NA,NA,NA,NA,NA,0,0,0,0,NA,NA,NA,NA,NA
"Günter Schweikardt","d3e60b79-3953-11ef-9e8c-e3f2de03a1b7",NA,NA,1973,"4/12/1974","6528a550-3960-11ef-a819-2906cc9fb6bc","home","FRISCH AUF! Göppingen","TuS 05 Wellinghofen",14,15,FALSE,0,NA,NA,0,0,0,NA,0,0,0,0,0,0,NA,NA,NA,NA,NA,NA,NA,NA,0,0,0,0,NA,NA,NA,NA,NA
"Karl-Heinz Schulz","72847241-3955-11ef-8bd4-51fdf2a82730",NA,NA,1973,"4/12/1974","6528a550-3960-11ef-a819-2906cc9fb6bc","away","TuS 05 Wellinghofen","FRISCH AUF! Göppingen",15,14,TRUE,0,NA,NA,0,0,0,NA,0,0,0,0,0,0,NA,NA,NA,NA,NA,NA,NA,NA,0,0,0,0,NA,NA,NA,NA,NA
"Heiner Möller","8d7571e4-3955-11ef-b1d3-81dc40648355",NA,NA,1973,"4/12/1974","6528a550-3960-11ef-a819-2906cc9fb6bc","away","TuS 05 Wellinghofen","FRISCH AUF! Göppingen",15,14,TRUE,4,NA,NA,0,0,0,NA,0,0,0,0,0,0,NA,NA,NA,NA,NA,NA,NA,NA,0,0,0,0,NA,NA,NA,NA,NA
"Hans-Peter Neuhaus","8d9d3887-3955-11ef-80a3-81dc40648355",NA,NA,1973,"4/12/1974","6528a550-3960-11ef-a819-2906cc9fb6bc","away","TuS 05 Wellinghofen","FRISCH AUF! Göppingen",15,14,TRUE,1,NA,NA,0,0,0,NA,0,0,0,0,0,0,NA,NA,NA,NA,NA,NA,NA,NA,0,0,0,0,NA,NA,NA,NA,NA
"Rainer Gosewinkel","a4d61156-3955-11ef-8406-2510cc07ea6e",NA,NA,1973,"4/12/1974","6528a550-3960-11ef-a819-2906cc9fb6bc","away","TuS 05 Wellinghofen","FRISCH AUF! Göppingen",15,14,TRUE,4,NA,NA,0,0,0,NA,0,0,0,0,0,0,NA,NA,NA,NA,NA,NA,NA,NA,0,0,0,0,NA,NA,NA,NA,NA
"Klaus Erwe","a4f54a19-3955-11ef-b48a-2510cc07ea6e",NA,NA,1973,"4/12/1974","6528a550-3960-11ef-a819-2906cc9fb6bc","away","TuS 05 Wellinghofen","FRISCH AUF! Göppingen",15,14,TRUE,1,NA,NA,0,0,0,NA,0,0,0,0,0,0,NA,NA,NA,NA,NA,NA,NA,NA,0,0,0,0,NA,NA,NA,NA,NA
"Winfried Gabel","a521dedb-3955-11ef-a3bd-2510cc07ea6e",NA,NA,1973,"4/12/1974","6528a550-3960-11ef-a819-2906cc9fb6bc","away","TuS 05 Wellinghofen","FRISCH AUF! Göppingen",15,14,TRUE,0,NA,NA,0,0,0,NA,0,0,0,0,0,0,NA,NA,NA,NA,NA,NA,NA,NA,0,0,0,0,NA,NA,NA,NA,NA
"Burkhard Gröning","a52c6e4f-3955-11ef-a576-2510cc07ea6e",NA,NA,1973,"4/12/1974","6528a550-3960-11ef-a819-2906cc9fb6bc","away","TuS 05 Wellinghofen","FRISCH AUF! Göppingen",15,14,TRUE,3,NA,NA,0,0,0,NA,0,0,0,0,0,0,NA,NA,NA,NA,NA,NA,NA,NA,0,0,0,0,NA,NA,NA,NA,NA
"Klaus Tiews","a531838f-3955-11ef-8e99-2510cc07ea6e",NA,NA,1973,"4/12/1974","6528a550-3960-11ef-a819-2906cc9fb6bc","away","TuS 05 Wellinghofen","FRISCH AUF! Göppingen",15,14,TRUE,0,NA,NA,0,0,0,NA,0,0,0,0,0,0,NA,NA,NA,NA,NA,NA,NA,NA,0,0,0,0,NA,NA,NA,NA,NA
"Ulrich Staege","b05c5beb-3955-11ef-a7d6-a36230ada079",NA,NA,1973,"4/12/1974","6528a550-3960-11ef-a819-2906cc9fb6bc","away","TuS 05 Wellinghofen","FRISCH AUF! Göppingen",15,14,TRUE,0,NA,NA,0,0,0,NA,0,0,0,0,0,0,NA,NA,NA,NA,NA,NA,NA,NA,0,0,0,0,NA,NA,NA,NA,NA
"Herbert Rogge","b06614d7-3955-11ef-a43b-a36230ada079",NA,NA,1973,"4/12/1974","6528a550-3960-11ef-a819-2906cc9fb6bc","away","TuS 05 Wellinghofen","FRISCH AUF! Göppingen",15,14,TRUE,2,NA,NA,0,0,0,NA,0,0,0,0,0,0,NA,NA,NA,NA,NA,NA,NA,NA,0,0,0,0,NA,NA,NA,NA,NA
"Hans-Jürgen Sengera","ba7fae8e-3955-11ef-80e4-ab397f561917",NA,NA,1973,"4/12/1974","6528a550-3960-11ef-a819-2906cc9fb6bc","away","TuS 05 Wellinghofen","FRISCH AUF! Göppingen",15,14,TRUE,0,NA,NA,0,0,0,NA,0,0,0,0,0,0,NA,NA,NA,NA,NA,NA,NA,NA,0,0,0,0,NA,NA,NA,NA,NA
"Walter Don","73f54ad3-3955-11ef-b2c6-51fdf2a82730",NA,NA,1973,"4/26/1974","5c72ab69-3960-11ef-b88d-7b2e16e5ffcd","home","TV 05/07 Hüttenberg","VfL Gummersbach",16,18,FALSE,1,NA,NA,0,0,3,NA,0,0,0,0,0,0,NA,NA,NA,NA,NA,NA,NA,NA,0,0,0,0,NA,NA,NA,NA,NA
"Hans-Jürgen Völpel","80753eec-3955-11ef-bd2e-b908c60af10a",NA,NA,1973,"4/26/1974","5c72ab69-3960-11ef-b88d-7b2e16e5ffcd","home","TV 05/07 Hüttenberg","VfL Gummersbach",16,18,FALSE,0,NA,NA,0,0,0,NA,0,0,0,0,0,0,NA,NA,NA,NA,NA,NA,NA,NA,0,0,0,0,NA,NA,NA,NA,NA
"Horst Spengler","80adf446-3955-11ef-a1e6-b908c60af10a",NA,NA,1973,"4/26/1974","5c72ab69-3960-11ef-b88d-7b2e16e5ffcd","home","TV 05/07 Hüttenberg","VfL Gummersbach",16,18,FALSE,3,NA,NA,0,0,0,NA,0,0,0,0,0,0,NA,NA,NA,NA,NA,NA,NA,NA,0,0,0,0,NA,NA,NA,NA,NA
"Peter Barthelmey","99855e8f-3955-11ef-b9a4-292be3190b7b",NA,NA,1973,"4/26/1974","5c72ab69-3960-11ef-b88d-7b2e16e5ffcd","home","TV 05/07 Hüttenberg","VfL Gummersbach",16,18,FALSE,4,NA,NA,0,0,1,NA,0,0,0,0,0,0,NA,NA,NA,NA,NA,NA,NA,NA,0,0,0,0,NA,NA,NA,NA,NA
"Richard Boczkowski","a1b43836-3955-11ef-934f-2510cc07ea6e",NA,NA,1973,"4/26/1974","5c72ab69-3960-11ef-b88d-7b2e16e5ffcd","home","TV 05/07 Hüttenberg","VfL Gummersbach",16,18,FALSE,0,NA,NA,0,0,0,NA,0,0,0,0,0,0,NA,NA,NA,NA,NA,NA,NA,NA,0,0,0,0,NA,NA,NA,NA,NA
"Norbert Bach","a3be6ba6-3955-11ef-9511-2510cc07ea6e",NA,NA,1973,"4/26/1974","5c72ab69-3960-11ef-b88d-7b2e16e5ffcd","home","TV 05/07 Hüttenberg","VfL Gummersbach",16,18,FALSE,4,NA,NA,0,0,0,NA,0,0,0,0,0,0,NA,NA,NA,NA,NA,NA,NA,NA,0,0,0,0,NA,NA,NA,NA,NA
"Stefan Schicketanz","a3d099d4-3955-11ef-90b6-2510cc07ea6e",NA,NA,1973,"4/26/1974","5c72ab69-3960-11ef-b88d-7b2e16e5ffcd","home","TV 05/07 Hüttenberg","VfL Gummersbach",16,18,FALSE,1,NA,NA,0,0,0,NA,0,0,0,0,0,0,NA,NA,NA,NA,NA,NA,NA,NA,0,0,0,0,NA,NA,NA,NA,NA
"Udo Uebbing","ae4823ea-3955-11ef-93ce-a36230ada079",NA,NA,1973,"4/26/1974","5c72ab69-3960-11ef-b88d-7b2e16e5ffcd","home","TV 05/07 Hüttenberg","VfL Gummersbach",16,18,FALSE,2,NA,NA,0,0,0,NA,0,0,0,0,0,0,NA,NA,NA,NA,NA,NA,NA,NA,0,0,0,0,NA,NA,NA,NA,NA
"Rolf Kunz","bb7de91c-3955-11ef-8de2-ab397f561917",NA,NA,1973,"4/26/1974","5c72ab69-3960-11ef-b88d-7b2e16e5ffcd","home","TV 05/07 Hüttenberg","VfL Gummersbach",16,18,FALSE,0,NA,NA,0,0,0,NA,0,0,0,0,0,0,NA,NA,NA,NA,NA,NA,NA,NA,0,0,0,0,NA,NA,NA,NA,NA
"Rainer Joost","bb83a6fb-3955-11ef-b43f-ab397f561917",NA,NA,1973,"4/26/1974","5c72ab69-3960-11ef-b88d-7b2e16e5ffcd","home","TV 05/07 Hüttenberg","VfL Gummersbach",16,18,FALSE,0,NA,NA,0,0,0,NA,0,0,0,0,0,0,NA,NA,NA,NA,NA,NA,NA,NA,0,0,0,0,NA,NA,NA,NA,NA
"Dieter Beckmann","bb888d20-3955-11ef-b8c5-ab397f561917",NA,NA,1973,"4/26/1974","5c72ab69-3960-11ef-b88d-7b2e16e5ffcd","home","TV 05/07 Hüttenberg","VfL Gummersbach",16,18,FALSE,0,NA,NA,0,0,0,NA,0,0,0,0,0,0,NA,NA,NA,NA,NA,NA,NA,NA,0,0,0,0,NA,NA,NA,NA,NA
"Andrija Kotlas","bde016f5-3955-11ef-b96c-ab397f561917",NA,NA,1973,"4/26/1974","5c72ab69-3960-11ef-b88d-7b2e16e5ffcd","home","TV 05/07 Hüttenberg","VfL Gummersbach",16,18,FALSE,1,NA,NA,0,0,0,NA,0,0,0,0,0,0,NA,NA,NA,NA,NA,NA,NA,NA,0,0,0,0,NA,NA,NA,NA,NA
"Heiner Brand","44e82d45-3955-11ef-bc71-4fa817cd91bb",NA,NA,1973,"4/26/1974","5c72ab69-3960-11ef-b88d-7b2e16e5ffcd","away","VfL Gummersbach","TV 05/07 Hüttenberg",18,16,TRUE,0,NA,NA,0,0,0,NA,0,0,0,0,0,0,NA,NA,NA,NA,NA,NA,NA,NA,0,0,0,0,NA,NA,NA,NA,NA
"Valentin Markser","7f461519-3955-11ef-a1f6-b908c60af10a",NA,NA,1973,"4/26/1974","5c72ab69-3960-11ef-b88d-7b2e16e5ffcd","away","VfL Gummersbach","TV 05/07 Hüttenberg",18,16,TRUE,0,NA,NA,0,0,0,NA,0,0,0,0,0,0,NA,NA,NA,NA,NA,NA,NA,NA,0,0,0,0,NA,NA,NA,NA,NA
"Klaus Westebbe","8c58f63a-3955-11ef-b65e-81dc40648355",NA,NA,1973,"4/26/1974","5c72ab69-3960-11ef-b88d-7b2e16e5ffcd","away","VfL Gummersbach","TV 05/07 Hüttenberg",18,16,TRUE,1,NA,NA,0,0,0,NA,0,0,0,0,0,0,NA,NA,NA,NA,NA,NA,NA,NA,0,0,0,0,NA,NA,NA,NA,NA
"Klaus Kater","8da1f6ef-3955-11ef-b31a-81dc40648355",NA,NA,1973,"4/26/1974","5c72ab69-3960-11ef-b88d-7b2e16e5ffcd","away","VfL Gummersbach","TV 05/07 Hüttenberg",18,16,TRUE,0,NA,NA,0,0,0,NA,0,0,0,0,0,0,NA,NA,NA,NA,NA,NA,NA,NA,0,0,0,0,NA,NA,NA,NA,NA
"Klaus Schlagheck","97a06613-3955-11ef-8056-292be3190b7b",NA,NA,1973,"4/26/1974","5c72ab69-3960-11ef-b88d-7b2e16e5ffcd","away","VfL Gummersbach","TV 05/07 Hüttenberg",18,16,TRUE,4,NA,NA,0,0,0,NA,0,0,0,0,0,0,NA,NA,NA,NA,NA,NA,NA,NA,0,0,0,0,NA,NA,NA,NA,NA
"Joachim Deckarm","9976945f-3955-11ef-afc4-292be3190b7b",NA,NA,1973,"4/26/1974","5c72ab69-3960-11ef-b88d-7b2e16e5ffcd","away","VfL Gummersbach","TV 05/07 Hüttenberg",18,16,TRUE,0,NA,NA,0,0,0,NA,0,0,0,0,0,0,NA,NA,NA,NA,NA,NA,NA,NA,0,0,0,0,NA,NA,NA,NA,NA
"Achim Henseler","a182e874-3955-11ef-95ce-2510cc07ea6e",NA,NA,1973,"4/26/1974","5c72ab69-3960-11ef-b88d-7b2e16e5ffcd","away","VfL Gummersbach","TV 05/07 Hüttenberg",18,16,TRUE,2,NA,NA,0,0,0,NA,0,0,0,0,0,0,NA,NA,NA,NA,NA,NA,NA,NA,0,0,0,0,NA,NA,NA,NA,NA
"Jochen Feldhoff","a32751a5-3955-11ef-badf-2510cc07ea6e",NA,NA,1973,"4/26/1974","5c72ab69-3960-11ef-b88d-7b2e16e5ffcd","away","VfL Gummersbach","TV 05/07 Hüttenberg",18,16,TRUE,1,NA,NA,0,0,0,NA,0,0,0,0,0,0,NA,NA,NA,NA,NA,NA,NA,NA,0,0,0,0,NA,NA,NA,NA,NA
"Werner Lettgen","ae263c3c-3955-11ef-96f7-a36230ada079",NA,NA,1973,"4/26/1974","5c72ab69-3960-11ef-b88d-7b2e16e5ffcd","away","VfL Gummersbach","TV 05/07 Hüttenberg",18,16,TRUE,0,NA,NA,0,0,0,NA,0,0,0,0,0,0,NA,NA,NA,NA,NA,NA,NA,NA,0,0,0,0,NA,NA,NA,NA,NA
"Hans-Günther Schmidt","aff5702f-3955-11ef-9878-a36230ada079",NA,NA,1973,"4/26/1974","5c72ab69-3960-11ef-b88d-7b2e16e5ffcd","away","VfL Gummersbach","TV 05/07 Hüttenberg",18,16,TRUE,6,NA,NA,0,0,2,NA,0,0,0,0,0,0,NA,NA,NA,NA,NA,NA,NA,NA,0,0,0,0,NA,NA,NA,NA,NA
"Jochen Brand","ba44375c-3955-11ef-a5d6-ab397f561917",NA,NA,1973,"4/26/1974","5c72ab69-3960-11ef-b88d-7b2e16e5ffcd","away","VfL Gummersbach","TV 05/07 Hüttenberg",18,16,TRUE,0,NA,NA,0,0,0,NA,0,0,0,0,0,0,NA,NA,NA,NA,NA,NA,NA,NA,0,0,0,0,NA,NA,NA,NA,NA
"Helmut Kosmehl","bc7d7cdd-3955-11ef-a338-ab397f561917",NA,NA,1973,"4/26/1974","5c72ab69-3960-11ef-b88d-7b2e16e5ffcd","away","VfL Gummersbach","TV 05/07 Hüttenberg",18,16,TRUE,4,NA,NA,0,0,0,NA,0,0,0,0,0,0,NA,NA,NA,NA,NA,NA,NA,NA,0,0,0,0,NA,NA,NA,NA,NA
"Karl-Heinz Schulz","72847241-3955-11ef-8bd4-51fdf2a82730",NA,NA,1973,"4/26/1974","653d0d25-3960-11ef-b02b-2906cc9fb6bc","home","TuS 05 Wellinghofen","FRISCH AUF! Göppingen",24,17,TRUE,0,NA,NA,0,0,0,NA,0,0,0,0,0,0,NA,NA,NA,NA,NA,NA,NA,NA,0,0,0,0,NA,NA,NA,NA,NA
"Heiner Möller","8d7571e4-3955-11ef-b1d3-81dc40648355",NA,NA,1973,"4/26/1974","653d0d25-3960-11ef-b02b-2906cc9fb6bc","home","TuS 05 Wellinghofen","FRISCH AUF! Göppingen",24,17,TRUE,5,NA,NA,0,0,0,NA,0,0,0,0,0,0,NA,NA,NA,NA,NA,NA,NA,NA,0,0,0,0,NA,NA,NA,NA,NA
"Hans-Peter Neuhaus","8d9d3887-3955-11ef-80a3-81dc40648355",NA,NA,1973,"4/26/1974","653d0d25-3960-11ef-b02b-2906cc9fb6bc","home","TuS 05 Wellinghofen","FRISCH AUF! Göppingen",24,17,TRUE,4,NA,NA,0,0,2,NA,0,0,0,0,0,0,NA,NA,NA,NA,NA,NA,NA,NA,0,0,0,0,NA,NA,NA,NA,NA
"Karl-Heinz Nolde","a33d5c4a-3955-11ef-b577-2510cc07ea6e",NA,NA,1973,"4/26/1974","653d0d25-3960-11ef-b02b-2906cc9fb6bc","home","TuS 05 Wellinghofen","FRISCH AUF! Göppingen",24,17,TRUE,0,NA,NA,0,0,0,NA,0,0,0,0,0,0,NA,NA,NA,NA,NA,NA,NA,NA,0,0,0,0,NA,NA,NA,NA,NA
"Klaus Erwe","a4f54a19-3955-11ef-b48a-2510cc07ea6e",NA,NA,1973,"4/26/1974","653d0d25-3960-11ef-b02b-2906cc9fb6bc","home","TuS 05 Wellinghofen","FRISCH AUF! Göppingen",24,17,TRUE,0,NA,NA,0,0,0,NA,0,0,0,0,0,0,NA,NA,NA,NA,NA,NA,NA,NA,0,0,0,0,NA,NA,NA,NA,NA
"Winfried Gabel","a521dedb-3955-11ef-a3bd-2510cc07ea6e",NA,NA,1973,"4/26/1974","653d0d25-3960-11ef-b02b-2906cc9fb6bc","home","TuS 05 Wellinghofen","FRISCH AUF! Göppingen",24,17,TRUE,0,NA,NA,0,0,0,NA,0,0,0,0,0,0,NA,NA,NA,NA,NA,NA,NA,NA,0,0,0,0,NA,NA,NA,NA,NA
"Burkhard Gröning","a52c6e4f-3955-11ef-a576-2510cc07ea6e",NA,NA,1973,"4/26/1974","653d0d25-3960-11ef-b02b-2906cc9fb6bc","home","TuS 05 Wellinghofen","FRISCH AUF! Göppingen",24,17,TRUE,8,NA,NA,0,0,0,NA,0,0,0,0,0,0,NA,NA,NA,NA,NA,NA,NA,NA,0,0,0,0,NA,NA,NA,NA,NA
"Klaus Tiews","a531838f-3955-11ef-8e99-2510cc07ea6e",NA,NA,1973,"4/26/1974","653d0d25-3960-11ef-b02b-2906cc9fb6bc","home","TuS 05 Wellinghofen","FRISCH AUF! Göppingen",24,17,TRUE,1,NA,NA,0,0,0,NA,0,0,0,0,0,0,NA,NA,NA,NA,NA,NA,NA,NA,0,0,0,0,NA,NA,NA,NA,NA
"Ulrich Staege","b05c5beb-3955-11ef-a7d6-a36230ada079",NA,NA,1973,"4/26/1974","653d0d25-3960-11ef-b02b-2906cc9fb6bc","home","TuS 05 Wellinghofen","FRISCH AUF! Göppingen",24,17,TRUE,1,NA,NA,0,0,0,NA,0,0,0,0,0,0,NA,NA,NA,NA,NA,NA,NA,NA,0,0,0,0,NA,NA,NA,NA,NA
"Herbert Rogge","b06614d7-3955-11ef-a43b-a36230ada079",NA,NA,1973,"4/26/1974","653d0d25-3960-11ef-b02b-2906cc9fb6bc","home","TuS 05 Wellinghofen","FRISCH AUF! Göppingen",24,17,TRUE,4,NA,NA,0,0,0,NA,0,0,0,0,0,0,NA,NA,NA,NA,NA,NA,NA,NA,0,0,0,0,NA,NA,NA,NA,NA
"Hans-Jürgen Sengera","ba7fae8e-3955-11ef-80e4-ab397f561917",NA,NA,1973,"4/26/1974","653d0d25-3960-11ef-b02b-2906cc9fb6bc","home","TuS 05 Wellinghofen","FRISCH AUF! Göppingen",24,17,TRUE,0,NA,NA,0,0,0,NA,0,0,0,0,0,0,NA,NA,NA,NA,NA,NA,NA,NA,0,0,0,0,NA,NA,NA,NA,NA
"Armin Emrich","8cdd3680-3955-11ef-a93e-81dc40648355",NA,NA,1973,"4/26/1974","653d0d25-3960-11ef-b02b-2906cc9fb6bc","away","FRISCH AUF! Göppingen","TuS 05 Wellinghofen",17,24,FALSE,0,NA,NA,0,0,0,NA,0,0,0,0,0,0,NA,NA,NA,NA,NA,NA,NA,NA,0,0,0,0,NA,NA,NA,NA,NA
"Peter Bucher","8e0071c9-3955-11ef-8ff8-81dc40648355",NA,NA,1973,"4/26/1974","653d0d25-3960-11ef-b02b-2906cc9fb6bc","away","FRISCH AUF! Göppingen","TuS 05 Wellinghofen",17,24,FALSE,3,NA,NA,0,0,1,NA,0,0,0,0,0,0,NA,NA,NA,NA,NA,NA,NA,NA,0,0,0,0,NA,NA,NA,NA,NA
"Hans-Eberhard Finkbeiner","a2f451eb-3955-11ef-99da-2510cc07ea6e",NA,NA,1973,"4/26/1974","653d0d25-3960-11ef-b02b-2906cc9fb6bc","away","FRISCH AUF! Göppingen","TuS 05 Wellinghofen",17,24,FALSE,0,NA,NA,0,0,0,NA,0,0,0,0,0,0,NA,NA,NA,NA,NA,NA,NA,NA,0,0,0,0,NA,NA,NA,NA,NA
"Wolfgang Don","a2ff75a5-3955-11ef-a510-2510cc07ea6e",NA,NA,1973,"4/26/1974","653d0d25-3960-11ef-b02b-2906cc9fb6bc","away","FRISCH AUF! Göppingen","TuS 05 Wellinghofen",17,24,FALSE,1,NA,NA,0,0,0,NA,0,0,0,0,0,0,NA,NA,NA,NA,NA,NA,NA,NA,0,0,0,0,NA,NA,NA,NA,NA
"Werner Fischer","af3a0885-3955-11ef-a884-a36230ada079",NA,NA,1973,"4/26/1974","653d0d25-3960-11ef-b02b-2906cc9fb6bc","away","FRISCH AUF! Göppingen","TuS 05 Wellinghofen",17,24,FALSE,1,NA,NA,0,0,0,NA,0,0,0,0,0,0,NA,NA,NA,NA,NA,NA,NA,NA,0,0,0,0,NA,NA,NA,NA,NA
"Siegmund Seeger","af76d008-3955-11ef-b7c9-a36230ada079",NA,NA,1973,"4/26/1974","653d0d25-3960-11ef-b02b-2906cc9fb6bc","away","FRISCH AUF! Göppingen","TuS 05 Wellinghofen",17,24,FALSE,0,NA,NA,0,0,0,NA,0,0,0,0,0,0,NA,NA,NA,NA,NA,NA,NA,NA,0,0,0,0,NA,NA,NA,NA,NA
"Hans Brodbeck","b1f00cc3-3955-11ef-b4c9-a36230ada079",NA,NA,1973,"4/26/1974","653d0d25-3960-11ef-b02b-2906cc9fb6bc","away","FRISCH AUF! Göppingen","TuS 05 Wellinghofen",17,24,FALSE,0,NA,NA,0,0,0,NA,0,0,0,0,0,0,NA,NA,NA,NA,NA,NA,NA,NA,0,0,0,0,NA,NA,NA,NA,NA
"Paul Epple","bc8167af-3955-11ef-8748-ab397f561917",NA,NA,1973,"4/26/1974","653d0d25-3960-11ef-b02b-2906cc9fb6bc","away","FRISCH AUF! Göppingen","TuS 05 Wellinghofen",17,24,FALSE,6,NA,NA,0,0,1,NA,0,0,0,0,0,0,NA,NA,NA,NA,NA,NA,NA,NA,0,0,0,0,NA,NA,NA,NA,NA
"Geir Hallsteinsson","c70adb66-3955-11ef-afb7-157c9bc18a5f",NA,NA,1973,"4/26/1974","653d0d25-3960-11ef-b02b-2906cc9fb6bc","away","FRISCH AUF! Göppingen","TuS 05 Wellinghofen",17,24,FALSE,3,NA,NA,0,0,0,NA,0,0,0,0,0,0,NA,NA,NA,NA,NA,NA,NA,NA,0,0,0,0,NA,NA,NA,NA,NA
"Werner Arndt","c71116e0-3955-11ef-85d3-157c9bc18a5f",NA,NA,1973,"4/26/1974","653d0d25-3960-11ef-b02b-2906cc9fb6bc","away","FRISCH AUF! Göppingen","TuS 05 Wellinghofen",17,24,FALSE,0,NA,NA,0,0,0,NA,0,0,0,0,0,0,NA,NA,NA,NA,NA,NA,NA,NA,0,0,0,0,NA,NA,NA,NA,NA
"Christian Patzer","c715a1de-3955-11ef-bc54-157c9bc18a5f",NA,NA,1973,"4/26/1974","653d0d25-3960-11ef-b02b-2906cc9fb6bc","away","FRISCH AUF! Göppingen","TuS 05 Wellinghofen",17,24,FALSE,3,NA,NA,0,0,1,NA,0,0,0,0,0,0,NA,NA,NA,NA,NA,NA,NA,NA,0,0,0,0,NA,NA,NA,NA,NA
"Günter Schweikardt","d3e60b79-3953-11ef-9e8c-e3f2de03a1b7",NA,NA,1973,"4/26/1974","653d0d25-3960-11ef-b02b-2906cc9fb6bc","away","FRISCH AUF! Göppingen","TuS 05 Wellinghofen",17,24,FALSE,0,NA,NA,0,0,0,NA,0,0,0,0,0,0,NA,NA,NA,NA,NA,NA,NA,NA,0,0,0,0,NA,NA,NA,NA,NA
"Heiner Brand","44e82d45-3955-11ef-bc71-4fa817cd91bb",NA,NA,1973,"5/3/1974","5c80e1f0-3960-11ef-bbec-7b2e16e5ffcd","home","VfL Gummersbach","TuS 05 Wellinghofen",19,14,TRUE,2,NA,NA,0,0,0,NA,0,0,0,0,0,0,NA,NA,NA,NA,NA,NA,NA,NA,0,0,0,0,NA,NA,NA,NA,NA
"Klaus Westebbe","8c58f63a-3955-11ef-b65e-81dc40648355",NA,NA,1973,"5/3/1974","5c80e1f0-3960-11ef-bbec-7b2e16e5ffcd","home","VfL Gummersbach","TuS 05 Wellinghofen",19,14,TRUE,1,NA,NA,0,0,0,NA,0,0,0,0,0,0,NA,NA,NA,NA,NA,NA,NA,NA,0,0,0,0,NA,NA,NA,NA,NA
"Klaus Kater","8da1f6ef-3955-11ef-b31a-81dc40648355",NA,NA,1973,"5/3/1974","5c80e1f0-3960-11ef-bbec-7b2e16e5ffcd","home","VfL Gummersbach","TuS 05 Wellinghofen",19,14,TRUE,0,NA,NA,0,0,0,NA,0,0,0,0,0,0,NA,NA,NA,NA,NA,NA,NA,NA,0,0,0,0,NA,NA,NA,NA,NA
"Klaus Schlagheck","97a06613-3955-11ef-8056-292be3190b7b",NA,NA,1973,"5/3/1974","5c80e1f0-3960-11ef-bbec-7b2e16e5ffcd","home","VfL Gummersbach","TuS 05 Wellinghofen",19,14,TRUE,0,NA,NA,0,0,0,NA,0,0,0,0,0,0,NA,NA,NA,NA,NA,NA,NA,NA,0,0,0,0,NA,NA,NA,NA,NA
"Joachim Deckarm","9976945f-3955-11ef-afc4-292be3190b7b",NA,NA,1973,"5/3/1974","5c80e1f0-3960-11ef-bbec-7b2e16e5ffcd","home","VfL Gummersbach","TuS 05 Wellinghofen",19,14,TRUE,4,NA,NA,0,0,0,NA,0,0,0,0,0,0,NA,NA,NA,NA,NA,NA,NA,NA,0,0,0,0,NA,NA,NA,NA,NA
"Achim Henseler","a182e874-3955-11ef-95ce-2510cc07ea6e",NA,NA,1973,"5/3/1974","5c80e1f0-3960-11ef-bbec-7b2e16e5ffcd","home","VfL Gummersbach","TuS 05 Wellinghofen",19,14,TRUE,0,NA,NA,0,0,0,NA,0,0,0,0,0,0,NA,NA,NA,NA,NA,NA,NA,NA,0,0,0,0,NA,NA,NA,NA,NA
"Jochen Feldhoff","a32751a5-3955-11ef-badf-2510cc07ea6e",NA,NA,1973,"5/3/1974","5c80e1f0-3960-11ef-bbec-7b2e16e5ffcd","home","VfL Gummersbach","TuS 05 Wellinghofen",19,14,TRUE,3,NA,NA,0,0,0,NA,0,0,0,0,0,0,NA,NA,NA,NA,NA,NA,NA,NA,0,0,0,0,NA,NA,NA,NA,NA
"Werner Lettgen","ae263c3c-3955-11ef-96f7-a36230ada079",NA,NA,1973,"5/3/1974","5c80e1f0-3960-11ef-bbec-7b2e16e5ffcd","home","VfL Gummersbach","TuS 05 Wellinghofen",19,14,TRUE,0,NA,NA,0,0,0,NA,0,0,0,0,0,0,NA,NA,NA,NA,NA,NA,NA,NA,0,0,0,0,NA,NA,NA,NA,NA
"Hans-Günther Schmidt","aff5702f-3955-11ef-9878-a36230ada079",NA,NA,1973,"5/3/1974","5c80e1f0-3960-11ef-bbec-7b2e16e5ffcd","home","VfL Gummersbach","TuS 05 Wellinghofen",19,14,TRUE,9,NA,NA,0,0,3,NA,0,0,0,0,0,0,NA,NA,NA,NA,NA,NA,NA,NA,0,0,0,0,NA,NA,NA,NA,NA
"Jochen Brand","ba44375c-3955-11ef-a5d6-ab397f561917",NA,NA,1973,"5/3/1974","5c80e1f0-3960-11ef-bbec-7b2e16e5ffcd","home","VfL Gummersbach","TuS 05 Wellinghofen",19,14,TRUE,0,NA,NA,0,0,0,NA,0,0,0,0,0,0,NA,NA,NA,NA,NA,NA,NA,NA,0,0,0,0,NA,NA,NA,NA,NA
"Helmut Kosmehl","bc7d7cdd-3955-11ef-a338-ab397f561917",NA,NA,1973,"5/3/1974","5c80e1f0-3960-11ef-bbec-7b2e16e5ffcd","home","VfL Gummersbach","TuS 05 Wellinghofen",19,14,TRUE,0,NA,NA,0,0,0,NA,0,0,0,0,0,0,NA,NA,NA,NA,NA,NA,NA,NA,0,0,0,0,NA,NA,NA,NA,NA
"Karl-Heinz Schulz","72847241-3955-11ef-8bd4-51fdf2a82730",NA,NA,1973,"5/3/1974","5c80e1f0-3960-11ef-bbec-7b2e16e5ffcd","away","TuS 05 Wellinghofen","VfL Gummersbach",14,19,FALSE,0,NA,NA,0,0,0,NA,0,0,0,0,0,0,NA,NA,NA,NA,NA,NA,NA,NA,0,0,0,0,NA,NA,NA,NA,NA
"Hans-Jürgen Zick","8d67d76a-3955-11ef-8956-81dc40648355",NA,NA,1973,"5/3/1974","5c80e1f0-3960-11ef-bbec-7b2e16e5ffcd","away","TuS 05 Wellinghofen","VfL Gummersbach",14,19,FALSE,0,NA,NA,0,0,0,NA,0,0,0,0,0,0,NA,NA,NA,NA,NA,NA,NA,NA,0,0,0,0,NA,NA,NA,NA,NA
"Heiner Möller","8d7571e4-3955-11ef-b1d3-81dc40648355",NA,NA,1973,"5/3/1974","5c80e1f0-3960-11ef-bbec-7b2e16e5ffcd","away","TuS 05 Wellinghofen","VfL Gummersbach",14,19,FALSE,4,NA,NA,0,0,0,NA,0,0,0,0,0,0,NA,NA,NA,NA,NA,NA,NA,NA,0,0,0,0,NA,NA,NA,NA,NA
"Hans-Peter Neuhaus","8d9d3887-3955-11ef-80a3-81dc40648355",NA,NA,1973,"5/3/1974","5c80e1f0-3960-11ef-bbec-7b2e16e5ffcd","away","TuS 05 Wellinghofen","VfL Gummersbach",14,19,FALSE,5,NA,NA,0,0,5,NA,0,0,0,0,0,0,NA,NA,NA,NA,NA,NA,NA,NA,0,0,0,0,NA,NA,NA,NA,NA
"Karl-Heinz Nolde","a33d5c4a-3955-11ef-b577-2510cc07ea6e",NA,NA,1973,"5/3/1974","5c80e1f0-3960-11ef-bbec-7b2e16e5ffcd","away","TuS 05 Wellinghofen","VfL Gummersbach",14,19,FALSE,0,NA,NA,0,0,0,NA,0,0,0,0,0,0,NA,NA,NA,NA,NA,NA,NA,NA,0,0,0,0,NA,NA,NA,NA,NA
"Klaus Erwe","a4f54a19-3955-11ef-b48a-2510cc07ea6e",NA,NA,1973,"5/3/1974","5c80e1f0-3960-11ef-bbec-7b2e16e5ffcd","away","TuS 05 Wellinghofen","VfL Gummersbach",14,19,FALSE,0,NA,NA,0,0,0,NA,0,0,0,0,0,0,NA,NA,NA,NA,NA,NA,NA,NA,0,0,0,0,NA,NA,NA,NA,NA
"Winfried Gabel","a521dedb-3955-11ef-a3bd-2510cc07ea6e",NA,NA,1973,"5/3/1974","5c80e1f0-3960-11ef-bbec-7b2e16e5ffcd","away","TuS 05 Wellinghofen","VfL Gummersbach",14,19,FALSE,0,NA,NA,0,0,0,NA,0,0,0,0,0,0,NA,NA,NA,NA,NA,NA,NA,NA,0,0,0,0,NA,NA,NA,NA,NA
"Burkhard Gröning","a52c6e4f-3955-11ef-a576-2510cc07ea6e",NA,NA,1973,"5/3/1974","5c80e1f0-3960-11ef-bbec-7b2e16e5ffcd","away","TuS 05 Wellinghofen","VfL Gummersbach",14,19,FALSE,4,NA,NA,0,0,0,NA,0,0,0,0,0,0,NA,NA,NA,NA,NA,NA,NA,NA,0,0,0,0,NA,NA,NA,NA,NA
"Klaus Tiews","a531838f-3955-11ef-8e99-2510cc07ea6e",NA,NA,1973,"5/3/1974","5c80e1f0-3960-11ef-bbec-7b2e16e5ffcd","away","TuS 05 Wellinghofen","VfL Gummersbach",14,19,FALSE,0,NA,NA,0,0,0,NA,0,0,0,0,0,0,NA,NA,NA,NA,NA,NA,NA,NA,0,0,0,0,NA,NA,NA,NA,NA
"Ulrich Staege","b05c5beb-3955-11ef-a7d6-a36230ada079",NA,NA,1973,"5/3/1974","5c80e1f0-3960-11ef-bbec-7b2e16e5ffcd","away","TuS 05 Wellinghofen","VfL Gummersbach",14,19,FALSE,0,NA,NA,0,0,0,NA,0,0,0,0,0,0,NA,NA,NA,NA,NA,NA,NA,NA,0,0,0,0,NA,NA,NA,NA,NA
"Herbert Rogge","b06614d7-3955-11ef-a43b-a36230ada079",NA,NA,1973,"5/3/1974","5c80e1f0-3960-11ef-bbec-7b2e16e5ffcd","away","TuS 05 Wellinghofen","VfL Gummersbach",14,19,FALSE,1,NA,NA,0,0,0,NA,0,0,0,0,0,0,NA,NA,NA,NA,NA,NA,NA,NA,0,0,0,0,NA,NA,NA,NA,NA
"Hans-Jürgen Sengera","ba7fae8e-3955-11ef-80e4-ab397f561917",NA,NA,1973,"5/3/1974","5c80e1f0-3960-11ef-bbec-7b2e16e5ffcd","away","TuS 05 Wellinghofen","VfL Gummersbach",14,19,FALSE,0,NA,NA,0,0,0,NA,0,0,0,0,0,0,NA,NA,NA,NA,NA,NA,NA,NA,0,0,0,0,NA,NA,NA,NA,NA
