"PlayerName","PlayerID","Position","Bib","Season","GameDate","GameId","HomeAway","TeamName","OpponentName","TeamScore","OpponentScore","GameWinner","goalsScored","shootingAccuracy","missedShots","fieldGoalsScored","fieldShots","sevenMetreGoalsScored","sevenMetreShots","nineMetreGoalsScored","nineMetreShots","sixMetreGoalsScored","sixMetreShots","wingGoalsScored","wingShots","pivotGoalsScored","pivotShots","fastBreakGoalsScored","fastBreakShots","backCourtGoalsScored","backCourtShots","assists","steals","technicalFaults","suspensions","yellowCards","blueCards","redCards","shots","twoMinuteSuspensions","timeBallPossession","timeOnPlayingField"
"Klaus Westebbe","8c58f63a-3955-11ef-b65e-81dc40648355",NA,NA,1971,"9/11/1971","804507db-3960-11ef-97db-2906cc9fb6bc","home","VfL Gummersbach","TSB Flensburg",22,12,TRUE,5,NA,NA,0,0,0,NA,0,0,0,0,0,0,NA,NA,NA,NA,NA,NA,NA,NA,0,0,0,0,NA,NA,NA,NA,NA
"Klaus Kater","8da1f6ef-3955-11ef-b31a-81dc40648355",NA,NA,1971,"9/11/1971","804507db-3960-11ef-97db-2906cc9fb6bc","home","VfL Gummersbach","TSB Flensburg",22,12,TRUE,0,NA,NA,0,0,0,NA,0,0,0,0,0,0,NA,NA,NA,NA,NA,NA,NA,NA,0,0,0,0,NA,NA,NA,NA,NA
"Klaus Schlagheck","97a06613-3955-11ef-8056-292be3190b7b",NA,NA,1971,"9/11/1971","804507db-3960-11ef-97db-2906cc9fb6bc","home","VfL Gummersbach","TSB Flensburg",22,12,TRUE,4,NA,NA,0,0,0,NA,0,0,0,0,0,0,NA,NA,NA,NA,NA,NA,NA,NA,0,0,0,0,NA,NA,NA,NA,NA
"Ralf Hamann","a28aa62f-3955-11ef-9677-2510cc07ea6e",NA,NA,1971,"9/11/1971","804507db-3960-11ef-97db-2906cc9fb6bc","home","VfL Gummersbach","TSB Flensburg",22,12,TRUE,0,NA,NA,0,0,0,NA,0,0,0,0,0,0,NA,NA,NA,NA,NA,NA,NA,NA,0,0,0,0,NA,NA,NA,NA,NA
"Ulrich Ufer","a2c8cfa8-3955-11ef-8510-2510cc07ea6e",NA,NA,1971,"9/11/1971","804507db-3960-11ef-97db-2906cc9fb6bc","home","VfL Gummersbach","TSB Flensburg",22,12,TRUE,0,NA,NA,0,0,0,NA,0,0,0,0,0,0,NA,NA,NA,NA,NA,NA,NA,NA,0,0,0,0,NA,NA,NA,NA,NA
"Jochen Feldhoff","a32751a5-3955-11ef-badf-2510cc07ea6e",NA,NA,1971,"9/11/1971","804507db-3960-11ef-97db-2906cc9fb6bc","home","VfL Gummersbach","TSB Flensburg",22,12,TRUE,2,NA,NA,0,0,0,NA,0,0,0,0,0,0,NA,NA,NA,NA,NA,NA,NA,NA,0,0,0,0,NA,NA,NA,NA,NA
"Helmut Keller","ae2fb2ba-3955-11ef-b38f-a36230ada079",NA,NA,1971,"9/11/1971","804507db-3960-11ef-97db-2906cc9fb6bc","home","VfL Gummersbach","TSB Flensburg",22,12,TRUE,0,NA,NA,0,0,0,NA,0,0,0,0,0,0,NA,NA,NA,NA,NA,NA,NA,NA,0,0,0,0,NA,NA,NA,NA,NA
"Hans-Günther Schmidt","aff5702f-3955-11ef-9878-a36230ada079",NA,NA,1971,"9/11/1971","804507db-3960-11ef-97db-2906cc9fb6bc","home","VfL Gummersbach","TSB Flensburg",22,12,TRUE,4,NA,NA,0,0,0,NA,0,0,0,0,0,0,NA,NA,NA,NA,NA,NA,NA,NA,0,0,0,0,NA,NA,NA,NA,NA
"Jochen Brand","ba44375c-3955-11ef-a5d6-ab397f561917",NA,NA,1971,"9/11/1971","804507db-3960-11ef-97db-2906cc9fb6bc","home","VfL Gummersbach","TSB Flensburg",22,12,TRUE,1,NA,NA,0,0,0,NA,0,0,0,0,0,0,NA,NA,NA,NA,NA,NA,NA,NA,0,0,0,0,NA,NA,NA,NA,NA
"Uwe Braunschweig","ba4aaa94-3955-11ef-be97-ab397f561917",NA,NA,1971,"9/11/1971","804507db-3960-11ef-97db-2906cc9fb6bc","home","VfL Gummersbach","TSB Flensburg",22,12,TRUE,0,NA,NA,0,0,0,NA,0,0,0,0,0,0,NA,NA,NA,NA,NA,NA,NA,NA,0,0,0,0,NA,NA,NA,NA,NA
"Bruno Zay","bce5dbb8-3955-11ef-ac9b-ab397f561917",NA,NA,1971,"9/11/1971","804507db-3960-11ef-97db-2906cc9fb6bc","home","VfL Gummersbach","TSB Flensburg",22,12,TRUE,6,NA,NA,0,0,4,NA,0,0,0,0,0,0,NA,NA,NA,NA,NA,NA,NA,NA,0,0,0,0,NA,NA,NA,NA,NA
"Gerhard Leiste","c735d7ed-3955-11ef-b576-157c9bc18a5f",NA,NA,1971,"9/11/1971","804507db-3960-11ef-97db-2906cc9fb6bc","home","VfL Gummersbach","TSB Flensburg",22,12,TRUE,0,NA,NA,0,0,0,NA,0,0,0,0,0,0,NA,NA,NA,NA,NA,NA,NA,NA,0,0,0,0,NA,NA,NA,NA,NA
"Hans-Joachim Krüger","989303b8-3955-11ef-ac0a-292be3190b7b",NA,NA,1971,"9/11/1971","804507db-3960-11ef-97db-2906cc9fb6bc","away","TSB Flensburg","VfL Gummersbach",12,22,FALSE,2,NA,NA,0,0,2,NA,0,0,0,0,0,0,NA,NA,NA,NA,NA,NA,NA,NA,0,0,0,0,NA,NA,NA,NA,NA
"Ulrich Althoff","bb6c27f0-3955-11ef-9d06-ab397f561917",NA,NA,1971,"9/11/1971","804507db-3960-11ef-97db-2906cc9fb6bc","away","TSB Flensburg","VfL Gummersbach",12,22,FALSE,0,NA,NA,0,0,0,NA,0,0,0,0,0,0,NA,NA,NA,NA,NA,NA,NA,NA,0,0,0,0,NA,NA,NA,NA,NA
"Helmut Wolff","c8c361d9-3955-11ef-b16f-157c9bc18a5f",NA,NA,1971,"9/11/1971","804507db-3960-11ef-97db-2906cc9fb6bc","away","TSB Flensburg","VfL Gummersbach",12,22,FALSE,0,NA,NA,0,0,0,NA,0,0,0,0,0,0,NA,NA,NA,NA,NA,NA,NA,NA,0,0,0,0,NA,NA,NA,NA,NA
"Sönke Voß","c8c872dc-3955-11ef-8979-157c9bc18a5f",NA,NA,1971,"9/11/1971","804507db-3960-11ef-97db-2906cc9fb6bc","away","TSB Flensburg","VfL Gummersbach",12,22,FALSE,1,NA,NA,0,0,0,NA,0,0,0,0,0,0,NA,NA,NA,NA,NA,NA,NA,NA,0,0,0,0,NA,NA,NA,NA,NA
"Trutz Kob","c8ccf221-3955-11ef-8f6f-157c9bc18a5f",NA,NA,1971,"9/11/1971","804507db-3960-11ef-97db-2906cc9fb6bc","away","TSB Flensburg","VfL Gummersbach",12,22,FALSE,0,NA,NA,0,0,0,NA,0,0,0,0,0,0,NA,NA,NA,NA,NA,NA,NA,NA,0,0,0,0,NA,NA,NA,NA,NA
"Dieter Liesch","c8d1ab08-3955-11ef-bf4b-157c9bc18a5f",NA,NA,1971,"9/11/1971","804507db-3960-11ef-97db-2906cc9fb6bc","away","TSB Flensburg","VfL Gummersbach",12,22,FALSE,0,NA,NA,0,0,0,NA,0,0,0,0,0,0,NA,NA,NA,NA,NA,NA,NA,NA,0,0,0,0,NA,NA,NA,NA,NA
"Gerhard Brast","c8d5c599-3955-11ef-8eef-157c9bc18a5f",NA,NA,1971,"9/11/1971","804507db-3960-11ef-97db-2906cc9fb6bc","away","TSB Flensburg","VfL Gummersbach",12,22,FALSE,0,NA,NA,0,0,0,NA,0,0,0,0,0,0,NA,NA,NA,NA,NA,NA,NA,NA,0,0,0,0,NA,NA,NA,NA,NA
"Günter Jensen","c8d9f473-3955-11ef-9c30-157c9bc18a5f",NA,NA,1971,"9/11/1971","804507db-3960-11ef-97db-2906cc9fb6bc","away","TSB Flensburg","VfL Gummersbach",12,22,FALSE,0,NA,NA,0,0,0,NA,0,0,0,0,0,0,NA,NA,NA,NA,NA,NA,NA,NA,0,0,0,0,NA,NA,NA,NA,NA
"Claus Karstens","c8de58ae-3955-11ef-9aa5-157c9bc18a5f",NA,NA,1971,"9/11/1971","804507db-3960-11ef-97db-2906cc9fb6bc","away","TSB Flensburg","VfL Gummersbach",12,22,FALSE,0,NA,NA,0,0,0,NA,0,0,0,0,0,0,NA,NA,NA,NA,NA,NA,NA,NA,0,0,0,0,NA,NA,NA,NA,NA
"Rolf Asmussen","c8e24957-3955-11ef-86ce-157c9bc18a5f",NA,NA,1971,"9/11/1971","804507db-3960-11ef-97db-2906cc9fb6bc","away","TSB Flensburg","VfL Gummersbach",12,22,FALSE,5,NA,NA,0,0,0,NA,0,0,0,0,0,0,NA,NA,NA,NA,NA,NA,NA,NA,0,0,0,0,NA,NA,NA,NA,NA
"Knud Börnsen","c8e6ee04-3955-11ef-bb81-157c9bc18a5f",NA,NA,1971,"9/11/1971","804507db-3960-11ef-97db-2906cc9fb6bc","away","TSB Flensburg","VfL Gummersbach",12,22,FALSE,4,NA,NA,0,0,0,NA,0,0,0,0,0,0,NA,NA,NA,NA,NA,NA,NA,NA,0,0,0,0,NA,NA,NA,NA,NA
"Heinz-Werner Kuhn","c8f40ff2-3955-11ef-89ee-157c9bc18a5f",NA,NA,1971,"9/11/1971","804507db-3960-11ef-97db-2906cc9fb6bc","away","TSB Flensburg","VfL Gummersbach",12,22,FALSE,0,NA,NA,0,0,0,NA,0,0,0,0,0,0,NA,NA,NA,NA,NA,NA,NA,NA,0,0,0,0,NA,NA,NA,NA,NA
"Herbert Rogge","b06614d7-3955-11ef-a43b-a36230ada079",NA,NA,1971,"9/11/1971","81635224-3960-11ef-89eb-2906cc9fb6bc","home","VfL Lübeck-Schwartau","GWD Minden",11,13,FALSE,0,NA,NA,0,0,0,NA,0,0,0,0,0,0,NA,NA,NA,NA,NA,NA,NA,NA,0,0,0,0,NA,NA,NA,NA,NA
"Ingo Callies","b0b0659b-3955-11ef-87aa-a36230ada079",NA,NA,1971,"9/11/1971","81635224-3960-11ef-89eb-2906cc9fb6bc","home","VfL Lübeck-Schwartau","GWD Minden",11,13,FALSE,1,NA,NA,0,0,0,NA,0,0,0,0,0,0,NA,NA,NA,NA,NA,NA,NA,NA,0,0,0,0,NA,NA,NA,NA,NA
"Michael Dogs","b0cecb4a-3955-11ef-b665-a36230ada079",NA,NA,1971,"9/11/1971","81635224-3960-11ef-89eb-2906cc9fb6bc","home","VfL Lübeck-Schwartau","GWD Minden",11,13,FALSE,0,NA,NA,0,0,0,NA,0,0,0,0,0,0,NA,NA,NA,NA,NA,NA,NA,NA,0,0,0,0,NA,NA,NA,NA,NA
"Joachim Römer","b0dcb8e7-3955-11ef-83ab-a36230ada079",NA,NA,1971,"9/11/1971","81635224-3960-11ef-89eb-2906cc9fb6bc","home","VfL Lübeck-Schwartau","GWD Minden",11,13,FALSE,0,NA,NA,0,0,0,NA,0,0,0,0,0,0,NA,NA,NA,NA,NA,NA,NA,NA,0,0,0,0,NA,NA,NA,NA,NA
"Peter Görtz","b0e9ae8f-3955-11ef-aa48-a36230ada079",NA,NA,1971,"9/11/1971","81635224-3960-11ef-89eb-2906cc9fb6bc","home","VfL Lübeck-Schwartau","GWD Minden",11,13,FALSE,5,NA,NA,0,0,1,NA,0,0,0,0,0,0,NA,NA,NA,NA,NA,NA,NA,NA,0,0,0,0,NA,NA,NA,NA,NA
"Ulrich Kleinstoll","b0f37438-3955-11ef-84e6-a36230ada079",NA,NA,1971,"9/11/1971","81635224-3960-11ef-89eb-2906cc9fb6bc","home","VfL Lübeck-Schwartau","GWD Minden",11,13,FALSE,1,NA,NA,0,0,0,NA,0,0,0,0,0,0,NA,NA,NA,NA,NA,NA,NA,NA,0,0,0,0,NA,NA,NA,NA,NA
"Hans-Martin Müller-Wolf","b1020054-3955-11ef-8e79-a36230ada079",NA,NA,1971,"9/11/1971","81635224-3960-11ef-89eb-2906cc9fb6bc","home","VfL Lübeck-Schwartau","GWD Minden",11,13,FALSE,0,NA,NA,0,0,0,NA,0,0,0,0,0,0,NA,NA,NA,NA,NA,NA,NA,NA,0,0,0,0,NA,NA,NA,NA,NA
"Geert Geusendam","baee7cab-3955-11ef-95ba-ab397f561917",NA,NA,1971,"9/11/1971","81635224-3960-11ef-89eb-2906cc9fb6bc","home","VfL Lübeck-Schwartau","GWD Minden",11,13,FALSE,0,NA,NA,0,0,0,NA,0,0,0,0,0,0,NA,NA,NA,NA,NA,NA,NA,NA,0,0,0,0,NA,NA,NA,NA,NA
"Georg Pohl","baff6cee-3955-11ef-a80f-ab397f561917",NA,NA,1971,"9/11/1971","81635224-3960-11ef-89eb-2906cc9fb6bc","home","VfL Lübeck-Schwartau","GWD Minden",11,13,FALSE,1,NA,NA,0,0,0,NA,0,0,0,0,0,0,NA,NA,NA,NA,NA,NA,NA,NA,0,0,0,0,NA,NA,NA,NA,NA
"Jochen Krummland","c7b078f7-3955-11ef-932e-157c9bc18a5f",NA,NA,1971,"9/11/1971","81635224-3960-11ef-89eb-2906cc9fb6bc","home","VfL Lübeck-Schwartau","GWD Minden",11,13,FALSE,2,NA,NA,0,0,0,NA,0,0,0,0,0,0,NA,NA,NA,NA,NA,NA,NA,NA,0,0,0,0,NA,NA,NA,NA,NA
"Jochen Hoffmann","c7bdef38-3955-11ef-8b6c-157c9bc18a5f",NA,NA,1971,"9/11/1971","81635224-3960-11ef-89eb-2906cc9fb6bc","home","VfL Lübeck-Schwartau","GWD Minden",11,13,FALSE,0,NA,NA,0,0,0,NA,0,0,0,0,0,0,NA,NA,NA,NA,NA,NA,NA,NA,0,0,0,0,NA,NA,NA,NA,NA
"Bruno Zantop","c91cafd4-3955-11ef-9bbf-157c9bc18a5f",NA,NA,1971,"9/11/1971","81635224-3960-11ef-89eb-2906cc9fb6bc","home","VfL Lübeck-Schwartau","GWD Minden",11,13,FALSE,1,NA,NA,0,0,0,NA,0,0,0,0,0,0,NA,NA,NA,NA,NA,NA,NA,NA,0,0,0,0,NA,NA,NA,NA,NA
"Bernhard Busch","8dc9280f-3955-11ef-80e2-81dc40648355",NA,NA,1971,"9/11/1971","81635224-3960-11ef-89eb-2906cc9fb6bc","away","GWD Minden","VfL Lübeck-Schwartau",13,11,TRUE,1,NA,NA,0,0,1,NA,0,0,0,0,0,0,NA,NA,NA,NA,NA,NA,NA,NA,0,0,0,0,NA,NA,NA,NA,NA
"Gerald Schüler","96fc1532-3955-11ef-bddd-292be3190b7b",NA,NA,1971,"9/11/1971","81635224-3960-11ef-89eb-2906cc9fb6bc","away","GWD Minden","VfL Lübeck-Schwartau",13,11,TRUE,0,NA,NA,0,0,0,NA,0,0,0,0,0,0,NA,NA,NA,NA,NA,NA,NA,NA,0,0,0,0,NA,NA,NA,NA,NA
"Hans Kramer","98f50290-3955-11ef-8aa8-292be3190b7b",NA,NA,1971,"9/11/1971","81635224-3960-11ef-89eb-2906cc9fb6bc","away","GWD Minden","VfL Lübeck-Schwartau",13,11,TRUE,3,NA,NA,0,0,0,NA,0,0,0,0,0,0,NA,NA,NA,NA,NA,NA,NA,NA,0,0,0,0,NA,NA,NA,NA,NA
"Wilfried Meyer","a34b2aa0-3955-11ef-a79c-2510cc07ea6e",NA,NA,1971,"9/11/1971","81635224-3960-11ef-89eb-2906cc9fb6bc","away","GWD Minden","VfL Lübeck-Schwartau",13,11,TRUE,0,NA,NA,0,0,0,NA,0,0,0,0,0,0,NA,NA,NA,NA,NA,NA,NA,NA,0,0,0,0,NA,NA,NA,NA,NA
"Jobst-Erich Rehse","b00be251-3955-11ef-ac35-a36230ada079",NA,NA,1971,"9/11/1971","81635224-3960-11ef-89eb-2906cc9fb6bc","away","GWD Minden","VfL Lübeck-Schwartau",13,11,TRUE,1,NA,NA,0,0,0,NA,0,0,0,0,0,0,NA,NA,NA,NA,NA,NA,NA,NA,0,0,0,0,NA,NA,NA,NA,NA
"Bernd Munck","ba5ee5e3-3955-11ef-9f80-ab397f561917",NA,NA,1971,"9/11/1971","81635224-3960-11ef-89eb-2906cc9fb6bc","away","GWD Minden","VfL Lübeck-Schwartau",13,11,TRUE,2,NA,NA,0,0,0,NA,0,0,0,0,0,0,NA,NA,NA,NA,NA,NA,NA,NA,0,0,0,0,NA,NA,NA,NA,NA
"Wilfried Drögemeier","ba63ada7-3955-11ef-a04d-ab397f561917",NA,NA,1971,"9/11/1971","81635224-3960-11ef-89eb-2906cc9fb6bc","away","GWD Minden","VfL Lübeck-Schwartau",13,11,TRUE,3,NA,NA,0,0,0,NA,0,0,0,0,0,0,NA,NA,NA,NA,NA,NA,NA,NA,0,0,0,0,NA,NA,NA,NA,NA
"Klaus Barlach","bcee5b38-3955-11ef-a026-ab397f561917",NA,NA,1971,"9/11/1971","81635224-3960-11ef-89eb-2906cc9fb6bc","away","GWD Minden","VfL Lübeck-Schwartau",13,11,TRUE,1,NA,NA,0,0,0,NA,0,0,0,0,0,0,NA,NA,NA,NA,NA,NA,NA,NA,0,0,0,0,NA,NA,NA,NA,NA
"Otto Weng","bcfbec1c-3955-11ef-b4f4-ab397f561917",NA,NA,1971,"9/11/1971","81635224-3960-11ef-89eb-2906cc9fb6bc","away","GWD Minden","VfL Lübeck-Schwartau",13,11,TRUE,2,NA,NA,0,0,1,NA,0,0,0,0,0,0,NA,NA,NA,NA,NA,NA,NA,NA,0,0,0,0,NA,NA,NA,NA,NA
"Jürgen Buhrmester","c747ff25-3955-11ef-9695-157c9bc18a5f",NA,NA,1971,"9/11/1971","81635224-3960-11ef-89eb-2906cc9fb6bc","away","GWD Minden","VfL Lübeck-Schwartau",13,11,TRUE,0,NA,NA,0,0,0,NA,0,0,0,0,0,0,NA,NA,NA,NA,NA,NA,NA,NA,0,0,0,0,NA,NA,NA,NA,NA
"Manfred Horstkötter","c8a23936-3955-11ef-9884-157c9bc18a5f",NA,NA,1971,"9/11/1971","81635224-3960-11ef-89eb-2906cc9fb6bc","away","GWD Minden","VfL Lübeck-Schwartau",13,11,TRUE,0,NA,NA,0,0,0,NA,0,0,0,0,0,0,NA,NA,NA,NA,NA,NA,NA,NA,0,0,0,0,NA,NA,NA,NA,NA
"Peter Fenn","96d23185-3955-11ef-bbcf-292be3190b7b",NA,NA,1971,"9/11/1971","84a90776-3960-11ef-bc28-2906cc9fb6bc","home","SG Dietzenbach","TV Hochdorf",19,14,TRUE,0,NA,NA,0,0,0,NA,0,0,0,0,0,0,NA,NA,NA,NA,NA,NA,NA,NA,0,0,0,0,NA,NA,NA,NA,NA
"Herbert Wehnert","96e104db-3955-11ef-b58d-292be3190b7b",NA,NA,1971,"9/11/1971","84a90776-3960-11ef-bc28-2906cc9fb6bc","home","SG Dietzenbach","TV Hochdorf",19,14,TRUE,3,NA,NA,0,0,0,NA,0,0,0,0,0,0,NA,NA,NA,NA,NA,NA,NA,NA,0,0,0,0,NA,NA,NA,NA,NA
"Manfred Merk","a2e89182-3955-11ef-b7cf-2510cc07ea6e",NA,NA,1971,"9/11/1971","84a90776-3960-11ef-bc28-2906cc9fb6bc","home","SG Dietzenbach","TV Hochdorf",19,14,TRUE,1,NA,NA,0,0,0,NA,0,0,0,0,0,0,NA,NA,NA,NA,NA,NA,NA,NA,0,0,0,0,NA,NA,NA,NA,NA
"Heinrich Baum","af2c6c48-3955-11ef-964a-a36230ada079",NA,NA,1971,"9/11/1971","84a90776-3960-11ef-bc28-2906cc9fb6bc","home","SG Dietzenbach","TV Hochdorf",19,14,TRUE,3,NA,NA,0,0,0,NA,0,0,0,0,0,0,NA,NA,NA,NA,NA,NA,NA,NA,0,0,0,0,NA,NA,NA,NA,NA
"Klaus Rettig","b1d1aa4c-3955-11ef-baf9-a36230ada079",NA,NA,1971,"9/11/1971","84a90776-3960-11ef-bc28-2906cc9fb6bc","home","SG Dietzenbach","TV Hochdorf",19,14,TRUE,6,NA,NA,0,0,2,NA,0,0,0,0,0,0,NA,NA,NA,NA,NA,NA,NA,NA,0,0,0,0,NA,NA,NA,NA,NA
"Reinhold Jerwan","b1d5c150-3955-11ef-9027-a36230ada079",NA,NA,1971,"9/11/1971","84a90776-3960-11ef-bc28-2906cc9fb6bc","home","SG Dietzenbach","TV Hochdorf",19,14,TRUE,1,NA,NA,0,0,0,NA,0,0,0,0,0,0,NA,NA,NA,NA,NA,NA,NA,NA,0,0,0,0,NA,NA,NA,NA,NA
"Werner Conrad","b1d9e0f0-3955-11ef-8356-a36230ada079",NA,NA,1971,"9/11/1971","84a90776-3960-11ef-bc28-2906cc9fb6bc","home","SG Dietzenbach","TV Hochdorf",19,14,TRUE,0,NA,NA,0,0,0,NA,0,0,0,0,0,0,NA,NA,NA,NA,NA,NA,NA,NA,0,0,0,0,NA,NA,NA,NA,NA
"Peter Eckert","c67b9c79-3955-11ef-8f02-157c9bc18a5f",NA,NA,1971,"9/11/1971","84a90776-3960-11ef-bc28-2906cc9fb6bc","home","SG Dietzenbach","TV Hochdorf",19,14,TRUE,3,NA,NA,0,0,0,NA,0,0,0,0,0,0,NA,NA,NA,NA,NA,NA,NA,NA,0,0,0,0,NA,NA,NA,NA,NA
"Norbert Kern","c6961a09-3955-11ef-8bcc-157c9bc18a5f",NA,NA,1971,"9/11/1971","84a90776-3960-11ef-bc28-2906cc9fb6bc","home","SG Dietzenbach","TV Hochdorf",19,14,TRUE,2,NA,NA,0,0,0,NA,0,0,0,0,0,0,NA,NA,NA,NA,NA,NA,NA,NA,0,0,0,0,NA,NA,NA,NA,NA
"Günther Rebel","c808988c-3955-11ef-af62-157c9bc18a5f",NA,NA,1971,"9/11/1971","84a90776-3960-11ef-bc28-2906cc9fb6bc","home","SG Dietzenbach","TV Hochdorf",19,14,TRUE,0,NA,NA,0,0,0,NA,0,0,0,0,0,0,NA,NA,NA,NA,NA,NA,NA,NA,0,0,0,0,NA,NA,NA,NA,NA
"Robert Becker","ae8c50f9-3955-11ef-91c4-a36230ada079",NA,NA,1971,"9/11/1971","84a90776-3960-11ef-bc28-2906cc9fb6bc","away","TV Hochdorf","SG Dietzenbach",14,19,FALSE,1,NA,NA,0,0,0,NA,0,0,0,0,0,0,NA,NA,NA,NA,NA,NA,NA,NA,0,0,0,0,NA,NA,NA,NA,NA
"Jürgen Hahn","ae947745-3955-11ef-bc54-a36230ada079",NA,NA,1971,"9/11/1971","84a90776-3960-11ef-bc28-2906cc9fb6bc","away","TV Hochdorf","SG Dietzenbach",14,19,FALSE,7,NA,NA,0,0,0,NA,0,0,0,0,0,0,NA,NA,NA,NA,NA,NA,NA,NA,0,0,0,0,NA,NA,NA,NA,NA
"Wilfried Job","af3ed007-3955-11ef-9184-a36230ada079",NA,NA,1971,"9/11/1971","84a90776-3960-11ef-bc28-2906cc9fb6bc","away","TV Hochdorf","SG Dietzenbach",14,19,FALSE,0,NA,NA,0,0,0,NA,0,0,0,0,0,0,NA,NA,NA,NA,NA,NA,NA,NA,0,0,0,0,NA,NA,NA,NA,NA
"Hans Stein","bde4861d-3955-11ef-a14e-ab397f561917",NA,NA,1971,"9/11/1971","84a90776-3960-11ef-bc28-2906cc9fb6bc","away","TV Hochdorf","SG Dietzenbach",14,19,FALSE,0,NA,NA,0,0,0,NA,0,0,0,0,0,0,NA,NA,NA,NA,NA,NA,NA,NA,0,0,0,0,NA,NA,NA,NA,NA
"Hans Schmitz","c9354efe-3955-11ef-b77a-157c9bc18a5f",NA,NA,1971,"9/11/1971","84a90776-3960-11ef-bc28-2906cc9fb6bc","away","TV Hochdorf","SG Dietzenbach",14,19,FALSE,0,NA,NA,0,0,0,NA,0,0,0,0,0,0,NA,NA,NA,NA,NA,NA,NA,NA,0,0,0,0,NA,NA,NA,NA,NA
"Werner Häfele","c9414487-3955-11ef-a5df-157c9bc18a5f",NA,NA,1971,"9/11/1971","84a90776-3960-11ef-bc28-2906cc9fb6bc","away","TV Hochdorf","SG Dietzenbach",14,19,FALSE,1,NA,NA,0,0,1,NA,0,0,0,0,0,0,NA,NA,NA,NA,NA,NA,NA,NA,0,0,0,0,NA,NA,NA,NA,NA
"Willi Butz","c945a2f1-3955-11ef-8b53-157c9bc18a5f",NA,NA,1971,"9/11/1971","84a90776-3960-11ef-bc28-2906cc9fb6bc","away","TV Hochdorf","SG Dietzenbach",14,19,FALSE,1,NA,NA,0,0,0,NA,0,0,0,0,0,0,NA,NA,NA,NA,NA,NA,NA,NA,0,0,0,0,NA,NA,NA,NA,NA
"Karl Schotter","c94ebb91-3955-11ef-9ec3-157c9bc18a5f",NA,NA,1971,"9/11/1971","84a90776-3960-11ef-bc28-2906cc9fb6bc","away","TV Hochdorf","SG Dietzenbach",14,19,FALSE,0,NA,NA,0,0,0,NA,0,0,0,0,0,0,NA,NA,NA,NA,NA,NA,NA,NA,0,0,0,0,NA,NA,NA,NA,NA
"Werner Matill","c9539495-3955-11ef-9bff-157c9bc18a5f",NA,NA,1971,"9/11/1971","84a90776-3960-11ef-bc28-2906cc9fb6bc","away","TV Hochdorf","SG Dietzenbach",14,19,FALSE,1,NA,NA,0,0,0,NA,0,0,0,0,0,0,NA,NA,NA,NA,NA,NA,NA,NA,0,0,0,0,NA,NA,NA,NA,NA
"Manfred Schulz","8bc2b5ea-3955-11ef-8d03-81dc40648355",NA,NA,1971,"9/11/1971","85a81217-3960-11ef-98bb-2906cc9fb6bc","home","S3L Handball","SpVgg 1887 Möhringen",8,9,FALSE,0,NA,NA,0,0,0,NA,0,0,0,0,0,0,NA,NA,NA,NA,NA,NA,NA,NA,0,0,0,0,NA,NA,NA,NA,NA
"Georg Fitz","ae68320c-3955-11ef-89fa-a36230ada079",NA,NA,1971,"9/11/1971","85a81217-3960-11ef-98bb-2906cc9fb6bc","home","S3L Handball","SpVgg 1887 Möhringen",8,9,FALSE,0,NA,NA,0,0,0,NA,0,0,0,0,0,0,NA,NA,NA,NA,NA,NA,NA,NA,0,0,0,0,NA,NA,NA,NA,NA
"Rolf Kuchenbecker","ae99100e-3955-11ef-9c32-a36230ada079",NA,NA,1971,"9/11/1971","85a81217-3960-11ef-98bb-2906cc9fb6bc","home","S3L Handball","SpVgg 1887 Möhringen",8,9,FALSE,0,NA,NA,0,0,0,NA,0,0,0,0,0,0,NA,NA,NA,NA,NA,NA,NA,NA,0,0,0,0,NA,NA,NA,NA,NA
"Hansjörg Jäck","b166bd31-3955-11ef-bed1-a36230ada079",NA,NA,1971,"9/11/1971","85a81217-3960-11ef-98bb-2906cc9fb6bc","home","S3L Handball","SpVgg 1887 Möhringen",8,9,FALSE,0,NA,NA,0,0,0,NA,0,0,0,0,0,0,NA,NA,NA,NA,NA,NA,NA,NA,0,0,0,0,NA,NA,NA,NA,NA
"Werner Pruscha","bb9c8e56-3955-11ef-ac18-ab397f561917",NA,NA,1971,"9/11/1971","85a81217-3960-11ef-98bb-2906cc9fb6bc","home","S3L Handball","SpVgg 1887 Möhringen",8,9,FALSE,1,NA,NA,0,0,0,NA,0,0,0,0,0,0,NA,NA,NA,NA,NA,NA,NA,NA,0,0,0,0,NA,NA,NA,NA,NA
"Wolfhardt Bühler","bba2fc92-3955-11ef-a8d6-ab397f561917",NA,NA,1971,"9/11/1971","85a81217-3960-11ef-98bb-2906cc9fb6bc","home","S3L Handball","SpVgg 1887 Möhringen",8,9,FALSE,1,NA,NA,0,0,1,NA,0,0,0,0,0,0,NA,NA,NA,NA,NA,NA,NA,NA,0,0,0,0,NA,NA,NA,NA,NA
"Wolfgang Ries","bba77d9e-3955-11ef-939a-ab397f561917",NA,NA,1971,"9/11/1971","85a81217-3960-11ef-98bb-2906cc9fb6bc","home","S3L Handball","SpVgg 1887 Möhringen",8,9,FALSE,0,NA,NA,0,0,0,NA,0,0,0,0,0,0,NA,NA,NA,NA,NA,NA,NA,NA,0,0,0,0,NA,NA,NA,NA,NA
"Gerd Schmitt","bbb09cf8-3955-11ef-97db-ab397f561917",NA,NA,1971,"9/11/1971","85a81217-3960-11ef-98bb-2906cc9fb6bc","home","S3L Handball","SpVgg 1887 Möhringen",8,9,FALSE,0,NA,NA,0,0,0,NA,0,0,0,0,0,0,NA,NA,NA,NA,NA,NA,NA,NA,0,0,0,0,NA,NA,NA,NA,NA
"Arno Schandin","bded1584-3955-11ef-8a76-ab397f561917",NA,NA,1971,"9/11/1971","85a81217-3960-11ef-98bb-2906cc9fb6bc","home","S3L Handball","SpVgg 1887 Möhringen",8,9,FALSE,2,NA,NA,0,0,0,NA,0,0,0,0,0,0,NA,NA,NA,NA,NA,NA,NA,NA,0,0,0,0,NA,NA,NA,NA,NA
"Herbert Hönnige","c7e7cc14-3955-11ef-af0e-157c9bc18a5f",NA,NA,1971,"9/11/1971","85a81217-3960-11ef-98bb-2906cc9fb6bc","home","S3L Handball","SpVgg 1887 Möhringen",8,9,FALSE,2,NA,NA,0,0,0,NA,0,0,0,0,0,0,NA,NA,NA,NA,NA,NA,NA,NA,0,0,0,0,NA,NA,NA,NA,NA
"Jürgen Plambeck","c95d267b-3955-11ef-9a98-157c9bc18a5f",NA,NA,1971,"9/11/1971","85a81217-3960-11ef-98bb-2906cc9fb6bc","home","S3L Handball","SpVgg 1887 Möhringen",8,9,FALSE,1,NA,NA,0,0,0,NA,0,0,0,0,0,0,NA,NA,NA,NA,NA,NA,NA,NA,0,0,0,0,NA,NA,NA,NA,NA
"Rolf Seltner","c96574fc-3955-11ef-a37f-157c9bc18a5f",NA,NA,1971,"9/11/1971","85a81217-3960-11ef-98bb-2906cc9fb6bc","home","S3L Handball","SpVgg 1887 Möhringen",8,9,FALSE,1,NA,NA,0,0,0,NA,0,0,0,0,0,0,NA,NA,NA,NA,NA,NA,NA,NA,0,0,0,0,NA,NA,NA,NA,NA
"Hermann Mäurle","a44f95e3-3955-11ef-b53d-2510cc07ea6e",NA,NA,1971,"9/11/1971","85a81217-3960-11ef-98bb-2906cc9fb6bc","away","SpVgg 1887 Möhringen","S3L Handball",9,8,TRUE,1,NA,NA,0,0,0,NA,0,0,0,0,0,0,NA,NA,NA,NA,NA,NA,NA,NA,0,0,0,0,NA,NA,NA,NA,NA
"Wolf-Dieter Rösner","c82bae19-3955-11ef-a06e-157c9bc18a5f",NA,NA,1971,"9/11/1971","85a81217-3960-11ef-98bb-2906cc9fb6bc","away","SpVgg 1887 Möhringen","S3L Handball",9,8,TRUE,0,NA,NA,0,0,0,NA,0,0,0,0,0,0,NA,NA,NA,NA,NA,NA,NA,NA,0,0,0,0,NA,NA,NA,NA,NA
"Manfred Schreiber","c83032c3-3955-11ef-80c1-157c9bc18a5f",NA,NA,1971,"9/11/1971","85a81217-3960-11ef-98bb-2906cc9fb6bc","away","SpVgg 1887 Möhringen","S3L Handball",9,8,TRUE,0,NA,NA,0,0,0,NA,0,0,0,0,0,0,NA,NA,NA,NA,NA,NA,NA,NA,0,0,0,0,NA,NA,NA,NA,NA
"Karl-Heinz Wolf","c8354cdd-3955-11ef-a1d6-157c9bc18a5f",NA,NA,1971,"9/11/1971","85a81217-3960-11ef-98bb-2906cc9fb6bc","away","SpVgg 1887 Möhringen","S3L Handball",9,8,TRUE,1,NA,NA,0,0,0,NA,0,0,0,0,0,0,NA,NA,NA,NA,NA,NA,NA,NA,0,0,0,0,NA,NA,NA,NA,NA
"Gerd-Volker Stock","c8397c3c-3955-11ef-af12-157c9bc18a5f",NA,NA,1971,"9/11/1971","85a81217-3960-11ef-98bb-2906cc9fb6bc","away","SpVgg 1887 Möhringen","S3L Handball",9,8,TRUE,0,NA,NA,0,0,0,NA,0,0,0,0,0,0,NA,NA,NA,NA,NA,NA,NA,NA,0,0,0,0,NA,NA,NA,NA,NA
"Folker Baur","c83d9af6-3955-11ef-9e5e-157c9bc18a5f",NA,NA,1971,"9/11/1971","85a81217-3960-11ef-98bb-2906cc9fb6bc","away","SpVgg 1887 Möhringen","S3L Handball",9,8,TRUE,0,NA,NA,0,0,0,NA,0,0,0,0,0,0,NA,NA,NA,NA,NA,NA,NA,NA,0,0,0,0,NA,NA,NA,NA,NA
"Dieter Schuh","c84c4c54-3955-11ef-9d35-157c9bc18a5f",NA,NA,1971,"9/11/1971","85a81217-3960-11ef-98bb-2906cc9fb6bc","away","SpVgg 1887 Möhringen","S3L Handball",9,8,TRUE,0,NA,NA,0,0,0,NA,0,0,0,0,0,0,NA,NA,NA,NA,NA,NA,NA,NA,0,0,0,0,NA,NA,NA,NA,NA
"Lothar Scheffel","c850996c-3955-11ef-94a7-157c9bc18a5f",NA,NA,1971,"9/11/1971","85a81217-3960-11ef-98bb-2906cc9fb6bc","away","SpVgg 1887 Möhringen","S3L Handball",9,8,TRUE,0,NA,NA,0,0,0,NA,0,0,0,0,0,0,NA,NA,NA,NA,NA,NA,NA,NA,0,0,0,0,NA,NA,NA,NA,NA
"Robert Bach","c85fda21-3955-11ef-9bd8-157c9bc18a5f",NA,NA,1971,"9/11/1971","85a81217-3960-11ef-98bb-2906cc9fb6bc","away","SpVgg 1887 Möhringen","S3L Handball",9,8,TRUE,2,NA,NA,0,0,1,NA,0,0,0,0,0,0,NA,NA,NA,NA,NA,NA,NA,NA,0,0,0,0,NA,NA,NA,NA,NA
"Karl-Heinz Steinbach","c864fc61-3955-11ef-bc13-157c9bc18a5f",NA,NA,1971,"9/11/1971","85a81217-3960-11ef-98bb-2906cc9fb6bc","away","SpVgg 1887 Möhringen","S3L Handball",9,8,TRUE,2,NA,NA,0,0,1,NA,0,0,0,0,0,0,NA,NA,NA,NA,NA,NA,NA,NA,0,0,0,0,NA,NA,NA,NA,NA
"Wolfgang Schall","c869381d-3955-11ef-a2ed-157c9bc18a5f",NA,NA,1971,"9/11/1971","85a81217-3960-11ef-98bb-2906cc9fb6bc","away","SpVgg 1887 Möhringen","S3L Handball",9,8,TRUE,1,NA,NA,0,0,0,NA,0,0,0,0,0,0,NA,NA,NA,NA,NA,NA,NA,NA,0,0,0,0,NA,NA,NA,NA,NA
"Günter Heger","c9b80786-3955-11ef-80ae-157c9bc18a5f",NA,NA,1971,"9/11/1971","85a81217-3960-11ef-98bb-2906cc9fb6bc","away","SpVgg 1887 Möhringen","S3L Handball",9,8,TRUE,2,NA,NA,0,0,0,NA,0,0,0,0,0,0,NA,NA,NA,NA,NA,NA,NA,NA,0,0,0,0,NA,NA,NA,NA,NA
"Gerhard Gaiser","7fd4e3db-3955-11ef-b327-b908c60af10a",NA,NA,1971,"9/11/1971","8c3410a5-3960-11ef-863b-9b08c5d4c173","home","TSV 1896 Rintheim","TV Großwallstadt",12,22,FALSE,1,NA,NA,0,0,0,NA,0,0,0,0,0,0,NA,NA,NA,NA,NA,NA,NA,NA,0,0,0,0,NA,NA,NA,NA,NA
"Wolf-Dieter Nagel","8d41486b-3955-11ef-8d22-81dc40648355",NA,NA,1971,"9/11/1971","8c3410a5-3960-11ef-863b-9b08c5d4c173","home","TSV 1896 Rintheim","TV Großwallstadt",12,22,FALSE,3,NA,NA,0,0,0,NA,0,0,0,0,0,0,NA,NA,NA,NA,NA,NA,NA,NA,0,0,0,0,NA,NA,NA,NA,NA
"Franz Bechler","98035d7e-3955-11ef-8b94-292be3190b7b",NA,NA,1971,"9/11/1971","8c3410a5-3960-11ef-863b-9b08c5d4c173","home","TSV 1896 Rintheim","TV Großwallstadt",12,22,FALSE,1,NA,NA,0,0,0,NA,0,0,0,0,0,0,NA,NA,NA,NA,NA,NA,NA,NA,0,0,0,0,NA,NA,NA,NA,NA
"Hans-Eberhard Finkbeiner","a2f451eb-3955-11ef-99da-2510cc07ea6e",NA,NA,1971,"9/11/1971","8c3410a5-3960-11ef-863b-9b08c5d4c173","home","TSV 1896 Rintheim","TV Großwallstadt",12,22,FALSE,0,NA,NA,0,0,0,NA,0,0,0,0,0,0,NA,NA,NA,NA,NA,NA,NA,NA,0,0,0,0,NA,NA,NA,NA,NA
"Wolfgang Dillenberger","bc6a40c8-3955-11ef-8c9f-ab397f561917",NA,NA,1971,"9/11/1971","8c3410a5-3960-11ef-863b-9b08c5d4c173","home","TSV 1896 Rintheim","TV Großwallstadt",12,22,FALSE,2,NA,NA,0,0,0,NA,0,0,0,0,0,0,NA,NA,NA,NA,NA,NA,NA,NA,0,0,0,0,NA,NA,NA,NA,NA
"Max Ullrich","c6e110c6-3955-11ef-83e4-157c9bc18a5f",NA,NA,1971,"9/11/1971","8c3410a5-3960-11ef-863b-9b08c5d4c173","home","TSV 1896 Rintheim","TV Großwallstadt",12,22,FALSE,0,NA,NA,0,0,0,NA,0,0,0,0,0,0,NA,NA,NA,NA,NA,NA,NA,NA,0,0,0,0,NA,NA,NA,NA,NA
"Richard Baumer","c6e9de45-3955-11ef-b5bf-157c9bc18a5f",NA,NA,1971,"9/11/1971","8c3410a5-3960-11ef-863b-9b08c5d4c173","home","TSV 1896 Rintheim","TV Großwallstadt",12,22,FALSE,0,NA,NA,0,0,0,NA,0,0,0,0,0,0,NA,NA,NA,NA,NA,NA,NA,NA,0,0,0,0,NA,NA,NA,NA,NA
"Roland Kühnle","c6f228fe-3955-11ef-a362-157c9bc18a5f",NA,NA,1971,"9/11/1971","8c3410a5-3960-11ef-863b-9b08c5d4c173","home","TSV 1896 Rintheim","TV Großwallstadt",12,22,FALSE,0,NA,NA,0,0,0,NA,0,0,0,0,0,0,NA,NA,NA,NA,NA,NA,NA,NA,0,0,0,0,NA,NA,NA,NA,NA
"Roland Schubach","c8722d8e-3955-11ef-b351-157c9bc18a5f",NA,NA,1971,"9/11/1971","8c3410a5-3960-11ef-863b-9b08c5d4c173","home","TSV 1896 Rintheim","TV Großwallstadt",12,22,FALSE,0,NA,NA,0,0,0,NA,0,0,0,0,0,0,NA,NA,NA,NA,NA,NA,NA,NA,0,0,0,0,NA,NA,NA,NA,NA
"Siegfried Brabec","c87758a1-3955-11ef-9dbd-157c9bc18a5f",NA,NA,1971,"9/11/1971","8c3410a5-3960-11ef-863b-9b08c5d4c173","home","TSV 1896 Rintheim","TV Großwallstadt",12,22,FALSE,2,NA,NA,0,0,0,NA,0,0,0,0,0,0,NA,NA,NA,NA,NA,NA,NA,NA,0,0,0,0,NA,NA,NA,NA,NA
"Josef Bechler","c88a53f3-3955-11ef-bd99-157c9bc18a5f",NA,NA,1971,"9/11/1971","8c3410a5-3960-11ef-863b-9b08c5d4c173","home","TSV 1896 Rintheim","TV Großwallstadt",12,22,FALSE,1,NA,NA,0,0,0,NA,0,0,0,0,0,0,NA,NA,NA,NA,NA,NA,NA,NA,0,0,0,0,NA,NA,NA,NA,NA
"Rolf-Eberhard Jaeger","c9bde9a1-3955-11ef-9a50-157c9bc18a5f",NA,NA,1971,"9/11/1971","8c3410a5-3960-11ef-863b-9b08c5d4c173","home","TSV 1896 Rintheim","TV Großwallstadt",12,22,FALSE,2,NA,NA,0,0,0,NA,0,0,0,0,0,0,NA,NA,NA,NA,NA,NA,NA,NA,0,0,0,0,NA,NA,NA,NA,NA
"Kurt Klühspies","5ac3e7d7-3955-11ef-b574-4fa817cd91bb",NA,NA,1971,"9/11/1971","8c3410a5-3960-11ef-863b-9b08c5d4c173","away","TV Großwallstadt","TSV 1896 Rintheim",22,12,TRUE,5,NA,NA,0,0,0,NA,0,0,0,0,0,0,NA,NA,NA,NA,NA,NA,NA,NA,0,0,0,0,NA,NA,NA,NA,NA
"Manfred Hofmann","6855eb0b-3955-11ef-8cb3-292be3190b7b",NA,NA,1971,"9/11/1971","8c3410a5-3960-11ef-863b-9b08c5d4c173","away","TV Großwallstadt","TSV 1896 Rintheim",22,12,TRUE,0,NA,NA,0,0,0,NA,0,0,0,0,0,0,NA,NA,NA,NA,NA,NA,NA,NA,0,0,0,0,NA,NA,NA,NA,NA
"Manfred Schwarz","96d98e53-3955-11ef-a3c9-292be3190b7b",NA,NA,1971,"9/11/1971","8c3410a5-3960-11ef-863b-9b08c5d4c173","away","TV Großwallstadt","TSV 1896 Rintheim",22,12,TRUE,0,NA,NA,0,0,0,NA,0,0,0,0,0,0,NA,NA,NA,NA,NA,NA,NA,NA,0,0,0,0,NA,NA,NA,NA,NA
"Wolfgang Dümig","978dc3fc-3955-11ef-b042-292be3190b7b",NA,NA,1971,"9/11/1971","8c3410a5-3960-11ef-863b-9b08c5d4c173","away","TV Großwallstadt","TSV 1896 Rintheim",22,12,TRUE,0,NA,NA,0,0,0,NA,0,0,0,0,0,0,NA,NA,NA,NA,NA,NA,NA,NA,0,0,0,0,NA,NA,NA,NA,NA
"Eckhardt Suffel","aeac0503-3955-11ef-88c6-a36230ada079",NA,NA,1971,"9/11/1971","8c3410a5-3960-11ef-863b-9b08c5d4c173","away","TV Großwallstadt","TSV 1896 Rintheim",22,12,TRUE,0,NA,NA,0,0,0,NA,0,0,0,0,0,0,NA,NA,NA,NA,NA,NA,NA,NA,0,0,0,0,NA,NA,NA,NA,NA
"Peter Kuß","bbc18adb-3955-11ef-a5f7-ab397f561917",NA,NA,1971,"9/11/1971","8c3410a5-3960-11ef-863b-9b08c5d4c173","away","TV Großwallstadt","TSV 1896 Rintheim",22,12,TRUE,2,NA,NA,0,0,0,NA,0,0,0,0,0,0,NA,NA,NA,NA,NA,NA,NA,NA,0,0,0,0,NA,NA,NA,NA,NA
"Werner Lemmert","be0e2c8d-3955-11ef-82a6-ab397f561917",NA,NA,1971,"9/11/1971","8c3410a5-3960-11ef-863b-9b08c5d4c173","away","TV Großwallstadt","TSV 1896 Rintheim",22,12,TRUE,1,NA,NA,0,0,0,NA,0,0,0,0,0,0,NA,NA,NA,NA,NA,NA,NA,NA,0,0,0,0,NA,NA,NA,NA,NA
"Rainer Oberle","be123408-3955-11ef-92a6-ab397f561917",NA,NA,1971,"9/11/1971","8c3410a5-3960-11ef-863b-9b08c5d4c173","away","TV Großwallstadt","TSV 1896 Rintheim",22,12,TRUE,5,NA,NA,0,0,0,NA,0,0,0,0,0,0,NA,NA,NA,NA,NA,NA,NA,NA,0,0,0,0,NA,NA,NA,NA,NA
"Josef Karrer","be167639-3955-11ef-ac70-ab397f561917",NA,NA,1971,"9/11/1971","8c3410a5-3960-11ef-863b-9b08c5d4c173","away","TV Großwallstadt","TSV 1896 Rintheim",22,12,TRUE,8,NA,NA,0,0,0,NA,0,0,0,0,0,0,NA,NA,NA,NA,NA,NA,NA,NA,0,0,0,0,NA,NA,NA,NA,NA
"Arthur Lichtlein","c7f5ba49-3955-11ef-827c-157c9bc18a5f",NA,NA,1971,"9/11/1971","8c3410a5-3960-11ef-863b-9b08c5d4c173","away","TV Großwallstadt","TSV 1896 Rintheim",22,12,TRUE,0,NA,NA,0,0,0,NA,0,0,0,0,0,0,NA,NA,NA,NA,NA,NA,NA,NA,0,0,0,0,NA,NA,NA,NA,NA
"Klaus Oberle","c96e13a5-3955-11ef-a68a-157c9bc18a5f",NA,NA,1971,"9/11/1971","8c3410a5-3960-11ef-863b-9b08c5d4c173","away","TV Großwallstadt","TSV 1896 Rintheim",22,12,TRUE,1,NA,NA,0,0,0,NA,0,0,0,0,0,0,NA,NA,NA,NA,NA,NA,NA,NA,0,0,0,0,NA,NA,NA,NA,NA
"Klaus Klühspies","c9723883-3955-11ef-b2da-157c9bc18a5f",NA,NA,1971,"9/11/1971","8c3410a5-3960-11ef-863b-9b08c5d4c173","away","TV Großwallstadt","TSV 1896 Rintheim",22,12,TRUE,0,NA,NA,0,0,0,NA,0,0,0,0,0,0,NA,NA,NA,NA,NA,NA,NA,NA,0,0,0,0,NA,NA,NA,NA,NA
"Peter Bucher","8e0071c9-3955-11ef-8ff8-81dc40648355",NA,NA,1971,"9/11/1971","8d50018c-3960-11ef-8ee6-9b08c5d4c173","home","FRISCH AUF! Göppingen","TSV Milbertshofen",23,13,TRUE,8,NA,NA,0,0,1,NA,0,0,0,0,0,0,NA,NA,NA,NA,NA,NA,NA,NA,0,0,0,0,NA,NA,NA,NA,NA
"Max Müller","99453a6b-3955-11ef-84c2-292be3190b7b",NA,NA,1971,"9/11/1971","8d50018c-3960-11ef-8ee6-9b08c5d4c173","home","FRISCH AUF! Göppingen","TSV Milbertshofen",23,13,TRUE,4,NA,NA,0,0,0,NA,0,0,0,0,0,0,NA,NA,NA,NA,NA,NA,NA,NA,0,0,0,0,NA,NA,NA,NA,NA
"Werner Fischer","af3a0885-3955-11ef-a884-a36230ada079",NA,NA,1971,"9/11/1971","8d50018c-3960-11ef-8ee6-9b08c5d4c173","home","FRISCH AUF! Göppingen","TSV Milbertshofen",23,13,TRUE,2,NA,NA,0,0,0,NA,0,0,0,0,0,0,NA,NA,NA,NA,NA,NA,NA,NA,0,0,0,0,NA,NA,NA,NA,NA
"Hans-Dieter Schunter","b2054717-3955-11ef-a22c-a36230ada079",NA,NA,1971,"9/11/1971","8d50018c-3960-11ef-8ee6-9b08c5d4c173","home","FRISCH AUF! Göppingen","TSV Milbertshofen",23,13,TRUE,0,NA,NA,0,0,0,NA,0,0,0,0,0,0,NA,NA,NA,NA,NA,NA,NA,NA,0,0,0,0,NA,NA,NA,NA,NA
"Paul Epple","bc8167af-3955-11ef-8748-ab397f561917",NA,NA,1971,"9/11/1971","8d50018c-3960-11ef-8ee6-9b08c5d4c173","home","FRISCH AUF! Göppingen","TSV Milbertshofen",23,13,TRUE,5,NA,NA,0,0,1,NA,0,0,0,0,0,0,NA,NA,NA,NA,NA,NA,NA,NA,0,0,0,0,NA,NA,NA,NA,NA
"Walter Pflüger","bc85cdbc-3955-11ef-8e24-ab397f561917",NA,NA,1971,"9/11/1971","8d50018c-3960-11ef-8ee6-9b08c5d4c173","home","FRISCH AUF! Göppingen","TSV Milbertshofen",23,13,TRUE,2,NA,NA,0,0,0,NA,0,0,0,0,0,0,NA,NA,NA,NA,NA,NA,NA,NA,0,0,0,0,NA,NA,NA,NA,NA
"Werner Arndt","c71116e0-3955-11ef-85d3-157c9bc18a5f",NA,NA,1971,"9/11/1971","8d50018c-3960-11ef-8ee6-9b08c5d4c173","home","FRISCH AUF! Göppingen","TSV Milbertshofen",23,13,TRUE,1,NA,NA,0,0,0,NA,0,0,0,0,0,0,NA,NA,NA,NA,NA,NA,NA,NA,0,0,0,0,NA,NA,NA,NA,NA
"Christian Patzer","c715a1de-3955-11ef-bc54-157c9bc18a5f",NA,NA,1971,"9/11/1971","8d50018c-3960-11ef-8ee6-9b08c5d4c173","home","FRISCH AUF! Göppingen","TSV Milbertshofen",23,13,TRUE,1,NA,NA,0,0,0,NA,0,0,0,0,0,0,NA,NA,NA,NA,NA,NA,NA,NA,0,0,0,0,NA,NA,NA,NA,NA
"Armin Eisele","c9cc4c1b-3955-11ef-9f9f-157c9bc18a5f",NA,NA,1971,"9/11/1971","8d50018c-3960-11ef-8ee6-9b08c5d4c173","home","FRISCH AUF! Göppingen","TSV Milbertshofen",23,13,TRUE,0,NA,NA,0,0,0,NA,0,0,0,0,0,0,NA,NA,NA,NA,NA,NA,NA,NA,0,0,0,0,NA,NA,NA,NA,NA
"Günter Schweikardt","d3e60b79-3953-11ef-9e8c-e3f2de03a1b7",NA,NA,1971,"9/11/1971","8d50018c-3960-11ef-8ee6-9b08c5d4c173","home","FRISCH AUF! Göppingen","TSV Milbertshofen",23,13,TRUE,0,NA,NA,0,0,0,NA,0,0,0,0,0,0,NA,NA,NA,NA,NA,NA,NA,NA,0,0,0,0,NA,NA,NA,NA,NA
"Hans Moser","7e83ce46-3955-11ef-830d-b908c60af10a",NA,NA,1971,"9/11/1971","8d50018c-3960-11ef-8ee6-9b08c5d4c173","away","TSV Milbertshofen","FRISCH AUF! Göppingen",13,23,FALSE,1,NA,NA,0,0,0,NA,0,0,0,0,0,0,NA,NA,NA,NA,NA,NA,NA,NA,0,0,0,0,NA,NA,NA,NA,NA
"Werner Winkelmeier","9712104e-3955-11ef-9613-292be3190b7b",NA,NA,1971,"9/11/1971","8d50018c-3960-11ef-8ee6-9b08c5d4c173","away","TSV Milbertshofen","FRISCH AUF! Göppingen",13,23,FALSE,0,NA,NA,0,0,0,NA,0,0,0,0,0,0,NA,NA,NA,NA,NA,NA,NA,NA,0,0,0,0,NA,NA,NA,NA,NA
"Gerhard Ochsenkühn","97259ed1-3955-11ef-96ca-292be3190b7b",NA,NA,1971,"9/11/1971","8d50018c-3960-11ef-8ee6-9b08c5d4c173","away","TSV Milbertshofen","FRISCH AUF! Göppingen",13,23,FALSE,3,NA,NA,0,0,0,NA,0,0,0,0,0,0,NA,NA,NA,NA,NA,NA,NA,NA,0,0,0,0,NA,NA,NA,NA,NA
"Rudolf Dobler","97ac407c-3955-11ef-9ea9-292be3190b7b",NA,NA,1971,"9/11/1971","8d50018c-3960-11ef-8ee6-9b08c5d4c173","away","TSV Milbertshofen","FRISCH AUF! Göppingen",13,23,FALSE,0,NA,NA,0,0,0,NA,0,0,0,0,0,0,NA,NA,NA,NA,NA,NA,NA,NA,0,0,0,0,NA,NA,NA,NA,NA
"Helmut Schelchshorn","b1c960ef-3955-11ef-850b-a36230ada079",NA,NA,1971,"9/11/1971","8d50018c-3960-11ef-8ee6-9b08c5d4c173","away","TSV Milbertshofen","FRISCH AUF! Göppingen",13,23,FALSE,2,NA,NA,0,0,0,NA,0,0,0,0,0,0,NA,NA,NA,NA,NA,NA,NA,NA,0,0,0,0,NA,NA,NA,NA,NA
"Peter Feddern","bc1b1b3e-3955-11ef-9c4e-ab397f561917",NA,NA,1971,"9/11/1971","8d50018c-3960-11ef-8ee6-9b08c5d4c173","away","TSV Milbertshofen","FRISCH AUF! Göppingen",13,23,FALSE,0,NA,NA,0,0,0,NA,0,0,0,0,0,0,NA,NA,NA,NA,NA,NA,NA,NA,0,0,0,0,NA,NA,NA,NA,NA
"Herbert Staiger","c81d1d7c-3955-11ef-b36f-157c9bc18a5f",NA,NA,1971,"9/11/1971","8d50018c-3960-11ef-8ee6-9b08c5d4c173","away","TSV Milbertshofen","FRISCH AUF! Göppingen",13,23,FALSE,1,NA,NA,0,0,0,NA,0,0,0,0,0,0,NA,NA,NA,NA,NA,NA,NA,NA,0,0,0,0,NA,NA,NA,NA,NA
"Karl Donndorf","c821c668-3955-11ef-a20c-157c9bc18a5f",NA,NA,1971,"9/11/1971","8d50018c-3960-11ef-8ee6-9b08c5d4c173","away","TSV Milbertshofen","FRISCH AUF! Göppingen",13,23,FALSE,1,NA,NA,0,0,0,NA,0,0,0,0,0,0,NA,NA,NA,NA,NA,NA,NA,NA,0,0,0,0,NA,NA,NA,NA,NA
"Erich Loderer","c9a2ad0a-3955-11ef-9f7e-157c9bc18a5f",NA,NA,1971,"9/11/1971","8d50018c-3960-11ef-8ee6-9b08c5d4c173","away","TSV Milbertshofen","FRISCH AUF! Göppingen",13,23,FALSE,4,NA,NA,0,0,0,NA,0,0,0,0,0,0,NA,NA,NA,NA,NA,NA,NA,NA,0,0,0,0,NA,NA,NA,NA,NA
"Olaf Hoemke","c9a6b7e4-3955-11ef-a408-157c9bc18a5f",NA,NA,1971,"9/11/1971","8d50018c-3960-11ef-8ee6-9b08c5d4c173","away","TSV Milbertshofen","FRISCH AUF! Göppingen",13,23,FALSE,1,NA,NA,0,0,0,NA,0,0,0,0,0,0,NA,NA,NA,NA,NA,NA,NA,NA,0,0,0,0,NA,NA,NA,NA,NA
"Ulrich Eikermann","73a211c9-3955-11ef-8f8f-51fdf2a82730",NA,NA,1971,"9/12/1971","824bbb38-3960-11ef-bd06-2906cc9fb6bc","home","SC Phönix Essen 1920","Hamburger SV",13,12,TRUE,5,NA,NA,0,0,1,NA,0,0,0,0,0,0,NA,NA,NA,NA,NA,NA,NA,NA,0,0,0,0,NA,NA,NA,NA,NA
"Dietmar Dohm","a5c15139-3955-11ef-9adf-2510cc07ea6e",NA,NA,1971,"9/12/1971","824bbb38-3960-11ef-bd06-2906cc9fb6bc","home","SC Phönix Essen 1920","Hamburger SV",13,12,TRUE,0,NA,NA,0,0,0,NA,0,0,0,0,0,0,NA,NA,NA,NA,NA,NA,NA,NA,0,0,0,0,NA,NA,NA,NA,NA
"Norbert Meister","a610e086-3955-11ef-bf85-2510cc07ea6e",NA,NA,1971,"9/12/1971","824bbb38-3960-11ef-bd06-2906cc9fb6bc","home","SC Phönix Essen 1920","Hamburger SV",13,12,TRUE,0,NA,NA,0,0,0,NA,0,0,0,0,0,0,NA,NA,NA,NA,NA,NA,NA,NA,0,0,0,0,NA,NA,NA,NA,NA
"Rüdiger Hillebrand","b0c11a9c-3955-11ef-bf0d-a36230ada079",NA,NA,1971,"9/12/1971","824bbb38-3960-11ef-bd06-2906cc9fb6bc","home","SC Phönix Essen 1920","Hamburger SV",13,12,TRUE,0,NA,NA,0,0,0,NA,0,0,0,0,0,0,NA,NA,NA,NA,NA,NA,NA,NA,0,0,0,0,NA,NA,NA,NA,NA
"Klaus Kirschner","bae43a44-3955-11ef-ae7c-ab397f561917",NA,NA,1971,"9/12/1971","824bbb38-3960-11ef-bd06-2906cc9fb6bc","home","SC Phönix Essen 1920","Hamburger SV",13,12,TRUE,0,NA,NA,0,0,0,NA,0,0,0,0,0,0,NA,NA,NA,NA,NA,NA,NA,NA,0,0,0,0,NA,NA,NA,NA,NA
"Michael Hattig","bd52f5b1-3955-11ef-ba0c-ab397f561917",NA,NA,1971,"9/12/1971","824bbb38-3960-11ef-bd06-2906cc9fb6bc","home","SC Phönix Essen 1920","Hamburger SV",13,12,TRUE,8,NA,NA,0,0,2,NA,0,0,0,0,0,0,NA,NA,NA,NA,NA,NA,NA,NA,0,0,0,0,NA,NA,NA,NA,NA
"Peter Fischer","bd861af2-3955-11ef-a655-ab397f561917",NA,NA,1971,"9/12/1971","824bbb38-3960-11ef-bd06-2906cc9fb6bc","home","SC Phönix Essen 1920","Hamburger SV",13,12,TRUE,0,NA,NA,0,0,0,NA,0,0,0,0,0,0,NA,NA,NA,NA,NA,NA,NA,NA,0,0,0,0,NA,NA,NA,NA,NA
"Andrija Kotlas","bde016f5-3955-11ef-b96c-ab397f561917",NA,NA,1971,"9/12/1971","824bbb38-3960-11ef-bd06-2906cc9fb6bc","home","SC Phönix Essen 1920","Hamburger SV",13,12,TRUE,0,NA,NA,0,0,0,NA,0,0,0,0,0,0,NA,NA,NA,NA,NA,NA,NA,NA,0,0,0,0,NA,NA,NA,NA,NA
"Carl-Bernd Behler","c79d213f-3955-11ef-a773-157c9bc18a5f",NA,NA,1971,"9/12/1971","824bbb38-3960-11ef-bd06-2906cc9fb6bc","home","SC Phönix Essen 1920","Hamburger SV",13,12,TRUE,0,NA,NA,0,0,0,NA,0,0,0,0,0,0,NA,NA,NA,NA,NA,NA,NA,NA,0,0,0,0,NA,NA,NA,NA,NA
"Ernst Weise","c90cdba3-3955-11ef-b068-157c9bc18a5f",NA,NA,1971,"9/12/1971","824bbb38-3960-11ef-bd06-2906cc9fb6bc","home","SC Phönix Essen 1920","Hamburger SV",13,12,TRUE,0,NA,NA,0,0,0,NA,0,0,0,0,0,0,NA,NA,NA,NA,NA,NA,NA,NA,0,0,0,0,NA,NA,NA,NA,NA
"Jochen Generotzki","c918430a-3955-11ef-bc40-157c9bc18a5f",NA,NA,1971,"9/12/1971","824bbb38-3960-11ef-bd06-2906cc9fb6bc","home","SC Phönix Essen 1920","Hamburger SV",13,12,TRUE,0,NA,NA,0,0,0,NA,0,0,0,0,0,0,NA,NA,NA,NA,NA,NA,NA,NA,0,0,0,0,NA,NA,NA,NA,NA
"Peter Pickel","8c973b42-3955-11ef-8c71-81dc40648355",NA,NA,1971,"9/12/1971","824bbb38-3960-11ef-bd06-2906cc9fb6bc","away","Hamburger SV","SC Phönix Essen 1920",12,13,FALSE,0,NA,NA,0,0,0,NA,0,0,0,0,0,0,NA,NA,NA,NA,NA,NA,NA,NA,0,0,0,0,NA,NA,NA,NA,NA
"Jürgen Pflugbeil","a4aebf56-3955-11ef-99e3-2510cc07ea6e",NA,NA,1971,"9/12/1971","824bbb38-3960-11ef-bd06-2906cc9fb6bc","away","Hamburger SV","SC Phönix Essen 1920",12,13,FALSE,0,NA,NA,0,0,0,NA,0,0,0,0,0,0,NA,NA,NA,NA,NA,NA,NA,NA,0,0,0,0,NA,NA,NA,NA,NA
"Diethard Finkelmann","a60bdcf9-3955-11ef-bfa1-2510cc07ea6e",NA,NA,1971,"9/12/1971","824bbb38-3960-11ef-bd06-2906cc9fb6bc","away","Hamburger SV","SC Phönix Essen 1920",12,13,FALSE,1,NA,NA,0,0,0,NA,0,0,0,0,0,0,NA,NA,NA,NA,NA,NA,NA,NA,0,0,0,0,NA,NA,NA,NA,NA
"Hans-Jürgen Bode","b011e6da-3955-11ef-8205-a36230ada079",NA,NA,1971,"9/12/1971","824bbb38-3960-11ef-bd06-2906cc9fb6bc","away","Hamburger SV","SC Phönix Essen 1920",12,13,FALSE,0,NA,NA,0,0,0,NA,0,0,0,0,0,0,NA,NA,NA,NA,NA,NA,NA,NA,0,0,0,0,NA,NA,NA,NA,NA
"Rainer Witt","b02adaad-3955-11ef-b8c4-a36230ada079",NA,NA,1971,"9/12/1971","824bbb38-3960-11ef-bd06-2906cc9fb6bc","away","Hamburger SV","SC Phönix Essen 1920",12,13,FALSE,2,NA,NA,0,0,0,NA,0,0,0,0,0,0,NA,NA,NA,NA,NA,NA,NA,NA,0,0,0,0,NA,NA,NA,NA,NA
"Hans-Joachim Beißel","b0341bcb-3955-11ef-9e08-a36230ada079",NA,NA,1971,"9/12/1971","824bbb38-3960-11ef-bd06-2906cc9fb6bc","away","Hamburger SV","SC Phönix Essen 1920",12,13,FALSE,0,NA,NA,0,0,0,NA,0,0,0,0,0,0,NA,NA,NA,NA,NA,NA,NA,NA,0,0,0,0,NA,NA,NA,NA,NA
"Norbert Germer","b03f8101-3955-11ef-8945-a36230ada079",NA,NA,1971,"9/12/1971","824bbb38-3960-11ef-bd06-2906cc9fb6bc","away","Hamburger SV","SC Phönix Essen 1920",12,13,FALSE,2,NA,NA,0,0,0,NA,0,0,0,0,0,0,NA,NA,NA,NA,NA,NA,NA,NA,0,0,0,0,NA,NA,NA,NA,NA
"Siegfried Berg","b10d3ec3-3955-11ef-8a30-a36230ada079",NA,NA,1971,"9/12/1971","824bbb38-3960-11ef-bd06-2906cc9fb6bc","away","Hamburger SV","SC Phönix Essen 1920",12,13,FALSE,0,NA,NA,0,0,0,NA,0,0,0,0,0,0,NA,NA,NA,NA,NA,NA,NA,NA,0,0,0,0,NA,NA,NA,NA,NA
"Wolfgang Braun","b1a4c388-3955-11ef-92b7-a36230ada079",NA,NA,1971,"9/12/1971","824bbb38-3960-11ef-bd06-2906cc9fb6bc","away","Hamburger SV","SC Phönix Essen 1920",12,13,FALSE,1,NA,NA,0,0,0,NA,0,0,0,0,0,0,NA,NA,NA,NA,NA,NA,NA,NA,0,0,0,0,NA,NA,NA,NA,NA
"Bernd Heiden","baf62966-3955-11ef-b7e1-ab397f561917",NA,NA,1971,"9/12/1971","824bbb38-3960-11ef-bd06-2906cc9fb6bc","away","Hamburger SV","SC Phönix Essen 1920",12,13,FALSE,0,NA,NA,0,0,0,NA,0,0,0,0,0,0,NA,NA,NA,NA,NA,NA,NA,NA,0,0,0,0,NA,NA,NA,NA,NA
"Klaus Lange","bafb51f3-3955-11ef-9864-ab397f561917",NA,NA,1971,"9/12/1971","824bbb38-3960-11ef-bd06-2906cc9fb6bc","away","Hamburger SV","SC Phönix Essen 1920",12,13,FALSE,5,NA,NA,0,0,5,NA,0,0,0,0,0,0,NA,NA,NA,NA,NA,NA,NA,NA,0,0,0,0,NA,NA,NA,NA,NA
"Manfred Grühn","c755d6cb-3955-11ef-a162-157c9bc18a5f",NA,NA,1971,"9/12/1971","824bbb38-3960-11ef-bd06-2906cc9fb6bc","away","Hamburger SV","SC Phönix Essen 1920",12,13,FALSE,1,NA,NA,0,0,0,NA,0,0,0,0,0,0,NA,NA,NA,NA,NA,NA,NA,NA,0,0,0,0,NA,NA,NA,NA,NA
"Karl-Heinz Schulz","72847241-3955-11ef-8bd4-51fdf2a82730",NA,NA,1971,"9/12/1971","83309b53-3960-11ef-9cee-2906cc9fb6bc","home","TuS 05 Wellinghofen","THW Kiel",12,20,FALSE,0,NA,NA,0,0,0,NA,0,0,0,0,0,0,NA,NA,NA,NA,NA,NA,NA,NA,0,0,0,0,NA,NA,NA,NA,NA
"Hans-Jürgen Zick","8d67d76a-3955-11ef-8956-81dc40648355",NA,NA,1971,"9/12/1971","83309b53-3960-11ef-9cee-2906cc9fb6bc","home","TuS 05 Wellinghofen","THW Kiel",12,20,FALSE,0,NA,NA,0,0,0,NA,0,0,0,0,0,0,NA,NA,NA,NA,NA,NA,NA,NA,0,0,0,0,NA,NA,NA,NA,NA
"Heiner Möller","8d7571e4-3955-11ef-b1d3-81dc40648355",NA,NA,1971,"9/12/1971","83309b53-3960-11ef-9cee-2906cc9fb6bc","home","TuS 05 Wellinghofen","THW Kiel",12,20,FALSE,6,NA,NA,0,0,0,NA,0,0,0,0,0,0,NA,NA,NA,NA,NA,NA,NA,NA,0,0,0,0,NA,NA,NA,NA,NA
"Hans-Peter Neuhaus","8d9d3887-3955-11ef-80a3-81dc40648355",NA,NA,1971,"9/12/1971","83309b53-3960-11ef-9cee-2906cc9fb6bc","home","TuS 05 Wellinghofen","THW Kiel",12,20,FALSE,0,NA,NA,0,0,0,NA,0,0,0,0,0,0,NA,NA,NA,NA,NA,NA,NA,NA,0,0,0,0,NA,NA,NA,NA,NA
"Rainer Gosewinkel","a4d61156-3955-11ef-8406-2510cc07ea6e",NA,NA,1971,"9/12/1971","83309b53-3960-11ef-9cee-2906cc9fb6bc","home","TuS 05 Wellinghofen","THW Kiel",12,20,FALSE,4,NA,NA,0,0,0,NA,0,0,0,0,0,0,NA,NA,NA,NA,NA,NA,NA,NA,0,0,0,0,NA,NA,NA,NA,NA
"Klaus Erwe","a4f54a19-3955-11ef-b48a-2510cc07ea6e",NA,NA,1971,"9/12/1971","83309b53-3960-11ef-9cee-2906cc9fb6bc","home","TuS 05 Wellinghofen","THW Kiel",12,20,FALSE,0,NA,NA,0,0,0,NA,0,0,0,0,0,0,NA,NA,NA,NA,NA,NA,NA,NA,0,0,0,0,NA,NA,NA,NA,NA
"Burkhard Gröning","a52c6e4f-3955-11ef-a576-2510cc07ea6e",NA,NA,1971,"9/12/1971","83309b53-3960-11ef-9cee-2906cc9fb6bc","home","TuS 05 Wellinghofen","THW Kiel",12,20,FALSE,2,NA,NA,0,0,1,NA,0,0,0,0,0,0,NA,NA,NA,NA,NA,NA,NA,NA,0,0,0,0,NA,NA,NA,NA,NA
"Klaus Tiews","a531838f-3955-11ef-8e99-2510cc07ea6e",NA,NA,1971,"9/12/1971","83309b53-3960-11ef-9cee-2906cc9fb6bc","home","TuS 05 Wellinghofen","THW Kiel",12,20,FALSE,0,NA,NA,0,0,0,NA,0,0,0,0,0,0,NA,NA,NA,NA,NA,NA,NA,NA,0,0,0,0,NA,NA,NA,NA,NA
"Heinz Oberscheidt","a5ae94f2-3955-11ef-91fc-2510cc07ea6e",NA,NA,1971,"9/12/1971","83309b53-3960-11ef-9cee-2906cc9fb6bc","home","TuS 05 Wellinghofen","THW Kiel",12,20,FALSE,0,NA,NA,0,0,0,NA,0,0,0,0,0,0,NA,NA,NA,NA,NA,NA,NA,NA,0,0,0,0,NA,NA,NA,NA,NA
"Ulrich Thubeauville","c76555ef-3955-11ef-9f3a-157c9bc18a5f",NA,NA,1971,"9/12/1971","83309b53-3960-11ef-9cee-2906cc9fb6bc","home","TuS 05 Wellinghofen","THW Kiel",12,20,FALSE,0,NA,NA,0,0,0,NA,0,0,0,0,0,0,NA,NA,NA,NA,NA,NA,NA,NA,0,0,0,0,NA,NA,NA,NA,NA
"Burkhardt Eckardt","c76d08cb-3955-11ef-8fa7-157c9bc18a5f",NA,NA,1971,"9/12/1971","83309b53-3960-11ef-9cee-2906cc9fb6bc","home","TuS 05 Wellinghofen","THW Kiel",12,20,FALSE,0,NA,NA,0,0,0,NA,0,0,0,0,0,0,NA,NA,NA,NA,NA,NA,NA,NA,0,0,0,0,NA,NA,NA,NA,NA
"Gerd Welz","98273a90-3955-11ef-a3a2-292be3190b7b",NA,NA,1971,"9/12/1971","83309b53-3960-11ef-9cee-2906cc9fb6bc","away","THW Kiel","TuS 05 Wellinghofen",20,12,TRUE,1,NA,NA,0,0,0,NA,0,0,0,0,0,0,NA,NA,NA,NA,NA,NA,NA,NA,0,0,0,0,NA,NA,NA,NA,NA
"Volker Harbs","9995a6f3-3955-11ef-b74f-292be3190b7b",NA,NA,1971,"9/12/1971","83309b53-3960-11ef-9cee-2906cc9fb6bc","away","THW Kiel","TuS 05 Wellinghofen",20,12,TRUE,4,NA,NA,0,0,1,NA,0,0,0,0,0,0,NA,NA,NA,NA,NA,NA,NA,NA,0,0,0,0,NA,NA,NA,NA,NA
"Ingo Schütz","ae3ef1e3-3955-11ef-8b16-a36230ada079",NA,NA,1971,"9/12/1971","83309b53-3960-11ef-9cee-2906cc9fb6bc","away","THW Kiel","TuS 05 Wellinghofen",20,12,TRUE,1,NA,NA,0,0,0,NA,0,0,0,0,0,0,NA,NA,NA,NA,NA,NA,NA,NA,0,0,0,0,NA,NA,NA,NA,NA
"Peter Prehn","b073ee0a-3955-11ef-8404-a36230ada079",NA,NA,1971,"9/12/1971","83309b53-3960-11ef-9cee-2906cc9fb6bc","away","THW Kiel","TuS 05 Wellinghofen",20,12,TRUE,2,NA,NA,0,0,0,NA,0,0,0,0,0,0,NA,NA,NA,NA,NA,NA,NA,NA,0,0,0,0,NA,NA,NA,NA,NA
"Peter Werk","b0784d6e-3955-11ef-9a85-a36230ada079",NA,NA,1971,"9/12/1971","83309b53-3960-11ef-9cee-2906cc9fb6bc","away","THW Kiel","TuS 05 Wellinghofen",20,12,TRUE,1,NA,NA,0,0,0,NA,0,0,0,0,0,0,NA,NA,NA,NA,NA,NA,NA,NA,0,0,0,0,NA,NA,NA,NA,NA
"Herwig Ahrendsen","b143192b-3955-11ef-bef0-a36230ada079",NA,NA,1971,"9/12/1971","83309b53-3960-11ef-9cee-2906cc9fb6bc","away","THW Kiel","TuS 05 Wellinghofen",20,12,TRUE,2,NA,NA,0,0,0,NA,0,0,0,0,0,0,NA,NA,NA,NA,NA,NA,NA,NA,0,0,0,0,NA,NA,NA,NA,NA
"Bernd Nielsen","b1480d2c-3955-11ef-8563-a36230ada079",NA,NA,1971,"9/12/1971","83309b53-3960-11ef-9cee-2906cc9fb6bc","away","THW Kiel","TuS 05 Wellinghofen",20,12,TRUE,5,NA,NA,0,0,1,NA,0,0,0,0,0,0,NA,NA,NA,NA,NA,NA,NA,NA,0,0,0,0,NA,NA,NA,NA,NA
"Hartwig Moll","b14ce7d8-3955-11ef-8cb5-a36230ada079",NA,NA,1971,"9/12/1971","83309b53-3960-11ef-9cee-2906cc9fb6bc","away","THW Kiel","TuS 05 Wellinghofen",20,12,TRUE,1,NA,NA,0,0,0,NA,0,0,0,0,0,0,NA,NA,NA,NA,NA,NA,NA,NA,0,0,0,0,NA,NA,NA,NA,NA
"Rainer Voigt","c7c742a9-3955-11ef-b542-157c9bc18a5f",NA,NA,1971,"9/12/1971","83309b53-3960-11ef-9cee-2906cc9fb6bc","away","THW Kiel","TuS 05 Wellinghofen",20,12,TRUE,0,NA,NA,0,0,0,NA,0,0,0,0,0,0,NA,NA,NA,NA,NA,NA,NA,NA,0,0,0,0,NA,NA,NA,NA,NA
"Dieter Baguhn","c7cbf017-3955-11ef-b1f7-157c9bc18a5f",NA,NA,1971,"9/12/1971","83309b53-3960-11ef-9cee-2906cc9fb6bc","away","THW Kiel","TuS 05 Wellinghofen",20,12,TRUE,1,NA,NA,0,0,0,NA,0,0,0,0,0,0,NA,NA,NA,NA,NA,NA,NA,NA,0,0,0,0,NA,NA,NA,NA,NA
"Bernd Struck","c7d4c3a5-3955-11ef-a743-157c9bc18a5f",NA,NA,1971,"9/12/1971","83309b53-3960-11ef-9cee-2906cc9fb6bc","away","THW Kiel","TuS 05 Wellinghofen",20,12,TRUE,2,NA,NA,0,0,0,NA,0,0,0,0,0,0,NA,NA,NA,NA,NA,NA,NA,NA,0,0,0,0,NA,NA,NA,NA,NA
"Bernhard Busch","8dc9280f-3955-11ef-80e2-81dc40648355",NA,NA,1971,"9/18/1971","8174a068-3960-11ef-b326-2906cc9fb6bc","home","GWD Minden","THW Kiel",9,11,FALSE,2,NA,NA,0,0,2,NA,0,0,0,0,0,0,NA,NA,NA,NA,NA,NA,NA,NA,0,0,0,0,NA,NA,NA,NA,NA
"Gerald Schüler","96fc1532-3955-11ef-bddd-292be3190b7b",NA,NA,1971,"9/18/1971","8174a068-3960-11ef-b326-2906cc9fb6bc","home","GWD Minden","THW Kiel",9,11,FALSE,0,NA,NA,0,0,0,NA,0,0,0,0,0,0,NA,NA,NA,NA,NA,NA,NA,NA,0,0,0,0,NA,NA,NA,NA,NA
"Martin Karcher","980f80ce-3955-11ef-8054-292be3190b7b",NA,NA,1971,"9/18/1971","8174a068-3960-11ef-b326-2906cc9fb6bc","home","GWD Minden","THW Kiel",9,11,FALSE,0,NA,NA,0,0,0,NA,0,0,0,0,0,0,NA,NA,NA,NA,NA,NA,NA,NA,0,0,0,0,NA,NA,NA,NA,NA
"Hans Kramer","98f50290-3955-11ef-8aa8-292be3190b7b",NA,NA,1971,"9/18/1971","8174a068-3960-11ef-b326-2906cc9fb6bc","home","GWD Minden","THW Kiel",9,11,FALSE,1,NA,NA,0,0,0,NA,0,0,0,0,0,0,NA,NA,NA,NA,NA,NA,NA,NA,0,0,0,0,NA,NA,NA,NA,NA
"Wilfried Meyer","a34b2aa0-3955-11ef-a79c-2510cc07ea6e",NA,NA,1971,"9/18/1971","8174a068-3960-11ef-b326-2906cc9fb6bc","home","GWD Minden","THW Kiel",9,11,FALSE,0,NA,NA,0,0,0,NA,0,0,0,0,0,0,NA,NA,NA,NA,NA,NA,NA,NA,0,0,0,0,NA,NA,NA,NA,NA
"Jobst-Erich Rehse","b00be251-3955-11ef-ac35-a36230ada079",NA,NA,1971,"9/18/1971","8174a068-3960-11ef-b326-2906cc9fb6bc","home","GWD Minden","THW Kiel",9,11,FALSE,0,NA,NA,0,0,0,NA,0,0,0,0,0,0,NA,NA,NA,NA,NA,NA,NA,NA,0,0,0,0,NA,NA,NA,NA,NA
"Bernd Munck","ba5ee5e3-3955-11ef-9f80-ab397f561917",NA,NA,1971,"9/18/1971","8174a068-3960-11ef-b326-2906cc9fb6bc","home","GWD Minden","THW Kiel",9,11,FALSE,0,NA,NA,0,0,0,NA,0,0,0,0,0,0,NA,NA,NA,NA,NA,NA,NA,NA,0,0,0,0,NA,NA,NA,NA,NA
"Wilfried Drögemeier","ba63ada7-3955-11ef-a04d-ab397f561917",NA,NA,1971,"9/18/1971","8174a068-3960-11ef-b326-2906cc9fb6bc","home","GWD Minden","THW Kiel",9,11,FALSE,1,NA,NA,0,0,0,NA,0,0,0,0,0,0,NA,NA,NA,NA,NA,NA,NA,NA,0,0,0,0,NA,NA,NA,NA,NA
"Otto Weng","bcfbec1c-3955-11ef-b4f4-ab397f561917",NA,NA,1971,"9/18/1971","8174a068-3960-11ef-b326-2906cc9fb6bc","home","GWD Minden","THW Kiel",9,11,FALSE,3,NA,NA,0,0,0,NA,0,0,0,0,0,0,NA,NA,NA,NA,NA,NA,NA,NA,0,0,0,0,NA,NA,NA,NA,NA
"Burkhard Krocker","bcffdc62-3955-11ef-b52a-ab397f561917",NA,NA,1971,"9/18/1971","8174a068-3960-11ef-b326-2906cc9fb6bc","home","GWD Minden","THW Kiel",9,11,FALSE,0,NA,NA,0,0,0,NA,0,0,0,0,0,0,NA,NA,NA,NA,NA,NA,NA,NA,0,0,0,0,NA,NA,NA,NA,NA
"Jürgen Buhrmester","c747ff25-3955-11ef-9695-157c9bc18a5f",NA,NA,1971,"9/18/1971","8174a068-3960-11ef-b326-2906cc9fb6bc","home","GWD Minden","THW Kiel",9,11,FALSE,2,NA,NA,0,0,0,NA,0,0,0,0,0,0,NA,NA,NA,NA,NA,NA,NA,NA,0,0,0,0,NA,NA,NA,NA,NA
"Manfred Horstkötter","c8a23936-3955-11ef-9884-157c9bc18a5f",NA,NA,1971,"9/18/1971","8174a068-3960-11ef-b326-2906cc9fb6bc","home","GWD Minden","THW Kiel",9,11,FALSE,0,NA,NA,0,0,0,NA,0,0,0,0,0,0,NA,NA,NA,NA,NA,NA,NA,NA,0,0,0,0,NA,NA,NA,NA,NA
"Hans-Jörg Graeper","964d8ebc-3955-11ef-a25b-292be3190b7b",NA,NA,1971,"9/18/1971","8174a068-3960-11ef-b326-2906cc9fb6bc","away","THW Kiel","GWD Minden",11,9,TRUE,2,NA,NA,0,0,0,NA,0,0,0,0,0,0,NA,NA,NA,NA,NA,NA,NA,NA,0,0,0,0,NA,NA,NA,NA,NA
"Gerd Welz","98273a90-3955-11ef-a3a2-292be3190b7b",NA,NA,1971,"9/18/1971","8174a068-3960-11ef-b326-2906cc9fb6bc","away","THW Kiel","GWD Minden",11,9,TRUE,2,NA,NA,0,0,0,NA,0,0,0,0,0,0,NA,NA,NA,NA,NA,NA,NA,NA,0,0,0,0,NA,NA,NA,NA,NA
"Volker Harbs","9995a6f3-3955-11ef-b74f-292be3190b7b",NA,NA,1971,"9/18/1971","8174a068-3960-11ef-b326-2906cc9fb6bc","away","THW Kiel","GWD Minden",11,9,TRUE,1,NA,NA,0,0,1,NA,0,0,0,0,0,0,NA,NA,NA,NA,NA,NA,NA,NA,0,0,0,0,NA,NA,NA,NA,NA
"Peter Prehn","b073ee0a-3955-11ef-8404-a36230ada079",NA,NA,1971,"9/18/1971","8174a068-3960-11ef-b326-2906cc9fb6bc","away","THW Kiel","GWD Minden",11,9,TRUE,1,NA,NA,0,0,0,NA,0,0,0,0,0,0,NA,NA,NA,NA,NA,NA,NA,NA,0,0,0,0,NA,NA,NA,NA,NA
"Peter Werk","b0784d6e-3955-11ef-9a85-a36230ada079",NA,NA,1971,"9/18/1971","8174a068-3960-11ef-b326-2906cc9fb6bc","away","THW Kiel","GWD Minden",11,9,TRUE,0,NA,NA,0,0,0,NA,0,0,0,0,0,0,NA,NA,NA,NA,NA,NA,NA,NA,0,0,0,0,NA,NA,NA,NA,NA
"Herwig Ahrendsen","b143192b-3955-11ef-bef0-a36230ada079",NA,NA,1971,"9/18/1971","8174a068-3960-11ef-b326-2906cc9fb6bc","away","THW Kiel","GWD Minden",11,9,TRUE,1,NA,NA,0,0,0,NA,0,0,0,0,0,0,NA,NA,NA,NA,NA,NA,NA,NA,0,0,0,0,NA,NA,NA,NA,NA
"Bernd Nielsen","b1480d2c-3955-11ef-8563-a36230ada079",NA,NA,1971,"9/18/1971","8174a068-3960-11ef-b326-2906cc9fb6bc","away","THW Kiel","GWD Minden",11,9,TRUE,1,NA,NA,0,0,0,NA,0,0,0,0,0,0,NA,NA,NA,NA,NA,NA,NA,NA,0,0,0,0,NA,NA,NA,NA,NA
"Hartwig Moll","b14ce7d8-3955-11ef-8cb5-a36230ada079",NA,NA,1971,"9/18/1971","8174a068-3960-11ef-b326-2906cc9fb6bc","away","THW Kiel","GWD Minden",11,9,TRUE,1,NA,NA,0,0,0,NA,0,0,0,0,0,0,NA,NA,NA,NA,NA,NA,NA,NA,0,0,0,0,NA,NA,NA,NA,NA
"Rainer Voigt","c7c742a9-3955-11ef-b542-157c9bc18a5f",NA,NA,1971,"9/18/1971","8174a068-3960-11ef-b326-2906cc9fb6bc","away","THW Kiel","GWD Minden",11,9,TRUE,0,NA,NA,0,0,0,NA,0,0,0,0,0,0,NA,NA,NA,NA,NA,NA,NA,NA,0,0,0,0,NA,NA,NA,NA,NA
"Dieter Baguhn","c7cbf017-3955-11ef-b1f7-157c9bc18a5f",NA,NA,1971,"9/18/1971","8174a068-3960-11ef-b326-2906cc9fb6bc","away","THW Kiel","GWD Minden",11,9,TRUE,2,NA,NA,0,0,0,NA,0,0,0,0,0,0,NA,NA,NA,NA,NA,NA,NA,NA,0,0,0,0,NA,NA,NA,NA,NA
"Bernd Struck","c7d4c3a5-3955-11ef-a743-157c9bc18a5f",NA,NA,1971,"9/18/1971","8174a068-3960-11ef-b326-2906cc9fb6bc","away","THW Kiel","GWD Minden",11,9,TRUE,0,NA,NA,0,0,0,NA,0,0,0,0,0,0,NA,NA,NA,NA,NA,NA,NA,NA,0,0,0,0,NA,NA,NA,NA,NA
"Hans-Joachim Krüger","989303b8-3955-11ef-ac0a-292be3190b7b",NA,NA,1971,"9/18/1971","83c056d6-3960-11ef-9d14-2906cc9fb6bc","home","TSB Flensburg","VfL Lübeck-Schwartau",16,12,TRUE,3,NA,NA,0,0,0,NA,0,0,0,0,0,0,NA,NA,NA,NA,NA,NA,NA,NA,0,0,0,0,NA,NA,NA,NA,NA
"Ulrich Althoff","bb6c27f0-3955-11ef-9d06-ab397f561917",NA,NA,1971,"9/18/1971","83c056d6-3960-11ef-9d14-2906cc9fb6bc","home","TSB Flensburg","VfL Lübeck-Schwartau",16,12,TRUE,0,NA,NA,0,0,0,NA,0,0,0,0,0,0,NA,NA,NA,NA,NA,NA,NA,NA,0,0,0,0,NA,NA,NA,NA,NA
"Helmut Wolff","c8c361d9-3955-11ef-b16f-157c9bc18a5f",NA,NA,1971,"9/18/1971","83c056d6-3960-11ef-9d14-2906cc9fb6bc","home","TSB Flensburg","VfL Lübeck-Schwartau",16,12,TRUE,0,NA,NA,0,0,0,NA,0,0,0,0,0,0,NA,NA,NA,NA,NA,NA,NA,NA,0,0,0,0,NA,NA,NA,NA,NA
"Sönke Voß","c8c872dc-3955-11ef-8979-157c9bc18a5f",NA,NA,1971,"9/18/1971","83c056d6-3960-11ef-9d14-2906cc9fb6bc","home","TSB Flensburg","VfL Lübeck-Schwartau",16,12,TRUE,1,NA,NA,0,0,0,NA,0,0,0,0,0,0,NA,NA,NA,NA,NA,NA,NA,NA,0,0,0,0,NA,NA,NA,NA,NA
"Trutz Kob","c8ccf221-3955-11ef-8f6f-157c9bc18a5f",NA,NA,1971,"9/18/1971","83c056d6-3960-11ef-9d14-2906cc9fb6bc","home","TSB Flensburg","VfL Lübeck-Schwartau",16,12,TRUE,2,NA,NA,0,0,0,NA,0,0,0,0,0,0,NA,NA,NA,NA,NA,NA,NA,NA,0,0,0,0,NA,NA,NA,NA,NA
"Dieter Liesch","c8d1ab08-3955-11ef-bf4b-157c9bc18a5f",NA,NA,1971,"9/18/1971","83c056d6-3960-11ef-9d14-2906cc9fb6bc","home","TSB Flensburg","VfL Lübeck-Schwartau",16,12,TRUE,1,NA,NA,0,0,0,NA,0,0,0,0,0,0,NA,NA,NA,NA,NA,NA,NA,NA,0,0,0,0,NA,NA,NA,NA,NA
"Gerhard Brast","c8d5c599-3955-11ef-8eef-157c9bc18a5f",NA,NA,1971,"9/18/1971","83c056d6-3960-11ef-9d14-2906cc9fb6bc","home","TSB Flensburg","VfL Lübeck-Schwartau",16,12,TRUE,4,NA,NA,0,0,0,NA,0,0,0,0,0,0,NA,NA,NA,NA,NA,NA,NA,NA,0,0,0,0,NA,NA,NA,NA,NA
"Günter Jensen","c8d9f473-3955-11ef-9c30-157c9bc18a5f",NA,NA,1971,"9/18/1971","83c056d6-3960-11ef-9d14-2906cc9fb6bc","home","TSB Flensburg","VfL Lübeck-Schwartau",16,12,TRUE,1,NA,NA,0,0,0,NA,0,0,0,0,0,0,NA,NA,NA,NA,NA,NA,NA,NA,0,0,0,0,NA,NA,NA,NA,NA
"Rolf Asmussen","c8e24957-3955-11ef-86ce-157c9bc18a5f",NA,NA,1971,"9/18/1971","83c056d6-3960-11ef-9d14-2906cc9fb6bc","home","TSB Flensburg","VfL Lübeck-Schwartau",16,12,TRUE,2,NA,NA,0,0,0,NA,0,0,0,0,0,0,NA,NA,NA,NA,NA,NA,NA,NA,0,0,0,0,NA,NA,NA,NA,NA
"Knud Börnsen","c8e6ee04-3955-11ef-bb81-157c9bc18a5f",NA,NA,1971,"9/18/1971","83c056d6-3960-11ef-9d14-2906cc9fb6bc","home","TSB Flensburg","VfL Lübeck-Schwartau",16,12,TRUE,2,NA,NA,0,0,0,NA,0,0,0,0,0,0,NA,NA,NA,NA,NA,NA,NA,NA,0,0,0,0,NA,NA,NA,NA,NA
"Uwe Dahlinger","c8ef76f2-3955-11ef-add0-157c9bc18a5f",NA,NA,1971,"9/18/1971","83c056d6-3960-11ef-9d14-2906cc9fb6bc","home","TSB Flensburg","VfL Lübeck-Schwartau",16,12,TRUE,0,NA,NA,0,0,0,NA,0,0,0,0,0,0,NA,NA,NA,NA,NA,NA,NA,NA,0,0,0,0,NA,NA,NA,NA,NA
"Heinz-Werner Kuhn","c8f40ff2-3955-11ef-89ee-157c9bc18a5f",NA,NA,1971,"9/18/1971","83c056d6-3960-11ef-9d14-2906cc9fb6bc","home","TSB Flensburg","VfL Lübeck-Schwartau",16,12,TRUE,0,NA,NA,0,0,0,NA,0,0,0,0,0,0,NA,NA,NA,NA,NA,NA,NA,NA,0,0,0,0,NA,NA,NA,NA,NA
"Herbert Rogge","b06614d7-3955-11ef-a43b-a36230ada079",NA,NA,1971,"9/18/1971","83c056d6-3960-11ef-9d14-2906cc9fb6bc","away","VfL Lübeck-Schwartau","TSB Flensburg",12,16,FALSE,2,NA,NA,0,0,0,NA,0,0,0,0,0,0,NA,NA,NA,NA,NA,NA,NA,NA,0,0,0,0,NA,NA,NA,NA,NA
"Ingo Callies","b0b0659b-3955-11ef-87aa-a36230ada079",NA,NA,1971,"9/18/1971","83c056d6-3960-11ef-9d14-2906cc9fb6bc","away","VfL Lübeck-Schwartau","TSB Flensburg",12,16,FALSE,0,NA,NA,0,0,0,NA,0,0,0,0,0,0,NA,NA,NA,NA,NA,NA,NA,NA,0,0,0,0,NA,NA,NA,NA,NA
"Michael Dogs","b0cecb4a-3955-11ef-b665-a36230ada079",NA,NA,1971,"9/18/1971","83c056d6-3960-11ef-9d14-2906cc9fb6bc","away","VfL Lübeck-Schwartau","TSB Flensburg",12,16,FALSE,0,NA,NA,0,0,0,NA,0,0,0,0,0,0,NA,NA,NA,NA,NA,NA,NA,NA,0,0,0,0,NA,NA,NA,NA,NA
"Joachim Römer","b0dcb8e7-3955-11ef-83ab-a36230ada079",NA,NA,1971,"9/18/1971","83c056d6-3960-11ef-9d14-2906cc9fb6bc","away","VfL Lübeck-Schwartau","TSB Flensburg",12,16,FALSE,0,NA,NA,0,0,0,NA,0,0,0,0,0,0,NA,NA,NA,NA,NA,NA,NA,NA,0,0,0,0,NA,NA,NA,NA,NA
"Peter Görtz","b0e9ae8f-3955-11ef-aa48-a36230ada079",NA,NA,1971,"9/18/1971","83c056d6-3960-11ef-9d14-2906cc9fb6bc","away","VfL Lübeck-Schwartau","TSB Flensburg",12,16,FALSE,7,NA,NA,0,0,3,NA,0,0,0,0,0,0,NA,NA,NA,NA,NA,NA,NA,NA,0,0,0,0,NA,NA,NA,NA,NA
"Ulrich Kleinstoll","b0f37438-3955-11ef-84e6-a36230ada079",NA,NA,1971,"9/18/1971","83c056d6-3960-11ef-9d14-2906cc9fb6bc","away","VfL Lübeck-Schwartau","TSB Flensburg",12,16,FALSE,2,NA,NA,0,0,0,NA,0,0,0,0,0,0,NA,NA,NA,NA,NA,NA,NA,NA,0,0,0,0,NA,NA,NA,NA,NA
"Hans-Martin Müller-Wolf","b1020054-3955-11ef-8e79-a36230ada079",NA,NA,1971,"9/18/1971","83c056d6-3960-11ef-9d14-2906cc9fb6bc","away","VfL Lübeck-Schwartau","TSB Flensburg",12,16,FALSE,0,NA,NA,0,0,0,NA,0,0,0,0,0,0,NA,NA,NA,NA,NA,NA,NA,NA,0,0,0,0,NA,NA,NA,NA,NA
"Geert Geusendam","baee7cab-3955-11ef-95ba-ab397f561917",NA,NA,1971,"9/18/1971","83c056d6-3960-11ef-9d14-2906cc9fb6bc","away","VfL Lübeck-Schwartau","TSB Flensburg",12,16,FALSE,0,NA,NA,0,0,0,NA,0,0,0,0,0,0,NA,NA,NA,NA,NA,NA,NA,NA,0,0,0,0,NA,NA,NA,NA,NA
"Georg Pohl","baff6cee-3955-11ef-a80f-ab397f561917",NA,NA,1971,"9/18/1971","83c056d6-3960-11ef-9d14-2906cc9fb6bc","away","VfL Lübeck-Schwartau","TSB Flensburg",12,16,FALSE,0,NA,NA,0,0,0,NA,0,0,0,0,0,0,NA,NA,NA,NA,NA,NA,NA,NA,0,0,0,0,NA,NA,NA,NA,NA
"Jochen Krummland","c7b078f7-3955-11ef-932e-157c9bc18a5f",NA,NA,1971,"9/18/1971","83c056d6-3960-11ef-9d14-2906cc9fb6bc","away","VfL Lübeck-Schwartau","TSB Flensburg",12,16,FALSE,1,NA,NA,0,0,0,NA,0,0,0,0,0,0,NA,NA,NA,NA,NA,NA,NA,NA,0,0,0,0,NA,NA,NA,NA,NA
"Jochen Hoffmann","c7bdef38-3955-11ef-8b6c-157c9bc18a5f",NA,NA,1971,"9/18/1971","83c056d6-3960-11ef-9d14-2906cc9fb6bc","away","VfL Lübeck-Schwartau","TSB Flensburg",12,16,FALSE,0,NA,NA,0,0,0,NA,0,0,0,0,0,0,NA,NA,NA,NA,NA,NA,NA,NA,0,0,0,0,NA,NA,NA,NA,NA
"Bruno Zantop","c91cafd4-3955-11ef-9bbf-157c9bc18a5f",NA,NA,1971,"9/18/1971","83c056d6-3960-11ef-9d14-2906cc9fb6bc","away","VfL Lübeck-Schwartau","TSB Flensburg",12,16,FALSE,0,NA,NA,0,0,0,NA,0,0,0,0,0,0,NA,NA,NA,NA,NA,NA,NA,NA,0,0,0,0,NA,NA,NA,NA,NA
"Robert Becker","ae8c50f9-3955-11ef-91c4-a36230ada079",NA,NA,1971,"9/18/1971","84b8ab1a-3960-11ef-ba39-2906cc9fb6bc","home","TV Hochdorf","FRISCH AUF! Göppingen",16,22,FALSE,1,NA,NA,0,0,0,NA,0,0,0,0,0,0,NA,NA,NA,NA,NA,NA,NA,NA,0,0,0,0,NA,NA,NA,NA,NA
"Jürgen Hahn","ae947745-3955-11ef-bc54-a36230ada079",NA,NA,1971,"9/18/1971","84b8ab1a-3960-11ef-ba39-2906cc9fb6bc","home","TV Hochdorf","FRISCH AUF! Göppingen",16,22,FALSE,2,NA,NA,0,0,0,NA,0,0,0,0,0,0,NA,NA,NA,NA,NA,NA,NA,NA,0,0,0,0,NA,NA,NA,NA,NA
"Wilfried Job","af3ed007-3955-11ef-9184-a36230ada079",NA,NA,1971,"9/18/1971","84b8ab1a-3960-11ef-ba39-2906cc9fb6bc","home","TV Hochdorf","FRISCH AUF! Göppingen",16,22,FALSE,1,NA,NA,0,0,0,NA,0,0,0,0,0,0,NA,NA,NA,NA,NA,NA,NA,NA,0,0,0,0,NA,NA,NA,NA,NA
"Hans Stein","bde4861d-3955-11ef-a14e-ab397f561917",NA,NA,1971,"9/18/1971","84b8ab1a-3960-11ef-ba39-2906cc9fb6bc","home","TV Hochdorf","FRISCH AUF! Göppingen",16,22,FALSE,2,NA,NA,0,0,0,NA,0,0,0,0,0,0,NA,NA,NA,NA,NA,NA,NA,NA,0,0,0,0,NA,NA,NA,NA,NA
"Edwin Hutter","c93080aa-3955-11ef-85b4-157c9bc18a5f",NA,NA,1971,"9/18/1971","84b8ab1a-3960-11ef-ba39-2906cc9fb6bc","home","TV Hochdorf","FRISCH AUF! Göppingen",16,22,FALSE,1,NA,NA,0,0,0,NA,0,0,0,0,0,0,NA,NA,NA,NA,NA,NA,NA,NA,0,0,0,0,NA,NA,NA,NA,NA
"Werner Häfele","c9414487-3955-11ef-a5df-157c9bc18a5f",NA,NA,1971,"9/18/1971","84b8ab1a-3960-11ef-ba39-2906cc9fb6bc","home","TV Hochdorf","FRISCH AUF! Göppingen",16,22,FALSE,2,NA,NA,0,0,1,NA,0,0,0,0,0,0,NA,NA,NA,NA,NA,NA,NA,NA,0,0,0,0,NA,NA,NA,NA,NA
"Peter Frisch","c94a46b7-3955-11ef-8686-157c9bc18a5f",NA,NA,1971,"9/18/1971","84b8ab1a-3960-11ef-ba39-2906cc9fb6bc","home","TV Hochdorf","FRISCH AUF! Göppingen",16,22,FALSE,0,NA,NA,0,0,0,NA,0,0,0,0,0,0,NA,NA,NA,NA,NA,NA,NA,NA,0,0,0,0,NA,NA,NA,NA,NA
"Werner Matill","c9539495-3955-11ef-9bff-157c9bc18a5f",NA,NA,1971,"9/18/1971","84b8ab1a-3960-11ef-ba39-2906cc9fb6bc","home","TV Hochdorf","FRISCH AUF! Göppingen",16,22,FALSE,0,NA,NA,0,0,0,NA,0,0,0,0,0,0,NA,NA,NA,NA,NA,NA,NA,NA,0,0,0,0,NA,NA,NA,NA,NA
"Peter Bucher","8e0071c9-3955-11ef-8ff8-81dc40648355",NA,NA,1971,"9/18/1971","84b8ab1a-3960-11ef-ba39-2906cc9fb6bc","away","FRISCH AUF! Göppingen","TV Hochdorf",22,16,TRUE,4,NA,NA,0,0,1,NA,0,0,0,0,0,0,NA,NA,NA,NA,NA,NA,NA,NA,0,0,0,0,NA,NA,NA,NA,NA
"Max Müller","99453a6b-3955-11ef-84c2-292be3190b7b",NA,NA,1971,"9/18/1971","84b8ab1a-3960-11ef-ba39-2906cc9fb6bc","away","FRISCH AUF! Göppingen","TV Hochdorf",22,16,TRUE,5,NA,NA,0,0,2,NA,0,0,0,0,0,0,NA,NA,NA,NA,NA,NA,NA,NA,0,0,0,0,NA,NA,NA,NA,NA
"Werner Fischer","af3a0885-3955-11ef-a884-a36230ada079",NA,NA,1971,"9/18/1971","84b8ab1a-3960-11ef-ba39-2906cc9fb6bc","away","FRISCH AUF! Göppingen","TV Hochdorf",22,16,TRUE,1,NA,NA,0,0,0,NA,0,0,0,0,0,0,NA,NA,NA,NA,NA,NA,NA,NA,0,0,0,0,NA,NA,NA,NA,NA
"Hans-Dieter Schunter","b2054717-3955-11ef-a22c-a36230ada079",NA,NA,1971,"9/18/1971","84b8ab1a-3960-11ef-ba39-2906cc9fb6bc","away","FRISCH AUF! Göppingen","TV Hochdorf",22,16,TRUE,0,NA,NA,0,0,0,NA,0,0,0,0,0,0,NA,NA,NA,NA,NA,NA,NA,NA,0,0,0,0,NA,NA,NA,NA,NA
"Paul Epple","bc8167af-3955-11ef-8748-ab397f561917",NA,NA,1971,"9/18/1971","84b8ab1a-3960-11ef-ba39-2906cc9fb6bc","away","FRISCH AUF! Göppingen","TV Hochdorf",22,16,TRUE,0,NA,NA,0,0,0,NA,0,0,0,0,0,0,NA,NA,NA,NA,NA,NA,NA,NA,0,0,0,0,NA,NA,NA,NA,NA
"Walter Pflüger","bc85cdbc-3955-11ef-8e24-ab397f561917",NA,NA,1971,"9/18/1971","84b8ab1a-3960-11ef-ba39-2906cc9fb6bc","away","FRISCH AUF! Göppingen","TV Hochdorf",22,16,TRUE,1,NA,NA,0,0,0,NA,0,0,0,0,0,0,NA,NA,NA,NA,NA,NA,NA,NA,0,0,0,0,NA,NA,NA,NA,NA
"Werner Arndt","c71116e0-3955-11ef-85d3-157c9bc18a5f",NA,NA,1971,"9/18/1971","84b8ab1a-3960-11ef-ba39-2906cc9fb6bc","away","FRISCH AUF! Göppingen","TV Hochdorf",22,16,TRUE,2,NA,NA,0,0,0,NA,0,0,0,0,0,0,NA,NA,NA,NA,NA,NA,NA,NA,0,0,0,0,NA,NA,NA,NA,NA
"Christian Patzer","c715a1de-3955-11ef-bc54-157c9bc18a5f",NA,NA,1971,"9/18/1971","84b8ab1a-3960-11ef-ba39-2906cc9fb6bc","away","FRISCH AUF! Göppingen","TV Hochdorf",22,16,TRUE,4,NA,NA,0,0,0,NA,0,0,0,0,0,0,NA,NA,NA,NA,NA,NA,NA,NA,0,0,0,0,NA,NA,NA,NA,NA
"Armin Eisele","c9cc4c1b-3955-11ef-9f9f-157c9bc18a5f",NA,NA,1971,"9/18/1971","84b8ab1a-3960-11ef-ba39-2906cc9fb6bc","away","FRISCH AUF! Göppingen","TV Hochdorf",22,16,TRUE,3,NA,NA,0,0,1,NA,0,0,0,0,0,0,NA,NA,NA,NA,NA,NA,NA,NA,0,0,0,0,NA,NA,NA,NA,NA
"Günter Schweikardt","d3e60b79-3953-11ef-9e8c-e3f2de03a1b7",NA,NA,1971,"9/18/1971","84b8ab1a-3960-11ef-ba39-2906cc9fb6bc","away","FRISCH AUF! Göppingen","TV Hochdorf",22,16,TRUE,1,NA,NA,0,0,0,NA,0,0,0,0,0,0,NA,NA,NA,NA,NA,NA,NA,NA,0,0,0,0,NA,NA,NA,NA,NA
"Kurt Klühspies","5ac3e7d7-3955-11ef-b574-4fa817cd91bb",NA,NA,1971,"9/18/1971","85b88751-3960-11ef-9f29-2906cc9fb6bc","home","TV Großwallstadt","S3L Handball",22,15,TRUE,3,NA,NA,0,0,0,NA,0,0,0,0,0,0,NA,NA,NA,NA,NA,NA,NA,NA,0,0,0,0,NA,NA,NA,NA,NA
"Manfred Hofmann","6855eb0b-3955-11ef-8cb3-292be3190b7b",NA,NA,1971,"9/18/1971","85b88751-3960-11ef-9f29-2906cc9fb6bc","home","TV Großwallstadt","S3L Handball",22,15,TRUE,0,NA,NA,0,0,0,NA,0,0,0,0,0,0,NA,NA,NA,NA,NA,NA,NA,NA,0,0,0,0,NA,NA,NA,NA,NA
"Manfred Schwarz","96d98e53-3955-11ef-a3c9-292be3190b7b",NA,NA,1971,"9/18/1971","85b88751-3960-11ef-9f29-2906cc9fb6bc","home","TV Großwallstadt","S3L Handball",22,15,TRUE,0,NA,NA,0,0,0,NA,0,0,0,0,0,0,NA,NA,NA,NA,NA,NA,NA,NA,0,0,0,0,NA,NA,NA,NA,NA
"Wolfgang Dümig","978dc3fc-3955-11ef-b042-292be3190b7b",NA,NA,1971,"9/18/1971","85b88751-3960-11ef-9f29-2906cc9fb6bc","home","TV Großwallstadt","S3L Handball",22,15,TRUE,0,NA,NA,0,0,0,NA,0,0,0,0,0,0,NA,NA,NA,NA,NA,NA,NA,NA,0,0,0,0,NA,NA,NA,NA,NA
"Eckhardt Suffel","aeac0503-3955-11ef-88c6-a36230ada079",NA,NA,1971,"9/18/1971","85b88751-3960-11ef-9f29-2906cc9fb6bc","home","TV Großwallstadt","S3L Handball",22,15,TRUE,0,NA,NA,0,0,0,NA,0,0,0,0,0,0,NA,NA,NA,NA,NA,NA,NA,NA,0,0,0,0,NA,NA,NA,NA,NA
"Robert Schnabel","bbbd881a-3955-11ef-a181-ab397f561917",NA,NA,1971,"9/18/1971","85b88751-3960-11ef-9f29-2906cc9fb6bc","home","TV Großwallstadt","S3L Handball",22,15,TRUE,0,NA,NA,0,0,0,NA,0,0,0,0,0,0,NA,NA,NA,NA,NA,NA,NA,NA,0,0,0,0,NA,NA,NA,NA,NA
"Peter Kuß","bbc18adb-3955-11ef-a5f7-ab397f561917",NA,NA,1971,"9/18/1971","85b88751-3960-11ef-9f29-2906cc9fb6bc","home","TV Großwallstadt","S3L Handball",22,15,TRUE,3,NA,NA,0,0,0,NA,0,0,0,0,0,0,NA,NA,NA,NA,NA,NA,NA,NA,0,0,0,0,NA,NA,NA,NA,NA
"Werner Lemmert","be0e2c8d-3955-11ef-82a6-ab397f561917",NA,NA,1971,"9/18/1971","85b88751-3960-11ef-9f29-2906cc9fb6bc","home","TV Großwallstadt","S3L Handball",22,15,TRUE,0,NA,NA,0,0,0,NA,0,0,0,0,0,0,NA,NA,NA,NA,NA,NA,NA,NA,0,0,0,0,NA,NA,NA,NA,NA
"Rainer Oberle","be123408-3955-11ef-92a6-ab397f561917",NA,NA,1971,"9/18/1971","85b88751-3960-11ef-9f29-2906cc9fb6bc","home","TV Großwallstadt","S3L Handball",22,15,TRUE,10,NA,NA,0,0,0,NA,0,0,0,0,0,0,NA,NA,NA,NA,NA,NA,NA,NA,0,0,0,0,NA,NA,NA,NA,NA
"Josef Karrer","be167639-3955-11ef-ac70-ab397f561917",NA,NA,1971,"9/18/1971","85b88751-3960-11ef-9f29-2906cc9fb6bc","home","TV Großwallstadt","S3L Handball",22,15,TRUE,5,NA,NA,0,0,0,NA,0,0,0,0,0,0,NA,NA,NA,NA,NA,NA,NA,NA,0,0,0,0,NA,NA,NA,NA,NA
"Arthur Lichtlein","c7f5ba49-3955-11ef-827c-157c9bc18a5f",NA,NA,1971,"9/18/1971","85b88751-3960-11ef-9f29-2906cc9fb6bc","home","TV Großwallstadt","S3L Handball",22,15,TRUE,0,NA,NA,0,0,0,NA,0,0,0,0,0,0,NA,NA,NA,NA,NA,NA,NA,NA,0,0,0,0,NA,NA,NA,NA,NA
"Klaus Klühspies","c9723883-3955-11ef-b2da-157c9bc18a5f",NA,NA,1971,"9/18/1971","85b88751-3960-11ef-9f29-2906cc9fb6bc","home","TV Großwallstadt","S3L Handball",22,15,TRUE,1,NA,NA,0,0,0,NA,0,0,0,0,0,0,NA,NA,NA,NA,NA,NA,NA,NA,0,0,0,0,NA,NA,NA,NA,NA
"Georg Fitz","ae68320c-3955-11ef-89fa-a36230ada079",NA,NA,1971,"9/18/1971","85b88751-3960-11ef-9f29-2906cc9fb6bc","away","S3L Handball","TV Großwallstadt",15,22,FALSE,0,NA,NA,0,0,0,NA,0,0,0,0,0,0,NA,NA,NA,NA,NA,NA,NA,NA,0,0,0,0,NA,NA,NA,NA,NA
"Rolf Kuchenbecker","ae99100e-3955-11ef-9c32-a36230ada079",NA,NA,1971,"9/18/1971","85b88751-3960-11ef-9f29-2906cc9fb6bc","away","S3L Handball","TV Großwallstadt",15,22,FALSE,1,NA,NA,0,0,0,NA,0,0,0,0,0,0,NA,NA,NA,NA,NA,NA,NA,NA,0,0,0,0,NA,NA,NA,NA,NA
"Hansjörg Jäck","b166bd31-3955-11ef-bed1-a36230ada079",NA,NA,1971,"9/18/1971","85b88751-3960-11ef-9f29-2906cc9fb6bc","away","S3L Handball","TV Großwallstadt",15,22,FALSE,0,NA,NA,0,0,0,NA,0,0,0,0,0,0,NA,NA,NA,NA,NA,NA,NA,NA,0,0,0,0,NA,NA,NA,NA,NA
"Werner Pruscha","bb9c8e56-3955-11ef-ac18-ab397f561917",NA,NA,1971,"9/18/1971","85b88751-3960-11ef-9f29-2906cc9fb6bc","away","S3L Handball","TV Großwallstadt",15,22,FALSE,0,NA,NA,0,0,0,NA,0,0,0,0,0,0,NA,NA,NA,NA,NA,NA,NA,NA,0,0,0,0,NA,NA,NA,NA,NA
"Wolfhardt Bühler","bba2fc92-3955-11ef-a8d6-ab397f561917",NA,NA,1971,"9/18/1971","85b88751-3960-11ef-9f29-2906cc9fb6bc","away","S3L Handball","TV Großwallstadt",15,22,FALSE,5,NA,NA,0,0,2,NA,0,0,0,0,0,0,NA,NA,NA,NA,NA,NA,NA,NA,0,0,0,0,NA,NA,NA,NA,NA
"Wolfgang Ries","bba77d9e-3955-11ef-939a-ab397f561917",NA,NA,1971,"9/18/1971","85b88751-3960-11ef-9f29-2906cc9fb6bc","away","S3L Handball","TV Großwallstadt",15,22,FALSE,1,NA,NA,0,0,0,NA,0,0,0,0,0,0,NA,NA,NA,NA,NA,NA,NA,NA,0,0,0,0,NA,NA,NA,NA,NA
"Gerd Schmitt","bbb09cf8-3955-11ef-97db-ab397f561917",NA,NA,1971,"9/18/1971","85b88751-3960-11ef-9f29-2906cc9fb6bc","away","S3L Handball","TV Großwallstadt",15,22,FALSE,1,NA,NA,0,0,0,NA,0,0,0,0,0,0,NA,NA,NA,NA,NA,NA,NA,NA,0,0,0,0,NA,NA,NA,NA,NA
"Arno Schandin","bded1584-3955-11ef-8a76-ab397f561917",NA,NA,1971,"9/18/1971","85b88751-3960-11ef-9f29-2906cc9fb6bc","away","S3L Handball","TV Großwallstadt",15,22,FALSE,0,NA,NA,0,0,0,NA,0,0,0,0,0,0,NA,NA,NA,NA,NA,NA,NA,NA,0,0,0,0,NA,NA,NA,NA,NA
"Herbert Hönnige","c7e7cc14-3955-11ef-af0e-157c9bc18a5f",NA,NA,1971,"9/18/1971","85b88751-3960-11ef-9f29-2906cc9fb6bc","away","S3L Handball","TV Großwallstadt",15,22,FALSE,4,NA,NA,0,0,0,NA,0,0,0,0,0,0,NA,NA,NA,NA,NA,NA,NA,NA,0,0,0,0,NA,NA,NA,NA,NA
"Josef Hutter","c96148ae-3955-11ef-a005-157c9bc18a5f",NA,NA,1971,"9/18/1971","85b88751-3960-11ef-9f29-2906cc9fb6bc","away","S3L Handball","TV Großwallstadt",15,22,FALSE,2,NA,NA,0,0,0,NA,0,0,0,0,0,0,NA,NA,NA,NA,NA,NA,NA,NA,0,0,0,0,NA,NA,NA,NA,NA
"Rolf Seltner","c96574fc-3955-11ef-a37f-157c9bc18a5f",NA,NA,1971,"9/18/1971","85b88751-3960-11ef-9f29-2906cc9fb6bc","away","S3L Handball","TV Großwallstadt",15,22,FALSE,1,NA,NA,0,0,0,NA,0,0,0,0,0,0,NA,NA,NA,NA,NA,NA,NA,NA,0,0,0,0,NA,NA,NA,NA,NA
"Wolfgang Stolz","999eb14b-3955-11ef-bbce-292be3190b7b",NA,NA,1971,"9/18/1971","8cdcfe9f-3960-11ef-b885-9b08c5d4c173","home","SpVgg 1887 Möhringen","SG Dietzenbach",14,13,TRUE,2,NA,NA,0,0,0,NA,0,0,0,0,0,0,NA,NA,NA,NA,NA,NA,NA,NA,0,0,0,0,NA,NA,NA,NA,NA
"Hermann Mäurle","a44f95e3-3955-11ef-b53d-2510cc07ea6e",NA,NA,1971,"9/18/1971","8cdcfe9f-3960-11ef-b885-9b08c5d4c173","home","SpVgg 1887 Möhringen","SG Dietzenbach",14,13,TRUE,2,NA,NA,0,0,0,NA,0,0,0,0,0,0,NA,NA,NA,NA,NA,NA,NA,NA,0,0,0,0,NA,NA,NA,NA,NA
"Wolf-Dieter Rösner","c82bae19-3955-11ef-a06e-157c9bc18a5f",NA,NA,1971,"9/18/1971","8cdcfe9f-3960-11ef-b885-9b08c5d4c173","home","SpVgg 1887 Möhringen","SG Dietzenbach",14,13,TRUE,0,NA,NA,0,0,0,NA,0,0,0,0,0,0,NA,NA,NA,NA,NA,NA,NA,NA,0,0,0,0,NA,NA,NA,NA,NA
"Karl-Heinz Wolf","c8354cdd-3955-11ef-a1d6-157c9bc18a5f",NA,NA,1971,"9/18/1971","8cdcfe9f-3960-11ef-b885-9b08c5d4c173","home","SpVgg 1887 Möhringen","SG Dietzenbach",14,13,TRUE,2,NA,NA,0,0,0,NA,0,0,0,0,0,0,NA,NA,NA,NA,NA,NA,NA,NA,0,0,0,0,NA,NA,NA,NA,NA
"Gerd-Volker Stock","c8397c3c-3955-11ef-af12-157c9bc18a5f",NA,NA,1971,"9/18/1971","8cdcfe9f-3960-11ef-b885-9b08c5d4c173","home","SpVgg 1887 Möhringen","SG Dietzenbach",14,13,TRUE,2,NA,NA,0,0,0,NA,0,0,0,0,0,0,NA,NA,NA,NA,NA,NA,NA,NA,0,0,0,0,NA,NA,NA,NA,NA
"Folker Baur","c83d9af6-3955-11ef-9e5e-157c9bc18a5f",NA,NA,1971,"9/18/1971","8cdcfe9f-3960-11ef-b885-9b08c5d4c173","home","SpVgg 1887 Möhringen","SG Dietzenbach",14,13,TRUE,0,NA,NA,0,0,0,NA,0,0,0,0,0,0,NA,NA,NA,NA,NA,NA,NA,NA,0,0,0,0,NA,NA,NA,NA,NA
"Dieter Schuh","c84c4c54-3955-11ef-9d35-157c9bc18a5f",NA,NA,1971,"9/18/1971","8cdcfe9f-3960-11ef-b885-9b08c5d4c173","home","SpVgg 1887 Möhringen","SG Dietzenbach",14,13,TRUE,1,NA,NA,0,0,0,NA,0,0,0,0,0,0,NA,NA,NA,NA,NA,NA,NA,NA,0,0,0,0,NA,NA,NA,NA,NA
"Robert Bach","c85fda21-3955-11ef-9bd8-157c9bc18a5f",NA,NA,1971,"9/18/1971","8cdcfe9f-3960-11ef-b885-9b08c5d4c173","home","SpVgg 1887 Möhringen","SG Dietzenbach",14,13,TRUE,2,NA,NA,0,0,2,NA,0,0,0,0,0,0,NA,NA,NA,NA,NA,NA,NA,NA,0,0,0,0,NA,NA,NA,NA,NA
"Karl-Heinz Steinbach","c864fc61-3955-11ef-bc13-157c9bc18a5f",NA,NA,1971,"9/18/1971","8cdcfe9f-3960-11ef-b885-9b08c5d4c173","home","SpVgg 1887 Möhringen","SG Dietzenbach",14,13,TRUE,1,NA,NA,0,0,0,NA,0,0,0,0,0,0,NA,NA,NA,NA,NA,NA,NA,NA,0,0,0,0,NA,NA,NA,NA,NA
"Wolfgang Schall","c869381d-3955-11ef-a2ed-157c9bc18a5f",NA,NA,1971,"9/18/1971","8cdcfe9f-3960-11ef-b885-9b08c5d4c173","home","SpVgg 1887 Möhringen","SG Dietzenbach",14,13,TRUE,2,NA,NA,0,0,0,NA,0,0,0,0,0,0,NA,NA,NA,NA,NA,NA,NA,NA,0,0,0,0,NA,NA,NA,NA,NA
"Günter Heger","c9b80786-3955-11ef-80ae-157c9bc18a5f",NA,NA,1971,"9/18/1971","8cdcfe9f-3960-11ef-b885-9b08c5d4c173","home","SpVgg 1887 Möhringen","SG Dietzenbach",14,13,TRUE,0,NA,NA,0,0,0,NA,0,0,0,0,0,0,NA,NA,NA,NA,NA,NA,NA,NA,0,0,0,0,NA,NA,NA,NA,NA
"Heinz-Theo Kaus","8086fdf9-3955-11ef-938f-b908c60af10a",NA,NA,1971,"9/18/1971","8cdcfe9f-3960-11ef-b885-9b08c5d4c173","away","SG Dietzenbach","SpVgg 1887 Möhringen",13,14,FALSE,0,NA,NA,0,0,0,NA,0,0,0,0,0,0,NA,NA,NA,NA,NA,NA,NA,NA,0,0,0,0,NA,NA,NA,NA,NA
"Peter Fenn","96d23185-3955-11ef-bbcf-292be3190b7b",NA,NA,1971,"9/18/1971","8cdcfe9f-3960-11ef-b885-9b08c5d4c173","away","SG Dietzenbach","SpVgg 1887 Möhringen",13,14,FALSE,0,NA,NA,0,0,0,NA,0,0,0,0,0,0,NA,NA,NA,NA,NA,NA,NA,NA,0,0,0,0,NA,NA,NA,NA,NA
"Herbert Wehnert","96e104db-3955-11ef-b58d-292be3190b7b",NA,NA,1971,"9/18/1971","8cdcfe9f-3960-11ef-b885-9b08c5d4c173","away","SG Dietzenbach","SpVgg 1887 Möhringen",13,14,FALSE,3,NA,NA,0,0,0,NA,0,0,0,0,0,0,NA,NA,NA,NA,NA,NA,NA,NA,0,0,0,0,NA,NA,NA,NA,NA
"Manfred Merk","a2e89182-3955-11ef-b7cf-2510cc07ea6e",NA,NA,1971,"9/18/1971","8cdcfe9f-3960-11ef-b885-9b08c5d4c173","away","SG Dietzenbach","SpVgg 1887 Möhringen",13,14,FALSE,0,NA,NA,0,0,0,NA,0,0,0,0,0,0,NA,NA,NA,NA,NA,NA,NA,NA,0,0,0,0,NA,NA,NA,NA,NA
"Heinrich Baum","af2c6c48-3955-11ef-964a-a36230ada079",NA,NA,1971,"9/18/1971","8cdcfe9f-3960-11ef-b885-9b08c5d4c173","away","SG Dietzenbach","SpVgg 1887 Möhringen",13,14,FALSE,3,NA,NA,0,0,0,NA,0,0,0,0,0,0,NA,NA,NA,NA,NA,NA,NA,NA,0,0,0,0,NA,NA,NA,NA,NA
"Klaus Rettig","b1d1aa4c-3955-11ef-baf9-a36230ada079",NA,NA,1971,"9/18/1971","8cdcfe9f-3960-11ef-b885-9b08c5d4c173","away","SG Dietzenbach","SpVgg 1887 Möhringen",13,14,FALSE,4,NA,NA,0,0,3,NA,0,0,0,0,0,0,NA,NA,NA,NA,NA,NA,NA,NA,0,0,0,0,NA,NA,NA,NA,NA
"Reinhold Jerwan","b1d5c150-3955-11ef-9027-a36230ada079",NA,NA,1971,"9/18/1971","8cdcfe9f-3960-11ef-b885-9b08c5d4c173","away","SG Dietzenbach","SpVgg 1887 Möhringen",13,14,FALSE,0,NA,NA,0,0,0,NA,0,0,0,0,0,0,NA,NA,NA,NA,NA,NA,NA,NA,0,0,0,0,NA,NA,NA,NA,NA
"Werner Conrad","b1d9e0f0-3955-11ef-8356-a36230ada079",NA,NA,1971,"9/18/1971","8cdcfe9f-3960-11ef-b885-9b08c5d4c173","away","SG Dietzenbach","SpVgg 1887 Möhringen",13,14,FALSE,0,NA,NA,0,0,0,NA,0,0,0,0,0,0,NA,NA,NA,NA,NA,NA,NA,NA,0,0,0,0,NA,NA,NA,NA,NA
"Peter Eckert","c67b9c79-3955-11ef-8f02-157c9bc18a5f",NA,NA,1971,"9/18/1971","8cdcfe9f-3960-11ef-b885-9b08c5d4c173","away","SG Dietzenbach","SpVgg 1887 Möhringen",13,14,FALSE,0,NA,NA,0,0,0,NA,0,0,0,0,0,0,NA,NA,NA,NA,NA,NA,NA,NA,0,0,0,0,NA,NA,NA,NA,NA
"Norbert Kern","c6961a09-3955-11ef-8bcc-157c9bc18a5f",NA,NA,1971,"9/18/1971","8cdcfe9f-3960-11ef-b885-9b08c5d4c173","away","SG Dietzenbach","SpVgg 1887 Möhringen",13,14,FALSE,3,NA,NA,0,0,0,NA,0,0,0,0,0,0,NA,NA,NA,NA,NA,NA,NA,NA,0,0,0,0,NA,NA,NA,NA,NA
"Günther Rebel","c808988c-3955-11ef-af62-157c9bc18a5f",NA,NA,1971,"9/18/1971","8cdcfe9f-3960-11ef-b885-9b08c5d4c173","away","SG Dietzenbach","SpVgg 1887 Möhringen",13,14,FALSE,0,NA,NA,0,0,0,NA,0,0,0,0,0,0,NA,NA,NA,NA,NA,NA,NA,NA,0,0,0,0,NA,NA,NA,NA,NA
"Gerhard Gaiser","7fd4e3db-3955-11ef-b327-b908c60af10a",NA,NA,1971,"9/18/1971","8d5d7fa3-3960-11ef-97ac-9b08c5d4c173","home","TSV 1896 Rintheim","TSV Milbertshofen",21,15,TRUE,0,NA,NA,0,0,0,NA,0,0,0,0,0,0,NA,NA,NA,NA,NA,NA,NA,NA,0,0,0,0,NA,NA,NA,NA,NA
"Wolf-Dieter Nagel","8d41486b-3955-11ef-8d22-81dc40648355",NA,NA,1971,"9/18/1971","8d5d7fa3-3960-11ef-97ac-9b08c5d4c173","home","TSV 1896 Rintheim","TSV Milbertshofen",21,15,TRUE,2,NA,NA,0,0,0,NA,0,0,0,0,0,0,NA,NA,NA,NA,NA,NA,NA,NA,0,0,0,0,NA,NA,NA,NA,NA
"Franz Bechler","98035d7e-3955-11ef-8b94-292be3190b7b",NA,NA,1971,"9/18/1971","8d5d7fa3-3960-11ef-97ac-9b08c5d4c173","home","TSV 1896 Rintheim","TSV Milbertshofen",21,15,TRUE,2,NA,NA,0,0,0,NA,0,0,0,0,0,0,NA,NA,NA,NA,NA,NA,NA,NA,0,0,0,0,NA,NA,NA,NA,NA
"Bernd Seibel","bc6670d9-3955-11ef-b849-ab397f561917",NA,NA,1971,"9/18/1971","8d5d7fa3-3960-11ef-97ac-9b08c5d4c173","home","TSV 1896 Rintheim","TSV Milbertshofen",21,15,TRUE,1,NA,NA,0,0,0,NA,0,0,0,0,0,0,NA,NA,NA,NA,NA,NA,NA,NA,0,0,0,0,NA,NA,NA,NA,NA
"Wolfgang Dillenberger","bc6a40c8-3955-11ef-8c9f-ab397f561917",NA,NA,1971,"9/18/1971","8d5d7fa3-3960-11ef-97ac-9b08c5d4c173","home","TSV 1896 Rintheim","TSV Milbertshofen",21,15,TRUE,8,NA,NA,0,0,6,NA,0,0,0,0,0,0,NA,NA,NA,NA,NA,NA,NA,NA,0,0,0,0,NA,NA,NA,NA,NA
"Richard Baumer","c6e9de45-3955-11ef-b5bf-157c9bc18a5f",NA,NA,1971,"9/18/1971","8d5d7fa3-3960-11ef-97ac-9b08c5d4c173","home","TSV 1896 Rintheim","TSV Milbertshofen",21,15,TRUE,1,NA,NA,0,0,0,NA,0,0,0,0,0,0,NA,NA,NA,NA,NA,NA,NA,NA,0,0,0,0,NA,NA,NA,NA,NA
"Roland Kühnle","c6f228fe-3955-11ef-a362-157c9bc18a5f",NA,NA,1971,"9/18/1971","8d5d7fa3-3960-11ef-97ac-9b08c5d4c173","home","TSV 1896 Rintheim","TSV Milbertshofen",21,15,TRUE,0,NA,NA,0,0,0,NA,0,0,0,0,0,0,NA,NA,NA,NA,NA,NA,NA,NA,0,0,0,0,NA,NA,NA,NA,NA
"Roland Schubach","c8722d8e-3955-11ef-b351-157c9bc18a5f",NA,NA,1971,"9/18/1971","8d5d7fa3-3960-11ef-97ac-9b08c5d4c173","home","TSV 1896 Rintheim","TSV Milbertshofen",21,15,TRUE,0,NA,NA,0,0,0,NA,0,0,0,0,0,0,NA,NA,NA,NA,NA,NA,NA,NA,0,0,0,0,NA,NA,NA,NA,NA
"Siegfried Brabec","c87758a1-3955-11ef-9dbd-157c9bc18a5f",NA,NA,1971,"9/18/1971","8d5d7fa3-3960-11ef-97ac-9b08c5d4c173","home","TSV 1896 Rintheim","TSV Milbertshofen",21,15,TRUE,3,NA,NA,0,0,0,NA,0,0,0,0,0,0,NA,NA,NA,NA,NA,NA,NA,NA,0,0,0,0,NA,NA,NA,NA,NA
"Josef Bechler","c88a53f3-3955-11ef-bd99-157c9bc18a5f",NA,NA,1971,"9/18/1971","8d5d7fa3-3960-11ef-97ac-9b08c5d4c173","home","TSV 1896 Rintheim","TSV Milbertshofen",21,15,TRUE,4,NA,NA,0,0,0,NA,0,0,0,0,0,0,NA,NA,NA,NA,NA,NA,NA,NA,0,0,0,0,NA,NA,NA,NA,NA
"Hans Moser","7e83ce46-3955-11ef-830d-b908c60af10a",NA,NA,1971,"9/18/1971","8d5d7fa3-3960-11ef-97ac-9b08c5d4c173","away","TSV Milbertshofen","TSV 1896 Rintheim",15,21,FALSE,2,NA,NA,0,0,0,NA,0,0,0,0,0,0,NA,NA,NA,NA,NA,NA,NA,NA,0,0,0,0,NA,NA,NA,NA,NA
"Werner Winkelmeier","9712104e-3955-11ef-9613-292be3190b7b",NA,NA,1971,"9/18/1971","8d5d7fa3-3960-11ef-97ac-9b08c5d4c173","away","TSV Milbertshofen","TSV 1896 Rintheim",15,21,FALSE,1,NA,NA,0,0,0,NA,0,0,0,0,0,0,NA,NA,NA,NA,NA,NA,NA,NA,0,0,0,0,NA,NA,NA,NA,NA
"Gerhard Ochsenkühn","97259ed1-3955-11ef-96ca-292be3190b7b",NA,NA,1971,"9/18/1971","8d5d7fa3-3960-11ef-97ac-9b08c5d4c173","away","TSV Milbertshofen","TSV 1896 Rintheim",15,21,FALSE,0,NA,NA,0,0,0,NA,0,0,0,0,0,0,NA,NA,NA,NA,NA,NA,NA,NA,0,0,0,0,NA,NA,NA,NA,NA
"Josef Kiener","972d7d47-3955-11ef-a437-292be3190b7b",NA,NA,1971,"9/18/1971","8d5d7fa3-3960-11ef-97ac-9b08c5d4c173","away","TSV Milbertshofen","TSV 1896 Rintheim",15,21,FALSE,4,NA,NA,0,0,4,NA,0,0,0,0,0,0,NA,NA,NA,NA,NA,NA,NA,NA,0,0,0,0,NA,NA,NA,NA,NA
"Rudolf Dobler","97ac407c-3955-11ef-9ea9-292be3190b7b",NA,NA,1971,"9/18/1971","8d5d7fa3-3960-11ef-97ac-9b08c5d4c173","away","TSV Milbertshofen","TSV 1896 Rintheim",15,21,FALSE,0,NA,NA,0,0,0,NA,0,0,0,0,0,0,NA,NA,NA,NA,NA,NA,NA,NA,0,0,0,0,NA,NA,NA,NA,NA
"Helmut Schelchshorn","b1c960ef-3955-11ef-850b-a36230ada079",NA,NA,1971,"9/18/1971","8d5d7fa3-3960-11ef-97ac-9b08c5d4c173","away","TSV Milbertshofen","TSV 1896 Rintheim",15,21,FALSE,1,NA,NA,0,0,0,NA,0,0,0,0,0,0,NA,NA,NA,NA,NA,NA,NA,NA,0,0,0,0,NA,NA,NA,NA,NA
"Volker Filipp","c6bca602-3955-11ef-8195-157c9bc18a5f",NA,NA,1971,"9/18/1971","8d5d7fa3-3960-11ef-97ac-9b08c5d4c173","away","TSV Milbertshofen","TSV 1896 Rintheim",15,21,FALSE,0,NA,NA,0,0,0,NA,0,0,0,0,0,0,NA,NA,NA,NA,NA,NA,NA,NA,0,0,0,0,NA,NA,NA,NA,NA
"Herbert Staiger","c81d1d7c-3955-11ef-b36f-157c9bc18a5f",NA,NA,1971,"9/18/1971","8d5d7fa3-3960-11ef-97ac-9b08c5d4c173","away","TSV Milbertshofen","TSV 1896 Rintheim",15,21,FALSE,1,NA,NA,0,0,0,NA,0,0,0,0,0,0,NA,NA,NA,NA,NA,NA,NA,NA,0,0,0,0,NA,NA,NA,NA,NA
"Karl Donndorf","c821c668-3955-11ef-a20c-157c9bc18a5f",NA,NA,1971,"9/18/1971","8d5d7fa3-3960-11ef-97ac-9b08c5d4c173","away","TSV Milbertshofen","TSV 1896 Rintheim",15,21,FALSE,2,NA,NA,0,0,0,NA,0,0,0,0,0,0,NA,NA,NA,NA,NA,NA,NA,NA,0,0,0,0,NA,NA,NA,NA,NA
"Erich Loderer","c9a2ad0a-3955-11ef-9f7e-157c9bc18a5f",NA,NA,1971,"9/18/1971","8d5d7fa3-3960-11ef-97ac-9b08c5d4c173","away","TSV Milbertshofen","TSV 1896 Rintheim",15,21,FALSE,4,NA,NA,0,0,0,NA,0,0,0,0,0,0,NA,NA,NA,NA,NA,NA,NA,NA,0,0,0,0,NA,NA,NA,NA,NA
"Peter Pickel","8c973b42-3955-11ef-8c71-81dc40648355",NA,NA,1971,"9/19/1971","805b241c-3960-11ef-ad8a-2906cc9fb6bc","home","Hamburger SV","VfL Gummersbach",11,11,FALSE,0,NA,NA,0,0,0,NA,0,0,0,0,0,0,NA,NA,NA,NA,NA,NA,NA,NA,0,0,0,0,NA,NA,NA,NA,NA
"Jürgen Pflugbeil","a4aebf56-3955-11ef-99e3-2510cc07ea6e",NA,NA,1971,"9/19/1971","805b241c-3960-11ef-ad8a-2906cc9fb6bc","home","Hamburger SV","VfL Gummersbach",11,11,FALSE,0,NA,NA,0,0,0,NA,0,0,0,0,0,0,NA,NA,NA,NA,NA,NA,NA,NA,0,0,0,0,NA,NA,NA,NA,NA
"Diethard Finkelmann","a60bdcf9-3955-11ef-bfa1-2510cc07ea6e",NA,NA,1971,"9/19/1971","805b241c-3960-11ef-ad8a-2906cc9fb6bc","home","Hamburger SV","VfL Gummersbach",11,11,FALSE,1,NA,NA,0,0,0,NA,0,0,0,0,0,0,NA,NA,NA,NA,NA,NA,NA,NA,0,0,0,0,NA,NA,NA,NA,NA
"Hans-Jürgen Bode","b011e6da-3955-11ef-8205-a36230ada079",NA,NA,1971,"9/19/1971","805b241c-3960-11ef-ad8a-2906cc9fb6bc","home","Hamburger SV","VfL Gummersbach",11,11,FALSE,0,NA,NA,0,0,0,NA,0,0,0,0,0,0,NA,NA,NA,NA,NA,NA,NA,NA,0,0,0,0,NA,NA,NA,NA,NA
"Rainer Witt","b02adaad-3955-11ef-b8c4-a36230ada079",NA,NA,1971,"9/19/1971","805b241c-3960-11ef-ad8a-2906cc9fb6bc","home","Hamburger SV","VfL Gummersbach",11,11,FALSE,0,NA,NA,0,0,0,NA,0,0,0,0,0,0,NA,NA,NA,NA,NA,NA,NA,NA,0,0,0,0,NA,NA,NA,NA,NA
"Norbert Germer","b03f8101-3955-11ef-8945-a36230ada079",NA,NA,1971,"9/19/1971","805b241c-3960-11ef-ad8a-2906cc9fb6bc","home","Hamburger SV","VfL Gummersbach",11,11,FALSE,0,NA,NA,0,0,0,NA,0,0,0,0,0,0,NA,NA,NA,NA,NA,NA,NA,NA,0,0,0,0,NA,NA,NA,NA,NA
"Siegfried Berg","b10d3ec3-3955-11ef-8a30-a36230ada079",NA,NA,1971,"9/19/1971","805b241c-3960-11ef-ad8a-2906cc9fb6bc","home","Hamburger SV","VfL Gummersbach",11,11,FALSE,0,NA,NA,0,0,0,NA,0,0,0,0,0,0,NA,NA,NA,NA,NA,NA,NA,NA,0,0,0,0,NA,NA,NA,NA,NA
"Wolfgang Braun","b1a4c388-3955-11ef-92b7-a36230ada079",NA,NA,1971,"9/19/1971","805b241c-3960-11ef-ad8a-2906cc9fb6bc","home","Hamburger SV","VfL Gummersbach",11,11,FALSE,1,NA,NA,0,0,0,NA,0,0,0,0,0,0,NA,NA,NA,NA,NA,NA,NA,NA,0,0,0,0,NA,NA,NA,NA,NA
"Bernd Heiden","baf62966-3955-11ef-b7e1-ab397f561917",NA,NA,1971,"9/19/1971","805b241c-3960-11ef-ad8a-2906cc9fb6bc","home","Hamburger SV","VfL Gummersbach",11,11,FALSE,1,NA,NA,0,0,0,NA,0,0,0,0,0,0,NA,NA,NA,NA,NA,NA,NA,NA,0,0,0,0,NA,NA,NA,NA,NA
"Klaus Lange","bafb51f3-3955-11ef-9864-ab397f561917",NA,NA,1971,"9/19/1971","805b241c-3960-11ef-ad8a-2906cc9fb6bc","home","Hamburger SV","VfL Gummersbach",11,11,FALSE,6,NA,NA,0,0,4,NA,0,0,0,0,0,0,NA,NA,NA,NA,NA,NA,NA,NA,0,0,0,0,NA,NA,NA,NA,NA
"Manfred Grühn","c755d6cb-3955-11ef-a162-157c9bc18a5f",NA,NA,1971,"9/19/1971","805b241c-3960-11ef-ad8a-2906cc9fb6bc","home","Hamburger SV","VfL Gummersbach",11,11,FALSE,2,NA,NA,0,0,0,NA,0,0,0,0,0,0,NA,NA,NA,NA,NA,NA,NA,NA,0,0,0,0,NA,NA,NA,NA,NA
"Klaus Westebbe","8c58f63a-3955-11ef-b65e-81dc40648355",NA,NA,1971,"9/19/1971","805b241c-3960-11ef-ad8a-2906cc9fb6bc","away","VfL Gummersbach","Hamburger SV",11,11,FALSE,2,NA,NA,0,0,2,NA,0,0,0,0,0,0,NA,NA,NA,NA,NA,NA,NA,NA,0,0,0,0,NA,NA,NA,NA,NA
"Klaus Kater","8da1f6ef-3955-11ef-b31a-81dc40648355",NA,NA,1971,"9/19/1971","805b241c-3960-11ef-ad8a-2906cc9fb6bc","away","VfL Gummersbach","Hamburger SV",11,11,FALSE,0,NA,NA,0,0,0,NA,0,0,0,0,0,0,NA,NA,NA,NA,NA,NA,NA,NA,0,0,0,0,NA,NA,NA,NA,NA
"Klaus Schlagheck","97a06613-3955-11ef-8056-292be3190b7b",NA,NA,1971,"9/19/1971","805b241c-3960-11ef-ad8a-2906cc9fb6bc","away","VfL Gummersbach","Hamburger SV",11,11,FALSE,1,NA,NA,0,0,0,NA,0,0,0,0,0,0,NA,NA,NA,NA,NA,NA,NA,NA,0,0,0,0,NA,NA,NA,NA,NA
"Ulrich Ufer","a2c8cfa8-3955-11ef-8510-2510cc07ea6e",NA,NA,1971,"9/19/1971","805b241c-3960-11ef-ad8a-2906cc9fb6bc","away","VfL Gummersbach","Hamburger SV",11,11,FALSE,0,NA,NA,0,0,0,NA,0,0,0,0,0,0,NA,NA,NA,NA,NA,NA,NA,NA,0,0,0,0,NA,NA,NA,NA,NA
"Jochen Feldhoff","a32751a5-3955-11ef-badf-2510cc07ea6e",NA,NA,1971,"9/19/1971","805b241c-3960-11ef-ad8a-2906cc9fb6bc","away","VfL Gummersbach","Hamburger SV",11,11,FALSE,0,NA,NA,0,0,0,NA,0,0,0,0,0,0,NA,NA,NA,NA,NA,NA,NA,NA,0,0,0,0,NA,NA,NA,NA,NA
"Hans-Günther Schmidt","aff5702f-3955-11ef-9878-a36230ada079",NA,NA,1971,"9/19/1971","805b241c-3960-11ef-ad8a-2906cc9fb6bc","away","VfL Gummersbach","Hamburger SV",11,11,FALSE,5,NA,NA,0,0,0,NA,0,0,0,0,0,0,NA,NA,NA,NA,NA,NA,NA,NA,0,0,0,0,NA,NA,NA,NA,NA
"Jochen Brand","ba44375c-3955-11ef-a5d6-ab397f561917",NA,NA,1971,"9/19/1971","805b241c-3960-11ef-ad8a-2906cc9fb6bc","away","VfL Gummersbach","Hamburger SV",11,11,FALSE,0,NA,NA,0,0,0,NA,0,0,0,0,0,0,NA,NA,NA,NA,NA,NA,NA,NA,0,0,0,0,NA,NA,NA,NA,NA
"Bruno Zay","bce5dbb8-3955-11ef-ac9b-ab397f561917",NA,NA,1971,"9/19/1971","805b241c-3960-11ef-ad8a-2906cc9fb6bc","away","VfL Gummersbach","Hamburger SV",11,11,FALSE,3,NA,NA,0,0,1,NA,0,0,0,0,0,0,NA,NA,NA,NA,NA,NA,NA,NA,0,0,0,0,NA,NA,NA,NA,NA
"Gerhard Leiste","c735d7ed-3955-11ef-b576-157c9bc18a5f",NA,NA,1971,"9/19/1971","805b241c-3960-11ef-ad8a-2906cc9fb6bc","away","VfL Gummersbach","Hamburger SV",11,11,FALSE,0,NA,NA,0,0,0,NA,0,0,0,0,0,0,NA,NA,NA,NA,NA,NA,NA,NA,0,0,0,0,NA,NA,NA,NA,NA
"Hans-Jürgen Zick","8d67d76a-3955-11ef-8956-81dc40648355",NA,NA,1971,"9/19/1971","83457302-3960-11ef-9b81-2906cc9fb6bc","home","TuS 05 Wellinghofen","SC Phönix Essen 1920",19,12,TRUE,0,NA,NA,0,0,0,NA,0,0,0,0,0,0,NA,NA,NA,NA,NA,NA,NA,NA,0,0,0,0,NA,NA,NA,NA,NA
"Heiner Möller","8d7571e4-3955-11ef-b1d3-81dc40648355",NA,NA,1971,"9/19/1971","83457302-3960-11ef-9b81-2906cc9fb6bc","home","TuS 05 Wellinghofen","SC Phönix Essen 1920",19,12,TRUE,4,NA,NA,0,0,0,NA,0,0,0,0,0,0,NA,NA,NA,NA,NA,NA,NA,NA,0,0,0,0,NA,NA,NA,NA,NA
"Hans-Peter Neuhaus","8d9d3887-3955-11ef-80a3-81dc40648355",NA,NA,1971,"9/19/1971","83457302-3960-11ef-9b81-2906cc9fb6bc","home","TuS 05 Wellinghofen","SC Phönix Essen 1920",19,12,TRUE,5,NA,NA,0,0,3,NA,0,0,0,0,0,0,NA,NA,NA,NA,NA,NA,NA,NA,0,0,0,0,NA,NA,NA,NA,NA
"Rainer Gosewinkel","a4d61156-3955-11ef-8406-2510cc07ea6e",NA,NA,1971,"9/19/1971","83457302-3960-11ef-9b81-2906cc9fb6bc","home","TuS 05 Wellinghofen","SC Phönix Essen 1920",19,12,TRUE,7,NA,NA,0,0,0,NA,0,0,0,0,0,0,NA,NA,NA,NA,NA,NA,NA,NA,0,0,0,0,NA,NA,NA,NA,NA
"Klaus Erwe","a4f54a19-3955-11ef-b48a-2510cc07ea6e",NA,NA,1971,"9/19/1971","83457302-3960-11ef-9b81-2906cc9fb6bc","home","TuS 05 Wellinghofen","SC Phönix Essen 1920",19,12,TRUE,0,NA,NA,0,0,0,NA,0,0,0,0,0,0,NA,NA,NA,NA,NA,NA,NA,NA,0,0,0,0,NA,NA,NA,NA,NA
"Burkhard Gröning","a52c6e4f-3955-11ef-a576-2510cc07ea6e",NA,NA,1971,"9/19/1971","83457302-3960-11ef-9b81-2906cc9fb6bc","home","TuS 05 Wellinghofen","SC Phönix Essen 1920",19,12,TRUE,0,NA,NA,0,0,0,NA,0,0,0,0,0,0,NA,NA,NA,NA,NA,NA,NA,NA,0,0,0,0,NA,NA,NA,NA,NA
"Klaus Tiews","a531838f-3955-11ef-8e99-2510cc07ea6e",NA,NA,1971,"9/19/1971","83457302-3960-11ef-9b81-2906cc9fb6bc","home","TuS 05 Wellinghofen","SC Phönix Essen 1920",19,12,TRUE,0,NA,NA,0,0,0,NA,0,0,0,0,0,0,NA,NA,NA,NA,NA,NA,NA,NA,0,0,0,0,NA,NA,NA,NA,NA
"Heinz Oberscheidt","a5ae94f2-3955-11ef-91fc-2510cc07ea6e",NA,NA,1971,"9/19/1971","83457302-3960-11ef-9b81-2906cc9fb6bc","home","TuS 05 Wellinghofen","SC Phönix Essen 1920",19,12,TRUE,1,NA,NA,0,0,0,NA,0,0,0,0,0,0,NA,NA,NA,NA,NA,NA,NA,NA,0,0,0,0,NA,NA,NA,NA,NA
"Hans-Jürgen Sengera","ba7fae8e-3955-11ef-80e4-ab397f561917",NA,NA,1971,"9/19/1971","83457302-3960-11ef-9b81-2906cc9fb6bc","home","TuS 05 Wellinghofen","SC Phönix Essen 1920",19,12,TRUE,0,NA,NA,0,0,0,NA,0,0,0,0,0,0,NA,NA,NA,NA,NA,NA,NA,NA,0,0,0,0,NA,NA,NA,NA,NA
"Ulrich Thubeauville","c76555ef-3955-11ef-9f3a-157c9bc18a5f",NA,NA,1971,"9/19/1971","83457302-3960-11ef-9b81-2906cc9fb6bc","home","TuS 05 Wellinghofen","SC Phönix Essen 1920",19,12,TRUE,2,NA,NA,0,0,0,NA,0,0,0,0,0,0,NA,NA,NA,NA,NA,NA,NA,NA,0,0,0,0,NA,NA,NA,NA,NA
"Burkhardt Eckardt","c76d08cb-3955-11ef-8fa7-157c9bc18a5f",NA,NA,1971,"9/19/1971","83457302-3960-11ef-9b81-2906cc9fb6bc","home","TuS 05 Wellinghofen","SC Phönix Essen 1920",19,12,TRUE,0,NA,NA,0,0,0,NA,0,0,0,0,0,0,NA,NA,NA,NA,NA,NA,NA,NA,0,0,0,0,NA,NA,NA,NA,NA
"Ulrich Eikermann","73a211c9-3955-11ef-8f8f-51fdf2a82730",NA,NA,1971,"9/19/1971","83457302-3960-11ef-9b81-2906cc9fb6bc","away","SC Phönix Essen 1920","TuS 05 Wellinghofen",12,19,FALSE,3,NA,NA,0,0,1,NA,0,0,0,0,0,0,NA,NA,NA,NA,NA,NA,NA,NA,0,0,0,0,NA,NA,NA,NA,NA
"Norbert Meister","a610e086-3955-11ef-bf85-2510cc07ea6e",NA,NA,1971,"9/19/1971","83457302-3960-11ef-9b81-2906cc9fb6bc","away","SC Phönix Essen 1920","TuS 05 Wellinghofen",12,19,FALSE,0,NA,NA,0,0,0,NA,0,0,0,0,0,0,NA,NA,NA,NA,NA,NA,NA,NA,0,0,0,0,NA,NA,NA,NA,NA
"Rüdiger Hillebrand","b0c11a9c-3955-11ef-bf0d-a36230ada079",NA,NA,1971,"9/19/1971","83457302-3960-11ef-9b81-2906cc9fb6bc","away","SC Phönix Essen 1920","TuS 05 Wellinghofen",12,19,FALSE,0,NA,NA,0,0,0,NA,0,0,0,0,0,0,NA,NA,NA,NA,NA,NA,NA,NA,0,0,0,0,NA,NA,NA,NA,NA
"Klaus Kirschner","bae43a44-3955-11ef-ae7c-ab397f561917",NA,NA,1971,"9/19/1971","83457302-3960-11ef-9b81-2906cc9fb6bc","away","SC Phönix Essen 1920","TuS 05 Wellinghofen",12,19,FALSE,0,NA,NA,0,0,0,NA,0,0,0,0,0,0,NA,NA,NA,NA,NA,NA,NA,NA,0,0,0,0,NA,NA,NA,NA,NA
"Norbert Kroker","bd441662-3955-11ef-b771-ab397f561917",NA,NA,1971,"9/19/1971","83457302-3960-11ef-9b81-2906cc9fb6bc","away","SC Phönix Essen 1920","TuS 05 Wellinghofen",12,19,FALSE,1,NA,NA,0,0,0,NA,0,0,0,0,0,0,NA,NA,NA,NA,NA,NA,NA,NA,0,0,0,0,NA,NA,NA,NA,NA
"Michael Hattig","bd52f5b1-3955-11ef-ba0c-ab397f561917",NA,NA,1971,"9/19/1971","83457302-3960-11ef-9b81-2906cc9fb6bc","away","SC Phönix Essen 1920","TuS 05 Wellinghofen",12,19,FALSE,6,NA,NA,0,0,3,NA,0,0,0,0,0,0,NA,NA,NA,NA,NA,NA,NA,NA,0,0,0,0,NA,NA,NA,NA,NA
"Herbert Buschmann","bd5ac595-3955-11ef-97f0-ab397f561917",NA,NA,1971,"9/19/1971","83457302-3960-11ef-9b81-2906cc9fb6bc","away","SC Phönix Essen 1920","TuS 05 Wellinghofen",12,19,FALSE,0,NA,NA,0,0,0,NA,0,0,0,0,0,0,NA,NA,NA,NA,NA,NA,NA,NA,0,0,0,0,NA,NA,NA,NA,NA
"Peter Fischer","bd861af2-3955-11ef-a655-ab397f561917",NA,NA,1971,"9/19/1971","83457302-3960-11ef-9b81-2906cc9fb6bc","away","SC Phönix Essen 1920","TuS 05 Wellinghofen",12,19,FALSE,0,NA,NA,0,0,0,NA,0,0,0,0,0,0,NA,NA,NA,NA,NA,NA,NA,NA,0,0,0,0,NA,NA,NA,NA,NA
"Andrija Kotlas","bde016f5-3955-11ef-b96c-ab397f561917",NA,NA,1971,"9/19/1971","83457302-3960-11ef-9b81-2906cc9fb6bc","away","SC Phönix Essen 1920","TuS 05 Wellinghofen",12,19,FALSE,1,NA,NA,0,0,0,NA,0,0,0,0,0,0,NA,NA,NA,NA,NA,NA,NA,NA,0,0,0,0,NA,NA,NA,NA,NA
"Ernst Weise","c90cdba3-3955-11ef-b068-157c9bc18a5f",NA,NA,1971,"9/19/1971","83457302-3960-11ef-9b81-2906cc9fb6bc","away","SC Phönix Essen 1920","TuS 05 Wellinghofen",12,19,FALSE,1,NA,NA,0,0,0,NA,0,0,0,0,0,0,NA,NA,NA,NA,NA,NA,NA,NA,0,0,0,0,NA,NA,NA,NA,NA
"Jochen Generotzki","c918430a-3955-11ef-bc40-157c9bc18a5f",NA,NA,1971,"9/19/1971","83457302-3960-11ef-9b81-2906cc9fb6bc","away","SC Phönix Essen 1920","TuS 05 Wellinghofen",12,19,FALSE,0,NA,NA,0,0,0,NA,0,0,0,0,0,0,NA,NA,NA,NA,NA,NA,NA,NA,0,0,0,0,NA,NA,NA,NA,NA
"Klaus Westebbe","8c58f63a-3955-11ef-b65e-81dc40648355",NA,NA,1971,"9/22/1971","806d9af7-3960-11ef-854c-2906cc9fb6bc","home","VfL Gummersbach","TuS 05 Wellinghofen",20,13,TRUE,5,NA,NA,0,0,1,NA,0,0,0,0,0,0,NA,NA,NA,NA,NA,NA,NA,NA,0,0,0,0,NA,NA,NA,NA,NA
"Klaus Kater","8da1f6ef-3955-11ef-b31a-81dc40648355",NA,NA,1971,"9/22/1971","806d9af7-3960-11ef-854c-2906cc9fb6bc","home","VfL Gummersbach","TuS 05 Wellinghofen",20,13,TRUE,0,NA,NA,0,0,0,NA,0,0,0,0,0,0,NA,NA,NA,NA,NA,NA,NA,NA,0,0,0,0,NA,NA,NA,NA,NA
"Klaus Schlagheck","97a06613-3955-11ef-8056-292be3190b7b",NA,NA,1971,"9/22/1971","806d9af7-3960-11ef-854c-2906cc9fb6bc","home","VfL Gummersbach","TuS 05 Wellinghofen",20,13,TRUE,1,NA,NA,0,0,0,NA,0,0,0,0,0,0,NA,NA,NA,NA,NA,NA,NA,NA,0,0,0,0,NA,NA,NA,NA,NA
"Ulrich Ufer","a2c8cfa8-3955-11ef-8510-2510cc07ea6e",NA,NA,1971,"9/22/1971","806d9af7-3960-11ef-854c-2906cc9fb6bc","home","VfL Gummersbach","TuS 05 Wellinghofen",20,13,TRUE,1,NA,NA,0,0,0,NA,0,0,0,0,0,0,NA,NA,NA,NA,NA,NA,NA,NA,0,0,0,0,NA,NA,NA,NA,NA
"Jochen Feldhoff","a32751a5-3955-11ef-badf-2510cc07ea6e",NA,NA,1971,"9/22/1971","806d9af7-3960-11ef-854c-2906cc9fb6bc","home","VfL Gummersbach","TuS 05 Wellinghofen",20,13,TRUE,2,NA,NA,0,0,0,NA,0,0,0,0,0,0,NA,NA,NA,NA,NA,NA,NA,NA,0,0,0,0,NA,NA,NA,NA,NA
"Helmut Keller","ae2fb2ba-3955-11ef-b38f-a36230ada079",NA,NA,1971,"9/22/1971","806d9af7-3960-11ef-854c-2906cc9fb6bc","home","VfL Gummersbach","TuS 05 Wellinghofen",20,13,TRUE,0,NA,NA,0,0,0,NA,0,0,0,0,0,0,NA,NA,NA,NA,NA,NA,NA,NA,0,0,0,0,NA,NA,NA,NA,NA
"Hans-Günther Schmidt","aff5702f-3955-11ef-9878-a36230ada079",NA,NA,1971,"9/22/1971","806d9af7-3960-11ef-854c-2906cc9fb6bc","home","VfL Gummersbach","TuS 05 Wellinghofen",20,13,TRUE,5,NA,NA,0,0,1,NA,0,0,0,0,0,0,NA,NA,NA,NA,NA,NA,NA,NA,0,0,0,0,NA,NA,NA,NA,NA
"Jochen Brand","ba44375c-3955-11ef-a5d6-ab397f561917",NA,NA,1971,"9/22/1971","806d9af7-3960-11ef-854c-2906cc9fb6bc","home","VfL Gummersbach","TuS 05 Wellinghofen",20,13,TRUE,1,NA,NA,0,0,0,NA,0,0,0,0,0,0,NA,NA,NA,NA,NA,NA,NA,NA,0,0,0,0,NA,NA,NA,NA,NA
"Bruno Zay","bce5dbb8-3955-11ef-ac9b-ab397f561917",NA,NA,1971,"9/22/1971","806d9af7-3960-11ef-854c-2906cc9fb6bc","home","VfL Gummersbach","TuS 05 Wellinghofen",20,13,TRUE,5,NA,NA,0,0,2,NA,0,0,0,0,0,0,NA,NA,NA,NA,NA,NA,NA,NA,0,0,0,0,NA,NA,NA,NA,NA
"Gerhard Leiste","c735d7ed-3955-11ef-b576-157c9bc18a5f",NA,NA,1971,"9/22/1971","806d9af7-3960-11ef-854c-2906cc9fb6bc","home","VfL Gummersbach","TuS 05 Wellinghofen",20,13,TRUE,0,NA,NA,0,0,0,NA,0,0,0,0,0,0,NA,NA,NA,NA,NA,NA,NA,NA,0,0,0,0,NA,NA,NA,NA,NA
"Hans-Jürgen Zick","8d67d76a-3955-11ef-8956-81dc40648355",NA,NA,1971,"9/22/1971","806d9af7-3960-11ef-854c-2906cc9fb6bc","away","TuS 05 Wellinghofen","VfL Gummersbach",13,20,FALSE,0,NA,NA,0,0,0,NA,0,0,0,0,0,0,NA,NA,NA,NA,NA,NA,NA,NA,0,0,0,0,NA,NA,NA,NA,NA
"Heiner Möller","8d7571e4-3955-11ef-b1d3-81dc40648355",NA,NA,1971,"9/22/1971","806d9af7-3960-11ef-854c-2906cc9fb6bc","away","TuS 05 Wellinghofen","VfL Gummersbach",13,20,FALSE,3,NA,NA,0,0,0,NA,0,0,0,0,0,0,NA,NA,NA,NA,NA,NA,NA,NA,0,0,0,0,NA,NA,NA,NA,NA
"Hans-Peter Neuhaus","8d9d3887-3955-11ef-80a3-81dc40648355",NA,NA,1971,"9/22/1971","806d9af7-3960-11ef-854c-2906cc9fb6bc","away","TuS 05 Wellinghofen","VfL Gummersbach",13,20,FALSE,3,NA,NA,0,0,2,NA,0,0,0,0,0,0,NA,NA,NA,NA,NA,NA,NA,NA,0,0,0,0,NA,NA,NA,NA,NA
"Rainer Gosewinkel","a4d61156-3955-11ef-8406-2510cc07ea6e",NA,NA,1971,"9/22/1971","806d9af7-3960-11ef-854c-2906cc9fb6bc","away","TuS 05 Wellinghofen","VfL Gummersbach",13,20,FALSE,1,NA,NA,0,0,0,NA,0,0,0,0,0,0,NA,NA,NA,NA,NA,NA,NA,NA,0,0,0,0,NA,NA,NA,NA,NA
"Klaus Erwe","a4f54a19-3955-11ef-b48a-2510cc07ea6e",NA,NA,1971,"9/22/1971","806d9af7-3960-11ef-854c-2906cc9fb6bc","away","TuS 05 Wellinghofen","VfL Gummersbach",13,20,FALSE,1,NA,NA,0,0,0,NA,0,0,0,0,0,0,NA,NA,NA,NA,NA,NA,NA,NA,0,0,0,0,NA,NA,NA,NA,NA
"Burkhard Gröning","a52c6e4f-3955-11ef-a576-2510cc07ea6e",NA,NA,1971,"9/22/1971","806d9af7-3960-11ef-854c-2906cc9fb6bc","away","TuS 05 Wellinghofen","VfL Gummersbach",13,20,FALSE,3,NA,NA,0,0,0,NA,0,0,0,0,0,0,NA,NA,NA,NA,NA,NA,NA,NA,0,0,0,0,NA,NA,NA,NA,NA
"Klaus Tiews","a531838f-3955-11ef-8e99-2510cc07ea6e",NA,NA,1971,"9/22/1971","806d9af7-3960-11ef-854c-2906cc9fb6bc","away","TuS 05 Wellinghofen","VfL Gummersbach",13,20,FALSE,0,NA,NA,0,0,0,NA,0,0,0,0,0,0,NA,NA,NA,NA,NA,NA,NA,NA,0,0,0,0,NA,NA,NA,NA,NA
"Heinz Oberscheidt","a5ae94f2-3955-11ef-91fc-2510cc07ea6e",NA,NA,1971,"9/22/1971","806d9af7-3960-11ef-854c-2906cc9fb6bc","away","TuS 05 Wellinghofen","VfL Gummersbach",13,20,FALSE,2,NA,NA,0,0,0,NA,0,0,0,0,0,0,NA,NA,NA,NA,NA,NA,NA,NA,0,0,0,0,NA,NA,NA,NA,NA
"Ulrich Thubeauville","c76555ef-3955-11ef-9f3a-157c9bc18a5f",NA,NA,1971,"9/22/1971","806d9af7-3960-11ef-854c-2906cc9fb6bc","away","TuS 05 Wellinghofen","VfL Gummersbach",13,20,FALSE,0,NA,NA,0,0,0,NA,0,0,0,0,0,0,NA,NA,NA,NA,NA,NA,NA,NA,0,0,0,0,NA,NA,NA,NA,NA
"Burkhardt Eckardt","c76d08cb-3955-11ef-8fa7-157c9bc18a5f",NA,NA,1971,"9/22/1971","806d9af7-3960-11ef-854c-2906cc9fb6bc","away","TuS 05 Wellinghofen","VfL Gummersbach",13,20,FALSE,0,NA,NA,0,0,0,NA,0,0,0,0,0,0,NA,NA,NA,NA,NA,NA,NA,NA,0,0,0,0,NA,NA,NA,NA,NA
"Klaus Linnemann","c773ab8c-3955-11ef-96ba-157c9bc18a5f",NA,NA,1971,"9/22/1971","806d9af7-3960-11ef-854c-2906cc9fb6bc","away","TuS 05 Wellinghofen","VfL Gummersbach",13,20,FALSE,0,NA,NA,0,0,0,NA,0,0,0,0,0,0,NA,NA,NA,NA,NA,NA,NA,NA,0,0,0,0,NA,NA,NA,NA,NA
"Ulrich Eikermann","73a211c9-3955-11ef-8f8f-51fdf2a82730",NA,NA,1971,"9/22/1971","81862ae3-3960-11ef-a86e-2906cc9fb6bc","home","SC Phönix Essen 1920","GWD Minden",9,9,FALSE,7,NA,NA,0,0,2,NA,0,0,0,0,0,0,NA,NA,NA,NA,NA,NA,NA,NA,0,0,0,0,NA,NA,NA,NA,NA
"Werner Kühn","a5a83923-3955-11ef-abc5-2510cc07ea6e",NA,NA,1971,"9/22/1971","81862ae3-3960-11ef-a86e-2906cc9fb6bc","home","SC Phönix Essen 1920","GWD Minden",9,9,FALSE,0,NA,NA,0,0,0,NA,0,0,0,0,0,0,NA,NA,NA,NA,NA,NA,NA,NA,0,0,0,0,NA,NA,NA,NA,NA
"Dietmar Dohm","a5c15139-3955-11ef-9adf-2510cc07ea6e",NA,NA,1971,"9/22/1971","81862ae3-3960-11ef-a86e-2906cc9fb6bc","home","SC Phönix Essen 1920","GWD Minden",9,9,FALSE,0,NA,NA,0,0,0,NA,0,0,0,0,0,0,NA,NA,NA,NA,NA,NA,NA,NA,0,0,0,0,NA,NA,NA,NA,NA
"Norbert Meister","a610e086-3955-11ef-bf85-2510cc07ea6e",NA,NA,1971,"9/22/1971","81862ae3-3960-11ef-a86e-2906cc9fb6bc","home","SC Phönix Essen 1920","GWD Minden",9,9,FALSE,0,NA,NA,0,0,0,NA,0,0,0,0,0,0,NA,NA,NA,NA,NA,NA,NA,NA,0,0,0,0,NA,NA,NA,NA,NA
"Rüdiger Hillebrand","b0c11a9c-3955-11ef-bf0d-a36230ada079",NA,NA,1971,"9/22/1971","81862ae3-3960-11ef-a86e-2906cc9fb6bc","home","SC Phönix Essen 1920","GWD Minden",9,9,FALSE,0,NA,NA,0,0,0,NA,0,0,0,0,0,0,NA,NA,NA,NA,NA,NA,NA,NA,0,0,0,0,NA,NA,NA,NA,NA
"Michael Hattig","bd52f5b1-3955-11ef-ba0c-ab397f561917",NA,NA,1971,"9/22/1971","81862ae3-3960-11ef-a86e-2906cc9fb6bc","home","SC Phönix Essen 1920","GWD Minden",9,9,FALSE,1,NA,NA,0,0,0,NA,0,0,0,0,0,0,NA,NA,NA,NA,NA,NA,NA,NA,0,0,0,0,NA,NA,NA,NA,NA
"Peter Fischer","bd861af2-3955-11ef-a655-ab397f561917",NA,NA,1971,"9/22/1971","81862ae3-3960-11ef-a86e-2906cc9fb6bc","home","SC Phönix Essen 1920","GWD Minden",9,9,FALSE,0,NA,NA,0,0,0,NA,0,0,0,0,0,0,NA,NA,NA,NA,NA,NA,NA,NA,0,0,0,0,NA,NA,NA,NA,NA
"Andrija Kotlas","bde016f5-3955-11ef-b96c-ab397f561917",NA,NA,1971,"9/22/1971","81862ae3-3960-11ef-a86e-2906cc9fb6bc","home","SC Phönix Essen 1920","GWD Minden",9,9,FALSE,0,NA,NA,0,0,0,NA,0,0,0,0,0,0,NA,NA,NA,NA,NA,NA,NA,NA,0,0,0,0,NA,NA,NA,NA,NA
"Carl-Bernd Behler","c79d213f-3955-11ef-a773-157c9bc18a5f",NA,NA,1971,"9/22/1971","81862ae3-3960-11ef-a86e-2906cc9fb6bc","home","SC Phönix Essen 1920","GWD Minden",9,9,FALSE,1,NA,NA,0,0,0,NA,0,0,0,0,0,0,NA,NA,NA,NA,NA,NA,NA,NA,0,0,0,0,NA,NA,NA,NA,NA
"Ernst Weise","c90cdba3-3955-11ef-b068-157c9bc18a5f",NA,NA,1971,"9/22/1971","81862ae3-3960-11ef-a86e-2906cc9fb6bc","home","SC Phönix Essen 1920","GWD Minden",9,9,FALSE,0,NA,NA,0,0,0,NA,0,0,0,0,0,0,NA,NA,NA,NA,NA,NA,NA,NA,0,0,0,0,NA,NA,NA,NA,NA
"Jochen Generotzki","c918430a-3955-11ef-bc40-157c9bc18a5f",NA,NA,1971,"9/22/1971","81862ae3-3960-11ef-a86e-2906cc9fb6bc","home","SC Phönix Essen 1920","GWD Minden",9,9,FALSE,0,NA,NA,0,0,0,NA,0,0,0,0,0,0,NA,NA,NA,NA,NA,NA,NA,NA,0,0,0,0,NA,NA,NA,NA,NA
"Bernhard Busch","8dc9280f-3955-11ef-80e2-81dc40648355",NA,NA,1971,"9/22/1971","81862ae3-3960-11ef-a86e-2906cc9fb6bc","away","GWD Minden","SC Phönix Essen 1920",9,9,FALSE,0,NA,NA,0,0,0,NA,0,0,0,0,0,0,NA,NA,NA,NA,NA,NA,NA,NA,0,0,0,0,NA,NA,NA,NA,NA
"Gerald Schüler","96fc1532-3955-11ef-bddd-292be3190b7b",NA,NA,1971,"9/22/1971","81862ae3-3960-11ef-a86e-2906cc9fb6bc","away","GWD Minden","SC Phönix Essen 1920",9,9,FALSE,1,NA,NA,0,0,0,NA,0,0,0,0,0,0,NA,NA,NA,NA,NA,NA,NA,NA,0,0,0,0,NA,NA,NA,NA,NA
"Martin Karcher","980f80ce-3955-11ef-8054-292be3190b7b",NA,NA,1971,"9/22/1971","81862ae3-3960-11ef-a86e-2906cc9fb6bc","away","GWD Minden","SC Phönix Essen 1920",9,9,FALSE,0,NA,NA,0,0,0,NA,0,0,0,0,0,0,NA,NA,NA,NA,NA,NA,NA,NA,0,0,0,0,NA,NA,NA,NA,NA
"Hans Kramer","98f50290-3955-11ef-8aa8-292be3190b7b",NA,NA,1971,"9/22/1971","81862ae3-3960-11ef-a86e-2906cc9fb6bc","away","GWD Minden","SC Phönix Essen 1920",9,9,FALSE,3,NA,NA,0,0,0,NA,0,0,0,0,0,0,NA,NA,NA,NA,NA,NA,NA,NA,0,0,0,0,NA,NA,NA,NA,NA
"Wilfried Meyer","a34b2aa0-3955-11ef-a79c-2510cc07ea6e",NA,NA,1971,"9/22/1971","81862ae3-3960-11ef-a86e-2906cc9fb6bc","away","GWD Minden","SC Phönix Essen 1920",9,9,FALSE,0,NA,NA,0,0,0,NA,0,0,0,0,0,0,NA,NA,NA,NA,NA,NA,NA,NA,0,0,0,0,NA,NA,NA,NA,NA
"Jobst-Erich Rehse","b00be251-3955-11ef-ac35-a36230ada079",NA,NA,1971,"9/22/1971","81862ae3-3960-11ef-a86e-2906cc9fb6bc","away","GWD Minden","SC Phönix Essen 1920",9,9,FALSE,0,NA,NA,0,0,0,NA,0,0,0,0,0,0,NA,NA,NA,NA,NA,NA,NA,NA,0,0,0,0,NA,NA,NA,NA,NA
"Bernd Munck","ba5ee5e3-3955-11ef-9f80-ab397f561917",NA,NA,1971,"9/22/1971","81862ae3-3960-11ef-a86e-2906cc9fb6bc","away","GWD Minden","SC Phönix Essen 1920",9,9,FALSE,4,NA,NA,0,0,2,NA,0,0,0,0,0,0,NA,NA,NA,NA,NA,NA,NA,NA,0,0,0,0,NA,NA,NA,NA,NA
"Wilfried Drögemeier","ba63ada7-3955-11ef-a04d-ab397f561917",NA,NA,1971,"9/22/1971","81862ae3-3960-11ef-a86e-2906cc9fb6bc","away","GWD Minden","SC Phönix Essen 1920",9,9,FALSE,0,NA,NA,0,0,0,NA,0,0,0,0,0,0,NA,NA,NA,NA,NA,NA,NA,NA,0,0,0,0,NA,NA,NA,NA,NA
"Klaus Barlach","bcee5b38-3955-11ef-a026-ab397f561917",NA,NA,1971,"9/22/1971","81862ae3-3960-11ef-a86e-2906cc9fb6bc","away","GWD Minden","SC Phönix Essen 1920",9,9,FALSE,0,NA,NA,0,0,0,NA,0,0,0,0,0,0,NA,NA,NA,NA,NA,NA,NA,NA,0,0,0,0,NA,NA,NA,NA,NA
"Otto Weng","bcfbec1c-3955-11ef-b4f4-ab397f561917",NA,NA,1971,"9/22/1971","81862ae3-3960-11ef-a86e-2906cc9fb6bc","away","GWD Minden","SC Phönix Essen 1920",9,9,FALSE,1,NA,NA,0,0,0,NA,0,0,0,0,0,0,NA,NA,NA,NA,NA,NA,NA,NA,0,0,0,0,NA,NA,NA,NA,NA
"Jürgen Buhrmester","c747ff25-3955-11ef-9695-157c9bc18a5f",NA,NA,1971,"9/22/1971","81862ae3-3960-11ef-a86e-2906cc9fb6bc","away","GWD Minden","SC Phönix Essen 1920",9,9,FALSE,0,NA,NA,0,0,0,NA,0,0,0,0,0,0,NA,NA,NA,NA,NA,NA,NA,NA,0,0,0,0,NA,NA,NA,NA,NA
"Manfred Horstkötter","c8a23936-3955-11ef-9884-157c9bc18a5f",NA,NA,1971,"9/22/1971","81862ae3-3960-11ef-a86e-2906cc9fb6bc","away","GWD Minden","SC Phönix Essen 1920",9,9,FALSE,0,NA,NA,0,0,0,NA,0,0,0,0,0,0,NA,NA,NA,NA,NA,NA,NA,NA,0,0,0,0,NA,NA,NA,NA,NA
"Hans-Joachim Krüger","989303b8-3955-11ef-ac0a-292be3190b7b",NA,NA,1971,"9/22/1971","82619b5d-3960-11ef-9ad4-2906cc9fb6bc","home","TSB Flensburg","Hamburger SV",11,11,FALSE,4,NA,NA,0,0,2,NA,0,0,0,0,0,0,NA,NA,NA,NA,NA,NA,NA,NA,0,0,0,0,NA,NA,NA,NA,NA
"Helmut Wolff","c8c361d9-3955-11ef-b16f-157c9bc18a5f",NA,NA,1971,"9/22/1971","82619b5d-3960-11ef-9ad4-2906cc9fb6bc","home","TSB Flensburg","Hamburger SV",11,11,FALSE,0,NA,NA,0,0,0,NA,0,0,0,0,0,0,NA,NA,NA,NA,NA,NA,NA,NA,0,0,0,0,NA,NA,NA,NA,NA
"Sönke Voß","c8c872dc-3955-11ef-8979-157c9bc18a5f",NA,NA,1971,"9/22/1971","82619b5d-3960-11ef-9ad4-2906cc9fb6bc","home","TSB Flensburg","Hamburger SV",11,11,FALSE,1,NA,NA,0,0,0,NA,0,0,0,0,0,0,NA,NA,NA,NA,NA,NA,NA,NA,0,0,0,0,NA,NA,NA,NA,NA
"Trutz Kob","c8ccf221-3955-11ef-8f6f-157c9bc18a5f",NA,NA,1971,"9/22/1971","82619b5d-3960-11ef-9ad4-2906cc9fb6bc","home","TSB Flensburg","Hamburger SV",11,11,FALSE,1,NA,NA,0,0,0,NA,0,0,0,0,0,0,NA,NA,NA,NA,NA,NA,NA,NA,0,0,0,0,NA,NA,NA,NA,NA
"Dieter Liesch","c8d1ab08-3955-11ef-bf4b-157c9bc18a5f",NA,NA,1971,"9/22/1971","82619b5d-3960-11ef-9ad4-2906cc9fb6bc","home","TSB Flensburg","Hamburger SV",11,11,FALSE,0,NA,NA,0,0,0,NA,0,0,0,0,0,0,NA,NA,NA,NA,NA,NA,NA,NA,0,0,0,0,NA,NA,NA,NA,NA
"Gerhard Brast","c8d5c599-3955-11ef-8eef-157c9bc18a5f",NA,NA,1971,"9/22/1971","82619b5d-3960-11ef-9ad4-2906cc9fb6bc","home","TSB Flensburg","Hamburger SV",11,11,FALSE,1,NA,NA,0,0,0,NA,0,0,0,0,0,0,NA,NA,NA,NA,NA,NA,NA,NA,0,0,0,0,NA,NA,NA,NA,NA
"Günter Jensen","c8d9f473-3955-11ef-9c30-157c9bc18a5f",NA,NA,1971,"9/22/1971","82619b5d-3960-11ef-9ad4-2906cc9fb6bc","home","TSB Flensburg","Hamburger SV",11,11,FALSE,0,NA,NA,0,0,0,NA,0,0,0,0,0,0,NA,NA,NA,NA,NA,NA,NA,NA,0,0,0,0,NA,NA,NA,NA,NA
"Rolf Asmussen","c8e24957-3955-11ef-86ce-157c9bc18a5f",NA,NA,1971,"9/22/1971","82619b5d-3960-11ef-9ad4-2906cc9fb6bc","home","TSB Flensburg","Hamburger SV",11,11,FALSE,2,NA,NA,0,0,0,NA,0,0,0,0,0,0,NA,NA,NA,NA,NA,NA,NA,NA,0,0,0,0,NA,NA,NA,NA,NA
"Knud Börnsen","c8e6ee04-3955-11ef-bb81-157c9bc18a5f",NA,NA,1971,"9/22/1971","82619b5d-3960-11ef-9ad4-2906cc9fb6bc","home","TSB Flensburg","Hamburger SV",11,11,FALSE,1,NA,NA,0,0,1,NA,0,0,0,0,0,0,NA,NA,NA,NA,NA,NA,NA,NA,0,0,0,0,NA,NA,NA,NA,NA
"Hans-Jürgen Zastera","c8eb73c1-3955-11ef-bb77-157c9bc18a5f",NA,NA,1971,"9/22/1971","82619b5d-3960-11ef-9ad4-2906cc9fb6bc","home","TSB Flensburg","Hamburger SV",11,11,FALSE,1,NA,NA,0,0,0,NA,0,0,0,0,0,0,NA,NA,NA,NA,NA,NA,NA,NA,0,0,0,0,NA,NA,NA,NA,NA
"Uwe Dahlinger","c8ef76f2-3955-11ef-add0-157c9bc18a5f",NA,NA,1971,"9/22/1971","82619b5d-3960-11ef-9ad4-2906cc9fb6bc","home","TSB Flensburg","Hamburger SV",11,11,FALSE,0,NA,NA,0,0,0,NA,0,0,0,0,0,0,NA,NA,NA,NA,NA,NA,NA,NA,0,0,0,0,NA,NA,NA,NA,NA
"Peter Pickel","8c973b42-3955-11ef-8c71-81dc40648355",NA,NA,1971,"9/22/1971","82619b5d-3960-11ef-9ad4-2906cc9fb6bc","away","Hamburger SV","TSB Flensburg",11,11,FALSE,1,NA,NA,0,0,0,NA,0,0,0,0,0,0,NA,NA,NA,NA,NA,NA,NA,NA,0,0,0,0,NA,NA,NA,NA,NA
"Diethard Finkelmann","a60bdcf9-3955-11ef-bfa1-2510cc07ea6e",NA,NA,1971,"9/22/1971","82619b5d-3960-11ef-9ad4-2906cc9fb6bc","away","Hamburger SV","TSB Flensburg",11,11,FALSE,4,NA,NA,0,0,2,NA,0,0,0,0,0,0,NA,NA,NA,NA,NA,NA,NA,NA,0,0,0,0,NA,NA,NA,NA,NA
"Hans-Jürgen Bode","b011e6da-3955-11ef-8205-a36230ada079",NA,NA,1971,"9/22/1971","82619b5d-3960-11ef-9ad4-2906cc9fb6bc","away","Hamburger SV","TSB Flensburg",11,11,FALSE,0,NA,NA,0,0,0,NA,0,0,0,0,0,0,NA,NA,NA,NA,NA,NA,NA,NA,0,0,0,0,NA,NA,NA,NA,NA
"Rainer Witt","b02adaad-3955-11ef-b8c4-a36230ada079",NA,NA,1971,"9/22/1971","82619b5d-3960-11ef-9ad4-2906cc9fb6bc","away","Hamburger SV","TSB Flensburg",11,11,FALSE,1,NA,NA,0,0,0,NA,0,0,0,0,0,0,NA,NA,NA,NA,NA,NA,NA,NA,0,0,0,0,NA,NA,NA,NA,NA
"Hans-Joachim Beißel","b0341bcb-3955-11ef-9e08-a36230ada079",NA,NA,1971,"9/22/1971","82619b5d-3960-11ef-9ad4-2906cc9fb6bc","away","Hamburger SV","TSB Flensburg",11,11,FALSE,0,NA,NA,0,0,0,NA,0,0,0,0,0,0,NA,NA,NA,NA,NA,NA,NA,NA,0,0,0,0,NA,NA,NA,NA,NA
"Siegfried Berg","b10d3ec3-3955-11ef-8a30-a36230ada079",NA,NA,1971,"9/22/1971","82619b5d-3960-11ef-9ad4-2906cc9fb6bc","away","Hamburger SV","TSB Flensburg",11,11,FALSE,0,NA,NA,0,0,0,NA,0,0,0,0,0,0,NA,NA,NA,NA,NA,NA,NA,NA,0,0,0,0,NA,NA,NA,NA,NA
"Wolfgang Braun","b1a4c388-3955-11ef-92b7-a36230ada079",NA,NA,1971,"9/22/1971","82619b5d-3960-11ef-9ad4-2906cc9fb6bc","away","Hamburger SV","TSB Flensburg",11,11,FALSE,2,NA,NA,0,0,0,NA,0,0,0,0,0,0,NA,NA,NA,NA,NA,NA,NA,NA,0,0,0,0,NA,NA,NA,NA,NA
"Bernd Heiden","baf62966-3955-11ef-b7e1-ab397f561917",NA,NA,1971,"9/22/1971","82619b5d-3960-11ef-9ad4-2906cc9fb6bc","away","Hamburger SV","TSB Flensburg",11,11,FALSE,2,NA,NA,0,0,0,NA,0,0,0,0,0,0,NA,NA,NA,NA,NA,NA,NA,NA,0,0,0,0,NA,NA,NA,NA,NA
"Klaus Lange","bafb51f3-3955-11ef-9864-ab397f561917",NA,NA,1971,"9/22/1971","82619b5d-3960-11ef-9ad4-2906cc9fb6bc","away","Hamburger SV","TSB Flensburg",11,11,FALSE,1,NA,NA,0,0,0,NA,0,0,0,0,0,0,NA,NA,NA,NA,NA,NA,NA,NA,0,0,0,0,NA,NA,NA,NA,NA
"Manfred Grühn","c755d6cb-3955-11ef-a162-157c9bc18a5f",NA,NA,1971,"9/22/1971","82619b5d-3960-11ef-9ad4-2906cc9fb6bc","away","Hamburger SV","TSB Flensburg",11,11,FALSE,0,NA,NA,0,0,0,NA,0,0,0,0,0,0,NA,NA,NA,NA,NA,NA,NA,NA,0,0,0,0,NA,NA,NA,NA,NA
"Herbert Rogge","b06614d7-3955-11ef-a43b-a36230ada079",NA,NA,1971,"9/22/1971","846719e1-3960-11ef-bfbf-2906cc9fb6bc","home","VfL Lübeck-Schwartau","THW Kiel",17,20,FALSE,3,NA,NA,0,0,0,NA,0,0,0,0,0,0,NA,NA,NA,NA,NA,NA,NA,NA,0,0,0,0,NA,NA,NA,NA,NA
"Ingo Callies","b0b0659b-3955-11ef-87aa-a36230ada079",NA,NA,1971,"9/22/1971","846719e1-3960-11ef-bfbf-2906cc9fb6bc","home","VfL Lübeck-Schwartau","THW Kiel",17,20,FALSE,8,NA,NA,0,0,1,NA,0,0,0,0,0,0,NA,NA,NA,NA,NA,NA,NA,NA,0,0,0,0,NA,NA,NA,NA,NA
"Michael Dogs","b0cecb4a-3955-11ef-b665-a36230ada079",NA,NA,1971,"9/22/1971","846719e1-3960-11ef-bfbf-2906cc9fb6bc","home","VfL Lübeck-Schwartau","THW Kiel",17,20,FALSE,0,NA,NA,0,0,0,NA,0,0,0,0,0,0,NA,NA,NA,NA,NA,NA,NA,NA,0,0,0,0,NA,NA,NA,NA,NA
"Joachim Römer","b0dcb8e7-3955-11ef-83ab-a36230ada079",NA,NA,1971,"9/22/1971","846719e1-3960-11ef-bfbf-2906cc9fb6bc","home","VfL Lübeck-Schwartau","THW Kiel",17,20,FALSE,0,NA,NA,0,0,0,NA,0,0,0,0,0,0,NA,NA,NA,NA,NA,NA,NA,NA,0,0,0,0,NA,NA,NA,NA,NA
"Peter Görtz","b0e9ae8f-3955-11ef-aa48-a36230ada079",NA,NA,1971,"9/22/1971","846719e1-3960-11ef-bfbf-2906cc9fb6bc","home","VfL Lübeck-Schwartau","THW Kiel",17,20,FALSE,1,NA,NA,0,0,0,NA,0,0,0,0,0,0,NA,NA,NA,NA,NA,NA,NA,NA,0,0,0,0,NA,NA,NA,NA,NA
"Ulrich Kleinstoll","b0f37438-3955-11ef-84e6-a36230ada079",NA,NA,1971,"9/22/1971","846719e1-3960-11ef-bfbf-2906cc9fb6bc","home","VfL Lübeck-Schwartau","THW Kiel",17,20,FALSE,2,NA,NA,0,0,0,NA,0,0,0,0,0,0,NA,NA,NA,NA,NA,NA,NA,NA,0,0,0,0,NA,NA,NA,NA,NA
"Hans-Martin Müller-Wolf","b1020054-3955-11ef-8e79-a36230ada079",NA,NA,1971,"9/22/1971","846719e1-3960-11ef-bfbf-2906cc9fb6bc","home","VfL Lübeck-Schwartau","THW Kiel",17,20,FALSE,0,NA,NA,0,0,0,NA,0,0,0,0,0,0,NA,NA,NA,NA,NA,NA,NA,NA,0,0,0,0,NA,NA,NA,NA,NA
"Georg Pohl","baff6cee-3955-11ef-a80f-ab397f561917",NA,NA,1971,"9/22/1971","846719e1-3960-11ef-bfbf-2906cc9fb6bc","home","VfL Lübeck-Schwartau","THW Kiel",17,20,FALSE,0,NA,NA,0,0,0,NA,0,0,0,0,0,0,NA,NA,NA,NA,NA,NA,NA,NA,0,0,0,0,NA,NA,NA,NA,NA
"Jochen Krummland","c7b078f7-3955-11ef-932e-157c9bc18a5f",NA,NA,1971,"9/22/1971","846719e1-3960-11ef-bfbf-2906cc9fb6bc","home","VfL Lübeck-Schwartau","THW Kiel",17,20,FALSE,3,NA,NA,0,0,0,NA,0,0,0,0,0,0,NA,NA,NA,NA,NA,NA,NA,NA,0,0,0,0,NA,NA,NA,NA,NA
"Björn Clausen","c7b94735-3955-11ef-b741-157c9bc18a5f",NA,NA,1971,"9/22/1971","846719e1-3960-11ef-bfbf-2906cc9fb6bc","home","VfL Lübeck-Schwartau","THW Kiel",17,20,FALSE,0,NA,NA,0,0,0,NA,0,0,0,0,0,0,NA,NA,NA,NA,NA,NA,NA,NA,0,0,0,0,NA,NA,NA,NA,NA
"Bruno Zantop","c91cafd4-3955-11ef-9bbf-157c9bc18a5f",NA,NA,1971,"9/22/1971","846719e1-3960-11ef-bfbf-2906cc9fb6bc","home","VfL Lübeck-Schwartau","THW Kiel",17,20,FALSE,0,NA,NA,0,0,0,NA,0,0,0,0,0,0,NA,NA,NA,NA,NA,NA,NA,NA,0,0,0,0,NA,NA,NA,NA,NA
"Klaus-Peter Schmidt","c926f113-3955-11ef-8497-157c9bc18a5f",NA,NA,1971,"9/22/1971","846719e1-3960-11ef-bfbf-2906cc9fb6bc","home","VfL Lübeck-Schwartau","THW Kiel",17,20,FALSE,0,NA,NA,0,0,0,NA,0,0,0,0,0,0,NA,NA,NA,NA,NA,NA,NA,NA,0,0,0,0,NA,NA,NA,NA,NA
"Hans-Jörg Graeper","964d8ebc-3955-11ef-a25b-292be3190b7b",NA,NA,1971,"9/22/1971","846719e1-3960-11ef-bfbf-2906cc9fb6bc","away","THW Kiel","VfL Lübeck-Schwartau",20,17,TRUE,5,NA,NA,0,0,0,NA,0,0,0,0,0,0,NA,NA,NA,NA,NA,NA,NA,NA,0,0,0,0,NA,NA,NA,NA,NA
"Gerd Welz","98273a90-3955-11ef-a3a2-292be3190b7b",NA,NA,1971,"9/22/1971","846719e1-3960-11ef-bfbf-2906cc9fb6bc","away","THW Kiel","VfL Lübeck-Schwartau",20,17,TRUE,4,NA,NA,0,0,0,NA,0,0,0,0,0,0,NA,NA,NA,NA,NA,NA,NA,NA,0,0,0,0,NA,NA,NA,NA,NA
"Volker Harbs","9995a6f3-3955-11ef-b74f-292be3190b7b",NA,NA,1971,"9/22/1971","846719e1-3960-11ef-bfbf-2906cc9fb6bc","away","THW Kiel","VfL Lübeck-Schwartau",20,17,TRUE,4,NA,NA,0,0,2,NA,0,0,0,0,0,0,NA,NA,NA,NA,NA,NA,NA,NA,0,0,0,0,NA,NA,NA,NA,NA
"Dieter Krause","99996b47-3955-11ef-a9c9-292be3190b7b",NA,NA,1971,"9/22/1971","846719e1-3960-11ef-bfbf-2906cc9fb6bc","away","THW Kiel","VfL Lübeck-Schwartau",20,17,TRUE,0,NA,NA,0,0,0,NA,0,0,0,0,0,0,NA,NA,NA,NA,NA,NA,NA,NA,0,0,0,0,NA,NA,NA,NA,NA
"Ingo Schütz","ae3ef1e3-3955-11ef-8b16-a36230ada079",NA,NA,1971,"9/22/1971","846719e1-3960-11ef-bfbf-2906cc9fb6bc","away","THW Kiel","VfL Lübeck-Schwartau",20,17,TRUE,0,NA,NA,0,0,0,NA,0,0,0,0,0,0,NA,NA,NA,NA,NA,NA,NA,NA,0,0,0,0,NA,NA,NA,NA,NA
"Peter Prehn","b073ee0a-3955-11ef-8404-a36230ada079",NA,NA,1971,"9/22/1971","846719e1-3960-11ef-bfbf-2906cc9fb6bc","away","THW Kiel","VfL Lübeck-Schwartau",20,17,TRUE,0,NA,NA,0,0,0,NA,0,0,0,0,0,0,NA,NA,NA,NA,NA,NA,NA,NA,0,0,0,0,NA,NA,NA,NA,NA
"Peter Werk","b0784d6e-3955-11ef-9a85-a36230ada079",NA,NA,1971,"9/22/1971","846719e1-3960-11ef-bfbf-2906cc9fb6bc","away","THW Kiel","VfL Lübeck-Schwartau",20,17,TRUE,0,NA,NA,0,0,0,NA,0,0,0,0,0,0,NA,NA,NA,NA,NA,NA,NA,NA,0,0,0,0,NA,NA,NA,NA,NA
"Herwig Ahrendsen","b143192b-3955-11ef-bef0-a36230ada079",NA,NA,1971,"9/22/1971","846719e1-3960-11ef-bfbf-2906cc9fb6bc","away","THW Kiel","VfL Lübeck-Schwartau",20,17,TRUE,0,NA,NA,0,0,0,NA,0,0,0,0,0,0,NA,NA,NA,NA,NA,NA,NA,NA,0,0,0,0,NA,NA,NA,NA,NA
"Bernd Nielsen","b1480d2c-3955-11ef-8563-a36230ada079",NA,NA,1971,"9/22/1971","846719e1-3960-11ef-bfbf-2906cc9fb6bc","away","THW Kiel","VfL Lübeck-Schwartau",20,17,TRUE,2,NA,NA,0,0,0,NA,0,0,0,0,0,0,NA,NA,NA,NA,NA,NA,NA,NA,0,0,0,0,NA,NA,NA,NA,NA
"Hartwig Moll","b14ce7d8-3955-11ef-8cb5-a36230ada079",NA,NA,1971,"9/22/1971","846719e1-3960-11ef-bfbf-2906cc9fb6bc","away","THW Kiel","VfL Lübeck-Schwartau",20,17,TRUE,3,NA,NA,0,0,0,NA,0,0,0,0,0,0,NA,NA,NA,NA,NA,NA,NA,NA,0,0,0,0,NA,NA,NA,NA,NA
"Rainer Voigt","c7c742a9-3955-11ef-b542-157c9bc18a5f",NA,NA,1971,"9/22/1971","846719e1-3960-11ef-bfbf-2906cc9fb6bc","away","THW Kiel","VfL Lübeck-Schwartau",20,17,TRUE,0,NA,NA,0,0,0,NA,0,0,0,0,0,0,NA,NA,NA,NA,NA,NA,NA,NA,0,0,0,0,NA,NA,NA,NA,NA
"Dieter Baguhn","c7cbf017-3955-11ef-b1f7-157c9bc18a5f",NA,NA,1971,"9/22/1971","846719e1-3960-11ef-bfbf-2906cc9fb6bc","away","THW Kiel","VfL Lübeck-Schwartau",20,17,TRUE,2,NA,NA,0,0,0,NA,0,0,0,0,0,0,NA,NA,NA,NA,NA,NA,NA,NA,0,0,0,0,NA,NA,NA,NA,NA
"Bernd Struck","c7d4c3a5-3955-11ef-a743-157c9bc18a5f",NA,NA,1971,"9/22/1971","846719e1-3960-11ef-bfbf-2906cc9fb6bc","away","THW Kiel","VfL Lübeck-Schwartau",20,17,TRUE,0,NA,NA,0,0,0,NA,0,0,0,0,0,0,NA,NA,NA,NA,NA,NA,NA,NA,0,0,0,0,NA,NA,NA,NA,NA
"Manfred Schulz","8bc2b5ea-3955-11ef-8d03-81dc40648355",NA,NA,1971,"9/22/1971","84ca9a13-3960-11ef-9cc9-2906cc9fb6bc","home","S3L Handball","TV Hochdorf",23,16,TRUE,0,NA,NA,0,0,0,NA,0,0,0,0,0,0,NA,NA,NA,NA,NA,NA,NA,NA,0,0,0,0,NA,NA,NA,NA,NA
"Georg Fitz","ae68320c-3955-11ef-89fa-a36230ada079",NA,NA,1971,"9/22/1971","84ca9a13-3960-11ef-9cc9-2906cc9fb6bc","home","S3L Handball","TV Hochdorf",23,16,TRUE,1,NA,NA,0,0,0,NA,0,0,0,0,0,0,NA,NA,NA,NA,NA,NA,NA,NA,0,0,0,0,NA,NA,NA,NA,NA
"Rolf Kuchenbecker","ae99100e-3955-11ef-9c32-a36230ada079",NA,NA,1971,"9/22/1971","84ca9a13-3960-11ef-9cc9-2906cc9fb6bc","home","S3L Handball","TV Hochdorf",23,16,TRUE,2,NA,NA,0,0,0,NA,0,0,0,0,0,0,NA,NA,NA,NA,NA,NA,NA,NA,0,0,0,0,NA,NA,NA,NA,NA
"Hansjörg Jäck","b166bd31-3955-11ef-bed1-a36230ada079",NA,NA,1971,"9/22/1971","84ca9a13-3960-11ef-9cc9-2906cc9fb6bc","home","S3L Handball","TV Hochdorf",23,16,TRUE,0,NA,NA,0,0,0,NA,0,0,0,0,0,0,NA,NA,NA,NA,NA,NA,NA,NA,0,0,0,0,NA,NA,NA,NA,NA
"Werner Pruscha","bb9c8e56-3955-11ef-ac18-ab397f561917",NA,NA,1971,"9/22/1971","84ca9a13-3960-11ef-9cc9-2906cc9fb6bc","home","S3L Handball","TV Hochdorf",23,16,TRUE,2,NA,NA,0,0,0,NA,0,0,0,0,0,0,NA,NA,NA,NA,NA,NA,NA,NA,0,0,0,0,NA,NA,NA,NA,NA
"Wolfhardt Bühler","bba2fc92-3955-11ef-a8d6-ab397f561917",NA,NA,1971,"9/22/1971","84ca9a13-3960-11ef-9cc9-2906cc9fb6bc","home","S3L Handball","TV Hochdorf",23,16,TRUE,4,NA,NA,0,0,0,NA,0,0,0,0,0,0,NA,NA,NA,NA,NA,NA,NA,NA,0,0,0,0,NA,NA,NA,NA,NA
"Wolfgang Ries","bba77d9e-3955-11ef-939a-ab397f561917",NA,NA,1971,"9/22/1971","84ca9a13-3960-11ef-9cc9-2906cc9fb6bc","home","S3L Handball","TV Hochdorf",23,16,TRUE,0,NA,NA,0,0,0,NA,0,0,0,0,0,0,NA,NA,NA,NA,NA,NA,NA,NA,0,0,0,0,NA,NA,NA,NA,NA
"Gerd Schmitt","bbb09cf8-3955-11ef-97db-ab397f561917",NA,NA,1971,"9/22/1971","84ca9a13-3960-11ef-9cc9-2906cc9fb6bc","home","S3L Handball","TV Hochdorf",23,16,TRUE,0,NA,NA,0,0,0,NA,0,0,0,0,0,0,NA,NA,NA,NA,NA,NA,NA,NA,0,0,0,0,NA,NA,NA,NA,NA
"Arno Schandin","bded1584-3955-11ef-8a76-ab397f561917",NA,NA,1971,"9/22/1971","84ca9a13-3960-11ef-9cc9-2906cc9fb6bc","home","S3L Handball","TV Hochdorf",23,16,TRUE,2,NA,NA,0,0,0,NA,0,0,0,0,0,0,NA,NA,NA,NA,NA,NA,NA,NA,0,0,0,0,NA,NA,NA,NA,NA
"Herbert Hönnige","c7e7cc14-3955-11ef-af0e-157c9bc18a5f",NA,NA,1971,"9/22/1971","84ca9a13-3960-11ef-9cc9-2906cc9fb6bc","home","S3L Handball","TV Hochdorf",23,16,TRUE,6,NA,NA,0,0,1,NA,0,0,0,0,0,0,NA,NA,NA,NA,NA,NA,NA,NA,0,0,0,0,NA,NA,NA,NA,NA
"Josef Hutter","c96148ae-3955-11ef-a005-157c9bc18a5f",NA,NA,1971,"9/22/1971","84ca9a13-3960-11ef-9cc9-2906cc9fb6bc","home","S3L Handball","TV Hochdorf",23,16,TRUE,3,NA,NA,0,0,0,NA,0,0,0,0,0,0,NA,NA,NA,NA,NA,NA,NA,NA,0,0,0,0,NA,NA,NA,NA,NA
"Rolf Seltner","c96574fc-3955-11ef-a37f-157c9bc18a5f",NA,NA,1971,"9/22/1971","84ca9a13-3960-11ef-9cc9-2906cc9fb6bc","home","S3L Handball","TV Hochdorf",23,16,TRUE,3,NA,NA,0,0,0,NA,0,0,0,0,0,0,NA,NA,NA,NA,NA,NA,NA,NA,0,0,0,0,NA,NA,NA,NA,NA
"Manfred Müller","ae54e819-3955-11ef-81e8-a36230ada079",NA,NA,1971,"9/22/1971","84ca9a13-3960-11ef-9cc9-2906cc9fb6bc","away","TV Hochdorf","S3L Handball",16,23,FALSE,0,NA,NA,0,0,0,NA,0,0,0,0,0,0,NA,NA,NA,NA,NA,NA,NA,NA,0,0,0,0,NA,NA,NA,NA,NA
"Robert Becker","ae8c50f9-3955-11ef-91c4-a36230ada079",NA,NA,1971,"9/22/1971","84ca9a13-3960-11ef-9cc9-2906cc9fb6bc","away","TV Hochdorf","S3L Handball",16,23,FALSE,0,NA,NA,0,0,0,NA,0,0,0,0,0,0,NA,NA,NA,NA,NA,NA,NA,NA,0,0,0,0,NA,NA,NA,NA,NA
"Jürgen Hahn","ae947745-3955-11ef-bc54-a36230ada079",NA,NA,1971,"9/22/1971","84ca9a13-3960-11ef-9cc9-2906cc9fb6bc","away","TV Hochdorf","S3L Handball",16,23,FALSE,5,NA,NA,0,0,0,NA,0,0,0,0,0,0,NA,NA,NA,NA,NA,NA,NA,NA,0,0,0,0,NA,NA,NA,NA,NA
"Wilfried Job","af3ed007-3955-11ef-9184-a36230ada079",NA,NA,1971,"9/22/1971","84ca9a13-3960-11ef-9cc9-2906cc9fb6bc","away","TV Hochdorf","S3L Handball",16,23,FALSE,0,NA,NA,0,0,0,NA,0,0,0,0,0,0,NA,NA,NA,NA,NA,NA,NA,NA,0,0,0,0,NA,NA,NA,NA,NA
"Hans Stein","bde4861d-3955-11ef-a14e-ab397f561917",NA,NA,1971,"9/22/1971","84ca9a13-3960-11ef-9cc9-2906cc9fb6bc","away","TV Hochdorf","S3L Handball",16,23,FALSE,5,NA,NA,0,0,0,NA,0,0,0,0,0,0,NA,NA,NA,NA,NA,NA,NA,NA,0,0,0,0,NA,NA,NA,NA,NA
"Klaus Becker","c92b579e-3955-11ef-ab41-157c9bc18a5f",NA,NA,1971,"9/22/1971","84ca9a13-3960-11ef-9cc9-2906cc9fb6bc","away","TV Hochdorf","S3L Handball",16,23,FALSE,0,NA,NA,0,0,0,NA,0,0,0,0,0,0,NA,NA,NA,NA,NA,NA,NA,NA,0,0,0,0,NA,NA,NA,NA,NA
"Edwin Hutter","c93080aa-3955-11ef-85b4-157c9bc18a5f",NA,NA,1971,"9/22/1971","84ca9a13-3960-11ef-9cc9-2906cc9fb6bc","away","TV Hochdorf","S3L Handball",16,23,FALSE,0,NA,NA,0,0,0,NA,0,0,0,0,0,0,NA,NA,NA,NA,NA,NA,NA,NA,0,0,0,0,NA,NA,NA,NA,NA
"Werner Häfele","c9414487-3955-11ef-a5df-157c9bc18a5f",NA,NA,1971,"9/22/1971","84ca9a13-3960-11ef-9cc9-2906cc9fb6bc","away","TV Hochdorf","S3L Handball",16,23,FALSE,2,NA,NA,0,0,0,NA,0,0,0,0,0,0,NA,NA,NA,NA,NA,NA,NA,NA,0,0,0,0,NA,NA,NA,NA,NA
"Willi Butz","c945a2f1-3955-11ef-8b53-157c9bc18a5f",NA,NA,1971,"9/22/1971","84ca9a13-3960-11ef-9cc9-2906cc9fb6bc","away","TV Hochdorf","S3L Handball",16,23,FALSE,0,NA,NA,0,0,0,NA,0,0,0,0,0,0,NA,NA,NA,NA,NA,NA,NA,NA,0,0,0,0,NA,NA,NA,NA,NA
"Peter Frisch","c94a46b7-3955-11ef-8686-157c9bc18a5f",NA,NA,1971,"9/22/1971","84ca9a13-3960-11ef-9cc9-2906cc9fb6bc","away","TV Hochdorf","S3L Handball",16,23,FALSE,3,NA,NA,0,0,0,NA,0,0,0,0,0,0,NA,NA,NA,NA,NA,NA,NA,NA,0,0,0,0,NA,NA,NA,NA,NA
"Werner Matill","c9539495-3955-11ef-9bff-157c9bc18a5f",NA,NA,1971,"9/22/1971","84ca9a13-3960-11ef-9cc9-2906cc9fb6bc","away","TV Hochdorf","S3L Handball",16,23,FALSE,1,NA,NA,0,0,0,NA,0,0,0,0,0,0,NA,NA,NA,NA,NA,NA,NA,NA,0,0,0,0,NA,NA,NA,NA,NA
"Heinz-Theo Kaus","8086fdf9-3955-11ef-938f-b908c60af10a",NA,NA,1971,"9/22/1971","8c4518c5-3960-11ef-916b-9b08c5d4c173","home","SG Dietzenbach","TV Großwallstadt",16,12,TRUE,0,NA,NA,0,0,0,NA,0,0,0,0,0,0,NA,NA,NA,NA,NA,NA,NA,NA,0,0,0,0,NA,NA,NA,NA,NA
"Peter Fenn","96d23185-3955-11ef-bbcf-292be3190b7b",NA,NA,1971,"9/22/1971","8c4518c5-3960-11ef-916b-9b08c5d4c173","home","SG Dietzenbach","TV Großwallstadt",16,12,TRUE,1,NA,NA,0,0,0,NA,0,0,0,0,0,0,NA,NA,NA,NA,NA,NA,NA,NA,0,0,0,0,NA,NA,NA,NA,NA
"Herbert Wehnert","96e104db-3955-11ef-b58d-292be3190b7b",NA,NA,1971,"9/22/1971","8c4518c5-3960-11ef-916b-9b08c5d4c173","home","SG Dietzenbach","TV Großwallstadt",16,12,TRUE,8,NA,NA,0,0,2,NA,0,0,0,0,0,0,NA,NA,NA,NA,NA,NA,NA,NA,0,0,0,0,NA,NA,NA,NA,NA
"Heinrich Baum","af2c6c48-3955-11ef-964a-a36230ada079",NA,NA,1971,"9/22/1971","8c4518c5-3960-11ef-916b-9b08c5d4c173","home","SG Dietzenbach","TV Großwallstadt",16,12,TRUE,0,NA,NA,0,0,0,NA,0,0,0,0,0,0,NA,NA,NA,NA,NA,NA,NA,NA,0,0,0,0,NA,NA,NA,NA,NA
"Klaus Rettig","b1d1aa4c-3955-11ef-baf9-a36230ada079",NA,NA,1971,"9/22/1971","8c4518c5-3960-11ef-916b-9b08c5d4c173","home","SG Dietzenbach","TV Großwallstadt",16,12,TRUE,3,NA,NA,0,0,1,NA,0,0,0,0,0,0,NA,NA,NA,NA,NA,NA,NA,NA,0,0,0,0,NA,NA,NA,NA,NA
"Reinhold Jerwan","b1d5c150-3955-11ef-9027-a36230ada079",NA,NA,1971,"9/22/1971","8c4518c5-3960-11ef-916b-9b08c5d4c173","home","SG Dietzenbach","TV Großwallstadt",16,12,TRUE,1,NA,NA,0,0,0,NA,0,0,0,0,0,0,NA,NA,NA,NA,NA,NA,NA,NA,0,0,0,0,NA,NA,NA,NA,NA
"Werner Conrad","b1d9e0f0-3955-11ef-8356-a36230ada079",NA,NA,1971,"9/22/1971","8c4518c5-3960-11ef-916b-9b08c5d4c173","home","SG Dietzenbach","TV Großwallstadt",16,12,TRUE,0,NA,NA,0,0,0,NA,0,0,0,0,0,0,NA,NA,NA,NA,NA,NA,NA,NA,0,0,0,0,NA,NA,NA,NA,NA
"Norbert Kern","c6961a09-3955-11ef-8bcc-157c9bc18a5f",NA,NA,1971,"9/22/1971","8c4518c5-3960-11ef-916b-9b08c5d4c173","home","SG Dietzenbach","TV Großwallstadt",16,12,TRUE,2,NA,NA,0,0,0,NA,0,0,0,0,0,0,NA,NA,NA,NA,NA,NA,NA,NA,0,0,0,0,NA,NA,NA,NA,NA
"Günther Rebel","c808988c-3955-11ef-af62-157c9bc18a5f",NA,NA,1971,"9/22/1971","8c4518c5-3960-11ef-916b-9b08c5d4c173","home","SG Dietzenbach","TV Großwallstadt",16,12,TRUE,1,NA,NA,0,0,0,NA,0,0,0,0,0,0,NA,NA,NA,NA,NA,NA,NA,NA,0,0,0,0,NA,NA,NA,NA,NA
"Kurt Klühspies","5ac3e7d7-3955-11ef-b574-4fa817cd91bb",NA,NA,1971,"9/22/1971","8c4518c5-3960-11ef-916b-9b08c5d4c173","away","TV Großwallstadt","SG Dietzenbach",12,16,FALSE,3,NA,NA,0,0,0,NA,0,0,0,0,0,0,NA,NA,NA,NA,NA,NA,NA,NA,0,0,0,0,NA,NA,NA,NA,NA
"Manfred Hofmann","6855eb0b-3955-11ef-8cb3-292be3190b7b",NA,NA,1971,"9/22/1971","8c4518c5-3960-11ef-916b-9b08c5d4c173","away","TV Großwallstadt","SG Dietzenbach",12,16,FALSE,0,NA,NA,0,0,0,NA,0,0,0,0,0,0,NA,NA,NA,NA,NA,NA,NA,NA,0,0,0,0,NA,NA,NA,NA,NA
"Wolfgang Dümig","978dc3fc-3955-11ef-b042-292be3190b7b",NA,NA,1971,"9/22/1971","8c4518c5-3960-11ef-916b-9b08c5d4c173","away","TV Großwallstadt","SG Dietzenbach",12,16,FALSE,0,NA,NA,0,0,0,NA,0,0,0,0,0,0,NA,NA,NA,NA,NA,NA,NA,NA,0,0,0,0,NA,NA,NA,NA,NA
"Eckhardt Suffel","aeac0503-3955-11ef-88c6-a36230ada079",NA,NA,1971,"9/22/1971","8c4518c5-3960-11ef-916b-9b08c5d4c173","away","TV Großwallstadt","SG Dietzenbach",12,16,FALSE,0,NA,NA,0,0,0,NA,0,0,0,0,0,0,NA,NA,NA,NA,NA,NA,NA,NA,0,0,0,0,NA,NA,NA,NA,NA
"Peter Kuß","bbc18adb-3955-11ef-a5f7-ab397f561917",NA,NA,1971,"9/22/1971","8c4518c5-3960-11ef-916b-9b08c5d4c173","away","TV Großwallstadt","SG Dietzenbach",12,16,FALSE,2,NA,NA,0,0,1,NA,0,0,0,0,0,0,NA,NA,NA,NA,NA,NA,NA,NA,0,0,0,0,NA,NA,NA,NA,NA
"Werner Lemmert","be0e2c8d-3955-11ef-82a6-ab397f561917",NA,NA,1971,"9/22/1971","8c4518c5-3960-11ef-916b-9b08c5d4c173","away","TV Großwallstadt","SG Dietzenbach",12,16,FALSE,0,NA,NA,0,0,0,NA,0,0,0,0,0,0,NA,NA,NA,NA,NA,NA,NA,NA,0,0,0,0,NA,NA,NA,NA,NA
"Rainer Oberle","be123408-3955-11ef-92a6-ab397f561917",NA,NA,1971,"9/22/1971","8c4518c5-3960-11ef-916b-9b08c5d4c173","away","TV Großwallstadt","SG Dietzenbach",12,16,FALSE,3,NA,NA,0,0,0,NA,0,0,0,0,0,0,NA,NA,NA,NA,NA,NA,NA,NA,0,0,0,0,NA,NA,NA,NA,NA
"Josef Karrer","be167639-3955-11ef-ac70-ab397f561917",NA,NA,1971,"9/22/1971","8c4518c5-3960-11ef-916b-9b08c5d4c173","away","TV Großwallstadt","SG Dietzenbach",12,16,FALSE,3,NA,NA,0,0,2,NA,0,0,0,0,0,0,NA,NA,NA,NA,NA,NA,NA,NA,0,0,0,0,NA,NA,NA,NA,NA
"Klaus Oberle","c96e13a5-3955-11ef-a68a-157c9bc18a5f",NA,NA,1971,"9/22/1971","8c4518c5-3960-11ef-916b-9b08c5d4c173","away","TV Großwallstadt","SG Dietzenbach",12,16,FALSE,0,NA,NA,0,0,0,NA,0,0,0,0,0,0,NA,NA,NA,NA,NA,NA,NA,NA,0,0,0,0,NA,NA,NA,NA,NA
"Klaus Klühspies","c9723883-3955-11ef-b2da-157c9bc18a5f",NA,NA,1971,"9/22/1971","8c4518c5-3960-11ef-916b-9b08c5d4c173","away","TV Großwallstadt","SG Dietzenbach",12,16,FALSE,0,NA,NA,0,0,0,NA,0,0,0,0,0,0,NA,NA,NA,NA,NA,NA,NA,NA,0,0,0,0,NA,NA,NA,NA,NA
"Ludwig Hohm","c97b5499-3955-11ef-8cf3-157c9bc18a5f",NA,NA,1971,"9/22/1971","8c4518c5-3960-11ef-916b-9b08c5d4c173","away","TV Großwallstadt","SG Dietzenbach",12,16,FALSE,1,NA,NA,0,0,0,NA,0,0,0,0,0,0,NA,NA,NA,NA,NA,NA,NA,NA,0,0,0,0,NA,NA,NA,NA,NA
"Hans Moser","7e83ce46-3955-11ef-830d-b908c60af10a",NA,NA,1971,"9/22/1971","8d6b1be7-3960-11ef-a7ca-9b08c5d4c173","home","TSV Milbertshofen","SpVgg 1887 Möhringen",11,16,FALSE,1,NA,NA,0,0,0,NA,0,0,0,0,0,0,NA,NA,NA,NA,NA,NA,NA,NA,0,0,0,0,NA,NA,NA,NA,NA
"Werner Winkelmeier","9712104e-3955-11ef-9613-292be3190b7b",NA,NA,1971,"9/22/1971","8d6b1be7-3960-11ef-a7ca-9b08c5d4c173","home","TSV Milbertshofen","SpVgg 1887 Möhringen",11,16,FALSE,2,NA,NA,0,0,0,NA,0,0,0,0,0,0,NA,NA,NA,NA,NA,NA,NA,NA,0,0,0,0,NA,NA,NA,NA,NA
"Gerhard Ochsenkühn","97259ed1-3955-11ef-96ca-292be3190b7b",NA,NA,1971,"9/22/1971","8d6b1be7-3960-11ef-a7ca-9b08c5d4c173","home","TSV Milbertshofen","SpVgg 1887 Möhringen",11,16,FALSE,2,NA,NA,0,0,0,NA,0,0,0,0,0,0,NA,NA,NA,NA,NA,NA,NA,NA,0,0,0,0,NA,NA,NA,NA,NA
"Josef Kiener","972d7d47-3955-11ef-a437-292be3190b7b",NA,NA,1971,"9/22/1971","8d6b1be7-3960-11ef-a7ca-9b08c5d4c173","home","TSV Milbertshofen","SpVgg 1887 Möhringen",11,16,FALSE,1,NA,NA,0,0,1,NA,0,0,0,0,0,0,NA,NA,NA,NA,NA,NA,NA,NA,0,0,0,0,NA,NA,NA,NA,NA
"Rudolf Dobler","97ac407c-3955-11ef-9ea9-292be3190b7b",NA,NA,1971,"9/22/1971","8d6b1be7-3960-11ef-a7ca-9b08c5d4c173","home","TSV Milbertshofen","SpVgg 1887 Möhringen",11,16,FALSE,0,NA,NA,0,0,0,NA,0,0,0,0,0,0,NA,NA,NA,NA,NA,NA,NA,NA,0,0,0,0,NA,NA,NA,NA,NA
"Helmut Schelchshorn","b1c960ef-3955-11ef-850b-a36230ada079",NA,NA,1971,"9/22/1971","8d6b1be7-3960-11ef-a7ca-9b08c5d4c173","home","TSV Milbertshofen","SpVgg 1887 Möhringen",11,16,FALSE,1,NA,NA,0,0,0,NA,0,0,0,0,0,0,NA,NA,NA,NA,NA,NA,NA,NA,0,0,0,0,NA,NA,NA,NA,NA
"Peter Feddern","bc1b1b3e-3955-11ef-9c4e-ab397f561917",NA,NA,1971,"9/22/1971","8d6b1be7-3960-11ef-a7ca-9b08c5d4c173","home","TSV Milbertshofen","SpVgg 1887 Möhringen",11,16,FALSE,0,NA,NA,0,0,0,NA,0,0,0,0,0,0,NA,NA,NA,NA,NA,NA,NA,NA,0,0,0,0,NA,NA,NA,NA,NA
"Herbert Staiger","c81d1d7c-3955-11ef-b36f-157c9bc18a5f",NA,NA,1971,"9/22/1971","8d6b1be7-3960-11ef-a7ca-9b08c5d4c173","home","TSV Milbertshofen","SpVgg 1887 Möhringen",11,16,FALSE,2,NA,NA,0,0,2,NA,0,0,0,0,0,0,NA,NA,NA,NA,NA,NA,NA,NA,0,0,0,0,NA,NA,NA,NA,NA
"Karl Donndorf","c821c668-3955-11ef-a20c-157c9bc18a5f",NA,NA,1971,"9/22/1971","8d6b1be7-3960-11ef-a7ca-9b08c5d4c173","home","TSV Milbertshofen","SpVgg 1887 Möhringen",11,16,FALSE,1,NA,NA,0,0,0,NA,0,0,0,0,0,0,NA,NA,NA,NA,NA,NA,NA,NA,0,0,0,0,NA,NA,NA,NA,NA
"Erich Loderer","c9a2ad0a-3955-11ef-9f7e-157c9bc18a5f",NA,NA,1971,"9/22/1971","8d6b1be7-3960-11ef-a7ca-9b08c5d4c173","home","TSV Milbertshofen","SpVgg 1887 Möhringen",11,16,FALSE,1,NA,NA,0,0,0,NA,0,0,0,0,0,0,NA,NA,NA,NA,NA,NA,NA,NA,0,0,0,0,NA,NA,NA,NA,NA
"Wolfgang Stolz","999eb14b-3955-11ef-bbce-292be3190b7b",NA,NA,1971,"9/22/1971","8d6b1be7-3960-11ef-a7ca-9b08c5d4c173","away","SpVgg 1887 Möhringen","TSV Milbertshofen",16,11,TRUE,3,NA,NA,0,0,0,NA,0,0,0,0,0,0,NA,NA,NA,NA,NA,NA,NA,NA,0,0,0,0,NA,NA,NA,NA,NA
"Hermann Mäurle","a44f95e3-3955-11ef-b53d-2510cc07ea6e",NA,NA,1971,"9/22/1971","8d6b1be7-3960-11ef-a7ca-9b08c5d4c173","away","SpVgg 1887 Möhringen","TSV Milbertshofen",16,11,TRUE,2,NA,NA,0,0,0,NA,0,0,0,0,0,0,NA,NA,NA,NA,NA,NA,NA,NA,0,0,0,0,NA,NA,NA,NA,NA
"Karl-Heinz Wolf","c8354cdd-3955-11ef-a1d6-157c9bc18a5f",NA,NA,1971,"9/22/1971","8d6b1be7-3960-11ef-a7ca-9b08c5d4c173","away","SpVgg 1887 Möhringen","TSV Milbertshofen",16,11,TRUE,4,NA,NA,0,0,0,NA,0,0,0,0,0,0,NA,NA,NA,NA,NA,NA,NA,NA,0,0,0,0,NA,NA,NA,NA,NA
"Gerd-Volker Stock","c8397c3c-3955-11ef-af12-157c9bc18a5f",NA,NA,1971,"9/22/1971","8d6b1be7-3960-11ef-a7ca-9b08c5d4c173","away","SpVgg 1887 Möhringen","TSV Milbertshofen",16,11,TRUE,2,NA,NA,0,0,0,NA,0,0,0,0,0,0,NA,NA,NA,NA,NA,NA,NA,NA,0,0,0,0,NA,NA,NA,NA,NA
"Folker Baur","c83d9af6-3955-11ef-9e5e-157c9bc18a5f",NA,NA,1971,"9/22/1971","8d6b1be7-3960-11ef-a7ca-9b08c5d4c173","away","SpVgg 1887 Möhringen","TSV Milbertshofen",16,11,TRUE,1,NA,NA,0,0,0,NA,0,0,0,0,0,0,NA,NA,NA,NA,NA,NA,NA,NA,0,0,0,0,NA,NA,NA,NA,NA
"Dieter Schuh","c84c4c54-3955-11ef-9d35-157c9bc18a5f",NA,NA,1971,"9/22/1971","8d6b1be7-3960-11ef-a7ca-9b08c5d4c173","away","SpVgg 1887 Möhringen","TSV Milbertshofen",16,11,TRUE,0,NA,NA,0,0,0,NA,0,0,0,0,0,0,NA,NA,NA,NA,NA,NA,NA,NA,0,0,0,0,NA,NA,NA,NA,NA
"Robert Bach","c85fda21-3955-11ef-9bd8-157c9bc18a5f",NA,NA,1971,"9/22/1971","8d6b1be7-3960-11ef-a7ca-9b08c5d4c173","away","SpVgg 1887 Möhringen","TSV Milbertshofen",16,11,TRUE,0,NA,NA,0,0,0,NA,0,0,0,0,0,0,NA,NA,NA,NA,NA,NA,NA,NA,0,0,0,0,NA,NA,NA,NA,NA
"Karl-Heinz Steinbach","c864fc61-3955-11ef-bc13-157c9bc18a5f",NA,NA,1971,"9/22/1971","8d6b1be7-3960-11ef-a7ca-9b08c5d4c173","away","SpVgg 1887 Möhringen","TSV Milbertshofen",16,11,TRUE,1,NA,NA,0,0,0,NA,0,0,0,0,0,0,NA,NA,NA,NA,NA,NA,NA,NA,0,0,0,0,NA,NA,NA,NA,NA
"Wolfgang Schall","c869381d-3955-11ef-a2ed-157c9bc18a5f",NA,NA,1971,"9/22/1971","8d6b1be7-3960-11ef-a7ca-9b08c5d4c173","away","SpVgg 1887 Möhringen","TSV Milbertshofen",16,11,TRUE,3,NA,NA,0,0,0,NA,0,0,0,0,0,0,NA,NA,NA,NA,NA,NA,NA,NA,0,0,0,0,NA,NA,NA,NA,NA
"Günter Heger","c9b80786-3955-11ef-80ae-157c9bc18a5f",NA,NA,1971,"9/22/1971","8d6b1be7-3960-11ef-a7ca-9b08c5d4c173","away","SpVgg 1887 Möhringen","TSV Milbertshofen",16,11,TRUE,0,NA,NA,0,0,0,NA,0,0,0,0,0,0,NA,NA,NA,NA,NA,NA,NA,NA,0,0,0,0,NA,NA,NA,NA,NA
"Peter Bucher","8e0071c9-3955-11ef-8ff8-81dc40648355",NA,NA,1971,"9/22/1971","8dda95db-3960-11ef-a041-9b08c5d4c173","home","FRISCH AUF! Göppingen","TSV 1896 Rintheim",18,10,TRUE,7,NA,NA,0,0,0,NA,0,0,0,0,0,0,NA,NA,NA,NA,NA,NA,NA,NA,0,0,0,0,NA,NA,NA,NA,NA
"Max Müller","99453a6b-3955-11ef-84c2-292be3190b7b",NA,NA,1971,"9/22/1971","8dda95db-3960-11ef-a041-9b08c5d4c173","home","FRISCH AUF! Göppingen","TSV 1896 Rintheim",18,10,TRUE,2,NA,NA,0,0,1,NA,0,0,0,0,0,0,NA,NA,NA,NA,NA,NA,NA,NA,0,0,0,0,NA,NA,NA,NA,NA
"Werner Fischer","af3a0885-3955-11ef-a884-a36230ada079",NA,NA,1971,"9/22/1971","8dda95db-3960-11ef-a041-9b08c5d4c173","home","FRISCH AUF! Göppingen","TSV 1896 Rintheim",18,10,TRUE,0,NA,NA,0,0,0,NA,0,0,0,0,0,0,NA,NA,NA,NA,NA,NA,NA,NA,0,0,0,0,NA,NA,NA,NA,NA
"Hans Brodbeck","b1f00cc3-3955-11ef-b4c9-a36230ada079",NA,NA,1971,"9/22/1971","8dda95db-3960-11ef-a041-9b08c5d4c173","home","FRISCH AUF! Göppingen","TSV 1896 Rintheim",18,10,TRUE,0,NA,NA,0,0,0,NA,0,0,0,0,0,0,NA,NA,NA,NA,NA,NA,NA,NA,0,0,0,0,NA,NA,NA,NA,NA
"Hans-Dieter Schunter","b2054717-3955-11ef-a22c-a36230ada079",NA,NA,1971,"9/22/1971","8dda95db-3960-11ef-a041-9b08c5d4c173","home","FRISCH AUF! Göppingen","TSV 1896 Rintheim",18,10,TRUE,1,NA,NA,0,0,0,NA,0,0,0,0,0,0,NA,NA,NA,NA,NA,NA,NA,NA,0,0,0,0,NA,NA,NA,NA,NA
"Paul Epple","bc8167af-3955-11ef-8748-ab397f561917",NA,NA,1971,"9/22/1971","8dda95db-3960-11ef-a041-9b08c5d4c173","home","FRISCH AUF! Göppingen","TSV 1896 Rintheim",18,10,TRUE,3,NA,NA,0,0,2,NA,0,0,0,0,0,0,NA,NA,NA,NA,NA,NA,NA,NA,0,0,0,0,NA,NA,NA,NA,NA
"Walter Pflüger","bc85cdbc-3955-11ef-8e24-ab397f561917",NA,NA,1971,"9/22/1971","8dda95db-3960-11ef-a041-9b08c5d4c173","home","FRISCH AUF! Göppingen","TSV 1896 Rintheim",18,10,TRUE,1,NA,NA,0,0,0,NA,0,0,0,0,0,0,NA,NA,NA,NA,NA,NA,NA,NA,0,0,0,0,NA,NA,NA,NA,NA
"Werner Arndt","c71116e0-3955-11ef-85d3-157c9bc18a5f",NA,NA,1971,"9/22/1971","8dda95db-3960-11ef-a041-9b08c5d4c173","home","FRISCH AUF! Göppingen","TSV 1896 Rintheim",18,10,TRUE,1,NA,NA,0,0,0,NA,0,0,0,0,0,0,NA,NA,NA,NA,NA,NA,NA,NA,0,0,0,0,NA,NA,NA,NA,NA
"Christian Patzer","c715a1de-3955-11ef-bc54-157c9bc18a5f",NA,NA,1971,"9/22/1971","8dda95db-3960-11ef-a041-9b08c5d4c173","home","FRISCH AUF! Göppingen","TSV 1896 Rintheim",18,10,TRUE,1,NA,NA,0,0,0,NA,0,0,0,0,0,0,NA,NA,NA,NA,NA,NA,NA,NA,0,0,0,0,NA,NA,NA,NA,NA
"Uwe Rathjen","c898158b-3955-11ef-82cb-157c9bc18a5f",NA,NA,1971,"9/22/1971","8dda95db-3960-11ef-a041-9b08c5d4c173","home","FRISCH AUF! Göppingen","TSV 1896 Rintheim",18,10,TRUE,0,NA,NA,0,0,0,NA,0,0,0,0,0,0,NA,NA,NA,NA,NA,NA,NA,NA,0,0,0,0,NA,NA,NA,NA,NA
"Armin Eisele","c9cc4c1b-3955-11ef-9f9f-157c9bc18a5f",NA,NA,1971,"9/22/1971","8dda95db-3960-11ef-a041-9b08c5d4c173","home","FRISCH AUF! Göppingen","TSV 1896 Rintheim",18,10,TRUE,2,NA,NA,0,0,0,NA,0,0,0,0,0,0,NA,NA,NA,NA,NA,NA,NA,NA,0,0,0,0,NA,NA,NA,NA,NA
"Günter Schweikardt","d3e60b79-3953-11ef-9e8c-e3f2de03a1b7",NA,NA,1971,"9/22/1971","8dda95db-3960-11ef-a041-9b08c5d4c173","home","FRISCH AUF! Göppingen","TSV 1896 Rintheim",18,10,TRUE,0,NA,NA,0,0,0,NA,0,0,0,0,0,0,NA,NA,NA,NA,NA,NA,NA,NA,0,0,0,0,NA,NA,NA,NA,NA
"Gerhard Gaiser","7fd4e3db-3955-11ef-b327-b908c60af10a",NA,NA,1971,"9/22/1971","8dda95db-3960-11ef-a041-9b08c5d4c173","away","TSV 1896 Rintheim","FRISCH AUF! Göppingen",10,18,FALSE,1,NA,NA,0,0,0,NA,0,0,0,0,0,0,NA,NA,NA,NA,NA,NA,NA,NA,0,0,0,0,NA,NA,NA,NA,NA
"Wolf-Dieter Nagel","8d41486b-3955-11ef-8d22-81dc40648355",NA,NA,1971,"9/22/1971","8dda95db-3960-11ef-a041-9b08c5d4c173","away","TSV 1896 Rintheim","FRISCH AUF! Göppingen",10,18,FALSE,3,NA,NA,0,0,0,NA,0,0,0,0,0,0,NA,NA,NA,NA,NA,NA,NA,NA,0,0,0,0,NA,NA,NA,NA,NA
"Franz Bechler","98035d7e-3955-11ef-8b94-292be3190b7b",NA,NA,1971,"9/22/1971","8dda95db-3960-11ef-a041-9b08c5d4c173","away","TSV 1896 Rintheim","FRISCH AUF! Göppingen",10,18,FALSE,1,NA,NA,0,0,0,NA,0,0,0,0,0,0,NA,NA,NA,NA,NA,NA,NA,NA,0,0,0,0,NA,NA,NA,NA,NA
"Hans-Eberhard Finkbeiner","a2f451eb-3955-11ef-99da-2510cc07ea6e",NA,NA,1971,"9/22/1971","8dda95db-3960-11ef-a041-9b08c5d4c173","away","TSV 1896 Rintheim","FRISCH AUF! Göppingen",10,18,FALSE,0,NA,NA,0,0,0,NA,0,0,0,0,0,0,NA,NA,NA,NA,NA,NA,NA,NA,0,0,0,0,NA,NA,NA,NA,NA
"Bernd Seibel","bc6670d9-3955-11ef-b849-ab397f561917",NA,NA,1971,"9/22/1971","8dda95db-3960-11ef-a041-9b08c5d4c173","away","TSV 1896 Rintheim","FRISCH AUF! Göppingen",10,18,FALSE,0,NA,NA,0,0,0,NA,0,0,0,0,0,0,NA,NA,NA,NA,NA,NA,NA,NA,0,0,0,0,NA,NA,NA,NA,NA
"Wolfgang Dillenberger","bc6a40c8-3955-11ef-8c9f-ab397f561917",NA,NA,1971,"9/22/1971","8dda95db-3960-11ef-a041-9b08c5d4c173","away","TSV 1896 Rintheim","FRISCH AUF! Göppingen",10,18,FALSE,2,NA,NA,0,0,1,NA,0,0,0,0,0,0,NA,NA,NA,NA,NA,NA,NA,NA,0,0,0,0,NA,NA,NA,NA,NA
"Max Ullrich","c6e110c6-3955-11ef-83e4-157c9bc18a5f",NA,NA,1971,"9/22/1971","8dda95db-3960-11ef-a041-9b08c5d4c173","away","TSV 1896 Rintheim","FRISCH AUF! Göppingen",10,18,FALSE,0,NA,NA,0,0,0,NA,0,0,0,0,0,0,NA,NA,NA,NA,NA,NA,NA,NA,0,0,0,0,NA,NA,NA,NA,NA
"Richard Baumer","c6e9de45-3955-11ef-b5bf-157c9bc18a5f",NA,NA,1971,"9/22/1971","8dda95db-3960-11ef-a041-9b08c5d4c173","away","TSV 1896 Rintheim","FRISCH AUF! Göppingen",10,18,FALSE,0,NA,NA,0,0,0,NA,0,0,0,0,0,0,NA,NA,NA,NA,NA,NA,NA,NA,0,0,0,0,NA,NA,NA,NA,NA
"Roland Kühnle","c6f228fe-3955-11ef-a362-157c9bc18a5f",NA,NA,1971,"9/22/1971","8dda95db-3960-11ef-a041-9b08c5d4c173","away","TSV 1896 Rintheim","FRISCH AUF! Göppingen",10,18,FALSE,1,NA,NA,0,0,0,NA,0,0,0,0,0,0,NA,NA,NA,NA,NA,NA,NA,NA,0,0,0,0,NA,NA,NA,NA,NA
"Roland Schubach","c8722d8e-3955-11ef-b351-157c9bc18a5f",NA,NA,1971,"9/22/1971","8dda95db-3960-11ef-a041-9b08c5d4c173","away","TSV 1896 Rintheim","FRISCH AUF! Göppingen",10,18,FALSE,0,NA,NA,0,0,0,NA,0,0,0,0,0,0,NA,NA,NA,NA,NA,NA,NA,NA,0,0,0,0,NA,NA,NA,NA,NA
"Siegfried Brabec","c87758a1-3955-11ef-9dbd-157c9bc18a5f",NA,NA,1971,"9/22/1971","8dda95db-3960-11ef-a041-9b08c5d4c173","away","TSV 1896 Rintheim","FRISCH AUF! Göppingen",10,18,FALSE,0,NA,NA,0,0,0,NA,0,0,0,0,0,0,NA,NA,NA,NA,NA,NA,NA,NA,0,0,0,0,NA,NA,NA,NA,NA
"Josef Bechler","c88a53f3-3955-11ef-bd99-157c9bc18a5f",NA,NA,1971,"9/22/1971","8dda95db-3960-11ef-a041-9b08c5d4c173","away","TSV 1896 Rintheim","FRISCH AUF! Göppingen",10,18,FALSE,2,NA,NA,0,0,0,NA,0,0,0,0,0,0,NA,NA,NA,NA,NA,NA,NA,NA,0,0,0,0,NA,NA,NA,NA,NA
"Herbert Rogge","b06614d7-3955-11ef-a43b-a36230ada079",NA,NA,1971,"9/25/1971","807fd300-3960-11ef-80ca-2906cc9fb6bc","home","VfL Lübeck-Schwartau","VfL Gummersbach",17,14,TRUE,5,NA,NA,0,0,0,NA,0,0,0,0,0,0,NA,NA,NA,NA,NA,NA,NA,NA,0,0,0,0,NA,NA,NA,NA,NA
"Ingo Callies","b0b0659b-3955-11ef-87aa-a36230ada079",NA,NA,1971,"9/25/1971","807fd300-3960-11ef-80ca-2906cc9fb6bc","home","VfL Lübeck-Schwartau","VfL Gummersbach",17,14,TRUE,4,NA,NA,0,0,0,NA,0,0,0,0,0,0,NA,NA,NA,NA,NA,NA,NA,NA,0,0,0,0,NA,NA,NA,NA,NA
"Michael Dogs","b0cecb4a-3955-11ef-b665-a36230ada079",NA,NA,1971,"9/25/1971","807fd300-3960-11ef-80ca-2906cc9fb6bc","home","VfL Lübeck-Schwartau","VfL Gummersbach",17,14,TRUE,0,NA,NA,0,0,0,NA,0,0,0,0,0,0,NA,NA,NA,NA,NA,NA,NA,NA,0,0,0,0,NA,NA,NA,NA,NA
"Joachim Römer","b0dcb8e7-3955-11ef-83ab-a36230ada079",NA,NA,1971,"9/25/1971","807fd300-3960-11ef-80ca-2906cc9fb6bc","home","VfL Lübeck-Schwartau","VfL Gummersbach",17,14,TRUE,2,NA,NA,0,0,0,NA,0,0,0,0,0,0,NA,NA,NA,NA,NA,NA,NA,NA,0,0,0,0,NA,NA,NA,NA,NA
"Peter Görtz","b0e9ae8f-3955-11ef-aa48-a36230ada079",NA,NA,1971,"9/25/1971","807fd300-3960-11ef-80ca-2906cc9fb6bc","home","VfL Lübeck-Schwartau","VfL Gummersbach",17,14,TRUE,4,NA,NA,0,0,2,NA,0,0,0,0,0,0,NA,NA,NA,NA,NA,NA,NA,NA,0,0,0,0,NA,NA,NA,NA,NA
"Ulrich Kleinstoll","b0f37438-3955-11ef-84e6-a36230ada079",NA,NA,1971,"9/25/1971","807fd300-3960-11ef-80ca-2906cc9fb6bc","home","VfL Lübeck-Schwartau","VfL Gummersbach",17,14,TRUE,1,NA,NA,0,0,0,NA,0,0,0,0,0,0,NA,NA,NA,NA,NA,NA,NA,NA,0,0,0,0,NA,NA,NA,NA,NA
"Hans-Martin Müller-Wolf","b1020054-3955-11ef-8e79-a36230ada079",NA,NA,1971,"9/25/1971","807fd300-3960-11ef-80ca-2906cc9fb6bc","home","VfL Lübeck-Schwartau","VfL Gummersbach",17,14,TRUE,0,NA,NA,0,0,0,NA,0,0,0,0,0,0,NA,NA,NA,NA,NA,NA,NA,NA,0,0,0,0,NA,NA,NA,NA,NA
"Geert Geusendam","baee7cab-3955-11ef-95ba-ab397f561917",NA,NA,1971,"9/25/1971","807fd300-3960-11ef-80ca-2906cc9fb6bc","home","VfL Lübeck-Schwartau","VfL Gummersbach",17,14,TRUE,0,NA,NA,0,0,0,NA,0,0,0,0,0,0,NA,NA,NA,NA,NA,NA,NA,NA,0,0,0,0,NA,NA,NA,NA,NA
"Georg Pohl","baff6cee-3955-11ef-a80f-ab397f561917",NA,NA,1971,"9/25/1971","807fd300-3960-11ef-80ca-2906cc9fb6bc","home","VfL Lübeck-Schwartau","VfL Gummersbach",17,14,TRUE,1,NA,NA,0,0,0,NA,0,0,0,0,0,0,NA,NA,NA,NA,NA,NA,NA,NA,0,0,0,0,NA,NA,NA,NA,NA
"Jochen Krummland","c7b078f7-3955-11ef-932e-157c9bc18a5f",NA,NA,1971,"9/25/1971","807fd300-3960-11ef-80ca-2906cc9fb6bc","home","VfL Lübeck-Schwartau","VfL Gummersbach",17,14,TRUE,0,NA,NA,0,0,0,NA,0,0,0,0,0,0,NA,NA,NA,NA,NA,NA,NA,NA,0,0,0,0,NA,NA,NA,NA,NA
"Björn Clausen","c7b94735-3955-11ef-b741-157c9bc18a5f",NA,NA,1971,"9/25/1971","807fd300-3960-11ef-80ca-2906cc9fb6bc","home","VfL Lübeck-Schwartau","VfL Gummersbach",17,14,TRUE,0,NA,NA,0,0,0,NA,0,0,0,0,0,0,NA,NA,NA,NA,NA,NA,NA,NA,0,0,0,0,NA,NA,NA,NA,NA
"Bruno Zantop","c91cafd4-3955-11ef-9bbf-157c9bc18a5f",NA,NA,1971,"9/25/1971","807fd300-3960-11ef-80ca-2906cc9fb6bc","home","VfL Lübeck-Schwartau","VfL Gummersbach",17,14,TRUE,0,NA,NA,0,0,0,NA,0,0,0,0,0,0,NA,NA,NA,NA,NA,NA,NA,NA,0,0,0,0,NA,NA,NA,NA,NA
"Klaus-Peter Schmidt","c926f113-3955-11ef-8497-157c9bc18a5f",NA,NA,1971,"9/25/1971","807fd300-3960-11ef-80ca-2906cc9fb6bc","home","VfL Lübeck-Schwartau","VfL Gummersbach",17,14,TRUE,0,NA,NA,0,0,0,NA,0,0,0,0,0,0,NA,NA,NA,NA,NA,NA,NA,NA,0,0,0,0,NA,NA,NA,NA,NA
"Klaus Westebbe","8c58f63a-3955-11ef-b65e-81dc40648355",NA,NA,1971,"9/25/1971","807fd300-3960-11ef-80ca-2906cc9fb6bc","away","VfL Gummersbach","VfL Lübeck-Schwartau",14,17,FALSE,1,NA,NA,0,0,1,NA,0,0,0,0,0,0,NA,NA,NA,NA,NA,NA,NA,NA,0,0,0,0,NA,NA,NA,NA,NA
"Klaus Kater","8da1f6ef-3955-11ef-b31a-81dc40648355",NA,NA,1971,"9/25/1971","807fd300-3960-11ef-80ca-2906cc9fb6bc","away","VfL Gummersbach","VfL Lübeck-Schwartau",14,17,FALSE,0,NA,NA,0,0,0,NA,0,0,0,0,0,0,NA,NA,NA,NA,NA,NA,NA,NA,0,0,0,0,NA,NA,NA,NA,NA
"Klaus Schlagheck","97a06613-3955-11ef-8056-292be3190b7b",NA,NA,1971,"9/25/1971","807fd300-3960-11ef-80ca-2906cc9fb6bc","away","VfL Gummersbach","VfL Lübeck-Schwartau",14,17,FALSE,1,NA,NA,0,0,0,NA,0,0,0,0,0,0,NA,NA,NA,NA,NA,NA,NA,NA,0,0,0,0,NA,NA,NA,NA,NA
"Ulrich Ufer","a2c8cfa8-3955-11ef-8510-2510cc07ea6e",NA,NA,1971,"9/25/1971","807fd300-3960-11ef-80ca-2906cc9fb6bc","away","VfL Gummersbach","VfL Lübeck-Schwartau",14,17,FALSE,1,NA,NA,0,0,0,NA,0,0,0,0,0,0,NA,NA,NA,NA,NA,NA,NA,NA,0,0,0,0,NA,NA,NA,NA,NA
"Jochen Feldhoff","a32751a5-3955-11ef-badf-2510cc07ea6e",NA,NA,1971,"9/25/1971","807fd300-3960-11ef-80ca-2906cc9fb6bc","away","VfL Gummersbach","VfL Lübeck-Schwartau",14,17,FALSE,2,NA,NA,0,0,0,NA,0,0,0,0,0,0,NA,NA,NA,NA,NA,NA,NA,NA,0,0,0,0,NA,NA,NA,NA,NA
"Helmut Keller","ae2fb2ba-3955-11ef-b38f-a36230ada079",NA,NA,1971,"9/25/1971","807fd300-3960-11ef-80ca-2906cc9fb6bc","away","VfL Gummersbach","VfL Lübeck-Schwartau",14,17,FALSE,0,NA,NA,0,0,0,NA,0,0,0,0,0,0,NA,NA,NA,NA,NA,NA,NA,NA,0,0,0,0,NA,NA,NA,NA,NA
"Hans-Günther Schmidt","aff5702f-3955-11ef-9878-a36230ada079",NA,NA,1971,"9/25/1971","807fd300-3960-11ef-80ca-2906cc9fb6bc","away","VfL Gummersbach","VfL Lübeck-Schwartau",14,17,FALSE,6,NA,NA,0,0,0,NA,0,0,0,0,0,0,NA,NA,NA,NA,NA,NA,NA,NA,0,0,0,0,NA,NA,NA,NA,NA
"Jochen Brand","ba44375c-3955-11ef-a5d6-ab397f561917",NA,NA,1971,"9/25/1971","807fd300-3960-11ef-80ca-2906cc9fb6bc","away","VfL Gummersbach","VfL Lübeck-Schwartau",14,17,FALSE,2,NA,NA,0,0,0,NA,0,0,0,0,0,0,NA,NA,NA,NA,NA,NA,NA,NA,0,0,0,0,NA,NA,NA,NA,NA
"Uwe Braunschweig","ba4aaa94-3955-11ef-be97-ab397f561917",NA,NA,1971,"9/25/1971","807fd300-3960-11ef-80ca-2906cc9fb6bc","away","VfL Gummersbach","VfL Lübeck-Schwartau",14,17,FALSE,0,NA,NA,0,0,0,NA,0,0,0,0,0,0,NA,NA,NA,NA,NA,NA,NA,NA,0,0,0,0,NA,NA,NA,NA,NA
"Bruno Zay","bce5dbb8-3955-11ef-ac9b-ab397f561917",NA,NA,1971,"9/25/1971","807fd300-3960-11ef-80ca-2906cc9fb6bc","away","VfL Gummersbach","VfL Lübeck-Schwartau",14,17,FALSE,1,NA,NA,0,0,0,NA,0,0,0,0,0,0,NA,NA,NA,NA,NA,NA,NA,NA,0,0,0,0,NA,NA,NA,NA,NA
"Gerhard Leiste","c735d7ed-3955-11ef-b576-157c9bc18a5f",NA,NA,1971,"9/25/1971","807fd300-3960-11ef-80ca-2906cc9fb6bc","away","VfL Gummersbach","VfL Lübeck-Schwartau",14,17,FALSE,0,NA,NA,0,0,0,NA,0,0,0,0,0,0,NA,NA,NA,NA,NA,NA,NA,NA,0,0,0,0,NA,NA,NA,NA,NA
"Bernhard Busch","8dc9280f-3955-11ef-80e2-81dc40648355",NA,NA,1971,"9/25/1971","8197d30a-3960-11ef-bdc9-2906cc9fb6bc","home","GWD Minden","TSB Flensburg",22,12,TRUE,1,NA,NA,0,0,0,NA,0,0,0,0,0,0,NA,NA,NA,NA,NA,NA,NA,NA,0,0,0,0,NA,NA,NA,NA,NA
"Martin Karcher","980f80ce-3955-11ef-8054-292be3190b7b",NA,NA,1971,"9/25/1971","8197d30a-3960-11ef-bdc9-2906cc9fb6bc","home","GWD Minden","TSB Flensburg",22,12,TRUE,0,NA,NA,0,0,0,NA,0,0,0,0,0,0,NA,NA,NA,NA,NA,NA,NA,NA,0,0,0,0,NA,NA,NA,NA,NA
"Hans Kramer","98f50290-3955-11ef-8aa8-292be3190b7b",NA,NA,1971,"9/25/1971","8197d30a-3960-11ef-bdc9-2906cc9fb6bc","home","GWD Minden","TSB Flensburg",22,12,TRUE,2,NA,NA,0,0,0,NA,0,0,0,0,0,0,NA,NA,NA,NA,NA,NA,NA,NA,0,0,0,0,NA,NA,NA,NA,NA
"Wilfried Meyer","a34b2aa0-3955-11ef-a79c-2510cc07ea6e",NA,NA,1971,"9/25/1971","8197d30a-3960-11ef-bdc9-2906cc9fb6bc","home","GWD Minden","TSB Flensburg",22,12,TRUE,0,NA,NA,0,0,0,NA,0,0,0,0,0,0,NA,NA,NA,NA,NA,NA,NA,NA,0,0,0,0,NA,NA,NA,NA,NA
"Jobst-Erich Rehse","b00be251-3955-11ef-ac35-a36230ada079",NA,NA,1971,"9/25/1971","8197d30a-3960-11ef-bdc9-2906cc9fb6bc","home","GWD Minden","TSB Flensburg",22,12,TRUE,2,NA,NA,0,0,1,NA,0,0,0,0,0,0,NA,NA,NA,NA,NA,NA,NA,NA,0,0,0,0,NA,NA,NA,NA,NA
"Bernd Munck","ba5ee5e3-3955-11ef-9f80-ab397f561917",NA,NA,1971,"9/25/1971","8197d30a-3960-11ef-bdc9-2906cc9fb6bc","home","GWD Minden","TSB Flensburg",22,12,TRUE,5,NA,NA,0,0,1,NA,0,0,0,0,0,0,NA,NA,NA,NA,NA,NA,NA,NA,0,0,0,0,NA,NA,NA,NA,NA
"Wilfried Drögemeier","ba63ada7-3955-11ef-a04d-ab397f561917",NA,NA,1971,"9/25/1971","8197d30a-3960-11ef-bdc9-2906cc9fb6bc","home","GWD Minden","TSB Flensburg",22,12,TRUE,1,NA,NA,0,0,0,NA,0,0,0,0,0,0,NA,NA,NA,NA,NA,NA,NA,NA,0,0,0,0,NA,NA,NA,NA,NA
"Klaus Barlach","bcee5b38-3955-11ef-a026-ab397f561917",NA,NA,1971,"9/25/1971","8197d30a-3960-11ef-bdc9-2906cc9fb6bc","home","GWD Minden","TSB Flensburg",22,12,TRUE,2,NA,NA,0,0,0,NA,0,0,0,0,0,0,NA,NA,NA,NA,NA,NA,NA,NA,0,0,0,0,NA,NA,NA,NA,NA
"Otto Weng","bcfbec1c-3955-11ef-b4f4-ab397f561917",NA,NA,1971,"9/25/1971","8197d30a-3960-11ef-bdc9-2906cc9fb6bc","home","GWD Minden","TSB Flensburg",22,12,TRUE,4,NA,NA,0,0,0,NA,0,0,0,0,0,0,NA,NA,NA,NA,NA,NA,NA,NA,0,0,0,0,NA,NA,NA,NA,NA
"Burkhard Krocker","bcffdc62-3955-11ef-b52a-ab397f561917",NA,NA,1971,"9/25/1971","8197d30a-3960-11ef-bdc9-2906cc9fb6bc","home","GWD Minden","TSB Flensburg",22,12,TRUE,2,NA,NA,0,0,0,NA,0,0,0,0,0,0,NA,NA,NA,NA,NA,NA,NA,NA,0,0,0,0,NA,NA,NA,NA,NA
"Jürgen Buhrmester","c747ff25-3955-11ef-9695-157c9bc18a5f",NA,NA,1971,"9/25/1971","8197d30a-3960-11ef-bdc9-2906cc9fb6bc","home","GWD Minden","TSB Flensburg",22,12,TRUE,3,NA,NA,0,0,0,NA,0,0,0,0,0,0,NA,NA,NA,NA,NA,NA,NA,NA,0,0,0,0,NA,NA,NA,NA,NA
"Manfred Horstkötter","c8a23936-3955-11ef-9884-157c9bc18a5f",NA,NA,1971,"9/25/1971","8197d30a-3960-11ef-bdc9-2906cc9fb6bc","home","GWD Minden","TSB Flensburg",22,12,TRUE,0,NA,NA,0,0,0,NA,0,0,0,0,0,0,NA,NA,NA,NA,NA,NA,NA,NA,0,0,0,0,NA,NA,NA,NA,NA
"Hans-Joachim Krüger","989303b8-3955-11ef-ac0a-292be3190b7b",NA,NA,1971,"9/25/1971","8197d30a-3960-11ef-bdc9-2906cc9fb6bc","away","TSB Flensburg","GWD Minden",12,22,FALSE,3,NA,NA,0,0,3,NA,0,0,0,0,0,0,NA,NA,NA,NA,NA,NA,NA,NA,0,0,0,0,NA,NA,NA,NA,NA
"Ulrich Althoff","bb6c27f0-3955-11ef-9d06-ab397f561917",NA,NA,1971,"9/25/1971","8197d30a-3960-11ef-bdc9-2906cc9fb6bc","away","TSB Flensburg","GWD Minden",12,22,FALSE,0,NA,NA,0,0,0,NA,0,0,0,0,0,0,NA,NA,NA,NA,NA,NA,NA,NA,0,0,0,0,NA,NA,NA,NA,NA
"Helmut Wolff","c8c361d9-3955-11ef-b16f-157c9bc18a5f",NA,NA,1971,"9/25/1971","8197d30a-3960-11ef-bdc9-2906cc9fb6bc","away","TSB Flensburg","GWD Minden",12,22,FALSE,0,NA,NA,0,0,0,NA,0,0,0,0,0,0,NA,NA,NA,NA,NA,NA,NA,NA,0,0,0,0,NA,NA,NA,NA,NA
"Sönke Voß","c8c872dc-3955-11ef-8979-157c9bc18a5f",NA,NA,1971,"9/25/1971","8197d30a-3960-11ef-bdc9-2906cc9fb6bc","away","TSB Flensburg","GWD Minden",12,22,FALSE,0,NA,NA,0,0,0,NA,0,0,0,0,0,0,NA,NA,NA,NA,NA,NA,NA,NA,0,0,0,0,NA,NA,NA,NA,NA
"Trutz Kob","c8ccf221-3955-11ef-8f6f-157c9bc18a5f",NA,NA,1971,"9/25/1971","8197d30a-3960-11ef-bdc9-2906cc9fb6bc","away","TSB Flensburg","GWD Minden",12,22,FALSE,1,NA,NA,0,0,0,NA,0,0,0,0,0,0,NA,NA,NA,NA,NA,NA,NA,NA,0,0,0,0,NA,NA,NA,NA,NA
"Gerhard Brast","c8d5c599-3955-11ef-8eef-157c9bc18a5f",NA,NA,1971,"9/25/1971","8197d30a-3960-11ef-bdc9-2906cc9fb6bc","away","TSB Flensburg","GWD Minden",12,22,FALSE,2,NA,NA,0,0,0,NA,0,0,0,0,0,0,NA,NA,NA,NA,NA,NA,NA,NA,0,0,0,0,NA,NA,NA,NA,NA
"Günter Jensen","c8d9f473-3955-11ef-9c30-157c9bc18a5f",NA,NA,1971,"9/25/1971","8197d30a-3960-11ef-bdc9-2906cc9fb6bc","away","TSB Flensburg","GWD Minden",12,22,FALSE,1,NA,NA,0,0,0,NA,0,0,0,0,0,0,NA,NA,NA,NA,NA,NA,NA,NA,0,0,0,0,NA,NA,NA,NA,NA
"Claus Karstens","c8de58ae-3955-11ef-9aa5-157c9bc18a5f",NA,NA,1971,"9/25/1971","8197d30a-3960-11ef-bdc9-2906cc9fb6bc","away","TSB Flensburg","GWD Minden",12,22,FALSE,2,NA,NA,0,0,0,NA,0,0,0,0,0,0,NA,NA,NA,NA,NA,NA,NA,NA,0,0,0,0,NA,NA,NA,NA,NA
"Rolf Asmussen","c8e24957-3955-11ef-86ce-157c9bc18a5f",NA,NA,1971,"9/25/1971","8197d30a-3960-11ef-bdc9-2906cc9fb6bc","away","TSB Flensburg","GWD Minden",12,22,FALSE,1,NA,NA,0,0,0,NA,0,0,0,0,0,0,NA,NA,NA,NA,NA,NA,NA,NA,0,0,0,0,NA,NA,NA,NA,NA
"Knud Börnsen","c8e6ee04-3955-11ef-bb81-157c9bc18a5f",NA,NA,1971,"9/25/1971","8197d30a-3960-11ef-bdc9-2906cc9fb6bc","away","TSB Flensburg","GWD Minden",12,22,FALSE,2,NA,NA,0,0,0,NA,0,0,0,0,0,0,NA,NA,NA,NA,NA,NA,NA,NA,0,0,0,0,NA,NA,NA,NA,NA
"Uwe Dahlinger","c8ef76f2-3955-11ef-add0-157c9bc18a5f",NA,NA,1971,"9/25/1971","8197d30a-3960-11ef-bdc9-2906cc9fb6bc","away","TSB Flensburg","GWD Minden",12,22,FALSE,0,NA,NA,0,0,0,NA,0,0,0,0,0,0,NA,NA,NA,NA,NA,NA,NA,NA,0,0,0,0,NA,NA,NA,NA,NA
"Robert Becker","ae8c50f9-3955-11ef-91c4-a36230ada079",NA,NA,1971,"9/25/1971","84dd3ce9-3960-11ef-8776-2906cc9fb6bc","home","TV Hochdorf","TSV Milbertshofen",16,20,FALSE,2,NA,NA,0,0,0,NA,0,0,0,0,0,0,NA,NA,NA,NA,NA,NA,NA,NA,0,0,0,0,NA,NA,NA,NA,NA
"Jürgen Hahn","ae947745-3955-11ef-bc54-a36230ada079",NA,NA,1971,"9/25/1971","84dd3ce9-3960-11ef-8776-2906cc9fb6bc","home","TV Hochdorf","TSV Milbertshofen",16,20,FALSE,0,NA,NA,0,0,0,NA,0,0,0,0,0,0,NA,NA,NA,NA,NA,NA,NA,NA,0,0,0,0,NA,NA,NA,NA,NA
"Hans Stein","bde4861d-3955-11ef-a14e-ab397f561917",NA,NA,1971,"9/25/1971","84dd3ce9-3960-11ef-8776-2906cc9fb6bc","home","TV Hochdorf","TSV Milbertshofen",16,20,FALSE,2,NA,NA,0,0,0,NA,0,0,0,0,0,0,NA,NA,NA,NA,NA,NA,NA,NA,0,0,0,0,NA,NA,NA,NA,NA
"Edwin Hutter","c93080aa-3955-11ef-85b4-157c9bc18a5f",NA,NA,1971,"9/25/1971","84dd3ce9-3960-11ef-8776-2906cc9fb6bc","home","TV Hochdorf","TSV Milbertshofen",16,20,FALSE,0,NA,NA,0,0,0,NA,0,0,0,0,0,0,NA,NA,NA,NA,NA,NA,NA,NA,0,0,0,0,NA,NA,NA,NA,NA
"Hans Schmitz","c9354efe-3955-11ef-b77a-157c9bc18a5f",NA,NA,1971,"9/25/1971","84dd3ce9-3960-11ef-8776-2906cc9fb6bc","home","TV Hochdorf","TSV Milbertshofen",16,20,FALSE,0,NA,NA,0,0,0,NA,0,0,0,0,0,0,NA,NA,NA,NA,NA,NA,NA,NA,0,0,0,0,NA,NA,NA,NA,NA
"Werner Häfele","c9414487-3955-11ef-a5df-157c9bc18a5f",NA,NA,1971,"9/25/1971","84dd3ce9-3960-11ef-8776-2906cc9fb6bc","home","TV Hochdorf","TSV Milbertshofen",16,20,FALSE,4,NA,NA,0,0,4,NA,0,0,0,0,0,0,NA,NA,NA,NA,NA,NA,NA,NA,0,0,0,0,NA,NA,NA,NA,NA
"Willi Butz","c945a2f1-3955-11ef-8b53-157c9bc18a5f",NA,NA,1971,"9/25/1971","84dd3ce9-3960-11ef-8776-2906cc9fb6bc","home","TV Hochdorf","TSV Milbertshofen",16,20,FALSE,0,NA,NA,0,0,0,NA,0,0,0,0,0,0,NA,NA,NA,NA,NA,NA,NA,NA,0,0,0,0,NA,NA,NA,NA,NA
"Peter Frisch","c94a46b7-3955-11ef-8686-157c9bc18a5f",NA,NA,1971,"9/25/1971","84dd3ce9-3960-11ef-8776-2906cc9fb6bc","home","TV Hochdorf","TSV Milbertshofen",16,20,FALSE,1,NA,NA,0,0,0,NA,0,0,0,0,0,0,NA,NA,NA,NA,NA,NA,NA,NA,0,0,0,0,NA,NA,NA,NA,NA
"Werner Matill","c9539495-3955-11ef-9bff-157c9bc18a5f",NA,NA,1971,"9/25/1971","84dd3ce9-3960-11ef-8776-2906cc9fb6bc","home","TV Hochdorf","TSV Milbertshofen",16,20,FALSE,4,NA,NA,0,0,0,NA,0,0,0,0,0,0,NA,NA,NA,NA,NA,NA,NA,NA,0,0,0,0,NA,NA,NA,NA,NA
"Hans Moser","7e83ce46-3955-11ef-830d-b908c60af10a",NA,NA,1971,"9/25/1971","84dd3ce9-3960-11ef-8776-2906cc9fb6bc","away","TSV Milbertshofen","TV Hochdorf",20,16,TRUE,7,NA,NA,0,0,0,NA,0,0,0,0,0,0,NA,NA,NA,NA,NA,NA,NA,NA,0,0,0,0,NA,NA,NA,NA,NA
"Werner Winkelmeier","9712104e-3955-11ef-9613-292be3190b7b",NA,NA,1971,"9/25/1971","84dd3ce9-3960-11ef-8776-2906cc9fb6bc","away","TSV Milbertshofen","TV Hochdorf",20,16,TRUE,1,NA,NA,0,0,0,NA,0,0,0,0,0,0,NA,NA,NA,NA,NA,NA,NA,NA,0,0,0,0,NA,NA,NA,NA,NA
"Gerhard Ochsenkühn","97259ed1-3955-11ef-96ca-292be3190b7b",NA,NA,1971,"9/25/1971","84dd3ce9-3960-11ef-8776-2906cc9fb6bc","away","TSV Milbertshofen","TV Hochdorf",20,16,TRUE,3,NA,NA,0,0,0,NA,0,0,0,0,0,0,NA,NA,NA,NA,NA,NA,NA,NA,0,0,0,0,NA,NA,NA,NA,NA
"Josef Kiener","972d7d47-3955-11ef-a437-292be3190b7b",NA,NA,1971,"9/25/1971","84dd3ce9-3960-11ef-8776-2906cc9fb6bc","away","TSV Milbertshofen","TV Hochdorf",20,16,TRUE,1,NA,NA,0,0,1,NA,0,0,0,0,0,0,NA,NA,NA,NA,NA,NA,NA,NA,0,0,0,0,NA,NA,NA,NA,NA
"Rudolf Dobler","97ac407c-3955-11ef-9ea9-292be3190b7b",NA,NA,1971,"9/25/1971","84dd3ce9-3960-11ef-8776-2906cc9fb6bc","away","TSV Milbertshofen","TV Hochdorf",20,16,TRUE,0,NA,NA,0,0,0,NA,0,0,0,0,0,0,NA,NA,NA,NA,NA,NA,NA,NA,0,0,0,0,NA,NA,NA,NA,NA
"Helmut Schelchshorn","b1c960ef-3955-11ef-850b-a36230ada079",NA,NA,1971,"9/25/1971","84dd3ce9-3960-11ef-8776-2906cc9fb6bc","away","TSV Milbertshofen","TV Hochdorf",20,16,TRUE,2,NA,NA,0,0,0,NA,0,0,0,0,0,0,NA,NA,NA,NA,NA,NA,NA,NA,0,0,0,0,NA,NA,NA,NA,NA
"Peter Feddern","bc1b1b3e-3955-11ef-9c4e-ab397f561917",NA,NA,1971,"9/25/1971","84dd3ce9-3960-11ef-8776-2906cc9fb6bc","away","TSV Milbertshofen","TV Hochdorf",20,16,TRUE,0,NA,NA,0,0,0,NA,0,0,0,0,0,0,NA,NA,NA,NA,NA,NA,NA,NA,0,0,0,0,NA,NA,NA,NA,NA
"Herbert Staiger","c81d1d7c-3955-11ef-b36f-157c9bc18a5f",NA,NA,1971,"9/25/1971","84dd3ce9-3960-11ef-8776-2906cc9fb6bc","away","TSV Milbertshofen","TV Hochdorf",20,16,TRUE,1,NA,NA,0,0,1,NA,0,0,0,0,0,0,NA,NA,NA,NA,NA,NA,NA,NA,0,0,0,0,NA,NA,NA,NA,NA
"Karl Donndorf","c821c668-3955-11ef-a20c-157c9bc18a5f",NA,NA,1971,"9/25/1971","84dd3ce9-3960-11ef-8776-2906cc9fb6bc","away","TSV Milbertshofen","TV Hochdorf",20,16,TRUE,3,NA,NA,0,0,0,NA,0,0,0,0,0,0,NA,NA,NA,NA,NA,NA,NA,NA,0,0,0,0,NA,NA,NA,NA,NA
"Erich Loderer","c9a2ad0a-3955-11ef-9f7e-157c9bc18a5f",NA,NA,1971,"9/25/1971","84dd3ce9-3960-11ef-8776-2906cc9fb6bc","away","TSV Milbertshofen","TV Hochdorf",20,16,TRUE,2,NA,NA,0,0,0,NA,0,0,0,0,0,0,NA,NA,NA,NA,NA,NA,NA,NA,0,0,0,0,NA,NA,NA,NA,NA
"Heinz-Theo Kaus","8086fdf9-3955-11ef-938f-b908c60af10a",NA,NA,1971,"9/25/1971","85c7e1ea-3960-11ef-bf98-2906cc9fb6bc","home","SG Dietzenbach","S3L Handball",9,9,FALSE,0,NA,NA,0,0,0,NA,0,0,0,0,0,0,NA,NA,NA,NA,NA,NA,NA,NA,0,0,0,0,NA,NA,NA,NA,NA
"Peter Fenn","96d23185-3955-11ef-bbcf-292be3190b7b",NA,NA,1971,"9/25/1971","85c7e1ea-3960-11ef-bf98-2906cc9fb6bc","home","SG Dietzenbach","S3L Handball",9,9,FALSE,0,NA,NA,0,0,0,NA,0,0,0,0,0,0,NA,NA,NA,NA,NA,NA,NA,NA,0,0,0,0,NA,NA,NA,NA,NA
"Herbert Wehnert","96e104db-3955-11ef-b58d-292be3190b7b",NA,NA,1971,"9/25/1971","85c7e1ea-3960-11ef-bf98-2906cc9fb6bc","home","SG Dietzenbach","S3L Handball",9,9,FALSE,3,NA,NA,0,0,0,NA,0,0,0,0,0,0,NA,NA,NA,NA,NA,NA,NA,NA,0,0,0,0,NA,NA,NA,NA,NA
"Heinrich Baum","af2c6c48-3955-11ef-964a-a36230ada079",NA,NA,1971,"9/25/1971","85c7e1ea-3960-11ef-bf98-2906cc9fb6bc","home","SG Dietzenbach","S3L Handball",9,9,FALSE,2,NA,NA,0,0,0,NA,0,0,0,0,0,0,NA,NA,NA,NA,NA,NA,NA,NA,0,0,0,0,NA,NA,NA,NA,NA
"Klaus Rettig","b1d1aa4c-3955-11ef-baf9-a36230ada079",NA,NA,1971,"9/25/1971","85c7e1ea-3960-11ef-bf98-2906cc9fb6bc","home","SG Dietzenbach","S3L Handball",9,9,FALSE,2,NA,NA,0,0,1,NA,0,0,0,0,0,0,NA,NA,NA,NA,NA,NA,NA,NA,0,0,0,0,NA,NA,NA,NA,NA
"Reinhold Jerwan","b1d5c150-3955-11ef-9027-a36230ada079",NA,NA,1971,"9/25/1971","85c7e1ea-3960-11ef-bf98-2906cc9fb6bc","home","SG Dietzenbach","S3L Handball",9,9,FALSE,0,NA,NA,0,0,0,NA,0,0,0,0,0,0,NA,NA,NA,NA,NA,NA,NA,NA,0,0,0,0,NA,NA,NA,NA,NA
"Werner Conrad","b1d9e0f0-3955-11ef-8356-a36230ada079",NA,NA,1971,"9/25/1971","85c7e1ea-3960-11ef-bf98-2906cc9fb6bc","home","SG Dietzenbach","S3L Handball",9,9,FALSE,0,NA,NA,0,0,0,NA,0,0,0,0,0,0,NA,NA,NA,NA,NA,NA,NA,NA,0,0,0,0,NA,NA,NA,NA,NA
"Norbert Kern","c6961a09-3955-11ef-8bcc-157c9bc18a5f",NA,NA,1971,"9/25/1971","85c7e1ea-3960-11ef-bf98-2906cc9fb6bc","home","SG Dietzenbach","S3L Handball",9,9,FALSE,2,NA,NA,0,0,0,NA,0,0,0,0,0,0,NA,NA,NA,NA,NA,NA,NA,NA,0,0,0,0,NA,NA,NA,NA,NA
"Günther Rebel","c808988c-3955-11ef-af62-157c9bc18a5f",NA,NA,1971,"9/25/1971","85c7e1ea-3960-11ef-bf98-2906cc9fb6bc","home","SG Dietzenbach","S3L Handball",9,9,FALSE,0,NA,NA,0,0,0,NA,0,0,0,0,0,0,NA,NA,NA,NA,NA,NA,NA,NA,0,0,0,0,NA,NA,NA,NA,NA
"Georg Fitz","ae68320c-3955-11ef-89fa-a36230ada079",NA,NA,1971,"9/25/1971","85c7e1ea-3960-11ef-bf98-2906cc9fb6bc","away","S3L Handball","SG Dietzenbach",9,9,FALSE,0,NA,NA,0,0,0,NA,0,0,0,0,0,0,NA,NA,NA,NA,NA,NA,NA,NA,0,0,0,0,NA,NA,NA,NA,NA
"Rolf Kuchenbecker","ae99100e-3955-11ef-9c32-a36230ada079",NA,NA,1971,"9/25/1971","85c7e1ea-3960-11ef-bf98-2906cc9fb6bc","away","S3L Handball","SG Dietzenbach",9,9,FALSE,1,NA,NA,0,0,0,NA,0,0,0,0,0,0,NA,NA,NA,NA,NA,NA,NA,NA,0,0,0,0,NA,NA,NA,NA,NA
"Hansjörg Jäck","b166bd31-3955-11ef-bed1-a36230ada079",NA,NA,1971,"9/25/1971","85c7e1ea-3960-11ef-bf98-2906cc9fb6bc","away","S3L Handball","SG Dietzenbach",9,9,FALSE,0,NA,NA,0,0,0,NA,0,0,0,0,0,0,NA,NA,NA,NA,NA,NA,NA,NA,0,0,0,0,NA,NA,NA,NA,NA
"Jens Schmitt","bb8d4110-3955-11ef-8fb2-ab397f561917",NA,NA,1971,"9/25/1971","85c7e1ea-3960-11ef-bf98-2906cc9fb6bc","away","S3L Handball","SG Dietzenbach",9,9,FALSE,2,NA,NA,0,0,0,NA,0,0,0,0,0,0,NA,NA,NA,NA,NA,NA,NA,NA,0,0,0,0,NA,NA,NA,NA,NA
"Werner Pruscha","bb9c8e56-3955-11ef-ac18-ab397f561917",NA,NA,1971,"9/25/1971","85c7e1ea-3960-11ef-bf98-2906cc9fb6bc","away","S3L Handball","SG Dietzenbach",9,9,FALSE,0,NA,NA,0,0,0,NA,0,0,0,0,0,0,NA,NA,NA,NA,NA,NA,NA,NA,0,0,0,0,NA,NA,NA,NA,NA
"Wolfgang Ries","bba77d9e-3955-11ef-939a-ab397f561917",NA,NA,1971,"9/25/1971","85c7e1ea-3960-11ef-bf98-2906cc9fb6bc","away","S3L Handball","SG Dietzenbach",9,9,FALSE,0,NA,NA,0,0,0,NA,0,0,0,0,0,0,NA,NA,NA,NA,NA,NA,NA,NA,0,0,0,0,NA,NA,NA,NA,NA
"Arno Schandin","bded1584-3955-11ef-8a76-ab397f561917",NA,NA,1971,"9/25/1971","85c7e1ea-3960-11ef-bf98-2906cc9fb6bc","away","S3L Handball","SG Dietzenbach",9,9,FALSE,1,NA,NA,0,0,0,NA,0,0,0,0,0,0,NA,NA,NA,NA,NA,NA,NA,NA,0,0,0,0,NA,NA,NA,NA,NA
"Herbert Hönnige","c7e7cc14-3955-11ef-af0e-157c9bc18a5f",NA,NA,1971,"9/25/1971","85c7e1ea-3960-11ef-bf98-2906cc9fb6bc","away","S3L Handball","SG Dietzenbach",9,9,FALSE,2,NA,NA,0,0,0,NA,0,0,0,0,0,0,NA,NA,NA,NA,NA,NA,NA,NA,0,0,0,0,NA,NA,NA,NA,NA
"Josef Hutter","c96148ae-3955-11ef-a005-157c9bc18a5f",NA,NA,1971,"9/25/1971","85c7e1ea-3960-11ef-bf98-2906cc9fb6bc","away","S3L Handball","SG Dietzenbach",9,9,FALSE,1,NA,NA,0,0,0,NA,0,0,0,0,0,0,NA,NA,NA,NA,NA,NA,NA,NA,0,0,0,0,NA,NA,NA,NA,NA
"Rolf Seltner","c96574fc-3955-11ef-a37f-157c9bc18a5f",NA,NA,1971,"9/25/1971","85c7e1ea-3960-11ef-bf98-2906cc9fb6bc","away","S3L Handball","SG Dietzenbach",9,9,FALSE,2,NA,NA,0,0,0,NA,0,0,0,0,0,0,NA,NA,NA,NA,NA,NA,NA,NA,0,0,0,0,NA,NA,NA,NA,NA
"Kurt Klühspies","5ac3e7d7-3955-11ef-b574-4fa817cd91bb",NA,NA,1971,"9/25/1971","8c57c76d-3960-11ef-a48c-9b08c5d4c173","home","TV Großwallstadt","FRISCH AUF! Göppingen",24,20,TRUE,1,NA,NA,0,0,0,NA,0,0,0,0,0,0,NA,NA,NA,NA,NA,NA,NA,NA,0,0,0,0,NA,NA,NA,NA,NA
"Manfred Hofmann","6855eb0b-3955-11ef-8cb3-292be3190b7b",NA,NA,1971,"9/25/1971","8c57c76d-3960-11ef-a48c-9b08c5d4c173","home","TV Großwallstadt","FRISCH AUF! Göppingen",24,20,TRUE,0,NA,NA,0,0,0,NA,0,0,0,0,0,0,NA,NA,NA,NA,NA,NA,NA,NA,0,0,0,0,NA,NA,NA,NA,NA
"Manfred Schwarz","96d98e53-3955-11ef-a3c9-292be3190b7b",NA,NA,1971,"9/25/1971","8c57c76d-3960-11ef-a48c-9b08c5d4c173","home","TV Großwallstadt","FRISCH AUF! Göppingen",24,20,TRUE,1,NA,NA,0,0,0,NA,0,0,0,0,0,0,NA,NA,NA,NA,NA,NA,NA,NA,0,0,0,0,NA,NA,NA,NA,NA
"Wolfgang Dümig","978dc3fc-3955-11ef-b042-292be3190b7b",NA,NA,1971,"9/25/1971","8c57c76d-3960-11ef-a48c-9b08c5d4c173","home","TV Großwallstadt","FRISCH AUF! Göppingen",24,20,TRUE,1,NA,NA,0,0,0,NA,0,0,0,0,0,0,NA,NA,NA,NA,NA,NA,NA,NA,0,0,0,0,NA,NA,NA,NA,NA
"Eckhardt Suffel","aeac0503-3955-11ef-88c6-a36230ada079",NA,NA,1971,"9/25/1971","8c57c76d-3960-11ef-a48c-9b08c5d4c173","home","TV Großwallstadt","FRISCH AUF! Göppingen",24,20,TRUE,3,NA,NA,0,0,0,NA,0,0,0,0,0,0,NA,NA,NA,NA,NA,NA,NA,NA,0,0,0,0,NA,NA,NA,NA,NA
"Peter Kuß","bbc18adb-3955-11ef-a5f7-ab397f561917",NA,NA,1971,"9/25/1971","8c57c76d-3960-11ef-a48c-9b08c5d4c173","home","TV Großwallstadt","FRISCH AUF! Göppingen",24,20,TRUE,6,NA,NA,0,0,0,NA,0,0,0,0,0,0,NA,NA,NA,NA,NA,NA,NA,NA,0,0,0,0,NA,NA,NA,NA,NA
"Werner Lemmert","be0e2c8d-3955-11ef-82a6-ab397f561917",NA,NA,1971,"9/25/1971","8c57c76d-3960-11ef-a48c-9b08c5d4c173","home","TV Großwallstadt","FRISCH AUF! Göppingen",24,20,TRUE,0,NA,NA,0,0,0,NA,0,0,0,0,0,0,NA,NA,NA,NA,NA,NA,NA,NA,0,0,0,0,NA,NA,NA,NA,NA
"Rainer Oberle","be123408-3955-11ef-92a6-ab397f561917",NA,NA,1971,"9/25/1971","8c57c76d-3960-11ef-a48c-9b08c5d4c173","home","TV Großwallstadt","FRISCH AUF! Göppingen",24,20,TRUE,5,NA,NA,0,0,0,NA,0,0,0,0,0,0,NA,NA,NA,NA,NA,NA,NA,NA,0,0,0,0,NA,NA,NA,NA,NA
"Josef Karrer","be167639-3955-11ef-ac70-ab397f561917",NA,NA,1971,"9/25/1971","8c57c76d-3960-11ef-a48c-9b08c5d4c173","home","TV Großwallstadt","FRISCH AUF! Göppingen",24,20,TRUE,7,NA,NA,0,0,4,NA,0,0,0,0,0,0,NA,NA,NA,NA,NA,NA,NA,NA,0,0,0,0,NA,NA,NA,NA,NA
"Klaus Oberle","c96e13a5-3955-11ef-a68a-157c9bc18a5f",NA,NA,1971,"9/25/1971","8c57c76d-3960-11ef-a48c-9b08c5d4c173","home","TV Großwallstadt","FRISCH AUF! Göppingen",24,20,TRUE,0,NA,NA,0,0,0,NA,0,0,0,0,0,0,NA,NA,NA,NA,NA,NA,NA,NA,0,0,0,0,NA,NA,NA,NA,NA
"Klaus Klühspies","c9723883-3955-11ef-b2da-157c9bc18a5f",NA,NA,1971,"9/25/1971","8c57c76d-3960-11ef-a48c-9b08c5d4c173","home","TV Großwallstadt","FRISCH AUF! Göppingen",24,20,TRUE,0,NA,NA,0,0,0,NA,0,0,0,0,0,0,NA,NA,NA,NA,NA,NA,NA,NA,0,0,0,0,NA,NA,NA,NA,NA
"Peter Bucher","8e0071c9-3955-11ef-8ff8-81dc40648355",NA,NA,1971,"9/25/1971","8c57c76d-3960-11ef-a48c-9b08c5d4c173","away","FRISCH AUF! Göppingen","TV Großwallstadt",20,24,FALSE,6,NA,NA,0,0,0,NA,0,0,0,0,0,0,NA,NA,NA,NA,NA,NA,NA,NA,0,0,0,0,NA,NA,NA,NA,NA
"Max Müller","99453a6b-3955-11ef-84c2-292be3190b7b",NA,NA,1971,"9/25/1971","8c57c76d-3960-11ef-a48c-9b08c5d4c173","away","FRISCH AUF! Göppingen","TV Großwallstadt",20,24,FALSE,3,NA,NA,0,0,0,NA,0,0,0,0,0,0,NA,NA,NA,NA,NA,NA,NA,NA,0,0,0,0,NA,NA,NA,NA,NA
"Werner Fischer","af3a0885-3955-11ef-a884-a36230ada079",NA,NA,1971,"9/25/1971","8c57c76d-3960-11ef-a48c-9b08c5d4c173","away","FRISCH AUF! Göppingen","TV Großwallstadt",20,24,FALSE,0,NA,NA,0,0,0,NA,0,0,0,0,0,0,NA,NA,NA,NA,NA,NA,NA,NA,0,0,0,0,NA,NA,NA,NA,NA
"Hans Brodbeck","b1f00cc3-3955-11ef-b4c9-a36230ada079",NA,NA,1971,"9/25/1971","8c57c76d-3960-11ef-a48c-9b08c5d4c173","away","FRISCH AUF! Göppingen","TV Großwallstadt",20,24,FALSE,0,NA,NA,0,0,0,NA,0,0,0,0,0,0,NA,NA,NA,NA,NA,NA,NA,NA,0,0,0,0,NA,NA,NA,NA,NA
"Hans-Dieter Schunter","b2054717-3955-11ef-a22c-a36230ada079",NA,NA,1971,"9/25/1971","8c57c76d-3960-11ef-a48c-9b08c5d4c173","away","FRISCH AUF! Göppingen","TV Großwallstadt",20,24,FALSE,0,NA,NA,0,0,0,NA,0,0,0,0,0,0,NA,NA,NA,NA,NA,NA,NA,NA,0,0,0,0,NA,NA,NA,NA,NA
"Paul Epple","bc8167af-3955-11ef-8748-ab397f561917",NA,NA,1971,"9/25/1971","8c57c76d-3960-11ef-a48c-9b08c5d4c173","away","FRISCH AUF! Göppingen","TV Großwallstadt",20,24,FALSE,2,NA,NA,0,0,1,NA,0,0,0,0,0,0,NA,NA,NA,NA,NA,NA,NA,NA,0,0,0,0,NA,NA,NA,NA,NA
"Walter Pflüger","bc85cdbc-3955-11ef-8e24-ab397f561917",NA,NA,1971,"9/25/1971","8c57c76d-3960-11ef-a48c-9b08c5d4c173","away","FRISCH AUF! Göppingen","TV Großwallstadt",20,24,FALSE,3,NA,NA,0,0,0,NA,0,0,0,0,0,0,NA,NA,NA,NA,NA,NA,NA,NA,0,0,0,0,NA,NA,NA,NA,NA
"Werner Arndt","c71116e0-3955-11ef-85d3-157c9bc18a5f",NA,NA,1971,"9/25/1971","8c57c76d-3960-11ef-a48c-9b08c5d4c173","away","FRISCH AUF! Göppingen","TV Großwallstadt",20,24,FALSE,2,NA,NA,0,0,0,NA,0,0,0,0,0,0,NA,NA,NA,NA,NA,NA,NA,NA,0,0,0,0,NA,NA,NA,NA,NA
"Christian Patzer","c715a1de-3955-11ef-bc54-157c9bc18a5f",NA,NA,1971,"9/25/1971","8c57c76d-3960-11ef-a48c-9b08c5d4c173","away","FRISCH AUF! Göppingen","TV Großwallstadt",20,24,FALSE,0,NA,NA,0,0,0,NA,0,0,0,0,0,0,NA,NA,NA,NA,NA,NA,NA,NA,0,0,0,0,NA,NA,NA,NA,NA
"Uwe Rathjen","c898158b-3955-11ef-82cb-157c9bc18a5f",NA,NA,1971,"9/25/1971","8c57c76d-3960-11ef-a48c-9b08c5d4c173","away","FRISCH AUF! Göppingen","TV Großwallstadt",20,24,FALSE,0,NA,NA,0,0,0,NA,0,0,0,0,0,0,NA,NA,NA,NA,NA,NA,NA,NA,0,0,0,0,NA,NA,NA,NA,NA
"Armin Eisele","c9cc4c1b-3955-11ef-9f9f-157c9bc18a5f",NA,NA,1971,"9/25/1971","8c57c76d-3960-11ef-a48c-9b08c5d4c173","away","FRISCH AUF! Göppingen","TV Großwallstadt",20,24,FALSE,4,NA,NA,0,0,0,NA,0,0,0,0,0,0,NA,NA,NA,NA,NA,NA,NA,NA,0,0,0,0,NA,NA,NA,NA,NA
"Günter Schweikardt","d3e60b79-3953-11ef-9e8c-e3f2de03a1b7",NA,NA,1971,"9/25/1971","8c57c76d-3960-11ef-a48c-9b08c5d4c173","away","FRISCH AUF! Göppingen","TV Großwallstadt",20,24,FALSE,0,NA,NA,0,0,0,NA,0,0,0,0,0,0,NA,NA,NA,NA,NA,NA,NA,NA,0,0,0,0,NA,NA,NA,NA,NA
"Karl-Heinz Schulz","72847241-3955-11ef-8bd4-51fdf2a82730",NA,NA,1971,"9/26/1971","827ab481-3960-11ef-9819-2906cc9fb6bc","home","TuS 05 Wellinghofen","Hamburger SV",10,16,FALSE,1,NA,NA,0,0,0,NA,0,0,0,0,0,0,NA,NA,NA,NA,NA,NA,NA,NA,0,0,0,0,NA,NA,NA,NA,NA
"Hans-Jürgen Zick","8d67d76a-3955-11ef-8956-81dc40648355",NA,NA,1971,"9/26/1971","827ab481-3960-11ef-9819-2906cc9fb6bc","home","TuS 05 Wellinghofen","Hamburger SV",10,16,FALSE,0,NA,NA,0,0,0,NA,0,0,0,0,0,0,NA,NA,NA,NA,NA,NA,NA,NA,0,0,0,0,NA,NA,NA,NA,NA
"Heiner Möller","8d7571e4-3955-11ef-b1d3-81dc40648355",NA,NA,1971,"9/26/1971","827ab481-3960-11ef-9819-2906cc9fb6bc","home","TuS 05 Wellinghofen","Hamburger SV",10,16,FALSE,1,NA,NA,0,0,0,NA,0,0,0,0,0,0,NA,NA,NA,NA,NA,NA,NA,NA,0,0,0,0,NA,NA,NA,NA,NA
"Hans-Peter Neuhaus","8d9d3887-3955-11ef-80a3-81dc40648355",NA,NA,1971,"9/26/1971","827ab481-3960-11ef-9819-2906cc9fb6bc","home","TuS 05 Wellinghofen","Hamburger SV",10,16,FALSE,1,NA,NA,0,0,1,NA,0,0,0,0,0,0,NA,NA,NA,NA,NA,NA,NA,NA,0,0,0,0,NA,NA,NA,NA,NA
"Rainer Gosewinkel","a4d61156-3955-11ef-8406-2510cc07ea6e",NA,NA,1971,"9/26/1971","827ab481-3960-11ef-9819-2906cc9fb6bc","home","TuS 05 Wellinghofen","Hamburger SV",10,16,FALSE,2,NA,NA,0,0,2,NA,0,0,0,0,0,0,NA,NA,NA,NA,NA,NA,NA,NA,0,0,0,0,NA,NA,NA,NA,NA
"Klaus Erwe","a4f54a19-3955-11ef-b48a-2510cc07ea6e",NA,NA,1971,"9/26/1971","827ab481-3960-11ef-9819-2906cc9fb6bc","home","TuS 05 Wellinghofen","Hamburger SV",10,16,FALSE,1,NA,NA,0,0,0,NA,0,0,0,0,0,0,NA,NA,NA,NA,NA,NA,NA,NA,0,0,0,0,NA,NA,NA,NA,NA
"Burkhard Gröning","a52c6e4f-3955-11ef-a576-2510cc07ea6e",NA,NA,1971,"9/26/1971","827ab481-3960-11ef-9819-2906cc9fb6bc","home","TuS 05 Wellinghofen","Hamburger SV",10,16,FALSE,3,NA,NA,0,0,1,NA,0,0,0,0,0,0,NA,NA,NA,NA,NA,NA,NA,NA,0,0,0,0,NA,NA,NA,NA,NA
"Klaus Tiews","a531838f-3955-11ef-8e99-2510cc07ea6e",NA,NA,1971,"9/26/1971","827ab481-3960-11ef-9819-2906cc9fb6bc","home","TuS 05 Wellinghofen","Hamburger SV",10,16,FALSE,1,NA,NA,0,0,0,NA,0,0,0,0,0,0,NA,NA,NA,NA,NA,NA,NA,NA,0,0,0,0,NA,NA,NA,NA,NA
"Heinz Oberscheidt","a5ae94f2-3955-11ef-91fc-2510cc07ea6e",NA,NA,1971,"9/26/1971","827ab481-3960-11ef-9819-2906cc9fb6bc","home","TuS 05 Wellinghofen","Hamburger SV",10,16,FALSE,0,NA,NA,0,0,0,NA,0,0,0,0,0,0,NA,NA,NA,NA,NA,NA,NA,NA,0,0,0,0,NA,NA,NA,NA,NA
"Hans-Jürgen Sengera","ba7fae8e-3955-11ef-80e4-ab397f561917",NA,NA,1971,"9/26/1971","827ab481-3960-11ef-9819-2906cc9fb6bc","home","TuS 05 Wellinghofen","Hamburger SV",10,16,FALSE,0,NA,NA,0,0,0,NA,0,0,0,0,0,0,NA,NA,NA,NA,NA,NA,NA,NA,0,0,0,0,NA,NA,NA,NA,NA
"Burkhardt Eckardt","c76d08cb-3955-11ef-8fa7-157c9bc18a5f",NA,NA,1971,"9/26/1971","827ab481-3960-11ef-9819-2906cc9fb6bc","home","TuS 05 Wellinghofen","Hamburger SV",10,16,FALSE,0,NA,NA,0,0,0,NA,0,0,0,0,0,0,NA,NA,NA,NA,NA,NA,NA,NA,0,0,0,0,NA,NA,NA,NA,NA
"Klaus Linnemann","c773ab8c-3955-11ef-96ba-157c9bc18a5f",NA,NA,1971,"9/26/1971","827ab481-3960-11ef-9819-2906cc9fb6bc","home","TuS 05 Wellinghofen","Hamburger SV",10,16,FALSE,0,NA,NA,0,0,0,NA,0,0,0,0,0,0,NA,NA,NA,NA,NA,NA,NA,NA,0,0,0,0,NA,NA,NA,NA,NA
"Peter Pickel","8c973b42-3955-11ef-8c71-81dc40648355",NA,NA,1971,"9/26/1971","827ab481-3960-11ef-9819-2906cc9fb6bc","away","Hamburger SV","TuS 05 Wellinghofen",16,10,TRUE,3,NA,NA,0,0,0,NA,0,0,0,0,0,0,NA,NA,NA,NA,NA,NA,NA,NA,0,0,0,0,NA,NA,NA,NA,NA
"Jürgen Pflugbeil","a4aebf56-3955-11ef-99e3-2510cc07ea6e",NA,NA,1971,"9/26/1971","827ab481-3960-11ef-9819-2906cc9fb6bc","away","Hamburger SV","TuS 05 Wellinghofen",16,10,TRUE,0,NA,NA,0,0,0,NA,0,0,0,0,0,0,NA,NA,NA,NA,NA,NA,NA,NA,0,0,0,0,NA,NA,NA,NA,NA
"Diethard Finkelmann","a60bdcf9-3955-11ef-bfa1-2510cc07ea6e",NA,NA,1971,"9/26/1971","827ab481-3960-11ef-9819-2906cc9fb6bc","away","Hamburger SV","TuS 05 Wellinghofen",16,10,TRUE,2,NA,NA,0,0,2,NA,0,0,0,0,0,0,NA,NA,NA,NA,NA,NA,NA,NA,0,0,0,0,NA,NA,NA,NA,NA
"Hans-Jürgen Bode","b011e6da-3955-11ef-8205-a36230ada079",NA,NA,1971,"9/26/1971","827ab481-3960-11ef-9819-2906cc9fb6bc","away","Hamburger SV","TuS 05 Wellinghofen",16,10,TRUE,0,NA,NA,0,0,0,NA,0,0,0,0,0,0,NA,NA,NA,NA,NA,NA,NA,NA,0,0,0,0,NA,NA,NA,NA,NA
"Rainer Witt","b02adaad-3955-11ef-b8c4-a36230ada079",NA,NA,1971,"9/26/1971","827ab481-3960-11ef-9819-2906cc9fb6bc","away","Hamburger SV","TuS 05 Wellinghofen",16,10,TRUE,1,NA,NA,0,0,0,NA,0,0,0,0,0,0,NA,NA,NA,NA,NA,NA,NA,NA,0,0,0,0,NA,NA,NA,NA,NA
"Hans-Joachim Beißel","b0341bcb-3955-11ef-9e08-a36230ada079",NA,NA,1971,"9/26/1971","827ab481-3960-11ef-9819-2906cc9fb6bc","away","Hamburger SV","TuS 05 Wellinghofen",16,10,TRUE,1,NA,NA,0,0,0,NA,0,0,0,0,0,0,NA,NA,NA,NA,NA,NA,NA,NA,0,0,0,0,NA,NA,NA,NA,NA
"Norbert Germer","b03f8101-3955-11ef-8945-a36230ada079",NA,NA,1971,"9/26/1971","827ab481-3960-11ef-9819-2906cc9fb6bc","away","Hamburger SV","TuS 05 Wellinghofen",16,10,TRUE,1,NA,NA,0,0,0,NA,0,0,0,0,0,0,NA,NA,NA,NA,NA,NA,NA,NA,0,0,0,0,NA,NA,NA,NA,NA
"Siegfried Berg","b10d3ec3-3955-11ef-8a30-a36230ada079",NA,NA,1971,"9/26/1971","827ab481-3960-11ef-9819-2906cc9fb6bc","away","Hamburger SV","TuS 05 Wellinghofen",16,10,TRUE,1,NA,NA,0,0,0,NA,0,0,0,0,0,0,NA,NA,NA,NA,NA,NA,NA,NA,0,0,0,0,NA,NA,NA,NA,NA
"Wolfgang Braun","b1a4c388-3955-11ef-92b7-a36230ada079",NA,NA,1971,"9/26/1971","827ab481-3960-11ef-9819-2906cc9fb6bc","away","Hamburger SV","TuS 05 Wellinghofen",16,10,TRUE,2,NA,NA,0,0,0,NA,0,0,0,0,0,0,NA,NA,NA,NA,NA,NA,NA,NA,0,0,0,0,NA,NA,NA,NA,NA
"Bernd Heiden","baf62966-3955-11ef-b7e1-ab397f561917",NA,NA,1971,"9/26/1971","827ab481-3960-11ef-9819-2906cc9fb6bc","away","Hamburger SV","TuS 05 Wellinghofen",16,10,TRUE,2,NA,NA,0,0,0,NA,0,0,0,0,0,0,NA,NA,NA,NA,NA,NA,NA,NA,0,0,0,0,NA,NA,NA,NA,NA
"Klaus Lange","bafb51f3-3955-11ef-9864-ab397f561917",NA,NA,1971,"9/26/1971","827ab481-3960-11ef-9819-2906cc9fb6bc","away","Hamburger SV","TuS 05 Wellinghofen",16,10,TRUE,3,NA,NA,0,0,0,NA,0,0,0,0,0,0,NA,NA,NA,NA,NA,NA,NA,NA,0,0,0,0,NA,NA,NA,NA,NA
"Manfred Grühn","c755d6cb-3955-11ef-a162-157c9bc18a5f",NA,NA,1971,"9/26/1971","827ab481-3960-11ef-9819-2906cc9fb6bc","away","Hamburger SV","TuS 05 Wellinghofen",16,10,TRUE,0,NA,NA,0,0,0,NA,0,0,0,0,0,0,NA,NA,NA,NA,NA,NA,NA,NA,0,0,0,0,NA,NA,NA,NA,NA
"Wolfgang Stolz","999eb14b-3955-11ef-bbce-292be3190b7b",NA,NA,1971,"10/2/1971","8da2ed4a-3960-11ef-8b94-9b08c5d4c173","home","SpVgg 1887 Möhringen","TSV 1896 Rintheim",11,8,TRUE,1,NA,NA,0,0,0,NA,0,0,0,0,0,0,NA,NA,NA,NA,NA,NA,NA,NA,0,0,0,0,NA,NA,NA,NA,NA
"Hermann Mäurle","a44f95e3-3955-11ef-b53d-2510cc07ea6e",NA,NA,1971,"10/2/1971","8da2ed4a-3960-11ef-8b94-9b08c5d4c173","home","SpVgg 1887 Möhringen","TSV 1896 Rintheim",11,8,TRUE,4,NA,NA,0,0,0,NA,0,0,0,0,0,0,NA,NA,NA,NA,NA,NA,NA,NA,0,0,0,0,NA,NA,NA,NA,NA
"Wolf-Dieter Rösner","c82bae19-3955-11ef-a06e-157c9bc18a5f",NA,NA,1971,"10/2/1971","8da2ed4a-3960-11ef-8b94-9b08c5d4c173","home","SpVgg 1887 Möhringen","TSV 1896 Rintheim",11,8,TRUE,0,NA,NA,0,0,0,NA,0,0,0,0,0,0,NA,NA,NA,NA,NA,NA,NA,NA,0,0,0,0,NA,NA,NA,NA,NA
"Karl-Heinz Wolf","c8354cdd-3955-11ef-a1d6-157c9bc18a5f",NA,NA,1971,"10/2/1971","8da2ed4a-3960-11ef-8b94-9b08c5d4c173","home","SpVgg 1887 Möhringen","TSV 1896 Rintheim",11,8,TRUE,0,NA,NA,0,0,0,NA,0,0,0,0,0,0,NA,NA,NA,NA,NA,NA,NA,NA,0,0,0,0,NA,NA,NA,NA,NA
"Gerd-Volker Stock","c8397c3c-3955-11ef-af12-157c9bc18a5f",NA,NA,1971,"10/2/1971","8da2ed4a-3960-11ef-8b94-9b08c5d4c173","home","SpVgg 1887 Möhringen","TSV 1896 Rintheim",11,8,TRUE,2,NA,NA,0,0,0,NA,0,0,0,0,0,0,NA,NA,NA,NA,NA,NA,NA,NA,0,0,0,0,NA,NA,NA,NA,NA
"Folker Baur","c83d9af6-3955-11ef-9e5e-157c9bc18a5f",NA,NA,1971,"10/2/1971","8da2ed4a-3960-11ef-8b94-9b08c5d4c173","home","SpVgg 1887 Möhringen","TSV 1896 Rintheim",11,8,TRUE,0,NA,NA,0,0,0,NA,0,0,0,0,0,0,NA,NA,NA,NA,NA,NA,NA,NA,0,0,0,0,NA,NA,NA,NA,NA
"Dieter Schuh","c84c4c54-3955-11ef-9d35-157c9bc18a5f",NA,NA,1971,"10/2/1971","8da2ed4a-3960-11ef-8b94-9b08c5d4c173","home","SpVgg 1887 Möhringen","TSV 1896 Rintheim",11,8,TRUE,1,NA,NA,0,0,0,NA,0,0,0,0,0,0,NA,NA,NA,NA,NA,NA,NA,NA,0,0,0,0,NA,NA,NA,NA,NA
"Lothar Scheffel","c850996c-3955-11ef-94a7-157c9bc18a5f",NA,NA,1971,"10/2/1971","8da2ed4a-3960-11ef-8b94-9b08c5d4c173","home","SpVgg 1887 Möhringen","TSV 1896 Rintheim",11,8,TRUE,1,NA,NA,0,0,0,NA,0,0,0,0,0,0,NA,NA,NA,NA,NA,NA,NA,NA,0,0,0,0,NA,NA,NA,NA,NA
"Robert Bach","c85fda21-3955-11ef-9bd8-157c9bc18a5f",NA,NA,1971,"10/2/1971","8da2ed4a-3960-11ef-8b94-9b08c5d4c173","home","SpVgg 1887 Möhringen","TSV 1896 Rintheim",11,8,TRUE,0,NA,NA,0,0,0,NA,0,0,0,0,0,0,NA,NA,NA,NA,NA,NA,NA,NA,0,0,0,0,NA,NA,NA,NA,NA
"Karl-Heinz Steinbach","c864fc61-3955-11ef-bc13-157c9bc18a5f",NA,NA,1971,"10/2/1971","8da2ed4a-3960-11ef-8b94-9b08c5d4c173","home","SpVgg 1887 Möhringen","TSV 1896 Rintheim",11,8,TRUE,0,NA,NA,0,0,0,NA,0,0,0,0,0,0,NA,NA,NA,NA,NA,NA,NA,NA,0,0,0,0,NA,NA,NA,NA,NA
"Wolfgang Schall","c869381d-3955-11ef-a2ed-157c9bc18a5f",NA,NA,1971,"10/2/1971","8da2ed4a-3960-11ef-8b94-9b08c5d4c173","home","SpVgg 1887 Möhringen","TSV 1896 Rintheim",11,8,TRUE,2,NA,NA,0,0,0,NA,0,0,0,0,0,0,NA,NA,NA,NA,NA,NA,NA,NA,0,0,0,0,NA,NA,NA,NA,NA
"Gerhard Gaiser","7fd4e3db-3955-11ef-b327-b908c60af10a",NA,NA,1971,"10/2/1971","8da2ed4a-3960-11ef-8b94-9b08c5d4c173","away","TSV 1896 Rintheim","SpVgg 1887 Möhringen",8,11,FALSE,1,NA,NA,0,0,0,NA,0,0,0,0,0,0,NA,NA,NA,NA,NA,NA,NA,NA,0,0,0,0,NA,NA,NA,NA,NA
"Wolf-Dieter Nagel","8d41486b-3955-11ef-8d22-81dc40648355",NA,NA,1971,"10/2/1971","8da2ed4a-3960-11ef-8b94-9b08c5d4c173","away","TSV 1896 Rintheim","SpVgg 1887 Möhringen",8,11,FALSE,6,NA,NA,0,0,0,NA,0,0,0,0,0,0,NA,NA,NA,NA,NA,NA,NA,NA,0,0,0,0,NA,NA,NA,NA,NA
"Franz Bechler","98035d7e-3955-11ef-8b94-292be3190b7b",NA,NA,1971,"10/2/1971","8da2ed4a-3960-11ef-8b94-9b08c5d4c173","away","TSV 1896 Rintheim","SpVgg 1887 Möhringen",8,11,FALSE,0,NA,NA,0,0,0,NA,0,0,0,0,0,0,NA,NA,NA,NA,NA,NA,NA,NA,0,0,0,0,NA,NA,NA,NA,NA
"Hans-Eberhard Finkbeiner","a2f451eb-3955-11ef-99da-2510cc07ea6e",NA,NA,1971,"10/2/1971","8da2ed4a-3960-11ef-8b94-9b08c5d4c173","away","TSV 1896 Rintheim","SpVgg 1887 Möhringen",8,11,FALSE,0,NA,NA,0,0,0,NA,0,0,0,0,0,0,NA,NA,NA,NA,NA,NA,NA,NA,0,0,0,0,NA,NA,NA,NA,NA
"Bernd Seibel","bc6670d9-3955-11ef-b849-ab397f561917",NA,NA,1971,"10/2/1971","8da2ed4a-3960-11ef-8b94-9b08c5d4c173","away","TSV 1896 Rintheim","SpVgg 1887 Möhringen",8,11,FALSE,0,NA,NA,0,0,0,NA,0,0,0,0,0,0,NA,NA,NA,NA,NA,NA,NA,NA,0,0,0,0,NA,NA,NA,NA,NA
"Wolfgang Dillenberger","bc6a40c8-3955-11ef-8c9f-ab397f561917",NA,NA,1971,"10/2/1971","8da2ed4a-3960-11ef-8b94-9b08c5d4c173","away","TSV 1896 Rintheim","SpVgg 1887 Möhringen",8,11,FALSE,1,NA,NA,0,0,0,NA,0,0,0,0,0,0,NA,NA,NA,NA,NA,NA,NA,NA,0,0,0,0,NA,NA,NA,NA,NA
"Richard Baumer","c6e9de45-3955-11ef-b5bf-157c9bc18a5f",NA,NA,1971,"10/2/1971","8da2ed4a-3960-11ef-8b94-9b08c5d4c173","away","TSV 1896 Rintheim","SpVgg 1887 Möhringen",8,11,FALSE,0,NA,NA,0,0,0,NA,0,0,0,0,0,0,NA,NA,NA,NA,NA,NA,NA,NA,0,0,0,0,NA,NA,NA,NA,NA
"Roland Kühnle","c6f228fe-3955-11ef-a362-157c9bc18a5f",NA,NA,1971,"10/2/1971","8da2ed4a-3960-11ef-8b94-9b08c5d4c173","away","TSV 1896 Rintheim","SpVgg 1887 Möhringen",8,11,FALSE,0,NA,NA,0,0,0,NA,0,0,0,0,0,0,NA,NA,NA,NA,NA,NA,NA,NA,0,0,0,0,NA,NA,NA,NA,NA
"Roland Schubach","c8722d8e-3955-11ef-b351-157c9bc18a5f",NA,NA,1971,"10/2/1971","8da2ed4a-3960-11ef-8b94-9b08c5d4c173","away","TSV 1896 Rintheim","SpVgg 1887 Möhringen",8,11,FALSE,0,NA,NA,0,0,0,NA,0,0,0,0,0,0,NA,NA,NA,NA,NA,NA,NA,NA,0,0,0,0,NA,NA,NA,NA,NA
"Siegfried Brabec","c87758a1-3955-11ef-9dbd-157c9bc18a5f",NA,NA,1971,"10/2/1971","8da2ed4a-3960-11ef-8b94-9b08c5d4c173","away","TSV 1896 Rintheim","SpVgg 1887 Möhringen",8,11,FALSE,0,NA,NA,0,0,0,NA,0,0,0,0,0,0,NA,NA,NA,NA,NA,NA,NA,NA,0,0,0,0,NA,NA,NA,NA,NA
"Josef Bechler","c88a53f3-3955-11ef-bd99-157c9bc18a5f",NA,NA,1971,"10/2/1971","8da2ed4a-3960-11ef-8b94-9b08c5d4c173","away","TSV 1896 Rintheim","SpVgg 1887 Möhringen",8,11,FALSE,0,NA,NA,0,0,0,NA,0,0,0,0,0,0,NA,NA,NA,NA,NA,NA,NA,NA,0,0,0,0,NA,NA,NA,NA,NA
"Manfred Schulz","8bc2b5ea-3955-11ef-8d03-81dc40648355",NA,NA,1971,"10/8/1971","85d8e126-3960-11ef-b004-2906cc9fb6bc","home","S3L Handball","TSV 1896 Rintheim",18,18,FALSE,0,NA,NA,0,0,0,NA,0,0,0,0,0,0,NA,NA,NA,NA,NA,NA,NA,NA,0,0,0,0,NA,NA,NA,NA,NA
"Alfred Schmitt","a25e1dab-3955-11ef-b412-2510cc07ea6e",NA,NA,1971,"10/8/1971","85d8e126-3960-11ef-b004-2906cc9fb6bc","home","S3L Handball","TSV 1896 Rintheim",18,18,FALSE,0,NA,NA,0,0,0,NA,0,0,0,0,0,0,NA,NA,NA,NA,NA,NA,NA,NA,0,0,0,0,NA,NA,NA,NA,NA
"Georg Fitz","ae68320c-3955-11ef-89fa-a36230ada079",NA,NA,1971,"10/8/1971","85d8e126-3960-11ef-b004-2906cc9fb6bc","home","S3L Handball","TSV 1896 Rintheim",18,18,FALSE,1,NA,NA,0,0,0,NA,0,0,0,0,0,0,NA,NA,NA,NA,NA,NA,NA,NA,0,0,0,0,NA,NA,NA,NA,NA
"Hansjörg Jäck","b166bd31-3955-11ef-bed1-a36230ada079",NA,NA,1971,"10/8/1971","85d8e126-3960-11ef-b004-2906cc9fb6bc","home","S3L Handball","TSV 1896 Rintheim",18,18,FALSE,0,NA,NA,0,0,0,NA,0,0,0,0,0,0,NA,NA,NA,NA,NA,NA,NA,NA,0,0,0,0,NA,NA,NA,NA,NA
"Markus Hädrich","ba389acc-3955-11ef-8b9d-ab397f561917",NA,NA,1971,"10/8/1971","85d8e126-3960-11ef-b004-2906cc9fb6bc","home","S3L Handball","TSV 1896 Rintheim",18,18,FALSE,0,NA,NA,0,0,0,NA,0,0,0,0,0,0,NA,NA,NA,NA,NA,NA,NA,NA,0,0,0,0,NA,NA,NA,NA,NA
"Werner Pruscha","bb9c8e56-3955-11ef-ac18-ab397f561917",NA,NA,1971,"10/8/1971","85d8e126-3960-11ef-b004-2906cc9fb6bc","home","S3L Handball","TSV 1896 Rintheim",18,18,FALSE,0,NA,NA,0,0,0,NA,0,0,0,0,0,0,NA,NA,NA,NA,NA,NA,NA,NA,0,0,0,0,NA,NA,NA,NA,NA
"Wolfgang Ries","bba77d9e-3955-11ef-939a-ab397f561917",NA,NA,1971,"10/8/1971","85d8e126-3960-11ef-b004-2906cc9fb6bc","home","S3L Handball","TSV 1896 Rintheim",18,18,FALSE,1,NA,NA,0,0,0,NA,0,0,0,0,0,0,NA,NA,NA,NA,NA,NA,NA,NA,0,0,0,0,NA,NA,NA,NA,NA
"Gerd Schmitt","bbb09cf8-3955-11ef-97db-ab397f561917",NA,NA,1971,"10/8/1971","85d8e126-3960-11ef-b004-2906cc9fb6bc","home","S3L Handball","TSV 1896 Rintheim",18,18,FALSE,2,NA,NA,0,0,0,NA,0,0,0,0,0,0,NA,NA,NA,NA,NA,NA,NA,NA,0,0,0,0,NA,NA,NA,NA,NA
"Arno Schandin","bded1584-3955-11ef-8a76-ab397f561917",NA,NA,1971,"10/8/1971","85d8e126-3960-11ef-b004-2906cc9fb6bc","home","S3L Handball","TSV 1896 Rintheim",18,18,FALSE,4,NA,NA,0,0,0,NA,0,0,0,0,0,0,NA,NA,NA,NA,NA,NA,NA,NA,0,0,0,0,NA,NA,NA,NA,NA
"Herbert Hönnige","c7e7cc14-3955-11ef-af0e-157c9bc18a5f",NA,NA,1971,"10/8/1971","85d8e126-3960-11ef-b004-2906cc9fb6bc","home","S3L Handball","TSV 1896 Rintheim",18,18,FALSE,7,NA,NA,0,0,1,NA,0,0,0,0,0,0,NA,NA,NA,NA,NA,NA,NA,NA,0,0,0,0,NA,NA,NA,NA,NA
"Josef Hutter","c96148ae-3955-11ef-a005-157c9bc18a5f",NA,NA,1971,"10/8/1971","85d8e126-3960-11ef-b004-2906cc9fb6bc","home","S3L Handball","TSV 1896 Rintheim",18,18,FALSE,1,NA,NA,0,0,0,NA,0,0,0,0,0,0,NA,NA,NA,NA,NA,NA,NA,NA,0,0,0,0,NA,NA,NA,NA,NA
"Rolf Seltner","c96574fc-3955-11ef-a37f-157c9bc18a5f",NA,NA,1971,"10/8/1971","85d8e126-3960-11ef-b004-2906cc9fb6bc","home","S3L Handball","TSV 1896 Rintheim",18,18,FALSE,2,NA,NA,0,0,0,NA,0,0,0,0,0,0,NA,NA,NA,NA,NA,NA,NA,NA,0,0,0,0,NA,NA,NA,NA,NA
"Gerhard Gaiser","7fd4e3db-3955-11ef-b327-b908c60af10a",NA,NA,1971,"10/8/1971","85d8e126-3960-11ef-b004-2906cc9fb6bc","away","TSV 1896 Rintheim","S3L Handball",18,18,FALSE,3,NA,NA,0,0,0,NA,0,0,0,0,0,0,NA,NA,NA,NA,NA,NA,NA,NA,0,0,0,0,NA,NA,NA,NA,NA
"Wolf-Dieter Nagel","8d41486b-3955-11ef-8d22-81dc40648355",NA,NA,1971,"10/8/1971","85d8e126-3960-11ef-b004-2906cc9fb6bc","away","TSV 1896 Rintheim","S3L Handball",18,18,FALSE,5,NA,NA,0,0,0,NA,0,0,0,0,0,0,NA,NA,NA,NA,NA,NA,NA,NA,0,0,0,0,NA,NA,NA,NA,NA
"Franz Bechler","98035d7e-3955-11ef-8b94-292be3190b7b",NA,NA,1971,"10/8/1971","85d8e126-3960-11ef-b004-2906cc9fb6bc","away","TSV 1896 Rintheim","S3L Handball",18,18,FALSE,0,NA,NA,0,0,0,NA,0,0,0,0,0,0,NA,NA,NA,NA,NA,NA,NA,NA,0,0,0,0,NA,NA,NA,NA,NA
"Hans-Eberhard Finkbeiner","a2f451eb-3955-11ef-99da-2510cc07ea6e",NA,NA,1971,"10/8/1971","85d8e126-3960-11ef-b004-2906cc9fb6bc","away","TSV 1896 Rintheim","S3L Handball",18,18,FALSE,0,NA,NA,0,0,0,NA,0,0,0,0,0,0,NA,NA,NA,NA,NA,NA,NA,NA,0,0,0,0,NA,NA,NA,NA,NA
"Bernd Seibel","bc6670d9-3955-11ef-b849-ab397f561917",NA,NA,1971,"10/8/1971","85d8e126-3960-11ef-b004-2906cc9fb6bc","away","TSV 1896 Rintheim","S3L Handball",18,18,FALSE,2,NA,NA,0,0,0,NA,0,0,0,0,0,0,NA,NA,NA,NA,NA,NA,NA,NA,0,0,0,0,NA,NA,NA,NA,NA
"Wolfgang Dillenberger","bc6a40c8-3955-11ef-8c9f-ab397f561917",NA,NA,1971,"10/8/1971","85d8e126-3960-11ef-b004-2906cc9fb6bc","away","TSV 1896 Rintheim","S3L Handball",18,18,FALSE,1,NA,NA,0,0,0,NA,0,0,0,0,0,0,NA,NA,NA,NA,NA,NA,NA,NA,0,0,0,0,NA,NA,NA,NA,NA
"Max Ullrich","c6e110c6-3955-11ef-83e4-157c9bc18a5f",NA,NA,1971,"10/8/1971","85d8e126-3960-11ef-b004-2906cc9fb6bc","away","TSV 1896 Rintheim","S3L Handball",18,18,FALSE,0,NA,NA,0,0,0,NA,0,0,0,0,0,0,NA,NA,NA,NA,NA,NA,NA,NA,0,0,0,0,NA,NA,NA,NA,NA
"Richard Baumer","c6e9de45-3955-11ef-b5bf-157c9bc18a5f",NA,NA,1971,"10/8/1971","85d8e126-3960-11ef-b004-2906cc9fb6bc","away","TSV 1896 Rintheim","S3L Handball",18,18,FALSE,0,NA,NA,0,0,0,NA,0,0,0,0,0,0,NA,NA,NA,NA,NA,NA,NA,NA,0,0,0,0,NA,NA,NA,NA,NA
"Roland Schubach","c8722d8e-3955-11ef-b351-157c9bc18a5f",NA,NA,1971,"10/8/1971","85d8e126-3960-11ef-b004-2906cc9fb6bc","away","TSV 1896 Rintheim","S3L Handball",18,18,FALSE,1,NA,NA,0,0,0,NA,0,0,0,0,0,0,NA,NA,NA,NA,NA,NA,NA,NA,0,0,0,0,NA,NA,NA,NA,NA
"Siegfried Brabec","c87758a1-3955-11ef-9dbd-157c9bc18a5f",NA,NA,1971,"10/8/1971","85d8e126-3960-11ef-b004-2906cc9fb6bc","away","TSV 1896 Rintheim","S3L Handball",18,18,FALSE,3,NA,NA,0,0,0,NA,0,0,0,0,0,0,NA,NA,NA,NA,NA,NA,NA,NA,0,0,0,0,NA,NA,NA,NA,NA
"Josef Bechler","c88a53f3-3955-11ef-bd99-157c9bc18a5f",NA,NA,1971,"10/8/1971","85d8e126-3960-11ef-b004-2906cc9fb6bc","away","TSV 1896 Rintheim","S3L Handball",18,18,FALSE,3,NA,NA,0,0,0,NA,0,0,0,0,0,0,NA,NA,NA,NA,NA,NA,NA,NA,0,0,0,0,NA,NA,NA,NA,NA
"Wolfgang Neunzig","c9c4061c-3955-11ef-92f1-157c9bc18a5f",NA,NA,1971,"10/8/1971","85d8e126-3960-11ef-b004-2906cc9fb6bc","away","TSV 1896 Rintheim","S3L Handball",18,18,FALSE,0,NA,NA,0,0,0,NA,0,0,0,0,0,0,NA,NA,NA,NA,NA,NA,NA,NA,0,0,0,0,NA,NA,NA,NA,NA
"Klaus Westebbe","8c58f63a-3955-11ef-b65e-81dc40648355",NA,NA,1971,"10/9/1971","8091cbfd-3960-11ef-b934-2906cc9fb6bc","home","VfL Gummersbach","THW Kiel",17,13,TRUE,7,NA,NA,0,0,2,NA,0,0,0,0,0,0,NA,NA,NA,NA,NA,NA,NA,NA,0,0,0,0,NA,NA,NA,NA,NA
"Klaus Kater","8da1f6ef-3955-11ef-b31a-81dc40648355",NA,NA,1971,"10/9/1971","8091cbfd-3960-11ef-b934-2906cc9fb6bc","home","VfL Gummersbach","THW Kiel",17,13,TRUE,0,NA,NA,0,0,0,NA,0,0,0,0,0,0,NA,NA,NA,NA,NA,NA,NA,NA,0,0,0,0,NA,NA,NA,NA,NA
"Klaus Schlagheck","97a06613-3955-11ef-8056-292be3190b7b",NA,NA,1971,"10/9/1971","8091cbfd-3960-11ef-b934-2906cc9fb6bc","home","VfL Gummersbach","THW Kiel",17,13,TRUE,3,NA,NA,0,0,0,NA,0,0,0,0,0,0,NA,NA,NA,NA,NA,NA,NA,NA,0,0,0,0,NA,NA,NA,NA,NA
"Ulrich Ufer","a2c8cfa8-3955-11ef-8510-2510cc07ea6e",NA,NA,1971,"10/9/1971","8091cbfd-3960-11ef-b934-2906cc9fb6bc","home","VfL Gummersbach","THW Kiel",17,13,TRUE,0,NA,NA,0,0,0,NA,0,0,0,0,0,0,NA,NA,NA,NA,NA,NA,NA,NA,0,0,0,0,NA,NA,NA,NA,NA
"Jochen Feldhoff","a32751a5-3955-11ef-badf-2510cc07ea6e",NA,NA,1971,"10/9/1971","8091cbfd-3960-11ef-b934-2906cc9fb6bc","home","VfL Gummersbach","THW Kiel",17,13,TRUE,2,NA,NA,0,0,0,NA,0,0,0,0,0,0,NA,NA,NA,NA,NA,NA,NA,NA,0,0,0,0,NA,NA,NA,NA,NA
"Helmut Keller","ae2fb2ba-3955-11ef-b38f-a36230ada079",NA,NA,1971,"10/9/1971","8091cbfd-3960-11ef-b934-2906cc9fb6bc","home","VfL Gummersbach","THW Kiel",17,13,TRUE,0,NA,NA,0,0,0,NA,0,0,0,0,0,0,NA,NA,NA,NA,NA,NA,NA,NA,0,0,0,0,NA,NA,NA,NA,NA
"Hans-Günther Schmidt","aff5702f-3955-11ef-9878-a36230ada079",NA,NA,1971,"10/9/1971","8091cbfd-3960-11ef-b934-2906cc9fb6bc","home","VfL Gummersbach","THW Kiel",17,13,TRUE,2,NA,NA,0,0,0,NA,0,0,0,0,0,0,NA,NA,NA,NA,NA,NA,NA,NA,0,0,0,0,NA,NA,NA,NA,NA
"Jochen Brand","ba44375c-3955-11ef-a5d6-ab397f561917",NA,NA,1971,"10/9/1971","8091cbfd-3960-11ef-b934-2906cc9fb6bc","home","VfL Gummersbach","THW Kiel",17,13,TRUE,1,NA,NA,0,0,0,NA,0,0,0,0,0,0,NA,NA,NA,NA,NA,NA,NA,NA,0,0,0,0,NA,NA,NA,NA,NA
"Uwe Braunschweig","ba4aaa94-3955-11ef-be97-ab397f561917",NA,NA,1971,"10/9/1971","8091cbfd-3960-11ef-b934-2906cc9fb6bc","home","VfL Gummersbach","THW Kiel",17,13,TRUE,0,NA,NA,0,0,0,NA,0,0,0,0,0,0,NA,NA,NA,NA,NA,NA,NA,NA,0,0,0,0,NA,NA,NA,NA,NA
"Bruno Zay","bce5dbb8-3955-11ef-ac9b-ab397f561917",NA,NA,1971,"10/9/1971","8091cbfd-3960-11ef-b934-2906cc9fb6bc","home","VfL Gummersbach","THW Kiel",17,13,TRUE,2,NA,NA,0,0,1,NA,0,0,0,0,0,0,NA,NA,NA,NA,NA,NA,NA,NA,0,0,0,0,NA,NA,NA,NA,NA
"Hans-Jörg Graeper","964d8ebc-3955-11ef-a25b-292be3190b7b",NA,NA,1971,"10/9/1971","8091cbfd-3960-11ef-b934-2906cc9fb6bc","away","THW Kiel","VfL Gummersbach",13,17,FALSE,1,NA,NA,0,0,0,NA,0,0,0,0,0,0,NA,NA,NA,NA,NA,NA,NA,NA,0,0,0,0,NA,NA,NA,NA,NA
"Gerd Welz","98273a90-3955-11ef-a3a2-292be3190b7b",NA,NA,1971,"10/9/1971","8091cbfd-3960-11ef-b934-2906cc9fb6bc","away","THW Kiel","VfL Gummersbach",13,17,FALSE,0,NA,NA,0,0,0,NA,0,0,0,0,0,0,NA,NA,NA,NA,NA,NA,NA,NA,0,0,0,0,NA,NA,NA,NA,NA
"Volker Harbs","9995a6f3-3955-11ef-b74f-292be3190b7b",NA,NA,1971,"10/9/1971","8091cbfd-3960-11ef-b934-2906cc9fb6bc","away","THW Kiel","VfL Gummersbach",13,17,FALSE,4,NA,NA,0,0,3,NA,0,0,0,0,0,0,NA,NA,NA,NA,NA,NA,NA,NA,0,0,0,0,NA,NA,NA,NA,NA
"Peter Prehn","b073ee0a-3955-11ef-8404-a36230ada079",NA,NA,1971,"10/9/1971","8091cbfd-3960-11ef-b934-2906cc9fb6bc","away","THW Kiel","VfL Gummersbach",13,17,FALSE,0,NA,NA,0,0,0,NA,0,0,0,0,0,0,NA,NA,NA,NA,NA,NA,NA,NA,0,0,0,0,NA,NA,NA,NA,NA
"Peter Werk","b0784d6e-3955-11ef-9a85-a36230ada079",NA,NA,1971,"10/9/1971","8091cbfd-3960-11ef-b934-2906cc9fb6bc","away","THW Kiel","VfL Gummersbach",13,17,FALSE,1,NA,NA,0,0,0,NA,0,0,0,0,0,0,NA,NA,NA,NA,NA,NA,NA,NA,0,0,0,0,NA,NA,NA,NA,NA
"Herwig Ahrendsen","b143192b-3955-11ef-bef0-a36230ada079",NA,NA,1971,"10/9/1971","8091cbfd-3960-11ef-b934-2906cc9fb6bc","away","THW Kiel","VfL Gummersbach",13,17,FALSE,0,NA,NA,0,0,0,NA,0,0,0,0,0,0,NA,NA,NA,NA,NA,NA,NA,NA,0,0,0,0,NA,NA,NA,NA,NA
"Bernd Nielsen","b1480d2c-3955-11ef-8563-a36230ada079",NA,NA,1971,"10/9/1971","8091cbfd-3960-11ef-b934-2906cc9fb6bc","away","THW Kiel","VfL Gummersbach",13,17,FALSE,3,NA,NA,0,0,3,NA,0,0,0,0,0,0,NA,NA,NA,NA,NA,NA,NA,NA,0,0,0,0,NA,NA,NA,NA,NA
"Hartwig Moll","b14ce7d8-3955-11ef-8cb5-a36230ada079",NA,NA,1971,"10/9/1971","8091cbfd-3960-11ef-b934-2906cc9fb6bc","away","THW Kiel","VfL Gummersbach",13,17,FALSE,2,NA,NA,0,0,0,NA,0,0,0,0,0,0,NA,NA,NA,NA,NA,NA,NA,NA,0,0,0,0,NA,NA,NA,NA,NA
"Rainer Voigt","c7c742a9-3955-11ef-b542-157c9bc18a5f",NA,NA,1971,"10/9/1971","8091cbfd-3960-11ef-b934-2906cc9fb6bc","away","THW Kiel","VfL Gummersbach",13,17,FALSE,0,NA,NA,0,0,0,NA,0,0,0,0,0,0,NA,NA,NA,NA,NA,NA,NA,NA,0,0,0,0,NA,NA,NA,NA,NA
"Dieter Baguhn","c7cbf017-3955-11ef-b1f7-157c9bc18a5f",NA,NA,1971,"10/9/1971","8091cbfd-3960-11ef-b934-2906cc9fb6bc","away","THW Kiel","VfL Gummersbach",13,17,FALSE,1,NA,NA,0,0,0,NA,0,0,0,0,0,0,NA,NA,NA,NA,NA,NA,NA,NA,0,0,0,0,NA,NA,NA,NA,NA
"Bernd Struck","c7d4c3a5-3955-11ef-a743-157c9bc18a5f",NA,NA,1971,"10/9/1971","8091cbfd-3960-11ef-b934-2906cc9fb6bc","away","THW Kiel","VfL Gummersbach",13,17,FALSE,1,NA,NA,0,0,0,NA,0,0,0,0,0,0,NA,NA,NA,NA,NA,NA,NA,NA,0,0,0,0,NA,NA,NA,NA,NA
"Ingo Callies","b0b0659b-3955-11ef-87aa-a36230ada079",NA,NA,1971,"10/9/1971","8356fc3b-3960-11ef-b148-2906cc9fb6bc","home","VfL Lübeck-Schwartau","TuS 05 Wellinghofen",12,13,FALSE,3,NA,NA,0,0,0,NA,0,0,0,0,0,0,NA,NA,NA,NA,NA,NA,NA,NA,0,0,0,0,NA,NA,NA,NA,NA
"Joachim Römer","b0dcb8e7-3955-11ef-83ab-a36230ada079",NA,NA,1971,"10/9/1971","8356fc3b-3960-11ef-b148-2906cc9fb6bc","home","VfL Lübeck-Schwartau","TuS 05 Wellinghofen",12,13,FALSE,0,NA,NA,0,0,0,NA,0,0,0,0,0,0,NA,NA,NA,NA,NA,NA,NA,NA,0,0,0,0,NA,NA,NA,NA,NA
"Peter Görtz","b0e9ae8f-3955-11ef-aa48-a36230ada079",NA,NA,1971,"10/9/1971","8356fc3b-3960-11ef-b148-2906cc9fb6bc","home","VfL Lübeck-Schwartau","TuS 05 Wellinghofen",12,13,FALSE,6,NA,NA,0,0,3,NA,0,0,0,0,0,0,NA,NA,NA,NA,NA,NA,NA,NA,0,0,0,0,NA,NA,NA,NA,NA
"Ulrich Kleinstoll","b0f37438-3955-11ef-84e6-a36230ada079",NA,NA,1971,"10/9/1971","8356fc3b-3960-11ef-b148-2906cc9fb6bc","home","VfL Lübeck-Schwartau","TuS 05 Wellinghofen",12,13,FALSE,2,NA,NA,0,0,0,NA,0,0,0,0,0,0,NA,NA,NA,NA,NA,NA,NA,NA,0,0,0,0,NA,NA,NA,NA,NA
"Hans-Martin Müller-Wolf","b1020054-3955-11ef-8e79-a36230ada079",NA,NA,1971,"10/9/1971","8356fc3b-3960-11ef-b148-2906cc9fb6bc","home","VfL Lübeck-Schwartau","TuS 05 Wellinghofen",12,13,FALSE,0,NA,NA,0,0,0,NA,0,0,0,0,0,0,NA,NA,NA,NA,NA,NA,NA,NA,0,0,0,0,NA,NA,NA,NA,NA
"Geert Geusendam","baee7cab-3955-11ef-95ba-ab397f561917",NA,NA,1971,"10/9/1971","8356fc3b-3960-11ef-b148-2906cc9fb6bc","home","VfL Lübeck-Schwartau","TuS 05 Wellinghofen",12,13,FALSE,0,NA,NA,0,0,0,NA,0,0,0,0,0,0,NA,NA,NA,NA,NA,NA,NA,NA,0,0,0,0,NA,NA,NA,NA,NA
"Georg Pohl","baff6cee-3955-11ef-a80f-ab397f561917",NA,NA,1971,"10/9/1971","8356fc3b-3960-11ef-b148-2906cc9fb6bc","home","VfL Lübeck-Schwartau","TuS 05 Wellinghofen",12,13,FALSE,0,NA,NA,0,0,0,NA,0,0,0,0,0,0,NA,NA,NA,NA,NA,NA,NA,NA,0,0,0,0,NA,NA,NA,NA,NA
"Jochen Krummland","c7b078f7-3955-11ef-932e-157c9bc18a5f",NA,NA,1971,"10/9/1971","8356fc3b-3960-11ef-b148-2906cc9fb6bc","home","VfL Lübeck-Schwartau","TuS 05 Wellinghofen",12,13,FALSE,1,NA,NA,0,0,0,NA,0,0,0,0,0,0,NA,NA,NA,NA,NA,NA,NA,NA,0,0,0,0,NA,NA,NA,NA,NA
"Björn Clausen","c7b94735-3955-11ef-b741-157c9bc18a5f",NA,NA,1971,"10/9/1971","8356fc3b-3960-11ef-b148-2906cc9fb6bc","home","VfL Lübeck-Schwartau","TuS 05 Wellinghofen",12,13,FALSE,0,NA,NA,0,0,0,NA,0,0,0,0,0,0,NA,NA,NA,NA,NA,NA,NA,NA,0,0,0,0,NA,NA,NA,NA,NA
"Jochen Hoffmann","c7bdef38-3955-11ef-8b6c-157c9bc18a5f",NA,NA,1971,"10/9/1971","8356fc3b-3960-11ef-b148-2906cc9fb6bc","home","VfL Lübeck-Schwartau","TuS 05 Wellinghofen",12,13,FALSE,0,NA,NA,0,0,0,NA,0,0,0,0,0,0,NA,NA,NA,NA,NA,NA,NA,NA,0,0,0,0,NA,NA,NA,NA,NA
"Klaus-Peter Schmidt","c926f113-3955-11ef-8497-157c9bc18a5f",NA,NA,1971,"10/9/1971","8356fc3b-3960-11ef-b148-2906cc9fb6bc","home","VfL Lübeck-Schwartau","TuS 05 Wellinghofen",12,13,FALSE,0,NA,NA,0,0,0,NA,0,0,0,0,0,0,NA,NA,NA,NA,NA,NA,NA,NA,0,0,0,0,NA,NA,NA,NA,NA
"Karl-Heinz Schulz","72847241-3955-11ef-8bd4-51fdf2a82730",NA,NA,1971,"10/9/1971","8356fc3b-3960-11ef-b148-2906cc9fb6bc","away","TuS 05 Wellinghofen","VfL Lübeck-Schwartau",13,12,TRUE,0,NA,NA,0,0,0,NA,0,0,0,0,0,0,NA,NA,NA,NA,NA,NA,NA,NA,0,0,0,0,NA,NA,NA,NA,NA
"Hans-Peter Neuhaus","8d9d3887-3955-11ef-80a3-81dc40648355",NA,NA,1971,"10/9/1971","8356fc3b-3960-11ef-b148-2906cc9fb6bc","away","TuS 05 Wellinghofen","VfL Lübeck-Schwartau",13,12,TRUE,2,NA,NA,0,0,1,NA,0,0,0,0,0,0,NA,NA,NA,NA,NA,NA,NA,NA,0,0,0,0,NA,NA,NA,NA,NA
"Rainer Gosewinkel","a4d61156-3955-11ef-8406-2510cc07ea6e",NA,NA,1971,"10/9/1971","8356fc3b-3960-11ef-b148-2906cc9fb6bc","away","TuS 05 Wellinghofen","VfL Lübeck-Schwartau",13,12,TRUE,2,NA,NA,0,0,0,NA,0,0,0,0,0,0,NA,NA,NA,NA,NA,NA,NA,NA,0,0,0,0,NA,NA,NA,NA,NA
"Klaus Erwe","a4f54a19-3955-11ef-b48a-2510cc07ea6e",NA,NA,1971,"10/9/1971","8356fc3b-3960-11ef-b148-2906cc9fb6bc","away","TuS 05 Wellinghofen","VfL Lübeck-Schwartau",13,12,TRUE,0,NA,NA,0,0,0,NA,0,0,0,0,0,0,NA,NA,NA,NA,NA,NA,NA,NA,0,0,0,0,NA,NA,NA,NA,NA
"Burkhard Gröning","a52c6e4f-3955-11ef-a576-2510cc07ea6e",NA,NA,1971,"10/9/1971","8356fc3b-3960-11ef-b148-2906cc9fb6bc","away","TuS 05 Wellinghofen","VfL Lübeck-Schwartau",13,12,TRUE,3,NA,NA,0,0,0,NA,0,0,0,0,0,0,NA,NA,NA,NA,NA,NA,NA,NA,0,0,0,0,NA,NA,NA,NA,NA
"Klaus Tiews","a531838f-3955-11ef-8e99-2510cc07ea6e",NA,NA,1971,"10/9/1971","8356fc3b-3960-11ef-b148-2906cc9fb6bc","away","TuS 05 Wellinghofen","VfL Lübeck-Schwartau",13,12,TRUE,0,NA,NA,0,0,0,NA,0,0,0,0,0,0,NA,NA,NA,NA,NA,NA,NA,NA,0,0,0,0,NA,NA,NA,NA,NA
"Heinz Oberscheidt","a5ae94f2-3955-11ef-91fc-2510cc07ea6e",NA,NA,1971,"10/9/1971","8356fc3b-3960-11ef-b148-2906cc9fb6bc","away","TuS 05 Wellinghofen","VfL Lübeck-Schwartau",13,12,TRUE,4,NA,NA,0,0,0,NA,0,0,0,0,0,0,NA,NA,NA,NA,NA,NA,NA,NA,0,0,0,0,NA,NA,NA,NA,NA
"Hans-Jürgen Sengera","ba7fae8e-3955-11ef-80e4-ab397f561917",NA,NA,1971,"10/9/1971","8356fc3b-3960-11ef-b148-2906cc9fb6bc","away","TuS 05 Wellinghofen","VfL Lübeck-Schwartau",13,12,TRUE,0,NA,NA,0,0,0,NA,0,0,0,0,0,0,NA,NA,NA,NA,NA,NA,NA,NA,0,0,0,0,NA,NA,NA,NA,NA
"Burkhardt Eckardt","c76d08cb-3955-11ef-8fa7-157c9bc18a5f",NA,NA,1971,"10/9/1971","8356fc3b-3960-11ef-b148-2906cc9fb6bc","away","TuS 05 Wellinghofen","VfL Lübeck-Schwartau",13,12,TRUE,0,NA,NA,0,0,0,NA,0,0,0,0,0,0,NA,NA,NA,NA,NA,NA,NA,NA,0,0,0,0,NA,NA,NA,NA,NA
"Klaus Linnemann","c773ab8c-3955-11ef-96ba-157c9bc18a5f",NA,NA,1971,"10/9/1971","8356fc3b-3960-11ef-b148-2906cc9fb6bc","away","TuS 05 Wellinghofen","VfL Lübeck-Schwartau",13,12,TRUE,2,NA,NA,0,0,0,NA,0,0,0,0,0,0,NA,NA,NA,NA,NA,NA,NA,NA,0,0,0,0,NA,NA,NA,NA,NA
"Ulrich Eikermann","73a211c9-3955-11ef-8f8f-51fdf2a82730",NA,NA,1971,"10/9/1971","83d06c3e-3960-11ef-8221-2906cc9fb6bc","home","SC Phönix Essen 1920","TSB Flensburg",18,9,TRUE,4,NA,NA,0,0,0,NA,0,0,0,0,0,0,NA,NA,NA,NA,NA,NA,NA,NA,0,0,0,0,NA,NA,NA,NA,NA
"Werner Kühn","a5a83923-3955-11ef-abc5-2510cc07ea6e",NA,NA,1971,"10/9/1971","83d06c3e-3960-11ef-8221-2906cc9fb6bc","home","SC Phönix Essen 1920","TSB Flensburg",18,9,TRUE,1,NA,NA,0,0,0,NA,0,0,0,0,0,0,NA,NA,NA,NA,NA,NA,NA,NA,0,0,0,0,NA,NA,NA,NA,NA
"Norbert Meister","a610e086-3955-11ef-bf85-2510cc07ea6e",NA,NA,1971,"10/9/1971","83d06c3e-3960-11ef-8221-2906cc9fb6bc","home","SC Phönix Essen 1920","TSB Flensburg",18,9,TRUE,0,NA,NA,0,0,0,NA,0,0,0,0,0,0,NA,NA,NA,NA,NA,NA,NA,NA,0,0,0,0,NA,NA,NA,NA,NA
"Rüdiger Hillebrand","b0c11a9c-3955-11ef-bf0d-a36230ada079",NA,NA,1971,"10/9/1971","83d06c3e-3960-11ef-8221-2906cc9fb6bc","home","SC Phönix Essen 1920","TSB Flensburg",18,9,TRUE,0,NA,NA,0,0,0,NA,0,0,0,0,0,0,NA,NA,NA,NA,NA,NA,NA,NA,0,0,0,0,NA,NA,NA,NA,NA
"Bernd Tolksdorf","bae02284-3955-11ef-b577-ab397f561917",NA,NA,1971,"10/9/1971","83d06c3e-3960-11ef-8221-2906cc9fb6bc","home","SC Phönix Essen 1920","TSB Flensburg",18,9,TRUE,3,NA,NA,0,0,0,NA,0,0,0,0,0,0,NA,NA,NA,NA,NA,NA,NA,NA,0,0,0,0,NA,NA,NA,NA,NA
"Klaus Kirschner","bae43a44-3955-11ef-ae7c-ab397f561917",NA,NA,1971,"10/9/1971","83d06c3e-3960-11ef-8221-2906cc9fb6bc","home","SC Phönix Essen 1920","TSB Flensburg",18,9,TRUE,0,NA,NA,0,0,0,NA,0,0,0,0,0,0,NA,NA,NA,NA,NA,NA,NA,NA,0,0,0,0,NA,NA,NA,NA,NA
"Norbert Kroker","bd441662-3955-11ef-b771-ab397f561917",NA,NA,1971,"10/9/1971","83d06c3e-3960-11ef-8221-2906cc9fb6bc","home","SC Phönix Essen 1920","TSB Flensburg",18,9,TRUE,2,NA,NA,0,0,0,NA,0,0,0,0,0,0,NA,NA,NA,NA,NA,NA,NA,NA,0,0,0,0,NA,NA,NA,NA,NA
"Michael Hattig","bd52f5b1-3955-11ef-ba0c-ab397f561917",NA,NA,1971,"10/9/1971","83d06c3e-3960-11ef-8221-2906cc9fb6bc","home","SC Phönix Essen 1920","TSB Flensburg",18,9,TRUE,3,NA,NA,0,0,0,NA,0,0,0,0,0,0,NA,NA,NA,NA,NA,NA,NA,NA,0,0,0,0,NA,NA,NA,NA,NA
"Herbert Buschmann","bd5ac595-3955-11ef-97f0-ab397f561917",NA,NA,1971,"10/9/1971","83d06c3e-3960-11ef-8221-2906cc9fb6bc","home","SC Phönix Essen 1920","TSB Flensburg",18,9,TRUE,0,NA,NA,0,0,0,NA,0,0,0,0,0,0,NA,NA,NA,NA,NA,NA,NA,NA,0,0,0,0,NA,NA,NA,NA,NA
"Peter Fischer","bd861af2-3955-11ef-a655-ab397f561917",NA,NA,1971,"10/9/1971","83d06c3e-3960-11ef-8221-2906cc9fb6bc","home","SC Phönix Essen 1920","TSB Flensburg",18,9,TRUE,0,NA,NA,0,0,0,NA,0,0,0,0,0,0,NA,NA,NA,NA,NA,NA,NA,NA,0,0,0,0,NA,NA,NA,NA,NA
"Carl-Bernd Behler","c79d213f-3955-11ef-a773-157c9bc18a5f",NA,NA,1971,"10/9/1971","83d06c3e-3960-11ef-8221-2906cc9fb6bc","home","SC Phönix Essen 1920","TSB Flensburg",18,9,TRUE,0,NA,NA,0,0,0,NA,0,0,0,0,0,0,NA,NA,NA,NA,NA,NA,NA,NA,0,0,0,0,NA,NA,NA,NA,NA
"Ernst Weise","c90cdba3-3955-11ef-b068-157c9bc18a5f",NA,NA,1971,"10/9/1971","83d06c3e-3960-11ef-8221-2906cc9fb6bc","home","SC Phönix Essen 1920","TSB Flensburg",18,9,TRUE,5,NA,NA,0,0,0,NA,0,0,0,0,0,0,NA,NA,NA,NA,NA,NA,NA,NA,0,0,0,0,NA,NA,NA,NA,NA
"Hans-Joachim Krüger","989303b8-3955-11ef-ac0a-292be3190b7b",NA,NA,1971,"10/9/1971","83d06c3e-3960-11ef-8221-2906cc9fb6bc","away","TSB Flensburg","SC Phönix Essen 1920",9,18,FALSE,4,NA,NA,0,0,1,NA,0,0,0,0,0,0,NA,NA,NA,NA,NA,NA,NA,NA,0,0,0,0,NA,NA,NA,NA,NA
"Ulrich Althoff","bb6c27f0-3955-11ef-9d06-ab397f561917",NA,NA,1971,"10/9/1971","83d06c3e-3960-11ef-8221-2906cc9fb6bc","away","TSB Flensburg","SC Phönix Essen 1920",9,18,FALSE,0,NA,NA,0,0,0,NA,0,0,0,0,0,0,NA,NA,NA,NA,NA,NA,NA,NA,0,0,0,0,NA,NA,NA,NA,NA
"Helmut Wolff","c8c361d9-3955-11ef-b16f-157c9bc18a5f",NA,NA,1971,"10/9/1971","83d06c3e-3960-11ef-8221-2906cc9fb6bc","away","TSB Flensburg","SC Phönix Essen 1920",9,18,FALSE,0,NA,NA,0,0,0,NA,0,0,0,0,0,0,NA,NA,NA,NA,NA,NA,NA,NA,0,0,0,0,NA,NA,NA,NA,NA
"Sönke Voß","c8c872dc-3955-11ef-8979-157c9bc18a5f",NA,NA,1971,"10/9/1971","83d06c3e-3960-11ef-8221-2906cc9fb6bc","away","TSB Flensburg","SC Phönix Essen 1920",9,18,FALSE,2,NA,NA,0,0,0,NA,0,0,0,0,0,0,NA,NA,NA,NA,NA,NA,NA,NA,0,0,0,0,NA,NA,NA,NA,NA
"Trutz Kob","c8ccf221-3955-11ef-8f6f-157c9bc18a5f",NA,NA,1971,"10/9/1971","83d06c3e-3960-11ef-8221-2906cc9fb6bc","away","TSB Flensburg","SC Phönix Essen 1920",9,18,FALSE,1,NA,NA,0,0,0,NA,0,0,0,0,0,0,NA,NA,NA,NA,NA,NA,NA,NA,0,0,0,0,NA,NA,NA,NA,NA
"Gerhard Brast","c8d5c599-3955-11ef-8eef-157c9bc18a5f",NA,NA,1971,"10/9/1971","83d06c3e-3960-11ef-8221-2906cc9fb6bc","away","TSB Flensburg","SC Phönix Essen 1920",9,18,FALSE,0,NA,NA,0,0,0,NA,0,0,0,0,0,0,NA,NA,NA,NA,NA,NA,NA,NA,0,0,0,0,NA,NA,NA,NA,NA
"Günter Jensen","c8d9f473-3955-11ef-9c30-157c9bc18a5f",NA,NA,1971,"10/9/1971","83d06c3e-3960-11ef-8221-2906cc9fb6bc","away","TSB Flensburg","SC Phönix Essen 1920",9,18,FALSE,0,NA,NA,0,0,0,NA,0,0,0,0,0,0,NA,NA,NA,NA,NA,NA,NA,NA,0,0,0,0,NA,NA,NA,NA,NA
"Claus Karstens","c8de58ae-3955-11ef-9aa5-157c9bc18a5f",NA,NA,1971,"10/9/1971","83d06c3e-3960-11ef-8221-2906cc9fb6bc","away","TSB Flensburg","SC Phönix Essen 1920",9,18,FALSE,1,NA,NA,0,0,0,NA,0,0,0,0,0,0,NA,NA,NA,NA,NA,NA,NA,NA,0,0,0,0,NA,NA,NA,NA,NA
"Rolf Asmussen","c8e24957-3955-11ef-86ce-157c9bc18a5f",NA,NA,1971,"10/9/1971","83d06c3e-3960-11ef-8221-2906cc9fb6bc","away","TSB Flensburg","SC Phönix Essen 1920",9,18,FALSE,0,NA,NA,0,0,0,NA,0,0,0,0,0,0,NA,NA,NA,NA,NA,NA,NA,NA,0,0,0,0,NA,NA,NA,NA,NA
"Knud Börnsen","c8e6ee04-3955-11ef-bb81-157c9bc18a5f",NA,NA,1971,"10/9/1971","83d06c3e-3960-11ef-8221-2906cc9fb6bc","away","TSB Flensburg","SC Phönix Essen 1920",9,18,FALSE,1,NA,NA,0,0,0,NA,0,0,0,0,0,0,NA,NA,NA,NA,NA,NA,NA,NA,0,0,0,0,NA,NA,NA,NA,NA
"Hans-Jürgen Zastera","c8eb73c1-3955-11ef-bb77-157c9bc18a5f",NA,NA,1971,"10/9/1971","83d06c3e-3960-11ef-8221-2906cc9fb6bc","away","TSB Flensburg","SC Phönix Essen 1920",9,18,FALSE,0,NA,NA,0,0,0,NA,0,0,0,0,0,0,NA,NA,NA,NA,NA,NA,NA,NA,0,0,0,0,NA,NA,NA,NA,NA
"Uwe Dahlinger","c8ef76f2-3955-11ef-add0-157c9bc18a5f",NA,NA,1971,"10/9/1971","83d06c3e-3960-11ef-8221-2906cc9fb6bc","away","TSB Flensburg","SC Phönix Essen 1920",9,18,FALSE,0,NA,NA,0,0,0,NA,0,0,0,0,0,0,NA,NA,NA,NA,NA,NA,NA,NA,0,0,0,0,NA,NA,NA,NA,NA
"Wolfgang Stolz","999eb14b-3955-11ef-bbce-292be3190b7b",NA,NA,1971,"10/9/1971","84ef48a4-3960-11ef-817b-2906cc9fb6bc","home","SpVgg 1887 Möhringen","TV Hochdorf",13,9,TRUE,4,NA,NA,0,0,0,NA,0,0,0,0,0,0,NA,NA,NA,NA,NA,NA,NA,NA,0,0,0,0,NA,NA,NA,NA,NA
"Hermann Mäurle","a44f95e3-3955-11ef-b53d-2510cc07ea6e",NA,NA,1971,"10/9/1971","84ef48a4-3960-11ef-817b-2906cc9fb6bc","home","SpVgg 1887 Möhringen","TV Hochdorf",13,9,TRUE,2,NA,NA,0,0,0,NA,0,0,0,0,0,0,NA,NA,NA,NA,NA,NA,NA,NA,0,0,0,0,NA,NA,NA,NA,NA
"Karl-Heinz Wolf","c8354cdd-3955-11ef-a1d6-157c9bc18a5f",NA,NA,1971,"10/9/1971","84ef48a4-3960-11ef-817b-2906cc9fb6bc","home","SpVgg 1887 Möhringen","TV Hochdorf",13,9,TRUE,0,NA,NA,0,0,0,NA,0,0,0,0,0,0,NA,NA,NA,NA,NA,NA,NA,NA,0,0,0,0,NA,NA,NA,NA,NA
"Gerd-Volker Stock","c8397c3c-3955-11ef-af12-157c9bc18a5f",NA,NA,1971,"10/9/1971","84ef48a4-3960-11ef-817b-2906cc9fb6bc","home","SpVgg 1887 Möhringen","TV Hochdorf",13,9,TRUE,0,NA,NA,0,0,0,NA,0,0,0,0,0,0,NA,NA,NA,NA,NA,NA,NA,NA,0,0,0,0,NA,NA,NA,NA,NA
"Folker Baur","c83d9af6-3955-11ef-9e5e-157c9bc18a5f",NA,NA,1971,"10/9/1971","84ef48a4-3960-11ef-817b-2906cc9fb6bc","home","SpVgg 1887 Möhringen","TV Hochdorf",13,9,TRUE,1,NA,NA,0,0,0,NA,0,0,0,0,0,0,NA,NA,NA,NA,NA,NA,NA,NA,0,0,0,0,NA,NA,NA,NA,NA
"Dieter Schuh","c84c4c54-3955-11ef-9d35-157c9bc18a5f",NA,NA,1971,"10/9/1971","84ef48a4-3960-11ef-817b-2906cc9fb6bc","home","SpVgg 1887 Möhringen","TV Hochdorf",13,9,TRUE,1,NA,NA,0,0,0,NA,0,0,0,0,0,0,NA,NA,NA,NA,NA,NA,NA,NA,0,0,0,0,NA,NA,NA,NA,NA
"Lothar Scheffel","c850996c-3955-11ef-94a7-157c9bc18a5f",NA,NA,1971,"10/9/1971","84ef48a4-3960-11ef-817b-2906cc9fb6bc","home","SpVgg 1887 Möhringen","TV Hochdorf",13,9,TRUE,0,NA,NA,0,0,0,NA,0,0,0,0,0,0,NA,NA,NA,NA,NA,NA,NA,NA,0,0,0,0,NA,NA,NA,NA,NA
"Robert Bach","c85fda21-3955-11ef-9bd8-157c9bc18a5f",NA,NA,1971,"10/9/1971","84ef48a4-3960-11ef-817b-2906cc9fb6bc","home","SpVgg 1887 Möhringen","TV Hochdorf",13,9,TRUE,1,NA,NA,0,0,1,NA,0,0,0,0,0,0,NA,NA,NA,NA,NA,NA,NA,NA,0,0,0,0,NA,NA,NA,NA,NA
"Karl-Heinz Steinbach","c864fc61-3955-11ef-bc13-157c9bc18a5f",NA,NA,1971,"10/9/1971","84ef48a4-3960-11ef-817b-2906cc9fb6bc","home","SpVgg 1887 Möhringen","TV Hochdorf",13,9,TRUE,1,NA,NA,0,0,0,NA,0,0,0,0,0,0,NA,NA,NA,NA,NA,NA,NA,NA,0,0,0,0,NA,NA,NA,NA,NA
"Wolfgang Schall","c869381d-3955-11ef-a2ed-157c9bc18a5f",NA,NA,1971,"10/9/1971","84ef48a4-3960-11ef-817b-2906cc9fb6bc","home","SpVgg 1887 Möhringen","TV Hochdorf",13,9,TRUE,3,NA,NA,0,0,0,NA,0,0,0,0,0,0,NA,NA,NA,NA,NA,NA,NA,NA,0,0,0,0,NA,NA,NA,NA,NA
"Robert Becker","ae8c50f9-3955-11ef-91c4-a36230ada079",NA,NA,1971,"10/9/1971","84ef48a4-3960-11ef-817b-2906cc9fb6bc","away","TV Hochdorf","SpVgg 1887 Möhringen",9,13,FALSE,3,NA,NA,0,0,0,NA,0,0,0,0,0,0,NA,NA,NA,NA,NA,NA,NA,NA,0,0,0,0,NA,NA,NA,NA,NA
"Jürgen Hahn","ae947745-3955-11ef-bc54-a36230ada079",NA,NA,1971,"10/9/1971","84ef48a4-3960-11ef-817b-2906cc9fb6bc","away","TV Hochdorf","SpVgg 1887 Möhringen",9,13,FALSE,1,NA,NA,0,0,0,NA,0,0,0,0,0,0,NA,NA,NA,NA,NA,NA,NA,NA,0,0,0,0,NA,NA,NA,NA,NA
"Wilfried Job","af3ed007-3955-11ef-9184-a36230ada079",NA,NA,1971,"10/9/1971","84ef48a4-3960-11ef-817b-2906cc9fb6bc","away","TV Hochdorf","SpVgg 1887 Möhringen",9,13,FALSE,0,NA,NA,0,0,0,NA,0,0,0,0,0,0,NA,NA,NA,NA,NA,NA,NA,NA,0,0,0,0,NA,NA,NA,NA,NA
"Hans Stein","bde4861d-3955-11ef-a14e-ab397f561917",NA,NA,1971,"10/9/1971","84ef48a4-3960-11ef-817b-2906cc9fb6bc","away","TV Hochdorf","SpVgg 1887 Möhringen",9,13,FALSE,1,NA,NA,0,0,0,NA,0,0,0,0,0,0,NA,NA,NA,NA,NA,NA,NA,NA,0,0,0,0,NA,NA,NA,NA,NA
"Hans Schmitz","c9354efe-3955-11ef-b77a-157c9bc18a5f",NA,NA,1971,"10/9/1971","84ef48a4-3960-11ef-817b-2906cc9fb6bc","away","TV Hochdorf","SpVgg 1887 Möhringen",9,13,FALSE,0,NA,NA,0,0,0,NA,0,0,0,0,0,0,NA,NA,NA,NA,NA,NA,NA,NA,0,0,0,0,NA,NA,NA,NA,NA
"Werner Häfele","c9414487-3955-11ef-a5df-157c9bc18a5f",NA,NA,1971,"10/9/1971","84ef48a4-3960-11ef-817b-2906cc9fb6bc","away","TV Hochdorf","SpVgg 1887 Möhringen",9,13,FALSE,1,NA,NA,0,0,0,NA,0,0,0,0,0,0,NA,NA,NA,NA,NA,NA,NA,NA,0,0,0,0,NA,NA,NA,NA,NA
"Peter Frisch","c94a46b7-3955-11ef-8686-157c9bc18a5f",NA,NA,1971,"10/9/1971","84ef48a4-3960-11ef-817b-2906cc9fb6bc","away","TV Hochdorf","SpVgg 1887 Möhringen",9,13,FALSE,0,NA,NA,0,0,0,NA,0,0,0,0,0,0,NA,NA,NA,NA,NA,NA,NA,NA,0,0,0,0,NA,NA,NA,NA,NA
"Karl Schotter","c94ebb91-3955-11ef-9ec3-157c9bc18a5f",NA,NA,1971,"10/9/1971","84ef48a4-3960-11ef-817b-2906cc9fb6bc","away","TV Hochdorf","SpVgg 1887 Möhringen",9,13,FALSE,0,NA,NA,0,0,0,NA,0,0,0,0,0,0,NA,NA,NA,NA,NA,NA,NA,NA,0,0,0,0,NA,NA,NA,NA,NA
"Werner Matill","c9539495-3955-11ef-9bff-157c9bc18a5f",NA,NA,1971,"10/9/1971","84ef48a4-3960-11ef-817b-2906cc9fb6bc","away","TV Hochdorf","SpVgg 1887 Möhringen",9,13,FALSE,0,NA,NA,0,0,0,NA,0,0,0,0,0,0,NA,NA,NA,NA,NA,NA,NA,NA,0,0,0,0,NA,NA,NA,NA,NA
"Peter Bucher","8e0071c9-3955-11ef-8ff8-81dc40648355",NA,NA,1971,"10/9/1971","8cec1ee1-3960-11ef-a0cc-9b08c5d4c173","home","FRISCH AUF! Göppingen","SG Dietzenbach",20,13,TRUE,2,NA,NA,0,0,0,NA,0,0,0,0,0,0,NA,NA,NA,NA,NA,NA,NA,NA,0,0,0,0,NA,NA,NA,NA,NA
"Max Müller","99453a6b-3955-11ef-84c2-292be3190b7b",NA,NA,1971,"10/9/1971","8cec1ee1-3960-11ef-a0cc-9b08c5d4c173","home","FRISCH AUF! Göppingen","SG Dietzenbach",20,13,TRUE,4,NA,NA,0,0,0,NA,0,0,0,0,0,0,NA,NA,NA,NA,NA,NA,NA,NA,0,0,0,0,NA,NA,NA,NA,NA
"Werner Fischer","af3a0885-3955-11ef-a884-a36230ada079",NA,NA,1971,"10/9/1971","8cec1ee1-3960-11ef-a0cc-9b08c5d4c173","home","FRISCH AUF! Göppingen","SG Dietzenbach",20,13,TRUE,1,NA,NA,0,0,0,NA,0,0,0,0,0,0,NA,NA,NA,NA,NA,NA,NA,NA,0,0,0,0,NA,NA,NA,NA,NA
"Hans Brodbeck","b1f00cc3-3955-11ef-b4c9-a36230ada079",NA,NA,1971,"10/9/1971","8cec1ee1-3960-11ef-a0cc-9b08c5d4c173","home","FRISCH AUF! Göppingen","SG Dietzenbach",20,13,TRUE,0,NA,NA,0,0,0,NA,0,0,0,0,0,0,NA,NA,NA,NA,NA,NA,NA,NA,0,0,0,0,NA,NA,NA,NA,NA
"Hans-Dieter Schunter","b2054717-3955-11ef-a22c-a36230ada079",NA,NA,1971,"10/9/1971","8cec1ee1-3960-11ef-a0cc-9b08c5d4c173","home","FRISCH AUF! Göppingen","SG Dietzenbach",20,13,TRUE,0,NA,NA,0,0,0,NA,0,0,0,0,0,0,NA,NA,NA,NA,NA,NA,NA,NA,0,0,0,0,NA,NA,NA,NA,NA
"Detlef Groß","b20edee3-3955-11ef-9e14-a36230ada079",NA,NA,1971,"10/9/1971","8cec1ee1-3960-11ef-a0cc-9b08c5d4c173","home","FRISCH AUF! Göppingen","SG Dietzenbach",20,13,TRUE,0,NA,NA,0,0,0,NA,0,0,0,0,0,0,NA,NA,NA,NA,NA,NA,NA,NA,0,0,0,0,NA,NA,NA,NA,NA
"Paul Epple","bc8167af-3955-11ef-8748-ab397f561917",NA,NA,1971,"10/9/1971","8cec1ee1-3960-11ef-a0cc-9b08c5d4c173","home","FRISCH AUF! Göppingen","SG Dietzenbach",20,13,TRUE,5,NA,NA,0,0,3,NA,0,0,0,0,0,0,NA,NA,NA,NA,NA,NA,NA,NA,0,0,0,0,NA,NA,NA,NA,NA
"Walter Pflüger","bc85cdbc-3955-11ef-8e24-ab397f561917",NA,NA,1971,"10/9/1971","8cec1ee1-3960-11ef-a0cc-9b08c5d4c173","home","FRISCH AUF! Göppingen","SG Dietzenbach",20,13,TRUE,1,NA,NA,0,0,0,NA,0,0,0,0,0,0,NA,NA,NA,NA,NA,NA,NA,NA,0,0,0,0,NA,NA,NA,NA,NA
"Werner Arndt","c71116e0-3955-11ef-85d3-157c9bc18a5f",NA,NA,1971,"10/9/1971","8cec1ee1-3960-11ef-a0cc-9b08c5d4c173","home","FRISCH AUF! Göppingen","SG Dietzenbach",20,13,TRUE,2,NA,NA,0,0,0,NA,0,0,0,0,0,0,NA,NA,NA,NA,NA,NA,NA,NA,0,0,0,0,NA,NA,NA,NA,NA
"Christian Patzer","c715a1de-3955-11ef-bc54-157c9bc18a5f",NA,NA,1971,"10/9/1971","8cec1ee1-3960-11ef-a0cc-9b08c5d4c173","home","FRISCH AUF! Göppingen","SG Dietzenbach",20,13,TRUE,0,NA,NA,0,0,0,NA,0,0,0,0,0,0,NA,NA,NA,NA,NA,NA,NA,NA,0,0,0,0,NA,NA,NA,NA,NA
"Uwe Rathjen","c898158b-3955-11ef-82cb-157c9bc18a5f",NA,NA,1971,"10/9/1971","8cec1ee1-3960-11ef-a0cc-9b08c5d4c173","home","FRISCH AUF! Göppingen","SG Dietzenbach",20,13,TRUE,0,NA,NA,0,0,0,NA,0,0,0,0,0,0,NA,NA,NA,NA,NA,NA,NA,NA,0,0,0,0,NA,NA,NA,NA,NA
"Armin Eisele","c9cc4c1b-3955-11ef-9f9f-157c9bc18a5f",NA,NA,1971,"10/9/1971","8cec1ee1-3960-11ef-a0cc-9b08c5d4c173","home","FRISCH AUF! Göppingen","SG Dietzenbach",20,13,TRUE,5,NA,NA,0,0,0,NA,0,0,0,0,0,0,NA,NA,NA,NA,NA,NA,NA,NA,0,0,0,0,NA,NA,NA,NA,NA
"Heinz-Theo Kaus","8086fdf9-3955-11ef-938f-b908c60af10a",NA,NA,1971,"10/9/1971","8cec1ee1-3960-11ef-a0cc-9b08c5d4c173","away","SG Dietzenbach","FRISCH AUF! Göppingen",13,20,FALSE,0,NA,NA,0,0,0,NA,0,0,0,0,0,0,NA,NA,NA,NA,NA,NA,NA,NA,0,0,0,0,NA,NA,NA,NA,NA
"Peter Fenn","96d23185-3955-11ef-bbcf-292be3190b7b",NA,NA,1971,"10/9/1971","8cec1ee1-3960-11ef-a0cc-9b08c5d4c173","away","SG Dietzenbach","FRISCH AUF! Göppingen",13,20,FALSE,1,NA,NA,0,0,0,NA,0,0,0,0,0,0,NA,NA,NA,NA,NA,NA,NA,NA,0,0,0,0,NA,NA,NA,NA,NA
"Herbert Wehnert","96e104db-3955-11ef-b58d-292be3190b7b",NA,NA,1971,"10/9/1971","8cec1ee1-3960-11ef-a0cc-9b08c5d4c173","away","SG Dietzenbach","FRISCH AUF! Göppingen",13,20,FALSE,1,NA,NA,0,0,0,NA,0,0,0,0,0,0,NA,NA,NA,NA,NA,NA,NA,NA,0,0,0,0,NA,NA,NA,NA,NA
"Manfred Merk","a2e89182-3955-11ef-b7cf-2510cc07ea6e",NA,NA,1971,"10/9/1971","8cec1ee1-3960-11ef-a0cc-9b08c5d4c173","away","SG Dietzenbach","FRISCH AUF! Göppingen",13,20,FALSE,3,NA,NA,0,0,0,NA,0,0,0,0,0,0,NA,NA,NA,NA,NA,NA,NA,NA,0,0,0,0,NA,NA,NA,NA,NA
"Heinrich Baum","af2c6c48-3955-11ef-964a-a36230ada079",NA,NA,1971,"10/9/1971","8cec1ee1-3960-11ef-a0cc-9b08c5d4c173","away","SG Dietzenbach","FRISCH AUF! Göppingen",13,20,FALSE,1,NA,NA,0,0,0,NA,0,0,0,0,0,0,NA,NA,NA,NA,NA,NA,NA,NA,0,0,0,0,NA,NA,NA,NA,NA
"Klaus Rettig","b1d1aa4c-3955-11ef-baf9-a36230ada079",NA,NA,1971,"10/9/1971","8cec1ee1-3960-11ef-a0cc-9b08c5d4c173","away","SG Dietzenbach","FRISCH AUF! Göppingen",13,20,FALSE,3,NA,NA,0,0,1,NA,0,0,0,0,0,0,NA,NA,NA,NA,NA,NA,NA,NA,0,0,0,0,NA,NA,NA,NA,NA
"Reinhold Jerwan","b1d5c150-3955-11ef-9027-a36230ada079",NA,NA,1971,"10/9/1971","8cec1ee1-3960-11ef-a0cc-9b08c5d4c173","away","SG Dietzenbach","FRISCH AUF! Göppingen",13,20,FALSE,2,NA,NA,0,0,0,NA,0,0,0,0,0,0,NA,NA,NA,NA,NA,NA,NA,NA,0,0,0,0,NA,NA,NA,NA,NA
"Werner Conrad","b1d9e0f0-3955-11ef-8356-a36230ada079",NA,NA,1971,"10/9/1971","8cec1ee1-3960-11ef-a0cc-9b08c5d4c173","away","SG Dietzenbach","FRISCH AUF! Göppingen",13,20,FALSE,0,NA,NA,0,0,0,NA,0,0,0,0,0,0,NA,NA,NA,NA,NA,NA,NA,NA,0,0,0,0,NA,NA,NA,NA,NA
"Dieter Liebherr","bc97017d-3955-11ef-af25-ab397f561917",NA,NA,1971,"10/9/1971","8cec1ee1-3960-11ef-a0cc-9b08c5d4c173","away","SG Dietzenbach","FRISCH AUF! Göppingen",13,20,FALSE,0,NA,NA,0,0,0,NA,0,0,0,0,0,0,NA,NA,NA,NA,NA,NA,NA,NA,0,0,0,0,NA,NA,NA,NA,NA
"Norbert Kern","c6961a09-3955-11ef-8bcc-157c9bc18a5f",NA,NA,1971,"10/9/1971","8cec1ee1-3960-11ef-a0cc-9b08c5d4c173","away","SG Dietzenbach","FRISCH AUF! Göppingen",13,20,FALSE,0,NA,NA,0,0,0,NA,0,0,0,0,0,0,NA,NA,NA,NA,NA,NA,NA,NA,0,0,0,0,NA,NA,NA,NA,NA
"Günther Rebel","c808988c-3955-11ef-af62-157c9bc18a5f",NA,NA,1971,"10/9/1971","8cec1ee1-3960-11ef-a0cc-9b08c5d4c173","away","SG Dietzenbach","FRISCH AUF! Göppingen",13,20,FALSE,2,NA,NA,0,0,1,NA,0,0,0,0,0,0,NA,NA,NA,NA,NA,NA,NA,NA,0,0,0,0,NA,NA,NA,NA,NA
"Peter Pickel","8c973b42-3955-11ef-8c71-81dc40648355",NA,NA,1971,"10/10/1971","81a98f33-3960-11ef-a057-2906cc9fb6bc","home","Hamburger SV","GWD Minden",15,10,TRUE,1,NA,NA,0,0,0,NA,0,0,0,0,0,0,NA,NA,NA,NA,NA,NA,NA,NA,0,0,0,0,NA,NA,NA,NA,NA
"Diethard Finkelmann","a60bdcf9-3955-11ef-bfa1-2510cc07ea6e",NA,NA,1971,"10/10/1971","81a98f33-3960-11ef-a057-2906cc9fb6bc","home","Hamburger SV","GWD Minden",15,10,TRUE,2,NA,NA,0,0,1,NA,0,0,0,0,0,0,NA,NA,NA,NA,NA,NA,NA,NA,0,0,0,0,NA,NA,NA,NA,NA
"Hans-Jürgen Bode","b011e6da-3955-11ef-8205-a36230ada079",NA,NA,1971,"10/10/1971","81a98f33-3960-11ef-a057-2906cc9fb6bc","home","Hamburger SV","GWD Minden",15,10,TRUE,0,NA,NA,0,0,0,NA,0,0,0,0,0,0,NA,NA,NA,NA,NA,NA,NA,NA,0,0,0,0,NA,NA,NA,NA,NA
"Rainer Witt","b02adaad-3955-11ef-b8c4-a36230ada079",NA,NA,1971,"10/10/1971","81a98f33-3960-11ef-a057-2906cc9fb6bc","home","Hamburger SV","GWD Minden",15,10,TRUE,0,NA,NA,0,0,0,NA,0,0,0,0,0,0,NA,NA,NA,NA,NA,NA,NA,NA,0,0,0,0,NA,NA,NA,NA,NA
"Hans-Joachim Beißel","b0341bcb-3955-11ef-9e08-a36230ada079",NA,NA,1971,"10/10/1971","81a98f33-3960-11ef-a057-2906cc9fb6bc","home","Hamburger SV","GWD Minden",15,10,TRUE,0,NA,NA,0,0,0,NA,0,0,0,0,0,0,NA,NA,NA,NA,NA,NA,NA,NA,0,0,0,0,NA,NA,NA,NA,NA
"Norbert Germer","b03f8101-3955-11ef-8945-a36230ada079",NA,NA,1971,"10/10/1971","81a98f33-3960-11ef-a057-2906cc9fb6bc","home","Hamburger SV","GWD Minden",15,10,TRUE,1,NA,NA,0,0,0,NA,0,0,0,0,0,0,NA,NA,NA,NA,NA,NA,NA,NA,0,0,0,0,NA,NA,NA,NA,NA
"Siegfried Berg","b10d3ec3-3955-11ef-8a30-a36230ada079",NA,NA,1971,"10/10/1971","81a98f33-3960-11ef-a057-2906cc9fb6bc","home","Hamburger SV","GWD Minden",15,10,TRUE,4,NA,NA,0,0,0,NA,0,0,0,0,0,0,NA,NA,NA,NA,NA,NA,NA,NA,0,0,0,0,NA,NA,NA,NA,NA
"Wolfgang Braun","b1a4c388-3955-11ef-92b7-a36230ada079",NA,NA,1971,"10/10/1971","81a98f33-3960-11ef-a057-2906cc9fb6bc","home","Hamburger SV","GWD Minden",15,10,TRUE,4,NA,NA,0,0,0,NA,0,0,0,0,0,0,NA,NA,NA,NA,NA,NA,NA,NA,0,0,0,0,NA,NA,NA,NA,NA
"Bernd Heiden","baf62966-3955-11ef-b7e1-ab397f561917",NA,NA,1971,"10/10/1971","81a98f33-3960-11ef-a057-2906cc9fb6bc","home","Hamburger SV","GWD Minden",15,10,TRUE,2,NA,NA,0,0,0,NA,0,0,0,0,0,0,NA,NA,NA,NA,NA,NA,NA,NA,0,0,0,0,NA,NA,NA,NA,NA
"Klaus Lange","bafb51f3-3955-11ef-9864-ab397f561917",NA,NA,1971,"10/10/1971","81a98f33-3960-11ef-a057-2906cc9fb6bc","home","Hamburger SV","GWD Minden",15,10,TRUE,1,NA,NA,0,0,0,NA,0,0,0,0,0,0,NA,NA,NA,NA,NA,NA,NA,NA,0,0,0,0,NA,NA,NA,NA,NA
"Manfred Grühn","c755d6cb-3955-11ef-a162-157c9bc18a5f",NA,NA,1971,"10/10/1971","81a98f33-3960-11ef-a057-2906cc9fb6bc","home","Hamburger SV","GWD Minden",15,10,TRUE,0,NA,NA,0,0,0,NA,0,0,0,0,0,0,NA,NA,NA,NA,NA,NA,NA,NA,0,0,0,0,NA,NA,NA,NA,NA
"Gerald Schüler","96fc1532-3955-11ef-bddd-292be3190b7b",NA,NA,1971,"10/10/1971","81a98f33-3960-11ef-a057-2906cc9fb6bc","away","GWD Minden","Hamburger SV",10,15,FALSE,0,NA,NA,0,0,0,NA,0,0,0,0,0,0,NA,NA,NA,NA,NA,NA,NA,NA,0,0,0,0,NA,NA,NA,NA,NA
"Hans Kramer","98f50290-3955-11ef-8aa8-292be3190b7b",NA,NA,1971,"10/10/1971","81a98f33-3960-11ef-a057-2906cc9fb6bc","away","GWD Minden","Hamburger SV",10,15,FALSE,1,NA,NA,0,0,0,NA,0,0,0,0,0,0,NA,NA,NA,NA,NA,NA,NA,NA,0,0,0,0,NA,NA,NA,NA,NA
"Wilfried Meyer","a34b2aa0-3955-11ef-a79c-2510cc07ea6e",NA,NA,1971,"10/10/1971","81a98f33-3960-11ef-a057-2906cc9fb6bc","away","GWD Minden","Hamburger SV",10,15,FALSE,0,NA,NA,0,0,0,NA,0,0,0,0,0,0,NA,NA,NA,NA,NA,NA,NA,NA,0,0,0,0,NA,NA,NA,NA,NA
"Jobst-Erich Rehse","b00be251-3955-11ef-ac35-a36230ada079",NA,NA,1971,"10/10/1971","81a98f33-3960-11ef-a057-2906cc9fb6bc","away","GWD Minden","Hamburger SV",10,15,FALSE,1,NA,NA,0,0,1,NA,0,0,0,0,0,0,NA,NA,NA,NA,NA,NA,NA,NA,0,0,0,0,NA,NA,NA,NA,NA
"Bernd Munck","ba5ee5e3-3955-11ef-9f80-ab397f561917",NA,NA,1971,"10/10/1971","81a98f33-3960-11ef-a057-2906cc9fb6bc","away","GWD Minden","Hamburger SV",10,15,FALSE,2,NA,NA,0,0,0,NA,0,0,0,0,0,0,NA,NA,NA,NA,NA,NA,NA,NA,0,0,0,0,NA,NA,NA,NA,NA
"Wilfried Drögemeier","ba63ada7-3955-11ef-a04d-ab397f561917",NA,NA,1971,"10/10/1971","81a98f33-3960-11ef-a057-2906cc9fb6bc","away","GWD Minden","Hamburger SV",10,15,FALSE,2,NA,NA,0,0,0,NA,0,0,0,0,0,0,NA,NA,NA,NA,NA,NA,NA,NA,0,0,0,0,NA,NA,NA,NA,NA
"Klaus Barlach","bcee5b38-3955-11ef-a026-ab397f561917",NA,NA,1971,"10/10/1971","81a98f33-3960-11ef-a057-2906cc9fb6bc","away","GWD Minden","Hamburger SV",10,15,FALSE,0,NA,NA,0,0,0,NA,0,0,0,0,0,0,NA,NA,NA,NA,NA,NA,NA,NA,0,0,0,0,NA,NA,NA,NA,NA
"Otto Weng","bcfbec1c-3955-11ef-b4f4-ab397f561917",NA,NA,1971,"10/10/1971","81a98f33-3960-11ef-a057-2906cc9fb6bc","away","GWD Minden","Hamburger SV",10,15,FALSE,3,NA,NA,0,0,0,NA,0,0,0,0,0,0,NA,NA,NA,NA,NA,NA,NA,NA,0,0,0,0,NA,NA,NA,NA,NA
"Burkhard Krocker","bcffdc62-3955-11ef-b52a-ab397f561917",NA,NA,1971,"10/10/1971","81a98f33-3960-11ef-a057-2906cc9fb6bc","away","GWD Minden","Hamburger SV",10,15,FALSE,0,NA,NA,0,0,0,NA,0,0,0,0,0,0,NA,NA,NA,NA,NA,NA,NA,NA,0,0,0,0,NA,NA,NA,NA,NA
"Jürgen Buhrmester","c747ff25-3955-11ef-9695-157c9bc18a5f",NA,NA,1971,"10/10/1971","81a98f33-3960-11ef-a057-2906cc9fb6bc","away","GWD Minden","Hamburger SV",10,15,FALSE,1,NA,NA,0,0,0,NA,0,0,0,0,0,0,NA,NA,NA,NA,NA,NA,NA,NA,0,0,0,0,NA,NA,NA,NA,NA
"Manfred Horstkötter","c8a23936-3955-11ef-9884-157c9bc18a5f",NA,NA,1971,"10/10/1971","81a98f33-3960-11ef-a057-2906cc9fb6bc","away","GWD Minden","Hamburger SV",10,15,FALSE,0,NA,NA,0,0,0,NA,0,0,0,0,0,0,NA,NA,NA,NA,NA,NA,NA,NA,0,0,0,0,NA,NA,NA,NA,NA
"Hans Moser","7e83ce46-3955-11ef-830d-b908c60af10a",NA,NA,1971,"10/10/1971","8c6b8250-3960-11ef-8e8a-9b08c5d4c173","home","TSV Milbertshofen","TV Großwallstadt",23,16,TRUE,0,NA,NA,0,0,0,NA,0,0,0,0,0,0,NA,NA,NA,NA,NA,NA,NA,NA,0,0,0,0,NA,NA,NA,NA,NA
"Werner Winkelmeier","9712104e-3955-11ef-9613-292be3190b7b",NA,NA,1971,"10/10/1971","8c6b8250-3960-11ef-8e8a-9b08c5d4c173","home","TSV Milbertshofen","TV Großwallstadt",23,16,TRUE,2,NA,NA,0,0,0,NA,0,0,0,0,0,0,NA,NA,NA,NA,NA,NA,NA,NA,0,0,0,0,NA,NA,NA,NA,NA
"Josef Kiener","972d7d47-3955-11ef-a437-292be3190b7b",NA,NA,1971,"10/10/1971","8c6b8250-3960-11ef-8e8a-9b08c5d4c173","home","TSV Milbertshofen","TV Großwallstadt",23,16,TRUE,5,NA,NA,0,0,2,NA,0,0,0,0,0,0,NA,NA,NA,NA,NA,NA,NA,NA,0,0,0,0,NA,NA,NA,NA,NA
"Helmut Schelchshorn","b1c960ef-3955-11ef-850b-a36230ada079",NA,NA,1971,"10/10/1971","8c6b8250-3960-11ef-8e8a-9b08c5d4c173","home","TSV Milbertshofen","TV Großwallstadt",23,16,TRUE,2,NA,NA,0,0,0,NA,0,0,0,0,0,0,NA,NA,NA,NA,NA,NA,NA,NA,0,0,0,0,NA,NA,NA,NA,NA
"Peter Feddern","bc1b1b3e-3955-11ef-9c4e-ab397f561917",NA,NA,1971,"10/10/1971","8c6b8250-3960-11ef-8e8a-9b08c5d4c173","home","TSV Milbertshofen","TV Großwallstadt",23,16,TRUE,2,NA,NA,0,0,0,NA,0,0,0,0,0,0,NA,NA,NA,NA,NA,NA,NA,NA,0,0,0,0,NA,NA,NA,NA,NA
"Volker Filipp","c6bca602-3955-11ef-8195-157c9bc18a5f",NA,NA,1971,"10/10/1971","8c6b8250-3960-11ef-8e8a-9b08c5d4c173","home","TSV Milbertshofen","TV Großwallstadt",23,16,TRUE,0,NA,NA,0,0,0,NA,0,0,0,0,0,0,NA,NA,NA,NA,NA,NA,NA,NA,0,0,0,0,NA,NA,NA,NA,NA
"Herbert Staiger","c81d1d7c-3955-11ef-b36f-157c9bc18a5f",NA,NA,1971,"10/10/1971","8c6b8250-3960-11ef-8e8a-9b08c5d4c173","home","TSV Milbertshofen","TV Großwallstadt",23,16,TRUE,4,NA,NA,0,0,1,NA,0,0,0,0,0,0,NA,NA,NA,NA,NA,NA,NA,NA,0,0,0,0,NA,NA,NA,NA,NA
"Karl Donndorf","c821c668-3955-11ef-a20c-157c9bc18a5f",NA,NA,1971,"10/10/1971","8c6b8250-3960-11ef-8e8a-9b08c5d4c173","home","TSV Milbertshofen","TV Großwallstadt",23,16,TRUE,5,NA,NA,0,0,0,NA,0,0,0,0,0,0,NA,NA,NA,NA,NA,NA,NA,NA,0,0,0,0,NA,NA,NA,NA,NA
"Erich Loderer","c9a2ad0a-3955-11ef-9f7e-157c9bc18a5f",NA,NA,1971,"10/10/1971","8c6b8250-3960-11ef-8e8a-9b08c5d4c173","home","TSV Milbertshofen","TV Großwallstadt",23,16,TRUE,2,NA,NA,0,0,0,NA,0,0,0,0,0,0,NA,NA,NA,NA,NA,NA,NA,NA,0,0,0,0,NA,NA,NA,NA,NA
"Olaf Hoemke","c9a6b7e4-3955-11ef-a408-157c9bc18a5f",NA,NA,1971,"10/10/1971","8c6b8250-3960-11ef-8e8a-9b08c5d4c173","home","TSV Milbertshofen","TV Großwallstadt",23,16,TRUE,1,NA,NA,0,0,0,NA,0,0,0,0,0,0,NA,NA,NA,NA,NA,NA,NA,NA,0,0,0,0,NA,NA,NA,NA,NA
"Kurt Klühspies","5ac3e7d7-3955-11ef-b574-4fa817cd91bb",NA,NA,1971,"10/10/1971","8c6b8250-3960-11ef-8e8a-9b08c5d4c173","away","TV Großwallstadt","TSV Milbertshofen",16,23,FALSE,2,NA,NA,0,0,0,NA,0,0,0,0,0,0,NA,NA,NA,NA,NA,NA,NA,NA,0,0,0,0,NA,NA,NA,NA,NA
"Manfred Schwarz","96d98e53-3955-11ef-a3c9-292be3190b7b",NA,NA,1971,"10/10/1971","8c6b8250-3960-11ef-8e8a-9b08c5d4c173","away","TV Großwallstadt","TSV Milbertshofen",16,23,FALSE,0,NA,NA,0,0,0,NA,0,0,0,0,0,0,NA,NA,NA,NA,NA,NA,NA,NA,0,0,0,0,NA,NA,NA,NA,NA
"Wolfgang Dümig","978dc3fc-3955-11ef-b042-292be3190b7b",NA,NA,1971,"10/10/1971","8c6b8250-3960-11ef-8e8a-9b08c5d4c173","away","TV Großwallstadt","TSV Milbertshofen",16,23,FALSE,0,NA,NA,0,0,0,NA,0,0,0,0,0,0,NA,NA,NA,NA,NA,NA,NA,NA,0,0,0,0,NA,NA,NA,NA,NA
"Eckhardt Suffel","aeac0503-3955-11ef-88c6-a36230ada079",NA,NA,1971,"10/10/1971","8c6b8250-3960-11ef-8e8a-9b08c5d4c173","away","TV Großwallstadt","TSV Milbertshofen",16,23,FALSE,1,NA,NA,0,0,0,NA,0,0,0,0,0,0,NA,NA,NA,NA,NA,NA,NA,NA,0,0,0,0,NA,NA,NA,NA,NA
"Peter Kuß","bbc18adb-3955-11ef-a5f7-ab397f561917",NA,NA,1971,"10/10/1971","8c6b8250-3960-11ef-8e8a-9b08c5d4c173","away","TV Großwallstadt","TSV Milbertshofen",16,23,FALSE,0,NA,NA,0,0,0,NA,0,0,0,0,0,0,NA,NA,NA,NA,NA,NA,NA,NA,0,0,0,0,NA,NA,NA,NA,NA
"Werner Lemmert","be0e2c8d-3955-11ef-82a6-ab397f561917",NA,NA,1971,"10/10/1971","8c6b8250-3960-11ef-8e8a-9b08c5d4c173","away","TV Großwallstadt","TSV Milbertshofen",16,23,FALSE,0,NA,NA,0,0,0,NA,0,0,0,0,0,0,NA,NA,NA,NA,NA,NA,NA,NA,0,0,0,0,NA,NA,NA,NA,NA
"Rainer Oberle","be123408-3955-11ef-92a6-ab397f561917",NA,NA,1971,"10/10/1971","8c6b8250-3960-11ef-8e8a-9b08c5d4c173","away","TV Großwallstadt","TSV Milbertshofen",16,23,FALSE,4,NA,NA,0,0,0,NA,0,0,0,0,0,0,NA,NA,NA,NA,NA,NA,NA,NA,0,0,0,0,NA,NA,NA,NA,NA
"Josef Karrer","be167639-3955-11ef-ac70-ab397f561917",NA,NA,1971,"10/10/1971","8c6b8250-3960-11ef-8e8a-9b08c5d4c173","away","TV Großwallstadt","TSV Milbertshofen",16,23,FALSE,8,NA,NA,0,0,3,NA,0,0,0,0,0,0,NA,NA,NA,NA,NA,NA,NA,NA,0,0,0,0,NA,NA,NA,NA,NA
"Klaus Oberle","c96e13a5-3955-11ef-a68a-157c9bc18a5f",NA,NA,1971,"10/10/1971","8c6b8250-3960-11ef-8e8a-9b08c5d4c173","away","TV Großwallstadt","TSV Milbertshofen",16,23,FALSE,0,NA,NA,0,0,0,NA,0,0,0,0,0,0,NA,NA,NA,NA,NA,NA,NA,NA,0,0,0,0,NA,NA,NA,NA,NA
"Hans Amberg","c976a145-3955-11ef-9331-157c9bc18a5f",NA,NA,1971,"10/10/1971","8c6b8250-3960-11ef-8e8a-9b08c5d4c173","away","TV Großwallstadt","TSV Milbertshofen",16,23,FALSE,1,NA,NA,0,0,0,NA,0,0,0,0,0,0,NA,NA,NA,NA,NA,NA,NA,NA,0,0,0,0,NA,NA,NA,NA,NA
"Hans-Jörg Graeper","964d8ebc-3955-11ef-a25b-292be3190b7b",NA,NA,1971,"10/13/1971","8477b0df-3960-11ef-841f-2906cc9fb6bc","home","THW Kiel","VfL Lübeck-Schwartau",14,9,TRUE,1,NA,NA,0,0,0,NA,0,0,0,0,0,0,NA,NA,NA,NA,NA,NA,NA,NA,0,0,0,0,NA,NA,NA,NA,NA
"Gerd Welz","98273a90-3955-11ef-a3a2-292be3190b7b",NA,NA,1971,"10/13/1971","8477b0df-3960-11ef-841f-2906cc9fb6bc","home","THW Kiel","VfL Lübeck-Schwartau",14,9,TRUE,0,NA,NA,0,0,0,NA,0,0,0,0,0,0,NA,NA,NA,NA,NA,NA,NA,NA,0,0,0,0,NA,NA,NA,NA,NA
"Volker Harbs","9995a6f3-3955-11ef-b74f-292be3190b7b",NA,NA,1971,"10/13/1971","8477b0df-3960-11ef-841f-2906cc9fb6bc","home","THW Kiel","VfL Lübeck-Schwartau",14,9,TRUE,3,NA,NA,0,0,1,NA,0,0,0,0,0,0,NA,NA,NA,NA,NA,NA,NA,NA,0,0,0,0,NA,NA,NA,NA,NA
"Ingo Schütz","ae3ef1e3-3955-11ef-8b16-a36230ada079",NA,NA,1971,"10/13/1971","8477b0df-3960-11ef-841f-2906cc9fb6bc","home","THW Kiel","VfL Lübeck-Schwartau",14,9,TRUE,1,NA,NA,0,0,0,NA,0,0,0,0,0,0,NA,NA,NA,NA,NA,NA,NA,NA,0,0,0,0,NA,NA,NA,NA,NA
"Peter Werk","b0784d6e-3955-11ef-9a85-a36230ada079",NA,NA,1971,"10/13/1971","8477b0df-3960-11ef-841f-2906cc9fb6bc","home","THW Kiel","VfL Lübeck-Schwartau",14,9,TRUE,0,NA,NA,0,0,0,NA,0,0,0,0,0,0,NA,NA,NA,NA,NA,NA,NA,NA,0,0,0,0,NA,NA,NA,NA,NA
"Herwig Ahrendsen","b143192b-3955-11ef-bef0-a36230ada079",NA,NA,1971,"10/13/1971","8477b0df-3960-11ef-841f-2906cc9fb6bc","home","THW Kiel","VfL Lübeck-Schwartau",14,9,TRUE,4,NA,NA,0,0,0,NA,0,0,0,0,0,0,NA,NA,NA,NA,NA,NA,NA,NA,0,0,0,0,NA,NA,NA,NA,NA
"Bernd Nielsen","b1480d2c-3955-11ef-8563-a36230ada079",NA,NA,1971,"10/13/1971","8477b0df-3960-11ef-841f-2906cc9fb6bc","home","THW Kiel","VfL Lübeck-Schwartau",14,9,TRUE,1,NA,NA,0,0,0,NA,0,0,0,0,0,0,NA,NA,NA,NA,NA,NA,NA,NA,0,0,0,0,NA,NA,NA,NA,NA
"Hartwig Moll","b14ce7d8-3955-11ef-8cb5-a36230ada079",NA,NA,1971,"10/13/1971","8477b0df-3960-11ef-841f-2906cc9fb6bc","home","THW Kiel","VfL Lübeck-Schwartau",14,9,TRUE,0,NA,NA,0,0,0,NA,0,0,0,0,0,0,NA,NA,NA,NA,NA,NA,NA,NA,0,0,0,0,NA,NA,NA,NA,NA
"Rainer Voigt","c7c742a9-3955-11ef-b542-157c9bc18a5f",NA,NA,1971,"10/13/1971","8477b0df-3960-11ef-841f-2906cc9fb6bc","home","THW Kiel","VfL Lübeck-Schwartau",14,9,TRUE,0,NA,NA,0,0,0,NA,0,0,0,0,0,0,NA,NA,NA,NA,NA,NA,NA,NA,0,0,0,0,NA,NA,NA,NA,NA
"Dieter Baguhn","c7cbf017-3955-11ef-b1f7-157c9bc18a5f",NA,NA,1971,"10/13/1971","8477b0df-3960-11ef-841f-2906cc9fb6bc","home","THW Kiel","VfL Lübeck-Schwartau",14,9,TRUE,1,NA,NA,0,0,0,NA,0,0,0,0,0,0,NA,NA,NA,NA,NA,NA,NA,NA,0,0,0,0,NA,NA,NA,NA,NA
"Bernd Struck","c7d4c3a5-3955-11ef-a743-157c9bc18a5f",NA,NA,1971,"10/13/1971","8477b0df-3960-11ef-841f-2906cc9fb6bc","home","THW Kiel","VfL Lübeck-Schwartau",14,9,TRUE,3,NA,NA,0,0,0,NA,0,0,0,0,0,0,NA,NA,NA,NA,NA,NA,NA,NA,0,0,0,0,NA,NA,NA,NA,NA
"Herbert Rogge","b06614d7-3955-11ef-a43b-a36230ada079",NA,NA,1971,"10/13/1971","8477b0df-3960-11ef-841f-2906cc9fb6bc","away","VfL Lübeck-Schwartau","THW Kiel",9,14,FALSE,3,NA,NA,0,0,0,NA,0,0,0,0,0,0,NA,NA,NA,NA,NA,NA,NA,NA,0,0,0,0,NA,NA,NA,NA,NA
"Ingo Callies","b0b0659b-3955-11ef-87aa-a36230ada079",NA,NA,1971,"10/13/1971","8477b0df-3960-11ef-841f-2906cc9fb6bc","away","VfL Lübeck-Schwartau","THW Kiel",9,14,FALSE,1,NA,NA,0,0,0,NA,0,0,0,0,0,0,NA,NA,NA,NA,NA,NA,NA,NA,0,0,0,0,NA,NA,NA,NA,NA
"Michael Dogs","b0cecb4a-3955-11ef-b665-a36230ada079",NA,NA,1971,"10/13/1971","8477b0df-3960-11ef-841f-2906cc9fb6bc","away","VfL Lübeck-Schwartau","THW Kiel",9,14,FALSE,0,NA,NA,0,0,0,NA,0,0,0,0,0,0,NA,NA,NA,NA,NA,NA,NA,NA,0,0,0,0,NA,NA,NA,NA,NA
"Joachim Römer","b0dcb8e7-3955-11ef-83ab-a36230ada079",NA,NA,1971,"10/13/1971","8477b0df-3960-11ef-841f-2906cc9fb6bc","away","VfL Lübeck-Schwartau","THW Kiel",9,14,FALSE,0,NA,NA,0,0,0,NA,0,0,0,0,0,0,NA,NA,NA,NA,NA,NA,NA,NA,0,0,0,0,NA,NA,NA,NA,NA
"Peter Görtz","b0e9ae8f-3955-11ef-aa48-a36230ada079",NA,NA,1971,"10/13/1971","8477b0df-3960-11ef-841f-2906cc9fb6bc","away","VfL Lübeck-Schwartau","THW Kiel",9,14,FALSE,4,NA,NA,0,0,1,NA,0,0,0,0,0,0,NA,NA,NA,NA,NA,NA,NA,NA,0,0,0,0,NA,NA,NA,NA,NA
"Ulrich Kleinstoll","b0f37438-3955-11ef-84e6-a36230ada079",NA,NA,1971,"10/13/1971","8477b0df-3960-11ef-841f-2906cc9fb6bc","away","VfL Lübeck-Schwartau","THW Kiel",9,14,FALSE,1,NA,NA,0,0,0,NA,0,0,0,0,0,0,NA,NA,NA,NA,NA,NA,NA,NA,0,0,0,0,NA,NA,NA,NA,NA
"Georg Pohl","baff6cee-3955-11ef-a80f-ab397f561917",NA,NA,1971,"10/13/1971","8477b0df-3960-11ef-841f-2906cc9fb6bc","away","VfL Lübeck-Schwartau","THW Kiel",9,14,FALSE,0,NA,NA,0,0,0,NA,0,0,0,0,0,0,NA,NA,NA,NA,NA,NA,NA,NA,0,0,0,0,NA,NA,NA,NA,NA
"Jochen Krummland","c7b078f7-3955-11ef-932e-157c9bc18a5f",NA,NA,1971,"10/13/1971","8477b0df-3960-11ef-841f-2906cc9fb6bc","away","VfL Lübeck-Schwartau","THW Kiel",9,14,FALSE,0,NA,NA,0,0,0,NA,0,0,0,0,0,0,NA,NA,NA,NA,NA,NA,NA,NA,0,0,0,0,NA,NA,NA,NA,NA
"Björn Clausen","c7b94735-3955-11ef-b741-157c9bc18a5f",NA,NA,1971,"10/13/1971","8477b0df-3960-11ef-841f-2906cc9fb6bc","away","VfL Lübeck-Schwartau","THW Kiel",9,14,FALSE,0,NA,NA,0,0,0,NA,0,0,0,0,0,0,NA,NA,NA,NA,NA,NA,NA,NA,0,0,0,0,NA,NA,NA,NA,NA
"Jochen Hoffmann","c7bdef38-3955-11ef-8b6c-157c9bc18a5f",NA,NA,1971,"10/13/1971","8477b0df-3960-11ef-841f-2906cc9fb6bc","away","VfL Lübeck-Schwartau","THW Kiel",9,14,FALSE,0,NA,NA,0,0,0,NA,0,0,0,0,0,0,NA,NA,NA,NA,NA,NA,NA,NA,0,0,0,0,NA,NA,NA,NA,NA
"Gerhard Anduleit","c9215aaa-3955-11ef-ac64-157c9bc18a5f",NA,NA,1971,"10/13/1971","8477b0df-3960-11ef-841f-2906cc9fb6bc","away","VfL Lübeck-Schwartau","THW Kiel",9,14,FALSE,0,NA,NA,0,0,0,NA,0,0,0,0,0,0,NA,NA,NA,NA,NA,NA,NA,NA,0,0,0,0,NA,NA,NA,NA,NA
"Hans-Jürgen Sulk","7ff6b175-3955-11ef-a103-b908c60af10a",NA,NA,1971,"10/16/1971","80a1cf5d-3960-11ef-bbc6-2906cc9fb6bc","home","GWD Minden","VfL Gummersbach",15,15,FALSE,1,NA,NA,0,0,0,NA,0,0,0,0,0,0,NA,NA,NA,NA,NA,NA,NA,NA,0,0,0,0,NA,NA,NA,NA,NA
"Gerald Schüler","96fc1532-3955-11ef-bddd-292be3190b7b",NA,NA,1971,"10/16/1971","80a1cf5d-3960-11ef-bbc6-2906cc9fb6bc","home","GWD Minden","VfL Gummersbach",15,15,FALSE,0,NA,NA,0,0,0,NA,0,0,0,0,0,0,NA,NA,NA,NA,NA,NA,NA,NA,0,0,0,0,NA,NA,NA,NA,NA
"Martin Karcher","980f80ce-3955-11ef-8054-292be3190b7b",NA,NA,1971,"10/16/1971","80a1cf5d-3960-11ef-bbc6-2906cc9fb6bc","home","GWD Minden","VfL Gummersbach",15,15,FALSE,0,NA,NA,0,0,0,NA,0,0,0,0,0,0,NA,NA,NA,NA,NA,NA,NA,NA,0,0,0,0,NA,NA,NA,NA,NA
"Hans Kramer","98f50290-3955-11ef-8aa8-292be3190b7b",NA,NA,1971,"10/16/1971","80a1cf5d-3960-11ef-bbc6-2906cc9fb6bc","home","GWD Minden","VfL Gummersbach",15,15,FALSE,3,NA,NA,0,0,0,NA,0,0,0,0,0,0,NA,NA,NA,NA,NA,NA,NA,NA,0,0,0,0,NA,NA,NA,NA,NA
"Wilfried Meyer","a34b2aa0-3955-11ef-a79c-2510cc07ea6e",NA,NA,1971,"10/16/1971","80a1cf5d-3960-11ef-bbc6-2906cc9fb6bc","home","GWD Minden","VfL Gummersbach",15,15,FALSE,0,NA,NA,0,0,0,NA,0,0,0,0,0,0,NA,NA,NA,NA,NA,NA,NA,NA,0,0,0,0,NA,NA,NA,NA,NA
"Jobst-Erich Rehse","b00be251-3955-11ef-ac35-a36230ada079",NA,NA,1971,"10/16/1971","80a1cf5d-3960-11ef-bbc6-2906cc9fb6bc","home","GWD Minden","VfL Gummersbach",15,15,FALSE,0,NA,NA,0,0,0,NA,0,0,0,0,0,0,NA,NA,NA,NA,NA,NA,NA,NA,0,0,0,0,NA,NA,NA,NA,NA
"Bernd Munck","ba5ee5e3-3955-11ef-9f80-ab397f561917",NA,NA,1971,"10/16/1971","80a1cf5d-3960-11ef-bbc6-2906cc9fb6bc","home","GWD Minden","VfL Gummersbach",15,15,FALSE,5,NA,NA,0,0,0,NA,0,0,0,0,0,0,NA,NA,NA,NA,NA,NA,NA,NA,0,0,0,0,NA,NA,NA,NA,NA
"Wilfried Drögemeier","ba63ada7-3955-11ef-a04d-ab397f561917",NA,NA,1971,"10/16/1971","80a1cf5d-3960-11ef-bbc6-2906cc9fb6bc","home","GWD Minden","VfL Gummersbach",15,15,FALSE,1,NA,NA,0,0,0,NA,0,0,0,0,0,0,NA,NA,NA,NA,NA,NA,NA,NA,0,0,0,0,NA,NA,NA,NA,NA
"Klaus Barlach","bcee5b38-3955-11ef-a026-ab397f561917",NA,NA,1971,"10/16/1971","80a1cf5d-3960-11ef-bbc6-2906cc9fb6bc","home","GWD Minden","VfL Gummersbach",15,15,FALSE,2,NA,NA,0,0,0,NA,0,0,0,0,0,0,NA,NA,NA,NA,NA,NA,NA,NA,0,0,0,0,NA,NA,NA,NA,NA
"Otto Weng","bcfbec1c-3955-11ef-b4f4-ab397f561917",NA,NA,1971,"10/16/1971","80a1cf5d-3960-11ef-bbc6-2906cc9fb6bc","home","GWD Minden","VfL Gummersbach",15,15,FALSE,2,NA,NA,0,0,1,NA,0,0,0,0,0,0,NA,NA,NA,NA,NA,NA,NA,NA,0,0,0,0,NA,NA,NA,NA,NA
"Jürgen Buhrmester","c747ff25-3955-11ef-9695-157c9bc18a5f",NA,NA,1971,"10/16/1971","80a1cf5d-3960-11ef-bbc6-2906cc9fb6bc","home","GWD Minden","VfL Gummersbach",15,15,FALSE,0,NA,NA,0,0,0,NA,0,0,0,0,0,0,NA,NA,NA,NA,NA,NA,NA,NA,0,0,0,0,NA,NA,NA,NA,NA
"Manfred Horstkötter","c8a23936-3955-11ef-9884-157c9bc18a5f",NA,NA,1971,"10/16/1971","80a1cf5d-3960-11ef-bbc6-2906cc9fb6bc","home","GWD Minden","VfL Gummersbach",15,15,FALSE,1,NA,NA,0,0,0,NA,0,0,0,0,0,0,NA,NA,NA,NA,NA,NA,NA,NA,0,0,0,0,NA,NA,NA,NA,NA
"Klaus Westebbe","8c58f63a-3955-11ef-b65e-81dc40648355",NA,NA,1971,"10/16/1971","80a1cf5d-3960-11ef-bbc6-2906cc9fb6bc","away","VfL Gummersbach","GWD Minden",15,15,FALSE,3,NA,NA,0,0,1,NA,0,0,0,0,0,0,NA,NA,NA,NA,NA,NA,NA,NA,0,0,0,0,NA,NA,NA,NA,NA
"Klaus Kater","8da1f6ef-3955-11ef-b31a-81dc40648355",NA,NA,1971,"10/16/1971","80a1cf5d-3960-11ef-bbc6-2906cc9fb6bc","away","VfL Gummersbach","GWD Minden",15,15,FALSE,0,NA,NA,0,0,0,NA,0,0,0,0,0,0,NA,NA,NA,NA,NA,NA,NA,NA,0,0,0,0,NA,NA,NA,NA,NA
"Klaus Schlagheck","97a06613-3955-11ef-8056-292be3190b7b",NA,NA,1971,"10/16/1971","80a1cf5d-3960-11ef-bbc6-2906cc9fb6bc","away","VfL Gummersbach","GWD Minden",15,15,FALSE,0,NA,NA,0,0,0,NA,0,0,0,0,0,0,NA,NA,NA,NA,NA,NA,NA,NA,0,0,0,0,NA,NA,NA,NA,NA
"Ralf Hamann","a28aa62f-3955-11ef-9677-2510cc07ea6e",NA,NA,1971,"10/16/1971","80a1cf5d-3960-11ef-bbc6-2906cc9fb6bc","away","VfL Gummersbach","GWD Minden",15,15,FALSE,0,NA,NA,0,0,0,NA,0,0,0,0,0,0,NA,NA,NA,NA,NA,NA,NA,NA,0,0,0,0,NA,NA,NA,NA,NA
"Ulrich Ufer","a2c8cfa8-3955-11ef-8510-2510cc07ea6e",NA,NA,1971,"10/16/1971","80a1cf5d-3960-11ef-bbc6-2906cc9fb6bc","away","VfL Gummersbach","GWD Minden",15,15,FALSE,2,NA,NA,0,0,0,NA,0,0,0,0,0,0,NA,NA,NA,NA,NA,NA,NA,NA,0,0,0,0,NA,NA,NA,NA,NA
"Jochen Feldhoff","a32751a5-3955-11ef-badf-2510cc07ea6e",NA,NA,1971,"10/16/1971","80a1cf5d-3960-11ef-bbc6-2906cc9fb6bc","away","VfL Gummersbach","GWD Minden",15,15,FALSE,2,NA,NA,0,0,0,NA,0,0,0,0,0,0,NA,NA,NA,NA,NA,NA,NA,NA,0,0,0,0,NA,NA,NA,NA,NA
"Helmut Keller","ae2fb2ba-3955-11ef-b38f-a36230ada079",NA,NA,1971,"10/16/1971","80a1cf5d-3960-11ef-bbc6-2906cc9fb6bc","away","VfL Gummersbach","GWD Minden",15,15,FALSE,0,NA,NA,0,0,0,NA,0,0,0,0,0,0,NA,NA,NA,NA,NA,NA,NA,NA,0,0,0,0,NA,NA,NA,NA,NA
"Hans-Günther Schmidt","aff5702f-3955-11ef-9878-a36230ada079",NA,NA,1971,"10/16/1971","80a1cf5d-3960-11ef-bbc6-2906cc9fb6bc","away","VfL Gummersbach","GWD Minden",15,15,FALSE,5,NA,NA,0,0,0,NA,0,0,0,0,0,0,NA,NA,NA,NA,NA,NA,NA,NA,0,0,0,0,NA,NA,NA,NA,NA
"Jochen Brand","ba44375c-3955-11ef-a5d6-ab397f561917",NA,NA,1971,"10/16/1971","80a1cf5d-3960-11ef-bbc6-2906cc9fb6bc","away","VfL Gummersbach","GWD Minden",15,15,FALSE,3,NA,NA,0,0,0,NA,0,0,0,0,0,0,NA,NA,NA,NA,NA,NA,NA,NA,0,0,0,0,NA,NA,NA,NA,NA
"Uwe Braunschweig","ba4aaa94-3955-11ef-be97-ab397f561917",NA,NA,1971,"10/16/1971","80a1cf5d-3960-11ef-bbc6-2906cc9fb6bc","away","VfL Gummersbach","GWD Minden",15,15,FALSE,0,NA,NA,0,0,0,NA,0,0,0,0,0,0,NA,NA,NA,NA,NA,NA,NA,NA,0,0,0,0,NA,NA,NA,NA,NA
"Bruno Zay","bce5dbb8-3955-11ef-ac9b-ab397f561917",NA,NA,1971,"10/16/1971","80a1cf5d-3960-11ef-bbc6-2906cc9fb6bc","away","VfL Gummersbach","GWD Minden",15,15,FALSE,0,NA,NA,0,0,0,NA,0,0,0,0,0,0,NA,NA,NA,NA,NA,NA,NA,NA,0,0,0,0,NA,NA,NA,NA,NA
"Gerhard Leiste","c735d7ed-3955-11ef-b576-157c9bc18a5f",NA,NA,1971,"10/16/1971","80a1cf5d-3960-11ef-bbc6-2906cc9fb6bc","away","VfL Gummersbach","GWD Minden",15,15,FALSE,0,NA,NA,0,0,0,NA,0,0,0,0,0,0,NA,NA,NA,NA,NA,NA,NA,NA,0,0,0,0,NA,NA,NA,NA,NA
"Hans-Jörg Graeper","964d8ebc-3955-11ef-a25b-292be3190b7b",NA,NA,1971,"10/16/1971","828f0923-3960-11ef-b6d2-2906cc9fb6bc","home","THW Kiel","Hamburger SV",11,9,TRUE,2,NA,NA,0,0,0,NA,0,0,0,0,0,0,NA,NA,NA,NA,NA,NA,NA,NA,0,0,0,0,NA,NA,NA,NA,NA
"Gerd Welz","98273a90-3955-11ef-a3a2-292be3190b7b",NA,NA,1971,"10/16/1971","828f0923-3960-11ef-b6d2-2906cc9fb6bc","home","THW Kiel","Hamburger SV",11,9,TRUE,1,NA,NA,0,0,0,NA,0,0,0,0,0,0,NA,NA,NA,NA,NA,NA,NA,NA,0,0,0,0,NA,NA,NA,NA,NA
"Volker Harbs","9995a6f3-3955-11ef-b74f-292be3190b7b",NA,NA,1971,"10/16/1971","828f0923-3960-11ef-b6d2-2906cc9fb6bc","home","THW Kiel","Hamburger SV",11,9,TRUE,3,NA,NA,0,0,2,NA,0,0,0,0,0,0,NA,NA,NA,NA,NA,NA,NA,NA,0,0,0,0,NA,NA,NA,NA,NA
"Peter Prehn","b073ee0a-3955-11ef-8404-a36230ada079",NA,NA,1971,"10/16/1971","828f0923-3960-11ef-b6d2-2906cc9fb6bc","home","THW Kiel","Hamburger SV",11,9,TRUE,1,NA,NA,0,0,0,NA,0,0,0,0,0,0,NA,NA,NA,NA,NA,NA,NA,NA,0,0,0,0,NA,NA,NA,NA,NA
"Peter Werk","b0784d6e-3955-11ef-9a85-a36230ada079",NA,NA,1971,"10/16/1971","828f0923-3960-11ef-b6d2-2906cc9fb6bc","home","THW Kiel","Hamburger SV",11,9,TRUE,1,NA,NA,0,0,0,NA,0,0,0,0,0,0,NA,NA,NA,NA,NA,NA,NA,NA,0,0,0,0,NA,NA,NA,NA,NA
"Herwig Ahrendsen","b143192b-3955-11ef-bef0-a36230ada079",NA,NA,1971,"10/16/1971","828f0923-3960-11ef-b6d2-2906cc9fb6bc","home","THW Kiel","Hamburger SV",11,9,TRUE,1,NA,NA,0,0,0,NA,0,0,0,0,0,0,NA,NA,NA,NA,NA,NA,NA,NA,0,0,0,0,NA,NA,NA,NA,NA
"Bernd Nielsen","b1480d2c-3955-11ef-8563-a36230ada079",NA,NA,1971,"10/16/1971","828f0923-3960-11ef-b6d2-2906cc9fb6bc","home","THW Kiel","Hamburger SV",11,9,TRUE,0,NA,NA,0,0,0,NA,0,0,0,0,0,0,NA,NA,NA,NA,NA,NA,NA,NA,0,0,0,0,NA,NA,NA,NA,NA
"Hartwig Moll","b14ce7d8-3955-11ef-8cb5-a36230ada079",NA,NA,1971,"10/16/1971","828f0923-3960-11ef-b6d2-2906cc9fb6bc","home","THW Kiel","Hamburger SV",11,9,TRUE,0,NA,NA,0,0,0,NA,0,0,0,0,0,0,NA,NA,NA,NA,NA,NA,NA,NA,0,0,0,0,NA,NA,NA,NA,NA
"Rainer Voigt","c7c742a9-3955-11ef-b542-157c9bc18a5f",NA,NA,1971,"10/16/1971","828f0923-3960-11ef-b6d2-2906cc9fb6bc","home","THW Kiel","Hamburger SV",11,9,TRUE,0,NA,NA,0,0,0,NA,0,0,0,0,0,0,NA,NA,NA,NA,NA,NA,NA,NA,0,0,0,0,NA,NA,NA,NA,NA
"Dieter Baguhn","c7cbf017-3955-11ef-b1f7-157c9bc18a5f",NA,NA,1971,"10/16/1971","828f0923-3960-11ef-b6d2-2906cc9fb6bc","home","THW Kiel","Hamburger SV",11,9,TRUE,1,NA,NA,0,0,0,NA,0,0,0,0,0,0,NA,NA,NA,NA,NA,NA,NA,NA,0,0,0,0,NA,NA,NA,NA,NA
"Bernd Struck","c7d4c3a5-3955-11ef-a743-157c9bc18a5f",NA,NA,1971,"10/16/1971","828f0923-3960-11ef-b6d2-2906cc9fb6bc","home","THW Kiel","Hamburger SV",11,9,TRUE,1,NA,NA,0,0,0,NA,0,0,0,0,0,0,NA,NA,NA,NA,NA,NA,NA,NA,0,0,0,0,NA,NA,NA,NA,NA
"Peter Pickel","8c973b42-3955-11ef-8c71-81dc40648355",NA,NA,1971,"10/16/1971","828f0923-3960-11ef-b6d2-2906cc9fb6bc","away","Hamburger SV","THW Kiel",9,11,FALSE,0,NA,NA,0,0,0,NA,0,0,0,0,0,0,NA,NA,NA,NA,NA,NA,NA,NA,0,0,0,0,NA,NA,NA,NA,NA
"Diethard Finkelmann","a60bdcf9-3955-11ef-bfa1-2510cc07ea6e",NA,NA,1971,"10/16/1971","828f0923-3960-11ef-b6d2-2906cc9fb6bc","away","Hamburger SV","THW Kiel",9,11,FALSE,1,NA,NA,0,0,0,NA,0,0,0,0,0,0,NA,NA,NA,NA,NA,NA,NA,NA,0,0,0,0,NA,NA,NA,NA,NA
"Hans-Jürgen Bode","b011e6da-3955-11ef-8205-a36230ada079",NA,NA,1971,"10/16/1971","828f0923-3960-11ef-b6d2-2906cc9fb6bc","away","Hamburger SV","THW Kiel",9,11,FALSE,0,NA,NA,0,0,0,NA,0,0,0,0,0,0,NA,NA,NA,NA,NA,NA,NA,NA,0,0,0,0,NA,NA,NA,NA,NA
"Rainer Witt","b02adaad-3955-11ef-b8c4-a36230ada079",NA,NA,1971,"10/16/1971","828f0923-3960-11ef-b6d2-2906cc9fb6bc","away","Hamburger SV","THW Kiel",9,11,FALSE,0,NA,NA,0,0,0,NA,0,0,0,0,0,0,NA,NA,NA,NA,NA,NA,NA,NA,0,0,0,0,NA,NA,NA,NA,NA
"Hans-Joachim Beißel","b0341bcb-3955-11ef-9e08-a36230ada079",NA,NA,1971,"10/16/1971","828f0923-3960-11ef-b6d2-2906cc9fb6bc","away","Hamburger SV","THW Kiel",9,11,FALSE,0,NA,NA,0,0,0,NA,0,0,0,0,0,0,NA,NA,NA,NA,NA,NA,NA,NA,0,0,0,0,NA,NA,NA,NA,NA
"Norbert Germer","b03f8101-3955-11ef-8945-a36230ada079",NA,NA,1971,"10/16/1971","828f0923-3960-11ef-b6d2-2906cc9fb6bc","away","Hamburger SV","THW Kiel",9,11,FALSE,0,NA,NA,0,0,0,NA,0,0,0,0,0,0,NA,NA,NA,NA,NA,NA,NA,NA,0,0,0,0,NA,NA,NA,NA,NA
"Siegfried Berg","b10d3ec3-3955-11ef-8a30-a36230ada079",NA,NA,1971,"10/16/1971","828f0923-3960-11ef-b6d2-2906cc9fb6bc","away","Hamburger SV","THW Kiel",9,11,FALSE,2,NA,NA,0,0,0,NA,0,0,0,0,0,0,NA,NA,NA,NA,NA,NA,NA,NA,0,0,0,0,NA,NA,NA,NA,NA
"Wolfgang Braun","b1a4c388-3955-11ef-92b7-a36230ada079",NA,NA,1971,"10/16/1971","828f0923-3960-11ef-b6d2-2906cc9fb6bc","away","Hamburger SV","THW Kiel",9,11,FALSE,1,NA,NA,0,0,0,NA,0,0,0,0,0,0,NA,NA,NA,NA,NA,NA,NA,NA,0,0,0,0,NA,NA,NA,NA,NA
"Bernd Heiden","baf62966-3955-11ef-b7e1-ab397f561917",NA,NA,1971,"10/16/1971","828f0923-3960-11ef-b6d2-2906cc9fb6bc","away","Hamburger SV","THW Kiel",9,11,FALSE,1,NA,NA,0,0,0,NA,0,0,0,0,0,0,NA,NA,NA,NA,NA,NA,NA,NA,0,0,0,0,NA,NA,NA,NA,NA
"Klaus Lange","bafb51f3-3955-11ef-9864-ab397f561917",NA,NA,1971,"10/16/1971","828f0923-3960-11ef-b6d2-2906cc9fb6bc","away","Hamburger SV","THW Kiel",9,11,FALSE,4,NA,NA,0,0,0,NA,0,0,0,0,0,0,NA,NA,NA,NA,NA,NA,NA,NA,0,0,0,0,NA,NA,NA,NA,NA
"Manfred Grühn","c755d6cb-3955-11ef-a162-157c9bc18a5f",NA,NA,1971,"10/16/1971","828f0923-3960-11ef-b6d2-2906cc9fb6bc","away","Hamburger SV","THW Kiel",9,11,FALSE,0,NA,NA,0,0,0,NA,0,0,0,0,0,0,NA,NA,NA,NA,NA,NA,NA,NA,0,0,0,0,NA,NA,NA,NA,NA
"Hans-Joachim Krüger","989303b8-3955-11ef-ac0a-292be3190b7b",NA,NA,1971,"10/16/1971","8367b7dc-3960-11ef-9e4e-2906cc9fb6bc","home","TSB Flensburg","TuS 05 Wellinghofen",11,16,FALSE,1,NA,NA,0,0,1,NA,0,0,0,0,0,0,NA,NA,NA,NA,NA,NA,NA,NA,0,0,0,0,NA,NA,NA,NA,NA
"Ulrich Althoff","bb6c27f0-3955-11ef-9d06-ab397f561917",NA,NA,1971,"10/16/1971","8367b7dc-3960-11ef-9e4e-2906cc9fb6bc","home","TSB Flensburg","TuS 05 Wellinghofen",11,16,FALSE,0,NA,NA,0,0,0,NA,0,0,0,0,0,0,NA,NA,NA,NA,NA,NA,NA,NA,0,0,0,0,NA,NA,NA,NA,NA
"Helmut Wolff","c8c361d9-3955-11ef-b16f-157c9bc18a5f",NA,NA,1971,"10/16/1971","8367b7dc-3960-11ef-9e4e-2906cc9fb6bc","home","TSB Flensburg","TuS 05 Wellinghofen",11,16,FALSE,0,NA,NA,0,0,0,NA,0,0,0,0,0,0,NA,NA,NA,NA,NA,NA,NA,NA,0,0,0,0,NA,NA,NA,NA,NA
"Sönke Voß","c8c872dc-3955-11ef-8979-157c9bc18a5f",NA,NA,1971,"10/16/1971","8367b7dc-3960-11ef-9e4e-2906cc9fb6bc","home","TSB Flensburg","TuS 05 Wellinghofen",11,16,FALSE,0,NA,NA,0,0,0,NA,0,0,0,0,0,0,NA,NA,NA,NA,NA,NA,NA,NA,0,0,0,0,NA,NA,NA,NA,NA
"Trutz Kob","c8ccf221-3955-11ef-8f6f-157c9bc18a5f",NA,NA,1971,"10/16/1971","8367b7dc-3960-11ef-9e4e-2906cc9fb6bc","home","TSB Flensburg","TuS 05 Wellinghofen",11,16,FALSE,3,NA,NA,0,0,0,NA,0,0,0,0,0,0,NA,NA,NA,NA,NA,NA,NA,NA,0,0,0,0,NA,NA,NA,NA,NA
"Gerhard Brast","c8d5c599-3955-11ef-8eef-157c9bc18a5f",NA,NA,1971,"10/16/1971","8367b7dc-3960-11ef-9e4e-2906cc9fb6bc","home","TSB Flensburg","TuS 05 Wellinghofen",11,16,FALSE,3,NA,NA,0,0,0,NA,0,0,0,0,0,0,NA,NA,NA,NA,NA,NA,NA,NA,0,0,0,0,NA,NA,NA,NA,NA
"Günter Jensen","c8d9f473-3955-11ef-9c30-157c9bc18a5f",NA,NA,1971,"10/16/1971","8367b7dc-3960-11ef-9e4e-2906cc9fb6bc","home","TSB Flensburg","TuS 05 Wellinghofen",11,16,FALSE,3,NA,NA,0,0,0,NA,0,0,0,0,0,0,NA,NA,NA,NA,NA,NA,NA,NA,0,0,0,0,NA,NA,NA,NA,NA
"Claus Karstens","c8de58ae-3955-11ef-9aa5-157c9bc18a5f",NA,NA,1971,"10/16/1971","8367b7dc-3960-11ef-9e4e-2906cc9fb6bc","home","TSB Flensburg","TuS 05 Wellinghofen",11,16,FALSE,0,NA,NA,0,0,0,NA,0,0,0,0,0,0,NA,NA,NA,NA,NA,NA,NA,NA,0,0,0,0,NA,NA,NA,NA,NA
"Rolf Asmussen","c8e24957-3955-11ef-86ce-157c9bc18a5f",NA,NA,1971,"10/16/1971","8367b7dc-3960-11ef-9e4e-2906cc9fb6bc","home","TSB Flensburg","TuS 05 Wellinghofen",11,16,FALSE,0,NA,NA,0,0,0,NA,0,0,0,0,0,0,NA,NA,NA,NA,NA,NA,NA,NA,0,0,0,0,NA,NA,NA,NA,NA
"Knud Börnsen","c8e6ee04-3955-11ef-bb81-157c9bc18a5f",NA,NA,1971,"10/16/1971","8367b7dc-3960-11ef-9e4e-2906cc9fb6bc","home","TSB Flensburg","TuS 05 Wellinghofen",11,16,FALSE,1,NA,NA,0,0,1,NA,0,0,0,0,0,0,NA,NA,NA,NA,NA,NA,NA,NA,0,0,0,0,NA,NA,NA,NA,NA
"Hans-Jürgen Zastera","c8eb73c1-3955-11ef-bb77-157c9bc18a5f",NA,NA,1971,"10/16/1971","8367b7dc-3960-11ef-9e4e-2906cc9fb6bc","home","TSB Flensburg","TuS 05 Wellinghofen",11,16,FALSE,0,NA,NA,0,0,0,NA,0,0,0,0,0,0,NA,NA,NA,NA,NA,NA,NA,NA,0,0,0,0,NA,NA,NA,NA,NA
"Heinz-Werner Kuhn","c8f40ff2-3955-11ef-89ee-157c9bc18a5f",NA,NA,1971,"10/16/1971","8367b7dc-3960-11ef-9e4e-2906cc9fb6bc","home","TSB Flensburg","TuS 05 Wellinghofen",11,16,FALSE,0,NA,NA,0,0,0,NA,0,0,0,0,0,0,NA,NA,NA,NA,NA,NA,NA,NA,0,0,0,0,NA,NA,NA,NA,NA
"Karl-Heinz Schulz","72847241-3955-11ef-8bd4-51fdf2a82730",NA,NA,1971,"10/16/1971","8367b7dc-3960-11ef-9e4e-2906cc9fb6bc","away","TuS 05 Wellinghofen","TSB Flensburg",16,11,TRUE,0,NA,NA,0,0,0,NA,0,0,0,0,0,0,NA,NA,NA,NA,NA,NA,NA,NA,0,0,0,0,NA,NA,NA,NA,NA
"Hans-Jürgen Zick","8d67d76a-3955-11ef-8956-81dc40648355",NA,NA,1971,"10/16/1971","8367b7dc-3960-11ef-9e4e-2906cc9fb6bc","away","TuS 05 Wellinghofen","TSB Flensburg",16,11,TRUE,0,NA,NA,0,0,0,NA,0,0,0,0,0,0,NA,NA,NA,NA,NA,NA,NA,NA,0,0,0,0,NA,NA,NA,NA,NA
"Heiner Möller","8d7571e4-3955-11ef-b1d3-81dc40648355",NA,NA,1971,"10/16/1971","8367b7dc-3960-11ef-9e4e-2906cc9fb6bc","away","TuS 05 Wellinghofen","TSB Flensburg",16,11,TRUE,2,NA,NA,0,0,0,NA,0,0,0,0,0,0,NA,NA,NA,NA,NA,NA,NA,NA,0,0,0,0,NA,NA,NA,NA,NA
"Hans-Peter Neuhaus","8d9d3887-3955-11ef-80a3-81dc40648355",NA,NA,1971,"10/16/1971","8367b7dc-3960-11ef-9e4e-2906cc9fb6bc","away","TuS 05 Wellinghofen","TSB Flensburg",16,11,TRUE,1,NA,NA,0,0,0,NA,0,0,0,0,0,0,NA,NA,NA,NA,NA,NA,NA,NA,0,0,0,0,NA,NA,NA,NA,NA
"Rainer Gosewinkel","a4d61156-3955-11ef-8406-2510cc07ea6e",NA,NA,1971,"10/16/1971","8367b7dc-3960-11ef-9e4e-2906cc9fb6bc","away","TuS 05 Wellinghofen","TSB Flensburg",16,11,TRUE,3,NA,NA,0,0,0,NA,0,0,0,0,0,0,NA,NA,NA,NA,NA,NA,NA,NA,0,0,0,0,NA,NA,NA,NA,NA
"Klaus Erwe","a4f54a19-3955-11ef-b48a-2510cc07ea6e",NA,NA,1971,"10/16/1971","8367b7dc-3960-11ef-9e4e-2906cc9fb6bc","away","TuS 05 Wellinghofen","TSB Flensburg",16,11,TRUE,2,NA,NA,0,0,0,NA,0,0,0,0,0,0,NA,NA,NA,NA,NA,NA,NA,NA,0,0,0,0,NA,NA,NA,NA,NA
"Herbert Schmidt","a5127cc5-3955-11ef-b405-2510cc07ea6e",NA,NA,1971,"10/16/1971","8367b7dc-3960-11ef-9e4e-2906cc9fb6bc","away","TuS 05 Wellinghofen","TSB Flensburg",16,11,TRUE,0,NA,NA,0,0,0,NA,0,0,0,0,0,0,NA,NA,NA,NA,NA,NA,NA,NA,0,0,0,0,NA,NA,NA,NA,NA
"Burkhard Gröning","a52c6e4f-3955-11ef-a576-2510cc07ea6e",NA,NA,1971,"10/16/1971","8367b7dc-3960-11ef-9e4e-2906cc9fb6bc","away","TuS 05 Wellinghofen","TSB Flensburg",16,11,TRUE,3,NA,NA,0,0,0,NA,0,0,0,0,0,0,NA,NA,NA,NA,NA,NA,NA,NA,0,0,0,0,NA,NA,NA,NA,NA
"Heinz Oberscheidt","a5ae94f2-3955-11ef-91fc-2510cc07ea6e",NA,NA,1971,"10/16/1971","8367b7dc-3960-11ef-9e4e-2906cc9fb6bc","away","TuS 05 Wellinghofen","TSB Flensburg",16,11,TRUE,4,NA,NA,0,0,0,NA,0,0,0,0,0,0,NA,NA,NA,NA,NA,NA,NA,NA,0,0,0,0,NA,NA,NA,NA,NA
"Hans-Jürgen Sengera","ba7fae8e-3955-11ef-80e4-ab397f561917",NA,NA,1971,"10/16/1971","8367b7dc-3960-11ef-9e4e-2906cc9fb6bc","away","TuS 05 Wellinghofen","TSB Flensburg",16,11,TRUE,0,NA,NA,0,0,0,NA,0,0,0,0,0,0,NA,NA,NA,NA,NA,NA,NA,NA,0,0,0,0,NA,NA,NA,NA,NA
"Burkhardt Eckardt","c76d08cb-3955-11ef-8fa7-157c9bc18a5f",NA,NA,1971,"10/16/1971","8367b7dc-3960-11ef-9e4e-2906cc9fb6bc","away","TuS 05 Wellinghofen","TSB Flensburg",16,11,TRUE,0,NA,NA,0,0,0,NA,0,0,0,0,0,0,NA,NA,NA,NA,NA,NA,NA,NA,0,0,0,0,NA,NA,NA,NA,NA
"Klaus Linnemann","c773ab8c-3955-11ef-96ba-157c9bc18a5f",NA,NA,1971,"10/16/1971","8367b7dc-3960-11ef-9e4e-2906cc9fb6bc","away","TuS 05 Wellinghofen","TSB Flensburg",16,11,TRUE,1,NA,NA,0,0,0,NA,0,0,0,0,0,0,NA,NA,NA,NA,NA,NA,NA,NA,0,0,0,0,NA,NA,NA,NA,NA
"Robert Becker","ae8c50f9-3955-11ef-91c4-a36230ada079",NA,NA,1971,"10/16/1971","8503bfc2-3960-11ef-85b6-2906cc9fb6bc","home","TV Hochdorf","TV Großwallstadt",16,20,FALSE,2,NA,NA,0,0,0,NA,0,0,0,0,0,0,NA,NA,NA,NA,NA,NA,NA,NA,0,0,0,0,NA,NA,NA,NA,NA
"Jürgen Hahn","ae947745-3955-11ef-bc54-a36230ada079",NA,NA,1971,"10/16/1971","8503bfc2-3960-11ef-85b6-2906cc9fb6bc","home","TV Hochdorf","TV Großwallstadt",16,20,FALSE,5,NA,NA,0,0,0,NA,0,0,0,0,0,0,NA,NA,NA,NA,NA,NA,NA,NA,0,0,0,0,NA,NA,NA,NA,NA
"Wilfried Job","af3ed007-3955-11ef-9184-a36230ada079",NA,NA,1971,"10/16/1971","8503bfc2-3960-11ef-85b6-2906cc9fb6bc","home","TV Hochdorf","TV Großwallstadt",16,20,FALSE,1,NA,NA,0,0,0,NA,0,0,0,0,0,0,NA,NA,NA,NA,NA,NA,NA,NA,0,0,0,0,NA,NA,NA,NA,NA
"Hans Stein","bde4861d-3955-11ef-a14e-ab397f561917",NA,NA,1971,"10/16/1971","8503bfc2-3960-11ef-85b6-2906cc9fb6bc","home","TV Hochdorf","TV Großwallstadt",16,20,FALSE,4,NA,NA,0,0,0,NA,0,0,0,0,0,0,NA,NA,NA,NA,NA,NA,NA,NA,0,0,0,0,NA,NA,NA,NA,NA
"Franz Hutter","c93bda5a-3955-11ef-9447-157c9bc18a5f",NA,NA,1971,"10/16/1971","8503bfc2-3960-11ef-85b6-2906cc9fb6bc","home","TV Hochdorf","TV Großwallstadt",16,20,FALSE,0,NA,NA,0,0,0,NA,0,0,0,0,0,0,NA,NA,NA,NA,NA,NA,NA,NA,0,0,0,0,NA,NA,NA,NA,NA
"Werner Häfele","c9414487-3955-11ef-a5df-157c9bc18a5f",NA,NA,1971,"10/16/1971","8503bfc2-3960-11ef-85b6-2906cc9fb6bc","home","TV Hochdorf","TV Großwallstadt",16,20,FALSE,0,NA,NA,0,0,0,NA,0,0,0,0,0,0,NA,NA,NA,NA,NA,NA,NA,NA,0,0,0,0,NA,NA,NA,NA,NA
"Peter Frisch","c94a46b7-3955-11ef-8686-157c9bc18a5f",NA,NA,1971,"10/16/1971","8503bfc2-3960-11ef-85b6-2906cc9fb6bc","home","TV Hochdorf","TV Großwallstadt",16,20,FALSE,3,NA,NA,0,0,0,NA,0,0,0,0,0,0,NA,NA,NA,NA,NA,NA,NA,NA,0,0,0,0,NA,NA,NA,NA,NA
"Karl Schotter","c94ebb91-3955-11ef-9ec3-157c9bc18a5f",NA,NA,1971,"10/16/1971","8503bfc2-3960-11ef-85b6-2906cc9fb6bc","home","TV Hochdorf","TV Großwallstadt",16,20,FALSE,0,NA,NA,0,0,0,NA,0,0,0,0,0,0,NA,NA,NA,NA,NA,NA,NA,NA,0,0,0,0,NA,NA,NA,NA,NA
"Werner Matill","c9539495-3955-11ef-9bff-157c9bc18a5f",NA,NA,1971,"10/16/1971","8503bfc2-3960-11ef-85b6-2906cc9fb6bc","home","TV Hochdorf","TV Großwallstadt",16,20,FALSE,0,NA,NA,0,0,0,NA,0,0,0,0,0,0,NA,NA,NA,NA,NA,NA,NA,NA,0,0,0,0,NA,NA,NA,NA,NA
"Kurt Klühspies","5ac3e7d7-3955-11ef-b574-4fa817cd91bb",NA,NA,1971,"10/16/1971","8503bfc2-3960-11ef-85b6-2906cc9fb6bc","away","TV Großwallstadt","TV Hochdorf",20,16,TRUE,3,NA,NA,0,0,0,NA,0,0,0,0,0,0,NA,NA,NA,NA,NA,NA,NA,NA,0,0,0,0,NA,NA,NA,NA,NA
"Manfred Schwarz","96d98e53-3955-11ef-a3c9-292be3190b7b",NA,NA,1971,"10/16/1971","8503bfc2-3960-11ef-85b6-2906cc9fb6bc","away","TV Großwallstadt","TV Hochdorf",20,16,TRUE,0,NA,NA,0,0,0,NA,0,0,0,0,0,0,NA,NA,NA,NA,NA,NA,NA,NA,0,0,0,0,NA,NA,NA,NA,NA
"Wolfgang Dümig","978dc3fc-3955-11ef-b042-292be3190b7b",NA,NA,1971,"10/16/1971","8503bfc2-3960-11ef-85b6-2906cc9fb6bc","away","TV Großwallstadt","TV Hochdorf",20,16,TRUE,1,NA,NA,0,0,0,NA,0,0,0,0,0,0,NA,NA,NA,NA,NA,NA,NA,NA,0,0,0,0,NA,NA,NA,NA,NA
"Eckhardt Suffel","aeac0503-3955-11ef-88c6-a36230ada079",NA,NA,1971,"10/16/1971","8503bfc2-3960-11ef-85b6-2906cc9fb6bc","away","TV Großwallstadt","TV Hochdorf",20,16,TRUE,1,NA,NA,0,0,0,NA,0,0,0,0,0,0,NA,NA,NA,NA,NA,NA,NA,NA,0,0,0,0,NA,NA,NA,NA,NA
"Peter Kuß","bbc18adb-3955-11ef-a5f7-ab397f561917",NA,NA,1971,"10/16/1971","8503bfc2-3960-11ef-85b6-2906cc9fb6bc","away","TV Großwallstadt","TV Hochdorf",20,16,TRUE,4,NA,NA,0,0,1,NA,0,0,0,0,0,0,NA,NA,NA,NA,NA,NA,NA,NA,0,0,0,0,NA,NA,NA,NA,NA
"Rainer Oberle","be123408-3955-11ef-92a6-ab397f561917",NA,NA,1971,"10/16/1971","8503bfc2-3960-11ef-85b6-2906cc9fb6bc","away","TV Großwallstadt","TV Hochdorf",20,16,TRUE,4,NA,NA,0,0,0,NA,0,0,0,0,0,0,NA,NA,NA,NA,NA,NA,NA,NA,0,0,0,0,NA,NA,NA,NA,NA
"Josef Karrer","be167639-3955-11ef-ac70-ab397f561917",NA,NA,1971,"10/16/1971","8503bfc2-3960-11ef-85b6-2906cc9fb6bc","away","TV Großwallstadt","TV Hochdorf",20,16,TRUE,5,NA,NA,0,0,1,NA,0,0,0,0,0,0,NA,NA,NA,NA,NA,NA,NA,NA,0,0,0,0,NA,NA,NA,NA,NA
"Klaus Oberle","c96e13a5-3955-11ef-a68a-157c9bc18a5f",NA,NA,1971,"10/16/1971","8503bfc2-3960-11ef-85b6-2906cc9fb6bc","away","TV Großwallstadt","TV Hochdorf",20,16,TRUE,0,NA,NA,0,0,0,NA,0,0,0,0,0,0,NA,NA,NA,NA,NA,NA,NA,NA,0,0,0,0,NA,NA,NA,NA,NA
"Klaus Klühspies","c9723883-3955-11ef-b2da-157c9bc18a5f",NA,NA,1971,"10/16/1971","8503bfc2-3960-11ef-85b6-2906cc9fb6bc","away","TV Großwallstadt","TV Hochdorf",20,16,TRUE,2,NA,NA,0,0,0,NA,0,0,0,0,0,0,NA,NA,NA,NA,NA,NA,NA,NA,0,0,0,0,NA,NA,NA,NA,NA
"Hans Amberg","c976a145-3955-11ef-9331-157c9bc18a5f",NA,NA,1971,"10/16/1971","8503bfc2-3960-11ef-85b6-2906cc9fb6bc","away","TV Großwallstadt","TV Hochdorf",20,16,TRUE,0,NA,NA,0,0,0,NA,0,0,0,0,0,0,NA,NA,NA,NA,NA,NA,NA,NA,0,0,0,0,NA,NA,NA,NA,NA
"Gerhard Gaiser","7fd4e3db-3955-11ef-b327-b908c60af10a",NA,NA,1971,"10/16/1971","8cfb147b-3960-11ef-b6f1-9b08c5d4c173","home","TSV 1896 Rintheim","SG Dietzenbach",16,10,TRUE,1,NA,NA,0,0,0,NA,0,0,0,0,0,0,NA,NA,NA,NA,NA,NA,NA,NA,0,0,0,0,NA,NA,NA,NA,NA
"Wolf-Dieter Nagel","8d41486b-3955-11ef-8d22-81dc40648355",NA,NA,1971,"10/16/1971","8cfb147b-3960-11ef-b6f1-9b08c5d4c173","home","TSV 1896 Rintheim","SG Dietzenbach",16,10,TRUE,2,NA,NA,0,0,1,NA,0,0,0,0,0,0,NA,NA,NA,NA,NA,NA,NA,NA,0,0,0,0,NA,NA,NA,NA,NA
"Franz Bechler","98035d7e-3955-11ef-8b94-292be3190b7b",NA,NA,1971,"10/16/1971","8cfb147b-3960-11ef-b6f1-9b08c5d4c173","home","TSV 1896 Rintheim","SG Dietzenbach",16,10,TRUE,0,NA,NA,0,0,0,NA,0,0,0,0,0,0,NA,NA,NA,NA,NA,NA,NA,NA,0,0,0,0,NA,NA,NA,NA,NA
"Hans-Eberhard Finkbeiner","a2f451eb-3955-11ef-99da-2510cc07ea6e",NA,NA,1971,"10/16/1971","8cfb147b-3960-11ef-b6f1-9b08c5d4c173","home","TSV 1896 Rintheim","SG Dietzenbach",16,10,TRUE,0,NA,NA,0,0,0,NA,0,0,0,0,0,0,NA,NA,NA,NA,NA,NA,NA,NA,0,0,0,0,NA,NA,NA,NA,NA
"Bernd Seibel","bc6670d9-3955-11ef-b849-ab397f561917",NA,NA,1971,"10/16/1971","8cfb147b-3960-11ef-b6f1-9b08c5d4c173","home","TSV 1896 Rintheim","SG Dietzenbach",16,10,TRUE,5,NA,NA,0,0,0,NA,0,0,0,0,0,0,NA,NA,NA,NA,NA,NA,NA,NA,0,0,0,0,NA,NA,NA,NA,NA
"Wolfgang Dillenberger","bc6a40c8-3955-11ef-8c9f-ab397f561917",NA,NA,1971,"10/16/1971","8cfb147b-3960-11ef-b6f1-9b08c5d4c173","home","TSV 1896 Rintheim","SG Dietzenbach",16,10,TRUE,3,NA,NA,0,0,1,NA,0,0,0,0,0,0,NA,NA,NA,NA,NA,NA,NA,NA,0,0,0,0,NA,NA,NA,NA,NA
"Max Ullrich","c6e110c6-3955-11ef-83e4-157c9bc18a5f",NA,NA,1971,"10/16/1971","8cfb147b-3960-11ef-b6f1-9b08c5d4c173","home","TSV 1896 Rintheim","SG Dietzenbach",16,10,TRUE,0,NA,NA,0,0,0,NA,0,0,0,0,0,0,NA,NA,NA,NA,NA,NA,NA,NA,0,0,0,0,NA,NA,NA,NA,NA
"Richard Baumer","c6e9de45-3955-11ef-b5bf-157c9bc18a5f",NA,NA,1971,"10/16/1971","8cfb147b-3960-11ef-b6f1-9b08c5d4c173","home","TSV 1896 Rintheim","SG Dietzenbach",16,10,TRUE,0,NA,NA,0,0,0,NA,0,0,0,0,0,0,NA,NA,NA,NA,NA,NA,NA,NA,0,0,0,0,NA,NA,NA,NA,NA
"Roland Schubach","c8722d8e-3955-11ef-b351-157c9bc18a5f",NA,NA,1971,"10/16/1971","8cfb147b-3960-11ef-b6f1-9b08c5d4c173","home","TSV 1896 Rintheim","SG Dietzenbach",16,10,TRUE,1,NA,NA,0,0,0,NA,0,0,0,0,0,0,NA,NA,NA,NA,NA,NA,NA,NA,0,0,0,0,NA,NA,NA,NA,NA
"Siegfried Brabec","c87758a1-3955-11ef-9dbd-157c9bc18a5f",NA,NA,1971,"10/16/1971","8cfb147b-3960-11ef-b6f1-9b08c5d4c173","home","TSV 1896 Rintheim","SG Dietzenbach",16,10,TRUE,1,NA,NA,0,0,0,NA,0,0,0,0,0,0,NA,NA,NA,NA,NA,NA,NA,NA,0,0,0,0,NA,NA,NA,NA,NA
"Josef Bechler","c88a53f3-3955-11ef-bd99-157c9bc18a5f",NA,NA,1971,"10/16/1971","8cfb147b-3960-11ef-b6f1-9b08c5d4c173","home","TSV 1896 Rintheim","SG Dietzenbach",16,10,TRUE,3,NA,NA,0,0,0,NA,0,0,0,0,0,0,NA,NA,NA,NA,NA,NA,NA,NA,0,0,0,0,NA,NA,NA,NA,NA
"Rolf-Eberhard Jaeger","c9bde9a1-3955-11ef-9a50-157c9bc18a5f",NA,NA,1971,"10/16/1971","8cfb147b-3960-11ef-b6f1-9b08c5d4c173","home","TSV 1896 Rintheim","SG Dietzenbach",16,10,TRUE,0,NA,NA,0,0,0,NA,0,0,0,0,0,0,NA,NA,NA,NA,NA,NA,NA,NA,0,0,0,0,NA,NA,NA,NA,NA
"Heinz-Theo Kaus","8086fdf9-3955-11ef-938f-b908c60af10a",NA,NA,1971,"10/16/1971","8cfb147b-3960-11ef-b6f1-9b08c5d4c173","away","SG Dietzenbach","TSV 1896 Rintheim",10,16,FALSE,0,NA,NA,0,0,0,NA,0,0,0,0,0,0,NA,NA,NA,NA,NA,NA,NA,NA,0,0,0,0,NA,NA,NA,NA,NA
"Peter Fenn","96d23185-3955-11ef-bbcf-292be3190b7b",NA,NA,1971,"10/16/1971","8cfb147b-3960-11ef-b6f1-9b08c5d4c173","away","SG Dietzenbach","TSV 1896 Rintheim",10,16,FALSE,0,NA,NA,0,0,0,NA,0,0,0,0,0,0,NA,NA,NA,NA,NA,NA,NA,NA,0,0,0,0,NA,NA,NA,NA,NA
"Herbert Wehnert","96e104db-3955-11ef-b58d-292be3190b7b",NA,NA,1971,"10/16/1971","8cfb147b-3960-11ef-b6f1-9b08c5d4c173","away","SG Dietzenbach","TSV 1896 Rintheim",10,16,FALSE,3,NA,NA,0,0,0,NA,0,0,0,0,0,0,NA,NA,NA,NA,NA,NA,NA,NA,0,0,0,0,NA,NA,NA,NA,NA
"Manfred Merk","a2e89182-3955-11ef-b7cf-2510cc07ea6e",NA,NA,1971,"10/16/1971","8cfb147b-3960-11ef-b6f1-9b08c5d4c173","away","SG Dietzenbach","TSV 1896 Rintheim",10,16,FALSE,2,NA,NA,0,0,0,NA,0,0,0,0,0,0,NA,NA,NA,NA,NA,NA,NA,NA,0,0,0,0,NA,NA,NA,NA,NA
"Heinrich Baum","af2c6c48-3955-11ef-964a-a36230ada079",NA,NA,1971,"10/16/1971","8cfb147b-3960-11ef-b6f1-9b08c5d4c173","away","SG Dietzenbach","TSV 1896 Rintheim",10,16,FALSE,0,NA,NA,0,0,0,NA,0,0,0,0,0,0,NA,NA,NA,NA,NA,NA,NA,NA,0,0,0,0,NA,NA,NA,NA,NA
"Klaus Rettig","b1d1aa4c-3955-11ef-baf9-a36230ada079",NA,NA,1971,"10/16/1971","8cfb147b-3960-11ef-b6f1-9b08c5d4c173","away","SG Dietzenbach","TSV 1896 Rintheim",10,16,FALSE,1,NA,NA,0,0,0,NA,0,0,0,0,0,0,NA,NA,NA,NA,NA,NA,NA,NA,0,0,0,0,NA,NA,NA,NA,NA
"Reinhold Jerwan","b1d5c150-3955-11ef-9027-a36230ada079",NA,NA,1971,"10/16/1971","8cfb147b-3960-11ef-b6f1-9b08c5d4c173","away","SG Dietzenbach","TSV 1896 Rintheim",10,16,FALSE,0,NA,NA,0,0,0,NA,0,0,0,0,0,0,NA,NA,NA,NA,NA,NA,NA,NA,0,0,0,0,NA,NA,NA,NA,NA
"Werner Conrad","b1d9e0f0-3955-11ef-8356-a36230ada079",NA,NA,1971,"10/16/1971","8cfb147b-3960-11ef-b6f1-9b08c5d4c173","away","SG Dietzenbach","TSV 1896 Rintheim",10,16,FALSE,0,NA,NA,0,0,0,NA,0,0,0,0,0,0,NA,NA,NA,NA,NA,NA,NA,NA,0,0,0,0,NA,NA,NA,NA,NA
"Dieter Liebherr","bc97017d-3955-11ef-af25-ab397f561917",NA,NA,1971,"10/16/1971","8cfb147b-3960-11ef-b6f1-9b08c5d4c173","away","SG Dietzenbach","TSV 1896 Rintheim",10,16,FALSE,0,NA,NA,0,0,0,NA,0,0,0,0,0,0,NA,NA,NA,NA,NA,NA,NA,NA,0,0,0,0,NA,NA,NA,NA,NA
"Peter Eckert","c67b9c79-3955-11ef-8f02-157c9bc18a5f",NA,NA,1971,"10/16/1971","8cfb147b-3960-11ef-b6f1-9b08c5d4c173","away","SG Dietzenbach","TSV 1896 Rintheim",10,16,FALSE,2,NA,NA,0,0,0,NA,0,0,0,0,0,0,NA,NA,NA,NA,NA,NA,NA,NA,0,0,0,0,NA,NA,NA,NA,NA
"Norbert Kern","c6961a09-3955-11ef-8bcc-157c9bc18a5f",NA,NA,1971,"10/16/1971","8cfb147b-3960-11ef-b6f1-9b08c5d4c173","away","SG Dietzenbach","TSV 1896 Rintheim",10,16,FALSE,0,NA,NA,0,0,0,NA,0,0,0,0,0,0,NA,NA,NA,NA,NA,NA,NA,NA,0,0,0,0,NA,NA,NA,NA,NA
"Günther Rebel","c808988c-3955-11ef-af62-157c9bc18a5f",NA,NA,1971,"10/16/1971","8cfb147b-3960-11ef-b6f1-9b08c5d4c173","away","SG Dietzenbach","TSV 1896 Rintheim",10,16,FALSE,2,NA,NA,0,0,1,NA,0,0,0,0,0,0,NA,NA,NA,NA,NA,NA,NA,NA,0,0,0,0,NA,NA,NA,NA,NA
"Peter Bucher","8e0071c9-3955-11ef-8ff8-81dc40648355",NA,NA,1971,"10/16/1971","8db15fea-3960-11ef-a7e9-9b08c5d4c173","home","FRISCH AUF! Göppingen","SpVgg 1887 Möhringen",20,13,TRUE,2,NA,NA,0,0,0,NA,0,0,0,0,0,0,NA,NA,NA,NA,NA,NA,NA,NA,0,0,0,0,NA,NA,NA,NA,NA
"Max Müller","99453a6b-3955-11ef-84c2-292be3190b7b",NA,NA,1971,"10/16/1971","8db15fea-3960-11ef-a7e9-9b08c5d4c173","home","FRISCH AUF! Göppingen","SpVgg 1887 Möhringen",20,13,TRUE,2,NA,NA,0,0,0,NA,0,0,0,0,0,0,NA,NA,NA,NA,NA,NA,NA,NA,0,0,0,0,NA,NA,NA,NA,NA
"Werner Fischer","af3a0885-3955-11ef-a884-a36230ada079",NA,NA,1971,"10/16/1971","8db15fea-3960-11ef-a7e9-9b08c5d4c173","home","FRISCH AUF! Göppingen","SpVgg 1887 Möhringen",20,13,TRUE,1,NA,NA,0,0,0,NA,0,0,0,0,0,0,NA,NA,NA,NA,NA,NA,NA,NA,0,0,0,0,NA,NA,NA,NA,NA
"Hans Brodbeck","b1f00cc3-3955-11ef-b4c9-a36230ada079",NA,NA,1971,"10/16/1971","8db15fea-3960-11ef-a7e9-9b08c5d4c173","home","FRISCH AUF! Göppingen","SpVgg 1887 Möhringen",20,13,TRUE,0,NA,NA,0,0,0,NA,0,0,0,0,0,0,NA,NA,NA,NA,NA,NA,NA,NA,0,0,0,0,NA,NA,NA,NA,NA
"Detlef Groß","b20edee3-3955-11ef-9e14-a36230ada079",NA,NA,1971,"10/16/1971","8db15fea-3960-11ef-a7e9-9b08c5d4c173","home","FRISCH AUF! Göppingen","SpVgg 1887 Möhringen",20,13,TRUE,0,NA,NA,0,0,0,NA,0,0,0,0,0,0,NA,NA,NA,NA,NA,NA,NA,NA,0,0,0,0,NA,NA,NA,NA,NA
"Paul Epple","bc8167af-3955-11ef-8748-ab397f561917",NA,NA,1971,"10/16/1971","8db15fea-3960-11ef-a7e9-9b08c5d4c173","home","FRISCH AUF! Göppingen","SpVgg 1887 Möhringen",20,13,TRUE,8,NA,NA,0,0,3,NA,0,0,0,0,0,0,NA,NA,NA,NA,NA,NA,NA,NA,0,0,0,0,NA,NA,NA,NA,NA
"Walter Pflüger","bc85cdbc-3955-11ef-8e24-ab397f561917",NA,NA,1971,"10/16/1971","8db15fea-3960-11ef-a7e9-9b08c5d4c173","home","FRISCH AUF! Göppingen","SpVgg 1887 Möhringen",20,13,TRUE,0,NA,NA,0,0,0,NA,0,0,0,0,0,0,NA,NA,NA,NA,NA,NA,NA,NA,0,0,0,0,NA,NA,NA,NA,NA
"Werner Arndt","c71116e0-3955-11ef-85d3-157c9bc18a5f",NA,NA,1971,"10/16/1971","8db15fea-3960-11ef-a7e9-9b08c5d4c173","home","FRISCH AUF! Göppingen","SpVgg 1887 Möhringen",20,13,TRUE,2,NA,NA,0,0,0,NA,0,0,0,0,0,0,NA,NA,NA,NA,NA,NA,NA,NA,0,0,0,0,NA,NA,NA,NA,NA
"Christian Patzer","c715a1de-3955-11ef-bc54-157c9bc18a5f",NA,NA,1971,"10/16/1971","8db15fea-3960-11ef-a7e9-9b08c5d4c173","home","FRISCH AUF! Göppingen","SpVgg 1887 Möhringen",20,13,TRUE,1,NA,NA,0,0,0,NA,0,0,0,0,0,0,NA,NA,NA,NA,NA,NA,NA,NA,0,0,0,0,NA,NA,NA,NA,NA
"Uwe Rathjen","c898158b-3955-11ef-82cb-157c9bc18a5f",NA,NA,1971,"10/16/1971","8db15fea-3960-11ef-a7e9-9b08c5d4c173","home","FRISCH AUF! Göppingen","SpVgg 1887 Möhringen",20,13,TRUE,0,NA,NA,0,0,0,NA,0,0,0,0,0,0,NA,NA,NA,NA,NA,NA,NA,NA,0,0,0,0,NA,NA,NA,NA,NA
"Armin Eisele","c9cc4c1b-3955-11ef-9f9f-157c9bc18a5f",NA,NA,1971,"10/16/1971","8db15fea-3960-11ef-a7e9-9b08c5d4c173","home","FRISCH AUF! Göppingen","SpVgg 1887 Möhringen",20,13,TRUE,4,NA,NA,0,0,0,NA,0,0,0,0,0,0,NA,NA,NA,NA,NA,NA,NA,NA,0,0,0,0,NA,NA,NA,NA,NA
"Günter Schweikardt","d3e60b79-3953-11ef-9e8c-e3f2de03a1b7",NA,NA,1971,"10/16/1971","8db15fea-3960-11ef-a7e9-9b08c5d4c173","home","FRISCH AUF! Göppingen","SpVgg 1887 Möhringen",20,13,TRUE,0,NA,NA,0,0,0,NA,0,0,0,0,0,0,NA,NA,NA,NA,NA,NA,NA,NA,0,0,0,0,NA,NA,NA,NA,NA
"Wolfgang Stolz","999eb14b-3955-11ef-bbce-292be3190b7b",NA,NA,1971,"10/16/1971","8db15fea-3960-11ef-a7e9-9b08c5d4c173","away","SpVgg 1887 Möhringen","FRISCH AUF! Göppingen",13,20,FALSE,2,NA,NA,0,0,0,NA,0,0,0,0,0,0,NA,NA,NA,NA,NA,NA,NA,NA,0,0,0,0,NA,NA,NA,NA,NA
"Hermann Mäurle","a44f95e3-3955-11ef-b53d-2510cc07ea6e",NA,NA,1971,"10/16/1971","8db15fea-3960-11ef-a7e9-9b08c5d4c173","away","SpVgg 1887 Möhringen","FRISCH AUF! Göppingen",13,20,FALSE,1,NA,NA,0,0,0,NA,0,0,0,0,0,0,NA,NA,NA,NA,NA,NA,NA,NA,0,0,0,0,NA,NA,NA,NA,NA
"Wolf-Dieter Rösner","c82bae19-3955-11ef-a06e-157c9bc18a5f",NA,NA,1971,"10/16/1971","8db15fea-3960-11ef-a7e9-9b08c5d4c173","away","SpVgg 1887 Möhringen","FRISCH AUF! Göppingen",13,20,FALSE,0,NA,NA,0,0,0,NA,0,0,0,0,0,0,NA,NA,NA,NA,NA,NA,NA,NA,0,0,0,0,NA,NA,NA,NA,NA
"Karl-Heinz Wolf","c8354cdd-3955-11ef-a1d6-157c9bc18a5f",NA,NA,1971,"10/16/1971","8db15fea-3960-11ef-a7e9-9b08c5d4c173","away","SpVgg 1887 Möhringen","FRISCH AUF! Göppingen",13,20,FALSE,1,NA,NA,0,0,0,NA,0,0,0,0,0,0,NA,NA,NA,NA,NA,NA,NA,NA,0,0,0,0,NA,NA,NA,NA,NA
"Gerd-Volker Stock","c8397c3c-3955-11ef-af12-157c9bc18a5f",NA,NA,1971,"10/16/1971","8db15fea-3960-11ef-a7e9-9b08c5d4c173","away","SpVgg 1887 Möhringen","FRISCH AUF! Göppingen",13,20,FALSE,1,NA,NA,0,0,0,NA,0,0,0,0,0,0,NA,NA,NA,NA,NA,NA,NA,NA,0,0,0,0,NA,NA,NA,NA,NA
"Folker Baur","c83d9af6-3955-11ef-9e5e-157c9bc18a5f",NA,NA,1971,"10/16/1971","8db15fea-3960-11ef-a7e9-9b08c5d4c173","away","SpVgg 1887 Möhringen","FRISCH AUF! Göppingen",13,20,FALSE,1,NA,NA,0,0,0,NA,0,0,0,0,0,0,NA,NA,NA,NA,NA,NA,NA,NA,0,0,0,0,NA,NA,NA,NA,NA
"Dieter Schuh","c84c4c54-3955-11ef-9d35-157c9bc18a5f",NA,NA,1971,"10/16/1971","8db15fea-3960-11ef-a7e9-9b08c5d4c173","away","SpVgg 1887 Möhringen","FRISCH AUF! Göppingen",13,20,FALSE,0,NA,NA,0,0,0,NA,0,0,0,0,0,0,NA,NA,NA,NA,NA,NA,NA,NA,0,0,0,0,NA,NA,NA,NA,NA
"Lothar Scheffel","c850996c-3955-11ef-94a7-157c9bc18a5f",NA,NA,1971,"10/16/1971","8db15fea-3960-11ef-a7e9-9b08c5d4c173","away","SpVgg 1887 Möhringen","FRISCH AUF! Göppingen",13,20,FALSE,0,NA,NA,0,0,0,NA,0,0,0,0,0,0,NA,NA,NA,NA,NA,NA,NA,NA,0,0,0,0,NA,NA,NA,NA,NA
"Robert Bach","c85fda21-3955-11ef-9bd8-157c9bc18a5f",NA,NA,1971,"10/16/1971","8db15fea-3960-11ef-a7e9-9b08c5d4c173","away","SpVgg 1887 Möhringen","FRISCH AUF! Göppingen",13,20,FALSE,0,NA,NA,0,0,0,NA,0,0,0,0,0,0,NA,NA,NA,NA,NA,NA,NA,NA,0,0,0,0,NA,NA,NA,NA,NA
"Karl-Heinz Steinbach","c864fc61-3955-11ef-bc13-157c9bc18a5f",NA,NA,1971,"10/16/1971","8db15fea-3960-11ef-a7e9-9b08c5d4c173","away","SpVgg 1887 Möhringen","FRISCH AUF! Göppingen",13,20,FALSE,2,NA,NA,0,0,0,NA,0,0,0,0,0,0,NA,NA,NA,NA,NA,NA,NA,NA,0,0,0,0,NA,NA,NA,NA,NA
"Wolfgang Schall","c869381d-3955-11ef-a2ed-157c9bc18a5f",NA,NA,1971,"10/16/1971","8db15fea-3960-11ef-a7e9-9b08c5d4c173","away","SpVgg 1887 Möhringen","FRISCH AUF! Göppingen",13,20,FALSE,5,NA,NA,0,0,4,NA,0,0,0,0,0,0,NA,NA,NA,NA,NA,NA,NA,NA,0,0,0,0,NA,NA,NA,NA,NA
"Ulrich Eikermann","73a211c9-3955-11ef-8f8f-51fdf2a82730",NA,NA,1971,"10/17/1971","8424a199-3960-11ef-866e-2906cc9fb6bc","home","SC Phönix Essen 1920","VfL Lübeck-Schwartau",25,23,TRUE,9,NA,NA,0,0,2,NA,0,0,0,0,0,0,NA,NA,NA,NA,NA,NA,NA,NA,0,0,0,0,NA,NA,NA,NA,NA
"Werner Kühn","a5a83923-3955-11ef-abc5-2510cc07ea6e",NA,NA,1971,"10/17/1971","8424a199-3960-11ef-866e-2906cc9fb6bc","home","SC Phönix Essen 1920","VfL Lübeck-Schwartau",25,23,TRUE,3,NA,NA,0,0,0,NA,0,0,0,0,0,0,NA,NA,NA,NA,NA,NA,NA,NA,0,0,0,0,NA,NA,NA,NA,NA
"Norbert Meister","a610e086-3955-11ef-bf85-2510cc07ea6e",NA,NA,1971,"10/17/1971","8424a199-3960-11ef-866e-2906cc9fb6bc","home","SC Phönix Essen 1920","VfL Lübeck-Schwartau",25,23,TRUE,0,NA,NA,0,0,0,NA,0,0,0,0,0,0,NA,NA,NA,NA,NA,NA,NA,NA,0,0,0,0,NA,NA,NA,NA,NA
"Rüdiger Hillebrand","b0c11a9c-3955-11ef-bf0d-a36230ada079",NA,NA,1971,"10/17/1971","8424a199-3960-11ef-866e-2906cc9fb6bc","home","SC Phönix Essen 1920","VfL Lübeck-Schwartau",25,23,TRUE,0,NA,NA,0,0,0,NA,0,0,0,0,0,0,NA,NA,NA,NA,NA,NA,NA,NA,0,0,0,0,NA,NA,NA,NA,NA
"Bernd Tolksdorf","bae02284-3955-11ef-b577-ab397f561917",NA,NA,1971,"10/17/1971","8424a199-3960-11ef-866e-2906cc9fb6bc","home","SC Phönix Essen 1920","VfL Lübeck-Schwartau",25,23,TRUE,4,NA,NA,0,0,0,NA,0,0,0,0,0,0,NA,NA,NA,NA,NA,NA,NA,NA,0,0,0,0,NA,NA,NA,NA,NA
"Norbert Kroker","bd441662-3955-11ef-b771-ab397f561917",NA,NA,1971,"10/17/1971","8424a199-3960-11ef-866e-2906cc9fb6bc","home","SC Phönix Essen 1920","VfL Lübeck-Schwartau",25,23,TRUE,1,NA,NA,0,0,0,NA,0,0,0,0,0,0,NA,NA,NA,NA,NA,NA,NA,NA,0,0,0,0,NA,NA,NA,NA,NA
"Michael Hattig","bd52f5b1-3955-11ef-ba0c-ab397f561917",NA,NA,1971,"10/17/1971","8424a199-3960-11ef-866e-2906cc9fb6bc","home","SC Phönix Essen 1920","VfL Lübeck-Schwartau",25,23,TRUE,4,NA,NA,0,0,0,NA,0,0,0,0,0,0,NA,NA,NA,NA,NA,NA,NA,NA,0,0,0,0,NA,NA,NA,NA,NA
"Herbert Buschmann","bd5ac595-3955-11ef-97f0-ab397f561917",NA,NA,1971,"10/17/1971","8424a199-3960-11ef-866e-2906cc9fb6bc","home","SC Phönix Essen 1920","VfL Lübeck-Schwartau",25,23,TRUE,0,NA,NA,0,0,0,NA,0,0,0,0,0,0,NA,NA,NA,NA,NA,NA,NA,NA,0,0,0,0,NA,NA,NA,NA,NA
"Andrija Kotlas","bde016f5-3955-11ef-b96c-ab397f561917",NA,NA,1971,"10/17/1971","8424a199-3960-11ef-866e-2906cc9fb6bc","home","SC Phönix Essen 1920","VfL Lübeck-Schwartau",25,23,TRUE,1,NA,NA,0,0,0,NA,0,0,0,0,0,0,NA,NA,NA,NA,NA,NA,NA,NA,0,0,0,0,NA,NA,NA,NA,NA
"Carl-Bernd Behler","c79d213f-3955-11ef-a773-157c9bc18a5f",NA,NA,1971,"10/17/1971","8424a199-3960-11ef-866e-2906cc9fb6bc","home","SC Phönix Essen 1920","VfL Lübeck-Schwartau",25,23,TRUE,0,NA,NA,0,0,0,NA,0,0,0,0,0,0,NA,NA,NA,NA,NA,NA,NA,NA,0,0,0,0,NA,NA,NA,NA,NA
"Ernst Weise","c90cdba3-3955-11ef-b068-157c9bc18a5f",NA,NA,1971,"10/17/1971","8424a199-3960-11ef-866e-2906cc9fb6bc","home","SC Phönix Essen 1920","VfL Lübeck-Schwartau",25,23,TRUE,1,NA,NA,0,0,0,NA,0,0,0,0,0,0,NA,NA,NA,NA,NA,NA,NA,NA,0,0,0,0,NA,NA,NA,NA,NA
"Jochen Generotzki","c918430a-3955-11ef-bc40-157c9bc18a5f",NA,NA,1971,"10/17/1971","8424a199-3960-11ef-866e-2906cc9fb6bc","home","SC Phönix Essen 1920","VfL Lübeck-Schwartau",25,23,TRUE,2,NA,NA,0,0,0,NA,0,0,0,0,0,0,NA,NA,NA,NA,NA,NA,NA,NA,0,0,0,0,NA,NA,NA,NA,NA
"Herbert Rogge","b06614d7-3955-11ef-a43b-a36230ada079",NA,NA,1971,"10/17/1971","8424a199-3960-11ef-866e-2906cc9fb6bc","away","VfL Lübeck-Schwartau","SC Phönix Essen 1920",23,25,FALSE,1,NA,NA,0,0,0,NA,0,0,0,0,0,0,NA,NA,NA,NA,NA,NA,NA,NA,0,0,0,0,NA,NA,NA,NA,NA
"Ingo Callies","b0b0659b-3955-11ef-87aa-a36230ada079",NA,NA,1971,"10/17/1971","8424a199-3960-11ef-866e-2906cc9fb6bc","away","VfL Lübeck-Schwartau","SC Phönix Essen 1920",23,25,FALSE,6,NA,NA,0,0,2,NA,0,0,0,0,0,0,NA,NA,NA,NA,NA,NA,NA,NA,0,0,0,0,NA,NA,NA,NA,NA
"Michael Dogs","b0cecb4a-3955-11ef-b665-a36230ada079",NA,NA,1971,"10/17/1971","8424a199-3960-11ef-866e-2906cc9fb6bc","away","VfL Lübeck-Schwartau","SC Phönix Essen 1920",23,25,FALSE,0,NA,NA,0,0,0,NA,0,0,0,0,0,0,NA,NA,NA,NA,NA,NA,NA,NA,0,0,0,0,NA,NA,NA,NA,NA
"Joachim Römer","b0dcb8e7-3955-11ef-83ab-a36230ada079",NA,NA,1971,"10/17/1971","8424a199-3960-11ef-866e-2906cc9fb6bc","away","VfL Lübeck-Schwartau","SC Phönix Essen 1920",23,25,FALSE,1,NA,NA,0,0,0,NA,0,0,0,0,0,0,NA,NA,NA,NA,NA,NA,NA,NA,0,0,0,0,NA,NA,NA,NA,NA
"Peter Görtz","b0e9ae8f-3955-11ef-aa48-a36230ada079",NA,NA,1971,"10/17/1971","8424a199-3960-11ef-866e-2906cc9fb6bc","away","VfL Lübeck-Schwartau","SC Phönix Essen 1920",23,25,FALSE,8,NA,NA,0,0,3,NA,0,0,0,0,0,0,NA,NA,NA,NA,NA,NA,NA,NA,0,0,0,0,NA,NA,NA,NA,NA
"Ulrich Kleinstoll","b0f37438-3955-11ef-84e6-a36230ada079",NA,NA,1971,"10/17/1971","8424a199-3960-11ef-866e-2906cc9fb6bc","away","VfL Lübeck-Schwartau","SC Phönix Essen 1920",23,25,FALSE,2,NA,NA,0,0,0,NA,0,0,0,0,0,0,NA,NA,NA,NA,NA,NA,NA,NA,0,0,0,0,NA,NA,NA,NA,NA
"Hans-Martin Müller-Wolf","b1020054-3955-11ef-8e79-a36230ada079",NA,NA,1971,"10/17/1971","8424a199-3960-11ef-866e-2906cc9fb6bc","away","VfL Lübeck-Schwartau","SC Phönix Essen 1920",23,25,FALSE,1,NA,NA,0,0,0,NA,0,0,0,0,0,0,NA,NA,NA,NA,NA,NA,NA,NA,0,0,0,0,NA,NA,NA,NA,NA
"Geert Geusendam","baee7cab-3955-11ef-95ba-ab397f561917",NA,NA,1971,"10/17/1971","8424a199-3960-11ef-866e-2906cc9fb6bc","away","VfL Lübeck-Schwartau","SC Phönix Essen 1920",23,25,FALSE,0,NA,NA,0,0,0,NA,0,0,0,0,0,0,NA,NA,NA,NA,NA,NA,NA,NA,0,0,0,0,NA,NA,NA,NA,NA
"Georg Pohl","baff6cee-3955-11ef-a80f-ab397f561917",NA,NA,1971,"10/17/1971","8424a199-3960-11ef-866e-2906cc9fb6bc","away","VfL Lübeck-Schwartau","SC Phönix Essen 1920",23,25,FALSE,0,NA,NA,0,0,0,NA,0,0,0,0,0,0,NA,NA,NA,NA,NA,NA,NA,NA,0,0,0,0,NA,NA,NA,NA,NA
"Jochen Krummland","c7b078f7-3955-11ef-932e-157c9bc18a5f",NA,NA,1971,"10/17/1971","8424a199-3960-11ef-866e-2906cc9fb6bc","away","VfL Lübeck-Schwartau","SC Phönix Essen 1920",23,25,FALSE,4,NA,NA,0,0,0,NA,0,0,0,0,0,0,NA,NA,NA,NA,NA,NA,NA,NA,0,0,0,0,NA,NA,NA,NA,NA
"Björn Clausen","c7b94735-3955-11ef-b741-157c9bc18a5f",NA,NA,1971,"10/17/1971","8424a199-3960-11ef-866e-2906cc9fb6bc","away","VfL Lübeck-Schwartau","SC Phönix Essen 1920",23,25,FALSE,0,NA,NA,0,0,0,NA,0,0,0,0,0,0,NA,NA,NA,NA,NA,NA,NA,NA,0,0,0,0,NA,NA,NA,NA,NA
"Bruno Zantop","c91cafd4-3955-11ef-9bbf-157c9bc18a5f",NA,NA,1971,"10/17/1971","8424a199-3960-11ef-866e-2906cc9fb6bc","away","VfL Lübeck-Schwartau","SC Phönix Essen 1920",23,25,FALSE,0,NA,NA,0,0,0,NA,0,0,0,0,0,0,NA,NA,NA,NA,NA,NA,NA,NA,0,0,0,0,NA,NA,NA,NA,NA
"Hans Moser","7e83ce46-3955-11ef-830d-b908c60af10a",NA,NA,1971,"10/17/1971","85eb7d45-3960-11ef-abd7-2906cc9fb6bc","home","TSV Milbertshofen","S3L Handball",25,14,TRUE,5,NA,NA,0,0,0,NA,0,0,0,0,0,0,NA,NA,NA,NA,NA,NA,NA,NA,0,0,0,0,NA,NA,NA,NA,NA
"Werner Winkelmeier","9712104e-3955-11ef-9613-292be3190b7b",NA,NA,1971,"10/17/1971","85eb7d45-3960-11ef-abd7-2906cc9fb6bc","home","TSV Milbertshofen","S3L Handball",25,14,TRUE,2,NA,NA,0,0,0,NA,0,0,0,0,0,0,NA,NA,NA,NA,NA,NA,NA,NA,0,0,0,0,NA,NA,NA,NA,NA
"Josef Kiener","972d7d47-3955-11ef-a437-292be3190b7b",NA,NA,1971,"10/17/1971","85eb7d45-3960-11ef-abd7-2906cc9fb6bc","home","TSV Milbertshofen","S3L Handball",25,14,TRUE,4,NA,NA,0,0,4,NA,0,0,0,0,0,0,NA,NA,NA,NA,NA,NA,NA,NA,0,0,0,0,NA,NA,NA,NA,NA
"Rudolf Dobler","97ac407c-3955-11ef-9ea9-292be3190b7b",NA,NA,1971,"10/17/1971","85eb7d45-3960-11ef-abd7-2906cc9fb6bc","home","TSV Milbertshofen","S3L Handball",25,14,TRUE,1,NA,NA,0,0,0,NA,0,0,0,0,0,0,NA,NA,NA,NA,NA,NA,NA,NA,0,0,0,0,NA,NA,NA,NA,NA
"Helmut Schelchshorn","b1c960ef-3955-11ef-850b-a36230ada079",NA,NA,1971,"10/17/1971","85eb7d45-3960-11ef-abd7-2906cc9fb6bc","home","TSV Milbertshofen","S3L Handball",25,14,TRUE,0,NA,NA,0,0,0,NA,0,0,0,0,0,0,NA,NA,NA,NA,NA,NA,NA,NA,0,0,0,0,NA,NA,NA,NA,NA
"Peter Feddern","bc1b1b3e-3955-11ef-9c4e-ab397f561917",NA,NA,1971,"10/17/1971","85eb7d45-3960-11ef-abd7-2906cc9fb6bc","home","TSV Milbertshofen","S3L Handball",25,14,TRUE,2,NA,NA,0,0,0,NA,0,0,0,0,0,0,NA,NA,NA,NA,NA,NA,NA,NA,0,0,0,0,NA,NA,NA,NA,NA
"Herbert Staiger","c81d1d7c-3955-11ef-b36f-157c9bc18a5f",NA,NA,1971,"10/17/1971","85eb7d45-3960-11ef-abd7-2906cc9fb6bc","home","TSV Milbertshofen","S3L Handball",25,14,TRUE,4,NA,NA,0,0,0,NA,0,0,0,0,0,0,NA,NA,NA,NA,NA,NA,NA,NA,0,0,0,0,NA,NA,NA,NA,NA
"Karl Donndorf","c821c668-3955-11ef-a20c-157c9bc18a5f",NA,NA,1971,"10/17/1971","85eb7d45-3960-11ef-abd7-2906cc9fb6bc","home","TSV Milbertshofen","S3L Handball",25,14,TRUE,4,NA,NA,0,0,0,NA,0,0,0,0,0,0,NA,NA,NA,NA,NA,NA,NA,NA,0,0,0,0,NA,NA,NA,NA,NA
"Erich Loderer","c9a2ad0a-3955-11ef-9f7e-157c9bc18a5f",NA,NA,1971,"10/17/1971","85eb7d45-3960-11ef-abd7-2906cc9fb6bc","home","TSV Milbertshofen","S3L Handball",25,14,TRUE,3,NA,NA,0,0,0,NA,0,0,0,0,0,0,NA,NA,NA,NA,NA,NA,NA,NA,0,0,0,0,NA,NA,NA,NA,NA
"Olaf Hoemke","c9a6b7e4-3955-11ef-a408-157c9bc18a5f",NA,NA,1971,"10/17/1971","85eb7d45-3960-11ef-abd7-2906cc9fb6bc","home","TSV Milbertshofen","S3L Handball",25,14,TRUE,0,NA,NA,0,0,0,NA,0,0,0,0,0,0,NA,NA,NA,NA,NA,NA,NA,NA,0,0,0,0,NA,NA,NA,NA,NA
"Alfred Schmitt","a25e1dab-3955-11ef-b412-2510cc07ea6e",NA,NA,1971,"10/17/1971","85eb7d45-3960-11ef-abd7-2906cc9fb6bc","away","S3L Handball","TSV Milbertshofen",14,25,FALSE,0,NA,NA,0,0,0,NA,0,0,0,0,0,0,NA,NA,NA,NA,NA,NA,NA,NA,0,0,0,0,NA,NA,NA,NA,NA
"Georg Fitz","ae68320c-3955-11ef-89fa-a36230ada079",NA,NA,1971,"10/17/1971","85eb7d45-3960-11ef-abd7-2906cc9fb6bc","away","S3L Handball","TSV Milbertshofen",14,25,FALSE,0,NA,NA,0,0,0,NA,0,0,0,0,0,0,NA,NA,NA,NA,NA,NA,NA,NA,0,0,0,0,NA,NA,NA,NA,NA
"Markus Hädrich","ba389acc-3955-11ef-8b9d-ab397f561917",NA,NA,1971,"10/17/1971","85eb7d45-3960-11ef-abd7-2906cc9fb6bc","away","S3L Handball","TSV Milbertshofen",14,25,FALSE,0,NA,NA,0,0,0,NA,0,0,0,0,0,0,NA,NA,NA,NA,NA,NA,NA,NA,0,0,0,0,NA,NA,NA,NA,NA
"Werner Pruscha","bb9c8e56-3955-11ef-ac18-ab397f561917",NA,NA,1971,"10/17/1971","85eb7d45-3960-11ef-abd7-2906cc9fb6bc","away","S3L Handball","TSV Milbertshofen",14,25,FALSE,1,NA,NA,0,0,0,NA,0,0,0,0,0,0,NA,NA,NA,NA,NA,NA,NA,NA,0,0,0,0,NA,NA,NA,NA,NA
"Wolfgang Ries","bba77d9e-3955-11ef-939a-ab397f561917",NA,NA,1971,"10/17/1971","85eb7d45-3960-11ef-abd7-2906cc9fb6bc","away","S3L Handball","TSV Milbertshofen",14,25,FALSE,1,NA,NA,0,0,0,NA,0,0,0,0,0,0,NA,NA,NA,NA,NA,NA,NA,NA,0,0,0,0,NA,NA,NA,NA,NA
"Gerd Schmitt","bbb09cf8-3955-11ef-97db-ab397f561917",NA,NA,1971,"10/17/1971","85eb7d45-3960-11ef-abd7-2906cc9fb6bc","away","S3L Handball","TSV Milbertshofen",14,25,FALSE,1,NA,NA,0,0,0,NA,0,0,0,0,0,0,NA,NA,NA,NA,NA,NA,NA,NA,0,0,0,0,NA,NA,NA,NA,NA
"Herbert Hönnige","c7e7cc14-3955-11ef-af0e-157c9bc18a5f",NA,NA,1971,"10/17/1971","85eb7d45-3960-11ef-abd7-2906cc9fb6bc","away","S3L Handball","TSV Milbertshofen",14,25,FALSE,7,NA,NA,0,0,2,NA,0,0,0,0,0,0,NA,NA,NA,NA,NA,NA,NA,NA,0,0,0,0,NA,NA,NA,NA,NA
"Jürgen Plambeck","c95d267b-3955-11ef-9a98-157c9bc18a5f",NA,NA,1971,"10/17/1971","85eb7d45-3960-11ef-abd7-2906cc9fb6bc","away","S3L Handball","TSV Milbertshofen",14,25,FALSE,0,NA,NA,0,0,0,NA,0,0,0,0,0,0,NA,NA,NA,NA,NA,NA,NA,NA,0,0,0,0,NA,NA,NA,NA,NA
"Josef Hutter","c96148ae-3955-11ef-a005-157c9bc18a5f",NA,NA,1971,"10/17/1971","85eb7d45-3960-11ef-abd7-2906cc9fb6bc","away","S3L Handball","TSV Milbertshofen",14,25,FALSE,3,NA,NA,0,0,0,NA,0,0,0,0,0,0,NA,NA,NA,NA,NA,NA,NA,NA,0,0,0,0,NA,NA,NA,NA,NA
"Rolf Seltner","c96574fc-3955-11ef-a37f-157c9bc18a5f",NA,NA,1971,"10/17/1971","85eb7d45-3960-11ef-abd7-2906cc9fb6bc","away","S3L Handball","TSV Milbertshofen",14,25,FALSE,1,NA,NA,0,0,0,NA,0,0,0,0,0,0,NA,NA,NA,NA,NA,NA,NA,NA,0,0,0,0,NA,NA,NA,NA,NA
"Herbert Rogge","b06614d7-3955-11ef-a43b-a36230ada079",NA,NA,1971,"10/22/1971","82a52dca-3960-11ef-a434-2906cc9fb6bc","home","VfL Lübeck-Schwartau","Hamburger SV",11,13,FALSE,0,NA,NA,0,0,0,NA,0,0,0,0,0,0,NA,NA,NA,NA,NA,NA,NA,NA,0,0,0,0,NA,NA,NA,NA,NA
"Ingo Callies","b0b0659b-3955-11ef-87aa-a36230ada079",NA,NA,1971,"10/22/1971","82a52dca-3960-11ef-a434-2906cc9fb6bc","home","VfL Lübeck-Schwartau","Hamburger SV",11,13,FALSE,1,NA,NA,0,0,0,NA,0,0,0,0,0,0,NA,NA,NA,NA,NA,NA,NA,NA,0,0,0,0,NA,NA,NA,NA,NA
"Michael Dogs","b0cecb4a-3955-11ef-b665-a36230ada079",NA,NA,1971,"10/22/1971","82a52dca-3960-11ef-a434-2906cc9fb6bc","home","VfL Lübeck-Schwartau","Hamburger SV",11,13,FALSE,0,NA,NA,0,0,0,NA,0,0,0,0,0,0,NA,NA,NA,NA,NA,NA,NA,NA,0,0,0,0,NA,NA,NA,NA,NA
"Joachim Römer","b0dcb8e7-3955-11ef-83ab-a36230ada079",NA,NA,1971,"10/22/1971","82a52dca-3960-11ef-a434-2906cc9fb6bc","home","VfL Lübeck-Schwartau","Hamburger SV",11,13,FALSE,0,NA,NA,0,0,0,NA,0,0,0,0,0,0,NA,NA,NA,NA,NA,NA,NA,NA,0,0,0,0,NA,NA,NA,NA,NA
"Peter Görtz","b0e9ae8f-3955-11ef-aa48-a36230ada079",NA,NA,1971,"10/22/1971","82a52dca-3960-11ef-a434-2906cc9fb6bc","home","VfL Lübeck-Schwartau","Hamburger SV",11,13,FALSE,3,NA,NA,0,0,1,NA,0,0,0,0,0,0,NA,NA,NA,NA,NA,NA,NA,NA,0,0,0,0,NA,NA,NA,NA,NA
"Ulrich Kleinstoll","b0f37438-3955-11ef-84e6-a36230ada079",NA,NA,1971,"10/22/1971","82a52dca-3960-11ef-a434-2906cc9fb6bc","home","VfL Lübeck-Schwartau","Hamburger SV",11,13,FALSE,2,NA,NA,0,0,0,NA,0,0,0,0,0,0,NA,NA,NA,NA,NA,NA,NA,NA,0,0,0,0,NA,NA,NA,NA,NA
"Hans-Martin Müller-Wolf","b1020054-3955-11ef-8e79-a36230ada079",NA,NA,1971,"10/22/1971","82a52dca-3960-11ef-a434-2906cc9fb6bc","home","VfL Lübeck-Schwartau","Hamburger SV",11,13,FALSE,0,NA,NA,0,0,0,NA,0,0,0,0,0,0,NA,NA,NA,NA,NA,NA,NA,NA,0,0,0,0,NA,NA,NA,NA,NA
"Geert Geusendam","baee7cab-3955-11ef-95ba-ab397f561917",NA,NA,1971,"10/22/1971","82a52dca-3960-11ef-a434-2906cc9fb6bc","home","VfL Lübeck-Schwartau","Hamburger SV",11,13,FALSE,0,NA,NA,0,0,0,NA,0,0,0,0,0,0,NA,NA,NA,NA,NA,NA,NA,NA,0,0,0,0,NA,NA,NA,NA,NA
"Georg Pohl","baff6cee-3955-11ef-a80f-ab397f561917",NA,NA,1971,"10/22/1971","82a52dca-3960-11ef-a434-2906cc9fb6bc","home","VfL Lübeck-Schwartau","Hamburger SV",11,13,FALSE,1,NA,NA,0,0,0,NA,0,0,0,0,0,0,NA,NA,NA,NA,NA,NA,NA,NA,0,0,0,0,NA,NA,NA,NA,NA
"Jochen Krummland","c7b078f7-3955-11ef-932e-157c9bc18a5f",NA,NA,1971,"10/22/1971","82a52dca-3960-11ef-a434-2906cc9fb6bc","home","VfL Lübeck-Schwartau","Hamburger SV",11,13,FALSE,2,NA,NA,0,0,0,NA,0,0,0,0,0,0,NA,NA,NA,NA,NA,NA,NA,NA,0,0,0,0,NA,NA,NA,NA,NA
"Jochen Hoffmann","c7bdef38-3955-11ef-8b6c-157c9bc18a5f",NA,NA,1971,"10/22/1971","82a52dca-3960-11ef-a434-2906cc9fb6bc","home","VfL Lübeck-Schwartau","Hamburger SV",11,13,FALSE,2,NA,NA,0,0,0,NA,0,0,0,0,0,0,NA,NA,NA,NA,NA,NA,NA,NA,0,0,0,0,NA,NA,NA,NA,NA
"Bruno Zantop","c91cafd4-3955-11ef-9bbf-157c9bc18a5f",NA,NA,1971,"10/22/1971","82a52dca-3960-11ef-a434-2906cc9fb6bc","home","VfL Lübeck-Schwartau","Hamburger SV",11,13,FALSE,0,NA,NA,0,0,0,NA,0,0,0,0,0,0,NA,NA,NA,NA,NA,NA,NA,NA,0,0,0,0,NA,NA,NA,NA,NA
"Peter Pickel","8c973b42-3955-11ef-8c71-81dc40648355",NA,NA,1971,"10/22/1971","82a52dca-3960-11ef-a434-2906cc9fb6bc","away","Hamburger SV","VfL Lübeck-Schwartau",13,11,TRUE,1,NA,NA,0,0,0,NA,0,0,0,0,0,0,NA,NA,NA,NA,NA,NA,NA,NA,0,0,0,0,NA,NA,NA,NA,NA
"Diethard Finkelmann","a60bdcf9-3955-11ef-bfa1-2510cc07ea6e",NA,NA,1971,"10/22/1971","82a52dca-3960-11ef-a434-2906cc9fb6bc","away","Hamburger SV","VfL Lübeck-Schwartau",13,11,TRUE,2,NA,NA,0,0,2,NA,0,0,0,0,0,0,NA,NA,NA,NA,NA,NA,NA,NA,0,0,0,0,NA,NA,NA,NA,NA
"Hans-Jürgen Bode","b011e6da-3955-11ef-8205-a36230ada079",NA,NA,1971,"10/22/1971","82a52dca-3960-11ef-a434-2906cc9fb6bc","away","Hamburger SV","VfL Lübeck-Schwartau",13,11,TRUE,0,NA,NA,0,0,0,NA,0,0,0,0,0,0,NA,NA,NA,NA,NA,NA,NA,NA,0,0,0,0,NA,NA,NA,NA,NA
"Rainer Witt","b02adaad-3955-11ef-b8c4-a36230ada079",NA,NA,1971,"10/22/1971","82a52dca-3960-11ef-a434-2906cc9fb6bc","away","Hamburger SV","VfL Lübeck-Schwartau",13,11,TRUE,0,NA,NA,0,0,0,NA,0,0,0,0,0,0,NA,NA,NA,NA,NA,NA,NA,NA,0,0,0,0,NA,NA,NA,NA,NA
"Hans-Joachim Beißel","b0341bcb-3955-11ef-9e08-a36230ada079",NA,NA,1971,"10/22/1971","82a52dca-3960-11ef-a434-2906cc9fb6bc","away","Hamburger SV","VfL Lübeck-Schwartau",13,11,TRUE,0,NA,NA,0,0,0,NA,0,0,0,0,0,0,NA,NA,NA,NA,NA,NA,NA,NA,0,0,0,0,NA,NA,NA,NA,NA
"Norbert Germer","b03f8101-3955-11ef-8945-a36230ada079",NA,NA,1971,"10/22/1971","82a52dca-3960-11ef-a434-2906cc9fb6bc","away","Hamburger SV","VfL Lübeck-Schwartau",13,11,TRUE,4,NA,NA,0,0,0,NA,0,0,0,0,0,0,NA,NA,NA,NA,NA,NA,NA,NA,0,0,0,0,NA,NA,NA,NA,NA
"Siegfried Berg","b10d3ec3-3955-11ef-8a30-a36230ada079",NA,NA,1971,"10/22/1971","82a52dca-3960-11ef-a434-2906cc9fb6bc","away","Hamburger SV","VfL Lübeck-Schwartau",13,11,TRUE,2,NA,NA,0,0,0,NA,0,0,0,0,0,0,NA,NA,NA,NA,NA,NA,NA,NA,0,0,0,0,NA,NA,NA,NA,NA
"Wolfgang Braun","b1a4c388-3955-11ef-92b7-a36230ada079",NA,NA,1971,"10/22/1971","82a52dca-3960-11ef-a434-2906cc9fb6bc","away","Hamburger SV","VfL Lübeck-Schwartau",13,11,TRUE,1,NA,NA,0,0,0,NA,0,0,0,0,0,0,NA,NA,NA,NA,NA,NA,NA,NA,0,0,0,0,NA,NA,NA,NA,NA
"Bernd Heiden","baf62966-3955-11ef-b7e1-ab397f561917",NA,NA,1971,"10/22/1971","82a52dca-3960-11ef-a434-2906cc9fb6bc","away","Hamburger SV","VfL Lübeck-Schwartau",13,11,TRUE,0,NA,NA,0,0,0,NA,0,0,0,0,0,0,NA,NA,NA,NA,NA,NA,NA,NA,0,0,0,0,NA,NA,NA,NA,NA
"Klaus Lange","bafb51f3-3955-11ef-9864-ab397f561917",NA,NA,1971,"10/22/1971","82a52dca-3960-11ef-a434-2906cc9fb6bc","away","Hamburger SV","VfL Lübeck-Schwartau",13,11,TRUE,3,NA,NA,0,0,3,NA,0,0,0,0,0,0,NA,NA,NA,NA,NA,NA,NA,NA,0,0,0,0,NA,NA,NA,NA,NA
"Manfred Grühn","c755d6cb-3955-11ef-a162-157c9bc18a5f",NA,NA,1971,"10/22/1971","82a52dca-3960-11ef-a434-2906cc9fb6bc","away","Hamburger SV","VfL Lübeck-Schwartau",13,11,TRUE,0,NA,NA,0,0,0,NA,0,0,0,0,0,0,NA,NA,NA,NA,NA,NA,NA,NA,0,0,0,0,NA,NA,NA,NA,NA
"Hans-Jörg Graeper","964d8ebc-3955-11ef-a25b-292be3190b7b",NA,NA,1971,"10/22/1971","83e0be6c-3960-11ef-97c0-2906cc9fb6bc","home","THW Kiel","TSB Flensburg",15,9,TRUE,4,NA,NA,0,0,0,NA,0,0,0,0,0,0,NA,NA,NA,NA,NA,NA,NA,NA,0,0,0,0,NA,NA,NA,NA,NA
"Gerd Welz","98273a90-3955-11ef-a3a2-292be3190b7b",NA,NA,1971,"10/22/1971","83e0be6c-3960-11ef-97c0-2906cc9fb6bc","home","THW Kiel","TSB Flensburg",15,9,TRUE,1,NA,NA,0,0,0,NA,0,0,0,0,0,0,NA,NA,NA,NA,NA,NA,NA,NA,0,0,0,0,NA,NA,NA,NA,NA
"Volker Harbs","9995a6f3-3955-11ef-b74f-292be3190b7b",NA,NA,1971,"10/22/1971","83e0be6c-3960-11ef-97c0-2906cc9fb6bc","home","THW Kiel","TSB Flensburg",15,9,TRUE,1,NA,NA,0,0,1,NA,0,0,0,0,0,0,NA,NA,NA,NA,NA,NA,NA,NA,0,0,0,0,NA,NA,NA,NA,NA
"Peter Werk","b0784d6e-3955-11ef-9a85-a36230ada079",NA,NA,1971,"10/22/1971","83e0be6c-3960-11ef-97c0-2906cc9fb6bc","home","THW Kiel","TSB Flensburg",15,9,TRUE,0,NA,NA,0,0,0,NA,0,0,0,0,0,0,NA,NA,NA,NA,NA,NA,NA,NA,0,0,0,0,NA,NA,NA,NA,NA
"Herwig Ahrendsen","b143192b-3955-11ef-bef0-a36230ada079",NA,NA,1971,"10/22/1971","83e0be6c-3960-11ef-97c0-2906cc9fb6bc","home","THW Kiel","TSB Flensburg",15,9,TRUE,1,NA,NA,0,0,0,NA,0,0,0,0,0,0,NA,NA,NA,NA,NA,NA,NA,NA,0,0,0,0,NA,NA,NA,NA,NA
"Bernd Nielsen","b1480d2c-3955-11ef-8563-a36230ada079",NA,NA,1971,"10/22/1971","83e0be6c-3960-11ef-97c0-2906cc9fb6bc","home","THW Kiel","TSB Flensburg",15,9,TRUE,4,NA,NA,0,0,2,NA,0,0,0,0,0,0,NA,NA,NA,NA,NA,NA,NA,NA,0,0,0,0,NA,NA,NA,NA,NA
"Hartwig Moll","b14ce7d8-3955-11ef-8cb5-a36230ada079",NA,NA,1971,"10/22/1971","83e0be6c-3960-11ef-97c0-2906cc9fb6bc","home","THW Kiel","TSB Flensburg",15,9,TRUE,1,NA,NA,0,0,0,NA,0,0,0,0,0,0,NA,NA,NA,NA,NA,NA,NA,NA,0,0,0,0,NA,NA,NA,NA,NA
"Rainer Voigt","c7c742a9-3955-11ef-b542-157c9bc18a5f",NA,NA,1971,"10/22/1971","83e0be6c-3960-11ef-97c0-2906cc9fb6bc","home","THW Kiel","TSB Flensburg",15,9,TRUE,0,NA,NA,0,0,0,NA,0,0,0,0,0,0,NA,NA,NA,NA,NA,NA,NA,NA,0,0,0,0,NA,NA,NA,NA,NA
"Dieter Baguhn","c7cbf017-3955-11ef-b1f7-157c9bc18a5f",NA,NA,1971,"10/22/1971","83e0be6c-3960-11ef-97c0-2906cc9fb6bc","home","THW Kiel","TSB Flensburg",15,9,TRUE,1,NA,NA,0,0,0,NA,0,0,0,0,0,0,NA,NA,NA,NA,NA,NA,NA,NA,0,0,0,0,NA,NA,NA,NA,NA
"Bernd Struck","c7d4c3a5-3955-11ef-a743-157c9bc18a5f",NA,NA,1971,"10/22/1971","83e0be6c-3960-11ef-97c0-2906cc9fb6bc","home","THW Kiel","TSB Flensburg",15,9,TRUE,2,NA,NA,0,0,0,NA,0,0,0,0,0,0,NA,NA,NA,NA,NA,NA,NA,NA,0,0,0,0,NA,NA,NA,NA,NA
"Hans-Joachim Krüger","989303b8-3955-11ef-ac0a-292be3190b7b",NA,NA,1971,"10/22/1971","83e0be6c-3960-11ef-97c0-2906cc9fb6bc","away","TSB Flensburg","THW Kiel",9,15,FALSE,1,NA,NA,0,0,0,NA,0,0,0,0,0,0,NA,NA,NA,NA,NA,NA,NA,NA,0,0,0,0,NA,NA,NA,NA,NA
"Helmut Wolff","c8c361d9-3955-11ef-b16f-157c9bc18a5f",NA,NA,1971,"10/22/1971","83e0be6c-3960-11ef-97c0-2906cc9fb6bc","away","TSB Flensburg","THW Kiel",9,15,FALSE,0,NA,NA,0,0,0,NA,0,0,0,0,0,0,NA,NA,NA,NA,NA,NA,NA,NA,0,0,0,0,NA,NA,NA,NA,NA
"Sönke Voß","c8c872dc-3955-11ef-8979-157c9bc18a5f",NA,NA,1971,"10/22/1971","83e0be6c-3960-11ef-97c0-2906cc9fb6bc","away","TSB Flensburg","THW Kiel",9,15,FALSE,2,NA,NA,0,0,0,NA,0,0,0,0,0,0,NA,NA,NA,NA,NA,NA,NA,NA,0,0,0,0,NA,NA,NA,NA,NA
"Trutz Kob","c8ccf221-3955-11ef-8f6f-157c9bc18a5f",NA,NA,1971,"10/22/1971","83e0be6c-3960-11ef-97c0-2906cc9fb6bc","away","TSB Flensburg","THW Kiel",9,15,FALSE,1,NA,NA,0,0,0,NA,0,0,0,0,0,0,NA,NA,NA,NA,NA,NA,NA,NA,0,0,0,0,NA,NA,NA,NA,NA
"Dieter Liesch","c8d1ab08-3955-11ef-bf4b-157c9bc18a5f",NA,NA,1971,"10/22/1971","83e0be6c-3960-11ef-97c0-2906cc9fb6bc","away","TSB Flensburg","THW Kiel",9,15,FALSE,2,NA,NA,0,0,1,NA,0,0,0,0,0,0,NA,NA,NA,NA,NA,NA,NA,NA,0,0,0,0,NA,NA,NA,NA,NA
"Gerhard Brast","c8d5c599-3955-11ef-8eef-157c9bc18a5f",NA,NA,1971,"10/22/1971","83e0be6c-3960-11ef-97c0-2906cc9fb6bc","away","TSB Flensburg","THW Kiel",9,15,FALSE,1,NA,NA,0,0,0,NA,0,0,0,0,0,0,NA,NA,NA,NA,NA,NA,NA,NA,0,0,0,0,NA,NA,NA,NA,NA
"Günter Jensen","c8d9f473-3955-11ef-9c30-157c9bc18a5f",NA,NA,1971,"10/22/1971","83e0be6c-3960-11ef-97c0-2906cc9fb6bc","away","TSB Flensburg","THW Kiel",9,15,FALSE,1,NA,NA,0,0,0,NA,0,0,0,0,0,0,NA,NA,NA,NA,NA,NA,NA,NA,0,0,0,0,NA,NA,NA,NA,NA
"Rolf Asmussen","c8e24957-3955-11ef-86ce-157c9bc18a5f",NA,NA,1971,"10/22/1971","83e0be6c-3960-11ef-97c0-2906cc9fb6bc","away","TSB Flensburg","THW Kiel",9,15,FALSE,1,NA,NA,0,0,0,NA,0,0,0,0,0,0,NA,NA,NA,NA,NA,NA,NA,NA,0,0,0,0,NA,NA,NA,NA,NA
"Knud Börnsen","c8e6ee04-3955-11ef-bb81-157c9bc18a5f",NA,NA,1971,"10/22/1971","83e0be6c-3960-11ef-97c0-2906cc9fb6bc","away","TSB Flensburg","THW Kiel",9,15,FALSE,0,NA,NA,0,0,0,NA,0,0,0,0,0,0,NA,NA,NA,NA,NA,NA,NA,NA,0,0,0,0,NA,NA,NA,NA,NA
"Hans-Jürgen Zastera","c8eb73c1-3955-11ef-bb77-157c9bc18a5f",NA,NA,1971,"10/22/1971","83e0be6c-3960-11ef-97c0-2906cc9fb6bc","away","TSB Flensburg","THW Kiel",9,15,FALSE,0,NA,NA,0,0,0,NA,0,0,0,0,0,0,NA,NA,NA,NA,NA,NA,NA,NA,0,0,0,0,NA,NA,NA,NA,NA
"Uwe Dahlinger","c8ef76f2-3955-11ef-add0-157c9bc18a5f",NA,NA,1971,"10/22/1971","83e0be6c-3960-11ef-97c0-2906cc9fb6bc","away","TSB Flensburg","THW Kiel",9,15,FALSE,0,NA,NA,0,0,0,NA,0,0,0,0,0,0,NA,NA,NA,NA,NA,NA,NA,NA,0,0,0,0,NA,NA,NA,NA,NA
"Klaus Westebbe","8c58f63a-3955-11ef-b65e-81dc40648355",NA,NA,1971,"10/23/1971","80b5dad9-3960-11ef-bbcc-2906cc9fb6bc","home","VfL Gummersbach","SC Phönix Essen 1920",18,10,TRUE,4,NA,NA,0,0,2,NA,0,0,0,0,0,0,NA,NA,NA,NA,NA,NA,NA,NA,0,0,0,0,NA,NA,NA,NA,NA
"Klaus Kater","8da1f6ef-3955-11ef-b31a-81dc40648355",NA,NA,1971,"10/23/1971","80b5dad9-3960-11ef-bbcc-2906cc9fb6bc","home","VfL Gummersbach","SC Phönix Essen 1920",18,10,TRUE,0,NA,NA,0,0,0,NA,0,0,0,0,0,0,NA,NA,NA,NA,NA,NA,NA,NA,0,0,0,0,NA,NA,NA,NA,NA
"Klaus Schlagheck","97a06613-3955-11ef-8056-292be3190b7b",NA,NA,1971,"10/23/1971","80b5dad9-3960-11ef-bbcc-2906cc9fb6bc","home","VfL Gummersbach","SC Phönix Essen 1920",18,10,TRUE,2,NA,NA,0,0,0,NA,0,0,0,0,0,0,NA,NA,NA,NA,NA,NA,NA,NA,0,0,0,0,NA,NA,NA,NA,NA
"Ralf Hamann","a28aa62f-3955-11ef-9677-2510cc07ea6e",NA,NA,1971,"10/23/1971","80b5dad9-3960-11ef-bbcc-2906cc9fb6bc","home","VfL Gummersbach","SC Phönix Essen 1920",18,10,TRUE,0,NA,NA,0,0,0,NA,0,0,0,0,0,0,NA,NA,NA,NA,NA,NA,NA,NA,0,0,0,0,NA,NA,NA,NA,NA
"Ulrich Ufer","a2c8cfa8-3955-11ef-8510-2510cc07ea6e",NA,NA,1971,"10/23/1971","80b5dad9-3960-11ef-bbcc-2906cc9fb6bc","home","VfL Gummersbach","SC Phönix Essen 1920",18,10,TRUE,3,NA,NA,0,0,1,NA,0,0,0,0,0,0,NA,NA,NA,NA,NA,NA,NA,NA,0,0,0,0,NA,NA,NA,NA,NA
"Jochen Feldhoff","a32751a5-3955-11ef-badf-2510cc07ea6e",NA,NA,1971,"10/23/1971","80b5dad9-3960-11ef-bbcc-2906cc9fb6bc","home","VfL Gummersbach","SC Phönix Essen 1920",18,10,TRUE,1,NA,NA,0,0,0,NA,0,0,0,0,0,0,NA,NA,NA,NA,NA,NA,NA,NA,0,0,0,0,NA,NA,NA,NA,NA
"Helmut Keller","ae2fb2ba-3955-11ef-b38f-a36230ada079",NA,NA,1971,"10/23/1971","80b5dad9-3960-11ef-bbcc-2906cc9fb6bc","home","VfL Gummersbach","SC Phönix Essen 1920",18,10,TRUE,0,NA,NA,0,0,0,NA,0,0,0,0,0,0,NA,NA,NA,NA,NA,NA,NA,NA,0,0,0,0,NA,NA,NA,NA,NA
"Hans-Günther Schmidt","aff5702f-3955-11ef-9878-a36230ada079",NA,NA,1971,"10/23/1971","80b5dad9-3960-11ef-bbcc-2906cc9fb6bc","home","VfL Gummersbach","SC Phönix Essen 1920",18,10,TRUE,8,NA,NA,0,0,0,NA,0,0,0,0,0,0,NA,NA,NA,NA,NA,NA,NA,NA,0,0,0,0,NA,NA,NA,NA,NA
"Jochen Brand","ba44375c-3955-11ef-a5d6-ab397f561917",NA,NA,1971,"10/23/1971","80b5dad9-3960-11ef-bbcc-2906cc9fb6bc","home","VfL Gummersbach","SC Phönix Essen 1920",18,10,TRUE,0,NA,NA,0,0,0,NA,0,0,0,0,0,0,NA,NA,NA,NA,NA,NA,NA,NA,0,0,0,0,NA,NA,NA,NA,NA
"Uwe Braunschweig","ba4aaa94-3955-11ef-be97-ab397f561917",NA,NA,1971,"10/23/1971","80b5dad9-3960-11ef-bbcc-2906cc9fb6bc","home","VfL Gummersbach","SC Phönix Essen 1920",18,10,TRUE,0,NA,NA,0,0,0,NA,0,0,0,0,0,0,NA,NA,NA,NA,NA,NA,NA,NA,0,0,0,0,NA,NA,NA,NA,NA
"Bruno Zay","bce5dbb8-3955-11ef-ac9b-ab397f561917",NA,NA,1971,"10/23/1971","80b5dad9-3960-11ef-bbcc-2906cc9fb6bc","home","VfL Gummersbach","SC Phönix Essen 1920",18,10,TRUE,0,NA,NA,0,0,0,NA,0,0,0,0,0,0,NA,NA,NA,NA,NA,NA,NA,NA,0,0,0,0,NA,NA,NA,NA,NA
"Gerhard Leiste","c735d7ed-3955-11ef-b576-157c9bc18a5f",NA,NA,1971,"10/23/1971","80b5dad9-3960-11ef-bbcc-2906cc9fb6bc","home","VfL Gummersbach","SC Phönix Essen 1920",18,10,TRUE,0,NA,NA,0,0,0,NA,0,0,0,0,0,0,NA,NA,NA,NA,NA,NA,NA,NA,0,0,0,0,NA,NA,NA,NA,NA
"Ulrich Eikermann","73a211c9-3955-11ef-8f8f-51fdf2a82730",NA,NA,1971,"10/23/1971","80b5dad9-3960-11ef-bbcc-2906cc9fb6bc","away","SC Phönix Essen 1920","VfL Gummersbach",10,18,FALSE,3,NA,NA,0,0,0,NA,0,0,0,0,0,0,NA,NA,NA,NA,NA,NA,NA,NA,0,0,0,0,NA,NA,NA,NA,NA
"Werner Kühn","a5a83923-3955-11ef-abc5-2510cc07ea6e",NA,NA,1971,"10/23/1971","80b5dad9-3960-11ef-bbcc-2906cc9fb6bc","away","SC Phönix Essen 1920","VfL Gummersbach",10,18,FALSE,0,NA,NA,0,0,0,NA,0,0,0,0,0,0,NA,NA,NA,NA,NA,NA,NA,NA,0,0,0,0,NA,NA,NA,NA,NA
"Norbert Meister","a610e086-3955-11ef-bf85-2510cc07ea6e",NA,NA,1971,"10/23/1971","80b5dad9-3960-11ef-bbcc-2906cc9fb6bc","away","SC Phönix Essen 1920","VfL Gummersbach",10,18,FALSE,0,NA,NA,0,0,0,NA,0,0,0,0,0,0,NA,NA,NA,NA,NA,NA,NA,NA,0,0,0,0,NA,NA,NA,NA,NA
"Rüdiger Hillebrand","b0c11a9c-3955-11ef-bf0d-a36230ada079",NA,NA,1971,"10/23/1971","80b5dad9-3960-11ef-bbcc-2906cc9fb6bc","away","SC Phönix Essen 1920","VfL Gummersbach",10,18,FALSE,0,NA,NA,0,0,0,NA,0,0,0,0,0,0,NA,NA,NA,NA,NA,NA,NA,NA,0,0,0,0,NA,NA,NA,NA,NA
"Bernd Tolksdorf","bae02284-3955-11ef-b577-ab397f561917",NA,NA,1971,"10/23/1971","80b5dad9-3960-11ef-bbcc-2906cc9fb6bc","away","SC Phönix Essen 1920","VfL Gummersbach",10,18,FALSE,0,NA,NA,0,0,0,NA,0,0,0,0,0,0,NA,NA,NA,NA,NA,NA,NA,NA,0,0,0,0,NA,NA,NA,NA,NA
"Norbert Kroker","bd441662-3955-11ef-b771-ab397f561917",NA,NA,1971,"10/23/1971","80b5dad9-3960-11ef-bbcc-2906cc9fb6bc","away","SC Phönix Essen 1920","VfL Gummersbach",10,18,FALSE,1,NA,NA,0,0,0,NA,0,0,0,0,0,0,NA,NA,NA,NA,NA,NA,NA,NA,0,0,0,0,NA,NA,NA,NA,NA
"Michael Hattig","bd52f5b1-3955-11ef-ba0c-ab397f561917",NA,NA,1971,"10/23/1971","80b5dad9-3960-11ef-bbcc-2906cc9fb6bc","away","SC Phönix Essen 1920","VfL Gummersbach",10,18,FALSE,2,NA,NA,0,0,1,NA,0,0,0,0,0,0,NA,NA,NA,NA,NA,NA,NA,NA,0,0,0,0,NA,NA,NA,NA,NA
"Herbert Buschmann","bd5ac595-3955-11ef-97f0-ab397f561917",NA,NA,1971,"10/23/1971","80b5dad9-3960-11ef-bbcc-2906cc9fb6bc","away","SC Phönix Essen 1920","VfL Gummersbach",10,18,FALSE,0,NA,NA,0,0,0,NA,0,0,0,0,0,0,NA,NA,NA,NA,NA,NA,NA,NA,0,0,0,0,NA,NA,NA,NA,NA
"Andrija Kotlas","bde016f5-3955-11ef-b96c-ab397f561917",NA,NA,1971,"10/23/1971","80b5dad9-3960-11ef-bbcc-2906cc9fb6bc","away","SC Phönix Essen 1920","VfL Gummersbach",10,18,FALSE,1,NA,NA,0,0,0,NA,0,0,0,0,0,0,NA,NA,NA,NA,NA,NA,NA,NA,0,0,0,0,NA,NA,NA,NA,NA
"Carl-Bernd Behler","c79d213f-3955-11ef-a773-157c9bc18a5f",NA,NA,1971,"10/23/1971","80b5dad9-3960-11ef-bbcc-2906cc9fb6bc","away","SC Phönix Essen 1920","VfL Gummersbach",10,18,FALSE,1,NA,NA,0,0,0,NA,0,0,0,0,0,0,NA,NA,NA,NA,NA,NA,NA,NA,0,0,0,0,NA,NA,NA,NA,NA
"Ernst Weise","c90cdba3-3955-11ef-b068-157c9bc18a5f",NA,NA,1971,"10/23/1971","80b5dad9-3960-11ef-bbcc-2906cc9fb6bc","away","SC Phönix Essen 1920","VfL Gummersbach",10,18,FALSE,2,NA,NA,0,0,0,NA,0,0,0,0,0,0,NA,NA,NA,NA,NA,NA,NA,NA,0,0,0,0,NA,NA,NA,NA,NA
"Jochen Generotzki","c918430a-3955-11ef-bc40-157c9bc18a5f",NA,NA,1971,"10/23/1971","80b5dad9-3960-11ef-bbcc-2906cc9fb6bc","away","SC Phönix Essen 1920","VfL Gummersbach",10,18,FALSE,0,NA,NA,0,0,0,NA,0,0,0,0,0,0,NA,NA,NA,NA,NA,NA,NA,NA,0,0,0,0,NA,NA,NA,NA,NA
"Robert Becker","ae8c50f9-3955-11ef-91c4-a36230ada079",NA,NA,1971,"10/23/1971","851370cc-3960-11ef-ba0f-2906cc9fb6bc","home","TV Hochdorf","TSV 1896 Rintheim",13,13,FALSE,2,NA,NA,0,0,0,NA,0,0,0,0,0,0,NA,NA,NA,NA,NA,NA,NA,NA,0,0,0,0,NA,NA,NA,NA,NA
"Jürgen Hahn","ae947745-3955-11ef-bc54-a36230ada079",NA,NA,1971,"10/23/1971","851370cc-3960-11ef-ba0f-2906cc9fb6bc","home","TV Hochdorf","TSV 1896 Rintheim",13,13,FALSE,4,NA,NA,0,0,0,NA,0,0,0,0,0,0,NA,NA,NA,NA,NA,NA,NA,NA,0,0,0,0,NA,NA,NA,NA,NA
"Wilfried Job","af3ed007-3955-11ef-9184-a36230ada079",NA,NA,1971,"10/23/1971","851370cc-3960-11ef-ba0f-2906cc9fb6bc","home","TV Hochdorf","TSV 1896 Rintheim",13,13,FALSE,1,NA,NA,0,0,0,NA,0,0,0,0,0,0,NA,NA,NA,NA,NA,NA,NA,NA,0,0,0,0,NA,NA,NA,NA,NA
"Hans Stein","bde4861d-3955-11ef-a14e-ab397f561917",NA,NA,1971,"10/23/1971","851370cc-3960-11ef-ba0f-2906cc9fb6bc","home","TV Hochdorf","TSV 1896 Rintheim",13,13,FALSE,0,NA,NA,0,0,0,NA,0,0,0,0,0,0,NA,NA,NA,NA,NA,NA,NA,NA,0,0,0,0,NA,NA,NA,NA,NA
"Hans Schmitz","c9354efe-3955-11ef-b77a-157c9bc18a5f",NA,NA,1971,"10/23/1971","851370cc-3960-11ef-ba0f-2906cc9fb6bc","home","TV Hochdorf","TSV 1896 Rintheim",13,13,FALSE,0,NA,NA,0,0,0,NA,0,0,0,0,0,0,NA,NA,NA,NA,NA,NA,NA,NA,0,0,0,0,NA,NA,NA,NA,NA
"Werner Häfele","c9414487-3955-11ef-a5df-157c9bc18a5f",NA,NA,1971,"10/23/1971","851370cc-3960-11ef-ba0f-2906cc9fb6bc","home","TV Hochdorf","TSV 1896 Rintheim",13,13,FALSE,1,NA,NA,0,0,1,NA,0,0,0,0,0,0,NA,NA,NA,NA,NA,NA,NA,NA,0,0,0,0,NA,NA,NA,NA,NA
"Peter Frisch","c94a46b7-3955-11ef-8686-157c9bc18a5f",NA,NA,1971,"10/23/1971","851370cc-3960-11ef-ba0f-2906cc9fb6bc","home","TV Hochdorf","TSV 1896 Rintheim",13,13,FALSE,1,NA,NA,0,0,0,NA,0,0,0,0,0,0,NA,NA,NA,NA,NA,NA,NA,NA,0,0,0,0,NA,NA,NA,NA,NA
"Karl Schotter","c94ebb91-3955-11ef-9ec3-157c9bc18a5f",NA,NA,1971,"10/23/1971","851370cc-3960-11ef-ba0f-2906cc9fb6bc","home","TV Hochdorf","TSV 1896 Rintheim",13,13,FALSE,0,NA,NA,0,0,0,NA,0,0,0,0,0,0,NA,NA,NA,NA,NA,NA,NA,NA,0,0,0,0,NA,NA,NA,NA,NA
"Josef Ehmann","c957db2c-3955-11ef-b766-157c9bc18a5f",NA,NA,1971,"10/23/1971","851370cc-3960-11ef-ba0f-2906cc9fb6bc","home","TV Hochdorf","TSV 1896 Rintheim",13,13,FALSE,0,NA,NA,0,0,0,NA,0,0,0,0,0,0,NA,NA,NA,NA,NA,NA,NA,NA,0,0,0,0,NA,NA,NA,NA,NA
"Gerhard Gaiser","7fd4e3db-3955-11ef-b327-b908c60af10a",NA,NA,1971,"10/23/1971","851370cc-3960-11ef-ba0f-2906cc9fb6bc","away","TSV 1896 Rintheim","TV Hochdorf",13,13,FALSE,3,NA,NA,0,0,0,NA,0,0,0,0,0,0,NA,NA,NA,NA,NA,NA,NA,NA,0,0,0,0,NA,NA,NA,NA,NA
"Wolf-Dieter Nagel","8d41486b-3955-11ef-8d22-81dc40648355",NA,NA,1971,"10/23/1971","851370cc-3960-11ef-ba0f-2906cc9fb6bc","away","TSV 1896 Rintheim","TV Hochdorf",13,13,FALSE,3,NA,NA,0,0,1,NA,0,0,0,0,0,0,NA,NA,NA,NA,NA,NA,NA,NA,0,0,0,0,NA,NA,NA,NA,NA
"Franz Bechler","98035d7e-3955-11ef-8b94-292be3190b7b",NA,NA,1971,"10/23/1971","851370cc-3960-11ef-ba0f-2906cc9fb6bc","away","TSV 1896 Rintheim","TV Hochdorf",13,13,FALSE,0,NA,NA,0,0,0,NA,0,0,0,0,0,0,NA,NA,NA,NA,NA,NA,NA,NA,0,0,0,0,NA,NA,NA,NA,NA
"Bernd Seibel","bc6670d9-3955-11ef-b849-ab397f561917",NA,NA,1971,"10/23/1971","851370cc-3960-11ef-ba0f-2906cc9fb6bc","away","TSV 1896 Rintheim","TV Hochdorf",13,13,FALSE,1,NA,NA,0,0,0,NA,0,0,0,0,0,0,NA,NA,NA,NA,NA,NA,NA,NA,0,0,0,0,NA,NA,NA,NA,NA
"Wolfgang Dillenberger","bc6a40c8-3955-11ef-8c9f-ab397f561917",NA,NA,1971,"10/23/1971","851370cc-3960-11ef-ba0f-2906cc9fb6bc","away","TSV 1896 Rintheim","TV Hochdorf",13,13,FALSE,2,NA,NA,0,0,0,NA,0,0,0,0,0,0,NA,NA,NA,NA,NA,NA,NA,NA,0,0,0,0,NA,NA,NA,NA,NA
"Richard Baumer","c6e9de45-3955-11ef-b5bf-157c9bc18a5f",NA,NA,1971,"10/23/1971","851370cc-3960-11ef-ba0f-2906cc9fb6bc","away","TSV 1896 Rintheim","TV Hochdorf",13,13,FALSE,0,NA,NA,0,0,0,NA,0,0,0,0,0,0,NA,NA,NA,NA,NA,NA,NA,NA,0,0,0,0,NA,NA,NA,NA,NA
"Roland Schubach","c8722d8e-3955-11ef-b351-157c9bc18a5f",NA,NA,1971,"10/23/1971","851370cc-3960-11ef-ba0f-2906cc9fb6bc","away","TSV 1896 Rintheim","TV Hochdorf",13,13,FALSE,0,NA,NA,0,0,0,NA,0,0,0,0,0,0,NA,NA,NA,NA,NA,NA,NA,NA,0,0,0,0,NA,NA,NA,NA,NA
"Siegfried Brabec","c87758a1-3955-11ef-9dbd-157c9bc18a5f",NA,NA,1971,"10/23/1971","851370cc-3960-11ef-ba0f-2906cc9fb6bc","away","TSV 1896 Rintheim","TV Hochdorf",13,13,FALSE,1,NA,NA,0,0,0,NA,0,0,0,0,0,0,NA,NA,NA,NA,NA,NA,NA,NA,0,0,0,0,NA,NA,NA,NA,NA
"Josef Bechler","c88a53f3-3955-11ef-bd99-157c9bc18a5f",NA,NA,1971,"10/23/1971","851370cc-3960-11ef-ba0f-2906cc9fb6bc","away","TSV 1896 Rintheim","TV Hochdorf",13,13,FALSE,2,NA,NA,0,0,0,NA,0,0,0,0,0,0,NA,NA,NA,NA,NA,NA,NA,NA,0,0,0,0,NA,NA,NA,NA,NA
"Rolf-Eberhard Jaeger","c9bde9a1-3955-11ef-9a50-157c9bc18a5f",NA,NA,1971,"10/23/1971","851370cc-3960-11ef-ba0f-2906cc9fb6bc","away","TSV 1896 Rintheim","TV Hochdorf",13,13,FALSE,1,NA,NA,0,0,0,NA,0,0,0,0,0,0,NA,NA,NA,NA,NA,NA,NA,NA,0,0,0,0,NA,NA,NA,NA,NA
"Manfred Schulz","8bc2b5ea-3955-11ef-8d03-81dc40648355",NA,NA,1971,"10/23/1971","8bc350fe-3960-11ef-9c9d-9b08c5d4c173","home","S3L Handball","FRISCH AUF! Göppingen",15,18,FALSE,0,NA,NA,0,0,0,NA,0,0,0,0,0,0,NA,NA,NA,NA,NA,NA,NA,NA,0,0,0,0,NA,NA,NA,NA,NA
"Rolf Kuchenbecker","ae99100e-3955-11ef-9c32-a36230ada079",NA,NA,1971,"10/23/1971","8bc350fe-3960-11ef-9c9d-9b08c5d4c173","home","S3L Handball","FRISCH AUF! Göppingen",15,18,FALSE,1,NA,NA,0,0,0,NA,0,0,0,0,0,0,NA,NA,NA,NA,NA,NA,NA,NA,0,0,0,0,NA,NA,NA,NA,NA
"Hansjörg Jäck","b166bd31-3955-11ef-bed1-a36230ada079",NA,NA,1971,"10/23/1971","8bc350fe-3960-11ef-9c9d-9b08c5d4c173","home","S3L Handball","FRISCH AUF! Göppingen",15,18,FALSE,0,NA,NA,0,0,0,NA,0,0,0,0,0,0,NA,NA,NA,NA,NA,NA,NA,NA,0,0,0,0,NA,NA,NA,NA,NA
"Jens Schmitt","bb8d4110-3955-11ef-8fb2-ab397f561917",NA,NA,1971,"10/23/1971","8bc350fe-3960-11ef-9c9d-9b08c5d4c173","home","S3L Handball","FRISCH AUF! Göppingen",15,18,FALSE,2,NA,NA,0,0,0,NA,0,0,0,0,0,0,NA,NA,NA,NA,NA,NA,NA,NA,0,0,0,0,NA,NA,NA,NA,NA
"Werner Pruscha","bb9c8e56-3955-11ef-ac18-ab397f561917",NA,NA,1971,"10/23/1971","8bc350fe-3960-11ef-9c9d-9b08c5d4c173","home","S3L Handball","FRISCH AUF! Göppingen",15,18,FALSE,0,NA,NA,0,0,0,NA,0,0,0,0,0,0,NA,NA,NA,NA,NA,NA,NA,NA,0,0,0,0,NA,NA,NA,NA,NA
"Wolfhardt Bühler","bba2fc92-3955-11ef-a8d6-ab397f561917",NA,NA,1971,"10/23/1971","8bc350fe-3960-11ef-9c9d-9b08c5d4c173","home","S3L Handball","FRISCH AUF! Göppingen",15,18,FALSE,1,NA,NA,0,0,0,NA,0,0,0,0,0,0,NA,NA,NA,NA,NA,NA,NA,NA,0,0,0,0,NA,NA,NA,NA,NA
"Wolfgang Ries","bba77d9e-3955-11ef-939a-ab397f561917",NA,NA,1971,"10/23/1971","8bc350fe-3960-11ef-9c9d-9b08c5d4c173","home","S3L Handball","FRISCH AUF! Göppingen",15,18,FALSE,0,NA,NA,0,0,0,NA,0,0,0,0,0,0,NA,NA,NA,NA,NA,NA,NA,NA,0,0,0,0,NA,NA,NA,NA,NA
"Arno Schandin","bded1584-3955-11ef-8a76-ab397f561917",NA,NA,1971,"10/23/1971","8bc350fe-3960-11ef-9c9d-9b08c5d4c173","home","S3L Handball","FRISCH AUF! Göppingen",15,18,FALSE,4,NA,NA,0,0,0,NA,0,0,0,0,0,0,NA,NA,NA,NA,NA,NA,NA,NA,0,0,0,0,NA,NA,NA,NA,NA
"Herbert Hönnige","c7e7cc14-3955-11ef-af0e-157c9bc18a5f",NA,NA,1971,"10/23/1971","8bc350fe-3960-11ef-9c9d-9b08c5d4c173","home","S3L Handball","FRISCH AUF! Göppingen",15,18,FALSE,4,NA,NA,0,0,1,NA,0,0,0,0,0,0,NA,NA,NA,NA,NA,NA,NA,NA,0,0,0,0,NA,NA,NA,NA,NA
"Jürgen Plambeck","c95d267b-3955-11ef-9a98-157c9bc18a5f",NA,NA,1971,"10/23/1971","8bc350fe-3960-11ef-9c9d-9b08c5d4c173","home","S3L Handball","FRISCH AUF! Göppingen",15,18,FALSE,0,NA,NA,0,0,0,NA,0,0,0,0,0,0,NA,NA,NA,NA,NA,NA,NA,NA,0,0,0,0,NA,NA,NA,NA,NA
"Josef Hutter","c96148ae-3955-11ef-a005-157c9bc18a5f",NA,NA,1971,"10/23/1971","8bc350fe-3960-11ef-9c9d-9b08c5d4c173","home","S3L Handball","FRISCH AUF! Göppingen",15,18,FALSE,0,NA,NA,0,0,0,NA,0,0,0,0,0,0,NA,NA,NA,NA,NA,NA,NA,NA,0,0,0,0,NA,NA,NA,NA,NA
"Rolf Seltner","c96574fc-3955-11ef-a37f-157c9bc18a5f",NA,NA,1971,"10/23/1971","8bc350fe-3960-11ef-9c9d-9b08c5d4c173","home","S3L Handball","FRISCH AUF! Göppingen",15,18,FALSE,3,NA,NA,0,0,1,NA,0,0,0,0,0,0,NA,NA,NA,NA,NA,NA,NA,NA,0,0,0,0,NA,NA,NA,NA,NA
"Peter Bucher","8e0071c9-3955-11ef-8ff8-81dc40648355",NA,NA,1971,"10/23/1971","8bc350fe-3960-11ef-9c9d-9b08c5d4c173","away","FRISCH AUF! Göppingen","S3L Handball",18,15,TRUE,5,NA,NA,0,0,1,NA,0,0,0,0,0,0,NA,NA,NA,NA,NA,NA,NA,NA,0,0,0,0,NA,NA,NA,NA,NA
"Max Müller","99453a6b-3955-11ef-84c2-292be3190b7b",NA,NA,1971,"10/23/1971","8bc350fe-3960-11ef-9c9d-9b08c5d4c173","away","FRISCH AUF! Göppingen","S3L Handball",18,15,TRUE,2,NA,NA,0,0,2,NA,0,0,0,0,0,0,NA,NA,NA,NA,NA,NA,NA,NA,0,0,0,0,NA,NA,NA,NA,NA
"Werner Fischer","af3a0885-3955-11ef-a884-a36230ada079",NA,NA,1971,"10/23/1971","8bc350fe-3960-11ef-9c9d-9b08c5d4c173","away","FRISCH AUF! Göppingen","S3L Handball",18,15,TRUE,0,NA,NA,0,0,0,NA,0,0,0,0,0,0,NA,NA,NA,NA,NA,NA,NA,NA,0,0,0,0,NA,NA,NA,NA,NA
"Hans Brodbeck","b1f00cc3-3955-11ef-b4c9-a36230ada079",NA,NA,1971,"10/23/1971","8bc350fe-3960-11ef-9c9d-9b08c5d4c173","away","FRISCH AUF! Göppingen","S3L Handball",18,15,TRUE,0,NA,NA,0,0,0,NA,0,0,0,0,0,0,NA,NA,NA,NA,NA,NA,NA,NA,0,0,0,0,NA,NA,NA,NA,NA
"Detlef Groß","b20edee3-3955-11ef-9e14-a36230ada079",NA,NA,1971,"10/23/1971","8bc350fe-3960-11ef-9c9d-9b08c5d4c173","away","FRISCH AUF! Göppingen","S3L Handball",18,15,TRUE,0,NA,NA,0,0,0,NA,0,0,0,0,0,0,NA,NA,NA,NA,NA,NA,NA,NA,0,0,0,0,NA,NA,NA,NA,NA
"Paul Epple","bc8167af-3955-11ef-8748-ab397f561917",NA,NA,1971,"10/23/1971","8bc350fe-3960-11ef-9c9d-9b08c5d4c173","away","FRISCH AUF! Göppingen","S3L Handball",18,15,TRUE,6,NA,NA,0,0,0,NA,0,0,0,0,0,0,NA,NA,NA,NA,NA,NA,NA,NA,0,0,0,0,NA,NA,NA,NA,NA
"Walter Pflüger","bc85cdbc-3955-11ef-8e24-ab397f561917",NA,NA,1971,"10/23/1971","8bc350fe-3960-11ef-9c9d-9b08c5d4c173","away","FRISCH AUF! Göppingen","S3L Handball",18,15,TRUE,1,NA,NA,0,0,0,NA,0,0,0,0,0,0,NA,NA,NA,NA,NA,NA,NA,NA,0,0,0,0,NA,NA,NA,NA,NA
"Werner Arndt","c71116e0-3955-11ef-85d3-157c9bc18a5f",NA,NA,1971,"10/23/1971","8bc350fe-3960-11ef-9c9d-9b08c5d4c173","away","FRISCH AUF! Göppingen","S3L Handball",18,15,TRUE,1,NA,NA,0,0,0,NA,0,0,0,0,0,0,NA,NA,NA,NA,NA,NA,NA,NA,0,0,0,0,NA,NA,NA,NA,NA
"Christian Patzer","c715a1de-3955-11ef-bc54-157c9bc18a5f",NA,NA,1971,"10/23/1971","8bc350fe-3960-11ef-9c9d-9b08c5d4c173","away","FRISCH AUF! Göppingen","S3L Handball",18,15,TRUE,1,NA,NA,0,0,0,NA,0,0,0,0,0,0,NA,NA,NA,NA,NA,NA,NA,NA,0,0,0,0,NA,NA,NA,NA,NA
"Uwe Rathjen","c898158b-3955-11ef-82cb-157c9bc18a5f",NA,NA,1971,"10/23/1971","8bc350fe-3960-11ef-9c9d-9b08c5d4c173","away","FRISCH AUF! Göppingen","S3L Handball",18,15,TRUE,0,NA,NA,0,0,0,NA,0,0,0,0,0,0,NA,NA,NA,NA,NA,NA,NA,NA,0,0,0,0,NA,NA,NA,NA,NA
"Armin Eisele","c9cc4c1b-3955-11ef-9f9f-157c9bc18a5f",NA,NA,1971,"10/23/1971","8bc350fe-3960-11ef-9c9d-9b08c5d4c173","away","FRISCH AUF! Göppingen","S3L Handball",18,15,TRUE,1,NA,NA,0,0,0,NA,0,0,0,0,0,0,NA,NA,NA,NA,NA,NA,NA,NA,0,0,0,0,NA,NA,NA,NA,NA
"Günter Schweikardt","d3e60b79-3953-11ef-9e8c-e3f2de03a1b7",NA,NA,1971,"10/23/1971","8bc350fe-3960-11ef-9c9d-9b08c5d4c173","away","FRISCH AUF! Göppingen","S3L Handball",18,15,TRUE,1,NA,NA,0,0,0,NA,0,0,0,0,0,0,NA,NA,NA,NA,NA,NA,NA,NA,0,0,0,0,NA,NA,NA,NA,NA
"Kurt Klühspies","5ac3e7d7-3955-11ef-b574-4fa817cd91bb",NA,NA,1971,"10/23/1971","8c7c49d6-3960-11ef-945d-9b08c5d4c173","home","TV Großwallstadt","SpVgg 1887 Möhringen",27,12,TRUE,2,NA,NA,0,0,0,NA,0,0,0,0,0,0,NA,NA,NA,NA,NA,NA,NA,NA,0,0,0,0,NA,NA,NA,NA,NA
"Manfred Hofmann","6855eb0b-3955-11ef-8cb3-292be3190b7b",NA,NA,1971,"10/23/1971","8c7c49d6-3960-11ef-945d-9b08c5d4c173","home","TV Großwallstadt","SpVgg 1887 Möhringen",27,12,TRUE,0,NA,NA,0,0,0,NA,0,0,0,0,0,0,NA,NA,NA,NA,NA,NA,NA,NA,0,0,0,0,NA,NA,NA,NA,NA
"Manfred Schwarz","96d98e53-3955-11ef-a3c9-292be3190b7b",NA,NA,1971,"10/23/1971","8c7c49d6-3960-11ef-945d-9b08c5d4c173","home","TV Großwallstadt","SpVgg 1887 Möhringen",27,12,TRUE,2,NA,NA,0,0,0,NA,0,0,0,0,0,0,NA,NA,NA,NA,NA,NA,NA,NA,0,0,0,0,NA,NA,NA,NA,NA
"Wolfgang Dümig","978dc3fc-3955-11ef-b042-292be3190b7b",NA,NA,1971,"10/23/1971","8c7c49d6-3960-11ef-945d-9b08c5d4c173","home","TV Großwallstadt","SpVgg 1887 Möhringen",27,12,TRUE,1,NA,NA,0,0,0,NA,0,0,0,0,0,0,NA,NA,NA,NA,NA,NA,NA,NA,0,0,0,0,NA,NA,NA,NA,NA
"Eckhardt Suffel","aeac0503-3955-11ef-88c6-a36230ada079",NA,NA,1971,"10/23/1971","8c7c49d6-3960-11ef-945d-9b08c5d4c173","home","TV Großwallstadt","SpVgg 1887 Möhringen",27,12,TRUE,1,NA,NA,0,0,0,NA,0,0,0,0,0,0,NA,NA,NA,NA,NA,NA,NA,NA,0,0,0,0,NA,NA,NA,NA,NA
"Peter Kuß","bbc18adb-3955-11ef-a5f7-ab397f561917",NA,NA,1971,"10/23/1971","8c7c49d6-3960-11ef-945d-9b08c5d4c173","home","TV Großwallstadt","SpVgg 1887 Möhringen",27,12,TRUE,1,NA,NA,0,0,0,NA,0,0,0,0,0,0,NA,NA,NA,NA,NA,NA,NA,NA,0,0,0,0,NA,NA,NA,NA,NA
"Rainer Oberle","be123408-3955-11ef-92a6-ab397f561917",NA,NA,1971,"10/23/1971","8c7c49d6-3960-11ef-945d-9b08c5d4c173","home","TV Großwallstadt","SpVgg 1887 Möhringen",27,12,TRUE,6,NA,NA,0,0,0,NA,0,0,0,0,0,0,NA,NA,NA,NA,NA,NA,NA,NA,0,0,0,0,NA,NA,NA,NA,NA
"Josef Karrer","be167639-3955-11ef-ac70-ab397f561917",NA,NA,1971,"10/23/1971","8c7c49d6-3960-11ef-945d-9b08c5d4c173","home","TV Großwallstadt","SpVgg 1887 Möhringen",27,12,TRUE,10,NA,NA,0,0,0,NA,0,0,0,0,0,0,NA,NA,NA,NA,NA,NA,NA,NA,0,0,0,0,NA,NA,NA,NA,NA
"Arthur Lichtlein","c7f5ba49-3955-11ef-827c-157c9bc18a5f",NA,NA,1971,"10/23/1971","8c7c49d6-3960-11ef-945d-9b08c5d4c173","home","TV Großwallstadt","SpVgg 1887 Möhringen",27,12,TRUE,0,NA,NA,0,0,0,NA,0,0,0,0,0,0,NA,NA,NA,NA,NA,NA,NA,NA,0,0,0,0,NA,NA,NA,NA,NA
"Klaus Klühspies","c9723883-3955-11ef-b2da-157c9bc18a5f",NA,NA,1971,"10/23/1971","8c7c49d6-3960-11ef-945d-9b08c5d4c173","home","TV Großwallstadt","SpVgg 1887 Möhringen",27,12,TRUE,2,NA,NA,0,0,0,NA,0,0,0,0,0,0,NA,NA,NA,NA,NA,NA,NA,NA,0,0,0,0,NA,NA,NA,NA,NA
"Hans Amberg","c976a145-3955-11ef-9331-157c9bc18a5f",NA,NA,1971,"10/23/1971","8c7c49d6-3960-11ef-945d-9b08c5d4c173","home","TV Großwallstadt","SpVgg 1887 Möhringen",27,12,TRUE,2,NA,NA,0,0,0,NA,0,0,0,0,0,0,NA,NA,NA,NA,NA,NA,NA,NA,0,0,0,0,NA,NA,NA,NA,NA
"Wolfgang Stolz","999eb14b-3955-11ef-bbce-292be3190b7b",NA,NA,1971,"10/23/1971","8c7c49d6-3960-11ef-945d-9b08c5d4c173","away","SpVgg 1887 Möhringen","TV Großwallstadt",12,27,FALSE,1,NA,NA,0,0,0,NA,0,0,0,0,0,0,NA,NA,NA,NA,NA,NA,NA,NA,0,0,0,0,NA,NA,NA,NA,NA
"Hermann Mäurle","a44f95e3-3955-11ef-b53d-2510cc07ea6e",NA,NA,1971,"10/23/1971","8c7c49d6-3960-11ef-945d-9b08c5d4c173","away","SpVgg 1887 Möhringen","TV Großwallstadt",12,27,FALSE,4,NA,NA,0,0,0,NA,0,0,0,0,0,0,NA,NA,NA,NA,NA,NA,NA,NA,0,0,0,0,NA,NA,NA,NA,NA
"Wolf-Dieter Rösner","c82bae19-3955-11ef-a06e-157c9bc18a5f",NA,NA,1971,"10/23/1971","8c7c49d6-3960-11ef-945d-9b08c5d4c173","away","SpVgg 1887 Möhringen","TV Großwallstadt",12,27,FALSE,0,NA,NA,0,0,0,NA,0,0,0,0,0,0,NA,NA,NA,NA,NA,NA,NA,NA,0,0,0,0,NA,NA,NA,NA,NA
"Manfred Schreiber","c83032c3-3955-11ef-80c1-157c9bc18a5f",NA,NA,1971,"10/23/1971","8c7c49d6-3960-11ef-945d-9b08c5d4c173","away","SpVgg 1887 Möhringen","TV Großwallstadt",12,27,FALSE,0,NA,NA,0,0,0,NA,0,0,0,0,0,0,NA,NA,NA,NA,NA,NA,NA,NA,0,0,0,0,NA,NA,NA,NA,NA
"Karl-Heinz Wolf","c8354cdd-3955-11ef-a1d6-157c9bc18a5f",NA,NA,1971,"10/23/1971","8c7c49d6-3960-11ef-945d-9b08c5d4c173","away","SpVgg 1887 Möhringen","TV Großwallstadt",12,27,FALSE,2,NA,NA,0,0,0,NA,0,0,0,0,0,0,NA,NA,NA,NA,NA,NA,NA,NA,0,0,0,0,NA,NA,NA,NA,NA
"Gerd-Volker Stock","c8397c3c-3955-11ef-af12-157c9bc18a5f",NA,NA,1971,"10/23/1971","8c7c49d6-3960-11ef-945d-9b08c5d4c173","away","SpVgg 1887 Möhringen","TV Großwallstadt",12,27,FALSE,1,NA,NA,0,0,0,NA,0,0,0,0,0,0,NA,NA,NA,NA,NA,NA,NA,NA,0,0,0,0,NA,NA,NA,NA,NA
"Folker Baur","c83d9af6-3955-11ef-9e5e-157c9bc18a5f",NA,NA,1971,"10/23/1971","8c7c49d6-3960-11ef-945d-9b08c5d4c173","away","SpVgg 1887 Möhringen","TV Großwallstadt",12,27,FALSE,0,NA,NA,0,0,0,NA,0,0,0,0,0,0,NA,NA,NA,NA,NA,NA,NA,NA,0,0,0,0,NA,NA,NA,NA,NA
"Dieter Schuh","c84c4c54-3955-11ef-9d35-157c9bc18a5f",NA,NA,1971,"10/23/1971","8c7c49d6-3960-11ef-945d-9b08c5d4c173","away","SpVgg 1887 Möhringen","TV Großwallstadt",12,27,FALSE,2,NA,NA,0,0,0,NA,0,0,0,0,0,0,NA,NA,NA,NA,NA,NA,NA,NA,0,0,0,0,NA,NA,NA,NA,NA
"Lothar Scheffel","c850996c-3955-11ef-94a7-157c9bc18a5f",NA,NA,1971,"10/23/1971","8c7c49d6-3960-11ef-945d-9b08c5d4c173","away","SpVgg 1887 Möhringen","TV Großwallstadt",12,27,FALSE,1,NA,NA,0,0,0,NA,0,0,0,0,0,0,NA,NA,NA,NA,NA,NA,NA,NA,0,0,0,0,NA,NA,NA,NA,NA
"Robert Bach","c85fda21-3955-11ef-9bd8-157c9bc18a5f",NA,NA,1971,"10/23/1971","8c7c49d6-3960-11ef-945d-9b08c5d4c173","away","SpVgg 1887 Möhringen","TV Großwallstadt",12,27,FALSE,0,NA,NA,0,0,0,NA,0,0,0,0,0,0,NA,NA,NA,NA,NA,NA,NA,NA,0,0,0,0,NA,NA,NA,NA,NA
"Karl-Heinz Steinbach","c864fc61-3955-11ef-bc13-157c9bc18a5f",NA,NA,1971,"10/23/1971","8c7c49d6-3960-11ef-945d-9b08c5d4c173","away","SpVgg 1887 Möhringen","TV Großwallstadt",12,27,FALSE,1,NA,NA,0,0,0,NA,0,0,0,0,0,0,NA,NA,NA,NA,NA,NA,NA,NA,0,0,0,0,NA,NA,NA,NA,NA
"Wolfgang Schall","c869381d-3955-11ef-a2ed-157c9bc18a5f",NA,NA,1971,"10/23/1971","8c7c49d6-3960-11ef-945d-9b08c5d4c173","away","SpVgg 1887 Möhringen","TV Großwallstadt",12,27,FALSE,0,NA,NA,0,0,0,NA,0,0,0,0,0,0,NA,NA,NA,NA,NA,NA,NA,NA,0,0,0,0,NA,NA,NA,NA,NA
"Peter Fenn","96d23185-3955-11ef-bbcf-292be3190b7b",NA,NA,1971,"10/23/1971","8d098a83-3960-11ef-817d-9b08c5d4c173","home","SG Dietzenbach","TSV Milbertshofen",16,16,FALSE,0,NA,NA,0,0,0,NA,0,0,0,0,0,0,NA,NA,NA,NA,NA,NA,NA,NA,0,0,0,0,NA,NA,NA,NA,NA
"Herbert Wehnert","96e104db-3955-11ef-b58d-292be3190b7b",NA,NA,1971,"10/23/1971","8d098a83-3960-11ef-817d-9b08c5d4c173","home","SG Dietzenbach","TSV Milbertshofen",16,16,FALSE,4,NA,NA,0,0,0,NA,0,0,0,0,0,0,NA,NA,NA,NA,NA,NA,NA,NA,0,0,0,0,NA,NA,NA,NA,NA
"Manfred Merk","a2e89182-3955-11ef-b7cf-2510cc07ea6e",NA,NA,1971,"10/23/1971","8d098a83-3960-11ef-817d-9b08c5d4c173","home","SG Dietzenbach","TSV Milbertshofen",16,16,FALSE,1,NA,NA,0,0,0,NA,0,0,0,0,0,0,NA,NA,NA,NA,NA,NA,NA,NA,0,0,0,0,NA,NA,NA,NA,NA
"Heinrich Baum","af2c6c48-3955-11ef-964a-a36230ada079",NA,NA,1971,"10/23/1971","8d098a83-3960-11ef-817d-9b08c5d4c173","home","SG Dietzenbach","TSV Milbertshofen",16,16,FALSE,4,NA,NA,0,0,0,NA,0,0,0,0,0,0,NA,NA,NA,NA,NA,NA,NA,NA,0,0,0,0,NA,NA,NA,NA,NA
"Klaus Rettig","b1d1aa4c-3955-11ef-baf9-a36230ada079",NA,NA,1971,"10/23/1971","8d098a83-3960-11ef-817d-9b08c5d4c173","home","SG Dietzenbach","TSV Milbertshofen",16,16,FALSE,1,NA,NA,0,0,0,NA,0,0,0,0,0,0,NA,NA,NA,NA,NA,NA,NA,NA,0,0,0,0,NA,NA,NA,NA,NA
"Werner Conrad","b1d9e0f0-3955-11ef-8356-a36230ada079",NA,NA,1971,"10/23/1971","8d098a83-3960-11ef-817d-9b08c5d4c173","home","SG Dietzenbach","TSV Milbertshofen",16,16,FALSE,0,NA,NA,0,0,0,NA,0,0,0,0,0,0,NA,NA,NA,NA,NA,NA,NA,NA,0,0,0,0,NA,NA,NA,NA,NA
"Peter Eckert","c67b9c79-3955-11ef-8f02-157c9bc18a5f",NA,NA,1971,"10/23/1971","8d098a83-3960-11ef-817d-9b08c5d4c173","home","SG Dietzenbach","TSV Milbertshofen",16,16,FALSE,3,NA,NA,0,0,0,NA,0,0,0,0,0,0,NA,NA,NA,NA,NA,NA,NA,NA,0,0,0,0,NA,NA,NA,NA,NA
"Norbert Kern","c6961a09-3955-11ef-8bcc-157c9bc18a5f",NA,NA,1971,"10/23/1971","8d098a83-3960-11ef-817d-9b08c5d4c173","home","SG Dietzenbach","TSV Milbertshofen",16,16,FALSE,0,NA,NA,0,0,0,NA,0,0,0,0,0,0,NA,NA,NA,NA,NA,NA,NA,NA,0,0,0,0,NA,NA,NA,NA,NA
"Günther Rebel","c808988c-3955-11ef-af62-157c9bc18a5f",NA,NA,1971,"10/23/1971","8d098a83-3960-11ef-817d-9b08c5d4c173","home","SG Dietzenbach","TSV Milbertshofen",16,16,FALSE,3,NA,NA,0,0,3,NA,0,0,0,0,0,0,NA,NA,NA,NA,NA,NA,NA,NA,0,0,0,0,NA,NA,NA,NA,NA
"Hans Moser","7e83ce46-3955-11ef-830d-b908c60af10a",NA,NA,1971,"10/23/1971","8d098a83-3960-11ef-817d-9b08c5d4c173","away","TSV Milbertshofen","SG Dietzenbach",16,16,FALSE,1,NA,NA,0,0,0,NA,0,0,0,0,0,0,NA,NA,NA,NA,NA,NA,NA,NA,0,0,0,0,NA,NA,NA,NA,NA
"Werner Winkelmeier","9712104e-3955-11ef-9613-292be3190b7b",NA,NA,1971,"10/23/1971","8d098a83-3960-11ef-817d-9b08c5d4c173","away","TSV Milbertshofen","SG Dietzenbach",16,16,FALSE,0,NA,NA,0,0,0,NA,0,0,0,0,0,0,NA,NA,NA,NA,NA,NA,NA,NA,0,0,0,0,NA,NA,NA,NA,NA
"Josef Kiener","972d7d47-3955-11ef-a437-292be3190b7b",NA,NA,1971,"10/23/1971","8d098a83-3960-11ef-817d-9b08c5d4c173","away","TSV Milbertshofen","SG Dietzenbach",16,16,FALSE,5,NA,NA,0,0,3,NA,0,0,0,0,0,0,NA,NA,NA,NA,NA,NA,NA,NA,0,0,0,0,NA,NA,NA,NA,NA
"Rudolf Dobler","97ac407c-3955-11ef-9ea9-292be3190b7b",NA,NA,1971,"10/23/1971","8d098a83-3960-11ef-817d-9b08c5d4c173","away","TSV Milbertshofen","SG Dietzenbach",16,16,FALSE,0,NA,NA,0,0,0,NA,0,0,0,0,0,0,NA,NA,NA,NA,NA,NA,NA,NA,0,0,0,0,NA,NA,NA,NA,NA
"Helmut Schelchshorn","b1c960ef-3955-11ef-850b-a36230ada079",NA,NA,1971,"10/23/1971","8d098a83-3960-11ef-817d-9b08c5d4c173","away","TSV Milbertshofen","SG Dietzenbach",16,16,FALSE,0,NA,NA,0,0,0,NA,0,0,0,0,0,0,NA,NA,NA,NA,NA,NA,NA,NA,0,0,0,0,NA,NA,NA,NA,NA
"Peter Feddern","bc1b1b3e-3955-11ef-9c4e-ab397f561917",NA,NA,1971,"10/23/1971","8d098a83-3960-11ef-817d-9b08c5d4c173","away","TSV Milbertshofen","SG Dietzenbach",16,16,FALSE,1,NA,NA,0,0,0,NA,0,0,0,0,0,0,NA,NA,NA,NA,NA,NA,NA,NA,0,0,0,0,NA,NA,NA,NA,NA
"Herbert Staiger","c81d1d7c-3955-11ef-b36f-157c9bc18a5f",NA,NA,1971,"10/23/1971","8d098a83-3960-11ef-817d-9b08c5d4c173","away","TSV Milbertshofen","SG Dietzenbach",16,16,FALSE,2,NA,NA,0,0,1,NA,0,0,0,0,0,0,NA,NA,NA,NA,NA,NA,NA,NA,0,0,0,0,NA,NA,NA,NA,NA
"Karl Donndorf","c821c668-3955-11ef-a20c-157c9bc18a5f",NA,NA,1971,"10/23/1971","8d098a83-3960-11ef-817d-9b08c5d4c173","away","TSV Milbertshofen","SG Dietzenbach",16,16,FALSE,2,NA,NA,0,0,0,NA,0,0,0,0,0,0,NA,NA,NA,NA,NA,NA,NA,NA,0,0,0,0,NA,NA,NA,NA,NA
"Erich Loderer","c9a2ad0a-3955-11ef-9f7e-157c9bc18a5f",NA,NA,1971,"10/23/1971","8d098a83-3960-11ef-817d-9b08c5d4c173","away","TSV Milbertshofen","SG Dietzenbach",16,16,FALSE,3,NA,NA,0,0,0,NA,0,0,0,0,0,0,NA,NA,NA,NA,NA,NA,NA,NA,0,0,0,0,NA,NA,NA,NA,NA
"Olaf Hoemke","c9a6b7e4-3955-11ef-a408-157c9bc18a5f",NA,NA,1971,"10/23/1971","8d098a83-3960-11ef-817d-9b08c5d4c173","away","TSV Milbertshofen","SG Dietzenbach",16,16,FALSE,2,NA,NA,0,0,0,NA,0,0,0,0,0,0,NA,NA,NA,NA,NA,NA,NA,NA,0,0,0,0,NA,NA,NA,NA,NA
"Karl-Heinz Schulz","72847241-3955-11ef-8bd4-51fdf2a82730",NA,NA,1971,"10/24/1971","81be9f2d-3960-11ef-8009-2906cc9fb6bc","home","TuS 05 Wellinghofen","GWD Minden",17,13,TRUE,3,NA,NA,0,0,0,NA,0,0,0,0,0,0,NA,NA,NA,NA,NA,NA,NA,NA,0,0,0,0,NA,NA,NA,NA,NA
"Heiner Möller","8d7571e4-3955-11ef-b1d3-81dc40648355",NA,NA,1971,"10/24/1971","81be9f2d-3960-11ef-8009-2906cc9fb6bc","home","TuS 05 Wellinghofen","GWD Minden",17,13,TRUE,3,NA,NA,0,0,0,NA,0,0,0,0,0,0,NA,NA,NA,NA,NA,NA,NA,NA,0,0,0,0,NA,NA,NA,NA,NA
"Hans-Peter Neuhaus","8d9d3887-3955-11ef-80a3-81dc40648355",NA,NA,1971,"10/24/1971","81be9f2d-3960-11ef-8009-2906cc9fb6bc","home","TuS 05 Wellinghofen","GWD Minden",17,13,TRUE,2,NA,NA,0,0,2,NA,0,0,0,0,0,0,NA,NA,NA,NA,NA,NA,NA,NA,0,0,0,0,NA,NA,NA,NA,NA
"Rainer Gosewinkel","a4d61156-3955-11ef-8406-2510cc07ea6e",NA,NA,1971,"10/24/1971","81be9f2d-3960-11ef-8009-2906cc9fb6bc","home","TuS 05 Wellinghofen","GWD Minden",17,13,TRUE,1,NA,NA,0,0,0,NA,0,0,0,0,0,0,NA,NA,NA,NA,NA,NA,NA,NA,0,0,0,0,NA,NA,NA,NA,NA
"Klaus Erwe","a4f54a19-3955-11ef-b48a-2510cc07ea6e",NA,NA,1971,"10/24/1971","81be9f2d-3960-11ef-8009-2906cc9fb6bc","home","TuS 05 Wellinghofen","GWD Minden",17,13,TRUE,0,NA,NA,0,0,0,NA,0,0,0,0,0,0,NA,NA,NA,NA,NA,NA,NA,NA,0,0,0,0,NA,NA,NA,NA,NA
"Herbert Schmidt","a5127cc5-3955-11ef-b405-2510cc07ea6e",NA,NA,1971,"10/24/1971","81be9f2d-3960-11ef-8009-2906cc9fb6bc","home","TuS 05 Wellinghofen","GWD Minden",17,13,TRUE,2,NA,NA,0,0,0,NA,0,0,0,0,0,0,NA,NA,NA,NA,NA,NA,NA,NA,0,0,0,0,NA,NA,NA,NA,NA
"Burkhard Gröning","a52c6e4f-3955-11ef-a576-2510cc07ea6e",NA,NA,1971,"10/24/1971","81be9f2d-3960-11ef-8009-2906cc9fb6bc","home","TuS 05 Wellinghofen","GWD Minden",17,13,TRUE,3,NA,NA,0,0,0,NA,0,0,0,0,0,0,NA,NA,NA,NA,NA,NA,NA,NA,0,0,0,0,NA,NA,NA,NA,NA
"Heinz Oberscheidt","a5ae94f2-3955-11ef-91fc-2510cc07ea6e",NA,NA,1971,"10/24/1971","81be9f2d-3960-11ef-8009-2906cc9fb6bc","home","TuS 05 Wellinghofen","GWD Minden",17,13,TRUE,2,NA,NA,0,0,0,NA,0,0,0,0,0,0,NA,NA,NA,NA,NA,NA,NA,NA,0,0,0,0,NA,NA,NA,NA,NA
"Hans-Jürgen Sengera","ba7fae8e-3955-11ef-80e4-ab397f561917",NA,NA,1971,"10/24/1971","81be9f2d-3960-11ef-8009-2906cc9fb6bc","home","TuS 05 Wellinghofen","GWD Minden",17,13,TRUE,0,NA,NA,0,0,0,NA,0,0,0,0,0,0,NA,NA,NA,NA,NA,NA,NA,NA,0,0,0,0,NA,NA,NA,NA,NA
"Burkhardt Eckardt","c76d08cb-3955-11ef-8fa7-157c9bc18a5f",NA,NA,1971,"10/24/1971","81be9f2d-3960-11ef-8009-2906cc9fb6bc","home","TuS 05 Wellinghofen","GWD Minden",17,13,TRUE,0,NA,NA,0,0,0,NA,0,0,0,0,0,0,NA,NA,NA,NA,NA,NA,NA,NA,0,0,0,0,NA,NA,NA,NA,NA
"Klaus Linnemann","c773ab8c-3955-11ef-96ba-157c9bc18a5f",NA,NA,1971,"10/24/1971","81be9f2d-3960-11ef-8009-2906cc9fb6bc","home","TuS 05 Wellinghofen","GWD Minden",17,13,TRUE,1,NA,NA,0,0,0,NA,0,0,0,0,0,0,NA,NA,NA,NA,NA,NA,NA,NA,0,0,0,0,NA,NA,NA,NA,NA
"Hans-Jürgen Sulk","7ff6b175-3955-11ef-a103-b908c60af10a",NA,NA,1971,"10/24/1971","81be9f2d-3960-11ef-8009-2906cc9fb6bc","away","GWD Minden","TuS 05 Wellinghofen",13,17,FALSE,2,NA,NA,0,0,0,NA,0,0,0,0,0,0,NA,NA,NA,NA,NA,NA,NA,NA,0,0,0,0,NA,NA,NA,NA,NA
"Bernhard Busch","8dc9280f-3955-11ef-80e2-81dc40648355",NA,NA,1971,"10/24/1971","81be9f2d-3960-11ef-8009-2906cc9fb6bc","away","GWD Minden","TuS 05 Wellinghofen",13,17,FALSE,0,NA,NA,0,0,0,NA,0,0,0,0,0,0,NA,NA,NA,NA,NA,NA,NA,NA,0,0,0,0,NA,NA,NA,NA,NA
"Hans Kramer","98f50290-3955-11ef-8aa8-292be3190b7b",NA,NA,1971,"10/24/1971","81be9f2d-3960-11ef-8009-2906cc9fb6bc","away","GWD Minden","TuS 05 Wellinghofen",13,17,FALSE,3,NA,NA,0,0,0,NA,0,0,0,0,0,0,NA,NA,NA,NA,NA,NA,NA,NA,0,0,0,0,NA,NA,NA,NA,NA
"Wilfried Meyer","a34b2aa0-3955-11ef-a79c-2510cc07ea6e",NA,NA,1971,"10/24/1971","81be9f2d-3960-11ef-8009-2906cc9fb6bc","away","GWD Minden","TuS 05 Wellinghofen",13,17,FALSE,0,NA,NA,0,0,0,NA,0,0,0,0,0,0,NA,NA,NA,NA,NA,NA,NA,NA,0,0,0,0,NA,NA,NA,NA,NA
"Bernd Munck","ba5ee5e3-3955-11ef-9f80-ab397f561917",NA,NA,1971,"10/24/1971","81be9f2d-3960-11ef-8009-2906cc9fb6bc","away","GWD Minden","TuS 05 Wellinghofen",13,17,FALSE,3,NA,NA,0,0,0,NA,0,0,0,0,0,0,NA,NA,NA,NA,NA,NA,NA,NA,0,0,0,0,NA,NA,NA,NA,NA
"Wilfried Drögemeier","ba63ada7-3955-11ef-a04d-ab397f561917",NA,NA,1971,"10/24/1971","81be9f2d-3960-11ef-8009-2906cc9fb6bc","away","GWD Minden","TuS 05 Wellinghofen",13,17,FALSE,1,NA,NA,0,0,0,NA,0,0,0,0,0,0,NA,NA,NA,NA,NA,NA,NA,NA,0,0,0,0,NA,NA,NA,NA,NA
"Klaus Barlach","bcee5b38-3955-11ef-a026-ab397f561917",NA,NA,1971,"10/24/1971","81be9f2d-3960-11ef-8009-2906cc9fb6bc","away","GWD Minden","TuS 05 Wellinghofen",13,17,FALSE,0,NA,NA,0,0,0,NA,0,0,0,0,0,0,NA,NA,NA,NA,NA,NA,NA,NA,0,0,0,0,NA,NA,NA,NA,NA
"Otto Weng","bcfbec1c-3955-11ef-b4f4-ab397f561917",NA,NA,1971,"10/24/1971","81be9f2d-3960-11ef-8009-2906cc9fb6bc","away","GWD Minden","TuS 05 Wellinghofen",13,17,FALSE,3,NA,NA,0,0,0,NA,0,0,0,0,0,0,NA,NA,NA,NA,NA,NA,NA,NA,0,0,0,0,NA,NA,NA,NA,NA
"Burkhard Krocker","bcffdc62-3955-11ef-b52a-ab397f561917",NA,NA,1971,"10/24/1971","81be9f2d-3960-11ef-8009-2906cc9fb6bc","away","GWD Minden","TuS 05 Wellinghofen",13,17,FALSE,1,NA,NA,0,0,0,NA,0,0,0,0,0,0,NA,NA,NA,NA,NA,NA,NA,NA,0,0,0,0,NA,NA,NA,NA,NA
"Jürgen Buhrmester","c747ff25-3955-11ef-9695-157c9bc18a5f",NA,NA,1971,"10/24/1971","81be9f2d-3960-11ef-8009-2906cc9fb6bc","away","GWD Minden","TuS 05 Wellinghofen",13,17,FALSE,0,NA,NA,0,0,0,NA,0,0,0,0,0,0,NA,NA,NA,NA,NA,NA,NA,NA,0,0,0,0,NA,NA,NA,NA,NA
"Manfred Horstkötter","c8a23936-3955-11ef-9884-157c9bc18a5f",NA,NA,1971,"10/24/1971","81be9f2d-3960-11ef-8009-2906cc9fb6bc","away","GWD Minden","TuS 05 Wellinghofen",13,17,FALSE,0,NA,NA,0,0,0,NA,0,0,0,0,0,0,NA,NA,NA,NA,NA,NA,NA,NA,0,0,0,0,NA,NA,NA,NA,NA
"Manfred Schulz","8bc2b5ea-3955-11ef-8d03-81dc40648355",NA,NA,1971,"10/29/1971","8bd20168-3960-11ef-b234-9b08c5d4c173","home","S3L Handball","SG Dietzenbach",15,17,FALSE,0,NA,NA,0,0,0,NA,0,0,0,0,0,0,NA,NA,NA,NA,NA,NA,NA,NA,0,0,0,0,NA,NA,NA,NA,NA
"Georg Fitz","ae68320c-3955-11ef-89fa-a36230ada079",NA,NA,1971,"10/29/1971","8bd20168-3960-11ef-b234-9b08c5d4c173","home","S3L Handball","SG Dietzenbach",15,17,FALSE,0,NA,NA,0,0,0,NA,0,0,0,0,0,0,NA,NA,NA,NA,NA,NA,NA,NA,0,0,0,0,NA,NA,NA,NA,NA
"Rolf Kuchenbecker","ae99100e-3955-11ef-9c32-a36230ada079",NA,NA,1971,"10/29/1971","8bd20168-3960-11ef-b234-9b08c5d4c173","home","S3L Handball","SG Dietzenbach",15,17,FALSE,1,NA,NA,0,0,0,NA,0,0,0,0,0,0,NA,NA,NA,NA,NA,NA,NA,NA,0,0,0,0,NA,NA,NA,NA,NA
"Hansjörg Jäck","b166bd31-3955-11ef-bed1-a36230ada079",NA,NA,1971,"10/29/1971","8bd20168-3960-11ef-b234-9b08c5d4c173","home","S3L Handball","SG Dietzenbach",15,17,FALSE,0,NA,NA,0,0,0,NA,0,0,0,0,0,0,NA,NA,NA,NA,NA,NA,NA,NA,0,0,0,0,NA,NA,NA,NA,NA
"Markus Hädrich","ba389acc-3955-11ef-8b9d-ab397f561917",NA,NA,1971,"10/29/1971","8bd20168-3960-11ef-b234-9b08c5d4c173","home","S3L Handball","SG Dietzenbach",15,17,FALSE,1,NA,NA,0,0,0,NA,0,0,0,0,0,0,NA,NA,NA,NA,NA,NA,NA,NA,0,0,0,0,NA,NA,NA,NA,NA
"Jens Schmitt","bb8d4110-3955-11ef-8fb2-ab397f561917",NA,NA,1971,"10/29/1971","8bd20168-3960-11ef-b234-9b08c5d4c173","home","S3L Handball","SG Dietzenbach",15,17,FALSE,0,NA,NA,0,0,0,NA,0,0,0,0,0,0,NA,NA,NA,NA,NA,NA,NA,NA,0,0,0,0,NA,NA,NA,NA,NA
"Werner Pruscha","bb9c8e56-3955-11ef-ac18-ab397f561917",NA,NA,1971,"10/29/1971","8bd20168-3960-11ef-b234-9b08c5d4c173","home","S3L Handball","SG Dietzenbach",15,17,FALSE,1,NA,NA,0,0,0,NA,0,0,0,0,0,0,NA,NA,NA,NA,NA,NA,NA,NA,0,0,0,0,NA,NA,NA,NA,NA
"Wolfhardt Bühler","bba2fc92-3955-11ef-a8d6-ab397f561917",NA,NA,1971,"10/29/1971","8bd20168-3960-11ef-b234-9b08c5d4c173","home","S3L Handball","SG Dietzenbach",15,17,FALSE,2,NA,NA,0,0,2,NA,0,0,0,0,0,0,NA,NA,NA,NA,NA,NA,NA,NA,0,0,0,0,NA,NA,NA,NA,NA
"Arno Schandin","bded1584-3955-11ef-8a76-ab397f561917",NA,NA,1971,"10/29/1971","8bd20168-3960-11ef-b234-9b08c5d4c173","home","S3L Handball","SG Dietzenbach",15,17,FALSE,2,NA,NA,0,0,0,NA,0,0,0,0,0,0,NA,NA,NA,NA,NA,NA,NA,NA,0,0,0,0,NA,NA,NA,NA,NA
"Herbert Hönnige","c7e7cc14-3955-11ef-af0e-157c9bc18a5f",NA,NA,1971,"10/29/1971","8bd20168-3960-11ef-b234-9b08c5d4c173","home","S3L Handball","SG Dietzenbach",15,17,FALSE,5,NA,NA,0,0,0,NA,0,0,0,0,0,0,NA,NA,NA,NA,NA,NA,NA,NA,0,0,0,0,NA,NA,NA,NA,NA
"Jürgen Plambeck","c95d267b-3955-11ef-9a98-157c9bc18a5f",NA,NA,1971,"10/29/1971","8bd20168-3960-11ef-b234-9b08c5d4c173","home","S3L Handball","SG Dietzenbach",15,17,FALSE,2,NA,NA,0,0,0,NA,0,0,0,0,0,0,NA,NA,NA,NA,NA,NA,NA,NA,0,0,0,0,NA,NA,NA,NA,NA
"Rolf Seltner","c96574fc-3955-11ef-a37f-157c9bc18a5f",NA,NA,1971,"10/29/1971","8bd20168-3960-11ef-b234-9b08c5d4c173","home","S3L Handball","SG Dietzenbach",15,17,FALSE,1,NA,NA,0,0,0,NA,0,0,0,0,0,0,NA,NA,NA,NA,NA,NA,NA,NA,0,0,0,0,NA,NA,NA,NA,NA
"Heinz-Theo Kaus","8086fdf9-3955-11ef-938f-b908c60af10a",NA,NA,1971,"10/29/1971","8bd20168-3960-11ef-b234-9b08c5d4c173","away","SG Dietzenbach","S3L Handball",17,15,TRUE,0,NA,NA,0,0,0,NA,0,0,0,0,0,0,NA,NA,NA,NA,NA,NA,NA,NA,0,0,0,0,NA,NA,NA,NA,NA
"Peter Fenn","96d23185-3955-11ef-bbcf-292be3190b7b",NA,NA,1971,"10/29/1971","8bd20168-3960-11ef-b234-9b08c5d4c173","away","SG Dietzenbach","S3L Handball",17,15,TRUE,1,NA,NA,0,0,0,NA,0,0,0,0,0,0,NA,NA,NA,NA,NA,NA,NA,NA,0,0,0,0,NA,NA,NA,NA,NA
"Herbert Wehnert","96e104db-3955-11ef-b58d-292be3190b7b",NA,NA,1971,"10/29/1971","8bd20168-3960-11ef-b234-9b08c5d4c173","away","SG Dietzenbach","S3L Handball",17,15,TRUE,3,NA,NA,0,0,0,NA,0,0,0,0,0,0,NA,NA,NA,NA,NA,NA,NA,NA,0,0,0,0,NA,NA,NA,NA,NA
"Manfred Merk","a2e89182-3955-11ef-b7cf-2510cc07ea6e",NA,NA,1971,"10/29/1971","8bd20168-3960-11ef-b234-9b08c5d4c173","away","SG Dietzenbach","S3L Handball",17,15,TRUE,4,NA,NA,0,0,0,NA,0,0,0,0,0,0,NA,NA,NA,NA,NA,NA,NA,NA,0,0,0,0,NA,NA,NA,NA,NA
"Heinrich Baum","af2c6c48-3955-11ef-964a-a36230ada079",NA,NA,1971,"10/29/1971","8bd20168-3960-11ef-b234-9b08c5d4c173","away","SG Dietzenbach","S3L Handball",17,15,TRUE,4,NA,NA,0,0,0,NA,0,0,0,0,0,0,NA,NA,NA,NA,NA,NA,NA,NA,0,0,0,0,NA,NA,NA,NA,NA
"Klaus Rettig","b1d1aa4c-3955-11ef-baf9-a36230ada079",NA,NA,1971,"10/29/1971","8bd20168-3960-11ef-b234-9b08c5d4c173","away","SG Dietzenbach","S3L Handball",17,15,TRUE,1,NA,NA,0,0,0,NA,0,0,0,0,0,0,NA,NA,NA,NA,NA,NA,NA,NA,0,0,0,0,NA,NA,NA,NA,NA
"Werner Conrad","b1d9e0f0-3955-11ef-8356-a36230ada079",NA,NA,1971,"10/29/1971","8bd20168-3960-11ef-b234-9b08c5d4c173","away","SG Dietzenbach","S3L Handball",17,15,TRUE,0,NA,NA,0,0,0,NA,0,0,0,0,0,0,NA,NA,NA,NA,NA,NA,NA,NA,0,0,0,0,NA,NA,NA,NA,NA
"Dieter Liebherr","bc97017d-3955-11ef-af25-ab397f561917",NA,NA,1971,"10/29/1971","8bd20168-3960-11ef-b234-9b08c5d4c173","away","SG Dietzenbach","S3L Handball",17,15,TRUE,0,NA,NA,0,0,0,NA,0,0,0,0,0,0,NA,NA,NA,NA,NA,NA,NA,NA,0,0,0,0,NA,NA,NA,NA,NA
"Peter Eckert","c67b9c79-3955-11ef-8f02-157c9bc18a5f",NA,NA,1971,"10/29/1971","8bd20168-3960-11ef-b234-9b08c5d4c173","away","SG Dietzenbach","S3L Handball",17,15,TRUE,1,NA,NA,0,0,0,NA,0,0,0,0,0,0,NA,NA,NA,NA,NA,NA,NA,NA,0,0,0,0,NA,NA,NA,NA,NA
"Norbert Kern","c6961a09-3955-11ef-8bcc-157c9bc18a5f",NA,NA,1971,"10/29/1971","8bd20168-3960-11ef-b234-9b08c5d4c173","away","SG Dietzenbach","S3L Handball",17,15,TRUE,2,NA,NA,0,0,0,NA,0,0,0,0,0,0,NA,NA,NA,NA,NA,NA,NA,NA,0,0,0,0,NA,NA,NA,NA,NA
"Günther Rebel","c808988c-3955-11ef-af62-157c9bc18a5f",NA,NA,1971,"10/29/1971","8bd20168-3960-11ef-b234-9b08c5d4c173","away","SG Dietzenbach","S3L Handball",17,15,TRUE,1,NA,NA,0,0,1,NA,0,0,0,0,0,0,NA,NA,NA,NA,NA,NA,NA,NA,0,0,0,0,NA,NA,NA,NA,NA
"Hans-Joachim Krüger","989303b8-3955-11ef-ac0a-292be3190b7b",NA,NA,1971,"10/30/1971","80c5b732-3960-11ef-ac1f-2906cc9fb6bc","home","TSB Flensburg","VfL Gummersbach",11,16,FALSE,3,NA,NA,0,0,1,NA,0,0,0,0,0,0,NA,NA,NA,NA,NA,NA,NA,NA,0,0,0,0,NA,NA,NA,NA,NA
"Ulrich Althoff","bb6c27f0-3955-11ef-9d06-ab397f561917",NA,NA,1971,"10/30/1971","80c5b732-3960-11ef-ac1f-2906cc9fb6bc","home","TSB Flensburg","VfL Gummersbach",11,16,FALSE,0,NA,NA,0,0,0,NA,0,0,0,0,0,0,NA,NA,NA,NA,NA,NA,NA,NA,0,0,0,0,NA,NA,NA,NA,NA
"Helmut Wolff","c8c361d9-3955-11ef-b16f-157c9bc18a5f",NA,NA,1971,"10/30/1971","80c5b732-3960-11ef-ac1f-2906cc9fb6bc","home","TSB Flensburg","VfL Gummersbach",11,16,FALSE,0,NA,NA,0,0,0,NA,0,0,0,0,0,0,NA,NA,NA,NA,NA,NA,NA,NA,0,0,0,0,NA,NA,NA,NA,NA
"Sönke Voß","c8c872dc-3955-11ef-8979-157c9bc18a5f",NA,NA,1971,"10/30/1971","80c5b732-3960-11ef-ac1f-2906cc9fb6bc","home","TSB Flensburg","VfL Gummersbach",11,16,FALSE,1,NA,NA,0,0,0,NA,0,0,0,0,0,0,NA,NA,NA,NA,NA,NA,NA,NA,0,0,0,0,NA,NA,NA,NA,NA
"Trutz Kob","c8ccf221-3955-11ef-8f6f-157c9bc18a5f",NA,NA,1971,"10/30/1971","80c5b732-3960-11ef-ac1f-2906cc9fb6bc","home","TSB Flensburg","VfL Gummersbach",11,16,FALSE,1,NA,NA,0,0,0,NA,0,0,0,0,0,0,NA,NA,NA,NA,NA,NA,NA,NA,0,0,0,0,NA,NA,NA,NA,NA
"Dieter Liesch","c8d1ab08-3955-11ef-bf4b-157c9bc18a5f",NA,NA,1971,"10/30/1971","80c5b732-3960-11ef-ac1f-2906cc9fb6bc","home","TSB Flensburg","VfL Gummersbach",11,16,FALSE,0,NA,NA,0,0,0,NA,0,0,0,0,0,0,NA,NA,NA,NA,NA,NA,NA,NA,0,0,0,0,NA,NA,NA,NA,NA
"Gerhard Brast","c8d5c599-3955-11ef-8eef-157c9bc18a5f",NA,NA,1971,"10/30/1971","80c5b732-3960-11ef-ac1f-2906cc9fb6bc","home","TSB Flensburg","VfL Gummersbach",11,16,FALSE,1,NA,NA,0,0,0,NA,0,0,0,0,0,0,NA,NA,NA,NA,NA,NA,NA,NA,0,0,0,0,NA,NA,NA,NA,NA
"Günter Jensen","c8d9f473-3955-11ef-9c30-157c9bc18a5f",NA,NA,1971,"10/30/1971","80c5b732-3960-11ef-ac1f-2906cc9fb6bc","home","TSB Flensburg","VfL Gummersbach",11,16,FALSE,1,NA,NA,0,0,0,NA,0,0,0,0,0,0,NA,NA,NA,NA,NA,NA,NA,NA,0,0,0,0,NA,NA,NA,NA,NA
"Rolf Asmussen","c8e24957-3955-11ef-86ce-157c9bc18a5f",NA,NA,1971,"10/30/1971","80c5b732-3960-11ef-ac1f-2906cc9fb6bc","home","TSB Flensburg","VfL Gummersbach",11,16,FALSE,3,NA,NA,0,0,0,NA,0,0,0,0,0,0,NA,NA,NA,NA,NA,NA,NA,NA,0,0,0,0,NA,NA,NA,NA,NA
"Knud Börnsen","c8e6ee04-3955-11ef-bb81-157c9bc18a5f",NA,NA,1971,"10/30/1971","80c5b732-3960-11ef-ac1f-2906cc9fb6bc","home","TSB Flensburg","VfL Gummersbach",11,16,FALSE,1,NA,NA,0,0,0,NA,0,0,0,0,0,0,NA,NA,NA,NA,NA,NA,NA,NA,0,0,0,0,NA,NA,NA,NA,NA
"Hans-Jürgen Zastera","c8eb73c1-3955-11ef-bb77-157c9bc18a5f",NA,NA,1971,"10/30/1971","80c5b732-3960-11ef-ac1f-2906cc9fb6bc","home","TSB Flensburg","VfL Gummersbach",11,16,FALSE,0,NA,NA,0,0,0,NA,0,0,0,0,0,0,NA,NA,NA,NA,NA,NA,NA,NA,0,0,0,0,NA,NA,NA,NA,NA
"Uwe Dahlinger","c8ef76f2-3955-11ef-add0-157c9bc18a5f",NA,NA,1971,"10/30/1971","80c5b732-3960-11ef-ac1f-2906cc9fb6bc","home","TSB Flensburg","VfL Gummersbach",11,16,FALSE,0,NA,NA,0,0,0,NA,0,0,0,0,0,0,NA,NA,NA,NA,NA,NA,NA,NA,0,0,0,0,NA,NA,NA,NA,NA
"Klaus Westebbe","8c58f63a-3955-11ef-b65e-81dc40648355",NA,NA,1971,"10/30/1971","80c5b732-3960-11ef-ac1f-2906cc9fb6bc","away","VfL Gummersbach","TSB Flensburg",16,11,TRUE,3,NA,NA,0,0,2,NA,0,0,0,0,0,0,NA,NA,NA,NA,NA,NA,NA,NA,0,0,0,0,NA,NA,NA,NA,NA
"Klaus Kater","8da1f6ef-3955-11ef-b31a-81dc40648355",NA,NA,1971,"10/30/1971","80c5b732-3960-11ef-ac1f-2906cc9fb6bc","away","VfL Gummersbach","TSB Flensburg",16,11,TRUE,0,NA,NA,0,0,0,NA,0,0,0,0,0,0,NA,NA,NA,NA,NA,NA,NA,NA,0,0,0,0,NA,NA,NA,NA,NA
"Klaus Schlagheck","97a06613-3955-11ef-8056-292be3190b7b",NA,NA,1971,"10/30/1971","80c5b732-3960-11ef-ac1f-2906cc9fb6bc","away","VfL Gummersbach","TSB Flensburg",16,11,TRUE,1,NA,NA,0,0,0,NA,0,0,0,0,0,0,NA,NA,NA,NA,NA,NA,NA,NA,0,0,0,0,NA,NA,NA,NA,NA
"Ralf Hamann","a28aa62f-3955-11ef-9677-2510cc07ea6e",NA,NA,1971,"10/30/1971","80c5b732-3960-11ef-ac1f-2906cc9fb6bc","away","VfL Gummersbach","TSB Flensburg",16,11,TRUE,0,NA,NA,0,0,0,NA,0,0,0,0,0,0,NA,NA,NA,NA,NA,NA,NA,NA,0,0,0,0,NA,NA,NA,NA,NA
"Ulrich Ufer","a2c8cfa8-3955-11ef-8510-2510cc07ea6e",NA,NA,1971,"10/30/1971","80c5b732-3960-11ef-ac1f-2906cc9fb6bc","away","VfL Gummersbach","TSB Flensburg",16,11,TRUE,2,NA,NA,0,0,0,NA,0,0,0,0,0,0,NA,NA,NA,NA,NA,NA,NA,NA,0,0,0,0,NA,NA,NA,NA,NA
"Jochen Feldhoff","a32751a5-3955-11ef-badf-2510cc07ea6e",NA,NA,1971,"10/30/1971","80c5b732-3960-11ef-ac1f-2906cc9fb6bc","away","VfL Gummersbach","TSB Flensburg",16,11,TRUE,2,NA,NA,0,0,0,NA,0,0,0,0,0,0,NA,NA,NA,NA,NA,NA,NA,NA,0,0,0,0,NA,NA,NA,NA,NA
"Helmut Keller","ae2fb2ba-3955-11ef-b38f-a36230ada079",NA,NA,1971,"10/30/1971","80c5b732-3960-11ef-ac1f-2906cc9fb6bc","away","VfL Gummersbach","TSB Flensburg",16,11,TRUE,0,NA,NA,0,0,0,NA,0,0,0,0,0,0,NA,NA,NA,NA,NA,NA,NA,NA,0,0,0,0,NA,NA,NA,NA,NA
"Hans-Günther Schmidt","aff5702f-3955-11ef-9878-a36230ada079",NA,NA,1971,"10/30/1971","80c5b732-3960-11ef-ac1f-2906cc9fb6bc","away","VfL Gummersbach","TSB Flensburg",16,11,TRUE,7,NA,NA,0,0,0,NA,0,0,0,0,0,0,NA,NA,NA,NA,NA,NA,NA,NA,0,0,0,0,NA,NA,NA,NA,NA
"Jochen Brand","ba44375c-3955-11ef-a5d6-ab397f561917",NA,NA,1971,"10/30/1971","80c5b732-3960-11ef-ac1f-2906cc9fb6bc","away","VfL Gummersbach","TSB Flensburg",16,11,TRUE,0,NA,NA,0,0,0,NA,0,0,0,0,0,0,NA,NA,NA,NA,NA,NA,NA,NA,0,0,0,0,NA,NA,NA,NA,NA
"Uwe Braunschweig","ba4aaa94-3955-11ef-be97-ab397f561917",NA,NA,1971,"10/30/1971","80c5b732-3960-11ef-ac1f-2906cc9fb6bc","away","VfL Gummersbach","TSB Flensburg",16,11,TRUE,0,NA,NA,0,0,0,NA,0,0,0,0,0,0,NA,NA,NA,NA,NA,NA,NA,NA,0,0,0,0,NA,NA,NA,NA,NA
"Bruno Zay","bce5dbb8-3955-11ef-ac9b-ab397f561917",NA,NA,1971,"10/30/1971","80c5b732-3960-11ef-ac1f-2906cc9fb6bc","away","VfL Gummersbach","TSB Flensburg",16,11,TRUE,1,NA,NA,0,0,1,NA,0,0,0,0,0,0,NA,NA,NA,NA,NA,NA,NA,NA,0,0,0,0,NA,NA,NA,NA,NA
"Gerhard Leiste","c735d7ed-3955-11ef-b576-157c9bc18a5f",NA,NA,1971,"10/30/1971","80c5b732-3960-11ef-ac1f-2906cc9fb6bc","away","VfL Gummersbach","TSB Flensburg",16,11,TRUE,0,NA,NA,0,0,0,NA,0,0,0,0,0,0,NA,NA,NA,NA,NA,NA,NA,NA,0,0,0,0,NA,NA,NA,NA,NA
"Bernhard Busch","8dc9280f-3955-11ef-80e2-81dc40648355",NA,NA,1971,"10/30/1971","81d537ae-3960-11ef-95bb-2906cc9fb6bc","home","GWD Minden","VfL Lübeck-Schwartau",16,11,TRUE,1,NA,NA,0,0,0,NA,0,0,0,0,0,0,NA,NA,NA,NA,NA,NA,NA,NA,0,0,0,0,NA,NA,NA,NA,NA
"Gerald Schüler","96fc1532-3955-11ef-bddd-292be3190b7b",NA,NA,1971,"10/30/1971","81d537ae-3960-11ef-95bb-2906cc9fb6bc","home","GWD Minden","VfL Lübeck-Schwartau",16,11,TRUE,0,NA,NA,0,0,0,NA,0,0,0,0,0,0,NA,NA,NA,NA,NA,NA,NA,NA,0,0,0,0,NA,NA,NA,NA,NA
"Martin Karcher","980f80ce-3955-11ef-8054-292be3190b7b",NA,NA,1971,"10/30/1971","81d537ae-3960-11ef-95bb-2906cc9fb6bc","home","GWD Minden","VfL Lübeck-Schwartau",16,11,TRUE,0,NA,NA,0,0,0,NA,0,0,0,0,0,0,NA,NA,NA,NA,NA,NA,NA,NA,0,0,0,0,NA,NA,NA,NA,NA
"Hans Kramer","98f50290-3955-11ef-8aa8-292be3190b7b",NA,NA,1971,"10/30/1971","81d537ae-3960-11ef-95bb-2906cc9fb6bc","home","GWD Minden","VfL Lübeck-Schwartau",16,11,TRUE,2,NA,NA,0,0,0,NA,0,0,0,0,0,0,NA,NA,NA,NA,NA,NA,NA,NA,0,0,0,0,NA,NA,NA,NA,NA
"Wilfried Meyer","a34b2aa0-3955-11ef-a79c-2510cc07ea6e",NA,NA,1971,"10/30/1971","81d537ae-3960-11ef-95bb-2906cc9fb6bc","home","GWD Minden","VfL Lübeck-Schwartau",16,11,TRUE,0,NA,NA,0,0,0,NA,0,0,0,0,0,0,NA,NA,NA,NA,NA,NA,NA,NA,0,0,0,0,NA,NA,NA,NA,NA
"Bernd Munck","ba5ee5e3-3955-11ef-9f80-ab397f561917",NA,NA,1971,"10/30/1971","81d537ae-3960-11ef-95bb-2906cc9fb6bc","home","GWD Minden","VfL Lübeck-Schwartau",16,11,TRUE,1,NA,NA,0,0,0,NA,0,0,0,0,0,0,NA,NA,NA,NA,NA,NA,NA,NA,0,0,0,0,NA,NA,NA,NA,NA
"Wilfried Drögemeier","ba63ada7-3955-11ef-a04d-ab397f561917",NA,NA,1971,"10/30/1971","81d537ae-3960-11ef-95bb-2906cc9fb6bc","home","GWD Minden","VfL Lübeck-Schwartau",16,11,TRUE,2,NA,NA,0,0,0,NA,0,0,0,0,0,0,NA,NA,NA,NA,NA,NA,NA,NA,0,0,0,0,NA,NA,NA,NA,NA
"Klaus Barlach","bcee5b38-3955-11ef-a026-ab397f561917",NA,NA,1971,"10/30/1971","81d537ae-3960-11ef-95bb-2906cc9fb6bc","home","GWD Minden","VfL Lübeck-Schwartau",16,11,TRUE,0,NA,NA,0,0,0,NA,0,0,0,0,0,0,NA,NA,NA,NA,NA,NA,NA,NA,0,0,0,0,NA,NA,NA,NA,NA
"Otto Weng","bcfbec1c-3955-11ef-b4f4-ab397f561917",NA,NA,1971,"10/30/1971","81d537ae-3960-11ef-95bb-2906cc9fb6bc","home","GWD Minden","VfL Lübeck-Schwartau",16,11,TRUE,6,NA,NA,0,0,2,NA,0,0,0,0,0,0,NA,NA,NA,NA,NA,NA,NA,NA,0,0,0,0,NA,NA,NA,NA,NA
"Burkhard Krocker","bcffdc62-3955-11ef-b52a-ab397f561917",NA,NA,1971,"10/30/1971","81d537ae-3960-11ef-95bb-2906cc9fb6bc","home","GWD Minden","VfL Lübeck-Schwartau",16,11,TRUE,3,NA,NA,0,0,1,NA,0,0,0,0,0,0,NA,NA,NA,NA,NA,NA,NA,NA,0,0,0,0,NA,NA,NA,NA,NA
"Jürgen Buhrmester","c747ff25-3955-11ef-9695-157c9bc18a5f",NA,NA,1971,"10/30/1971","81d537ae-3960-11ef-95bb-2906cc9fb6bc","home","GWD Minden","VfL Lübeck-Schwartau",16,11,TRUE,1,NA,NA,0,0,0,NA,0,0,0,0,0,0,NA,NA,NA,NA,NA,NA,NA,NA,0,0,0,0,NA,NA,NA,NA,NA
"Manfred Horstkötter","c8a23936-3955-11ef-9884-157c9bc18a5f",NA,NA,1971,"10/30/1971","81d537ae-3960-11ef-95bb-2906cc9fb6bc","home","GWD Minden","VfL Lübeck-Schwartau",16,11,TRUE,0,NA,NA,0,0,0,NA,0,0,0,0,0,0,NA,NA,NA,NA,NA,NA,NA,NA,0,0,0,0,NA,NA,NA,NA,NA
"Herbert Rogge","b06614d7-3955-11ef-a43b-a36230ada079",NA,NA,1971,"10/30/1971","81d537ae-3960-11ef-95bb-2906cc9fb6bc","away","VfL Lübeck-Schwartau","GWD Minden",11,16,FALSE,2,NA,NA,0,0,0,NA,0,0,0,0,0,0,NA,NA,NA,NA,NA,NA,NA,NA,0,0,0,0,NA,NA,NA,NA,NA
"Ingo Callies","b0b0659b-3955-11ef-87aa-a36230ada079",NA,NA,1971,"10/30/1971","81d537ae-3960-11ef-95bb-2906cc9fb6bc","away","VfL Lübeck-Schwartau","GWD Minden",11,16,FALSE,5,NA,NA,0,0,1,NA,0,0,0,0,0,0,NA,NA,NA,NA,NA,NA,NA,NA,0,0,0,0,NA,NA,NA,NA,NA
"Michael Dogs","b0cecb4a-3955-11ef-b665-a36230ada079",NA,NA,1971,"10/30/1971","81d537ae-3960-11ef-95bb-2906cc9fb6bc","away","VfL Lübeck-Schwartau","GWD Minden",11,16,FALSE,0,NA,NA,0,0,0,NA,0,0,0,0,0,0,NA,NA,NA,NA,NA,NA,NA,NA,0,0,0,0,NA,NA,NA,NA,NA
"Joachim Römer","b0dcb8e7-3955-11ef-83ab-a36230ada079",NA,NA,1971,"10/30/1971","81d537ae-3960-11ef-95bb-2906cc9fb6bc","away","VfL Lübeck-Schwartau","GWD Minden",11,16,FALSE,1,NA,NA,0,0,0,NA,0,0,0,0,0,0,NA,NA,NA,NA,NA,NA,NA,NA,0,0,0,0,NA,NA,NA,NA,NA
"Peter Görtz","b0e9ae8f-3955-11ef-aa48-a36230ada079",NA,NA,1971,"10/30/1971","81d537ae-3960-11ef-95bb-2906cc9fb6bc","away","VfL Lübeck-Schwartau","GWD Minden",11,16,FALSE,3,NA,NA,0,0,0,NA,0,0,0,0,0,0,NA,NA,NA,NA,NA,NA,NA,NA,0,0,0,0,NA,NA,NA,NA,NA
"Hans-Martin Müller-Wolf","b1020054-3955-11ef-8e79-a36230ada079",NA,NA,1971,"10/30/1971","81d537ae-3960-11ef-95bb-2906cc9fb6bc","away","VfL Lübeck-Schwartau","GWD Minden",11,16,FALSE,0,NA,NA,0,0,0,NA,0,0,0,0,0,0,NA,NA,NA,NA,NA,NA,NA,NA,0,0,0,0,NA,NA,NA,NA,NA
"Geert Geusendam","baee7cab-3955-11ef-95ba-ab397f561917",NA,NA,1971,"10/30/1971","81d537ae-3960-11ef-95bb-2906cc9fb6bc","away","VfL Lübeck-Schwartau","GWD Minden",11,16,FALSE,0,NA,NA,0,0,0,NA,0,0,0,0,0,0,NA,NA,NA,NA,NA,NA,NA,NA,0,0,0,0,NA,NA,NA,NA,NA
"Georg Pohl","baff6cee-3955-11ef-a80f-ab397f561917",NA,NA,1971,"10/30/1971","81d537ae-3960-11ef-95bb-2906cc9fb6bc","away","VfL Lübeck-Schwartau","GWD Minden",11,16,FALSE,0,NA,NA,0,0,0,NA,0,0,0,0,0,0,NA,NA,NA,NA,NA,NA,NA,NA,0,0,0,0,NA,NA,NA,NA,NA
"Jochen Krummland","c7b078f7-3955-11ef-932e-157c9bc18a5f",NA,NA,1971,"10/30/1971","81d537ae-3960-11ef-95bb-2906cc9fb6bc","away","VfL Lübeck-Schwartau","GWD Minden",11,16,FALSE,0,NA,NA,0,0,0,NA,0,0,0,0,0,0,NA,NA,NA,NA,NA,NA,NA,NA,0,0,0,0,NA,NA,NA,NA,NA
"Björn Clausen","c7b94735-3955-11ef-b741-157c9bc18a5f",NA,NA,1971,"10/30/1971","81d537ae-3960-11ef-95bb-2906cc9fb6bc","away","VfL Lübeck-Schwartau","GWD Minden",11,16,FALSE,0,NA,NA,0,0,0,NA,0,0,0,0,0,0,NA,NA,NA,NA,NA,NA,NA,NA,0,0,0,0,NA,NA,NA,NA,NA
"Jochen Hoffmann","c7bdef38-3955-11ef-8b6c-157c9bc18a5f",NA,NA,1971,"10/30/1971","81d537ae-3960-11ef-95bb-2906cc9fb6bc","away","VfL Lübeck-Schwartau","GWD Minden",11,16,FALSE,0,NA,NA,0,0,0,NA,0,0,0,0,0,0,NA,NA,NA,NA,NA,NA,NA,NA,0,0,0,0,NA,NA,NA,NA,NA
"Bruno Zantop","c91cafd4-3955-11ef-9bbf-157c9bc18a5f",NA,NA,1971,"10/30/1971","81d537ae-3960-11ef-95bb-2906cc9fb6bc","away","VfL Lübeck-Schwartau","GWD Minden",11,16,FALSE,0,NA,NA,0,0,0,NA,0,0,0,0,0,0,NA,NA,NA,NA,NA,NA,NA,NA,0,0,0,0,NA,NA,NA,NA,NA
"Holger Oertel","685d8d1c-3955-11ef-86af-292be3190b7b",NA,NA,1971,"10/30/1971","83776725-3960-11ef-a0b7-2906cc9fb6bc","home","THW Kiel","TuS 05 Wellinghofen",16,5,TRUE,0,NA,NA,0,0,0,NA,0,0,0,0,0,0,NA,NA,NA,NA,NA,NA,NA,NA,0,0,0,0,NA,NA,NA,NA,NA
"Hans-Jörg Graeper","964d8ebc-3955-11ef-a25b-292be3190b7b",NA,NA,1971,"10/30/1971","83776725-3960-11ef-a0b7-2906cc9fb6bc","home","THW Kiel","TuS 05 Wellinghofen",16,5,TRUE,3,NA,NA,0,0,0,NA,0,0,0,0,0,0,NA,NA,NA,NA,NA,NA,NA,NA,0,0,0,0,NA,NA,NA,NA,NA
"Gerd Welz","98273a90-3955-11ef-a3a2-292be3190b7b",NA,NA,1971,"10/30/1971","83776725-3960-11ef-a0b7-2906cc9fb6bc","home","THW Kiel","TuS 05 Wellinghofen",16,5,TRUE,1,NA,NA,0,0,0,NA,0,0,0,0,0,0,NA,NA,NA,NA,NA,NA,NA,NA,0,0,0,0,NA,NA,NA,NA,NA
"Volker Harbs","9995a6f3-3955-11ef-b74f-292be3190b7b",NA,NA,1971,"10/30/1971","83776725-3960-11ef-a0b7-2906cc9fb6bc","home","THW Kiel","TuS 05 Wellinghofen",16,5,TRUE,0,NA,NA,0,0,0,NA,0,0,0,0,0,0,NA,NA,NA,NA,NA,NA,NA,NA,0,0,0,0,NA,NA,NA,NA,NA
"Peter Prehn","b073ee0a-3955-11ef-8404-a36230ada079",NA,NA,1971,"10/30/1971","83776725-3960-11ef-a0b7-2906cc9fb6bc","home","THW Kiel","TuS 05 Wellinghofen",16,5,TRUE,1,NA,NA,0,0,0,NA,0,0,0,0,0,0,NA,NA,NA,NA,NA,NA,NA,NA,0,0,0,0,NA,NA,NA,NA,NA
"Peter Werk","b0784d6e-3955-11ef-9a85-a36230ada079",NA,NA,1971,"10/30/1971","83776725-3960-11ef-a0b7-2906cc9fb6bc","home","THW Kiel","TuS 05 Wellinghofen",16,5,TRUE,0,NA,NA,0,0,0,NA,0,0,0,0,0,0,NA,NA,NA,NA,NA,NA,NA,NA,0,0,0,0,NA,NA,NA,NA,NA
"Herwig Ahrendsen","b143192b-3955-11ef-bef0-a36230ada079",NA,NA,1971,"10/30/1971","83776725-3960-11ef-a0b7-2906cc9fb6bc","home","THW Kiel","TuS 05 Wellinghofen",16,5,TRUE,4,NA,NA,0,0,0,NA,0,0,0,0,0,0,NA,NA,NA,NA,NA,NA,NA,NA,0,0,0,0,NA,NA,NA,NA,NA
"Bernd Nielsen","b1480d2c-3955-11ef-8563-a36230ada079",NA,NA,1971,"10/30/1971","83776725-3960-11ef-a0b7-2906cc9fb6bc","home","THW Kiel","TuS 05 Wellinghofen",16,5,TRUE,5,NA,NA,0,0,0,NA,0,0,0,0,0,0,NA,NA,NA,NA,NA,NA,NA,NA,0,0,0,0,NA,NA,NA,NA,NA
"Hartwig Moll","b14ce7d8-3955-11ef-8cb5-a36230ada079",NA,NA,1971,"10/30/1971","83776725-3960-11ef-a0b7-2906cc9fb6bc","home","THW Kiel","TuS 05 Wellinghofen",16,5,TRUE,1,NA,NA,0,0,0,NA,0,0,0,0,0,0,NA,NA,NA,NA,NA,NA,NA,NA,0,0,0,0,NA,NA,NA,NA,NA
"Rainer Voigt","c7c742a9-3955-11ef-b542-157c9bc18a5f",NA,NA,1971,"10/30/1971","83776725-3960-11ef-a0b7-2906cc9fb6bc","home","THW Kiel","TuS 05 Wellinghofen",16,5,TRUE,0,NA,NA,0,0,0,NA,0,0,0,0,0,0,NA,NA,NA,NA,NA,NA,NA,NA,0,0,0,0,NA,NA,NA,NA,NA
"Dieter Baguhn","c7cbf017-3955-11ef-b1f7-157c9bc18a5f",NA,NA,1971,"10/30/1971","83776725-3960-11ef-a0b7-2906cc9fb6bc","home","THW Kiel","TuS 05 Wellinghofen",16,5,TRUE,0,NA,NA,0,0,0,NA,0,0,0,0,0,0,NA,NA,NA,NA,NA,NA,NA,NA,0,0,0,0,NA,NA,NA,NA,NA
"Bernd Struck","c7d4c3a5-3955-11ef-a743-157c9bc18a5f",NA,NA,1971,"10/30/1971","83776725-3960-11ef-a0b7-2906cc9fb6bc","home","THW Kiel","TuS 05 Wellinghofen",16,5,TRUE,1,NA,NA,0,0,0,NA,0,0,0,0,0,0,NA,NA,NA,NA,NA,NA,NA,NA,0,0,0,0,NA,NA,NA,NA,NA
"Karl-Heinz Schulz","72847241-3955-11ef-8bd4-51fdf2a82730",NA,NA,1971,"10/30/1971","83776725-3960-11ef-a0b7-2906cc9fb6bc","away","TuS 05 Wellinghofen","THW Kiel",5,16,FALSE,0,NA,NA,0,0,0,NA,0,0,0,0,0,0,NA,NA,NA,NA,NA,NA,NA,NA,0,0,0,0,NA,NA,NA,NA,NA
"Hans-Jürgen Zick","8d67d76a-3955-11ef-8956-81dc40648355",NA,NA,1971,"10/30/1971","83776725-3960-11ef-a0b7-2906cc9fb6bc","away","TuS 05 Wellinghofen","THW Kiel",5,16,FALSE,0,NA,NA,0,0,0,NA,0,0,0,0,0,0,NA,NA,NA,NA,NA,NA,NA,NA,0,0,0,0,NA,NA,NA,NA,NA
"Hans-Peter Neuhaus","8d9d3887-3955-11ef-80a3-81dc40648355",NA,NA,1971,"10/30/1971","83776725-3960-11ef-a0b7-2906cc9fb6bc","away","TuS 05 Wellinghofen","THW Kiel",5,16,FALSE,2,NA,NA,0,0,1,NA,0,0,0,0,0,0,NA,NA,NA,NA,NA,NA,NA,NA,0,0,0,0,NA,NA,NA,NA,NA
"Rainer Gosewinkel","a4d61156-3955-11ef-8406-2510cc07ea6e",NA,NA,1971,"10/30/1971","83776725-3960-11ef-a0b7-2906cc9fb6bc","away","TuS 05 Wellinghofen","THW Kiel",5,16,FALSE,0,NA,NA,0,0,0,NA,0,0,0,0,0,0,NA,NA,NA,NA,NA,NA,NA,NA,0,0,0,0,NA,NA,NA,NA,NA
"Klaus Erwe","a4f54a19-3955-11ef-b48a-2510cc07ea6e",NA,NA,1971,"10/30/1971","83776725-3960-11ef-a0b7-2906cc9fb6bc","away","TuS 05 Wellinghofen","THW Kiel",5,16,FALSE,0,NA,NA,0,0,0,NA,0,0,0,0,0,0,NA,NA,NA,NA,NA,NA,NA,NA,0,0,0,0,NA,NA,NA,NA,NA
"Herbert Schmidt","a5127cc5-3955-11ef-b405-2510cc07ea6e",NA,NA,1971,"10/30/1971","83776725-3960-11ef-a0b7-2906cc9fb6bc","away","TuS 05 Wellinghofen","THW Kiel",5,16,FALSE,0,NA,NA,0,0,0,NA,0,0,0,0,0,0,NA,NA,NA,NA,NA,NA,NA,NA,0,0,0,0,NA,NA,NA,NA,NA
"Burkhard Gröning","a52c6e4f-3955-11ef-a576-2510cc07ea6e",NA,NA,1971,"10/30/1971","83776725-3960-11ef-a0b7-2906cc9fb6bc","away","TuS 05 Wellinghofen","THW Kiel",5,16,FALSE,0,NA,NA,0,0,0,NA,0,0,0,0,0,0,NA,NA,NA,NA,NA,NA,NA,NA,0,0,0,0,NA,NA,NA,NA,NA
"Heinz Oberscheidt","a5ae94f2-3955-11ef-91fc-2510cc07ea6e",NA,NA,1971,"10/30/1971","83776725-3960-11ef-a0b7-2906cc9fb6bc","away","TuS 05 Wellinghofen","THW Kiel",5,16,FALSE,1,NA,NA,0,0,0,NA,0,0,0,0,0,0,NA,NA,NA,NA,NA,NA,NA,NA,0,0,0,0,NA,NA,NA,NA,NA
"Hans-Jürgen Sengera","ba7fae8e-3955-11ef-80e4-ab397f561917",NA,NA,1971,"10/30/1971","83776725-3960-11ef-a0b7-2906cc9fb6bc","away","TuS 05 Wellinghofen","THW Kiel",5,16,FALSE,0,NA,NA,0,0,0,NA,0,0,0,0,0,0,NA,NA,NA,NA,NA,NA,NA,NA,0,0,0,0,NA,NA,NA,NA,NA
"Burkhardt Eckardt","c76d08cb-3955-11ef-8fa7-157c9bc18a5f",NA,NA,1971,"10/30/1971","83776725-3960-11ef-a0b7-2906cc9fb6bc","away","TuS 05 Wellinghofen","THW Kiel",5,16,FALSE,1,NA,NA,0,0,0,NA,0,0,0,0,0,0,NA,NA,NA,NA,NA,NA,NA,NA,0,0,0,0,NA,NA,NA,NA,NA
"Klaus Linnemann","c773ab8c-3955-11ef-96ba-157c9bc18a5f",NA,NA,1971,"10/30/1971","83776725-3960-11ef-a0b7-2906cc9fb6bc","away","TuS 05 Wellinghofen","THW Kiel",5,16,FALSE,1,NA,NA,0,0,0,NA,0,0,0,0,0,0,NA,NA,NA,NA,NA,NA,NA,NA,0,0,0,0,NA,NA,NA,NA,NA
"Peter Bucher","8e0071c9-3955-11ef-8ff8-81dc40648355",NA,NA,1971,"10/30/1971","8c8d6606-3960-11ef-9c57-9b08c5d4c173","home","FRISCH AUF! Göppingen","TV Großwallstadt",23,20,TRUE,7,NA,NA,0,0,1,NA,0,0,0,0,0,0,NA,NA,NA,NA,NA,NA,NA,NA,0,0,0,0,NA,NA,NA,NA,NA
"Max Müller","99453a6b-3955-11ef-84c2-292be3190b7b",NA,NA,1971,"10/30/1971","8c8d6606-3960-11ef-9c57-9b08c5d4c173","home","FRISCH AUF! Göppingen","TV Großwallstadt",23,20,TRUE,3,NA,NA,0,0,0,NA,0,0,0,0,0,0,NA,NA,NA,NA,NA,NA,NA,NA,0,0,0,0,NA,NA,NA,NA,NA
"Werner Fischer","af3a0885-3955-11ef-a884-a36230ada079",NA,NA,1971,"10/30/1971","8c8d6606-3960-11ef-9c57-9b08c5d4c173","home","FRISCH AUF! Göppingen","TV Großwallstadt",23,20,TRUE,0,NA,NA,0,0,0,NA,0,0,0,0,0,0,NA,NA,NA,NA,NA,NA,NA,NA,0,0,0,0,NA,NA,NA,NA,NA
"Hans Brodbeck","b1f00cc3-3955-11ef-b4c9-a36230ada079",NA,NA,1971,"10/30/1971","8c8d6606-3960-11ef-9c57-9b08c5d4c173","home","FRISCH AUF! Göppingen","TV Großwallstadt",23,20,TRUE,0,NA,NA,0,0,0,NA,0,0,0,0,0,0,NA,NA,NA,NA,NA,NA,NA,NA,0,0,0,0,NA,NA,NA,NA,NA
"Detlef Groß","b20edee3-3955-11ef-9e14-a36230ada079",NA,NA,1971,"10/30/1971","8c8d6606-3960-11ef-9c57-9b08c5d4c173","home","FRISCH AUF! Göppingen","TV Großwallstadt",23,20,TRUE,0,NA,NA,0,0,0,NA,0,0,0,0,0,0,NA,NA,NA,NA,NA,NA,NA,NA,0,0,0,0,NA,NA,NA,NA,NA
"Paul Epple","bc8167af-3955-11ef-8748-ab397f561917",NA,NA,1971,"10/30/1971","8c8d6606-3960-11ef-9c57-9b08c5d4c173","home","FRISCH AUF! Göppingen","TV Großwallstadt",23,20,TRUE,6,NA,NA,0,0,3,NA,0,0,0,0,0,0,NA,NA,NA,NA,NA,NA,NA,NA,0,0,0,0,NA,NA,NA,NA,NA
"Walter Pflüger","bc85cdbc-3955-11ef-8e24-ab397f561917",NA,NA,1971,"10/30/1971","8c8d6606-3960-11ef-9c57-9b08c5d4c173","home","FRISCH AUF! Göppingen","TV Großwallstadt",23,20,TRUE,3,NA,NA,0,0,0,NA,0,0,0,0,0,0,NA,NA,NA,NA,NA,NA,NA,NA,0,0,0,0,NA,NA,NA,NA,NA
"Werner Arndt","c71116e0-3955-11ef-85d3-157c9bc18a5f",NA,NA,1971,"10/30/1971","8c8d6606-3960-11ef-9c57-9b08c5d4c173","home","FRISCH AUF! Göppingen","TV Großwallstadt",23,20,TRUE,1,NA,NA,0,0,0,NA,0,0,0,0,0,0,NA,NA,NA,NA,NA,NA,NA,NA,0,0,0,0,NA,NA,NA,NA,NA
"Christian Patzer","c715a1de-3955-11ef-bc54-157c9bc18a5f",NA,NA,1971,"10/30/1971","8c8d6606-3960-11ef-9c57-9b08c5d4c173","home","FRISCH AUF! Göppingen","TV Großwallstadt",23,20,TRUE,1,NA,NA,0,0,0,NA,0,0,0,0,0,0,NA,NA,NA,NA,NA,NA,NA,NA,0,0,0,0,NA,NA,NA,NA,NA
"Uwe Rathjen","c898158b-3955-11ef-82cb-157c9bc18a5f",NA,NA,1971,"10/30/1971","8c8d6606-3960-11ef-9c57-9b08c5d4c173","home","FRISCH AUF! Göppingen","TV Großwallstadt",23,20,TRUE,0,NA,NA,0,0,0,NA,0,0,0,0,0,0,NA,NA,NA,NA,NA,NA,NA,NA,0,0,0,0,NA,NA,NA,NA,NA
"Armin Eisele","c9cc4c1b-3955-11ef-9f9f-157c9bc18a5f",NA,NA,1971,"10/30/1971","8c8d6606-3960-11ef-9c57-9b08c5d4c173","home","FRISCH AUF! Göppingen","TV Großwallstadt",23,20,TRUE,2,NA,NA,0,0,0,NA,0,0,0,0,0,0,NA,NA,NA,NA,NA,NA,NA,NA,0,0,0,0,NA,NA,NA,NA,NA
"Günter Schweikardt","d3e60b79-3953-11ef-9e8c-e3f2de03a1b7",NA,NA,1971,"10/30/1971","8c8d6606-3960-11ef-9c57-9b08c5d4c173","home","FRISCH AUF! Göppingen","TV Großwallstadt",23,20,TRUE,0,NA,NA,0,0,0,NA,0,0,0,0,0,0,NA,NA,NA,NA,NA,NA,NA,NA,0,0,0,0,NA,NA,NA,NA,NA
"Kurt Klühspies","5ac3e7d7-3955-11ef-b574-4fa817cd91bb",NA,NA,1971,"10/30/1971","8c8d6606-3960-11ef-9c57-9b08c5d4c173","away","TV Großwallstadt","FRISCH AUF! Göppingen",20,23,FALSE,3,NA,NA,0,0,0,NA,0,0,0,0,0,0,NA,NA,NA,NA,NA,NA,NA,NA,0,0,0,0,NA,NA,NA,NA,NA
"Manfred Hofmann","6855eb0b-3955-11ef-8cb3-292be3190b7b",NA,NA,1971,"10/30/1971","8c8d6606-3960-11ef-9c57-9b08c5d4c173","away","TV Großwallstadt","FRISCH AUF! Göppingen",20,23,FALSE,0,NA,NA,0,0,0,NA,0,0,0,0,0,0,NA,NA,NA,NA,NA,NA,NA,NA,0,0,0,0,NA,NA,NA,NA,NA
"Manfred Schwarz","96d98e53-3955-11ef-a3c9-292be3190b7b",NA,NA,1971,"10/30/1971","8c8d6606-3960-11ef-9c57-9b08c5d4c173","away","TV Großwallstadt","FRISCH AUF! Göppingen",20,23,FALSE,0,NA,NA,0,0,0,NA,0,0,0,0,0,0,NA,NA,NA,NA,NA,NA,NA,NA,0,0,0,0,NA,NA,NA,NA,NA
"Wolfgang Dümig","978dc3fc-3955-11ef-b042-292be3190b7b",NA,NA,1971,"10/30/1971","8c8d6606-3960-11ef-9c57-9b08c5d4c173","away","TV Großwallstadt","FRISCH AUF! Göppingen",20,23,FALSE,0,NA,NA,0,0,0,NA,0,0,0,0,0,0,NA,NA,NA,NA,NA,NA,NA,NA,0,0,0,0,NA,NA,NA,NA,NA
"Eckhardt Suffel","aeac0503-3955-11ef-88c6-a36230ada079",NA,NA,1971,"10/30/1971","8c8d6606-3960-11ef-9c57-9b08c5d4c173","away","TV Großwallstadt","FRISCH AUF! Göppingen",20,23,FALSE,1,NA,NA,0,0,0,NA,0,0,0,0,0,0,NA,NA,NA,NA,NA,NA,NA,NA,0,0,0,0,NA,NA,NA,NA,NA
"Peter Kuß","bbc18adb-3955-11ef-a5f7-ab397f561917",NA,NA,1971,"10/30/1971","8c8d6606-3960-11ef-9c57-9b08c5d4c173","away","TV Großwallstadt","FRISCH AUF! Göppingen",20,23,FALSE,1,NA,NA,0,0,0,NA,0,0,0,0,0,0,NA,NA,NA,NA,NA,NA,NA,NA,0,0,0,0,NA,NA,NA,NA,NA
"Rainer Oberle","be123408-3955-11ef-92a6-ab397f561917",NA,NA,1971,"10/30/1971","8c8d6606-3960-11ef-9c57-9b08c5d4c173","away","TV Großwallstadt","FRISCH AUF! Göppingen",20,23,FALSE,3,NA,NA,0,0,0,NA,0,0,0,0,0,0,NA,NA,NA,NA,NA,NA,NA,NA,0,0,0,0,NA,NA,NA,NA,NA
"Josef Karrer","be167639-3955-11ef-ac70-ab397f561917",NA,NA,1971,"10/30/1971","8c8d6606-3960-11ef-9c57-9b08c5d4c173","away","TV Großwallstadt","FRISCH AUF! Göppingen",20,23,FALSE,10,NA,NA,0,0,2,NA,0,0,0,0,0,0,NA,NA,NA,NA,NA,NA,NA,NA,0,0,0,0,NA,NA,NA,NA,NA
"Arthur Lichtlein","c7f5ba49-3955-11ef-827c-157c9bc18a5f",NA,NA,1971,"10/30/1971","8c8d6606-3960-11ef-9c57-9b08c5d4c173","away","TV Großwallstadt","FRISCH AUF! Göppingen",20,23,FALSE,0,NA,NA,0,0,0,NA,0,0,0,0,0,0,NA,NA,NA,NA,NA,NA,NA,NA,0,0,0,0,NA,NA,NA,NA,NA
"Hans Amberg","c976a145-3955-11ef-9331-157c9bc18a5f",NA,NA,1971,"10/30/1971","8c8d6606-3960-11ef-9c57-9b08c5d4c173","away","TV Großwallstadt","FRISCH AUF! Göppingen",20,23,FALSE,2,NA,NA,0,0,0,NA,0,0,0,0,0,0,NA,NA,NA,NA,NA,NA,NA,NA,0,0,0,0,NA,NA,NA,NA,NA
"Gerhard Gaiser","7fd4e3db-3955-11ef-b327-b908c60af10a",NA,NA,1971,"10/30/1971","8dbf2244-3960-11ef-aa4b-9b08c5d4c173","home","TSV 1896 Rintheim","SpVgg 1887 Möhringen",13,13,FALSE,2,NA,NA,0,0,0,NA,0,0,0,0,0,0,NA,NA,NA,NA,NA,NA,NA,NA,0,0,0,0,NA,NA,NA,NA,NA
"Wolf-Dieter Nagel","8d41486b-3955-11ef-8d22-81dc40648355",NA,NA,1971,"10/30/1971","8dbf2244-3960-11ef-aa4b-9b08c5d4c173","home","TSV 1896 Rintheim","SpVgg 1887 Möhringen",13,13,FALSE,5,NA,NA,0,0,2,NA,0,0,0,0,0,0,NA,NA,NA,NA,NA,NA,NA,NA,0,0,0,0,NA,NA,NA,NA,NA
"Franz Bechler","98035d7e-3955-11ef-8b94-292be3190b7b",NA,NA,1971,"10/30/1971","8dbf2244-3960-11ef-aa4b-9b08c5d4c173","home","TSV 1896 Rintheim","SpVgg 1887 Möhringen",13,13,FALSE,0,NA,NA,0,0,0,NA,0,0,0,0,0,0,NA,NA,NA,NA,NA,NA,NA,NA,0,0,0,0,NA,NA,NA,NA,NA
"Hans-Eberhard Finkbeiner","a2f451eb-3955-11ef-99da-2510cc07ea6e",NA,NA,1971,"10/30/1971","8dbf2244-3960-11ef-aa4b-9b08c5d4c173","home","TSV 1896 Rintheim","SpVgg 1887 Möhringen",13,13,FALSE,0,NA,NA,0,0,0,NA,0,0,0,0,0,0,NA,NA,NA,NA,NA,NA,NA,NA,0,0,0,0,NA,NA,NA,NA,NA
"Bernd Seibel","bc6670d9-3955-11ef-b849-ab397f561917",NA,NA,1971,"10/30/1971","8dbf2244-3960-11ef-aa4b-9b08c5d4c173","home","TSV 1896 Rintheim","SpVgg 1887 Möhringen",13,13,FALSE,4,NA,NA,0,0,0,NA,0,0,0,0,0,0,NA,NA,NA,NA,NA,NA,NA,NA,0,0,0,0,NA,NA,NA,NA,NA
"Wolfgang Dillenberger","bc6a40c8-3955-11ef-8c9f-ab397f561917",NA,NA,1971,"10/30/1971","8dbf2244-3960-11ef-aa4b-9b08c5d4c173","home","TSV 1896 Rintheim","SpVgg 1887 Möhringen",13,13,FALSE,1,NA,NA,0,0,0,NA,0,0,0,0,0,0,NA,NA,NA,NA,NA,NA,NA,NA,0,0,0,0,NA,NA,NA,NA,NA
"Max Ullrich","c6e110c6-3955-11ef-83e4-157c9bc18a5f",NA,NA,1971,"10/30/1971","8dbf2244-3960-11ef-aa4b-9b08c5d4c173","home","TSV 1896 Rintheim","SpVgg 1887 Möhringen",13,13,FALSE,0,NA,NA,0,0,0,NA,0,0,0,0,0,0,NA,NA,NA,NA,NA,NA,NA,NA,0,0,0,0,NA,NA,NA,NA,NA
"Richard Baumer","c6e9de45-3955-11ef-b5bf-157c9bc18a5f",NA,NA,1971,"10/30/1971","8dbf2244-3960-11ef-aa4b-9b08c5d4c173","home","TSV 1896 Rintheim","SpVgg 1887 Möhringen",13,13,FALSE,0,NA,NA,0,0,0,NA,0,0,0,0,0,0,NA,NA,NA,NA,NA,NA,NA,NA,0,0,0,0,NA,NA,NA,NA,NA
"Roland Schubach","c8722d8e-3955-11ef-b351-157c9bc18a5f",NA,NA,1971,"10/30/1971","8dbf2244-3960-11ef-aa4b-9b08c5d4c173","home","TSV 1896 Rintheim","SpVgg 1887 Möhringen",13,13,FALSE,1,NA,NA,0,0,0,NA,0,0,0,0,0,0,NA,NA,NA,NA,NA,NA,NA,NA,0,0,0,0,NA,NA,NA,NA,NA
"Siegfried Brabec","c87758a1-3955-11ef-9dbd-157c9bc18a5f",NA,NA,1971,"10/30/1971","8dbf2244-3960-11ef-aa4b-9b08c5d4c173","home","TSV 1896 Rintheim","SpVgg 1887 Möhringen",13,13,FALSE,0,NA,NA,0,0,0,NA,0,0,0,0,0,0,NA,NA,NA,NA,NA,NA,NA,NA,0,0,0,0,NA,NA,NA,NA,NA
"Josef Bechler","c88a53f3-3955-11ef-bd99-157c9bc18a5f",NA,NA,1971,"10/30/1971","8dbf2244-3960-11ef-aa4b-9b08c5d4c173","home","TSV 1896 Rintheim","SpVgg 1887 Möhringen",13,13,FALSE,0,NA,NA,0,0,0,NA,0,0,0,0,0,0,NA,NA,NA,NA,NA,NA,NA,NA,0,0,0,0,NA,NA,NA,NA,NA
"Rolf-Eberhard Jaeger","c9bde9a1-3955-11ef-9a50-157c9bc18a5f",NA,NA,1971,"10/30/1971","8dbf2244-3960-11ef-aa4b-9b08c5d4c173","home","TSV 1896 Rintheim","SpVgg 1887 Möhringen",13,13,FALSE,0,NA,NA,0,0,0,NA,0,0,0,0,0,0,NA,NA,NA,NA,NA,NA,NA,NA,0,0,0,0,NA,NA,NA,NA,NA
"Wolfgang Stolz","999eb14b-3955-11ef-bbce-292be3190b7b",NA,NA,1971,"10/30/1971","8dbf2244-3960-11ef-aa4b-9b08c5d4c173","away","SpVgg 1887 Möhringen","TSV 1896 Rintheim",13,13,FALSE,0,NA,NA,0,0,0,NA,0,0,0,0,0,0,NA,NA,NA,NA,NA,NA,NA,NA,0,0,0,0,NA,NA,NA,NA,NA
"Hermann Mäurle","a44f95e3-3955-11ef-b53d-2510cc07ea6e",NA,NA,1971,"10/30/1971","8dbf2244-3960-11ef-aa4b-9b08c5d4c173","away","SpVgg 1887 Möhringen","TSV 1896 Rintheim",13,13,FALSE,3,NA,NA,0,0,0,NA,0,0,0,0,0,0,NA,NA,NA,NA,NA,NA,NA,NA,0,0,0,0,NA,NA,NA,NA,NA
"Wolf-Dieter Rösner","c82bae19-3955-11ef-a06e-157c9bc18a5f",NA,NA,1971,"10/30/1971","8dbf2244-3960-11ef-aa4b-9b08c5d4c173","away","SpVgg 1887 Möhringen","TSV 1896 Rintheim",13,13,FALSE,0,NA,NA,0,0,0,NA,0,0,0,0,0,0,NA,NA,NA,NA,NA,NA,NA,NA,0,0,0,0,NA,NA,NA,NA,NA
"Karl-Heinz Wolf","c8354cdd-3955-11ef-a1d6-157c9bc18a5f",NA,NA,1971,"10/30/1971","8dbf2244-3960-11ef-aa4b-9b08c5d4c173","away","SpVgg 1887 Möhringen","TSV 1896 Rintheim",13,13,FALSE,1,NA,NA,0,0,0,NA,0,0,0,0,0,0,NA,NA,NA,NA,NA,NA,NA,NA,0,0,0,0,NA,NA,NA,NA,NA
"Gerd-Volker Stock","c8397c3c-3955-11ef-af12-157c9bc18a5f",NA,NA,1971,"10/30/1971","8dbf2244-3960-11ef-aa4b-9b08c5d4c173","away","SpVgg 1887 Möhringen","TSV 1896 Rintheim",13,13,FALSE,2,NA,NA,0,0,0,NA,0,0,0,0,0,0,NA,NA,NA,NA,NA,NA,NA,NA,0,0,0,0,NA,NA,NA,NA,NA
"Folker Baur","c83d9af6-3955-11ef-9e5e-157c9bc18a5f",NA,NA,1971,"10/30/1971","8dbf2244-3960-11ef-aa4b-9b08c5d4c173","away","SpVgg 1887 Möhringen","TSV 1896 Rintheim",13,13,FALSE,0,NA,NA,0,0,0,NA,0,0,0,0,0,0,NA,NA,NA,NA,NA,NA,NA,NA,0,0,0,0,NA,NA,NA,NA,NA
"Dieter Schuh","c84c4c54-3955-11ef-9d35-157c9bc18a5f",NA,NA,1971,"10/30/1971","8dbf2244-3960-11ef-aa4b-9b08c5d4c173","away","SpVgg 1887 Möhringen","TSV 1896 Rintheim",13,13,FALSE,2,NA,NA,0,0,0,NA,0,0,0,0,0,0,NA,NA,NA,NA,NA,NA,NA,NA,0,0,0,0,NA,NA,NA,NA,NA
"Lothar Scheffel","c850996c-3955-11ef-94a7-157c9bc18a5f",NA,NA,1971,"10/30/1971","8dbf2244-3960-11ef-aa4b-9b08c5d4c173","away","SpVgg 1887 Möhringen","TSV 1896 Rintheim",13,13,FALSE,2,NA,NA,0,0,0,NA,0,0,0,0,0,0,NA,NA,NA,NA,NA,NA,NA,NA,0,0,0,0,NA,NA,NA,NA,NA
"Robert Bach","c85fda21-3955-11ef-9bd8-157c9bc18a5f",NA,NA,1971,"10/30/1971","8dbf2244-3960-11ef-aa4b-9b08c5d4c173","away","SpVgg 1887 Möhringen","TSV 1896 Rintheim",13,13,FALSE,0,NA,NA,0,0,0,NA,0,0,0,0,0,0,NA,NA,NA,NA,NA,NA,NA,NA,0,0,0,0,NA,NA,NA,NA,NA
"Karl-Heinz Steinbach","c864fc61-3955-11ef-bc13-157c9bc18a5f",NA,NA,1971,"10/30/1971","8dbf2244-3960-11ef-aa4b-9b08c5d4c173","away","SpVgg 1887 Möhringen","TSV 1896 Rintheim",13,13,FALSE,2,NA,NA,0,0,0,NA,0,0,0,0,0,0,NA,NA,NA,NA,NA,NA,NA,NA,0,0,0,0,NA,NA,NA,NA,NA
"Wolfgang Schall","c869381d-3955-11ef-a2ed-157c9bc18a5f",NA,NA,1971,"10/30/1971","8dbf2244-3960-11ef-aa4b-9b08c5d4c173","away","SpVgg 1887 Möhringen","TSV 1896 Rintheim",13,13,FALSE,1,NA,NA,0,0,0,NA,0,0,0,0,0,0,NA,NA,NA,NA,NA,NA,NA,NA,0,0,0,0,NA,NA,NA,NA,NA
"Peter Pickel","8c973b42-3955-11ef-8c71-81dc40648355",NA,NA,1971,"10/31/1971","82b9ba52-3960-11ef-b37f-2906cc9fb6bc","home","Hamburger SV","SC Phönix Essen 1920",23,16,TRUE,6,NA,NA,0,0,3,NA,0,0,0,0,0,0,NA,NA,NA,NA,NA,NA,NA,NA,0,0,0,0,NA,NA,NA,NA,NA
"Diethard Finkelmann","a60bdcf9-3955-11ef-bfa1-2510cc07ea6e",NA,NA,1971,"10/31/1971","82b9ba52-3960-11ef-b37f-2906cc9fb6bc","home","Hamburger SV","SC Phönix Essen 1920",23,16,TRUE,0,NA,NA,0,0,0,NA,0,0,0,0,0,0,NA,NA,NA,NA,NA,NA,NA,NA,0,0,0,0,NA,NA,NA,NA,NA
"Hans-Jürgen Bode","b011e6da-3955-11ef-8205-a36230ada079",NA,NA,1971,"10/31/1971","82b9ba52-3960-11ef-b37f-2906cc9fb6bc","home","Hamburger SV","SC Phönix Essen 1920",23,16,TRUE,0,NA,NA,0,0,0,NA,0,0,0,0,0,0,NA,NA,NA,NA,NA,NA,NA,NA,0,0,0,0,NA,NA,NA,NA,NA
"Rainer Witt","b02adaad-3955-11ef-b8c4-a36230ada079",NA,NA,1971,"10/31/1971","82b9ba52-3960-11ef-b37f-2906cc9fb6bc","home","Hamburger SV","SC Phönix Essen 1920",23,16,TRUE,0,NA,NA,0,0,0,NA,0,0,0,0,0,0,NA,NA,NA,NA,NA,NA,NA,NA,0,0,0,0,NA,NA,NA,NA,NA
"Hans-Joachim Beißel","b0341bcb-3955-11ef-9e08-a36230ada079",NA,NA,1971,"10/31/1971","82b9ba52-3960-11ef-b37f-2906cc9fb6bc","home","Hamburger SV","SC Phönix Essen 1920",23,16,TRUE,0,NA,NA,0,0,0,NA,0,0,0,0,0,0,NA,NA,NA,NA,NA,NA,NA,NA,0,0,0,0,NA,NA,NA,NA,NA
"Norbert Germer","b03f8101-3955-11ef-8945-a36230ada079",NA,NA,1971,"10/31/1971","82b9ba52-3960-11ef-b37f-2906cc9fb6bc","home","Hamburger SV","SC Phönix Essen 1920",23,16,TRUE,3,NA,NA,0,0,0,NA,0,0,0,0,0,0,NA,NA,NA,NA,NA,NA,NA,NA,0,0,0,0,NA,NA,NA,NA,NA
"Siegfried Berg","b10d3ec3-3955-11ef-8a30-a36230ada079",NA,NA,1971,"10/31/1971","82b9ba52-3960-11ef-b37f-2906cc9fb6bc","home","Hamburger SV","SC Phönix Essen 1920",23,16,TRUE,0,NA,NA,0,0,0,NA,0,0,0,0,0,0,NA,NA,NA,NA,NA,NA,NA,NA,0,0,0,0,NA,NA,NA,NA,NA
"Wolfgang Braun","b1a4c388-3955-11ef-92b7-a36230ada079",NA,NA,1971,"10/31/1971","82b9ba52-3960-11ef-b37f-2906cc9fb6bc","home","Hamburger SV","SC Phönix Essen 1920",23,16,TRUE,3,NA,NA,0,0,0,NA,0,0,0,0,0,0,NA,NA,NA,NA,NA,NA,NA,NA,0,0,0,0,NA,NA,NA,NA,NA
"Bernd Heiden","baf62966-3955-11ef-b7e1-ab397f561917",NA,NA,1971,"10/31/1971","82b9ba52-3960-11ef-b37f-2906cc9fb6bc","home","Hamburger SV","SC Phönix Essen 1920",23,16,TRUE,2,NA,NA,0,0,0,NA,0,0,0,0,0,0,NA,NA,NA,NA,NA,NA,NA,NA,0,0,0,0,NA,NA,NA,NA,NA
"Klaus Lange","bafb51f3-3955-11ef-9864-ab397f561917",NA,NA,1971,"10/31/1971","82b9ba52-3960-11ef-b37f-2906cc9fb6bc","home","Hamburger SV","SC Phönix Essen 1920",23,16,TRUE,9,NA,NA,0,0,1,NA,0,0,0,0,0,0,NA,NA,NA,NA,NA,NA,NA,NA,0,0,0,0,NA,NA,NA,NA,NA
"Manfred Grühn","c755d6cb-3955-11ef-a162-157c9bc18a5f",NA,NA,1971,"10/31/1971","82b9ba52-3960-11ef-b37f-2906cc9fb6bc","home","Hamburger SV","SC Phönix Essen 1920",23,16,TRUE,0,NA,NA,0,0,0,NA,0,0,0,0,0,0,NA,NA,NA,NA,NA,NA,NA,NA,0,0,0,0,NA,NA,NA,NA,NA
"Ulrich Eikermann","73a211c9-3955-11ef-8f8f-51fdf2a82730",NA,NA,1971,"10/31/1971","82b9ba52-3960-11ef-b37f-2906cc9fb6bc","away","SC Phönix Essen 1920","Hamburger SV",16,23,FALSE,4,NA,NA,0,0,2,NA,0,0,0,0,0,0,NA,NA,NA,NA,NA,NA,NA,NA,0,0,0,0,NA,NA,NA,NA,NA
"Werner Kühn","a5a83923-3955-11ef-abc5-2510cc07ea6e",NA,NA,1971,"10/31/1971","82b9ba52-3960-11ef-b37f-2906cc9fb6bc","away","SC Phönix Essen 1920","Hamburger SV",16,23,FALSE,0,NA,NA,0,0,0,NA,0,0,0,0,0,0,NA,NA,NA,NA,NA,NA,NA,NA,0,0,0,0,NA,NA,NA,NA,NA
"Norbert Meister","a610e086-3955-11ef-bf85-2510cc07ea6e",NA,NA,1971,"10/31/1971","82b9ba52-3960-11ef-b37f-2906cc9fb6bc","away","SC Phönix Essen 1920","Hamburger SV",16,23,FALSE,0,NA,NA,0,0,0,NA,0,0,0,0,0,0,NA,NA,NA,NA,NA,NA,NA,NA,0,0,0,0,NA,NA,NA,NA,NA
"Bernd Tolksdorf","bae02284-3955-11ef-b577-ab397f561917",NA,NA,1971,"10/31/1971","82b9ba52-3960-11ef-b37f-2906cc9fb6bc","away","SC Phönix Essen 1920","Hamburger SV",16,23,FALSE,0,NA,NA,0,0,0,NA,0,0,0,0,0,0,NA,NA,NA,NA,NA,NA,NA,NA,0,0,0,0,NA,NA,NA,NA,NA
"Klaus Kirschner","bae43a44-3955-11ef-ae7c-ab397f561917",NA,NA,1971,"10/31/1971","82b9ba52-3960-11ef-b37f-2906cc9fb6bc","away","SC Phönix Essen 1920","Hamburger SV",16,23,FALSE,0,NA,NA,0,0,0,NA,0,0,0,0,0,0,NA,NA,NA,NA,NA,NA,NA,NA,0,0,0,0,NA,NA,NA,NA,NA
"Norbert Kroker","bd441662-3955-11ef-b771-ab397f561917",NA,NA,1971,"10/31/1971","82b9ba52-3960-11ef-b37f-2906cc9fb6bc","away","SC Phönix Essen 1920","Hamburger SV",16,23,FALSE,4,NA,NA,0,0,0,NA,0,0,0,0,0,0,NA,NA,NA,NA,NA,NA,NA,NA,0,0,0,0,NA,NA,NA,NA,NA
"Michael Hattig","bd52f5b1-3955-11ef-ba0c-ab397f561917",NA,NA,1971,"10/31/1971","82b9ba52-3960-11ef-b37f-2906cc9fb6bc","away","SC Phönix Essen 1920","Hamburger SV",16,23,FALSE,4,NA,NA,0,0,1,NA,0,0,0,0,0,0,NA,NA,NA,NA,NA,NA,NA,NA,0,0,0,0,NA,NA,NA,NA,NA
"Herbert Buschmann","bd5ac595-3955-11ef-97f0-ab397f561917",NA,NA,1971,"10/31/1971","82b9ba52-3960-11ef-b37f-2906cc9fb6bc","away","SC Phönix Essen 1920","Hamburger SV",16,23,FALSE,0,NA,NA,0,0,0,NA,0,0,0,0,0,0,NA,NA,NA,NA,NA,NA,NA,NA,0,0,0,0,NA,NA,NA,NA,NA
"Peter Fischer","bd861af2-3955-11ef-a655-ab397f561917",NA,NA,1971,"10/31/1971","82b9ba52-3960-11ef-b37f-2906cc9fb6bc","away","SC Phönix Essen 1920","Hamburger SV",16,23,FALSE,0,NA,NA,0,0,0,NA,0,0,0,0,0,0,NA,NA,NA,NA,NA,NA,NA,NA,0,0,0,0,NA,NA,NA,NA,NA
"Carl-Bernd Behler","c79d213f-3955-11ef-a773-157c9bc18a5f",NA,NA,1971,"10/31/1971","82b9ba52-3960-11ef-b37f-2906cc9fb6bc","away","SC Phönix Essen 1920","Hamburger SV",16,23,FALSE,1,NA,NA,0,0,0,NA,0,0,0,0,0,0,NA,NA,NA,NA,NA,NA,NA,NA,0,0,0,0,NA,NA,NA,NA,NA
"Ernst Weise","c90cdba3-3955-11ef-b068-157c9bc18a5f",NA,NA,1971,"10/31/1971","82b9ba52-3960-11ef-b37f-2906cc9fb6bc","away","SC Phönix Essen 1920","Hamburger SV",16,23,FALSE,1,NA,NA,0,0,0,NA,0,0,0,0,0,0,NA,NA,NA,NA,NA,NA,NA,NA,0,0,0,0,NA,NA,NA,NA,NA
"Jochen Generotzki","c918430a-3955-11ef-bc40-157c9bc18a5f",NA,NA,1971,"10/31/1971","82b9ba52-3960-11ef-b37f-2906cc9fb6bc","away","SC Phönix Essen 1920","Hamburger SV",16,23,FALSE,2,NA,NA,0,0,0,NA,0,0,0,0,0,0,NA,NA,NA,NA,NA,NA,NA,NA,0,0,0,0,NA,NA,NA,NA,NA
"Hans Moser","7e83ce46-3955-11ef-830d-b908c60af10a",NA,NA,1971,"10/31/1971","8522ab95-3960-11ef-ad25-2906cc9fb6bc","home","TSV Milbertshofen","TV Hochdorf",15,16,FALSE,1,NA,NA,0,0,0,NA,0,0,0,0,0,0,NA,NA,NA,NA,NA,NA,NA,NA,0,0,0,0,NA,NA,NA,NA,NA
"Werner Winkelmeier","9712104e-3955-11ef-9613-292be3190b7b",NA,NA,1971,"10/31/1971","8522ab95-3960-11ef-ad25-2906cc9fb6bc","home","TSV Milbertshofen","TV Hochdorf",15,16,FALSE,0,NA,NA,0,0,0,NA,0,0,0,0,0,0,NA,NA,NA,NA,NA,NA,NA,NA,0,0,0,0,NA,NA,NA,NA,NA
"Josef Kiener","972d7d47-3955-11ef-a437-292be3190b7b",NA,NA,1971,"10/31/1971","8522ab95-3960-11ef-ad25-2906cc9fb6bc","home","TSV Milbertshofen","TV Hochdorf",15,16,FALSE,2,NA,NA,0,0,2,NA,0,0,0,0,0,0,NA,NA,NA,NA,NA,NA,NA,NA,0,0,0,0,NA,NA,NA,NA,NA
"Rudolf Dobler","97ac407c-3955-11ef-9ea9-292be3190b7b",NA,NA,1971,"10/31/1971","8522ab95-3960-11ef-ad25-2906cc9fb6bc","home","TSV Milbertshofen","TV Hochdorf",15,16,FALSE,0,NA,NA,0,0,0,NA,0,0,0,0,0,0,NA,NA,NA,NA,NA,NA,NA,NA,0,0,0,0,NA,NA,NA,NA,NA
"Helmut Schelchshorn","b1c960ef-3955-11ef-850b-a36230ada079",NA,NA,1971,"10/31/1971","8522ab95-3960-11ef-ad25-2906cc9fb6bc","home","TSV Milbertshofen","TV Hochdorf",15,16,FALSE,2,NA,NA,0,0,0,NA,0,0,0,0,0,0,NA,NA,NA,NA,NA,NA,NA,NA,0,0,0,0,NA,NA,NA,NA,NA
"Peter Feddern","bc1b1b3e-3955-11ef-9c4e-ab397f561917",NA,NA,1971,"10/31/1971","8522ab95-3960-11ef-ad25-2906cc9fb6bc","home","TSV Milbertshofen","TV Hochdorf",15,16,FALSE,1,NA,NA,0,0,0,NA,0,0,0,0,0,0,NA,NA,NA,NA,NA,NA,NA,NA,0,0,0,0,NA,NA,NA,NA,NA
"Herbert Staiger","c81d1d7c-3955-11ef-b36f-157c9bc18a5f",NA,NA,1971,"10/31/1971","8522ab95-3960-11ef-ad25-2906cc9fb6bc","home","TSV Milbertshofen","TV Hochdorf",15,16,FALSE,3,NA,NA,0,0,0,NA,0,0,0,0,0,0,NA,NA,NA,NA,NA,NA,NA,NA,0,0,0,0,NA,NA,NA,NA,NA
"Karl Donndorf","c821c668-3955-11ef-a20c-157c9bc18a5f",NA,NA,1971,"10/31/1971","8522ab95-3960-11ef-ad25-2906cc9fb6bc","home","TSV Milbertshofen","TV Hochdorf",15,16,FALSE,3,NA,NA,0,0,0,NA,0,0,0,0,0,0,NA,NA,NA,NA,NA,NA,NA,NA,0,0,0,0,NA,NA,NA,NA,NA
"Erich Loderer","c9a2ad0a-3955-11ef-9f7e-157c9bc18a5f",NA,NA,1971,"10/31/1971","8522ab95-3960-11ef-ad25-2906cc9fb6bc","home","TSV Milbertshofen","TV Hochdorf",15,16,FALSE,3,NA,NA,0,0,0,NA,0,0,0,0,0,0,NA,NA,NA,NA,NA,NA,NA,NA,0,0,0,0,NA,NA,NA,NA,NA
"Olaf Hoemke","c9a6b7e4-3955-11ef-a408-157c9bc18a5f",NA,NA,1971,"10/31/1971","8522ab95-3960-11ef-ad25-2906cc9fb6bc","home","TSV Milbertshofen","TV Hochdorf",15,16,FALSE,0,NA,NA,0,0,0,NA,0,0,0,0,0,0,NA,NA,NA,NA,NA,NA,NA,NA,0,0,0,0,NA,NA,NA,NA,NA
"Robert Becker","ae8c50f9-3955-11ef-91c4-a36230ada079",NA,NA,1971,"10/31/1971","8522ab95-3960-11ef-ad25-2906cc9fb6bc","away","TV Hochdorf","TSV Milbertshofen",16,15,TRUE,0,NA,NA,0,0,0,NA,0,0,0,0,0,0,NA,NA,NA,NA,NA,NA,NA,NA,0,0,0,0,NA,NA,NA,NA,NA
"Jürgen Hahn","ae947745-3955-11ef-bc54-a36230ada079",NA,NA,1971,"10/31/1971","8522ab95-3960-11ef-ad25-2906cc9fb6bc","away","TV Hochdorf","TSV Milbertshofen",16,15,TRUE,7,NA,NA,0,0,0,NA,0,0,0,0,0,0,NA,NA,NA,NA,NA,NA,NA,NA,0,0,0,0,NA,NA,NA,NA,NA
"Wilfried Job","af3ed007-3955-11ef-9184-a36230ada079",NA,NA,1971,"10/31/1971","8522ab95-3960-11ef-ad25-2906cc9fb6bc","away","TV Hochdorf","TSV Milbertshofen",16,15,TRUE,2,NA,NA,0,0,0,NA,0,0,0,0,0,0,NA,NA,NA,NA,NA,NA,NA,NA,0,0,0,0,NA,NA,NA,NA,NA
"Hans Stein","bde4861d-3955-11ef-a14e-ab397f561917",NA,NA,1971,"10/31/1971","8522ab95-3960-11ef-ad25-2906cc9fb6bc","away","TV Hochdorf","TSV Milbertshofen",16,15,TRUE,0,NA,NA,0,0,0,NA,0,0,0,0,0,0,NA,NA,NA,NA,NA,NA,NA,NA,0,0,0,0,NA,NA,NA,NA,NA
"Hans Schmitz","c9354efe-3955-11ef-b77a-157c9bc18a5f",NA,NA,1971,"10/31/1971","8522ab95-3960-11ef-ad25-2906cc9fb6bc","away","TV Hochdorf","TSV Milbertshofen",16,15,TRUE,0,NA,NA,0,0,0,NA,0,0,0,0,0,0,NA,NA,NA,NA,NA,NA,NA,NA,0,0,0,0,NA,NA,NA,NA,NA
"Werner Häfele","c9414487-3955-11ef-a5df-157c9bc18a5f",NA,NA,1971,"10/31/1971","8522ab95-3960-11ef-ad25-2906cc9fb6bc","away","TV Hochdorf","TSV Milbertshofen",16,15,TRUE,3,NA,NA,0,0,2,NA,0,0,0,0,0,0,NA,NA,NA,NA,NA,NA,NA,NA,0,0,0,0,NA,NA,NA,NA,NA
"Willi Butz","c945a2f1-3955-11ef-8b53-157c9bc18a5f",NA,NA,1971,"10/31/1971","8522ab95-3960-11ef-ad25-2906cc9fb6bc","away","TV Hochdorf","TSV Milbertshofen",16,15,TRUE,2,NA,NA,0,0,0,NA,0,0,0,0,0,0,NA,NA,NA,NA,NA,NA,NA,NA,0,0,0,0,NA,NA,NA,NA,NA
"Karl Schotter","c94ebb91-3955-11ef-9ec3-157c9bc18a5f",NA,NA,1971,"10/31/1971","8522ab95-3960-11ef-ad25-2906cc9fb6bc","away","TV Hochdorf","TSV Milbertshofen",16,15,TRUE,0,NA,NA,0,0,0,NA,0,0,0,0,0,0,NA,NA,NA,NA,NA,NA,NA,NA,0,0,0,0,NA,NA,NA,NA,NA
"Josef Ehmann","c957db2c-3955-11ef-b766-157c9bc18a5f",NA,NA,1971,"10/31/1971","8522ab95-3960-11ef-ad25-2906cc9fb6bc","away","TV Hochdorf","TSV Milbertshofen",16,15,TRUE,0,NA,NA,0,0,0,NA,0,0,0,0,0,0,NA,NA,NA,NA,NA,NA,NA,NA,0,0,0,0,NA,NA,NA,NA,NA
"Klaus Westebbe","8c58f63a-3955-11ef-b65e-81dc40648355",NA,NA,1971,"11/6/1971","80d583ee-3960-11ef-93ce-2906cc9fb6bc","home","VfL Gummersbach","Hamburger SV",18,14,TRUE,6,NA,NA,0,0,1,NA,0,0,0,0,0,0,NA,NA,NA,NA,NA,NA,NA,NA,0,0,0,0,NA,NA,NA,NA,NA
"Klaus Kater","8da1f6ef-3955-11ef-b31a-81dc40648355",NA,NA,1971,"11/6/1971","80d583ee-3960-11ef-93ce-2906cc9fb6bc","home","VfL Gummersbach","Hamburger SV",18,14,TRUE,0,NA,NA,0,0,0,NA,0,0,0,0,0,0,NA,NA,NA,NA,NA,NA,NA,NA,0,0,0,0,NA,NA,NA,NA,NA
"Klaus Schlagheck","97a06613-3955-11ef-8056-292be3190b7b",NA,NA,1971,"11/6/1971","80d583ee-3960-11ef-93ce-2906cc9fb6bc","home","VfL Gummersbach","Hamburger SV",18,14,TRUE,0,NA,NA,0,0,0,NA,0,0,0,0,0,0,NA,NA,NA,NA,NA,NA,NA,NA,0,0,0,0,NA,NA,NA,NA,NA
"Ulrich Ufer","a2c8cfa8-3955-11ef-8510-2510cc07ea6e",NA,NA,1971,"11/6/1971","80d583ee-3960-11ef-93ce-2906cc9fb6bc","home","VfL Gummersbach","Hamburger SV",18,14,TRUE,4,NA,NA,0,0,0,NA,0,0,0,0,0,0,NA,NA,NA,NA,NA,NA,NA,NA,0,0,0,0,NA,NA,NA,NA,NA
"Jochen Feldhoff","a32751a5-3955-11ef-badf-2510cc07ea6e",NA,NA,1971,"11/6/1971","80d583ee-3960-11ef-93ce-2906cc9fb6bc","home","VfL Gummersbach","Hamburger SV",18,14,TRUE,3,NA,NA,0,0,0,NA,0,0,0,0,0,0,NA,NA,NA,NA,NA,NA,NA,NA,0,0,0,0,NA,NA,NA,NA,NA
"Helmut Keller","ae2fb2ba-3955-11ef-b38f-a36230ada079",NA,NA,1971,"11/6/1971","80d583ee-3960-11ef-93ce-2906cc9fb6bc","home","VfL Gummersbach","Hamburger SV",18,14,TRUE,0,NA,NA,0,0,0,NA,0,0,0,0,0,0,NA,NA,NA,NA,NA,NA,NA,NA,0,0,0,0,NA,NA,NA,NA,NA
"Hans-Günther Schmidt","aff5702f-3955-11ef-9878-a36230ada079",NA,NA,1971,"11/6/1971","80d583ee-3960-11ef-93ce-2906cc9fb6bc","home","VfL Gummersbach","Hamburger SV",18,14,TRUE,3,NA,NA,0,0,0,NA,0,0,0,0,0,0,NA,NA,NA,NA,NA,NA,NA,NA,0,0,0,0,NA,NA,NA,NA,NA
"Jochen Brand","ba44375c-3955-11ef-a5d6-ab397f561917",NA,NA,1971,"11/6/1971","80d583ee-3960-11ef-93ce-2906cc9fb6bc","home","VfL Gummersbach","Hamburger SV",18,14,TRUE,0,NA,NA,0,0,0,NA,0,0,0,0,0,0,NA,NA,NA,NA,NA,NA,NA,NA,0,0,0,0,NA,NA,NA,NA,NA
"Uwe Braunschweig","ba4aaa94-3955-11ef-be97-ab397f561917",NA,NA,1971,"11/6/1971","80d583ee-3960-11ef-93ce-2906cc9fb6bc","home","VfL Gummersbach","Hamburger SV",18,14,TRUE,0,NA,NA,0,0,0,NA,0,0,0,0,0,0,NA,NA,NA,NA,NA,NA,NA,NA,0,0,0,0,NA,NA,NA,NA,NA
"Bruno Zay","bce5dbb8-3955-11ef-ac9b-ab397f561917",NA,NA,1971,"11/6/1971","80d583ee-3960-11ef-93ce-2906cc9fb6bc","home","VfL Gummersbach","Hamburger SV",18,14,TRUE,2,NA,NA,0,0,1,NA,0,0,0,0,0,0,NA,NA,NA,NA,NA,NA,NA,NA,0,0,0,0,NA,NA,NA,NA,NA
"Gerhard Leiste","c735d7ed-3955-11ef-b576-157c9bc18a5f",NA,NA,1971,"11/6/1971","80d583ee-3960-11ef-93ce-2906cc9fb6bc","home","VfL Gummersbach","Hamburger SV",18,14,TRUE,0,NA,NA,0,0,0,NA,0,0,0,0,0,0,NA,NA,NA,NA,NA,NA,NA,NA,0,0,0,0,NA,NA,NA,NA,NA
"Peter Pickel","8c973b42-3955-11ef-8c71-81dc40648355",NA,NA,1971,"11/6/1971","80d583ee-3960-11ef-93ce-2906cc9fb6bc","away","Hamburger SV","VfL Gummersbach",14,18,FALSE,2,NA,NA,0,0,2,NA,0,0,0,0,0,0,NA,NA,NA,NA,NA,NA,NA,NA,0,0,0,0,NA,NA,NA,NA,NA
"Jürgen Pflugbeil","a4aebf56-3955-11ef-99e3-2510cc07ea6e",NA,NA,1971,"11/6/1971","80d583ee-3960-11ef-93ce-2906cc9fb6bc","away","Hamburger SV","VfL Gummersbach",14,18,FALSE,0,NA,NA,0,0,0,NA,0,0,0,0,0,0,NA,NA,NA,NA,NA,NA,NA,NA,0,0,0,0,NA,NA,NA,NA,NA
"Diethard Finkelmann","a60bdcf9-3955-11ef-bfa1-2510cc07ea6e",NA,NA,1971,"11/6/1971","80d583ee-3960-11ef-93ce-2906cc9fb6bc","away","Hamburger SV","VfL Gummersbach",14,18,FALSE,0,NA,NA,0,0,0,NA,0,0,0,0,0,0,NA,NA,NA,NA,NA,NA,NA,NA,0,0,0,0,NA,NA,NA,NA,NA
"Hans-Jürgen Bode","b011e6da-3955-11ef-8205-a36230ada079",NA,NA,1971,"11/6/1971","80d583ee-3960-11ef-93ce-2906cc9fb6bc","away","Hamburger SV","VfL Gummersbach",14,18,FALSE,0,NA,NA,0,0,0,NA,0,0,0,0,0,0,NA,NA,NA,NA,NA,NA,NA,NA,0,0,0,0,NA,NA,NA,NA,NA
"Rainer Witt","b02adaad-3955-11ef-b8c4-a36230ada079",NA,NA,1971,"11/6/1971","80d583ee-3960-11ef-93ce-2906cc9fb6bc","away","Hamburger SV","VfL Gummersbach",14,18,FALSE,0,NA,NA,0,0,0,NA,0,0,0,0,0,0,NA,NA,NA,NA,NA,NA,NA,NA,0,0,0,0,NA,NA,NA,NA,NA
"Jens Ivers","b02f4aea-3955-11ef-801e-a36230ada079",NA,NA,1971,"11/6/1971","80d583ee-3960-11ef-93ce-2906cc9fb6bc","away","Hamburger SV","VfL Gummersbach",14,18,FALSE,3,NA,NA,0,0,0,NA,0,0,0,0,0,0,NA,NA,NA,NA,NA,NA,NA,NA,0,0,0,0,NA,NA,NA,NA,NA
"Hans-Joachim Beißel","b0341bcb-3955-11ef-9e08-a36230ada079",NA,NA,1971,"11/6/1971","80d583ee-3960-11ef-93ce-2906cc9fb6bc","away","Hamburger SV","VfL Gummersbach",14,18,FALSE,2,NA,NA,0,0,0,NA,0,0,0,0,0,0,NA,NA,NA,NA,NA,NA,NA,NA,0,0,0,0,NA,NA,NA,NA,NA
"Norbert Germer","b03f8101-3955-11ef-8945-a36230ada079",NA,NA,1971,"11/6/1971","80d583ee-3960-11ef-93ce-2906cc9fb6bc","away","Hamburger SV","VfL Gummersbach",14,18,FALSE,1,NA,NA,0,0,0,NA,0,0,0,0,0,0,NA,NA,NA,NA,NA,NA,NA,NA,0,0,0,0,NA,NA,NA,NA,NA
"Siegfried Berg","b10d3ec3-3955-11ef-8a30-a36230ada079",NA,NA,1971,"11/6/1971","80d583ee-3960-11ef-93ce-2906cc9fb6bc","away","Hamburger SV","VfL Gummersbach",14,18,FALSE,0,NA,NA,0,0,0,NA,0,0,0,0,0,0,NA,NA,NA,NA,NA,NA,NA,NA,0,0,0,0,NA,NA,NA,NA,NA
"Wolfgang Braun","b1a4c388-3955-11ef-92b7-a36230ada079",NA,NA,1971,"11/6/1971","80d583ee-3960-11ef-93ce-2906cc9fb6bc","away","Hamburger SV","VfL Gummersbach",14,18,FALSE,3,NA,NA,0,0,0,NA,0,0,0,0,0,0,NA,NA,NA,NA,NA,NA,NA,NA,0,0,0,0,NA,NA,NA,NA,NA
"Bernd Heiden","baf62966-3955-11ef-b7e1-ab397f561917",NA,NA,1971,"11/6/1971","80d583ee-3960-11ef-93ce-2906cc9fb6bc","away","Hamburger SV","VfL Gummersbach",14,18,FALSE,0,NA,NA,0,0,0,NA,0,0,0,0,0,0,NA,NA,NA,NA,NA,NA,NA,NA,0,0,0,0,NA,NA,NA,NA,NA
"Klaus Lange","bafb51f3-3955-11ef-9864-ab397f561917",NA,NA,1971,"11/6/1971","80d583ee-3960-11ef-93ce-2906cc9fb6bc","away","Hamburger SV","VfL Gummersbach",14,18,FALSE,3,NA,NA,0,0,0,NA,0,0,0,0,0,0,NA,NA,NA,NA,NA,NA,NA,NA,0,0,0,0,NA,NA,NA,NA,NA
"Holger Oertel","685d8d1c-3955-11ef-86af-292be3190b7b",NA,NA,1971,"11/6/1971","81e76df7-3960-11ef-99e6-2906cc9fb6bc","home","THW Kiel","GWD Minden",12,13,FALSE,0,NA,NA,0,0,0,NA,0,0,0,0,0,0,NA,NA,NA,NA,NA,NA,NA,NA,0,0,0,0,NA,NA,NA,NA,NA
"Hans-Jörg Graeper","964d8ebc-3955-11ef-a25b-292be3190b7b",NA,NA,1971,"11/6/1971","81e76df7-3960-11ef-99e6-2906cc9fb6bc","home","THW Kiel","GWD Minden",12,13,FALSE,0,NA,NA,0,0,0,NA,0,0,0,0,0,0,NA,NA,NA,NA,NA,NA,NA,NA,0,0,0,0,NA,NA,NA,NA,NA
"Gerd Welz","98273a90-3955-11ef-a3a2-292be3190b7b",NA,NA,1971,"11/6/1971","81e76df7-3960-11ef-99e6-2906cc9fb6bc","home","THW Kiel","GWD Minden",12,13,FALSE,1,NA,NA,0,0,0,NA,0,0,0,0,0,0,NA,NA,NA,NA,NA,NA,NA,NA,0,0,0,0,NA,NA,NA,NA,NA
"Volker Harbs","9995a6f3-3955-11ef-b74f-292be3190b7b",NA,NA,1971,"11/6/1971","81e76df7-3960-11ef-99e6-2906cc9fb6bc","home","THW Kiel","GWD Minden",12,13,FALSE,5,NA,NA,0,0,2,NA,0,0,0,0,0,0,NA,NA,NA,NA,NA,NA,NA,NA,0,0,0,0,NA,NA,NA,NA,NA
"Peter Prehn","b073ee0a-3955-11ef-8404-a36230ada079",NA,NA,1971,"11/6/1971","81e76df7-3960-11ef-99e6-2906cc9fb6bc","home","THW Kiel","GWD Minden",12,13,FALSE,0,NA,NA,0,0,0,NA,0,0,0,0,0,0,NA,NA,NA,NA,NA,NA,NA,NA,0,0,0,0,NA,NA,NA,NA,NA
"Peter Werk","b0784d6e-3955-11ef-9a85-a36230ada079",NA,NA,1971,"11/6/1971","81e76df7-3960-11ef-99e6-2906cc9fb6bc","home","THW Kiel","GWD Minden",12,13,FALSE,1,NA,NA,0,0,0,NA,0,0,0,0,0,0,NA,NA,NA,NA,NA,NA,NA,NA,0,0,0,0,NA,NA,NA,NA,NA
"Herwig Ahrendsen","b143192b-3955-11ef-bef0-a36230ada079",NA,NA,1971,"11/6/1971","81e76df7-3960-11ef-99e6-2906cc9fb6bc","home","THW Kiel","GWD Minden",12,13,FALSE,0,NA,NA,0,0,0,NA,0,0,0,0,0,0,NA,NA,NA,NA,NA,NA,NA,NA,0,0,0,0,NA,NA,NA,NA,NA
"Bernd Nielsen","b1480d2c-3955-11ef-8563-a36230ada079",NA,NA,1971,"11/6/1971","81e76df7-3960-11ef-99e6-2906cc9fb6bc","home","THW Kiel","GWD Minden",12,13,FALSE,2,NA,NA,0,0,0,NA,0,0,0,0,0,0,NA,NA,NA,NA,NA,NA,NA,NA,0,0,0,0,NA,NA,NA,NA,NA
"Hartwig Moll","b14ce7d8-3955-11ef-8cb5-a36230ada079",NA,NA,1971,"11/6/1971","81e76df7-3960-11ef-99e6-2906cc9fb6bc","home","THW Kiel","GWD Minden",12,13,FALSE,0,NA,NA,0,0,0,NA,0,0,0,0,0,0,NA,NA,NA,NA,NA,NA,NA,NA,0,0,0,0,NA,NA,NA,NA,NA
"Rainer Voigt","c7c742a9-3955-11ef-b542-157c9bc18a5f",NA,NA,1971,"11/6/1971","81e76df7-3960-11ef-99e6-2906cc9fb6bc","home","THW Kiel","GWD Minden",12,13,FALSE,0,NA,NA,0,0,0,NA,0,0,0,0,0,0,NA,NA,NA,NA,NA,NA,NA,NA,0,0,0,0,NA,NA,NA,NA,NA
"Dieter Baguhn","c7cbf017-3955-11ef-b1f7-157c9bc18a5f",NA,NA,1971,"11/6/1971","81e76df7-3960-11ef-99e6-2906cc9fb6bc","home","THW Kiel","GWD Minden",12,13,FALSE,0,NA,NA,0,0,0,NA,0,0,0,0,0,0,NA,NA,NA,NA,NA,NA,NA,NA,0,0,0,0,NA,NA,NA,NA,NA
"Bernd Struck","c7d4c3a5-3955-11ef-a743-157c9bc18a5f",NA,NA,1971,"11/6/1971","81e76df7-3960-11ef-99e6-2906cc9fb6bc","home","THW Kiel","GWD Minden",12,13,FALSE,3,NA,NA,0,0,3,NA,0,0,0,0,0,0,NA,NA,NA,NA,NA,NA,NA,NA,0,0,0,0,NA,NA,NA,NA,NA
"Hans-Jürgen Sulk","7ff6b175-3955-11ef-a103-b908c60af10a",NA,NA,1971,"11/6/1971","81e76df7-3960-11ef-99e6-2906cc9fb6bc","away","GWD Minden","THW Kiel",13,12,TRUE,0,NA,NA,0,0,0,NA,0,0,0,0,0,0,NA,NA,NA,NA,NA,NA,NA,NA,0,0,0,0,NA,NA,NA,NA,NA
"Gerald Schüler","96fc1532-3955-11ef-bddd-292be3190b7b",NA,NA,1971,"11/6/1971","81e76df7-3960-11ef-99e6-2906cc9fb6bc","away","GWD Minden","THW Kiel",13,12,TRUE,0,NA,NA,0,0,0,NA,0,0,0,0,0,0,NA,NA,NA,NA,NA,NA,NA,NA,0,0,0,0,NA,NA,NA,NA,NA
"Hans Kramer","98f50290-3955-11ef-8aa8-292be3190b7b",NA,NA,1971,"11/6/1971","81e76df7-3960-11ef-99e6-2906cc9fb6bc","away","GWD Minden","THW Kiel",13,12,TRUE,1,NA,NA,0,0,0,NA,0,0,0,0,0,0,NA,NA,NA,NA,NA,NA,NA,NA,0,0,0,0,NA,NA,NA,NA,NA
"Wilfried Meyer","a34b2aa0-3955-11ef-a79c-2510cc07ea6e",NA,NA,1971,"11/6/1971","81e76df7-3960-11ef-99e6-2906cc9fb6bc","away","GWD Minden","THW Kiel",13,12,TRUE,0,NA,NA,0,0,0,NA,0,0,0,0,0,0,NA,NA,NA,NA,NA,NA,NA,NA,0,0,0,0,NA,NA,NA,NA,NA
"Bernd Munck","ba5ee5e3-3955-11ef-9f80-ab397f561917",NA,NA,1971,"11/6/1971","81e76df7-3960-11ef-99e6-2906cc9fb6bc","away","GWD Minden","THW Kiel",13,12,TRUE,3,NA,NA,0,0,0,NA,0,0,0,0,0,0,NA,NA,NA,NA,NA,NA,NA,NA,0,0,0,0,NA,NA,NA,NA,NA
"Wilfried Drögemeier","ba63ada7-3955-11ef-a04d-ab397f561917",NA,NA,1971,"11/6/1971","81e76df7-3960-11ef-99e6-2906cc9fb6bc","away","GWD Minden","THW Kiel",13,12,TRUE,1,NA,NA,0,0,0,NA,0,0,0,0,0,0,NA,NA,NA,NA,NA,NA,NA,NA,0,0,0,0,NA,NA,NA,NA,NA
"Klaus Barlach","bcee5b38-3955-11ef-a026-ab397f561917",NA,NA,1971,"11/6/1971","81e76df7-3960-11ef-99e6-2906cc9fb6bc","away","GWD Minden","THW Kiel",13,12,TRUE,1,NA,NA,0,0,0,NA,0,0,0,0,0,0,NA,NA,NA,NA,NA,NA,NA,NA,0,0,0,0,NA,NA,NA,NA,NA
"Otto Weng","bcfbec1c-3955-11ef-b4f4-ab397f561917",NA,NA,1971,"11/6/1971","81e76df7-3960-11ef-99e6-2906cc9fb6bc","away","GWD Minden","THW Kiel",13,12,TRUE,5,NA,NA,0,0,3,NA,0,0,0,0,0,0,NA,NA,NA,NA,NA,NA,NA,NA,0,0,0,0,NA,NA,NA,NA,NA
"Burkhard Krocker","bcffdc62-3955-11ef-b52a-ab397f561917",NA,NA,1971,"11/6/1971","81e76df7-3960-11ef-99e6-2906cc9fb6bc","away","GWD Minden","THW Kiel",13,12,TRUE,1,NA,NA,0,0,0,NA,0,0,0,0,0,0,NA,NA,NA,NA,NA,NA,NA,NA,0,0,0,0,NA,NA,NA,NA,NA
"Manfred Horstkötter","c8a23936-3955-11ef-9884-157c9bc18a5f",NA,NA,1971,"11/6/1971","81e76df7-3960-11ef-99e6-2906cc9fb6bc","away","GWD Minden","THW Kiel",13,12,TRUE,1,NA,NA,0,0,0,NA,0,0,0,0,0,0,NA,NA,NA,NA,NA,NA,NA,NA,0,0,0,0,NA,NA,NA,NA,NA
"Herbert Rogge","b06614d7-3955-11ef-a43b-a36230ada079",NA,NA,1971,"11/6/1971","83f180fa-3960-11ef-903d-2906cc9fb6bc","home","VfL Lübeck-Schwartau","TSB Flensburg",22,14,TRUE,6,NA,NA,0,0,0,NA,0,0,0,0,0,0,NA,NA,NA,NA,NA,NA,NA,NA,0,0,0,0,NA,NA,NA,NA,NA
"Ingo Callies","b0b0659b-3955-11ef-87aa-a36230ada079",NA,NA,1971,"11/6/1971","83f180fa-3960-11ef-903d-2906cc9fb6bc","home","VfL Lübeck-Schwartau","TSB Flensburg",22,14,TRUE,2,NA,NA,0,0,0,NA,0,0,0,0,0,0,NA,NA,NA,NA,NA,NA,NA,NA,0,0,0,0,NA,NA,NA,NA,NA
"Michael Dogs","b0cecb4a-3955-11ef-b665-a36230ada079",NA,NA,1971,"11/6/1971","83f180fa-3960-11ef-903d-2906cc9fb6bc","home","VfL Lübeck-Schwartau","TSB Flensburg",22,14,TRUE,0,NA,NA,0,0,0,NA,0,0,0,0,0,0,NA,NA,NA,NA,NA,NA,NA,NA,0,0,0,0,NA,NA,NA,NA,NA
"Joachim Römer","b0dcb8e7-3955-11ef-83ab-a36230ada079",NA,NA,1971,"11/6/1971","83f180fa-3960-11ef-903d-2906cc9fb6bc","home","VfL Lübeck-Schwartau","TSB Flensburg",22,14,TRUE,1,NA,NA,0,0,0,NA,0,0,0,0,0,0,NA,NA,NA,NA,NA,NA,NA,NA,0,0,0,0,NA,NA,NA,NA,NA
"Peter Görtz","b0e9ae8f-3955-11ef-aa48-a36230ada079",NA,NA,1971,"11/6/1971","83f180fa-3960-11ef-903d-2906cc9fb6bc","home","VfL Lübeck-Schwartau","TSB Flensburg",22,14,TRUE,6,NA,NA,0,0,3,NA,0,0,0,0,0,0,NA,NA,NA,NA,NA,NA,NA,NA,0,0,0,0,NA,NA,NA,NA,NA
"Ulrich Kleinstoll","b0f37438-3955-11ef-84e6-a36230ada079",NA,NA,1971,"11/6/1971","83f180fa-3960-11ef-903d-2906cc9fb6bc","home","VfL Lübeck-Schwartau","TSB Flensburg",22,14,TRUE,0,NA,NA,0,0,0,NA,0,0,0,0,0,0,NA,NA,NA,NA,NA,NA,NA,NA,0,0,0,0,NA,NA,NA,NA,NA
"Hans-Martin Müller-Wolf","b1020054-3955-11ef-8e79-a36230ada079",NA,NA,1971,"11/6/1971","83f180fa-3960-11ef-903d-2906cc9fb6bc","home","VfL Lübeck-Schwartau","TSB Flensburg",22,14,TRUE,0,NA,NA,0,0,0,NA,0,0,0,0,0,0,NA,NA,NA,NA,NA,NA,NA,NA,0,0,0,0,NA,NA,NA,NA,NA
"Geert Geusendam","baee7cab-3955-11ef-95ba-ab397f561917",NA,NA,1971,"11/6/1971","83f180fa-3960-11ef-903d-2906cc9fb6bc","home","VfL Lübeck-Schwartau","TSB Flensburg",22,14,TRUE,0,NA,NA,0,0,0,NA,0,0,0,0,0,0,NA,NA,NA,NA,NA,NA,NA,NA,0,0,0,0,NA,NA,NA,NA,NA
"Georg Pohl","baff6cee-3955-11ef-a80f-ab397f561917",NA,NA,1971,"11/6/1971","83f180fa-3960-11ef-903d-2906cc9fb6bc","home","VfL Lübeck-Schwartau","TSB Flensburg",22,14,TRUE,0,NA,NA,0,0,0,NA,0,0,0,0,0,0,NA,NA,NA,NA,NA,NA,NA,NA,0,0,0,0,NA,NA,NA,NA,NA
"Jochen Krummland","c7b078f7-3955-11ef-932e-157c9bc18a5f",NA,NA,1971,"11/6/1971","83f180fa-3960-11ef-903d-2906cc9fb6bc","home","VfL Lübeck-Schwartau","TSB Flensburg",22,14,TRUE,4,NA,NA,0,0,0,NA,0,0,0,0,0,0,NA,NA,NA,NA,NA,NA,NA,NA,0,0,0,0,NA,NA,NA,NA,NA
"Jochen Hoffmann","c7bdef38-3955-11ef-8b6c-157c9bc18a5f",NA,NA,1971,"11/6/1971","83f180fa-3960-11ef-903d-2906cc9fb6bc","home","VfL Lübeck-Schwartau","TSB Flensburg",22,14,TRUE,1,NA,NA,0,0,0,NA,0,0,0,0,0,0,NA,NA,NA,NA,NA,NA,NA,NA,0,0,0,0,NA,NA,NA,NA,NA
"Bruno Zantop","c91cafd4-3955-11ef-9bbf-157c9bc18a5f",NA,NA,1971,"11/6/1971","83f180fa-3960-11ef-903d-2906cc9fb6bc","home","VfL Lübeck-Schwartau","TSB Flensburg",22,14,TRUE,2,NA,NA,0,0,0,NA,0,0,0,0,0,0,NA,NA,NA,NA,NA,NA,NA,NA,0,0,0,0,NA,NA,NA,NA,NA
"Hans-Joachim Krüger","989303b8-3955-11ef-ac0a-292be3190b7b",NA,NA,1971,"11/6/1971","83f180fa-3960-11ef-903d-2906cc9fb6bc","away","TSB Flensburg","VfL Lübeck-Schwartau",14,22,FALSE,4,NA,NA,0,0,0,NA,0,0,0,0,0,0,NA,NA,NA,NA,NA,NA,NA,NA,0,0,0,0,NA,NA,NA,NA,NA
"Ulrich Althoff","bb6c27f0-3955-11ef-9d06-ab397f561917",NA,NA,1971,"11/6/1971","83f180fa-3960-11ef-903d-2906cc9fb6bc","away","TSB Flensburg","VfL Lübeck-Schwartau",14,22,FALSE,0,NA,NA,0,0,0,NA,0,0,0,0,0,0,NA,NA,NA,NA,NA,NA,NA,NA,0,0,0,0,NA,NA,NA,NA,NA
"Helmut Wolff","c8c361d9-3955-11ef-b16f-157c9bc18a5f",NA,NA,1971,"11/6/1971","83f180fa-3960-11ef-903d-2906cc9fb6bc","away","TSB Flensburg","VfL Lübeck-Schwartau",14,22,FALSE,0,NA,NA,0,0,0,NA,0,0,0,0,0,0,NA,NA,NA,NA,NA,NA,NA,NA,0,0,0,0,NA,NA,NA,NA,NA
"Sönke Voß","c8c872dc-3955-11ef-8979-157c9bc18a5f",NA,NA,1971,"11/6/1971","83f180fa-3960-11ef-903d-2906cc9fb6bc","away","TSB Flensburg","VfL Lübeck-Schwartau",14,22,FALSE,0,NA,NA,0,0,0,NA,0,0,0,0,0,0,NA,NA,NA,NA,NA,NA,NA,NA,0,0,0,0,NA,NA,NA,NA,NA
"Trutz Kob","c8ccf221-3955-11ef-8f6f-157c9bc18a5f",NA,NA,1971,"11/6/1971","83f180fa-3960-11ef-903d-2906cc9fb6bc","away","TSB Flensburg","VfL Lübeck-Schwartau",14,22,FALSE,2,NA,NA,0,0,0,NA,0,0,0,0,0,0,NA,NA,NA,NA,NA,NA,NA,NA,0,0,0,0,NA,NA,NA,NA,NA
"Gerhard Brast","c8d5c599-3955-11ef-8eef-157c9bc18a5f",NA,NA,1971,"11/6/1971","83f180fa-3960-11ef-903d-2906cc9fb6bc","away","TSB Flensburg","VfL Lübeck-Schwartau",14,22,FALSE,5,NA,NA,0,0,2,NA,0,0,0,0,0,0,NA,NA,NA,NA,NA,NA,NA,NA,0,0,0,0,NA,NA,NA,NA,NA
"Günter Jensen","c8d9f473-3955-11ef-9c30-157c9bc18a5f",NA,NA,1971,"11/6/1971","83f180fa-3960-11ef-903d-2906cc9fb6bc","away","TSB Flensburg","VfL Lübeck-Schwartau",14,22,FALSE,1,NA,NA,0,0,0,NA,0,0,0,0,0,0,NA,NA,NA,NA,NA,NA,NA,NA,0,0,0,0,NA,NA,NA,NA,NA
"Claus Karstens","c8de58ae-3955-11ef-9aa5-157c9bc18a5f",NA,NA,1971,"11/6/1971","83f180fa-3960-11ef-903d-2906cc9fb6bc","away","TSB Flensburg","VfL Lübeck-Schwartau",14,22,FALSE,0,NA,NA,0,0,0,NA,0,0,0,0,0,0,NA,NA,NA,NA,NA,NA,NA,NA,0,0,0,0,NA,NA,NA,NA,NA
"Rolf Asmussen","c8e24957-3955-11ef-86ce-157c9bc18a5f",NA,NA,1971,"11/6/1971","83f180fa-3960-11ef-903d-2906cc9fb6bc","away","TSB Flensburg","VfL Lübeck-Schwartau",14,22,FALSE,1,NA,NA,0,0,0,NA,0,0,0,0,0,0,NA,NA,NA,NA,NA,NA,NA,NA,0,0,0,0,NA,NA,NA,NA,NA
"Knud Börnsen","c8e6ee04-3955-11ef-bb81-157c9bc18a5f",NA,NA,1971,"11/6/1971","83f180fa-3960-11ef-903d-2906cc9fb6bc","away","TSB Flensburg","VfL Lübeck-Schwartau",14,22,FALSE,1,NA,NA,0,0,0,NA,0,0,0,0,0,0,NA,NA,NA,NA,NA,NA,NA,NA,0,0,0,0,NA,NA,NA,NA,NA
"Uwe Dahlinger","c8ef76f2-3955-11ef-add0-157c9bc18a5f",NA,NA,1971,"11/6/1971","83f180fa-3960-11ef-903d-2906cc9fb6bc","away","TSB Flensburg","VfL Lübeck-Schwartau",14,22,FALSE,0,NA,NA,0,0,0,NA,0,0,0,0,0,0,NA,NA,NA,NA,NA,NA,NA,NA,0,0,0,0,NA,NA,NA,NA,NA
"Heinz-Werner Kuhn","c8f40ff2-3955-11ef-89ee-157c9bc18a5f",NA,NA,1971,"11/6/1971","83f180fa-3960-11ef-903d-2906cc9fb6bc","away","TSB Flensburg","VfL Lübeck-Schwartau",14,22,FALSE,0,NA,NA,0,0,0,NA,0,0,0,0,0,0,NA,NA,NA,NA,NA,NA,NA,NA,0,0,0,0,NA,NA,NA,NA,NA
"Robert Becker","ae8c50f9-3955-11ef-91c4-a36230ada079",NA,NA,1971,"11/6/1971","85337b66-3960-11ef-a10b-2906cc9fb6bc","home","TV Hochdorf","SG Dietzenbach",16,9,TRUE,1,NA,NA,0,0,0,NA,0,0,0,0,0,0,NA,NA,NA,NA,NA,NA,NA,NA,0,0,0,0,NA,NA,NA,NA,NA
"Jürgen Hahn","ae947745-3955-11ef-bc54-a36230ada079",NA,NA,1971,"11/6/1971","85337b66-3960-11ef-a10b-2906cc9fb6bc","home","TV Hochdorf","SG Dietzenbach",16,9,TRUE,2,NA,NA,0,0,0,NA,0,0,0,0,0,0,NA,NA,NA,NA,NA,NA,NA,NA,0,0,0,0,NA,NA,NA,NA,NA
"Wilfried Job","af3ed007-3955-11ef-9184-a36230ada079",NA,NA,1971,"11/6/1971","85337b66-3960-11ef-a10b-2906cc9fb6bc","home","TV Hochdorf","SG Dietzenbach",16,9,TRUE,2,NA,NA,0,0,0,NA,0,0,0,0,0,0,NA,NA,NA,NA,NA,NA,NA,NA,0,0,0,0,NA,NA,NA,NA,NA
"Hans Stein","bde4861d-3955-11ef-a14e-ab397f561917",NA,NA,1971,"11/6/1971","85337b66-3960-11ef-a10b-2906cc9fb6bc","home","TV Hochdorf","SG Dietzenbach",16,9,TRUE,3,NA,NA,0,0,0,NA,0,0,0,0,0,0,NA,NA,NA,NA,NA,NA,NA,NA,0,0,0,0,NA,NA,NA,NA,NA
"Werner Häfele","c9414487-3955-11ef-a5df-157c9bc18a5f",NA,NA,1971,"11/6/1971","85337b66-3960-11ef-a10b-2906cc9fb6bc","home","TV Hochdorf","SG Dietzenbach",16,9,TRUE,2,NA,NA,0,0,2,NA,0,0,0,0,0,0,NA,NA,NA,NA,NA,NA,NA,NA,0,0,0,0,NA,NA,NA,NA,NA
"Willi Butz","c945a2f1-3955-11ef-8b53-157c9bc18a5f",NA,NA,1971,"11/6/1971","85337b66-3960-11ef-a10b-2906cc9fb6bc","home","TV Hochdorf","SG Dietzenbach",16,9,TRUE,1,NA,NA,0,0,0,NA,0,0,0,0,0,0,NA,NA,NA,NA,NA,NA,NA,NA,0,0,0,0,NA,NA,NA,NA,NA
"Karl Schotter","c94ebb91-3955-11ef-9ec3-157c9bc18a5f",NA,NA,1971,"11/6/1971","85337b66-3960-11ef-a10b-2906cc9fb6bc","home","TV Hochdorf","SG Dietzenbach",16,9,TRUE,0,NA,NA,0,0,0,NA,0,0,0,0,0,0,NA,NA,NA,NA,NA,NA,NA,NA,0,0,0,0,NA,NA,NA,NA,NA
"Werner Matill","c9539495-3955-11ef-9bff-157c9bc18a5f",NA,NA,1971,"11/6/1971","85337b66-3960-11ef-a10b-2906cc9fb6bc","home","TV Hochdorf","SG Dietzenbach",16,9,TRUE,2,NA,NA,0,0,0,NA,0,0,0,0,0,0,NA,NA,NA,NA,NA,NA,NA,NA,0,0,0,0,NA,NA,NA,NA,NA
"Josef Ehmann","c957db2c-3955-11ef-b766-157c9bc18a5f",NA,NA,1971,"11/6/1971","85337b66-3960-11ef-a10b-2906cc9fb6bc","home","TV Hochdorf","SG Dietzenbach",16,9,TRUE,0,NA,NA,0,0,0,NA,0,0,0,0,0,0,NA,NA,NA,NA,NA,NA,NA,NA,0,0,0,0,NA,NA,NA,NA,NA
"Peter Fenn","96d23185-3955-11ef-bbcf-292be3190b7b",NA,NA,1971,"11/6/1971","85337b66-3960-11ef-a10b-2906cc9fb6bc","away","SG Dietzenbach","TV Hochdorf",9,16,FALSE,0,NA,NA,0,0,0,NA,0,0,0,0,0,0,NA,NA,NA,NA,NA,NA,NA,NA,0,0,0,0,NA,NA,NA,NA,NA
"Herbert Wehnert","96e104db-3955-11ef-b58d-292be3190b7b",NA,NA,1971,"11/6/1971","85337b66-3960-11ef-a10b-2906cc9fb6bc","away","SG Dietzenbach","TV Hochdorf",9,16,FALSE,0,NA,NA,0,0,0,NA,0,0,0,0,0,0,NA,NA,NA,NA,NA,NA,NA,NA,0,0,0,0,NA,NA,NA,NA,NA
"Manfred Merk","a2e89182-3955-11ef-b7cf-2510cc07ea6e",NA,NA,1971,"11/6/1971","85337b66-3960-11ef-a10b-2906cc9fb6bc","away","SG Dietzenbach","TV Hochdorf",9,16,FALSE,2,NA,NA,0,0,0,NA,0,0,0,0,0,0,NA,NA,NA,NA,NA,NA,NA,NA,0,0,0,0,NA,NA,NA,NA,NA
"Heinrich Baum","af2c6c48-3955-11ef-964a-a36230ada079",NA,NA,1971,"11/6/1971","85337b66-3960-11ef-a10b-2906cc9fb6bc","away","SG Dietzenbach","TV Hochdorf",9,16,FALSE,2,NA,NA,0,0,0,NA,0,0,0,0,0,0,NA,NA,NA,NA,NA,NA,NA,NA,0,0,0,0,NA,NA,NA,NA,NA
"Klaus Rettig","b1d1aa4c-3955-11ef-baf9-a36230ada079",NA,NA,1971,"11/6/1971","85337b66-3960-11ef-a10b-2906cc9fb6bc","away","SG Dietzenbach","TV Hochdorf",9,16,FALSE,2,NA,NA,0,0,0,NA,0,0,0,0,0,0,NA,NA,NA,NA,NA,NA,NA,NA,0,0,0,0,NA,NA,NA,NA,NA
"Werner Conrad","b1d9e0f0-3955-11ef-8356-a36230ada079",NA,NA,1971,"11/6/1971","85337b66-3960-11ef-a10b-2906cc9fb6bc","away","SG Dietzenbach","TV Hochdorf",9,16,FALSE,0,NA,NA,0,0,0,NA,0,0,0,0,0,0,NA,NA,NA,NA,NA,NA,NA,NA,0,0,0,0,NA,NA,NA,NA,NA
"Peter Eckert","c67b9c79-3955-11ef-8f02-157c9bc18a5f",NA,NA,1971,"11/6/1971","85337b66-3960-11ef-a10b-2906cc9fb6bc","away","SG Dietzenbach","TV Hochdorf",9,16,FALSE,0,NA,NA,0,0,0,NA,0,0,0,0,0,0,NA,NA,NA,NA,NA,NA,NA,NA,0,0,0,0,NA,NA,NA,NA,NA
"Norbert Kern","c6961a09-3955-11ef-8bcc-157c9bc18a5f",NA,NA,1971,"11/6/1971","85337b66-3960-11ef-a10b-2906cc9fb6bc","away","SG Dietzenbach","TV Hochdorf",9,16,FALSE,1,NA,NA,0,0,0,NA,0,0,0,0,0,0,NA,NA,NA,NA,NA,NA,NA,NA,0,0,0,0,NA,NA,NA,NA,NA
"Günther Rebel","c808988c-3955-11ef-af62-157c9bc18a5f",NA,NA,1971,"11/6/1971","85337b66-3960-11ef-a10b-2906cc9fb6bc","away","SG Dietzenbach","TV Hochdorf",9,16,FALSE,2,NA,NA,0,0,2,NA,0,0,0,0,0,0,NA,NA,NA,NA,NA,NA,NA,NA,0,0,0,0,NA,NA,NA,NA,NA
"Wolfgang Stolz","999eb14b-3955-11ef-bbce-292be3190b7b",NA,NA,1971,"11/6/1971","8be261b4-3960-11ef-9c98-9b08c5d4c173","home","SpVgg 1887 Möhringen","S3L Handball",12,19,FALSE,1,NA,NA,0,0,0,NA,0,0,0,0,0,0,NA,NA,NA,NA,NA,NA,NA,NA,0,0,0,0,NA,NA,NA,NA,NA
"Hermann Mäurle","a44f95e3-3955-11ef-b53d-2510cc07ea6e",NA,NA,1971,"11/6/1971","8be261b4-3960-11ef-9c98-9b08c5d4c173","home","SpVgg 1887 Möhringen","S3L Handball",12,19,FALSE,3,NA,NA,0,0,0,NA,0,0,0,0,0,0,NA,NA,NA,NA,NA,NA,NA,NA,0,0,0,0,NA,NA,NA,NA,NA
"Wolf-Dieter Rösner","c82bae19-3955-11ef-a06e-157c9bc18a5f",NA,NA,1971,"11/6/1971","8be261b4-3960-11ef-9c98-9b08c5d4c173","home","SpVgg 1887 Möhringen","S3L Handball",12,19,FALSE,0,NA,NA,0,0,0,NA,0,0,0,0,0,0,NA,NA,NA,NA,NA,NA,NA,NA,0,0,0,0,NA,NA,NA,NA,NA
"Karl-Heinz Wolf","c8354cdd-3955-11ef-a1d6-157c9bc18a5f",NA,NA,1971,"11/6/1971","8be261b4-3960-11ef-9c98-9b08c5d4c173","home","SpVgg 1887 Möhringen","S3L Handball",12,19,FALSE,2,NA,NA,0,0,0,NA,0,0,0,0,0,0,NA,NA,NA,NA,NA,NA,NA,NA,0,0,0,0,NA,NA,NA,NA,NA
"Gerd-Volker Stock","c8397c3c-3955-11ef-af12-157c9bc18a5f",NA,NA,1971,"11/6/1971","8be261b4-3960-11ef-9c98-9b08c5d4c173","home","SpVgg 1887 Möhringen","S3L Handball",12,19,FALSE,1,NA,NA,0,0,0,NA,0,0,0,0,0,0,NA,NA,NA,NA,NA,NA,NA,NA,0,0,0,0,NA,NA,NA,NA,NA
"Folker Baur","c83d9af6-3955-11ef-9e5e-157c9bc18a5f",NA,NA,1971,"11/6/1971","8be261b4-3960-11ef-9c98-9b08c5d4c173","home","SpVgg 1887 Möhringen","S3L Handball",12,19,FALSE,0,NA,NA,0,0,0,NA,0,0,0,0,0,0,NA,NA,NA,NA,NA,NA,NA,NA,0,0,0,0,NA,NA,NA,NA,NA
"Dieter Schuh","c84c4c54-3955-11ef-9d35-157c9bc18a5f",NA,NA,1971,"11/6/1971","8be261b4-3960-11ef-9c98-9b08c5d4c173","home","SpVgg 1887 Möhringen","S3L Handball",12,19,FALSE,1,NA,NA,0,0,0,NA,0,0,0,0,0,0,NA,NA,NA,NA,NA,NA,NA,NA,0,0,0,0,NA,NA,NA,NA,NA
"Lothar Scheffel","c850996c-3955-11ef-94a7-157c9bc18a5f",NA,NA,1971,"11/6/1971","8be261b4-3960-11ef-9c98-9b08c5d4c173","home","SpVgg 1887 Möhringen","S3L Handball",12,19,FALSE,0,NA,NA,0,0,0,NA,0,0,0,0,0,0,NA,NA,NA,NA,NA,NA,NA,NA,0,0,0,0,NA,NA,NA,NA,NA
"Robert Bach","c85fda21-3955-11ef-9bd8-157c9bc18a5f",NA,NA,1971,"11/6/1971","8be261b4-3960-11ef-9c98-9b08c5d4c173","home","SpVgg 1887 Möhringen","S3L Handball",12,19,FALSE,1,NA,NA,0,0,0,NA,0,0,0,0,0,0,NA,NA,NA,NA,NA,NA,NA,NA,0,0,0,0,NA,NA,NA,NA,NA
"Karl-Heinz Steinbach","c864fc61-3955-11ef-bc13-157c9bc18a5f",NA,NA,1971,"11/6/1971","8be261b4-3960-11ef-9c98-9b08c5d4c173","home","SpVgg 1887 Möhringen","S3L Handball",12,19,FALSE,1,NA,NA,0,0,0,NA,0,0,0,0,0,0,NA,NA,NA,NA,NA,NA,NA,NA,0,0,0,0,NA,NA,NA,NA,NA
"Wolfgang Schall","c869381d-3955-11ef-a2ed-157c9bc18a5f",NA,NA,1971,"11/6/1971","8be261b4-3960-11ef-9c98-9b08c5d4c173","home","SpVgg 1887 Möhringen","S3L Handball",12,19,FALSE,2,NA,NA,0,0,0,NA,0,0,0,0,0,0,NA,NA,NA,NA,NA,NA,NA,NA,0,0,0,0,NA,NA,NA,NA,NA
"Georg Fitz","ae68320c-3955-11ef-89fa-a36230ada079",NA,NA,1971,"11/6/1971","8be261b4-3960-11ef-9c98-9b08c5d4c173","away","S3L Handball","SpVgg 1887 Möhringen",19,12,TRUE,1,NA,NA,0,0,0,NA,0,0,0,0,0,0,NA,NA,NA,NA,NA,NA,NA,NA,0,0,0,0,NA,NA,NA,NA,NA
"Rolf Kuchenbecker","ae99100e-3955-11ef-9c32-a36230ada079",NA,NA,1971,"11/6/1971","8be261b4-3960-11ef-9c98-9b08c5d4c173","away","S3L Handball","SpVgg 1887 Möhringen",19,12,TRUE,0,NA,NA,0,0,0,NA,0,0,0,0,0,0,NA,NA,NA,NA,NA,NA,NA,NA,0,0,0,0,NA,NA,NA,NA,NA
"Hansjörg Jäck","b166bd31-3955-11ef-bed1-a36230ada079",NA,NA,1971,"11/6/1971","8be261b4-3960-11ef-9c98-9b08c5d4c173","away","S3L Handball","SpVgg 1887 Möhringen",19,12,TRUE,0,NA,NA,0,0,0,NA,0,0,0,0,0,0,NA,NA,NA,NA,NA,NA,NA,NA,0,0,0,0,NA,NA,NA,NA,NA
"Markus Hädrich","ba389acc-3955-11ef-8b9d-ab397f561917",NA,NA,1971,"11/6/1971","8be261b4-3960-11ef-9c98-9b08c5d4c173","away","S3L Handball","SpVgg 1887 Möhringen",19,12,TRUE,2,NA,NA,0,0,0,NA,0,0,0,0,0,0,NA,NA,NA,NA,NA,NA,NA,NA,0,0,0,0,NA,NA,NA,NA,NA
"Jens Schmitt","bb8d4110-3955-11ef-8fb2-ab397f561917",NA,NA,1971,"11/6/1971","8be261b4-3960-11ef-9c98-9b08c5d4c173","away","S3L Handball","SpVgg 1887 Möhringen",19,12,TRUE,0,NA,NA,0,0,0,NA,0,0,0,0,0,0,NA,NA,NA,NA,NA,NA,NA,NA,0,0,0,0,NA,NA,NA,NA,NA
"Werner Pruscha","bb9c8e56-3955-11ef-ac18-ab397f561917",NA,NA,1971,"11/6/1971","8be261b4-3960-11ef-9c98-9b08c5d4c173","away","S3L Handball","SpVgg 1887 Möhringen",19,12,TRUE,2,NA,NA,0,0,0,NA,0,0,0,0,0,0,NA,NA,NA,NA,NA,NA,NA,NA,0,0,0,0,NA,NA,NA,NA,NA
"Wolfhardt Bühler","bba2fc92-3955-11ef-a8d6-ab397f561917",NA,NA,1971,"11/6/1971","8be261b4-3960-11ef-9c98-9b08c5d4c173","away","S3L Handball","SpVgg 1887 Möhringen",19,12,TRUE,2,NA,NA,0,0,0,NA,0,0,0,0,0,0,NA,NA,NA,NA,NA,NA,NA,NA,0,0,0,0,NA,NA,NA,NA,NA
"Arno Schandin","bded1584-3955-11ef-8a76-ab397f561917",NA,NA,1971,"11/6/1971","8be261b4-3960-11ef-9c98-9b08c5d4c173","away","S3L Handball","SpVgg 1887 Möhringen",19,12,TRUE,4,NA,NA,0,0,0,NA,0,0,0,0,0,0,NA,NA,NA,NA,NA,NA,NA,NA,0,0,0,0,NA,NA,NA,NA,NA
"Herbert Hönnige","c7e7cc14-3955-11ef-af0e-157c9bc18a5f",NA,NA,1971,"11/6/1971","8be261b4-3960-11ef-9c98-9b08c5d4c173","away","S3L Handball","SpVgg 1887 Möhringen",19,12,TRUE,5,NA,NA,0,0,1,NA,0,0,0,0,0,0,NA,NA,NA,NA,NA,NA,NA,NA,0,0,0,0,NA,NA,NA,NA,NA
"Jürgen Plambeck","c95d267b-3955-11ef-9a98-157c9bc18a5f",NA,NA,1971,"11/6/1971","8be261b4-3960-11ef-9c98-9b08c5d4c173","away","S3L Handball","SpVgg 1887 Möhringen",19,12,TRUE,1,NA,NA,0,0,0,NA,0,0,0,0,0,0,NA,NA,NA,NA,NA,NA,NA,NA,0,0,0,0,NA,NA,NA,NA,NA
"Rolf Seltner","c96574fc-3955-11ef-a37f-157c9bc18a5f",NA,NA,1971,"11/6/1971","8be261b4-3960-11ef-9c98-9b08c5d4c173","away","S3L Handball","SpVgg 1887 Möhringen",19,12,TRUE,2,NA,NA,0,0,0,NA,0,0,0,0,0,0,NA,NA,NA,NA,NA,NA,NA,NA,0,0,0,0,NA,NA,NA,NA,NA
"Kurt Klühspies","5ac3e7d7-3955-11ef-b574-4fa817cd91bb",NA,NA,1971,"11/6/1971","8c9cb8ee-3960-11ef-b6d9-9b08c5d4c173","home","TV Großwallstadt","TSV 1896 Rintheim",19,14,TRUE,0,NA,NA,0,0,0,NA,0,0,0,0,0,0,NA,NA,NA,NA,NA,NA,NA,NA,0,0,0,0,NA,NA,NA,NA,NA
"Manfred Hofmann","6855eb0b-3955-11ef-8cb3-292be3190b7b",NA,NA,1971,"11/6/1971","8c9cb8ee-3960-11ef-b6d9-9b08c5d4c173","home","TV Großwallstadt","TSV 1896 Rintheim",19,14,TRUE,0,NA,NA,0,0,0,NA,0,0,0,0,0,0,NA,NA,NA,NA,NA,NA,NA,NA,0,0,0,0,NA,NA,NA,NA,NA
"Manfred Schwarz","96d98e53-3955-11ef-a3c9-292be3190b7b",NA,NA,1971,"11/6/1971","8c9cb8ee-3960-11ef-b6d9-9b08c5d4c173","home","TV Großwallstadt","TSV 1896 Rintheim",19,14,TRUE,0,NA,NA,0,0,0,NA,0,0,0,0,0,0,NA,NA,NA,NA,NA,NA,NA,NA,0,0,0,0,NA,NA,NA,NA,NA
"Wolfgang Dümig","978dc3fc-3955-11ef-b042-292be3190b7b",NA,NA,1971,"11/6/1971","8c9cb8ee-3960-11ef-b6d9-9b08c5d4c173","home","TV Großwallstadt","TSV 1896 Rintheim",19,14,TRUE,0,NA,NA,0,0,0,NA,0,0,0,0,0,0,NA,NA,NA,NA,NA,NA,NA,NA,0,0,0,0,NA,NA,NA,NA,NA
"Eckhardt Suffel","aeac0503-3955-11ef-88c6-a36230ada079",NA,NA,1971,"11/6/1971","8c9cb8ee-3960-11ef-b6d9-9b08c5d4c173","home","TV Großwallstadt","TSV 1896 Rintheim",19,14,TRUE,1,NA,NA,0,0,0,NA,0,0,0,0,0,0,NA,NA,NA,NA,NA,NA,NA,NA,0,0,0,0,NA,NA,NA,NA,NA
"Peter Kuß","bbc18adb-3955-11ef-a5f7-ab397f561917",NA,NA,1971,"11/6/1971","8c9cb8ee-3960-11ef-b6d9-9b08c5d4c173","home","TV Großwallstadt","TSV 1896 Rintheim",19,14,TRUE,4,NA,NA,0,0,0,NA,0,0,0,0,0,0,NA,NA,NA,NA,NA,NA,NA,NA,0,0,0,0,NA,NA,NA,NA,NA
"Rainer Oberle","be123408-3955-11ef-92a6-ab397f561917",NA,NA,1971,"11/6/1971","8c9cb8ee-3960-11ef-b6d9-9b08c5d4c173","home","TV Großwallstadt","TSV 1896 Rintheim",19,14,TRUE,2,NA,NA,0,0,0,NA,0,0,0,0,0,0,NA,NA,NA,NA,NA,NA,NA,NA,0,0,0,0,NA,NA,NA,NA,NA
"Josef Karrer","be167639-3955-11ef-ac70-ab397f561917",NA,NA,1971,"11/6/1971","8c9cb8ee-3960-11ef-b6d9-9b08c5d4c173","home","TV Großwallstadt","TSV 1896 Rintheim",19,14,TRUE,8,NA,NA,0,0,5,NA,0,0,0,0,0,0,NA,NA,NA,NA,NA,NA,NA,NA,0,0,0,0,NA,NA,NA,NA,NA
"Arthur Lichtlein","c7f5ba49-3955-11ef-827c-157c9bc18a5f",NA,NA,1971,"11/6/1971","8c9cb8ee-3960-11ef-b6d9-9b08c5d4c173","home","TV Großwallstadt","TSV 1896 Rintheim",19,14,TRUE,0,NA,NA,0,0,0,NA,0,0,0,0,0,0,NA,NA,NA,NA,NA,NA,NA,NA,0,0,0,0,NA,NA,NA,NA,NA
"Klaus Klühspies","c9723883-3955-11ef-b2da-157c9bc18a5f",NA,NA,1971,"11/6/1971","8c9cb8ee-3960-11ef-b6d9-9b08c5d4c173","home","TV Großwallstadt","TSV 1896 Rintheim",19,14,TRUE,1,NA,NA,0,0,0,NA,0,0,0,0,0,0,NA,NA,NA,NA,NA,NA,NA,NA,0,0,0,0,NA,NA,NA,NA,NA
"Hans Amberg","c976a145-3955-11ef-9331-157c9bc18a5f",NA,NA,1971,"11/6/1971","8c9cb8ee-3960-11ef-b6d9-9b08c5d4c173","home","TV Großwallstadt","TSV 1896 Rintheim",19,14,TRUE,3,NA,NA,0,0,0,NA,0,0,0,0,0,0,NA,NA,NA,NA,NA,NA,NA,NA,0,0,0,0,NA,NA,NA,NA,NA
"Gerhard Gaiser","7fd4e3db-3955-11ef-b327-b908c60af10a",NA,NA,1971,"11/6/1971","8c9cb8ee-3960-11ef-b6d9-9b08c5d4c173","away","TSV 1896 Rintheim","TV Großwallstadt",14,19,FALSE,5,NA,NA,0,0,0,NA,0,0,0,0,0,0,NA,NA,NA,NA,NA,NA,NA,NA,0,0,0,0,NA,NA,NA,NA,NA
"Wolf-Dieter Nagel","8d41486b-3955-11ef-8d22-81dc40648355",NA,NA,1971,"11/6/1971","8c9cb8ee-3960-11ef-b6d9-9b08c5d4c173","away","TSV 1896 Rintheim","TV Großwallstadt",14,19,FALSE,2,NA,NA,0,0,0,NA,0,0,0,0,0,0,NA,NA,NA,NA,NA,NA,NA,NA,0,0,0,0,NA,NA,NA,NA,NA
"Franz Bechler","98035d7e-3955-11ef-8b94-292be3190b7b",NA,NA,1971,"11/6/1971","8c9cb8ee-3960-11ef-b6d9-9b08c5d4c173","away","TSV 1896 Rintheim","TV Großwallstadt",14,19,FALSE,0,NA,NA,0,0,0,NA,0,0,0,0,0,0,NA,NA,NA,NA,NA,NA,NA,NA,0,0,0,0,NA,NA,NA,NA,NA
"Bernd Seibel","bc6670d9-3955-11ef-b849-ab397f561917",NA,NA,1971,"11/6/1971","8c9cb8ee-3960-11ef-b6d9-9b08c5d4c173","away","TSV 1896 Rintheim","TV Großwallstadt",14,19,FALSE,0,NA,NA,0,0,0,NA,0,0,0,0,0,0,NA,NA,NA,NA,NA,NA,NA,NA,0,0,0,0,NA,NA,NA,NA,NA
"Wolfgang Dillenberger","bc6a40c8-3955-11ef-8c9f-ab397f561917",NA,NA,1971,"11/6/1971","8c9cb8ee-3960-11ef-b6d9-9b08c5d4c173","away","TSV 1896 Rintheim","TV Großwallstadt",14,19,FALSE,1,NA,NA,0,0,0,NA,0,0,0,0,0,0,NA,NA,NA,NA,NA,NA,NA,NA,0,0,0,0,NA,NA,NA,NA,NA
"Max Ullrich","c6e110c6-3955-11ef-83e4-157c9bc18a5f",NA,NA,1971,"11/6/1971","8c9cb8ee-3960-11ef-b6d9-9b08c5d4c173","away","TSV 1896 Rintheim","TV Großwallstadt",14,19,FALSE,0,NA,NA,0,0,0,NA,0,0,0,0,0,0,NA,NA,NA,NA,NA,NA,NA,NA,0,0,0,0,NA,NA,NA,NA,NA
"Richard Baumer","c6e9de45-3955-11ef-b5bf-157c9bc18a5f",NA,NA,1971,"11/6/1971","8c9cb8ee-3960-11ef-b6d9-9b08c5d4c173","away","TSV 1896 Rintheim","TV Großwallstadt",14,19,FALSE,0,NA,NA,0,0,0,NA,0,0,0,0,0,0,NA,NA,NA,NA,NA,NA,NA,NA,0,0,0,0,NA,NA,NA,NA,NA
"Roland Schubach","c8722d8e-3955-11ef-b351-157c9bc18a5f",NA,NA,1971,"11/6/1971","8c9cb8ee-3960-11ef-b6d9-9b08c5d4c173","away","TSV 1896 Rintheim","TV Großwallstadt",14,19,FALSE,1,NA,NA,0,0,0,NA,0,0,0,0,0,0,NA,NA,NA,NA,NA,NA,NA,NA,0,0,0,0,NA,NA,NA,NA,NA
"Siegfried Brabec","c87758a1-3955-11ef-9dbd-157c9bc18a5f",NA,NA,1971,"11/6/1971","8c9cb8ee-3960-11ef-b6d9-9b08c5d4c173","away","TSV 1896 Rintheim","TV Großwallstadt",14,19,FALSE,0,NA,NA,0,0,0,NA,0,0,0,0,0,0,NA,NA,NA,NA,NA,NA,NA,NA,0,0,0,0,NA,NA,NA,NA,NA
"Josef Bechler","c88a53f3-3955-11ef-bd99-157c9bc18a5f",NA,NA,1971,"11/6/1971","8c9cb8ee-3960-11ef-b6d9-9b08c5d4c173","away","TSV 1896 Rintheim","TV Großwallstadt",14,19,FALSE,5,NA,NA,0,0,1,NA,0,0,0,0,0,0,NA,NA,NA,NA,NA,NA,NA,NA,0,0,0,0,NA,NA,NA,NA,NA
"Rolf-Eberhard Jaeger","c9bde9a1-3955-11ef-9a50-157c9bc18a5f",NA,NA,1971,"11/6/1971","8c9cb8ee-3960-11ef-b6d9-9b08c5d4c173","away","TSV 1896 Rintheim","TV Großwallstadt",14,19,FALSE,0,NA,NA,0,0,0,NA,0,0,0,0,0,0,NA,NA,NA,NA,NA,NA,NA,NA,0,0,0,0,NA,NA,NA,NA,NA
"Ulrich Eikermann","73a211c9-3955-11ef-8f8f-51fdf2a82730",NA,NA,1971,"11/7/1971","838856d4-3960-11ef-9fef-2906cc9fb6bc","home","SC Phönix Essen 1920","TuS 05 Wellinghofen",14,12,TRUE,0,NA,NA,0,0,0,NA,0,0,0,0,0,0,NA,NA,NA,NA,NA,NA,NA,NA,0,0,0,0,NA,NA,NA,NA,NA
"Werner Kühn","a5a83923-3955-11ef-abc5-2510cc07ea6e",NA,NA,1971,"11/7/1971","838856d4-3960-11ef-9fef-2906cc9fb6bc","home","SC Phönix Essen 1920","TuS 05 Wellinghofen",14,12,TRUE,1,NA,NA,0,0,0,NA,0,0,0,0,0,0,NA,NA,NA,NA,NA,NA,NA,NA,0,0,0,0,NA,NA,NA,NA,NA
"Norbert Meister","a610e086-3955-11ef-bf85-2510cc07ea6e",NA,NA,1971,"11/7/1971","838856d4-3960-11ef-9fef-2906cc9fb6bc","home","SC Phönix Essen 1920","TuS 05 Wellinghofen",14,12,TRUE,0,NA,NA,0,0,0,NA,0,0,0,0,0,0,NA,NA,NA,NA,NA,NA,NA,NA,0,0,0,0,NA,NA,NA,NA,NA
"Rüdiger Hillebrand","b0c11a9c-3955-11ef-bf0d-a36230ada079",NA,NA,1971,"11/7/1971","838856d4-3960-11ef-9fef-2906cc9fb6bc","home","SC Phönix Essen 1920","TuS 05 Wellinghofen",14,12,TRUE,0,NA,NA,0,0,0,NA,0,0,0,0,0,0,NA,NA,NA,NA,NA,NA,NA,NA,0,0,0,0,NA,NA,NA,NA,NA
"Bernd Tolksdorf","bae02284-3955-11ef-b577-ab397f561917",NA,NA,1971,"11/7/1971","838856d4-3960-11ef-9fef-2906cc9fb6bc","home","SC Phönix Essen 1920","TuS 05 Wellinghofen",14,12,TRUE,1,NA,NA,0,0,0,NA,0,0,0,0,0,0,NA,NA,NA,NA,NA,NA,NA,NA,0,0,0,0,NA,NA,NA,NA,NA
"Norbert Kroker","bd441662-3955-11ef-b771-ab397f561917",NA,NA,1971,"11/7/1971","838856d4-3960-11ef-9fef-2906cc9fb6bc","home","SC Phönix Essen 1920","TuS 05 Wellinghofen",14,12,TRUE,1,NA,NA,0,0,0,NA,0,0,0,0,0,0,NA,NA,NA,NA,NA,NA,NA,NA,0,0,0,0,NA,NA,NA,NA,NA
"Michael Hattig","bd52f5b1-3955-11ef-ba0c-ab397f561917",NA,NA,1971,"11/7/1971","838856d4-3960-11ef-9fef-2906cc9fb6bc","home","SC Phönix Essen 1920","TuS 05 Wellinghofen",14,12,TRUE,6,NA,NA,0,0,2,NA,0,0,0,0,0,0,NA,NA,NA,NA,NA,NA,NA,NA,0,0,0,0,NA,NA,NA,NA,NA
"Andrija Kotlas","bde016f5-3955-11ef-b96c-ab397f561917",NA,NA,1971,"11/7/1971","838856d4-3960-11ef-9fef-2906cc9fb6bc","home","SC Phönix Essen 1920","TuS 05 Wellinghofen",14,12,TRUE,1,NA,NA,0,0,0,NA,0,0,0,0,0,0,NA,NA,NA,NA,NA,NA,NA,NA,0,0,0,0,NA,NA,NA,NA,NA
"Carl-Bernd Behler","c79d213f-3955-11ef-a773-157c9bc18a5f",NA,NA,1971,"11/7/1971","838856d4-3960-11ef-9fef-2906cc9fb6bc","home","SC Phönix Essen 1920","TuS 05 Wellinghofen",14,12,TRUE,2,NA,NA,0,0,0,NA,0,0,0,0,0,0,NA,NA,NA,NA,NA,NA,NA,NA,0,0,0,0,NA,NA,NA,NA,NA
"Ernst Weise","c90cdba3-3955-11ef-b068-157c9bc18a5f",NA,NA,1971,"11/7/1971","838856d4-3960-11ef-9fef-2906cc9fb6bc","home","SC Phönix Essen 1920","TuS 05 Wellinghofen",14,12,TRUE,2,NA,NA,0,0,0,NA,0,0,0,0,0,0,NA,NA,NA,NA,NA,NA,NA,NA,0,0,0,0,NA,NA,NA,NA,NA
"Jochen Generotzki","c918430a-3955-11ef-bc40-157c9bc18a5f",NA,NA,1971,"11/7/1971","838856d4-3960-11ef-9fef-2906cc9fb6bc","home","SC Phönix Essen 1920","TuS 05 Wellinghofen",14,12,TRUE,0,NA,NA,0,0,0,NA,0,0,0,0,0,0,NA,NA,NA,NA,NA,NA,NA,NA,0,0,0,0,NA,NA,NA,NA,NA
"Karl-Heinz Schulz","72847241-3955-11ef-8bd4-51fdf2a82730",NA,NA,1971,"11/7/1971","838856d4-3960-11ef-9fef-2906cc9fb6bc","away","TuS 05 Wellinghofen","SC Phönix Essen 1920",12,14,FALSE,0,NA,NA,0,0,0,NA,0,0,0,0,0,0,NA,NA,NA,NA,NA,NA,NA,NA,0,0,0,0,NA,NA,NA,NA,NA
"Hans-Peter Neuhaus","8d9d3887-3955-11ef-80a3-81dc40648355",NA,NA,1971,"11/7/1971","838856d4-3960-11ef-9fef-2906cc9fb6bc","away","TuS 05 Wellinghofen","SC Phönix Essen 1920",12,14,FALSE,2,NA,NA,0,0,1,NA,0,0,0,0,0,0,NA,NA,NA,NA,NA,NA,NA,NA,0,0,0,0,NA,NA,NA,NA,NA
"Rainer Gosewinkel","a4d61156-3955-11ef-8406-2510cc07ea6e",NA,NA,1971,"11/7/1971","838856d4-3960-11ef-9fef-2906cc9fb6bc","away","TuS 05 Wellinghofen","SC Phönix Essen 1920",12,14,FALSE,4,NA,NA,0,0,0,NA,0,0,0,0,0,0,NA,NA,NA,NA,NA,NA,NA,NA,0,0,0,0,NA,NA,NA,NA,NA
"Klaus Erwe","a4f54a19-3955-11ef-b48a-2510cc07ea6e",NA,NA,1971,"11/7/1971","838856d4-3960-11ef-9fef-2906cc9fb6bc","away","TuS 05 Wellinghofen","SC Phönix Essen 1920",12,14,FALSE,0,NA,NA,0,0,0,NA,0,0,0,0,0,0,NA,NA,NA,NA,NA,NA,NA,NA,0,0,0,0,NA,NA,NA,NA,NA
"Herbert Schmidt","a5127cc5-3955-11ef-b405-2510cc07ea6e",NA,NA,1971,"11/7/1971","838856d4-3960-11ef-9fef-2906cc9fb6bc","away","TuS 05 Wellinghofen","SC Phönix Essen 1920",12,14,FALSE,1,NA,NA,0,0,0,NA,0,0,0,0,0,0,NA,NA,NA,NA,NA,NA,NA,NA,0,0,0,0,NA,NA,NA,NA,NA
"Burkhard Gröning","a52c6e4f-3955-11ef-a576-2510cc07ea6e",NA,NA,1971,"11/7/1971","838856d4-3960-11ef-9fef-2906cc9fb6bc","away","TuS 05 Wellinghofen","SC Phönix Essen 1920",12,14,FALSE,2,NA,NA,0,0,0,NA,0,0,0,0,0,0,NA,NA,NA,NA,NA,NA,NA,NA,0,0,0,0,NA,NA,NA,NA,NA
"Klaus Tiews","a531838f-3955-11ef-8e99-2510cc07ea6e",NA,NA,1971,"11/7/1971","838856d4-3960-11ef-9fef-2906cc9fb6bc","away","TuS 05 Wellinghofen","SC Phönix Essen 1920",12,14,FALSE,0,NA,NA,0,0,0,NA,0,0,0,0,0,0,NA,NA,NA,NA,NA,NA,NA,NA,0,0,0,0,NA,NA,NA,NA,NA
"Heinz Oberscheidt","a5ae94f2-3955-11ef-91fc-2510cc07ea6e",NA,NA,1971,"11/7/1971","838856d4-3960-11ef-9fef-2906cc9fb6bc","away","TuS 05 Wellinghofen","SC Phönix Essen 1920",12,14,FALSE,2,NA,NA,0,0,0,NA,0,0,0,0,0,0,NA,NA,NA,NA,NA,NA,NA,NA,0,0,0,0,NA,NA,NA,NA,NA
"Hans-Jürgen Sengera","ba7fae8e-3955-11ef-80e4-ab397f561917",NA,NA,1971,"11/7/1971","838856d4-3960-11ef-9fef-2906cc9fb6bc","away","TuS 05 Wellinghofen","SC Phönix Essen 1920",12,14,FALSE,0,NA,NA,0,0,0,NA,0,0,0,0,0,0,NA,NA,NA,NA,NA,NA,NA,NA,0,0,0,0,NA,NA,NA,NA,NA
"Burkhardt Eckardt","c76d08cb-3955-11ef-8fa7-157c9bc18a5f",NA,NA,1971,"11/7/1971","838856d4-3960-11ef-9fef-2906cc9fb6bc","away","TuS 05 Wellinghofen","SC Phönix Essen 1920",12,14,FALSE,0,NA,NA,0,0,0,NA,0,0,0,0,0,0,NA,NA,NA,NA,NA,NA,NA,NA,0,0,0,0,NA,NA,NA,NA,NA
"Klaus Linnemann","c773ab8c-3955-11ef-96ba-157c9bc18a5f",NA,NA,1971,"11/7/1971","838856d4-3960-11ef-9fef-2906cc9fb6bc","away","TuS 05 Wellinghofen","SC Phönix Essen 1920",12,14,FALSE,1,NA,NA,0,0,0,NA,0,0,0,0,0,0,NA,NA,NA,NA,NA,NA,NA,NA,0,0,0,0,NA,NA,NA,NA,NA
"Hans Moser","7e83ce46-3955-11ef-830d-b908c60af10a",NA,NA,1971,"11/7/1971","8d788c28-3960-11ef-8daf-9b08c5d4c173","home","TSV Milbertshofen","FRISCH AUF! Göppingen",12,15,FALSE,1,NA,NA,0,0,0,NA,0,0,0,0,0,0,NA,NA,NA,NA,NA,NA,NA,NA,0,0,0,0,NA,NA,NA,NA,NA
"Werner Winkelmeier","9712104e-3955-11ef-9613-292be3190b7b",NA,NA,1971,"11/7/1971","8d788c28-3960-11ef-8daf-9b08c5d4c173","home","TSV Milbertshofen","FRISCH AUF! Göppingen",12,15,FALSE,3,NA,NA,0,0,0,NA,0,0,0,0,0,0,NA,NA,NA,NA,NA,NA,NA,NA,0,0,0,0,NA,NA,NA,NA,NA
"Josef Kiener","972d7d47-3955-11ef-a437-292be3190b7b",NA,NA,1971,"11/7/1971","8d788c28-3960-11ef-8daf-9b08c5d4c173","home","TSV Milbertshofen","FRISCH AUF! Göppingen",12,15,FALSE,2,NA,NA,0,0,2,NA,0,0,0,0,0,0,NA,NA,NA,NA,NA,NA,NA,NA,0,0,0,0,NA,NA,NA,NA,NA
"Rudolf Dobler","97ac407c-3955-11ef-9ea9-292be3190b7b",NA,NA,1971,"11/7/1971","8d788c28-3960-11ef-8daf-9b08c5d4c173","home","TSV Milbertshofen","FRISCH AUF! Göppingen",12,15,FALSE,0,NA,NA,0,0,0,NA,0,0,0,0,0,0,NA,NA,NA,NA,NA,NA,NA,NA,0,0,0,0,NA,NA,NA,NA,NA
"Helmut Schelchshorn","b1c960ef-3955-11ef-850b-a36230ada079",NA,NA,1971,"11/7/1971","8d788c28-3960-11ef-8daf-9b08c5d4c173","home","TSV Milbertshofen","FRISCH AUF! Göppingen",12,15,FALSE,1,NA,NA,0,0,0,NA,0,0,0,0,0,0,NA,NA,NA,NA,NA,NA,NA,NA,0,0,0,0,NA,NA,NA,NA,NA
"Peter Feddern","bc1b1b3e-3955-11ef-9c4e-ab397f561917",NA,NA,1971,"11/7/1971","8d788c28-3960-11ef-8daf-9b08c5d4c173","home","TSV Milbertshofen","FRISCH AUF! Göppingen",12,15,FALSE,1,NA,NA,0,0,0,NA,0,0,0,0,0,0,NA,NA,NA,NA,NA,NA,NA,NA,0,0,0,0,NA,NA,NA,NA,NA
"Herbert Staiger","c81d1d7c-3955-11ef-b36f-157c9bc18a5f",NA,NA,1971,"11/7/1971","8d788c28-3960-11ef-8daf-9b08c5d4c173","home","TSV Milbertshofen","FRISCH AUF! Göppingen",12,15,FALSE,1,NA,NA,0,0,1,NA,0,0,0,0,0,0,NA,NA,NA,NA,NA,NA,NA,NA,0,0,0,0,NA,NA,NA,NA,NA
"Karl Donndorf","c821c668-3955-11ef-a20c-157c9bc18a5f",NA,NA,1971,"11/7/1971","8d788c28-3960-11ef-8daf-9b08c5d4c173","home","TSV Milbertshofen","FRISCH AUF! Göppingen",12,15,FALSE,2,NA,NA,0,0,0,NA,0,0,0,0,0,0,NA,NA,NA,NA,NA,NA,NA,NA,0,0,0,0,NA,NA,NA,NA,NA
"Erich Loderer","c9a2ad0a-3955-11ef-9f7e-157c9bc18a5f",NA,NA,1971,"11/7/1971","8d788c28-3960-11ef-8daf-9b08c5d4c173","home","TSV Milbertshofen","FRISCH AUF! Göppingen",12,15,FALSE,1,NA,NA,0,0,0,NA,0,0,0,0,0,0,NA,NA,NA,NA,NA,NA,NA,NA,0,0,0,0,NA,NA,NA,NA,NA
"Olaf Hoemke","c9a6b7e4-3955-11ef-a408-157c9bc18a5f",NA,NA,1971,"11/7/1971","8d788c28-3960-11ef-8daf-9b08c5d4c173","home","TSV Milbertshofen","FRISCH AUF! Göppingen",12,15,FALSE,0,NA,NA,0,0,0,NA,0,0,0,0,0,0,NA,NA,NA,NA,NA,NA,NA,NA,0,0,0,0,NA,NA,NA,NA,NA
"Peter Bucher","8e0071c9-3955-11ef-8ff8-81dc40648355",NA,NA,1971,"11/7/1971","8d788c28-3960-11ef-8daf-9b08c5d4c173","away","FRISCH AUF! Göppingen","TSV Milbertshofen",15,12,TRUE,1,NA,NA,0,0,0,NA,0,0,0,0,0,0,NA,NA,NA,NA,NA,NA,NA,NA,0,0,0,0,NA,NA,NA,NA,NA
"Max Müller","99453a6b-3955-11ef-84c2-292be3190b7b",NA,NA,1971,"11/7/1971","8d788c28-3960-11ef-8daf-9b08c5d4c173","away","FRISCH AUF! Göppingen","TSV Milbertshofen",15,12,TRUE,4,NA,NA,0,0,0,NA,0,0,0,0,0,0,NA,NA,NA,NA,NA,NA,NA,NA,0,0,0,0,NA,NA,NA,NA,NA
"Werner Fischer","af3a0885-3955-11ef-a884-a36230ada079",NA,NA,1971,"11/7/1971","8d788c28-3960-11ef-8daf-9b08c5d4c173","away","FRISCH AUF! Göppingen","TSV Milbertshofen",15,12,TRUE,1,NA,NA,0,0,0,NA,0,0,0,0,0,0,NA,NA,NA,NA,NA,NA,NA,NA,0,0,0,0,NA,NA,NA,NA,NA
"Detlef Groß","b20edee3-3955-11ef-9e14-a36230ada079",NA,NA,1971,"11/7/1971","8d788c28-3960-11ef-8daf-9b08c5d4c173","away","FRISCH AUF! Göppingen","TSV Milbertshofen",15,12,TRUE,0,NA,NA,0,0,0,NA,0,0,0,0,0,0,NA,NA,NA,NA,NA,NA,NA,NA,0,0,0,0,NA,NA,NA,NA,NA
"Frank Wohlrabe","bc789357-3955-11ef-a310-ab397f561917",NA,NA,1971,"11/7/1971","8d788c28-3960-11ef-8daf-9b08c5d4c173","away","FRISCH AUF! Göppingen","TSV Milbertshofen",15,12,TRUE,0,NA,NA,0,0,0,NA,0,0,0,0,0,0,NA,NA,NA,NA,NA,NA,NA,NA,0,0,0,0,NA,NA,NA,NA,NA
"Paul Epple","bc8167af-3955-11ef-8748-ab397f561917",NA,NA,1971,"11/7/1971","8d788c28-3960-11ef-8daf-9b08c5d4c173","away","FRISCH AUF! Göppingen","TSV Milbertshofen",15,12,TRUE,3,NA,NA,0,0,0,NA,0,0,0,0,0,0,NA,NA,NA,NA,NA,NA,NA,NA,0,0,0,0,NA,NA,NA,NA,NA
"Walter Pflüger","bc85cdbc-3955-11ef-8e24-ab397f561917",NA,NA,1971,"11/7/1971","8d788c28-3960-11ef-8daf-9b08c5d4c173","away","FRISCH AUF! Göppingen","TSV Milbertshofen",15,12,TRUE,0,NA,NA,0,0,0,NA,0,0,0,0,0,0,NA,NA,NA,NA,NA,NA,NA,NA,0,0,0,0,NA,NA,NA,NA,NA
"Christian Patzer","c715a1de-3955-11ef-bc54-157c9bc18a5f",NA,NA,1971,"11/7/1971","8d788c28-3960-11ef-8daf-9b08c5d4c173","away","FRISCH AUF! Göppingen","TSV Milbertshofen",15,12,TRUE,1,NA,NA,0,0,0,NA,0,0,0,0,0,0,NA,NA,NA,NA,NA,NA,NA,NA,0,0,0,0,NA,NA,NA,NA,NA
"Armin Eisele","c9cc4c1b-3955-11ef-9f9f-157c9bc18a5f",NA,NA,1971,"11/7/1971","8d788c28-3960-11ef-8daf-9b08c5d4c173","away","FRISCH AUF! Göppingen","TSV Milbertshofen",15,12,TRUE,5,NA,NA,0,0,0,NA,0,0,0,0,0,0,NA,NA,NA,NA,NA,NA,NA,NA,0,0,0,0,NA,NA,NA,NA,NA
"Günter Schweikardt","d3e60b79-3953-11ef-9e8c-e3f2de03a1b7",NA,NA,1971,"11/7/1971","8d788c28-3960-11ef-8daf-9b08c5d4c173","away","FRISCH AUF! Göppingen","TSV Milbertshofen",15,12,TRUE,0,NA,NA,0,0,0,NA,0,0,0,0,0,0,NA,NA,NA,NA,NA,NA,NA,NA,0,0,0,0,NA,NA,NA,NA,NA
"Robert Becker","ae8c50f9-3955-11ef-91c4-a36230ada079",NA,NA,1971,"11/16/1971","854acdda-3960-11ef-9aff-2906cc9fb6bc","home","TV Hochdorf","S3L Handball",11,12,FALSE,1,NA,NA,0,0,0,NA,0,0,0,0,0,0,NA,NA,NA,NA,NA,NA,NA,NA,0,0,0,0,NA,NA,NA,NA,NA
"Jürgen Hahn","ae947745-3955-11ef-bc54-a36230ada079",NA,NA,1971,"11/16/1971","854acdda-3960-11ef-9aff-2906cc9fb6bc","home","TV Hochdorf","S3L Handball",11,12,FALSE,6,NA,NA,0,0,0,NA,0,0,0,0,0,0,NA,NA,NA,NA,NA,NA,NA,NA,0,0,0,0,NA,NA,NA,NA,NA
"Wilfried Job","af3ed007-3955-11ef-9184-a36230ada079",NA,NA,1971,"11/16/1971","854acdda-3960-11ef-9aff-2906cc9fb6bc","home","TV Hochdorf","S3L Handball",11,12,FALSE,0,NA,NA,0,0,0,NA,0,0,0,0,0,0,NA,NA,NA,NA,NA,NA,NA,NA,0,0,0,0,NA,NA,NA,NA,NA
"Hans Stein","bde4861d-3955-11ef-a14e-ab397f561917",NA,NA,1971,"11/16/1971","854acdda-3960-11ef-9aff-2906cc9fb6bc","home","TV Hochdorf","S3L Handball",11,12,FALSE,0,NA,NA,0,0,0,NA,0,0,0,0,0,0,NA,NA,NA,NA,NA,NA,NA,NA,0,0,0,0,NA,NA,NA,NA,NA
"Werner Häfele","c9414487-3955-11ef-a5df-157c9bc18a5f",NA,NA,1971,"11/16/1971","854acdda-3960-11ef-9aff-2906cc9fb6bc","home","TV Hochdorf","S3L Handball",11,12,FALSE,0,NA,NA,0,0,0,NA,0,0,0,0,0,0,NA,NA,NA,NA,NA,NA,NA,NA,0,0,0,0,NA,NA,NA,NA,NA
"Willi Butz","c945a2f1-3955-11ef-8b53-157c9bc18a5f",NA,NA,1971,"11/16/1971","854acdda-3960-11ef-9aff-2906cc9fb6bc","home","TV Hochdorf","S3L Handball",11,12,FALSE,0,NA,NA,0,0,0,NA,0,0,0,0,0,0,NA,NA,NA,NA,NA,NA,NA,NA,0,0,0,0,NA,NA,NA,NA,NA
"Karl Schotter","c94ebb91-3955-11ef-9ec3-157c9bc18a5f",NA,NA,1971,"11/16/1971","854acdda-3960-11ef-9aff-2906cc9fb6bc","home","TV Hochdorf","S3L Handball",11,12,FALSE,1,NA,NA,0,0,0,NA,0,0,0,0,0,0,NA,NA,NA,NA,NA,NA,NA,NA,0,0,0,0,NA,NA,NA,NA,NA
"Werner Matill","c9539495-3955-11ef-9bff-157c9bc18a5f",NA,NA,1971,"11/16/1971","854acdda-3960-11ef-9aff-2906cc9fb6bc","home","TV Hochdorf","S3L Handball",11,12,FALSE,0,NA,NA,0,0,0,NA,0,0,0,0,0,0,NA,NA,NA,NA,NA,NA,NA,NA,0,0,0,0,NA,NA,NA,NA,NA
"Josef Ehmann","c957db2c-3955-11ef-b766-157c9bc18a5f",NA,NA,1971,"11/16/1971","854acdda-3960-11ef-9aff-2906cc9fb6bc","home","TV Hochdorf","S3L Handball",11,12,FALSE,0,NA,NA,0,0,0,NA,0,0,0,0,0,0,NA,NA,NA,NA,NA,NA,NA,NA,0,0,0,0,NA,NA,NA,NA,NA
"Georg Fitz","ae68320c-3955-11ef-89fa-a36230ada079",NA,NA,1971,"11/16/1971","854acdda-3960-11ef-9aff-2906cc9fb6bc","away","S3L Handball","TV Hochdorf",12,11,TRUE,0,NA,NA,0,0,0,NA,0,0,0,0,0,0,NA,NA,NA,NA,NA,NA,NA,NA,0,0,0,0,NA,NA,NA,NA,NA
"Rolf Kuchenbecker","ae99100e-3955-11ef-9c32-a36230ada079",NA,NA,1971,"11/16/1971","854acdda-3960-11ef-9aff-2906cc9fb6bc","away","S3L Handball","TV Hochdorf",12,11,TRUE,1,NA,NA,0,0,0,NA,0,0,0,0,0,0,NA,NA,NA,NA,NA,NA,NA,NA,0,0,0,0,NA,NA,NA,NA,NA
"Markus Hädrich","ba389acc-3955-11ef-8b9d-ab397f561917",NA,NA,1971,"11/16/1971","854acdda-3960-11ef-9aff-2906cc9fb6bc","away","S3L Handball","TV Hochdorf",12,11,TRUE,1,NA,NA,0,0,0,NA,0,0,0,0,0,0,NA,NA,NA,NA,NA,NA,NA,NA,0,0,0,0,NA,NA,NA,NA,NA
"Jens Schmitt","bb8d4110-3955-11ef-8fb2-ab397f561917",NA,NA,1971,"11/16/1971","854acdda-3960-11ef-9aff-2906cc9fb6bc","away","S3L Handball","TV Hochdorf",12,11,TRUE,2,NA,NA,0,0,0,NA,0,0,0,0,0,0,NA,NA,NA,NA,NA,NA,NA,NA,0,0,0,0,NA,NA,NA,NA,NA
"Werner Pruscha","bb9c8e56-3955-11ef-ac18-ab397f561917",NA,NA,1971,"11/16/1971","854acdda-3960-11ef-9aff-2906cc9fb6bc","away","S3L Handball","TV Hochdorf",12,11,TRUE,0,NA,NA,0,0,0,NA,0,0,0,0,0,0,NA,NA,NA,NA,NA,NA,NA,NA,0,0,0,0,NA,NA,NA,NA,NA
"Wolfhardt Bühler","bba2fc92-3955-11ef-a8d6-ab397f561917",NA,NA,1971,"11/16/1971","854acdda-3960-11ef-9aff-2906cc9fb6bc","away","S3L Handball","TV Hochdorf",12,11,TRUE,3,NA,NA,0,0,1,NA,0,0,0,0,0,0,NA,NA,NA,NA,NA,NA,NA,NA,0,0,0,0,NA,NA,NA,NA,NA
"Arno Schandin","bded1584-3955-11ef-8a76-ab397f561917",NA,NA,1971,"11/16/1971","854acdda-3960-11ef-9aff-2906cc9fb6bc","away","S3L Handball","TV Hochdorf",12,11,TRUE,2,NA,NA,0,0,1,NA,0,0,0,0,0,0,NA,NA,NA,NA,NA,NA,NA,NA,0,0,0,0,NA,NA,NA,NA,NA
"Herbert Hönnige","c7e7cc14-3955-11ef-af0e-157c9bc18a5f",NA,NA,1971,"11/16/1971","854acdda-3960-11ef-9aff-2906cc9fb6bc","away","S3L Handball","TV Hochdorf",12,11,TRUE,1,NA,NA,0,0,0,NA,0,0,0,0,0,0,NA,NA,NA,NA,NA,NA,NA,NA,0,0,0,0,NA,NA,NA,NA,NA
"Jürgen Plambeck","c95d267b-3955-11ef-9a98-157c9bc18a5f",NA,NA,1971,"11/16/1971","854acdda-3960-11ef-9aff-2906cc9fb6bc","away","S3L Handball","TV Hochdorf",12,11,TRUE,1,NA,NA,0,0,0,NA,0,0,0,0,0,0,NA,NA,NA,NA,NA,NA,NA,NA,0,0,0,0,NA,NA,NA,NA,NA
"Rolf Seltner","c96574fc-3955-11ef-a37f-157c9bc18a5f",NA,NA,1971,"11/16/1971","854acdda-3960-11ef-9aff-2906cc9fb6bc","away","S3L Handball","TV Hochdorf",12,11,TRUE,1,NA,NA,0,0,0,NA,0,0,0,0,0,0,NA,NA,NA,NA,NA,NA,NA,NA,0,0,0,0,NA,NA,NA,NA,NA
"Hans-Jörg Graeper","964d8ebc-3955-11ef-a25b-292be3190b7b",NA,NA,1971,"11/17/1971","84345658-3960-11ef-ae89-2906cc9fb6bc","home","THW Kiel","SC Phönix Essen 1920",13,5,TRUE,0,NA,NA,0,0,0,NA,0,0,0,0,0,0,NA,NA,NA,NA,NA,NA,NA,NA,0,0,0,0,NA,NA,NA,NA,NA
"Gerd Welz","98273a90-3955-11ef-a3a2-292be3190b7b",NA,NA,1971,"11/17/1971","84345658-3960-11ef-ae89-2906cc9fb6bc","home","THW Kiel","SC Phönix Essen 1920",13,5,TRUE,1,NA,NA,0,0,0,NA,0,0,0,0,0,0,NA,NA,NA,NA,NA,NA,NA,NA,0,0,0,0,NA,NA,NA,NA,NA
"Volker Harbs","9995a6f3-3955-11ef-b74f-292be3190b7b",NA,NA,1971,"11/17/1971","84345658-3960-11ef-ae89-2906cc9fb6bc","home","THW Kiel","SC Phönix Essen 1920",13,5,TRUE,3,NA,NA,0,0,0,NA,0,0,0,0,0,0,NA,NA,NA,NA,NA,NA,NA,NA,0,0,0,0,NA,NA,NA,NA,NA
"Peter Prehn","b073ee0a-3955-11ef-8404-a36230ada079",NA,NA,1971,"11/17/1971","84345658-3960-11ef-ae89-2906cc9fb6bc","home","THW Kiel","SC Phönix Essen 1920",13,5,TRUE,1,NA,NA,0,0,0,NA,0,0,0,0,0,0,NA,NA,NA,NA,NA,NA,NA,NA,0,0,0,0,NA,NA,NA,NA,NA
"Peter Werk","b0784d6e-3955-11ef-9a85-a36230ada079",NA,NA,1971,"11/17/1971","84345658-3960-11ef-ae89-2906cc9fb6bc","home","THW Kiel","SC Phönix Essen 1920",13,5,TRUE,2,NA,NA,0,0,0,NA,0,0,0,0,0,0,NA,NA,NA,NA,NA,NA,NA,NA,0,0,0,0,NA,NA,NA,NA,NA
"Herwig Ahrendsen","b143192b-3955-11ef-bef0-a36230ada079",NA,NA,1971,"11/17/1971","84345658-3960-11ef-ae89-2906cc9fb6bc","home","THW Kiel","SC Phönix Essen 1920",13,5,TRUE,3,NA,NA,0,0,0,NA,0,0,0,0,0,0,NA,NA,NA,NA,NA,NA,NA,NA,0,0,0,0,NA,NA,NA,NA,NA
"Hartwig Moll","b14ce7d8-3955-11ef-8cb5-a36230ada079",NA,NA,1971,"11/17/1971","84345658-3960-11ef-ae89-2906cc9fb6bc","home","THW Kiel","SC Phönix Essen 1920",13,5,TRUE,0,NA,NA,0,0,0,NA,0,0,0,0,0,0,NA,NA,NA,NA,NA,NA,NA,NA,0,0,0,0,NA,NA,NA,NA,NA
"Rainer Voigt","c7c742a9-3955-11ef-b542-157c9bc18a5f",NA,NA,1971,"11/17/1971","84345658-3960-11ef-ae89-2906cc9fb6bc","home","THW Kiel","SC Phönix Essen 1920",13,5,TRUE,0,NA,NA,0,0,0,NA,0,0,0,0,0,0,NA,NA,NA,NA,NA,NA,NA,NA,0,0,0,0,NA,NA,NA,NA,NA
"Dieter Baguhn","c7cbf017-3955-11ef-b1f7-157c9bc18a5f",NA,NA,1971,"11/17/1971","84345658-3960-11ef-ae89-2906cc9fb6bc","home","THW Kiel","SC Phönix Essen 1920",13,5,TRUE,0,NA,NA,0,0,0,NA,0,0,0,0,0,0,NA,NA,NA,NA,NA,NA,NA,NA,0,0,0,0,NA,NA,NA,NA,NA
"Bernd Struck","c7d4c3a5-3955-11ef-a743-157c9bc18a5f",NA,NA,1971,"11/17/1971","84345658-3960-11ef-ae89-2906cc9fb6bc","home","THW Kiel","SC Phönix Essen 1920",13,5,TRUE,3,NA,NA,0,0,2,NA,0,0,0,0,0,0,NA,NA,NA,NA,NA,NA,NA,NA,0,0,0,0,NA,NA,NA,NA,NA
"Ulrich Eikermann","73a211c9-3955-11ef-8f8f-51fdf2a82730",NA,NA,1971,"11/17/1971","84345658-3960-11ef-ae89-2906cc9fb6bc","away","SC Phönix Essen 1920","THW Kiel",5,13,FALSE,1,NA,NA,0,0,0,NA,0,0,0,0,0,0,NA,NA,NA,NA,NA,NA,NA,NA,0,0,0,0,NA,NA,NA,NA,NA
"Werner Kühn","a5a83923-3955-11ef-abc5-2510cc07ea6e",NA,NA,1971,"11/17/1971","84345658-3960-11ef-ae89-2906cc9fb6bc","away","SC Phönix Essen 1920","THW Kiel",5,13,FALSE,0,NA,NA,0,0,0,NA,0,0,0,0,0,0,NA,NA,NA,NA,NA,NA,NA,NA,0,0,0,0,NA,NA,NA,NA,NA
"Norbert Meister","a610e086-3955-11ef-bf85-2510cc07ea6e",NA,NA,1971,"11/17/1971","84345658-3960-11ef-ae89-2906cc9fb6bc","away","SC Phönix Essen 1920","THW Kiel",5,13,FALSE,0,NA,NA,0,0,0,NA,0,0,0,0,0,0,NA,NA,NA,NA,NA,NA,NA,NA,0,0,0,0,NA,NA,NA,NA,NA
"Rüdiger Hillebrand","b0c11a9c-3955-11ef-bf0d-a36230ada079",NA,NA,1971,"11/17/1971","84345658-3960-11ef-ae89-2906cc9fb6bc","away","SC Phönix Essen 1920","THW Kiel",5,13,FALSE,0,NA,NA,0,0,0,NA,0,0,0,0,0,0,NA,NA,NA,NA,NA,NA,NA,NA,0,0,0,0,NA,NA,NA,NA,NA
"Bernd Tolksdorf","bae02284-3955-11ef-b577-ab397f561917",NA,NA,1971,"11/17/1971","84345658-3960-11ef-ae89-2906cc9fb6bc","away","SC Phönix Essen 1920","THW Kiel",5,13,FALSE,0,NA,NA,0,0,0,NA,0,0,0,0,0,0,NA,NA,NA,NA,NA,NA,NA,NA,0,0,0,0,NA,NA,NA,NA,NA
"Klaus Kirschner","bae43a44-3955-11ef-ae7c-ab397f561917",NA,NA,1971,"11/17/1971","84345658-3960-11ef-ae89-2906cc9fb6bc","away","SC Phönix Essen 1920","THW Kiel",5,13,FALSE,0,NA,NA,0,0,0,NA,0,0,0,0,0,0,NA,NA,NA,NA,NA,NA,NA,NA,0,0,0,0,NA,NA,NA,NA,NA
"Norbert Kroker","bd441662-3955-11ef-b771-ab397f561917",NA,NA,1971,"11/17/1971","84345658-3960-11ef-ae89-2906cc9fb6bc","away","SC Phönix Essen 1920","THW Kiel",5,13,FALSE,2,NA,NA,0,0,0,NA,0,0,0,0,0,0,NA,NA,NA,NA,NA,NA,NA,NA,0,0,0,0,NA,NA,NA,NA,NA
"Michael Hattig","bd52f5b1-3955-11ef-ba0c-ab397f561917",NA,NA,1971,"11/17/1971","84345658-3960-11ef-ae89-2906cc9fb6bc","away","SC Phönix Essen 1920","THW Kiel",5,13,FALSE,1,NA,NA,0,0,0,NA,0,0,0,0,0,0,NA,NA,NA,NA,NA,NA,NA,NA,0,0,0,0,NA,NA,NA,NA,NA
"Andrija Kotlas","bde016f5-3955-11ef-b96c-ab397f561917",NA,NA,1971,"11/17/1971","84345658-3960-11ef-ae89-2906cc9fb6bc","away","SC Phönix Essen 1920","THW Kiel",5,13,FALSE,1,NA,NA,0,0,0,NA,0,0,0,0,0,0,NA,NA,NA,NA,NA,NA,NA,NA,0,0,0,0,NA,NA,NA,NA,NA
"Carl-Bernd Behler","c79d213f-3955-11ef-a773-157c9bc18a5f",NA,NA,1971,"11/17/1971","84345658-3960-11ef-ae89-2906cc9fb6bc","away","SC Phönix Essen 1920","THW Kiel",5,13,FALSE,0,NA,NA,0,0,0,NA,0,0,0,0,0,0,NA,NA,NA,NA,NA,NA,NA,NA,0,0,0,0,NA,NA,NA,NA,NA
"Ernst Weise","c90cdba3-3955-11ef-b068-157c9bc18a5f",NA,NA,1971,"11/17/1971","84345658-3960-11ef-ae89-2906cc9fb6bc","away","SC Phönix Essen 1920","THW Kiel",5,13,FALSE,0,NA,NA,0,0,0,NA,0,0,0,0,0,0,NA,NA,NA,NA,NA,NA,NA,NA,0,0,0,0,NA,NA,NA,NA,NA
"Hans-Jörg Graeper","964d8ebc-3955-11ef-a25b-292be3190b7b",NA,NA,1971,"11/20/1971","80e4b70b-3960-11ef-b4f7-2906cc9fb6bc","home","THW Kiel","VfL Gummersbach",13,8,TRUE,2,NA,NA,0,0,0,NA,0,0,0,0,0,0,NA,NA,NA,NA,NA,NA,NA,NA,0,0,0,0,NA,NA,NA,NA,NA
"Gerd Welz","98273a90-3955-11ef-a3a2-292be3190b7b",NA,NA,1971,"11/20/1971","80e4b70b-3960-11ef-b4f7-2906cc9fb6bc","home","THW Kiel","VfL Gummersbach",13,8,TRUE,2,NA,NA,0,0,0,NA,0,0,0,0,0,0,NA,NA,NA,NA,NA,NA,NA,NA,0,0,0,0,NA,NA,NA,NA,NA
"Volker Harbs","9995a6f3-3955-11ef-b74f-292be3190b7b",NA,NA,1971,"11/20/1971","80e4b70b-3960-11ef-b4f7-2906cc9fb6bc","home","THW Kiel","VfL Gummersbach",13,8,TRUE,1,NA,NA,0,0,0,NA,0,0,0,0,0,0,NA,NA,NA,NA,NA,NA,NA,NA,0,0,0,0,NA,NA,NA,NA,NA
"Peter Prehn","b073ee0a-3955-11ef-8404-a36230ada079",NA,NA,1971,"11/20/1971","80e4b70b-3960-11ef-b4f7-2906cc9fb6bc","home","THW Kiel","VfL Gummersbach",13,8,TRUE,0,NA,NA,0,0,0,NA,0,0,0,0,0,0,NA,NA,NA,NA,NA,NA,NA,NA,0,0,0,0,NA,NA,NA,NA,NA
"Peter Werk","b0784d6e-3955-11ef-9a85-a36230ada079",NA,NA,1971,"11/20/1971","80e4b70b-3960-11ef-b4f7-2906cc9fb6bc","home","THW Kiel","VfL Gummersbach",13,8,TRUE,1,NA,NA,0,0,0,NA,0,0,0,0,0,0,NA,NA,NA,NA,NA,NA,NA,NA,0,0,0,0,NA,NA,NA,NA,NA
"Herwig Ahrendsen","b143192b-3955-11ef-bef0-a36230ada079",NA,NA,1971,"11/20/1971","80e4b70b-3960-11ef-b4f7-2906cc9fb6bc","home","THW Kiel","VfL Gummersbach",13,8,TRUE,2,NA,NA,0,0,0,NA,0,0,0,0,0,0,NA,NA,NA,NA,NA,NA,NA,NA,0,0,0,0,NA,NA,NA,NA,NA
"Bernd Nielsen","b1480d2c-3955-11ef-8563-a36230ada079",NA,NA,1971,"11/20/1971","80e4b70b-3960-11ef-b4f7-2906cc9fb6bc","home","THW Kiel","VfL Gummersbach",13,8,TRUE,5,NA,NA,0,0,5,NA,0,0,0,0,0,0,NA,NA,NA,NA,NA,NA,NA,NA,0,0,0,0,NA,NA,NA,NA,NA
"Hartwig Moll","b14ce7d8-3955-11ef-8cb5-a36230ada079",NA,NA,1971,"11/20/1971","80e4b70b-3960-11ef-b4f7-2906cc9fb6bc","home","THW Kiel","VfL Gummersbach",13,8,TRUE,0,NA,NA,0,0,0,NA,0,0,0,0,0,0,NA,NA,NA,NA,NA,NA,NA,NA,0,0,0,0,NA,NA,NA,NA,NA
"Rainer Voigt","c7c742a9-3955-11ef-b542-157c9bc18a5f",NA,NA,1971,"11/20/1971","80e4b70b-3960-11ef-b4f7-2906cc9fb6bc","home","THW Kiel","VfL Gummersbach",13,8,TRUE,0,NA,NA,0,0,0,NA,0,0,0,0,0,0,NA,NA,NA,NA,NA,NA,NA,NA,0,0,0,0,NA,NA,NA,NA,NA
"Dieter Baguhn","c7cbf017-3955-11ef-b1f7-157c9bc18a5f",NA,NA,1971,"11/20/1971","80e4b70b-3960-11ef-b4f7-2906cc9fb6bc","home","THW Kiel","VfL Gummersbach",13,8,TRUE,0,NA,NA,0,0,0,NA,0,0,0,0,0,0,NA,NA,NA,NA,NA,NA,NA,NA,0,0,0,0,NA,NA,NA,NA,NA
"Bernd Struck","c7d4c3a5-3955-11ef-a743-157c9bc18a5f",NA,NA,1971,"11/20/1971","80e4b70b-3960-11ef-b4f7-2906cc9fb6bc","home","THW Kiel","VfL Gummersbach",13,8,TRUE,0,NA,NA,0,0,0,NA,0,0,0,0,0,0,NA,NA,NA,NA,NA,NA,NA,NA,0,0,0,0,NA,NA,NA,NA,NA
"Klaus Westebbe","8c58f63a-3955-11ef-b65e-81dc40648355",NA,NA,1971,"11/20/1971","80e4b70b-3960-11ef-b4f7-2906cc9fb6bc","away","VfL Gummersbach","THW Kiel",8,13,FALSE,1,NA,NA,0,0,0,NA,0,0,0,0,0,0,NA,NA,NA,NA,NA,NA,NA,NA,0,0,0,0,NA,NA,NA,NA,NA
"Klaus Kater","8da1f6ef-3955-11ef-b31a-81dc40648355",NA,NA,1971,"11/20/1971","80e4b70b-3960-11ef-b4f7-2906cc9fb6bc","away","VfL Gummersbach","THW Kiel",8,13,FALSE,0,NA,NA,0,0,0,NA,0,0,0,0,0,0,NA,NA,NA,NA,NA,NA,NA,NA,0,0,0,0,NA,NA,NA,NA,NA
"Klaus Schlagheck","97a06613-3955-11ef-8056-292be3190b7b",NA,NA,1971,"11/20/1971","80e4b70b-3960-11ef-b4f7-2906cc9fb6bc","away","VfL Gummersbach","THW Kiel",8,13,FALSE,1,NA,NA,0,0,0,NA,0,0,0,0,0,0,NA,NA,NA,NA,NA,NA,NA,NA,0,0,0,0,NA,NA,NA,NA,NA
"Ulrich Ufer","a2c8cfa8-3955-11ef-8510-2510cc07ea6e",NA,NA,1971,"11/20/1971","80e4b70b-3960-11ef-b4f7-2906cc9fb6bc","away","VfL Gummersbach","THW Kiel",8,13,FALSE,0,NA,NA,0,0,0,NA,0,0,0,0,0,0,NA,NA,NA,NA,NA,NA,NA,NA,0,0,0,0,NA,NA,NA,NA,NA
"Jochen Feldhoff","a32751a5-3955-11ef-badf-2510cc07ea6e",NA,NA,1971,"11/20/1971","80e4b70b-3960-11ef-b4f7-2906cc9fb6bc","away","VfL Gummersbach","THW Kiel",8,13,FALSE,0,NA,NA,0,0,0,NA,0,0,0,0,0,0,NA,NA,NA,NA,NA,NA,NA,NA,0,0,0,0,NA,NA,NA,NA,NA
"Hans-Günther Schmidt","aff5702f-3955-11ef-9878-a36230ada079",NA,NA,1971,"11/20/1971","80e4b70b-3960-11ef-b4f7-2906cc9fb6bc","away","VfL Gummersbach","THW Kiel",8,13,FALSE,2,NA,NA,0,0,0,NA,0,0,0,0,0,0,NA,NA,NA,NA,NA,NA,NA,NA,0,0,0,0,NA,NA,NA,NA,NA
"Jochen Brand","ba44375c-3955-11ef-a5d6-ab397f561917",NA,NA,1971,"11/20/1971","80e4b70b-3960-11ef-b4f7-2906cc9fb6bc","away","VfL Gummersbach","THW Kiel",8,13,FALSE,0,NA,NA,0,0,0,NA,0,0,0,0,0,0,NA,NA,NA,NA,NA,NA,NA,NA,0,0,0,0,NA,NA,NA,NA,NA
"Uwe Braunschweig","ba4aaa94-3955-11ef-be97-ab397f561917",NA,NA,1971,"11/20/1971","80e4b70b-3960-11ef-b4f7-2906cc9fb6bc","away","VfL Gummersbach","THW Kiel",8,13,FALSE,0,NA,NA,0,0,0,NA,0,0,0,0,0,0,NA,NA,NA,NA,NA,NA,NA,NA,0,0,0,0,NA,NA,NA,NA,NA
"Bruno Zay","bce5dbb8-3955-11ef-ac9b-ab397f561917",NA,NA,1971,"11/20/1971","80e4b70b-3960-11ef-b4f7-2906cc9fb6bc","away","VfL Gummersbach","THW Kiel",8,13,FALSE,4,NA,NA,0,0,3,NA,0,0,0,0,0,0,NA,NA,NA,NA,NA,NA,NA,NA,0,0,0,0,NA,NA,NA,NA,NA
"Karl-Heinz Schulz","72847241-3955-11ef-8bd4-51fdf2a82730",NA,NA,1971,"11/20/1971","839ee3c0-3960-11ef-a4e9-2906cc9fb6bc","home","TuS 05 Wellinghofen","VfL Lübeck-Schwartau",32,18,TRUE,2,NA,NA,0,0,0,NA,0,0,0,0,0,0,NA,NA,NA,NA,NA,NA,NA,NA,0,0,0,0,NA,NA,NA,NA,NA
"Hans-Jürgen Zick","8d67d76a-3955-11ef-8956-81dc40648355",NA,NA,1971,"11/20/1971","839ee3c0-3960-11ef-a4e9-2906cc9fb6bc","home","TuS 05 Wellinghofen","VfL Lübeck-Schwartau",32,18,TRUE,0,NA,NA,0,0,0,NA,0,0,0,0,0,0,NA,NA,NA,NA,NA,NA,NA,NA,0,0,0,0,NA,NA,NA,NA,NA
"Heiner Möller","8d7571e4-3955-11ef-b1d3-81dc40648355",NA,NA,1971,"11/20/1971","839ee3c0-3960-11ef-a4e9-2906cc9fb6bc","home","TuS 05 Wellinghofen","VfL Lübeck-Schwartau",32,18,TRUE,8,NA,NA,0,0,0,NA,0,0,0,0,0,0,NA,NA,NA,NA,NA,NA,NA,NA,0,0,0,0,NA,NA,NA,NA,NA
"Hans-Peter Neuhaus","8d9d3887-3955-11ef-80a3-81dc40648355",NA,NA,1971,"11/20/1971","839ee3c0-3960-11ef-a4e9-2906cc9fb6bc","home","TuS 05 Wellinghofen","VfL Lübeck-Schwartau",32,18,TRUE,2,NA,NA,0,0,0,NA,0,0,0,0,0,0,NA,NA,NA,NA,NA,NA,NA,NA,0,0,0,0,NA,NA,NA,NA,NA
"Rainer Gosewinkel","a4d61156-3955-11ef-8406-2510cc07ea6e",NA,NA,1971,"11/20/1971","839ee3c0-3960-11ef-a4e9-2906cc9fb6bc","home","TuS 05 Wellinghofen","VfL Lübeck-Schwartau",32,18,TRUE,3,NA,NA,0,0,0,NA,0,0,0,0,0,0,NA,NA,NA,NA,NA,NA,NA,NA,0,0,0,0,NA,NA,NA,NA,NA
"Klaus Erwe","a4f54a19-3955-11ef-b48a-2510cc07ea6e",NA,NA,1971,"11/20/1971","839ee3c0-3960-11ef-a4e9-2906cc9fb6bc","home","TuS 05 Wellinghofen","VfL Lübeck-Schwartau",32,18,TRUE,1,NA,NA,0,0,0,NA,0,0,0,0,0,0,NA,NA,NA,NA,NA,NA,NA,NA,0,0,0,0,NA,NA,NA,NA,NA
"Herbert Schmidt","a5127cc5-3955-11ef-b405-2510cc07ea6e",NA,NA,1971,"11/20/1971","839ee3c0-3960-11ef-a4e9-2906cc9fb6bc","home","TuS 05 Wellinghofen","VfL Lübeck-Schwartau",32,18,TRUE,2,NA,NA,0,0,0,NA,0,0,0,0,0,0,NA,NA,NA,NA,NA,NA,NA,NA,0,0,0,0,NA,NA,NA,NA,NA
"Burkhard Gröning","a52c6e4f-3955-11ef-a576-2510cc07ea6e",NA,NA,1971,"11/20/1971","839ee3c0-3960-11ef-a4e9-2906cc9fb6bc","home","TuS 05 Wellinghofen","VfL Lübeck-Schwartau",32,18,TRUE,7,NA,NA,0,0,0,NA,0,0,0,0,0,0,NA,NA,NA,NA,NA,NA,NA,NA,0,0,0,0,NA,NA,NA,NA,NA
"Heinz Oberscheidt","a5ae94f2-3955-11ef-91fc-2510cc07ea6e",NA,NA,1971,"11/20/1971","839ee3c0-3960-11ef-a4e9-2906cc9fb6bc","home","TuS 05 Wellinghofen","VfL Lübeck-Schwartau",32,18,TRUE,5,NA,NA,0,0,1,NA,0,0,0,0,0,0,NA,NA,NA,NA,NA,NA,NA,NA,0,0,0,0,NA,NA,NA,NA,NA
"Hans-Jürgen Sengera","ba7fae8e-3955-11ef-80e4-ab397f561917",NA,NA,1971,"11/20/1971","839ee3c0-3960-11ef-a4e9-2906cc9fb6bc","home","TuS 05 Wellinghofen","VfL Lübeck-Schwartau",32,18,TRUE,0,NA,NA,0,0,0,NA,0,0,0,0,0,0,NA,NA,NA,NA,NA,NA,NA,NA,0,0,0,0,NA,NA,NA,NA,NA
"Burkhardt Eckardt","c76d08cb-3955-11ef-8fa7-157c9bc18a5f",NA,NA,1971,"11/20/1971","839ee3c0-3960-11ef-a4e9-2906cc9fb6bc","home","TuS 05 Wellinghofen","VfL Lübeck-Schwartau",32,18,TRUE,0,NA,NA,0,0,0,NA,0,0,0,0,0,0,NA,NA,NA,NA,NA,NA,NA,NA,0,0,0,0,NA,NA,NA,NA,NA
"Klaus Linnemann","c773ab8c-3955-11ef-96ba-157c9bc18a5f",NA,NA,1971,"11/20/1971","839ee3c0-3960-11ef-a4e9-2906cc9fb6bc","home","TuS 05 Wellinghofen","VfL Lübeck-Schwartau",32,18,TRUE,2,NA,NA,0,0,0,NA,0,0,0,0,0,0,NA,NA,NA,NA,NA,NA,NA,NA,0,0,0,0,NA,NA,NA,NA,NA
"Herbert Rogge","b06614d7-3955-11ef-a43b-a36230ada079",NA,NA,1971,"11/20/1971","839ee3c0-3960-11ef-a4e9-2906cc9fb6bc","away","VfL Lübeck-Schwartau","TuS 05 Wellinghofen",18,32,FALSE,3,NA,NA,0,0,0,NA,0,0,0,0,0,0,NA,NA,NA,NA,NA,NA,NA,NA,0,0,0,0,NA,NA,NA,NA,NA
"Ingo Callies","b0b0659b-3955-11ef-87aa-a36230ada079",NA,NA,1971,"11/20/1971","839ee3c0-3960-11ef-a4e9-2906cc9fb6bc","away","VfL Lübeck-Schwartau","TuS 05 Wellinghofen",18,32,FALSE,5,NA,NA,0,0,0,NA,0,0,0,0,0,0,NA,NA,NA,NA,NA,NA,NA,NA,0,0,0,0,NA,NA,NA,NA,NA
"Michael Dogs","b0cecb4a-3955-11ef-b665-a36230ada079",NA,NA,1971,"11/20/1971","839ee3c0-3960-11ef-a4e9-2906cc9fb6bc","away","VfL Lübeck-Schwartau","TuS 05 Wellinghofen",18,32,FALSE,0,NA,NA,0,0,0,NA,0,0,0,0,0,0,NA,NA,NA,NA,NA,NA,NA,NA,0,0,0,0,NA,NA,NA,NA,NA
"Joachim Römer","b0dcb8e7-3955-11ef-83ab-a36230ada079",NA,NA,1971,"11/20/1971","839ee3c0-3960-11ef-a4e9-2906cc9fb6bc","away","VfL Lübeck-Schwartau","TuS 05 Wellinghofen",18,32,FALSE,2,NA,NA,0,0,1,NA,0,0,0,0,0,0,NA,NA,NA,NA,NA,NA,NA,NA,0,0,0,0,NA,NA,NA,NA,NA
"Peter Görtz","b0e9ae8f-3955-11ef-aa48-a36230ada079",NA,NA,1971,"11/20/1971","839ee3c0-3960-11ef-a4e9-2906cc9fb6bc","away","VfL Lübeck-Schwartau","TuS 05 Wellinghofen",18,32,FALSE,5,NA,NA,0,0,1,NA,0,0,0,0,0,0,NA,NA,NA,NA,NA,NA,NA,NA,0,0,0,0,NA,NA,NA,NA,NA
"Ulrich Kleinstoll","b0f37438-3955-11ef-84e6-a36230ada079",NA,NA,1971,"11/20/1971","839ee3c0-3960-11ef-a4e9-2906cc9fb6bc","away","VfL Lübeck-Schwartau","TuS 05 Wellinghofen",18,32,FALSE,1,NA,NA,0,0,0,NA,0,0,0,0,0,0,NA,NA,NA,NA,NA,NA,NA,NA,0,0,0,0,NA,NA,NA,NA,NA
"Geert Geusendam","baee7cab-3955-11ef-95ba-ab397f561917",NA,NA,1971,"11/20/1971","839ee3c0-3960-11ef-a4e9-2906cc9fb6bc","away","VfL Lübeck-Schwartau","TuS 05 Wellinghofen",18,32,FALSE,0,NA,NA,0,0,0,NA,0,0,0,0,0,0,NA,NA,NA,NA,NA,NA,NA,NA,0,0,0,0,NA,NA,NA,NA,NA
"Georg Pohl","baff6cee-3955-11ef-a80f-ab397f561917",NA,NA,1971,"11/20/1971","839ee3c0-3960-11ef-a4e9-2906cc9fb6bc","away","VfL Lübeck-Schwartau","TuS 05 Wellinghofen",18,32,FALSE,0,NA,NA,0,0,0,NA,0,0,0,0,0,0,NA,NA,NA,NA,NA,NA,NA,NA,0,0,0,0,NA,NA,NA,NA,NA
"Jochen Krummland","c7b078f7-3955-11ef-932e-157c9bc18a5f",NA,NA,1971,"11/20/1971","839ee3c0-3960-11ef-a4e9-2906cc9fb6bc","away","VfL Lübeck-Schwartau","TuS 05 Wellinghofen",18,32,FALSE,1,NA,NA,0,0,0,NA,0,0,0,0,0,0,NA,NA,NA,NA,NA,NA,NA,NA,0,0,0,0,NA,NA,NA,NA,NA
"Björn Clausen","c7b94735-3955-11ef-b741-157c9bc18a5f",NA,NA,1971,"11/20/1971","839ee3c0-3960-11ef-a4e9-2906cc9fb6bc","away","VfL Lübeck-Schwartau","TuS 05 Wellinghofen",18,32,FALSE,0,NA,NA,0,0,0,NA,0,0,0,0,0,0,NA,NA,NA,NA,NA,NA,NA,NA,0,0,0,0,NA,NA,NA,NA,NA
"Jochen Hoffmann","c7bdef38-3955-11ef-8b6c-157c9bc18a5f",NA,NA,1971,"11/20/1971","839ee3c0-3960-11ef-a4e9-2906cc9fb6bc","away","VfL Lübeck-Schwartau","TuS 05 Wellinghofen",18,32,FALSE,0,NA,NA,0,0,0,NA,0,0,0,0,0,0,NA,NA,NA,NA,NA,NA,NA,NA,0,0,0,0,NA,NA,NA,NA,NA
"Bruno Zantop","c91cafd4-3955-11ef-9bbf-157c9bc18a5f",NA,NA,1971,"11/20/1971","839ee3c0-3960-11ef-a4e9-2906cc9fb6bc","away","VfL Lübeck-Schwartau","TuS 05 Wellinghofen",18,32,FALSE,1,NA,NA,0,0,0,NA,0,0,0,0,0,0,NA,NA,NA,NA,NA,NA,NA,NA,0,0,0,0,NA,NA,NA,NA,NA
"Peter Bucher","8e0071c9-3955-11ef-8ff8-81dc40648355",NA,NA,1971,"11/20/1971","855ab5b9-3960-11ef-b8f2-2906cc9fb6bc","home","FRISCH AUF! Göppingen","TV Hochdorf",23,17,TRUE,6,NA,NA,0,0,0,NA,0,0,0,0,0,0,NA,NA,NA,NA,NA,NA,NA,NA,0,0,0,0,NA,NA,NA,NA,NA
"Max Müller","99453a6b-3955-11ef-84c2-292be3190b7b",NA,NA,1971,"11/20/1971","855ab5b9-3960-11ef-b8f2-2906cc9fb6bc","home","FRISCH AUF! Göppingen","TV Hochdorf",23,17,TRUE,5,NA,NA,0,0,0,NA,0,0,0,0,0,0,NA,NA,NA,NA,NA,NA,NA,NA,0,0,0,0,NA,NA,NA,NA,NA
"Werner Fischer","af3a0885-3955-11ef-a884-a36230ada079",NA,NA,1971,"11/20/1971","855ab5b9-3960-11ef-b8f2-2906cc9fb6bc","home","FRISCH AUF! Göppingen","TV Hochdorf",23,17,TRUE,0,NA,NA,0,0,0,NA,0,0,0,0,0,0,NA,NA,NA,NA,NA,NA,NA,NA,0,0,0,0,NA,NA,NA,NA,NA
"Detlef Groß","b20edee3-3955-11ef-9e14-a36230ada079",NA,NA,1971,"11/20/1971","855ab5b9-3960-11ef-b8f2-2906cc9fb6bc","home","FRISCH AUF! Göppingen","TV Hochdorf",23,17,TRUE,0,NA,NA,0,0,0,NA,0,0,0,0,0,0,NA,NA,NA,NA,NA,NA,NA,NA,0,0,0,0,NA,NA,NA,NA,NA
"Paul Epple","bc8167af-3955-11ef-8748-ab397f561917",NA,NA,1971,"11/20/1971","855ab5b9-3960-11ef-b8f2-2906cc9fb6bc","home","FRISCH AUF! Göppingen","TV Hochdorf",23,17,TRUE,6,NA,NA,0,0,1,NA,0,0,0,0,0,0,NA,NA,NA,NA,NA,NA,NA,NA,0,0,0,0,NA,NA,NA,NA,NA
"Walter Pflüger","bc85cdbc-3955-11ef-8e24-ab397f561917",NA,NA,1971,"11/20/1971","855ab5b9-3960-11ef-b8f2-2906cc9fb6bc","home","FRISCH AUF! Göppingen","TV Hochdorf",23,17,TRUE,1,NA,NA,0,0,0,NA,0,0,0,0,0,0,NA,NA,NA,NA,NA,NA,NA,NA,0,0,0,0,NA,NA,NA,NA,NA
"Werner Arndt","c71116e0-3955-11ef-85d3-157c9bc18a5f",NA,NA,1971,"11/20/1971","855ab5b9-3960-11ef-b8f2-2906cc9fb6bc","home","FRISCH AUF! Göppingen","TV Hochdorf",23,17,TRUE,0,NA,NA,0,0,0,NA,0,0,0,0,0,0,NA,NA,NA,NA,NA,NA,NA,NA,0,0,0,0,NA,NA,NA,NA,NA
"Christian Patzer","c715a1de-3955-11ef-bc54-157c9bc18a5f",NA,NA,1971,"11/20/1971","855ab5b9-3960-11ef-b8f2-2906cc9fb6bc","home","FRISCH AUF! Göppingen","TV Hochdorf",23,17,TRUE,1,NA,NA,0,0,0,NA,0,0,0,0,0,0,NA,NA,NA,NA,NA,NA,NA,NA,0,0,0,0,NA,NA,NA,NA,NA
"Armin Eisele","c9cc4c1b-3955-11ef-9f9f-157c9bc18a5f",NA,NA,1971,"11/20/1971","855ab5b9-3960-11ef-b8f2-2906cc9fb6bc","home","FRISCH AUF! Göppingen","TV Hochdorf",23,17,TRUE,2,NA,NA,0,0,0,NA,0,0,0,0,0,0,NA,NA,NA,NA,NA,NA,NA,NA,0,0,0,0,NA,NA,NA,NA,NA
"Günter Schweikardt","d3e60b79-3953-11ef-9e8c-e3f2de03a1b7",NA,NA,1971,"11/20/1971","855ab5b9-3960-11ef-b8f2-2906cc9fb6bc","home","FRISCH AUF! Göppingen","TV Hochdorf",23,17,TRUE,2,NA,NA,0,0,0,NA,0,0,0,0,0,0,NA,NA,NA,NA,NA,NA,NA,NA,0,0,0,0,NA,NA,NA,NA,NA
"Robert Becker","ae8c50f9-3955-11ef-91c4-a36230ada079",NA,NA,1971,"11/20/1971","855ab5b9-3960-11ef-b8f2-2906cc9fb6bc","away","TV Hochdorf","FRISCH AUF! Göppingen",17,23,FALSE,0,NA,NA,0,0,0,NA,0,0,0,0,0,0,NA,NA,NA,NA,NA,NA,NA,NA,0,0,0,0,NA,NA,NA,NA,NA
"Jürgen Hahn","ae947745-3955-11ef-bc54-a36230ada079",NA,NA,1971,"11/20/1971","855ab5b9-3960-11ef-b8f2-2906cc9fb6bc","away","TV Hochdorf","FRISCH AUF! Göppingen",17,23,FALSE,7,NA,NA,0,0,0,NA,0,0,0,0,0,0,NA,NA,NA,NA,NA,NA,NA,NA,0,0,0,0,NA,NA,NA,NA,NA
"Wilfried Job","af3ed007-3955-11ef-9184-a36230ada079",NA,NA,1971,"11/20/1971","855ab5b9-3960-11ef-b8f2-2906cc9fb6bc","away","TV Hochdorf","FRISCH AUF! Göppingen",17,23,FALSE,4,NA,NA,0,0,0,NA,0,0,0,0,0,0,NA,NA,NA,NA,NA,NA,NA,NA,0,0,0,0,NA,NA,NA,NA,NA
"Hans Stein","bde4861d-3955-11ef-a14e-ab397f561917",NA,NA,1971,"11/20/1971","855ab5b9-3960-11ef-b8f2-2906cc9fb6bc","away","TV Hochdorf","FRISCH AUF! Göppingen",17,23,FALSE,3,NA,NA,0,0,0,NA,0,0,0,0,0,0,NA,NA,NA,NA,NA,NA,NA,NA,0,0,0,0,NA,NA,NA,NA,NA
"Hans Schmitz","c9354efe-3955-11ef-b77a-157c9bc18a5f",NA,NA,1971,"11/20/1971","855ab5b9-3960-11ef-b8f2-2906cc9fb6bc","away","TV Hochdorf","FRISCH AUF! Göppingen",17,23,FALSE,1,NA,NA,0,0,0,NA,0,0,0,0,0,0,NA,NA,NA,NA,NA,NA,NA,NA,0,0,0,0,NA,NA,NA,NA,NA
"Werner Häfele","c9414487-3955-11ef-a5df-157c9bc18a5f",NA,NA,1971,"11/20/1971","855ab5b9-3960-11ef-b8f2-2906cc9fb6bc","away","TV Hochdorf","FRISCH AUF! Göppingen",17,23,FALSE,0,NA,NA,0,0,0,NA,0,0,0,0,0,0,NA,NA,NA,NA,NA,NA,NA,NA,0,0,0,0,NA,NA,NA,NA,NA
"Willi Butz","c945a2f1-3955-11ef-8b53-157c9bc18a5f",NA,NA,1971,"11/20/1971","855ab5b9-3960-11ef-b8f2-2906cc9fb6bc","away","TV Hochdorf","FRISCH AUF! Göppingen",17,23,FALSE,0,NA,NA,0,0,0,NA,0,0,0,0,0,0,NA,NA,NA,NA,NA,NA,NA,NA,0,0,0,0,NA,NA,NA,NA,NA
"Werner Matill","c9539495-3955-11ef-9bff-157c9bc18a5f",NA,NA,1971,"11/20/1971","855ab5b9-3960-11ef-b8f2-2906cc9fb6bc","away","TV Hochdorf","FRISCH AUF! Göppingen",17,23,FALSE,1,NA,NA,0,0,0,NA,0,0,0,0,0,0,NA,NA,NA,NA,NA,NA,NA,NA,0,0,0,0,NA,NA,NA,NA,NA
"Josef Ehmann","c957db2c-3955-11ef-b766-157c9bc18a5f",NA,NA,1971,"11/20/1971","855ab5b9-3960-11ef-b8f2-2906cc9fb6bc","away","TV Hochdorf","FRISCH AUF! Göppingen",17,23,FALSE,0,NA,NA,0,0,0,NA,0,0,0,0,0,0,NA,NA,NA,NA,NA,NA,NA,NA,0,0,0,0,NA,NA,NA,NA,NA
"Manfred Schulz","8bc2b5ea-3955-11ef-8d03-81dc40648355",NA,NA,1971,"11/20/1971","8bf214ac-3960-11ef-82a2-9b08c5d4c173","home","S3L Handball","TV Großwallstadt",19,26,FALSE,0,NA,NA,0,0,0,NA,0,0,0,0,0,0,NA,NA,NA,NA,NA,NA,NA,NA,0,0,0,0,NA,NA,NA,NA,NA
"Georg Fitz","ae68320c-3955-11ef-89fa-a36230ada079",NA,NA,1971,"11/20/1971","8bf214ac-3960-11ef-82a2-9b08c5d4c173","home","S3L Handball","TV Großwallstadt",19,26,FALSE,0,NA,NA,0,0,0,NA,0,0,0,0,0,0,NA,NA,NA,NA,NA,NA,NA,NA,0,0,0,0,NA,NA,NA,NA,NA
"Rolf Kuchenbecker","ae99100e-3955-11ef-9c32-a36230ada079",NA,NA,1971,"11/20/1971","8bf214ac-3960-11ef-82a2-9b08c5d4c173","home","S3L Handball","TV Großwallstadt",19,26,FALSE,1,NA,NA,0,0,0,NA,0,0,0,0,0,0,NA,NA,NA,NA,NA,NA,NA,NA,0,0,0,0,NA,NA,NA,NA,NA
"Hansjörg Jäck","b166bd31-3955-11ef-bed1-a36230ada079",NA,NA,1971,"11/20/1971","8bf214ac-3960-11ef-82a2-9b08c5d4c173","home","S3L Handball","TV Großwallstadt",19,26,FALSE,0,NA,NA,0,0,0,NA,0,0,0,0,0,0,NA,NA,NA,NA,NA,NA,NA,NA,0,0,0,0,NA,NA,NA,NA,NA
"Markus Hädrich","ba389acc-3955-11ef-8b9d-ab397f561917",NA,NA,1971,"11/20/1971","8bf214ac-3960-11ef-82a2-9b08c5d4c173","home","S3L Handball","TV Großwallstadt",19,26,FALSE,0,NA,NA,0,0,0,NA,0,0,0,0,0,0,NA,NA,NA,NA,NA,NA,NA,NA,0,0,0,0,NA,NA,NA,NA,NA
"Jens Schmitt","bb8d4110-3955-11ef-8fb2-ab397f561917",NA,NA,1971,"11/20/1971","8bf214ac-3960-11ef-82a2-9b08c5d4c173","home","S3L Handball","TV Großwallstadt",19,26,FALSE,7,NA,NA,0,0,2,NA,0,0,0,0,0,0,NA,NA,NA,NA,NA,NA,NA,NA,0,0,0,0,NA,NA,NA,NA,NA
"Werner Pruscha","bb9c8e56-3955-11ef-ac18-ab397f561917",NA,NA,1971,"11/20/1971","8bf214ac-3960-11ef-82a2-9b08c5d4c173","home","S3L Handball","TV Großwallstadt",19,26,FALSE,2,NA,NA,0,0,0,NA,0,0,0,0,0,0,NA,NA,NA,NA,NA,NA,NA,NA,0,0,0,0,NA,NA,NA,NA,NA
"Wolfhardt Bühler","bba2fc92-3955-11ef-a8d6-ab397f561917",NA,NA,1971,"11/20/1971","8bf214ac-3960-11ef-82a2-9b08c5d4c173","home","S3L Handball","TV Großwallstadt",19,26,FALSE,0,NA,NA,0,0,0,NA,0,0,0,0,0,0,NA,NA,NA,NA,NA,NA,NA,NA,0,0,0,0,NA,NA,NA,NA,NA
"Arno Schandin","bded1584-3955-11ef-8a76-ab397f561917",NA,NA,1971,"11/20/1971","8bf214ac-3960-11ef-82a2-9b08c5d4c173","home","S3L Handball","TV Großwallstadt",19,26,FALSE,2,NA,NA,0,0,0,NA,0,0,0,0,0,0,NA,NA,NA,NA,NA,NA,NA,NA,0,0,0,0,NA,NA,NA,NA,NA
"Herbert Hönnige","c7e7cc14-3955-11ef-af0e-157c9bc18a5f",NA,NA,1971,"11/20/1971","8bf214ac-3960-11ef-82a2-9b08c5d4c173","home","S3L Handball","TV Großwallstadt",19,26,FALSE,3,NA,NA,0,0,0,NA,0,0,0,0,0,0,NA,NA,NA,NA,NA,NA,NA,NA,0,0,0,0,NA,NA,NA,NA,NA
"Jürgen Plambeck","c95d267b-3955-11ef-9a98-157c9bc18a5f",NA,NA,1971,"11/20/1971","8bf214ac-3960-11ef-82a2-9b08c5d4c173","home","S3L Handball","TV Großwallstadt",19,26,FALSE,2,NA,NA,0,0,0,NA,0,0,0,0,0,0,NA,NA,NA,NA,NA,NA,NA,NA,0,0,0,0,NA,NA,NA,NA,NA
"Rolf Seltner","c96574fc-3955-11ef-a37f-157c9bc18a5f",NA,NA,1971,"11/20/1971","8bf214ac-3960-11ef-82a2-9b08c5d4c173","home","S3L Handball","TV Großwallstadt",19,26,FALSE,2,NA,NA,0,0,0,NA,0,0,0,0,0,0,NA,NA,NA,NA,NA,NA,NA,NA,0,0,0,0,NA,NA,NA,NA,NA
"Kurt Klühspies","5ac3e7d7-3955-11ef-b574-4fa817cd91bb",NA,NA,1971,"11/20/1971","8bf214ac-3960-11ef-82a2-9b08c5d4c173","away","TV Großwallstadt","S3L Handball",26,19,TRUE,4,NA,NA,0,0,0,NA,0,0,0,0,0,0,NA,NA,NA,NA,NA,NA,NA,NA,0,0,0,0,NA,NA,NA,NA,NA
"Manfred Hofmann","6855eb0b-3955-11ef-8cb3-292be3190b7b",NA,NA,1971,"11/20/1971","8bf214ac-3960-11ef-82a2-9b08c5d4c173","away","TV Großwallstadt","S3L Handball",26,19,TRUE,0,NA,NA,0,0,0,NA,0,0,0,0,0,0,NA,NA,NA,NA,NA,NA,NA,NA,0,0,0,0,NA,NA,NA,NA,NA
"Manfred Schwarz","96d98e53-3955-11ef-a3c9-292be3190b7b",NA,NA,1971,"11/20/1971","8bf214ac-3960-11ef-82a2-9b08c5d4c173","away","TV Großwallstadt","S3L Handball",26,19,TRUE,0,NA,NA,0,0,0,NA,0,0,0,0,0,0,NA,NA,NA,NA,NA,NA,NA,NA,0,0,0,0,NA,NA,NA,NA,NA
"Wolfgang Dümig","978dc3fc-3955-11ef-b042-292be3190b7b",NA,NA,1971,"11/20/1971","8bf214ac-3960-11ef-82a2-9b08c5d4c173","away","TV Großwallstadt","S3L Handball",26,19,TRUE,0,NA,NA,0,0,0,NA,0,0,0,0,0,0,NA,NA,NA,NA,NA,NA,NA,NA,0,0,0,0,NA,NA,NA,NA,NA
"Eckhardt Suffel","aeac0503-3955-11ef-88c6-a36230ada079",NA,NA,1971,"11/20/1971","8bf214ac-3960-11ef-82a2-9b08c5d4c173","away","TV Großwallstadt","S3L Handball",26,19,TRUE,4,NA,NA,0,0,0,NA,0,0,0,0,0,0,NA,NA,NA,NA,NA,NA,NA,NA,0,0,0,0,NA,NA,NA,NA,NA
"Peter Kuß","bbc18adb-3955-11ef-a5f7-ab397f561917",NA,NA,1971,"11/20/1971","8bf214ac-3960-11ef-82a2-9b08c5d4c173","away","TV Großwallstadt","S3L Handball",26,19,TRUE,6,NA,NA,0,0,0,NA,0,0,0,0,0,0,NA,NA,NA,NA,NA,NA,NA,NA,0,0,0,0,NA,NA,NA,NA,NA
"Rainer Oberle","be123408-3955-11ef-92a6-ab397f561917",NA,NA,1971,"11/20/1971","8bf214ac-3960-11ef-82a2-9b08c5d4c173","away","TV Großwallstadt","S3L Handball",26,19,TRUE,2,NA,NA,0,0,0,NA,0,0,0,0,0,0,NA,NA,NA,NA,NA,NA,NA,NA,0,0,0,0,NA,NA,NA,NA,NA
"Josef Karrer","be167639-3955-11ef-ac70-ab397f561917",NA,NA,1971,"11/20/1971","8bf214ac-3960-11ef-82a2-9b08c5d4c173","away","TV Großwallstadt","S3L Handball",26,19,TRUE,7,NA,NA,0,0,1,NA,0,0,0,0,0,0,NA,NA,NA,NA,NA,NA,NA,NA,0,0,0,0,NA,NA,NA,NA,NA
"Arthur Lichtlein","c7f5ba49-3955-11ef-827c-157c9bc18a5f",NA,NA,1971,"11/20/1971","8bf214ac-3960-11ef-82a2-9b08c5d4c173","away","TV Großwallstadt","S3L Handball",26,19,TRUE,0,NA,NA,0,0,0,NA,0,0,0,0,0,0,NA,NA,NA,NA,NA,NA,NA,NA,0,0,0,0,NA,NA,NA,NA,NA
"Klaus Klühspies","c9723883-3955-11ef-b2da-157c9bc18a5f",NA,NA,1971,"11/20/1971","8bf214ac-3960-11ef-82a2-9b08c5d4c173","away","TV Großwallstadt","S3L Handball",26,19,TRUE,2,NA,NA,0,0,0,NA,0,0,0,0,0,0,NA,NA,NA,NA,NA,NA,NA,NA,0,0,0,0,NA,NA,NA,NA,NA
"Hans Amberg","c976a145-3955-11ef-9331-157c9bc18a5f",NA,NA,1971,"11/20/1971","8bf214ac-3960-11ef-82a2-9b08c5d4c173","away","TV Großwallstadt","S3L Handball",26,19,TRUE,1,NA,NA,0,0,0,NA,0,0,0,0,0,0,NA,NA,NA,NA,NA,NA,NA,NA,0,0,0,0,NA,NA,NA,NA,NA
"Heinz-Theo Kaus","8086fdf9-3955-11ef-938f-b908c60af10a",NA,NA,1971,"11/20/1971","8d1968ce-3960-11ef-801a-9b08c5d4c173","home","SG Dietzenbach","SpVgg 1887 Möhringen",10,8,TRUE,0,NA,NA,0,0,0,NA,0,0,0,0,0,0,NA,NA,NA,NA,NA,NA,NA,NA,0,0,0,0,NA,NA,NA,NA,NA
"Peter Fenn","96d23185-3955-11ef-bbcf-292be3190b7b",NA,NA,1971,"11/20/1971","8d1968ce-3960-11ef-801a-9b08c5d4c173","home","SG Dietzenbach","SpVgg 1887 Möhringen",10,8,TRUE,0,NA,NA,0,0,0,NA,0,0,0,0,0,0,NA,NA,NA,NA,NA,NA,NA,NA,0,0,0,0,NA,NA,NA,NA,NA
"Herbert Wehnert","96e104db-3955-11ef-b58d-292be3190b7b",NA,NA,1971,"11/20/1971","8d1968ce-3960-11ef-801a-9b08c5d4c173","home","SG Dietzenbach","SpVgg 1887 Möhringen",10,8,TRUE,1,NA,NA,0,0,0,NA,0,0,0,0,0,0,NA,NA,NA,NA,NA,NA,NA,NA,0,0,0,0,NA,NA,NA,NA,NA
"Manfred Merk","a2e89182-3955-11ef-b7cf-2510cc07ea6e",NA,NA,1971,"11/20/1971","8d1968ce-3960-11ef-801a-9b08c5d4c173","home","SG Dietzenbach","SpVgg 1887 Möhringen",10,8,TRUE,3,NA,NA,0,0,0,NA,0,0,0,0,0,0,NA,NA,NA,NA,NA,NA,NA,NA,0,0,0,0,NA,NA,NA,NA,NA
"Heinrich Baum","af2c6c48-3955-11ef-964a-a36230ada079",NA,NA,1971,"11/20/1971","8d1968ce-3960-11ef-801a-9b08c5d4c173","home","SG Dietzenbach","SpVgg 1887 Möhringen",10,8,TRUE,5,NA,NA,0,0,0,NA,0,0,0,0,0,0,NA,NA,NA,NA,NA,NA,NA,NA,0,0,0,0,NA,NA,NA,NA,NA
"Klaus Rettig","b1d1aa4c-3955-11ef-baf9-a36230ada079",NA,NA,1971,"11/20/1971","8d1968ce-3960-11ef-801a-9b08c5d4c173","home","SG Dietzenbach","SpVgg 1887 Möhringen",10,8,TRUE,0,NA,NA,0,0,0,NA,0,0,0,0,0,0,NA,NA,NA,NA,NA,NA,NA,NA,0,0,0,0,NA,NA,NA,NA,NA
"Werner Conrad","b1d9e0f0-3955-11ef-8356-a36230ada079",NA,NA,1971,"11/20/1971","8d1968ce-3960-11ef-801a-9b08c5d4c173","home","SG Dietzenbach","SpVgg 1887 Möhringen",10,8,TRUE,0,NA,NA,0,0,0,NA,0,0,0,0,0,0,NA,NA,NA,NA,NA,NA,NA,NA,0,0,0,0,NA,NA,NA,NA,NA
"Peter Eckert","c67b9c79-3955-11ef-8f02-157c9bc18a5f",NA,NA,1971,"11/20/1971","8d1968ce-3960-11ef-801a-9b08c5d4c173","home","SG Dietzenbach","SpVgg 1887 Möhringen",10,8,TRUE,0,NA,NA,0,0,0,NA,0,0,0,0,0,0,NA,NA,NA,NA,NA,NA,NA,NA,0,0,0,0,NA,NA,NA,NA,NA
"Norbert Kern","c6961a09-3955-11ef-8bcc-157c9bc18a5f",NA,NA,1971,"11/20/1971","8d1968ce-3960-11ef-801a-9b08c5d4c173","home","SG Dietzenbach","SpVgg 1887 Möhringen",10,8,TRUE,1,NA,NA,0,0,1,NA,0,0,0,0,0,0,NA,NA,NA,NA,NA,NA,NA,NA,0,0,0,0,NA,NA,NA,NA,NA
"Hans-Joachim Herzig","c7ff4ec7-3955-11ef-a4ed-157c9bc18a5f",NA,NA,1971,"11/20/1971","8d1968ce-3960-11ef-801a-9b08c5d4c173","home","SG Dietzenbach","SpVgg 1887 Möhringen",10,8,TRUE,0,NA,NA,0,0,0,NA,0,0,0,0,0,0,NA,NA,NA,NA,NA,NA,NA,NA,0,0,0,0,NA,NA,NA,NA,NA
"Günther Rebel","c808988c-3955-11ef-af62-157c9bc18a5f",NA,NA,1971,"11/20/1971","8d1968ce-3960-11ef-801a-9b08c5d4c173","home","SG Dietzenbach","SpVgg 1887 Möhringen",10,8,TRUE,0,NA,NA,0,0,0,NA,0,0,0,0,0,0,NA,NA,NA,NA,NA,NA,NA,NA,0,0,0,0,NA,NA,NA,NA,NA
"Wolfgang Stolz","999eb14b-3955-11ef-bbce-292be3190b7b",NA,NA,1971,"11/20/1971","8d1968ce-3960-11ef-801a-9b08c5d4c173","away","SpVgg 1887 Möhringen","SG Dietzenbach",8,10,FALSE,2,NA,NA,0,0,0,NA,0,0,0,0,0,0,NA,NA,NA,NA,NA,NA,NA,NA,0,0,0,0,NA,NA,NA,NA,NA
"Hermann Mäurle","a44f95e3-3955-11ef-b53d-2510cc07ea6e",NA,NA,1971,"11/20/1971","8d1968ce-3960-11ef-801a-9b08c5d4c173","away","SpVgg 1887 Möhringen","SG Dietzenbach",8,10,FALSE,2,NA,NA,0,0,0,NA,0,0,0,0,0,0,NA,NA,NA,NA,NA,NA,NA,NA,0,0,0,0,NA,NA,NA,NA,NA
"Wolf-Dieter Rösner","c82bae19-3955-11ef-a06e-157c9bc18a5f",NA,NA,1971,"11/20/1971","8d1968ce-3960-11ef-801a-9b08c5d4c173","away","SpVgg 1887 Möhringen","SG Dietzenbach",8,10,FALSE,0,NA,NA,0,0,0,NA,0,0,0,0,0,0,NA,NA,NA,NA,NA,NA,NA,NA,0,0,0,0,NA,NA,NA,NA,NA
"Karl-Heinz Wolf","c8354cdd-3955-11ef-a1d6-157c9bc18a5f",NA,NA,1971,"11/20/1971","8d1968ce-3960-11ef-801a-9b08c5d4c173","away","SpVgg 1887 Möhringen","SG Dietzenbach",8,10,FALSE,0,NA,NA,0,0,0,NA,0,0,0,0,0,0,NA,NA,NA,NA,NA,NA,NA,NA,0,0,0,0,NA,NA,NA,NA,NA
"Gerd-Volker Stock","c8397c3c-3955-11ef-af12-157c9bc18a5f",NA,NA,1971,"11/20/1971","8d1968ce-3960-11ef-801a-9b08c5d4c173","away","SpVgg 1887 Möhringen","SG Dietzenbach",8,10,FALSE,2,NA,NA,0,0,0,NA,0,0,0,0,0,0,NA,NA,NA,NA,NA,NA,NA,NA,0,0,0,0,NA,NA,NA,NA,NA
"Dieter Schuh","c84c4c54-3955-11ef-9d35-157c9bc18a5f",NA,NA,1971,"11/20/1971","8d1968ce-3960-11ef-801a-9b08c5d4c173","away","SpVgg 1887 Möhringen","SG Dietzenbach",8,10,FALSE,0,NA,NA,0,0,0,NA,0,0,0,0,0,0,NA,NA,NA,NA,NA,NA,NA,NA,0,0,0,0,NA,NA,NA,NA,NA
"Lothar Scheffel","c850996c-3955-11ef-94a7-157c9bc18a5f",NA,NA,1971,"11/20/1971","8d1968ce-3960-11ef-801a-9b08c5d4c173","away","SpVgg 1887 Möhringen","SG Dietzenbach",8,10,FALSE,1,NA,NA,0,0,0,NA,0,0,0,0,0,0,NA,NA,NA,NA,NA,NA,NA,NA,0,0,0,0,NA,NA,NA,NA,NA
"Robert Bach","c85fda21-3955-11ef-9bd8-157c9bc18a5f",NA,NA,1971,"11/20/1971","8d1968ce-3960-11ef-801a-9b08c5d4c173","away","SpVgg 1887 Möhringen","SG Dietzenbach",8,10,FALSE,0,NA,NA,0,0,0,NA,0,0,0,0,0,0,NA,NA,NA,NA,NA,NA,NA,NA,0,0,0,0,NA,NA,NA,NA,NA
"Karl-Heinz Steinbach","c864fc61-3955-11ef-bc13-157c9bc18a5f",NA,NA,1971,"11/20/1971","8d1968ce-3960-11ef-801a-9b08c5d4c173","away","SpVgg 1887 Möhringen","SG Dietzenbach",8,10,FALSE,1,NA,NA,0,0,0,NA,0,0,0,0,0,0,NA,NA,NA,NA,NA,NA,NA,NA,0,0,0,0,NA,NA,NA,NA,NA
"Wolfgang Schall","c869381d-3955-11ef-a2ed-157c9bc18a5f",NA,NA,1971,"11/20/1971","8d1968ce-3960-11ef-801a-9b08c5d4c173","away","SpVgg 1887 Möhringen","SG Dietzenbach",8,10,FALSE,0,NA,NA,0,0,0,NA,0,0,0,0,0,0,NA,NA,NA,NA,NA,NA,NA,NA,0,0,0,0,NA,NA,NA,NA,NA
"Günter Heger","c9b80786-3955-11ef-80ae-157c9bc18a5f",NA,NA,1971,"11/20/1971","8d1968ce-3960-11ef-801a-9b08c5d4c173","away","SpVgg 1887 Möhringen","SG Dietzenbach",8,10,FALSE,0,NA,NA,0,0,0,NA,0,0,0,0,0,0,NA,NA,NA,NA,NA,NA,NA,NA,0,0,0,0,NA,NA,NA,NA,NA
"Peter Pickel","8c973b42-3955-11ef-8c71-81dc40648355",NA,NA,1971,"11/21/1971","82cfcc7c-3960-11ef-82a1-2906cc9fb6bc","home","Hamburger SV","TSB Flensburg",21,14,TRUE,4,NA,NA,0,0,2,NA,0,0,0,0,0,0,NA,NA,NA,NA,NA,NA,NA,NA,0,0,0,0,NA,NA,NA,NA,NA
"Diethard Finkelmann","a60bdcf9-3955-11ef-bfa1-2510cc07ea6e",NA,NA,1971,"11/21/1971","82cfcc7c-3960-11ef-82a1-2906cc9fb6bc","home","Hamburger SV","TSB Flensburg",21,14,TRUE,4,NA,NA,0,0,0,NA,0,0,0,0,0,0,NA,NA,NA,NA,NA,NA,NA,NA,0,0,0,0,NA,NA,NA,NA,NA
"Hans-Jürgen Bode","b011e6da-3955-11ef-8205-a36230ada079",NA,NA,1971,"11/21/1971","82cfcc7c-3960-11ef-82a1-2906cc9fb6bc","home","Hamburger SV","TSB Flensburg",21,14,TRUE,0,NA,NA,0,0,0,NA,0,0,0,0,0,0,NA,NA,NA,NA,NA,NA,NA,NA,0,0,0,0,NA,NA,NA,NA,NA
"Rainer Witt","b02adaad-3955-11ef-b8c4-a36230ada079",NA,NA,1971,"11/21/1971","82cfcc7c-3960-11ef-82a1-2906cc9fb6bc","home","Hamburger SV","TSB Flensburg",21,14,TRUE,1,NA,NA,0,0,0,NA,0,0,0,0,0,0,NA,NA,NA,NA,NA,NA,NA,NA,0,0,0,0,NA,NA,NA,NA,NA
"Jens Ivers","b02f4aea-3955-11ef-801e-a36230ada079",NA,NA,1971,"11/21/1971","82cfcc7c-3960-11ef-82a1-2906cc9fb6bc","home","Hamburger SV","TSB Flensburg",21,14,TRUE,0,NA,NA,0,0,0,NA,0,0,0,0,0,0,NA,NA,NA,NA,NA,NA,NA,NA,0,0,0,0,NA,NA,NA,NA,NA
"Hans-Joachim Beißel","b0341bcb-3955-11ef-9e08-a36230ada079",NA,NA,1971,"11/21/1971","82cfcc7c-3960-11ef-82a1-2906cc9fb6bc","home","Hamburger SV","TSB Flensburg",21,14,TRUE,1,NA,NA,0,0,0,NA,0,0,0,0,0,0,NA,NA,NA,NA,NA,NA,NA,NA,0,0,0,0,NA,NA,NA,NA,NA
"Norbert Germer","b03f8101-3955-11ef-8945-a36230ada079",NA,NA,1971,"11/21/1971","82cfcc7c-3960-11ef-82a1-2906cc9fb6bc","home","Hamburger SV","TSB Flensburg",21,14,TRUE,0,NA,NA,0,0,0,NA,0,0,0,0,0,0,NA,NA,NA,NA,NA,NA,NA,NA,0,0,0,0,NA,NA,NA,NA,NA
"Siegfried Berg","b10d3ec3-3955-11ef-8a30-a36230ada079",NA,NA,1971,"11/21/1971","82cfcc7c-3960-11ef-82a1-2906cc9fb6bc","home","Hamburger SV","TSB Flensburg",21,14,TRUE,2,NA,NA,0,0,0,NA,0,0,0,0,0,0,NA,NA,NA,NA,NA,NA,NA,NA,0,0,0,0,NA,NA,NA,NA,NA
"Wolfgang Braun","b1a4c388-3955-11ef-92b7-a36230ada079",NA,NA,1971,"11/21/1971","82cfcc7c-3960-11ef-82a1-2906cc9fb6bc","home","Hamburger SV","TSB Flensburg",21,14,TRUE,3,NA,NA,0,0,0,NA,0,0,0,0,0,0,NA,NA,NA,NA,NA,NA,NA,NA,0,0,0,0,NA,NA,NA,NA,NA
"Bernd Heiden","baf62966-3955-11ef-b7e1-ab397f561917",NA,NA,1971,"11/21/1971","82cfcc7c-3960-11ef-82a1-2906cc9fb6bc","home","Hamburger SV","TSB Flensburg",21,14,TRUE,3,NA,NA,0,0,0,NA,0,0,0,0,0,0,NA,NA,NA,NA,NA,NA,NA,NA,0,0,0,0,NA,NA,NA,NA,NA
"Klaus Lange","bafb51f3-3955-11ef-9864-ab397f561917",NA,NA,1971,"11/21/1971","82cfcc7c-3960-11ef-82a1-2906cc9fb6bc","home","Hamburger SV","TSB Flensburg",21,14,TRUE,3,NA,NA,0,0,0,NA,0,0,0,0,0,0,NA,NA,NA,NA,NA,NA,NA,NA,0,0,0,0,NA,NA,NA,NA,NA
"Hans-Joachim Krüger","989303b8-3955-11ef-ac0a-292be3190b7b",NA,NA,1971,"11/21/1971","82cfcc7c-3960-11ef-82a1-2906cc9fb6bc","away","TSB Flensburg","Hamburger SV",14,21,FALSE,2,NA,NA,0,0,2,NA,0,0,0,0,0,0,NA,NA,NA,NA,NA,NA,NA,NA,0,0,0,0,NA,NA,NA,NA,NA
"Helmut Wolff","c8c361d9-3955-11ef-b16f-157c9bc18a5f",NA,NA,1971,"11/21/1971","82cfcc7c-3960-11ef-82a1-2906cc9fb6bc","away","TSB Flensburg","Hamburger SV",14,21,FALSE,0,NA,NA,0,0,0,NA,0,0,0,0,0,0,NA,NA,NA,NA,NA,NA,NA,NA,0,0,0,0,NA,NA,NA,NA,NA
"Sönke Voß","c8c872dc-3955-11ef-8979-157c9bc18a5f",NA,NA,1971,"11/21/1971","82cfcc7c-3960-11ef-82a1-2906cc9fb6bc","away","TSB Flensburg","Hamburger SV",14,21,FALSE,4,NA,NA,0,0,0,NA,0,0,0,0,0,0,NA,NA,NA,NA,NA,NA,NA,NA,0,0,0,0,NA,NA,NA,NA,NA
"Trutz Kob","c8ccf221-3955-11ef-8f6f-157c9bc18a5f",NA,NA,1971,"11/21/1971","82cfcc7c-3960-11ef-82a1-2906cc9fb6bc","away","TSB Flensburg","Hamburger SV",14,21,FALSE,2,NA,NA,0,0,0,NA,0,0,0,0,0,0,NA,NA,NA,NA,NA,NA,NA,NA,0,0,0,0,NA,NA,NA,NA,NA
"Gerhard Brast","c8d5c599-3955-11ef-8eef-157c9bc18a5f",NA,NA,1971,"11/21/1971","82cfcc7c-3960-11ef-82a1-2906cc9fb6bc","away","TSB Flensburg","Hamburger SV",14,21,FALSE,3,NA,NA,0,0,1,NA,0,0,0,0,0,0,NA,NA,NA,NA,NA,NA,NA,NA,0,0,0,0,NA,NA,NA,NA,NA
"Günter Jensen","c8d9f473-3955-11ef-9c30-157c9bc18a5f",NA,NA,1971,"11/21/1971","82cfcc7c-3960-11ef-82a1-2906cc9fb6bc","away","TSB Flensburg","Hamburger SV",14,21,FALSE,0,NA,NA,0,0,0,NA,0,0,0,0,0,0,NA,NA,NA,NA,NA,NA,NA,NA,0,0,0,0,NA,NA,NA,NA,NA
"Claus Karstens","c8de58ae-3955-11ef-9aa5-157c9bc18a5f",NA,NA,1971,"11/21/1971","82cfcc7c-3960-11ef-82a1-2906cc9fb6bc","away","TSB Flensburg","Hamburger SV",14,21,FALSE,0,NA,NA,0,0,0,NA,0,0,0,0,0,0,NA,NA,NA,NA,NA,NA,NA,NA,0,0,0,0,NA,NA,NA,NA,NA
"Rolf Asmussen","c8e24957-3955-11ef-86ce-157c9bc18a5f",NA,NA,1971,"11/21/1971","82cfcc7c-3960-11ef-82a1-2906cc9fb6bc","away","TSB Flensburg","Hamburger SV",14,21,FALSE,1,NA,NA,0,0,0,NA,0,0,0,0,0,0,NA,NA,NA,NA,NA,NA,NA,NA,0,0,0,0,NA,NA,NA,NA,NA
"Hans-Jürgen Zastera","c8eb73c1-3955-11ef-bb77-157c9bc18a5f",NA,NA,1971,"11/21/1971","82cfcc7c-3960-11ef-82a1-2906cc9fb6bc","away","TSB Flensburg","Hamburger SV",14,21,FALSE,2,NA,NA,0,0,0,NA,0,0,0,0,0,0,NA,NA,NA,NA,NA,NA,NA,NA,0,0,0,0,NA,NA,NA,NA,NA
"Uwe Dahlinger","c8ef76f2-3955-11ef-add0-157c9bc18a5f",NA,NA,1971,"11/21/1971","82cfcc7c-3960-11ef-82a1-2906cc9fb6bc","away","TSB Flensburg","Hamburger SV",14,21,FALSE,0,NA,NA,0,0,0,NA,0,0,0,0,0,0,NA,NA,NA,NA,NA,NA,NA,NA,0,0,0,0,NA,NA,NA,NA,NA
"Hans Moser","7e83ce46-3955-11ef-830d-b908c60af10a",NA,NA,1971,"11/21/1971","8d8678b0-3960-11ef-9ac1-9b08c5d4c173","home","TSV Milbertshofen","TSV 1896 Rintheim",16,16,FALSE,2,NA,NA,0,0,0,NA,0,0,0,0,0,0,NA,NA,NA,NA,NA,NA,NA,NA,0,0,0,0,NA,NA,NA,NA,NA
"Werner Winkelmeier","9712104e-3955-11ef-9613-292be3190b7b",NA,NA,1971,"11/21/1971","8d8678b0-3960-11ef-9ac1-9b08c5d4c173","home","TSV Milbertshofen","TSV 1896 Rintheim",16,16,FALSE,5,NA,NA,0,0,0,NA,0,0,0,0,0,0,NA,NA,NA,NA,NA,NA,NA,NA,0,0,0,0,NA,NA,NA,NA,NA
"Josef Kiener","972d7d47-3955-11ef-a437-292be3190b7b",NA,NA,1971,"11/21/1971","8d8678b0-3960-11ef-9ac1-9b08c5d4c173","home","TSV Milbertshofen","TSV 1896 Rintheim",16,16,FALSE,3,NA,NA,0,0,2,NA,0,0,0,0,0,0,NA,NA,NA,NA,NA,NA,NA,NA,0,0,0,0,NA,NA,NA,NA,NA
"Rudolf Dobler","97ac407c-3955-11ef-9ea9-292be3190b7b",NA,NA,1971,"11/21/1971","8d8678b0-3960-11ef-9ac1-9b08c5d4c173","home","TSV Milbertshofen","TSV 1896 Rintheim",16,16,FALSE,0,NA,NA,0,0,0,NA,0,0,0,0,0,0,NA,NA,NA,NA,NA,NA,NA,NA,0,0,0,0,NA,NA,NA,NA,NA
"Helmut Schelchshorn","b1c960ef-3955-11ef-850b-a36230ada079",NA,NA,1971,"11/21/1971","8d8678b0-3960-11ef-9ac1-9b08c5d4c173","home","TSV Milbertshofen","TSV 1896 Rintheim",16,16,FALSE,1,NA,NA,0,0,0,NA,0,0,0,0,0,0,NA,NA,NA,NA,NA,NA,NA,NA,0,0,0,0,NA,NA,NA,NA,NA
"Peter Feddern","bc1b1b3e-3955-11ef-9c4e-ab397f561917",NA,NA,1971,"11/21/1971","8d8678b0-3960-11ef-9ac1-9b08c5d4c173","home","TSV Milbertshofen","TSV 1896 Rintheim",16,16,FALSE,0,NA,NA,0,0,0,NA,0,0,0,0,0,0,NA,NA,NA,NA,NA,NA,NA,NA,0,0,0,0,NA,NA,NA,NA,NA
"Herbert Staiger","c81d1d7c-3955-11ef-b36f-157c9bc18a5f",NA,NA,1971,"11/21/1971","8d8678b0-3960-11ef-9ac1-9b08c5d4c173","home","TSV Milbertshofen","TSV 1896 Rintheim",16,16,FALSE,2,NA,NA,0,0,0,NA,0,0,0,0,0,0,NA,NA,NA,NA,NA,NA,NA,NA,0,0,0,0,NA,NA,NA,NA,NA
"Karl Donndorf","c821c668-3955-11ef-a20c-157c9bc18a5f",NA,NA,1971,"11/21/1971","8d8678b0-3960-11ef-9ac1-9b08c5d4c173","home","TSV Milbertshofen","TSV 1896 Rintheim",16,16,FALSE,2,NA,NA,0,0,0,NA,0,0,0,0,0,0,NA,NA,NA,NA,NA,NA,NA,NA,0,0,0,0,NA,NA,NA,NA,NA
"Arnold Gaitzsch","c99ecd8f-3955-11ef-a93a-157c9bc18a5f",NA,NA,1971,"11/21/1971","8d8678b0-3960-11ef-9ac1-9b08c5d4c173","home","TSV Milbertshofen","TSV 1896 Rintheim",16,16,FALSE,1,NA,NA,0,0,0,NA,0,0,0,0,0,0,NA,NA,NA,NA,NA,NA,NA,NA,0,0,0,0,NA,NA,NA,NA,NA
"Erich Loderer","c9a2ad0a-3955-11ef-9f7e-157c9bc18a5f",NA,NA,1971,"11/21/1971","8d8678b0-3960-11ef-9ac1-9b08c5d4c173","home","TSV Milbertshofen","TSV 1896 Rintheim",16,16,FALSE,0,NA,NA,0,0,0,NA,0,0,0,0,0,0,NA,NA,NA,NA,NA,NA,NA,NA,0,0,0,0,NA,NA,NA,NA,NA
"Wolf-Dieter Nagel","8d41486b-3955-11ef-8d22-81dc40648355",NA,NA,1971,"11/21/1971","8d8678b0-3960-11ef-9ac1-9b08c5d4c173","away","TSV 1896 Rintheim","TSV Milbertshofen",16,16,FALSE,8,NA,NA,0,0,2,NA,0,0,0,0,0,0,NA,NA,NA,NA,NA,NA,NA,NA,0,0,0,0,NA,NA,NA,NA,NA
"Franz Bechler","98035d7e-3955-11ef-8b94-292be3190b7b",NA,NA,1971,"11/21/1971","8d8678b0-3960-11ef-9ac1-9b08c5d4c173","away","TSV 1896 Rintheim","TSV Milbertshofen",16,16,FALSE,1,NA,NA,0,0,0,NA,0,0,0,0,0,0,NA,NA,NA,NA,NA,NA,NA,NA,0,0,0,0,NA,NA,NA,NA,NA
"Bernd Seibel","bc6670d9-3955-11ef-b849-ab397f561917",NA,NA,1971,"11/21/1971","8d8678b0-3960-11ef-9ac1-9b08c5d4c173","away","TSV 1896 Rintheim","TSV Milbertshofen",16,16,FALSE,0,NA,NA,0,0,0,NA,0,0,0,0,0,0,NA,NA,NA,NA,NA,NA,NA,NA,0,0,0,0,NA,NA,NA,NA,NA
"Wolfgang Dillenberger","bc6a40c8-3955-11ef-8c9f-ab397f561917",NA,NA,1971,"11/21/1971","8d8678b0-3960-11ef-9ac1-9b08c5d4c173","away","TSV 1896 Rintheim","TSV Milbertshofen",16,16,FALSE,1,NA,NA,0,0,0,NA,0,0,0,0,0,0,NA,NA,NA,NA,NA,NA,NA,NA,0,0,0,0,NA,NA,NA,NA,NA
"Richard Baumer","c6e9de45-3955-11ef-b5bf-157c9bc18a5f",NA,NA,1971,"11/21/1971","8d8678b0-3960-11ef-9ac1-9b08c5d4c173","away","TSV 1896 Rintheim","TSV Milbertshofen",16,16,FALSE,0,NA,NA,0,0,0,NA,0,0,0,0,0,0,NA,NA,NA,NA,NA,NA,NA,NA,0,0,0,0,NA,NA,NA,NA,NA
"Roland Schubach","c8722d8e-3955-11ef-b351-157c9bc18a5f",NA,NA,1971,"11/21/1971","8d8678b0-3960-11ef-9ac1-9b08c5d4c173","away","TSV 1896 Rintheim","TSV Milbertshofen",16,16,FALSE,1,NA,NA,0,0,0,NA,0,0,0,0,0,0,NA,NA,NA,NA,NA,NA,NA,NA,0,0,0,0,NA,NA,NA,NA,NA
"Siegfried Brabec","c87758a1-3955-11ef-9dbd-157c9bc18a5f",NA,NA,1971,"11/21/1971","8d8678b0-3960-11ef-9ac1-9b08c5d4c173","away","TSV 1896 Rintheim","TSV Milbertshofen",16,16,FALSE,0,NA,NA,0,0,0,NA,0,0,0,0,0,0,NA,NA,NA,NA,NA,NA,NA,NA,0,0,0,0,NA,NA,NA,NA,NA
"Josef Bechler","c88a53f3-3955-11ef-bd99-157c9bc18a5f",NA,NA,1971,"11/21/1971","8d8678b0-3960-11ef-9ac1-9b08c5d4c173","away","TSV 1896 Rintheim","TSV Milbertshofen",16,16,FALSE,5,NA,NA,0,0,0,NA,0,0,0,0,0,0,NA,NA,NA,NA,NA,NA,NA,NA,0,0,0,0,NA,NA,NA,NA,NA
"Rolf-Eberhard Jaeger","c9bde9a1-3955-11ef-9a50-157c9bc18a5f",NA,NA,1971,"11/21/1971","8d8678b0-3960-11ef-9ac1-9b08c5d4c173","away","TSV 1896 Rintheim","TSV Milbertshofen",16,16,FALSE,0,NA,NA,0,0,0,NA,0,0,0,0,0,0,NA,NA,NA,NA,NA,NA,NA,NA,0,0,0,0,NA,NA,NA,NA,NA
"Klaus Westebbe","8c58f63a-3955-11ef-b65e-81dc40648355",NA,NA,1971,"11/27/1971","80f46287-3960-11ef-a17a-2906cc9fb6bc","home","VfL Gummersbach","VfL Lübeck-Schwartau",22,15,TRUE,5,NA,NA,0,0,3,NA,0,0,0,0,0,0,NA,NA,NA,NA,NA,NA,NA,NA,0,0,0,0,NA,NA,NA,NA,NA
"Klaus Kater","8da1f6ef-3955-11ef-b31a-81dc40648355",NA,NA,1971,"11/27/1971","80f46287-3960-11ef-a17a-2906cc9fb6bc","home","VfL Gummersbach","VfL Lübeck-Schwartau",22,15,TRUE,0,NA,NA,0,0,0,NA,0,0,0,0,0,0,NA,NA,NA,NA,NA,NA,NA,NA,0,0,0,0,NA,NA,NA,NA,NA
"Klaus Schlagheck","97a06613-3955-11ef-8056-292be3190b7b",NA,NA,1971,"11/27/1971","80f46287-3960-11ef-a17a-2906cc9fb6bc","home","VfL Gummersbach","VfL Lübeck-Schwartau",22,15,TRUE,2,NA,NA,0,0,0,NA,0,0,0,0,0,0,NA,NA,NA,NA,NA,NA,NA,NA,0,0,0,0,NA,NA,NA,NA,NA
"Ralf Hamann","a28aa62f-3955-11ef-9677-2510cc07ea6e",NA,NA,1971,"11/27/1971","80f46287-3960-11ef-a17a-2906cc9fb6bc","home","VfL Gummersbach","VfL Lübeck-Schwartau",22,15,TRUE,0,NA,NA,0,0,0,NA,0,0,0,0,0,0,NA,NA,NA,NA,NA,NA,NA,NA,0,0,0,0,NA,NA,NA,NA,NA
"Ulrich Ufer","a2c8cfa8-3955-11ef-8510-2510cc07ea6e",NA,NA,1971,"11/27/1971","80f46287-3960-11ef-a17a-2906cc9fb6bc","home","VfL Gummersbach","VfL Lübeck-Schwartau",22,15,TRUE,2,NA,NA,0,0,0,NA,0,0,0,0,0,0,NA,NA,NA,NA,NA,NA,NA,NA,0,0,0,0,NA,NA,NA,NA,NA
"Jochen Feldhoff","a32751a5-3955-11ef-badf-2510cc07ea6e",NA,NA,1971,"11/27/1971","80f46287-3960-11ef-a17a-2906cc9fb6bc","home","VfL Gummersbach","VfL Lübeck-Schwartau",22,15,TRUE,1,NA,NA,0,0,0,NA,0,0,0,0,0,0,NA,NA,NA,NA,NA,NA,NA,NA,0,0,0,0,NA,NA,NA,NA,NA
"Helmut Keller","ae2fb2ba-3955-11ef-b38f-a36230ada079",NA,NA,1971,"11/27/1971","80f46287-3960-11ef-a17a-2906cc9fb6bc","home","VfL Gummersbach","VfL Lübeck-Schwartau",22,15,TRUE,2,NA,NA,0,0,0,NA,0,0,0,0,0,0,NA,NA,NA,NA,NA,NA,NA,NA,0,0,0,0,NA,NA,NA,NA,NA
"Jochen Brand","ba44375c-3955-11ef-a5d6-ab397f561917",NA,NA,1971,"11/27/1971","80f46287-3960-11ef-a17a-2906cc9fb6bc","home","VfL Gummersbach","VfL Lübeck-Schwartau",22,15,TRUE,2,NA,NA,0,0,0,NA,0,0,0,0,0,0,NA,NA,NA,NA,NA,NA,NA,NA,0,0,0,0,NA,NA,NA,NA,NA
"Uwe Braunschweig","ba4aaa94-3955-11ef-be97-ab397f561917",NA,NA,1971,"11/27/1971","80f46287-3960-11ef-a17a-2906cc9fb6bc","home","VfL Gummersbach","VfL Lübeck-Schwartau",22,15,TRUE,2,NA,NA,0,0,0,NA,0,0,0,0,0,0,NA,NA,NA,NA,NA,NA,NA,NA,0,0,0,0,NA,NA,NA,NA,NA
"Bruno Zay","bce5dbb8-3955-11ef-ac9b-ab397f561917",NA,NA,1971,"11/27/1971","80f46287-3960-11ef-a17a-2906cc9fb6bc","home","VfL Gummersbach","VfL Lübeck-Schwartau",22,15,TRUE,5,NA,NA,0,0,4,NA,0,0,0,0,0,0,NA,NA,NA,NA,NA,NA,NA,NA,0,0,0,0,NA,NA,NA,NA,NA
"Gerhard Leiste","c735d7ed-3955-11ef-b576-157c9bc18a5f",NA,NA,1971,"11/27/1971","80f46287-3960-11ef-a17a-2906cc9fb6bc","home","VfL Gummersbach","VfL Lübeck-Schwartau",22,15,TRUE,1,NA,NA,0,0,0,NA,0,0,0,0,0,0,NA,NA,NA,NA,NA,NA,NA,NA,0,0,0,0,NA,NA,NA,NA,NA
"Herbert Rogge","b06614d7-3955-11ef-a43b-a36230ada079",NA,NA,1971,"11/27/1971","80f46287-3960-11ef-a17a-2906cc9fb6bc","away","VfL Lübeck-Schwartau","VfL Gummersbach",15,22,FALSE,5,NA,NA,0,0,0,NA,0,0,0,0,0,0,NA,NA,NA,NA,NA,NA,NA,NA,0,0,0,0,NA,NA,NA,NA,NA
"Ingo Callies","b0b0659b-3955-11ef-87aa-a36230ada079",NA,NA,1971,"11/27/1971","80f46287-3960-11ef-a17a-2906cc9fb6bc","away","VfL Lübeck-Schwartau","VfL Gummersbach",15,22,FALSE,4,NA,NA,0,0,0,NA,0,0,0,0,0,0,NA,NA,NA,NA,NA,NA,NA,NA,0,0,0,0,NA,NA,NA,NA,NA
"Michael Dogs","b0cecb4a-3955-11ef-b665-a36230ada079",NA,NA,1971,"11/27/1971","80f46287-3960-11ef-a17a-2906cc9fb6bc","away","VfL Lübeck-Schwartau","VfL Gummersbach",15,22,FALSE,0,NA,NA,0,0,0,NA,0,0,0,0,0,0,NA,NA,NA,NA,NA,NA,NA,NA,0,0,0,0,NA,NA,NA,NA,NA
"Peter Görtz","b0e9ae8f-3955-11ef-aa48-a36230ada079",NA,NA,1971,"11/27/1971","80f46287-3960-11ef-a17a-2906cc9fb6bc","away","VfL Lübeck-Schwartau","VfL Gummersbach",15,22,FALSE,3,NA,NA,0,0,0,NA,0,0,0,0,0,0,NA,NA,NA,NA,NA,NA,NA,NA,0,0,0,0,NA,NA,NA,NA,NA
"Ulrich Kleinstoll","b0f37438-3955-11ef-84e6-a36230ada079",NA,NA,1971,"11/27/1971","80f46287-3960-11ef-a17a-2906cc9fb6bc","away","VfL Lübeck-Schwartau","VfL Gummersbach",15,22,FALSE,1,NA,NA,0,0,0,NA,0,0,0,0,0,0,NA,NA,NA,NA,NA,NA,NA,NA,0,0,0,0,NA,NA,NA,NA,NA
"Hans-Martin Müller-Wolf","b1020054-3955-11ef-8e79-a36230ada079",NA,NA,1971,"11/27/1971","80f46287-3960-11ef-a17a-2906cc9fb6bc","away","VfL Lübeck-Schwartau","VfL Gummersbach",15,22,FALSE,0,NA,NA,0,0,0,NA,0,0,0,0,0,0,NA,NA,NA,NA,NA,NA,NA,NA,0,0,0,0,NA,NA,NA,NA,NA
"Geert Geusendam","baee7cab-3955-11ef-95ba-ab397f561917",NA,NA,1971,"11/27/1971","80f46287-3960-11ef-a17a-2906cc9fb6bc","away","VfL Lübeck-Schwartau","VfL Gummersbach",15,22,FALSE,0,NA,NA,0,0,0,NA,0,0,0,0,0,0,NA,NA,NA,NA,NA,NA,NA,NA,0,0,0,0,NA,NA,NA,NA,NA
"Georg Pohl","baff6cee-3955-11ef-a80f-ab397f561917",NA,NA,1971,"11/27/1971","80f46287-3960-11ef-a17a-2906cc9fb6bc","away","VfL Lübeck-Schwartau","VfL Gummersbach",15,22,FALSE,0,NA,NA,0,0,0,NA,0,0,0,0,0,0,NA,NA,NA,NA,NA,NA,NA,NA,0,0,0,0,NA,NA,NA,NA,NA
"Jochen Krummland","c7b078f7-3955-11ef-932e-157c9bc18a5f",NA,NA,1971,"11/27/1971","80f46287-3960-11ef-a17a-2906cc9fb6bc","away","VfL Lübeck-Schwartau","VfL Gummersbach",15,22,FALSE,1,NA,NA,0,0,0,NA,0,0,0,0,0,0,NA,NA,NA,NA,NA,NA,NA,NA,0,0,0,0,NA,NA,NA,NA,NA
"Björn Clausen","c7b94735-3955-11ef-b741-157c9bc18a5f",NA,NA,1971,"11/27/1971","80f46287-3960-11ef-a17a-2906cc9fb6bc","away","VfL Lübeck-Schwartau","VfL Gummersbach",15,22,FALSE,0,NA,NA,0,0,0,NA,0,0,0,0,0,0,NA,NA,NA,NA,NA,NA,NA,NA,0,0,0,0,NA,NA,NA,NA,NA
"Bruno Zantop","c91cafd4-3955-11ef-9bbf-157c9bc18a5f",NA,NA,1971,"11/27/1971","80f46287-3960-11ef-a17a-2906cc9fb6bc","away","VfL Lübeck-Schwartau","VfL Gummersbach",15,22,FALSE,1,NA,NA,0,0,0,NA,0,0,0,0,0,0,NA,NA,NA,NA,NA,NA,NA,NA,0,0,0,0,NA,NA,NA,NA,NA
"Kurt Klühspies","5ac3e7d7-3955-11ef-b574-4fa817cd91bb",NA,NA,1971,"11/27/1971","8cae3965-3960-11ef-858e-9b08c5d4c173","home","TV Großwallstadt","SG Dietzenbach",22,14,TRUE,2,NA,NA,0,0,0,NA,0,0,0,0,0,0,NA,NA,NA,NA,NA,NA,NA,NA,0,0,0,0,NA,NA,NA,NA,NA
"Manfred Hofmann","6855eb0b-3955-11ef-8cb3-292be3190b7b",NA,NA,1971,"11/27/1971","8cae3965-3960-11ef-858e-9b08c5d4c173","home","TV Großwallstadt","SG Dietzenbach",22,14,TRUE,0,NA,NA,0,0,0,NA,0,0,0,0,0,0,NA,NA,NA,NA,NA,NA,NA,NA,0,0,0,0,NA,NA,NA,NA,NA
"Manfred Schwarz","96d98e53-3955-11ef-a3c9-292be3190b7b",NA,NA,1971,"11/27/1971","8cae3965-3960-11ef-858e-9b08c5d4c173","home","TV Großwallstadt","SG Dietzenbach",22,14,TRUE,1,NA,NA,0,0,0,NA,0,0,0,0,0,0,NA,NA,NA,NA,NA,NA,NA,NA,0,0,0,0,NA,NA,NA,NA,NA
"Wolfgang Dümig","978dc3fc-3955-11ef-b042-292be3190b7b",NA,NA,1971,"11/27/1971","8cae3965-3960-11ef-858e-9b08c5d4c173","home","TV Großwallstadt","SG Dietzenbach",22,14,TRUE,0,NA,NA,0,0,0,NA,0,0,0,0,0,0,NA,NA,NA,NA,NA,NA,NA,NA,0,0,0,0,NA,NA,NA,NA,NA
"Eckhardt Suffel","aeac0503-3955-11ef-88c6-a36230ada079",NA,NA,1971,"11/27/1971","8cae3965-3960-11ef-858e-9b08c5d4c173","home","TV Großwallstadt","SG Dietzenbach",22,14,TRUE,3,NA,NA,0,0,0,NA,0,0,0,0,0,0,NA,NA,NA,NA,NA,NA,NA,NA,0,0,0,0,NA,NA,NA,NA,NA
"Peter Kuß","bbc18adb-3955-11ef-a5f7-ab397f561917",NA,NA,1971,"11/27/1971","8cae3965-3960-11ef-858e-9b08c5d4c173","home","TV Großwallstadt","SG Dietzenbach",22,14,TRUE,3,NA,NA,0,0,0,NA,0,0,0,0,0,0,NA,NA,NA,NA,NA,NA,NA,NA,0,0,0,0,NA,NA,NA,NA,NA
"Werner Lemmert","be0e2c8d-3955-11ef-82a6-ab397f561917",NA,NA,1971,"11/27/1971","8cae3965-3960-11ef-858e-9b08c5d4c173","home","TV Großwallstadt","SG Dietzenbach",22,14,TRUE,0,NA,NA,0,0,0,NA,0,0,0,0,0,0,NA,NA,NA,NA,NA,NA,NA,NA,0,0,0,0,NA,NA,NA,NA,NA
"Rainer Oberle","be123408-3955-11ef-92a6-ab397f561917",NA,NA,1971,"11/27/1971","8cae3965-3960-11ef-858e-9b08c5d4c173","home","TV Großwallstadt","SG Dietzenbach",22,14,TRUE,3,NA,NA,0,0,0,NA,0,0,0,0,0,0,NA,NA,NA,NA,NA,NA,NA,NA,0,0,0,0,NA,NA,NA,NA,NA
"Josef Karrer","be167639-3955-11ef-ac70-ab397f561917",NA,NA,1971,"11/27/1971","8cae3965-3960-11ef-858e-9b08c5d4c173","home","TV Großwallstadt","SG Dietzenbach",22,14,TRUE,10,NA,NA,0,0,6,NA,0,0,0,0,0,0,NA,NA,NA,NA,NA,NA,NA,NA,0,0,0,0,NA,NA,NA,NA,NA
"Arthur Lichtlein","c7f5ba49-3955-11ef-827c-157c9bc18a5f",NA,NA,1971,"11/27/1971","8cae3965-3960-11ef-858e-9b08c5d4c173","home","TV Großwallstadt","SG Dietzenbach",22,14,TRUE,0,NA,NA,0,0,0,NA,0,0,0,0,0,0,NA,NA,NA,NA,NA,NA,NA,NA,0,0,0,0,NA,NA,NA,NA,NA
"Klaus Klühspies","c9723883-3955-11ef-b2da-157c9bc18a5f",NA,NA,1971,"11/27/1971","8cae3965-3960-11ef-858e-9b08c5d4c173","home","TV Großwallstadt","SG Dietzenbach",22,14,TRUE,0,NA,NA,0,0,0,NA,0,0,0,0,0,0,NA,NA,NA,NA,NA,NA,NA,NA,0,0,0,0,NA,NA,NA,NA,NA
"Heinz-Theo Kaus","8086fdf9-3955-11ef-938f-b908c60af10a",NA,NA,1971,"11/27/1971","8cae3965-3960-11ef-858e-9b08c5d4c173","away","SG Dietzenbach","TV Großwallstadt",14,22,FALSE,0,NA,NA,0,0,0,NA,0,0,0,0,0,0,NA,NA,NA,NA,NA,NA,NA,NA,0,0,0,0,NA,NA,NA,NA,NA
"Peter Fenn","96d23185-3955-11ef-bbcf-292be3190b7b",NA,NA,1971,"11/27/1971","8cae3965-3960-11ef-858e-9b08c5d4c173","away","SG Dietzenbach","TV Großwallstadt",14,22,FALSE,2,NA,NA,0,0,0,NA,0,0,0,0,0,0,NA,NA,NA,NA,NA,NA,NA,NA,0,0,0,0,NA,NA,NA,NA,NA
"Herbert Wehnert","96e104db-3955-11ef-b58d-292be3190b7b",NA,NA,1971,"11/27/1971","8cae3965-3960-11ef-858e-9b08c5d4c173","away","SG Dietzenbach","TV Großwallstadt",14,22,FALSE,3,NA,NA,0,0,1,NA,0,0,0,0,0,0,NA,NA,NA,NA,NA,NA,NA,NA,0,0,0,0,NA,NA,NA,NA,NA
"Manfred Merk","a2e89182-3955-11ef-b7cf-2510cc07ea6e",NA,NA,1971,"11/27/1971","8cae3965-3960-11ef-858e-9b08c5d4c173","away","SG Dietzenbach","TV Großwallstadt",14,22,FALSE,2,NA,NA,0,0,0,NA,0,0,0,0,0,0,NA,NA,NA,NA,NA,NA,NA,NA,0,0,0,0,NA,NA,NA,NA,NA
"Heinrich Baum","af2c6c48-3955-11ef-964a-a36230ada079",NA,NA,1971,"11/27/1971","8cae3965-3960-11ef-858e-9b08c5d4c173","away","SG Dietzenbach","TV Großwallstadt",14,22,FALSE,4,NA,NA,0,0,0,NA,0,0,0,0,0,0,NA,NA,NA,NA,NA,NA,NA,NA,0,0,0,0,NA,NA,NA,NA,NA
"Reinhold Jerwan","b1d5c150-3955-11ef-9027-a36230ada079",NA,NA,1971,"11/27/1971","8cae3965-3960-11ef-858e-9b08c5d4c173","away","SG Dietzenbach","TV Großwallstadt",14,22,FALSE,1,NA,NA,0,0,0,NA,0,0,0,0,0,0,NA,NA,NA,NA,NA,NA,NA,NA,0,0,0,0,NA,NA,NA,NA,NA
"Werner Conrad","b1d9e0f0-3955-11ef-8356-a36230ada079",NA,NA,1971,"11/27/1971","8cae3965-3960-11ef-858e-9b08c5d4c173","away","SG Dietzenbach","TV Großwallstadt",14,22,FALSE,0,NA,NA,0,0,0,NA,0,0,0,0,0,0,NA,NA,NA,NA,NA,NA,NA,NA,0,0,0,0,NA,NA,NA,NA,NA
"Dieter Liebherr","bc97017d-3955-11ef-af25-ab397f561917",NA,NA,1971,"11/27/1971","8cae3965-3960-11ef-858e-9b08c5d4c173","away","SG Dietzenbach","TV Großwallstadt",14,22,FALSE,0,NA,NA,0,0,0,NA,0,0,0,0,0,0,NA,NA,NA,NA,NA,NA,NA,NA,0,0,0,0,NA,NA,NA,NA,NA
"Peter Eckert","c67b9c79-3955-11ef-8f02-157c9bc18a5f",NA,NA,1971,"11/27/1971","8cae3965-3960-11ef-858e-9b08c5d4c173","away","SG Dietzenbach","TV Großwallstadt",14,22,FALSE,1,NA,NA,0,0,0,NA,0,0,0,0,0,0,NA,NA,NA,NA,NA,NA,NA,NA,0,0,0,0,NA,NA,NA,NA,NA
"Norbert Kern","c6961a09-3955-11ef-8bcc-157c9bc18a5f",NA,NA,1971,"11/27/1971","8cae3965-3960-11ef-858e-9b08c5d4c173","away","SG Dietzenbach","TV Großwallstadt",14,22,FALSE,0,NA,NA,0,0,0,NA,0,0,0,0,0,0,NA,NA,NA,NA,NA,NA,NA,NA,0,0,0,0,NA,NA,NA,NA,NA
"Hans-Joachim Herzig","c7ff4ec7-3955-11ef-a4ed-157c9bc18a5f",NA,NA,1971,"11/27/1971","8cae3965-3960-11ef-858e-9b08c5d4c173","away","SG Dietzenbach","TV Großwallstadt",14,22,FALSE,1,NA,NA,0,0,0,NA,0,0,0,0,0,0,NA,NA,NA,NA,NA,NA,NA,NA,0,0,0,0,NA,NA,NA,NA,NA
"Wolfgang Stolz","999eb14b-3955-11ef-bbce-292be3190b7b",NA,NA,1971,"11/27/1971","8d941738-3960-11ef-8eee-9b08c5d4c173","home","SpVgg 1887 Möhringen","TSV Milbertshofen",14,12,TRUE,2,NA,NA,0,0,0,NA,0,0,0,0,0,0,NA,NA,NA,NA,NA,NA,NA,NA,0,0,0,0,NA,NA,NA,NA,NA
"Hermann Mäurle","a44f95e3-3955-11ef-b53d-2510cc07ea6e",NA,NA,1971,"11/27/1971","8d941738-3960-11ef-8eee-9b08c5d4c173","home","SpVgg 1887 Möhringen","TSV Milbertshofen",14,12,TRUE,5,NA,NA,0,0,0,NA,0,0,0,0,0,0,NA,NA,NA,NA,NA,NA,NA,NA,0,0,0,0,NA,NA,NA,NA,NA
"Karl-Heinz Wolf","c8354cdd-3955-11ef-a1d6-157c9bc18a5f",NA,NA,1971,"11/27/1971","8d941738-3960-11ef-8eee-9b08c5d4c173","home","SpVgg 1887 Möhringen","TSV Milbertshofen",14,12,TRUE,1,NA,NA,0,0,0,NA,0,0,0,0,0,0,NA,NA,NA,NA,NA,NA,NA,NA,0,0,0,0,NA,NA,NA,NA,NA
"Gerd-Volker Stock","c8397c3c-3955-11ef-af12-157c9bc18a5f",NA,NA,1971,"11/27/1971","8d941738-3960-11ef-8eee-9b08c5d4c173","home","SpVgg 1887 Möhringen","TSV Milbertshofen",14,12,TRUE,2,NA,NA,0,0,0,NA,0,0,0,0,0,0,NA,NA,NA,NA,NA,NA,NA,NA,0,0,0,0,NA,NA,NA,NA,NA
"Dieter Schuh","c84c4c54-3955-11ef-9d35-157c9bc18a5f",NA,NA,1971,"11/27/1971","8d941738-3960-11ef-8eee-9b08c5d4c173","home","SpVgg 1887 Möhringen","TSV Milbertshofen",14,12,TRUE,1,NA,NA,0,0,0,NA,0,0,0,0,0,0,NA,NA,NA,NA,NA,NA,NA,NA,0,0,0,0,NA,NA,NA,NA,NA
"Lothar Scheffel","c850996c-3955-11ef-94a7-157c9bc18a5f",NA,NA,1971,"11/27/1971","8d941738-3960-11ef-8eee-9b08c5d4c173","home","SpVgg 1887 Möhringen","TSV Milbertshofen",14,12,TRUE,0,NA,NA,0,0,0,NA,0,0,0,0,0,0,NA,NA,NA,NA,NA,NA,NA,NA,0,0,0,0,NA,NA,NA,NA,NA
"Robert Bach","c85fda21-3955-11ef-9bd8-157c9bc18a5f",NA,NA,1971,"11/27/1971","8d941738-3960-11ef-8eee-9b08c5d4c173","home","SpVgg 1887 Möhringen","TSV Milbertshofen",14,12,TRUE,0,NA,NA,0,0,0,NA,0,0,0,0,0,0,NA,NA,NA,NA,NA,NA,NA,NA,0,0,0,0,NA,NA,NA,NA,NA
"Karl-Heinz Steinbach","c864fc61-3955-11ef-bc13-157c9bc18a5f",NA,NA,1971,"11/27/1971","8d941738-3960-11ef-8eee-9b08c5d4c173","home","SpVgg 1887 Möhringen","TSV Milbertshofen",14,12,TRUE,3,NA,NA,0,0,0,NA,0,0,0,0,0,0,NA,NA,NA,NA,NA,NA,NA,NA,0,0,0,0,NA,NA,NA,NA,NA
"Wolfgang Schall","c869381d-3955-11ef-a2ed-157c9bc18a5f",NA,NA,1971,"11/27/1971","8d941738-3960-11ef-8eee-9b08c5d4c173","home","SpVgg 1887 Möhringen","TSV Milbertshofen",14,12,TRUE,0,NA,NA,0,0,0,NA,0,0,0,0,0,0,NA,NA,NA,NA,NA,NA,NA,NA,0,0,0,0,NA,NA,NA,NA,NA
"Günter Heger","c9b80786-3955-11ef-80ae-157c9bc18a5f",NA,NA,1971,"11/27/1971","8d941738-3960-11ef-8eee-9b08c5d4c173","home","SpVgg 1887 Möhringen","TSV Milbertshofen",14,12,TRUE,0,NA,NA,0,0,0,NA,0,0,0,0,0,0,NA,NA,NA,NA,NA,NA,NA,NA,0,0,0,0,NA,NA,NA,NA,NA
"Hans Moser","7e83ce46-3955-11ef-830d-b908c60af10a",NA,NA,1971,"11/27/1971","8d941738-3960-11ef-8eee-9b08c5d4c173","away","TSV Milbertshofen","SpVgg 1887 Möhringen",12,14,FALSE,1,NA,NA,0,0,0,NA,0,0,0,0,0,0,NA,NA,NA,NA,NA,NA,NA,NA,0,0,0,0,NA,NA,NA,NA,NA
"Werner Winkelmeier","9712104e-3955-11ef-9613-292be3190b7b",NA,NA,1971,"11/27/1971","8d941738-3960-11ef-8eee-9b08c5d4c173","away","TSV Milbertshofen","SpVgg 1887 Möhringen",12,14,FALSE,3,NA,NA,0,0,0,NA,0,0,0,0,0,0,NA,NA,NA,NA,NA,NA,NA,NA,0,0,0,0,NA,NA,NA,NA,NA
"Josef Kiener","972d7d47-3955-11ef-a437-292be3190b7b",NA,NA,1971,"11/27/1971","8d941738-3960-11ef-8eee-9b08c5d4c173","away","TSV Milbertshofen","SpVgg 1887 Möhringen",12,14,FALSE,3,NA,NA,0,0,3,NA,0,0,0,0,0,0,NA,NA,NA,NA,NA,NA,NA,NA,0,0,0,0,NA,NA,NA,NA,NA
"Rudolf Dobler","97ac407c-3955-11ef-9ea9-292be3190b7b",NA,NA,1971,"11/27/1971","8d941738-3960-11ef-8eee-9b08c5d4c173","away","TSV Milbertshofen","SpVgg 1887 Möhringen",12,14,FALSE,0,NA,NA,0,0,0,NA,0,0,0,0,0,0,NA,NA,NA,NA,NA,NA,NA,NA,0,0,0,0,NA,NA,NA,NA,NA
"Günther Haug","b1c49acf-3955-11ef-9599-a36230ada079",NA,NA,1971,"11/27/1971","8d941738-3960-11ef-8eee-9b08c5d4c173","away","TSV Milbertshofen","SpVgg 1887 Möhringen",12,14,FALSE,0,NA,NA,0,0,0,NA,0,0,0,0,0,0,NA,NA,NA,NA,NA,NA,NA,NA,0,0,0,0,NA,NA,NA,NA,NA
"Helmut Schelchshorn","b1c960ef-3955-11ef-850b-a36230ada079",NA,NA,1971,"11/27/1971","8d941738-3960-11ef-8eee-9b08c5d4c173","away","TSV Milbertshofen","SpVgg 1887 Möhringen",12,14,FALSE,1,NA,NA,0,0,0,NA,0,0,0,0,0,0,NA,NA,NA,NA,NA,NA,NA,NA,0,0,0,0,NA,NA,NA,NA,NA
"Peter Feddern","bc1b1b3e-3955-11ef-9c4e-ab397f561917",NA,NA,1971,"11/27/1971","8d941738-3960-11ef-8eee-9b08c5d4c173","away","TSV Milbertshofen","SpVgg 1887 Möhringen",12,14,FALSE,0,NA,NA,0,0,0,NA,0,0,0,0,0,0,NA,NA,NA,NA,NA,NA,NA,NA,0,0,0,0,NA,NA,NA,NA,NA
"Herbert Staiger","c81d1d7c-3955-11ef-b36f-157c9bc18a5f",NA,NA,1971,"11/27/1971","8d941738-3960-11ef-8eee-9b08c5d4c173","away","TSV Milbertshofen","SpVgg 1887 Möhringen",12,14,FALSE,1,NA,NA,0,0,0,NA,0,0,0,0,0,0,NA,NA,NA,NA,NA,NA,NA,NA,0,0,0,0,NA,NA,NA,NA,NA
"Karl Donndorf","c821c668-3955-11ef-a20c-157c9bc18a5f",NA,NA,1971,"11/27/1971","8d941738-3960-11ef-8eee-9b08c5d4c173","away","TSV Milbertshofen","SpVgg 1887 Möhringen",12,14,FALSE,2,NA,NA,0,0,0,NA,0,0,0,0,0,0,NA,NA,NA,NA,NA,NA,NA,NA,0,0,0,0,NA,NA,NA,NA,NA
"Erich Loderer","c9a2ad0a-3955-11ef-9f7e-157c9bc18a5f",NA,NA,1971,"11/27/1971","8d941738-3960-11ef-8eee-9b08c5d4c173","away","TSV Milbertshofen","SpVgg 1887 Möhringen",12,14,FALSE,1,NA,NA,0,0,0,NA,0,0,0,0,0,0,NA,NA,NA,NA,NA,NA,NA,NA,0,0,0,0,NA,NA,NA,NA,NA
"Hans-Joachim Krüger","989303b8-3955-11ef-ac0a-292be3190b7b",NA,NA,1971,"11/28/1971","82013822-3960-11ef-8e2d-2906cc9fb6bc","home","TSB Flensburg","GWD Minden",13,21,FALSE,1,NA,NA,0,0,0,NA,0,0,0,0,0,0,NA,NA,NA,NA,NA,NA,NA,NA,0,0,0,0,NA,NA,NA,NA,NA
"Ulrich Althoff","bb6c27f0-3955-11ef-9d06-ab397f561917",NA,NA,1971,"11/28/1971","82013822-3960-11ef-8e2d-2906cc9fb6bc","home","TSB Flensburg","GWD Minden",13,21,FALSE,0,NA,NA,0,0,0,NA,0,0,0,0,0,0,NA,NA,NA,NA,NA,NA,NA,NA,0,0,0,0,NA,NA,NA,NA,NA
"Helmut Wolff","c8c361d9-3955-11ef-b16f-157c9bc18a5f",NA,NA,1971,"11/28/1971","82013822-3960-11ef-8e2d-2906cc9fb6bc","home","TSB Flensburg","GWD Minden",13,21,FALSE,0,NA,NA,0,0,0,NA,0,0,0,0,0,0,NA,NA,NA,NA,NA,NA,NA,NA,0,0,0,0,NA,NA,NA,NA,NA
"Sönke Voß","c8c872dc-3955-11ef-8979-157c9bc18a5f",NA,NA,1971,"11/28/1971","82013822-3960-11ef-8e2d-2906cc9fb6bc","home","TSB Flensburg","GWD Minden",13,21,FALSE,3,NA,NA,0,0,3,NA,0,0,0,0,0,0,NA,NA,NA,NA,NA,NA,NA,NA,0,0,0,0,NA,NA,NA,NA,NA
"Trutz Kob","c8ccf221-3955-11ef-8f6f-157c9bc18a5f",NA,NA,1971,"11/28/1971","82013822-3960-11ef-8e2d-2906cc9fb6bc","home","TSB Flensburg","GWD Minden",13,21,FALSE,2,NA,NA,0,0,0,NA,0,0,0,0,0,0,NA,NA,NA,NA,NA,NA,NA,NA,0,0,0,0,NA,NA,NA,NA,NA
"Dieter Liesch","c8d1ab08-3955-11ef-bf4b-157c9bc18a5f",NA,NA,1971,"11/28/1971","82013822-3960-11ef-8e2d-2906cc9fb6bc","home","TSB Flensburg","GWD Minden",13,21,FALSE,4,NA,NA,0,0,1,NA,0,0,0,0,0,0,NA,NA,NA,NA,NA,NA,NA,NA,0,0,0,0,NA,NA,NA,NA,NA
"Gerhard Brast","c8d5c599-3955-11ef-8eef-157c9bc18a5f",NA,NA,1971,"11/28/1971","82013822-3960-11ef-8e2d-2906cc9fb6bc","home","TSB Flensburg","GWD Minden",13,21,FALSE,1,NA,NA,0,0,0,NA,0,0,0,0,0,0,NA,NA,NA,NA,NA,NA,NA,NA,0,0,0,0,NA,NA,NA,NA,NA
"Günter Jensen","c8d9f473-3955-11ef-9c30-157c9bc18a5f",NA,NA,1971,"11/28/1971","82013822-3960-11ef-8e2d-2906cc9fb6bc","home","TSB Flensburg","GWD Minden",13,21,FALSE,0,NA,NA,0,0,0,NA,0,0,0,0,0,0,NA,NA,NA,NA,NA,NA,NA,NA,0,0,0,0,NA,NA,NA,NA,NA
"Claus Karstens","c8de58ae-3955-11ef-9aa5-157c9bc18a5f",NA,NA,1971,"11/28/1971","82013822-3960-11ef-8e2d-2906cc9fb6bc","home","TSB Flensburg","GWD Minden",13,21,FALSE,0,NA,NA,0,0,0,NA,0,0,0,0,0,0,NA,NA,NA,NA,NA,NA,NA,NA,0,0,0,0,NA,NA,NA,NA,NA
"Rolf Asmussen","c8e24957-3955-11ef-86ce-157c9bc18a5f",NA,NA,1971,"11/28/1971","82013822-3960-11ef-8e2d-2906cc9fb6bc","home","TSB Flensburg","GWD Minden",13,21,FALSE,2,NA,NA,0,0,0,NA,0,0,0,0,0,0,NA,NA,NA,NA,NA,NA,NA,NA,0,0,0,0,NA,NA,NA,NA,NA
"Hans-Jürgen Zastera","c8eb73c1-3955-11ef-bb77-157c9bc18a5f",NA,NA,1971,"11/28/1971","82013822-3960-11ef-8e2d-2906cc9fb6bc","home","TSB Flensburg","GWD Minden",13,21,FALSE,0,NA,NA,0,0,0,NA,0,0,0,0,0,0,NA,NA,NA,NA,NA,NA,NA,NA,0,0,0,0,NA,NA,NA,NA,NA
"Hans-Jürgen Sulk","7ff6b175-3955-11ef-a103-b908c60af10a",NA,NA,1971,"11/28/1971","82013822-3960-11ef-8e2d-2906cc9fb6bc","away","GWD Minden","TSB Flensburg",21,13,TRUE,1,NA,NA,0,0,0,NA,0,0,0,0,0,0,NA,NA,NA,NA,NA,NA,NA,NA,0,0,0,0,NA,NA,NA,NA,NA
"Gerald Schüler","96fc1532-3955-11ef-bddd-292be3190b7b",NA,NA,1971,"11/28/1971","82013822-3960-11ef-8e2d-2906cc9fb6bc","away","GWD Minden","TSB Flensburg",21,13,TRUE,0,NA,NA,0,0,0,NA,0,0,0,0,0,0,NA,NA,NA,NA,NA,NA,NA,NA,0,0,0,0,NA,NA,NA,NA,NA
"Martin Karcher","980f80ce-3955-11ef-8054-292be3190b7b",NA,NA,1971,"11/28/1971","82013822-3960-11ef-8e2d-2906cc9fb6bc","away","GWD Minden","TSB Flensburg",21,13,TRUE,0,NA,NA,0,0,0,NA,0,0,0,0,0,0,NA,NA,NA,NA,NA,NA,NA,NA,0,0,0,0,NA,NA,NA,NA,NA
"Hans Kramer","98f50290-3955-11ef-8aa8-292be3190b7b",NA,NA,1971,"11/28/1971","82013822-3960-11ef-8e2d-2906cc9fb6bc","away","GWD Minden","TSB Flensburg",21,13,TRUE,3,NA,NA,0,0,0,NA,0,0,0,0,0,0,NA,NA,NA,NA,NA,NA,NA,NA,0,0,0,0,NA,NA,NA,NA,NA
"Wilfried Meyer","a34b2aa0-3955-11ef-a79c-2510cc07ea6e",NA,NA,1971,"11/28/1971","82013822-3960-11ef-8e2d-2906cc9fb6bc","away","GWD Minden","TSB Flensburg",21,13,TRUE,0,NA,NA,0,0,0,NA,0,0,0,0,0,0,NA,NA,NA,NA,NA,NA,NA,NA,0,0,0,0,NA,NA,NA,NA,NA
"Jobst-Erich Rehse","b00be251-3955-11ef-ac35-a36230ada079",NA,NA,1971,"11/28/1971","82013822-3960-11ef-8e2d-2906cc9fb6bc","away","GWD Minden","TSB Flensburg",21,13,TRUE,1,NA,NA,0,0,0,NA,0,0,0,0,0,0,NA,NA,NA,NA,NA,NA,NA,NA,0,0,0,0,NA,NA,NA,NA,NA
"Bernd Munck","ba5ee5e3-3955-11ef-9f80-ab397f561917",NA,NA,1971,"11/28/1971","82013822-3960-11ef-8e2d-2906cc9fb6bc","away","GWD Minden","TSB Flensburg",21,13,TRUE,4,NA,NA,0,0,0,NA,0,0,0,0,0,0,NA,NA,NA,NA,NA,NA,NA,NA,0,0,0,0,NA,NA,NA,NA,NA
"Wilfried Drögemeier","ba63ada7-3955-11ef-a04d-ab397f561917",NA,NA,1971,"11/28/1971","82013822-3960-11ef-8e2d-2906cc9fb6bc","away","GWD Minden","TSB Flensburg",21,13,TRUE,2,NA,NA,0,0,0,NA,0,0,0,0,0,0,NA,NA,NA,NA,NA,NA,NA,NA,0,0,0,0,NA,NA,NA,NA,NA
"Otto Weng","bcfbec1c-3955-11ef-b4f4-ab397f561917",NA,NA,1971,"11/28/1971","82013822-3960-11ef-8e2d-2906cc9fb6bc","away","GWD Minden","TSB Flensburg",21,13,TRUE,5,NA,NA,0,0,2,NA,0,0,0,0,0,0,NA,NA,NA,NA,NA,NA,NA,NA,0,0,0,0,NA,NA,NA,NA,NA
"Burkhard Krocker","bcffdc62-3955-11ef-b52a-ab397f561917",NA,NA,1971,"11/28/1971","82013822-3960-11ef-8e2d-2906cc9fb6bc","away","GWD Minden","TSB Flensburg",21,13,TRUE,4,NA,NA,0,0,0,NA,0,0,0,0,0,0,NA,NA,NA,NA,NA,NA,NA,NA,0,0,0,0,NA,NA,NA,NA,NA
"Jürgen Buhrmester","c747ff25-3955-11ef-9695-157c9bc18a5f",NA,NA,1971,"11/28/1971","82013822-3960-11ef-8e2d-2906cc9fb6bc","away","GWD Minden","TSB Flensburg",21,13,TRUE,1,NA,NA,0,0,0,NA,0,0,0,0,0,0,NA,NA,NA,NA,NA,NA,NA,NA,0,0,0,0,NA,NA,NA,NA,NA
"Manfred Horstkötter","c8a23936-3955-11ef-9884-157c9bc18a5f",NA,NA,1971,"11/28/1971","82013822-3960-11ef-8e2d-2906cc9fb6bc","away","GWD Minden","TSB Flensburg",21,13,TRUE,0,NA,NA,0,0,0,NA,0,0,0,0,0,0,NA,NA,NA,NA,NA,NA,NA,NA,0,0,0,0,NA,NA,NA,NA,NA
"Peter Pickel","8c973b42-3955-11ef-8c71-81dc40648355",NA,NA,1971,"11/28/1971","82e324fb-3960-11ef-9c6f-2906cc9fb6bc","home","Hamburger SV","TuS 05 Wellinghofen",12,8,TRUE,1,NA,NA,0,0,0,NA,0,0,0,0,0,0,NA,NA,NA,NA,NA,NA,NA,NA,0,0,0,0,NA,NA,NA,NA,NA
"Diethard Finkelmann","a60bdcf9-3955-11ef-bfa1-2510cc07ea6e",NA,NA,1971,"11/28/1971","82e324fb-3960-11ef-9c6f-2906cc9fb6bc","home","Hamburger SV","TuS 05 Wellinghofen",12,8,TRUE,1,NA,NA,0,0,0,NA,0,0,0,0,0,0,NA,NA,NA,NA,NA,NA,NA,NA,0,0,0,0,NA,NA,NA,NA,NA
"Hans-Jürgen Bode","b011e6da-3955-11ef-8205-a36230ada079",NA,NA,1971,"11/28/1971","82e324fb-3960-11ef-9c6f-2906cc9fb6bc","home","Hamburger SV","TuS 05 Wellinghofen",12,8,TRUE,0,NA,NA,0,0,0,NA,0,0,0,0,0,0,NA,NA,NA,NA,NA,NA,NA,NA,0,0,0,0,NA,NA,NA,NA,NA
"Herbert Niemeier","b0163f16-3955-11ef-ae9e-a36230ada079",NA,NA,1971,"11/28/1971","82e324fb-3960-11ef-9c6f-2906cc9fb6bc","home","Hamburger SV","TuS 05 Wellinghofen",12,8,TRUE,0,NA,NA,0,0,0,NA,0,0,0,0,0,0,NA,NA,NA,NA,NA,NA,NA,NA,0,0,0,0,NA,NA,NA,NA,NA
"Jens Ivers","b02f4aea-3955-11ef-801e-a36230ada079",NA,NA,1971,"11/28/1971","82e324fb-3960-11ef-9c6f-2906cc9fb6bc","home","Hamburger SV","TuS 05 Wellinghofen",12,8,TRUE,1,NA,NA,0,0,0,NA,0,0,0,0,0,0,NA,NA,NA,NA,NA,NA,NA,NA,0,0,0,0,NA,NA,NA,NA,NA
"Hans-Joachim Beißel","b0341bcb-3955-11ef-9e08-a36230ada079",NA,NA,1971,"11/28/1971","82e324fb-3960-11ef-9c6f-2906cc9fb6bc","home","Hamburger SV","TuS 05 Wellinghofen",12,8,TRUE,0,NA,NA,0,0,0,NA,0,0,0,0,0,0,NA,NA,NA,NA,NA,NA,NA,NA,0,0,0,0,NA,NA,NA,NA,NA
"Norbert Germer","b03f8101-3955-11ef-8945-a36230ada079",NA,NA,1971,"11/28/1971","82e324fb-3960-11ef-9c6f-2906cc9fb6bc","home","Hamburger SV","TuS 05 Wellinghofen",12,8,TRUE,3,NA,NA,0,0,0,NA,0,0,0,0,0,0,NA,NA,NA,NA,NA,NA,NA,NA,0,0,0,0,NA,NA,NA,NA,NA
"Siegfried Berg","b10d3ec3-3955-11ef-8a30-a36230ada079",NA,NA,1971,"11/28/1971","82e324fb-3960-11ef-9c6f-2906cc9fb6bc","home","Hamburger SV","TuS 05 Wellinghofen",12,8,TRUE,2,NA,NA,0,0,0,NA,0,0,0,0,0,0,NA,NA,NA,NA,NA,NA,NA,NA,0,0,0,0,NA,NA,NA,NA,NA
"Wolfgang Braun","b1a4c388-3955-11ef-92b7-a36230ada079",NA,NA,1971,"11/28/1971","82e324fb-3960-11ef-9c6f-2906cc9fb6bc","home","Hamburger SV","TuS 05 Wellinghofen",12,8,TRUE,1,NA,NA,0,0,0,NA,0,0,0,0,0,0,NA,NA,NA,NA,NA,NA,NA,NA,0,0,0,0,NA,NA,NA,NA,NA
"Bernd Heiden","baf62966-3955-11ef-b7e1-ab397f561917",NA,NA,1971,"11/28/1971","82e324fb-3960-11ef-9c6f-2906cc9fb6bc","home","Hamburger SV","TuS 05 Wellinghofen",12,8,TRUE,1,NA,NA,0,0,0,NA,0,0,0,0,0,0,NA,NA,NA,NA,NA,NA,NA,NA,0,0,0,0,NA,NA,NA,NA,NA
"Klaus Lange","bafb51f3-3955-11ef-9864-ab397f561917",NA,NA,1971,"11/28/1971","82e324fb-3960-11ef-9c6f-2906cc9fb6bc","home","Hamburger SV","TuS 05 Wellinghofen",12,8,TRUE,2,NA,NA,0,0,2,NA,0,0,0,0,0,0,NA,NA,NA,NA,NA,NA,NA,NA,0,0,0,0,NA,NA,NA,NA,NA
"Karl-Heinz Schulz","72847241-3955-11ef-8bd4-51fdf2a82730",NA,NA,1971,"11/28/1971","82e324fb-3960-11ef-9c6f-2906cc9fb6bc","away","TuS 05 Wellinghofen","Hamburger SV",8,12,FALSE,1,NA,NA,0,0,0,NA,0,0,0,0,0,0,NA,NA,NA,NA,NA,NA,NA,NA,0,0,0,0,NA,NA,NA,NA,NA
"Hans-Jürgen Zick","8d67d76a-3955-11ef-8956-81dc40648355",NA,NA,1971,"11/28/1971","82e324fb-3960-11ef-9c6f-2906cc9fb6bc","away","TuS 05 Wellinghofen","Hamburger SV",8,12,FALSE,0,NA,NA,0,0,0,NA,0,0,0,0,0,0,NA,NA,NA,NA,NA,NA,NA,NA,0,0,0,0,NA,NA,NA,NA,NA
"Heiner Möller","8d7571e4-3955-11ef-b1d3-81dc40648355",NA,NA,1971,"11/28/1971","82e324fb-3960-11ef-9c6f-2906cc9fb6bc","away","TuS 05 Wellinghofen","Hamburger SV",8,12,FALSE,2,NA,NA,0,0,0,NA,0,0,0,0,0,0,NA,NA,NA,NA,NA,NA,NA,NA,0,0,0,0,NA,NA,NA,NA,NA
"Hans-Peter Neuhaus","8d9d3887-3955-11ef-80a3-81dc40648355",NA,NA,1971,"11/28/1971","82e324fb-3960-11ef-9c6f-2906cc9fb6bc","away","TuS 05 Wellinghofen","Hamburger SV",8,12,FALSE,0,NA,NA,0,0,0,NA,0,0,0,0,0,0,NA,NA,NA,NA,NA,NA,NA,NA,0,0,0,0,NA,NA,NA,NA,NA
"Rainer Gosewinkel","a4d61156-3955-11ef-8406-2510cc07ea6e",NA,NA,1971,"11/28/1971","82e324fb-3960-11ef-9c6f-2906cc9fb6bc","away","TuS 05 Wellinghofen","Hamburger SV",8,12,FALSE,1,NA,NA,0,0,0,NA,0,0,0,0,0,0,NA,NA,NA,NA,NA,NA,NA,NA,0,0,0,0,NA,NA,NA,NA,NA
"Herbert Schmidt","a5127cc5-3955-11ef-b405-2510cc07ea6e",NA,NA,1971,"11/28/1971","82e324fb-3960-11ef-9c6f-2906cc9fb6bc","away","TuS 05 Wellinghofen","Hamburger SV",8,12,FALSE,0,NA,NA,0,0,0,NA,0,0,0,0,0,0,NA,NA,NA,NA,NA,NA,NA,NA,0,0,0,0,NA,NA,NA,NA,NA
"Burkhard Gröning","a52c6e4f-3955-11ef-a576-2510cc07ea6e",NA,NA,1971,"11/28/1971","82e324fb-3960-11ef-9c6f-2906cc9fb6bc","away","TuS 05 Wellinghofen","Hamburger SV",8,12,FALSE,1,NA,NA,0,0,0,NA,0,0,0,0,0,0,NA,NA,NA,NA,NA,NA,NA,NA,0,0,0,0,NA,NA,NA,NA,NA
"Klaus Tiews","a531838f-3955-11ef-8e99-2510cc07ea6e",NA,NA,1971,"11/28/1971","82e324fb-3960-11ef-9c6f-2906cc9fb6bc","away","TuS 05 Wellinghofen","Hamburger SV",8,12,FALSE,0,NA,NA,0,0,0,NA,0,0,0,0,0,0,NA,NA,NA,NA,NA,NA,NA,NA,0,0,0,0,NA,NA,NA,NA,NA
"Heinz Oberscheidt","a5ae94f2-3955-11ef-91fc-2510cc07ea6e",NA,NA,1971,"11/28/1971","82e324fb-3960-11ef-9c6f-2906cc9fb6bc","away","TuS 05 Wellinghofen","Hamburger SV",8,12,FALSE,3,NA,NA,0,0,0,NA,0,0,0,0,0,0,NA,NA,NA,NA,NA,NA,NA,NA,0,0,0,0,NA,NA,NA,NA,NA
"Hans-Jürgen Sengera","ba7fae8e-3955-11ef-80e4-ab397f561917",NA,NA,1971,"11/28/1971","82e324fb-3960-11ef-9c6f-2906cc9fb6bc","away","TuS 05 Wellinghofen","Hamburger SV",8,12,FALSE,0,NA,NA,0,0,0,NA,0,0,0,0,0,0,NA,NA,NA,NA,NA,NA,NA,NA,0,0,0,0,NA,NA,NA,NA,NA
"Burkhardt Eckardt","c76d08cb-3955-11ef-8fa7-157c9bc18a5f",NA,NA,1971,"11/28/1971","82e324fb-3960-11ef-9c6f-2906cc9fb6bc","away","TuS 05 Wellinghofen","Hamburger SV",8,12,FALSE,0,NA,NA,0,0,0,NA,0,0,0,0,0,0,NA,NA,NA,NA,NA,NA,NA,NA,0,0,0,0,NA,NA,NA,NA,NA
"Klaus Linnemann","c773ab8c-3955-11ef-96ba-157c9bc18a5f",NA,NA,1971,"11/28/1971","82e324fb-3960-11ef-9c6f-2906cc9fb6bc","away","TuS 05 Wellinghofen","Hamburger SV",8,12,FALSE,0,NA,NA,0,0,0,NA,0,0,0,0,0,0,NA,NA,NA,NA,NA,NA,NA,NA,0,0,0,0,NA,NA,NA,NA,NA
"Ulrich Eikermann","73a211c9-3955-11ef-8f8f-51fdf2a82730",NA,NA,1971,"11/28/1971","84457500-3960-11ef-8cd4-2906cc9fb6bc","home","SC Phönix Essen 1920","THW Kiel",14,9,TRUE,1,NA,NA,0,0,1,NA,0,0,0,0,0,0,NA,NA,NA,NA,NA,NA,NA,NA,0,0,0,0,NA,NA,NA,NA,NA
"Werner Kühn","a5a83923-3955-11ef-abc5-2510cc07ea6e",NA,NA,1971,"11/28/1971","84457500-3960-11ef-8cd4-2906cc9fb6bc","home","SC Phönix Essen 1920","THW Kiel",14,9,TRUE,3,NA,NA,0,0,0,NA,0,0,0,0,0,0,NA,NA,NA,NA,NA,NA,NA,NA,0,0,0,0,NA,NA,NA,NA,NA
"Norbert Meister","a610e086-3955-11ef-bf85-2510cc07ea6e",NA,NA,1971,"11/28/1971","84457500-3960-11ef-8cd4-2906cc9fb6bc","home","SC Phönix Essen 1920","THW Kiel",14,9,TRUE,0,NA,NA,0,0,0,NA,0,0,0,0,0,0,NA,NA,NA,NA,NA,NA,NA,NA,0,0,0,0,NA,NA,NA,NA,NA
"Rüdiger Hillebrand","b0c11a9c-3955-11ef-bf0d-a36230ada079",NA,NA,1971,"11/28/1971","84457500-3960-11ef-8cd4-2906cc9fb6bc","home","SC Phönix Essen 1920","THW Kiel",14,9,TRUE,0,NA,NA,0,0,0,NA,0,0,0,0,0,0,NA,NA,NA,NA,NA,NA,NA,NA,0,0,0,0,NA,NA,NA,NA,NA
"Bernd Tolksdorf","bae02284-3955-11ef-b577-ab397f561917",NA,NA,1971,"11/28/1971","84457500-3960-11ef-8cd4-2906cc9fb6bc","home","SC Phönix Essen 1920","THW Kiel",14,9,TRUE,1,NA,NA,0,0,0,NA,0,0,0,0,0,0,NA,NA,NA,NA,NA,NA,NA,NA,0,0,0,0,NA,NA,NA,NA,NA
"Norbert Kroker","bd441662-3955-11ef-b771-ab397f561917",NA,NA,1971,"11/28/1971","84457500-3960-11ef-8cd4-2906cc9fb6bc","home","SC Phönix Essen 1920","THW Kiel",14,9,TRUE,6,NA,NA,0,0,0,NA,0,0,0,0,0,0,NA,NA,NA,NA,NA,NA,NA,NA,0,0,0,0,NA,NA,NA,NA,NA
"Peter Fischer","bd861af2-3955-11ef-a655-ab397f561917",NA,NA,1971,"11/28/1971","84457500-3960-11ef-8cd4-2906cc9fb6bc","home","SC Phönix Essen 1920","THW Kiel",14,9,TRUE,2,NA,NA,0,0,0,NA,0,0,0,0,0,0,NA,NA,NA,NA,NA,NA,NA,NA,0,0,0,0,NA,NA,NA,NA,NA
"Andrija Kotlas","bde016f5-3955-11ef-b96c-ab397f561917",NA,NA,1971,"11/28/1971","84457500-3960-11ef-8cd4-2906cc9fb6bc","home","SC Phönix Essen 1920","THW Kiel",14,9,TRUE,0,NA,NA,0,0,0,NA,0,0,0,0,0,0,NA,NA,NA,NA,NA,NA,NA,NA,0,0,0,0,NA,NA,NA,NA,NA
"Carl-Bernd Behler","c79d213f-3955-11ef-a773-157c9bc18a5f",NA,NA,1971,"11/28/1971","84457500-3960-11ef-8cd4-2906cc9fb6bc","home","SC Phönix Essen 1920","THW Kiel",14,9,TRUE,0,NA,NA,0,0,0,NA,0,0,0,0,0,0,NA,NA,NA,NA,NA,NA,NA,NA,0,0,0,0,NA,NA,NA,NA,NA
"Ernst Weise","c90cdba3-3955-11ef-b068-157c9bc18a5f",NA,NA,1971,"11/28/1971","84457500-3960-11ef-8cd4-2906cc9fb6bc","home","SC Phönix Essen 1920","THW Kiel",14,9,TRUE,1,NA,NA,0,0,0,NA,0,0,0,0,0,0,NA,NA,NA,NA,NA,NA,NA,NA,0,0,0,0,NA,NA,NA,NA,NA
"Jochen Generotzki","c918430a-3955-11ef-bc40-157c9bc18a5f",NA,NA,1971,"11/28/1971","84457500-3960-11ef-8cd4-2906cc9fb6bc","home","SC Phönix Essen 1920","THW Kiel",14,9,TRUE,0,NA,NA,0,0,0,NA,0,0,0,0,0,0,NA,NA,NA,NA,NA,NA,NA,NA,0,0,0,0,NA,NA,NA,NA,NA
"Hans-Jörg Graeper","964d8ebc-3955-11ef-a25b-292be3190b7b",NA,NA,1971,"11/28/1971","84457500-3960-11ef-8cd4-2906cc9fb6bc","away","THW Kiel","SC Phönix Essen 1920",9,14,FALSE,0,NA,NA,0,0,0,NA,0,0,0,0,0,0,NA,NA,NA,NA,NA,NA,NA,NA,0,0,0,0,NA,NA,NA,NA,NA
"Gerd Welz","98273a90-3955-11ef-a3a2-292be3190b7b",NA,NA,1971,"11/28/1971","84457500-3960-11ef-8cd4-2906cc9fb6bc","away","THW Kiel","SC Phönix Essen 1920",9,14,FALSE,2,NA,NA,0,0,0,NA,0,0,0,0,0,0,NA,NA,NA,NA,NA,NA,NA,NA,0,0,0,0,NA,NA,NA,NA,NA
"Volker Harbs","9995a6f3-3955-11ef-b74f-292be3190b7b",NA,NA,1971,"11/28/1971","84457500-3960-11ef-8cd4-2906cc9fb6bc","away","THW Kiel","SC Phönix Essen 1920",9,14,FALSE,1,NA,NA,0,0,0,NA,0,0,0,0,0,0,NA,NA,NA,NA,NA,NA,NA,NA,0,0,0,0,NA,NA,NA,NA,NA
"Peter Prehn","b073ee0a-3955-11ef-8404-a36230ada079",NA,NA,1971,"11/28/1971","84457500-3960-11ef-8cd4-2906cc9fb6bc","away","THW Kiel","SC Phönix Essen 1920",9,14,FALSE,0,NA,NA,0,0,0,NA,0,0,0,0,0,0,NA,NA,NA,NA,NA,NA,NA,NA,0,0,0,0,NA,NA,NA,NA,NA
"Peter Werk","b0784d6e-3955-11ef-9a85-a36230ada079",NA,NA,1971,"11/28/1971","84457500-3960-11ef-8cd4-2906cc9fb6bc","away","THW Kiel","SC Phönix Essen 1920",9,14,FALSE,1,NA,NA,0,0,0,NA,0,0,0,0,0,0,NA,NA,NA,NA,NA,NA,NA,NA,0,0,0,0,NA,NA,NA,NA,NA
"Herwig Ahrendsen","b143192b-3955-11ef-bef0-a36230ada079",NA,NA,1971,"11/28/1971","84457500-3960-11ef-8cd4-2906cc9fb6bc","away","THW Kiel","SC Phönix Essen 1920",9,14,FALSE,0,NA,NA,0,0,0,NA,0,0,0,0,0,0,NA,NA,NA,NA,NA,NA,NA,NA,0,0,0,0,NA,NA,NA,NA,NA
"Bernd Nielsen","b1480d2c-3955-11ef-8563-a36230ada079",NA,NA,1971,"11/28/1971","84457500-3960-11ef-8cd4-2906cc9fb6bc","away","THW Kiel","SC Phönix Essen 1920",9,14,FALSE,5,NA,NA,0,0,1,NA,0,0,0,0,0,0,NA,NA,NA,NA,NA,NA,NA,NA,0,0,0,0,NA,NA,NA,NA,NA
"Hartwig Moll","b14ce7d8-3955-11ef-8cb5-a36230ada079",NA,NA,1971,"11/28/1971","84457500-3960-11ef-8cd4-2906cc9fb6bc","away","THW Kiel","SC Phönix Essen 1920",9,14,FALSE,0,NA,NA,0,0,0,NA,0,0,0,0,0,0,NA,NA,NA,NA,NA,NA,NA,NA,0,0,0,0,NA,NA,NA,NA,NA
"Rainer Voigt","c7c742a9-3955-11ef-b542-157c9bc18a5f",NA,NA,1971,"11/28/1971","84457500-3960-11ef-8cd4-2906cc9fb6bc","away","THW Kiel","SC Phönix Essen 1920",9,14,FALSE,0,NA,NA,0,0,0,NA,0,0,0,0,0,0,NA,NA,NA,NA,NA,NA,NA,NA,0,0,0,0,NA,NA,NA,NA,NA
"Dieter Baguhn","c7cbf017-3955-11ef-b1f7-157c9bc18a5f",NA,NA,1971,"11/28/1971","84457500-3960-11ef-8cd4-2906cc9fb6bc","away","THW Kiel","SC Phönix Essen 1920",9,14,FALSE,0,NA,NA,0,0,0,NA,0,0,0,0,0,0,NA,NA,NA,NA,NA,NA,NA,NA,0,0,0,0,NA,NA,NA,NA,NA
"Bernd Struck","c7d4c3a5-3955-11ef-a743-157c9bc18a5f",NA,NA,1971,"11/28/1971","84457500-3960-11ef-8cd4-2906cc9fb6bc","away","THW Kiel","SC Phönix Essen 1920",9,14,FALSE,0,NA,NA,0,0,0,NA,0,0,0,0,0,0,NA,NA,NA,NA,NA,NA,NA,NA,0,0,0,0,NA,NA,NA,NA,NA
"Gerhard Gaiser","7fd4e3db-3955-11ef-b327-b908c60af10a",NA,NA,1971,"12/1/1971","8de855dc-3960-11ef-bf66-9b08c5d4c173","home","TSV 1896 Rintheim","FRISCH AUF! Göppingen",20,11,TRUE,2,NA,NA,0,0,0,NA,0,0,0,0,0,0,NA,NA,NA,NA,NA,NA,NA,NA,0,0,0,0,NA,NA,NA,NA,NA
"Wolf-Dieter Nagel","8d41486b-3955-11ef-8d22-81dc40648355",NA,NA,1971,"12/1/1971","8de855dc-3960-11ef-bf66-9b08c5d4c173","home","TSV 1896 Rintheim","FRISCH AUF! Göppingen",20,11,TRUE,9,NA,NA,0,0,5,NA,0,0,0,0,0,0,NA,NA,NA,NA,NA,NA,NA,NA,0,0,0,0,NA,NA,NA,NA,NA
"Franz Bechler","98035d7e-3955-11ef-8b94-292be3190b7b",NA,NA,1971,"12/1/1971","8de855dc-3960-11ef-bf66-9b08c5d4c173","home","TSV 1896 Rintheim","FRISCH AUF! Göppingen",20,11,TRUE,0,NA,NA,0,0,0,NA,0,0,0,0,0,0,NA,NA,NA,NA,NA,NA,NA,NA,0,0,0,0,NA,NA,NA,NA,NA
"Hans-Eberhard Finkbeiner","a2f451eb-3955-11ef-99da-2510cc07ea6e",NA,NA,1971,"12/1/1971","8de855dc-3960-11ef-bf66-9b08c5d4c173","home","TSV 1896 Rintheim","FRISCH AUF! Göppingen",20,11,TRUE,0,NA,NA,0,0,0,NA,0,0,0,0,0,0,NA,NA,NA,NA,NA,NA,NA,NA,0,0,0,0,NA,NA,NA,NA,NA
"Bernd Seibel","bc6670d9-3955-11ef-b849-ab397f561917",NA,NA,1971,"12/1/1971","8de855dc-3960-11ef-bf66-9b08c5d4c173","home","TSV 1896 Rintheim","FRISCH AUF! Göppingen",20,11,TRUE,4,NA,NA,0,0,0,NA,0,0,0,0,0,0,NA,NA,NA,NA,NA,NA,NA,NA,0,0,0,0,NA,NA,NA,NA,NA
"Wolfgang Dillenberger","bc6a40c8-3955-11ef-8c9f-ab397f561917",NA,NA,1971,"12/1/1971","8de855dc-3960-11ef-bf66-9b08c5d4c173","home","TSV 1896 Rintheim","FRISCH AUF! Göppingen",20,11,TRUE,3,NA,NA,0,0,0,NA,0,0,0,0,0,0,NA,NA,NA,NA,NA,NA,NA,NA,0,0,0,0,NA,NA,NA,NA,NA
"Max Ullrich","c6e110c6-3955-11ef-83e4-157c9bc18a5f",NA,NA,1971,"12/1/1971","8de855dc-3960-11ef-bf66-9b08c5d4c173","home","TSV 1896 Rintheim","FRISCH AUF! Göppingen",20,11,TRUE,0,NA,NA,0,0,0,NA,0,0,0,0,0,0,NA,NA,NA,NA,NA,NA,NA,NA,0,0,0,0,NA,NA,NA,NA,NA
"Richard Baumer","c6e9de45-3955-11ef-b5bf-157c9bc18a5f",NA,NA,1971,"12/1/1971","8de855dc-3960-11ef-bf66-9b08c5d4c173","home","TSV 1896 Rintheim","FRISCH AUF! Göppingen",20,11,TRUE,0,NA,NA,0,0,0,NA,0,0,0,0,0,0,NA,NA,NA,NA,NA,NA,NA,NA,0,0,0,0,NA,NA,NA,NA,NA
"Roland Schubach","c8722d8e-3955-11ef-b351-157c9bc18a5f",NA,NA,1971,"12/1/1971","8de855dc-3960-11ef-bf66-9b08c5d4c173","home","TSV 1896 Rintheim","FRISCH AUF! Göppingen",20,11,TRUE,2,NA,NA,0,0,0,NA,0,0,0,0,0,0,NA,NA,NA,NA,NA,NA,NA,NA,0,0,0,0,NA,NA,NA,NA,NA
"Siegfried Brabec","c87758a1-3955-11ef-9dbd-157c9bc18a5f",NA,NA,1971,"12/1/1971","8de855dc-3960-11ef-bf66-9b08c5d4c173","home","TSV 1896 Rintheim","FRISCH AUF! Göppingen",20,11,TRUE,0,NA,NA,0,0,0,NA,0,0,0,0,0,0,NA,NA,NA,NA,NA,NA,NA,NA,0,0,0,0,NA,NA,NA,NA,NA
"Josef Bechler","c88a53f3-3955-11ef-bd99-157c9bc18a5f",NA,NA,1971,"12/1/1971","8de855dc-3960-11ef-bf66-9b08c5d4c173","home","TSV 1896 Rintheim","FRISCH AUF! Göppingen",20,11,TRUE,0,NA,NA,0,0,0,NA,0,0,0,0,0,0,NA,NA,NA,NA,NA,NA,NA,NA,0,0,0,0,NA,NA,NA,NA,NA
"Rolf-Eberhard Jaeger","c9bde9a1-3955-11ef-9a50-157c9bc18a5f",NA,NA,1971,"12/1/1971","8de855dc-3960-11ef-bf66-9b08c5d4c173","home","TSV 1896 Rintheim","FRISCH AUF! Göppingen",20,11,TRUE,0,NA,NA,0,0,0,NA,0,0,0,0,0,0,NA,NA,NA,NA,NA,NA,NA,NA,0,0,0,0,NA,NA,NA,NA,NA
"Max Müller","99453a6b-3955-11ef-84c2-292be3190b7b",NA,NA,1971,"12/1/1971","8de855dc-3960-11ef-bf66-9b08c5d4c173","away","FRISCH AUF! Göppingen","TSV 1896 Rintheim",11,20,FALSE,2,NA,NA,0,0,0,NA,0,0,0,0,0,0,NA,NA,NA,NA,NA,NA,NA,NA,0,0,0,0,NA,NA,NA,NA,NA
"Werner Fischer","af3a0885-3955-11ef-a884-a36230ada079",NA,NA,1971,"12/1/1971","8de855dc-3960-11ef-bf66-9b08c5d4c173","away","FRISCH AUF! Göppingen","TSV 1896 Rintheim",11,20,FALSE,0,NA,NA,0,0,0,NA,0,0,0,0,0,0,NA,NA,NA,NA,NA,NA,NA,NA,0,0,0,0,NA,NA,NA,NA,NA
"Hans Brodbeck","b1f00cc3-3955-11ef-b4c9-a36230ada079",NA,NA,1971,"12/1/1971","8de855dc-3960-11ef-bf66-9b08c5d4c173","away","FRISCH AUF! Göppingen","TSV 1896 Rintheim",11,20,FALSE,0,NA,NA,0,0,0,NA,0,0,0,0,0,0,NA,NA,NA,NA,NA,NA,NA,NA,0,0,0,0,NA,NA,NA,NA,NA
"Detlef Groß","b20edee3-3955-11ef-9e14-a36230ada079",NA,NA,1971,"12/1/1971","8de855dc-3960-11ef-bf66-9b08c5d4c173","away","FRISCH AUF! Göppingen","TSV 1896 Rintheim",11,20,FALSE,1,NA,NA,0,0,0,NA,0,0,0,0,0,0,NA,NA,NA,NA,NA,NA,NA,NA,0,0,0,0,NA,NA,NA,NA,NA
"Frank Wohlrabe","bc789357-3955-11ef-a310-ab397f561917",NA,NA,1971,"12/1/1971","8de855dc-3960-11ef-bf66-9b08c5d4c173","away","FRISCH AUF! Göppingen","TSV 1896 Rintheim",11,20,FALSE,1,NA,NA,0,0,0,NA,0,0,0,0,0,0,NA,NA,NA,NA,NA,NA,NA,NA,0,0,0,0,NA,NA,NA,NA,NA
"Paul Epple","bc8167af-3955-11ef-8748-ab397f561917",NA,NA,1971,"12/1/1971","8de855dc-3960-11ef-bf66-9b08c5d4c173","away","FRISCH AUF! Göppingen","TSV 1896 Rintheim",11,20,FALSE,4,NA,NA,0,0,2,NA,0,0,0,0,0,0,NA,NA,NA,NA,NA,NA,NA,NA,0,0,0,0,NA,NA,NA,NA,NA
"Walter Pflüger","bc85cdbc-3955-11ef-8e24-ab397f561917",NA,NA,1971,"12/1/1971","8de855dc-3960-11ef-bf66-9b08c5d4c173","away","FRISCH AUF! Göppingen","TSV 1896 Rintheim",11,20,FALSE,0,NA,NA,0,0,0,NA,0,0,0,0,0,0,NA,NA,NA,NA,NA,NA,NA,NA,0,0,0,0,NA,NA,NA,NA,NA
"Werner Arndt","c71116e0-3955-11ef-85d3-157c9bc18a5f",NA,NA,1971,"12/1/1971","8de855dc-3960-11ef-bf66-9b08c5d4c173","away","FRISCH AUF! Göppingen","TSV 1896 Rintheim",11,20,FALSE,2,NA,NA,0,0,0,NA,0,0,0,0,0,0,NA,NA,NA,NA,NA,NA,NA,NA,0,0,0,0,NA,NA,NA,NA,NA
"Christian Patzer","c715a1de-3955-11ef-bc54-157c9bc18a5f",NA,NA,1971,"12/1/1971","8de855dc-3960-11ef-bf66-9b08c5d4c173","away","FRISCH AUF! Göppingen","TSV 1896 Rintheim",11,20,FALSE,0,NA,NA,0,0,0,NA,0,0,0,0,0,0,NA,NA,NA,NA,NA,NA,NA,NA,0,0,0,0,NA,NA,NA,NA,NA
"Gerd Knop","c9c82094-3955-11ef-b632-157c9bc18a5f",NA,NA,1971,"12/1/1971","8de855dc-3960-11ef-bf66-9b08c5d4c173","away","FRISCH AUF! Göppingen","TSV 1896 Rintheim",11,20,FALSE,0,NA,NA,0,0,0,NA,0,0,0,0,0,0,NA,NA,NA,NA,NA,NA,NA,NA,0,0,0,0,NA,NA,NA,NA,NA
"Armin Eisele","c9cc4c1b-3955-11ef-9f9f-157c9bc18a5f",NA,NA,1971,"12/1/1971","8de855dc-3960-11ef-bf66-9b08c5d4c173","away","FRISCH AUF! Göppingen","TSV 1896 Rintheim",11,20,FALSE,1,NA,NA,0,0,0,NA,0,0,0,0,0,0,NA,NA,NA,NA,NA,NA,NA,NA,0,0,0,0,NA,NA,NA,NA,NA
"Günter Schweikardt","d3e60b79-3953-11ef-9e8c-e3f2de03a1b7",NA,NA,1971,"12/1/1971","8de855dc-3960-11ef-bf66-9b08c5d4c173","away","FRISCH AUF! Göppingen","TSV 1896 Rintheim",11,20,FALSE,0,NA,NA,0,0,0,NA,0,0,0,0,0,0,NA,NA,NA,NA,NA,NA,NA,NA,0,0,0,0,NA,NA,NA,NA,NA
"Hans-Jürgen Sulk","7ff6b175-3955-11ef-a103-b908c60af10a",NA,NA,1971,"12/4/1971","82134132-3960-11ef-81d4-2906cc9fb6bc","home","GWD Minden","Hamburger SV",13,12,TRUE,1,NA,NA,0,0,0,NA,0,0,0,0,0,0,NA,NA,NA,NA,NA,NA,NA,NA,0,0,0,0,NA,NA,NA,NA,NA
"Hans Kramer","98f50290-3955-11ef-8aa8-292be3190b7b",NA,NA,1971,"12/4/1971","82134132-3960-11ef-81d4-2906cc9fb6bc","home","GWD Minden","Hamburger SV",13,12,TRUE,3,NA,NA,0,0,0,NA,0,0,0,0,0,0,NA,NA,NA,NA,NA,NA,NA,NA,0,0,0,0,NA,NA,NA,NA,NA
"Wilfried Meyer","a34b2aa0-3955-11ef-a79c-2510cc07ea6e",NA,NA,1971,"12/4/1971","82134132-3960-11ef-81d4-2906cc9fb6bc","home","GWD Minden","Hamburger SV",13,12,TRUE,0,NA,NA,0,0,0,NA,0,0,0,0,0,0,NA,NA,NA,NA,NA,NA,NA,NA,0,0,0,0,NA,NA,NA,NA,NA
"Jobst-Erich Rehse","b00be251-3955-11ef-ac35-a36230ada079",NA,NA,1971,"12/4/1971","82134132-3960-11ef-81d4-2906cc9fb6bc","home","GWD Minden","Hamburger SV",13,12,TRUE,1,NA,NA,0,0,0,NA,0,0,0,0,0,0,NA,NA,NA,NA,NA,NA,NA,NA,0,0,0,0,NA,NA,NA,NA,NA
"Bernd Munck","ba5ee5e3-3955-11ef-9f80-ab397f561917",NA,NA,1971,"12/4/1971","82134132-3960-11ef-81d4-2906cc9fb6bc","home","GWD Minden","Hamburger SV",13,12,TRUE,1,NA,NA,0,0,0,NA,0,0,0,0,0,0,NA,NA,NA,NA,NA,NA,NA,NA,0,0,0,0,NA,NA,NA,NA,NA
"Wilfried Drögemeier","ba63ada7-3955-11ef-a04d-ab397f561917",NA,NA,1971,"12/4/1971","82134132-3960-11ef-81d4-2906cc9fb6bc","home","GWD Minden","Hamburger SV",13,12,TRUE,1,NA,NA,0,0,0,NA,0,0,0,0,0,0,NA,NA,NA,NA,NA,NA,NA,NA,0,0,0,0,NA,NA,NA,NA,NA
"Klaus Barlach","bcee5b38-3955-11ef-a026-ab397f561917",NA,NA,1971,"12/4/1971","82134132-3960-11ef-81d4-2906cc9fb6bc","home","GWD Minden","Hamburger SV",13,12,TRUE,0,NA,NA,0,0,0,NA,0,0,0,0,0,0,NA,NA,NA,NA,NA,NA,NA,NA,0,0,0,0,NA,NA,NA,NA,NA
"Otto Weng","bcfbec1c-3955-11ef-b4f4-ab397f561917",NA,NA,1971,"12/4/1971","82134132-3960-11ef-81d4-2906cc9fb6bc","home","GWD Minden","Hamburger SV",13,12,TRUE,4,NA,NA,0,0,2,NA,0,0,0,0,0,0,NA,NA,NA,NA,NA,NA,NA,NA,0,0,0,0,NA,NA,NA,NA,NA
"Burkhard Krocker","bcffdc62-3955-11ef-b52a-ab397f561917",NA,NA,1971,"12/4/1971","82134132-3960-11ef-81d4-2906cc9fb6bc","home","GWD Minden","Hamburger SV",13,12,TRUE,1,NA,NA,0,0,0,NA,0,0,0,0,0,0,NA,NA,NA,NA,NA,NA,NA,NA,0,0,0,0,NA,NA,NA,NA,NA
"Jürgen Buhrmester","c747ff25-3955-11ef-9695-157c9bc18a5f",NA,NA,1971,"12/4/1971","82134132-3960-11ef-81d4-2906cc9fb6bc","home","GWD Minden","Hamburger SV",13,12,TRUE,1,NA,NA,0,0,0,NA,0,0,0,0,0,0,NA,NA,NA,NA,NA,NA,NA,NA,0,0,0,0,NA,NA,NA,NA,NA
"Manfred Horstkötter","c8a23936-3955-11ef-9884-157c9bc18a5f",NA,NA,1971,"12/4/1971","82134132-3960-11ef-81d4-2906cc9fb6bc","home","GWD Minden","Hamburger SV",13,12,TRUE,0,NA,NA,0,0,0,NA,0,0,0,0,0,0,NA,NA,NA,NA,NA,NA,NA,NA,0,0,0,0,NA,NA,NA,NA,NA
"Peter Pickel","8c973b42-3955-11ef-8c71-81dc40648355",NA,NA,1971,"12/4/1971","82134132-3960-11ef-81d4-2906cc9fb6bc","away","Hamburger SV","GWD Minden",12,13,FALSE,5,NA,NA,0,0,1,NA,0,0,0,0,0,0,NA,NA,NA,NA,NA,NA,NA,NA,0,0,0,0,NA,NA,NA,NA,NA
"Diethard Finkelmann","a60bdcf9-3955-11ef-bfa1-2510cc07ea6e",NA,NA,1971,"12/4/1971","82134132-3960-11ef-81d4-2906cc9fb6bc","away","Hamburger SV","GWD Minden",12,13,FALSE,0,NA,NA,0,0,0,NA,0,0,0,0,0,0,NA,NA,NA,NA,NA,NA,NA,NA,0,0,0,0,NA,NA,NA,NA,NA
"Hans-Jürgen Bode","b011e6da-3955-11ef-8205-a36230ada079",NA,NA,1971,"12/4/1971","82134132-3960-11ef-81d4-2906cc9fb6bc","away","Hamburger SV","GWD Minden",12,13,FALSE,0,NA,NA,0,0,0,NA,0,0,0,0,0,0,NA,NA,NA,NA,NA,NA,NA,NA,0,0,0,0,NA,NA,NA,NA,NA
"Herbert Niemeier","b0163f16-3955-11ef-ae9e-a36230ada079",NA,NA,1971,"12/4/1971","82134132-3960-11ef-81d4-2906cc9fb6bc","away","Hamburger SV","GWD Minden",12,13,FALSE,0,NA,NA,0,0,0,NA,0,0,0,0,0,0,NA,NA,NA,NA,NA,NA,NA,NA,0,0,0,0,NA,NA,NA,NA,NA
"Rainer Witt","b02adaad-3955-11ef-b8c4-a36230ada079",NA,NA,1971,"12/4/1971","82134132-3960-11ef-81d4-2906cc9fb6bc","away","Hamburger SV","GWD Minden",12,13,FALSE,0,NA,NA,0,0,0,NA,0,0,0,0,0,0,NA,NA,NA,NA,NA,NA,NA,NA,0,0,0,0,NA,NA,NA,NA,NA
"Jens Ivers","b02f4aea-3955-11ef-801e-a36230ada079",NA,NA,1971,"12/4/1971","82134132-3960-11ef-81d4-2906cc9fb6bc","away","Hamburger SV","GWD Minden",12,13,FALSE,0,NA,NA,0,0,0,NA,0,0,0,0,0,0,NA,NA,NA,NA,NA,NA,NA,NA,0,0,0,0,NA,NA,NA,NA,NA
"Hans-Joachim Beißel","b0341bcb-3955-11ef-9e08-a36230ada079",NA,NA,1971,"12/4/1971","82134132-3960-11ef-81d4-2906cc9fb6bc","away","Hamburger SV","GWD Minden",12,13,FALSE,3,NA,NA,0,0,0,NA,0,0,0,0,0,0,NA,NA,NA,NA,NA,NA,NA,NA,0,0,0,0,NA,NA,NA,NA,NA
"Norbert Germer","b03f8101-3955-11ef-8945-a36230ada079",NA,NA,1971,"12/4/1971","82134132-3960-11ef-81d4-2906cc9fb6bc","away","Hamburger SV","GWD Minden",12,13,FALSE,2,NA,NA,0,0,0,NA,0,0,0,0,0,0,NA,NA,NA,NA,NA,NA,NA,NA,0,0,0,0,NA,NA,NA,NA,NA
"Siegfried Berg","b10d3ec3-3955-11ef-8a30-a36230ada079",NA,NA,1971,"12/4/1971","82134132-3960-11ef-81d4-2906cc9fb6bc","away","Hamburger SV","GWD Minden",12,13,FALSE,1,NA,NA,0,0,0,NA,0,0,0,0,0,0,NA,NA,NA,NA,NA,NA,NA,NA,0,0,0,0,NA,NA,NA,NA,NA
"Wolfgang Braun","b1a4c388-3955-11ef-92b7-a36230ada079",NA,NA,1971,"12/4/1971","82134132-3960-11ef-81d4-2906cc9fb6bc","away","Hamburger SV","GWD Minden",12,13,FALSE,1,NA,NA,0,0,0,NA,0,0,0,0,0,0,NA,NA,NA,NA,NA,NA,NA,NA,0,0,0,0,NA,NA,NA,NA,NA
"Klaus Lange","bafb51f3-3955-11ef-9864-ab397f561917",NA,NA,1971,"12/4/1971","82134132-3960-11ef-81d4-2906cc9fb6bc","away","Hamburger SV","GWD Minden",12,13,FALSE,0,NA,NA,0,0,0,NA,0,0,0,0,0,0,NA,NA,NA,NA,NA,NA,NA,NA,0,0,0,0,NA,NA,NA,NA,NA
"Manfred Schwarz","96d98e53-3955-11ef-a3c9-292be3190b7b",NA,NA,1971,"12/4/1971","8572fb30-3960-11ef-8dc6-2906cc9fb6bc","home","TV Großwallstadt","TV Hochdorf",20,12,TRUE,0,NA,NA,0,0,0,NA,0,0,0,0,0,0,NA,NA,NA,NA,NA,NA,NA,NA,0,0,0,0,NA,NA,NA,NA,NA
"Wolfgang Dümig","978dc3fc-3955-11ef-b042-292be3190b7b",NA,NA,1971,"12/4/1971","8572fb30-3960-11ef-8dc6-2906cc9fb6bc","home","TV Großwallstadt","TV Hochdorf",20,12,TRUE,1,NA,NA,0,0,0,NA,0,0,0,0,0,0,NA,NA,NA,NA,NA,NA,NA,NA,0,0,0,0,NA,NA,NA,NA,NA
"Eckhardt Suffel","aeac0503-3955-11ef-88c6-a36230ada079",NA,NA,1971,"12/4/1971","8572fb30-3960-11ef-8dc6-2906cc9fb6bc","home","TV Großwallstadt","TV Hochdorf",20,12,TRUE,2,NA,NA,0,0,0,NA,0,0,0,0,0,0,NA,NA,NA,NA,NA,NA,NA,NA,0,0,0,0,NA,NA,NA,NA,NA
"Norbert Klein","b18179dc-3955-11ef-acc0-a36230ada079",NA,NA,1971,"12/4/1971","8572fb30-3960-11ef-8dc6-2906cc9fb6bc","home","TV Großwallstadt","TV Hochdorf",20,12,TRUE,0,NA,NA,0,0,0,NA,0,0,0,0,0,0,NA,NA,NA,NA,NA,NA,NA,NA,0,0,0,0,NA,NA,NA,NA,NA
"Peter Kuß","bbc18adb-3955-11ef-a5f7-ab397f561917",NA,NA,1971,"12/4/1971","8572fb30-3960-11ef-8dc6-2906cc9fb6bc","home","TV Großwallstadt","TV Hochdorf",20,12,TRUE,1,NA,NA,0,0,0,NA,0,0,0,0,0,0,NA,NA,NA,NA,NA,NA,NA,NA,0,0,0,0,NA,NA,NA,NA,NA
"Rainer Oberle","be123408-3955-11ef-92a6-ab397f561917",NA,NA,1971,"12/4/1971","8572fb30-3960-11ef-8dc6-2906cc9fb6bc","home","TV Großwallstadt","TV Hochdorf",20,12,TRUE,6,NA,NA,0,0,0,NA,0,0,0,0,0,0,NA,NA,NA,NA,NA,NA,NA,NA,0,0,0,0,NA,NA,NA,NA,NA
"Josef Karrer","be167639-3955-11ef-ac70-ab397f561917",NA,NA,1971,"12/4/1971","8572fb30-3960-11ef-8dc6-2906cc9fb6bc","home","TV Großwallstadt","TV Hochdorf",20,12,TRUE,6,NA,NA,0,0,2,NA,0,0,0,0,0,0,NA,NA,NA,NA,NA,NA,NA,NA,0,0,0,0,NA,NA,NA,NA,NA
"Klaus Klühspies","c9723883-3955-11ef-b2da-157c9bc18a5f",NA,NA,1971,"12/4/1971","8572fb30-3960-11ef-8dc6-2906cc9fb6bc","home","TV Großwallstadt","TV Hochdorf",20,12,TRUE,2,NA,NA,0,0,0,NA,0,0,0,0,0,0,NA,NA,NA,NA,NA,NA,NA,NA,0,0,0,0,NA,NA,NA,NA,NA
"Hans Amberg","c976a145-3955-11ef-9331-157c9bc18a5f",NA,NA,1971,"12/4/1971","8572fb30-3960-11ef-8dc6-2906cc9fb6bc","home","TV Großwallstadt","TV Hochdorf",20,12,TRUE,0,NA,NA,0,0,0,NA,0,0,0,0,0,0,NA,NA,NA,NA,NA,NA,NA,NA,0,0,0,0,NA,NA,NA,NA,NA
"Robert Becker","ae8c50f9-3955-11ef-91c4-a36230ada079",NA,NA,1971,"12/4/1971","8572fb30-3960-11ef-8dc6-2906cc9fb6bc","away","TV Hochdorf","TV Großwallstadt",12,20,FALSE,1,NA,NA,0,0,0,NA,0,0,0,0,0,0,NA,NA,NA,NA,NA,NA,NA,NA,0,0,0,0,NA,NA,NA,NA,NA
"Jürgen Hahn","ae947745-3955-11ef-bc54-a36230ada079",NA,NA,1971,"12/4/1971","8572fb30-3960-11ef-8dc6-2906cc9fb6bc","away","TV Hochdorf","TV Großwallstadt",12,20,FALSE,1,NA,NA,0,0,0,NA,0,0,0,0,0,0,NA,NA,NA,NA,NA,NA,NA,NA,0,0,0,0,NA,NA,NA,NA,NA
"Wilfried Job","af3ed007-3955-11ef-9184-a36230ada079",NA,NA,1971,"12/4/1971","8572fb30-3960-11ef-8dc6-2906cc9fb6bc","away","TV Hochdorf","TV Großwallstadt",12,20,FALSE,3,NA,NA,0,0,0,NA,0,0,0,0,0,0,NA,NA,NA,NA,NA,NA,NA,NA,0,0,0,0,NA,NA,NA,NA,NA
"Hans Stein","bde4861d-3955-11ef-a14e-ab397f561917",NA,NA,1971,"12/4/1971","8572fb30-3960-11ef-8dc6-2906cc9fb6bc","away","TV Hochdorf","TV Großwallstadt",12,20,FALSE,1,NA,NA,0,0,0,NA,0,0,0,0,0,0,NA,NA,NA,NA,NA,NA,NA,NA,0,0,0,0,NA,NA,NA,NA,NA
"Hans Schmitz","c9354efe-3955-11ef-b77a-157c9bc18a5f",NA,NA,1971,"12/4/1971","8572fb30-3960-11ef-8dc6-2906cc9fb6bc","away","TV Hochdorf","TV Großwallstadt",12,20,FALSE,0,NA,NA,0,0,0,NA,0,0,0,0,0,0,NA,NA,NA,NA,NA,NA,NA,NA,0,0,0,0,NA,NA,NA,NA,NA
"Werner Häfele","c9414487-3955-11ef-a5df-157c9bc18a5f",NA,NA,1971,"12/4/1971","8572fb30-3960-11ef-8dc6-2906cc9fb6bc","away","TV Hochdorf","TV Großwallstadt",12,20,FALSE,1,NA,NA,0,0,1,NA,0,0,0,0,0,0,NA,NA,NA,NA,NA,NA,NA,NA,0,0,0,0,NA,NA,NA,NA,NA
"Willi Butz","c945a2f1-3955-11ef-8b53-157c9bc18a5f",NA,NA,1971,"12/4/1971","8572fb30-3960-11ef-8dc6-2906cc9fb6bc","away","TV Hochdorf","TV Großwallstadt",12,20,FALSE,0,NA,NA,0,0,0,NA,0,0,0,0,0,0,NA,NA,NA,NA,NA,NA,NA,NA,0,0,0,0,NA,NA,NA,NA,NA
"Werner Matill","c9539495-3955-11ef-9bff-157c9bc18a5f",NA,NA,1971,"12/4/1971","8572fb30-3960-11ef-8dc6-2906cc9fb6bc","away","TV Hochdorf","TV Großwallstadt",12,20,FALSE,2,NA,NA,0,0,0,NA,0,0,0,0,0,0,NA,NA,NA,NA,NA,NA,NA,NA,0,0,0,0,NA,NA,NA,NA,NA
"Josef Ehmann","c957db2c-3955-11ef-b766-157c9bc18a5f",NA,NA,1971,"12/4/1971","8572fb30-3960-11ef-8dc6-2906cc9fb6bc","away","TV Hochdorf","TV Großwallstadt",12,20,FALSE,1,NA,NA,0,0,0,NA,0,0,0,0,0,0,NA,NA,NA,NA,NA,NA,NA,NA,0,0,0,0,NA,NA,NA,NA,NA
"Georg Fitz","ae68320c-3955-11ef-89fa-a36230ada079",NA,NA,1971,"12/4/1971","8c033214-3960-11ef-a8e9-9b08c5d4c173","home","S3L Handball","TSV Milbertshofen",18,16,TRUE,1,NA,NA,0,0,0,NA,0,0,0,0,0,0,NA,NA,NA,NA,NA,NA,NA,NA,0,0,0,0,NA,NA,NA,NA,NA
"Rolf Kuchenbecker","ae99100e-3955-11ef-9c32-a36230ada079",NA,NA,1971,"12/4/1971","8c033214-3960-11ef-a8e9-9b08c5d4c173","home","S3L Handball","TSV Milbertshofen",18,16,TRUE,0,NA,NA,0,0,0,NA,0,0,0,0,0,0,NA,NA,NA,NA,NA,NA,NA,NA,0,0,0,0,NA,NA,NA,NA,NA
"Markus Hädrich","ba389acc-3955-11ef-8b9d-ab397f561917",NA,NA,1971,"12/4/1971","8c033214-3960-11ef-a8e9-9b08c5d4c173","home","S3L Handball","TSV Milbertshofen",18,16,TRUE,0,NA,NA,0,0,0,NA,0,0,0,0,0,0,NA,NA,NA,NA,NA,NA,NA,NA,0,0,0,0,NA,NA,NA,NA,NA
"Jens Schmitt","bb8d4110-3955-11ef-8fb2-ab397f561917",NA,NA,1971,"12/4/1971","8c033214-3960-11ef-a8e9-9b08c5d4c173","home","S3L Handball","TSV Milbertshofen",18,16,TRUE,4,NA,NA,0,0,3,NA,0,0,0,0,0,0,NA,NA,NA,NA,NA,NA,NA,NA,0,0,0,0,NA,NA,NA,NA,NA
"Werner Pruscha","bb9c8e56-3955-11ef-ac18-ab397f561917",NA,NA,1971,"12/4/1971","8c033214-3960-11ef-a8e9-9b08c5d4c173","home","S3L Handball","TSV Milbertshofen",18,16,TRUE,0,NA,NA,0,0,0,NA,0,0,0,0,0,0,NA,NA,NA,NA,NA,NA,NA,NA,0,0,0,0,NA,NA,NA,NA,NA
"Wolfhardt Bühler","bba2fc92-3955-11ef-a8d6-ab397f561917",NA,NA,1971,"12/4/1971","8c033214-3960-11ef-a8e9-9b08c5d4c173","home","S3L Handball","TSV Milbertshofen",18,16,TRUE,1,NA,NA,0,0,0,NA,0,0,0,0,0,0,NA,NA,NA,NA,NA,NA,NA,NA,0,0,0,0,NA,NA,NA,NA,NA
"Arno Schandin","bded1584-3955-11ef-8a76-ab397f561917",NA,NA,1971,"12/4/1971","8c033214-3960-11ef-a8e9-9b08c5d4c173","home","S3L Handball","TSV Milbertshofen",18,16,TRUE,2,NA,NA,0,0,0,NA,0,0,0,0,0,0,NA,NA,NA,NA,NA,NA,NA,NA,0,0,0,0,NA,NA,NA,NA,NA
"Herbert Hönnige","c7e7cc14-3955-11ef-af0e-157c9bc18a5f",NA,NA,1971,"12/4/1971","8c033214-3960-11ef-a8e9-9b08c5d4c173","home","S3L Handball","TSV Milbertshofen",18,16,TRUE,5,NA,NA,0,0,0,NA,0,0,0,0,0,0,NA,NA,NA,NA,NA,NA,NA,NA,0,0,0,0,NA,NA,NA,NA,NA
"Jürgen Plambeck","c95d267b-3955-11ef-9a98-157c9bc18a5f",NA,NA,1971,"12/4/1971","8c033214-3960-11ef-a8e9-9b08c5d4c173","home","S3L Handball","TSV Milbertshofen",18,16,TRUE,3,NA,NA,0,0,0,NA,0,0,0,0,0,0,NA,NA,NA,NA,NA,NA,NA,NA,0,0,0,0,NA,NA,NA,NA,NA
"Rolf Seltner","c96574fc-3955-11ef-a37f-157c9bc18a5f",NA,NA,1971,"12/4/1971","8c033214-3960-11ef-a8e9-9b08c5d4c173","home","S3L Handball","TSV Milbertshofen",18,16,TRUE,2,NA,NA,0,0,0,NA,0,0,0,0,0,0,NA,NA,NA,NA,NA,NA,NA,NA,0,0,0,0,NA,NA,NA,NA,NA
"Hans Moser","7e83ce46-3955-11ef-830d-b908c60af10a",NA,NA,1971,"12/4/1971","8c033214-3960-11ef-a8e9-9b08c5d4c173","away","TSV Milbertshofen","S3L Handball",16,18,FALSE,1,NA,NA,0,0,0,NA,0,0,0,0,0,0,NA,NA,NA,NA,NA,NA,NA,NA,0,0,0,0,NA,NA,NA,NA,NA
"Werner Winkelmeier","9712104e-3955-11ef-9613-292be3190b7b",NA,NA,1971,"12/4/1971","8c033214-3960-11ef-a8e9-9b08c5d4c173","away","TSV Milbertshofen","S3L Handball",16,18,FALSE,3,NA,NA,0,0,0,NA,0,0,0,0,0,0,NA,NA,NA,NA,NA,NA,NA,NA,0,0,0,0,NA,NA,NA,NA,NA
"Josef Kiener","972d7d47-3955-11ef-a437-292be3190b7b",NA,NA,1971,"12/4/1971","8c033214-3960-11ef-a8e9-9b08c5d4c173","away","TSV Milbertshofen","S3L Handball",16,18,FALSE,2,NA,NA,0,0,2,NA,0,0,0,0,0,0,NA,NA,NA,NA,NA,NA,NA,NA,0,0,0,0,NA,NA,NA,NA,NA
"Rudolf Dobler","97ac407c-3955-11ef-9ea9-292be3190b7b",NA,NA,1971,"12/4/1971","8c033214-3960-11ef-a8e9-9b08c5d4c173","away","TSV Milbertshofen","S3L Handball",16,18,FALSE,1,NA,NA,0,0,0,NA,0,0,0,0,0,0,NA,NA,NA,NA,NA,NA,NA,NA,0,0,0,0,NA,NA,NA,NA,NA
"Helmut Schelchshorn","b1c960ef-3955-11ef-850b-a36230ada079",NA,NA,1971,"12/4/1971","8c033214-3960-11ef-a8e9-9b08c5d4c173","away","TSV Milbertshofen","S3L Handball",16,18,FALSE,3,NA,NA,0,0,0,NA,0,0,0,0,0,0,NA,NA,NA,NA,NA,NA,NA,NA,0,0,0,0,NA,NA,NA,NA,NA
"Peter Feddern","bc1b1b3e-3955-11ef-9c4e-ab397f561917",NA,NA,1971,"12/4/1971","8c033214-3960-11ef-a8e9-9b08c5d4c173","away","TSV Milbertshofen","S3L Handball",16,18,FALSE,2,NA,NA,0,0,0,NA,0,0,0,0,0,0,NA,NA,NA,NA,NA,NA,NA,NA,0,0,0,0,NA,NA,NA,NA,NA
"Herbert Staiger","c81d1d7c-3955-11ef-b36f-157c9bc18a5f",NA,NA,1971,"12/4/1971","8c033214-3960-11ef-a8e9-9b08c5d4c173","away","TSV Milbertshofen","S3L Handball",16,18,FALSE,1,NA,NA,0,0,0,NA,0,0,0,0,0,0,NA,NA,NA,NA,NA,NA,NA,NA,0,0,0,0,NA,NA,NA,NA,NA
"Karl Donndorf","c821c668-3955-11ef-a20c-157c9bc18a5f",NA,NA,1971,"12/4/1971","8c033214-3960-11ef-a8e9-9b08c5d4c173","away","TSV Milbertshofen","S3L Handball",16,18,FALSE,2,NA,NA,0,0,0,NA,0,0,0,0,0,0,NA,NA,NA,NA,NA,NA,NA,NA,0,0,0,0,NA,NA,NA,NA,NA
"Erich Loderer","c9a2ad0a-3955-11ef-9f7e-157c9bc18a5f",NA,NA,1971,"12/4/1971","8c033214-3960-11ef-a8e9-9b08c5d4c173","away","TSV Milbertshofen","S3L Handball",16,18,FALSE,0,NA,NA,0,0,0,NA,0,0,0,0,0,0,NA,NA,NA,NA,NA,NA,NA,NA,0,0,0,0,NA,NA,NA,NA,NA
"Peter Pyrges","c9b28b8a-3955-11ef-9887-157c9bc18a5f",NA,NA,1971,"12/4/1971","8c033214-3960-11ef-a8e9-9b08c5d4c173","away","TSV Milbertshofen","S3L Handball",16,18,FALSE,1,NA,NA,0,0,0,NA,0,0,0,0,0,0,NA,NA,NA,NA,NA,NA,NA,NA,0,0,0,0,NA,NA,NA,NA,NA
"Heinz-Theo Kaus","8086fdf9-3955-11ef-938f-b908c60af10a",NA,NA,1971,"12/4/1971","8d2746c6-3960-11ef-bb29-9b08c5d4c173","home","SG Dietzenbach","TSV 1896 Rintheim",12,11,TRUE,0,NA,NA,0,0,0,NA,0,0,0,0,0,0,NA,NA,NA,NA,NA,NA,NA,NA,0,0,0,0,NA,NA,NA,NA,NA
"Peter Fenn","96d23185-3955-11ef-bbcf-292be3190b7b",NA,NA,1971,"12/4/1971","8d2746c6-3960-11ef-bb29-9b08c5d4c173","home","SG Dietzenbach","TSV 1896 Rintheim",12,11,TRUE,1,NA,NA,0,0,0,NA,0,0,0,0,0,0,NA,NA,NA,NA,NA,NA,NA,NA,0,0,0,0,NA,NA,NA,NA,NA
"Herbert Wehnert","96e104db-3955-11ef-b58d-292be3190b7b",NA,NA,1971,"12/4/1971","8d2746c6-3960-11ef-bb29-9b08c5d4c173","home","SG Dietzenbach","TSV 1896 Rintheim",12,11,TRUE,2,NA,NA,0,0,0,NA,0,0,0,0,0,0,NA,NA,NA,NA,NA,NA,NA,NA,0,0,0,0,NA,NA,NA,NA,NA
"Manfred Merk","a2e89182-3955-11ef-b7cf-2510cc07ea6e",NA,NA,1971,"12/4/1971","8d2746c6-3960-11ef-bb29-9b08c5d4c173","home","SG Dietzenbach","TSV 1896 Rintheim",12,11,TRUE,2,NA,NA,0,0,0,NA,0,0,0,0,0,0,NA,NA,NA,NA,NA,NA,NA,NA,0,0,0,0,NA,NA,NA,NA,NA
"Heinrich Baum","af2c6c48-3955-11ef-964a-a36230ada079",NA,NA,1971,"12/4/1971","8d2746c6-3960-11ef-bb29-9b08c5d4c173","home","SG Dietzenbach","TSV 1896 Rintheim",12,11,TRUE,3,NA,NA,0,0,0,NA,0,0,0,0,0,0,NA,NA,NA,NA,NA,NA,NA,NA,0,0,0,0,NA,NA,NA,NA,NA
"Reinhold Jerwan","b1d5c150-3955-11ef-9027-a36230ada079",NA,NA,1971,"12/4/1971","8d2746c6-3960-11ef-bb29-9b08c5d4c173","home","SG Dietzenbach","TSV 1896 Rintheim",12,11,TRUE,3,NA,NA,0,0,0,NA,0,0,0,0,0,0,NA,NA,NA,NA,NA,NA,NA,NA,0,0,0,0,NA,NA,NA,NA,NA
"Werner Conrad","b1d9e0f0-3955-11ef-8356-a36230ada079",NA,NA,1971,"12/4/1971","8d2746c6-3960-11ef-bb29-9b08c5d4c173","home","SG Dietzenbach","TSV 1896 Rintheim",12,11,TRUE,0,NA,NA,0,0,0,NA,0,0,0,0,0,0,NA,NA,NA,NA,NA,NA,NA,NA,0,0,0,0,NA,NA,NA,NA,NA
"Norbert Kern","c6961a09-3955-11ef-8bcc-157c9bc18a5f",NA,NA,1971,"12/4/1971","8d2746c6-3960-11ef-bb29-9b08c5d4c173","home","SG Dietzenbach","TSV 1896 Rintheim",12,11,TRUE,0,NA,NA,0,0,0,NA,0,0,0,0,0,0,NA,NA,NA,NA,NA,NA,NA,NA,0,0,0,0,NA,NA,NA,NA,NA
"Gerhard Hofmann","c98901d6-3955-11ef-b1d3-157c9bc18a5f",NA,NA,1971,"12/4/1971","8d2746c6-3960-11ef-bb29-9b08c5d4c173","home","SG Dietzenbach","TSV 1896 Rintheim",12,11,TRUE,0,NA,NA,0,0,0,NA,0,0,0,0,0,0,NA,NA,NA,NA,NA,NA,NA,NA,0,0,0,0,NA,NA,NA,NA,NA
"Karlheinz Winkelmann","c98d2b9f-3955-11ef-9826-157c9bc18a5f",NA,NA,1971,"12/4/1971","8d2746c6-3960-11ef-bb29-9b08c5d4c173","home","SG Dietzenbach","TSV 1896 Rintheim",12,11,TRUE,1,NA,NA,0,0,1,NA,0,0,0,0,0,0,NA,NA,NA,NA,NA,NA,NA,NA,0,0,0,0,NA,NA,NA,NA,NA
"Gerhard Gaiser","7fd4e3db-3955-11ef-b327-b908c60af10a",NA,NA,1971,"12/4/1971","8d2746c6-3960-11ef-bb29-9b08c5d4c173","away","TSV 1896 Rintheim","SG Dietzenbach",11,12,FALSE,4,NA,NA,0,0,0,NA,0,0,0,0,0,0,NA,NA,NA,NA,NA,NA,NA,NA,0,0,0,0,NA,NA,NA,NA,NA
"Wolf-Dieter Nagel","8d41486b-3955-11ef-8d22-81dc40648355",NA,NA,1971,"12/4/1971","8d2746c6-3960-11ef-bb29-9b08c5d4c173","away","TSV 1896 Rintheim","SG Dietzenbach",11,12,FALSE,4,NA,NA,0,0,0,NA,0,0,0,0,0,0,NA,NA,NA,NA,NA,NA,NA,NA,0,0,0,0,NA,NA,NA,NA,NA
"Franz Bechler","98035d7e-3955-11ef-8b94-292be3190b7b",NA,NA,1971,"12/4/1971","8d2746c6-3960-11ef-bb29-9b08c5d4c173","away","TSV 1896 Rintheim","SG Dietzenbach",11,12,FALSE,0,NA,NA,0,0,0,NA,0,0,0,0,0,0,NA,NA,NA,NA,NA,NA,NA,NA,0,0,0,0,NA,NA,NA,NA,NA
"Hans-Eberhard Finkbeiner","a2f451eb-3955-11ef-99da-2510cc07ea6e",NA,NA,1971,"12/4/1971","8d2746c6-3960-11ef-bb29-9b08c5d4c173","away","TSV 1896 Rintheim","SG Dietzenbach",11,12,FALSE,0,NA,NA,0,0,0,NA,0,0,0,0,0,0,NA,NA,NA,NA,NA,NA,NA,NA,0,0,0,0,NA,NA,NA,NA,NA
"Bernd Seibel","bc6670d9-3955-11ef-b849-ab397f561917",NA,NA,1971,"12/4/1971","8d2746c6-3960-11ef-bb29-9b08c5d4c173","away","TSV 1896 Rintheim","SG Dietzenbach",11,12,FALSE,0,NA,NA,0,0,0,NA,0,0,0,0,0,0,NA,NA,NA,NA,NA,NA,NA,NA,0,0,0,0,NA,NA,NA,NA,NA
"Wolfgang Dillenberger","bc6a40c8-3955-11ef-8c9f-ab397f561917",NA,NA,1971,"12/4/1971","8d2746c6-3960-11ef-bb29-9b08c5d4c173","away","TSV 1896 Rintheim","SG Dietzenbach",11,12,FALSE,1,NA,NA,0,0,0,NA,0,0,0,0,0,0,NA,NA,NA,NA,NA,NA,NA,NA,0,0,0,0,NA,NA,NA,NA,NA
"Richard Baumer","c6e9de45-3955-11ef-b5bf-157c9bc18a5f",NA,NA,1971,"12/4/1971","8d2746c6-3960-11ef-bb29-9b08c5d4c173","away","TSV 1896 Rintheim","SG Dietzenbach",11,12,FALSE,1,NA,NA,0,0,0,NA,0,0,0,0,0,0,NA,NA,NA,NA,NA,NA,NA,NA,0,0,0,0,NA,NA,NA,NA,NA
"Roland Schubach","c8722d8e-3955-11ef-b351-157c9bc18a5f",NA,NA,1971,"12/4/1971","8d2746c6-3960-11ef-bb29-9b08c5d4c173","away","TSV 1896 Rintheim","SG Dietzenbach",11,12,FALSE,1,NA,NA,0,0,0,NA,0,0,0,0,0,0,NA,NA,NA,NA,NA,NA,NA,NA,0,0,0,0,NA,NA,NA,NA,NA
"Josef Bechler","c88a53f3-3955-11ef-bd99-157c9bc18a5f",NA,NA,1971,"12/4/1971","8d2746c6-3960-11ef-bb29-9b08c5d4c173","away","TSV 1896 Rintheim","SG Dietzenbach",11,12,FALSE,0,NA,NA,0,0,0,NA,0,0,0,0,0,0,NA,NA,NA,NA,NA,NA,NA,NA,0,0,0,0,NA,NA,NA,NA,NA
"Rolf-Eberhard Jaeger","c9bde9a1-3955-11ef-9a50-157c9bc18a5f",NA,NA,1971,"12/4/1971","8d2746c6-3960-11ef-bb29-9b08c5d4c173","away","TSV 1896 Rintheim","SG Dietzenbach",11,12,FALSE,0,NA,NA,0,0,0,NA,0,0,0,0,0,0,NA,NA,NA,NA,NA,NA,NA,NA,0,0,0,0,NA,NA,NA,NA,NA
"Wolfgang Stolz","999eb14b-3955-11ef-bbce-292be3190b7b",NA,NA,1971,"12/4/1971","8dcd5a54-3960-11ef-a9be-9b08c5d4c173","home","SpVgg 1887 Möhringen","FRISCH AUF! Göppingen",12,21,FALSE,0,NA,NA,0,0,0,NA,0,0,0,0,0,0,NA,NA,NA,NA,NA,NA,NA,NA,0,0,0,0,NA,NA,NA,NA,NA
"Hermann Mäurle","a44f95e3-3955-11ef-b53d-2510cc07ea6e",NA,NA,1971,"12/4/1971","8dcd5a54-3960-11ef-a9be-9b08c5d4c173","home","SpVgg 1887 Möhringen","FRISCH AUF! Göppingen",12,21,FALSE,2,NA,NA,0,0,0,NA,0,0,0,0,0,0,NA,NA,NA,NA,NA,NA,NA,NA,0,0,0,0,NA,NA,NA,NA,NA
"Wolf-Dieter Rösner","c82bae19-3955-11ef-a06e-157c9bc18a5f",NA,NA,1971,"12/4/1971","8dcd5a54-3960-11ef-a9be-9b08c5d4c173","home","SpVgg 1887 Möhringen","FRISCH AUF! Göppingen",12,21,FALSE,0,NA,NA,0,0,0,NA,0,0,0,0,0,0,NA,NA,NA,NA,NA,NA,NA,NA,0,0,0,0,NA,NA,NA,NA,NA
"Manfred Schreiber","c83032c3-3955-11ef-80c1-157c9bc18a5f",NA,NA,1971,"12/4/1971","8dcd5a54-3960-11ef-a9be-9b08c5d4c173","home","SpVgg 1887 Möhringen","FRISCH AUF! Göppingen",12,21,FALSE,0,NA,NA,0,0,0,NA,0,0,0,0,0,0,NA,NA,NA,NA,NA,NA,NA,NA,0,0,0,0,NA,NA,NA,NA,NA
"Karl-Heinz Wolf","c8354cdd-3955-11ef-a1d6-157c9bc18a5f",NA,NA,1971,"12/4/1971","8dcd5a54-3960-11ef-a9be-9b08c5d4c173","home","SpVgg 1887 Möhringen","FRISCH AUF! Göppingen",12,21,FALSE,1,NA,NA,0,0,0,NA,0,0,0,0,0,0,NA,NA,NA,NA,NA,NA,NA,NA,0,0,0,0,NA,NA,NA,NA,NA
"Gerd-Volker Stock","c8397c3c-3955-11ef-af12-157c9bc18a5f",NA,NA,1971,"12/4/1971","8dcd5a54-3960-11ef-a9be-9b08c5d4c173","home","SpVgg 1887 Möhringen","FRISCH AUF! Göppingen",12,21,FALSE,2,NA,NA,0,0,0,NA,0,0,0,0,0,0,NA,NA,NA,NA,NA,NA,NA,NA,0,0,0,0,NA,NA,NA,NA,NA
"Dieter Schuh","c84c4c54-3955-11ef-9d35-157c9bc18a5f",NA,NA,1971,"12/4/1971","8dcd5a54-3960-11ef-a9be-9b08c5d4c173","home","SpVgg 1887 Möhringen","FRISCH AUF! Göppingen",12,21,FALSE,1,NA,NA,0,0,0,NA,0,0,0,0,0,0,NA,NA,NA,NA,NA,NA,NA,NA,0,0,0,0,NA,NA,NA,NA,NA
"Lothar Scheffel","c850996c-3955-11ef-94a7-157c9bc18a5f",NA,NA,1971,"12/4/1971","8dcd5a54-3960-11ef-a9be-9b08c5d4c173","home","SpVgg 1887 Möhringen","FRISCH AUF! Göppingen",12,21,FALSE,1,NA,NA,0,0,0,NA,0,0,0,0,0,0,NA,NA,NA,NA,NA,NA,NA,NA,0,0,0,0,NA,NA,NA,NA,NA
"Robert Bach","c85fda21-3955-11ef-9bd8-157c9bc18a5f",NA,NA,1971,"12/4/1971","8dcd5a54-3960-11ef-a9be-9b08c5d4c173","home","SpVgg 1887 Möhringen","FRISCH AUF! Göppingen",12,21,FALSE,1,NA,NA,0,0,0,NA,0,0,0,0,0,0,NA,NA,NA,NA,NA,NA,NA,NA,0,0,0,0,NA,NA,NA,NA,NA
"Karl-Heinz Steinbach","c864fc61-3955-11ef-bc13-157c9bc18a5f",NA,NA,1971,"12/4/1971","8dcd5a54-3960-11ef-a9be-9b08c5d4c173","home","SpVgg 1887 Möhringen","FRISCH AUF! Göppingen",12,21,FALSE,1,NA,NA,0,0,0,NA,0,0,0,0,0,0,NA,NA,NA,NA,NA,NA,NA,NA,0,0,0,0,NA,NA,NA,NA,NA
"Wolfgang Schall","c869381d-3955-11ef-a2ed-157c9bc18a5f",NA,NA,1971,"12/4/1971","8dcd5a54-3960-11ef-a9be-9b08c5d4c173","home","SpVgg 1887 Möhringen","FRISCH AUF! Göppingen",12,21,FALSE,2,NA,NA,0,0,0,NA,0,0,0,0,0,0,NA,NA,NA,NA,NA,NA,NA,NA,0,0,0,0,NA,NA,NA,NA,NA
"Günter Heger","c9b80786-3955-11ef-80ae-157c9bc18a5f",NA,NA,1971,"12/4/1971","8dcd5a54-3960-11ef-a9be-9b08c5d4c173","home","SpVgg 1887 Möhringen","FRISCH AUF! Göppingen",12,21,FALSE,1,NA,NA,0,0,0,NA,0,0,0,0,0,0,NA,NA,NA,NA,NA,NA,NA,NA,0,0,0,0,NA,NA,NA,NA,NA
"Peter Bucher","8e0071c9-3955-11ef-8ff8-81dc40648355",NA,NA,1971,"12/4/1971","8dcd5a54-3960-11ef-a9be-9b08c5d4c173","away","FRISCH AUF! Göppingen","SpVgg 1887 Möhringen",21,12,TRUE,4,NA,NA,0,0,0,NA,0,0,0,0,0,0,NA,NA,NA,NA,NA,NA,NA,NA,0,0,0,0,NA,NA,NA,NA,NA
"Max Müller","99453a6b-3955-11ef-84c2-292be3190b7b",NA,NA,1971,"12/4/1971","8dcd5a54-3960-11ef-a9be-9b08c5d4c173","away","FRISCH AUF! Göppingen","SpVgg 1887 Möhringen",21,12,TRUE,2,NA,NA,0,0,0,NA,0,0,0,0,0,0,NA,NA,NA,NA,NA,NA,NA,NA,0,0,0,0,NA,NA,NA,NA,NA
"Werner Fischer","af3a0885-3955-11ef-a884-a36230ada079",NA,NA,1971,"12/4/1971","8dcd5a54-3960-11ef-a9be-9b08c5d4c173","away","FRISCH AUF! Göppingen","SpVgg 1887 Möhringen",21,12,TRUE,0,NA,NA,0,0,0,NA,0,0,0,0,0,0,NA,NA,NA,NA,NA,NA,NA,NA,0,0,0,0,NA,NA,NA,NA,NA
"Hans Brodbeck","b1f00cc3-3955-11ef-b4c9-a36230ada079",NA,NA,1971,"12/4/1971","8dcd5a54-3960-11ef-a9be-9b08c5d4c173","away","FRISCH AUF! Göppingen","SpVgg 1887 Möhringen",21,12,TRUE,0,NA,NA,0,0,0,NA,0,0,0,0,0,0,NA,NA,NA,NA,NA,NA,NA,NA,0,0,0,0,NA,NA,NA,NA,NA
"Detlef Groß","b20edee3-3955-11ef-9e14-a36230ada079",NA,NA,1971,"12/4/1971","8dcd5a54-3960-11ef-a9be-9b08c5d4c173","away","FRISCH AUF! Göppingen","SpVgg 1887 Möhringen",21,12,TRUE,1,NA,NA,0,0,0,NA,0,0,0,0,0,0,NA,NA,NA,NA,NA,NA,NA,NA,0,0,0,0,NA,NA,NA,NA,NA
"Paul Epple","bc8167af-3955-11ef-8748-ab397f561917",NA,NA,1971,"12/4/1971","8dcd5a54-3960-11ef-a9be-9b08c5d4c173","away","FRISCH AUF! Göppingen","SpVgg 1887 Möhringen",21,12,TRUE,6,NA,NA,0,0,0,NA,0,0,0,0,0,0,NA,NA,NA,NA,NA,NA,NA,NA,0,0,0,0,NA,NA,NA,NA,NA
"Walter Pflüger","bc85cdbc-3955-11ef-8e24-ab397f561917",NA,NA,1971,"12/4/1971","8dcd5a54-3960-11ef-a9be-9b08c5d4c173","away","FRISCH AUF! Göppingen","SpVgg 1887 Möhringen",21,12,TRUE,1,NA,NA,0,0,0,NA,0,0,0,0,0,0,NA,NA,NA,NA,NA,NA,NA,NA,0,0,0,0,NA,NA,NA,NA,NA
"Werner Arndt","c71116e0-3955-11ef-85d3-157c9bc18a5f",NA,NA,1971,"12/4/1971","8dcd5a54-3960-11ef-a9be-9b08c5d4c173","away","FRISCH AUF! Göppingen","SpVgg 1887 Möhringen",21,12,TRUE,1,NA,NA,0,0,0,NA,0,0,0,0,0,0,NA,NA,NA,NA,NA,NA,NA,NA,0,0,0,0,NA,NA,NA,NA,NA
"Christian Patzer","c715a1de-3955-11ef-bc54-157c9bc18a5f",NA,NA,1971,"12/4/1971","8dcd5a54-3960-11ef-a9be-9b08c5d4c173","away","FRISCH AUF! Göppingen","SpVgg 1887 Möhringen",21,12,TRUE,1,NA,NA,0,0,0,NA,0,0,0,0,0,0,NA,NA,NA,NA,NA,NA,NA,NA,0,0,0,0,NA,NA,NA,NA,NA
"Armin Eisele","c9cc4c1b-3955-11ef-9f9f-157c9bc18a5f",NA,NA,1971,"12/4/1971","8dcd5a54-3960-11ef-a9be-9b08c5d4c173","away","FRISCH AUF! Göppingen","SpVgg 1887 Möhringen",21,12,TRUE,5,NA,NA,0,0,2,NA,0,0,0,0,0,0,NA,NA,NA,NA,NA,NA,NA,NA,0,0,0,0,NA,NA,NA,NA,NA
"Günter Schweikardt","d3e60b79-3953-11ef-9e8c-e3f2de03a1b7",NA,NA,1971,"12/4/1971","8dcd5a54-3960-11ef-a9be-9b08c5d4c173","away","FRISCH AUF! Göppingen","SpVgg 1887 Möhringen",21,12,TRUE,0,NA,NA,0,0,0,NA,0,0,0,0,0,0,NA,NA,NA,NA,NA,NA,NA,NA,0,0,0,0,NA,NA,NA,NA,NA
"Karl-Heinz Schulz","72847241-3955-11ef-8bd4-51fdf2a82730",NA,NA,1971,"12/5/1971","81036e87-3960-11ef-87af-2906cc9fb6bc","home","TuS 05 Wellinghofen","VfL Gummersbach",13,20,FALSE,0,NA,NA,0,0,0,NA,0,0,0,0,0,0,NA,NA,NA,NA,NA,NA,NA,NA,0,0,0,0,NA,NA,NA,NA,NA
"Hans-Jürgen Zick","8d67d76a-3955-11ef-8956-81dc40648355",NA,NA,1971,"12/5/1971","81036e87-3960-11ef-87af-2906cc9fb6bc","home","TuS 05 Wellinghofen","VfL Gummersbach",13,20,FALSE,0,NA,NA,0,0,0,NA,0,0,0,0,0,0,NA,NA,NA,NA,NA,NA,NA,NA,0,0,0,0,NA,NA,NA,NA,NA
"Heiner Möller","8d7571e4-3955-11ef-b1d3-81dc40648355",NA,NA,1971,"12/5/1971","81036e87-3960-11ef-87af-2906cc9fb6bc","home","TuS 05 Wellinghofen","VfL Gummersbach",13,20,FALSE,4,NA,NA,0,0,0,NA,0,0,0,0,0,0,NA,NA,NA,NA,NA,NA,NA,NA,0,0,0,0,NA,NA,NA,NA,NA
"Hans-Peter Neuhaus","8d9d3887-3955-11ef-80a3-81dc40648355",NA,NA,1971,"12/5/1971","81036e87-3960-11ef-87af-2906cc9fb6bc","home","TuS 05 Wellinghofen","VfL Gummersbach",13,20,FALSE,2,NA,NA,0,0,0,NA,0,0,0,0,0,0,NA,NA,NA,NA,NA,NA,NA,NA,0,0,0,0,NA,NA,NA,NA,NA
"Rainer Gosewinkel","a4d61156-3955-11ef-8406-2510cc07ea6e",NA,NA,1971,"12/5/1971","81036e87-3960-11ef-87af-2906cc9fb6bc","home","TuS 05 Wellinghofen","VfL Gummersbach",13,20,FALSE,1,NA,NA,0,0,0,NA,0,0,0,0,0,0,NA,NA,NA,NA,NA,NA,NA,NA,0,0,0,0,NA,NA,NA,NA,NA
"Klaus Erwe","a4f54a19-3955-11ef-b48a-2510cc07ea6e",NA,NA,1971,"12/5/1971","81036e87-3960-11ef-87af-2906cc9fb6bc","home","TuS 05 Wellinghofen","VfL Gummersbach",13,20,FALSE,0,NA,NA,0,0,0,NA,0,0,0,0,0,0,NA,NA,NA,NA,NA,NA,NA,NA,0,0,0,0,NA,NA,NA,NA,NA
"Burkhard Gröning","a52c6e4f-3955-11ef-a576-2510cc07ea6e",NA,NA,1971,"12/5/1971","81036e87-3960-11ef-87af-2906cc9fb6bc","home","TuS 05 Wellinghofen","VfL Gummersbach",13,20,FALSE,0,NA,NA,0,0,0,NA,0,0,0,0,0,0,NA,NA,NA,NA,NA,NA,NA,NA,0,0,0,0,NA,NA,NA,NA,NA
"Klaus Tiews","a531838f-3955-11ef-8e99-2510cc07ea6e",NA,NA,1971,"12/5/1971","81036e87-3960-11ef-87af-2906cc9fb6bc","home","TuS 05 Wellinghofen","VfL Gummersbach",13,20,FALSE,0,NA,NA,0,0,0,NA,0,0,0,0,0,0,NA,NA,NA,NA,NA,NA,NA,NA,0,0,0,0,NA,NA,NA,NA,NA
"Heinz Oberscheidt","a5ae94f2-3955-11ef-91fc-2510cc07ea6e",NA,NA,1971,"12/5/1971","81036e87-3960-11ef-87af-2906cc9fb6bc","home","TuS 05 Wellinghofen","VfL Gummersbach",13,20,FALSE,5,NA,NA,0,0,3,NA,0,0,0,0,0,0,NA,NA,NA,NA,NA,NA,NA,NA,0,0,0,0,NA,NA,NA,NA,NA
"Hans-Jürgen Sengera","ba7fae8e-3955-11ef-80e4-ab397f561917",NA,NA,1971,"12/5/1971","81036e87-3960-11ef-87af-2906cc9fb6bc","home","TuS 05 Wellinghofen","VfL Gummersbach",13,20,FALSE,0,NA,NA,0,0,0,NA,0,0,0,0,0,0,NA,NA,NA,NA,NA,NA,NA,NA,0,0,0,0,NA,NA,NA,NA,NA
"Burkhardt Eckardt","c76d08cb-3955-11ef-8fa7-157c9bc18a5f",NA,NA,1971,"12/5/1971","81036e87-3960-11ef-87af-2906cc9fb6bc","home","TuS 05 Wellinghofen","VfL Gummersbach",13,20,FALSE,1,NA,NA,0,0,0,NA,0,0,0,0,0,0,NA,NA,NA,NA,NA,NA,NA,NA,0,0,0,0,NA,NA,NA,NA,NA
"Klaus Westebbe","8c58f63a-3955-11ef-b65e-81dc40648355",NA,NA,1971,"12/5/1971","81036e87-3960-11ef-87af-2906cc9fb6bc","away","VfL Gummersbach","TuS 05 Wellinghofen",20,13,TRUE,0,NA,NA,0,0,0,NA,0,0,0,0,0,0,NA,NA,NA,NA,NA,NA,NA,NA,0,0,0,0,NA,NA,NA,NA,NA
"Klaus Kater","8da1f6ef-3955-11ef-b31a-81dc40648355",NA,NA,1971,"12/5/1971","81036e87-3960-11ef-87af-2906cc9fb6bc","away","VfL Gummersbach","TuS 05 Wellinghofen",20,13,TRUE,0,NA,NA,0,0,0,NA,0,0,0,0,0,0,NA,NA,NA,NA,NA,NA,NA,NA,0,0,0,0,NA,NA,NA,NA,NA
"Klaus Schlagheck","97a06613-3955-11ef-8056-292be3190b7b",NA,NA,1971,"12/5/1971","81036e87-3960-11ef-87af-2906cc9fb6bc","away","VfL Gummersbach","TuS 05 Wellinghofen",20,13,TRUE,2,NA,NA,0,0,0,NA,0,0,0,0,0,0,NA,NA,NA,NA,NA,NA,NA,NA,0,0,0,0,NA,NA,NA,NA,NA
"Ralf Hamann","a28aa62f-3955-11ef-9677-2510cc07ea6e",NA,NA,1971,"12/5/1971","81036e87-3960-11ef-87af-2906cc9fb6bc","away","VfL Gummersbach","TuS 05 Wellinghofen",20,13,TRUE,0,NA,NA,0,0,0,NA,0,0,0,0,0,0,NA,NA,NA,NA,NA,NA,NA,NA,0,0,0,0,NA,NA,NA,NA,NA
"Ulrich Ufer","a2c8cfa8-3955-11ef-8510-2510cc07ea6e",NA,NA,1971,"12/5/1971","81036e87-3960-11ef-87af-2906cc9fb6bc","away","VfL Gummersbach","TuS 05 Wellinghofen",20,13,TRUE,2,NA,NA,0,0,0,NA,0,0,0,0,0,0,NA,NA,NA,NA,NA,NA,NA,NA,0,0,0,0,NA,NA,NA,NA,NA
"Jochen Feldhoff","a32751a5-3955-11ef-badf-2510cc07ea6e",NA,NA,1971,"12/5/1971","81036e87-3960-11ef-87af-2906cc9fb6bc","away","VfL Gummersbach","TuS 05 Wellinghofen",20,13,TRUE,1,NA,NA,0,0,0,NA,0,0,0,0,0,0,NA,NA,NA,NA,NA,NA,NA,NA,0,0,0,0,NA,NA,NA,NA,NA
"Helmut Keller","ae2fb2ba-3955-11ef-b38f-a36230ada079",NA,NA,1971,"12/5/1971","81036e87-3960-11ef-87af-2906cc9fb6bc","away","VfL Gummersbach","TuS 05 Wellinghofen",20,13,TRUE,0,NA,NA,0,0,0,NA,0,0,0,0,0,0,NA,NA,NA,NA,NA,NA,NA,NA,0,0,0,0,NA,NA,NA,NA,NA
"Hans-Günther Schmidt","aff5702f-3955-11ef-9878-a36230ada079",NA,NA,1971,"12/5/1971","81036e87-3960-11ef-87af-2906cc9fb6bc","away","VfL Gummersbach","TuS 05 Wellinghofen",20,13,TRUE,8,NA,NA,0,0,0,NA,0,0,0,0,0,0,NA,NA,NA,NA,NA,NA,NA,NA,0,0,0,0,NA,NA,NA,NA,NA
"Jochen Brand","ba44375c-3955-11ef-a5d6-ab397f561917",NA,NA,1971,"12/5/1971","81036e87-3960-11ef-87af-2906cc9fb6bc","away","VfL Gummersbach","TuS 05 Wellinghofen",20,13,TRUE,2,NA,NA,0,0,0,NA,0,0,0,0,0,0,NA,NA,NA,NA,NA,NA,NA,NA,0,0,0,0,NA,NA,NA,NA,NA
"Bruno Zay","bce5dbb8-3955-11ef-ac9b-ab397f561917",NA,NA,1971,"12/5/1971","81036e87-3960-11ef-87af-2906cc9fb6bc","away","VfL Gummersbach","TuS 05 Wellinghofen",20,13,TRUE,5,NA,NA,0,0,3,NA,0,0,0,0,0,0,NA,NA,NA,NA,NA,NA,NA,NA,0,0,0,0,NA,NA,NA,NA,NA
"Ulrich Althoff","bb6c27f0-3955-11ef-9d06-ab397f561917",NA,NA,1971,"12/5/1971","84035fa2-3960-11ef-8982-2906cc9fb6bc","home","TSB Flensburg","SC Phönix Essen 1920",13,27,FALSE,0,NA,NA,0,0,0,NA,0,0,0,0,0,0,NA,NA,NA,NA,NA,NA,NA,NA,0,0,0,0,NA,NA,NA,NA,NA
"Helmut Wolff","c8c361d9-3955-11ef-b16f-157c9bc18a5f",NA,NA,1971,"12/5/1971","84035fa2-3960-11ef-8982-2906cc9fb6bc","home","TSB Flensburg","SC Phönix Essen 1920",13,27,FALSE,0,NA,NA,0,0,0,NA,0,0,0,0,0,0,NA,NA,NA,NA,NA,NA,NA,NA,0,0,0,0,NA,NA,NA,NA,NA
"Sönke Voß","c8c872dc-3955-11ef-8979-157c9bc18a5f",NA,NA,1971,"12/5/1971","84035fa2-3960-11ef-8982-2906cc9fb6bc","home","TSB Flensburg","SC Phönix Essen 1920",13,27,FALSE,2,NA,NA,0,0,0,NA,0,0,0,0,0,0,NA,NA,NA,NA,NA,NA,NA,NA,0,0,0,0,NA,NA,NA,NA,NA
"Trutz Kob","c8ccf221-3955-11ef-8f6f-157c9bc18a5f",NA,NA,1971,"12/5/1971","84035fa2-3960-11ef-8982-2906cc9fb6bc","home","TSB Flensburg","SC Phönix Essen 1920",13,27,FALSE,0,NA,NA,0,0,0,NA,0,0,0,0,0,0,NA,NA,NA,NA,NA,NA,NA,NA,0,0,0,0,NA,NA,NA,NA,NA
"Dieter Liesch","c8d1ab08-3955-11ef-bf4b-157c9bc18a5f",NA,NA,1971,"12/5/1971","84035fa2-3960-11ef-8982-2906cc9fb6bc","home","TSB Flensburg","SC Phönix Essen 1920",13,27,FALSE,1,NA,NA,0,0,0,NA,0,0,0,0,0,0,NA,NA,NA,NA,NA,NA,NA,NA,0,0,0,0,NA,NA,NA,NA,NA
"Gerhard Brast","c8d5c599-3955-11ef-8eef-157c9bc18a5f",NA,NA,1971,"12/5/1971","84035fa2-3960-11ef-8982-2906cc9fb6bc","home","TSB Flensburg","SC Phönix Essen 1920",13,27,FALSE,6,NA,NA,0,0,3,NA,0,0,0,0,0,0,NA,NA,NA,NA,NA,NA,NA,NA,0,0,0,0,NA,NA,NA,NA,NA
"Günter Jensen","c8d9f473-3955-11ef-9c30-157c9bc18a5f",NA,NA,1971,"12/5/1971","84035fa2-3960-11ef-8982-2906cc9fb6bc","home","TSB Flensburg","SC Phönix Essen 1920",13,27,FALSE,1,NA,NA,0,0,0,NA,0,0,0,0,0,0,NA,NA,NA,NA,NA,NA,NA,NA,0,0,0,0,NA,NA,NA,NA,NA
"Claus Karstens","c8de58ae-3955-11ef-9aa5-157c9bc18a5f",NA,NA,1971,"12/5/1971","84035fa2-3960-11ef-8982-2906cc9fb6bc","home","TSB Flensburg","SC Phönix Essen 1920",13,27,FALSE,0,NA,NA,0,0,0,NA,0,0,0,0,0,0,NA,NA,NA,NA,NA,NA,NA,NA,0,0,0,0,NA,NA,NA,NA,NA
"Rolf Asmussen","c8e24957-3955-11ef-86ce-157c9bc18a5f",NA,NA,1971,"12/5/1971","84035fa2-3960-11ef-8982-2906cc9fb6bc","home","TSB Flensburg","SC Phönix Essen 1920",13,27,FALSE,1,NA,NA,0,0,0,NA,0,0,0,0,0,0,NA,NA,NA,NA,NA,NA,NA,NA,0,0,0,0,NA,NA,NA,NA,NA
"Hans-Jürgen Zastera","c8eb73c1-3955-11ef-bb77-157c9bc18a5f",NA,NA,1971,"12/5/1971","84035fa2-3960-11ef-8982-2906cc9fb6bc","home","TSB Flensburg","SC Phönix Essen 1920",13,27,FALSE,2,NA,NA,0,0,0,NA,0,0,0,0,0,0,NA,NA,NA,NA,NA,NA,NA,NA,0,0,0,0,NA,NA,NA,NA,NA
"Heinz-Werner Kuhn","c8f40ff2-3955-11ef-89ee-157c9bc18a5f",NA,NA,1971,"12/5/1971","84035fa2-3960-11ef-8982-2906cc9fb6bc","home","TSB Flensburg","SC Phönix Essen 1920",13,27,FALSE,0,NA,NA,0,0,0,NA,0,0,0,0,0,0,NA,NA,NA,NA,NA,NA,NA,NA,0,0,0,0,NA,NA,NA,NA,NA
"Ulrich Eikermann","73a211c9-3955-11ef-8f8f-51fdf2a82730",NA,NA,1971,"12/5/1971","84035fa2-3960-11ef-8982-2906cc9fb6bc","away","SC Phönix Essen 1920","TSB Flensburg",27,13,TRUE,5,NA,NA,0,0,1,NA,0,0,0,0,0,0,NA,NA,NA,NA,NA,NA,NA,NA,0,0,0,0,NA,NA,NA,NA,NA
"Werner Kühn","a5a83923-3955-11ef-abc5-2510cc07ea6e",NA,NA,1971,"12/5/1971","84035fa2-3960-11ef-8982-2906cc9fb6bc","away","SC Phönix Essen 1920","TSB Flensburg",27,13,TRUE,3,NA,NA,0,0,0,NA,0,0,0,0,0,0,NA,NA,NA,NA,NA,NA,NA,NA,0,0,0,0,NA,NA,NA,NA,NA
"Norbert Meister","a610e086-3955-11ef-bf85-2510cc07ea6e",NA,NA,1971,"12/5/1971","84035fa2-3960-11ef-8982-2906cc9fb6bc","away","SC Phönix Essen 1920","TSB Flensburg",27,13,TRUE,0,NA,NA,0,0,0,NA,0,0,0,0,0,0,NA,NA,NA,NA,NA,NA,NA,NA,0,0,0,0,NA,NA,NA,NA,NA
"Rüdiger Hillebrand","b0c11a9c-3955-11ef-bf0d-a36230ada079",NA,NA,1971,"12/5/1971","84035fa2-3960-11ef-8982-2906cc9fb6bc","away","SC Phönix Essen 1920","TSB Flensburg",27,13,TRUE,0,NA,NA,0,0,0,NA,0,0,0,0,0,0,NA,NA,NA,NA,NA,NA,NA,NA,0,0,0,0,NA,NA,NA,NA,NA
"Bernd Tolksdorf","bae02284-3955-11ef-b577-ab397f561917",NA,NA,1971,"12/5/1971","84035fa2-3960-11ef-8982-2906cc9fb6bc","away","SC Phönix Essen 1920","TSB Flensburg",27,13,TRUE,4,NA,NA,0,0,0,NA,0,0,0,0,0,0,NA,NA,NA,NA,NA,NA,NA,NA,0,0,0,0,NA,NA,NA,NA,NA
"Klaus Kirschner","bae43a44-3955-11ef-ae7c-ab397f561917",NA,NA,1971,"12/5/1971","84035fa2-3960-11ef-8982-2906cc9fb6bc","away","SC Phönix Essen 1920","TSB Flensburg",27,13,TRUE,2,NA,NA,0,0,0,NA,0,0,0,0,0,0,NA,NA,NA,NA,NA,NA,NA,NA,0,0,0,0,NA,NA,NA,NA,NA
"Norbert Kroker","bd441662-3955-11ef-b771-ab397f561917",NA,NA,1971,"12/5/1971","84035fa2-3960-11ef-8982-2906cc9fb6bc","away","SC Phönix Essen 1920","TSB Flensburg",27,13,TRUE,5,NA,NA,0,0,0,NA,0,0,0,0,0,0,NA,NA,NA,NA,NA,NA,NA,NA,0,0,0,0,NA,NA,NA,NA,NA
"Herbert Buschmann","bd5ac595-3955-11ef-97f0-ab397f561917",NA,NA,1971,"12/5/1971","84035fa2-3960-11ef-8982-2906cc9fb6bc","away","SC Phönix Essen 1920","TSB Flensburg",27,13,TRUE,0,NA,NA,0,0,0,NA,0,0,0,0,0,0,NA,NA,NA,NA,NA,NA,NA,NA,0,0,0,0,NA,NA,NA,NA,NA
"Andrija Kotlas","bde016f5-3955-11ef-b96c-ab397f561917",NA,NA,1971,"12/5/1971","84035fa2-3960-11ef-8982-2906cc9fb6bc","away","SC Phönix Essen 1920","TSB Flensburg",27,13,TRUE,2,NA,NA,0,0,0,NA,0,0,0,0,0,0,NA,NA,NA,NA,NA,NA,NA,NA,0,0,0,0,NA,NA,NA,NA,NA
"Carl-Bernd Behler","c79d213f-3955-11ef-a773-157c9bc18a5f",NA,NA,1971,"12/5/1971","84035fa2-3960-11ef-8982-2906cc9fb6bc","away","SC Phönix Essen 1920","TSB Flensburg",27,13,TRUE,0,NA,NA,0,0,0,NA,0,0,0,0,0,0,NA,NA,NA,NA,NA,NA,NA,NA,0,0,0,0,NA,NA,NA,NA,NA
"Ernst Weise","c90cdba3-3955-11ef-b068-157c9bc18a5f",NA,NA,1971,"12/5/1971","84035fa2-3960-11ef-8982-2906cc9fb6bc","away","SC Phönix Essen 1920","TSB Flensburg",27,13,TRUE,6,NA,NA,0,0,0,NA,0,0,0,0,0,0,NA,NA,NA,NA,NA,NA,NA,NA,0,0,0,0,NA,NA,NA,NA,NA
"Hans-Jürgen Sulk","7ff6b175-3955-11ef-a103-b908c60af10a",NA,NA,1971,"12/7/1971","82268d65-3960-11ef-8720-2906cc9fb6bc","home","GWD Minden","SC Phönix Essen 1920",13,9,TRUE,2,NA,NA,0,0,0,NA,0,0,0,0,0,0,NA,NA,NA,NA,NA,NA,NA,NA,0,0,0,0,NA,NA,NA,NA,NA
"Bernhard Busch","8dc9280f-3955-11ef-80e2-81dc40648355",NA,NA,1971,"12/7/1971","82268d65-3960-11ef-8720-2906cc9fb6bc","home","GWD Minden","SC Phönix Essen 1920",13,9,TRUE,0,NA,NA,0,0,0,NA,0,0,0,0,0,0,NA,NA,NA,NA,NA,NA,NA,NA,0,0,0,0,NA,NA,NA,NA,NA
"Martin Karcher","980f80ce-3955-11ef-8054-292be3190b7b",NA,NA,1971,"12/7/1971","82268d65-3960-11ef-8720-2906cc9fb6bc","home","GWD Minden","SC Phönix Essen 1920",13,9,TRUE,0,NA,NA,0,0,0,NA,0,0,0,0,0,0,NA,NA,NA,NA,NA,NA,NA,NA,0,0,0,0,NA,NA,NA,NA,NA
"Hans Kramer","98f50290-3955-11ef-8aa8-292be3190b7b",NA,NA,1971,"12/7/1971","82268d65-3960-11ef-8720-2906cc9fb6bc","home","GWD Minden","SC Phönix Essen 1920",13,9,TRUE,3,NA,NA,0,0,0,NA,0,0,0,0,0,0,NA,NA,NA,NA,NA,NA,NA,NA,0,0,0,0,NA,NA,NA,NA,NA
"Wilfried Meyer","a34b2aa0-3955-11ef-a79c-2510cc07ea6e",NA,NA,1971,"12/7/1971","82268d65-3960-11ef-8720-2906cc9fb6bc","home","GWD Minden","SC Phönix Essen 1920",13,9,TRUE,0,NA,NA,0,0,0,NA,0,0,0,0,0,0,NA,NA,NA,NA,NA,NA,NA,NA,0,0,0,0,NA,NA,NA,NA,NA
"Bernd Munck","ba5ee5e3-3955-11ef-9f80-ab397f561917",NA,NA,1971,"12/7/1971","82268d65-3960-11ef-8720-2906cc9fb6bc","home","GWD Minden","SC Phönix Essen 1920",13,9,TRUE,1,NA,NA,0,0,0,NA,0,0,0,0,0,0,NA,NA,NA,NA,NA,NA,NA,NA,0,0,0,0,NA,NA,NA,NA,NA
"Wilfried Drögemeier","ba63ada7-3955-11ef-a04d-ab397f561917",NA,NA,1971,"12/7/1971","82268d65-3960-11ef-8720-2906cc9fb6bc","home","GWD Minden","SC Phönix Essen 1920",13,9,TRUE,1,NA,NA,0,0,0,NA,0,0,0,0,0,0,NA,NA,NA,NA,NA,NA,NA,NA,0,0,0,0,NA,NA,NA,NA,NA
"Klaus Barlach","bcee5b38-3955-11ef-a026-ab397f561917",NA,NA,1971,"12/7/1971","82268d65-3960-11ef-8720-2906cc9fb6bc","home","GWD Minden","SC Phönix Essen 1920",13,9,TRUE,1,NA,NA,0,0,0,NA,0,0,0,0,0,0,NA,NA,NA,NA,NA,NA,NA,NA,0,0,0,0,NA,NA,NA,NA,NA
"Otto Weng","bcfbec1c-3955-11ef-b4f4-ab397f561917",NA,NA,1971,"12/7/1971","82268d65-3960-11ef-8720-2906cc9fb6bc","home","GWD Minden","SC Phönix Essen 1920",13,9,TRUE,2,NA,NA,0,0,1,NA,0,0,0,0,0,0,NA,NA,NA,NA,NA,NA,NA,NA,0,0,0,0,NA,NA,NA,NA,NA
"Burkhard Krocker","bcffdc62-3955-11ef-b52a-ab397f561917",NA,NA,1971,"12/7/1971","82268d65-3960-11ef-8720-2906cc9fb6bc","home","GWD Minden","SC Phönix Essen 1920",13,9,TRUE,3,NA,NA,0,0,1,NA,0,0,0,0,0,0,NA,NA,NA,NA,NA,NA,NA,NA,0,0,0,0,NA,NA,NA,NA,NA
"Jürgen Buhrmester","c747ff25-3955-11ef-9695-157c9bc18a5f",NA,NA,1971,"12/7/1971","82268d65-3960-11ef-8720-2906cc9fb6bc","home","GWD Minden","SC Phönix Essen 1920",13,9,TRUE,0,NA,NA,0,0,0,NA,0,0,0,0,0,0,NA,NA,NA,NA,NA,NA,NA,NA,0,0,0,0,NA,NA,NA,NA,NA
"Manfred Horstkötter","c8a23936-3955-11ef-9884-157c9bc18a5f",NA,NA,1971,"12/7/1971","82268d65-3960-11ef-8720-2906cc9fb6bc","home","GWD Minden","SC Phönix Essen 1920",13,9,TRUE,0,NA,NA,0,0,0,NA,0,0,0,0,0,0,NA,NA,NA,NA,NA,NA,NA,NA,0,0,0,0,NA,NA,NA,NA,NA
"Ulrich Eikermann","73a211c9-3955-11ef-8f8f-51fdf2a82730",NA,NA,1971,"12/7/1971","82268d65-3960-11ef-8720-2906cc9fb6bc","away","SC Phönix Essen 1920","GWD Minden",9,13,FALSE,4,NA,NA,0,0,0,NA,0,0,0,0,0,0,NA,NA,NA,NA,NA,NA,NA,NA,0,0,0,0,NA,NA,NA,NA,NA
"Werner Kühn","a5a83923-3955-11ef-abc5-2510cc07ea6e",NA,NA,1971,"12/7/1971","82268d65-3960-11ef-8720-2906cc9fb6bc","away","SC Phönix Essen 1920","GWD Minden",9,13,FALSE,0,NA,NA,0,0,0,NA,0,0,0,0,0,0,NA,NA,NA,NA,NA,NA,NA,NA,0,0,0,0,NA,NA,NA,NA,NA
"Norbert Meister","a610e086-3955-11ef-bf85-2510cc07ea6e",NA,NA,1971,"12/7/1971","82268d65-3960-11ef-8720-2906cc9fb6bc","away","SC Phönix Essen 1920","GWD Minden",9,13,FALSE,0,NA,NA,0,0,0,NA,0,0,0,0,0,0,NA,NA,NA,NA,NA,NA,NA,NA,0,0,0,0,NA,NA,NA,NA,NA
"Rüdiger Hillebrand","b0c11a9c-3955-11ef-bf0d-a36230ada079",NA,NA,1971,"12/7/1971","82268d65-3960-11ef-8720-2906cc9fb6bc","away","SC Phönix Essen 1920","GWD Minden",9,13,FALSE,0,NA,NA,0,0,0,NA,0,0,0,0,0,0,NA,NA,NA,NA,NA,NA,NA,NA,0,0,0,0,NA,NA,NA,NA,NA
"Bernd Tolksdorf","bae02284-3955-11ef-b577-ab397f561917",NA,NA,1971,"12/7/1971","82268d65-3960-11ef-8720-2906cc9fb6bc","away","SC Phönix Essen 1920","GWD Minden",9,13,FALSE,1,NA,NA,0,0,0,NA,0,0,0,0,0,0,NA,NA,NA,NA,NA,NA,NA,NA,0,0,0,0,NA,NA,NA,NA,NA
"Norbert Kroker","bd441662-3955-11ef-b771-ab397f561917",NA,NA,1971,"12/7/1971","82268d65-3960-11ef-8720-2906cc9fb6bc","away","SC Phönix Essen 1920","GWD Minden",9,13,FALSE,2,NA,NA,0,0,1,NA,0,0,0,0,0,0,NA,NA,NA,NA,NA,NA,NA,NA,0,0,0,0,NA,NA,NA,NA,NA
"Peter Fischer","bd861af2-3955-11ef-a655-ab397f561917",NA,NA,1971,"12/7/1971","82268d65-3960-11ef-8720-2906cc9fb6bc","away","SC Phönix Essen 1920","GWD Minden",9,13,FALSE,0,NA,NA,0,0,0,NA,0,0,0,0,0,0,NA,NA,NA,NA,NA,NA,NA,NA,0,0,0,0,NA,NA,NA,NA,NA
"Andrija Kotlas","bde016f5-3955-11ef-b96c-ab397f561917",NA,NA,1971,"12/7/1971","82268d65-3960-11ef-8720-2906cc9fb6bc","away","SC Phönix Essen 1920","GWD Minden",9,13,FALSE,0,NA,NA,0,0,0,NA,0,0,0,0,0,0,NA,NA,NA,NA,NA,NA,NA,NA,0,0,0,0,NA,NA,NA,NA,NA
"Carl-Bernd Behler","c79d213f-3955-11ef-a773-157c9bc18a5f",NA,NA,1971,"12/7/1971","82268d65-3960-11ef-8720-2906cc9fb6bc","away","SC Phönix Essen 1920","GWD Minden",9,13,FALSE,1,NA,NA,0,0,0,NA,0,0,0,0,0,0,NA,NA,NA,NA,NA,NA,NA,NA,0,0,0,0,NA,NA,NA,NA,NA
"Ernst Weise","c90cdba3-3955-11ef-b068-157c9bc18a5f",NA,NA,1971,"12/7/1971","82268d65-3960-11ef-8720-2906cc9fb6bc","away","SC Phönix Essen 1920","GWD Minden",9,13,FALSE,0,NA,NA,0,0,0,NA,0,0,0,0,0,0,NA,NA,NA,NA,NA,NA,NA,NA,0,0,0,0,NA,NA,NA,NA,NA
"Jochen Generotzki","c918430a-3955-11ef-bc40-157c9bc18a5f",NA,NA,1971,"12/7/1971","82268d65-3960-11ef-8720-2906cc9fb6bc","away","SC Phönix Essen 1920","GWD Minden",9,13,FALSE,1,NA,NA,0,0,0,NA,0,0,0,0,0,0,NA,NA,NA,NA,NA,NA,NA,NA,0,0,0,0,NA,NA,NA,NA,NA
"Klaus Westebbe","8c58f63a-3955-11ef-b65e-81dc40648355",NA,NA,1971,"12/11/1971","81141a05-3960-11ef-91fc-2906cc9fb6bc","home","VfL Gummersbach","GWD Minden",24,14,TRUE,0,NA,NA,0,0,0,NA,0,0,0,0,0,0,NA,NA,NA,NA,NA,NA,NA,NA,0,0,0,0,NA,NA,NA,NA,NA
"Klaus Kater","8da1f6ef-3955-11ef-b31a-81dc40648355",NA,NA,1971,"12/11/1971","81141a05-3960-11ef-91fc-2906cc9fb6bc","home","VfL Gummersbach","GWD Minden",24,14,TRUE,0,NA,NA,0,0,0,NA,0,0,0,0,0,0,NA,NA,NA,NA,NA,NA,NA,NA,0,0,0,0,NA,NA,NA,NA,NA
"Klaus Schlagheck","97a06613-3955-11ef-8056-292be3190b7b",NA,NA,1971,"12/11/1971","81141a05-3960-11ef-91fc-2906cc9fb6bc","home","VfL Gummersbach","GWD Minden",24,14,TRUE,4,NA,NA,0,0,0,NA,0,0,0,0,0,0,NA,NA,NA,NA,NA,NA,NA,NA,0,0,0,0,NA,NA,NA,NA,NA
"Ralf Hamann","a28aa62f-3955-11ef-9677-2510cc07ea6e",NA,NA,1971,"12/11/1971","81141a05-3960-11ef-91fc-2906cc9fb6bc","home","VfL Gummersbach","GWD Minden",24,14,TRUE,0,NA,NA,0,0,0,NA,0,0,0,0,0,0,NA,NA,NA,NA,NA,NA,NA,NA,0,0,0,0,NA,NA,NA,NA,NA
"Ulrich Ufer","a2c8cfa8-3955-11ef-8510-2510cc07ea6e",NA,NA,1971,"12/11/1971","81141a05-3960-11ef-91fc-2906cc9fb6bc","home","VfL Gummersbach","GWD Minden",24,14,TRUE,6,NA,NA,0,0,0,NA,0,0,0,0,0,0,NA,NA,NA,NA,NA,NA,NA,NA,0,0,0,0,NA,NA,NA,NA,NA
"Jochen Feldhoff","a32751a5-3955-11ef-badf-2510cc07ea6e",NA,NA,1971,"12/11/1971","81141a05-3960-11ef-91fc-2906cc9fb6bc","home","VfL Gummersbach","GWD Minden",24,14,TRUE,3,NA,NA,0,0,0,NA,0,0,0,0,0,0,NA,NA,NA,NA,NA,NA,NA,NA,0,0,0,0,NA,NA,NA,NA,NA
"Helmut Keller","ae2fb2ba-3955-11ef-b38f-a36230ada079",NA,NA,1971,"12/11/1971","81141a05-3960-11ef-91fc-2906cc9fb6bc","home","VfL Gummersbach","GWD Minden",24,14,TRUE,0,NA,NA,0,0,0,NA,0,0,0,0,0,0,NA,NA,NA,NA,NA,NA,NA,NA,0,0,0,0,NA,NA,NA,NA,NA
"Hans-Günther Schmidt","aff5702f-3955-11ef-9878-a36230ada079",NA,NA,1971,"12/11/1971","81141a05-3960-11ef-91fc-2906cc9fb6bc","home","VfL Gummersbach","GWD Minden",24,14,TRUE,8,NA,NA,0,0,0,NA,0,0,0,0,0,0,NA,NA,NA,NA,NA,NA,NA,NA,0,0,0,0,NA,NA,NA,NA,NA
"Jochen Brand","ba44375c-3955-11ef-a5d6-ab397f561917",NA,NA,1971,"12/11/1971","81141a05-3960-11ef-91fc-2906cc9fb6bc","home","VfL Gummersbach","GWD Minden",24,14,TRUE,2,NA,NA,0,0,0,NA,0,0,0,0,0,0,NA,NA,NA,NA,NA,NA,NA,NA,0,0,0,0,NA,NA,NA,NA,NA
"Uwe Braunschweig","ba4aaa94-3955-11ef-be97-ab397f561917",NA,NA,1971,"12/11/1971","81141a05-3960-11ef-91fc-2906cc9fb6bc","home","VfL Gummersbach","GWD Minden",24,14,TRUE,0,NA,NA,0,0,0,NA,0,0,0,0,0,0,NA,NA,NA,NA,NA,NA,NA,NA,0,0,0,0,NA,NA,NA,NA,NA
"Bruno Zay","bce5dbb8-3955-11ef-ac9b-ab397f561917",NA,NA,1971,"12/11/1971","81141a05-3960-11ef-91fc-2906cc9fb6bc","home","VfL Gummersbach","GWD Minden",24,14,TRUE,1,NA,NA,0,0,0,NA,0,0,0,0,0,0,NA,NA,NA,NA,NA,NA,NA,NA,0,0,0,0,NA,NA,NA,NA,NA
"Gerhard Leiste","c735d7ed-3955-11ef-b576-157c9bc18a5f",NA,NA,1971,"12/11/1971","81141a05-3960-11ef-91fc-2906cc9fb6bc","home","VfL Gummersbach","GWD Minden",24,14,TRUE,0,NA,NA,0,0,0,NA,0,0,0,0,0,0,NA,NA,NA,NA,NA,NA,NA,NA,0,0,0,0,NA,NA,NA,NA,NA
"Hans-Jürgen Sulk","7ff6b175-3955-11ef-a103-b908c60af10a",NA,NA,1971,"12/11/1971","81141a05-3960-11ef-91fc-2906cc9fb6bc","away","GWD Minden","VfL Gummersbach",14,24,FALSE,1,NA,NA,0,0,0,NA,0,0,0,0,0,0,NA,NA,NA,NA,NA,NA,NA,NA,0,0,0,0,NA,NA,NA,NA,NA
"Martin Karcher","980f80ce-3955-11ef-8054-292be3190b7b",NA,NA,1971,"12/11/1971","81141a05-3960-11ef-91fc-2906cc9fb6bc","away","GWD Minden","VfL Gummersbach",14,24,FALSE,0,NA,NA,0,0,0,NA,0,0,0,0,0,0,NA,NA,NA,NA,NA,NA,NA,NA,0,0,0,0,NA,NA,NA,NA,NA
"Hans Kramer","98f50290-3955-11ef-8aa8-292be3190b7b",NA,NA,1971,"12/11/1971","81141a05-3960-11ef-91fc-2906cc9fb6bc","away","GWD Minden","VfL Gummersbach",14,24,FALSE,1,NA,NA,0,0,0,NA,0,0,0,0,0,0,NA,NA,NA,NA,NA,NA,NA,NA,0,0,0,0,NA,NA,NA,NA,NA
"Wilfried Meyer","a34b2aa0-3955-11ef-a79c-2510cc07ea6e",NA,NA,1971,"12/11/1971","81141a05-3960-11ef-91fc-2906cc9fb6bc","away","GWD Minden","VfL Gummersbach",14,24,FALSE,0,NA,NA,0,0,0,NA,0,0,0,0,0,0,NA,NA,NA,NA,NA,NA,NA,NA,0,0,0,0,NA,NA,NA,NA,NA
"Jobst-Erich Rehse","b00be251-3955-11ef-ac35-a36230ada079",NA,NA,1971,"12/11/1971","81141a05-3960-11ef-91fc-2906cc9fb6bc","away","GWD Minden","VfL Gummersbach",14,24,FALSE,2,NA,NA,0,0,0,NA,0,0,0,0,0,0,NA,NA,NA,NA,NA,NA,NA,NA,0,0,0,0,NA,NA,NA,NA,NA
"Bernd Munck","ba5ee5e3-3955-11ef-9f80-ab397f561917",NA,NA,1971,"12/11/1971","81141a05-3960-11ef-91fc-2906cc9fb6bc","away","GWD Minden","VfL Gummersbach",14,24,FALSE,3,NA,NA,0,0,0,NA,0,0,0,0,0,0,NA,NA,NA,NA,NA,NA,NA,NA,0,0,0,0,NA,NA,NA,NA,NA
"Wilfried Drögemeier","ba63ada7-3955-11ef-a04d-ab397f561917",NA,NA,1971,"12/11/1971","81141a05-3960-11ef-91fc-2906cc9fb6bc","away","GWD Minden","VfL Gummersbach",14,24,FALSE,0,NA,NA,0,0,0,NA,0,0,0,0,0,0,NA,NA,NA,NA,NA,NA,NA,NA,0,0,0,0,NA,NA,NA,NA,NA
"Klaus Barlach","bcee5b38-3955-11ef-a026-ab397f561917",NA,NA,1971,"12/11/1971","81141a05-3960-11ef-91fc-2906cc9fb6bc","away","GWD Minden","VfL Gummersbach",14,24,FALSE,0,NA,NA,0,0,0,NA,0,0,0,0,0,0,NA,NA,NA,NA,NA,NA,NA,NA,0,0,0,0,NA,NA,NA,NA,NA
"Otto Weng","bcfbec1c-3955-11ef-b4f4-ab397f561917",NA,NA,1971,"12/11/1971","81141a05-3960-11ef-91fc-2906cc9fb6bc","away","GWD Minden","VfL Gummersbach",14,24,FALSE,3,NA,NA,0,0,0,NA,0,0,0,0,0,0,NA,NA,NA,NA,NA,NA,NA,NA,0,0,0,0,NA,NA,NA,NA,NA
"Burkhard Krocker","bcffdc62-3955-11ef-b52a-ab397f561917",NA,NA,1971,"12/11/1971","81141a05-3960-11ef-91fc-2906cc9fb6bc","away","GWD Minden","VfL Gummersbach",14,24,FALSE,2,NA,NA,0,0,0,NA,0,0,0,0,0,0,NA,NA,NA,NA,NA,NA,NA,NA,0,0,0,0,NA,NA,NA,NA,NA
"Jürgen Buhrmester","c747ff25-3955-11ef-9695-157c9bc18a5f",NA,NA,1971,"12/11/1971","81141a05-3960-11ef-91fc-2906cc9fb6bc","away","GWD Minden","VfL Gummersbach",14,24,FALSE,2,NA,NA,0,0,0,NA,0,0,0,0,0,0,NA,NA,NA,NA,NA,NA,NA,NA,0,0,0,0,NA,NA,NA,NA,NA
"Manfred Horstkötter","c8a23936-3955-11ef-9884-157c9bc18a5f",NA,NA,1971,"12/11/1971","81141a05-3960-11ef-91fc-2906cc9fb6bc","away","GWD Minden","VfL Gummersbach",14,24,FALSE,0,NA,NA,0,0,0,NA,0,0,0,0,0,0,NA,NA,NA,NA,NA,NA,NA,NA,0,0,0,0,NA,NA,NA,NA,NA
"Herbert Rogge","b06614d7-3955-11ef-a43b-a36230ada079",NA,NA,1971,"12/11/1971","8456e43d-3960-11ef-afb3-2906cc9fb6bc","home","VfL Lübeck-Schwartau","SC Phönix Essen 1920",14,18,FALSE,0,NA,NA,0,0,0,NA,0,0,0,0,0,0,NA,NA,NA,NA,NA,NA,NA,NA,0,0,0,0,NA,NA,NA,NA,NA
"Ingo Callies","b0b0659b-3955-11ef-87aa-a36230ada079",NA,NA,1971,"12/11/1971","8456e43d-3960-11ef-afb3-2906cc9fb6bc","home","VfL Lübeck-Schwartau","SC Phönix Essen 1920",14,18,FALSE,6,NA,NA,0,0,2,NA,0,0,0,0,0,0,NA,NA,NA,NA,NA,NA,NA,NA,0,0,0,0,NA,NA,NA,NA,NA
"Michael Dogs","b0cecb4a-3955-11ef-b665-a36230ada079",NA,NA,1971,"12/11/1971","8456e43d-3960-11ef-afb3-2906cc9fb6bc","home","VfL Lübeck-Schwartau","SC Phönix Essen 1920",14,18,FALSE,0,NA,NA,0,0,0,NA,0,0,0,0,0,0,NA,NA,NA,NA,NA,NA,NA,NA,0,0,0,0,NA,NA,NA,NA,NA
"Joachim Römer","b0dcb8e7-3955-11ef-83ab-a36230ada079",NA,NA,1971,"12/11/1971","8456e43d-3960-11ef-afb3-2906cc9fb6bc","home","VfL Lübeck-Schwartau","SC Phönix Essen 1920",14,18,FALSE,2,NA,NA,0,0,1,NA,0,0,0,0,0,0,NA,NA,NA,NA,NA,NA,NA,NA,0,0,0,0,NA,NA,NA,NA,NA
"Peter Görtz","b0e9ae8f-3955-11ef-aa48-a36230ada079",NA,NA,1971,"12/11/1971","8456e43d-3960-11ef-afb3-2906cc9fb6bc","home","VfL Lübeck-Schwartau","SC Phönix Essen 1920",14,18,FALSE,4,NA,NA,0,0,1,NA,0,0,0,0,0,0,NA,NA,NA,NA,NA,NA,NA,NA,0,0,0,0,NA,NA,NA,NA,NA
"Ulrich Kleinstoll","b0f37438-3955-11ef-84e6-a36230ada079",NA,NA,1971,"12/11/1971","8456e43d-3960-11ef-afb3-2906cc9fb6bc","home","VfL Lübeck-Schwartau","SC Phönix Essen 1920",14,18,FALSE,0,NA,NA,0,0,0,NA,0,0,0,0,0,0,NA,NA,NA,NA,NA,NA,NA,NA,0,0,0,0,NA,NA,NA,NA,NA
"Hans-Martin Müller-Wolf","b1020054-3955-11ef-8e79-a36230ada079",NA,NA,1971,"12/11/1971","8456e43d-3960-11ef-afb3-2906cc9fb6bc","home","VfL Lübeck-Schwartau","SC Phönix Essen 1920",14,18,FALSE,0,NA,NA,0,0,0,NA,0,0,0,0,0,0,NA,NA,NA,NA,NA,NA,NA,NA,0,0,0,0,NA,NA,NA,NA,NA
"Geert Geusendam","baee7cab-3955-11ef-95ba-ab397f561917",NA,NA,1971,"12/11/1971","8456e43d-3960-11ef-afb3-2906cc9fb6bc","home","VfL Lübeck-Schwartau","SC Phönix Essen 1920",14,18,FALSE,0,NA,NA,0,0,0,NA,0,0,0,0,0,0,NA,NA,NA,NA,NA,NA,NA,NA,0,0,0,0,NA,NA,NA,NA,NA
"Georg Pohl","baff6cee-3955-11ef-a80f-ab397f561917",NA,NA,1971,"12/11/1971","8456e43d-3960-11ef-afb3-2906cc9fb6bc","home","VfL Lübeck-Schwartau","SC Phönix Essen 1920",14,18,FALSE,0,NA,NA,0,0,0,NA,0,0,0,0,0,0,NA,NA,NA,NA,NA,NA,NA,NA,0,0,0,0,NA,NA,NA,NA,NA
"Jochen Krummland","c7b078f7-3955-11ef-932e-157c9bc18a5f",NA,NA,1971,"12/11/1971","8456e43d-3960-11ef-afb3-2906cc9fb6bc","home","VfL Lübeck-Schwartau","SC Phönix Essen 1920",14,18,FALSE,1,NA,NA,0,0,0,NA,0,0,0,0,0,0,NA,NA,NA,NA,NA,NA,NA,NA,0,0,0,0,NA,NA,NA,NA,NA
"Björn Clausen","c7b94735-3955-11ef-b741-157c9bc18a5f",NA,NA,1971,"12/11/1971","8456e43d-3960-11ef-afb3-2906cc9fb6bc","home","VfL Lübeck-Schwartau","SC Phönix Essen 1920",14,18,FALSE,1,NA,NA,0,0,0,NA,0,0,0,0,0,0,NA,NA,NA,NA,NA,NA,NA,NA,0,0,0,0,NA,NA,NA,NA,NA
"Jochen Hoffmann","c7bdef38-3955-11ef-8b6c-157c9bc18a5f",NA,NA,1971,"12/11/1971","8456e43d-3960-11ef-afb3-2906cc9fb6bc","home","VfL Lübeck-Schwartau","SC Phönix Essen 1920",14,18,FALSE,0,NA,NA,0,0,0,NA,0,0,0,0,0,0,NA,NA,NA,NA,NA,NA,NA,NA,0,0,0,0,NA,NA,NA,NA,NA
"Ulrich Eikermann","73a211c9-3955-11ef-8f8f-51fdf2a82730",NA,NA,1971,"12/11/1971","8456e43d-3960-11ef-afb3-2906cc9fb6bc","away","SC Phönix Essen 1920","VfL Lübeck-Schwartau",18,14,TRUE,2,NA,NA,0,0,0,NA,0,0,0,0,0,0,NA,NA,NA,NA,NA,NA,NA,NA,0,0,0,0,NA,NA,NA,NA,NA
"Werner Kühn","a5a83923-3955-11ef-abc5-2510cc07ea6e",NA,NA,1971,"12/11/1971","8456e43d-3960-11ef-afb3-2906cc9fb6bc","away","SC Phönix Essen 1920","VfL Lübeck-Schwartau",18,14,TRUE,2,NA,NA,0,0,0,NA,0,0,0,0,0,0,NA,NA,NA,NA,NA,NA,NA,NA,0,0,0,0,NA,NA,NA,NA,NA
"Norbert Meister","a610e086-3955-11ef-bf85-2510cc07ea6e",NA,NA,1971,"12/11/1971","8456e43d-3960-11ef-afb3-2906cc9fb6bc","away","SC Phönix Essen 1920","VfL Lübeck-Schwartau",18,14,TRUE,0,NA,NA,0,0,0,NA,0,0,0,0,0,0,NA,NA,NA,NA,NA,NA,NA,NA,0,0,0,0,NA,NA,NA,NA,NA
"Rüdiger Hillebrand","b0c11a9c-3955-11ef-bf0d-a36230ada079",NA,NA,1971,"12/11/1971","8456e43d-3960-11ef-afb3-2906cc9fb6bc","away","SC Phönix Essen 1920","VfL Lübeck-Schwartau",18,14,TRUE,0,NA,NA,0,0,0,NA,0,0,0,0,0,0,NA,NA,NA,NA,NA,NA,NA,NA,0,0,0,0,NA,NA,NA,NA,NA
"Bernd Tolksdorf","bae02284-3955-11ef-b577-ab397f561917",NA,NA,1971,"12/11/1971","8456e43d-3960-11ef-afb3-2906cc9fb6bc","away","SC Phönix Essen 1920","VfL Lübeck-Schwartau",18,14,TRUE,0,NA,NA,0,0,0,NA,0,0,0,0,0,0,NA,NA,NA,NA,NA,NA,NA,NA,0,0,0,0,NA,NA,NA,NA,NA
"Klaus Kirschner","bae43a44-3955-11ef-ae7c-ab397f561917",NA,NA,1971,"12/11/1971","8456e43d-3960-11ef-afb3-2906cc9fb6bc","away","SC Phönix Essen 1920","VfL Lübeck-Schwartau",18,14,TRUE,1,NA,NA,0,0,0,NA,0,0,0,0,0,0,NA,NA,NA,NA,NA,NA,NA,NA,0,0,0,0,NA,NA,NA,NA,NA
"Norbert Kroker","bd441662-3955-11ef-b771-ab397f561917",NA,NA,1971,"12/11/1971","8456e43d-3960-11ef-afb3-2906cc9fb6bc","away","SC Phönix Essen 1920","VfL Lübeck-Schwartau",18,14,TRUE,6,NA,NA,0,0,1,NA,0,0,0,0,0,0,NA,NA,NA,NA,NA,NA,NA,NA,0,0,0,0,NA,NA,NA,NA,NA
"Andrija Kotlas","bde016f5-3955-11ef-b96c-ab397f561917",NA,NA,1971,"12/11/1971","8456e43d-3960-11ef-afb3-2906cc9fb6bc","away","SC Phönix Essen 1920","VfL Lübeck-Schwartau",18,14,TRUE,1,NA,NA,0,0,0,NA,0,0,0,0,0,0,NA,NA,NA,NA,NA,NA,NA,NA,0,0,0,0,NA,NA,NA,NA,NA
"Carl-Bernd Behler","c79d213f-3955-11ef-a773-157c9bc18a5f",NA,NA,1971,"12/11/1971","8456e43d-3960-11ef-afb3-2906cc9fb6bc","away","SC Phönix Essen 1920","VfL Lübeck-Schwartau",18,14,TRUE,1,NA,NA,0,0,0,NA,0,0,0,0,0,0,NA,NA,NA,NA,NA,NA,NA,NA,0,0,0,0,NA,NA,NA,NA,NA
"Ernst Weise","c90cdba3-3955-11ef-b068-157c9bc18a5f",NA,NA,1971,"12/11/1971","8456e43d-3960-11ef-afb3-2906cc9fb6bc","away","SC Phönix Essen 1920","VfL Lübeck-Schwartau",18,14,TRUE,5,NA,NA,0,0,0,NA,0,0,0,0,0,0,NA,NA,NA,NA,NA,NA,NA,NA,0,0,0,0,NA,NA,NA,NA,NA
"Jochen Generotzki","c918430a-3955-11ef-bc40-157c9bc18a5f",NA,NA,1971,"12/11/1971","8456e43d-3960-11ef-afb3-2906cc9fb6bc","away","SC Phönix Essen 1920","VfL Lübeck-Schwartau",18,14,TRUE,0,NA,NA,0,0,0,NA,0,0,0,0,0,0,NA,NA,NA,NA,NA,NA,NA,NA,0,0,0,0,NA,NA,NA,NA,NA
"Gerhard Gaiser","7fd4e3db-3955-11ef-b327-b908c60af10a",NA,NA,1971,"12/11/1971","858461bc-3960-11ef-8b77-2906cc9fb6bc","home","TSV 1896 Rintheim","TV Hochdorf",17,13,TRUE,3,NA,NA,0,0,0,NA,0,0,0,0,0,0,NA,NA,NA,NA,NA,NA,NA,NA,0,0,0,0,NA,NA,NA,NA,NA
"Wolf-Dieter Nagel","8d41486b-3955-11ef-8d22-81dc40648355",NA,NA,1971,"12/11/1971","858461bc-3960-11ef-8b77-2906cc9fb6bc","home","TSV 1896 Rintheim","TV Hochdorf",17,13,TRUE,4,NA,NA,0,0,2,NA,0,0,0,0,0,0,NA,NA,NA,NA,NA,NA,NA,NA,0,0,0,0,NA,NA,NA,NA,NA
"Franz Bechler","98035d7e-3955-11ef-8b94-292be3190b7b",NA,NA,1971,"12/11/1971","858461bc-3960-11ef-8b77-2906cc9fb6bc","home","TSV 1896 Rintheim","TV Hochdorf",17,13,TRUE,0,NA,NA,0,0,0,NA,0,0,0,0,0,0,NA,NA,NA,NA,NA,NA,NA,NA,0,0,0,0,NA,NA,NA,NA,NA
"Bernd Seibel","bc6670d9-3955-11ef-b849-ab397f561917",NA,NA,1971,"12/11/1971","858461bc-3960-11ef-8b77-2906cc9fb6bc","home","TSV 1896 Rintheim","TV Hochdorf",17,13,TRUE,2,NA,NA,0,0,0,NA,0,0,0,0,0,0,NA,NA,NA,NA,NA,NA,NA,NA,0,0,0,0,NA,NA,NA,NA,NA
"Wolfgang Dillenberger","bc6a40c8-3955-11ef-8c9f-ab397f561917",NA,NA,1971,"12/11/1971","858461bc-3960-11ef-8b77-2906cc9fb6bc","home","TSV 1896 Rintheim","TV Hochdorf",17,13,TRUE,3,NA,NA,0,0,0,NA,0,0,0,0,0,0,NA,NA,NA,NA,NA,NA,NA,NA,0,0,0,0,NA,NA,NA,NA,NA
"Richard Baumer","c6e9de45-3955-11ef-b5bf-157c9bc18a5f",NA,NA,1971,"12/11/1971","858461bc-3960-11ef-8b77-2906cc9fb6bc","home","TSV 1896 Rintheim","TV Hochdorf",17,13,TRUE,0,NA,NA,0,0,0,NA,0,0,0,0,0,0,NA,NA,NA,NA,NA,NA,NA,NA,0,0,0,0,NA,NA,NA,NA,NA
"Roland Schubach","c8722d8e-3955-11ef-b351-157c9bc18a5f",NA,NA,1971,"12/11/1971","858461bc-3960-11ef-8b77-2906cc9fb6bc","home","TSV 1896 Rintheim","TV Hochdorf",17,13,TRUE,0,NA,NA,0,0,0,NA,0,0,0,0,0,0,NA,NA,NA,NA,NA,NA,NA,NA,0,0,0,0,NA,NA,NA,NA,NA
"Siegfried Brabec","c87758a1-3955-11ef-9dbd-157c9bc18a5f",NA,NA,1971,"12/11/1971","858461bc-3960-11ef-8b77-2906cc9fb6bc","home","TSV 1896 Rintheim","TV Hochdorf",17,13,TRUE,2,NA,NA,0,0,0,NA,0,0,0,0,0,0,NA,NA,NA,NA,NA,NA,NA,NA,0,0,0,0,NA,NA,NA,NA,NA
"Josef Bechler","c88a53f3-3955-11ef-bd99-157c9bc18a5f",NA,NA,1971,"12/11/1971","858461bc-3960-11ef-8b77-2906cc9fb6bc","home","TSV 1896 Rintheim","TV Hochdorf",17,13,TRUE,3,NA,NA,0,0,0,NA,0,0,0,0,0,0,NA,NA,NA,NA,NA,NA,NA,NA,0,0,0,0,NA,NA,NA,NA,NA
"Rolf-Eberhard Jaeger","c9bde9a1-3955-11ef-9a50-157c9bc18a5f",NA,NA,1971,"12/11/1971","858461bc-3960-11ef-8b77-2906cc9fb6bc","home","TSV 1896 Rintheim","TV Hochdorf",17,13,TRUE,0,NA,NA,0,0,0,NA,0,0,0,0,0,0,NA,NA,NA,NA,NA,NA,NA,NA,0,0,0,0,NA,NA,NA,NA,NA
"Jürgen Hahn","ae947745-3955-11ef-bc54-a36230ada079",NA,NA,1971,"12/11/1971","858461bc-3960-11ef-8b77-2906cc9fb6bc","away","TV Hochdorf","TSV 1896 Rintheim",13,17,FALSE,1,NA,NA,0,0,0,NA,0,0,0,0,0,0,NA,NA,NA,NA,NA,NA,NA,NA,0,0,0,0,NA,NA,NA,NA,NA
"Wilfried Job","af3ed007-3955-11ef-9184-a36230ada079",NA,NA,1971,"12/11/1971","858461bc-3960-11ef-8b77-2906cc9fb6bc","away","TV Hochdorf","TSV 1896 Rintheim",13,17,FALSE,2,NA,NA,0,0,0,NA,0,0,0,0,0,0,NA,NA,NA,NA,NA,NA,NA,NA,0,0,0,0,NA,NA,NA,NA,NA
"Hans Stein","bde4861d-3955-11ef-a14e-ab397f561917",NA,NA,1971,"12/11/1971","858461bc-3960-11ef-8b77-2906cc9fb6bc","away","TV Hochdorf","TSV 1896 Rintheim",13,17,FALSE,0,NA,NA,0,0,0,NA,0,0,0,0,0,0,NA,NA,NA,NA,NA,NA,NA,NA,0,0,0,0,NA,NA,NA,NA,NA
"Hans Schmitz","c9354efe-3955-11ef-b77a-157c9bc18a5f",NA,NA,1971,"12/11/1971","858461bc-3960-11ef-8b77-2906cc9fb6bc","away","TV Hochdorf","TSV 1896 Rintheim",13,17,FALSE,0,NA,NA,0,0,0,NA,0,0,0,0,0,0,NA,NA,NA,NA,NA,NA,NA,NA,0,0,0,0,NA,NA,NA,NA,NA
"Werner Häfele","c9414487-3955-11ef-a5df-157c9bc18a5f",NA,NA,1971,"12/11/1971","858461bc-3960-11ef-8b77-2906cc9fb6bc","away","TV Hochdorf","TSV 1896 Rintheim",13,17,FALSE,3,NA,NA,0,0,0,NA,0,0,0,0,0,0,NA,NA,NA,NA,NA,NA,NA,NA,0,0,0,0,NA,NA,NA,NA,NA
"Willi Butz","c945a2f1-3955-11ef-8b53-157c9bc18a5f",NA,NA,1971,"12/11/1971","858461bc-3960-11ef-8b77-2906cc9fb6bc","away","TV Hochdorf","TSV 1896 Rintheim",13,17,FALSE,0,NA,NA,0,0,0,NA,0,0,0,0,0,0,NA,NA,NA,NA,NA,NA,NA,NA,0,0,0,0,NA,NA,NA,NA,NA
"Peter Frisch","c94a46b7-3955-11ef-8686-157c9bc18a5f",NA,NA,1971,"12/11/1971","858461bc-3960-11ef-8b77-2906cc9fb6bc","away","TV Hochdorf","TSV 1896 Rintheim",13,17,FALSE,0,NA,NA,0,0,0,NA,0,0,0,0,0,0,NA,NA,NA,NA,NA,NA,NA,NA,0,0,0,0,NA,NA,NA,NA,NA
"Werner Matill","c9539495-3955-11ef-9bff-157c9bc18a5f",NA,NA,1971,"12/11/1971","858461bc-3960-11ef-8b77-2906cc9fb6bc","away","TV Hochdorf","TSV 1896 Rintheim",13,17,FALSE,0,NA,NA,0,0,0,NA,0,0,0,0,0,0,NA,NA,NA,NA,NA,NA,NA,NA,0,0,0,0,NA,NA,NA,NA,NA
"Josef Ehmann","c957db2c-3955-11ef-b766-157c9bc18a5f",NA,NA,1971,"12/11/1971","858461bc-3960-11ef-8b77-2906cc9fb6bc","away","TV Hochdorf","TSV 1896 Rintheim",13,17,FALSE,1,NA,NA,0,0,0,NA,0,0,0,0,0,0,NA,NA,NA,NA,NA,NA,NA,NA,0,0,0,0,NA,NA,NA,NA,NA
"Peter Bucher","8e0071c9-3955-11ef-8ff8-81dc40648355",NA,NA,1971,"12/11/1971","8c16a4bb-3960-11ef-bf9d-9b08c5d4c173","home","FRISCH AUF! Göppingen","S3L Handball",24,20,TRUE,4,NA,NA,0,0,0,NA,0,0,0,0,0,0,NA,NA,NA,NA,NA,NA,NA,NA,0,0,0,0,NA,NA,NA,NA,NA
"Max Müller","99453a6b-3955-11ef-84c2-292be3190b7b",NA,NA,1971,"12/11/1971","8c16a4bb-3960-11ef-bf9d-9b08c5d4c173","home","FRISCH AUF! Göppingen","S3L Handball",24,20,TRUE,7,NA,NA,0,0,0,NA,0,0,0,0,0,0,NA,NA,NA,NA,NA,NA,NA,NA,0,0,0,0,NA,NA,NA,NA,NA
"Werner Fischer","af3a0885-3955-11ef-a884-a36230ada079",NA,NA,1971,"12/11/1971","8c16a4bb-3960-11ef-bf9d-9b08c5d4c173","home","FRISCH AUF! Göppingen","S3L Handball",24,20,TRUE,0,NA,NA,0,0,0,NA,0,0,0,0,0,0,NA,NA,NA,NA,NA,NA,NA,NA,0,0,0,0,NA,NA,NA,NA,NA
"Hans Brodbeck","b1f00cc3-3955-11ef-b4c9-a36230ada079",NA,NA,1971,"12/11/1971","8c16a4bb-3960-11ef-bf9d-9b08c5d4c173","home","FRISCH AUF! Göppingen","S3L Handball",24,20,TRUE,0,NA,NA,0,0,0,NA,0,0,0,0,0,0,NA,NA,NA,NA,NA,NA,NA,NA,0,0,0,0,NA,NA,NA,NA,NA
"Detlef Groß","b20edee3-3955-11ef-9e14-a36230ada079",NA,NA,1971,"12/11/1971","8c16a4bb-3960-11ef-bf9d-9b08c5d4c173","home","FRISCH AUF! Göppingen","S3L Handball",24,20,TRUE,0,NA,NA,0,0,0,NA,0,0,0,0,0,0,NA,NA,NA,NA,NA,NA,NA,NA,0,0,0,0,NA,NA,NA,NA,NA
"Paul Epple","bc8167af-3955-11ef-8748-ab397f561917",NA,NA,1971,"12/11/1971","8c16a4bb-3960-11ef-bf9d-9b08c5d4c173","home","FRISCH AUF! Göppingen","S3L Handball",24,20,TRUE,4,NA,NA,0,0,1,NA,0,0,0,0,0,0,NA,NA,NA,NA,NA,NA,NA,NA,0,0,0,0,NA,NA,NA,NA,NA
"Walter Pflüger","bc85cdbc-3955-11ef-8e24-ab397f561917",NA,NA,1971,"12/11/1971","8c16a4bb-3960-11ef-bf9d-9b08c5d4c173","home","FRISCH AUF! Göppingen","S3L Handball",24,20,TRUE,1,NA,NA,0,0,0,NA,0,0,0,0,0,0,NA,NA,NA,NA,NA,NA,NA,NA,0,0,0,0,NA,NA,NA,NA,NA
"Werner Arndt","c71116e0-3955-11ef-85d3-157c9bc18a5f",NA,NA,1971,"12/11/1971","8c16a4bb-3960-11ef-bf9d-9b08c5d4c173","home","FRISCH AUF! Göppingen","S3L Handball",24,20,TRUE,2,NA,NA,0,0,0,NA,0,0,0,0,0,0,NA,NA,NA,NA,NA,NA,NA,NA,0,0,0,0,NA,NA,NA,NA,NA
"Christian Patzer","c715a1de-3955-11ef-bc54-157c9bc18a5f",NA,NA,1971,"12/11/1971","8c16a4bb-3960-11ef-bf9d-9b08c5d4c173","home","FRISCH AUF! Göppingen","S3L Handball",24,20,TRUE,6,NA,NA,0,0,0,NA,0,0,0,0,0,0,NA,NA,NA,NA,NA,NA,NA,NA,0,0,0,0,NA,NA,NA,NA,NA
"Armin Eisele","c9cc4c1b-3955-11ef-9f9f-157c9bc18a5f",NA,NA,1971,"12/11/1971","8c16a4bb-3960-11ef-bf9d-9b08c5d4c173","home","FRISCH AUF! Göppingen","S3L Handball",24,20,TRUE,0,NA,NA,0,0,0,NA,0,0,0,0,0,0,NA,NA,NA,NA,NA,NA,NA,NA,0,0,0,0,NA,NA,NA,NA,NA
"Günter Schweikardt","d3e60b79-3953-11ef-9e8c-e3f2de03a1b7",NA,NA,1971,"12/11/1971","8c16a4bb-3960-11ef-bf9d-9b08c5d4c173","home","FRISCH AUF! Göppingen","S3L Handball",24,20,TRUE,0,NA,NA,0,0,0,NA,0,0,0,0,0,0,NA,NA,NA,NA,NA,NA,NA,NA,0,0,0,0,NA,NA,NA,NA,NA
"Manfred Schulz","8bc2b5ea-3955-11ef-8d03-81dc40648355",NA,NA,1971,"12/11/1971","8c16a4bb-3960-11ef-bf9d-9b08c5d4c173","away","S3L Handball","FRISCH AUF! Göppingen",20,24,FALSE,0,NA,NA,0,0,0,NA,0,0,0,0,0,0,NA,NA,NA,NA,NA,NA,NA,NA,0,0,0,0,NA,NA,NA,NA,NA
"Alfred Schmitt","a25e1dab-3955-11ef-b412-2510cc07ea6e",NA,NA,1971,"12/11/1971","8c16a4bb-3960-11ef-bf9d-9b08c5d4c173","away","S3L Handball","FRISCH AUF! Göppingen",20,24,FALSE,0,NA,NA,0,0,0,NA,0,0,0,0,0,0,NA,NA,NA,NA,NA,NA,NA,NA,0,0,0,0,NA,NA,NA,NA,NA
"Georg Fitz","ae68320c-3955-11ef-89fa-a36230ada079",NA,NA,1971,"12/11/1971","8c16a4bb-3960-11ef-bf9d-9b08c5d4c173","away","S3L Handball","FRISCH AUF! Göppingen",20,24,FALSE,2,NA,NA,0,0,0,NA,0,0,0,0,0,0,NA,NA,NA,NA,NA,NA,NA,NA,0,0,0,0,NA,NA,NA,NA,NA
"Rolf Kuchenbecker","ae99100e-3955-11ef-9c32-a36230ada079",NA,NA,1971,"12/11/1971","8c16a4bb-3960-11ef-bf9d-9b08c5d4c173","away","S3L Handball","FRISCH AUF! Göppingen",20,24,FALSE,4,NA,NA,0,0,0,NA,0,0,0,0,0,0,NA,NA,NA,NA,NA,NA,NA,NA,0,0,0,0,NA,NA,NA,NA,NA
"Hansjörg Jäck","b166bd31-3955-11ef-bed1-a36230ada079",NA,NA,1971,"12/11/1971","8c16a4bb-3960-11ef-bf9d-9b08c5d4c173","away","S3L Handball","FRISCH AUF! Göppingen",20,24,FALSE,0,NA,NA,0,0,0,NA,0,0,0,0,0,0,NA,NA,NA,NA,NA,NA,NA,NA,0,0,0,0,NA,NA,NA,NA,NA
"Markus Hädrich","ba389acc-3955-11ef-8b9d-ab397f561917",NA,NA,1971,"12/11/1971","8c16a4bb-3960-11ef-bf9d-9b08c5d4c173","away","S3L Handball","FRISCH AUF! Göppingen",20,24,FALSE,0,NA,NA,0,0,0,NA,0,0,0,0,0,0,NA,NA,NA,NA,NA,NA,NA,NA,0,0,0,0,NA,NA,NA,NA,NA
"Werner Pruscha","bb9c8e56-3955-11ef-ac18-ab397f561917",NA,NA,1971,"12/11/1971","8c16a4bb-3960-11ef-bf9d-9b08c5d4c173","away","S3L Handball","FRISCH AUF! Göppingen",20,24,FALSE,2,NA,NA,0,0,0,NA,0,0,0,0,0,0,NA,NA,NA,NA,NA,NA,NA,NA,0,0,0,0,NA,NA,NA,NA,NA
"Wolfhardt Bühler","bba2fc92-3955-11ef-a8d6-ab397f561917",NA,NA,1971,"12/11/1971","8c16a4bb-3960-11ef-bf9d-9b08c5d4c173","away","S3L Handball","FRISCH AUF! Göppingen",20,24,FALSE,1,NA,NA,0,0,0,NA,0,0,0,0,0,0,NA,NA,NA,NA,NA,NA,NA,NA,0,0,0,0,NA,NA,NA,NA,NA
"Arno Schandin","bded1584-3955-11ef-8a76-ab397f561917",NA,NA,1971,"12/11/1971","8c16a4bb-3960-11ef-bf9d-9b08c5d4c173","away","S3L Handball","FRISCH AUF! Göppingen",20,24,FALSE,4,NA,NA,0,0,3,NA,0,0,0,0,0,0,NA,NA,NA,NA,NA,NA,NA,NA,0,0,0,0,NA,NA,NA,NA,NA
"Herbert Hönnige","c7e7cc14-3955-11ef-af0e-157c9bc18a5f",NA,NA,1971,"12/11/1971","8c16a4bb-3960-11ef-bf9d-9b08c5d4c173","away","S3L Handball","FRISCH AUF! Göppingen",20,24,FALSE,3,NA,NA,0,0,0,NA,0,0,0,0,0,0,NA,NA,NA,NA,NA,NA,NA,NA,0,0,0,0,NA,NA,NA,NA,NA
"Jürgen Plambeck","c95d267b-3955-11ef-9a98-157c9bc18a5f",NA,NA,1971,"12/11/1971","8c16a4bb-3960-11ef-bf9d-9b08c5d4c173","away","S3L Handball","FRISCH AUF! Göppingen",20,24,FALSE,4,NA,NA,0,0,0,NA,0,0,0,0,0,0,NA,NA,NA,NA,NA,NA,NA,NA,0,0,0,0,NA,NA,NA,NA,NA
"Rolf Seltner","c96574fc-3955-11ef-a37f-157c9bc18a5f",NA,NA,1971,"12/11/1971","8c16a4bb-3960-11ef-bf9d-9b08c5d4c173","away","S3L Handball","FRISCH AUF! Göppingen",20,24,FALSE,0,NA,NA,0,0,0,NA,0,0,0,0,0,0,NA,NA,NA,NA,NA,NA,NA,NA,0,0,0,0,NA,NA,NA,NA,NA
"Wolfgang Stolz","999eb14b-3955-11ef-bbce-292be3190b7b",NA,NA,1971,"12/11/1971","8cbcc51a-3960-11ef-b591-9b08c5d4c173","home","SpVgg 1887 Möhringen","TV Großwallstadt",16,21,FALSE,2,NA,NA,0,0,0,NA,0,0,0,0,0,0,NA,NA,NA,NA,NA,NA,NA,NA,0,0,0,0,NA,NA,NA,NA,NA
"Hermann Mäurle","a44f95e3-3955-11ef-b53d-2510cc07ea6e",NA,NA,1971,"12/11/1971","8cbcc51a-3960-11ef-b591-9b08c5d4c173","home","SpVgg 1887 Möhringen","TV Großwallstadt",16,21,FALSE,4,NA,NA,0,0,0,NA,0,0,0,0,0,0,NA,NA,NA,NA,NA,NA,NA,NA,0,0,0,0,NA,NA,NA,NA,NA
"Wolf-Dieter Rösner","c82bae19-3955-11ef-a06e-157c9bc18a5f",NA,NA,1971,"12/11/1971","8cbcc51a-3960-11ef-b591-9b08c5d4c173","home","SpVgg 1887 Möhringen","TV Großwallstadt",16,21,FALSE,0,NA,NA,0,0,0,NA,0,0,0,0,0,0,NA,NA,NA,NA,NA,NA,NA,NA,0,0,0,0,NA,NA,NA,NA,NA
"Manfred Schreiber","c83032c3-3955-11ef-80c1-157c9bc18a5f",NA,NA,1971,"12/11/1971","8cbcc51a-3960-11ef-b591-9b08c5d4c173","home","SpVgg 1887 Möhringen","TV Großwallstadt",16,21,FALSE,0,NA,NA,0,0,0,NA,0,0,0,0,0,0,NA,NA,NA,NA,NA,NA,NA,NA,0,0,0,0,NA,NA,NA,NA,NA
"Karl-Heinz Wolf","c8354cdd-3955-11ef-a1d6-157c9bc18a5f",NA,NA,1971,"12/11/1971","8cbcc51a-3960-11ef-b591-9b08c5d4c173","home","SpVgg 1887 Möhringen","TV Großwallstadt",16,21,FALSE,0,NA,NA,0,0,0,NA,0,0,0,0,0,0,NA,NA,NA,NA,NA,NA,NA,NA,0,0,0,0,NA,NA,NA,NA,NA
"Gerd-Volker Stock","c8397c3c-3955-11ef-af12-157c9bc18a5f",NA,NA,1971,"12/11/1971","8cbcc51a-3960-11ef-b591-9b08c5d4c173","home","SpVgg 1887 Möhringen","TV Großwallstadt",16,21,FALSE,1,NA,NA,0,0,0,NA,0,0,0,0,0,0,NA,NA,NA,NA,NA,NA,NA,NA,0,0,0,0,NA,NA,NA,NA,NA
"Dieter Schuh","c84c4c54-3955-11ef-9d35-157c9bc18a5f",NA,NA,1971,"12/11/1971","8cbcc51a-3960-11ef-b591-9b08c5d4c173","home","SpVgg 1887 Möhringen","TV Großwallstadt",16,21,FALSE,0,NA,NA,0,0,0,NA,0,0,0,0,0,0,NA,NA,NA,NA,NA,NA,NA,NA,0,0,0,0,NA,NA,NA,NA,NA
"Lothar Scheffel","c850996c-3955-11ef-94a7-157c9bc18a5f",NA,NA,1971,"12/11/1971","8cbcc51a-3960-11ef-b591-9b08c5d4c173","home","SpVgg 1887 Möhringen","TV Großwallstadt",16,21,FALSE,0,NA,NA,0,0,0,NA,0,0,0,0,0,0,NA,NA,NA,NA,NA,NA,NA,NA,0,0,0,0,NA,NA,NA,NA,NA
"Robert Bach","c85fda21-3955-11ef-9bd8-157c9bc18a5f",NA,NA,1971,"12/11/1971","8cbcc51a-3960-11ef-b591-9b08c5d4c173","home","SpVgg 1887 Möhringen","TV Großwallstadt",16,21,FALSE,1,NA,NA,0,0,0,NA,0,0,0,0,0,0,NA,NA,NA,NA,NA,NA,NA,NA,0,0,0,0,NA,NA,NA,NA,NA
"Karl-Heinz Steinbach","c864fc61-3955-11ef-bc13-157c9bc18a5f",NA,NA,1971,"12/11/1971","8cbcc51a-3960-11ef-b591-9b08c5d4c173","home","SpVgg 1887 Möhringen","TV Großwallstadt",16,21,FALSE,3,NA,NA,0,0,0,NA,0,0,0,0,0,0,NA,NA,NA,NA,NA,NA,NA,NA,0,0,0,0,NA,NA,NA,NA,NA
"Wolfgang Schall","c869381d-3955-11ef-a2ed-157c9bc18a5f",NA,NA,1971,"12/11/1971","8cbcc51a-3960-11ef-b591-9b08c5d4c173","home","SpVgg 1887 Möhringen","TV Großwallstadt",16,21,FALSE,4,NA,NA,0,0,1,NA,0,0,0,0,0,0,NA,NA,NA,NA,NA,NA,NA,NA,0,0,0,0,NA,NA,NA,NA,NA
"Günter Heger","c9b80786-3955-11ef-80ae-157c9bc18a5f",NA,NA,1971,"12/11/1971","8cbcc51a-3960-11ef-b591-9b08c5d4c173","home","SpVgg 1887 Möhringen","TV Großwallstadt",16,21,FALSE,1,NA,NA,0,0,0,NA,0,0,0,0,0,0,NA,NA,NA,NA,NA,NA,NA,NA,0,0,0,0,NA,NA,NA,NA,NA
"Manfred Hofmann","6855eb0b-3955-11ef-8cb3-292be3190b7b",NA,NA,1971,"12/11/1971","8cbcc51a-3960-11ef-b591-9b08c5d4c173","away","TV Großwallstadt","SpVgg 1887 Möhringen",21,16,TRUE,0,NA,NA,0,0,0,NA,0,0,0,0,0,0,NA,NA,NA,NA,NA,NA,NA,NA,0,0,0,0,NA,NA,NA,NA,NA
"Manfred Schwarz","96d98e53-3955-11ef-a3c9-292be3190b7b",NA,NA,1971,"12/11/1971","8cbcc51a-3960-11ef-b591-9b08c5d4c173","away","TV Großwallstadt","SpVgg 1887 Möhringen",21,16,TRUE,0,NA,NA,0,0,0,NA,0,0,0,0,0,0,NA,NA,NA,NA,NA,NA,NA,NA,0,0,0,0,NA,NA,NA,NA,NA
"Wolfgang Dümig","978dc3fc-3955-11ef-b042-292be3190b7b",NA,NA,1971,"12/11/1971","8cbcc51a-3960-11ef-b591-9b08c5d4c173","away","TV Großwallstadt","SpVgg 1887 Möhringen",21,16,TRUE,0,NA,NA,0,0,0,NA,0,0,0,0,0,0,NA,NA,NA,NA,NA,NA,NA,NA,0,0,0,0,NA,NA,NA,NA,NA
"Eckhardt Suffel","aeac0503-3955-11ef-88c6-a36230ada079",NA,NA,1971,"12/11/1971","8cbcc51a-3960-11ef-b591-9b08c5d4c173","away","TV Großwallstadt","SpVgg 1887 Möhringen",21,16,TRUE,2,NA,NA,0,0,0,NA,0,0,0,0,0,0,NA,NA,NA,NA,NA,NA,NA,NA,0,0,0,0,NA,NA,NA,NA,NA
"Peter Kuß","bbc18adb-3955-11ef-a5f7-ab397f561917",NA,NA,1971,"12/11/1971","8cbcc51a-3960-11ef-b591-9b08c5d4c173","away","TV Großwallstadt","SpVgg 1887 Möhringen",21,16,TRUE,5,NA,NA,0,0,0,NA,0,0,0,0,0,0,NA,NA,NA,NA,NA,NA,NA,NA,0,0,0,0,NA,NA,NA,NA,NA
"Werner Lemmert","be0e2c8d-3955-11ef-82a6-ab397f561917",NA,NA,1971,"12/11/1971","8cbcc51a-3960-11ef-b591-9b08c5d4c173","away","TV Großwallstadt","SpVgg 1887 Möhringen",21,16,TRUE,8,NA,NA,0,0,0,NA,0,0,0,0,0,0,NA,NA,NA,NA,NA,NA,NA,NA,0,0,0,0,NA,NA,NA,NA,NA
"Josef Karrer","be167639-3955-11ef-ac70-ab397f561917",NA,NA,1971,"12/11/1971","8cbcc51a-3960-11ef-b591-9b08c5d4c173","away","TV Großwallstadt","SpVgg 1887 Möhringen",21,16,TRUE,2,NA,NA,0,0,0,NA,0,0,0,0,0,0,NA,NA,NA,NA,NA,NA,NA,NA,0,0,0,0,NA,NA,NA,NA,NA
"Arthur Lichtlein","c7f5ba49-3955-11ef-827c-157c9bc18a5f",NA,NA,1971,"12/11/1971","8cbcc51a-3960-11ef-b591-9b08c5d4c173","away","TV Großwallstadt","SpVgg 1887 Möhringen",21,16,TRUE,0,NA,NA,0,0,0,NA,0,0,0,0,0,0,NA,NA,NA,NA,NA,NA,NA,NA,0,0,0,0,NA,NA,NA,NA,NA
"Klaus Klühspies","c9723883-3955-11ef-b2da-157c9bc18a5f",NA,NA,1971,"12/11/1971","8cbcc51a-3960-11ef-b591-9b08c5d4c173","away","TV Großwallstadt","SpVgg 1887 Möhringen",21,16,TRUE,2,NA,NA,0,0,0,NA,0,0,0,0,0,0,NA,NA,NA,NA,NA,NA,NA,NA,0,0,0,0,NA,NA,NA,NA,NA
"Hans Amberg","c976a145-3955-11ef-9331-157c9bc18a5f",NA,NA,1971,"12/11/1971","8cbcc51a-3960-11ef-b591-9b08c5d4c173","away","TV Großwallstadt","SpVgg 1887 Möhringen",21,16,TRUE,2,NA,NA,0,0,0,NA,0,0,0,0,0,0,NA,NA,NA,NA,NA,NA,NA,NA,0,0,0,0,NA,NA,NA,NA,NA
"Peter Pickel","8c973b42-3955-11ef-8c71-81dc40648355",NA,NA,1971,"12/12/1971","8300e605-3960-11ef-9d7b-2906cc9fb6bc","home","Hamburger SV","THW Kiel",10,9,TRUE,1,NA,NA,0,0,1,NA,0,0,0,0,0,0,NA,NA,NA,NA,NA,NA,NA,NA,0,0,0,0,NA,NA,NA,NA,NA
"Diethard Finkelmann","a60bdcf9-3955-11ef-bfa1-2510cc07ea6e",NA,NA,1971,"12/12/1971","8300e605-3960-11ef-9d7b-2906cc9fb6bc","home","Hamburger SV","THW Kiel",10,9,TRUE,0,NA,NA,0,0,0,NA,0,0,0,0,0,0,NA,NA,NA,NA,NA,NA,NA,NA,0,0,0,0,NA,NA,NA,NA,NA
"Hans-Jürgen Bode","b011e6da-3955-11ef-8205-a36230ada079",NA,NA,1971,"12/12/1971","8300e605-3960-11ef-9d7b-2906cc9fb6bc","home","Hamburger SV","THW Kiel",10,9,TRUE,0,NA,NA,0,0,0,NA,0,0,0,0,0,0,NA,NA,NA,NA,NA,NA,NA,NA,0,0,0,0,NA,NA,NA,NA,NA
"Herbert Niemeier","b0163f16-3955-11ef-ae9e-a36230ada079",NA,NA,1971,"12/12/1971","8300e605-3960-11ef-9d7b-2906cc9fb6bc","home","Hamburger SV","THW Kiel",10,9,TRUE,0,NA,NA,0,0,0,NA,0,0,0,0,0,0,NA,NA,NA,NA,NA,NA,NA,NA,0,0,0,0,NA,NA,NA,NA,NA
"Jens Ivers","b02f4aea-3955-11ef-801e-a36230ada079",NA,NA,1971,"12/12/1971","8300e605-3960-11ef-9d7b-2906cc9fb6bc","home","Hamburger SV","THW Kiel",10,9,TRUE,0,NA,NA,0,0,0,NA,0,0,0,0,0,0,NA,NA,NA,NA,NA,NA,NA,NA,0,0,0,0,NA,NA,NA,NA,NA
"Hans-Joachim Beißel","b0341bcb-3955-11ef-9e08-a36230ada079",NA,NA,1971,"12/12/1971","8300e605-3960-11ef-9d7b-2906cc9fb6bc","home","Hamburger SV","THW Kiel",10,9,TRUE,1,NA,NA,0,0,0,NA,0,0,0,0,0,0,NA,NA,NA,NA,NA,NA,NA,NA,0,0,0,0,NA,NA,NA,NA,NA
"Norbert Germer","b03f8101-3955-11ef-8945-a36230ada079",NA,NA,1971,"12/12/1971","8300e605-3960-11ef-9d7b-2906cc9fb6bc","home","Hamburger SV","THW Kiel",10,9,TRUE,3,NA,NA,0,0,0,NA,0,0,0,0,0,0,NA,NA,NA,NA,NA,NA,NA,NA,0,0,0,0,NA,NA,NA,NA,NA
"Siegfried Berg","b10d3ec3-3955-11ef-8a30-a36230ada079",NA,NA,1971,"12/12/1971","8300e605-3960-11ef-9d7b-2906cc9fb6bc","home","Hamburger SV","THW Kiel",10,9,TRUE,3,NA,NA,0,0,2,NA,0,0,0,0,0,0,NA,NA,NA,NA,NA,NA,NA,NA,0,0,0,0,NA,NA,NA,NA,NA
"Wolfgang Braun","b1a4c388-3955-11ef-92b7-a36230ada079",NA,NA,1971,"12/12/1971","8300e605-3960-11ef-9d7b-2906cc9fb6bc","home","Hamburger SV","THW Kiel",10,9,TRUE,1,NA,NA,0,0,0,NA,0,0,0,0,0,0,NA,NA,NA,NA,NA,NA,NA,NA,0,0,0,0,NA,NA,NA,NA,NA
"Bernd Heiden","baf62966-3955-11ef-b7e1-ab397f561917",NA,NA,1971,"12/12/1971","8300e605-3960-11ef-9d7b-2906cc9fb6bc","home","Hamburger SV","THW Kiel",10,9,TRUE,0,NA,NA,0,0,0,NA,0,0,0,0,0,0,NA,NA,NA,NA,NA,NA,NA,NA,0,0,0,0,NA,NA,NA,NA,NA
"Klaus Lange","bafb51f3-3955-11ef-9864-ab397f561917",NA,NA,1971,"12/12/1971","8300e605-3960-11ef-9d7b-2906cc9fb6bc","home","Hamburger SV","THW Kiel",10,9,TRUE,1,NA,NA,0,0,0,NA,0,0,0,0,0,0,NA,NA,NA,NA,NA,NA,NA,NA,0,0,0,0,NA,NA,NA,NA,NA
"Gerd Welz","98273a90-3955-11ef-a3a2-292be3190b7b",NA,NA,1971,"12/12/1971","8300e605-3960-11ef-9d7b-2906cc9fb6bc","away","THW Kiel","Hamburger SV",9,10,FALSE,0,NA,NA,0,0,0,NA,0,0,0,0,0,0,NA,NA,NA,NA,NA,NA,NA,NA,0,0,0,0,NA,NA,NA,NA,NA
"Volker Harbs","9995a6f3-3955-11ef-b74f-292be3190b7b",NA,NA,1971,"12/12/1971","8300e605-3960-11ef-9d7b-2906cc9fb6bc","away","THW Kiel","Hamburger SV",9,10,FALSE,0,NA,NA,0,0,0,NA,0,0,0,0,0,0,NA,NA,NA,NA,NA,NA,NA,NA,0,0,0,0,NA,NA,NA,NA,NA
"Ingo Schütz","ae3ef1e3-3955-11ef-8b16-a36230ada079",NA,NA,1971,"12/12/1971","8300e605-3960-11ef-9d7b-2906cc9fb6bc","away","THW Kiel","Hamburger SV",9,10,FALSE,0,NA,NA,0,0,0,NA,0,0,0,0,0,0,NA,NA,NA,NA,NA,NA,NA,NA,0,0,0,0,NA,NA,NA,NA,NA
"Peter Prehn","b073ee0a-3955-11ef-8404-a36230ada079",NA,NA,1971,"12/12/1971","8300e605-3960-11ef-9d7b-2906cc9fb6bc","away","THW Kiel","Hamburger SV",9,10,FALSE,0,NA,NA,0,0,0,NA,0,0,0,0,0,0,NA,NA,NA,NA,NA,NA,NA,NA,0,0,0,0,NA,NA,NA,NA,NA
"Peter Werk","b0784d6e-3955-11ef-9a85-a36230ada079",NA,NA,1971,"12/12/1971","8300e605-3960-11ef-9d7b-2906cc9fb6bc","away","THW Kiel","Hamburger SV",9,10,FALSE,0,NA,NA,0,0,0,NA,0,0,0,0,0,0,NA,NA,NA,NA,NA,NA,NA,NA,0,0,0,0,NA,NA,NA,NA,NA
"Herwig Ahrendsen","b143192b-3955-11ef-bef0-a36230ada079",NA,NA,1971,"12/12/1971","8300e605-3960-11ef-9d7b-2906cc9fb6bc","away","THW Kiel","Hamburger SV",9,10,FALSE,2,NA,NA,0,0,0,NA,0,0,0,0,0,0,NA,NA,NA,NA,NA,NA,NA,NA,0,0,0,0,NA,NA,NA,NA,NA
"Bernd Nielsen","b1480d2c-3955-11ef-8563-a36230ada079",NA,NA,1971,"12/12/1971","8300e605-3960-11ef-9d7b-2906cc9fb6bc","away","THW Kiel","Hamburger SV",9,10,FALSE,6,NA,NA,0,0,3,NA,0,0,0,0,0,0,NA,NA,NA,NA,NA,NA,NA,NA,0,0,0,0,NA,NA,NA,NA,NA
"Hartwig Moll","b14ce7d8-3955-11ef-8cb5-a36230ada079",NA,NA,1971,"12/12/1971","8300e605-3960-11ef-9d7b-2906cc9fb6bc","away","THW Kiel","Hamburger SV",9,10,FALSE,0,NA,NA,0,0,0,NA,0,0,0,0,0,0,NA,NA,NA,NA,NA,NA,NA,NA,0,0,0,0,NA,NA,NA,NA,NA
"Rainer Voigt","c7c742a9-3955-11ef-b542-157c9bc18a5f",NA,NA,1971,"12/12/1971","8300e605-3960-11ef-9d7b-2906cc9fb6bc","away","THW Kiel","Hamburger SV",9,10,FALSE,0,NA,NA,0,0,0,NA,0,0,0,0,0,0,NA,NA,NA,NA,NA,NA,NA,NA,0,0,0,0,NA,NA,NA,NA,NA
"Dieter Baguhn","c7cbf017-3955-11ef-b1f7-157c9bc18a5f",NA,NA,1971,"12/12/1971","8300e605-3960-11ef-9d7b-2906cc9fb6bc","away","THW Kiel","Hamburger SV",9,10,FALSE,1,NA,NA,0,0,0,NA,0,0,0,0,0,0,NA,NA,NA,NA,NA,NA,NA,NA,0,0,0,0,NA,NA,NA,NA,NA
"Bernd Struck","c7d4c3a5-3955-11ef-a743-157c9bc18a5f",NA,NA,1971,"12/12/1971","8300e605-3960-11ef-9d7b-2906cc9fb6bc","away","THW Kiel","Hamburger SV",9,10,FALSE,0,NA,NA,0,0,0,NA,0,0,0,0,0,0,NA,NA,NA,NA,NA,NA,NA,NA,0,0,0,0,NA,NA,NA,NA,NA
"Karl-Heinz Schulz","72847241-3955-11ef-8bd4-51fdf2a82730",NA,NA,1971,"12/12/1971","83b052c1-3960-11ef-b80f-2906cc9fb6bc","home","TuS 05 Wellinghofen","TSB Flensburg",23,14,TRUE,1,NA,NA,0,0,0,NA,0,0,0,0,0,0,NA,NA,NA,NA,NA,NA,NA,NA,0,0,0,0,NA,NA,NA,NA,NA
"Hans-Jürgen Zick","8d67d76a-3955-11ef-8956-81dc40648355",NA,NA,1971,"12/12/1971","83b052c1-3960-11ef-b80f-2906cc9fb6bc","home","TuS 05 Wellinghofen","TSB Flensburg",23,14,TRUE,0,NA,NA,0,0,0,NA,0,0,0,0,0,0,NA,NA,NA,NA,NA,NA,NA,NA,0,0,0,0,NA,NA,NA,NA,NA
"Heiner Möller","8d7571e4-3955-11ef-b1d3-81dc40648355",NA,NA,1971,"12/12/1971","83b052c1-3960-11ef-b80f-2906cc9fb6bc","home","TuS 05 Wellinghofen","TSB Flensburg",23,14,TRUE,9,NA,NA,0,0,0,NA,0,0,0,0,0,0,NA,NA,NA,NA,NA,NA,NA,NA,0,0,0,0,NA,NA,NA,NA,NA
"Hans-Peter Neuhaus","8d9d3887-3955-11ef-80a3-81dc40648355",NA,NA,1971,"12/12/1971","83b052c1-3960-11ef-b80f-2906cc9fb6bc","home","TuS 05 Wellinghofen","TSB Flensburg",23,14,TRUE,2,NA,NA,0,0,0,NA,0,0,0,0,0,0,NA,NA,NA,NA,NA,NA,NA,NA,0,0,0,0,NA,NA,NA,NA,NA
"Rainer Gosewinkel","a4d61156-3955-11ef-8406-2510cc07ea6e",NA,NA,1971,"12/12/1971","83b052c1-3960-11ef-b80f-2906cc9fb6bc","home","TuS 05 Wellinghofen","TSB Flensburg",23,14,TRUE,4,NA,NA,0,0,0,NA,0,0,0,0,0,0,NA,NA,NA,NA,NA,NA,NA,NA,0,0,0,0,NA,NA,NA,NA,NA
"Klaus Erwe","a4f54a19-3955-11ef-b48a-2510cc07ea6e",NA,NA,1971,"12/12/1971","83b052c1-3960-11ef-b80f-2906cc9fb6bc","home","TuS 05 Wellinghofen","TSB Flensburg",23,14,TRUE,1,NA,NA,0,0,0,NA,0,0,0,0,0,0,NA,NA,NA,NA,NA,NA,NA,NA,0,0,0,0,NA,NA,NA,NA,NA
"Burkhard Gröning","a52c6e4f-3955-11ef-a576-2510cc07ea6e",NA,NA,1971,"12/12/1971","83b052c1-3960-11ef-b80f-2906cc9fb6bc","home","TuS 05 Wellinghofen","TSB Flensburg",23,14,TRUE,4,NA,NA,0,0,0,NA,0,0,0,0,0,0,NA,NA,NA,NA,NA,NA,NA,NA,0,0,0,0,NA,NA,NA,NA,NA
"Klaus Tiews","a531838f-3955-11ef-8e99-2510cc07ea6e",NA,NA,1971,"12/12/1971","83b052c1-3960-11ef-b80f-2906cc9fb6bc","home","TuS 05 Wellinghofen","TSB Flensburg",23,14,TRUE,0,NA,NA,0,0,0,NA,0,0,0,0,0,0,NA,NA,NA,NA,NA,NA,NA,NA,0,0,0,0,NA,NA,NA,NA,NA
"Heinz Oberscheidt","a5ae94f2-3955-11ef-91fc-2510cc07ea6e",NA,NA,1971,"12/12/1971","83b052c1-3960-11ef-b80f-2906cc9fb6bc","home","TuS 05 Wellinghofen","TSB Flensburg",23,14,TRUE,1,NA,NA,0,0,0,NA,0,0,0,0,0,0,NA,NA,NA,NA,NA,NA,NA,NA,0,0,0,0,NA,NA,NA,NA,NA
"Burkhardt Eckardt","c76d08cb-3955-11ef-8fa7-157c9bc18a5f",NA,NA,1971,"12/12/1971","83b052c1-3960-11ef-b80f-2906cc9fb6bc","home","TuS 05 Wellinghofen","TSB Flensburg",23,14,TRUE,0,NA,NA,0,0,0,NA,0,0,0,0,0,0,NA,NA,NA,NA,NA,NA,NA,NA,0,0,0,0,NA,NA,NA,NA,NA
"Klaus Linnemann","c773ab8c-3955-11ef-96ba-157c9bc18a5f",NA,NA,1971,"12/12/1971","83b052c1-3960-11ef-b80f-2906cc9fb6bc","home","TuS 05 Wellinghofen","TSB Flensburg",23,14,TRUE,1,NA,NA,0,0,0,NA,0,0,0,0,0,0,NA,NA,NA,NA,NA,NA,NA,NA,0,0,0,0,NA,NA,NA,NA,NA
"Bartnik","c8bb4ac7-3955-11ef-a73d-157c9bc18a5f",NA,NA,1971,"12/12/1971","83b052c1-3960-11ef-b80f-2906cc9fb6bc","home","TuS 05 Wellinghofen","TSB Flensburg",23,14,TRUE,0,NA,NA,0,0,0,NA,0,0,0,0,0,0,NA,NA,NA,NA,NA,NA,NA,NA,0,0,0,0,NA,NA,NA,NA,NA
"Hans-Joachim Krüger","989303b8-3955-11ef-ac0a-292be3190b7b",NA,NA,1971,"12/12/1971","83b052c1-3960-11ef-b80f-2906cc9fb6bc","away","TSB Flensburg","TuS 05 Wellinghofen",14,23,FALSE,1,NA,NA,0,0,0,NA,0,0,0,0,0,0,NA,NA,NA,NA,NA,NA,NA,NA,0,0,0,0,NA,NA,NA,NA,NA
"Ulrich Althoff","bb6c27f0-3955-11ef-9d06-ab397f561917",NA,NA,1971,"12/12/1971","83b052c1-3960-11ef-b80f-2906cc9fb6bc","away","TSB Flensburg","TuS 05 Wellinghofen",14,23,FALSE,0,NA,NA,0,0,0,NA,0,0,0,0,0,0,NA,NA,NA,NA,NA,NA,NA,NA,0,0,0,0,NA,NA,NA,NA,NA
"Helmut Wolff","c8c361d9-3955-11ef-b16f-157c9bc18a5f",NA,NA,1971,"12/12/1971","83b052c1-3960-11ef-b80f-2906cc9fb6bc","away","TSB Flensburg","TuS 05 Wellinghofen",14,23,FALSE,0,NA,NA,0,0,0,NA,0,0,0,0,0,0,NA,NA,NA,NA,NA,NA,NA,NA,0,0,0,0,NA,NA,NA,NA,NA
"Sönke Voß","c8c872dc-3955-11ef-8979-157c9bc18a5f",NA,NA,1971,"12/12/1971","83b052c1-3960-11ef-b80f-2906cc9fb6bc","away","TSB Flensburg","TuS 05 Wellinghofen",14,23,FALSE,6,NA,NA,0,0,0,NA,0,0,0,0,0,0,NA,NA,NA,NA,NA,NA,NA,NA,0,0,0,0,NA,NA,NA,NA,NA
"Trutz Kob","c8ccf221-3955-11ef-8f6f-157c9bc18a5f",NA,NA,1971,"12/12/1971","83b052c1-3960-11ef-b80f-2906cc9fb6bc","away","TSB Flensburg","TuS 05 Wellinghofen",14,23,FALSE,2,NA,NA,0,0,0,NA,0,0,0,0,0,0,NA,NA,NA,NA,NA,NA,NA,NA,0,0,0,0,NA,NA,NA,NA,NA
"Dieter Liesch","c8d1ab08-3955-11ef-bf4b-157c9bc18a5f",NA,NA,1971,"12/12/1971","83b052c1-3960-11ef-b80f-2906cc9fb6bc","away","TSB Flensburg","TuS 05 Wellinghofen",14,23,FALSE,2,NA,NA,0,0,0,NA,0,0,0,0,0,0,NA,NA,NA,NA,NA,NA,NA,NA,0,0,0,0,NA,NA,NA,NA,NA
"Gerhard Brast","c8d5c599-3955-11ef-8eef-157c9bc18a5f",NA,NA,1971,"12/12/1971","83b052c1-3960-11ef-b80f-2906cc9fb6bc","away","TSB Flensburg","TuS 05 Wellinghofen",14,23,FALSE,2,NA,NA,0,0,2,NA,0,0,0,0,0,0,NA,NA,NA,NA,NA,NA,NA,NA,0,0,0,0,NA,NA,NA,NA,NA
"Günter Jensen","c8d9f473-3955-11ef-9c30-157c9bc18a5f",NA,NA,1971,"12/12/1971","83b052c1-3960-11ef-b80f-2906cc9fb6bc","away","TSB Flensburg","TuS 05 Wellinghofen",14,23,FALSE,0,NA,NA,0,0,0,NA,0,0,0,0,0,0,NA,NA,NA,NA,NA,NA,NA,NA,0,0,0,0,NA,NA,NA,NA,NA
"Rolf Asmussen","c8e24957-3955-11ef-86ce-157c9bc18a5f",NA,NA,1971,"12/12/1971","83b052c1-3960-11ef-b80f-2906cc9fb6bc","away","TSB Flensburg","TuS 05 Wellinghofen",14,23,FALSE,0,NA,NA,0,0,0,NA,0,0,0,0,0,0,NA,NA,NA,NA,NA,NA,NA,NA,0,0,0,0,NA,NA,NA,NA,NA
"Hans-Jürgen Zastera","c8eb73c1-3955-11ef-bb77-157c9bc18a5f",NA,NA,1971,"12/12/1971","83b052c1-3960-11ef-b80f-2906cc9fb6bc","away","TSB Flensburg","TuS 05 Wellinghofen",14,23,FALSE,1,NA,NA,0,0,0,NA,0,0,0,0,0,0,NA,NA,NA,NA,NA,NA,NA,NA,0,0,0,0,NA,NA,NA,NA,NA
"Heinz-Werner Kuhn","c8f40ff2-3955-11ef-89ee-157c9bc18a5f",NA,NA,1971,"12/12/1971","83b052c1-3960-11ef-b80f-2906cc9fb6bc","away","TSB Flensburg","TuS 05 Wellinghofen",14,23,FALSE,0,NA,NA,0,0,0,NA,0,0,0,0,0,0,NA,NA,NA,NA,NA,NA,NA,NA,0,0,0,0,NA,NA,NA,NA,NA
"Hans Moser","7e83ce46-3955-11ef-830d-b908c60af10a",NA,NA,1971,"12/12/1971","8d34f4c7-3960-11ef-a7ce-9b08c5d4c173","home","TSV Milbertshofen","SG Dietzenbach",16,15,TRUE,2,NA,NA,0,0,0,NA,0,0,0,0,0,0,NA,NA,NA,NA,NA,NA,NA,NA,0,0,0,0,NA,NA,NA,NA,NA
"Werner Winkelmeier","9712104e-3955-11ef-9613-292be3190b7b",NA,NA,1971,"12/12/1971","8d34f4c7-3960-11ef-a7ce-9b08c5d4c173","home","TSV Milbertshofen","SG Dietzenbach",16,15,TRUE,1,NA,NA,0,0,0,NA,0,0,0,0,0,0,NA,NA,NA,NA,NA,NA,NA,NA,0,0,0,0,NA,NA,NA,NA,NA
"Josef Kiener","972d7d47-3955-11ef-a437-292be3190b7b",NA,NA,1971,"12/12/1971","8d34f4c7-3960-11ef-a7ce-9b08c5d4c173","home","TSV Milbertshofen","SG Dietzenbach",16,15,TRUE,2,NA,NA,0,0,2,NA,0,0,0,0,0,0,NA,NA,NA,NA,NA,NA,NA,NA,0,0,0,0,NA,NA,NA,NA,NA
"Rudolf Dobler","97ac407c-3955-11ef-9ea9-292be3190b7b",NA,NA,1971,"12/12/1971","8d34f4c7-3960-11ef-a7ce-9b08c5d4c173","home","TSV Milbertshofen","SG Dietzenbach",16,15,TRUE,1,NA,NA,0,0,0,NA,0,0,0,0,0,0,NA,NA,NA,NA,NA,NA,NA,NA,0,0,0,0,NA,NA,NA,NA,NA
"Helmut Schelchshorn","b1c960ef-3955-11ef-850b-a36230ada079",NA,NA,1971,"12/12/1971","8d34f4c7-3960-11ef-a7ce-9b08c5d4c173","home","TSV Milbertshofen","SG Dietzenbach",16,15,TRUE,1,NA,NA,0,0,0,NA,0,0,0,0,0,0,NA,NA,NA,NA,NA,NA,NA,NA,0,0,0,0,NA,NA,NA,NA,NA
"Peter Feddern","bc1b1b3e-3955-11ef-9c4e-ab397f561917",NA,NA,1971,"12/12/1971","8d34f4c7-3960-11ef-a7ce-9b08c5d4c173","home","TSV Milbertshofen","SG Dietzenbach",16,15,TRUE,3,NA,NA,0,0,0,NA,0,0,0,0,0,0,NA,NA,NA,NA,NA,NA,NA,NA,0,0,0,0,NA,NA,NA,NA,NA
"Anton Niggel","c6b807f5-3955-11ef-8bfd-157c9bc18a5f",NA,NA,1971,"12/12/1971","8d34f4c7-3960-11ef-a7ce-9b08c5d4c173","home","TSV Milbertshofen","SG Dietzenbach",16,15,TRUE,0,NA,NA,0,0,0,NA,0,0,0,0,0,0,NA,NA,NA,NA,NA,NA,NA,NA,0,0,0,0,NA,NA,NA,NA,NA
"Herbert Staiger","c81d1d7c-3955-11ef-b36f-157c9bc18a5f",NA,NA,1971,"12/12/1971","8d34f4c7-3960-11ef-a7ce-9b08c5d4c173","home","TSV Milbertshofen","SG Dietzenbach",16,15,TRUE,2,NA,NA,0,0,0,NA,0,0,0,0,0,0,NA,NA,NA,NA,NA,NA,NA,NA,0,0,0,0,NA,NA,NA,NA,NA
"Karl Donndorf","c821c668-3955-11ef-a20c-157c9bc18a5f",NA,NA,1971,"12/12/1971","8d34f4c7-3960-11ef-a7ce-9b08c5d4c173","home","TSV Milbertshofen","SG Dietzenbach",16,15,TRUE,3,NA,NA,0,0,0,NA,0,0,0,0,0,0,NA,NA,NA,NA,NA,NA,NA,NA,0,0,0,0,NA,NA,NA,NA,NA
"Bernd Albrecht","c8271836-3955-11ef-95cd-157c9bc18a5f",NA,NA,1971,"12/12/1971","8d34f4c7-3960-11ef-a7ce-9b08c5d4c173","home","TSV Milbertshofen","SG Dietzenbach",16,15,TRUE,1,NA,NA,0,0,0,NA,0,0,0,0,0,0,NA,NA,NA,NA,NA,NA,NA,NA,0,0,0,0,NA,NA,NA,NA,NA
"Peter Fenn","96d23185-3955-11ef-bbcf-292be3190b7b",NA,NA,1971,"12/12/1971","8d34f4c7-3960-11ef-a7ce-9b08c5d4c173","away","SG Dietzenbach","TSV Milbertshofen",15,16,FALSE,2,NA,NA,0,0,0,NA,0,0,0,0,0,0,NA,NA,NA,NA,NA,NA,NA,NA,0,0,0,0,NA,NA,NA,NA,NA
"Herbert Wehnert","96e104db-3955-11ef-b58d-292be3190b7b",NA,NA,1971,"12/12/1971","8d34f4c7-3960-11ef-a7ce-9b08c5d4c173","away","SG Dietzenbach","TSV Milbertshofen",15,16,FALSE,6,NA,NA,0,0,0,NA,0,0,0,0,0,0,NA,NA,NA,NA,NA,NA,NA,NA,0,0,0,0,NA,NA,NA,NA,NA
"Manfred Merk","a2e89182-3955-11ef-b7cf-2510cc07ea6e",NA,NA,1971,"12/12/1971","8d34f4c7-3960-11ef-a7ce-9b08c5d4c173","away","SG Dietzenbach","TSV Milbertshofen",15,16,FALSE,3,NA,NA,0,0,1,NA,0,0,0,0,0,0,NA,NA,NA,NA,NA,NA,NA,NA,0,0,0,0,NA,NA,NA,NA,NA
"Heinrich Baum","af2c6c48-3955-11ef-964a-a36230ada079",NA,NA,1971,"12/12/1971","8d34f4c7-3960-11ef-a7ce-9b08c5d4c173","away","SG Dietzenbach","TSV Milbertshofen",15,16,FALSE,2,NA,NA,0,0,0,NA,0,0,0,0,0,0,NA,NA,NA,NA,NA,NA,NA,NA,0,0,0,0,NA,NA,NA,NA,NA
"Rainer Göckel","af3129e3-3955-11ef-8fd8-a36230ada079",NA,NA,1971,"12/12/1971","8d34f4c7-3960-11ef-a7ce-9b08c5d4c173","away","SG Dietzenbach","TSV Milbertshofen",15,16,FALSE,0,NA,NA,0,0,0,NA,0,0,0,0,0,0,NA,NA,NA,NA,NA,NA,NA,NA,0,0,0,0,NA,NA,NA,NA,NA
"Reinhold Jerwan","b1d5c150-3955-11ef-9027-a36230ada079",NA,NA,1971,"12/12/1971","8d34f4c7-3960-11ef-a7ce-9b08c5d4c173","away","SG Dietzenbach","TSV Milbertshofen",15,16,FALSE,2,NA,NA,0,0,0,NA,0,0,0,0,0,0,NA,NA,NA,NA,NA,NA,NA,NA,0,0,0,0,NA,NA,NA,NA,NA
"Werner Conrad","b1d9e0f0-3955-11ef-8356-a36230ada079",NA,NA,1971,"12/12/1971","8d34f4c7-3960-11ef-a7ce-9b08c5d4c173","away","SG Dietzenbach","TSV Milbertshofen",15,16,FALSE,0,NA,NA,0,0,0,NA,0,0,0,0,0,0,NA,NA,NA,NA,NA,NA,NA,NA,0,0,0,0,NA,NA,NA,NA,NA
"Norbert Kern","c6961a09-3955-11ef-8bcc-157c9bc18a5f",NA,NA,1971,"12/12/1971","8d34f4c7-3960-11ef-a7ce-9b08c5d4c173","away","SG Dietzenbach","TSV Milbertshofen",15,16,FALSE,0,NA,NA,0,0,0,NA,0,0,0,0,0,0,NA,NA,NA,NA,NA,NA,NA,NA,0,0,0,0,NA,NA,NA,NA,NA
"Ulrich Eikermann","73a211c9-3955-11ef-8f8f-51fdf2a82730",NA,NA,1971,"12/18/1971","8123c9b2-3960-11ef-b2f5-2906cc9fb6bc","home","SC Phönix Essen 1920","VfL Gummersbach",12,17,FALSE,4,NA,NA,0,0,2,NA,0,0,0,0,0,0,NA,NA,NA,NA,NA,NA,NA,NA,0,0,0,0,NA,NA,NA,NA,NA
"Werner Kühn","a5a83923-3955-11ef-abc5-2510cc07ea6e",NA,NA,1971,"12/18/1971","8123c9b2-3960-11ef-b2f5-2906cc9fb6bc","home","SC Phönix Essen 1920","VfL Gummersbach",12,17,FALSE,1,NA,NA,0,0,0,NA,0,0,0,0,0,0,NA,NA,NA,NA,NA,NA,NA,NA,0,0,0,0,NA,NA,NA,NA,NA
"Dietmar Dohm","a5c15139-3955-11ef-9adf-2510cc07ea6e",NA,NA,1971,"12/18/1971","8123c9b2-3960-11ef-b2f5-2906cc9fb6bc","home","SC Phönix Essen 1920","VfL Gummersbach",12,17,FALSE,0,NA,NA,0,0,0,NA,0,0,0,0,0,0,NA,NA,NA,NA,NA,NA,NA,NA,0,0,0,0,NA,NA,NA,NA,NA
"Norbert Meister","a610e086-3955-11ef-bf85-2510cc07ea6e",NA,NA,1971,"12/18/1971","8123c9b2-3960-11ef-b2f5-2906cc9fb6bc","home","SC Phönix Essen 1920","VfL Gummersbach",12,17,FALSE,0,NA,NA,0,0,0,NA,0,0,0,0,0,0,NA,NA,NA,NA,NA,NA,NA,NA,0,0,0,0,NA,NA,NA,NA,NA
"Rüdiger Hillebrand","b0c11a9c-3955-11ef-bf0d-a36230ada079",NA,NA,1971,"12/18/1971","8123c9b2-3960-11ef-b2f5-2906cc9fb6bc","home","SC Phönix Essen 1920","VfL Gummersbach",12,17,FALSE,0,NA,NA,0,0,0,NA,0,0,0,0,0,0,NA,NA,NA,NA,NA,NA,NA,NA,0,0,0,0,NA,NA,NA,NA,NA
"Bernd Tolksdorf","bae02284-3955-11ef-b577-ab397f561917",NA,NA,1971,"12/18/1971","8123c9b2-3960-11ef-b2f5-2906cc9fb6bc","home","SC Phönix Essen 1920","VfL Gummersbach",12,17,FALSE,1,NA,NA,0,0,0,NA,0,0,0,0,0,0,NA,NA,NA,NA,NA,NA,NA,NA,0,0,0,0,NA,NA,NA,NA,NA
"Norbert Kroker","bd441662-3955-11ef-b771-ab397f561917",NA,NA,1971,"12/18/1971","8123c9b2-3960-11ef-b2f5-2906cc9fb6bc","home","SC Phönix Essen 1920","VfL Gummersbach",12,17,FALSE,2,NA,NA,0,0,1,NA,0,0,0,0,0,0,NA,NA,NA,NA,NA,NA,NA,NA,0,0,0,0,NA,NA,NA,NA,NA
"Michael Hattig","bd52f5b1-3955-11ef-ba0c-ab397f561917",NA,NA,1971,"12/18/1971","8123c9b2-3960-11ef-b2f5-2906cc9fb6bc","home","SC Phönix Essen 1920","VfL Gummersbach",12,17,FALSE,1,NA,NA,0,0,0,NA,0,0,0,0,0,0,NA,NA,NA,NA,NA,NA,NA,NA,0,0,0,0,NA,NA,NA,NA,NA
"Herbert Buschmann","bd5ac595-3955-11ef-97f0-ab397f561917",NA,NA,1971,"12/18/1971","8123c9b2-3960-11ef-b2f5-2906cc9fb6bc","home","SC Phönix Essen 1920","VfL Gummersbach",12,17,FALSE,0,NA,NA,0,0,0,NA,0,0,0,0,0,0,NA,NA,NA,NA,NA,NA,NA,NA,0,0,0,0,NA,NA,NA,NA,NA
"Peter Fischer","bd861af2-3955-11ef-a655-ab397f561917",NA,NA,1971,"12/18/1971","8123c9b2-3960-11ef-b2f5-2906cc9fb6bc","home","SC Phönix Essen 1920","VfL Gummersbach",12,17,FALSE,1,NA,NA,0,0,0,NA,0,0,0,0,0,0,NA,NA,NA,NA,NA,NA,NA,NA,0,0,0,0,NA,NA,NA,NA,NA
"Carl-Bernd Behler","c79d213f-3955-11ef-a773-157c9bc18a5f",NA,NA,1971,"12/18/1971","8123c9b2-3960-11ef-b2f5-2906cc9fb6bc","home","SC Phönix Essen 1920","VfL Gummersbach",12,17,FALSE,0,NA,NA,0,0,0,NA,0,0,0,0,0,0,NA,NA,NA,NA,NA,NA,NA,NA,0,0,0,0,NA,NA,NA,NA,NA
"Ernst Weise","c90cdba3-3955-11ef-b068-157c9bc18a5f",NA,NA,1971,"12/18/1971","8123c9b2-3960-11ef-b2f5-2906cc9fb6bc","home","SC Phönix Essen 1920","VfL Gummersbach",12,17,FALSE,2,NA,NA,0,0,0,NA,0,0,0,0,0,0,NA,NA,NA,NA,NA,NA,NA,NA,0,0,0,0,NA,NA,NA,NA,NA
"Klaus Westebbe","8c58f63a-3955-11ef-b65e-81dc40648355",NA,NA,1971,"12/18/1971","8123c9b2-3960-11ef-b2f5-2906cc9fb6bc","away","VfL Gummersbach","SC Phönix Essen 1920",17,12,TRUE,5,NA,NA,0,0,1,NA,0,0,0,0,0,0,NA,NA,NA,NA,NA,NA,NA,NA,0,0,0,0,NA,NA,NA,NA,NA
"Klaus Kater","8da1f6ef-3955-11ef-b31a-81dc40648355",NA,NA,1971,"12/18/1971","8123c9b2-3960-11ef-b2f5-2906cc9fb6bc","away","VfL Gummersbach","SC Phönix Essen 1920",17,12,TRUE,0,NA,NA,0,0,0,NA,0,0,0,0,0,0,NA,NA,NA,NA,NA,NA,NA,NA,0,0,0,0,NA,NA,NA,NA,NA
"Klaus Schlagheck","97a06613-3955-11ef-8056-292be3190b7b",NA,NA,1971,"12/18/1971","8123c9b2-3960-11ef-b2f5-2906cc9fb6bc","away","VfL Gummersbach","SC Phönix Essen 1920",17,12,TRUE,1,NA,NA,0,0,0,NA,0,0,0,0,0,0,NA,NA,NA,NA,NA,NA,NA,NA,0,0,0,0,NA,NA,NA,NA,NA
"Ralf Hamann","a28aa62f-3955-11ef-9677-2510cc07ea6e",NA,NA,1971,"12/18/1971","8123c9b2-3960-11ef-b2f5-2906cc9fb6bc","away","VfL Gummersbach","SC Phönix Essen 1920",17,12,TRUE,0,NA,NA,0,0,0,NA,0,0,0,0,0,0,NA,NA,NA,NA,NA,NA,NA,NA,0,0,0,0,NA,NA,NA,NA,NA
"Ulrich Ufer","a2c8cfa8-3955-11ef-8510-2510cc07ea6e",NA,NA,1971,"12/18/1971","8123c9b2-3960-11ef-b2f5-2906cc9fb6bc","away","VfL Gummersbach","SC Phönix Essen 1920",17,12,TRUE,2,NA,NA,0,0,0,NA,0,0,0,0,0,0,NA,NA,NA,NA,NA,NA,NA,NA,0,0,0,0,NA,NA,NA,NA,NA
"Jochen Feldhoff","a32751a5-3955-11ef-badf-2510cc07ea6e",NA,NA,1971,"12/18/1971","8123c9b2-3960-11ef-b2f5-2906cc9fb6bc","away","VfL Gummersbach","SC Phönix Essen 1920",17,12,TRUE,0,NA,NA,0,0,0,NA,0,0,0,0,0,0,NA,NA,NA,NA,NA,NA,NA,NA,0,0,0,0,NA,NA,NA,NA,NA
"Helmut Keller","ae2fb2ba-3955-11ef-b38f-a36230ada079",NA,NA,1971,"12/18/1971","8123c9b2-3960-11ef-b2f5-2906cc9fb6bc","away","VfL Gummersbach","SC Phönix Essen 1920",17,12,TRUE,0,NA,NA,0,0,0,NA,0,0,0,0,0,0,NA,NA,NA,NA,NA,NA,NA,NA,0,0,0,0,NA,NA,NA,NA,NA
"Hans-Günther Schmidt","aff5702f-3955-11ef-9878-a36230ada079",NA,NA,1971,"12/18/1971","8123c9b2-3960-11ef-b2f5-2906cc9fb6bc","away","VfL Gummersbach","SC Phönix Essen 1920",17,12,TRUE,7,NA,NA,0,0,0,NA,0,0,0,0,0,0,NA,NA,NA,NA,NA,NA,NA,NA,0,0,0,0,NA,NA,NA,NA,NA
"Jochen Brand","ba44375c-3955-11ef-a5d6-ab397f561917",NA,NA,1971,"12/18/1971","8123c9b2-3960-11ef-b2f5-2906cc9fb6bc","away","VfL Gummersbach","SC Phönix Essen 1920",17,12,TRUE,2,NA,NA,0,0,0,NA,0,0,0,0,0,0,NA,NA,NA,NA,NA,NA,NA,NA,0,0,0,0,NA,NA,NA,NA,NA
"Uwe Braunschweig","ba4aaa94-3955-11ef-be97-ab397f561917",NA,NA,1971,"12/18/1971","8123c9b2-3960-11ef-b2f5-2906cc9fb6bc","away","VfL Gummersbach","SC Phönix Essen 1920",17,12,TRUE,0,NA,NA,0,0,0,NA,0,0,0,0,0,0,NA,NA,NA,NA,NA,NA,NA,NA,0,0,0,0,NA,NA,NA,NA,NA
"Bruno Zay","bce5dbb8-3955-11ef-ac9b-ab397f561917",NA,NA,1971,"12/18/1971","8123c9b2-3960-11ef-b2f5-2906cc9fb6bc","away","VfL Gummersbach","SC Phönix Essen 1920",17,12,TRUE,0,NA,NA,0,0,0,NA,0,0,0,0,0,0,NA,NA,NA,NA,NA,NA,NA,NA,0,0,0,0,NA,NA,NA,NA,NA
"Gerhard Leiste","c735d7ed-3955-11ef-b576-157c9bc18a5f",NA,NA,1971,"12/18/1971","8123c9b2-3960-11ef-b2f5-2906cc9fb6bc","away","VfL Gummersbach","SC Phönix Essen 1920",17,12,TRUE,0,NA,NA,0,0,0,NA,0,0,0,0,0,0,NA,NA,NA,NA,NA,NA,NA,NA,0,0,0,0,NA,NA,NA,NA,NA
"Gerald Schüler","96fc1532-3955-11ef-bddd-292be3190b7b",NA,NA,1971,"12/18/1971","8238d818-3960-11ef-8ce2-2906cc9fb6bc","home","GWD Minden","TuS 05 Wellinghofen",20,10,TRUE,1,NA,NA,0,0,0,NA,0,0,0,0,0,0,NA,NA,NA,NA,NA,NA,NA,NA,0,0,0,0,NA,NA,NA,NA,NA
"Martin Karcher","980f80ce-3955-11ef-8054-292be3190b7b",NA,NA,1971,"12/18/1971","8238d818-3960-11ef-8ce2-2906cc9fb6bc","home","GWD Minden","TuS 05 Wellinghofen",20,10,TRUE,0,NA,NA,0,0,0,NA,0,0,0,0,0,0,NA,NA,NA,NA,NA,NA,NA,NA,0,0,0,0,NA,NA,NA,NA,NA
"Hans Kramer","98f50290-3955-11ef-8aa8-292be3190b7b",NA,NA,1971,"12/18/1971","8238d818-3960-11ef-8ce2-2906cc9fb6bc","home","GWD Minden","TuS 05 Wellinghofen",20,10,TRUE,2,NA,NA,0,0,0,NA,0,0,0,0,0,0,NA,NA,NA,NA,NA,NA,NA,NA,0,0,0,0,NA,NA,NA,NA,NA
"Jobst-Erich Rehse","b00be251-3955-11ef-ac35-a36230ada079",NA,NA,1971,"12/18/1971","8238d818-3960-11ef-8ce2-2906cc9fb6bc","home","GWD Minden","TuS 05 Wellinghofen",20,10,TRUE,3,NA,NA,0,0,0,NA,0,0,0,0,0,0,NA,NA,NA,NA,NA,NA,NA,NA,0,0,0,0,NA,NA,NA,NA,NA
"Bernd Munck","ba5ee5e3-3955-11ef-9f80-ab397f561917",NA,NA,1971,"12/18/1971","8238d818-3960-11ef-8ce2-2906cc9fb6bc","home","GWD Minden","TuS 05 Wellinghofen",20,10,TRUE,4,NA,NA,0,0,0,NA,0,0,0,0,0,0,NA,NA,NA,NA,NA,NA,NA,NA,0,0,0,0,NA,NA,NA,NA,NA
"Wilfried Drögemeier","ba63ada7-3955-11ef-a04d-ab397f561917",NA,NA,1971,"12/18/1971","8238d818-3960-11ef-8ce2-2906cc9fb6bc","home","GWD Minden","TuS 05 Wellinghofen",20,10,TRUE,1,NA,NA,0,0,0,NA,0,0,0,0,0,0,NA,NA,NA,NA,NA,NA,NA,NA,0,0,0,0,NA,NA,NA,NA,NA
"Klaus Barlach","bcee5b38-3955-11ef-a026-ab397f561917",NA,NA,1971,"12/18/1971","8238d818-3960-11ef-8ce2-2906cc9fb6bc","home","GWD Minden","TuS 05 Wellinghofen",20,10,TRUE,0,NA,NA,0,0,0,NA,0,0,0,0,0,0,NA,NA,NA,NA,NA,NA,NA,NA,0,0,0,0,NA,NA,NA,NA,NA
"Otto Weng","bcfbec1c-3955-11ef-b4f4-ab397f561917",NA,NA,1971,"12/18/1971","8238d818-3960-11ef-8ce2-2906cc9fb6bc","home","GWD Minden","TuS 05 Wellinghofen",20,10,TRUE,8,NA,NA,0,0,2,NA,0,0,0,0,0,0,NA,NA,NA,NA,NA,NA,NA,NA,0,0,0,0,NA,NA,NA,NA,NA
"Burkhard Krocker","bcffdc62-3955-11ef-b52a-ab397f561917",NA,NA,1971,"12/18/1971","8238d818-3960-11ef-8ce2-2906cc9fb6bc","home","GWD Minden","TuS 05 Wellinghofen",20,10,TRUE,0,NA,NA,0,0,0,NA,0,0,0,0,0,0,NA,NA,NA,NA,NA,NA,NA,NA,0,0,0,0,NA,NA,NA,NA,NA
"Jürgen Buhrmester","c747ff25-3955-11ef-9695-157c9bc18a5f",NA,NA,1971,"12/18/1971","8238d818-3960-11ef-8ce2-2906cc9fb6bc","home","GWD Minden","TuS 05 Wellinghofen",20,10,TRUE,0,NA,NA,0,0,0,NA,0,0,0,0,0,0,NA,NA,NA,NA,NA,NA,NA,NA,0,0,0,0,NA,NA,NA,NA,NA
"Manfred Horstkötter","c8a23936-3955-11ef-9884-157c9bc18a5f",NA,NA,1971,"12/18/1971","8238d818-3960-11ef-8ce2-2906cc9fb6bc","home","GWD Minden","TuS 05 Wellinghofen",20,10,TRUE,1,NA,NA,0,0,0,NA,0,0,0,0,0,0,NA,NA,NA,NA,NA,NA,NA,NA,0,0,0,0,NA,NA,NA,NA,NA
"Karl-Heinz Schulz","72847241-3955-11ef-8bd4-51fdf2a82730",NA,NA,1971,"12/18/1971","8238d818-3960-11ef-8ce2-2906cc9fb6bc","away","TuS 05 Wellinghofen","GWD Minden",10,20,FALSE,1,NA,NA,0,0,0,NA,0,0,0,0,0,0,NA,NA,NA,NA,NA,NA,NA,NA,0,0,0,0,NA,NA,NA,NA,NA
"Hans-Jürgen Zick","8d67d76a-3955-11ef-8956-81dc40648355",NA,NA,1971,"12/18/1971","8238d818-3960-11ef-8ce2-2906cc9fb6bc","away","TuS 05 Wellinghofen","GWD Minden",10,20,FALSE,0,NA,NA,0,0,0,NA,0,0,0,0,0,0,NA,NA,NA,NA,NA,NA,NA,NA,0,0,0,0,NA,NA,NA,NA,NA
"Heiner Möller","8d7571e4-3955-11ef-b1d3-81dc40648355",NA,NA,1971,"12/18/1971","8238d818-3960-11ef-8ce2-2906cc9fb6bc","away","TuS 05 Wellinghofen","GWD Minden",10,20,FALSE,2,NA,NA,0,0,0,NA,0,0,0,0,0,0,NA,NA,NA,NA,NA,NA,NA,NA,0,0,0,0,NA,NA,NA,NA,NA
"Hans-Peter Neuhaus","8d9d3887-3955-11ef-80a3-81dc40648355",NA,NA,1971,"12/18/1971","8238d818-3960-11ef-8ce2-2906cc9fb6bc","away","TuS 05 Wellinghofen","GWD Minden",10,20,FALSE,0,NA,NA,0,0,0,NA,0,0,0,0,0,0,NA,NA,NA,NA,NA,NA,NA,NA,0,0,0,0,NA,NA,NA,NA,NA
"Rainer Gosewinkel","a4d61156-3955-11ef-8406-2510cc07ea6e",NA,NA,1971,"12/18/1971","8238d818-3960-11ef-8ce2-2906cc9fb6bc","away","TuS 05 Wellinghofen","GWD Minden",10,20,FALSE,4,NA,NA,0,0,0,NA,0,0,0,0,0,0,NA,NA,NA,NA,NA,NA,NA,NA,0,0,0,0,NA,NA,NA,NA,NA
"Klaus Erwe","a4f54a19-3955-11ef-b48a-2510cc07ea6e",NA,NA,1971,"12/18/1971","8238d818-3960-11ef-8ce2-2906cc9fb6bc","away","TuS 05 Wellinghofen","GWD Minden",10,20,FALSE,1,NA,NA,0,0,0,NA,0,0,0,0,0,0,NA,NA,NA,NA,NA,NA,NA,NA,0,0,0,0,NA,NA,NA,NA,NA
"Herbert Schmidt","a5127cc5-3955-11ef-b405-2510cc07ea6e",NA,NA,1971,"12/18/1971","8238d818-3960-11ef-8ce2-2906cc9fb6bc","away","TuS 05 Wellinghofen","GWD Minden",10,20,FALSE,0,NA,NA,0,0,0,NA,0,0,0,0,0,0,NA,NA,NA,NA,NA,NA,NA,NA,0,0,0,0,NA,NA,NA,NA,NA
"Burkhard Gröning","a52c6e4f-3955-11ef-a576-2510cc07ea6e",NA,NA,1971,"12/18/1971","8238d818-3960-11ef-8ce2-2906cc9fb6bc","away","TuS 05 Wellinghofen","GWD Minden",10,20,FALSE,0,NA,NA,0,0,0,NA,0,0,0,0,0,0,NA,NA,NA,NA,NA,NA,NA,NA,0,0,0,0,NA,NA,NA,NA,NA
"Klaus Tiews","a531838f-3955-11ef-8e99-2510cc07ea6e",NA,NA,1971,"12/18/1971","8238d818-3960-11ef-8ce2-2906cc9fb6bc","away","TuS 05 Wellinghofen","GWD Minden",10,20,FALSE,1,NA,NA,0,0,0,NA,0,0,0,0,0,0,NA,NA,NA,NA,NA,NA,NA,NA,0,0,0,0,NA,NA,NA,NA,NA
"Heinz Oberscheidt","a5ae94f2-3955-11ef-91fc-2510cc07ea6e",NA,NA,1971,"12/18/1971","8238d818-3960-11ef-8ce2-2906cc9fb6bc","away","TuS 05 Wellinghofen","GWD Minden",10,20,FALSE,1,NA,NA,0,0,1,NA,0,0,0,0,0,0,NA,NA,NA,NA,NA,NA,NA,NA,0,0,0,0,NA,NA,NA,NA,NA
"Hans-Jürgen Sengera","ba7fae8e-3955-11ef-80e4-ab397f561917",NA,NA,1971,"12/18/1971","8238d818-3960-11ef-8ce2-2906cc9fb6bc","away","TuS 05 Wellinghofen","GWD Minden",10,20,FALSE,0,NA,NA,0,0,0,NA,0,0,0,0,0,0,NA,NA,NA,NA,NA,NA,NA,NA,0,0,0,0,NA,NA,NA,NA,NA
"Klaus Linnemann","c773ab8c-3955-11ef-96ba-157c9bc18a5f",NA,NA,1971,"12/18/1971","8238d818-3960-11ef-8ce2-2906cc9fb6bc","away","TuS 05 Wellinghofen","GWD Minden",10,20,FALSE,0,NA,NA,0,0,0,NA,0,0,0,0,0,0,NA,NA,NA,NA,NA,NA,NA,NA,0,0,0,0,NA,NA,NA,NA,NA
"Peter Pickel","8c973b42-3955-11ef-8c71-81dc40648355",NA,NA,1971,"12/18/1971","831bfaf5-3960-11ef-b6a2-2906cc9fb6bc","home","Hamburger SV","VfL Lübeck-Schwartau",12,14,FALSE,0,NA,NA,0,0,0,NA,0,0,0,0,0,0,NA,NA,NA,NA,NA,NA,NA,NA,0,0,0,0,NA,NA,NA,NA,NA
"Diethard Finkelmann","a60bdcf9-3955-11ef-bfa1-2510cc07ea6e",NA,NA,1971,"12/18/1971","831bfaf5-3960-11ef-b6a2-2906cc9fb6bc","home","Hamburger SV","VfL Lübeck-Schwartau",12,14,FALSE,0,NA,NA,0,0,0,NA,0,0,0,0,0,0,NA,NA,NA,NA,NA,NA,NA,NA,0,0,0,0,NA,NA,NA,NA,NA
"Hans-Jürgen Bode","b011e6da-3955-11ef-8205-a36230ada079",NA,NA,1971,"12/18/1971","831bfaf5-3960-11ef-b6a2-2906cc9fb6bc","home","Hamburger SV","VfL Lübeck-Schwartau",12,14,FALSE,0,NA,NA,0,0,0,NA,0,0,0,0,0,0,NA,NA,NA,NA,NA,NA,NA,NA,0,0,0,0,NA,NA,NA,NA,NA
"Herbert Niemeier","b0163f16-3955-11ef-ae9e-a36230ada079",NA,NA,1971,"12/18/1971","831bfaf5-3960-11ef-b6a2-2906cc9fb6bc","home","Hamburger SV","VfL Lübeck-Schwartau",12,14,FALSE,1,NA,NA,0,0,0,NA,0,0,0,0,0,0,NA,NA,NA,NA,NA,NA,NA,NA,0,0,0,0,NA,NA,NA,NA,NA
"Rainer Witt","b02adaad-3955-11ef-b8c4-a36230ada079",NA,NA,1971,"12/18/1971","831bfaf5-3960-11ef-b6a2-2906cc9fb6bc","home","Hamburger SV","VfL Lübeck-Schwartau",12,14,FALSE,1,NA,NA,0,0,0,NA,0,0,0,0,0,0,NA,NA,NA,NA,NA,NA,NA,NA,0,0,0,0,NA,NA,NA,NA,NA
"Jens Ivers","b02f4aea-3955-11ef-801e-a36230ada079",NA,NA,1971,"12/18/1971","831bfaf5-3960-11ef-b6a2-2906cc9fb6bc","home","Hamburger SV","VfL Lübeck-Schwartau",12,14,FALSE,1,NA,NA,0,0,0,NA,0,0,0,0,0,0,NA,NA,NA,NA,NA,NA,NA,NA,0,0,0,0,NA,NA,NA,NA,NA
"Hans-Joachim Beißel","b0341bcb-3955-11ef-9e08-a36230ada079",NA,NA,1971,"12/18/1971","831bfaf5-3960-11ef-b6a2-2906cc9fb6bc","home","Hamburger SV","VfL Lübeck-Schwartau",12,14,FALSE,3,NA,NA,0,0,0,NA,0,0,0,0,0,0,NA,NA,NA,NA,NA,NA,NA,NA,0,0,0,0,NA,NA,NA,NA,NA
"Norbert Germer","b03f8101-3955-11ef-8945-a36230ada079",NA,NA,1971,"12/18/1971","831bfaf5-3960-11ef-b6a2-2906cc9fb6bc","home","Hamburger SV","VfL Lübeck-Schwartau",12,14,FALSE,2,NA,NA,0,0,0,NA,0,0,0,0,0,0,NA,NA,NA,NA,NA,NA,NA,NA,0,0,0,0,NA,NA,NA,NA,NA
"Siegfried Berg","b10d3ec3-3955-11ef-8a30-a36230ada079",NA,NA,1971,"12/18/1971","831bfaf5-3960-11ef-b6a2-2906cc9fb6bc","home","Hamburger SV","VfL Lübeck-Schwartau",12,14,FALSE,1,NA,NA,0,0,0,NA,0,0,0,0,0,0,NA,NA,NA,NA,NA,NA,NA,NA,0,0,0,0,NA,NA,NA,NA,NA
"Bernd Heiden","baf62966-3955-11ef-b7e1-ab397f561917",NA,NA,1971,"12/18/1971","831bfaf5-3960-11ef-b6a2-2906cc9fb6bc","home","Hamburger SV","VfL Lübeck-Schwartau",12,14,FALSE,2,NA,NA,0,0,0,NA,0,0,0,0,0,0,NA,NA,NA,NA,NA,NA,NA,NA,0,0,0,0,NA,NA,NA,NA,NA
"Klaus Lange","bafb51f3-3955-11ef-9864-ab397f561917",NA,NA,1971,"12/18/1971","831bfaf5-3960-11ef-b6a2-2906cc9fb6bc","home","Hamburger SV","VfL Lübeck-Schwartau",12,14,FALSE,1,NA,NA,0,0,1,NA,0,0,0,0,0,0,NA,NA,NA,NA,NA,NA,NA,NA,0,0,0,0,NA,NA,NA,NA,NA
"Ingo Callies","b0b0659b-3955-11ef-87aa-a36230ada079",NA,NA,1971,"12/18/1971","831bfaf5-3960-11ef-b6a2-2906cc9fb6bc","away","VfL Lübeck-Schwartau","Hamburger SV",14,12,TRUE,2,NA,NA,0,0,1,NA,0,0,0,0,0,0,NA,NA,NA,NA,NA,NA,NA,NA,0,0,0,0,NA,NA,NA,NA,NA
"Michael Dogs","b0cecb4a-3955-11ef-b665-a36230ada079",NA,NA,1971,"12/18/1971","831bfaf5-3960-11ef-b6a2-2906cc9fb6bc","away","VfL Lübeck-Schwartau","Hamburger SV",14,12,TRUE,0,NA,NA,0,0,0,NA,0,0,0,0,0,0,NA,NA,NA,NA,NA,NA,NA,NA,0,0,0,0,NA,NA,NA,NA,NA
"Joachim Römer","b0dcb8e7-3955-11ef-83ab-a36230ada079",NA,NA,1971,"12/18/1971","831bfaf5-3960-11ef-b6a2-2906cc9fb6bc","away","VfL Lübeck-Schwartau","Hamburger SV",14,12,TRUE,4,NA,NA,0,0,0,NA,0,0,0,0,0,0,NA,NA,NA,NA,NA,NA,NA,NA,0,0,0,0,NA,NA,NA,NA,NA
"Peter Görtz","b0e9ae8f-3955-11ef-aa48-a36230ada079",NA,NA,1971,"12/18/1971","831bfaf5-3960-11ef-b6a2-2906cc9fb6bc","away","VfL Lübeck-Schwartau","Hamburger SV",14,12,TRUE,1,NA,NA,0,0,0,NA,0,0,0,0,0,0,NA,NA,NA,NA,NA,NA,NA,NA,0,0,0,0,NA,NA,NA,NA,NA
"Hans-Martin Müller-Wolf","b1020054-3955-11ef-8e79-a36230ada079",NA,NA,1971,"12/18/1971","831bfaf5-3960-11ef-b6a2-2906cc9fb6bc","away","VfL Lübeck-Schwartau","Hamburger SV",14,12,TRUE,0,NA,NA,0,0,0,NA,0,0,0,0,0,0,NA,NA,NA,NA,NA,NA,NA,NA,0,0,0,0,NA,NA,NA,NA,NA
"Georg Pohl","baff6cee-3955-11ef-a80f-ab397f561917",NA,NA,1971,"12/18/1971","831bfaf5-3960-11ef-b6a2-2906cc9fb6bc","away","VfL Lübeck-Schwartau","Hamburger SV",14,12,TRUE,0,NA,NA,0,0,0,NA,0,0,0,0,0,0,NA,NA,NA,NA,NA,NA,NA,NA,0,0,0,0,NA,NA,NA,NA,NA
"Jochen Krummland","c7b078f7-3955-11ef-932e-157c9bc18a5f",NA,NA,1971,"12/18/1971","831bfaf5-3960-11ef-b6a2-2906cc9fb6bc","away","VfL Lübeck-Schwartau","Hamburger SV",14,12,TRUE,6,NA,NA,0,0,0,NA,0,0,0,0,0,0,NA,NA,NA,NA,NA,NA,NA,NA,0,0,0,0,NA,NA,NA,NA,NA
"Björn Clausen","c7b94735-3955-11ef-b741-157c9bc18a5f",NA,NA,1971,"12/18/1971","831bfaf5-3960-11ef-b6a2-2906cc9fb6bc","away","VfL Lübeck-Schwartau","Hamburger SV",14,12,TRUE,0,NA,NA,0,0,0,NA,0,0,0,0,0,0,NA,NA,NA,NA,NA,NA,NA,NA,0,0,0,0,NA,NA,NA,NA,NA
"Jochen Hoffmann","c7bdef38-3955-11ef-8b6c-157c9bc18a5f",NA,NA,1971,"12/18/1971","831bfaf5-3960-11ef-b6a2-2906cc9fb6bc","away","VfL Lübeck-Schwartau","Hamburger SV",14,12,TRUE,0,NA,NA,0,0,0,NA,0,0,0,0,0,0,NA,NA,NA,NA,NA,NA,NA,NA,0,0,0,0,NA,NA,NA,NA,NA
"Gerhard Anduleit","c9215aaa-3955-11ef-ac64-157c9bc18a5f",NA,NA,1971,"12/18/1971","831bfaf5-3960-11ef-b6a2-2906cc9fb6bc","away","VfL Lübeck-Schwartau","Hamburger SV",14,12,TRUE,1,NA,NA,0,0,0,NA,0,0,0,0,0,0,NA,NA,NA,NA,NA,NA,NA,NA,0,0,0,0,NA,NA,NA,NA,NA
"Hans-Joachim Krüger","989303b8-3955-11ef-ac0a-292be3190b7b",NA,NA,1971,"12/18/1971","84139e36-3960-11ef-8345-2906cc9fb6bc","home","TSB Flensburg","THW Kiel",12,13,FALSE,2,NA,NA,0,0,0,NA,0,0,0,0,0,0,NA,NA,NA,NA,NA,NA,NA,NA,0,0,0,0,NA,NA,NA,NA,NA
"Ulrich Althoff","bb6c27f0-3955-11ef-9d06-ab397f561917",NA,NA,1971,"12/18/1971","84139e36-3960-11ef-8345-2906cc9fb6bc","home","TSB Flensburg","THW Kiel",12,13,FALSE,0,NA,NA,0,0,0,NA,0,0,0,0,0,0,NA,NA,NA,NA,NA,NA,NA,NA,0,0,0,0,NA,NA,NA,NA,NA
"Helmut Wolff","c8c361d9-3955-11ef-b16f-157c9bc18a5f",NA,NA,1971,"12/18/1971","84139e36-3960-11ef-8345-2906cc9fb6bc","home","TSB Flensburg","THW Kiel",12,13,FALSE,0,NA,NA,0,0,0,NA,0,0,0,0,0,0,NA,NA,NA,NA,NA,NA,NA,NA,0,0,0,0,NA,NA,NA,NA,NA
"Sönke Voß","c8c872dc-3955-11ef-8979-157c9bc18a5f",NA,NA,1971,"12/18/1971","84139e36-3960-11ef-8345-2906cc9fb6bc","home","TSB Flensburg","THW Kiel",12,13,FALSE,1,NA,NA,0,0,0,NA,0,0,0,0,0,0,NA,NA,NA,NA,NA,NA,NA,NA,0,0,0,0,NA,NA,NA,NA,NA
"Trutz Kob","c8ccf221-3955-11ef-8f6f-157c9bc18a5f",NA,NA,1971,"12/18/1971","84139e36-3960-11ef-8345-2906cc9fb6bc","home","TSB Flensburg","THW Kiel",12,13,FALSE,0,NA,NA,0,0,0,NA,0,0,0,0,0,0,NA,NA,NA,NA,NA,NA,NA,NA,0,0,0,0,NA,NA,NA,NA,NA
"Dieter Liesch","c8d1ab08-3955-11ef-bf4b-157c9bc18a5f",NA,NA,1971,"12/18/1971","84139e36-3960-11ef-8345-2906cc9fb6bc","home","TSB Flensburg","THW Kiel",12,13,FALSE,3,NA,NA,0,0,0,NA,0,0,0,0,0,0,NA,NA,NA,NA,NA,NA,NA,NA,0,0,0,0,NA,NA,NA,NA,NA
"Gerhard Brast","c8d5c599-3955-11ef-8eef-157c9bc18a5f",NA,NA,1971,"12/18/1971","84139e36-3960-11ef-8345-2906cc9fb6bc","home","TSB Flensburg","THW Kiel",12,13,FALSE,4,NA,NA,0,0,3,NA,0,0,0,0,0,0,NA,NA,NA,NA,NA,NA,NA,NA,0,0,0,0,NA,NA,NA,NA,NA
"Günter Jensen","c8d9f473-3955-11ef-9c30-157c9bc18a5f",NA,NA,1971,"12/18/1971","84139e36-3960-11ef-8345-2906cc9fb6bc","home","TSB Flensburg","THW Kiel",12,13,FALSE,0,NA,NA,0,0,0,NA,0,0,0,0,0,0,NA,NA,NA,NA,NA,NA,NA,NA,0,0,0,0,NA,NA,NA,NA,NA
"Rolf Asmussen","c8e24957-3955-11ef-86ce-157c9bc18a5f",NA,NA,1971,"12/18/1971","84139e36-3960-11ef-8345-2906cc9fb6bc","home","TSB Flensburg","THW Kiel",12,13,FALSE,1,NA,NA,0,0,0,NA,0,0,0,0,0,0,NA,NA,NA,NA,NA,NA,NA,NA,0,0,0,0,NA,NA,NA,NA,NA
"Hans-Jürgen Zastera","c8eb73c1-3955-11ef-bb77-157c9bc18a5f",NA,NA,1971,"12/18/1971","84139e36-3960-11ef-8345-2906cc9fb6bc","home","TSB Flensburg","THW Kiel",12,13,FALSE,1,NA,NA,0,0,0,NA,0,0,0,0,0,0,NA,NA,NA,NA,NA,NA,NA,NA,0,0,0,0,NA,NA,NA,NA,NA
"Heinz-Werner Kuhn","c8f40ff2-3955-11ef-89ee-157c9bc18a5f",NA,NA,1971,"12/18/1971","84139e36-3960-11ef-8345-2906cc9fb6bc","home","TSB Flensburg","THW Kiel",12,13,FALSE,0,NA,NA,0,0,0,NA,0,0,0,0,0,0,NA,NA,NA,NA,NA,NA,NA,NA,0,0,0,0,NA,NA,NA,NA,NA
"Gerd Welz","98273a90-3955-11ef-a3a2-292be3190b7b",NA,NA,1971,"12/18/1971","84139e36-3960-11ef-8345-2906cc9fb6bc","away","THW Kiel","TSB Flensburg",13,12,TRUE,0,NA,NA,0,0,0,NA,0,0,0,0,0,0,NA,NA,NA,NA,NA,NA,NA,NA,0,0,0,0,NA,NA,NA,NA,NA
"Volker Harbs","9995a6f3-3955-11ef-b74f-292be3190b7b",NA,NA,1971,"12/18/1971","84139e36-3960-11ef-8345-2906cc9fb6bc","away","THW Kiel","TSB Flensburg",13,12,TRUE,0,NA,NA,0,0,0,NA,0,0,0,0,0,0,NA,NA,NA,NA,NA,NA,NA,NA,0,0,0,0,NA,NA,NA,NA,NA
"Ingo Schütz","ae3ef1e3-3955-11ef-8b16-a36230ada079",NA,NA,1971,"12/18/1971","84139e36-3960-11ef-8345-2906cc9fb6bc","away","THW Kiel","TSB Flensburg",13,12,TRUE,0,NA,NA,0,0,0,NA,0,0,0,0,0,0,NA,NA,NA,NA,NA,NA,NA,NA,0,0,0,0,NA,NA,NA,NA,NA
"Peter Prehn","b073ee0a-3955-11ef-8404-a36230ada079",NA,NA,1971,"12/18/1971","84139e36-3960-11ef-8345-2906cc9fb6bc","away","THW Kiel","TSB Flensburg",13,12,TRUE,0,NA,NA,0,0,0,NA,0,0,0,0,0,0,NA,NA,NA,NA,NA,NA,NA,NA,0,0,0,0,NA,NA,NA,NA,NA
"Peter Werk","b0784d6e-3955-11ef-9a85-a36230ada079",NA,NA,1971,"12/18/1971","84139e36-3960-11ef-8345-2906cc9fb6bc","away","THW Kiel","TSB Flensburg",13,12,TRUE,1,NA,NA,0,0,0,NA,0,0,0,0,0,0,NA,NA,NA,NA,NA,NA,NA,NA,0,0,0,0,NA,NA,NA,NA,NA
"Herwig Ahrendsen","b143192b-3955-11ef-bef0-a36230ada079",NA,NA,1971,"12/18/1971","84139e36-3960-11ef-8345-2906cc9fb6bc","away","THW Kiel","TSB Flensburg",13,12,TRUE,1,NA,NA,0,0,0,NA,0,0,0,0,0,0,NA,NA,NA,NA,NA,NA,NA,NA,0,0,0,0,NA,NA,NA,NA,NA
"Bernd Nielsen","b1480d2c-3955-11ef-8563-a36230ada079",NA,NA,1971,"12/18/1971","84139e36-3960-11ef-8345-2906cc9fb6bc","away","THW Kiel","TSB Flensburg",13,12,TRUE,8,NA,NA,0,0,4,NA,0,0,0,0,0,0,NA,NA,NA,NA,NA,NA,NA,NA,0,0,0,0,NA,NA,NA,NA,NA
"Hartwig Moll","b14ce7d8-3955-11ef-8cb5-a36230ada079",NA,NA,1971,"12/18/1971","84139e36-3960-11ef-8345-2906cc9fb6bc","away","THW Kiel","TSB Flensburg",13,12,TRUE,1,NA,NA,0,0,0,NA,0,0,0,0,0,0,NA,NA,NA,NA,NA,NA,NA,NA,0,0,0,0,NA,NA,NA,NA,NA
"Rainer Voigt","c7c742a9-3955-11ef-b542-157c9bc18a5f",NA,NA,1971,"12/18/1971","84139e36-3960-11ef-8345-2906cc9fb6bc","away","THW Kiel","TSB Flensburg",13,12,TRUE,0,NA,NA,0,0,0,NA,0,0,0,0,0,0,NA,NA,NA,NA,NA,NA,NA,NA,0,0,0,0,NA,NA,NA,NA,NA
"Dieter Baguhn","c7cbf017-3955-11ef-b1f7-157c9bc18a5f",NA,NA,1971,"12/18/1971","84139e36-3960-11ef-8345-2906cc9fb6bc","away","THW Kiel","TSB Flensburg",13,12,TRUE,1,NA,NA,0,0,0,NA,0,0,0,0,0,0,NA,NA,NA,NA,NA,NA,NA,NA,0,0,0,0,NA,NA,NA,NA,NA
"Bernd Struck","c7d4c3a5-3955-11ef-a743-157c9bc18a5f",NA,NA,1971,"12/18/1971","84139e36-3960-11ef-8345-2906cc9fb6bc","away","THW Kiel","TSB Flensburg",13,12,TRUE,1,NA,NA,0,0,0,NA,0,0,0,0,0,0,NA,NA,NA,NA,NA,NA,NA,NA,0,0,0,0,NA,NA,NA,NA,NA
"Jürgen Hahn","ae947745-3955-11ef-bc54-a36230ada079",NA,NA,1971,"12/18/1971","8596b64f-3960-11ef-9c4b-2906cc9fb6bc","home","TV Hochdorf","SpVgg 1887 Möhringen",14,18,FALSE,3,NA,NA,0,0,0,NA,0,0,0,0,0,0,NA,NA,NA,NA,NA,NA,NA,NA,0,0,0,0,NA,NA,NA,NA,NA
"Wilfried Job","af3ed007-3955-11ef-9184-a36230ada079",NA,NA,1971,"12/18/1971","8596b64f-3960-11ef-9c4b-2906cc9fb6bc","home","TV Hochdorf","SpVgg 1887 Möhringen",14,18,FALSE,2,NA,NA,0,0,0,NA,0,0,0,0,0,0,NA,NA,NA,NA,NA,NA,NA,NA,0,0,0,0,NA,NA,NA,NA,NA
"Hans Stein","bde4861d-3955-11ef-a14e-ab397f561917",NA,NA,1971,"12/18/1971","8596b64f-3960-11ef-9c4b-2906cc9fb6bc","home","TV Hochdorf","SpVgg 1887 Möhringen",14,18,FALSE,2,NA,NA,0,0,0,NA,0,0,0,0,0,0,NA,NA,NA,NA,NA,NA,NA,NA,0,0,0,0,NA,NA,NA,NA,NA
"Hans Schmitz","c9354efe-3955-11ef-b77a-157c9bc18a5f",NA,NA,1971,"12/18/1971","8596b64f-3960-11ef-9c4b-2906cc9fb6bc","home","TV Hochdorf","SpVgg 1887 Möhringen",14,18,FALSE,1,NA,NA,0,0,0,NA,0,0,0,0,0,0,NA,NA,NA,NA,NA,NA,NA,NA,0,0,0,0,NA,NA,NA,NA,NA
"Werner Häfele","c9414487-3955-11ef-a5df-157c9bc18a5f",NA,NA,1971,"12/18/1971","8596b64f-3960-11ef-9c4b-2906cc9fb6bc","home","TV Hochdorf","SpVgg 1887 Möhringen",14,18,FALSE,0,NA,NA,0,0,0,NA,0,0,0,0,0,0,NA,NA,NA,NA,NA,NA,NA,NA,0,0,0,0,NA,NA,NA,NA,NA
"Peter Frisch","c94a46b7-3955-11ef-8686-157c9bc18a5f",NA,NA,1971,"12/18/1971","8596b64f-3960-11ef-9c4b-2906cc9fb6bc","home","TV Hochdorf","SpVgg 1887 Möhringen",14,18,FALSE,2,NA,NA,0,0,0,NA,0,0,0,0,0,0,NA,NA,NA,NA,NA,NA,NA,NA,0,0,0,0,NA,NA,NA,NA,NA
"Werner Matill","c9539495-3955-11ef-9bff-157c9bc18a5f",NA,NA,1971,"12/18/1971","8596b64f-3960-11ef-9c4b-2906cc9fb6bc","home","TV Hochdorf","SpVgg 1887 Möhringen",14,18,FALSE,0,NA,NA,0,0,0,NA,0,0,0,0,0,0,NA,NA,NA,NA,NA,NA,NA,NA,0,0,0,0,NA,NA,NA,NA,NA
"Josef Ehmann","c957db2c-3955-11ef-b766-157c9bc18a5f",NA,NA,1971,"12/18/1971","8596b64f-3960-11ef-9c4b-2906cc9fb6bc","home","TV Hochdorf","SpVgg 1887 Möhringen",14,18,FALSE,0,NA,NA,0,0,0,NA,0,0,0,0,0,0,NA,NA,NA,NA,NA,NA,NA,NA,0,0,0,0,NA,NA,NA,NA,NA
"Wolfgang Stolz","999eb14b-3955-11ef-bbce-292be3190b7b",NA,NA,1971,"12/18/1971","8596b64f-3960-11ef-9c4b-2906cc9fb6bc","away","SpVgg 1887 Möhringen","TV Hochdorf",18,14,TRUE,3,NA,NA,0,0,0,NA,0,0,0,0,0,0,NA,NA,NA,NA,NA,NA,NA,NA,0,0,0,0,NA,NA,NA,NA,NA
"Hermann Mäurle","a44f95e3-3955-11ef-b53d-2510cc07ea6e",NA,NA,1971,"12/18/1971","8596b64f-3960-11ef-9c4b-2906cc9fb6bc","away","SpVgg 1887 Möhringen","TV Hochdorf",18,14,TRUE,2,NA,NA,0,0,0,NA,0,0,0,0,0,0,NA,NA,NA,NA,NA,NA,NA,NA,0,0,0,0,NA,NA,NA,NA,NA
"Karl-Heinz Wolf","c8354cdd-3955-11ef-a1d6-157c9bc18a5f",NA,NA,1971,"12/18/1971","8596b64f-3960-11ef-9c4b-2906cc9fb6bc","away","SpVgg 1887 Möhringen","TV Hochdorf",18,14,TRUE,5,NA,NA,0,0,0,NA,0,0,0,0,0,0,NA,NA,NA,NA,NA,NA,NA,NA,0,0,0,0,NA,NA,NA,NA,NA
"Gerd-Volker Stock","c8397c3c-3955-11ef-af12-157c9bc18a5f",NA,NA,1971,"12/18/1971","8596b64f-3960-11ef-9c4b-2906cc9fb6bc","away","SpVgg 1887 Möhringen","TV Hochdorf",18,14,TRUE,2,NA,NA,0,0,0,NA,0,0,0,0,0,0,NA,NA,NA,NA,NA,NA,NA,NA,0,0,0,0,NA,NA,NA,NA,NA
"Dieter Schuh","c84c4c54-3955-11ef-9d35-157c9bc18a5f",NA,NA,1971,"12/18/1971","8596b64f-3960-11ef-9c4b-2906cc9fb6bc","away","SpVgg 1887 Möhringen","TV Hochdorf",18,14,TRUE,1,NA,NA,0,0,0,NA,0,0,0,0,0,0,NA,NA,NA,NA,NA,NA,NA,NA,0,0,0,0,NA,NA,NA,NA,NA
"Lothar Scheffel","c850996c-3955-11ef-94a7-157c9bc18a5f",NA,NA,1971,"12/18/1971","8596b64f-3960-11ef-9c4b-2906cc9fb6bc","away","SpVgg 1887 Möhringen","TV Hochdorf",18,14,TRUE,2,NA,NA,0,0,0,NA,0,0,0,0,0,0,NA,NA,NA,NA,NA,NA,NA,NA,0,0,0,0,NA,NA,NA,NA,NA
"Robert Bach","c85fda21-3955-11ef-9bd8-157c9bc18a5f",NA,NA,1971,"12/18/1971","8596b64f-3960-11ef-9c4b-2906cc9fb6bc","away","SpVgg 1887 Möhringen","TV Hochdorf",18,14,TRUE,0,NA,NA,0,0,0,NA,0,0,0,0,0,0,NA,NA,NA,NA,NA,NA,NA,NA,0,0,0,0,NA,NA,NA,NA,NA
"Karl-Heinz Steinbach","c864fc61-3955-11ef-bc13-157c9bc18a5f",NA,NA,1971,"12/18/1971","8596b64f-3960-11ef-9c4b-2906cc9fb6bc","away","SpVgg 1887 Möhringen","TV Hochdorf",18,14,TRUE,0,NA,NA,0,0,0,NA,0,0,0,0,0,0,NA,NA,NA,NA,NA,NA,NA,NA,0,0,0,0,NA,NA,NA,NA,NA
"Wolfgang Schall","c869381d-3955-11ef-a2ed-157c9bc18a5f",NA,NA,1971,"12/18/1971","8596b64f-3960-11ef-9c4b-2906cc9fb6bc","away","SpVgg 1887 Möhringen","TV Hochdorf",18,14,TRUE,2,NA,NA,0,0,0,NA,0,0,0,0,0,0,NA,NA,NA,NA,NA,NA,NA,NA,0,0,0,0,NA,NA,NA,NA,NA
"Günter Heger","c9b80786-3955-11ef-80ae-157c9bc18a5f",NA,NA,1971,"12/18/1971","8596b64f-3960-11ef-9c4b-2906cc9fb6bc","away","SpVgg 1887 Möhringen","TV Hochdorf",18,14,TRUE,1,NA,NA,0,0,0,NA,0,0,0,0,0,0,NA,NA,NA,NA,NA,NA,NA,NA,0,0,0,0,NA,NA,NA,NA,NA
"Gerhard Gaiser","7fd4e3db-3955-11ef-b327-b908c60af10a",NA,NA,1971,"12/18/1971","8c25211a-3960-11ef-a56a-9b08c5d4c173","home","TSV 1896 Rintheim","S3L Handball",23,14,TRUE,3,NA,NA,0,0,1,NA,0,0,0,0,0,0,NA,NA,NA,NA,NA,NA,NA,NA,0,0,0,0,NA,NA,NA,NA,NA
"Wolf-Dieter Nagel","8d41486b-3955-11ef-8d22-81dc40648355",NA,NA,1971,"12/18/1971","8c25211a-3960-11ef-a56a-9b08c5d4c173","home","TSV 1896 Rintheim","S3L Handball",23,14,TRUE,3,NA,NA,0,0,0,NA,0,0,0,0,0,0,NA,NA,NA,NA,NA,NA,NA,NA,0,0,0,0,NA,NA,NA,NA,NA
"Franz Bechler","98035d7e-3955-11ef-8b94-292be3190b7b",NA,NA,1971,"12/18/1971","8c25211a-3960-11ef-a56a-9b08c5d4c173","home","TSV 1896 Rintheim","S3L Handball",23,14,TRUE,3,NA,NA,0,0,0,NA,0,0,0,0,0,0,NA,NA,NA,NA,NA,NA,NA,NA,0,0,0,0,NA,NA,NA,NA,NA
"Hans-Eberhard Finkbeiner","a2f451eb-3955-11ef-99da-2510cc07ea6e",NA,NA,1971,"12/18/1971","8c25211a-3960-11ef-a56a-9b08c5d4c173","home","TSV 1896 Rintheim","S3L Handball",23,14,TRUE,0,NA,NA,0,0,0,NA,0,0,0,0,0,0,NA,NA,NA,NA,NA,NA,NA,NA,0,0,0,0,NA,NA,NA,NA,NA
"Bernd Seibel","bc6670d9-3955-11ef-b849-ab397f561917",NA,NA,1971,"12/18/1971","8c25211a-3960-11ef-a56a-9b08c5d4c173","home","TSV 1896 Rintheim","S3L Handball",23,14,TRUE,4,NA,NA,0,0,0,NA,0,0,0,0,0,0,NA,NA,NA,NA,NA,NA,NA,NA,0,0,0,0,NA,NA,NA,NA,NA
"Wolfgang Dillenberger","bc6a40c8-3955-11ef-8c9f-ab397f561917",NA,NA,1971,"12/18/1971","8c25211a-3960-11ef-a56a-9b08c5d4c173","home","TSV 1896 Rintheim","S3L Handball",23,14,TRUE,7,NA,NA,0,0,1,NA,0,0,0,0,0,0,NA,NA,NA,NA,NA,NA,NA,NA,0,0,0,0,NA,NA,NA,NA,NA
"Max Ullrich","c6e110c6-3955-11ef-83e4-157c9bc18a5f",NA,NA,1971,"12/18/1971","8c25211a-3960-11ef-a56a-9b08c5d4c173","home","TSV 1896 Rintheim","S3L Handball",23,14,TRUE,0,NA,NA,0,0,0,NA,0,0,0,0,0,0,NA,NA,NA,NA,NA,NA,NA,NA,0,0,0,0,NA,NA,NA,NA,NA
"Richard Baumer","c6e9de45-3955-11ef-b5bf-157c9bc18a5f",NA,NA,1971,"12/18/1971","8c25211a-3960-11ef-a56a-9b08c5d4c173","home","TSV 1896 Rintheim","S3L Handball",23,14,TRUE,2,NA,NA,0,0,0,NA,0,0,0,0,0,0,NA,NA,NA,NA,NA,NA,NA,NA,0,0,0,0,NA,NA,NA,NA,NA
"Siegfried Brabec","c87758a1-3955-11ef-9dbd-157c9bc18a5f",NA,NA,1971,"12/18/1971","8c25211a-3960-11ef-a56a-9b08c5d4c173","home","TSV 1896 Rintheim","S3L Handball",23,14,TRUE,0,NA,NA,0,0,0,NA,0,0,0,0,0,0,NA,NA,NA,NA,NA,NA,NA,NA,0,0,0,0,NA,NA,NA,NA,NA
"Josef Bechler","c88a53f3-3955-11ef-bd99-157c9bc18a5f",NA,NA,1971,"12/18/1971","8c25211a-3960-11ef-a56a-9b08c5d4c173","home","TSV 1896 Rintheim","S3L Handball",23,14,TRUE,1,NA,NA,0,0,0,NA,0,0,0,0,0,0,NA,NA,NA,NA,NA,NA,NA,NA,0,0,0,0,NA,NA,NA,NA,NA
"Rolf-Eberhard Jaeger","c9bde9a1-3955-11ef-9a50-157c9bc18a5f",NA,NA,1971,"12/18/1971","8c25211a-3960-11ef-a56a-9b08c5d4c173","home","TSV 1896 Rintheim","S3L Handball",23,14,TRUE,0,NA,NA,0,0,0,NA,0,0,0,0,0,0,NA,NA,NA,NA,NA,NA,NA,NA,0,0,0,0,NA,NA,NA,NA,NA
"Manfred Schulz","8bc2b5ea-3955-11ef-8d03-81dc40648355",NA,NA,1971,"12/18/1971","8c25211a-3960-11ef-a56a-9b08c5d4c173","away","S3L Handball","TSV 1896 Rintheim",14,23,FALSE,0,NA,NA,0,0,0,NA,0,0,0,0,0,0,NA,NA,NA,NA,NA,NA,NA,NA,0,0,0,0,NA,NA,NA,NA,NA
"Alfred Schmitt","a25e1dab-3955-11ef-b412-2510cc07ea6e",NA,NA,1971,"12/18/1971","8c25211a-3960-11ef-a56a-9b08c5d4c173","away","S3L Handball","TSV 1896 Rintheim",14,23,FALSE,0,NA,NA,0,0,0,NA,0,0,0,0,0,0,NA,NA,NA,NA,NA,NA,NA,NA,0,0,0,0,NA,NA,NA,NA,NA
"Georg Fitz","ae68320c-3955-11ef-89fa-a36230ada079",NA,NA,1971,"12/18/1971","8c25211a-3960-11ef-a56a-9b08c5d4c173","away","S3L Handball","TSV 1896 Rintheim",14,23,FALSE,2,NA,NA,0,0,0,NA,0,0,0,0,0,0,NA,NA,NA,NA,NA,NA,NA,NA,0,0,0,0,NA,NA,NA,NA,NA
"Rolf Kuchenbecker","ae99100e-3955-11ef-9c32-a36230ada079",NA,NA,1971,"12/18/1971","8c25211a-3960-11ef-a56a-9b08c5d4c173","away","S3L Handball","TSV 1896 Rintheim",14,23,FALSE,2,NA,NA,0,0,0,NA,0,0,0,0,0,0,NA,NA,NA,NA,NA,NA,NA,NA,0,0,0,0,NA,NA,NA,NA,NA
"Hansjörg Jäck","b166bd31-3955-11ef-bed1-a36230ada079",NA,NA,1971,"12/18/1971","8c25211a-3960-11ef-a56a-9b08c5d4c173","away","S3L Handball","TSV 1896 Rintheim",14,23,FALSE,0,NA,NA,0,0,0,NA,0,0,0,0,0,0,NA,NA,NA,NA,NA,NA,NA,NA,0,0,0,0,NA,NA,NA,NA,NA
"Markus Hädrich","ba389acc-3955-11ef-8b9d-ab397f561917",NA,NA,1971,"12/18/1971","8c25211a-3960-11ef-a56a-9b08c5d4c173","away","S3L Handball","TSV 1896 Rintheim",14,23,FALSE,0,NA,NA,0,0,0,NA,0,0,0,0,0,0,NA,NA,NA,NA,NA,NA,NA,NA,0,0,0,0,NA,NA,NA,NA,NA
"Werner Pruscha","bb9c8e56-3955-11ef-ac18-ab397f561917",NA,NA,1971,"12/18/1971","8c25211a-3960-11ef-a56a-9b08c5d4c173","away","S3L Handball","TSV 1896 Rintheim",14,23,FALSE,0,NA,NA,0,0,0,NA,0,0,0,0,0,0,NA,NA,NA,NA,NA,NA,NA,NA,0,0,0,0,NA,NA,NA,NA,NA
"Wolfhardt Bühler","bba2fc92-3955-11ef-a8d6-ab397f561917",NA,NA,1971,"12/18/1971","8c25211a-3960-11ef-a56a-9b08c5d4c173","away","S3L Handball","TSV 1896 Rintheim",14,23,FALSE,1,NA,NA,0,0,0,NA,0,0,0,0,0,0,NA,NA,NA,NA,NA,NA,NA,NA,0,0,0,0,NA,NA,NA,NA,NA
"Herbert Hönnige","c7e7cc14-3955-11ef-af0e-157c9bc18a5f",NA,NA,1971,"12/18/1971","8c25211a-3960-11ef-a56a-9b08c5d4c173","away","S3L Handball","TSV 1896 Rintheim",14,23,FALSE,6,NA,NA,0,0,1,NA,0,0,0,0,0,0,NA,NA,NA,NA,NA,NA,NA,NA,0,0,0,0,NA,NA,NA,NA,NA
"Jürgen Plambeck","c95d267b-3955-11ef-9a98-157c9bc18a5f",NA,NA,1971,"12/18/1971","8c25211a-3960-11ef-a56a-9b08c5d4c173","away","S3L Handball","TSV 1896 Rintheim",14,23,FALSE,3,NA,NA,0,0,0,NA,0,0,0,0,0,0,NA,NA,NA,NA,NA,NA,NA,NA,0,0,0,0,NA,NA,NA,NA,NA
"Manfred Schwarz","96d98e53-3955-11ef-a3c9-292be3190b7b",NA,NA,1971,"12/18/1971","8ccc040c-3960-11ef-8821-9b08c5d4c173","home","TV Großwallstadt","TSV Milbertshofen",23,20,TRUE,0,NA,NA,0,0,0,NA,0,0,0,0,0,0,NA,NA,NA,NA,NA,NA,NA,NA,0,0,0,0,NA,NA,NA,NA,NA
"Wolfgang Dümig","978dc3fc-3955-11ef-b042-292be3190b7b",NA,NA,1971,"12/18/1971","8ccc040c-3960-11ef-8821-9b08c5d4c173","home","TV Großwallstadt","TSV Milbertshofen",23,20,TRUE,2,NA,NA,0,0,0,NA,0,0,0,0,0,0,NA,NA,NA,NA,NA,NA,NA,NA,0,0,0,0,NA,NA,NA,NA,NA
"Eckhardt Suffel","aeac0503-3955-11ef-88c6-a36230ada079",NA,NA,1971,"12/18/1971","8ccc040c-3960-11ef-8821-9b08c5d4c173","home","TV Großwallstadt","TSV Milbertshofen",23,20,TRUE,1,NA,NA,0,0,0,NA,0,0,0,0,0,0,NA,NA,NA,NA,NA,NA,NA,NA,0,0,0,0,NA,NA,NA,NA,NA
"Peter Kuß","bbc18adb-3955-11ef-a5f7-ab397f561917",NA,NA,1971,"12/18/1971","8ccc040c-3960-11ef-8821-9b08c5d4c173","home","TV Großwallstadt","TSV Milbertshofen",23,20,TRUE,2,NA,NA,0,0,0,NA,0,0,0,0,0,0,NA,NA,NA,NA,NA,NA,NA,NA,0,0,0,0,NA,NA,NA,NA,NA
"Rainer Oberle","be123408-3955-11ef-92a6-ab397f561917",NA,NA,1971,"12/18/1971","8ccc040c-3960-11ef-8821-9b08c5d4c173","home","TV Großwallstadt","TSV Milbertshofen",23,20,TRUE,4,NA,NA,0,0,0,NA,0,0,0,0,0,0,NA,NA,NA,NA,NA,NA,NA,NA,0,0,0,0,NA,NA,NA,NA,NA
"Josef Karrer","be167639-3955-11ef-ac70-ab397f561917",NA,NA,1971,"12/18/1971","8ccc040c-3960-11ef-8821-9b08c5d4c173","home","TV Großwallstadt","TSV Milbertshofen",23,20,TRUE,8,NA,NA,0,0,1,NA,0,0,0,0,0,0,NA,NA,NA,NA,NA,NA,NA,NA,0,0,0,0,NA,NA,NA,NA,NA
"Klaus Klühspies","c9723883-3955-11ef-b2da-157c9bc18a5f",NA,NA,1971,"12/18/1971","8ccc040c-3960-11ef-8821-9b08c5d4c173","home","TV Großwallstadt","TSV Milbertshofen",23,20,TRUE,1,NA,NA,0,0,0,NA,0,0,0,0,0,0,NA,NA,NA,NA,NA,NA,NA,NA,0,0,0,0,NA,NA,NA,NA,NA
"Hans Amberg","c976a145-3955-11ef-9331-157c9bc18a5f",NA,NA,1971,"12/18/1971","8ccc040c-3960-11ef-8821-9b08c5d4c173","home","TV Großwallstadt","TSV Milbertshofen",23,20,TRUE,3,NA,NA,0,0,0,NA,0,0,0,0,0,0,NA,NA,NA,NA,NA,NA,NA,NA,0,0,0,0,NA,NA,NA,NA,NA
"Ludwig Hohm","c97b5499-3955-11ef-8cf3-157c9bc18a5f",NA,NA,1971,"12/18/1971","8ccc040c-3960-11ef-8821-9b08c5d4c173","home","TV Großwallstadt","TSV Milbertshofen",23,20,TRUE,2,NA,NA,0,0,0,NA,0,0,0,0,0,0,NA,NA,NA,NA,NA,NA,NA,NA,0,0,0,0,NA,NA,NA,NA,NA
"Hans Moser","7e83ce46-3955-11ef-830d-b908c60af10a",NA,NA,1971,"12/18/1971","8ccc040c-3960-11ef-8821-9b08c5d4c173","away","TSV Milbertshofen","TV Großwallstadt",20,23,FALSE,3,NA,NA,0,0,0,NA,0,0,0,0,0,0,NA,NA,NA,NA,NA,NA,NA,NA,0,0,0,0,NA,NA,NA,NA,NA
"Werner Winkelmeier","9712104e-3955-11ef-9613-292be3190b7b",NA,NA,1971,"12/18/1971","8ccc040c-3960-11ef-8821-9b08c5d4c173","away","TSV Milbertshofen","TV Großwallstadt",20,23,FALSE,4,NA,NA,0,0,0,NA,0,0,0,0,0,0,NA,NA,NA,NA,NA,NA,NA,NA,0,0,0,0,NA,NA,NA,NA,NA
"Josef Kiener","972d7d47-3955-11ef-a437-292be3190b7b",NA,NA,1971,"12/18/1971","8ccc040c-3960-11ef-8821-9b08c5d4c173","away","TSV Milbertshofen","TV Großwallstadt",20,23,FALSE,2,NA,NA,0,0,1,NA,0,0,0,0,0,0,NA,NA,NA,NA,NA,NA,NA,NA,0,0,0,0,NA,NA,NA,NA,NA
"Rudolf Dobler","97ac407c-3955-11ef-9ea9-292be3190b7b",NA,NA,1971,"12/18/1971","8ccc040c-3960-11ef-8821-9b08c5d4c173","away","TSV Milbertshofen","TV Großwallstadt",20,23,FALSE,1,NA,NA,0,0,0,NA,0,0,0,0,0,0,NA,NA,NA,NA,NA,NA,NA,NA,0,0,0,0,NA,NA,NA,NA,NA
"Helmut Schelchshorn","b1c960ef-3955-11ef-850b-a36230ada079",NA,NA,1971,"12/18/1971","8ccc040c-3960-11ef-8821-9b08c5d4c173","away","TSV Milbertshofen","TV Großwallstadt",20,23,FALSE,1,NA,NA,0,0,0,NA,0,0,0,0,0,0,NA,NA,NA,NA,NA,NA,NA,NA,0,0,0,0,NA,NA,NA,NA,NA
"Peter Feddern","bc1b1b3e-3955-11ef-9c4e-ab397f561917",NA,NA,1971,"12/18/1971","8ccc040c-3960-11ef-8821-9b08c5d4c173","away","TSV Milbertshofen","TV Großwallstadt",20,23,FALSE,1,NA,NA,0,0,0,NA,0,0,0,0,0,0,NA,NA,NA,NA,NA,NA,NA,NA,0,0,0,0,NA,NA,NA,NA,NA
"Herbert Staiger","c81d1d7c-3955-11ef-b36f-157c9bc18a5f",NA,NA,1971,"12/18/1971","8ccc040c-3960-11ef-8821-9b08c5d4c173","away","TSV Milbertshofen","TV Großwallstadt",20,23,FALSE,1,NA,NA,0,0,0,NA,0,0,0,0,0,0,NA,NA,NA,NA,NA,NA,NA,NA,0,0,0,0,NA,NA,NA,NA,NA
"Karl Donndorf","c821c668-3955-11ef-a20c-157c9bc18a5f",NA,NA,1971,"12/18/1971","8ccc040c-3960-11ef-8821-9b08c5d4c173","away","TSV Milbertshofen","TV Großwallstadt",20,23,FALSE,4,NA,NA,0,0,2,NA,0,0,0,0,0,0,NA,NA,NA,NA,NA,NA,NA,NA,0,0,0,0,NA,NA,NA,NA,NA
"Weil","c99aa2da-3955-11ef-883a-157c9bc18a5f",NA,NA,1971,"12/18/1971","8ccc040c-3960-11ef-8821-9b08c5d4c173","away","TSV Milbertshofen","TV Großwallstadt",20,23,FALSE,0,NA,NA,0,0,0,NA,0,0,0,0,0,0,NA,NA,NA,NA,NA,NA,NA,NA,0,0,0,0,NA,NA,NA,NA,NA
"Erich Loderer","c9a2ad0a-3955-11ef-9f7e-157c9bc18a5f",NA,NA,1971,"12/18/1971","8ccc040c-3960-11ef-8821-9b08c5d4c173","away","TSV Milbertshofen","TV Großwallstadt",20,23,FALSE,3,NA,NA,0,0,0,NA,0,0,0,0,0,0,NA,NA,NA,NA,NA,NA,NA,NA,0,0,0,0,NA,NA,NA,NA,NA
"Heinz-Theo Kaus","8086fdf9-3955-11ef-938f-b908c60af10a",NA,NA,1971,"12/18/1971","8d42d8e5-3960-11ef-b620-9b08c5d4c173","home","SG Dietzenbach","FRISCH AUF! Göppingen",13,16,FALSE,0,NA,NA,0,0,0,NA,0,0,0,0,0,0,NA,NA,NA,NA,NA,NA,NA,NA,0,0,0,0,NA,NA,NA,NA,NA
"Peter Fenn","96d23185-3955-11ef-bbcf-292be3190b7b",NA,NA,1971,"12/18/1971","8d42d8e5-3960-11ef-b620-9b08c5d4c173","home","SG Dietzenbach","FRISCH AUF! Göppingen",13,16,FALSE,0,NA,NA,0,0,0,NA,0,0,0,0,0,0,NA,NA,NA,NA,NA,NA,NA,NA,0,0,0,0,NA,NA,NA,NA,NA
"Herbert Wehnert","96e104db-3955-11ef-b58d-292be3190b7b",NA,NA,1971,"12/18/1971","8d42d8e5-3960-11ef-b620-9b08c5d4c173","home","SG Dietzenbach","FRISCH AUF! Göppingen",13,16,FALSE,6,NA,NA,0,0,0,NA,0,0,0,0,0,0,NA,NA,NA,NA,NA,NA,NA,NA,0,0,0,0,NA,NA,NA,NA,NA
"Manfred Merk","a2e89182-3955-11ef-b7cf-2510cc07ea6e",NA,NA,1971,"12/18/1971","8d42d8e5-3960-11ef-b620-9b08c5d4c173","home","SG Dietzenbach","FRISCH AUF! Göppingen",13,16,FALSE,1,NA,NA,0,0,0,NA,0,0,0,0,0,0,NA,NA,NA,NA,NA,NA,NA,NA,0,0,0,0,NA,NA,NA,NA,NA
"Reinhold Jerwan","b1d5c150-3955-11ef-9027-a36230ada079",NA,NA,1971,"12/18/1971","8d42d8e5-3960-11ef-b620-9b08c5d4c173","home","SG Dietzenbach","FRISCH AUF! Göppingen",13,16,FALSE,2,NA,NA,0,0,0,NA,0,0,0,0,0,0,NA,NA,NA,NA,NA,NA,NA,NA,0,0,0,0,NA,NA,NA,NA,NA
"Werner Conrad","b1d9e0f0-3955-11ef-8356-a36230ada079",NA,NA,1971,"12/18/1971","8d42d8e5-3960-11ef-b620-9b08c5d4c173","home","SG Dietzenbach","FRISCH AUF! Göppingen",13,16,FALSE,1,NA,NA,0,0,0,NA,0,0,0,0,0,0,NA,NA,NA,NA,NA,NA,NA,NA,0,0,0,0,NA,NA,NA,NA,NA
"Werner Kiefer","c68d071f-3955-11ef-b625-157c9bc18a5f",NA,NA,1971,"12/18/1971","8d42d8e5-3960-11ef-b620-9b08c5d4c173","home","SG Dietzenbach","FRISCH AUF! Göppingen",13,16,FALSE,0,NA,NA,0,0,0,NA,0,0,0,0,0,0,NA,NA,NA,NA,NA,NA,NA,NA,0,0,0,0,NA,NA,NA,NA,NA
"Norbert Kern","c6961a09-3955-11ef-8bcc-157c9bc18a5f",NA,NA,1971,"12/18/1971","8d42d8e5-3960-11ef-b620-9b08c5d4c173","home","SG Dietzenbach","FRISCH AUF! Göppingen",13,16,FALSE,3,NA,NA,0,0,1,NA,0,0,0,0,0,0,NA,NA,NA,NA,NA,NA,NA,NA,0,0,0,0,NA,NA,NA,NA,NA
"Hans-Joachim Herzig","c7ff4ec7-3955-11ef-a4ed-157c9bc18a5f",NA,NA,1971,"12/18/1971","8d42d8e5-3960-11ef-b620-9b08c5d4c173","home","SG Dietzenbach","FRISCH AUF! Göppingen",13,16,FALSE,0,NA,NA,0,0,0,NA,0,0,0,0,0,0,NA,NA,NA,NA,NA,NA,NA,NA,0,0,0,0,NA,NA,NA,NA,NA
"Friedel Haller","c9843209-3955-11ef-99a7-157c9bc18a5f",NA,NA,1971,"12/18/1971","8d42d8e5-3960-11ef-b620-9b08c5d4c173","home","SG Dietzenbach","FRISCH AUF! Göppingen",13,16,FALSE,0,NA,NA,0,0,0,NA,0,0,0,0,0,0,NA,NA,NA,NA,NA,NA,NA,NA,0,0,0,0,NA,NA,NA,NA,NA
"Peter Bucher","8e0071c9-3955-11ef-8ff8-81dc40648355",NA,NA,1971,"12/18/1971","8d42d8e5-3960-11ef-b620-9b08c5d4c173","away","FRISCH AUF! Göppingen","SG Dietzenbach",16,13,TRUE,2,NA,NA,0,0,0,NA,0,0,0,0,0,0,NA,NA,NA,NA,NA,NA,NA,NA,0,0,0,0,NA,NA,NA,NA,NA
"Max Müller","99453a6b-3955-11ef-84c2-292be3190b7b",NA,NA,1971,"12/18/1971","8d42d8e5-3960-11ef-b620-9b08c5d4c173","away","FRISCH AUF! Göppingen","SG Dietzenbach",16,13,TRUE,3,NA,NA,0,0,0,NA,0,0,0,0,0,0,NA,NA,NA,NA,NA,NA,NA,NA,0,0,0,0,NA,NA,NA,NA,NA
"Werner Fischer","af3a0885-3955-11ef-a884-a36230ada079",NA,NA,1971,"12/18/1971","8d42d8e5-3960-11ef-b620-9b08c5d4c173","away","FRISCH AUF! Göppingen","SG Dietzenbach",16,13,TRUE,0,NA,NA,0,0,0,NA,0,0,0,0,0,0,NA,NA,NA,NA,NA,NA,NA,NA,0,0,0,0,NA,NA,NA,NA,NA
"Hans Brodbeck","b1f00cc3-3955-11ef-b4c9-a36230ada079",NA,NA,1971,"12/18/1971","8d42d8e5-3960-11ef-b620-9b08c5d4c173","away","FRISCH AUF! Göppingen","SG Dietzenbach",16,13,TRUE,0,NA,NA,0,0,0,NA,0,0,0,0,0,0,NA,NA,NA,NA,NA,NA,NA,NA,0,0,0,0,NA,NA,NA,NA,NA
"Detlef Groß","b20edee3-3955-11ef-9e14-a36230ada079",NA,NA,1971,"12/18/1971","8d42d8e5-3960-11ef-b620-9b08c5d4c173","away","FRISCH AUF! Göppingen","SG Dietzenbach",16,13,TRUE,0,NA,NA,0,0,0,NA,0,0,0,0,0,0,NA,NA,NA,NA,NA,NA,NA,NA,0,0,0,0,NA,NA,NA,NA,NA
"Paul Epple","bc8167af-3955-11ef-8748-ab397f561917",NA,NA,1971,"12/18/1971","8d42d8e5-3960-11ef-b620-9b08c5d4c173","away","FRISCH AUF! Göppingen","SG Dietzenbach",16,13,TRUE,6,NA,NA,0,0,1,NA,0,0,0,0,0,0,NA,NA,NA,NA,NA,NA,NA,NA,0,0,0,0,NA,NA,NA,NA,NA
"Walter Pflüger","bc85cdbc-3955-11ef-8e24-ab397f561917",NA,NA,1971,"12/18/1971","8d42d8e5-3960-11ef-b620-9b08c5d4c173","away","FRISCH AUF! Göppingen","SG Dietzenbach",16,13,TRUE,1,NA,NA,0,0,0,NA,0,0,0,0,0,0,NA,NA,NA,NA,NA,NA,NA,NA,0,0,0,0,NA,NA,NA,NA,NA
"Werner Arndt","c71116e0-3955-11ef-85d3-157c9bc18a5f",NA,NA,1971,"12/18/1971","8d42d8e5-3960-11ef-b620-9b08c5d4c173","away","FRISCH AUF! Göppingen","SG Dietzenbach",16,13,TRUE,1,NA,NA,0,0,0,NA,0,0,0,0,0,0,NA,NA,NA,NA,NA,NA,NA,NA,0,0,0,0,NA,NA,NA,NA,NA
"Christian Patzer","c715a1de-3955-11ef-bc54-157c9bc18a5f",NA,NA,1971,"12/18/1971","8d42d8e5-3960-11ef-b620-9b08c5d4c173","away","FRISCH AUF! Göppingen","SG Dietzenbach",16,13,TRUE,1,NA,NA,0,0,0,NA,0,0,0,0,0,0,NA,NA,NA,NA,NA,NA,NA,NA,0,0,0,0,NA,NA,NA,NA,NA
"Gerd Knop","c9c82094-3955-11ef-b632-157c9bc18a5f",NA,NA,1971,"12/18/1971","8d42d8e5-3960-11ef-b620-9b08c5d4c173","away","FRISCH AUF! Göppingen","SG Dietzenbach",16,13,TRUE,0,NA,NA,0,0,0,NA,0,0,0,0,0,0,NA,NA,NA,NA,NA,NA,NA,NA,0,0,0,0,NA,NA,NA,NA,NA
"Armin Eisele","c9cc4c1b-3955-11ef-9f9f-157c9bc18a5f",NA,NA,1971,"12/18/1971","8d42d8e5-3960-11ef-b620-9b08c5d4c173","away","FRISCH AUF! Göppingen","SG Dietzenbach",16,13,TRUE,2,NA,NA,0,0,0,NA,0,0,0,0,0,0,NA,NA,NA,NA,NA,NA,NA,NA,0,0,0,0,NA,NA,NA,NA,NA
"Günter Schweikardt","d3e60b79-3953-11ef-9e8c-e3f2de03a1b7",NA,NA,1971,"12/18/1971","8d42d8e5-3960-11ef-b620-9b08c5d4c173","away","FRISCH AUF! Göppingen","SG Dietzenbach",16,13,TRUE,0,NA,NA,0,0,0,NA,0,0,0,0,0,0,NA,NA,NA,NA,NA,NA,NA,NA,0,0,0,0,NA,NA,NA,NA,NA
"Kurt Klühspies","5ac3e7d7-3955-11ef-b574-4fa817cd91bb",NA,NA,1971,"1/7/1972","8132a21e-3960-11ef-a6c6-2906cc9fb6bc","home","TV Großwallstadt","VfL Gummersbach",18,15,TRUE,1,NA,NA,0,0,0,NA,0,0,0,0,0,0,NA,NA,NA,NA,NA,NA,NA,NA,0,0,0,0,NA,NA,NA,NA,NA
"Manfred Hofmann","6855eb0b-3955-11ef-8cb3-292be3190b7b",NA,NA,1971,"1/7/1972","8132a21e-3960-11ef-a6c6-2906cc9fb6bc","home","TV Großwallstadt","VfL Gummersbach",18,15,TRUE,0,NA,NA,0,0,0,NA,0,0,0,0,0,0,NA,NA,NA,NA,NA,NA,NA,NA,0,0,0,0,NA,NA,NA,NA,NA
"Manfred Schwarz","96d98e53-3955-11ef-a3c9-292be3190b7b",NA,NA,1971,"1/7/1972","8132a21e-3960-11ef-a6c6-2906cc9fb6bc","home","TV Großwallstadt","VfL Gummersbach",18,15,TRUE,0,NA,NA,0,0,0,NA,0,0,0,0,0,0,NA,NA,NA,NA,NA,NA,NA,NA,0,0,0,0,NA,NA,NA,NA,NA
"Wolfgang Dümig","978dc3fc-3955-11ef-b042-292be3190b7b",NA,NA,1971,"1/7/1972","8132a21e-3960-11ef-a6c6-2906cc9fb6bc","home","TV Großwallstadt","VfL Gummersbach",18,15,TRUE,1,NA,NA,0,0,0,NA,0,0,0,0,0,0,NA,NA,NA,NA,NA,NA,NA,NA,0,0,0,0,NA,NA,NA,NA,NA
"Eckhardt Suffel","aeac0503-3955-11ef-88c6-a36230ada079",NA,NA,1971,"1/7/1972","8132a21e-3960-11ef-a6c6-2906cc9fb6bc","home","TV Großwallstadt","VfL Gummersbach",18,15,TRUE,2,NA,NA,0,0,0,NA,0,0,0,0,0,0,NA,NA,NA,NA,NA,NA,NA,NA,0,0,0,0,NA,NA,NA,NA,NA
"Peter Kuß","bbc18adb-3955-11ef-a5f7-ab397f561917",NA,NA,1971,"1/7/1972","8132a21e-3960-11ef-a6c6-2906cc9fb6bc","home","TV Großwallstadt","VfL Gummersbach",18,15,TRUE,4,NA,NA,0,0,2,NA,0,0,0,0,0,0,NA,NA,NA,NA,NA,NA,NA,NA,0,0,0,0,NA,NA,NA,NA,NA
"Rainer Oberle","be123408-3955-11ef-92a6-ab397f561917",NA,NA,1971,"1/7/1972","8132a21e-3960-11ef-a6c6-2906cc9fb6bc","home","TV Großwallstadt","VfL Gummersbach",18,15,TRUE,7,NA,NA,0,0,0,NA,0,0,0,0,0,0,NA,NA,NA,NA,NA,NA,NA,NA,0,0,0,0,NA,NA,NA,NA,NA
"Josef Karrer","be167639-3955-11ef-ac70-ab397f561917",NA,NA,1971,"1/7/1972","8132a21e-3960-11ef-a6c6-2906cc9fb6bc","home","TV Großwallstadt","VfL Gummersbach",18,15,TRUE,3,NA,NA,0,0,2,NA,0,0,0,0,0,0,NA,NA,NA,NA,NA,NA,NA,NA,0,0,0,0,NA,NA,NA,NA,NA
"Klaus Klühspies","c9723883-3955-11ef-b2da-157c9bc18a5f",NA,NA,1971,"1/7/1972","8132a21e-3960-11ef-a6c6-2906cc9fb6bc","home","TV Großwallstadt","VfL Gummersbach",18,15,TRUE,0,NA,NA,0,0,0,NA,0,0,0,0,0,0,NA,NA,NA,NA,NA,NA,NA,NA,0,0,0,0,NA,NA,NA,NA,NA
"Hans Amberg","c976a145-3955-11ef-9331-157c9bc18a5f",NA,NA,1971,"1/7/1972","8132a21e-3960-11ef-a6c6-2906cc9fb6bc","home","TV Großwallstadt","VfL Gummersbach",18,15,TRUE,0,NA,NA,0,0,0,NA,0,0,0,0,0,0,NA,NA,NA,NA,NA,NA,NA,NA,0,0,0,0,NA,NA,NA,NA,NA
"Klaus Westebbe","8c58f63a-3955-11ef-b65e-81dc40648355",NA,NA,1971,"1/7/1972","8132a21e-3960-11ef-a6c6-2906cc9fb6bc","away","VfL Gummersbach","TV Großwallstadt",15,18,FALSE,4,NA,NA,0,0,1,NA,0,0,0,0,0,0,NA,NA,NA,NA,NA,NA,NA,NA,0,0,0,0,NA,NA,NA,NA,NA
"Klaus Kater","8da1f6ef-3955-11ef-b31a-81dc40648355",NA,NA,1971,"1/7/1972","8132a21e-3960-11ef-a6c6-2906cc9fb6bc","away","VfL Gummersbach","TV Großwallstadt",15,18,FALSE,0,NA,NA,0,0,0,NA,0,0,0,0,0,0,NA,NA,NA,NA,NA,NA,NA,NA,0,0,0,0,NA,NA,NA,NA,NA
"Klaus Schlagheck","97a06613-3955-11ef-8056-292be3190b7b",NA,NA,1971,"1/7/1972","8132a21e-3960-11ef-a6c6-2906cc9fb6bc","away","VfL Gummersbach","TV Großwallstadt",15,18,FALSE,0,NA,NA,0,0,0,NA,0,0,0,0,0,0,NA,NA,NA,NA,NA,NA,NA,NA,0,0,0,0,NA,NA,NA,NA,NA
"Ralf Hamann","a28aa62f-3955-11ef-9677-2510cc07ea6e",NA,NA,1971,"1/7/1972","8132a21e-3960-11ef-a6c6-2906cc9fb6bc","away","VfL Gummersbach","TV Großwallstadt",15,18,FALSE,1,NA,NA,0,0,0,NA,0,0,0,0,0,0,NA,NA,NA,NA,NA,NA,NA,NA,0,0,0,0,NA,NA,NA,NA,NA
"Ulrich Ufer","a2c8cfa8-3955-11ef-8510-2510cc07ea6e",NA,NA,1971,"1/7/1972","8132a21e-3960-11ef-a6c6-2906cc9fb6bc","away","VfL Gummersbach","TV Großwallstadt",15,18,FALSE,0,NA,NA,0,0,0,NA,0,0,0,0,0,0,NA,NA,NA,NA,NA,NA,NA,NA,0,0,0,0,NA,NA,NA,NA,NA
"Jochen Feldhoff","a32751a5-3955-11ef-badf-2510cc07ea6e",NA,NA,1971,"1/7/1972","8132a21e-3960-11ef-a6c6-2906cc9fb6bc","away","VfL Gummersbach","TV Großwallstadt",15,18,FALSE,4,NA,NA,0,0,0,NA,0,0,0,0,0,0,NA,NA,NA,NA,NA,NA,NA,NA,0,0,0,0,NA,NA,NA,NA,NA
"Helmut Keller","ae2fb2ba-3955-11ef-b38f-a36230ada079",NA,NA,1971,"1/7/1972","8132a21e-3960-11ef-a6c6-2906cc9fb6bc","away","VfL Gummersbach","TV Großwallstadt",15,18,FALSE,1,NA,NA,0,0,0,NA,0,0,0,0,0,0,NA,NA,NA,NA,NA,NA,NA,NA,0,0,0,0,NA,NA,NA,NA,NA
"Hans-Günther Schmidt","aff5702f-3955-11ef-9878-a36230ada079",NA,NA,1971,"1/7/1972","8132a21e-3960-11ef-a6c6-2906cc9fb6bc","away","VfL Gummersbach","TV Großwallstadt",15,18,FALSE,2,NA,NA,0,0,0,NA,0,0,0,0,0,0,NA,NA,NA,NA,NA,NA,NA,NA,0,0,0,0,NA,NA,NA,NA,NA
"Jochen Brand","ba44375c-3955-11ef-a5d6-ab397f561917",NA,NA,1971,"1/7/1972","8132a21e-3960-11ef-a6c6-2906cc9fb6bc","away","VfL Gummersbach","TV Großwallstadt",15,18,FALSE,1,NA,NA,0,0,0,NA,0,0,0,0,0,0,NA,NA,NA,NA,NA,NA,NA,NA,0,0,0,0,NA,NA,NA,NA,NA
"Uwe Braunschweig","ba4aaa94-3955-11ef-be97-ab397f561917",NA,NA,1971,"1/7/1972","8132a21e-3960-11ef-a6c6-2906cc9fb6bc","away","VfL Gummersbach","TV Großwallstadt",15,18,FALSE,0,NA,NA,0,0,0,NA,0,0,0,0,0,0,NA,NA,NA,NA,NA,NA,NA,NA,0,0,0,0,NA,NA,NA,NA,NA
"Bruno Zay","bce5dbb8-3955-11ef-ac9b-ab397f561917",NA,NA,1971,"1/7/1972","8132a21e-3960-11ef-a6c6-2906cc9fb6bc","away","VfL Gummersbach","TV Großwallstadt",15,18,FALSE,2,NA,NA,0,0,1,NA,0,0,0,0,0,0,NA,NA,NA,NA,NA,NA,NA,NA,0,0,0,0,NA,NA,NA,NA,NA
"Gerhard Leiste","c735d7ed-3955-11ef-b576-157c9bc18a5f",NA,NA,1971,"1/7/1972","8132a21e-3960-11ef-a6c6-2906cc9fb6bc","away","VfL Gummersbach","TV Großwallstadt",15,18,FALSE,0,NA,NA,0,0,0,NA,0,0,0,0,0,0,NA,NA,NA,NA,NA,NA,NA,NA,0,0,0,0,NA,NA,NA,NA,NA
"Hans-Jörg Graeper","964d8ebc-3955-11ef-a25b-292be3190b7b",NA,NA,1971,"1/7/1972","84878fbb-3960-11ef-9803-2906cc9fb6bc","home","THW Kiel","FRISCH AUF! Göppingen",12,11,TRUE,2,NA,NA,0,0,1,NA,0,0,0,0,0,0,NA,NA,NA,NA,NA,NA,NA,NA,0,0,0,0,NA,NA,NA,NA,NA
"Gerd Welz","98273a90-3955-11ef-a3a2-292be3190b7b",NA,NA,1971,"1/7/1972","84878fbb-3960-11ef-9803-2906cc9fb6bc","home","THW Kiel","FRISCH AUF! Göppingen",12,11,TRUE,1,NA,NA,0,0,0,NA,0,0,0,0,0,0,NA,NA,NA,NA,NA,NA,NA,NA,0,0,0,0,NA,NA,NA,NA,NA
"Volker Harbs","9995a6f3-3955-11ef-b74f-292be3190b7b",NA,NA,1971,"1/7/1972","84878fbb-3960-11ef-9803-2906cc9fb6bc","home","THW Kiel","FRISCH AUF! Göppingen",12,11,TRUE,0,NA,NA,0,0,0,NA,0,0,0,0,0,0,NA,NA,NA,NA,NA,NA,NA,NA,0,0,0,0,NA,NA,NA,NA,NA
"Peter Prehn","b073ee0a-3955-11ef-8404-a36230ada079",NA,NA,1971,"1/7/1972","84878fbb-3960-11ef-9803-2906cc9fb6bc","home","THW Kiel","FRISCH AUF! Göppingen",12,11,TRUE,0,NA,NA,0,0,0,NA,0,0,0,0,0,0,NA,NA,NA,NA,NA,NA,NA,NA,0,0,0,0,NA,NA,NA,NA,NA
"Peter Werk","b0784d6e-3955-11ef-9a85-a36230ada079",NA,NA,1971,"1/7/1972","84878fbb-3960-11ef-9803-2906cc9fb6bc","home","THW Kiel","FRISCH AUF! Göppingen",12,11,TRUE,1,NA,NA,0,0,0,NA,0,0,0,0,0,0,NA,NA,NA,NA,NA,NA,NA,NA,0,0,0,0,NA,NA,NA,NA,NA
"Herwig Ahrendsen","b143192b-3955-11ef-bef0-a36230ada079",NA,NA,1971,"1/7/1972","84878fbb-3960-11ef-9803-2906cc9fb6bc","home","THW Kiel","FRISCH AUF! Göppingen",12,11,TRUE,1,NA,NA,0,0,0,NA,0,0,0,0,0,0,NA,NA,NA,NA,NA,NA,NA,NA,0,0,0,0,NA,NA,NA,NA,NA
"Bernd Nielsen","b1480d2c-3955-11ef-8563-a36230ada079",NA,NA,1971,"1/7/1972","84878fbb-3960-11ef-9803-2906cc9fb6bc","home","THW Kiel","FRISCH AUF! Göppingen",12,11,TRUE,2,NA,NA,0,0,0,NA,0,0,0,0,0,0,NA,NA,NA,NA,NA,NA,NA,NA,0,0,0,0,NA,NA,NA,NA,NA
"Hartwig Moll","b14ce7d8-3955-11ef-8cb5-a36230ada079",NA,NA,1971,"1/7/1972","84878fbb-3960-11ef-9803-2906cc9fb6bc","home","THW Kiel","FRISCH AUF! Göppingen",12,11,TRUE,3,NA,NA,0,0,0,NA,0,0,0,0,0,0,NA,NA,NA,NA,NA,NA,NA,NA,0,0,0,0,NA,NA,NA,NA,NA
"Rainer Voigt","c7c742a9-3955-11ef-b542-157c9bc18a5f",NA,NA,1971,"1/7/1972","84878fbb-3960-11ef-9803-2906cc9fb6bc","home","THW Kiel","FRISCH AUF! Göppingen",12,11,TRUE,0,NA,NA,0,0,0,NA,0,0,0,0,0,0,NA,NA,NA,NA,NA,NA,NA,NA,0,0,0,0,NA,NA,NA,NA,NA
"Dieter Baguhn","c7cbf017-3955-11ef-b1f7-157c9bc18a5f",NA,NA,1971,"1/7/1972","84878fbb-3960-11ef-9803-2906cc9fb6bc","home","THW Kiel","FRISCH AUF! Göppingen",12,11,TRUE,1,NA,NA,0,0,0,NA,0,0,0,0,0,0,NA,NA,NA,NA,NA,NA,NA,NA,0,0,0,0,NA,NA,NA,NA,NA
"Bernd Struck","c7d4c3a5-3955-11ef-a743-157c9bc18a5f",NA,NA,1971,"1/7/1972","84878fbb-3960-11ef-9803-2906cc9fb6bc","home","THW Kiel","FRISCH AUF! Göppingen",12,11,TRUE,1,NA,NA,0,0,1,NA,0,0,0,0,0,0,NA,NA,NA,NA,NA,NA,NA,NA,0,0,0,0,NA,NA,NA,NA,NA
"Peter Bucher","8e0071c9-3955-11ef-8ff8-81dc40648355",NA,NA,1971,"1/7/1972","84878fbb-3960-11ef-9803-2906cc9fb6bc","away","FRISCH AUF! Göppingen","THW Kiel",11,12,FALSE,0,NA,NA,0,0,0,NA,0,0,0,0,0,0,NA,NA,NA,NA,NA,NA,NA,NA,0,0,0,0,NA,NA,NA,NA,NA
"Max Müller","99453a6b-3955-11ef-84c2-292be3190b7b",NA,NA,1971,"1/7/1972","84878fbb-3960-11ef-9803-2906cc9fb6bc","away","FRISCH AUF! Göppingen","THW Kiel",11,12,FALSE,4,NA,NA,0,0,0,NA,0,0,0,0,0,0,NA,NA,NA,NA,NA,NA,NA,NA,0,0,0,0,NA,NA,NA,NA,NA
"Werner Fischer","af3a0885-3955-11ef-a884-a36230ada079",NA,NA,1971,"1/7/1972","84878fbb-3960-11ef-9803-2906cc9fb6bc","away","FRISCH AUF! Göppingen","THW Kiel",11,12,FALSE,0,NA,NA,0,0,0,NA,0,0,0,0,0,0,NA,NA,NA,NA,NA,NA,NA,NA,0,0,0,0,NA,NA,NA,NA,NA
"Hans Brodbeck","b1f00cc3-3955-11ef-b4c9-a36230ada079",NA,NA,1971,"1/7/1972","84878fbb-3960-11ef-9803-2906cc9fb6bc","away","FRISCH AUF! Göppingen","THW Kiel",11,12,FALSE,0,NA,NA,0,0,0,NA,0,0,0,0,0,0,NA,NA,NA,NA,NA,NA,NA,NA,0,0,0,0,NA,NA,NA,NA,NA
"Frank Wohlrabe","bc789357-3955-11ef-a310-ab397f561917",NA,NA,1971,"1/7/1972","84878fbb-3960-11ef-9803-2906cc9fb6bc","away","FRISCH AUF! Göppingen","THW Kiel",11,12,FALSE,0,NA,NA,0,0,0,NA,0,0,0,0,0,0,NA,NA,NA,NA,NA,NA,NA,NA,0,0,0,0,NA,NA,NA,NA,NA
"Paul Epple","bc8167af-3955-11ef-8748-ab397f561917",NA,NA,1971,"1/7/1972","84878fbb-3960-11ef-9803-2906cc9fb6bc","away","FRISCH AUF! Göppingen","THW Kiel",11,12,FALSE,3,NA,NA,0,0,3,NA,0,0,0,0,0,0,NA,NA,NA,NA,NA,NA,NA,NA,0,0,0,0,NA,NA,NA,NA,NA
"Walter Pflüger","bc85cdbc-3955-11ef-8e24-ab397f561917",NA,NA,1971,"1/7/1972","84878fbb-3960-11ef-9803-2906cc9fb6bc","away","FRISCH AUF! Göppingen","THW Kiel",11,12,FALSE,1,NA,NA,0,0,0,NA,0,0,0,0,0,0,NA,NA,NA,NA,NA,NA,NA,NA,0,0,0,0,NA,NA,NA,NA,NA
"Werner Arndt","c71116e0-3955-11ef-85d3-157c9bc18a5f",NA,NA,1971,"1/7/1972","84878fbb-3960-11ef-9803-2906cc9fb6bc","away","FRISCH AUF! Göppingen","THW Kiel",11,12,FALSE,1,NA,NA,0,0,0,NA,0,0,0,0,0,0,NA,NA,NA,NA,NA,NA,NA,NA,0,0,0,0,NA,NA,NA,NA,NA
"Christian Patzer","c715a1de-3955-11ef-bc54-157c9bc18a5f",NA,NA,1971,"1/7/1972","84878fbb-3960-11ef-9803-2906cc9fb6bc","away","FRISCH AUF! Göppingen","THW Kiel",11,12,FALSE,0,NA,NA,0,0,0,NA,0,0,0,0,0,0,NA,NA,NA,NA,NA,NA,NA,NA,0,0,0,0,NA,NA,NA,NA,NA
"Uwe Rathjen","c898158b-3955-11ef-82cb-157c9bc18a5f",NA,NA,1971,"1/7/1972","84878fbb-3960-11ef-9803-2906cc9fb6bc","away","FRISCH AUF! Göppingen","THW Kiel",11,12,FALSE,0,NA,NA,0,0,0,NA,0,0,0,0,0,0,NA,NA,NA,NA,NA,NA,NA,NA,0,0,0,0,NA,NA,NA,NA,NA
"Armin Eisele","c9cc4c1b-3955-11ef-9f9f-157c9bc18a5f",NA,NA,1971,"1/7/1972","84878fbb-3960-11ef-9803-2906cc9fb6bc","away","FRISCH AUF! Göppingen","THW Kiel",11,12,FALSE,2,NA,NA,0,0,0,NA,0,0,0,0,0,0,NA,NA,NA,NA,NA,NA,NA,NA,0,0,0,0,NA,NA,NA,NA,NA
"Günter Schweikardt","d3e60b79-3953-11ef-9e8c-e3f2de03a1b7",NA,NA,1971,"1/7/1972","84878fbb-3960-11ef-9803-2906cc9fb6bc","away","FRISCH AUF! Göppingen","THW Kiel",11,12,FALSE,0,NA,NA,0,0,0,NA,0,0,0,0,0,0,NA,NA,NA,NA,NA,NA,NA,NA,0,0,0,0,NA,NA,NA,NA,NA
"Klaus Westebbe","8c58f63a-3955-11ef-b65e-81dc40648355",NA,NA,1971,"1/14/1972","81423d2c-3960-11ef-91da-2906cc9fb6bc","home","VfL Gummersbach","TV Großwallstadt",17,10,TRUE,3,NA,NA,0,0,0,NA,0,0,0,0,0,0,NA,NA,NA,NA,NA,NA,NA,NA,0,0,0,0,NA,NA,NA,NA,NA
"Klaus Kater","8da1f6ef-3955-11ef-b31a-81dc40648355",NA,NA,1971,"1/14/1972","81423d2c-3960-11ef-91da-2906cc9fb6bc","home","VfL Gummersbach","TV Großwallstadt",17,10,TRUE,0,NA,NA,0,0,0,NA,0,0,0,0,0,0,NA,NA,NA,NA,NA,NA,NA,NA,0,0,0,0,NA,NA,NA,NA,NA
"Klaus Schlagheck","97a06613-3955-11ef-8056-292be3190b7b",NA,NA,1971,"1/14/1972","81423d2c-3960-11ef-91da-2906cc9fb6bc","home","VfL Gummersbach","TV Großwallstadt",17,10,TRUE,1,NA,NA,0,0,0,NA,0,0,0,0,0,0,NA,NA,NA,NA,NA,NA,NA,NA,0,0,0,0,NA,NA,NA,NA,NA
"Ulrich Ufer","a2c8cfa8-3955-11ef-8510-2510cc07ea6e",NA,NA,1971,"1/14/1972","81423d2c-3960-11ef-91da-2906cc9fb6bc","home","VfL Gummersbach","TV Großwallstadt",17,10,TRUE,3,NA,NA,0,0,0,NA,0,0,0,0,0,0,NA,NA,NA,NA,NA,NA,NA,NA,0,0,0,0,NA,NA,NA,NA,NA
"Jochen Feldhoff","a32751a5-3955-11ef-badf-2510cc07ea6e",NA,NA,1971,"1/14/1972","81423d2c-3960-11ef-91da-2906cc9fb6bc","home","VfL Gummersbach","TV Großwallstadt",17,10,TRUE,2,NA,NA,0,0,0,NA,0,0,0,0,0,0,NA,NA,NA,NA,NA,NA,NA,NA,0,0,0,0,NA,NA,NA,NA,NA
"Helmut Keller","ae2fb2ba-3955-11ef-b38f-a36230ada079",NA,NA,1971,"1/14/1972","81423d2c-3960-11ef-91da-2906cc9fb6bc","home","VfL Gummersbach","TV Großwallstadt",17,10,TRUE,0,NA,NA,0,0,0,NA,0,0,0,0,0,0,NA,NA,NA,NA,NA,NA,NA,NA,0,0,0,0,NA,NA,NA,NA,NA
"Hans-Günther Schmidt","aff5702f-3955-11ef-9878-a36230ada079",NA,NA,1971,"1/14/1972","81423d2c-3960-11ef-91da-2906cc9fb6bc","home","VfL Gummersbach","TV Großwallstadt",17,10,TRUE,5,NA,NA,0,0,2,NA,0,0,0,0,0,0,NA,NA,NA,NA,NA,NA,NA,NA,0,0,0,0,NA,NA,NA,NA,NA
"Jochen Brand","ba44375c-3955-11ef-a5d6-ab397f561917",NA,NA,1971,"1/14/1972","81423d2c-3960-11ef-91da-2906cc9fb6bc","home","VfL Gummersbach","TV Großwallstadt",17,10,TRUE,2,NA,NA,0,0,0,NA,0,0,0,0,0,0,NA,NA,NA,NA,NA,NA,NA,NA,0,0,0,0,NA,NA,NA,NA,NA
"Uwe Braunschweig","ba4aaa94-3955-11ef-be97-ab397f561917",NA,NA,1971,"1/14/1972","81423d2c-3960-11ef-91da-2906cc9fb6bc","home","VfL Gummersbach","TV Großwallstadt",17,10,TRUE,0,NA,NA,0,0,0,NA,0,0,0,0,0,0,NA,NA,NA,NA,NA,NA,NA,NA,0,0,0,0,NA,NA,NA,NA,NA
"Bruno Zay","bce5dbb8-3955-11ef-ac9b-ab397f561917",NA,NA,1971,"1/14/1972","81423d2c-3960-11ef-91da-2906cc9fb6bc","home","VfL Gummersbach","TV Großwallstadt",17,10,TRUE,1,NA,NA,0,0,1,NA,0,0,0,0,0,0,NA,NA,NA,NA,NA,NA,NA,NA,0,0,0,0,NA,NA,NA,NA,NA
"Kurt Klühspies","5ac3e7d7-3955-11ef-b574-4fa817cd91bb",NA,NA,1971,"1/14/1972","81423d2c-3960-11ef-91da-2906cc9fb6bc","away","TV Großwallstadt","VfL Gummersbach",10,17,FALSE,1,NA,NA,0,0,0,NA,0,0,0,0,0,0,NA,NA,NA,NA,NA,NA,NA,NA,0,0,0,0,NA,NA,NA,NA,NA
"Manfred Hofmann","6855eb0b-3955-11ef-8cb3-292be3190b7b",NA,NA,1971,"1/14/1972","81423d2c-3960-11ef-91da-2906cc9fb6bc","away","TV Großwallstadt","VfL Gummersbach",10,17,FALSE,0,NA,NA,0,0,0,NA,0,0,0,0,0,0,NA,NA,NA,NA,NA,NA,NA,NA,0,0,0,0,NA,NA,NA,NA,NA
"Manfred Schwarz","96d98e53-3955-11ef-a3c9-292be3190b7b",NA,NA,1971,"1/14/1972","81423d2c-3960-11ef-91da-2906cc9fb6bc","away","TV Großwallstadt","VfL Gummersbach",10,17,FALSE,0,NA,NA,0,0,0,NA,0,0,0,0,0,0,NA,NA,NA,NA,NA,NA,NA,NA,0,0,0,0,NA,NA,NA,NA,NA
"Wolfgang Dümig","978dc3fc-3955-11ef-b042-292be3190b7b",NA,NA,1971,"1/14/1972","81423d2c-3960-11ef-91da-2906cc9fb6bc","away","TV Großwallstadt","VfL Gummersbach",10,17,FALSE,0,NA,NA,0,0,0,NA,0,0,0,0,0,0,NA,NA,NA,NA,NA,NA,NA,NA,0,0,0,0,NA,NA,NA,NA,NA
"Eckhardt Suffel","aeac0503-3955-11ef-88c6-a36230ada079",NA,NA,1971,"1/14/1972","81423d2c-3960-11ef-91da-2906cc9fb6bc","away","TV Großwallstadt","VfL Gummersbach",10,17,FALSE,0,NA,NA,0,0,0,NA,0,0,0,0,0,0,NA,NA,NA,NA,NA,NA,NA,NA,0,0,0,0,NA,NA,NA,NA,NA
"Peter Kuß","bbc18adb-3955-11ef-a5f7-ab397f561917",NA,NA,1971,"1/14/1972","81423d2c-3960-11ef-91da-2906cc9fb6bc","away","TV Großwallstadt","VfL Gummersbach",10,17,FALSE,6,NA,NA,0,0,1,NA,0,0,0,0,0,0,NA,NA,NA,NA,NA,NA,NA,NA,0,0,0,0,NA,NA,NA,NA,NA
"Rainer Oberle","be123408-3955-11ef-92a6-ab397f561917",NA,NA,1971,"1/14/1972","81423d2c-3960-11ef-91da-2906cc9fb6bc","away","TV Großwallstadt","VfL Gummersbach",10,17,FALSE,1,NA,NA,0,0,0,NA,0,0,0,0,0,0,NA,NA,NA,NA,NA,NA,NA,NA,0,0,0,0,NA,NA,NA,NA,NA
"Josef Karrer","be167639-3955-11ef-ac70-ab397f561917",NA,NA,1971,"1/14/1972","81423d2c-3960-11ef-91da-2906cc9fb6bc","away","TV Großwallstadt","VfL Gummersbach",10,17,FALSE,1,NA,NA,0,0,0,NA,0,0,0,0,0,0,NA,NA,NA,NA,NA,NA,NA,NA,0,0,0,0,NA,NA,NA,NA,NA
"Klaus Klühspies","c9723883-3955-11ef-b2da-157c9bc18a5f",NA,NA,1971,"1/14/1972","81423d2c-3960-11ef-91da-2906cc9fb6bc","away","TV Großwallstadt","VfL Gummersbach",10,17,FALSE,1,NA,NA,0,0,0,NA,0,0,0,0,0,0,NA,NA,NA,NA,NA,NA,NA,NA,0,0,0,0,NA,NA,NA,NA,NA
"Hans Amberg","c976a145-3955-11ef-9331-157c9bc18a5f",NA,NA,1971,"1/14/1972","81423d2c-3960-11ef-91da-2906cc9fb6bc","away","TV Großwallstadt","VfL Gummersbach",10,17,FALSE,0,NA,NA,0,0,0,NA,0,0,0,0,0,0,NA,NA,NA,NA,NA,NA,NA,NA,0,0,0,0,NA,NA,NA,NA,NA
"Peter Bucher","8e0071c9-3955-11ef-8ff8-81dc40648355",NA,NA,1971,"1/14/1972","849986df-3960-11ef-aafd-2906cc9fb6bc","home","FRISCH AUF! Göppingen","THW Kiel",16,14,TRUE,4,NA,NA,0,0,1,NA,0,0,0,0,0,0,NA,NA,NA,NA,NA,NA,NA,NA,0,0,0,0,NA,NA,NA,NA,NA
"Max Müller","99453a6b-3955-11ef-84c2-292be3190b7b",NA,NA,1971,"1/14/1972","849986df-3960-11ef-aafd-2906cc9fb6bc","home","FRISCH AUF! Göppingen","THW Kiel",16,14,TRUE,1,NA,NA,0,0,0,NA,0,0,0,0,0,0,NA,NA,NA,NA,NA,NA,NA,NA,0,0,0,0,NA,NA,NA,NA,NA
"Werner Fischer","af3a0885-3955-11ef-a884-a36230ada079",NA,NA,1971,"1/14/1972","849986df-3960-11ef-aafd-2906cc9fb6bc","home","FRISCH AUF! Göppingen","THW Kiel",16,14,TRUE,1,NA,NA,0,0,0,NA,0,0,0,0,0,0,NA,NA,NA,NA,NA,NA,NA,NA,0,0,0,0,NA,NA,NA,NA,NA
"Hans Brodbeck","b1f00cc3-3955-11ef-b4c9-a36230ada079",NA,NA,1971,"1/14/1972","849986df-3960-11ef-aafd-2906cc9fb6bc","home","FRISCH AUF! Göppingen","THW Kiel",16,14,TRUE,0,NA,NA,0,0,0,NA,0,0,0,0,0,0,NA,NA,NA,NA,NA,NA,NA,NA,0,0,0,0,NA,NA,NA,NA,NA
"Frank Wohlrabe","bc789357-3955-11ef-a310-ab397f561917",NA,NA,1971,"1/14/1972","849986df-3960-11ef-aafd-2906cc9fb6bc","home","FRISCH AUF! Göppingen","THW Kiel",16,14,TRUE,0,NA,NA,0,0,0,NA,0,0,0,0,0,0,NA,NA,NA,NA,NA,NA,NA,NA,0,0,0,0,NA,NA,NA,NA,NA
"Paul Epple","bc8167af-3955-11ef-8748-ab397f561917",NA,NA,1971,"1/14/1972","849986df-3960-11ef-aafd-2906cc9fb6bc","home","FRISCH AUF! Göppingen","THW Kiel",16,14,TRUE,5,NA,NA,0,0,1,NA,0,0,0,0,0,0,NA,NA,NA,NA,NA,NA,NA,NA,0,0,0,0,NA,NA,NA,NA,NA
"Walter Pflüger","bc85cdbc-3955-11ef-8e24-ab397f561917",NA,NA,1971,"1/14/1972","849986df-3960-11ef-aafd-2906cc9fb6bc","home","FRISCH AUF! Göppingen","THW Kiel",16,14,TRUE,1,NA,NA,0,0,0,NA,0,0,0,0,0,0,NA,NA,NA,NA,NA,NA,NA,NA,0,0,0,0,NA,NA,NA,NA,NA
"Werner Arndt","c71116e0-3955-11ef-85d3-157c9bc18a5f",NA,NA,1971,"1/14/1972","849986df-3960-11ef-aafd-2906cc9fb6bc","home","FRISCH AUF! Göppingen","THW Kiel",16,14,TRUE,1,NA,NA,0,0,0,NA,0,0,0,0,0,0,NA,NA,NA,NA,NA,NA,NA,NA,0,0,0,0,NA,NA,NA,NA,NA
"Christian Patzer","c715a1de-3955-11ef-bc54-157c9bc18a5f",NA,NA,1971,"1/14/1972","849986df-3960-11ef-aafd-2906cc9fb6bc","home","FRISCH AUF! Göppingen","THW Kiel",16,14,TRUE,0,NA,NA,0,0,0,NA,0,0,0,0,0,0,NA,NA,NA,NA,NA,NA,NA,NA,0,0,0,0,NA,NA,NA,NA,NA
"Armin Eisele","c9cc4c1b-3955-11ef-9f9f-157c9bc18a5f",NA,NA,1971,"1/14/1972","849986df-3960-11ef-aafd-2906cc9fb6bc","home","FRISCH AUF! Göppingen","THW Kiel",16,14,TRUE,3,NA,NA,0,0,0,NA,0,0,0,0,0,0,NA,NA,NA,NA,NA,NA,NA,NA,0,0,0,0,NA,NA,NA,NA,NA
"Günter Schweikardt","d3e60b79-3953-11ef-9e8c-e3f2de03a1b7",NA,NA,1971,"1/14/1972","849986df-3960-11ef-aafd-2906cc9fb6bc","home","FRISCH AUF! Göppingen","THW Kiel",16,14,TRUE,0,NA,NA,0,0,0,NA,0,0,0,0,0,0,NA,NA,NA,NA,NA,NA,NA,NA,0,0,0,0,NA,NA,NA,NA,NA
"Hans-Jörg Graeper","964d8ebc-3955-11ef-a25b-292be3190b7b",NA,NA,1971,"1/14/1972","849986df-3960-11ef-aafd-2906cc9fb6bc","away","THW Kiel","FRISCH AUF! Göppingen",14,16,FALSE,1,NA,NA,0,0,0,NA,0,0,0,0,0,0,NA,NA,NA,NA,NA,NA,NA,NA,0,0,0,0,NA,NA,NA,NA,NA
"Gerd Welz","98273a90-3955-11ef-a3a2-292be3190b7b",NA,NA,1971,"1/14/1972","849986df-3960-11ef-aafd-2906cc9fb6bc","away","THW Kiel","FRISCH AUF! Göppingen",14,16,FALSE,4,NA,NA,0,0,0,NA,0,0,0,0,0,0,NA,NA,NA,NA,NA,NA,NA,NA,0,0,0,0,NA,NA,NA,NA,NA
"Volker Harbs","9995a6f3-3955-11ef-b74f-292be3190b7b",NA,NA,1971,"1/14/1972","849986df-3960-11ef-aafd-2906cc9fb6bc","away","THW Kiel","FRISCH AUF! Göppingen",14,16,FALSE,0,NA,NA,0,0,0,NA,0,0,0,0,0,0,NA,NA,NA,NA,NA,NA,NA,NA,0,0,0,0,NA,NA,NA,NA,NA
"Peter Prehn","b073ee0a-3955-11ef-8404-a36230ada079",NA,NA,1971,"1/14/1972","849986df-3960-11ef-aafd-2906cc9fb6bc","away","THW Kiel","FRISCH AUF! Göppingen",14,16,FALSE,0,NA,NA,0,0,0,NA,0,0,0,0,0,0,NA,NA,NA,NA,NA,NA,NA,NA,0,0,0,0,NA,NA,NA,NA,NA
"Peter Werk","b0784d6e-3955-11ef-9a85-a36230ada079",NA,NA,1971,"1/14/1972","849986df-3960-11ef-aafd-2906cc9fb6bc","away","THW Kiel","FRISCH AUF! Göppingen",14,16,FALSE,0,NA,NA,0,0,0,NA,0,0,0,0,0,0,NA,NA,NA,NA,NA,NA,NA,NA,0,0,0,0,NA,NA,NA,NA,NA
"Herwig Ahrendsen","b143192b-3955-11ef-bef0-a36230ada079",NA,NA,1971,"1/14/1972","849986df-3960-11ef-aafd-2906cc9fb6bc","away","THW Kiel","FRISCH AUF! Göppingen",14,16,FALSE,0,NA,NA,0,0,0,NA,0,0,0,0,0,0,NA,NA,NA,NA,NA,NA,NA,NA,0,0,0,0,NA,NA,NA,NA,NA
"Bernd Nielsen","b1480d2c-3955-11ef-8563-a36230ada079",NA,NA,1971,"1/14/1972","849986df-3960-11ef-aafd-2906cc9fb6bc","away","THW Kiel","FRISCH AUF! Göppingen",14,16,FALSE,0,NA,NA,0,0,0,NA,0,0,0,0,0,0,NA,NA,NA,NA,NA,NA,NA,NA,0,0,0,0,NA,NA,NA,NA,NA
"Hartwig Moll","b14ce7d8-3955-11ef-8cb5-a36230ada079",NA,NA,1971,"1/14/1972","849986df-3960-11ef-aafd-2906cc9fb6bc","away","THW Kiel","FRISCH AUF! Göppingen",14,16,FALSE,0,NA,NA,0,0,0,NA,0,0,0,0,0,0,NA,NA,NA,NA,NA,NA,NA,NA,0,0,0,0,NA,NA,NA,NA,NA
"Rainer Voigt","c7c742a9-3955-11ef-b542-157c9bc18a5f",NA,NA,1971,"1/14/1972","849986df-3960-11ef-aafd-2906cc9fb6bc","away","THW Kiel","FRISCH AUF! Göppingen",14,16,FALSE,0,NA,NA,0,0,0,NA,0,0,0,0,0,0,NA,NA,NA,NA,NA,NA,NA,NA,0,0,0,0,NA,NA,NA,NA,NA
"Dieter Baguhn","c7cbf017-3955-11ef-b1f7-157c9bc18a5f",NA,NA,1971,"1/14/1972","849986df-3960-11ef-aafd-2906cc9fb6bc","away","THW Kiel","FRISCH AUF! Göppingen",14,16,FALSE,3,NA,NA,0,0,0,NA,0,0,0,0,0,0,NA,NA,NA,NA,NA,NA,NA,NA,0,0,0,0,NA,NA,NA,NA,NA
"Bernd Struck","c7d4c3a5-3955-11ef-a743-157c9bc18a5f",NA,NA,1971,"1/14/1972","849986df-3960-11ef-aafd-2906cc9fb6bc","away","THW Kiel","FRISCH AUF! Göppingen",14,16,FALSE,6,NA,NA,0,0,2,NA,0,0,0,0,0,0,NA,NA,NA,NA,NA,NA,NA,NA,0,0,0,0,NA,NA,NA,NA,NA
"Peter Bucher","8e0071c9-3955-11ef-8ff8-81dc40648355",NA,NA,1971,"1/29/1972","81523418-3960-11ef-99ed-2906cc9fb6bc","home","FRISCH AUF! Göppingen","VfL Gummersbach",14,12,TRUE,2,NA,NA,0,0,0,NA,0,0,0,0,0,0,NA,NA,NA,NA,NA,NA,NA,NA,0,0,0,0,NA,NA,NA,NA,NA
"Max Müller","99453a6b-3955-11ef-84c2-292be3190b7b",NA,NA,1971,"1/29/1972","81523418-3960-11ef-99ed-2906cc9fb6bc","home","FRISCH AUF! Göppingen","VfL Gummersbach",14,12,TRUE,3,NA,NA,0,0,0,NA,0,0,0,0,0,0,NA,NA,NA,NA,NA,NA,NA,NA,0,0,0,0,NA,NA,NA,NA,NA
"Werner Fischer","af3a0885-3955-11ef-a884-a36230ada079",NA,NA,1971,"1/29/1972","81523418-3960-11ef-99ed-2906cc9fb6bc","home","FRISCH AUF! Göppingen","VfL Gummersbach",14,12,TRUE,0,NA,NA,0,0,0,NA,0,0,0,0,0,0,NA,NA,NA,NA,NA,NA,NA,NA,0,0,0,0,NA,NA,NA,NA,NA
"Hans Brodbeck","b1f00cc3-3955-11ef-b4c9-a36230ada079",NA,NA,1971,"1/29/1972","81523418-3960-11ef-99ed-2906cc9fb6bc","home","FRISCH AUF! Göppingen","VfL Gummersbach",14,12,TRUE,0,NA,NA,0,0,0,NA,0,0,0,0,0,0,NA,NA,NA,NA,NA,NA,NA,NA,0,0,0,0,NA,NA,NA,NA,NA
"Paul Epple","bc8167af-3955-11ef-8748-ab397f561917",NA,NA,1971,"1/29/1972","81523418-3960-11ef-99ed-2906cc9fb6bc","home","FRISCH AUF! Göppingen","VfL Gummersbach",14,12,TRUE,2,NA,NA,0,0,0,NA,0,0,0,0,0,0,NA,NA,NA,NA,NA,NA,NA,NA,0,0,0,0,NA,NA,NA,NA,NA
"Walter Pflüger","bc85cdbc-3955-11ef-8e24-ab397f561917",NA,NA,1971,"1/29/1972","81523418-3960-11ef-99ed-2906cc9fb6bc","home","FRISCH AUF! Göppingen","VfL Gummersbach",14,12,TRUE,1,NA,NA,0,0,0,NA,0,0,0,0,0,0,NA,NA,NA,NA,NA,NA,NA,NA,0,0,0,0,NA,NA,NA,NA,NA
"Werner Arndt","c71116e0-3955-11ef-85d3-157c9bc18a5f",NA,NA,1971,"1/29/1972","81523418-3960-11ef-99ed-2906cc9fb6bc","home","FRISCH AUF! Göppingen","VfL Gummersbach",14,12,TRUE,2,NA,NA,0,0,0,NA,0,0,0,0,0,0,NA,NA,NA,NA,NA,NA,NA,NA,0,0,0,0,NA,NA,NA,NA,NA
"Christian Patzer","c715a1de-3955-11ef-bc54-157c9bc18a5f",NA,NA,1971,"1/29/1972","81523418-3960-11ef-99ed-2906cc9fb6bc","home","FRISCH AUF! Göppingen","VfL Gummersbach",14,12,TRUE,2,NA,NA,0,0,1,NA,0,0,0,0,0,0,NA,NA,NA,NA,NA,NA,NA,NA,0,0,0,0,NA,NA,NA,NA,NA
"Uwe Rathjen","c898158b-3955-11ef-82cb-157c9bc18a5f",NA,NA,1971,"1/29/1972","81523418-3960-11ef-99ed-2906cc9fb6bc","home","FRISCH AUF! Göppingen","VfL Gummersbach",14,12,TRUE,0,NA,NA,0,0,0,NA,0,0,0,0,0,0,NA,NA,NA,NA,NA,NA,NA,NA,0,0,0,0,NA,NA,NA,NA,NA
"Armin Eisele","c9cc4c1b-3955-11ef-9f9f-157c9bc18a5f",NA,NA,1971,"1/29/1972","81523418-3960-11ef-99ed-2906cc9fb6bc","home","FRISCH AUF! Göppingen","VfL Gummersbach",14,12,TRUE,1,NA,NA,0,0,0,NA,0,0,0,0,0,0,NA,NA,NA,NA,NA,NA,NA,NA,0,0,0,0,NA,NA,NA,NA,NA
"Günter Schweikardt","d3e60b79-3953-11ef-9e8c-e3f2de03a1b7",NA,NA,1971,"1/29/1972","81523418-3960-11ef-99ed-2906cc9fb6bc","home","FRISCH AUF! Göppingen","VfL Gummersbach",14,12,TRUE,1,NA,NA,0,0,0,NA,0,0,0,0,0,0,NA,NA,NA,NA,NA,NA,NA,NA,0,0,0,0,NA,NA,NA,NA,NA
"Klaus Westebbe","8c58f63a-3955-11ef-b65e-81dc40648355",NA,NA,1971,"1/29/1972","81523418-3960-11ef-99ed-2906cc9fb6bc","away","VfL Gummersbach","FRISCH AUF! Göppingen",12,14,FALSE,5,NA,NA,0,0,3,NA,0,0,0,0,0,0,NA,NA,NA,NA,NA,NA,NA,NA,0,0,0,0,NA,NA,NA,NA,NA
"Klaus Kater","8da1f6ef-3955-11ef-b31a-81dc40648355",NA,NA,1971,"1/29/1972","81523418-3960-11ef-99ed-2906cc9fb6bc","away","VfL Gummersbach","FRISCH AUF! Göppingen",12,14,FALSE,0,NA,NA,0,0,0,NA,0,0,0,0,0,0,NA,NA,NA,NA,NA,NA,NA,NA,0,0,0,0,NA,NA,NA,NA,NA
"Klaus Schlagheck","97a06613-3955-11ef-8056-292be3190b7b",NA,NA,1971,"1/29/1972","81523418-3960-11ef-99ed-2906cc9fb6bc","away","VfL Gummersbach","FRISCH AUF! Göppingen",12,14,FALSE,0,NA,NA,0,0,0,NA,0,0,0,0,0,0,NA,NA,NA,NA,NA,NA,NA,NA,0,0,0,0,NA,NA,NA,NA,NA
"Ulrich Ufer","a2c8cfa8-3955-11ef-8510-2510cc07ea6e",NA,NA,1971,"1/29/1972","81523418-3960-11ef-99ed-2906cc9fb6bc","away","VfL Gummersbach","FRISCH AUF! Göppingen",12,14,FALSE,1,NA,NA,0,0,0,NA,0,0,0,0,0,0,NA,NA,NA,NA,NA,NA,NA,NA,0,0,0,0,NA,NA,NA,NA,NA
"Jochen Feldhoff","a32751a5-3955-11ef-badf-2510cc07ea6e",NA,NA,1971,"1/29/1972","81523418-3960-11ef-99ed-2906cc9fb6bc","away","VfL Gummersbach","FRISCH AUF! Göppingen",12,14,FALSE,1,NA,NA,0,0,0,NA,0,0,0,0,0,0,NA,NA,NA,NA,NA,NA,NA,NA,0,0,0,0,NA,NA,NA,NA,NA
"Helmut Keller","ae2fb2ba-3955-11ef-b38f-a36230ada079",NA,NA,1971,"1/29/1972","81523418-3960-11ef-99ed-2906cc9fb6bc","away","VfL Gummersbach","FRISCH AUF! Göppingen",12,14,FALSE,0,NA,NA,0,0,0,NA,0,0,0,0,0,0,NA,NA,NA,NA,NA,NA,NA,NA,0,0,0,0,NA,NA,NA,NA,NA
"Hans-Günther Schmidt","aff5702f-3955-11ef-9878-a36230ada079",NA,NA,1971,"1/29/1972","81523418-3960-11ef-99ed-2906cc9fb6bc","away","VfL Gummersbach","FRISCH AUF! Göppingen",12,14,FALSE,3,NA,NA,0,0,0,NA,0,0,0,0,0,0,NA,NA,NA,NA,NA,NA,NA,NA,0,0,0,0,NA,NA,NA,NA,NA
"Jochen Brand","ba44375c-3955-11ef-a5d6-ab397f561917",NA,NA,1971,"1/29/1972","81523418-3960-11ef-99ed-2906cc9fb6bc","away","VfL Gummersbach","FRISCH AUF! Göppingen",12,14,FALSE,1,NA,NA,0,0,0,NA,0,0,0,0,0,0,NA,NA,NA,NA,NA,NA,NA,NA,0,0,0,0,NA,NA,NA,NA,NA
"Uwe Braunschweig","ba4aaa94-3955-11ef-be97-ab397f561917",NA,NA,1971,"1/29/1972","81523418-3960-11ef-99ed-2906cc9fb6bc","away","VfL Gummersbach","FRISCH AUF! Göppingen",12,14,FALSE,1,NA,NA,0,0,0,NA,0,0,0,0,0,0,NA,NA,NA,NA,NA,NA,NA,NA,0,0,0,0,NA,NA,NA,NA,NA
"Bruno Zay","bce5dbb8-3955-11ef-ac9b-ab397f561917",NA,NA,1971,"1/29/1972","81523418-3960-11ef-99ed-2906cc9fb6bc","away","VfL Gummersbach","FRISCH AUF! Göppingen",12,14,FALSE,0,NA,NA,0,0,0,NA,0,0,0,0,0,0,NA,NA,NA,NA,NA,NA,NA,NA,0,0,0,0,NA,NA,NA,NA,NA
