"PlayerName","PlayerID","Position","Bib","Season","GameDate","GameId","HomeAway","TeamName","OpponentName","TeamScore","OpponentScore","GameWinner","goalsScored","shootingAccuracy","missedShots","fieldGoalsScored","fieldShots","sevenMetreGoalsScored","sevenMetreShots","nineMetreGoalsScored","nineMetreShots","sixMetreGoalsScored","sixMetreShots","wingGoalsScored","wingShots","pivotGoalsScored","pivotShots","fastBreakGoalsScored","fastBreakShots","backCourtGoalsScored","backCourtShots","assists","steals","technicalFaults","suspensions","yellowCards","blueCards","redCards","shots","twoMinuteSuspensions","timeBallPossession","timeOnPlayingField"
"Heiner Brand","44e82d45-3955-11ef-bc71-4fa817cd91bb",NA,NA,1975,"9/19/1975","2a6c208f-3960-11ef-85ec-2906cc9fb6bc","home","VfL Gummersbach","Hamburger SV",25,18,TRUE,2,NA,NA,0,0,0,NA,0,0,0,0,0,0,NA,NA,NA,NA,NA,NA,NA,NA,0,0,0,0,NA,NA,NA,NA,NA
"Reiner Schumacher","8aac0482-3955-11ef-9f92-81dc40648355",NA,NA,1975,"9/19/1975","2a6c208f-3960-11ef-85ec-2906cc9fb6bc","home","VfL Gummersbach","Hamburger SV",25,18,TRUE,0,NA,NA,0,0,0,NA,0,0,0,0,0,0,NA,NA,NA,NA,NA,NA,NA,NA,0,0,0,0,NA,NA,NA,NA,NA
"Klaus Westebbe","8c58f63a-3955-11ef-b65e-81dc40648355",NA,NA,1975,"9/19/1975","2a6c208f-3960-11ef-85ec-2906cc9fb6bc","home","VfL Gummersbach","Hamburger SV",25,18,TRUE,7,NA,NA,0,0,1,NA,0,0,0,0,0,0,NA,NA,NA,NA,NA,NA,NA,NA,0,0,0,0,NA,NA,NA,NA,NA
"Klaus Kater","8da1f6ef-3955-11ef-b31a-81dc40648355",NA,NA,1975,"9/19/1975","2a6c208f-3960-11ef-85ec-2906cc9fb6bc","home","VfL Gummersbach","Hamburger SV",25,18,TRUE,0,NA,NA,0,0,0,NA,0,0,0,0,0,0,NA,NA,NA,NA,NA,NA,NA,NA,0,0,0,0,NA,NA,NA,NA,NA
"Klaus Schlagheck","97a06613-3955-11ef-8056-292be3190b7b",NA,NA,1975,"9/19/1975","2a6c208f-3960-11ef-85ec-2906cc9fb6bc","home","VfL Gummersbach","Hamburger SV",25,18,TRUE,3,NA,NA,0,0,0,NA,0,0,0,0,0,0,NA,NA,NA,NA,NA,NA,NA,NA,0,0,0,0,NA,NA,NA,NA,NA
"Joachim Deckarm","9976945f-3955-11ef-afc4-292be3190b7b",NA,NA,1975,"9/19/1975","2a6c208f-3960-11ef-85ec-2906cc9fb6bc","home","VfL Gummersbach","Hamburger SV",25,18,TRUE,7,NA,NA,0,0,1,NA,0,0,0,0,0,0,NA,NA,NA,NA,NA,NA,NA,NA,0,0,0,0,NA,NA,NA,NA,NA
"Jochen Feldhoff","a32751a5-3955-11ef-badf-2510cc07ea6e",NA,NA,1975,"9/19/1975","2a6c208f-3960-11ef-85ec-2906cc9fb6bc","home","VfL Gummersbach","Hamburger SV",25,18,TRUE,2,NA,NA,0,0,0,NA,0,0,0,0,0,0,NA,NA,NA,NA,NA,NA,NA,NA,0,0,0,0,NA,NA,NA,NA,NA
"Manfred Glodde","a32e0a86-3955-11ef-9caa-2510cc07ea6e",NA,NA,1975,"9/19/1975","2a6c208f-3960-11ef-85ec-2906cc9fb6bc","home","VfL Gummersbach","Hamburger SV",25,18,TRUE,0,NA,NA,0,0,0,NA,0,0,0,0,0,0,NA,NA,NA,NA,NA,NA,NA,NA,0,0,0,0,NA,NA,NA,NA,NA
"Joachim Henkels","a3386008-3955-11ef-810a-2510cc07ea6e",NA,NA,1975,"9/19/1975","2a6c208f-3960-11ef-85ec-2906cc9fb6bc","home","VfL Gummersbach","Hamburger SV",25,18,TRUE,0,NA,NA,0,0,0,NA,0,0,0,0,0,0,NA,NA,NA,NA,NA,NA,NA,NA,0,0,0,0,NA,NA,NA,NA,NA
"Karl-Heinz Nolde","a33d5c4a-3955-11ef-b577-2510cc07ea6e",NA,NA,1975,"9/19/1975","2a6c208f-3960-11ef-85ec-2906cc9fb6bc","home","VfL Gummersbach","Hamburger SV",25,18,TRUE,0,NA,NA,0,0,0,NA,0,0,0,0,0,0,NA,NA,NA,NA,NA,NA,NA,NA,0,0,0,0,NA,NA,NA,NA,NA
"Werner Lettgen","ae263c3c-3955-11ef-96f7-a36230ada079",NA,NA,1975,"9/19/1975","2a6c208f-3960-11ef-85ec-2906cc9fb6bc","home","VfL Gummersbach","Hamburger SV",25,18,TRUE,1,NA,NA,0,0,0,NA,0,0,0,0,0,0,NA,NA,NA,NA,NA,NA,NA,NA,0,0,0,0,NA,NA,NA,NA,NA
"Hans-Günther Schmidt","aff5702f-3955-11ef-9878-a36230ada079",NA,NA,1975,"9/19/1975","2a6c208f-3960-11ef-85ec-2906cc9fb6bc","home","VfL Gummersbach","Hamburger SV",25,18,TRUE,3,NA,NA,0,0,0,NA,0,0,0,0,0,0,NA,NA,NA,NA,NA,NA,NA,NA,0,0,0,0,NA,NA,NA,NA,NA
"Peter Pickel","8c973b42-3955-11ef-8c71-81dc40648355",NA,NA,1975,"9/19/1975","2a6c208f-3960-11ef-85ec-2906cc9fb6bc","away","Hamburger SV","VfL Gummersbach",18,25,FALSE,4,NA,NA,0,0,1,NA,0,0,0,0,0,0,NA,NA,NA,NA,NA,NA,NA,NA,0,0,0,0,NA,NA,NA,NA,NA
"Richard Boczkowski","a1b43836-3955-11ef-934f-2510cc07ea6e",NA,NA,1975,"9/19/1975","2a6c208f-3960-11ef-85ec-2906cc9fb6bc","away","Hamburger SV","VfL Gummersbach",18,25,FALSE,1,NA,NA,0,0,0,NA,0,0,0,0,0,0,NA,NA,NA,NA,NA,NA,NA,NA,0,0,0,0,NA,NA,NA,NA,NA
"Frank Lorenz","a32036d1-3955-11ef-bfe5-2510cc07ea6e",NA,NA,1975,"9/19/1975","2a6c208f-3960-11ef-85ec-2906cc9fb6bc","away","Hamburger SV","VfL Gummersbach",18,25,FALSE,0,NA,NA,0,0,0,NA,0,0,0,0,0,0,NA,NA,NA,NA,NA,NA,NA,NA,0,0,0,0,NA,NA,NA,NA,NA
"Einar Magnusson","a3805088-3955-11ef-bfa9-2510cc07ea6e",NA,NA,1975,"9/19/1975","2a6c208f-3960-11ef-85ec-2906cc9fb6bc","away","Hamburger SV","VfL Gummersbach",18,25,FALSE,7,NA,NA,0,0,2,NA,0,0,0,0,0,0,NA,NA,NA,NA,NA,NA,NA,NA,0,0,0,0,NA,NA,NA,NA,NA
"Hans-Jürgen Bode","b011e6da-3955-11ef-8205-a36230ada079",NA,NA,1975,"9/19/1975","2a6c208f-3960-11ef-85ec-2906cc9fb6bc","away","Hamburger SV","VfL Gummersbach",18,25,FALSE,0,NA,NA,0,0,0,NA,0,0,0,0,0,0,NA,NA,NA,NA,NA,NA,NA,NA,0,0,0,0,NA,NA,NA,NA,NA
"Holger Nitschke","b01a8950-3955-11ef-a243-a36230ada079",NA,NA,1975,"9/19/1975","2a6c208f-3960-11ef-85ec-2906cc9fb6bc","away","Hamburger SV","VfL Gummersbach",18,25,FALSE,2,NA,NA,0,0,0,NA,0,0,0,0,0,0,NA,NA,NA,NA,NA,NA,NA,NA,0,0,0,0,NA,NA,NA,NA,NA
"Ralph Mathies","b023b170-3955-11ef-87a6-a36230ada079",NA,NA,1975,"9/19/1975","2a6c208f-3960-11ef-85ec-2906cc9fb6bc","away","Hamburger SV","VfL Gummersbach",18,25,FALSE,0,NA,NA,0,0,0,NA,0,0,0,0,0,0,NA,NA,NA,NA,NA,NA,NA,NA,0,0,0,0,NA,NA,NA,NA,NA
"Jens Ivers","b02f4aea-3955-11ef-801e-a36230ada079",NA,NA,1975,"9/19/1975","2a6c208f-3960-11ef-85ec-2906cc9fb6bc","away","Hamburger SV","VfL Gummersbach",18,25,FALSE,0,NA,NA,0,0,0,NA,0,0,0,0,0,0,NA,NA,NA,NA,NA,NA,NA,NA,0,0,0,0,NA,NA,NA,NA,NA
"Klaus Porepp","b0396b18-3955-11ef-b5cf-a36230ada079",NA,NA,1975,"9/19/1975","2a6c208f-3960-11ef-85ec-2906cc9fb6bc","away","Hamburger SV","VfL Gummersbach",18,25,FALSE,1,NA,NA,0,0,0,NA,0,0,0,0,0,0,NA,NA,NA,NA,NA,NA,NA,NA,0,0,0,0,NA,NA,NA,NA,NA
"Norbert Germer","b03f8101-3955-11ef-8945-a36230ada079",NA,NA,1975,"9/19/1975","2a6c208f-3960-11ef-85ec-2906cc9fb6bc","away","Hamburger SV","VfL Gummersbach",18,25,FALSE,0,NA,NA,0,0,0,NA,0,0,0,0,0,0,NA,NA,NA,NA,NA,NA,NA,NA,0,0,0,0,NA,NA,NA,NA,NA
"Bernd Eppler","b0442222-3955-11ef-841b-a36230ada079",NA,NA,1975,"9/19/1975","2a6c208f-3960-11ef-85ec-2906cc9fb6bc","away","Hamburger SV","VfL Gummersbach",18,25,FALSE,2,NA,NA,0,0,0,NA,0,0,0,0,0,0,NA,NA,NA,NA,NA,NA,NA,NA,0,0,0,0,NA,NA,NA,NA,NA
"Uwe Tesloff","b049ae56-3955-11ef-a5f7-a36230ada079",NA,NA,1975,"9/19/1975","2a6c208f-3960-11ef-85ec-2906cc9fb6bc","away","Hamburger SV","VfL Gummersbach",18,25,FALSE,1,NA,NA,0,0,0,NA,0,0,0,0,0,0,NA,NA,NA,NA,NA,NA,NA,NA,0,0,0,0,NA,NA,NA,NA,NA
"Hans-Jürgen Grund","81694a24-3955-11ef-9a97-b908c60af10a",NA,NA,1975,"9/20/1975","3192f435-3960-11ef-8067-2906cc9fb6bc","home","GWD Minden","OSC 04 Rheinhausen",13,12,TRUE,1,NA,NA,0,0,0,NA,0,0,0,0,0,0,NA,NA,NA,NA,NA,NA,NA,NA,0,0,0,0,NA,NA,NA,NA,NA
"Axel Axelsson","8b29429f-3955-11ef-baf9-81dc40648355",NA,NA,1975,"9/20/1975","3192f435-3960-11ef-8067-2906cc9fb6bc","home","GWD Minden","OSC 04 Rheinhausen",13,12,TRUE,0,NA,NA,0,0,0,NA,0,0,0,0,0,0,NA,NA,NA,NA,NA,NA,NA,NA,0,0,0,0,NA,NA,NA,NA,NA
"Dieter Waltke","8bbe1a37-3955-11ef-a8ff-81dc40648355",NA,NA,1975,"9/20/1975","3192f435-3960-11ef-8067-2906cc9fb6bc","home","GWD Minden","OSC 04 Rheinhausen",13,12,TRUE,4,NA,NA,0,0,2,NA,0,0,0,0,0,0,NA,NA,NA,NA,NA,NA,NA,NA,0,0,0,0,NA,NA,NA,NA,NA
"Bernhard Busch","8dc9280f-3955-11ef-80e2-81dc40648355",NA,NA,1975,"9/20/1975","3192f435-3960-11ef-8067-2906cc9fb6bc","home","GWD Minden","OSC 04 Rheinhausen",13,12,TRUE,1,NA,NA,0,0,0,NA,0,0,0,0,0,0,NA,NA,NA,NA,NA,NA,NA,NA,0,0,0,0,NA,NA,NA,NA,NA
"Gerd Becker","96f1e245-3955-11ef-80bc-292be3190b7b",NA,NA,1975,"9/20/1975","3192f435-3960-11ef-8067-2906cc9fb6bc","home","GWD Minden","OSC 04 Rheinhausen",13,12,TRUE,0,NA,NA,0,0,0,NA,0,0,0,0,0,0,NA,NA,NA,NA,NA,NA,NA,NA,0,0,0,0,NA,NA,NA,NA,NA
"Walter von Oepen","97f2373d-3955-11ef-82ae-292be3190b7b",NA,NA,1975,"9/20/1975","3192f435-3960-11ef-8067-2906cc9fb6bc","home","GWD Minden","OSC 04 Rheinhausen",13,12,TRUE,1,NA,NA,0,0,0,NA,0,0,0,0,0,0,NA,NA,NA,NA,NA,NA,NA,NA,0,0,0,0,NA,NA,NA,NA,NA
"Martin Karcher","980f80ce-3955-11ef-8054-292be3190b7b",NA,NA,1975,"9/20/1975","3192f435-3960-11ef-8067-2906cc9fb6bc","home","GWD Minden","OSC 04 Rheinhausen",13,12,TRUE,0,NA,NA,0,0,0,NA,0,0,0,0,0,0,NA,NA,NA,NA,NA,NA,NA,NA,0,0,0,0,NA,NA,NA,NA,NA
"Gerhard Buddenbohm","98e2ecac-3955-11ef-b2de-292be3190b7b",NA,NA,1975,"9/20/1975","3192f435-3960-11ef-8067-2906cc9fb6bc","home","GWD Minden","OSC 04 Rheinhausen",13,12,TRUE,1,NA,NA,0,0,0,NA,0,0,0,0,0,0,NA,NA,NA,NA,NA,NA,NA,NA,0,0,0,0,NA,NA,NA,NA,NA
"Ólafur Hlöðver Jónsson","98eb7177-3955-11ef-9bda-292be3190b7b",NA,NA,1975,"9/20/1975","3192f435-3960-11ef-8067-2906cc9fb6bc","home","GWD Minden","OSC 04 Rheinhausen",13,12,TRUE,2,NA,NA,0,0,0,NA,0,0,0,0,0,0,NA,NA,NA,NA,NA,NA,NA,NA,0,0,0,0,NA,NA,NA,NA,NA
"Hans Kramer","98f50290-3955-11ef-8aa8-292be3190b7b",NA,NA,1975,"9/20/1975","3192f435-3960-11ef-8067-2906cc9fb6bc","home","GWD Minden","OSC 04 Rheinhausen",13,12,TRUE,2,NA,NA,0,0,0,NA,0,0,0,0,0,0,NA,NA,NA,NA,NA,NA,NA,NA,0,0,0,0,NA,NA,NA,NA,NA
"Jobst-Erich Rehse","b00be251-3955-11ef-ac35-a36230ada079",NA,NA,1975,"9/20/1975","3192f435-3960-11ef-8067-2906cc9fb6bc","home","GWD Minden","OSC 04 Rheinhausen",13,12,TRUE,1,NA,NA,0,0,0,NA,0,0,0,0,0,0,NA,NA,NA,NA,NA,NA,NA,NA,0,0,0,0,NA,NA,NA,NA,NA
"Hans-Dieter Schmitz","51093bea-3955-11ef-bc25-6d38c0425bc0",NA,NA,1975,"9/20/1975","3192f435-3960-11ef-8067-2906cc9fb6bc","away","OSC 04 Rheinhausen","GWD Minden",12,13,FALSE,3,NA,NA,0,0,0,NA,0,0,0,0,0,0,NA,NA,NA,NA,NA,NA,NA,NA,0,0,0,0,NA,NA,NA,NA,NA
"Gerd Rosendahl","7501cfa1-3955-11ef-95a2-51fdf2a82730",NA,NA,1975,"9/20/1975","3192f435-3960-11ef-8067-2906cc9fb6bc","away","OSC 04 Rheinhausen","GWD Minden",12,13,FALSE,0,NA,NA,0,0,0,NA,0,0,0,0,0,0,NA,NA,NA,NA,NA,NA,NA,NA,0,0,0,0,NA,NA,NA,NA,NA
"Harry Keller","7e4b9df1-3955-11ef-80fd-b908c60af10a",NA,NA,1975,"9/20/1975","3192f435-3960-11ef-8067-2906cc9fb6bc","away","OSC 04 Rheinhausen","GWD Minden",12,13,FALSE,1,NA,NA,0,0,0,NA,0,0,0,0,0,0,NA,NA,NA,NA,NA,NA,NA,NA,0,0,0,0,NA,NA,NA,NA,NA
"Uwe Laaser","8157221e-3955-11ef-a944-b908c60af10a",NA,NA,1975,"9/20/1975","3192f435-3960-11ef-8067-2906cc9fb6bc","away","OSC 04 Rheinhausen","GWD Minden",12,13,FALSE,1,NA,NA,0,0,0,NA,0,0,0,0,0,0,NA,NA,NA,NA,NA,NA,NA,NA,0,0,0,0,NA,NA,NA,NA,NA
"Jadranko Demirović","a1caaba8-3955-11ef-8081-2510cc07ea6e",NA,NA,1975,"9/20/1975","3192f435-3960-11ef-8067-2906cc9fb6bc","away","OSC 04 Rheinhausen","GWD Minden",12,13,FALSE,2,NA,NA,0,0,2,NA,0,0,0,0,0,0,NA,NA,NA,NA,NA,NA,NA,NA,0,0,0,0,NA,NA,NA,NA,NA
"Hans-Peter Halfmann","a1cf8d63-3955-11ef-b90c-2510cc07ea6e",NA,NA,1975,"9/20/1975","3192f435-3960-11ef-8067-2906cc9fb6bc","away","OSC 04 Rheinhausen","GWD Minden",12,13,FALSE,0,NA,NA,0,0,0,NA,0,0,0,0,0,0,NA,NA,NA,NA,NA,NA,NA,NA,0,0,0,0,NA,NA,NA,NA,NA
"Norbert Meister","a610e086-3955-11ef-bf85-2510cc07ea6e",NA,NA,1975,"9/20/1975","3192f435-3960-11ef-8067-2906cc9fb6bc","away","OSC 04 Rheinhausen","GWD Minden",12,13,FALSE,0,NA,NA,0,0,0,NA,0,0,0,0,0,0,NA,NA,NA,NA,NA,NA,NA,NA,0,0,0,0,NA,NA,NA,NA,NA
"Dieter Hünten","a62700be-3955-11ef-a847-2510cc07ea6e",NA,NA,1975,"9/20/1975","3192f435-3960-11ef-8067-2906cc9fb6bc","away","OSC 04 Rheinhausen","GWD Minden",12,13,FALSE,0,NA,NA,0,0,0,NA,0,0,0,0,0,0,NA,NA,NA,NA,NA,NA,NA,NA,0,0,0,0,NA,NA,NA,NA,NA
"Reinhard Loepke","a62c2666-3955-11ef-a64b-2510cc07ea6e",NA,NA,1975,"9/20/1975","3192f435-3960-11ef-8067-2906cc9fb6bc","away","OSC 04 Rheinhausen","GWD Minden",12,13,FALSE,1,NA,NA,0,0,0,NA,0,0,0,0,0,0,NA,NA,NA,NA,NA,NA,NA,NA,0,0,0,0,NA,NA,NA,NA,NA
"Burkhard Nagel","a6312ffa-3955-11ef-9438-2510cc07ea6e",NA,NA,1975,"9/20/1975","3192f435-3960-11ef-8067-2906cc9fb6bc","away","OSC 04 Rheinhausen","GWD Minden",12,13,FALSE,1,NA,NA,0,0,0,NA,0,0,0,0,0,0,NA,NA,NA,NA,NA,NA,NA,NA,0,0,0,0,NA,NA,NA,NA,NA
"Werner Konrads","b122c116-3955-11ef-89d0-a36230ada079",NA,NA,1975,"9/20/1975","3192f435-3960-11ef-8067-2906cc9fb6bc","away","OSC 04 Rheinhausen","GWD Minden",12,13,FALSE,3,NA,NA,0,0,0,NA,0,0,0,0,0,0,NA,NA,NA,NA,NA,NA,NA,NA,0,0,0,0,NA,NA,NA,NA,NA
"Klaus-Peter Alwardt","800d39da-3955-11ef-bf47-b908c60af10a",NA,NA,1975,"9/20/1975","343c5454-3960-11ef-955b-2906cc9fb6bc","home","VfL Lübeck-Schwartau","TuS 05 Wellinghofen",9,17,FALSE,2,NA,NA,0,0,0,NA,0,0,0,0,0,0,NA,NA,NA,NA,NA,NA,NA,NA,0,0,0,0,NA,NA,NA,NA,NA
"Michael Dogs","b0cecb4a-3955-11ef-b665-a36230ada079",NA,NA,1975,"9/20/1975","343c5454-3960-11ef-955b-2906cc9fb6bc","home","VfL Lübeck-Schwartau","TuS 05 Wellinghofen",9,17,FALSE,0,NA,NA,0,0,0,NA,0,0,0,0,0,0,NA,NA,NA,NA,NA,NA,NA,NA,0,0,0,0,NA,NA,NA,NA,NA
"Peter Toll","b0d38f08-3955-11ef-8430-a36230ada079",NA,NA,1975,"9/20/1975","343c5454-3960-11ef-955b-2906cc9fb6bc","home","VfL Lübeck-Schwartau","TuS 05 Wellinghofen",9,17,FALSE,0,NA,NA,0,0,0,NA,0,0,0,0,0,0,NA,NA,NA,NA,NA,NA,NA,NA,0,0,0,0,NA,NA,NA,NA,NA
"Claus Gramkow","b0d7d6e6-3955-11ef-bb1c-a36230ada079",NA,NA,1975,"9/20/1975","343c5454-3960-11ef-955b-2906cc9fb6bc","home","VfL Lübeck-Schwartau","TuS 05 Wellinghofen",9,17,FALSE,0,NA,NA,0,0,0,NA,0,0,0,0,0,0,NA,NA,NA,NA,NA,NA,NA,NA,0,0,0,0,NA,NA,NA,NA,NA
"Joachim Römer","b0dcb8e7-3955-11ef-83ab-a36230ada079",NA,NA,1975,"9/20/1975","343c5454-3960-11ef-955b-2906cc9fb6bc","home","VfL Lübeck-Schwartau","TuS 05 Wellinghofen",9,17,FALSE,1,NA,NA,0,0,0,NA,0,0,0,0,0,0,NA,NA,NA,NA,NA,NA,NA,NA,0,0,0,0,NA,NA,NA,NA,NA
"Peter Görtz","b0e9ae8f-3955-11ef-aa48-a36230ada079",NA,NA,1975,"9/20/1975","343c5454-3960-11ef-955b-2906cc9fb6bc","home","VfL Lübeck-Schwartau","TuS 05 Wellinghofen",9,17,FALSE,2,NA,NA,0,0,0,NA,0,0,0,0,0,0,NA,NA,NA,NA,NA,NA,NA,NA,0,0,0,0,NA,NA,NA,NA,NA
"Ulrich Kleinstoll","b0f37438-3955-11ef-84e6-a36230ada079",NA,NA,1975,"9/20/1975","343c5454-3960-11ef-955b-2906cc9fb6bc","home","VfL Lübeck-Schwartau","TuS 05 Wellinghofen",9,17,FALSE,0,NA,NA,0,0,0,NA,0,0,0,0,0,0,NA,NA,NA,NA,NA,NA,NA,NA,0,0,0,0,NA,NA,NA,NA,NA
"Thomas Kluth","b0f877c0-3955-11ef-a314-a36230ada079",NA,NA,1975,"9/20/1975","343c5454-3960-11ef-955b-2906cc9fb6bc","home","VfL Lübeck-Schwartau","TuS 05 Wellinghofen",9,17,FALSE,1,NA,NA,0,0,0,NA,0,0,0,0,0,0,NA,NA,NA,NA,NA,NA,NA,NA,0,0,0,0,NA,NA,NA,NA,NA
"Holger Rosenfeldt","b0fd53e2-3955-11ef-9f9a-a36230ada079",NA,NA,1975,"9/20/1975","343c5454-3960-11ef-955b-2906cc9fb6bc","home","VfL Lübeck-Schwartau","TuS 05 Wellinghofen",9,17,FALSE,0,NA,NA,0,0,0,NA,0,0,0,0,0,0,NA,NA,NA,NA,NA,NA,NA,NA,0,0,0,0,NA,NA,NA,NA,NA
"Karl Weiß","b106c2d8-3955-11ef-9358-a36230ada079",NA,NA,1975,"9/20/1975","343c5454-3960-11ef-955b-2906cc9fb6bc","home","VfL Lübeck-Schwartau","TuS 05 Wellinghofen",9,17,FALSE,0,NA,NA,0,0,0,NA,0,0,0,0,0,0,NA,NA,NA,NA,NA,NA,NA,NA,0,0,0,0,NA,NA,NA,NA,NA
"Siegfried Berg","b10d3ec3-3955-11ef-8a30-a36230ada079",NA,NA,1975,"9/20/1975","343c5454-3960-11ef-955b-2906cc9fb6bc","home","VfL Lübeck-Schwartau","TuS 05 Wellinghofen",9,17,FALSE,3,NA,NA,0,0,2,NA,0,0,0,0,0,0,NA,NA,NA,NA,NA,NA,NA,NA,0,0,0,0,NA,NA,NA,NA,NA
"Rudolf Rauer","6829713f-3955-11ef-9d88-292be3190b7b",NA,NA,1975,"9/20/1975","343c5454-3960-11ef-955b-2906cc9fb6bc","away","TuS 05 Wellinghofen","VfL Lübeck-Schwartau",17,9,TRUE,0,NA,NA,0,0,0,NA,0,0,0,0,0,0,NA,NA,NA,NA,NA,NA,NA,NA,0,0,0,0,NA,NA,NA,NA,NA
"Hans-Peter Neuhaus","8d9d3887-3955-11ef-80a3-81dc40648355",NA,NA,1975,"9/20/1975","343c5454-3960-11ef-955b-2906cc9fb6bc","away","TuS 05 Wellinghofen","VfL Lübeck-Schwartau",17,9,TRUE,7,NA,NA,0,0,2,NA,0,0,0,0,0,0,NA,NA,NA,NA,NA,NA,NA,NA,0,0,0,0,NA,NA,NA,NA,NA
"Klaus Erwe","a4f54a19-3955-11ef-b48a-2510cc07ea6e",NA,NA,1975,"9/20/1975","343c5454-3960-11ef-955b-2906cc9fb6bc","away","TuS 05 Wellinghofen","VfL Lübeck-Schwartau",17,9,TRUE,1,NA,NA,0,0,0,NA,0,0,0,0,0,0,NA,NA,NA,NA,NA,NA,NA,NA,0,0,0,0,NA,NA,NA,NA,NA
"Wilfried Rettig","a517a588-3955-11ef-a8d7-2510cc07ea6e",NA,NA,1975,"9/20/1975","343c5454-3960-11ef-955b-2906cc9fb6bc","away","TuS 05 Wellinghofen","VfL Lübeck-Schwartau",17,9,TRUE,1,NA,NA,0,0,1,NA,0,0,0,0,0,0,NA,NA,NA,NA,NA,NA,NA,NA,0,0,0,0,NA,NA,NA,NA,NA
"Winfried Gabel","a521dedb-3955-11ef-a3bd-2510cc07ea6e",NA,NA,1975,"9/20/1975","343c5454-3960-11ef-955b-2906cc9fb6bc","away","TuS 05 Wellinghofen","VfL Lübeck-Schwartau",17,9,TRUE,2,NA,NA,0,0,0,NA,0,0,0,0,0,0,NA,NA,NA,NA,NA,NA,NA,NA,0,0,0,0,NA,NA,NA,NA,NA
"Klaus Happe","a527494a-3955-11ef-a4fa-2510cc07ea6e",NA,NA,1975,"9/20/1975","343c5454-3960-11ef-955b-2906cc9fb6bc","away","TuS 05 Wellinghofen","VfL Lübeck-Schwartau",17,9,TRUE,2,NA,NA,0,0,0,NA,0,0,0,0,0,0,NA,NA,NA,NA,NA,NA,NA,NA,0,0,0,0,NA,NA,NA,NA,NA
"Burkhard Gröning","a52c6e4f-3955-11ef-a576-2510cc07ea6e",NA,NA,1975,"9/20/1975","343c5454-3960-11ef-955b-2906cc9fb6bc","away","TuS 05 Wellinghofen","VfL Lübeck-Schwartau",17,9,TRUE,0,NA,NA,0,0,0,NA,0,0,0,0,0,0,NA,NA,NA,NA,NA,NA,NA,NA,0,0,0,0,NA,NA,NA,NA,NA
"Klaus Tiews","a531838f-3955-11ef-8e99-2510cc07ea6e",NA,NA,1975,"9/20/1975","343c5454-3960-11ef-955b-2906cc9fb6bc","away","TuS 05 Wellinghofen","VfL Lübeck-Schwartau",17,9,TRUE,1,NA,NA,0,0,0,NA,0,0,0,0,0,0,NA,NA,NA,NA,NA,NA,NA,NA,0,0,0,0,NA,NA,NA,NA,NA
"Ulrich Staege","b05c5beb-3955-11ef-a7d6-a36230ada079",NA,NA,1975,"9/20/1975","343c5454-3960-11ef-955b-2906cc9fb6bc","away","TuS 05 Wellinghofen","VfL Lübeck-Schwartau",17,9,TRUE,1,NA,NA,0,0,0,NA,0,0,0,0,0,0,NA,NA,NA,NA,NA,NA,NA,NA,0,0,0,0,NA,NA,NA,NA,NA
"Herbert Rogge","b06614d7-3955-11ef-a43b-a36230ada079",NA,NA,1975,"9/20/1975","343c5454-3960-11ef-955b-2906cc9fb6bc","away","TuS 05 Wellinghofen","VfL Lübeck-Schwartau",17,9,TRUE,2,NA,NA,0,0,0,NA,0,0,0,0,0,0,NA,NA,NA,NA,NA,NA,NA,NA,0,0,0,0,NA,NA,NA,NA,NA
"Claus Hormel","65a6e4d8-3955-11ef-84ee-292be3190b7b",NA,NA,1975,"9/20/1975","3e9202f1-3960-11ef-bcc1-2906cc9fb6bc","home","SG Dietzenbach","S3L Handball",19,15,TRUE,5,NA,NA,0,0,0,NA,0,0,0,0,0,0,NA,NA,NA,NA,NA,NA,NA,NA,0,0,0,0,NA,NA,NA,NA,NA
"Dieter Schappert","808baa47-3955-11ef-b967-b908c60af10a",NA,NA,1975,"9/20/1975","3e9202f1-3960-11ef-bcc1-2906cc9fb6bc","home","SG Dietzenbach","S3L Handball",19,15,TRUE,0,NA,NA,0,0,0,NA,0,0,0,0,0,0,NA,NA,NA,NA,NA,NA,NA,NA,0,0,0,0,NA,NA,NA,NA,NA
"Milan Krstić","8a85bfb0-3955-11ef-ac1d-81dc40648355",NA,NA,1975,"9/20/1975","3e9202f1-3960-11ef-bcc1-2906cc9fb6bc","home","SG Dietzenbach","S3L Handball",19,15,TRUE,7,NA,NA,0,0,3,NA,0,0,0,0,0,0,NA,NA,NA,NA,NA,NA,NA,NA,0,0,0,0,NA,NA,NA,NA,NA
"Herbert Wehnert","96e104db-3955-11ef-b58d-292be3190b7b",NA,NA,1975,"9/20/1975","3e9202f1-3960-11ef-bcc1-2906cc9fb6bc","home","SG Dietzenbach","S3L Handball",19,15,TRUE,0,NA,NA,0,0,0,NA,0,0,0,0,0,0,NA,NA,NA,NA,NA,NA,NA,NA,0,0,0,0,NA,NA,NA,NA,NA
"Boris Kostić","982a9c45-3955-11ef-bf0d-292be3190b7b",NA,NA,1975,"9/20/1975","3e9202f1-3960-11ef-bcc1-2906cc9fb6bc","home","SG Dietzenbach","S3L Handball",19,15,TRUE,0,NA,NA,0,0,0,NA,0,0,0,0,0,0,NA,NA,NA,NA,NA,NA,NA,NA,0,0,0,0,NA,NA,NA,NA,NA
"Jürgen Haas","996f2289-3955-11ef-a30a-292be3190b7b",NA,NA,1975,"9/20/1975","3e9202f1-3960-11ef-bcc1-2906cc9fb6bc","home","SG Dietzenbach","S3L Handball",19,15,TRUE,1,NA,NA,0,0,0,NA,0,0,0,0,0,0,NA,NA,NA,NA,NA,NA,NA,NA,0,0,0,0,NA,NA,NA,NA,NA
"Manfred Merk","a2e89182-3955-11ef-b7cf-2510cc07ea6e",NA,NA,1975,"9/20/1975","3e9202f1-3960-11ef-bcc1-2906cc9fb6bc","home","SG Dietzenbach","S3L Handball",19,15,TRUE,0,NA,NA,0,0,0,NA,0,0,0,0,0,0,NA,NA,NA,NA,NA,NA,NA,NA,0,0,0,0,NA,NA,NA,NA,NA
"Otto Allies","af191a75-3955-11ef-8c7e-a36230ada079",NA,NA,1975,"9/20/1975","3e9202f1-3960-11ef-bcc1-2906cc9fb6bc","home","SG Dietzenbach","S3L Handball",19,15,TRUE,1,NA,NA,0,0,0,NA,0,0,0,0,0,0,NA,NA,NA,NA,NA,NA,NA,NA,0,0,0,0,NA,NA,NA,NA,NA
"Klaus Budecker","af1ed2a9-3955-11ef-854d-a36230ada079",NA,NA,1975,"9/20/1975","3e9202f1-3960-11ef-bcc1-2906cc9fb6bc","home","SG Dietzenbach","S3L Handball",19,15,TRUE,1,NA,NA,0,0,0,NA,0,0,0,0,0,0,NA,NA,NA,NA,NA,NA,NA,NA,0,0,0,0,NA,NA,NA,NA,NA
"Heinrich Baum","af2c6c48-3955-11ef-964a-a36230ada079",NA,NA,1975,"9/20/1975","3e9202f1-3960-11ef-bcc1-2906cc9fb6bc","home","SG Dietzenbach","S3L Handball",19,15,TRUE,4,NA,NA,0,0,2,NA,0,0,0,0,0,0,NA,NA,NA,NA,NA,NA,NA,NA,0,0,0,0,NA,NA,NA,NA,NA
"Werner Conrad","b1d9e0f0-3955-11ef-8356-a36230ada079",NA,NA,1975,"9/20/1975","3e9202f1-3960-11ef-bcc1-2906cc9fb6bc","home","SG Dietzenbach","S3L Handball",19,15,TRUE,0,NA,NA,0,0,0,NA,0,0,0,0,0,0,NA,NA,NA,NA,NA,NA,NA,NA,0,0,0,0,NA,NA,NA,NA,NA
"Udo Klenk","8deb261a-3955-11ef-90c3-81dc40648355",NA,NA,1975,"9/20/1975","3e9202f1-3960-11ef-bcc1-2906cc9fb6bc","away","S3L Handball","SG Dietzenbach",15,19,FALSE,1,NA,NA,0,0,0,NA,0,0,0,0,0,0,NA,NA,NA,NA,NA,NA,NA,NA,0,0,0,0,NA,NA,NA,NA,NA
"Manfred Müller","ae54e819-3955-11ef-81e8-a36230ada079",NA,NA,1975,"9/20/1975","3e9202f1-3960-11ef-bcc1-2906cc9fb6bc","away","S3L Handball","SG Dietzenbach",15,19,FALSE,0,NA,NA,0,0,0,NA,0,0,0,0,0,0,NA,NA,NA,NA,NA,NA,NA,NA,0,0,0,0,NA,NA,NA,NA,NA
"Georg Fitz","ae68320c-3955-11ef-89fa-a36230ada079",NA,NA,1975,"9/20/1975","3e9202f1-3960-11ef-bcc1-2906cc9fb6bc","away","S3L Handball","SG Dietzenbach",15,19,FALSE,0,NA,NA,0,0,0,NA,0,0,0,0,0,0,NA,NA,NA,NA,NA,NA,NA,NA,0,0,0,0,NA,NA,NA,NA,NA
"Franz Rupp","ae6c7950-3955-11ef-87dd-a36230ada079",NA,NA,1975,"9/20/1975","3e9202f1-3960-11ef-bcc1-2906cc9fb6bc","away","S3L Handball","SG Dietzenbach",15,19,FALSE,3,NA,NA,0,0,0,NA,0,0,0,0,0,0,NA,NA,NA,NA,NA,NA,NA,NA,0,0,0,0,NA,NA,NA,NA,NA
"Bernd Frühauf","ae71d80f-3955-11ef-a219-a36230ada079",NA,NA,1975,"9/20/1975","3e9202f1-3960-11ef-bcc1-2906cc9fb6bc","away","S3L Handball","SG Dietzenbach",15,19,FALSE,0,NA,NA,0,0,0,NA,0,0,0,0,0,0,NA,NA,NA,NA,NA,NA,NA,NA,0,0,0,0,NA,NA,NA,NA,NA
"Wolfgang Sättele","ae76c01d-3955-11ef-bfb9-a36230ada079",NA,NA,1975,"9/20/1975","3e9202f1-3960-11ef-bcc1-2906cc9fb6bc","away","S3L Handball","SG Dietzenbach",15,19,FALSE,0,NA,NA,0,0,0,NA,0,0,0,0,0,0,NA,NA,NA,NA,NA,NA,NA,NA,0,0,0,0,NA,NA,NA,NA,NA
"Joachim Hafemeister","ae7b4523-3955-11ef-b064-a36230ada079",NA,NA,1975,"9/20/1975","3e9202f1-3960-11ef-bcc1-2906cc9fb6bc","away","S3L Handball","SG Dietzenbach",15,19,FALSE,0,NA,NA,0,0,0,NA,0,0,0,0,0,0,NA,NA,NA,NA,NA,NA,NA,NA,0,0,0,0,NA,NA,NA,NA,NA
"Harald Thiemer","ae803bfb-3955-11ef-9aab-a36230ada079",NA,NA,1975,"9/20/1975","3e9202f1-3960-11ef-bcc1-2906cc9fb6bc","away","S3L Handball","SG Dietzenbach",15,19,FALSE,1,NA,NA,0,0,0,NA,0,0,0,0,0,0,NA,NA,NA,NA,NA,NA,NA,NA,0,0,0,0,NA,NA,NA,NA,NA
"Jürgen Hahn","ae947745-3955-11ef-bc54-a36230ada079",NA,NA,1975,"9/20/1975","3e9202f1-3960-11ef-bcc1-2906cc9fb6bc","away","S3L Handball","SG Dietzenbach",15,19,FALSE,7,NA,NA,0,0,2,NA,0,0,0,0,0,0,NA,NA,NA,NA,NA,NA,NA,NA,0,0,0,0,NA,NA,NA,NA,NA
"Franz Götz","aea2eb0e-3955-11ef-b230-a36230ada079",NA,NA,1975,"9/20/1975","3e9202f1-3960-11ef-bcc1-2906cc9fb6bc","away","S3L Handball","SG Dietzenbach",15,19,FALSE,3,NA,NA,0,0,0,NA,0,0,0,0,0,0,NA,NA,NA,NA,NA,NA,NA,NA,0,0,0,0,NA,NA,NA,NA,NA
"Hansjörg Jäck","b166bd31-3955-11ef-bed1-a36230ada079",NA,NA,1975,"9/20/1975","3e9202f1-3960-11ef-bcc1-2906cc9fb6bc","away","S3L Handball","SG Dietzenbach",15,19,FALSE,0,NA,NA,0,0,0,NA,0,0,0,0,0,0,NA,NA,NA,NA,NA,NA,NA,NA,0,0,0,0,NA,NA,NA,NA,NA
"Wolfgang Haller","b1738c62-3955-11ef-a0aa-a36230ada079",NA,NA,1975,"9/20/1975","3e9202f1-3960-11ef-bcc1-2906cc9fb6bc","away","S3L Handball","SG Dietzenbach",15,19,FALSE,0,NA,NA,0,0,0,NA,0,0,0,0,0,0,NA,NA,NA,NA,NA,NA,NA,NA,0,0,0,0,NA,NA,NA,NA,NA
"Arnulf Dümmel","81093055-3955-11ef-9deb-b908c60af10a",NA,NA,1975,"9/20/1975","3fa64aae-3960-11ef-81f8-2906cc9fb6bc","home","FRISCH AUF! Göppingen","TV Großwallstadt",12,20,FALSE,2,NA,NA,0,0,0,NA,0,0,0,0,0,0,NA,NA,NA,NA,NA,NA,NA,NA,0,0,0,0,NA,NA,NA,NA,NA
"Armin Emrich","8cdd3680-3955-11ef-a93e-81dc40648355",NA,NA,1975,"9/20/1975","3fa64aae-3960-11ef-81f8-2906cc9fb6bc","home","FRISCH AUF! Göppingen","TV Großwallstadt",12,20,FALSE,3,NA,NA,0,0,1,NA,0,0,0,0,0,0,NA,NA,NA,NA,NA,NA,NA,NA,0,0,0,0,NA,NA,NA,NA,NA
"Hartmut Bressmer","97fa9b74-3955-11ef-ba4c-292be3190b7b",NA,NA,1975,"9/20/1975","3fa64aae-3960-11ef-81f8-2906cc9fb6bc","home","FRISCH AUF! Göppingen","TV Großwallstadt",12,20,FALSE,0,NA,NA,0,0,0,NA,0,0,0,0,0,0,NA,NA,NA,NA,NA,NA,NA,NA,0,0,0,0,NA,NA,NA,NA,NA
"Gunnar Einarsson","98473f03-3955-11ef-b6da-292be3190b7b",NA,NA,1975,"9/20/1975","3fa64aae-3960-11ef-81f8-2906cc9fb6bc","home","FRISCH AUF! Göppingen","TV Großwallstadt",12,20,FALSE,3,NA,NA,0,0,2,NA,0,0,0,0,0,0,NA,NA,NA,NA,NA,NA,NA,NA,0,0,0,0,NA,NA,NA,NA,NA
"Hans-Eberhard Finkbeiner","a2f451eb-3955-11ef-99da-2510cc07ea6e",NA,NA,1975,"9/20/1975","3fa64aae-3960-11ef-81f8-2906cc9fb6bc","home","FRISCH AUF! Göppingen","TV Großwallstadt",12,20,FALSE,0,NA,NA,0,0,0,NA,0,0,0,0,0,0,NA,NA,NA,NA,NA,NA,NA,NA,0,0,0,0,NA,NA,NA,NA,NA
"Wolfgang Don","a2ff75a5-3955-11ef-a510-2510cc07ea6e",NA,NA,1975,"9/20/1975","3fa64aae-3960-11ef-81f8-2906cc9fb6bc","home","FRISCH AUF! Göppingen","TV Großwallstadt",12,20,FALSE,0,NA,NA,0,0,0,NA,0,0,0,0,0,0,NA,NA,NA,NA,NA,NA,NA,NA,0,0,0,0,NA,NA,NA,NA,NA
"Siegmund Seeger","af76d008-3955-11ef-b7c9-a36230ada079",NA,NA,1975,"9/20/1975","3fa64aae-3960-11ef-81f8-2906cc9fb6bc","home","FRISCH AUF! Göppingen","TV Großwallstadt",12,20,FALSE,3,NA,NA,0,0,2,NA,0,0,0,0,0,0,NA,NA,NA,NA,NA,NA,NA,NA,0,0,0,0,NA,NA,NA,NA,NA
"Hans Brodbeck","b1f00cc3-3955-11ef-b4c9-a36230ada079",NA,NA,1975,"9/20/1975","3fa64aae-3960-11ef-81f8-2906cc9fb6bc","home","FRISCH AUF! Göppingen","TV Großwallstadt",12,20,FALSE,0,NA,NA,0,0,0,NA,0,0,0,0,0,0,NA,NA,NA,NA,NA,NA,NA,NA,0,0,0,0,NA,NA,NA,NA,NA
"Günter Schweikardt","d3e60b79-3953-11ef-9e8c-e3f2de03a1b7",NA,NA,1975,"9/20/1975","3fa64aae-3960-11ef-81f8-2906cc9fb6bc","home","FRISCH AUF! Göppingen","TV Großwallstadt",12,20,FALSE,1,NA,NA,0,0,0,NA,0,0,0,0,0,0,NA,NA,NA,NA,NA,NA,NA,NA,0,0,0,0,NA,NA,NA,NA,NA
"Kurt Klühspies","5ac3e7d7-3955-11ef-b574-4fa817cd91bb",NA,NA,1975,"9/20/1975","3fa64aae-3960-11ef-81f8-2906cc9fb6bc","away","TV Großwallstadt","FRISCH AUF! Göppingen",20,12,TRUE,6,NA,NA,0,0,0,NA,0,0,0,0,0,0,NA,NA,NA,NA,NA,NA,NA,NA,0,0,0,0,NA,NA,NA,NA,NA
"Manfred Hofmann","6855eb0b-3955-11ef-8cb3-292be3190b7b",NA,NA,1975,"9/20/1975","3fa64aae-3960-11ef-81f8-2906cc9fb6bc","away","TV Großwallstadt","FRISCH AUF! Göppingen",20,12,TRUE,0,NA,NA,0,0,0,NA,0,0,0,0,0,0,NA,NA,NA,NA,NA,NA,NA,NA,0,0,0,0,NA,NA,NA,NA,NA
"Heinz-Theo Kaus","8086fdf9-3955-11ef-938f-b908c60af10a",NA,NA,1975,"9/20/1975","3fa64aae-3960-11ef-81f8-2906cc9fb6bc","away","TV Großwallstadt","FRISCH AUF! Göppingen",20,12,TRUE,0,NA,NA,0,0,0,NA,0,0,0,0,0,0,NA,NA,NA,NA,NA,NA,NA,NA,0,0,0,0,NA,NA,NA,NA,NA
"Thomas Sinsel","8adb8152-3955-11ef-b2de-81dc40648355",NA,NA,1975,"9/20/1975","3fa64aae-3960-11ef-81f8-2906cc9fb6bc","away","TV Großwallstadt","FRISCH AUF! Göppingen",20,12,TRUE,3,NA,NA,0,0,0,NA,0,0,0,0,0,0,NA,NA,NA,NA,NA,NA,NA,NA,0,0,0,0,NA,NA,NA,NA,NA
"Manfred Schwarz","96d98e53-3955-11ef-a3c9-292be3190b7b",NA,NA,1975,"9/20/1975","3fa64aae-3960-11ef-81f8-2906cc9fb6bc","away","TV Großwallstadt","FRISCH AUF! Göppingen",20,12,TRUE,3,NA,NA,0,0,0,NA,0,0,0,0,0,0,NA,NA,NA,NA,NA,NA,NA,NA,0,0,0,0,NA,NA,NA,NA,NA
"Wolfgang Dümig","978dc3fc-3955-11ef-b042-292be3190b7b",NA,NA,1975,"9/20/1975","3fa64aae-3960-11ef-81f8-2906cc9fb6bc","away","TV Großwallstadt","FRISCH AUF! Göppingen",20,12,TRUE,0,NA,NA,0,0,0,NA,0,0,0,0,0,0,NA,NA,NA,NA,NA,NA,NA,NA,0,0,0,0,NA,NA,NA,NA,NA
"Ulrich Schulz","9972a35f-3955-11ef-a06d-292be3190b7b",NA,NA,1975,"9/20/1975","3fa64aae-3960-11ef-81f8-2906cc9fb6bc","away","TV Großwallstadt","FRISCH AUF! Göppingen",20,12,TRUE,0,NA,NA,0,0,0,NA,0,0,0,0,0,0,NA,NA,NA,NA,NA,NA,NA,NA,0,0,0,0,NA,NA,NA,NA,NA
"Arno Böckling","a3c38db5-3955-11ef-810f-2510cc07ea6e",NA,NA,1975,"9/20/1975","3fa64aae-3960-11ef-81f8-2906cc9fb6bc","away","TV Großwallstadt","FRISCH AUF! Göppingen",20,12,TRUE,4,NA,NA,0,0,0,NA,0,0,0,0,0,0,NA,NA,NA,NA,NA,NA,NA,NA,0,0,0,0,NA,NA,NA,NA,NA
"Eckhardt Suffel","aeac0503-3955-11ef-88c6-a36230ada079",NA,NA,1975,"9/20/1975","3fa64aae-3960-11ef-81f8-2906cc9fb6bc","away","TV Großwallstadt","FRISCH AUF! Göppingen",20,12,TRUE,2,NA,NA,0,0,0,NA,0,0,0,0,0,0,NA,NA,NA,NA,NA,NA,NA,NA,0,0,0,0,NA,NA,NA,NA,NA
"Axel Emig","aeb0e35f-3955-11ef-8342-a36230ada079",NA,NA,1975,"9/20/1975","3fa64aae-3960-11ef-81f8-2906cc9fb6bc","away","TV Großwallstadt","FRISCH AUF! Göppingen",20,12,TRUE,0,NA,NA,0,0,0,NA,0,0,0,0,0,0,NA,NA,NA,NA,NA,NA,NA,NA,0,0,0,0,NA,NA,NA,NA,NA
"Manfred Meudt","af9be5ed-3955-11ef-a3e3-a36230ada079",NA,NA,1975,"9/20/1975","3fa64aae-3960-11ef-81f8-2906cc9fb6bc","away","TV Großwallstadt","FRISCH AUF! Göppingen",20,12,TRUE,1,NA,NA,0,0,0,NA,0,0,0,0,0,0,NA,NA,NA,NA,NA,NA,NA,NA,0,0,0,0,NA,NA,NA,NA,NA
"Norbert Klein","b18179dc-3955-11ef-acc0-a36230ada079",NA,NA,1975,"9/20/1975","3fa64aae-3960-11ef-81f8-2906cc9fb6bc","away","TV Großwallstadt","FRISCH AUF! Göppingen",20,12,TRUE,1,NA,NA,0,0,0,NA,0,0,0,0,0,0,NA,NA,NA,NA,NA,NA,NA,NA,0,0,0,0,NA,NA,NA,NA,NA
"Arno Ehret","39c2c361-3955-11ef-8c9d-bfbfc9e17c09",NA,NA,1975,"9/20/1975","415216a8-3960-11ef-864f-2906cc9fb6bc","home","TuS Hofweier","TSV Milbertshofen",16,13,TRUE,3,NA,NA,0,0,0,NA,0,0,0,0,0,0,NA,NA,NA,NA,NA,NA,NA,NA,0,0,0,0,NA,NA,NA,NA,NA
"Gerd Leibiger","7ed15d40-3955-11ef-a28c-b908c60af10a",NA,NA,1975,"9/20/1975","415216a8-3960-11ef-864f-2906cc9fb6bc","home","TuS Hofweier","TSV Milbertshofen",16,13,TRUE,4,NA,NA,0,0,0,NA,0,0,0,0,0,0,NA,NA,NA,NA,NA,NA,NA,NA,0,0,0,0,NA,NA,NA,NA,NA
"Peter Bucher","8e0071c9-3955-11ef-8ff8-81dc40648355",NA,NA,1975,"9/20/1975","415216a8-3960-11ef-864f-2906cc9fb6bc","home","TuS Hofweier","TSV Milbertshofen",16,13,TRUE,0,NA,NA,0,0,0,NA,0,0,0,0,0,0,NA,NA,NA,NA,NA,NA,NA,NA,0,0,0,0,NA,NA,NA,NA,NA
"Josef Schienle","8e1c1721-3955-11ef-9a54-81dc40648355",NA,NA,1975,"9/20/1975","415216a8-3960-11ef-864f-2906cc9fb6bc","home","TuS Hofweier","TSV Milbertshofen",16,13,TRUE,0,NA,NA,0,0,0,NA,0,0,0,0,0,0,NA,NA,NA,NA,NA,NA,NA,NA,0,0,0,0,NA,NA,NA,NA,NA
"Franz Bechler","98035d7e-3955-11ef-8b94-292be3190b7b",NA,NA,1975,"9/20/1975","415216a8-3960-11ef-864f-2906cc9fb6bc","home","TuS Hofweier","TSV Milbertshofen",16,13,TRUE,5,NA,NA,0,0,0,NA,0,0,0,0,0,0,NA,NA,NA,NA,NA,NA,NA,NA,0,0,0,0,NA,NA,NA,NA,NA
"Werner Voit","a3b992ef-3955-11ef-84c8-2510cc07ea6e",NA,NA,1975,"9/20/1975","415216a8-3960-11ef-864f-2906cc9fb6bc","home","TuS Hofweier","TSV Milbertshofen",16,13,TRUE,0,NA,NA,0,0,0,NA,0,0,0,0,0,0,NA,NA,NA,NA,NA,NA,NA,NA,0,0,0,0,NA,NA,NA,NA,NA
"Werner Decker","afcae313-3955-11ef-a9cf-a36230ada079",NA,NA,1975,"9/20/1975","415216a8-3960-11ef-864f-2906cc9fb6bc","home","TuS Hofweier","TSV Milbertshofen",16,13,TRUE,2,NA,NA,0,0,0,NA,0,0,0,0,0,0,NA,NA,NA,NA,NA,NA,NA,NA,0,0,0,0,NA,NA,NA,NA,NA
"Wolfgang Bruck","afd5808d-3955-11ef-a3c4-a36230ada079",NA,NA,1975,"9/20/1975","415216a8-3960-11ef-864f-2906cc9fb6bc","home","TuS Hofweier","TSV Milbertshofen",16,13,TRUE,0,NA,NA,0,0,0,NA,0,0,0,0,0,0,NA,NA,NA,NA,NA,NA,NA,NA,0,0,0,0,NA,NA,NA,NA,NA
"Markus Hädrich","ba389acc-3955-11ef-8b9d-ab397f561917",NA,NA,1975,"9/20/1975","415216a8-3960-11ef-864f-2906cc9fb6bc","home","TuS Hofweier","TSV Milbertshofen",16,13,TRUE,0,NA,NA,0,0,0,NA,0,0,0,0,0,0,NA,NA,NA,NA,NA,NA,NA,NA,0,0,0,0,NA,NA,NA,NA,NA
"Willibald Weiß","74414175-3955-11ef-89d0-51fdf2a82730",NA,NA,1975,"9/20/1975","415216a8-3960-11ef-864f-2906cc9fb6bc","away","TSV Milbertshofen","TuS Hofweier",13,16,FALSE,3,NA,NA,0,0,0,NA,0,0,0,0,0,0,NA,NA,NA,NA,NA,NA,NA,NA,0,0,0,0,NA,NA,NA,NA,NA
"Wolfgang Sommerfeld","74c0be88-3955-11ef-89fd-51fdf2a82730",NA,NA,1975,"9/20/1975","415216a8-3960-11ef-864f-2906cc9fb6bc","away","TSV Milbertshofen","TuS Hofweier",13,16,FALSE,0,NA,NA,0,0,0,NA,0,0,0,0,0,0,NA,NA,NA,NA,NA,NA,NA,NA,0,0,0,0,NA,NA,NA,NA,NA
"Richard Mayr","751d6672-3955-11ef-a322-51fdf2a82730",NA,NA,1975,"9/20/1975","415216a8-3960-11ef-864f-2906cc9fb6bc","away","TSV Milbertshofen","TuS Hofweier",13,16,FALSE,0,NA,NA,0,0,0,NA,0,0,0,0,0,0,NA,NA,NA,NA,NA,NA,NA,NA,0,0,0,0,NA,NA,NA,NA,NA
"Jochen Frank","7ee9b472-3955-11ef-ab0f-b908c60af10a",NA,NA,1975,"9/20/1975","415216a8-3960-11ef-864f-2906cc9fb6bc","away","TSV Milbertshofen","TuS Hofweier",13,16,FALSE,0,NA,NA,0,0,0,NA,0,0,0,0,0,0,NA,NA,NA,NA,NA,NA,NA,NA,0,0,0,0,NA,NA,NA,NA,NA
"Udo Böbel","80d4ba37-3955-11ef-9d8b-b908c60af10a",NA,NA,1975,"9/20/1975","415216a8-3960-11ef-864f-2906cc9fb6bc","away","TSV Milbertshofen","TuS Hofweier",13,16,FALSE,6,NA,NA,0,0,3,NA,0,0,0,0,0,0,NA,NA,NA,NA,NA,NA,NA,NA,0,0,0,0,NA,NA,NA,NA,NA
"Werner Winkelmeier","9712104e-3955-11ef-9613-292be3190b7b",NA,NA,1975,"9/20/1975","415216a8-3960-11ef-864f-2906cc9fb6bc","away","TSV Milbertshofen","TuS Hofweier",13,16,FALSE,1,NA,NA,0,0,0,NA,0,0,0,0,0,0,NA,NA,NA,NA,NA,NA,NA,NA,0,0,0,0,NA,NA,NA,NA,NA
"Rudolf Dobler","97ac407c-3955-11ef-9ea9-292be3190b7b",NA,NA,1975,"9/20/1975","415216a8-3960-11ef-864f-2906cc9fb6bc","away","TSV Milbertshofen","TuS Hofweier",13,16,FALSE,3,NA,NA,0,0,0,NA,0,0,0,0,0,0,NA,NA,NA,NA,NA,NA,NA,NA,0,0,0,0,NA,NA,NA,NA,NA
"Erwin Heilmeier","af09c6c5-3955-11ef-9faa-a36230ada079",NA,NA,1975,"9/20/1975","415216a8-3960-11ef-864f-2906cc9fb6bc","away","TSV Milbertshofen","TuS Hofweier",13,16,FALSE,0,NA,NA,0,0,0,NA,0,0,0,0,0,0,NA,NA,NA,NA,NA,NA,NA,NA,0,0,0,0,NA,NA,NA,NA,NA
"Jochen Heyne","b1c06894-3955-11ef-ab50-a36230ada079",NA,NA,1975,"9/20/1975","415216a8-3960-11ef-864f-2906cc9fb6bc","away","TSV Milbertshofen","TuS Hofweier",13,16,FALSE,0,NA,NA,0,0,0,NA,0,0,0,0,0,0,NA,NA,NA,NA,NA,NA,NA,NA,0,0,0,0,NA,NA,NA,NA,NA
"Helmut Schelchshorn","b1c960ef-3955-11ef-850b-a36230ada079",NA,NA,1975,"9/20/1975","415216a8-3960-11ef-864f-2906cc9fb6bc","away","TSV Milbertshofen","TuS Hofweier",13,16,FALSE,0,NA,NA,0,0,0,NA,0,0,0,0,0,0,NA,NA,NA,NA,NA,NA,NA,NA,0,0,0,0,NA,NA,NA,NA,NA
"Walter Salzer","8d394c72-3955-11ef-8d73-81dc40648355",NA,NA,1975,"9/20/1975","4298f9d1-3960-11ef-9b8d-2906cc9fb6bc","home","TV 1893 Neuhausen","TSV 1896 Rintheim",15,19,FALSE,7,NA,NA,0,0,1,NA,0,0,0,0,0,0,NA,NA,NA,NA,NA,NA,NA,NA,0,0,0,0,NA,NA,NA,NA,NA
"Klaus Stoll","a42e01cc-3955-11ef-b661-2510cc07ea6e",NA,NA,1975,"9/20/1975","4298f9d1-3960-11ef-9b8d-2906cc9fb6bc","home","TV 1893 Neuhausen","TSV 1896 Rintheim",15,19,FALSE,0,NA,NA,0,0,0,NA,0,0,0,0,0,0,NA,NA,NA,NA,NA,NA,NA,NA,0,0,0,0,NA,NA,NA,NA,NA
"Robert Kemmler","a438d7c7-3955-11ef-8ff6-2510cc07ea6e",NA,NA,1975,"9/20/1975","4298f9d1-3960-11ef-9b8d-2906cc9fb6bc","home","TV 1893 Neuhausen","TSV 1896 Rintheim",15,19,FALSE,3,NA,NA,0,0,0,NA,0,0,0,0,0,0,NA,NA,NA,NA,NA,NA,NA,NA,0,0,0,0,NA,NA,NA,NA,NA
"Julius Lehmann","a448c9e2-3955-11ef-9bf8-2510cc07ea6e",NA,NA,1975,"9/20/1975","4298f9d1-3960-11ef-9b8d-2906cc9fb6bc","home","TV 1893 Neuhausen","TSV 1896 Rintheim",15,19,FALSE,0,NA,NA,0,0,0,NA,0,0,0,0,0,0,NA,NA,NA,NA,NA,NA,NA,NA,0,0,0,0,NA,NA,NA,NA,NA
"Hermann Mäurle","a44f95e3-3955-11ef-b53d-2510cc07ea6e",NA,NA,1975,"9/20/1975","4298f9d1-3960-11ef-9b8d-2906cc9fb6bc","home","TV 1893 Neuhausen","TSV 1896 Rintheim",15,19,FALSE,0,NA,NA,0,0,0,NA,0,0,0,0,0,0,NA,NA,NA,NA,NA,NA,NA,NA,0,0,0,0,NA,NA,NA,NA,NA
"Rolf Miller","a4552808-3955-11ef-ac39-2510cc07ea6e",NA,NA,1975,"9/20/1975","4298f9d1-3960-11ef-9b8d-2906cc9fb6bc","home","TV 1893 Neuhausen","TSV 1896 Rintheim",15,19,FALSE,2,NA,NA,0,0,1,NA,0,0,0,0,0,0,NA,NA,NA,NA,NA,NA,NA,NA,0,0,0,0,NA,NA,NA,NA,NA
"Manfred Reusch","a45a1b11-3955-11ef-8135-2510cc07ea6e",NA,NA,1975,"9/20/1975","4298f9d1-3960-11ef-9b8d-2906cc9fb6bc","home","TV 1893 Neuhausen","TSV 1896 Rintheim",15,19,FALSE,0,NA,NA,0,0,0,NA,0,0,0,0,0,0,NA,NA,NA,NA,NA,NA,NA,NA,0,0,0,0,NA,NA,NA,NA,NA
"Eugen Schmid","a460a6b1-3955-11ef-966d-2510cc07ea6e",NA,NA,1975,"9/20/1975","4298f9d1-3960-11ef-9b8d-2906cc9fb6bc","home","TV 1893 Neuhausen","TSV 1896 Rintheim",15,19,FALSE,1,NA,NA,0,0,0,NA,0,0,0,0,0,0,NA,NA,NA,NA,NA,NA,NA,NA,0,0,0,0,NA,NA,NA,NA,NA
"Manfred Schmid","a468025d-3955-11ef-ae56-2510cc07ea6e",NA,NA,1975,"9/20/1975","4298f9d1-3960-11ef-9b8d-2906cc9fb6bc","home","TV 1893 Neuhausen","TSV 1896 Rintheim",15,19,FALSE,0,NA,NA,0,0,0,NA,0,0,0,0,0,0,NA,NA,NA,NA,NA,NA,NA,NA,0,0,0,0,NA,NA,NA,NA,NA
"Wolfgang Ruoff","b21c931a-3955-11ef-96d4-a36230ada079",NA,NA,1975,"9/20/1975","4298f9d1-3960-11ef-9b8d-2906cc9fb6bc","home","TV 1893 Neuhausen","TSV 1896 Rintheim",15,19,FALSE,0,NA,NA,0,0,0,NA,0,0,0,0,0,0,NA,NA,NA,NA,NA,NA,NA,NA,0,0,0,0,NA,NA,NA,NA,NA
"Johann Högl","b2211f04-3955-11ef-a5bd-a36230ada079",NA,NA,1975,"9/20/1975","4298f9d1-3960-11ef-9b8d-2906cc9fb6bc","home","TV 1893 Neuhausen","TSV 1896 Rintheim",15,19,FALSE,2,NA,NA,0,0,0,NA,0,0,0,0,0,0,NA,NA,NA,NA,NA,NA,NA,NA,0,0,0,0,NA,NA,NA,NA,NA
"Winfried Damm","73c56170-3955-11ef-9cca-51fdf2a82730",NA,NA,1975,"9/20/1975","4298f9d1-3960-11ef-9b8d-2906cc9fb6bc","away","TSV 1896 Rintheim","TV 1893 Neuhausen",19,15,TRUE,0,NA,NA,0,0,0,NA,0,0,0,0,0,0,NA,NA,NA,NA,NA,NA,NA,NA,0,0,0,0,NA,NA,NA,NA,NA
"Gerhard Gaiser","7fd4e3db-3955-11ef-b327-b908c60af10a",NA,NA,1975,"9/20/1975","4298f9d1-3960-11ef-9b8d-2906cc9fb6bc","away","TSV 1896 Rintheim","TV 1893 Neuhausen",19,15,TRUE,1,NA,NA,0,0,0,NA,0,0,0,0,0,0,NA,NA,NA,NA,NA,NA,NA,NA,0,0,0,0,NA,NA,NA,NA,NA
"Manfred Schulz","8bc2b5ea-3955-11ef-8d03-81dc40648355",NA,NA,1975,"9/20/1975","4298f9d1-3960-11ef-9b8d-2906cc9fb6bc","away","TSV 1896 Rintheim","TV 1893 Neuhausen",19,15,TRUE,0,NA,NA,0,0,0,NA,0,0,0,0,0,0,NA,NA,NA,NA,NA,NA,NA,NA,0,0,0,0,NA,NA,NA,NA,NA
"Max Müller","99453a6b-3955-11ef-84c2-292be3190b7b",NA,NA,1975,"9/20/1975","4298f9d1-3960-11ef-9b8d-2906cc9fb6bc","away","TSV 1896 Rintheim","TV 1893 Neuhausen",19,15,TRUE,8,NA,NA,0,0,2,NA,0,0,0,0,0,0,NA,NA,NA,NA,NA,NA,NA,NA,0,0,0,0,NA,NA,NA,NA,NA
"Alfred Schmitt","a25e1dab-3955-11ef-b412-2510cc07ea6e",NA,NA,1975,"9/20/1975","4298f9d1-3960-11ef-9b8d-2906cc9fb6bc","away","TSV 1896 Rintheim","TV 1893 Neuhausen",19,15,TRUE,0,NA,NA,0,0,0,NA,0,0,0,0,0,0,NA,NA,NA,NA,NA,NA,NA,NA,0,0,0,0,NA,NA,NA,NA,NA
"Rudi Stein","a27f8606-3955-11ef-8352-2510cc07ea6e",NA,NA,1975,"9/20/1975","4298f9d1-3960-11ef-9b8d-2906cc9fb6bc","away","TSV 1896 Rintheim","TV 1893 Neuhausen",19,15,TRUE,2,NA,NA,0,0,0,NA,0,0,0,0,0,0,NA,NA,NA,NA,NA,NA,NA,NA,0,0,0,0,NA,NA,NA,NA,NA
"Rudi Lechleidner","aec862a4-3955-11ef-ad66-a36230ada079",NA,NA,1975,"9/20/1975","4298f9d1-3960-11ef-9b8d-2906cc9fb6bc","away","TSV 1896 Rintheim","TV 1893 Neuhausen",19,15,TRUE,3,NA,NA,0,0,0,NA,0,0,0,0,0,0,NA,NA,NA,NA,NA,NA,NA,NA,0,0,0,0,NA,NA,NA,NA,NA
"Wilfried Job","af3ed007-3955-11ef-9184-a36230ada079",NA,NA,1975,"9/20/1975","4298f9d1-3960-11ef-9b8d-2906cc9fb6bc","away","TSV 1896 Rintheim","TV 1893 Neuhausen",19,15,TRUE,1,NA,NA,0,0,0,NA,0,0,0,0,0,0,NA,NA,NA,NA,NA,NA,NA,NA,0,0,0,0,NA,NA,NA,NA,NA
"Claus Erles","af42e492-3955-11ef-a26e-a36230ada079",NA,NA,1975,"9/20/1975","4298f9d1-3960-11ef-9b8d-2906cc9fb6bc","away","TSV 1896 Rintheim","TV 1893 Neuhausen",19,15,TRUE,0,NA,NA,0,0,0,NA,0,0,0,0,0,0,NA,NA,NA,NA,NA,NA,NA,NA,0,0,0,0,NA,NA,NA,NA,NA
"Rolf Barthel","b1e747bc-3955-11ef-bf9b-a36230ada079",NA,NA,1975,"9/20/1975","4298f9d1-3960-11ef-9b8d-2906cc9fb6bc","away","TSV 1896 Rintheim","TV 1893 Neuhausen",19,15,TRUE,2,NA,NA,0,0,0,NA,0,0,0,0,0,0,NA,NA,NA,NA,NA,NA,NA,NA,0,0,0,0,NA,NA,NA,NA,NA
"Žarko Olujić","b1ebb098-3955-11ef-ab01-a36230ada079",NA,NA,1975,"9/20/1975","4298f9d1-3960-11ef-9b8d-2906cc9fb6bc","away","TSV 1896 Rintheim","TV 1893 Neuhausen",19,15,TRUE,2,NA,NA,0,0,0,NA,0,0,0,0,0,0,NA,NA,NA,NA,NA,NA,NA,NA,0,0,0,0,NA,NA,NA,NA,NA
"Dieter Bartke","4fa6f4fc-3955-11ef-9f16-6d38c0425bc0",NA,NA,1975,"9/21/1975","35f7c1dd-3960-11ef-8b6c-2906cc9fb6bc","home","SC Phönix Essen 1920","THW Kiel",22,20,TRUE,0,NA,NA,0,0,0,NA,0,0,0,0,0,0,NA,NA,NA,NA,NA,NA,NA,NA,0,0,0,0,NA,NA,NA,NA,NA
"Burkhard Windorf","8b6a317b-3955-11ef-84ca-81dc40648355",NA,NA,1975,"9/21/1975","35f7c1dd-3960-11ef-8b6c-2906cc9fb6bc","home","SC Phönix Essen 1920","THW Kiel",22,20,TRUE,3,NA,NA,0,0,0,NA,0,0,0,0,0,0,NA,NA,NA,NA,NA,NA,NA,NA,0,0,0,0,NA,NA,NA,NA,NA
"Peter Kleibrink","a1d4c58c-3955-11ef-9cce-2510cc07ea6e",NA,NA,1975,"9/21/1975","35f7c1dd-3960-11ef-8b6c-2906cc9fb6bc","home","SC Phönix Essen 1920","THW Kiel",22,20,TRUE,3,NA,NA,0,0,0,NA,0,0,0,0,0,0,NA,NA,NA,NA,NA,NA,NA,NA,0,0,0,0,NA,NA,NA,NA,NA
"Peter Bützer","a4cb5a85-3955-11ef-989d-2510cc07ea6e",NA,NA,1975,"9/21/1975","35f7c1dd-3960-11ef-8b6c-2906cc9fb6bc","home","SC Phönix Essen 1920","THW Kiel",22,20,TRUE,1,NA,NA,0,0,0,NA,0,0,0,0,0,0,NA,NA,NA,NA,NA,NA,NA,NA,0,0,0,0,NA,NA,NA,NA,NA
"Jürgen Musebrink","a572f52f-3955-11ef-b6cb-2510cc07ea6e",NA,NA,1975,"9/21/1975","35f7c1dd-3960-11ef-8b6c-2906cc9fb6bc","home","SC Phönix Essen 1920","THW Kiel",22,20,TRUE,0,NA,NA,0,0,0,NA,0,0,0,0,0,0,NA,NA,NA,NA,NA,NA,NA,NA,0,0,0,0,NA,NA,NA,NA,NA
"Carsten Matuszak","a59daa13-3955-11ef-9206-2510cc07ea6e",NA,NA,1975,"9/21/1975","35f7c1dd-3960-11ef-8b6c-2906cc9fb6bc","home","SC Phönix Essen 1920","THW Kiel",22,20,TRUE,0,NA,NA,0,0,0,NA,0,0,0,0,0,0,NA,NA,NA,NA,NA,NA,NA,NA,0,0,0,0,NA,NA,NA,NA,NA
"Wilhelm Heidkamp","a5a2ef02-3955-11ef-9852-2510cc07ea6e",NA,NA,1975,"9/21/1975","35f7c1dd-3960-11ef-8b6c-2906cc9fb6bc","home","SC Phönix Essen 1920","THW Kiel",22,20,TRUE,4,NA,NA,0,0,0,NA,0,0,0,0,0,0,NA,NA,NA,NA,NA,NA,NA,NA,0,0,0,0,NA,NA,NA,NA,NA
"Heinz Oberscheidt","a5ae94f2-3955-11ef-91fc-2510cc07ea6e",NA,NA,1975,"9/21/1975","35f7c1dd-3960-11ef-8b6c-2906cc9fb6bc","home","SC Phönix Essen 1920","THW Kiel",22,20,TRUE,2,NA,NA,0,0,1,NA,0,0,0,0,0,0,NA,NA,NA,NA,NA,NA,NA,NA,0,0,0,0,NA,NA,NA,NA,NA
"Ingo Callies","b0b0659b-3955-11ef-87aa-a36230ada079",NA,NA,1975,"9/21/1975","35f7c1dd-3960-11ef-8b6c-2906cc9fb6bc","home","SC Phönix Essen 1920","THW Kiel",22,20,TRUE,8,NA,NA,0,0,2,NA,0,0,0,0,0,0,NA,NA,NA,NA,NA,NA,NA,NA,0,0,0,0,NA,NA,NA,NA,NA
"Peter Forker","b0b50ef2-3955-11ef-964f-a36230ada079",NA,NA,1975,"9/21/1975","35f7c1dd-3960-11ef-8b6c-2906cc9fb6bc","home","SC Phönix Essen 1920","THW Kiel",22,20,TRUE,0,NA,NA,0,0,0,NA,0,0,0,0,0,0,NA,NA,NA,NA,NA,NA,NA,NA,0,0,0,0,NA,NA,NA,NA,NA
"Emil Hauke","b0ba65f4-3955-11ef-9726-a36230ada079",NA,NA,1975,"9/21/1975","35f7c1dd-3960-11ef-8b6c-2906cc9fb6bc","home","SC Phönix Essen 1920","THW Kiel",22,20,TRUE,1,NA,NA,0,0,0,NA,0,0,0,0,0,0,NA,NA,NA,NA,NA,NA,NA,NA,0,0,0,0,NA,NA,NA,NA,NA
"Rüdiger Hillebrand","b0c11a9c-3955-11ef-bf0d-a36230ada079",NA,NA,1975,"9/21/1975","35f7c1dd-3960-11ef-8b6c-2906cc9fb6bc","home","SC Phönix Essen 1920","THW Kiel",22,20,TRUE,0,NA,NA,0,0,0,NA,0,0,0,0,0,0,NA,NA,NA,NA,NA,NA,NA,NA,0,0,0,0,NA,NA,NA,NA,NA
"Holger Oertel","685d8d1c-3955-11ef-86af-292be3190b7b",NA,NA,1975,"9/21/1975","35f7c1dd-3960-11ef-8b6c-2906cc9fb6bc","away","THW Kiel","SC Phönix Essen 1920",20,22,FALSE,0,NA,NA,0,0,0,NA,0,0,0,0,0,0,NA,NA,NA,NA,NA,NA,NA,NA,0,0,0,0,NA,NA,NA,NA,NA
"Roland Hänsch","981d8549-3955-11ef-a2ca-292be3190b7b",NA,NA,1975,"9/21/1975","35f7c1dd-3960-11ef-8b6c-2906cc9fb6bc","away","THW Kiel","SC Phönix Essen 1920",20,22,FALSE,0,NA,NA,0,0,0,NA,0,0,0,0,0,0,NA,NA,NA,NA,NA,NA,NA,NA,0,0,0,0,NA,NA,NA,NA,NA
"Gerd Welz","98273a90-3955-11ef-a3a2-292be3190b7b",NA,NA,1975,"9/21/1975","35f7c1dd-3960-11ef-8b6c-2906cc9fb6bc","away","THW Kiel","SC Phönix Essen 1920",20,22,FALSE,5,NA,NA,0,0,3,NA,0,0,0,0,0,0,NA,NA,NA,NA,NA,NA,NA,NA,0,0,0,0,NA,NA,NA,NA,NA
"Hans-Lothar Bock","9991bda0-3955-11ef-a6c6-292be3190b7b",NA,NA,1975,"9/21/1975","35f7c1dd-3960-11ef-8b6c-2906cc9fb6bc","away","THW Kiel","SC Phönix Essen 1920",20,22,FALSE,3,NA,NA,0,0,0,NA,0,0,0,0,0,0,NA,NA,NA,NA,NA,NA,NA,NA,0,0,0,0,NA,NA,NA,NA,NA
"Volker Harbs","9995a6f3-3955-11ef-b74f-292be3190b7b",NA,NA,1975,"9/21/1975","35f7c1dd-3960-11ef-8b6c-2906cc9fb6bc","away","THW Kiel","SC Phönix Essen 1920",20,22,FALSE,4,NA,NA,0,0,0,NA,0,0,0,0,0,0,NA,NA,NA,NA,NA,NA,NA,NA,0,0,0,0,NA,NA,NA,NA,NA
"Dieter Krause","99996b47-3955-11ef-a9c9-292be3190b7b",NA,NA,1975,"9/21/1975","35f7c1dd-3960-11ef-8b6c-2906cc9fb6bc","away","THW Kiel","SC Phönix Essen 1920",20,22,FALSE,2,NA,NA,0,0,0,NA,0,0,0,0,0,0,NA,NA,NA,NA,NA,NA,NA,NA,0,0,0,0,NA,NA,NA,NA,NA
"Wolfgang Stolz","999eb14b-3955-11ef-bbce-292be3190b7b",NA,NA,1975,"9/21/1975","35f7c1dd-3960-11ef-8b6c-2906cc9fb6bc","away","THW Kiel","SC Phönix Essen 1920",20,22,FALSE,1,NA,NA,0,0,0,NA,0,0,0,0,0,0,NA,NA,NA,NA,NA,NA,NA,NA,0,0,0,0,NA,NA,NA,NA,NA
"Holger Aissen","a3fb7482-3955-11ef-858d-2510cc07ea6e",NA,NA,1975,"9/21/1975","35f7c1dd-3960-11ef-8b6c-2906cc9fb6bc","away","THW Kiel","SC Phönix Essen 1920",20,22,FALSE,0,NA,NA,0,0,0,NA,0,0,0,0,0,0,NA,NA,NA,NA,NA,NA,NA,NA,0,0,0,0,NA,NA,NA,NA,NA
"Ingo Voß","ae396fa6-3955-11ef-acb0-a36230ada079",NA,NA,1975,"9/21/1975","35f7c1dd-3960-11ef-8b6c-2906cc9fb6bc","away","THW Kiel","SC Phönix Essen 1920",20,22,FALSE,0,NA,NA,0,0,0,NA,0,0,0,0,0,0,NA,NA,NA,NA,NA,NA,NA,NA,0,0,0,0,NA,NA,NA,NA,NA
"Bernd Nielsen","b1480d2c-3955-11ef-8563-a36230ada079",NA,NA,1975,"9/21/1975","35f7c1dd-3960-11ef-8b6c-2906cc9fb6bc","away","THW Kiel","SC Phönix Essen 1920",20,22,FALSE,4,NA,NA,0,0,1,NA,0,0,0,0,0,0,NA,NA,NA,NA,NA,NA,NA,NA,0,0,0,0,NA,NA,NA,NA,NA
"Hartwig Moll","b14ce7d8-3955-11ef-8cb5-a36230ada079",NA,NA,1975,"9/21/1975","35f7c1dd-3960-11ef-8b6c-2906cc9fb6bc","away","THW Kiel","SC Phönix Essen 1920",20,22,FALSE,1,NA,NA,0,0,0,NA,0,0,0,0,0,0,NA,NA,NA,NA,NA,NA,NA,NA,0,0,0,0,NA,NA,NA,NA,NA
"Bernd Seehase","7f0c7bc5-3955-11ef-8b93-b908c60af10a",NA,NA,1975,"9/21/1975","3773d954-3960-11ef-93d6-2906cc9fb6bc","home","Füchse Berlin","TV 05/07 Hüttenberg",16,13,TRUE,0,NA,NA,0,0,0,NA,0,0,0,0,0,0,NA,NA,NA,NA,NA,NA,NA,NA,0,0,0,0,NA,NA,NA,NA,NA
"Thomas Drust","7f41dffa-3955-11ef-8757-b908c60af10a",NA,NA,1975,"9/21/1975","3773d954-3960-11ef-93d6-2906cc9fb6bc","home","Füchse Berlin","TV 05/07 Hüttenberg",16,13,TRUE,0,NA,NA,0,0,0,NA,0,0,0,0,0,0,NA,NA,NA,NA,NA,NA,NA,NA,0,0,0,0,NA,NA,NA,NA,NA
"Dieter Nerlich","7f4aaab6-3955-11ef-a6c5-b908c60af10a",NA,NA,1975,"9/21/1975","3773d954-3960-11ef-93d6-2906cc9fb6bc","home","Füchse Berlin","TV 05/07 Hüttenberg",16,13,TRUE,2,NA,NA,0,0,0,NA,0,0,0,0,0,0,NA,NA,NA,NA,NA,NA,NA,NA,0,0,0,0,NA,NA,NA,NA,NA
"Andreas Pieper","8b17f063-3955-11ef-8f1b-81dc40648355",NA,NA,1975,"9/21/1975","3773d954-3960-11ef-93d6-2906cc9fb6bc","home","Füchse Berlin","TV 05/07 Hüttenberg",16,13,TRUE,1,NA,NA,0,0,0,NA,0,0,0,0,0,0,NA,NA,NA,NA,NA,NA,NA,NA,0,0,0,0,NA,NA,NA,NA,NA
"Horst Rampp","8c760463-3955-11ef-b11d-81dc40648355",NA,NA,1975,"9/21/1975","3773d954-3960-11ef-93d6-2906cc9fb6bc","home","Füchse Berlin","TV 05/07 Hüttenberg",16,13,TRUE,0,NA,NA,0,0,0,NA,0,0,0,0,0,0,NA,NA,NA,NA,NA,NA,NA,NA,0,0,0,0,NA,NA,NA,NA,NA
"Bernd Dibbert","a5e7e77c-3955-11ef-a806-2510cc07ea6e",NA,NA,1975,"9/21/1975","3773d954-3960-11ef-93d6-2906cc9fb6bc","home","Füchse Berlin","TV 05/07 Hüttenberg",16,13,TRUE,0,NA,NA,0,0,0,NA,0,0,0,0,0,0,NA,NA,NA,NA,NA,NA,NA,NA,0,0,0,0,NA,NA,NA,NA,NA
"Manfred Klein","a5ed5981-3955-11ef-aef8-2510cc07ea6e",NA,NA,1975,"9/21/1975","3773d954-3960-11ef-93d6-2906cc9fb6bc","home","Füchse Berlin","TV 05/07 Hüttenberg",16,13,TRUE,0,NA,NA,0,0,0,NA,0,0,0,0,0,0,NA,NA,NA,NA,NA,NA,NA,NA,0,0,0,0,NA,NA,NA,NA,NA
"Reinhard Lembcke","a5f9e01f-3955-11ef-a753-2510cc07ea6e",NA,NA,1975,"9/21/1975","3773d954-3960-11ef-93d6-2906cc9fb6bc","home","Füchse Berlin","TV 05/07 Hüttenberg",16,13,TRUE,2,NA,NA,0,0,0,NA,0,0,0,0,0,0,NA,NA,NA,NA,NA,NA,NA,NA,0,0,0,0,NA,NA,NA,NA,NA
"Wolfgang Braun","b1a4c388-3955-11ef-92b7-a36230ada079",NA,NA,1975,"9/21/1975","3773d954-3960-11ef-93d6-2906cc9fb6bc","home","Füchse Berlin","TV 05/07 Hüttenberg",16,13,TRUE,2,NA,NA,0,0,0,NA,0,0,0,0,0,0,NA,NA,NA,NA,NA,NA,NA,NA,0,0,0,0,NA,NA,NA,NA,NA
"Detlef Finkelmann","b1a8f927-3955-11ef-a009-a36230ada079",NA,NA,1975,"9/21/1975","3773d954-3960-11ef-93d6-2906cc9fb6bc","home","Füchse Berlin","TV 05/07 Hüttenberg",16,13,TRUE,7,NA,NA,0,0,7,NA,0,0,0,0,0,0,NA,NA,NA,NA,NA,NA,NA,NA,0,0,0,0,NA,NA,NA,NA,NA
"Bernd Goerigk","b1b21b0c-3955-11ef-a303-a36230ada079",NA,NA,1975,"9/21/1975","3773d954-3960-11ef-93d6-2906cc9fb6bc","home","Füchse Berlin","TV 05/07 Hüttenberg",16,13,TRUE,1,NA,NA,0,0,0,NA,0,0,0,0,0,0,NA,NA,NA,NA,NA,NA,NA,NA,0,0,0,0,NA,NA,NA,NA,NA
"Lutz Loewke","b1b73b08-3955-11ef-b76a-a36230ada079",NA,NA,1975,"9/21/1975","3773d954-3960-11ef-93d6-2906cc9fb6bc","home","Füchse Berlin","TV 05/07 Hüttenberg",16,13,TRUE,1,NA,NA,0,0,0,NA,0,0,0,0,0,0,NA,NA,NA,NA,NA,NA,NA,NA,0,0,0,0,NA,NA,NA,NA,NA
"Walter Don","73f54ad3-3955-11ef-b2c6-51fdf2a82730",NA,NA,1975,"9/21/1975","3773d954-3960-11ef-93d6-2906cc9fb6bc","away","TV 05/07 Hüttenberg","Füchse Berlin",13,16,FALSE,4,NA,NA,0,0,2,NA,0,0,0,0,0,0,NA,NA,NA,NA,NA,NA,NA,NA,0,0,0,0,NA,NA,NA,NA,NA
"Harald Ohly","8048d89d-3955-11ef-a214-b908c60af10a",NA,NA,1975,"9/21/1975","3773d954-3960-11ef-93d6-2906cc9fb6bc","away","TV 05/07 Hüttenberg","Füchse Berlin",13,16,FALSE,0,NA,NA,0,0,0,NA,0,0,0,0,0,0,NA,NA,NA,NA,NA,NA,NA,NA,0,0,0,0,NA,NA,NA,NA,NA
"Hans-Jürgen Völpel","80753eec-3955-11ef-bd2e-b908c60af10a",NA,NA,1975,"9/21/1975","3773d954-3960-11ef-93d6-2906cc9fb6bc","away","TV 05/07 Hüttenberg","Füchse Berlin",13,16,FALSE,0,NA,NA,0,0,0,NA,0,0,0,0,0,0,NA,NA,NA,NA,NA,NA,NA,NA,0,0,0,0,NA,NA,NA,NA,NA
"Siegfried Weber","807d098c-3955-11ef-8827-b908c60af10a",NA,NA,1975,"9/21/1975","3773d954-3960-11ef-93d6-2906cc9fb6bc","away","TV 05/07 Hüttenberg","Füchse Berlin",13,16,FALSE,1,NA,NA,0,0,0,NA,0,0,0,0,0,0,NA,NA,NA,NA,NA,NA,NA,NA,0,0,0,0,NA,NA,NA,NA,NA
"Horst Spengler","80adf446-3955-11ef-a1e6-b908c60af10a",NA,NA,1975,"9/21/1975","3773d954-3960-11ef-93d6-2906cc9fb6bc","away","TV 05/07 Hüttenberg","Füchse Berlin",13,16,FALSE,4,NA,NA,0,0,1,NA,0,0,0,0,0,0,NA,NA,NA,NA,NA,NA,NA,NA,0,0,0,0,NA,NA,NA,NA,NA
"Klaus Meineke","8d0eefb2-3955-11ef-a068-81dc40648355",NA,NA,1975,"9/21/1975","3773d954-3960-11ef-93d6-2906cc9fb6bc","away","TV 05/07 Hüttenberg","Füchse Berlin",13,16,FALSE,2,NA,NA,0,0,0,NA,0,0,0,0,0,0,NA,NA,NA,NA,NA,NA,NA,NA,0,0,0,0,NA,NA,NA,NA,NA
"Roland Stoy","96890f7d-3955-11ef-939e-292be3190b7b",NA,NA,1975,"9/21/1975","3773d954-3960-11ef-93d6-2906cc9fb6bc","away","TV 05/07 Hüttenberg","Füchse Berlin",13,16,FALSE,0,NA,NA,0,0,0,NA,0,0,0,0,0,0,NA,NA,NA,NA,NA,NA,NA,NA,0,0,0,0,NA,NA,NA,NA,NA
"Norbert Bach","a3be6ba6-3955-11ef-9511-2510cc07ea6e",NA,NA,1975,"9/21/1975","3773d954-3960-11ef-93d6-2906cc9fb6bc","away","TV 05/07 Hüttenberg","Füchse Berlin",13,16,FALSE,0,NA,NA,0,0,0,NA,0,0,0,0,0,0,NA,NA,NA,NA,NA,NA,NA,NA,0,0,0,0,NA,NA,NA,NA,NA
"Stefan Schicketanz","a3d099d4-3955-11ef-90b6-2510cc07ea6e",NA,NA,1975,"9/21/1975","3773d954-3960-11ef-93d6-2906cc9fb6bc","away","TV 05/07 Hüttenberg","Füchse Berlin",13,16,FALSE,2,NA,NA,0,0,0,NA,0,0,0,0,0,0,NA,NA,NA,NA,NA,NA,NA,NA,0,0,0,0,NA,NA,NA,NA,NA
"Hans-Willi Weber","a3f62960-3955-11ef-a9a1-2510cc07ea6e",NA,NA,1975,"9/21/1975","3773d954-3960-11ef-93d6-2906cc9fb6bc","away","TV 05/07 Hüttenberg","Füchse Berlin",13,16,FALSE,0,NA,NA,0,0,0,NA,0,0,0,0,0,0,NA,NA,NA,NA,NA,NA,NA,NA,0,0,0,0,NA,NA,NA,NA,NA
"Josef Mantz","b15c537d-3955-11ef-b17c-a36230ada079",NA,NA,1975,"9/21/1975","3773d954-3960-11ef-93d6-2906cc9fb6bc","away","TV 05/07 Hüttenberg","Füchse Berlin",13,16,FALSE,0,NA,NA,0,0,0,NA,0,0,0,0,0,0,NA,NA,NA,NA,NA,NA,NA,NA,0,0,0,0,NA,NA,NA,NA,NA
"Esad Kurtagić","39c727cf-3955-11ef-82fa-bfbfc9e17c09",NA,NA,1975,"9/27/1975","31a41fd8-3960-11ef-82ab-2906cc9fb6bc","home","TuS Derschlag 1881","GWD Minden",21,19,TRUE,5,NA,NA,0,0,0,NA,0,0,0,0,0,0,NA,NA,NA,NA,NA,NA,NA,NA,0,0,0,0,NA,NA,NA,NA,NA
"Spasoje Skerčević","50b681d8-3955-11ef-b6e8-6d38c0425bc0",NA,NA,1975,"9/27/1975","31a41fd8-3960-11ef-82ab-2906cc9fb6bc","home","TuS Derschlag 1881","GWD Minden",21,19,TRUE,2,NA,NA,0,0,0,NA,0,0,0,0,0,0,NA,NA,NA,NA,NA,NA,NA,NA,0,0,0,0,NA,NA,NA,NA,NA
"Klaus Brand","51394441-3955-11ef-8fab-6d38c0425bc0",NA,NA,1975,"9/27/1975","31a41fd8-3960-11ef-82ab-2906cc9fb6bc","home","TuS Derschlag 1881","GWD Minden",21,19,TRUE,0,NA,NA,0,0,0,NA,0,0,0,0,0,0,NA,NA,NA,NA,NA,NA,NA,NA,0,0,0,0,NA,NA,NA,NA,NA
"Ullrich Pohl","8c524587-3955-11ef-96af-81dc40648355",NA,NA,1975,"9/27/1975","31a41fd8-3960-11ef-82ab-2906cc9fb6bc","home","TuS Derschlag 1881","GWD Minden",21,19,TRUE,4,NA,NA,0,0,0,NA,0,0,0,0,0,0,NA,NA,NA,NA,NA,NA,NA,NA,0,0,0,0,NA,NA,NA,NA,NA
"Đorđe Lavrnić","9674e86d-3955-11ef-8ae9-292be3190b7b",NA,NA,1975,"9/27/1975","31a41fd8-3960-11ef-82ab-2906cc9fb6bc","home","TuS Derschlag 1881","GWD Minden",21,19,TRUE,3,NA,NA,0,0,1,NA,0,0,0,0,0,0,NA,NA,NA,NA,NA,NA,NA,NA,0,0,0,0,NA,NA,NA,NA,NA
"Ulrich Ufer","a2c8cfa8-3955-11ef-8510-2510cc07ea6e",NA,NA,1975,"9/27/1975","31a41fd8-3960-11ef-82ab-2906cc9fb6bc","home","TuS Derschlag 1881","GWD Minden",21,19,TRUE,7,NA,NA,0,0,0,NA,0,0,0,0,0,0,NA,NA,NA,NA,NA,NA,NA,NA,0,0,0,0,NA,NA,NA,NA,NA
"Jürgen Ulbrich","a2cdb0b8-3955-11ef-aba3-2510cc07ea6e",NA,NA,1975,"9/27/1975","31a41fd8-3960-11ef-82ab-2906cc9fb6bc","home","TuS Derschlag 1881","GWD Minden",21,19,TRUE,0,NA,NA,0,0,0,NA,0,0,0,0,0,0,NA,NA,NA,NA,NA,NA,NA,NA,0,0,0,0,NA,NA,NA,NA,NA
"Harald Ohrendorf","ae2b1f58-3955-11ef-baab-a36230ada079",NA,NA,1975,"9/27/1975","31a41fd8-3960-11ef-82ab-2906cc9fb6bc","home","TuS Derschlag 1881","GWD Minden",21,19,TRUE,0,NA,NA,0,0,0,NA,0,0,0,0,0,0,NA,NA,NA,NA,NA,NA,NA,NA,0,0,0,0,NA,NA,NA,NA,NA
"Helmut Keller","ae2fb2ba-3955-11ef-b38f-a36230ada079",NA,NA,1975,"9/27/1975","31a41fd8-3960-11ef-82ab-2906cc9fb6bc","home","TuS Derschlag 1881","GWD Minden",21,19,TRUE,0,NA,NA,0,0,0,NA,0,0,0,0,0,0,NA,NA,NA,NA,NA,NA,NA,NA,0,0,0,0,NA,NA,NA,NA,NA
"Eric Ludwig","b1331def-3955-11ef-b6f8-a36230ada079",NA,NA,1975,"9/27/1975","31a41fd8-3960-11ef-82ab-2906cc9fb6bc","home","TuS Derschlag 1881","GWD Minden",21,19,TRUE,0,NA,NA,0,0,0,NA,0,0,0,0,0,0,NA,NA,NA,NA,NA,NA,NA,NA,0,0,0,0,NA,NA,NA,NA,NA
"Hans-Jürgen Grund","81694a24-3955-11ef-9a97-b908c60af10a",NA,NA,1975,"9/27/1975","31a41fd8-3960-11ef-82ab-2906cc9fb6bc","away","GWD Minden","TuS Derschlag 1881",19,21,FALSE,0,NA,NA,0,0,0,NA,0,0,0,0,0,0,NA,NA,NA,NA,NA,NA,NA,NA,0,0,0,0,NA,NA,NA,NA,NA
"Axel Axelsson","8b29429f-3955-11ef-baf9-81dc40648355",NA,NA,1975,"9/27/1975","31a41fd8-3960-11ef-82ab-2906cc9fb6bc","away","GWD Minden","TuS Derschlag 1881",19,21,FALSE,1,NA,NA,0,0,0,NA,0,0,0,0,0,0,NA,NA,NA,NA,NA,NA,NA,NA,0,0,0,0,NA,NA,NA,NA,NA
"Dieter Waltke","8bbe1a37-3955-11ef-a8ff-81dc40648355",NA,NA,1975,"9/27/1975","31a41fd8-3960-11ef-82ab-2906cc9fb6bc","away","GWD Minden","TuS Derschlag 1881",19,21,FALSE,8,NA,NA,0,0,4,NA,0,0,0,0,0,0,NA,NA,NA,NA,NA,NA,NA,NA,0,0,0,0,NA,NA,NA,NA,NA
"Bernhard Busch","8dc9280f-3955-11ef-80e2-81dc40648355",NA,NA,1975,"9/27/1975","31a41fd8-3960-11ef-82ab-2906cc9fb6bc","away","GWD Minden","TuS Derschlag 1881",19,21,FALSE,1,NA,NA,0,0,0,NA,0,0,0,0,0,0,NA,NA,NA,NA,NA,NA,NA,NA,0,0,0,0,NA,NA,NA,NA,NA
"Gerd Becker","96f1e245-3955-11ef-80bc-292be3190b7b",NA,NA,1975,"9/27/1975","31a41fd8-3960-11ef-82ab-2906cc9fb6bc","away","GWD Minden","TuS Derschlag 1881",19,21,FALSE,3,NA,NA,0,0,0,NA,0,0,0,0,0,0,NA,NA,NA,NA,NA,NA,NA,NA,0,0,0,0,NA,NA,NA,NA,NA
"Walter von Oepen","97f2373d-3955-11ef-82ae-292be3190b7b",NA,NA,1975,"9/27/1975","31a41fd8-3960-11ef-82ab-2906cc9fb6bc","away","GWD Minden","TuS Derschlag 1881",19,21,FALSE,4,NA,NA,0,0,0,NA,0,0,0,0,0,0,NA,NA,NA,NA,NA,NA,NA,NA,0,0,0,0,NA,NA,NA,NA,NA
"Gerhard Buddenbohm","98e2ecac-3955-11ef-b2de-292be3190b7b",NA,NA,1975,"9/27/1975","31a41fd8-3960-11ef-82ab-2906cc9fb6bc","away","GWD Minden","TuS Derschlag 1881",19,21,FALSE,0,NA,NA,0,0,0,NA,0,0,0,0,0,0,NA,NA,NA,NA,NA,NA,NA,NA,0,0,0,0,NA,NA,NA,NA,NA
"Ólafur Hlöðver Jónsson","98eb7177-3955-11ef-9bda-292be3190b7b",NA,NA,1975,"9/27/1975","31a41fd8-3960-11ef-82ab-2906cc9fb6bc","away","GWD Minden","TuS Derschlag 1881",19,21,FALSE,3,NA,NA,0,0,0,NA,0,0,0,0,0,0,NA,NA,NA,NA,NA,NA,NA,NA,0,0,0,0,NA,NA,NA,NA,NA
"Hans Kramer","98f50290-3955-11ef-8aa8-292be3190b7b",NA,NA,1975,"9/27/1975","31a41fd8-3960-11ef-82ab-2906cc9fb6bc","away","GWD Minden","TuS Derschlag 1881",19,21,FALSE,2,NA,NA,0,0,0,NA,0,0,0,0,0,0,NA,NA,NA,NA,NA,NA,NA,NA,0,0,0,0,NA,NA,NA,NA,NA
"Jobst-Erich Rehse","b00be251-3955-11ef-ac35-a36230ada079",NA,NA,1975,"9/27/1975","31a41fd8-3960-11ef-82ab-2906cc9fb6bc","away","GWD Minden","TuS Derschlag 1881",19,21,FALSE,1,NA,NA,0,0,0,NA,0,0,0,0,0,0,NA,NA,NA,NA,NA,NA,NA,NA,0,0,0,0,NA,NA,NA,NA,NA
"Hans-Dieter Schmitz","51093bea-3955-11ef-bc25-6d38c0425bc0",NA,NA,1975,"9/27/1975","3608dd66-3960-11ef-bb3e-2906cc9fb6bc","home","OSC 04 Rheinhausen","SC Phönix Essen 1920",16,19,FALSE,4,NA,NA,0,0,1,NA,0,0,0,0,0,0,NA,NA,NA,NA,NA,NA,NA,NA,0,0,0,0,NA,NA,NA,NA,NA
"Gerd Rosendahl","7501cfa1-3955-11ef-95a2-51fdf2a82730",NA,NA,1975,"9/27/1975","3608dd66-3960-11ef-bb3e-2906cc9fb6bc","home","OSC 04 Rheinhausen","SC Phönix Essen 1920",16,19,FALSE,1,NA,NA,0,0,0,NA,0,0,0,0,0,0,NA,NA,NA,NA,NA,NA,NA,NA,0,0,0,0,NA,NA,NA,NA,NA
"Harry Keller","7e4b9df1-3955-11ef-80fd-b908c60af10a",NA,NA,1975,"9/27/1975","3608dd66-3960-11ef-bb3e-2906cc9fb6bc","home","OSC 04 Rheinhausen","SC Phönix Essen 1920",16,19,FALSE,0,NA,NA,0,0,0,NA,0,0,0,0,0,0,NA,NA,NA,NA,NA,NA,NA,NA,0,0,0,0,NA,NA,NA,NA,NA
"Uwe Laaser","8157221e-3955-11ef-a944-b908c60af10a",NA,NA,1975,"9/27/1975","3608dd66-3960-11ef-bb3e-2906cc9fb6bc","home","OSC 04 Rheinhausen","SC Phönix Essen 1920",16,19,FALSE,0,NA,NA,0,0,0,NA,0,0,0,0,0,0,NA,NA,NA,NA,NA,NA,NA,NA,0,0,0,0,NA,NA,NA,NA,NA
"Jadranko Demirović","a1caaba8-3955-11ef-8081-2510cc07ea6e",NA,NA,1975,"9/27/1975","3608dd66-3960-11ef-bb3e-2906cc9fb6bc","home","OSC 04 Rheinhausen","SC Phönix Essen 1920",16,19,FALSE,6,NA,NA,0,0,3,NA,0,0,0,0,0,0,NA,NA,NA,NA,NA,NA,NA,NA,0,0,0,0,NA,NA,NA,NA,NA
"Hans-Peter Halfmann","a1cf8d63-3955-11ef-b90c-2510cc07ea6e",NA,NA,1975,"9/27/1975","3608dd66-3960-11ef-bb3e-2906cc9fb6bc","home","OSC 04 Rheinhausen","SC Phönix Essen 1920",16,19,FALSE,0,NA,NA,0,0,0,NA,0,0,0,0,0,0,NA,NA,NA,NA,NA,NA,NA,NA,0,0,0,0,NA,NA,NA,NA,NA
"Jürgen Pflugbeil","a4aebf56-3955-11ef-99e3-2510cc07ea6e",NA,NA,1975,"9/27/1975","3608dd66-3960-11ef-bb3e-2906cc9fb6bc","home","OSC 04 Rheinhausen","SC Phönix Essen 1920",16,19,FALSE,0,NA,NA,0,0,0,NA,0,0,0,0,0,0,NA,NA,NA,NA,NA,NA,NA,NA,0,0,0,0,NA,NA,NA,NA,NA
"Norbert Meister","a610e086-3955-11ef-bf85-2510cc07ea6e",NA,NA,1975,"9/27/1975","3608dd66-3960-11ef-bb3e-2906cc9fb6bc","home","OSC 04 Rheinhausen","SC Phönix Essen 1920",16,19,FALSE,0,NA,NA,0,0,0,NA,0,0,0,0,0,0,NA,NA,NA,NA,NA,NA,NA,NA,0,0,0,0,NA,NA,NA,NA,NA
"Dieter Hünten","a62700be-3955-11ef-a847-2510cc07ea6e",NA,NA,1975,"9/27/1975","3608dd66-3960-11ef-bb3e-2906cc9fb6bc","home","OSC 04 Rheinhausen","SC Phönix Essen 1920",16,19,FALSE,0,NA,NA,0,0,0,NA,0,0,0,0,0,0,NA,NA,NA,NA,NA,NA,NA,NA,0,0,0,0,NA,NA,NA,NA,NA
"Reinhard Loepke","a62c2666-3955-11ef-a64b-2510cc07ea6e",NA,NA,1975,"9/27/1975","3608dd66-3960-11ef-bb3e-2906cc9fb6bc","home","OSC 04 Rheinhausen","SC Phönix Essen 1920",16,19,FALSE,0,NA,NA,0,0,0,NA,0,0,0,0,0,0,NA,NA,NA,NA,NA,NA,NA,NA,0,0,0,0,NA,NA,NA,NA,NA
"Burkhard Nagel","a6312ffa-3955-11ef-9438-2510cc07ea6e",NA,NA,1975,"9/27/1975","3608dd66-3960-11ef-bb3e-2906cc9fb6bc","home","OSC 04 Rheinhausen","SC Phönix Essen 1920",16,19,FALSE,3,NA,NA,0,0,0,NA,0,0,0,0,0,0,NA,NA,NA,NA,NA,NA,NA,NA,0,0,0,0,NA,NA,NA,NA,NA
"Werner Konrads","b122c116-3955-11ef-89d0-a36230ada079",NA,NA,1975,"9/27/1975","3608dd66-3960-11ef-bb3e-2906cc9fb6bc","home","OSC 04 Rheinhausen","SC Phönix Essen 1920",16,19,FALSE,2,NA,NA,0,0,0,NA,0,0,0,0,0,0,NA,NA,NA,NA,NA,NA,NA,NA,0,0,0,0,NA,NA,NA,NA,NA
"Dieter Bartke","4fa6f4fc-3955-11ef-9f16-6d38c0425bc0",NA,NA,1975,"9/27/1975","3608dd66-3960-11ef-bb3e-2906cc9fb6bc","away","SC Phönix Essen 1920","OSC 04 Rheinhausen",19,16,TRUE,0,NA,NA,0,0,0,NA,0,0,0,0,0,0,NA,NA,NA,NA,NA,NA,NA,NA,0,0,0,0,NA,NA,NA,NA,NA
"Burkhard Windorf","8b6a317b-3955-11ef-84ca-81dc40648355",NA,NA,1975,"9/27/1975","3608dd66-3960-11ef-bb3e-2906cc9fb6bc","away","SC Phönix Essen 1920","OSC 04 Rheinhausen",19,16,TRUE,0,NA,NA,0,0,0,NA,0,0,0,0,0,0,NA,NA,NA,NA,NA,NA,NA,NA,0,0,0,0,NA,NA,NA,NA,NA
"Peter Kleibrink","a1d4c58c-3955-11ef-9cce-2510cc07ea6e",NA,NA,1975,"9/27/1975","3608dd66-3960-11ef-bb3e-2906cc9fb6bc","away","SC Phönix Essen 1920","OSC 04 Rheinhausen",19,16,TRUE,6,NA,NA,0,0,0,NA,0,0,0,0,0,0,NA,NA,NA,NA,NA,NA,NA,NA,0,0,0,0,NA,NA,NA,NA,NA
"Peter Bützer","a4cb5a85-3955-11ef-989d-2510cc07ea6e",NA,NA,1975,"9/27/1975","3608dd66-3960-11ef-bb3e-2906cc9fb6bc","away","SC Phönix Essen 1920","OSC 04 Rheinhausen",19,16,TRUE,3,NA,NA,0,0,0,NA,0,0,0,0,0,0,NA,NA,NA,NA,NA,NA,NA,NA,0,0,0,0,NA,NA,NA,NA,NA
"Jürgen Musebrink","a572f52f-3955-11ef-b6cb-2510cc07ea6e",NA,NA,1975,"9/27/1975","3608dd66-3960-11ef-bb3e-2906cc9fb6bc","away","SC Phönix Essen 1920","OSC 04 Rheinhausen",19,16,TRUE,0,NA,NA,0,0,0,NA,0,0,0,0,0,0,NA,NA,NA,NA,NA,NA,NA,NA,0,0,0,0,NA,NA,NA,NA,NA
"Carsten Matuszak","a59daa13-3955-11ef-9206-2510cc07ea6e",NA,NA,1975,"9/27/1975","3608dd66-3960-11ef-bb3e-2906cc9fb6bc","away","SC Phönix Essen 1920","OSC 04 Rheinhausen",19,16,TRUE,1,NA,NA,0,0,1,NA,0,0,0,0,0,0,NA,NA,NA,NA,NA,NA,NA,NA,0,0,0,0,NA,NA,NA,NA,NA
"Wilhelm Heidkamp","a5a2ef02-3955-11ef-9852-2510cc07ea6e",NA,NA,1975,"9/27/1975","3608dd66-3960-11ef-bb3e-2906cc9fb6bc","away","SC Phönix Essen 1920","OSC 04 Rheinhausen",19,16,TRUE,1,NA,NA,0,0,0,NA,0,0,0,0,0,0,NA,NA,NA,NA,NA,NA,NA,NA,0,0,0,0,NA,NA,NA,NA,NA
"Heinz Oberscheidt","a5ae94f2-3955-11ef-91fc-2510cc07ea6e",NA,NA,1975,"9/27/1975","3608dd66-3960-11ef-bb3e-2906cc9fb6bc","away","SC Phönix Essen 1920","OSC 04 Rheinhausen",19,16,TRUE,7,NA,NA,0,0,2,NA,0,0,0,0,0,0,NA,NA,NA,NA,NA,NA,NA,NA,0,0,0,0,NA,NA,NA,NA,NA
"Ingo Callies","b0b0659b-3955-11ef-87aa-a36230ada079",NA,NA,1975,"9/27/1975","3608dd66-3960-11ef-bb3e-2906cc9fb6bc","away","SC Phönix Essen 1920","OSC 04 Rheinhausen",19,16,TRUE,1,NA,NA,0,0,1,NA,0,0,0,0,0,0,NA,NA,NA,NA,NA,NA,NA,NA,0,0,0,0,NA,NA,NA,NA,NA
"Peter Forker","b0b50ef2-3955-11ef-964f-a36230ada079",NA,NA,1975,"9/27/1975","3608dd66-3960-11ef-bb3e-2906cc9fb6bc","away","SC Phönix Essen 1920","OSC 04 Rheinhausen",19,16,TRUE,0,NA,NA,0,0,0,NA,0,0,0,0,0,0,NA,NA,NA,NA,NA,NA,NA,NA,0,0,0,0,NA,NA,NA,NA,NA
"Emil Hauke","b0ba65f4-3955-11ef-9726-a36230ada079",NA,NA,1975,"9/27/1975","3608dd66-3960-11ef-bb3e-2906cc9fb6bc","away","SC Phönix Essen 1920","OSC 04 Rheinhausen",19,16,TRUE,0,NA,NA,0,0,0,NA,0,0,0,0,0,0,NA,NA,NA,NA,NA,NA,NA,NA,0,0,0,0,NA,NA,NA,NA,NA
"Rüdiger Hillebrand","b0c11a9c-3955-11ef-bf0d-a36230ada079",NA,NA,1975,"9/27/1975","3608dd66-3960-11ef-bb3e-2906cc9fb6bc","away","SC Phönix Essen 1920","OSC 04 Rheinhausen",19,16,TRUE,0,NA,NA,0,0,0,NA,0,0,0,0,0,0,NA,NA,NA,NA,NA,NA,NA,NA,0,0,0,0,NA,NA,NA,NA,NA
"Klaus-Peter Alwardt","800d39da-3955-11ef-bf47-b908c60af10a",NA,NA,1975,"9/27/1975","367e644b-3960-11ef-b138-2906cc9fb6bc","home","VfL Lübeck-Schwartau","THW Kiel",13,9,TRUE,1,NA,NA,0,0,0,NA,0,0,0,0,0,0,NA,NA,NA,NA,NA,NA,NA,NA,0,0,0,0,NA,NA,NA,NA,NA
"Michael Dogs","b0cecb4a-3955-11ef-b665-a36230ada079",NA,NA,1975,"9/27/1975","367e644b-3960-11ef-b138-2906cc9fb6bc","home","VfL Lübeck-Schwartau","THW Kiel",13,9,TRUE,0,NA,NA,0,0,0,NA,0,0,0,0,0,0,NA,NA,NA,NA,NA,NA,NA,NA,0,0,0,0,NA,NA,NA,NA,NA
"Joachim Römer","b0dcb8e7-3955-11ef-83ab-a36230ada079",NA,NA,1975,"9/27/1975","367e644b-3960-11ef-b138-2906cc9fb6bc","home","VfL Lübeck-Schwartau","THW Kiel",13,9,TRUE,0,NA,NA,0,0,0,NA,0,0,0,0,0,0,NA,NA,NA,NA,NA,NA,NA,NA,0,0,0,0,NA,NA,NA,NA,NA
"Peter Görtz","b0e9ae8f-3955-11ef-aa48-a36230ada079",NA,NA,1975,"9/27/1975","367e644b-3960-11ef-b138-2906cc9fb6bc","home","VfL Lübeck-Schwartau","THW Kiel",13,9,TRUE,1,NA,NA,0,0,0,NA,0,0,0,0,0,0,NA,NA,NA,NA,NA,NA,NA,NA,0,0,0,0,NA,NA,NA,NA,NA
"Ulrich Kleinstoll","b0f37438-3955-11ef-84e6-a36230ada079",NA,NA,1975,"9/27/1975","367e644b-3960-11ef-b138-2906cc9fb6bc","home","VfL Lübeck-Schwartau","THW Kiel",13,9,TRUE,1,NA,NA,0,0,0,NA,0,0,0,0,0,0,NA,NA,NA,NA,NA,NA,NA,NA,0,0,0,0,NA,NA,NA,NA,NA
"Thomas Kluth","b0f877c0-3955-11ef-a314-a36230ada079",NA,NA,1975,"9/27/1975","367e644b-3960-11ef-b138-2906cc9fb6bc","home","VfL Lübeck-Schwartau","THW Kiel",13,9,TRUE,6,NA,NA,0,0,0,NA,0,0,0,0,0,0,NA,NA,NA,NA,NA,NA,NA,NA,0,0,0,0,NA,NA,NA,NA,NA
"Holger Rosenfeldt","b0fd53e2-3955-11ef-9f9a-a36230ada079",NA,NA,1975,"9/27/1975","367e644b-3960-11ef-b138-2906cc9fb6bc","home","VfL Lübeck-Schwartau","THW Kiel",13,9,TRUE,1,NA,NA,0,0,0,NA,0,0,0,0,0,0,NA,NA,NA,NA,NA,NA,NA,NA,0,0,0,0,NA,NA,NA,NA,NA
"Karl Weiß","b106c2d8-3955-11ef-9358-a36230ada079",NA,NA,1975,"9/27/1975","367e644b-3960-11ef-b138-2906cc9fb6bc","home","VfL Lübeck-Schwartau","THW Kiel",13,9,TRUE,1,NA,NA,0,0,0,NA,0,0,0,0,0,0,NA,NA,NA,NA,NA,NA,NA,NA,0,0,0,0,NA,NA,NA,NA,NA
"Siegfried Berg","b10d3ec3-3955-11ef-8a30-a36230ada079",NA,NA,1975,"9/27/1975","367e644b-3960-11ef-b138-2906cc9fb6bc","home","VfL Lübeck-Schwartau","THW Kiel",13,9,TRUE,2,NA,NA,0,0,2,NA,0,0,0,0,0,0,NA,NA,NA,NA,NA,NA,NA,NA,0,0,0,0,NA,NA,NA,NA,NA
"Holger Oertel","685d8d1c-3955-11ef-86af-292be3190b7b",NA,NA,1975,"9/27/1975","367e644b-3960-11ef-b138-2906cc9fb6bc","away","THW Kiel","VfL Lübeck-Schwartau",9,13,FALSE,0,NA,NA,0,0,0,NA,0,0,0,0,0,0,NA,NA,NA,NA,NA,NA,NA,NA,0,0,0,0,NA,NA,NA,NA,NA
"Roland Hänsch","981d8549-3955-11ef-a2ca-292be3190b7b",NA,NA,1975,"9/27/1975","367e644b-3960-11ef-b138-2906cc9fb6bc","away","THW Kiel","VfL Lübeck-Schwartau",9,13,FALSE,0,NA,NA,0,0,0,NA,0,0,0,0,0,0,NA,NA,NA,NA,NA,NA,NA,NA,0,0,0,0,NA,NA,NA,NA,NA
"Gerd Welz","98273a90-3955-11ef-a3a2-292be3190b7b",NA,NA,1975,"9/27/1975","367e644b-3960-11ef-b138-2906cc9fb6bc","away","THW Kiel","VfL Lübeck-Schwartau",9,13,FALSE,2,NA,NA,0,0,0,NA,0,0,0,0,0,0,NA,NA,NA,NA,NA,NA,NA,NA,0,0,0,0,NA,NA,NA,NA,NA
"Hans-Lothar Bock","9991bda0-3955-11ef-a6c6-292be3190b7b",NA,NA,1975,"9/27/1975","367e644b-3960-11ef-b138-2906cc9fb6bc","away","THW Kiel","VfL Lübeck-Schwartau",9,13,FALSE,0,NA,NA,0,0,0,NA,0,0,0,0,0,0,NA,NA,NA,NA,NA,NA,NA,NA,0,0,0,0,NA,NA,NA,NA,NA
"Volker Harbs","9995a6f3-3955-11ef-b74f-292be3190b7b",NA,NA,1975,"9/27/1975","367e644b-3960-11ef-b138-2906cc9fb6bc","away","THW Kiel","VfL Lübeck-Schwartau",9,13,FALSE,3,NA,NA,0,0,1,NA,0,0,0,0,0,0,NA,NA,NA,NA,NA,NA,NA,NA,0,0,0,0,NA,NA,NA,NA,NA
"Dieter Krause","99996b47-3955-11ef-a9c9-292be3190b7b",NA,NA,1975,"9/27/1975","367e644b-3960-11ef-b138-2906cc9fb6bc","away","THW Kiel","VfL Lübeck-Schwartau",9,13,FALSE,1,NA,NA,0,0,0,NA,0,0,0,0,0,0,NA,NA,NA,NA,NA,NA,NA,NA,0,0,0,0,NA,NA,NA,NA,NA
"Wolfgang Stolz","999eb14b-3955-11ef-bbce-292be3190b7b",NA,NA,1975,"9/27/1975","367e644b-3960-11ef-b138-2906cc9fb6bc","away","THW Kiel","VfL Lübeck-Schwartau",9,13,FALSE,1,NA,NA,0,0,0,NA,0,0,0,0,0,0,NA,NA,NA,NA,NA,NA,NA,NA,0,0,0,0,NA,NA,NA,NA,NA
"Ingo Voß","ae396fa6-3955-11ef-acb0-a36230ada079",NA,NA,1975,"9/27/1975","367e644b-3960-11ef-b138-2906cc9fb6bc","away","THW Kiel","VfL Lübeck-Schwartau",9,13,FALSE,0,NA,NA,0,0,0,NA,0,0,0,0,0,0,NA,NA,NA,NA,NA,NA,NA,NA,0,0,0,0,NA,NA,NA,NA,NA
"Ingo Schütz","ae3ef1e3-3955-11ef-8b16-a36230ada079",NA,NA,1975,"9/27/1975","367e644b-3960-11ef-b138-2906cc9fb6bc","away","THW Kiel","VfL Lübeck-Schwartau",9,13,FALSE,0,NA,NA,0,0,0,NA,0,0,0,0,0,0,NA,NA,NA,NA,NA,NA,NA,NA,0,0,0,0,NA,NA,NA,NA,NA
"Bernd Nielsen","b1480d2c-3955-11ef-8563-a36230ada079",NA,NA,1975,"9/27/1975","367e644b-3960-11ef-b138-2906cc9fb6bc","away","THW Kiel","VfL Lübeck-Schwartau",9,13,FALSE,2,NA,NA,0,0,0,NA,0,0,0,0,0,0,NA,NA,NA,NA,NA,NA,NA,NA,0,0,0,0,NA,NA,NA,NA,NA
"Walter Don","73f54ad3-3955-11ef-b2c6-51fdf2a82730",NA,NA,1975,"9/27/1975","378529b1-3960-11ef-b956-2906cc9fb6bc","home","TV 05/07 Hüttenberg","TV 1893 Neuhausen",21,16,TRUE,4,NA,NA,0,0,3,NA,0,0,0,0,0,0,NA,NA,NA,NA,NA,NA,NA,NA,0,0,0,0,NA,NA,NA,NA,NA
"Harald Ohly","8048d89d-3955-11ef-a214-b908c60af10a",NA,NA,1975,"9/27/1975","378529b1-3960-11ef-b956-2906cc9fb6bc","home","TV 05/07 Hüttenberg","TV 1893 Neuhausen",21,16,TRUE,5,NA,NA,0,0,0,NA,0,0,0,0,0,0,NA,NA,NA,NA,NA,NA,NA,NA,0,0,0,0,NA,NA,NA,NA,NA
"Hans-Jürgen Völpel","80753eec-3955-11ef-bd2e-b908c60af10a",NA,NA,1975,"9/27/1975","378529b1-3960-11ef-b956-2906cc9fb6bc","home","TV 05/07 Hüttenberg","TV 1893 Neuhausen",21,16,TRUE,0,NA,NA,0,0,0,NA,0,0,0,0,0,0,NA,NA,NA,NA,NA,NA,NA,NA,0,0,0,0,NA,NA,NA,NA,NA
"Siegfried Weber","807d098c-3955-11ef-8827-b908c60af10a",NA,NA,1975,"9/27/1975","378529b1-3960-11ef-b956-2906cc9fb6bc","home","TV 05/07 Hüttenberg","TV 1893 Neuhausen",21,16,TRUE,3,NA,NA,0,0,0,NA,0,0,0,0,0,0,NA,NA,NA,NA,NA,NA,NA,NA,0,0,0,0,NA,NA,NA,NA,NA
"Horst Spengler","80adf446-3955-11ef-a1e6-b908c60af10a",NA,NA,1975,"9/27/1975","378529b1-3960-11ef-b956-2906cc9fb6bc","home","TV 05/07 Hüttenberg","TV 1893 Neuhausen",21,16,TRUE,3,NA,NA,0,0,0,NA,0,0,0,0,0,0,NA,NA,NA,NA,NA,NA,NA,NA,0,0,0,0,NA,NA,NA,NA,NA
"Klaus Meineke","8d0eefb2-3955-11ef-a068-81dc40648355",NA,NA,1975,"9/27/1975","378529b1-3960-11ef-b956-2906cc9fb6bc","home","TV 05/07 Hüttenberg","TV 1893 Neuhausen",21,16,TRUE,5,NA,NA,0,0,0,NA,0,0,0,0,0,0,NA,NA,NA,NA,NA,NA,NA,NA,0,0,0,0,NA,NA,NA,NA,NA
"Roland Stoy","96890f7d-3955-11ef-939e-292be3190b7b",NA,NA,1975,"9/27/1975","378529b1-3960-11ef-b956-2906cc9fb6bc","home","TV 05/07 Hüttenberg","TV 1893 Neuhausen",21,16,TRUE,0,NA,NA,0,0,0,NA,0,0,0,0,0,0,NA,NA,NA,NA,NA,NA,NA,NA,0,0,0,0,NA,NA,NA,NA,NA
"Norbert Bach","a3be6ba6-3955-11ef-9511-2510cc07ea6e",NA,NA,1975,"9/27/1975","378529b1-3960-11ef-b956-2906cc9fb6bc","home","TV 05/07 Hüttenberg","TV 1893 Neuhausen",21,16,TRUE,0,NA,NA,0,0,0,NA,0,0,0,0,0,0,NA,NA,NA,NA,NA,NA,NA,NA,0,0,0,0,NA,NA,NA,NA,NA
"Stefan Schicketanz","a3d099d4-3955-11ef-90b6-2510cc07ea6e",NA,NA,1975,"9/27/1975","378529b1-3960-11ef-b956-2906cc9fb6bc","home","TV 05/07 Hüttenberg","TV 1893 Neuhausen",21,16,TRUE,1,NA,NA,0,0,0,NA,0,0,0,0,0,0,NA,NA,NA,NA,NA,NA,NA,NA,0,0,0,0,NA,NA,NA,NA,NA
"Josef Mantz","b15c537d-3955-11ef-b17c-a36230ada079",NA,NA,1975,"9/27/1975","378529b1-3960-11ef-b956-2906cc9fb6bc","home","TV 05/07 Hüttenberg","TV 1893 Neuhausen",21,16,TRUE,0,NA,NA,0,0,0,NA,0,0,0,0,0,0,NA,NA,NA,NA,NA,NA,NA,NA,0,0,0,0,NA,NA,NA,NA,NA
"Heinz Müller","b161357b-3955-11ef-a7a9-a36230ada079",NA,NA,1975,"9/27/1975","378529b1-3960-11ef-b956-2906cc9fb6bc","home","TV 05/07 Hüttenberg","TV 1893 Neuhausen",21,16,TRUE,0,NA,NA,0,0,0,NA,0,0,0,0,0,0,NA,NA,NA,NA,NA,NA,NA,NA,0,0,0,0,NA,NA,NA,NA,NA
"Walter Salzer","8d394c72-3955-11ef-8d73-81dc40648355",NA,NA,1975,"9/27/1975","378529b1-3960-11ef-b956-2906cc9fb6bc","away","TV 1893 Neuhausen","TV 05/07 Hüttenberg",16,21,FALSE,5,NA,NA,0,0,2,NA,0,0,0,0,0,0,NA,NA,NA,NA,NA,NA,NA,NA,0,0,0,0,NA,NA,NA,NA,NA
"Klaus Stoll","a42e01cc-3955-11ef-b661-2510cc07ea6e",NA,NA,1975,"9/27/1975","378529b1-3960-11ef-b956-2906cc9fb6bc","away","TV 1893 Neuhausen","TV 05/07 Hüttenberg",16,21,FALSE,0,NA,NA,0,0,0,NA,0,0,0,0,0,0,NA,NA,NA,NA,NA,NA,NA,NA,0,0,0,0,NA,NA,NA,NA,NA
"Robert Kemmler","a438d7c7-3955-11ef-8ff6-2510cc07ea6e",NA,NA,1975,"9/27/1975","378529b1-3960-11ef-b956-2906cc9fb6bc","away","TV 1893 Neuhausen","TV 05/07 Hüttenberg",16,21,FALSE,5,NA,NA,0,0,2,NA,0,0,0,0,0,0,NA,NA,NA,NA,NA,NA,NA,NA,0,0,0,0,NA,NA,NA,NA,NA
"Julius Lehmann","a448c9e2-3955-11ef-9bf8-2510cc07ea6e",NA,NA,1975,"9/27/1975","378529b1-3960-11ef-b956-2906cc9fb6bc","away","TV 1893 Neuhausen","TV 05/07 Hüttenberg",16,21,FALSE,0,NA,NA,0,0,0,NA,0,0,0,0,0,0,NA,NA,NA,NA,NA,NA,NA,NA,0,0,0,0,NA,NA,NA,NA,NA
"Hermann Mäurle","a44f95e3-3955-11ef-b53d-2510cc07ea6e",NA,NA,1975,"9/27/1975","378529b1-3960-11ef-b956-2906cc9fb6bc","away","TV 1893 Neuhausen","TV 05/07 Hüttenberg",16,21,FALSE,0,NA,NA,0,0,0,NA,0,0,0,0,0,0,NA,NA,NA,NA,NA,NA,NA,NA,0,0,0,0,NA,NA,NA,NA,NA
"Rolf Miller","a4552808-3955-11ef-ac39-2510cc07ea6e",NA,NA,1975,"9/27/1975","378529b1-3960-11ef-b956-2906cc9fb6bc","away","TV 1893 Neuhausen","TV 05/07 Hüttenberg",16,21,FALSE,2,NA,NA,0,0,0,NA,0,0,0,0,0,0,NA,NA,NA,NA,NA,NA,NA,NA,0,0,0,0,NA,NA,NA,NA,NA
"Manfred Reusch","a45a1b11-3955-11ef-8135-2510cc07ea6e",NA,NA,1975,"9/27/1975","378529b1-3960-11ef-b956-2906cc9fb6bc","away","TV 1893 Neuhausen","TV 05/07 Hüttenberg",16,21,FALSE,0,NA,NA,0,0,0,NA,0,0,0,0,0,0,NA,NA,NA,NA,NA,NA,NA,NA,0,0,0,0,NA,NA,NA,NA,NA
"Eugen Schmid","a460a6b1-3955-11ef-966d-2510cc07ea6e",NA,NA,1975,"9/27/1975","378529b1-3960-11ef-b956-2906cc9fb6bc","away","TV 1893 Neuhausen","TV 05/07 Hüttenberg",16,21,FALSE,1,NA,NA,0,0,0,NA,0,0,0,0,0,0,NA,NA,NA,NA,NA,NA,NA,NA,0,0,0,0,NA,NA,NA,NA,NA
"Manfred Schmid","a468025d-3955-11ef-ae56-2510cc07ea6e",NA,NA,1975,"9/27/1975","378529b1-3960-11ef-b956-2906cc9fb6bc","away","TV 1893 Neuhausen","TV 05/07 Hüttenberg",16,21,FALSE,0,NA,NA,0,0,0,NA,0,0,0,0,0,0,NA,NA,NA,NA,NA,NA,NA,NA,0,0,0,0,NA,NA,NA,NA,NA
"Wolfgang Brodbeck","b21723df-3955-11ef-a8f2-a36230ada079",NA,NA,1975,"9/27/1975","378529b1-3960-11ef-b956-2906cc9fb6bc","away","TV 1893 Neuhausen","TV 05/07 Hüttenberg",16,21,FALSE,0,NA,NA,0,0,0,NA,0,0,0,0,0,0,NA,NA,NA,NA,NA,NA,NA,NA,0,0,0,0,NA,NA,NA,NA,NA
"Wolfgang Ruoff","b21c931a-3955-11ef-96d4-a36230ada079",NA,NA,1975,"9/27/1975","378529b1-3960-11ef-b956-2906cc9fb6bc","away","TV 1893 Neuhausen","TV 05/07 Hüttenberg",16,21,FALSE,0,NA,NA,0,0,0,NA,0,0,0,0,0,0,NA,NA,NA,NA,NA,NA,NA,NA,0,0,0,0,NA,NA,NA,NA,NA
"Johann Högl","b2211f04-3955-11ef-a5bd-a36230ada079",NA,NA,1975,"9/27/1975","378529b1-3960-11ef-b956-2906cc9fb6bc","away","TV 1893 Neuhausen","TV 05/07 Hüttenberg",16,21,FALSE,3,NA,NA,0,0,0,NA,0,0,0,0,0,0,NA,NA,NA,NA,NA,NA,NA,NA,0,0,0,0,NA,NA,NA,NA,NA
"Udo Klenk","8deb261a-3955-11ef-90c3-81dc40648355",NA,NA,1975,"9/27/1975","3ea33b42-3960-11ef-a36e-2906cc9fb6bc","home","S3L Handball","Füchse Berlin",25,21,TRUE,4,NA,NA,0,0,0,NA,0,0,0,0,0,0,NA,NA,NA,NA,NA,NA,NA,NA,0,0,0,0,NA,NA,NA,NA,NA
"Manfred Müller","ae54e819-3955-11ef-81e8-a36230ada079",NA,NA,1975,"9/27/1975","3ea33b42-3960-11ef-a36e-2906cc9fb6bc","home","S3L Handball","Füchse Berlin",25,21,TRUE,0,NA,NA,0,0,0,NA,0,0,0,0,0,0,NA,NA,NA,NA,NA,NA,NA,NA,0,0,0,0,NA,NA,NA,NA,NA
"Georg Fitz","ae68320c-3955-11ef-89fa-a36230ada079",NA,NA,1975,"9/27/1975","3ea33b42-3960-11ef-a36e-2906cc9fb6bc","home","S3L Handball","Füchse Berlin",25,21,TRUE,2,NA,NA,0,0,0,NA,0,0,0,0,0,0,NA,NA,NA,NA,NA,NA,NA,NA,0,0,0,0,NA,NA,NA,NA,NA
"Franz Rupp","ae6c7950-3955-11ef-87dd-a36230ada079",NA,NA,1975,"9/27/1975","3ea33b42-3960-11ef-a36e-2906cc9fb6bc","home","S3L Handball","Füchse Berlin",25,21,TRUE,4,NA,NA,0,0,1,NA,0,0,0,0,0,0,NA,NA,NA,NA,NA,NA,NA,NA,0,0,0,0,NA,NA,NA,NA,NA
"Bernd Frühauf","ae71d80f-3955-11ef-a219-a36230ada079",NA,NA,1975,"9/27/1975","3ea33b42-3960-11ef-a36e-2906cc9fb6bc","home","S3L Handball","Füchse Berlin",25,21,TRUE,1,NA,NA,0,0,0,NA,0,0,0,0,0,0,NA,NA,NA,NA,NA,NA,NA,NA,0,0,0,0,NA,NA,NA,NA,NA
"Wolfgang Sättele","ae76c01d-3955-11ef-bfb9-a36230ada079",NA,NA,1975,"9/27/1975","3ea33b42-3960-11ef-a36e-2906cc9fb6bc","home","S3L Handball","Füchse Berlin",25,21,TRUE,2,NA,NA,0,0,0,NA,0,0,0,0,0,0,NA,NA,NA,NA,NA,NA,NA,NA,0,0,0,0,NA,NA,NA,NA,NA
"Joachim Hafemeister","ae7b4523-3955-11ef-b064-a36230ada079",NA,NA,1975,"9/27/1975","3ea33b42-3960-11ef-a36e-2906cc9fb6bc","home","S3L Handball","Füchse Berlin",25,21,TRUE,1,NA,NA,0,0,0,NA,0,0,0,0,0,0,NA,NA,NA,NA,NA,NA,NA,NA,0,0,0,0,NA,NA,NA,NA,NA
"Harald Thiemer","ae803bfb-3955-11ef-9aab-a36230ada079",NA,NA,1975,"9/27/1975","3ea33b42-3960-11ef-a36e-2906cc9fb6bc","home","S3L Handball","Füchse Berlin",25,21,TRUE,0,NA,NA,0,0,0,NA,0,0,0,0,0,0,NA,NA,NA,NA,NA,NA,NA,NA,0,0,0,0,NA,NA,NA,NA,NA
"Jürgen Hahn","ae947745-3955-11ef-bc54-a36230ada079",NA,NA,1975,"9/27/1975","3ea33b42-3960-11ef-a36e-2906cc9fb6bc","home","S3L Handball","Füchse Berlin",25,21,TRUE,9,NA,NA,0,0,3,NA,0,0,0,0,0,0,NA,NA,NA,NA,NA,NA,NA,NA,0,0,0,0,NA,NA,NA,NA,NA
"Franz Götz","aea2eb0e-3955-11ef-b230-a36230ada079",NA,NA,1975,"9/27/1975","3ea33b42-3960-11ef-a36e-2906cc9fb6bc","home","S3L Handball","Füchse Berlin",25,21,TRUE,2,NA,NA,0,0,0,NA,0,0,0,0,0,0,NA,NA,NA,NA,NA,NA,NA,NA,0,0,0,0,NA,NA,NA,NA,NA
"Hansjörg Jäck","b166bd31-3955-11ef-bed1-a36230ada079",NA,NA,1975,"9/27/1975","3ea33b42-3960-11ef-a36e-2906cc9fb6bc","home","S3L Handball","Füchse Berlin",25,21,TRUE,0,NA,NA,0,0,0,NA,0,0,0,0,0,0,NA,NA,NA,NA,NA,NA,NA,NA,0,0,0,0,NA,NA,NA,NA,NA
"Wolfgang Haller","b1738c62-3955-11ef-a0aa-a36230ada079",NA,NA,1975,"9/27/1975","3ea33b42-3960-11ef-a36e-2906cc9fb6bc","home","S3L Handball","Füchse Berlin",25,21,TRUE,0,NA,NA,0,0,0,NA,0,0,0,0,0,0,NA,NA,NA,NA,NA,NA,NA,NA,0,0,0,0,NA,NA,NA,NA,NA
"Bernd Seehase","7f0c7bc5-3955-11ef-8b93-b908c60af10a",NA,NA,1975,"9/27/1975","3ea33b42-3960-11ef-a36e-2906cc9fb6bc","away","Füchse Berlin","S3L Handball",21,25,FALSE,6,NA,NA,0,0,1,NA,0,0,0,0,0,0,NA,NA,NA,NA,NA,NA,NA,NA,0,0,0,0,NA,NA,NA,NA,NA
"Thomas Drust","7f41dffa-3955-11ef-8757-b908c60af10a",NA,NA,1975,"9/27/1975","3ea33b42-3960-11ef-a36e-2906cc9fb6bc","away","Füchse Berlin","S3L Handball",21,25,FALSE,0,NA,NA,0,0,0,NA,0,0,0,0,0,0,NA,NA,NA,NA,NA,NA,NA,NA,0,0,0,0,NA,NA,NA,NA,NA
"Dieter Nerlich","7f4aaab6-3955-11ef-a6c5-b908c60af10a",NA,NA,1975,"9/27/1975","3ea33b42-3960-11ef-a36e-2906cc9fb6bc","away","Füchse Berlin","S3L Handball",21,25,FALSE,2,NA,NA,0,0,0,NA,0,0,0,0,0,0,NA,NA,NA,NA,NA,NA,NA,NA,0,0,0,0,NA,NA,NA,NA,NA
"Andreas Pieper","8b17f063-3955-11ef-8f1b-81dc40648355",NA,NA,1975,"9/27/1975","3ea33b42-3960-11ef-a36e-2906cc9fb6bc","away","Füchse Berlin","S3L Handball",21,25,FALSE,0,NA,NA,0,0,0,NA,0,0,0,0,0,0,NA,NA,NA,NA,NA,NA,NA,NA,0,0,0,0,NA,NA,NA,NA,NA
"Horst Rampp","8c760463-3955-11ef-b11d-81dc40648355",NA,NA,1975,"9/27/1975","3ea33b42-3960-11ef-a36e-2906cc9fb6bc","away","Füchse Berlin","S3L Handball",21,25,FALSE,0,NA,NA,0,0,0,NA,0,0,0,0,0,0,NA,NA,NA,NA,NA,NA,NA,NA,0,0,0,0,NA,NA,NA,NA,NA
"Bernd Dibbert","a5e7e77c-3955-11ef-a806-2510cc07ea6e",NA,NA,1975,"9/27/1975","3ea33b42-3960-11ef-a36e-2906cc9fb6bc","away","Füchse Berlin","S3L Handball",21,25,FALSE,0,NA,NA,0,0,0,NA,0,0,0,0,0,0,NA,NA,NA,NA,NA,NA,NA,NA,0,0,0,0,NA,NA,NA,NA,NA
"Manfred Klein","a5ed5981-3955-11ef-aef8-2510cc07ea6e",NA,NA,1975,"9/27/1975","3ea33b42-3960-11ef-a36e-2906cc9fb6bc","away","Füchse Berlin","S3L Handball",21,25,FALSE,0,NA,NA,0,0,0,NA,0,0,0,0,0,0,NA,NA,NA,NA,NA,NA,NA,NA,0,0,0,0,NA,NA,NA,NA,NA
"Reinhard Lembcke","a5f9e01f-3955-11ef-a753-2510cc07ea6e",NA,NA,1975,"9/27/1975","3ea33b42-3960-11ef-a36e-2906cc9fb6bc","away","Füchse Berlin","S3L Handball",21,25,FALSE,1,NA,NA,0,0,0,NA,0,0,0,0,0,0,NA,NA,NA,NA,NA,NA,NA,NA,0,0,0,0,NA,NA,NA,NA,NA
"Wolfgang Braun","b1a4c388-3955-11ef-92b7-a36230ada079",NA,NA,1975,"9/27/1975","3ea33b42-3960-11ef-a36e-2906cc9fb6bc","away","Füchse Berlin","S3L Handball",21,25,FALSE,7,NA,NA,0,0,1,NA,0,0,0,0,0,0,NA,NA,NA,NA,NA,NA,NA,NA,0,0,0,0,NA,NA,NA,NA,NA
"Detlef Finkelmann","b1a8f927-3955-11ef-a009-a36230ada079",NA,NA,1975,"9/27/1975","3ea33b42-3960-11ef-a36e-2906cc9fb6bc","away","Füchse Berlin","S3L Handball",21,25,FALSE,2,NA,NA,0,0,1,NA,0,0,0,0,0,0,NA,NA,NA,NA,NA,NA,NA,NA,0,0,0,0,NA,NA,NA,NA,NA
"Bernd Goerigk","b1b21b0c-3955-11ef-a303-a36230ada079",NA,NA,1975,"9/27/1975","3ea33b42-3960-11ef-a36e-2906cc9fb6bc","away","Füchse Berlin","S3L Handball",21,25,FALSE,0,NA,NA,0,0,0,NA,0,0,0,0,0,0,NA,NA,NA,NA,NA,NA,NA,NA,0,0,0,0,NA,NA,NA,NA,NA
"Lutz Loewke","b1b73b08-3955-11ef-b76a-a36230ada079",NA,NA,1975,"9/27/1975","3ea33b42-3960-11ef-a36e-2906cc9fb6bc","away","Füchse Berlin","S3L Handball",21,25,FALSE,3,NA,NA,0,0,1,NA,0,0,0,0,0,0,NA,NA,NA,NA,NA,NA,NA,NA,0,0,0,0,NA,NA,NA,NA,NA
"Kurt Klühspies","5ac3e7d7-3955-11ef-b574-4fa817cd91bb",NA,NA,1975,"9/27/1975","3fb61ffe-3960-11ef-9533-2906cc9fb6bc","home","TV Großwallstadt","SG Dietzenbach",14,13,TRUE,2,NA,NA,0,0,0,NA,0,0,0,0,0,0,NA,NA,NA,NA,NA,NA,NA,NA,0,0,0,0,NA,NA,NA,NA,NA
"Manfred Hofmann","6855eb0b-3955-11ef-8cb3-292be3190b7b",NA,NA,1975,"9/27/1975","3fb61ffe-3960-11ef-9533-2906cc9fb6bc","home","TV Großwallstadt","SG Dietzenbach",14,13,TRUE,0,NA,NA,0,0,0,NA,0,0,0,0,0,0,NA,NA,NA,NA,NA,NA,NA,NA,0,0,0,0,NA,NA,NA,NA,NA
"Heinz-Theo Kaus","8086fdf9-3955-11ef-938f-b908c60af10a",NA,NA,1975,"9/27/1975","3fb61ffe-3960-11ef-9533-2906cc9fb6bc","home","TV Großwallstadt","SG Dietzenbach",14,13,TRUE,0,NA,NA,0,0,0,NA,0,0,0,0,0,0,NA,NA,NA,NA,NA,NA,NA,NA,0,0,0,0,NA,NA,NA,NA,NA
"Thomas Sinsel","8adb8152-3955-11ef-b2de-81dc40648355",NA,NA,1975,"9/27/1975","3fb61ffe-3960-11ef-9533-2906cc9fb6bc","home","TV Großwallstadt","SG Dietzenbach",14,13,TRUE,5,NA,NA,0,0,0,NA,0,0,0,0,0,0,NA,NA,NA,NA,NA,NA,NA,NA,0,0,0,0,NA,NA,NA,NA,NA
"Manfred Schwarz","96d98e53-3955-11ef-a3c9-292be3190b7b",NA,NA,1975,"9/27/1975","3fb61ffe-3960-11ef-9533-2906cc9fb6bc","home","TV Großwallstadt","SG Dietzenbach",14,13,TRUE,3,NA,NA,0,0,0,NA,0,0,0,0,0,0,NA,NA,NA,NA,NA,NA,NA,NA,0,0,0,0,NA,NA,NA,NA,NA
"Wolfgang Dümig","978dc3fc-3955-11ef-b042-292be3190b7b",NA,NA,1975,"9/27/1975","3fb61ffe-3960-11ef-9533-2906cc9fb6bc","home","TV Großwallstadt","SG Dietzenbach",14,13,TRUE,0,NA,NA,0,0,0,NA,0,0,0,0,0,0,NA,NA,NA,NA,NA,NA,NA,NA,0,0,0,0,NA,NA,NA,NA,NA
"Ulrich Schulz","9972a35f-3955-11ef-a06d-292be3190b7b",NA,NA,1975,"9/27/1975","3fb61ffe-3960-11ef-9533-2906cc9fb6bc","home","TV Großwallstadt","SG Dietzenbach",14,13,TRUE,0,NA,NA,0,0,0,NA,0,0,0,0,0,0,NA,NA,NA,NA,NA,NA,NA,NA,0,0,0,0,NA,NA,NA,NA,NA
"Arno Böckling","a3c38db5-3955-11ef-810f-2510cc07ea6e",NA,NA,1975,"9/27/1975","3fb61ffe-3960-11ef-9533-2906cc9fb6bc","home","TV Großwallstadt","SG Dietzenbach",14,13,TRUE,3,NA,NA,0,0,2,NA,0,0,0,0,0,0,NA,NA,NA,NA,NA,NA,NA,NA,0,0,0,0,NA,NA,NA,NA,NA
"Eckhardt Suffel","aeac0503-3955-11ef-88c6-a36230ada079",NA,NA,1975,"9/27/1975","3fb61ffe-3960-11ef-9533-2906cc9fb6bc","home","TV Großwallstadt","SG Dietzenbach",14,13,TRUE,1,NA,NA,0,0,0,NA,0,0,0,0,0,0,NA,NA,NA,NA,NA,NA,NA,NA,0,0,0,0,NA,NA,NA,NA,NA
"Axel Emig","aeb0e35f-3955-11ef-8342-a36230ada079",NA,NA,1975,"9/27/1975","3fb61ffe-3960-11ef-9533-2906cc9fb6bc","home","TV Großwallstadt","SG Dietzenbach",14,13,TRUE,0,NA,NA,0,0,0,NA,0,0,0,0,0,0,NA,NA,NA,NA,NA,NA,NA,NA,0,0,0,0,NA,NA,NA,NA,NA
"Dieter Vollmer","aeb54433-3955-11ef-8c21-a36230ada079",NA,NA,1975,"9/27/1975","3fb61ffe-3960-11ef-9533-2906cc9fb6bc","home","TV Großwallstadt","SG Dietzenbach",14,13,TRUE,0,NA,NA,0,0,0,NA,0,0,0,0,0,0,NA,NA,NA,NA,NA,NA,NA,NA,0,0,0,0,NA,NA,NA,NA,NA
"Norbert Klein","b18179dc-3955-11ef-acc0-a36230ada079",NA,NA,1975,"9/27/1975","3fb61ffe-3960-11ef-9533-2906cc9fb6bc","home","TV Großwallstadt","SG Dietzenbach",14,13,TRUE,0,NA,NA,0,0,0,NA,0,0,0,0,0,0,NA,NA,NA,NA,NA,NA,NA,NA,0,0,0,0,NA,NA,NA,NA,NA
"Claus Hormel","65a6e4d8-3955-11ef-84ee-292be3190b7b",NA,NA,1975,"9/27/1975","3fb61ffe-3960-11ef-9533-2906cc9fb6bc","away","SG Dietzenbach","TV Großwallstadt",13,14,FALSE,3,NA,NA,0,0,0,NA,0,0,0,0,0,0,NA,NA,NA,NA,NA,NA,NA,NA,0,0,0,0,NA,NA,NA,NA,NA
"Dieter Schappert","808baa47-3955-11ef-b967-b908c60af10a",NA,NA,1975,"9/27/1975","3fb61ffe-3960-11ef-9533-2906cc9fb6bc","away","SG Dietzenbach","TV Großwallstadt",13,14,FALSE,1,NA,NA,0,0,0,NA,0,0,0,0,0,0,NA,NA,NA,NA,NA,NA,NA,NA,0,0,0,0,NA,NA,NA,NA,NA
"Milan Krstić","8a85bfb0-3955-11ef-ac1d-81dc40648355",NA,NA,1975,"9/27/1975","3fb61ffe-3960-11ef-9533-2906cc9fb6bc","away","SG Dietzenbach","TV Großwallstadt",13,14,FALSE,4,NA,NA,0,0,1,NA,0,0,0,0,0,0,NA,NA,NA,NA,NA,NA,NA,NA,0,0,0,0,NA,NA,NA,NA,NA
"Herbert Wehnert","96e104db-3955-11ef-b58d-292be3190b7b",NA,NA,1975,"9/27/1975","3fb61ffe-3960-11ef-9533-2906cc9fb6bc","away","SG Dietzenbach","TV Großwallstadt",13,14,FALSE,2,NA,NA,0,0,0,NA,0,0,0,0,0,0,NA,NA,NA,NA,NA,NA,NA,NA,0,0,0,0,NA,NA,NA,NA,NA
"Boris Kostić","982a9c45-3955-11ef-bf0d-292be3190b7b",NA,NA,1975,"9/27/1975","3fb61ffe-3960-11ef-9533-2906cc9fb6bc","away","SG Dietzenbach","TV Großwallstadt",13,14,FALSE,0,NA,NA,0,0,0,NA,0,0,0,0,0,0,NA,NA,NA,NA,NA,NA,NA,NA,0,0,0,0,NA,NA,NA,NA,NA
"Jürgen Haas","996f2289-3955-11ef-a30a-292be3190b7b",NA,NA,1975,"9/27/1975","3fb61ffe-3960-11ef-9533-2906cc9fb6bc","away","SG Dietzenbach","TV Großwallstadt",13,14,FALSE,0,NA,NA,0,0,0,NA,0,0,0,0,0,0,NA,NA,NA,NA,NA,NA,NA,NA,0,0,0,0,NA,NA,NA,NA,NA
"Manfred Merk","a2e89182-3955-11ef-b7cf-2510cc07ea6e",NA,NA,1975,"9/27/1975","3fb61ffe-3960-11ef-9533-2906cc9fb6bc","away","SG Dietzenbach","TV Großwallstadt",13,14,FALSE,0,NA,NA,0,0,0,NA,0,0,0,0,0,0,NA,NA,NA,NA,NA,NA,NA,NA,0,0,0,0,NA,NA,NA,NA,NA
"Otto Allies","af191a75-3955-11ef-8c7e-a36230ada079",NA,NA,1975,"9/27/1975","3fb61ffe-3960-11ef-9533-2906cc9fb6bc","away","SG Dietzenbach","TV Großwallstadt",13,14,FALSE,2,NA,NA,0,0,0,NA,0,0,0,0,0,0,NA,NA,NA,NA,NA,NA,NA,NA,0,0,0,0,NA,NA,NA,NA,NA
"Klaus Budecker","af1ed2a9-3955-11ef-854d-a36230ada079",NA,NA,1975,"9/27/1975","3fb61ffe-3960-11ef-9533-2906cc9fb6bc","away","SG Dietzenbach","TV Großwallstadt",13,14,FALSE,0,NA,NA,0,0,0,NA,0,0,0,0,0,0,NA,NA,NA,NA,NA,NA,NA,NA,0,0,0,0,NA,NA,NA,NA,NA
"Heinrich Baum","af2c6c48-3955-11ef-964a-a36230ada079",NA,NA,1975,"9/27/1975","3fb61ffe-3960-11ef-9533-2906cc9fb6bc","away","SG Dietzenbach","TV Großwallstadt",13,14,FALSE,1,NA,NA,0,0,0,NA,0,0,0,0,0,0,NA,NA,NA,NA,NA,NA,NA,NA,0,0,0,0,NA,NA,NA,NA,NA
"Werner Fritzel","b1cdb47c-3955-11ef-8cfd-a36230ada079",NA,NA,1975,"9/27/1975","3fb61ffe-3960-11ef-9533-2906cc9fb6bc","away","SG Dietzenbach","TV Großwallstadt",13,14,FALSE,0,NA,NA,0,0,0,NA,0,0,0,0,0,0,NA,NA,NA,NA,NA,NA,NA,NA,0,0,0,0,NA,NA,NA,NA,NA
"Werner Conrad","b1d9e0f0-3955-11ef-8356-a36230ada079",NA,NA,1975,"9/27/1975","3fb61ffe-3960-11ef-9533-2906cc9fb6bc","away","SG Dietzenbach","TV Großwallstadt",13,14,FALSE,0,NA,NA,0,0,0,NA,0,0,0,0,0,0,NA,NA,NA,NA,NA,NA,NA,NA,0,0,0,0,NA,NA,NA,NA,NA
"Rudolf Rauer","6829713f-3955-11ef-9d88-292be3190b7b",NA,NA,1975,"10/1/1975","2a7ad56e-3960-11ef-a890-2906cc9fb6bc","home","TuS 05 Wellinghofen","VfL Gummersbach",11,16,FALSE,0,NA,NA,0,0,0,NA,0,0,0,0,0,0,NA,NA,NA,NA,NA,NA,NA,NA,0,0,0,0,NA,NA,NA,NA,NA
"Karl-Heinz Schulz","72847241-3955-11ef-8bd4-51fdf2a82730",NA,NA,1975,"10/1/1975","2a7ad56e-3960-11ef-a890-2906cc9fb6bc","home","TuS 05 Wellinghofen","VfL Gummersbach",11,16,FALSE,0,NA,NA,0,0,0,NA,0,0,0,0,0,0,NA,NA,NA,NA,NA,NA,NA,NA,0,0,0,0,NA,NA,NA,NA,NA
"Hans-Peter Neuhaus","8d9d3887-3955-11ef-80a3-81dc40648355",NA,NA,1975,"10/1/1975","2a7ad56e-3960-11ef-a890-2906cc9fb6bc","home","TuS 05 Wellinghofen","VfL Gummersbach",11,16,FALSE,6,NA,NA,0,0,5,NA,0,0,0,0,0,0,NA,NA,NA,NA,NA,NA,NA,NA,0,0,0,0,NA,NA,NA,NA,NA
"Waldemar Kosiol","a4f04c57-3955-11ef-8550-2510cc07ea6e",NA,NA,1975,"10/1/1975","2a7ad56e-3960-11ef-a890-2906cc9fb6bc","home","TuS 05 Wellinghofen","VfL Gummersbach",11,16,FALSE,0,NA,NA,0,0,0,NA,0,0,0,0,0,0,NA,NA,NA,NA,NA,NA,NA,NA,0,0,0,0,NA,NA,NA,NA,NA
"Klaus Erwe","a4f54a19-3955-11ef-b48a-2510cc07ea6e",NA,NA,1975,"10/1/1975","2a7ad56e-3960-11ef-a890-2906cc9fb6bc","home","TuS 05 Wellinghofen","VfL Gummersbach",11,16,FALSE,0,NA,NA,0,0,0,NA,0,0,0,0,0,0,NA,NA,NA,NA,NA,NA,NA,NA,0,0,0,0,NA,NA,NA,NA,NA
"Wilfried Rettig","a517a588-3955-11ef-a8d7-2510cc07ea6e",NA,NA,1975,"10/1/1975","2a7ad56e-3960-11ef-a890-2906cc9fb6bc","home","TuS 05 Wellinghofen","VfL Gummersbach",11,16,FALSE,3,NA,NA,0,0,2,NA,0,0,0,0,0,0,NA,NA,NA,NA,NA,NA,NA,NA,0,0,0,0,NA,NA,NA,NA,NA
"Winfried Gabel","a521dedb-3955-11ef-a3bd-2510cc07ea6e",NA,NA,1975,"10/1/1975","2a7ad56e-3960-11ef-a890-2906cc9fb6bc","home","TuS 05 Wellinghofen","VfL Gummersbach",11,16,FALSE,0,NA,NA,0,0,0,NA,0,0,0,0,0,0,NA,NA,NA,NA,NA,NA,NA,NA,0,0,0,0,NA,NA,NA,NA,NA
"Klaus Happe","a527494a-3955-11ef-a4fa-2510cc07ea6e",NA,NA,1975,"10/1/1975","2a7ad56e-3960-11ef-a890-2906cc9fb6bc","home","TuS 05 Wellinghofen","VfL Gummersbach",11,16,FALSE,0,NA,NA,0,0,0,NA,0,0,0,0,0,0,NA,NA,NA,NA,NA,NA,NA,NA,0,0,0,0,NA,NA,NA,NA,NA
"Burkhard Gröning","a52c6e4f-3955-11ef-a576-2510cc07ea6e",NA,NA,1975,"10/1/1975","2a7ad56e-3960-11ef-a890-2906cc9fb6bc","home","TuS 05 Wellinghofen","VfL Gummersbach",11,16,FALSE,2,NA,NA,0,0,0,NA,0,0,0,0,0,0,NA,NA,NA,NA,NA,NA,NA,NA,0,0,0,0,NA,NA,NA,NA,NA
"Klaus Tiews","a531838f-3955-11ef-8e99-2510cc07ea6e",NA,NA,1975,"10/1/1975","2a7ad56e-3960-11ef-a890-2906cc9fb6bc","home","TuS 05 Wellinghofen","VfL Gummersbach",11,16,FALSE,0,NA,NA,0,0,0,NA,0,0,0,0,0,0,NA,NA,NA,NA,NA,NA,NA,NA,0,0,0,0,NA,NA,NA,NA,NA
"Ulrich Staege","b05c5beb-3955-11ef-a7d6-a36230ada079",NA,NA,1975,"10/1/1975","2a7ad56e-3960-11ef-a890-2906cc9fb6bc","home","TuS 05 Wellinghofen","VfL Gummersbach",11,16,FALSE,0,NA,NA,0,0,0,NA,0,0,0,0,0,0,NA,NA,NA,NA,NA,NA,NA,NA,0,0,0,0,NA,NA,NA,NA,NA
"Herbert Rogge","b06614d7-3955-11ef-a43b-a36230ada079",NA,NA,1975,"10/1/1975","2a7ad56e-3960-11ef-a890-2906cc9fb6bc","home","TuS 05 Wellinghofen","VfL Gummersbach",11,16,FALSE,0,NA,NA,0,0,0,NA,0,0,0,0,0,0,NA,NA,NA,NA,NA,NA,NA,NA,0,0,0,0,NA,NA,NA,NA,NA
"Heiner Brand","44e82d45-3955-11ef-bc71-4fa817cd91bb",NA,NA,1975,"10/1/1975","2a7ad56e-3960-11ef-a890-2906cc9fb6bc","away","VfL Gummersbach","TuS 05 Wellinghofen",16,11,TRUE,2,NA,NA,0,0,0,NA,0,0,0,0,0,0,NA,NA,NA,NA,NA,NA,NA,NA,0,0,0,0,NA,NA,NA,NA,NA
"Klaus Westebbe","8c58f63a-3955-11ef-b65e-81dc40648355",NA,NA,1975,"10/1/1975","2a7ad56e-3960-11ef-a890-2906cc9fb6bc","away","VfL Gummersbach","TuS 05 Wellinghofen",16,11,TRUE,3,NA,NA,0,0,0,NA,0,0,0,0,0,0,NA,NA,NA,NA,NA,NA,NA,NA,0,0,0,0,NA,NA,NA,NA,NA
"Klaus Kater","8da1f6ef-3955-11ef-b31a-81dc40648355",NA,NA,1975,"10/1/1975","2a7ad56e-3960-11ef-a890-2906cc9fb6bc","away","VfL Gummersbach","TuS 05 Wellinghofen",16,11,TRUE,0,NA,NA,0,0,0,NA,0,0,0,0,0,0,NA,NA,NA,NA,NA,NA,NA,NA,0,0,0,0,NA,NA,NA,NA,NA
"Klaus Schlagheck","97a06613-3955-11ef-8056-292be3190b7b",NA,NA,1975,"10/1/1975","2a7ad56e-3960-11ef-a890-2906cc9fb6bc","away","VfL Gummersbach","TuS 05 Wellinghofen",16,11,TRUE,1,NA,NA,0,0,0,NA,0,0,0,0,0,0,NA,NA,NA,NA,NA,NA,NA,NA,0,0,0,0,NA,NA,NA,NA,NA
"Joachim Deckarm","9976945f-3955-11ef-afc4-292be3190b7b",NA,NA,1975,"10/1/1975","2a7ad56e-3960-11ef-a890-2906cc9fb6bc","away","VfL Gummersbach","TuS 05 Wellinghofen",16,11,TRUE,1,NA,NA,0,0,0,NA,0,0,0,0,0,0,NA,NA,NA,NA,NA,NA,NA,NA,0,0,0,0,NA,NA,NA,NA,NA
"Jochen Feldhoff","a32751a5-3955-11ef-badf-2510cc07ea6e",NA,NA,1975,"10/1/1975","2a7ad56e-3960-11ef-a890-2906cc9fb6bc","away","VfL Gummersbach","TuS 05 Wellinghofen",16,11,TRUE,2,NA,NA,0,0,0,NA,0,0,0,0,0,0,NA,NA,NA,NA,NA,NA,NA,NA,0,0,0,0,NA,NA,NA,NA,NA
"Manfred Glodde","a32e0a86-3955-11ef-9caa-2510cc07ea6e",NA,NA,1975,"10/1/1975","2a7ad56e-3960-11ef-a890-2906cc9fb6bc","away","VfL Gummersbach","TuS 05 Wellinghofen",16,11,TRUE,0,NA,NA,0,0,0,NA,0,0,0,0,0,0,NA,NA,NA,NA,NA,NA,NA,NA,0,0,0,0,NA,NA,NA,NA,NA
"Joachim Henkels","a3386008-3955-11ef-810a-2510cc07ea6e",NA,NA,1975,"10/1/1975","2a7ad56e-3960-11ef-a890-2906cc9fb6bc","away","VfL Gummersbach","TuS 05 Wellinghofen",16,11,TRUE,0,NA,NA,0,0,0,NA,0,0,0,0,0,0,NA,NA,NA,NA,NA,NA,NA,NA,0,0,0,0,NA,NA,NA,NA,NA
"Karl-Heinz Nolde","a33d5c4a-3955-11ef-b577-2510cc07ea6e",NA,NA,1975,"10/1/1975","2a7ad56e-3960-11ef-a890-2906cc9fb6bc","away","VfL Gummersbach","TuS 05 Wellinghofen",16,11,TRUE,0,NA,NA,0,0,0,NA,0,0,0,0,0,0,NA,NA,NA,NA,NA,NA,NA,NA,0,0,0,0,NA,NA,NA,NA,NA
"Werner Lettgen","ae263c3c-3955-11ef-96f7-a36230ada079",NA,NA,1975,"10/1/1975","2a7ad56e-3960-11ef-a890-2906cc9fb6bc","away","VfL Gummersbach","TuS 05 Wellinghofen",16,11,TRUE,0,NA,NA,0,0,0,NA,0,0,0,0,0,0,NA,NA,NA,NA,NA,NA,NA,NA,0,0,0,0,NA,NA,NA,NA,NA
"Hans-Günther Schmidt","aff5702f-3955-11ef-9878-a36230ada079",NA,NA,1975,"10/1/1975","2a7ad56e-3960-11ef-a890-2906cc9fb6bc","away","VfL Gummersbach","TuS 05 Wellinghofen",16,11,TRUE,7,NA,NA,0,0,2,NA,0,0,0,0,0,0,NA,NA,NA,NA,NA,NA,NA,NA,0,0,0,0,NA,NA,NA,NA,NA
"Olaf Berner","a4006ca4-3955-11ef-a034-2510cc07ea6e",NA,NA,1975,"10/1/1975","32c724aa-3960-11ef-8a3a-2906cc9fb6bc","home","TSV Altenholz","Hamburger SV",14,13,TRUE,1,NA,NA,0,0,1,NA,0,0,0,0,0,0,NA,NA,NA,NA,NA,NA,NA,NA,0,0,0,0,NA,NA,NA,NA,NA
"Peter Linke","b06a455b-3955-11ef-a47d-a36230ada079",NA,NA,1975,"10/1/1975","32c724aa-3960-11ef-8a3a-2906cc9fb6bc","home","TSV Altenholz","Hamburger SV",14,13,TRUE,0,NA,NA,0,0,0,NA,0,0,0,0,0,0,NA,NA,NA,NA,NA,NA,NA,NA,0,0,0,0,NA,NA,NA,NA,NA
"Peter Kurth","b06eb57c-3955-11ef-b9af-a36230ada079",NA,NA,1975,"10/1/1975","32c724aa-3960-11ef-8a3a-2906cc9fb6bc","home","TSV Altenholz","Hamburger SV",14,13,TRUE,0,NA,NA,0,0,0,NA,0,0,0,0,0,0,NA,NA,NA,NA,NA,NA,NA,NA,0,0,0,0,NA,NA,NA,NA,NA
"Peter Prehn","b073ee0a-3955-11ef-8404-a36230ada079",NA,NA,1975,"10/1/1975","32c724aa-3960-11ef-8a3a-2906cc9fb6bc","home","TSV Altenholz","Hamburger SV",14,13,TRUE,3,NA,NA,0,0,1,NA,0,0,0,0,0,0,NA,NA,NA,NA,NA,NA,NA,NA,0,0,0,0,NA,NA,NA,NA,NA
"Peter Werk","b0784d6e-3955-11ef-9a85-a36230ada079",NA,NA,1975,"10/1/1975","32c724aa-3960-11ef-8a3a-2906cc9fb6bc","home","TSV Altenholz","Hamburger SV",14,13,TRUE,1,NA,NA,0,0,0,NA,0,0,0,0,0,0,NA,NA,NA,NA,NA,NA,NA,NA,0,0,0,0,NA,NA,NA,NA,NA
"Hardmuth Groß","b07c9918-3955-11ef-a7b9-a36230ada079",NA,NA,1975,"10/1/1975","32c724aa-3960-11ef-8a3a-2906cc9fb6bc","home","TSV Altenholz","Hamburger SV",14,13,TRUE,0,NA,NA,0,0,0,NA,0,0,0,0,0,0,NA,NA,NA,NA,NA,NA,NA,NA,0,0,0,0,NA,NA,NA,NA,NA
"Peter Bortel","b085b129-3955-11ef-b6a0-a36230ada079",NA,NA,1975,"10/1/1975","32c724aa-3960-11ef-8a3a-2906cc9fb6bc","home","TSV Altenholz","Hamburger SV",14,13,TRUE,1,NA,NA,0,0,0,NA,0,0,0,0,0,0,NA,NA,NA,NA,NA,NA,NA,NA,0,0,0,0,NA,NA,NA,NA,NA
"Jörgen Danielsen","b08a7dec-3955-11ef-acb4-a36230ada079",NA,NA,1975,"10/1/1975","32c724aa-3960-11ef-8a3a-2906cc9fb6bc","home","TSV Altenholz","Hamburger SV",14,13,TRUE,1,NA,NA,0,0,0,NA,0,0,0,0,0,0,NA,NA,NA,NA,NA,NA,NA,NA,0,0,0,0,NA,NA,NA,NA,NA
"Klaus Beckmann","b08ee1c0-3955-11ef-8689-a36230ada079",NA,NA,1975,"10/1/1975","32c724aa-3960-11ef-8a3a-2906cc9fb6bc","home","TSV Altenholz","Hamburger SV",14,13,TRUE,3,NA,NA,0,0,0,NA,0,0,0,0,0,0,NA,NA,NA,NA,NA,NA,NA,NA,0,0,0,0,NA,NA,NA,NA,NA
"Peter Dewitz","b093b5b1-3955-11ef-97ca-a36230ada079",NA,NA,1975,"10/1/1975","32c724aa-3960-11ef-8a3a-2906cc9fb6bc","home","TSV Altenholz","Hamburger SV",14,13,TRUE,4,NA,NA,0,0,0,NA,0,0,0,0,0,0,NA,NA,NA,NA,NA,NA,NA,NA,0,0,0,0,NA,NA,NA,NA,NA
"Klaus-Dieter Heiden","b09837ed-3955-11ef-99d8-a36230ada079",NA,NA,1975,"10/1/1975","32c724aa-3960-11ef-8a3a-2906cc9fb6bc","home","TSV Altenholz","Hamburger SV",14,13,TRUE,0,NA,NA,0,0,0,NA,0,0,0,0,0,0,NA,NA,NA,NA,NA,NA,NA,NA,0,0,0,0,NA,NA,NA,NA,NA
"Klaus-Peter Römer","b09cfa69-3955-11ef-b8eb-a36230ada079",NA,NA,1975,"10/1/1975","32c724aa-3960-11ef-8a3a-2906cc9fb6bc","home","TSV Altenholz","Hamburger SV",14,13,TRUE,0,NA,NA,0,0,0,NA,0,0,0,0,0,0,NA,NA,NA,NA,NA,NA,NA,NA,0,0,0,0,NA,NA,NA,NA,NA
"Peter Pickel","8c973b42-3955-11ef-8c71-81dc40648355",NA,NA,1975,"10/1/1975","32c724aa-3960-11ef-8a3a-2906cc9fb6bc","away","Hamburger SV","TSV Altenholz",13,14,FALSE,3,NA,NA,0,0,0,NA,0,0,0,0,0,0,NA,NA,NA,NA,NA,NA,NA,NA,0,0,0,0,NA,NA,NA,NA,NA
"Richard Boczkowski","a1b43836-3955-11ef-934f-2510cc07ea6e",NA,NA,1975,"10/1/1975","32c724aa-3960-11ef-8a3a-2906cc9fb6bc","away","Hamburger SV","TSV Altenholz",13,14,FALSE,1,NA,NA,0,0,0,NA,0,0,0,0,0,0,NA,NA,NA,NA,NA,NA,NA,NA,0,0,0,0,NA,NA,NA,NA,NA
"Frank Lorenz","a32036d1-3955-11ef-bfe5-2510cc07ea6e",NA,NA,1975,"10/1/1975","32c724aa-3960-11ef-8a3a-2906cc9fb6bc","away","Hamburger SV","TSV Altenholz",13,14,FALSE,0,NA,NA,0,0,0,NA,0,0,0,0,0,0,NA,NA,NA,NA,NA,NA,NA,NA,0,0,0,0,NA,NA,NA,NA,NA
"Einar Magnusson","a3805088-3955-11ef-bfa9-2510cc07ea6e",NA,NA,1975,"10/1/1975","32c724aa-3960-11ef-8a3a-2906cc9fb6bc","away","Hamburger SV","TSV Altenholz",13,14,FALSE,3,NA,NA,0,0,1,NA,0,0,0,0,0,0,NA,NA,NA,NA,NA,NA,NA,NA,0,0,0,0,NA,NA,NA,NA,NA
"Hans-Jürgen Bode","b011e6da-3955-11ef-8205-a36230ada079",NA,NA,1975,"10/1/1975","32c724aa-3960-11ef-8a3a-2906cc9fb6bc","away","Hamburger SV","TSV Altenholz",13,14,FALSE,0,NA,NA,0,0,0,NA,0,0,0,0,0,0,NA,NA,NA,NA,NA,NA,NA,NA,0,0,0,0,NA,NA,NA,NA,NA
"Erich Eggenstein","b01f1dac-3955-11ef-8fbb-a36230ada079",NA,NA,1975,"10/1/1975","32c724aa-3960-11ef-8a3a-2906cc9fb6bc","away","Hamburger SV","TSV Altenholz",13,14,FALSE,0,NA,NA,0,0,0,NA,0,0,0,0,0,0,NA,NA,NA,NA,NA,NA,NA,NA,0,0,0,0,NA,NA,NA,NA,NA
"Jens Ivers","b02f4aea-3955-11ef-801e-a36230ada079",NA,NA,1975,"10/1/1975","32c724aa-3960-11ef-8a3a-2906cc9fb6bc","away","Hamburger SV","TSV Altenholz",13,14,FALSE,1,NA,NA,0,0,0,NA,0,0,0,0,0,0,NA,NA,NA,NA,NA,NA,NA,NA,0,0,0,0,NA,NA,NA,NA,NA
"Klaus Porepp","b0396b18-3955-11ef-b5cf-a36230ada079",NA,NA,1975,"10/1/1975","32c724aa-3960-11ef-8a3a-2906cc9fb6bc","away","Hamburger SV","TSV Altenholz",13,14,FALSE,0,NA,NA,0,0,0,NA,0,0,0,0,0,0,NA,NA,NA,NA,NA,NA,NA,NA,0,0,0,0,NA,NA,NA,NA,NA
"Norbert Germer","b03f8101-3955-11ef-8945-a36230ada079",NA,NA,1975,"10/1/1975","32c724aa-3960-11ef-8a3a-2906cc9fb6bc","away","Hamburger SV","TSV Altenholz",13,14,FALSE,1,NA,NA,0,0,0,NA,0,0,0,0,0,0,NA,NA,NA,NA,NA,NA,NA,NA,0,0,0,0,NA,NA,NA,NA,NA
"Bernd Eppler","b0442222-3955-11ef-841b-a36230ada079",NA,NA,1975,"10/1/1975","32c724aa-3960-11ef-8a3a-2906cc9fb6bc","away","Hamburger SV","TSV Altenholz",13,14,FALSE,1,NA,NA,0,0,0,NA,0,0,0,0,0,0,NA,NA,NA,NA,NA,NA,NA,NA,0,0,0,0,NA,NA,NA,NA,NA
"Uwe Tesloff","b049ae56-3955-11ef-a5f7-a36230ada079",NA,NA,1975,"10/1/1975","32c724aa-3960-11ef-8a3a-2906cc9fb6bc","away","Hamburger SV","TSV Altenholz",13,14,FALSE,3,NA,NA,0,0,0,NA,0,0,0,0,0,0,NA,NA,NA,NA,NA,NA,NA,NA,0,0,0,0,NA,NA,NA,NA,NA
"Michael Surmann","b04e41f0-3955-11ef-8320-a36230ada079",NA,NA,1975,"10/1/1975","32c724aa-3960-11ef-8a3a-2906cc9fb6bc","away","Hamburger SV","TSV Altenholz",13,14,FALSE,0,NA,NA,0,0,0,NA,0,0,0,0,0,0,NA,NA,NA,NA,NA,NA,NA,NA,0,0,0,0,NA,NA,NA,NA,NA
"Winfried Damm","73c56170-3955-11ef-9cca-51fdf2a82730",NA,NA,1975,"10/1/1975","42a97e50-3960-11ef-8fc0-2906cc9fb6bc","home","TSV 1896 Rintheim","TuS Hofweier",21,14,TRUE,0,NA,NA,0,0,0,NA,0,0,0,0,0,0,NA,NA,NA,NA,NA,NA,NA,NA,0,0,0,0,NA,NA,NA,NA,NA
"Gerhard Gaiser","7fd4e3db-3955-11ef-b327-b908c60af10a",NA,NA,1975,"10/1/1975","42a97e50-3960-11ef-8fc0-2906cc9fb6bc","home","TSV 1896 Rintheim","TuS Hofweier",21,14,TRUE,1,NA,NA,0,0,0,NA,0,0,0,0,0,0,NA,NA,NA,NA,NA,NA,NA,NA,0,0,0,0,NA,NA,NA,NA,NA
"Max Müller","99453a6b-3955-11ef-84c2-292be3190b7b",NA,NA,1975,"10/1/1975","42a97e50-3960-11ef-8fc0-2906cc9fb6bc","home","TSV 1896 Rintheim","TuS Hofweier",21,14,TRUE,5,NA,NA,0,0,4,NA,0,0,0,0,0,0,NA,NA,NA,NA,NA,NA,NA,NA,0,0,0,0,NA,NA,NA,NA,NA
"Alfred Schmitt","a25e1dab-3955-11ef-b412-2510cc07ea6e",NA,NA,1975,"10/1/1975","42a97e50-3960-11ef-8fc0-2906cc9fb6bc","home","TSV 1896 Rintheim","TuS Hofweier",21,14,TRUE,1,NA,NA,0,0,0,NA,0,0,0,0,0,0,NA,NA,NA,NA,NA,NA,NA,NA,0,0,0,0,NA,NA,NA,NA,NA
"Rudi Stein","a27f8606-3955-11ef-8352-2510cc07ea6e",NA,NA,1975,"10/1/1975","42a97e50-3960-11ef-8fc0-2906cc9fb6bc","home","TSV 1896 Rintheim","TuS Hofweier",21,14,TRUE,3,NA,NA,0,0,3,NA,0,0,0,0,0,0,NA,NA,NA,NA,NA,NA,NA,NA,0,0,0,0,NA,NA,NA,NA,NA
"Rudi Lechleidner","aec862a4-3955-11ef-ad66-a36230ada079",NA,NA,1975,"10/1/1975","42a97e50-3960-11ef-8fc0-2906cc9fb6bc","home","TSV 1896 Rintheim","TuS Hofweier",21,14,TRUE,8,NA,NA,0,0,0,NA,0,0,0,0,0,0,NA,NA,NA,NA,NA,NA,NA,NA,0,0,0,0,NA,NA,NA,NA,NA
"Wilfried Job","af3ed007-3955-11ef-9184-a36230ada079",NA,NA,1975,"10/1/1975","42a97e50-3960-11ef-8fc0-2906cc9fb6bc","home","TSV 1896 Rintheim","TuS Hofweier",21,14,TRUE,1,NA,NA,0,0,0,NA,0,0,0,0,0,0,NA,NA,NA,NA,NA,NA,NA,NA,0,0,0,0,NA,NA,NA,NA,NA
"Claus Erles","af42e492-3955-11ef-a26e-a36230ada079",NA,NA,1975,"10/1/1975","42a97e50-3960-11ef-8fc0-2906cc9fb6bc","home","TSV 1896 Rintheim","TuS Hofweier",21,14,TRUE,0,NA,NA,0,0,0,NA,0,0,0,0,0,0,NA,NA,NA,NA,NA,NA,NA,NA,0,0,0,0,NA,NA,NA,NA,NA
"Rolf Barthel","b1e747bc-3955-11ef-bf9b-a36230ada079",NA,NA,1975,"10/1/1975","42a97e50-3960-11ef-8fc0-2906cc9fb6bc","home","TSV 1896 Rintheim","TuS Hofweier",21,14,TRUE,2,NA,NA,0,0,0,NA,0,0,0,0,0,0,NA,NA,NA,NA,NA,NA,NA,NA,0,0,0,0,NA,NA,NA,NA,NA
"Žarko Olujić","b1ebb098-3955-11ef-ab01-a36230ada079",NA,NA,1975,"10/1/1975","42a97e50-3960-11ef-8fc0-2906cc9fb6bc","home","TSV 1896 Rintheim","TuS Hofweier",21,14,TRUE,0,NA,NA,0,0,0,NA,0,0,0,0,0,0,NA,NA,NA,NA,NA,NA,NA,NA,0,0,0,0,NA,NA,NA,NA,NA
"Arno Ehret","39c2c361-3955-11ef-8c9d-bfbfc9e17c09",NA,NA,1975,"10/1/1975","42a97e50-3960-11ef-8fc0-2906cc9fb6bc","away","TuS Hofweier","TSV 1896 Rintheim",14,21,FALSE,2,NA,NA,0,0,0,NA,0,0,0,0,0,0,NA,NA,NA,NA,NA,NA,NA,NA,0,0,0,0,NA,NA,NA,NA,NA
"Gerd Leibiger","7ed15d40-3955-11ef-a28c-b908c60af10a",NA,NA,1975,"10/1/1975","42a97e50-3960-11ef-8fc0-2906cc9fb6bc","away","TuS Hofweier","TSV 1896 Rintheim",14,21,FALSE,4,NA,NA,0,0,3,NA,0,0,0,0,0,0,NA,NA,NA,NA,NA,NA,NA,NA,0,0,0,0,NA,NA,NA,NA,NA
"Peter Bucher","8e0071c9-3955-11ef-8ff8-81dc40648355",NA,NA,1975,"10/1/1975","42a97e50-3960-11ef-8fc0-2906cc9fb6bc","away","TuS Hofweier","TSV 1896 Rintheim",14,21,FALSE,2,NA,NA,0,0,0,NA,0,0,0,0,0,0,NA,NA,NA,NA,NA,NA,NA,NA,0,0,0,0,NA,NA,NA,NA,NA
"Josef Schienle","8e1c1721-3955-11ef-9a54-81dc40648355",NA,NA,1975,"10/1/1975","42a97e50-3960-11ef-8fc0-2906cc9fb6bc","away","TuS Hofweier","TSV 1896 Rintheim",14,21,FALSE,0,NA,NA,0,0,0,NA,0,0,0,0,0,0,NA,NA,NA,NA,NA,NA,NA,NA,0,0,0,0,NA,NA,NA,NA,NA
"Franz Bechler","98035d7e-3955-11ef-8b94-292be3190b7b",NA,NA,1975,"10/1/1975","42a97e50-3960-11ef-8fc0-2906cc9fb6bc","away","TuS Hofweier","TSV 1896 Rintheim",14,21,FALSE,0,NA,NA,0,0,0,NA,0,0,0,0,0,0,NA,NA,NA,NA,NA,NA,NA,NA,0,0,0,0,NA,NA,NA,NA,NA
"Werner Voit","a3b992ef-3955-11ef-84c8-2510cc07ea6e",NA,NA,1975,"10/1/1975","42a97e50-3960-11ef-8fc0-2906cc9fb6bc","away","TuS Hofweier","TSV 1896 Rintheim",14,21,FALSE,1,NA,NA,0,0,0,NA,0,0,0,0,0,0,NA,NA,NA,NA,NA,NA,NA,NA,0,0,0,0,NA,NA,NA,NA,NA
"Werner Decker","afcae313-3955-11ef-a9cf-a36230ada079",NA,NA,1975,"10/1/1975","42a97e50-3960-11ef-8fc0-2906cc9fb6bc","away","TuS Hofweier","TSV 1896 Rintheim",14,21,FALSE,1,NA,NA,0,0,0,NA,0,0,0,0,0,0,NA,NA,NA,NA,NA,NA,NA,NA,0,0,0,0,NA,NA,NA,NA,NA
"Wolfgang Bruck","afd5808d-3955-11ef-a3c4-a36230ada079",NA,NA,1975,"10/1/1975","42a97e50-3960-11ef-8fc0-2906cc9fb6bc","away","TuS Hofweier","TSV 1896 Rintheim",14,21,FALSE,0,NA,NA,0,0,0,NA,0,0,0,0,0,0,NA,NA,NA,NA,NA,NA,NA,NA,0,0,0,0,NA,NA,NA,NA,NA
"Wilfried Göppert","afe18023-3955-11ef-8040-a36230ada079",NA,NA,1975,"10/1/1975","42a97e50-3960-11ef-8fc0-2906cc9fb6bc","away","TuS Hofweier","TSV 1896 Rintheim",14,21,FALSE,0,NA,NA,0,0,0,NA,0,0,0,0,0,0,NA,NA,NA,NA,NA,NA,NA,NA,0,0,0,0,NA,NA,NA,NA,NA
"Heiner Brand","44e82d45-3955-11ef-bc71-4fa817cd91bb",NA,NA,1975,"10/4/1975","2a8a6a91-3960-11ef-807f-2906cc9fb6bc","home","VfL Gummersbach","VfL Lübeck-Schwartau",21,15,TRUE,2,NA,NA,0,0,0,NA,0,0,0,0,0,0,NA,NA,NA,NA,NA,NA,NA,NA,0,0,0,0,NA,NA,NA,NA,NA
"Reiner Schumacher","8aac0482-3955-11ef-9f92-81dc40648355",NA,NA,1975,"10/4/1975","2a8a6a91-3960-11ef-807f-2906cc9fb6bc","home","VfL Gummersbach","VfL Lübeck-Schwartau",21,15,TRUE,0,NA,NA,0,0,0,NA,0,0,0,0,0,0,NA,NA,NA,NA,NA,NA,NA,NA,0,0,0,0,NA,NA,NA,NA,NA
"Klaus Westebbe","8c58f63a-3955-11ef-b65e-81dc40648355",NA,NA,1975,"10/4/1975","2a8a6a91-3960-11ef-807f-2906cc9fb6bc","home","VfL Gummersbach","VfL Lübeck-Schwartau",21,15,TRUE,3,NA,NA,0,0,0,NA,0,0,0,0,0,0,NA,NA,NA,NA,NA,NA,NA,NA,0,0,0,0,NA,NA,NA,NA,NA
"Klaus Kater","8da1f6ef-3955-11ef-b31a-81dc40648355",NA,NA,1975,"10/4/1975","2a8a6a91-3960-11ef-807f-2906cc9fb6bc","home","VfL Gummersbach","VfL Lübeck-Schwartau",21,15,TRUE,0,NA,NA,0,0,0,NA,0,0,0,0,0,0,NA,NA,NA,NA,NA,NA,NA,NA,0,0,0,0,NA,NA,NA,NA,NA
"Klaus Schlagheck","97a06613-3955-11ef-8056-292be3190b7b",NA,NA,1975,"10/4/1975","2a8a6a91-3960-11ef-807f-2906cc9fb6bc","home","VfL Gummersbach","VfL Lübeck-Schwartau",21,15,TRUE,3,NA,NA,0,0,0,NA,0,0,0,0,0,0,NA,NA,NA,NA,NA,NA,NA,NA,0,0,0,0,NA,NA,NA,NA,NA
"Joachim Deckarm","9976945f-3955-11ef-afc4-292be3190b7b",NA,NA,1975,"10/4/1975","2a8a6a91-3960-11ef-807f-2906cc9fb6bc","home","VfL Gummersbach","VfL Lübeck-Schwartau",21,15,TRUE,3,NA,NA,0,0,0,NA,0,0,0,0,0,0,NA,NA,NA,NA,NA,NA,NA,NA,0,0,0,0,NA,NA,NA,NA,NA
"Jochen Feldhoff","a32751a5-3955-11ef-badf-2510cc07ea6e",NA,NA,1975,"10/4/1975","2a8a6a91-3960-11ef-807f-2906cc9fb6bc","home","VfL Gummersbach","VfL Lübeck-Schwartau",21,15,TRUE,2,NA,NA,0,0,0,NA,0,0,0,0,0,0,NA,NA,NA,NA,NA,NA,NA,NA,0,0,0,0,NA,NA,NA,NA,NA
"Manfred Glodde","a32e0a86-3955-11ef-9caa-2510cc07ea6e",NA,NA,1975,"10/4/1975","2a8a6a91-3960-11ef-807f-2906cc9fb6bc","home","VfL Gummersbach","VfL Lübeck-Schwartau",21,15,TRUE,1,NA,NA,0,0,0,NA,0,0,0,0,0,0,NA,NA,NA,NA,NA,NA,NA,NA,0,0,0,0,NA,NA,NA,NA,NA
"Karl-Heinz Nolde","a33d5c4a-3955-11ef-b577-2510cc07ea6e",NA,NA,1975,"10/4/1975","2a8a6a91-3960-11ef-807f-2906cc9fb6bc","home","VfL Gummersbach","VfL Lübeck-Schwartau",21,15,TRUE,0,NA,NA,0,0,0,NA,0,0,0,0,0,0,NA,NA,NA,NA,NA,NA,NA,NA,0,0,0,0,NA,NA,NA,NA,NA
"Werner Lettgen","ae263c3c-3955-11ef-96f7-a36230ada079",NA,NA,1975,"10/4/1975","2a8a6a91-3960-11ef-807f-2906cc9fb6bc","home","VfL Gummersbach","VfL Lübeck-Schwartau",21,15,TRUE,0,NA,NA,0,0,0,NA,0,0,0,0,0,0,NA,NA,NA,NA,NA,NA,NA,NA,0,0,0,0,NA,NA,NA,NA,NA
"Rolf Kaldekerken v.d.","afebb9d0-3955-11ef-ab09-a36230ada079",NA,NA,1975,"10/4/1975","2a8a6a91-3960-11ef-807f-2906cc9fb6bc","home","VfL Gummersbach","VfL Lübeck-Schwartau",21,15,TRUE,0,NA,NA,0,0,0,NA,0,0,0,0,0,0,NA,NA,NA,NA,NA,NA,NA,NA,0,0,0,0,NA,NA,NA,NA,NA
"Hans-Günther Schmidt","aff5702f-3955-11ef-9878-a36230ada079",NA,NA,1975,"10/4/1975","2a8a6a91-3960-11ef-807f-2906cc9fb6bc","home","VfL Gummersbach","VfL Lübeck-Schwartau",21,15,TRUE,7,NA,NA,0,0,0,NA,0,0,0,0,0,0,NA,NA,NA,NA,NA,NA,NA,NA,0,0,0,0,NA,NA,NA,NA,NA
"Michael Dogs","b0cecb4a-3955-11ef-b665-a36230ada079",NA,NA,1975,"10/4/1975","2a8a6a91-3960-11ef-807f-2906cc9fb6bc","away","VfL Lübeck-Schwartau","VfL Gummersbach",15,21,FALSE,0,NA,NA,0,0,0,NA,0,0,0,0,0,0,NA,NA,NA,NA,NA,NA,NA,NA,0,0,0,0,NA,NA,NA,NA,NA
"Peter Toll","b0d38f08-3955-11ef-8430-a36230ada079",NA,NA,1975,"10/4/1975","2a8a6a91-3960-11ef-807f-2906cc9fb6bc","away","VfL Lübeck-Schwartau","VfL Gummersbach",15,21,FALSE,0,NA,NA,0,0,0,NA,0,0,0,0,0,0,NA,NA,NA,NA,NA,NA,NA,NA,0,0,0,0,NA,NA,NA,NA,NA
"Claus Gramkow","b0d7d6e6-3955-11ef-bb1c-a36230ada079",NA,NA,1975,"10/4/1975","2a8a6a91-3960-11ef-807f-2906cc9fb6bc","away","VfL Lübeck-Schwartau","VfL Gummersbach",15,21,FALSE,0,NA,NA,0,0,0,NA,0,0,0,0,0,0,NA,NA,NA,NA,NA,NA,NA,NA,0,0,0,0,NA,NA,NA,NA,NA
"Ulrich Diener","b0e514eb-3955-11ef-b430-a36230ada079",NA,NA,1975,"10/4/1975","2a8a6a91-3960-11ef-807f-2906cc9fb6bc","away","VfL Lübeck-Schwartau","VfL Gummersbach",15,21,FALSE,0,NA,NA,0,0,0,NA,0,0,0,0,0,0,NA,NA,NA,NA,NA,NA,NA,NA,0,0,0,0,NA,NA,NA,NA,NA
"Peter Görtz","b0e9ae8f-3955-11ef-aa48-a36230ada079",NA,NA,1975,"10/4/1975","2a8a6a91-3960-11ef-807f-2906cc9fb6bc","away","VfL Lübeck-Schwartau","VfL Gummersbach",15,21,FALSE,6,NA,NA,0,0,1,NA,0,0,0,0,0,0,NA,NA,NA,NA,NA,NA,NA,NA,0,0,0,0,NA,NA,NA,NA,NA
"Vladimir Torlaković","b0ede919-3955-11ef-a919-a36230ada079",NA,NA,1975,"10/4/1975","2a8a6a91-3960-11ef-807f-2906cc9fb6bc","away","VfL Lübeck-Schwartau","VfL Gummersbach",15,21,FALSE,0,NA,NA,0,0,0,NA,0,0,0,0,0,0,NA,NA,NA,NA,NA,NA,NA,NA,0,0,0,0,NA,NA,NA,NA,NA
"Ulrich Kleinstoll","b0f37438-3955-11ef-84e6-a36230ada079",NA,NA,1975,"10/4/1975","2a8a6a91-3960-11ef-807f-2906cc9fb6bc","away","VfL Lübeck-Schwartau","VfL Gummersbach",15,21,FALSE,0,NA,NA,0,0,0,NA,0,0,0,0,0,0,NA,NA,NA,NA,NA,NA,NA,NA,0,0,0,0,NA,NA,NA,NA,NA
"Thomas Kluth","b0f877c0-3955-11ef-a314-a36230ada079",NA,NA,1975,"10/4/1975","2a8a6a91-3960-11ef-807f-2906cc9fb6bc","away","VfL Lübeck-Schwartau","VfL Gummersbach",15,21,FALSE,6,NA,NA,0,0,2,NA,0,0,0,0,0,0,NA,NA,NA,NA,NA,NA,NA,NA,0,0,0,0,NA,NA,NA,NA,NA
"Holger Rosenfeldt","b0fd53e2-3955-11ef-9f9a-a36230ada079",NA,NA,1975,"10/4/1975","2a8a6a91-3960-11ef-807f-2906cc9fb6bc","away","VfL Lübeck-Schwartau","VfL Gummersbach",15,21,FALSE,0,NA,NA,0,0,0,NA,0,0,0,0,0,0,NA,NA,NA,NA,NA,NA,NA,NA,0,0,0,0,NA,NA,NA,NA,NA
"Karl Weiß","b106c2d8-3955-11ef-9358-a36230ada079",NA,NA,1975,"10/4/1975","2a8a6a91-3960-11ef-807f-2906cc9fb6bc","away","VfL Lübeck-Schwartau","VfL Gummersbach",15,21,FALSE,0,NA,NA,0,0,0,NA,0,0,0,0,0,0,NA,NA,NA,NA,NA,NA,NA,NA,0,0,0,0,NA,NA,NA,NA,NA
"Siegfried Berg","b10d3ec3-3955-11ef-8a30-a36230ada079",NA,NA,1975,"10/4/1975","2a8a6a91-3960-11ef-807f-2906cc9fb6bc","away","VfL Lübeck-Schwartau","VfL Gummersbach",15,21,FALSE,3,NA,NA,0,0,0,NA,0,0,0,0,0,0,NA,NA,NA,NA,NA,NA,NA,NA,0,0,0,0,NA,NA,NA,NA,NA
"Hans-Jürgen Grund","81694a24-3955-11ef-9a97-b908c60af10a",NA,NA,1975,"10/4/1975","31b3f0a7-3960-11ef-b577-2906cc9fb6bc","home","GWD Minden","Hamburger SV",18,11,TRUE,2,NA,NA,0,0,0,NA,0,0,0,0,0,0,NA,NA,NA,NA,NA,NA,NA,NA,0,0,0,0,NA,NA,NA,NA,NA
"Axel Axelsson","8b29429f-3955-11ef-baf9-81dc40648355",NA,NA,1975,"10/4/1975","31b3f0a7-3960-11ef-b577-2906cc9fb6bc","home","GWD Minden","Hamburger SV",18,11,TRUE,2,NA,NA,0,0,0,NA,0,0,0,0,0,0,NA,NA,NA,NA,NA,NA,NA,NA,0,0,0,0,NA,NA,NA,NA,NA
"Dieter Waltke","8bbe1a37-3955-11ef-a8ff-81dc40648355",NA,NA,1975,"10/4/1975","31b3f0a7-3960-11ef-b577-2906cc9fb6bc","home","GWD Minden","Hamburger SV",18,11,TRUE,7,NA,NA,0,0,4,NA,0,0,0,0,0,0,NA,NA,NA,NA,NA,NA,NA,NA,0,0,0,0,NA,NA,NA,NA,NA
"Bernhard Busch","8dc9280f-3955-11ef-80e2-81dc40648355",NA,NA,1975,"10/4/1975","31b3f0a7-3960-11ef-b577-2906cc9fb6bc","home","GWD Minden","Hamburger SV",18,11,TRUE,0,NA,NA,0,0,0,NA,0,0,0,0,0,0,NA,NA,NA,NA,NA,NA,NA,NA,0,0,0,0,NA,NA,NA,NA,NA
"Gerd Becker","96f1e245-3955-11ef-80bc-292be3190b7b",NA,NA,1975,"10/4/1975","31b3f0a7-3960-11ef-b577-2906cc9fb6bc","home","GWD Minden","Hamburger SV",18,11,TRUE,0,NA,NA,0,0,0,NA,0,0,0,0,0,0,NA,NA,NA,NA,NA,NA,NA,NA,0,0,0,0,NA,NA,NA,NA,NA
"Walter von Oepen","97f2373d-3955-11ef-82ae-292be3190b7b",NA,NA,1975,"10/4/1975","31b3f0a7-3960-11ef-b577-2906cc9fb6bc","home","GWD Minden","Hamburger SV",18,11,TRUE,0,NA,NA,0,0,0,NA,0,0,0,0,0,0,NA,NA,NA,NA,NA,NA,NA,NA,0,0,0,0,NA,NA,NA,NA,NA
"Martin Karcher","980f80ce-3955-11ef-8054-292be3190b7b",NA,NA,1975,"10/4/1975","31b3f0a7-3960-11ef-b577-2906cc9fb6bc","home","GWD Minden","Hamburger SV",18,11,TRUE,0,NA,NA,0,0,0,NA,0,0,0,0,0,0,NA,NA,NA,NA,NA,NA,NA,NA,0,0,0,0,NA,NA,NA,NA,NA
"Gerhard Buddenbohm","98e2ecac-3955-11ef-b2de-292be3190b7b",NA,NA,1975,"10/4/1975","31b3f0a7-3960-11ef-b577-2906cc9fb6bc","home","GWD Minden","Hamburger SV",18,11,TRUE,2,NA,NA,0,0,0,NA,0,0,0,0,0,0,NA,NA,NA,NA,NA,NA,NA,NA,0,0,0,0,NA,NA,NA,NA,NA
"Ólafur Hlöðver Jónsson","98eb7177-3955-11ef-9bda-292be3190b7b",NA,NA,1975,"10/4/1975","31b3f0a7-3960-11ef-b577-2906cc9fb6bc","home","GWD Minden","Hamburger SV",18,11,TRUE,4,NA,NA,0,0,0,NA,0,0,0,0,0,0,NA,NA,NA,NA,NA,NA,NA,NA,0,0,0,0,NA,NA,NA,NA,NA
"Hans Kramer","98f50290-3955-11ef-8aa8-292be3190b7b",NA,NA,1975,"10/4/1975","31b3f0a7-3960-11ef-b577-2906cc9fb6bc","home","GWD Minden","Hamburger SV",18,11,TRUE,1,NA,NA,0,0,0,NA,0,0,0,0,0,0,NA,NA,NA,NA,NA,NA,NA,NA,0,0,0,0,NA,NA,NA,NA,NA
"Jobst-Erich Rehse","b00be251-3955-11ef-ac35-a36230ada079",NA,NA,1975,"10/4/1975","31b3f0a7-3960-11ef-b577-2906cc9fb6bc","home","GWD Minden","Hamburger SV",18,11,TRUE,0,NA,NA,0,0,0,NA,0,0,0,0,0,0,NA,NA,NA,NA,NA,NA,NA,NA,0,0,0,0,NA,NA,NA,NA,NA
"Peter Pickel","8c973b42-3955-11ef-8c71-81dc40648355",NA,NA,1975,"10/4/1975","31b3f0a7-3960-11ef-b577-2906cc9fb6bc","away","Hamburger SV","GWD Minden",11,18,FALSE,4,NA,NA,0,0,1,NA,0,0,0,0,0,0,NA,NA,NA,NA,NA,NA,NA,NA,0,0,0,0,NA,NA,NA,NA,NA
"Richard Boczkowski","a1b43836-3955-11ef-934f-2510cc07ea6e",NA,NA,1975,"10/4/1975","31b3f0a7-3960-11ef-b577-2906cc9fb6bc","away","Hamburger SV","GWD Minden",11,18,FALSE,0,NA,NA,0,0,0,NA,0,0,0,0,0,0,NA,NA,NA,NA,NA,NA,NA,NA,0,0,0,0,NA,NA,NA,NA,NA
"Einar Magnusson","a3805088-3955-11ef-bfa9-2510cc07ea6e",NA,NA,1975,"10/4/1975","31b3f0a7-3960-11ef-b577-2906cc9fb6bc","away","Hamburger SV","GWD Minden",11,18,FALSE,2,NA,NA,0,0,0,NA,0,0,0,0,0,0,NA,NA,NA,NA,NA,NA,NA,NA,0,0,0,0,NA,NA,NA,NA,NA
"Hans-Jürgen Bode","b011e6da-3955-11ef-8205-a36230ada079",NA,NA,1975,"10/4/1975","31b3f0a7-3960-11ef-b577-2906cc9fb6bc","away","Hamburger SV","GWD Minden",11,18,FALSE,0,NA,NA,0,0,0,NA,0,0,0,0,0,0,NA,NA,NA,NA,NA,NA,NA,NA,0,0,0,0,NA,NA,NA,NA,NA
"Holger Nitschke","b01a8950-3955-11ef-a243-a36230ada079",NA,NA,1975,"10/4/1975","31b3f0a7-3960-11ef-b577-2906cc9fb6bc","away","Hamburger SV","GWD Minden",11,18,FALSE,0,NA,NA,0,0,0,NA,0,0,0,0,0,0,NA,NA,NA,NA,NA,NA,NA,NA,0,0,0,0,NA,NA,NA,NA,NA
"Erich Eggenstein","b01f1dac-3955-11ef-8fbb-a36230ada079",NA,NA,1975,"10/4/1975","31b3f0a7-3960-11ef-b577-2906cc9fb6bc","away","Hamburger SV","GWD Minden",11,18,FALSE,1,NA,NA,0,0,0,NA,0,0,0,0,0,0,NA,NA,NA,NA,NA,NA,NA,NA,0,0,0,0,NA,NA,NA,NA,NA
"Jens Ivers","b02f4aea-3955-11ef-801e-a36230ada079",NA,NA,1975,"10/4/1975","31b3f0a7-3960-11ef-b577-2906cc9fb6bc","away","Hamburger SV","GWD Minden",11,18,FALSE,1,NA,NA,0,0,0,NA,0,0,0,0,0,0,NA,NA,NA,NA,NA,NA,NA,NA,0,0,0,0,NA,NA,NA,NA,NA
"Norbert Germer","b03f8101-3955-11ef-8945-a36230ada079",NA,NA,1975,"10/4/1975","31b3f0a7-3960-11ef-b577-2906cc9fb6bc","away","Hamburger SV","GWD Minden",11,18,FALSE,2,NA,NA,0,0,0,NA,0,0,0,0,0,0,NA,NA,NA,NA,NA,NA,NA,NA,0,0,0,0,NA,NA,NA,NA,NA
"Bernd Eppler","b0442222-3955-11ef-841b-a36230ada079",NA,NA,1975,"10/4/1975","31b3f0a7-3960-11ef-b577-2906cc9fb6bc","away","Hamburger SV","GWD Minden",11,18,FALSE,0,NA,NA,0,0,0,NA,0,0,0,0,0,0,NA,NA,NA,NA,NA,NA,NA,NA,0,0,0,0,NA,NA,NA,NA,NA
"Uwe Tesloff","b049ae56-3955-11ef-a5f7-a36230ada079",NA,NA,1975,"10/4/1975","31b3f0a7-3960-11ef-b577-2906cc9fb6bc","away","Hamburger SV","GWD Minden",11,18,FALSE,0,NA,NA,0,0,0,NA,0,0,0,0,0,0,NA,NA,NA,NA,NA,NA,NA,NA,0,0,0,0,NA,NA,NA,NA,NA
"Hans-Peter Decker","b052d2b1-3955-11ef-a80b-a36230ada079",NA,NA,1975,"10/4/1975","31b3f0a7-3960-11ef-b577-2906cc9fb6bc","away","Hamburger SV","GWD Minden",11,18,FALSE,1,NA,NA,0,0,0,NA,0,0,0,0,0,0,NA,NA,NA,NA,NA,NA,NA,NA,0,0,0,0,NA,NA,NA,NA,NA
"Arno Ehret","39c2c361-3955-11ef-8c9d-bfbfc9e17c09",NA,NA,1975,"10/4/1975","37960f45-3960-11ef-a217-2906cc9fb6bc","home","TuS Hofweier","TV 05/07 Hüttenberg",17,15,TRUE,4,NA,NA,0,0,0,NA,0,0,0,0,0,0,NA,NA,NA,NA,NA,NA,NA,NA,0,0,0,0,NA,NA,NA,NA,NA
"Gerd Leibiger","7ed15d40-3955-11ef-a28c-b908c60af10a",NA,NA,1975,"10/4/1975","37960f45-3960-11ef-a217-2906cc9fb6bc","home","TuS Hofweier","TV 05/07 Hüttenberg",17,15,TRUE,0,NA,NA,0,0,0,NA,0,0,0,0,0,0,NA,NA,NA,NA,NA,NA,NA,NA,0,0,0,0,NA,NA,NA,NA,NA
"Peter Bucher","8e0071c9-3955-11ef-8ff8-81dc40648355",NA,NA,1975,"10/4/1975","37960f45-3960-11ef-a217-2906cc9fb6bc","home","TuS Hofweier","TV 05/07 Hüttenberg",17,15,TRUE,4,NA,NA,0,0,0,NA,0,0,0,0,0,0,NA,NA,NA,NA,NA,NA,NA,NA,0,0,0,0,NA,NA,NA,NA,NA
"Franz Bechler","98035d7e-3955-11ef-8b94-292be3190b7b",NA,NA,1975,"10/4/1975","37960f45-3960-11ef-a217-2906cc9fb6bc","home","TuS Hofweier","TV 05/07 Hüttenberg",17,15,TRUE,2,NA,NA,0,0,0,NA,0,0,0,0,0,0,NA,NA,NA,NA,NA,NA,NA,NA,0,0,0,0,NA,NA,NA,NA,NA
"Werner Voit","a3b992ef-3955-11ef-84c8-2510cc07ea6e",NA,NA,1975,"10/4/1975","37960f45-3960-11ef-a217-2906cc9fb6bc","home","TuS Hofweier","TV 05/07 Hüttenberg",17,15,TRUE,2,NA,NA,0,0,0,NA,0,0,0,0,0,0,NA,NA,NA,NA,NA,NA,NA,NA,0,0,0,0,NA,NA,NA,NA,NA
"Werner Decker","afcae313-3955-11ef-a9cf-a36230ada079",NA,NA,1975,"10/4/1975","37960f45-3960-11ef-a217-2906cc9fb6bc","home","TuS Hofweier","TV 05/07 Hüttenberg",17,15,TRUE,0,NA,NA,0,0,0,NA,0,0,0,0,0,0,NA,NA,NA,NA,NA,NA,NA,NA,0,0,0,0,NA,NA,NA,NA,NA
"Wolfgang Bruck","afd5808d-3955-11ef-a3c4-a36230ada079",NA,NA,1975,"10/4/1975","37960f45-3960-11ef-a217-2906cc9fb6bc","home","TuS Hofweier","TV 05/07 Hüttenberg",17,15,TRUE,0,NA,NA,0,0,0,NA,0,0,0,0,0,0,NA,NA,NA,NA,NA,NA,NA,NA,0,0,0,0,NA,NA,NA,NA,NA
"Wilfried Göppert","afe18023-3955-11ef-8040-a36230ada079",NA,NA,1975,"10/4/1975","37960f45-3960-11ef-a217-2906cc9fb6bc","home","TuS Hofweier","TV 05/07 Hüttenberg",17,15,TRUE,0,NA,NA,0,0,0,NA,0,0,0,0,0,0,NA,NA,NA,NA,NA,NA,NA,NA,0,0,0,0,NA,NA,NA,NA,NA
"Markus Hädrich","ba389acc-3955-11ef-8b9d-ab397f561917",NA,NA,1975,"10/4/1975","37960f45-3960-11ef-a217-2906cc9fb6bc","home","TuS Hofweier","TV 05/07 Hüttenberg",17,15,TRUE,1,NA,NA,0,0,0,NA,0,0,0,0,0,0,NA,NA,NA,NA,NA,NA,NA,NA,0,0,0,0,NA,NA,NA,NA,NA
"Walter Don","73f54ad3-3955-11ef-b2c6-51fdf2a82730",NA,NA,1975,"10/4/1975","37960f45-3960-11ef-a217-2906cc9fb6bc","away","TV 05/07 Hüttenberg","TuS Hofweier",15,17,FALSE,7,NA,NA,0,0,2,NA,0,0,0,0,0,0,NA,NA,NA,NA,NA,NA,NA,NA,0,0,0,0,NA,NA,NA,NA,NA
"Harald Ohly","8048d89d-3955-11ef-a214-b908c60af10a",NA,NA,1975,"10/4/1975","37960f45-3960-11ef-a217-2906cc9fb6bc","away","TV 05/07 Hüttenberg","TuS Hofweier",15,17,FALSE,4,NA,NA,0,0,0,NA,0,0,0,0,0,0,NA,NA,NA,NA,NA,NA,NA,NA,0,0,0,0,NA,NA,NA,NA,NA
"Hans-Jürgen Völpel","80753eec-3955-11ef-bd2e-b908c60af10a",NA,NA,1975,"10/4/1975","37960f45-3960-11ef-a217-2906cc9fb6bc","away","TV 05/07 Hüttenberg","TuS Hofweier",15,17,FALSE,0,NA,NA,0,0,0,NA,0,0,0,0,0,0,NA,NA,NA,NA,NA,NA,NA,NA,0,0,0,0,NA,NA,NA,NA,NA
"Siegfried Weber","807d098c-3955-11ef-8827-b908c60af10a",NA,NA,1975,"10/4/1975","37960f45-3960-11ef-a217-2906cc9fb6bc","away","TV 05/07 Hüttenberg","TuS Hofweier",15,17,FALSE,1,NA,NA,0,0,0,NA,0,0,0,0,0,0,NA,NA,NA,NA,NA,NA,NA,NA,0,0,0,0,NA,NA,NA,NA,NA
"Horst Spengler","80adf446-3955-11ef-a1e6-b908c60af10a",NA,NA,1975,"10/4/1975","37960f45-3960-11ef-a217-2906cc9fb6bc","away","TV 05/07 Hüttenberg","TuS Hofweier",15,17,FALSE,3,NA,NA,0,0,0,NA,0,0,0,0,0,0,NA,NA,NA,NA,NA,NA,NA,NA,0,0,0,0,NA,NA,NA,NA,NA
"Klaus Meineke","8d0eefb2-3955-11ef-a068-81dc40648355",NA,NA,1975,"10/4/1975","37960f45-3960-11ef-a217-2906cc9fb6bc","away","TV 05/07 Hüttenberg","TuS Hofweier",15,17,FALSE,0,NA,NA,0,0,0,NA,0,0,0,0,0,0,NA,NA,NA,NA,NA,NA,NA,NA,0,0,0,0,NA,NA,NA,NA,NA
"Stefan Schicketanz","a3d099d4-3955-11ef-90b6-2510cc07ea6e",NA,NA,1975,"10/4/1975","37960f45-3960-11ef-a217-2906cc9fb6bc","away","TV 05/07 Hüttenberg","TuS Hofweier",15,17,FALSE,0,NA,NA,0,0,0,NA,0,0,0,0,0,0,NA,NA,NA,NA,NA,NA,NA,NA,0,0,0,0,NA,NA,NA,NA,NA
"Hans-Willi Weber","a3f62960-3955-11ef-a9a1-2510cc07ea6e",NA,NA,1975,"10/4/1975","37960f45-3960-11ef-a217-2906cc9fb6bc","away","TV 05/07 Hüttenberg","TuS Hofweier",15,17,FALSE,0,NA,NA,0,0,0,NA,0,0,0,0,0,0,NA,NA,NA,NA,NA,NA,NA,NA,0,0,0,0,NA,NA,NA,NA,NA
"Josef Mantz","b15c537d-3955-11ef-b17c-a36230ada079",NA,NA,1975,"10/4/1975","37960f45-3960-11ef-a217-2906cc9fb6bc","away","TV 05/07 Hüttenberg","TuS Hofweier",15,17,FALSE,0,NA,NA,0,0,0,NA,0,0,0,0,0,0,NA,NA,NA,NA,NA,NA,NA,NA,0,0,0,0,NA,NA,NA,NA,NA
"Heinz Müller","b161357b-3955-11ef-a7a9-a36230ada079",NA,NA,1975,"10/4/1975","37960f45-3960-11ef-a217-2906cc9fb6bc","away","TV 05/07 Hüttenberg","TuS Hofweier",15,17,FALSE,0,NA,NA,0,0,0,NA,0,0,0,0,0,0,NA,NA,NA,NA,NA,NA,NA,NA,0,0,0,0,NA,NA,NA,NA,NA
"Walter Salzer","8d394c72-3955-11ef-8d73-81dc40648355",NA,NA,1975,"10/4/1975","3eb4a41c-3960-11ef-95d2-2906cc9fb6bc","home","TV 1893 Neuhausen","S3L Handball",11,17,FALSE,2,NA,NA,0,0,1,NA,0,0,0,0,0,0,NA,NA,NA,NA,NA,NA,NA,NA,0,0,0,0,NA,NA,NA,NA,NA
"Hermann Fritz","a4231bd1-3955-11ef-8299-2510cc07ea6e",NA,NA,1975,"10/4/1975","3eb4a41c-3960-11ef-95d2-2906cc9fb6bc","home","TV 1893 Neuhausen","S3L Handball",11,17,FALSE,0,NA,NA,0,0,0,NA,0,0,0,0,0,0,NA,NA,NA,NA,NA,NA,NA,NA,0,0,0,0,NA,NA,NA,NA,NA
"Klaus Stoll","a42e01cc-3955-11ef-b661-2510cc07ea6e",NA,NA,1975,"10/4/1975","3eb4a41c-3960-11ef-95d2-2906cc9fb6bc","home","TV 1893 Neuhausen","S3L Handball",11,17,FALSE,0,NA,NA,0,0,0,NA,0,0,0,0,0,0,NA,NA,NA,NA,NA,NA,NA,NA,0,0,0,0,NA,NA,NA,NA,NA
"Robert Kemmler","a438d7c7-3955-11ef-8ff6-2510cc07ea6e",NA,NA,1975,"10/4/1975","3eb4a41c-3960-11ef-95d2-2906cc9fb6bc","home","TV 1893 Neuhausen","S3L Handball",11,17,FALSE,2,NA,NA,0,0,0,NA,0,0,0,0,0,0,NA,NA,NA,NA,NA,NA,NA,NA,0,0,0,0,NA,NA,NA,NA,NA
"Manfred Klugger","a43e35c7-3955-11ef-b0dc-2510cc07ea6e",NA,NA,1975,"10/4/1975","3eb4a41c-3960-11ef-95d2-2906cc9fb6bc","home","TV 1893 Neuhausen","S3L Handball",11,17,FALSE,1,NA,NA,0,0,0,NA,0,0,0,0,0,0,NA,NA,NA,NA,NA,NA,NA,NA,0,0,0,0,NA,NA,NA,NA,NA
"Hermann Mäurle","a44f95e3-3955-11ef-b53d-2510cc07ea6e",NA,NA,1975,"10/4/1975","3eb4a41c-3960-11ef-95d2-2906cc9fb6bc","home","TV 1893 Neuhausen","S3L Handball",11,17,FALSE,0,NA,NA,0,0,0,NA,0,0,0,0,0,0,NA,NA,NA,NA,NA,NA,NA,NA,0,0,0,0,NA,NA,NA,NA,NA
"Rolf Miller","a4552808-3955-11ef-ac39-2510cc07ea6e",NA,NA,1975,"10/4/1975","3eb4a41c-3960-11ef-95d2-2906cc9fb6bc","home","TV 1893 Neuhausen","S3L Handball",11,17,FALSE,4,NA,NA,0,0,0,NA,0,0,0,0,0,0,NA,NA,NA,NA,NA,NA,NA,NA,0,0,0,0,NA,NA,NA,NA,NA
"Manfred Reusch","a45a1b11-3955-11ef-8135-2510cc07ea6e",NA,NA,1975,"10/4/1975","3eb4a41c-3960-11ef-95d2-2906cc9fb6bc","home","TV 1893 Neuhausen","S3L Handball",11,17,FALSE,0,NA,NA,0,0,0,NA,0,0,0,0,0,0,NA,NA,NA,NA,NA,NA,NA,NA,0,0,0,0,NA,NA,NA,NA,NA
"Eugen Schmid","a460a6b1-3955-11ef-966d-2510cc07ea6e",NA,NA,1975,"10/4/1975","3eb4a41c-3960-11ef-95d2-2906cc9fb6bc","home","TV 1893 Neuhausen","S3L Handball",11,17,FALSE,0,NA,NA,0,0,0,NA,0,0,0,0,0,0,NA,NA,NA,NA,NA,NA,NA,NA,0,0,0,0,NA,NA,NA,NA,NA
"Manfred Schmid","a468025d-3955-11ef-ae56-2510cc07ea6e",NA,NA,1975,"10/4/1975","3eb4a41c-3960-11ef-95d2-2906cc9fb6bc","home","TV 1893 Neuhausen","S3L Handball",11,17,FALSE,1,NA,NA,0,0,0,NA,0,0,0,0,0,0,NA,NA,NA,NA,NA,NA,NA,NA,0,0,0,0,NA,NA,NA,NA,NA
"Wolfgang Ruoff","b21c931a-3955-11ef-96d4-a36230ada079",NA,NA,1975,"10/4/1975","3eb4a41c-3960-11ef-95d2-2906cc9fb6bc","home","TV 1893 Neuhausen","S3L Handball",11,17,FALSE,0,NA,NA,0,0,0,NA,0,0,0,0,0,0,NA,NA,NA,NA,NA,NA,NA,NA,0,0,0,0,NA,NA,NA,NA,NA
"Johann Högl","b2211f04-3955-11ef-a5bd-a36230ada079",NA,NA,1975,"10/4/1975","3eb4a41c-3960-11ef-95d2-2906cc9fb6bc","home","TV 1893 Neuhausen","S3L Handball",11,17,FALSE,1,NA,NA,0,0,0,NA,0,0,0,0,0,0,NA,NA,NA,NA,NA,NA,NA,NA,0,0,0,0,NA,NA,NA,NA,NA
"Udo Klenk","8deb261a-3955-11ef-90c3-81dc40648355",NA,NA,1975,"10/4/1975","3eb4a41c-3960-11ef-95d2-2906cc9fb6bc","away","S3L Handball","TV 1893 Neuhausen",17,11,TRUE,0,NA,NA,0,0,0,NA,0,0,0,0,0,0,NA,NA,NA,NA,NA,NA,NA,NA,0,0,0,0,NA,NA,NA,NA,NA
"Georg Fitz","ae68320c-3955-11ef-89fa-a36230ada079",NA,NA,1975,"10/4/1975","3eb4a41c-3960-11ef-95d2-2906cc9fb6bc","away","S3L Handball","TV 1893 Neuhausen",17,11,TRUE,1,NA,NA,0,0,0,NA,0,0,0,0,0,0,NA,NA,NA,NA,NA,NA,NA,NA,0,0,0,0,NA,NA,NA,NA,NA
"Franz Rupp","ae6c7950-3955-11ef-87dd-a36230ada079",NA,NA,1975,"10/4/1975","3eb4a41c-3960-11ef-95d2-2906cc9fb6bc","away","S3L Handball","TV 1893 Neuhausen",17,11,TRUE,7,NA,NA,0,0,3,NA,0,0,0,0,0,0,NA,NA,NA,NA,NA,NA,NA,NA,0,0,0,0,NA,NA,NA,NA,NA
"Bernd Frühauf","ae71d80f-3955-11ef-a219-a36230ada079",NA,NA,1975,"10/4/1975","3eb4a41c-3960-11ef-95d2-2906cc9fb6bc","away","S3L Handball","TV 1893 Neuhausen",17,11,TRUE,2,NA,NA,0,0,0,NA,0,0,0,0,0,0,NA,NA,NA,NA,NA,NA,NA,NA,0,0,0,0,NA,NA,NA,NA,NA
"Wolfgang Sättele","ae76c01d-3955-11ef-bfb9-a36230ada079",NA,NA,1975,"10/4/1975","3eb4a41c-3960-11ef-95d2-2906cc9fb6bc","away","S3L Handball","TV 1893 Neuhausen",17,11,TRUE,2,NA,NA,0,0,0,NA,0,0,0,0,0,0,NA,NA,NA,NA,NA,NA,NA,NA,0,0,0,0,NA,NA,NA,NA,NA
"Joachim Hafemeister","ae7b4523-3955-11ef-b064-a36230ada079",NA,NA,1975,"10/4/1975","3eb4a41c-3960-11ef-95d2-2906cc9fb6bc","away","S3L Handball","TV 1893 Neuhausen",17,11,TRUE,0,NA,NA,0,0,0,NA,0,0,0,0,0,0,NA,NA,NA,NA,NA,NA,NA,NA,0,0,0,0,NA,NA,NA,NA,NA
"Harald Thiemer","ae803bfb-3955-11ef-9aab-a36230ada079",NA,NA,1975,"10/4/1975","3eb4a41c-3960-11ef-95d2-2906cc9fb6bc","away","S3L Handball","TV 1893 Neuhausen",17,11,TRUE,0,NA,NA,0,0,0,NA,0,0,0,0,0,0,NA,NA,NA,NA,NA,NA,NA,NA,0,0,0,0,NA,NA,NA,NA,NA
"Jürgen Hahn","ae947745-3955-11ef-bc54-a36230ada079",NA,NA,1975,"10/4/1975","3eb4a41c-3960-11ef-95d2-2906cc9fb6bc","away","S3L Handball","TV 1893 Neuhausen",17,11,TRUE,3,NA,NA,0,0,0,NA,0,0,0,0,0,0,NA,NA,NA,NA,NA,NA,NA,NA,0,0,0,0,NA,NA,NA,NA,NA
"Franz Götz","aea2eb0e-3955-11ef-b230-a36230ada079",NA,NA,1975,"10/4/1975","3eb4a41c-3960-11ef-95d2-2906cc9fb6bc","away","S3L Handball","TV 1893 Neuhausen",17,11,TRUE,2,NA,NA,0,0,0,NA,0,0,0,0,0,0,NA,NA,NA,NA,NA,NA,NA,NA,0,0,0,0,NA,NA,NA,NA,NA
"Hansjörg Jäck","b166bd31-3955-11ef-bed1-a36230ada079",NA,NA,1975,"10/4/1975","3eb4a41c-3960-11ef-95d2-2906cc9fb6bc","away","S3L Handball","TV 1893 Neuhausen",17,11,TRUE,0,NA,NA,0,0,0,NA,0,0,0,0,0,0,NA,NA,NA,NA,NA,NA,NA,NA,0,0,0,0,NA,NA,NA,NA,NA
"Wolfgang Haller","b1738c62-3955-11ef-a0aa-a36230ada079",NA,NA,1975,"10/4/1975","3eb4a41c-3960-11ef-95d2-2906cc9fb6bc","away","S3L Handball","TV 1893 Neuhausen",17,11,TRUE,0,NA,NA,0,0,0,NA,0,0,0,0,0,0,NA,NA,NA,NA,NA,NA,NA,NA,0,0,0,0,NA,NA,NA,NA,NA
"Bernd Seehase","7f0c7bc5-3955-11ef-8b93-b908c60af10a",NA,NA,1975,"10/5/1975","3fc7c5b9-3960-11ef-bab0-2906cc9fb6bc","home","Füchse Berlin","TV Großwallstadt",14,12,TRUE,5,NA,NA,0,0,2,NA,0,0,0,0,0,0,NA,NA,NA,NA,NA,NA,NA,NA,0,0,0,0,NA,NA,NA,NA,NA
"Dieter Nerlich","7f4aaab6-3955-11ef-a6c5-b908c60af10a",NA,NA,1975,"10/5/1975","3fc7c5b9-3960-11ef-bab0-2906cc9fb6bc","home","Füchse Berlin","TV Großwallstadt",14,12,TRUE,0,NA,NA,0,0,0,NA,0,0,0,0,0,0,NA,NA,NA,NA,NA,NA,NA,NA,0,0,0,0,NA,NA,NA,NA,NA
"Bernd Dibbert","a5e7e77c-3955-11ef-a806-2510cc07ea6e",NA,NA,1975,"10/5/1975","3fc7c5b9-3960-11ef-bab0-2906cc9fb6bc","home","Füchse Berlin","TV Großwallstadt",14,12,TRUE,0,NA,NA,0,0,0,NA,0,0,0,0,0,0,NA,NA,NA,NA,NA,NA,NA,NA,0,0,0,0,NA,NA,NA,NA,NA
"Manfred Klein","a5ed5981-3955-11ef-aef8-2510cc07ea6e",NA,NA,1975,"10/5/1975","3fc7c5b9-3960-11ef-bab0-2906cc9fb6bc","home","Füchse Berlin","TV Großwallstadt",14,12,TRUE,1,NA,NA,0,0,0,NA,0,0,0,0,0,0,NA,NA,NA,NA,NA,NA,NA,NA,0,0,0,0,NA,NA,NA,NA,NA
"Reinhard Lembcke","a5f9e01f-3955-11ef-a753-2510cc07ea6e",NA,NA,1975,"10/5/1975","3fc7c5b9-3960-11ef-bab0-2906cc9fb6bc","home","Füchse Berlin","TV Großwallstadt",14,12,TRUE,2,NA,NA,0,0,0,NA,0,0,0,0,0,0,NA,NA,NA,NA,NA,NA,NA,NA,0,0,0,0,NA,NA,NA,NA,NA
"Wolfgang Braun","b1a4c388-3955-11ef-92b7-a36230ada079",NA,NA,1975,"10/5/1975","3fc7c5b9-3960-11ef-bab0-2906cc9fb6bc","home","Füchse Berlin","TV Großwallstadt",14,12,TRUE,2,NA,NA,0,0,1,NA,0,0,0,0,0,0,NA,NA,NA,NA,NA,NA,NA,NA,0,0,0,0,NA,NA,NA,NA,NA
"Detlef Finkelmann","b1a8f927-3955-11ef-a009-a36230ada079",NA,NA,1975,"10/5/1975","3fc7c5b9-3960-11ef-bab0-2906cc9fb6bc","home","Füchse Berlin","TV Großwallstadt",14,12,TRUE,2,NA,NA,0,0,2,NA,0,0,0,0,0,0,NA,NA,NA,NA,NA,NA,NA,NA,0,0,0,0,NA,NA,NA,NA,NA
"Bernd Goerigk","b1b21b0c-3955-11ef-a303-a36230ada079",NA,NA,1975,"10/5/1975","3fc7c5b9-3960-11ef-bab0-2906cc9fb6bc","home","Füchse Berlin","TV Großwallstadt",14,12,TRUE,0,NA,NA,0,0,0,NA,0,0,0,0,0,0,NA,NA,NA,NA,NA,NA,NA,NA,0,0,0,0,NA,NA,NA,NA,NA
"Lutz Loewke","b1b73b08-3955-11ef-b76a-a36230ada079",NA,NA,1975,"10/5/1975","3fc7c5b9-3960-11ef-bab0-2906cc9fb6bc","home","Füchse Berlin","TV Großwallstadt",14,12,TRUE,1,NA,NA,0,0,1,NA,0,0,0,0,0,0,NA,NA,NA,NA,NA,NA,NA,NA,0,0,0,0,NA,NA,NA,NA,NA
"Kurt Klühspies","5ac3e7d7-3955-11ef-b574-4fa817cd91bb",NA,NA,1975,"10/5/1975","3fc7c5b9-3960-11ef-bab0-2906cc9fb6bc","away","TV Großwallstadt","Füchse Berlin",12,14,FALSE,3,NA,NA,0,0,0,NA,0,0,0,0,0,0,NA,NA,NA,NA,NA,NA,NA,NA,0,0,0,0,NA,NA,NA,NA,NA
"Thomas Sinsel","8adb8152-3955-11ef-b2de-81dc40648355",NA,NA,1975,"10/5/1975","3fc7c5b9-3960-11ef-bab0-2906cc9fb6bc","away","TV Großwallstadt","Füchse Berlin",12,14,FALSE,1,NA,NA,0,0,0,NA,0,0,0,0,0,0,NA,NA,NA,NA,NA,NA,NA,NA,0,0,0,0,NA,NA,NA,NA,NA
"Manfred Schwarz","96d98e53-3955-11ef-a3c9-292be3190b7b",NA,NA,1975,"10/5/1975","3fc7c5b9-3960-11ef-bab0-2906cc9fb6bc","away","TV Großwallstadt","Füchse Berlin",12,14,FALSE,2,NA,NA,0,0,0,NA,0,0,0,0,0,0,NA,NA,NA,NA,NA,NA,NA,NA,0,0,0,0,NA,NA,NA,NA,NA
"Wolfgang Dümig","978dc3fc-3955-11ef-b042-292be3190b7b",NA,NA,1975,"10/5/1975","3fc7c5b9-3960-11ef-bab0-2906cc9fb6bc","away","TV Großwallstadt","Füchse Berlin",12,14,FALSE,1,NA,NA,0,0,0,NA,0,0,0,0,0,0,NA,NA,NA,NA,NA,NA,NA,NA,0,0,0,0,NA,NA,NA,NA,NA
"Ulrich Schulz","9972a35f-3955-11ef-a06d-292be3190b7b",NA,NA,1975,"10/5/1975","3fc7c5b9-3960-11ef-bab0-2906cc9fb6bc","away","TV Großwallstadt","Füchse Berlin",12,14,FALSE,0,NA,NA,0,0,0,NA,0,0,0,0,0,0,NA,NA,NA,NA,NA,NA,NA,NA,0,0,0,0,NA,NA,NA,NA,NA
"Arno Böckling","a3c38db5-3955-11ef-810f-2510cc07ea6e",NA,NA,1975,"10/5/1975","3fc7c5b9-3960-11ef-bab0-2906cc9fb6bc","away","TV Großwallstadt","Füchse Berlin",12,14,FALSE,4,NA,NA,0,0,3,NA,0,0,0,0,0,0,NA,NA,NA,NA,NA,NA,NA,NA,0,0,0,0,NA,NA,NA,NA,NA
"Eckhardt Suffel","aeac0503-3955-11ef-88c6-a36230ada079",NA,NA,1975,"10/5/1975","3fc7c5b9-3960-11ef-bab0-2906cc9fb6bc","away","TV Großwallstadt","Füchse Berlin",12,14,FALSE,1,NA,NA,0,0,0,NA,0,0,0,0,0,0,NA,NA,NA,NA,NA,NA,NA,NA,0,0,0,0,NA,NA,NA,NA,NA
"Axel Emig","aeb0e35f-3955-11ef-8342-a36230ada079",NA,NA,1975,"10/5/1975","3fc7c5b9-3960-11ef-bab0-2906cc9fb6bc","away","TV Großwallstadt","Füchse Berlin",12,14,FALSE,0,NA,NA,0,0,0,NA,0,0,0,0,0,0,NA,NA,NA,NA,NA,NA,NA,NA,0,0,0,0,NA,NA,NA,NA,NA
"Norbert Klein","b18179dc-3955-11ef-acc0-a36230ada079",NA,NA,1975,"10/5/1975","3fc7c5b9-3960-11ef-bab0-2906cc9fb6bc","away","TV Großwallstadt","Füchse Berlin",12,14,FALSE,0,NA,NA,0,0,0,NA,0,0,0,0,0,0,NA,NA,NA,NA,NA,NA,NA,NA,0,0,0,0,NA,NA,NA,NA,NA
"Willibald Weiß","74414175-3955-11ef-89d0-51fdf2a82730",NA,NA,1975,"10/5/1975","41632ea9-3960-11ef-903a-2906cc9fb6bc","home","TSV Milbertshofen","TSV 1896 Rintheim",15,12,TRUE,0,NA,NA,0,0,0,NA,0,0,0,0,0,0,NA,NA,NA,NA,NA,NA,NA,NA,0,0,0,0,NA,NA,NA,NA,NA
"Wolfgang Sommerfeld","74c0be88-3955-11ef-89fd-51fdf2a82730",NA,NA,1975,"10/5/1975","41632ea9-3960-11ef-903a-2906cc9fb6bc","home","TSV Milbertshofen","TSV 1896 Rintheim",15,12,TRUE,1,NA,NA,0,0,0,NA,0,0,0,0,0,0,NA,NA,NA,NA,NA,NA,NA,NA,0,0,0,0,NA,NA,NA,NA,NA
"Richard Mayr","751d6672-3955-11ef-a322-51fdf2a82730",NA,NA,1975,"10/5/1975","41632ea9-3960-11ef-903a-2906cc9fb6bc","home","TSV Milbertshofen","TSV 1896 Rintheim",15,12,TRUE,1,NA,NA,0,0,0,NA,0,0,0,0,0,0,NA,NA,NA,NA,NA,NA,NA,NA,0,0,0,0,NA,NA,NA,NA,NA
"Jochen Frank","7ee9b472-3955-11ef-ab0f-b908c60af10a",NA,NA,1975,"10/5/1975","41632ea9-3960-11ef-903a-2906cc9fb6bc","home","TSV Milbertshofen","TSV 1896 Rintheim",15,12,TRUE,3,NA,NA,0,0,0,NA,0,0,0,0,0,0,NA,NA,NA,NA,NA,NA,NA,NA,0,0,0,0,NA,NA,NA,NA,NA
"Udo Böbel","80d4ba37-3955-11ef-9d8b-b908c60af10a",NA,NA,1975,"10/5/1975","41632ea9-3960-11ef-903a-2906cc9fb6bc","home","TSV Milbertshofen","TSV 1896 Rintheim",15,12,TRUE,3,NA,NA,0,0,1,NA,0,0,0,0,0,0,NA,NA,NA,NA,NA,NA,NA,NA,0,0,0,0,NA,NA,NA,NA,NA
"Peter Jaschke","8b728782-3955-11ef-8da6-81dc40648355",NA,NA,1975,"10/5/1975","41632ea9-3960-11ef-903a-2906cc9fb6bc","home","TSV Milbertshofen","TSV 1896 Rintheim",15,12,TRUE,0,NA,NA,0,0,0,NA,0,0,0,0,0,0,NA,NA,NA,NA,NA,NA,NA,NA,0,0,0,0,NA,NA,NA,NA,NA
"Werner Winkelmeier","9712104e-3955-11ef-9613-292be3190b7b",NA,NA,1975,"10/5/1975","41632ea9-3960-11ef-903a-2906cc9fb6bc","home","TSV Milbertshofen","TSV 1896 Rintheim",15,12,TRUE,2,NA,NA,0,0,0,NA,0,0,0,0,0,0,NA,NA,NA,NA,NA,NA,NA,NA,0,0,0,0,NA,NA,NA,NA,NA
"Rudolf Dobler","97ac407c-3955-11ef-9ea9-292be3190b7b",NA,NA,1975,"10/5/1975","41632ea9-3960-11ef-903a-2906cc9fb6bc","home","TSV Milbertshofen","TSV 1896 Rintheim",15,12,TRUE,2,NA,NA,0,0,0,NA,0,0,0,0,0,0,NA,NA,NA,NA,NA,NA,NA,NA,0,0,0,0,NA,NA,NA,NA,NA
"Erwin Heilmeier","af09c6c5-3955-11ef-9faa-a36230ada079",NA,NA,1975,"10/5/1975","41632ea9-3960-11ef-903a-2906cc9fb6bc","home","TSV Milbertshofen","TSV 1896 Rintheim",15,12,TRUE,0,NA,NA,0,0,0,NA,0,0,0,0,0,0,NA,NA,NA,NA,NA,NA,NA,NA,0,0,0,0,NA,NA,NA,NA,NA
"Jochen Heyne","b1c06894-3955-11ef-ab50-a36230ada079",NA,NA,1975,"10/5/1975","41632ea9-3960-11ef-903a-2906cc9fb6bc","home","TSV Milbertshofen","TSV 1896 Rintheim",15,12,TRUE,1,NA,NA,0,0,0,NA,0,0,0,0,0,0,NA,NA,NA,NA,NA,NA,NA,NA,0,0,0,0,NA,NA,NA,NA,NA
"Helmut Schelchshorn","b1c960ef-3955-11ef-850b-a36230ada079",NA,NA,1975,"10/5/1975","41632ea9-3960-11ef-903a-2906cc9fb6bc","home","TSV Milbertshofen","TSV 1896 Rintheim",15,12,TRUE,2,NA,NA,0,0,0,NA,0,0,0,0,0,0,NA,NA,NA,NA,NA,NA,NA,NA,0,0,0,0,NA,NA,NA,NA,NA
"Winfried Damm","73c56170-3955-11ef-9cca-51fdf2a82730",NA,NA,1975,"10/5/1975","41632ea9-3960-11ef-903a-2906cc9fb6bc","away","TSV 1896 Rintheim","TSV Milbertshofen",12,15,FALSE,1,NA,NA,0,0,0,NA,0,0,0,0,0,0,NA,NA,NA,NA,NA,NA,NA,NA,0,0,0,0,NA,NA,NA,NA,NA
"Gerhard Gaiser","7fd4e3db-3955-11ef-b327-b908c60af10a",NA,NA,1975,"10/5/1975","41632ea9-3960-11ef-903a-2906cc9fb6bc","away","TSV 1896 Rintheim","TSV Milbertshofen",12,15,FALSE,0,NA,NA,0,0,0,NA,0,0,0,0,0,0,NA,NA,NA,NA,NA,NA,NA,NA,0,0,0,0,NA,NA,NA,NA,NA
"Manfred Schulz","8bc2b5ea-3955-11ef-8d03-81dc40648355",NA,NA,1975,"10/5/1975","41632ea9-3960-11ef-903a-2906cc9fb6bc","away","TSV 1896 Rintheim","TSV Milbertshofen",12,15,FALSE,0,NA,NA,0,0,0,NA,0,0,0,0,0,0,NA,NA,NA,NA,NA,NA,NA,NA,0,0,0,0,NA,NA,NA,NA,NA
"Alfred Schmitt","a25e1dab-3955-11ef-b412-2510cc07ea6e",NA,NA,1975,"10/5/1975","41632ea9-3960-11ef-903a-2906cc9fb6bc","away","TSV 1896 Rintheim","TSV Milbertshofen",12,15,FALSE,2,NA,NA,0,0,0,NA,0,0,0,0,0,0,NA,NA,NA,NA,NA,NA,NA,NA,0,0,0,0,NA,NA,NA,NA,NA
"Rudi Stein","a27f8606-3955-11ef-8352-2510cc07ea6e",NA,NA,1975,"10/5/1975","41632ea9-3960-11ef-903a-2906cc9fb6bc","away","TSV 1896 Rintheim","TSV Milbertshofen",12,15,FALSE,2,NA,NA,0,0,2,NA,0,0,0,0,0,0,NA,NA,NA,NA,NA,NA,NA,NA,0,0,0,0,NA,NA,NA,NA,NA
"Rudi Lechleidner","aec862a4-3955-11ef-ad66-a36230ada079",NA,NA,1975,"10/5/1975","41632ea9-3960-11ef-903a-2906cc9fb6bc","away","TSV 1896 Rintheim","TSV Milbertshofen",12,15,FALSE,1,NA,NA,0,0,0,NA,0,0,0,0,0,0,NA,NA,NA,NA,NA,NA,NA,NA,0,0,0,0,NA,NA,NA,NA,NA
"Wilfried Job","af3ed007-3955-11ef-9184-a36230ada079",NA,NA,1975,"10/5/1975","41632ea9-3960-11ef-903a-2906cc9fb6bc","away","TSV 1896 Rintheim","TSV Milbertshofen",12,15,FALSE,3,NA,NA,0,0,0,NA,0,0,0,0,0,0,NA,NA,NA,NA,NA,NA,NA,NA,0,0,0,0,NA,NA,NA,NA,NA
"Claus Erles","af42e492-3955-11ef-a26e-a36230ada079",NA,NA,1975,"10/5/1975","41632ea9-3960-11ef-903a-2906cc9fb6bc","away","TSV 1896 Rintheim","TSV Milbertshofen",12,15,FALSE,0,NA,NA,0,0,0,NA,0,0,0,0,0,0,NA,NA,NA,NA,NA,NA,NA,NA,0,0,0,0,NA,NA,NA,NA,NA
"Rolf Barthel","b1e747bc-3955-11ef-bf9b-a36230ada079",NA,NA,1975,"10/5/1975","41632ea9-3960-11ef-903a-2906cc9fb6bc","away","TSV 1896 Rintheim","TSV Milbertshofen",12,15,FALSE,3,NA,NA,0,0,0,NA,0,0,0,0,0,0,NA,NA,NA,NA,NA,NA,NA,NA,0,0,0,0,NA,NA,NA,NA,NA
"Žarko Olujić","b1ebb098-3955-11ef-ab01-a36230ada079",NA,NA,1975,"10/5/1975","41632ea9-3960-11ef-903a-2906cc9fb6bc","away","TSV 1896 Rintheim","TSV Milbertshofen",12,15,FALSE,0,NA,NA,0,0,0,NA,0,0,0,0,0,0,NA,NA,NA,NA,NA,NA,NA,NA,0,0,0,0,NA,NA,NA,NA,NA
"Hans-Dieter Schmitz","51093bea-3955-11ef-bc25-6d38c0425bc0",NA,NA,1975,"10/11/1975","2a9a560f-3960-11ef-a885-2906cc9fb6bc","home","OSC 04 Rheinhausen","VfL Gummersbach",17,25,FALSE,5,NA,NA,0,0,2,NA,0,0,0,0,0,0,NA,NA,NA,NA,NA,NA,NA,NA,0,0,0,0,NA,NA,NA,NA,NA
"Gerd Rosendahl","7501cfa1-3955-11ef-95a2-51fdf2a82730",NA,NA,1975,"10/11/1975","2a9a560f-3960-11ef-a885-2906cc9fb6bc","home","OSC 04 Rheinhausen","VfL Gummersbach",17,25,FALSE,1,NA,NA,0,0,0,NA,0,0,0,0,0,0,NA,NA,NA,NA,NA,NA,NA,NA,0,0,0,0,NA,NA,NA,NA,NA
"Harry Keller","7e4b9df1-3955-11ef-80fd-b908c60af10a",NA,NA,1975,"10/11/1975","2a9a560f-3960-11ef-a885-2906cc9fb6bc","home","OSC 04 Rheinhausen","VfL Gummersbach",17,25,FALSE,0,NA,NA,0,0,0,NA,0,0,0,0,0,0,NA,NA,NA,NA,NA,NA,NA,NA,0,0,0,0,NA,NA,NA,NA,NA
"Uwe Laaser","8157221e-3955-11ef-a944-b908c60af10a",NA,NA,1975,"10/11/1975","2a9a560f-3960-11ef-a885-2906cc9fb6bc","home","OSC 04 Rheinhausen","VfL Gummersbach",17,25,FALSE,1,NA,NA,0,0,0,NA,0,0,0,0,0,0,NA,NA,NA,NA,NA,NA,NA,NA,0,0,0,0,NA,NA,NA,NA,NA
"Jadranko Demirović","a1caaba8-3955-11ef-8081-2510cc07ea6e",NA,NA,1975,"10/11/1975","2a9a560f-3960-11ef-a885-2906cc9fb6bc","home","OSC 04 Rheinhausen","VfL Gummersbach",17,25,FALSE,5,NA,NA,0,0,3,NA,0,0,0,0,0,0,NA,NA,NA,NA,NA,NA,NA,NA,0,0,0,0,NA,NA,NA,NA,NA
"Jürgen Pflugbeil","a4aebf56-3955-11ef-99e3-2510cc07ea6e",NA,NA,1975,"10/11/1975","2a9a560f-3960-11ef-a885-2906cc9fb6bc","home","OSC 04 Rheinhausen","VfL Gummersbach",17,25,FALSE,0,NA,NA,0,0,0,NA,0,0,0,0,0,0,NA,NA,NA,NA,NA,NA,NA,NA,0,0,0,0,NA,NA,NA,NA,NA
"Norbert Meister","a610e086-3955-11ef-bf85-2510cc07ea6e",NA,NA,1975,"10/11/1975","2a9a560f-3960-11ef-a885-2906cc9fb6bc","home","OSC 04 Rheinhausen","VfL Gummersbach",17,25,FALSE,0,NA,NA,0,0,0,NA,0,0,0,0,0,0,NA,NA,NA,NA,NA,NA,NA,NA,0,0,0,0,NA,NA,NA,NA,NA
"László Seke","a6207218-3955-11ef-9195-2510cc07ea6e",NA,NA,1975,"10/11/1975","2a9a560f-3960-11ef-a885-2906cc9fb6bc","home","OSC 04 Rheinhausen","VfL Gummersbach",17,25,FALSE,1,NA,NA,0,0,0,NA,0,0,0,0,0,0,NA,NA,NA,NA,NA,NA,NA,NA,0,0,0,0,NA,NA,NA,NA,NA
"Dieter Hünten","a62700be-3955-11ef-a847-2510cc07ea6e",NA,NA,1975,"10/11/1975","2a9a560f-3960-11ef-a885-2906cc9fb6bc","home","OSC 04 Rheinhausen","VfL Gummersbach",17,25,FALSE,0,NA,NA,0,0,0,NA,0,0,0,0,0,0,NA,NA,NA,NA,NA,NA,NA,NA,0,0,0,0,NA,NA,NA,NA,NA
"Reinhard Loepke","a62c2666-3955-11ef-a64b-2510cc07ea6e",NA,NA,1975,"10/11/1975","2a9a560f-3960-11ef-a885-2906cc9fb6bc","home","OSC 04 Rheinhausen","VfL Gummersbach",17,25,FALSE,0,NA,NA,0,0,0,NA,0,0,0,0,0,0,NA,NA,NA,NA,NA,NA,NA,NA,0,0,0,0,NA,NA,NA,NA,NA
"Burkhard Nagel","a6312ffa-3955-11ef-9438-2510cc07ea6e",NA,NA,1975,"10/11/1975","2a9a560f-3960-11ef-a885-2906cc9fb6bc","home","OSC 04 Rheinhausen","VfL Gummersbach",17,25,FALSE,4,NA,NA,0,0,0,NA,0,0,0,0,0,0,NA,NA,NA,NA,NA,NA,NA,NA,0,0,0,0,NA,NA,NA,NA,NA
"Werner Konrads","b122c116-3955-11ef-89d0-a36230ada079",NA,NA,1975,"10/11/1975","2a9a560f-3960-11ef-a885-2906cc9fb6bc","home","OSC 04 Rheinhausen","VfL Gummersbach",17,25,FALSE,0,NA,NA,0,0,0,NA,0,0,0,0,0,0,NA,NA,NA,NA,NA,NA,NA,NA,0,0,0,0,NA,NA,NA,NA,NA
"Heiner Brand","44e82d45-3955-11ef-bc71-4fa817cd91bb",NA,NA,1975,"10/11/1975","2a9a560f-3960-11ef-a885-2906cc9fb6bc","away","VfL Gummersbach","OSC 04 Rheinhausen",25,17,TRUE,2,NA,NA,0,0,0,NA,0,0,0,0,0,0,NA,NA,NA,NA,NA,NA,NA,NA,0,0,0,0,NA,NA,NA,NA,NA
"Reiner Schumacher","8aac0482-3955-11ef-9f92-81dc40648355",NA,NA,1975,"10/11/1975","2a9a560f-3960-11ef-a885-2906cc9fb6bc","away","VfL Gummersbach","OSC 04 Rheinhausen",25,17,TRUE,0,NA,NA,0,0,0,NA,0,0,0,0,0,0,NA,NA,NA,NA,NA,NA,NA,NA,0,0,0,0,NA,NA,NA,NA,NA
"Klaus Westebbe","8c58f63a-3955-11ef-b65e-81dc40648355",NA,NA,1975,"10/11/1975","2a9a560f-3960-11ef-a885-2906cc9fb6bc","away","VfL Gummersbach","OSC 04 Rheinhausen",25,17,TRUE,6,NA,NA,0,0,0,NA,0,0,0,0,0,0,NA,NA,NA,NA,NA,NA,NA,NA,0,0,0,0,NA,NA,NA,NA,NA
"Klaus Kater","8da1f6ef-3955-11ef-b31a-81dc40648355",NA,NA,1975,"10/11/1975","2a9a560f-3960-11ef-a885-2906cc9fb6bc","away","VfL Gummersbach","OSC 04 Rheinhausen",25,17,TRUE,0,NA,NA,0,0,0,NA,0,0,0,0,0,0,NA,NA,NA,NA,NA,NA,NA,NA,0,0,0,0,NA,NA,NA,NA,NA
"Klaus Schlagheck","97a06613-3955-11ef-8056-292be3190b7b",NA,NA,1975,"10/11/1975","2a9a560f-3960-11ef-a885-2906cc9fb6bc","away","VfL Gummersbach","OSC 04 Rheinhausen",25,17,TRUE,1,NA,NA,0,0,0,NA,0,0,0,0,0,0,NA,NA,NA,NA,NA,NA,NA,NA,0,0,0,0,NA,NA,NA,NA,NA
"Joachim Deckarm","9976945f-3955-11ef-afc4-292be3190b7b",NA,NA,1975,"10/11/1975","2a9a560f-3960-11ef-a885-2906cc9fb6bc","away","VfL Gummersbach","OSC 04 Rheinhausen",25,17,TRUE,3,NA,NA,0,0,1,NA,0,0,0,0,0,0,NA,NA,NA,NA,NA,NA,NA,NA,0,0,0,0,NA,NA,NA,NA,NA
"Jochen Feldhoff","a32751a5-3955-11ef-badf-2510cc07ea6e",NA,NA,1975,"10/11/1975","2a9a560f-3960-11ef-a885-2906cc9fb6bc","away","VfL Gummersbach","OSC 04 Rheinhausen",25,17,TRUE,2,NA,NA,0,0,0,NA,0,0,0,0,0,0,NA,NA,NA,NA,NA,NA,NA,NA,0,0,0,0,NA,NA,NA,NA,NA
"Manfred Glodde","a32e0a86-3955-11ef-9caa-2510cc07ea6e",NA,NA,1975,"10/11/1975","2a9a560f-3960-11ef-a885-2906cc9fb6bc","away","VfL Gummersbach","OSC 04 Rheinhausen",25,17,TRUE,1,NA,NA,0,0,0,NA,0,0,0,0,0,0,NA,NA,NA,NA,NA,NA,NA,NA,0,0,0,0,NA,NA,NA,NA,NA
"Joachim Henkels","a3386008-3955-11ef-810a-2510cc07ea6e",NA,NA,1975,"10/11/1975","2a9a560f-3960-11ef-a885-2906cc9fb6bc","away","VfL Gummersbach","OSC 04 Rheinhausen",25,17,TRUE,1,NA,NA,0,0,0,NA,0,0,0,0,0,0,NA,NA,NA,NA,NA,NA,NA,NA,0,0,0,0,NA,NA,NA,NA,NA
"Werner Lettgen","ae263c3c-3955-11ef-96f7-a36230ada079",NA,NA,1975,"10/11/1975","2a9a560f-3960-11ef-a885-2906cc9fb6bc","away","VfL Gummersbach","OSC 04 Rheinhausen",25,17,TRUE,0,NA,NA,0,0,0,NA,0,0,0,0,0,0,NA,NA,NA,NA,NA,NA,NA,NA,0,0,0,0,NA,NA,NA,NA,NA
"Rolf Kaldekerken v.d.","afebb9d0-3955-11ef-ab09-a36230ada079",NA,NA,1975,"10/11/1975","2a9a560f-3960-11ef-a885-2906cc9fb6bc","away","VfL Gummersbach","OSC 04 Rheinhausen",25,17,TRUE,0,NA,NA,0,0,0,NA,0,0,0,0,0,0,NA,NA,NA,NA,NA,NA,NA,NA,0,0,0,0,NA,NA,NA,NA,NA
"Hans-Günther Schmidt","aff5702f-3955-11ef-9878-a36230ada079",NA,NA,1975,"10/11/1975","2a9a560f-3960-11ef-a885-2906cc9fb6bc","away","VfL Gummersbach","OSC 04 Rheinhausen",25,17,TRUE,9,NA,NA,0,0,2,NA,0,0,0,0,0,0,NA,NA,NA,NA,NA,NA,NA,NA,0,0,0,0,NA,NA,NA,NA,NA
"Klaus-Peter Alwardt","800d39da-3955-11ef-bf47-b908c60af10a",NA,NA,1975,"10/11/1975","31c33bd4-3960-11ef-9c9b-2906cc9fb6bc","home","VfL Lübeck-Schwartau","GWD Minden",17,17,FALSE,1,NA,NA,0,0,0,NA,0,0,0,0,0,0,NA,NA,NA,NA,NA,NA,NA,NA,0,0,0,0,NA,NA,NA,NA,NA
"Michael Dogs","b0cecb4a-3955-11ef-b665-a36230ada079",NA,NA,1975,"10/11/1975","31c33bd4-3960-11ef-9c9b-2906cc9fb6bc","home","VfL Lübeck-Schwartau","GWD Minden",17,17,FALSE,0,NA,NA,0,0,0,NA,0,0,0,0,0,0,NA,NA,NA,NA,NA,NA,NA,NA,0,0,0,0,NA,NA,NA,NA,NA
"Claus Gramkow","b0d7d6e6-3955-11ef-bb1c-a36230ada079",NA,NA,1975,"10/11/1975","31c33bd4-3960-11ef-9c9b-2906cc9fb6bc","home","VfL Lübeck-Schwartau","GWD Minden",17,17,FALSE,1,NA,NA,0,0,0,NA,0,0,0,0,0,0,NA,NA,NA,NA,NA,NA,NA,NA,0,0,0,0,NA,NA,NA,NA,NA
"Joachim Römer","b0dcb8e7-3955-11ef-83ab-a36230ada079",NA,NA,1975,"10/11/1975","31c33bd4-3960-11ef-9c9b-2906cc9fb6bc","home","VfL Lübeck-Schwartau","GWD Minden",17,17,FALSE,0,NA,NA,0,0,0,NA,0,0,0,0,0,0,NA,NA,NA,NA,NA,NA,NA,NA,0,0,0,0,NA,NA,NA,NA,NA
"Peter Görtz","b0e9ae8f-3955-11ef-aa48-a36230ada079",NA,NA,1975,"10/11/1975","31c33bd4-3960-11ef-9c9b-2906cc9fb6bc","home","VfL Lübeck-Schwartau","GWD Minden",17,17,FALSE,4,NA,NA,0,0,1,NA,0,0,0,0,0,0,NA,NA,NA,NA,NA,NA,NA,NA,0,0,0,0,NA,NA,NA,NA,NA
"Vladimir Torlaković","b0ede919-3955-11ef-a919-a36230ada079",NA,NA,1975,"10/11/1975","31c33bd4-3960-11ef-9c9b-2906cc9fb6bc","home","VfL Lübeck-Schwartau","GWD Minden",17,17,FALSE,1,NA,NA,0,0,0,NA,0,0,0,0,0,0,NA,NA,NA,NA,NA,NA,NA,NA,0,0,0,0,NA,NA,NA,NA,NA
"Ulrich Kleinstoll","b0f37438-3955-11ef-84e6-a36230ada079",NA,NA,1975,"10/11/1975","31c33bd4-3960-11ef-9c9b-2906cc9fb6bc","home","VfL Lübeck-Schwartau","GWD Minden",17,17,FALSE,0,NA,NA,0,0,0,NA,0,0,0,0,0,0,NA,NA,NA,NA,NA,NA,NA,NA,0,0,0,0,NA,NA,NA,NA,NA
"Thomas Kluth","b0f877c0-3955-11ef-a314-a36230ada079",NA,NA,1975,"10/11/1975","31c33bd4-3960-11ef-9c9b-2906cc9fb6bc","home","VfL Lübeck-Schwartau","GWD Minden",17,17,FALSE,4,NA,NA,0,0,0,NA,0,0,0,0,0,0,NA,NA,NA,NA,NA,NA,NA,NA,0,0,0,0,NA,NA,NA,NA,NA
"Karl Weiß","b106c2d8-3955-11ef-9358-a36230ada079",NA,NA,1975,"10/11/1975","31c33bd4-3960-11ef-9c9b-2906cc9fb6bc","home","VfL Lübeck-Schwartau","GWD Minden",17,17,FALSE,2,NA,NA,0,0,0,NA,0,0,0,0,0,0,NA,NA,NA,NA,NA,NA,NA,NA,0,0,0,0,NA,NA,NA,NA,NA
"Siegfried Berg","b10d3ec3-3955-11ef-8a30-a36230ada079",NA,NA,1975,"10/11/1975","31c33bd4-3960-11ef-9c9b-2906cc9fb6bc","home","VfL Lübeck-Schwartau","GWD Minden",17,17,FALSE,4,NA,NA,0,0,3,NA,0,0,0,0,0,0,NA,NA,NA,NA,NA,NA,NA,NA,0,0,0,0,NA,NA,NA,NA,NA
"Rainer Niemeyer","5008ccec-3955-11ef-9f62-6d38c0425bc0",NA,NA,1975,"10/11/1975","31c33bd4-3960-11ef-9c9b-2906cc9fb6bc","away","GWD Minden","VfL Lübeck-Schwartau",17,17,FALSE,0,NA,NA,0,0,0,NA,0,0,0,0,0,0,NA,NA,NA,NA,NA,NA,NA,NA,0,0,0,0,NA,NA,NA,NA,NA
"Hans-Jürgen Grund","81694a24-3955-11ef-9a97-b908c60af10a",NA,NA,1975,"10/11/1975","31c33bd4-3960-11ef-9c9b-2906cc9fb6bc","away","GWD Minden","VfL Lübeck-Schwartau",17,17,FALSE,1,NA,NA,0,0,0,NA,0,0,0,0,0,0,NA,NA,NA,NA,NA,NA,NA,NA,0,0,0,0,NA,NA,NA,NA,NA
"Axel Axelsson","8b29429f-3955-11ef-baf9-81dc40648355",NA,NA,1975,"10/11/1975","31c33bd4-3960-11ef-9c9b-2906cc9fb6bc","away","GWD Minden","VfL Lübeck-Schwartau",17,17,FALSE,0,NA,NA,0,0,0,NA,0,0,0,0,0,0,NA,NA,NA,NA,NA,NA,NA,NA,0,0,0,0,NA,NA,NA,NA,NA
"Dieter Waltke","8bbe1a37-3955-11ef-a8ff-81dc40648355",NA,NA,1975,"10/11/1975","31c33bd4-3960-11ef-9c9b-2906cc9fb6bc","away","GWD Minden","VfL Lübeck-Schwartau",17,17,FALSE,3,NA,NA,0,0,1,NA,0,0,0,0,0,0,NA,NA,NA,NA,NA,NA,NA,NA,0,0,0,0,NA,NA,NA,NA,NA
"Bernhard Busch","8dc9280f-3955-11ef-80e2-81dc40648355",NA,NA,1975,"10/11/1975","31c33bd4-3960-11ef-9c9b-2906cc9fb6bc","away","GWD Minden","VfL Lübeck-Schwartau",17,17,FALSE,4,NA,NA,0,0,1,NA,0,0,0,0,0,0,NA,NA,NA,NA,NA,NA,NA,NA,0,0,0,0,NA,NA,NA,NA,NA
"Gerd Becker","96f1e245-3955-11ef-80bc-292be3190b7b",NA,NA,1975,"10/11/1975","31c33bd4-3960-11ef-9c9b-2906cc9fb6bc","away","GWD Minden","VfL Lübeck-Schwartau",17,17,FALSE,0,NA,NA,0,0,0,NA,0,0,0,0,0,0,NA,NA,NA,NA,NA,NA,NA,NA,0,0,0,0,NA,NA,NA,NA,NA
"Walter von Oepen","97f2373d-3955-11ef-82ae-292be3190b7b",NA,NA,1975,"10/11/1975","31c33bd4-3960-11ef-9c9b-2906cc9fb6bc","away","GWD Minden","VfL Lübeck-Schwartau",17,17,FALSE,0,NA,NA,0,0,0,NA,0,0,0,0,0,0,NA,NA,NA,NA,NA,NA,NA,NA,0,0,0,0,NA,NA,NA,NA,NA
"Martin Karcher","980f80ce-3955-11ef-8054-292be3190b7b",NA,NA,1975,"10/11/1975","31c33bd4-3960-11ef-9c9b-2906cc9fb6bc","away","GWD Minden","VfL Lübeck-Schwartau",17,17,FALSE,0,NA,NA,0,0,0,NA,0,0,0,0,0,0,NA,NA,NA,NA,NA,NA,NA,NA,0,0,0,0,NA,NA,NA,NA,NA
"Gerhard Buddenbohm","98e2ecac-3955-11ef-b2de-292be3190b7b",NA,NA,1975,"10/11/1975","31c33bd4-3960-11ef-9c9b-2906cc9fb6bc","away","GWD Minden","VfL Lübeck-Schwartau",17,17,FALSE,0,NA,NA,0,0,0,NA,0,0,0,0,0,0,NA,NA,NA,NA,NA,NA,NA,NA,0,0,0,0,NA,NA,NA,NA,NA
"Ólafur Hlöðver Jónsson","98eb7177-3955-11ef-9bda-292be3190b7b",NA,NA,1975,"10/11/1975","31c33bd4-3960-11ef-9c9b-2906cc9fb6bc","away","GWD Minden","VfL Lübeck-Schwartau",17,17,FALSE,5,NA,NA,0,0,0,NA,0,0,0,0,0,0,NA,NA,NA,NA,NA,NA,NA,NA,0,0,0,0,NA,NA,NA,NA,NA
"Hans Kramer","98f50290-3955-11ef-8aa8-292be3190b7b",NA,NA,1975,"10/11/1975","31c33bd4-3960-11ef-9c9b-2906cc9fb6bc","away","GWD Minden","VfL Lübeck-Schwartau",17,17,FALSE,4,NA,NA,0,0,0,NA,0,0,0,0,0,0,NA,NA,NA,NA,NA,NA,NA,NA,0,0,0,0,NA,NA,NA,NA,NA
"Holger Oertel","685d8d1c-3955-11ef-86af-292be3190b7b",NA,NA,1975,"10/11/1975","345c5d0f-3960-11ef-8411-2906cc9fb6bc","home","THW Kiel","TuS 05 Wellinghofen",12,16,FALSE,0,NA,NA,0,0,0,NA,0,0,0,0,0,0,NA,NA,NA,NA,NA,NA,NA,NA,0,0,0,0,NA,NA,NA,NA,NA
"Roland Hänsch","981d8549-3955-11ef-a2ca-292be3190b7b",NA,NA,1975,"10/11/1975","345c5d0f-3960-11ef-8411-2906cc9fb6bc","home","THW Kiel","TuS 05 Wellinghofen",12,16,FALSE,0,NA,NA,0,0,0,NA,0,0,0,0,0,0,NA,NA,NA,NA,NA,NA,NA,NA,0,0,0,0,NA,NA,NA,NA,NA
"Gerd Welz","98273a90-3955-11ef-a3a2-292be3190b7b",NA,NA,1975,"10/11/1975","345c5d0f-3960-11ef-8411-2906cc9fb6bc","home","THW Kiel","TuS 05 Wellinghofen",12,16,FALSE,4,NA,NA,0,0,1,NA,0,0,0,0,0,0,NA,NA,NA,NA,NA,NA,NA,NA,0,0,0,0,NA,NA,NA,NA,NA
"Hans-Lothar Bock","9991bda0-3955-11ef-a6c6-292be3190b7b",NA,NA,1975,"10/11/1975","345c5d0f-3960-11ef-8411-2906cc9fb6bc","home","THW Kiel","TuS 05 Wellinghofen",12,16,FALSE,1,NA,NA,0,0,1,NA,0,0,0,0,0,0,NA,NA,NA,NA,NA,NA,NA,NA,0,0,0,0,NA,NA,NA,NA,NA
"Dieter Krause","99996b47-3955-11ef-a9c9-292be3190b7b",NA,NA,1975,"10/11/1975","345c5d0f-3960-11ef-8411-2906cc9fb6bc","home","THW Kiel","TuS 05 Wellinghofen",12,16,FALSE,4,NA,NA,0,0,0,NA,0,0,0,0,0,0,NA,NA,NA,NA,NA,NA,NA,NA,0,0,0,0,NA,NA,NA,NA,NA
"Wolfgang Stolz","999eb14b-3955-11ef-bbce-292be3190b7b",NA,NA,1975,"10/11/1975","345c5d0f-3960-11ef-8411-2906cc9fb6bc","home","THW Kiel","TuS 05 Wellinghofen",12,16,FALSE,1,NA,NA,0,0,0,NA,0,0,0,0,0,0,NA,NA,NA,NA,NA,NA,NA,NA,0,0,0,0,NA,NA,NA,NA,NA
"Ingo Voß","ae396fa6-3955-11ef-acb0-a36230ada079",NA,NA,1975,"10/11/1975","345c5d0f-3960-11ef-8411-2906cc9fb6bc","home","THW Kiel","TuS 05 Wellinghofen",12,16,FALSE,0,NA,NA,0,0,0,NA,0,0,0,0,0,0,NA,NA,NA,NA,NA,NA,NA,NA,0,0,0,0,NA,NA,NA,NA,NA
"Ingo Schütz","ae3ef1e3-3955-11ef-8b16-a36230ada079",NA,NA,1975,"10/11/1975","345c5d0f-3960-11ef-8411-2906cc9fb6bc","home","THW Kiel","TuS 05 Wellinghofen",12,16,FALSE,0,NA,NA,0,0,0,NA,0,0,0,0,0,0,NA,NA,NA,NA,NA,NA,NA,NA,0,0,0,0,NA,NA,NA,NA,NA
"Frank Requate","ae434759-3955-11ef-8758-a36230ada079",NA,NA,1975,"10/11/1975","345c5d0f-3960-11ef-8411-2906cc9fb6bc","home","THW Kiel","TuS 05 Wellinghofen",12,16,FALSE,0,NA,NA,0,0,0,NA,0,0,0,0,0,0,NA,NA,NA,NA,NA,NA,NA,NA,0,0,0,0,NA,NA,NA,NA,NA
"Bernd Nielsen","b1480d2c-3955-11ef-8563-a36230ada079",NA,NA,1975,"10/11/1975","345c5d0f-3960-11ef-8411-2906cc9fb6bc","home","THW Kiel","TuS 05 Wellinghofen",12,16,FALSE,1,NA,NA,0,0,0,NA,0,0,0,0,0,0,NA,NA,NA,NA,NA,NA,NA,NA,0,0,0,0,NA,NA,NA,NA,NA
"Hartwig Moll","b14ce7d8-3955-11ef-8cb5-a36230ada079",NA,NA,1975,"10/11/1975","345c5d0f-3960-11ef-8411-2906cc9fb6bc","home","THW Kiel","TuS 05 Wellinghofen",12,16,FALSE,1,NA,NA,0,0,0,NA,0,0,0,0,0,0,NA,NA,NA,NA,NA,NA,NA,NA,0,0,0,0,NA,NA,NA,NA,NA
"Rudolf Rauer","6829713f-3955-11ef-9d88-292be3190b7b",NA,NA,1975,"10/11/1975","345c5d0f-3960-11ef-8411-2906cc9fb6bc","away","TuS 05 Wellinghofen","THW Kiel",16,12,TRUE,0,NA,NA,0,0,0,NA,0,0,0,0,0,0,NA,NA,NA,NA,NA,NA,NA,NA,0,0,0,0,NA,NA,NA,NA,NA
"Hans-Peter Neuhaus","8d9d3887-3955-11ef-80a3-81dc40648355",NA,NA,1975,"10/11/1975","345c5d0f-3960-11ef-8411-2906cc9fb6bc","away","TuS 05 Wellinghofen","THW Kiel",16,12,TRUE,2,NA,NA,0,0,0,NA,0,0,0,0,0,0,NA,NA,NA,NA,NA,NA,NA,NA,0,0,0,0,NA,NA,NA,NA,NA
"Klaus Erwe","a4f54a19-3955-11ef-b48a-2510cc07ea6e",NA,NA,1975,"10/11/1975","345c5d0f-3960-11ef-8411-2906cc9fb6bc","away","TuS 05 Wellinghofen","THW Kiel",16,12,TRUE,2,NA,NA,0,0,0,NA,0,0,0,0,0,0,NA,NA,NA,NA,NA,NA,NA,NA,0,0,0,0,NA,NA,NA,NA,NA
"Frank Haardt","a4fb1cad-3955-11ef-bd99-2510cc07ea6e",NA,NA,1975,"10/11/1975","345c5d0f-3960-11ef-8411-2906cc9fb6bc","away","TuS 05 Wellinghofen","THW Kiel",16,12,TRUE,1,NA,NA,0,0,0,NA,0,0,0,0,0,0,NA,NA,NA,NA,NA,NA,NA,NA,0,0,0,0,NA,NA,NA,NA,NA
"Wilfried Rettig","a517a588-3955-11ef-a8d7-2510cc07ea6e",NA,NA,1975,"10/11/1975","345c5d0f-3960-11ef-8411-2906cc9fb6bc","away","TuS 05 Wellinghofen","THW Kiel",16,12,TRUE,0,NA,NA,0,0,0,NA,0,0,0,0,0,0,NA,NA,NA,NA,NA,NA,NA,NA,0,0,0,0,NA,NA,NA,NA,NA
"Winfried Gabel","a521dedb-3955-11ef-a3bd-2510cc07ea6e",NA,NA,1975,"10/11/1975","345c5d0f-3960-11ef-8411-2906cc9fb6bc","away","TuS 05 Wellinghofen","THW Kiel",16,12,TRUE,3,NA,NA,0,0,0,NA,0,0,0,0,0,0,NA,NA,NA,NA,NA,NA,NA,NA,0,0,0,0,NA,NA,NA,NA,NA
"Klaus Happe","a527494a-3955-11ef-a4fa-2510cc07ea6e",NA,NA,1975,"10/11/1975","345c5d0f-3960-11ef-8411-2906cc9fb6bc","away","TuS 05 Wellinghofen","THW Kiel",16,12,TRUE,1,NA,NA,0,0,0,NA,0,0,0,0,0,0,NA,NA,NA,NA,NA,NA,NA,NA,0,0,0,0,NA,NA,NA,NA,NA
"Burkhard Gröning","a52c6e4f-3955-11ef-a576-2510cc07ea6e",NA,NA,1975,"10/11/1975","345c5d0f-3960-11ef-8411-2906cc9fb6bc","away","TuS 05 Wellinghofen","THW Kiel",16,12,TRUE,5,NA,NA,0,0,0,NA,0,0,0,0,0,0,NA,NA,NA,NA,NA,NA,NA,NA,0,0,0,0,NA,NA,NA,NA,NA
"Klaus Tiews","a531838f-3955-11ef-8e99-2510cc07ea6e",NA,NA,1975,"10/11/1975","345c5d0f-3960-11ef-8411-2906cc9fb6bc","away","TuS 05 Wellinghofen","THW Kiel",16,12,TRUE,0,NA,NA,0,0,0,NA,0,0,0,0,0,0,NA,NA,NA,NA,NA,NA,NA,NA,0,0,0,0,NA,NA,NA,NA,NA
"Ulrich Staege","b05c5beb-3955-11ef-a7d6-a36230ada079",NA,NA,1975,"10/11/1975","345c5d0f-3960-11ef-8411-2906cc9fb6bc","away","TuS 05 Wellinghofen","THW Kiel",16,12,TRUE,2,NA,NA,0,0,0,NA,0,0,0,0,0,0,NA,NA,NA,NA,NA,NA,NA,NA,0,0,0,0,NA,NA,NA,NA,NA
"Herbert Rogge","b06614d7-3955-11ef-a43b-a36230ada079",NA,NA,1975,"10/11/1975","345c5d0f-3960-11ef-8411-2906cc9fb6bc","away","TuS 05 Wellinghofen","THW Kiel",16,12,TRUE,0,NA,NA,0,0,0,NA,0,0,0,0,0,0,NA,NA,NA,NA,NA,NA,NA,NA,0,0,0,0,NA,NA,NA,NA,NA
"Walter Don","73f54ad3-3955-11ef-b2c6-51fdf2a82730",NA,NA,1975,"10/11/1975","37a6ab75-3960-11ef-8523-2906cc9fb6bc","home","TV 05/07 Hüttenberg","TV Großwallstadt",16,15,TRUE,4,NA,NA,0,0,2,NA,0,0,0,0,0,0,NA,NA,NA,NA,NA,NA,NA,NA,0,0,0,0,NA,NA,NA,NA,NA
"Harald Ohly","8048d89d-3955-11ef-a214-b908c60af10a",NA,NA,1975,"10/11/1975","37a6ab75-3960-11ef-8523-2906cc9fb6bc","home","TV 05/07 Hüttenberg","TV Großwallstadt",16,15,TRUE,2,NA,NA,0,0,0,NA,0,0,0,0,0,0,NA,NA,NA,NA,NA,NA,NA,NA,0,0,0,0,NA,NA,NA,NA,NA
"Hans-Jürgen Völpel","80753eec-3955-11ef-bd2e-b908c60af10a",NA,NA,1975,"10/11/1975","37a6ab75-3960-11ef-8523-2906cc9fb6bc","home","TV 05/07 Hüttenberg","TV Großwallstadt",16,15,TRUE,0,NA,NA,0,0,0,NA,0,0,0,0,0,0,NA,NA,NA,NA,NA,NA,NA,NA,0,0,0,0,NA,NA,NA,NA,NA
"Siegfried Weber","807d098c-3955-11ef-8827-b908c60af10a",NA,NA,1975,"10/11/1975","37a6ab75-3960-11ef-8523-2906cc9fb6bc","home","TV 05/07 Hüttenberg","TV Großwallstadt",16,15,TRUE,3,NA,NA,0,0,0,NA,0,0,0,0,0,0,NA,NA,NA,NA,NA,NA,NA,NA,0,0,0,0,NA,NA,NA,NA,NA
"Horst Spengler","80adf446-3955-11ef-a1e6-b908c60af10a",NA,NA,1975,"10/11/1975","37a6ab75-3960-11ef-8523-2906cc9fb6bc","home","TV 05/07 Hüttenberg","TV Großwallstadt",16,15,TRUE,3,NA,NA,0,0,0,NA,0,0,0,0,0,0,NA,NA,NA,NA,NA,NA,NA,NA,0,0,0,0,NA,NA,NA,NA,NA
"Klaus Meineke","8d0eefb2-3955-11ef-a068-81dc40648355",NA,NA,1975,"10/11/1975","37a6ab75-3960-11ef-8523-2906cc9fb6bc","home","TV 05/07 Hüttenberg","TV Großwallstadt",16,15,TRUE,3,NA,NA,0,0,0,NA,0,0,0,0,0,0,NA,NA,NA,NA,NA,NA,NA,NA,0,0,0,0,NA,NA,NA,NA,NA
"Roland Stoy","96890f7d-3955-11ef-939e-292be3190b7b",NA,NA,1975,"10/11/1975","37a6ab75-3960-11ef-8523-2906cc9fb6bc","home","TV 05/07 Hüttenberg","TV Großwallstadt",16,15,TRUE,0,NA,NA,0,0,0,NA,0,0,0,0,0,0,NA,NA,NA,NA,NA,NA,NA,NA,0,0,0,0,NA,NA,NA,NA,NA
"Norbert Bach","a3be6ba6-3955-11ef-9511-2510cc07ea6e",NA,NA,1975,"10/11/1975","37a6ab75-3960-11ef-8523-2906cc9fb6bc","home","TV 05/07 Hüttenberg","TV Großwallstadt",16,15,TRUE,0,NA,NA,0,0,0,NA,0,0,0,0,0,0,NA,NA,NA,NA,NA,NA,NA,NA,0,0,0,0,NA,NA,NA,NA,NA
"Stefan Schicketanz","a3d099d4-3955-11ef-90b6-2510cc07ea6e",NA,NA,1975,"10/11/1975","37a6ab75-3960-11ef-8523-2906cc9fb6bc","home","TV 05/07 Hüttenberg","TV Großwallstadt",16,15,TRUE,1,NA,NA,0,0,0,NA,0,0,0,0,0,0,NA,NA,NA,NA,NA,NA,NA,NA,0,0,0,0,NA,NA,NA,NA,NA
"Hans-Willi Weber","a3f62960-3955-11ef-a9a1-2510cc07ea6e",NA,NA,1975,"10/11/1975","37a6ab75-3960-11ef-8523-2906cc9fb6bc","home","TV 05/07 Hüttenberg","TV Großwallstadt",16,15,TRUE,0,NA,NA,0,0,0,NA,0,0,0,0,0,0,NA,NA,NA,NA,NA,NA,NA,NA,0,0,0,0,NA,NA,NA,NA,NA
"Heinz Müller","b161357b-3955-11ef-a7a9-a36230ada079",NA,NA,1975,"10/11/1975","37a6ab75-3960-11ef-8523-2906cc9fb6bc","home","TV 05/07 Hüttenberg","TV Großwallstadt",16,15,TRUE,0,NA,NA,0,0,0,NA,0,0,0,0,0,0,NA,NA,NA,NA,NA,NA,NA,NA,0,0,0,0,NA,NA,NA,NA,NA
"Kurt Klühspies","5ac3e7d7-3955-11ef-b574-4fa817cd91bb",NA,NA,1975,"10/11/1975","37a6ab75-3960-11ef-8523-2906cc9fb6bc","away","TV Großwallstadt","TV 05/07 Hüttenberg",15,16,FALSE,4,NA,NA,0,0,0,NA,0,0,0,0,0,0,NA,NA,NA,NA,NA,NA,NA,NA,0,0,0,0,NA,NA,NA,NA,NA
"Manfred Hofmann","6855eb0b-3955-11ef-8cb3-292be3190b7b",NA,NA,1975,"10/11/1975","37a6ab75-3960-11ef-8523-2906cc9fb6bc","away","TV Großwallstadt","TV 05/07 Hüttenberg",15,16,FALSE,0,NA,NA,0,0,0,NA,0,0,0,0,0,0,NA,NA,NA,NA,NA,NA,NA,NA,0,0,0,0,NA,NA,NA,NA,NA
"Heinz-Theo Kaus","8086fdf9-3955-11ef-938f-b908c60af10a",NA,NA,1975,"10/11/1975","37a6ab75-3960-11ef-8523-2906cc9fb6bc","away","TV Großwallstadt","TV 05/07 Hüttenberg",15,16,FALSE,0,NA,NA,0,0,0,NA,0,0,0,0,0,0,NA,NA,NA,NA,NA,NA,NA,NA,0,0,0,0,NA,NA,NA,NA,NA
"Thomas Sinsel","8adb8152-3955-11ef-b2de-81dc40648355",NA,NA,1975,"10/11/1975","37a6ab75-3960-11ef-8523-2906cc9fb6bc","away","TV Großwallstadt","TV 05/07 Hüttenberg",15,16,FALSE,3,NA,NA,0,0,0,NA,0,0,0,0,0,0,NA,NA,NA,NA,NA,NA,NA,NA,0,0,0,0,NA,NA,NA,NA,NA
"Manfred Schwarz","96d98e53-3955-11ef-a3c9-292be3190b7b",NA,NA,1975,"10/11/1975","37a6ab75-3960-11ef-8523-2906cc9fb6bc","away","TV Großwallstadt","TV 05/07 Hüttenberg",15,16,FALSE,0,NA,NA,0,0,0,NA,0,0,0,0,0,0,NA,NA,NA,NA,NA,NA,NA,NA,0,0,0,0,NA,NA,NA,NA,NA
"Wolfgang Dümig","978dc3fc-3955-11ef-b042-292be3190b7b",NA,NA,1975,"10/11/1975","37a6ab75-3960-11ef-8523-2906cc9fb6bc","away","TV Großwallstadt","TV 05/07 Hüttenberg",15,16,FALSE,0,NA,NA,0,0,0,NA,0,0,0,0,0,0,NA,NA,NA,NA,NA,NA,NA,NA,0,0,0,0,NA,NA,NA,NA,NA
"Ulrich Schulz","9972a35f-3955-11ef-a06d-292be3190b7b",NA,NA,1975,"10/11/1975","37a6ab75-3960-11ef-8523-2906cc9fb6bc","away","TV Großwallstadt","TV 05/07 Hüttenberg",15,16,FALSE,0,NA,NA,0,0,0,NA,0,0,0,0,0,0,NA,NA,NA,NA,NA,NA,NA,NA,0,0,0,0,NA,NA,NA,NA,NA
"Arno Böckling","a3c38db5-3955-11ef-810f-2510cc07ea6e",NA,NA,1975,"10/11/1975","37a6ab75-3960-11ef-8523-2906cc9fb6bc","away","TV Großwallstadt","TV 05/07 Hüttenberg",15,16,FALSE,4,NA,NA,0,0,3,NA,0,0,0,0,0,0,NA,NA,NA,NA,NA,NA,NA,NA,0,0,0,0,NA,NA,NA,NA,NA
"Eckhardt Suffel","aeac0503-3955-11ef-88c6-a36230ada079",NA,NA,1975,"10/11/1975","37a6ab75-3960-11ef-8523-2906cc9fb6bc","away","TV Großwallstadt","TV 05/07 Hüttenberg",15,16,FALSE,2,NA,NA,0,0,0,NA,0,0,0,0,0,0,NA,NA,NA,NA,NA,NA,NA,NA,0,0,0,0,NA,NA,NA,NA,NA
"Axel Emig","aeb0e35f-3955-11ef-8342-a36230ada079",NA,NA,1975,"10/11/1975","37a6ab75-3960-11ef-8523-2906cc9fb6bc","away","TV Großwallstadt","TV 05/07 Hüttenberg",15,16,FALSE,1,NA,NA,0,0,1,NA,0,0,0,0,0,0,NA,NA,NA,NA,NA,NA,NA,NA,0,0,0,0,NA,NA,NA,NA,NA
"Manfred Meudt","af9be5ed-3955-11ef-a3e3-a36230ada079",NA,NA,1975,"10/11/1975","37a6ab75-3960-11ef-8523-2906cc9fb6bc","away","TV Großwallstadt","TV 05/07 Hüttenberg",15,16,FALSE,1,NA,NA,0,0,0,NA,0,0,0,0,0,0,NA,NA,NA,NA,NA,NA,NA,NA,0,0,0,0,NA,NA,NA,NA,NA
"Norbert Klein","b18179dc-3955-11ef-acc0-a36230ada079",NA,NA,1975,"10/11/1975","37a6ab75-3960-11ef-8523-2906cc9fb6bc","away","TV Großwallstadt","TV 05/07 Hüttenberg",15,16,FALSE,0,NA,NA,0,0,0,NA,0,0,0,0,0,0,NA,NA,NA,NA,NA,NA,NA,NA,0,0,0,0,NA,NA,NA,NA,NA
"Udo Klenk","8deb261a-3955-11ef-90c3-81dc40648355",NA,NA,1975,"10/11/1975","3ec7c2bb-3960-11ef-af28-2906cc9fb6bc","home","S3L Handball","TSV Milbertshofen",16,16,FALSE,3,NA,NA,0,0,0,NA,0,0,0,0,0,0,NA,NA,NA,NA,NA,NA,NA,NA,0,0,0,0,NA,NA,NA,NA,NA
"Manfred Müller","ae54e819-3955-11ef-81e8-a36230ada079",NA,NA,1975,"10/11/1975","3ec7c2bb-3960-11ef-af28-2906cc9fb6bc","home","S3L Handball","TSV Milbertshofen",16,16,FALSE,0,NA,NA,0,0,0,NA,0,0,0,0,0,0,NA,NA,NA,NA,NA,NA,NA,NA,0,0,0,0,NA,NA,NA,NA,NA
"Georg Fitz","ae68320c-3955-11ef-89fa-a36230ada079",NA,NA,1975,"10/11/1975","3ec7c2bb-3960-11ef-af28-2906cc9fb6bc","home","S3L Handball","TSV Milbertshofen",16,16,FALSE,0,NA,NA,0,0,0,NA,0,0,0,0,0,0,NA,NA,NA,NA,NA,NA,NA,NA,0,0,0,0,NA,NA,NA,NA,NA
"Franz Rupp","ae6c7950-3955-11ef-87dd-a36230ada079",NA,NA,1975,"10/11/1975","3ec7c2bb-3960-11ef-af28-2906cc9fb6bc","home","S3L Handball","TSV Milbertshofen",16,16,FALSE,0,NA,NA,0,0,0,NA,0,0,0,0,0,0,NA,NA,NA,NA,NA,NA,NA,NA,0,0,0,0,NA,NA,NA,NA,NA
"Bernd Frühauf","ae71d80f-3955-11ef-a219-a36230ada079",NA,NA,1975,"10/11/1975","3ec7c2bb-3960-11ef-af28-2906cc9fb6bc","home","S3L Handball","TSV Milbertshofen",16,16,FALSE,3,NA,NA,0,0,0,NA,0,0,0,0,0,0,NA,NA,NA,NA,NA,NA,NA,NA,0,0,0,0,NA,NA,NA,NA,NA
"Wolfgang Sättele","ae76c01d-3955-11ef-bfb9-a36230ada079",NA,NA,1975,"10/11/1975","3ec7c2bb-3960-11ef-af28-2906cc9fb6bc","home","S3L Handball","TSV Milbertshofen",16,16,FALSE,3,NA,NA,0,0,0,NA,0,0,0,0,0,0,NA,NA,NA,NA,NA,NA,NA,NA,0,0,0,0,NA,NA,NA,NA,NA
"Joachim Hafemeister","ae7b4523-3955-11ef-b064-a36230ada079",NA,NA,1975,"10/11/1975","3ec7c2bb-3960-11ef-af28-2906cc9fb6bc","home","S3L Handball","TSV Milbertshofen",16,16,FALSE,0,NA,NA,0,0,0,NA,0,0,0,0,0,0,NA,NA,NA,NA,NA,NA,NA,NA,0,0,0,0,NA,NA,NA,NA,NA
"Harald Thiemer","ae803bfb-3955-11ef-9aab-a36230ada079",NA,NA,1975,"10/11/1975","3ec7c2bb-3960-11ef-af28-2906cc9fb6bc","home","S3L Handball","TSV Milbertshofen",16,16,FALSE,0,NA,NA,0,0,0,NA,0,0,0,0,0,0,NA,NA,NA,NA,NA,NA,NA,NA,0,0,0,0,NA,NA,NA,NA,NA
"Jürgen Hahn","ae947745-3955-11ef-bc54-a36230ada079",NA,NA,1975,"10/11/1975","3ec7c2bb-3960-11ef-af28-2906cc9fb6bc","home","S3L Handball","TSV Milbertshofen",16,16,FALSE,4,NA,NA,0,0,1,NA,0,0,0,0,0,0,NA,NA,NA,NA,NA,NA,NA,NA,0,0,0,0,NA,NA,NA,NA,NA
"Franz Götz","aea2eb0e-3955-11ef-b230-a36230ada079",NA,NA,1975,"10/11/1975","3ec7c2bb-3960-11ef-af28-2906cc9fb6bc","home","S3L Handball","TSV Milbertshofen",16,16,FALSE,3,NA,NA,0,0,0,NA,0,0,0,0,0,0,NA,NA,NA,NA,NA,NA,NA,NA,0,0,0,0,NA,NA,NA,NA,NA
"Hansjörg Jäck","b166bd31-3955-11ef-bed1-a36230ada079",NA,NA,1975,"10/11/1975","3ec7c2bb-3960-11ef-af28-2906cc9fb6bc","home","S3L Handball","TSV Milbertshofen",16,16,FALSE,0,NA,NA,0,0,0,NA,0,0,0,0,0,0,NA,NA,NA,NA,NA,NA,NA,NA,0,0,0,0,NA,NA,NA,NA,NA
"Wolfgang Haller","b1738c62-3955-11ef-a0aa-a36230ada079",NA,NA,1975,"10/11/1975","3ec7c2bb-3960-11ef-af28-2906cc9fb6bc","home","S3L Handball","TSV Milbertshofen",16,16,FALSE,0,NA,NA,0,0,0,NA,0,0,0,0,0,0,NA,NA,NA,NA,NA,NA,NA,NA,0,0,0,0,NA,NA,NA,NA,NA
"Willibald Weiß","74414175-3955-11ef-89d0-51fdf2a82730",NA,NA,1975,"10/11/1975","3ec7c2bb-3960-11ef-af28-2906cc9fb6bc","away","TSV Milbertshofen","S3L Handball",16,16,FALSE,0,NA,NA,0,0,0,NA,0,0,0,0,0,0,NA,NA,NA,NA,NA,NA,NA,NA,0,0,0,0,NA,NA,NA,NA,NA
"Wolfgang Sommerfeld","74c0be88-3955-11ef-89fd-51fdf2a82730",NA,NA,1975,"10/11/1975","3ec7c2bb-3960-11ef-af28-2906cc9fb6bc","away","TSV Milbertshofen","S3L Handball",16,16,FALSE,1,NA,NA,0,0,0,NA,0,0,0,0,0,0,NA,NA,NA,NA,NA,NA,NA,NA,0,0,0,0,NA,NA,NA,NA,NA
"Richard Mayr","751d6672-3955-11ef-a322-51fdf2a82730",NA,NA,1975,"10/11/1975","3ec7c2bb-3960-11ef-af28-2906cc9fb6bc","away","TSV Milbertshofen","S3L Handball",16,16,FALSE,0,NA,NA,0,0,0,NA,0,0,0,0,0,0,NA,NA,NA,NA,NA,NA,NA,NA,0,0,0,0,NA,NA,NA,NA,NA
"Jochen Frank","7ee9b472-3955-11ef-ab0f-b908c60af10a",NA,NA,1975,"10/11/1975","3ec7c2bb-3960-11ef-af28-2906cc9fb6bc","away","TSV Milbertshofen","S3L Handball",16,16,FALSE,4,NA,NA,0,0,0,NA,0,0,0,0,0,0,NA,NA,NA,NA,NA,NA,NA,NA,0,0,0,0,NA,NA,NA,NA,NA
"Udo Böbel","80d4ba37-3955-11ef-9d8b-b908c60af10a",NA,NA,1975,"10/11/1975","3ec7c2bb-3960-11ef-af28-2906cc9fb6bc","away","TSV Milbertshofen","S3L Handball",16,16,FALSE,5,NA,NA,0,0,2,NA,0,0,0,0,0,0,NA,NA,NA,NA,NA,NA,NA,NA,0,0,0,0,NA,NA,NA,NA,NA
"Peter Jaschke","8b728782-3955-11ef-8da6-81dc40648355",NA,NA,1975,"10/11/1975","3ec7c2bb-3960-11ef-af28-2906cc9fb6bc","away","TSV Milbertshofen","S3L Handball",16,16,FALSE,0,NA,NA,0,0,0,NA,0,0,0,0,0,0,NA,NA,NA,NA,NA,NA,NA,NA,0,0,0,0,NA,NA,NA,NA,NA
"Werner Winkelmeier","9712104e-3955-11ef-9613-292be3190b7b",NA,NA,1975,"10/11/1975","3ec7c2bb-3960-11ef-af28-2906cc9fb6bc","away","TSV Milbertshofen","S3L Handball",16,16,FALSE,3,NA,NA,0,0,0,NA,0,0,0,0,0,0,NA,NA,NA,NA,NA,NA,NA,NA,0,0,0,0,NA,NA,NA,NA,NA
"Rudolf Dobler","97ac407c-3955-11ef-9ea9-292be3190b7b",NA,NA,1975,"10/11/1975","3ec7c2bb-3960-11ef-af28-2906cc9fb6bc","away","TSV Milbertshofen","S3L Handball",16,16,FALSE,1,NA,NA,0,0,0,NA,0,0,0,0,0,0,NA,NA,NA,NA,NA,NA,NA,NA,0,0,0,0,NA,NA,NA,NA,NA
"Jochen Heyne","b1c06894-3955-11ef-ab50-a36230ada079",NA,NA,1975,"10/11/1975","3ec7c2bb-3960-11ef-af28-2906cc9fb6bc","away","TSV Milbertshofen","S3L Handball",16,16,FALSE,0,NA,NA,0,0,0,NA,0,0,0,0,0,0,NA,NA,NA,NA,NA,NA,NA,NA,0,0,0,0,NA,NA,NA,NA,NA
"Helmut Schelchshorn","b1c960ef-3955-11ef-850b-a36230ada079",NA,NA,1975,"10/11/1975","3ec7c2bb-3960-11ef-af28-2906cc9fb6bc","away","TSV Milbertshofen","S3L Handball",16,16,FALSE,2,NA,NA,0,0,0,NA,0,0,0,0,0,0,NA,NA,NA,NA,NA,NA,NA,NA,0,0,0,0,NA,NA,NA,NA,NA
"Arnulf Dümmel","81093055-3955-11ef-9deb-b908c60af10a",NA,NA,1975,"10/11/1975","4301be92-3960-11ef-8a6a-2906cc9fb6bc","home","FRISCH AUF! Göppingen","TuS Hofweier",22,17,TRUE,0,NA,NA,0,0,0,NA,0,0,0,0,0,0,NA,NA,NA,NA,NA,NA,NA,NA,0,0,0,0,NA,NA,NA,NA,NA
"Armin Emrich","8cdd3680-3955-11ef-a93e-81dc40648355",NA,NA,1975,"10/11/1975","4301be92-3960-11ef-8a6a-2906cc9fb6bc","home","FRISCH AUF! Göppingen","TuS Hofweier",22,17,TRUE,6,NA,NA,0,0,0,NA,0,0,0,0,0,0,NA,NA,NA,NA,NA,NA,NA,NA,0,0,0,0,NA,NA,NA,NA,NA
"Hartmut Bressmer","97fa9b74-3955-11ef-ba4c-292be3190b7b",NA,NA,1975,"10/11/1975","4301be92-3960-11ef-8a6a-2906cc9fb6bc","home","FRISCH AUF! Göppingen","TuS Hofweier",22,17,TRUE,2,NA,NA,0,0,0,NA,0,0,0,0,0,0,NA,NA,NA,NA,NA,NA,NA,NA,0,0,0,0,NA,NA,NA,NA,NA
"Gunnar Einarsson","98473f03-3955-11ef-b6da-292be3190b7b",NA,NA,1975,"10/11/1975","4301be92-3960-11ef-8a6a-2906cc9fb6bc","home","FRISCH AUF! Göppingen","TuS Hofweier",22,17,TRUE,9,NA,NA,0,0,2,NA,0,0,0,0,0,0,NA,NA,NA,NA,NA,NA,NA,NA,0,0,0,0,NA,NA,NA,NA,NA
"Wolfgang Don","a2ff75a5-3955-11ef-a510-2510cc07ea6e",NA,NA,1975,"10/11/1975","4301be92-3960-11ef-8a6a-2906cc9fb6bc","home","FRISCH AUF! Göppingen","TuS Hofweier",22,17,TRUE,1,NA,NA,0,0,0,NA,0,0,0,0,0,0,NA,NA,NA,NA,NA,NA,NA,NA,0,0,0,0,NA,NA,NA,NA,NA
"Werner Fischer","af3a0885-3955-11ef-a884-a36230ada079",NA,NA,1975,"10/11/1975","4301be92-3960-11ef-8a6a-2906cc9fb6bc","home","FRISCH AUF! Göppingen","TuS Hofweier",22,17,TRUE,1,NA,NA,0,0,0,NA,0,0,0,0,0,0,NA,NA,NA,NA,NA,NA,NA,NA,0,0,0,0,NA,NA,NA,NA,NA
"Rolf Hammann","af6ae50b-3955-11ef-a71b-a36230ada079",NA,NA,1975,"10/11/1975","4301be92-3960-11ef-8a6a-2906cc9fb6bc","home","FRISCH AUF! Göppingen","TuS Hofweier",22,17,TRUE,0,NA,NA,0,0,0,NA,0,0,0,0,0,0,NA,NA,NA,NA,NA,NA,NA,NA,0,0,0,0,NA,NA,NA,NA,NA
"Siegmund Seeger","af76d008-3955-11ef-b7c9-a36230ada079",NA,NA,1975,"10/11/1975","4301be92-3960-11ef-8a6a-2906cc9fb6bc","home","FRISCH AUF! Göppingen","TuS Hofweier",22,17,TRUE,2,NA,NA,0,0,0,NA,0,0,0,0,0,0,NA,NA,NA,NA,NA,NA,NA,NA,0,0,0,0,NA,NA,NA,NA,NA
"Detlef Groß","b20edee3-3955-11ef-9e14-a36230ada079",NA,NA,1975,"10/11/1975","4301be92-3960-11ef-8a6a-2906cc9fb6bc","home","FRISCH AUF! Göppingen","TuS Hofweier",22,17,TRUE,0,NA,NA,0,0,0,NA,0,0,0,0,0,0,NA,NA,NA,NA,NA,NA,NA,NA,0,0,0,0,NA,NA,NA,NA,NA
"Günter Schweikardt","d3e60b79-3953-11ef-9e8c-e3f2de03a1b7",NA,NA,1975,"10/11/1975","4301be92-3960-11ef-8a6a-2906cc9fb6bc","home","FRISCH AUF! Göppingen","TuS Hofweier",22,17,TRUE,1,NA,NA,0,0,0,NA,0,0,0,0,0,0,NA,NA,NA,NA,NA,NA,NA,NA,0,0,0,0,NA,NA,NA,NA,NA
"Arno Ehret","39c2c361-3955-11ef-8c9d-bfbfc9e17c09",NA,NA,1975,"10/11/1975","4301be92-3960-11ef-8a6a-2906cc9fb6bc","away","TuS Hofweier","FRISCH AUF! Göppingen",17,22,FALSE,1,NA,NA,0,0,0,NA,0,0,0,0,0,0,NA,NA,NA,NA,NA,NA,NA,NA,0,0,0,0,NA,NA,NA,NA,NA
"Gerd Leibiger","7ed15d40-3955-11ef-a28c-b908c60af10a",NA,NA,1975,"10/11/1975","4301be92-3960-11ef-8a6a-2906cc9fb6bc","away","TuS Hofweier","FRISCH AUF! Göppingen",17,22,FALSE,4,NA,NA,0,0,0,NA,0,0,0,0,0,0,NA,NA,NA,NA,NA,NA,NA,NA,0,0,0,0,NA,NA,NA,NA,NA
"Peter Bucher","8e0071c9-3955-11ef-8ff8-81dc40648355",NA,NA,1975,"10/11/1975","4301be92-3960-11ef-8a6a-2906cc9fb6bc","away","TuS Hofweier","FRISCH AUF! Göppingen",17,22,FALSE,5,NA,NA,0,0,0,NA,0,0,0,0,0,0,NA,NA,NA,NA,NA,NA,NA,NA,0,0,0,0,NA,NA,NA,NA,NA
"Josef Schienle","8e1c1721-3955-11ef-9a54-81dc40648355",NA,NA,1975,"10/11/1975","4301be92-3960-11ef-8a6a-2906cc9fb6bc","away","TuS Hofweier","FRISCH AUF! Göppingen",17,22,FALSE,1,NA,NA,0,0,0,NA,0,0,0,0,0,0,NA,NA,NA,NA,NA,NA,NA,NA,0,0,0,0,NA,NA,NA,NA,NA
"Günter Sinz","a3af1ecc-3955-11ef-bd85-2510cc07ea6e",NA,NA,1975,"10/11/1975","4301be92-3960-11ef-8a6a-2906cc9fb6bc","away","TuS Hofweier","FRISCH AUF! Göppingen",17,22,FALSE,0,NA,NA,0,0,0,NA,0,0,0,0,0,0,NA,NA,NA,NA,NA,NA,NA,NA,0,0,0,0,NA,NA,NA,NA,NA
"Werner Voit","a3b992ef-3955-11ef-84c8-2510cc07ea6e",NA,NA,1975,"10/11/1975","4301be92-3960-11ef-8a6a-2906cc9fb6bc","away","TuS Hofweier","FRISCH AUF! Göppingen",17,22,FALSE,1,NA,NA,0,0,0,NA,0,0,0,0,0,0,NA,NA,NA,NA,NA,NA,NA,NA,0,0,0,0,NA,NA,NA,NA,NA
"Werner Decker","afcae313-3955-11ef-a9cf-a36230ada079",NA,NA,1975,"10/11/1975","4301be92-3960-11ef-8a6a-2906cc9fb6bc","away","TuS Hofweier","FRISCH AUF! Göppingen",17,22,FALSE,0,NA,NA,0,0,0,NA,0,0,0,0,0,0,NA,NA,NA,NA,NA,NA,NA,NA,0,0,0,0,NA,NA,NA,NA,NA
"Wolfgang Bruck","afd5808d-3955-11ef-a3c4-a36230ada079",NA,NA,1975,"10/11/1975","4301be92-3960-11ef-8a6a-2906cc9fb6bc","away","TuS Hofweier","FRISCH AUF! Göppingen",17,22,FALSE,0,NA,NA,0,0,0,NA,0,0,0,0,0,0,NA,NA,NA,NA,NA,NA,NA,NA,0,0,0,0,NA,NA,NA,NA,NA
"Markus Hädrich","ba389acc-3955-11ef-8b9d-ab397f561917",NA,NA,1975,"10/11/1975","4301be92-3960-11ef-8a6a-2906cc9fb6bc","away","TuS Hofweier","FRISCH AUF! Göppingen",17,22,FALSE,2,NA,NA,0,0,0,NA,0,0,0,0,0,0,NA,NA,NA,NA,NA,NA,NA,NA,0,0,0,0,NA,NA,NA,NA,NA
"Peter Pickel","8c973b42-3955-11ef-8c71-81dc40648355",NA,NA,1975,"10/12/1975","32d6ff2a-3960-11ef-b0fb-2906cc9fb6bc","home","Hamburger SV","TuS Derschlag 1881",16,14,TRUE,3,NA,NA,0,0,0,NA,0,0,0,0,0,0,NA,NA,NA,NA,NA,NA,NA,NA,0,0,0,0,NA,NA,NA,NA,NA
"Richard Boczkowski","a1b43836-3955-11ef-934f-2510cc07ea6e",NA,NA,1975,"10/12/1975","32d6ff2a-3960-11ef-b0fb-2906cc9fb6bc","home","Hamburger SV","TuS Derschlag 1881",16,14,TRUE,3,NA,NA,0,0,0,NA,0,0,0,0,0,0,NA,NA,NA,NA,NA,NA,NA,NA,0,0,0,0,NA,NA,NA,NA,NA
"Einar Magnusson","a3805088-3955-11ef-bfa9-2510cc07ea6e",NA,NA,1975,"10/12/1975","32d6ff2a-3960-11ef-b0fb-2906cc9fb6bc","home","Hamburger SV","TuS Derschlag 1881",16,14,TRUE,5,NA,NA,0,0,2,NA,0,0,0,0,0,0,NA,NA,NA,NA,NA,NA,NA,NA,0,0,0,0,NA,NA,NA,NA,NA
"Ralph Mathies","b023b170-3955-11ef-87a6-a36230ada079",NA,NA,1975,"10/12/1975","32d6ff2a-3960-11ef-b0fb-2906cc9fb6bc","home","Hamburger SV","TuS Derschlag 1881",16,14,TRUE,0,NA,NA,0,0,0,NA,0,0,0,0,0,0,NA,NA,NA,NA,NA,NA,NA,NA,0,0,0,0,NA,NA,NA,NA,NA
"Norbert Germer","b03f8101-3955-11ef-8945-a36230ada079",NA,NA,1975,"10/12/1975","32d6ff2a-3960-11ef-b0fb-2906cc9fb6bc","home","Hamburger SV","TuS Derschlag 1881",16,14,TRUE,4,NA,NA,0,0,0,NA,0,0,0,0,0,0,NA,NA,NA,NA,NA,NA,NA,NA,0,0,0,0,NA,NA,NA,NA,NA
"Bernd Eppler","b0442222-3955-11ef-841b-a36230ada079",NA,NA,1975,"10/12/1975","32d6ff2a-3960-11ef-b0fb-2906cc9fb6bc","home","Hamburger SV","TuS Derschlag 1881",16,14,TRUE,0,NA,NA,0,0,0,NA,0,0,0,0,0,0,NA,NA,NA,NA,NA,NA,NA,NA,0,0,0,0,NA,NA,NA,NA,NA
"Uwe Tesloff","b049ae56-3955-11ef-a5f7-a36230ada079",NA,NA,1975,"10/12/1975","32d6ff2a-3960-11ef-b0fb-2906cc9fb6bc","home","Hamburger SV","TuS Derschlag 1881",16,14,TRUE,1,NA,NA,0,0,0,NA,0,0,0,0,0,0,NA,NA,NA,NA,NA,NA,NA,NA,0,0,0,0,NA,NA,NA,NA,NA
"Michael Surmann","b04e41f0-3955-11ef-8320-a36230ada079",NA,NA,1975,"10/12/1975","32d6ff2a-3960-11ef-b0fb-2906cc9fb6bc","home","Hamburger SV","TuS Derschlag 1881",16,14,TRUE,0,NA,NA,0,0,0,NA,0,0,0,0,0,0,NA,NA,NA,NA,NA,NA,NA,NA,0,0,0,0,NA,NA,NA,NA,NA
"Esad Kurtagić","39c727cf-3955-11ef-82fa-bfbfc9e17c09",NA,NA,1975,"10/12/1975","32d6ff2a-3960-11ef-b0fb-2906cc9fb6bc","away","TuS Derschlag 1881","Hamburger SV",14,16,FALSE,2,NA,NA,0,0,0,NA,0,0,0,0,0,0,NA,NA,NA,NA,NA,NA,NA,NA,0,0,0,0,NA,NA,NA,NA,NA
"Spasoje Skerčević","50b681d8-3955-11ef-b6e8-6d38c0425bc0",NA,NA,1975,"10/12/1975","32d6ff2a-3960-11ef-b0fb-2906cc9fb6bc","away","TuS Derschlag 1881","Hamburger SV",14,16,FALSE,5,NA,NA,0,0,0,NA,0,0,0,0,0,0,NA,NA,NA,NA,NA,NA,NA,NA,0,0,0,0,NA,NA,NA,NA,NA
"Klaus Brand","51394441-3955-11ef-8fab-6d38c0425bc0",NA,NA,1975,"10/12/1975","32d6ff2a-3960-11ef-b0fb-2906cc9fb6bc","away","TuS Derschlag 1881","Hamburger SV",14,16,FALSE,0,NA,NA,0,0,0,NA,0,0,0,0,0,0,NA,NA,NA,NA,NA,NA,NA,NA,0,0,0,0,NA,NA,NA,NA,NA
"Ullrich Pohl","8c524587-3955-11ef-96af-81dc40648355",NA,NA,1975,"10/12/1975","32d6ff2a-3960-11ef-b0fb-2906cc9fb6bc","away","TuS Derschlag 1881","Hamburger SV",14,16,FALSE,0,NA,NA,0,0,0,NA,0,0,0,0,0,0,NA,NA,NA,NA,NA,NA,NA,NA,0,0,0,0,NA,NA,NA,NA,NA
"Đorđe Lavrnić","9674e86d-3955-11ef-8ae9-292be3190b7b",NA,NA,1975,"10/12/1975","32d6ff2a-3960-11ef-b0fb-2906cc9fb6bc","away","TuS Derschlag 1881","Hamburger SV",14,16,FALSE,4,NA,NA,0,0,3,NA,0,0,0,0,0,0,NA,NA,NA,NA,NA,NA,NA,NA,0,0,0,0,NA,NA,NA,NA,NA
"Ulrich Ufer","a2c8cfa8-3955-11ef-8510-2510cc07ea6e",NA,NA,1975,"10/12/1975","32d6ff2a-3960-11ef-b0fb-2906cc9fb6bc","away","TuS Derschlag 1881","Hamburger SV",14,16,FALSE,2,NA,NA,0,0,0,NA,0,0,0,0,0,0,NA,NA,NA,NA,NA,NA,NA,NA,0,0,0,0,NA,NA,NA,NA,NA
"Jürgen Ulbrich","a2cdb0b8-3955-11ef-aba3-2510cc07ea6e",NA,NA,1975,"10/12/1975","32d6ff2a-3960-11ef-b0fb-2906cc9fb6bc","away","TuS Derschlag 1881","Hamburger SV",14,16,FALSE,0,NA,NA,0,0,0,NA,0,0,0,0,0,0,NA,NA,NA,NA,NA,NA,NA,NA,0,0,0,0,NA,NA,NA,NA,NA
"Harald Ohrendorf","ae2b1f58-3955-11ef-baab-a36230ada079",NA,NA,1975,"10/12/1975","32d6ff2a-3960-11ef-b0fb-2906cc9fb6bc","away","TuS Derschlag 1881","Hamburger SV",14,16,FALSE,1,NA,NA,0,0,0,NA,0,0,0,0,0,0,NA,NA,NA,NA,NA,NA,NA,NA,0,0,0,0,NA,NA,NA,NA,NA
"Helmut Keller","ae2fb2ba-3955-11ef-b38f-a36230ada079",NA,NA,1975,"10/12/1975","32d6ff2a-3960-11ef-b0fb-2906cc9fb6bc","away","TuS Derschlag 1881","Hamburger SV",14,16,FALSE,0,NA,NA,0,0,0,NA,0,0,0,0,0,0,NA,NA,NA,NA,NA,NA,NA,NA,0,0,0,0,NA,NA,NA,NA,NA
"Eric Ludwig","b1331def-3955-11ef-b6f8-a36230ada079",NA,NA,1975,"10/12/1975","32d6ff2a-3960-11ef-b0fb-2906cc9fb6bc","away","TuS Derschlag 1881","Hamburger SV",14,16,FALSE,0,NA,NA,0,0,0,NA,0,0,0,0,0,0,NA,NA,NA,NA,NA,NA,NA,NA,0,0,0,0,NA,NA,NA,NA,NA
"Bernd Seehase","7f0c7bc5-3955-11ef-8b93-b908c60af10a",NA,NA,1975,"10/12/1975","408e812b-3960-11ef-a6f1-2906cc9fb6bc","home","Füchse Berlin","TV 1893 Neuhausen",17,17,FALSE,3,NA,NA,0,0,0,NA,0,0,0,0,0,0,NA,NA,NA,NA,NA,NA,NA,NA,0,0,0,0,NA,NA,NA,NA,NA
"Dieter Nerlich","7f4aaab6-3955-11ef-a6c5-b908c60af10a",NA,NA,1975,"10/12/1975","408e812b-3960-11ef-a6f1-2906cc9fb6bc","home","Füchse Berlin","TV 1893 Neuhausen",17,17,FALSE,3,NA,NA,0,0,0,NA,0,0,0,0,0,0,NA,NA,NA,NA,NA,NA,NA,NA,0,0,0,0,NA,NA,NA,NA,NA
"Bernd Dibbert","a5e7e77c-3955-11ef-a806-2510cc07ea6e",NA,NA,1975,"10/12/1975","408e812b-3960-11ef-a6f1-2906cc9fb6bc","home","Füchse Berlin","TV 1893 Neuhausen",17,17,FALSE,0,NA,NA,0,0,0,NA,0,0,0,0,0,0,NA,NA,NA,NA,NA,NA,NA,NA,0,0,0,0,NA,NA,NA,NA,NA
"Manfred Klein","a5ed5981-3955-11ef-aef8-2510cc07ea6e",NA,NA,1975,"10/12/1975","408e812b-3960-11ef-a6f1-2906cc9fb6bc","home","Füchse Berlin","TV 1893 Neuhausen",17,17,FALSE,0,NA,NA,0,0,0,NA,0,0,0,0,0,0,NA,NA,NA,NA,NA,NA,NA,NA,0,0,0,0,NA,NA,NA,NA,NA
"Reinhard Lembcke","a5f9e01f-3955-11ef-a753-2510cc07ea6e",NA,NA,1975,"10/12/1975","408e812b-3960-11ef-a6f1-2906cc9fb6bc","home","Füchse Berlin","TV 1893 Neuhausen",17,17,FALSE,0,NA,NA,0,0,0,NA,0,0,0,0,0,0,NA,NA,NA,NA,NA,NA,NA,NA,0,0,0,0,NA,NA,NA,NA,NA
"Wolfgang Braun","b1a4c388-3955-11ef-92b7-a36230ada079",NA,NA,1975,"10/12/1975","408e812b-3960-11ef-a6f1-2906cc9fb6bc","home","Füchse Berlin","TV 1893 Neuhausen",17,17,FALSE,2,NA,NA,0,0,0,NA,0,0,0,0,0,0,NA,NA,NA,NA,NA,NA,NA,NA,0,0,0,0,NA,NA,NA,NA,NA
"Detlef Finkelmann","b1a8f927-3955-11ef-a009-a36230ada079",NA,NA,1975,"10/12/1975","408e812b-3960-11ef-a6f1-2906cc9fb6bc","home","Füchse Berlin","TV 1893 Neuhausen",17,17,FALSE,6,NA,NA,0,0,2,NA,0,0,0,0,0,0,NA,NA,NA,NA,NA,NA,NA,NA,0,0,0,0,NA,NA,NA,NA,NA
"Bernd Goerigk","b1b21b0c-3955-11ef-a303-a36230ada079",NA,NA,1975,"10/12/1975","408e812b-3960-11ef-a6f1-2906cc9fb6bc","home","Füchse Berlin","TV 1893 Neuhausen",17,17,FALSE,0,NA,NA,0,0,0,NA,0,0,0,0,0,0,NA,NA,NA,NA,NA,NA,NA,NA,0,0,0,0,NA,NA,NA,NA,NA
"Lutz Loewke","b1b73b08-3955-11ef-b76a-a36230ada079",NA,NA,1975,"10/12/1975","408e812b-3960-11ef-a6f1-2906cc9fb6bc","home","Füchse Berlin","TV 1893 Neuhausen",17,17,FALSE,1,NA,NA,0,0,0,NA,0,0,0,0,0,0,NA,NA,NA,NA,NA,NA,NA,NA,0,0,0,0,NA,NA,NA,NA,NA
"Walter Salzer","8d394c72-3955-11ef-8d73-81dc40648355",NA,NA,1975,"10/12/1975","408e812b-3960-11ef-a6f1-2906cc9fb6bc","away","TV 1893 Neuhausen","Füchse Berlin",17,17,FALSE,8,NA,NA,0,0,3,NA,0,0,0,0,0,0,NA,NA,NA,NA,NA,NA,NA,NA,0,0,0,0,NA,NA,NA,NA,NA
"Robert Kemmler","a438d7c7-3955-11ef-8ff6-2510cc07ea6e",NA,NA,1975,"10/12/1975","408e812b-3960-11ef-a6f1-2906cc9fb6bc","away","TV 1893 Neuhausen","Füchse Berlin",17,17,FALSE,2,NA,NA,0,0,0,NA,0,0,0,0,0,0,NA,NA,NA,NA,NA,NA,NA,NA,0,0,0,0,NA,NA,NA,NA,NA
"Manfred Klugger","a43e35c7-3955-11ef-b0dc-2510cc07ea6e",NA,NA,1975,"10/12/1975","408e812b-3960-11ef-a6f1-2906cc9fb6bc","away","TV 1893 Neuhausen","Füchse Berlin",17,17,FALSE,2,NA,NA,0,0,0,NA,0,0,0,0,0,0,NA,NA,NA,NA,NA,NA,NA,NA,0,0,0,0,NA,NA,NA,NA,NA
"Hermann Mäurle","a44f95e3-3955-11ef-b53d-2510cc07ea6e",NA,NA,1975,"10/12/1975","408e812b-3960-11ef-a6f1-2906cc9fb6bc","away","TV 1893 Neuhausen","Füchse Berlin",17,17,FALSE,1,NA,NA,0,0,0,NA,0,0,0,0,0,0,NA,NA,NA,NA,NA,NA,NA,NA,0,0,0,0,NA,NA,NA,NA,NA
"Rolf Miller","a4552808-3955-11ef-ac39-2510cc07ea6e",NA,NA,1975,"10/12/1975","408e812b-3960-11ef-a6f1-2906cc9fb6bc","away","TV 1893 Neuhausen","Füchse Berlin",17,17,FALSE,1,NA,NA,0,0,0,NA,0,0,0,0,0,0,NA,NA,NA,NA,NA,NA,NA,NA,0,0,0,0,NA,NA,NA,NA,NA
"Manfred Reusch","a45a1b11-3955-11ef-8135-2510cc07ea6e",NA,NA,1975,"10/12/1975","408e812b-3960-11ef-a6f1-2906cc9fb6bc","away","TV 1893 Neuhausen","Füchse Berlin",17,17,FALSE,0,NA,NA,0,0,0,NA,0,0,0,0,0,0,NA,NA,NA,NA,NA,NA,NA,NA,0,0,0,0,NA,NA,NA,NA,NA
"Eugen Schmid","a460a6b1-3955-11ef-966d-2510cc07ea6e",NA,NA,1975,"10/12/1975","408e812b-3960-11ef-a6f1-2906cc9fb6bc","away","TV 1893 Neuhausen","Füchse Berlin",17,17,FALSE,1,NA,NA,0,0,0,NA,0,0,0,0,0,0,NA,NA,NA,NA,NA,NA,NA,NA,0,0,0,0,NA,NA,NA,NA,NA
"Manfred Schmid","a468025d-3955-11ef-ae56-2510cc07ea6e",NA,NA,1975,"10/12/1975","408e812b-3960-11ef-a6f1-2906cc9fb6bc","away","TV 1893 Neuhausen","Füchse Berlin",17,17,FALSE,0,NA,NA,0,0,0,NA,0,0,0,0,0,0,NA,NA,NA,NA,NA,NA,NA,NA,0,0,0,0,NA,NA,NA,NA,NA
"Johann Högl","b2211f04-3955-11ef-a5bd-a36230ada079",NA,NA,1975,"10/12/1975","408e812b-3960-11ef-a6f1-2906cc9fb6bc","away","TV 1893 Neuhausen","Füchse Berlin",17,17,FALSE,2,NA,NA,0,0,0,NA,0,0,0,0,0,0,NA,NA,NA,NA,NA,NA,NA,NA,0,0,0,0,NA,NA,NA,NA,NA
"Burkhard Windorf","8b6a317b-3955-11ef-84ca-81dc40648355",NA,NA,1975,"10/18/1975","361c3989-3960-11ef-84af-2906cc9fb6bc","home","SC Phönix Essen 1920","TuS Derschlag 1881",14,14,FALSE,0,NA,NA,0,0,0,NA,0,0,0,0,0,0,NA,NA,NA,NA,NA,NA,NA,NA,0,0,0,0,NA,NA,NA,NA,NA
"Peter Kleibrink","a1d4c58c-3955-11ef-9cce-2510cc07ea6e",NA,NA,1975,"10/18/1975","361c3989-3960-11ef-84af-2906cc9fb6bc","home","SC Phönix Essen 1920","TuS Derschlag 1881",14,14,FALSE,4,NA,NA,0,0,0,NA,0,0,0,0,0,0,NA,NA,NA,NA,NA,NA,NA,NA,0,0,0,0,NA,NA,NA,NA,NA
"Peter Bützer","a4cb5a85-3955-11ef-989d-2510cc07ea6e",NA,NA,1975,"10/18/1975","361c3989-3960-11ef-84af-2906cc9fb6bc","home","SC Phönix Essen 1920","TuS Derschlag 1881",14,14,FALSE,0,NA,NA,0,0,0,NA,0,0,0,0,0,0,NA,NA,NA,NA,NA,NA,NA,NA,0,0,0,0,NA,NA,NA,NA,NA
"Wilhelm Heidkamp","a5a2ef02-3955-11ef-9852-2510cc07ea6e",NA,NA,1975,"10/18/1975","361c3989-3960-11ef-84af-2906cc9fb6bc","home","SC Phönix Essen 1920","TuS Derschlag 1881",14,14,FALSE,3,NA,NA,0,0,0,NA,0,0,0,0,0,0,NA,NA,NA,NA,NA,NA,NA,NA,0,0,0,0,NA,NA,NA,NA,NA
"Heinz Oberscheidt","a5ae94f2-3955-11ef-91fc-2510cc07ea6e",NA,NA,1975,"10/18/1975","361c3989-3960-11ef-84af-2906cc9fb6bc","home","SC Phönix Essen 1920","TuS Derschlag 1881",14,14,FALSE,6,NA,NA,0,0,3,NA,0,0,0,0,0,0,NA,NA,NA,NA,NA,NA,NA,NA,0,0,0,0,NA,NA,NA,NA,NA
"Ingo Callies","b0b0659b-3955-11ef-87aa-a36230ada079",NA,NA,1975,"10/18/1975","361c3989-3960-11ef-84af-2906cc9fb6bc","home","SC Phönix Essen 1920","TuS Derschlag 1881",14,14,FALSE,0,NA,NA,0,0,0,NA,0,0,0,0,0,0,NA,NA,NA,NA,NA,NA,NA,NA,0,0,0,0,NA,NA,NA,NA,NA
"Peter Forker","b0b50ef2-3955-11ef-964f-a36230ada079",NA,NA,1975,"10/18/1975","361c3989-3960-11ef-84af-2906cc9fb6bc","home","SC Phönix Essen 1920","TuS Derschlag 1881",14,14,FALSE,0,NA,NA,0,0,0,NA,0,0,0,0,0,0,NA,NA,NA,NA,NA,NA,NA,NA,0,0,0,0,NA,NA,NA,NA,NA
"Emil Hauke","b0ba65f4-3955-11ef-9726-a36230ada079",NA,NA,1975,"10/18/1975","361c3989-3960-11ef-84af-2906cc9fb6bc","home","SC Phönix Essen 1920","TuS Derschlag 1881",14,14,FALSE,0,NA,NA,0,0,0,NA,0,0,0,0,0,0,NA,NA,NA,NA,NA,NA,NA,NA,0,0,0,0,NA,NA,NA,NA,NA
"Rüdiger Hillebrand","b0c11a9c-3955-11ef-bf0d-a36230ada079",NA,NA,1975,"10/18/1975","361c3989-3960-11ef-84af-2906cc9fb6bc","home","SC Phönix Essen 1920","TuS Derschlag 1881",14,14,FALSE,1,NA,NA,0,0,0,NA,0,0,0,0,0,0,NA,NA,NA,NA,NA,NA,NA,NA,0,0,0,0,NA,NA,NA,NA,NA
"Esad Kurtagić","39c727cf-3955-11ef-82fa-bfbfc9e17c09",NA,NA,1975,"10/18/1975","361c3989-3960-11ef-84af-2906cc9fb6bc","away","TuS Derschlag 1881","SC Phönix Essen 1920",14,14,FALSE,2,NA,NA,0,0,0,NA,0,0,0,0,0,0,NA,NA,NA,NA,NA,NA,NA,NA,0,0,0,0,NA,NA,NA,NA,NA
"Spasoje Skerčević","50b681d8-3955-11ef-b6e8-6d38c0425bc0",NA,NA,1975,"10/18/1975","361c3989-3960-11ef-84af-2906cc9fb6bc","away","TuS Derschlag 1881","SC Phönix Essen 1920",14,14,FALSE,0,NA,NA,0,0,0,NA,0,0,0,0,0,0,NA,NA,NA,NA,NA,NA,NA,NA,0,0,0,0,NA,NA,NA,NA,NA
"Klaus Brand","51394441-3955-11ef-8fab-6d38c0425bc0",NA,NA,1975,"10/18/1975","361c3989-3960-11ef-84af-2906cc9fb6bc","away","TuS Derschlag 1881","SC Phönix Essen 1920",14,14,FALSE,0,NA,NA,0,0,0,NA,0,0,0,0,0,0,NA,NA,NA,NA,NA,NA,NA,NA,0,0,0,0,NA,NA,NA,NA,NA
"Ullrich Pohl","8c524587-3955-11ef-96af-81dc40648355",NA,NA,1975,"10/18/1975","361c3989-3960-11ef-84af-2906cc9fb6bc","away","TuS Derschlag 1881","SC Phönix Essen 1920",14,14,FALSE,1,NA,NA,0,0,0,NA,0,0,0,0,0,0,NA,NA,NA,NA,NA,NA,NA,NA,0,0,0,0,NA,NA,NA,NA,NA
"Đorđe Lavrnić","9674e86d-3955-11ef-8ae9-292be3190b7b",NA,NA,1975,"10/18/1975","361c3989-3960-11ef-84af-2906cc9fb6bc","away","TuS Derschlag 1881","SC Phönix Essen 1920",14,14,FALSE,7,NA,NA,0,0,2,NA,0,0,0,0,0,0,NA,NA,NA,NA,NA,NA,NA,NA,0,0,0,0,NA,NA,NA,NA,NA
"Ulrich Ufer","a2c8cfa8-3955-11ef-8510-2510cc07ea6e",NA,NA,1975,"10/18/1975","361c3989-3960-11ef-84af-2906cc9fb6bc","away","TuS Derschlag 1881","SC Phönix Essen 1920",14,14,FALSE,4,NA,NA,0,0,1,NA,0,0,0,0,0,0,NA,NA,NA,NA,NA,NA,NA,NA,0,0,0,0,NA,NA,NA,NA,NA
"Jürgen Ulbrich","a2cdb0b8-3955-11ef-aba3-2510cc07ea6e",NA,NA,1975,"10/18/1975","361c3989-3960-11ef-84af-2906cc9fb6bc","away","TuS Derschlag 1881","SC Phönix Essen 1920",14,14,FALSE,0,NA,NA,0,0,0,NA,0,0,0,0,0,0,NA,NA,NA,NA,NA,NA,NA,NA,0,0,0,0,NA,NA,NA,NA,NA
"Harald Ohrendorf","ae2b1f58-3955-11ef-baab-a36230ada079",NA,NA,1975,"10/18/1975","361c3989-3960-11ef-84af-2906cc9fb6bc","away","TuS Derschlag 1881","SC Phönix Essen 1920",14,14,FALSE,0,NA,NA,0,0,0,NA,0,0,0,0,0,0,NA,NA,NA,NA,NA,NA,NA,NA,0,0,0,0,NA,NA,NA,NA,NA
"Helmut Keller","ae2fb2ba-3955-11ef-b38f-a36230ada079",NA,NA,1975,"10/18/1975","361c3989-3960-11ef-84af-2906cc9fb6bc","away","TuS Derschlag 1881","SC Phönix Essen 1920",14,14,FALSE,0,NA,NA,0,0,0,NA,0,0,0,0,0,0,NA,NA,NA,NA,NA,NA,NA,NA,0,0,0,0,NA,NA,NA,NA,NA
"Eric Ludwig","b1331def-3955-11ef-b6f8-a36230ada079",NA,NA,1975,"10/18/1975","361c3989-3960-11ef-84af-2906cc9fb6bc","away","TuS Derschlag 1881","SC Phönix Essen 1920",14,14,FALSE,0,NA,NA,0,0,0,NA,0,0,0,0,0,0,NA,NA,NA,NA,NA,NA,NA,NA,0,0,0,0,NA,NA,NA,NA,NA
"Peter Linke","b06a455b-3955-11ef-a47d-a36230ada079",NA,NA,1975,"10/26/1975","3473e590-3960-11ef-bd47-2906cc9fb6bc","home","TSV Altenholz","TuS 05 Wellinghofen",18,15,TRUE,0,NA,NA,0,0,0,NA,0,0,0,0,0,0,NA,NA,NA,NA,NA,NA,NA,NA,0,0,0,0,NA,NA,NA,NA,NA
"Peter Kurth","b06eb57c-3955-11ef-b9af-a36230ada079",NA,NA,1975,"10/26/1975","3473e590-3960-11ef-bd47-2906cc9fb6bc","home","TSV Altenholz","TuS 05 Wellinghofen",18,15,TRUE,0,NA,NA,0,0,0,NA,0,0,0,0,0,0,NA,NA,NA,NA,NA,NA,NA,NA,0,0,0,0,NA,NA,NA,NA,NA
"Peter Prehn","b073ee0a-3955-11ef-8404-a36230ada079",NA,NA,1975,"10/26/1975","3473e590-3960-11ef-bd47-2906cc9fb6bc","home","TSV Altenholz","TuS 05 Wellinghofen",18,15,TRUE,3,NA,NA,0,0,0,NA,0,0,0,0,0,0,NA,NA,NA,NA,NA,NA,NA,NA,0,0,0,0,NA,NA,NA,NA,NA
"Peter Werk","b0784d6e-3955-11ef-9a85-a36230ada079",NA,NA,1975,"10/26/1975","3473e590-3960-11ef-bd47-2906cc9fb6bc","home","TSV Altenholz","TuS 05 Wellinghofen",18,15,TRUE,0,NA,NA,0,0,0,NA,0,0,0,0,0,0,NA,NA,NA,NA,NA,NA,NA,NA,0,0,0,0,NA,NA,NA,NA,NA
"Hardmuth Groß","b07c9918-3955-11ef-a7b9-a36230ada079",NA,NA,1975,"10/26/1975","3473e590-3960-11ef-bd47-2906cc9fb6bc","home","TSV Altenholz","TuS 05 Wellinghofen",18,15,TRUE,1,NA,NA,0,0,0,NA,0,0,0,0,0,0,NA,NA,NA,NA,NA,NA,NA,NA,0,0,0,0,NA,NA,NA,NA,NA
"Jörgen Danielsen","b08a7dec-3955-11ef-acb4-a36230ada079",NA,NA,1975,"10/26/1975","3473e590-3960-11ef-bd47-2906cc9fb6bc","home","TSV Altenholz","TuS 05 Wellinghofen",18,15,TRUE,1,NA,NA,0,0,0,NA,0,0,0,0,0,0,NA,NA,NA,NA,NA,NA,NA,NA,0,0,0,0,NA,NA,NA,NA,NA
"Klaus Beckmann","b08ee1c0-3955-11ef-8689-a36230ada079",NA,NA,1975,"10/26/1975","3473e590-3960-11ef-bd47-2906cc9fb6bc","home","TSV Altenholz","TuS 05 Wellinghofen",18,15,TRUE,0,NA,NA,0,0,0,NA,0,0,0,0,0,0,NA,NA,NA,NA,NA,NA,NA,NA,0,0,0,0,NA,NA,NA,NA,NA
"Peter Dewitz","b093b5b1-3955-11ef-97ca-a36230ada079",NA,NA,1975,"10/26/1975","3473e590-3960-11ef-bd47-2906cc9fb6bc","home","TSV Altenholz","TuS 05 Wellinghofen",18,15,TRUE,4,NA,NA,0,0,0,NA,0,0,0,0,0,0,NA,NA,NA,NA,NA,NA,NA,NA,0,0,0,0,NA,NA,NA,NA,NA
"Klaus-Dieter Heiden","b09837ed-3955-11ef-99d8-a36230ada079",NA,NA,1975,"10/26/1975","3473e590-3960-11ef-bd47-2906cc9fb6bc","home","TSV Altenholz","TuS 05 Wellinghofen",18,15,TRUE,2,NA,NA,0,0,0,NA,0,0,0,0,0,0,NA,NA,NA,NA,NA,NA,NA,NA,0,0,0,0,NA,NA,NA,NA,NA
"Klaus-Peter Römer","b09cfa69-3955-11ef-b8eb-a36230ada079",NA,NA,1975,"10/26/1975","3473e590-3960-11ef-bd47-2906cc9fb6bc","home","TSV Altenholz","TuS 05 Wellinghofen",18,15,TRUE,6,NA,NA,0,0,5,NA,0,0,0,0,0,0,NA,NA,NA,NA,NA,NA,NA,NA,0,0,0,0,NA,NA,NA,NA,NA
"Manfred Schulz","b0a21333-3955-11ef-a679-a36230ada079",NA,NA,1975,"10/26/1975","3473e590-3960-11ef-bd47-2906cc9fb6bc","home","TSV Altenholz","TuS 05 Wellinghofen",18,15,TRUE,1,NA,NA,0,0,0,NA,0,0,0,0,0,0,NA,NA,NA,NA,NA,NA,NA,NA,0,0,0,0,NA,NA,NA,NA,NA
"Rudolf Rauer","6829713f-3955-11ef-9d88-292be3190b7b",NA,NA,1975,"10/26/1975","3473e590-3960-11ef-bd47-2906cc9fb6bc","away","TuS 05 Wellinghofen","TSV Altenholz",15,18,FALSE,0,NA,NA,0,0,0,NA,0,0,0,0,0,0,NA,NA,NA,NA,NA,NA,NA,NA,0,0,0,0,NA,NA,NA,NA,NA
"Karl-Heinz Schulz","72847241-3955-11ef-8bd4-51fdf2a82730",NA,NA,1975,"10/26/1975","3473e590-3960-11ef-bd47-2906cc9fb6bc","away","TuS 05 Wellinghofen","TSV Altenholz",15,18,FALSE,1,NA,NA,0,0,0,NA,0,0,0,0,0,0,NA,NA,NA,NA,NA,NA,NA,NA,0,0,0,0,NA,NA,NA,NA,NA
"Hans-Peter Neuhaus","8d9d3887-3955-11ef-80a3-81dc40648355",NA,NA,1975,"10/26/1975","3473e590-3960-11ef-bd47-2906cc9fb6bc","away","TuS 05 Wellinghofen","TSV Altenholz",15,18,FALSE,7,NA,NA,0,0,5,NA,0,0,0,0,0,0,NA,NA,NA,NA,NA,NA,NA,NA,0,0,0,0,NA,NA,NA,NA,NA
"Waldemar Kosiol","a4f04c57-3955-11ef-8550-2510cc07ea6e",NA,NA,1975,"10/26/1975","3473e590-3960-11ef-bd47-2906cc9fb6bc","away","TuS 05 Wellinghofen","TSV Altenholz",15,18,FALSE,0,NA,NA,0,0,0,NA,0,0,0,0,0,0,NA,NA,NA,NA,NA,NA,NA,NA,0,0,0,0,NA,NA,NA,NA,NA
"Klaus Erwe","a4f54a19-3955-11ef-b48a-2510cc07ea6e",NA,NA,1975,"10/26/1975","3473e590-3960-11ef-bd47-2906cc9fb6bc","away","TuS 05 Wellinghofen","TSV Altenholz",15,18,FALSE,0,NA,NA,0,0,0,NA,0,0,0,0,0,0,NA,NA,NA,NA,NA,NA,NA,NA,0,0,0,0,NA,NA,NA,NA,NA
"Frank Haardt","a4fb1cad-3955-11ef-bd99-2510cc07ea6e",NA,NA,1975,"10/26/1975","3473e590-3960-11ef-bd47-2906cc9fb6bc","away","TuS 05 Wellinghofen","TSV Altenholz",15,18,FALSE,0,NA,NA,0,0,0,NA,0,0,0,0,0,0,NA,NA,NA,NA,NA,NA,NA,NA,0,0,0,0,NA,NA,NA,NA,NA
"Wilfried Rettig","a517a588-3955-11ef-a8d7-2510cc07ea6e",NA,NA,1975,"10/26/1975","3473e590-3960-11ef-bd47-2906cc9fb6bc","away","TuS 05 Wellinghofen","TSV Altenholz",15,18,FALSE,0,NA,NA,0,0,0,NA,0,0,0,0,0,0,NA,NA,NA,NA,NA,NA,NA,NA,0,0,0,0,NA,NA,NA,NA,NA
"Winfried Gabel","a521dedb-3955-11ef-a3bd-2510cc07ea6e",NA,NA,1975,"10/26/1975","3473e590-3960-11ef-bd47-2906cc9fb6bc","away","TuS 05 Wellinghofen","TSV Altenholz",15,18,FALSE,2,NA,NA,0,0,0,NA,0,0,0,0,0,0,NA,NA,NA,NA,NA,NA,NA,NA,0,0,0,0,NA,NA,NA,NA,NA
"Burkhard Gröning","a52c6e4f-3955-11ef-a576-2510cc07ea6e",NA,NA,1975,"10/26/1975","3473e590-3960-11ef-bd47-2906cc9fb6bc","away","TuS 05 Wellinghofen","TSV Altenholz",15,18,FALSE,3,NA,NA,0,0,0,NA,0,0,0,0,0,0,NA,NA,NA,NA,NA,NA,NA,NA,0,0,0,0,NA,NA,NA,NA,NA
"Klaus Tiews","a531838f-3955-11ef-8e99-2510cc07ea6e",NA,NA,1975,"10/26/1975","3473e590-3960-11ef-bd47-2906cc9fb6bc","away","TuS 05 Wellinghofen","TSV Altenholz",15,18,FALSE,0,NA,NA,0,0,0,NA,0,0,0,0,0,0,NA,NA,NA,NA,NA,NA,NA,NA,0,0,0,0,NA,NA,NA,NA,NA
"Ulrich Staege","b05c5beb-3955-11ef-a7d6-a36230ada079",NA,NA,1975,"10/26/1975","3473e590-3960-11ef-bd47-2906cc9fb6bc","away","TuS 05 Wellinghofen","TSV Altenholz",15,18,FALSE,0,NA,NA,0,0,0,NA,0,0,0,0,0,0,NA,NA,NA,NA,NA,NA,NA,NA,0,0,0,0,NA,NA,NA,NA,NA
"Herbert Rogge","b06614d7-3955-11ef-a43b-a36230ada079",NA,NA,1975,"10/26/1975","3473e590-3960-11ef-bd47-2906cc9fb6bc","away","TuS 05 Wellinghofen","TSV Altenholz",15,18,FALSE,2,NA,NA,0,0,0,NA,0,0,0,0,0,0,NA,NA,NA,NA,NA,NA,NA,NA,0,0,0,0,NA,NA,NA,NA,NA
"Olaf Berner","a4006ca4-3955-11ef-a034-2510cc07ea6e",NA,NA,1975,"11/1/1975","2aaa8278-3960-11ef-8462-2906cc9fb6bc","home","TSV Altenholz","VfL Gummersbach",19,24,FALSE,5,NA,NA,0,0,2,NA,0,0,0,0,0,0,NA,NA,NA,NA,NA,NA,NA,NA,0,0,0,0,NA,NA,NA,NA,NA
"Peter Linke","b06a455b-3955-11ef-a47d-a36230ada079",NA,NA,1975,"11/1/1975","2aaa8278-3960-11ef-8462-2906cc9fb6bc","home","TSV Altenholz","VfL Gummersbach",19,24,FALSE,0,NA,NA,0,0,0,NA,0,0,0,0,0,0,NA,NA,NA,NA,NA,NA,NA,NA,0,0,0,0,NA,NA,NA,NA,NA
"Peter Kurth","b06eb57c-3955-11ef-b9af-a36230ada079",NA,NA,1975,"11/1/1975","2aaa8278-3960-11ef-8462-2906cc9fb6bc","home","TSV Altenholz","VfL Gummersbach",19,24,FALSE,0,NA,NA,0,0,0,NA,0,0,0,0,0,0,NA,NA,NA,NA,NA,NA,NA,NA,0,0,0,0,NA,NA,NA,NA,NA
"Peter Prehn","b073ee0a-3955-11ef-8404-a36230ada079",NA,NA,1975,"11/1/1975","2aaa8278-3960-11ef-8462-2906cc9fb6bc","home","TSV Altenholz","VfL Gummersbach",19,24,FALSE,1,NA,NA,0,0,0,NA,0,0,0,0,0,0,NA,NA,NA,NA,NA,NA,NA,NA,0,0,0,0,NA,NA,NA,NA,NA
"Peter Werk","b0784d6e-3955-11ef-9a85-a36230ada079",NA,NA,1975,"11/1/1975","2aaa8278-3960-11ef-8462-2906cc9fb6bc","home","TSV Altenholz","VfL Gummersbach",19,24,FALSE,2,NA,NA,0,0,0,NA,0,0,0,0,0,0,NA,NA,NA,NA,NA,NA,NA,NA,0,0,0,0,NA,NA,NA,NA,NA
"Hardmuth Groß","b07c9918-3955-11ef-a7b9-a36230ada079",NA,NA,1975,"11/1/1975","2aaa8278-3960-11ef-8462-2906cc9fb6bc","home","TSV Altenholz","VfL Gummersbach",19,24,FALSE,0,NA,NA,0,0,0,NA,0,0,0,0,0,0,NA,NA,NA,NA,NA,NA,NA,NA,0,0,0,0,NA,NA,NA,NA,NA
"Peter Bortel","b085b129-3955-11ef-b6a0-a36230ada079",NA,NA,1975,"11/1/1975","2aaa8278-3960-11ef-8462-2906cc9fb6bc","home","TSV Altenholz","VfL Gummersbach",19,24,FALSE,0,NA,NA,0,0,0,NA,0,0,0,0,0,0,NA,NA,NA,NA,NA,NA,NA,NA,0,0,0,0,NA,NA,NA,NA,NA
"Jörgen Danielsen","b08a7dec-3955-11ef-acb4-a36230ada079",NA,NA,1975,"11/1/1975","2aaa8278-3960-11ef-8462-2906cc9fb6bc","home","TSV Altenholz","VfL Gummersbach",19,24,FALSE,2,NA,NA,0,0,0,NA,0,0,0,0,0,0,NA,NA,NA,NA,NA,NA,NA,NA,0,0,0,0,NA,NA,NA,NA,NA
"Klaus Beckmann","b08ee1c0-3955-11ef-8689-a36230ada079",NA,NA,1975,"11/1/1975","2aaa8278-3960-11ef-8462-2906cc9fb6bc","home","TSV Altenholz","VfL Gummersbach",19,24,FALSE,1,NA,NA,0,0,0,NA,0,0,0,0,0,0,NA,NA,NA,NA,NA,NA,NA,NA,0,0,0,0,NA,NA,NA,NA,NA
"Peter Dewitz","b093b5b1-3955-11ef-97ca-a36230ada079",NA,NA,1975,"11/1/1975","2aaa8278-3960-11ef-8462-2906cc9fb6bc","home","TSV Altenholz","VfL Gummersbach",19,24,FALSE,4,NA,NA,0,0,1,NA,0,0,0,0,0,0,NA,NA,NA,NA,NA,NA,NA,NA,0,0,0,0,NA,NA,NA,NA,NA
"Klaus-Dieter Heiden","b09837ed-3955-11ef-99d8-a36230ada079",NA,NA,1975,"11/1/1975","2aaa8278-3960-11ef-8462-2906cc9fb6bc","home","TSV Altenholz","VfL Gummersbach",19,24,FALSE,1,NA,NA,0,0,0,NA,0,0,0,0,0,0,NA,NA,NA,NA,NA,NA,NA,NA,0,0,0,0,NA,NA,NA,NA,NA
"Manfred Schulz","b0a21333-3955-11ef-a679-a36230ada079",NA,NA,1975,"11/1/1975","2aaa8278-3960-11ef-8462-2906cc9fb6bc","home","TSV Altenholz","VfL Gummersbach",19,24,FALSE,3,NA,NA,0,0,0,NA,0,0,0,0,0,0,NA,NA,NA,NA,NA,NA,NA,NA,0,0,0,0,NA,NA,NA,NA,NA
"Heiner Brand","44e82d45-3955-11ef-bc71-4fa817cd91bb",NA,NA,1975,"11/1/1975","2aaa8278-3960-11ef-8462-2906cc9fb6bc","away","VfL Gummersbach","TSV Altenholz",24,19,TRUE,3,NA,NA,0,0,0,NA,0,0,0,0,0,0,NA,NA,NA,NA,NA,NA,NA,NA,0,0,0,0,NA,NA,NA,NA,NA
"Reiner Schumacher","8aac0482-3955-11ef-9f92-81dc40648355",NA,NA,1975,"11/1/1975","2aaa8278-3960-11ef-8462-2906cc9fb6bc","away","VfL Gummersbach","TSV Altenholz",24,19,TRUE,0,NA,NA,0,0,0,NA,0,0,0,0,0,0,NA,NA,NA,NA,NA,NA,NA,NA,0,0,0,0,NA,NA,NA,NA,NA
"Klaus Westebbe","8c58f63a-3955-11ef-b65e-81dc40648355",NA,NA,1975,"11/1/1975","2aaa8278-3960-11ef-8462-2906cc9fb6bc","away","VfL Gummersbach","TSV Altenholz",24,19,TRUE,4,NA,NA,0,0,0,NA,0,0,0,0,0,0,NA,NA,NA,NA,NA,NA,NA,NA,0,0,0,0,NA,NA,NA,NA,NA
"Klaus Kater","8da1f6ef-3955-11ef-b31a-81dc40648355",NA,NA,1975,"11/1/1975","2aaa8278-3960-11ef-8462-2906cc9fb6bc","away","VfL Gummersbach","TSV Altenholz",24,19,TRUE,0,NA,NA,0,0,0,NA,0,0,0,0,0,0,NA,NA,NA,NA,NA,NA,NA,NA,0,0,0,0,NA,NA,NA,NA,NA
"Klaus Schlagheck","97a06613-3955-11ef-8056-292be3190b7b",NA,NA,1975,"11/1/1975","2aaa8278-3960-11ef-8462-2906cc9fb6bc","away","VfL Gummersbach","TSV Altenholz",24,19,TRUE,3,NA,NA,0,0,0,NA,0,0,0,0,0,0,NA,NA,NA,NA,NA,NA,NA,NA,0,0,0,0,NA,NA,NA,NA,NA
"Joachim Deckarm","9976945f-3955-11ef-afc4-292be3190b7b",NA,NA,1975,"11/1/1975","2aaa8278-3960-11ef-8462-2906cc9fb6bc","away","VfL Gummersbach","TSV Altenholz",24,19,TRUE,3,NA,NA,0,0,0,NA,0,0,0,0,0,0,NA,NA,NA,NA,NA,NA,NA,NA,0,0,0,0,NA,NA,NA,NA,NA
"Jochen Feldhoff","a32751a5-3955-11ef-badf-2510cc07ea6e",NA,NA,1975,"11/1/1975","2aaa8278-3960-11ef-8462-2906cc9fb6bc","away","VfL Gummersbach","TSV Altenholz",24,19,TRUE,2,NA,NA,0,0,0,NA,0,0,0,0,0,0,NA,NA,NA,NA,NA,NA,NA,NA,0,0,0,0,NA,NA,NA,NA,NA
"Joachim Henkels","a3386008-3955-11ef-810a-2510cc07ea6e",NA,NA,1975,"11/1/1975","2aaa8278-3960-11ef-8462-2906cc9fb6bc","away","VfL Gummersbach","TSV Altenholz",24,19,TRUE,0,NA,NA,0,0,0,NA,0,0,0,0,0,0,NA,NA,NA,NA,NA,NA,NA,NA,0,0,0,0,NA,NA,NA,NA,NA
"Karl-Heinz Nolde","a33d5c4a-3955-11ef-b577-2510cc07ea6e",NA,NA,1975,"11/1/1975","2aaa8278-3960-11ef-8462-2906cc9fb6bc","away","VfL Gummersbach","TSV Altenholz",24,19,TRUE,0,NA,NA,0,0,0,NA,0,0,0,0,0,0,NA,NA,NA,NA,NA,NA,NA,NA,0,0,0,0,NA,NA,NA,NA,NA
"Werner Lettgen","ae263c3c-3955-11ef-96f7-a36230ada079",NA,NA,1975,"11/1/1975","2aaa8278-3960-11ef-8462-2906cc9fb6bc","away","VfL Gummersbach","TSV Altenholz",24,19,TRUE,0,NA,NA,0,0,0,NA,0,0,0,0,0,0,NA,NA,NA,NA,NA,NA,NA,NA,0,0,0,0,NA,NA,NA,NA,NA
"Hans-Günther Schmidt","aff5702f-3955-11ef-9878-a36230ada079",NA,NA,1975,"11/1/1975","2aaa8278-3960-11ef-8462-2906cc9fb6bc","away","VfL Gummersbach","TSV Altenholz",24,19,TRUE,9,NA,NA,0,0,5,NA,0,0,0,0,0,0,NA,NA,NA,NA,NA,NA,NA,NA,0,0,0,0,NA,NA,NA,NA,NA
"Winfried Damm","73c56170-3955-11ef-9cca-51fdf2a82730",NA,NA,1975,"11/1/1975","37b66aa8-3960-11ef-81ed-2906cc9fb6bc","home","TSV 1896 Rintheim","TV 05/07 Hüttenberg",24,16,TRUE,0,NA,NA,0,0,0,NA,0,0,0,0,0,0,NA,NA,NA,NA,NA,NA,NA,NA,0,0,0,0,NA,NA,NA,NA,NA
"Gerhard Gaiser","7fd4e3db-3955-11ef-b327-b908c60af10a",NA,NA,1975,"11/1/1975","37b66aa8-3960-11ef-81ed-2906cc9fb6bc","home","TSV 1896 Rintheim","TV 05/07 Hüttenberg",24,16,TRUE,2,NA,NA,0,0,0,NA,0,0,0,0,0,0,NA,NA,NA,NA,NA,NA,NA,NA,0,0,0,0,NA,NA,NA,NA,NA
"Roland Kröger","81272d6a-3955-11ef-b027-b908c60af10a",NA,NA,1975,"11/1/1975","37b66aa8-3960-11ef-81ed-2906cc9fb6bc","home","TSV 1896 Rintheim","TV 05/07 Hüttenberg",24,16,TRUE,0,NA,NA,0,0,0,NA,0,0,0,0,0,0,NA,NA,NA,NA,NA,NA,NA,NA,0,0,0,0,NA,NA,NA,NA,NA
"Manfred Schulz","8bc2b5ea-3955-11ef-8d03-81dc40648355",NA,NA,1975,"11/1/1975","37b66aa8-3960-11ef-81ed-2906cc9fb6bc","home","TSV 1896 Rintheim","TV 05/07 Hüttenberg",24,16,TRUE,0,NA,NA,0,0,0,NA,0,0,0,0,0,0,NA,NA,NA,NA,NA,NA,NA,NA,0,0,0,0,NA,NA,NA,NA,NA
"Max Müller","99453a6b-3955-11ef-84c2-292be3190b7b",NA,NA,1975,"11/1/1975","37b66aa8-3960-11ef-81ed-2906cc9fb6bc","home","TSV 1896 Rintheim","TV 05/07 Hüttenberg",24,16,TRUE,7,NA,NA,0,0,3,NA,0,0,0,0,0,0,NA,NA,NA,NA,NA,NA,NA,NA,0,0,0,0,NA,NA,NA,NA,NA
"Alfred Schmitt","a25e1dab-3955-11ef-b412-2510cc07ea6e",NA,NA,1975,"11/1/1975","37b66aa8-3960-11ef-81ed-2906cc9fb6bc","home","TSV 1896 Rintheim","TV 05/07 Hüttenberg",24,16,TRUE,2,NA,NA,0,0,0,NA,0,0,0,0,0,0,NA,NA,NA,NA,NA,NA,NA,NA,0,0,0,0,NA,NA,NA,NA,NA
"Rudi Stein","a27f8606-3955-11ef-8352-2510cc07ea6e",NA,NA,1975,"11/1/1975","37b66aa8-3960-11ef-81ed-2906cc9fb6bc","home","TSV 1896 Rintheim","TV 05/07 Hüttenberg",24,16,TRUE,1,NA,NA,0,0,0,NA,0,0,0,0,0,0,NA,NA,NA,NA,NA,NA,NA,NA,0,0,0,0,NA,NA,NA,NA,NA
"Rudi Lechleidner","aec862a4-3955-11ef-ad66-a36230ada079",NA,NA,1975,"11/1/1975","37b66aa8-3960-11ef-81ed-2906cc9fb6bc","home","TSV 1896 Rintheim","TV 05/07 Hüttenberg",24,16,TRUE,3,NA,NA,0,0,0,NA,0,0,0,0,0,0,NA,NA,NA,NA,NA,NA,NA,NA,0,0,0,0,NA,NA,NA,NA,NA
"Wilfried Job","af3ed007-3955-11ef-9184-a36230ada079",NA,NA,1975,"11/1/1975","37b66aa8-3960-11ef-81ed-2906cc9fb6bc","home","TSV 1896 Rintheim","TV 05/07 Hüttenberg",24,16,TRUE,2,NA,NA,0,0,0,NA,0,0,0,0,0,0,NA,NA,NA,NA,NA,NA,NA,NA,0,0,0,0,NA,NA,NA,NA,NA
"Rolf Barthel","b1e747bc-3955-11ef-bf9b-a36230ada079",NA,NA,1975,"11/1/1975","37b66aa8-3960-11ef-81ed-2906cc9fb6bc","home","TSV 1896 Rintheim","TV 05/07 Hüttenberg",24,16,TRUE,3,NA,NA,0,0,0,NA,0,0,0,0,0,0,NA,NA,NA,NA,NA,NA,NA,NA,0,0,0,0,NA,NA,NA,NA,NA
"Žarko Olujić","b1ebb098-3955-11ef-ab01-a36230ada079",NA,NA,1975,"11/1/1975","37b66aa8-3960-11ef-81ed-2906cc9fb6bc","home","TSV 1896 Rintheim","TV 05/07 Hüttenberg",24,16,TRUE,4,NA,NA,0,0,0,NA,0,0,0,0,0,0,NA,NA,NA,NA,NA,NA,NA,NA,0,0,0,0,NA,NA,NA,NA,NA
"Walter Don","73f54ad3-3955-11ef-b2c6-51fdf2a82730",NA,NA,1975,"11/1/1975","37b66aa8-3960-11ef-81ed-2906cc9fb6bc","away","TV 05/07 Hüttenberg","TSV 1896 Rintheim",16,24,FALSE,2,NA,NA,0,0,1,NA,0,0,0,0,0,0,NA,NA,NA,NA,NA,NA,NA,NA,0,0,0,0,NA,NA,NA,NA,NA
"Harald Ohly","8048d89d-3955-11ef-a214-b908c60af10a",NA,NA,1975,"11/1/1975","37b66aa8-3960-11ef-81ed-2906cc9fb6bc","away","TV 05/07 Hüttenberg","TSV 1896 Rintheim",16,24,FALSE,1,NA,NA,0,0,0,NA,0,0,0,0,0,0,NA,NA,NA,NA,NA,NA,NA,NA,0,0,0,0,NA,NA,NA,NA,NA
"Hans-Jürgen Völpel","80753eec-3955-11ef-bd2e-b908c60af10a",NA,NA,1975,"11/1/1975","37b66aa8-3960-11ef-81ed-2906cc9fb6bc","away","TV 05/07 Hüttenberg","TSV 1896 Rintheim",16,24,FALSE,3,NA,NA,0,0,0,NA,0,0,0,0,0,0,NA,NA,NA,NA,NA,NA,NA,NA,0,0,0,0,NA,NA,NA,NA,NA
"Siegfried Weber","807d098c-3955-11ef-8827-b908c60af10a",NA,NA,1975,"11/1/1975","37b66aa8-3960-11ef-81ed-2906cc9fb6bc","away","TV 05/07 Hüttenberg","TSV 1896 Rintheim",16,24,FALSE,4,NA,NA,0,0,0,NA,0,0,0,0,0,0,NA,NA,NA,NA,NA,NA,NA,NA,0,0,0,0,NA,NA,NA,NA,NA
"Horst Spengler","80adf446-3955-11ef-a1e6-b908c60af10a",NA,NA,1975,"11/1/1975","37b66aa8-3960-11ef-81ed-2906cc9fb6bc","away","TV 05/07 Hüttenberg","TSV 1896 Rintheim",16,24,FALSE,4,NA,NA,0,0,2,NA,0,0,0,0,0,0,NA,NA,NA,NA,NA,NA,NA,NA,0,0,0,0,NA,NA,NA,NA,NA
"Klaus Meineke","8d0eefb2-3955-11ef-a068-81dc40648355",NA,NA,1975,"11/1/1975","37b66aa8-3960-11ef-81ed-2906cc9fb6bc","away","TV 05/07 Hüttenberg","TSV 1896 Rintheim",16,24,FALSE,1,NA,NA,0,0,0,NA,0,0,0,0,0,0,NA,NA,NA,NA,NA,NA,NA,NA,0,0,0,0,NA,NA,NA,NA,NA
"Roland Stoy","96890f7d-3955-11ef-939e-292be3190b7b",NA,NA,1975,"11/1/1975","37b66aa8-3960-11ef-81ed-2906cc9fb6bc","away","TV 05/07 Hüttenberg","TSV 1896 Rintheim",16,24,FALSE,0,NA,NA,0,0,0,NA,0,0,0,0,0,0,NA,NA,NA,NA,NA,NA,NA,NA,0,0,0,0,NA,NA,NA,NA,NA
"Stefan Schicketanz","a3d099d4-3955-11ef-90b6-2510cc07ea6e",NA,NA,1975,"11/1/1975","37b66aa8-3960-11ef-81ed-2906cc9fb6bc","away","TV 05/07 Hüttenberg","TSV 1896 Rintheim",16,24,FALSE,0,NA,NA,0,0,0,NA,0,0,0,0,0,0,NA,NA,NA,NA,NA,NA,NA,NA,0,0,0,0,NA,NA,NA,NA,NA
"Hans-Willi Weber","a3f62960-3955-11ef-a9a1-2510cc07ea6e",NA,NA,1975,"11/1/1975","37b66aa8-3960-11ef-81ed-2906cc9fb6bc","away","TV 05/07 Hüttenberg","TSV 1896 Rintheim",16,24,FALSE,0,NA,NA,0,0,0,NA,0,0,0,0,0,0,NA,NA,NA,NA,NA,NA,NA,NA,0,0,0,0,NA,NA,NA,NA,NA
"Udo Uebbing","ae4823ea-3955-11ef-93ce-a36230ada079",NA,NA,1975,"11/1/1975","37b66aa8-3960-11ef-81ed-2906cc9fb6bc","away","TV 05/07 Hüttenberg","TSV 1896 Rintheim",16,24,FALSE,0,NA,NA,0,0,0,NA,0,0,0,0,0,0,NA,NA,NA,NA,NA,NA,NA,NA,0,0,0,0,NA,NA,NA,NA,NA
"Josef Mantz","b15c537d-3955-11ef-b17c-a36230ada079",NA,NA,1975,"11/1/1975","37b66aa8-3960-11ef-81ed-2906cc9fb6bc","away","TV 05/07 Hüttenberg","TSV 1896 Rintheim",16,24,FALSE,1,NA,NA,0,0,0,NA,0,0,0,0,0,0,NA,NA,NA,NA,NA,NA,NA,NA,0,0,0,0,NA,NA,NA,NA,NA
"Kurt Klühspies","5ac3e7d7-3955-11ef-b574-4fa817cd91bb",NA,NA,1975,"11/1/1975","3ed92b83-3960-11ef-8d78-2906cc9fb6bc","home","TV Großwallstadt","S3L Handball",15,12,TRUE,4,NA,NA,0,0,2,NA,0,0,0,0,0,0,NA,NA,NA,NA,NA,NA,NA,NA,0,0,0,0,NA,NA,NA,NA,NA
"Manfred Hofmann","6855eb0b-3955-11ef-8cb3-292be3190b7b",NA,NA,1975,"11/1/1975","3ed92b83-3960-11ef-8d78-2906cc9fb6bc","home","TV Großwallstadt","S3L Handball",15,12,TRUE,0,NA,NA,0,0,0,NA,0,0,0,0,0,0,NA,NA,NA,NA,NA,NA,NA,NA,0,0,0,0,NA,NA,NA,NA,NA
"Heinz-Theo Kaus","8086fdf9-3955-11ef-938f-b908c60af10a",NA,NA,1975,"11/1/1975","3ed92b83-3960-11ef-8d78-2906cc9fb6bc","home","TV Großwallstadt","S3L Handball",15,12,TRUE,0,NA,NA,0,0,0,NA,0,0,0,0,0,0,NA,NA,NA,NA,NA,NA,NA,NA,0,0,0,0,NA,NA,NA,NA,NA
"Thomas Sinsel","8adb8152-3955-11ef-b2de-81dc40648355",NA,NA,1975,"11/1/1975","3ed92b83-3960-11ef-8d78-2906cc9fb6bc","home","TV Großwallstadt","S3L Handball",15,12,TRUE,4,NA,NA,0,0,0,NA,0,0,0,0,0,0,NA,NA,NA,NA,NA,NA,NA,NA,0,0,0,0,NA,NA,NA,NA,NA
"Manfred Schwarz","96d98e53-3955-11ef-a3c9-292be3190b7b",NA,NA,1975,"11/1/1975","3ed92b83-3960-11ef-8d78-2906cc9fb6bc","home","TV Großwallstadt","S3L Handball",15,12,TRUE,0,NA,NA,0,0,0,NA,0,0,0,0,0,0,NA,NA,NA,NA,NA,NA,NA,NA,0,0,0,0,NA,NA,NA,NA,NA
"Wolfgang Dümig","978dc3fc-3955-11ef-b042-292be3190b7b",NA,NA,1975,"11/1/1975","3ed92b83-3960-11ef-8d78-2906cc9fb6bc","home","TV Großwallstadt","S3L Handball",15,12,TRUE,0,NA,NA,0,0,0,NA,0,0,0,0,0,0,NA,NA,NA,NA,NA,NA,NA,NA,0,0,0,0,NA,NA,NA,NA,NA
"Ulrich Schulz","9972a35f-3955-11ef-a06d-292be3190b7b",NA,NA,1975,"11/1/1975","3ed92b83-3960-11ef-8d78-2906cc9fb6bc","home","TV Großwallstadt","S3L Handball",15,12,TRUE,3,NA,NA,0,0,0,NA,0,0,0,0,0,0,NA,NA,NA,NA,NA,NA,NA,NA,0,0,0,0,NA,NA,NA,NA,NA
"Arno Böckling","a3c38db5-3955-11ef-810f-2510cc07ea6e",NA,NA,1975,"11/1/1975","3ed92b83-3960-11ef-8d78-2906cc9fb6bc","home","TV Großwallstadt","S3L Handball",15,12,TRUE,1,NA,NA,0,0,1,NA,0,0,0,0,0,0,NA,NA,NA,NA,NA,NA,NA,NA,0,0,0,0,NA,NA,NA,NA,NA
"Eckhardt Suffel","aeac0503-3955-11ef-88c6-a36230ada079",NA,NA,1975,"11/1/1975","3ed92b83-3960-11ef-8d78-2906cc9fb6bc","home","TV Großwallstadt","S3L Handball",15,12,TRUE,2,NA,NA,0,0,0,NA,0,0,0,0,0,0,NA,NA,NA,NA,NA,NA,NA,NA,0,0,0,0,NA,NA,NA,NA,NA
"Axel Emig","aeb0e35f-3955-11ef-8342-a36230ada079",NA,NA,1975,"11/1/1975","3ed92b83-3960-11ef-8d78-2906cc9fb6bc","home","TV Großwallstadt","S3L Handball",15,12,TRUE,1,NA,NA,0,0,0,NA,0,0,0,0,0,0,NA,NA,NA,NA,NA,NA,NA,NA,0,0,0,0,NA,NA,NA,NA,NA
"Manfred Meudt","af9be5ed-3955-11ef-a3e3-a36230ada079",NA,NA,1975,"11/1/1975","3ed92b83-3960-11ef-8d78-2906cc9fb6bc","home","TV Großwallstadt","S3L Handball",15,12,TRUE,0,NA,NA,0,0,0,NA,0,0,0,0,0,0,NA,NA,NA,NA,NA,NA,NA,NA,0,0,0,0,NA,NA,NA,NA,NA
"Norbert Klein","b18179dc-3955-11ef-acc0-a36230ada079",NA,NA,1975,"11/1/1975","3ed92b83-3960-11ef-8d78-2906cc9fb6bc","home","TV Großwallstadt","S3L Handball",15,12,TRUE,0,NA,NA,0,0,0,NA,0,0,0,0,0,0,NA,NA,NA,NA,NA,NA,NA,NA,0,0,0,0,NA,NA,NA,NA,NA
"Udo Klenk","8deb261a-3955-11ef-90c3-81dc40648355",NA,NA,1975,"11/1/1975","3ed92b83-3960-11ef-8d78-2906cc9fb6bc","away","S3L Handball","TV Großwallstadt",12,15,FALSE,1,NA,NA,0,0,0,NA,0,0,0,0,0,0,NA,NA,NA,NA,NA,NA,NA,NA,0,0,0,0,NA,NA,NA,NA,NA
"Manfred Müller","ae54e819-3955-11ef-81e8-a36230ada079",NA,NA,1975,"11/1/1975","3ed92b83-3960-11ef-8d78-2906cc9fb6bc","away","S3L Handball","TV Großwallstadt",12,15,FALSE,0,NA,NA,0,0,0,NA,0,0,0,0,0,0,NA,NA,NA,NA,NA,NA,NA,NA,0,0,0,0,NA,NA,NA,NA,NA
"Georg Fitz","ae68320c-3955-11ef-89fa-a36230ada079",NA,NA,1975,"11/1/1975","3ed92b83-3960-11ef-8d78-2906cc9fb6bc","away","S3L Handball","TV Großwallstadt",12,15,FALSE,1,NA,NA,0,0,1,NA,0,0,0,0,0,0,NA,NA,NA,NA,NA,NA,NA,NA,0,0,0,0,NA,NA,NA,NA,NA
"Franz Rupp","ae6c7950-3955-11ef-87dd-a36230ada079",NA,NA,1975,"11/1/1975","3ed92b83-3960-11ef-8d78-2906cc9fb6bc","away","S3L Handball","TV Großwallstadt",12,15,FALSE,2,NA,NA,0,0,1,NA,0,0,0,0,0,0,NA,NA,NA,NA,NA,NA,NA,NA,0,0,0,0,NA,NA,NA,NA,NA
"Bernd Frühauf","ae71d80f-3955-11ef-a219-a36230ada079",NA,NA,1975,"11/1/1975","3ed92b83-3960-11ef-8d78-2906cc9fb6bc","away","S3L Handball","TV Großwallstadt",12,15,FALSE,2,NA,NA,0,0,0,NA,0,0,0,0,0,0,NA,NA,NA,NA,NA,NA,NA,NA,0,0,0,0,NA,NA,NA,NA,NA
"Wolfgang Sättele","ae76c01d-3955-11ef-bfb9-a36230ada079",NA,NA,1975,"11/1/1975","3ed92b83-3960-11ef-8d78-2906cc9fb6bc","away","S3L Handball","TV Großwallstadt",12,15,FALSE,1,NA,NA,0,0,0,NA,0,0,0,0,0,0,NA,NA,NA,NA,NA,NA,NA,NA,0,0,0,0,NA,NA,NA,NA,NA
"Joachim Hafemeister","ae7b4523-3955-11ef-b064-a36230ada079",NA,NA,1975,"11/1/1975","3ed92b83-3960-11ef-8d78-2906cc9fb6bc","away","S3L Handball","TV Großwallstadt",12,15,FALSE,0,NA,NA,0,0,0,NA,0,0,0,0,0,0,NA,NA,NA,NA,NA,NA,NA,NA,0,0,0,0,NA,NA,NA,NA,NA
"Harald Thiemer","ae803bfb-3955-11ef-9aab-a36230ada079",NA,NA,1975,"11/1/1975","3ed92b83-3960-11ef-8d78-2906cc9fb6bc","away","S3L Handball","TV Großwallstadt",12,15,FALSE,1,NA,NA,0,0,0,NA,0,0,0,0,0,0,NA,NA,NA,NA,NA,NA,NA,NA,0,0,0,0,NA,NA,NA,NA,NA
"Jürgen Hahn","ae947745-3955-11ef-bc54-a36230ada079",NA,NA,1975,"11/1/1975","3ed92b83-3960-11ef-8d78-2906cc9fb6bc","away","S3L Handball","TV Großwallstadt",12,15,FALSE,2,NA,NA,0,0,0,NA,0,0,0,0,0,0,NA,NA,NA,NA,NA,NA,NA,NA,0,0,0,0,NA,NA,NA,NA,NA
"Franz Götz","aea2eb0e-3955-11ef-b230-a36230ada079",NA,NA,1975,"11/1/1975","3ed92b83-3960-11ef-8d78-2906cc9fb6bc","away","S3L Handball","TV Großwallstadt",12,15,FALSE,2,NA,NA,0,0,0,NA,0,0,0,0,0,0,NA,NA,NA,NA,NA,NA,NA,NA,0,0,0,0,NA,NA,NA,NA,NA
"Hansjörg Jäck","b166bd31-3955-11ef-bed1-a36230ada079",NA,NA,1975,"11/1/1975","3ed92b83-3960-11ef-8d78-2906cc9fb6bc","away","S3L Handball","TV Großwallstadt",12,15,FALSE,0,NA,NA,0,0,0,NA,0,0,0,0,0,0,NA,NA,NA,NA,NA,NA,NA,NA,0,0,0,0,NA,NA,NA,NA,NA
"Wolfgang Haller","b1738c62-3955-11ef-a0aa-a36230ada079",NA,NA,1975,"11/1/1975","3ed92b83-3960-11ef-8d78-2906cc9fb6bc","away","S3L Handball","TV Großwallstadt",12,15,FALSE,0,NA,NA,0,0,0,NA,0,0,0,0,0,0,NA,NA,NA,NA,NA,NA,NA,NA,0,0,0,0,NA,NA,NA,NA,NA
"Rainer Niemeyer","5008ccec-3955-11ef-9f62-6d38c0425bc0",NA,NA,1975,"11/2/1975","31d63e46-3960-11ef-8a62-2906cc9fb6bc","home","GWD Minden","SC Phönix Essen 1920",25,18,TRUE,0,NA,NA,0,0,0,NA,0,0,0,0,0,0,NA,NA,NA,NA,NA,NA,NA,NA,0,0,0,0,NA,NA,NA,NA,NA
"Hans-Jürgen Grund","81694a24-3955-11ef-9a97-b908c60af10a",NA,NA,1975,"11/2/1975","31d63e46-3960-11ef-8a62-2906cc9fb6bc","home","GWD Minden","SC Phönix Essen 1920",25,18,TRUE,1,NA,NA,0,0,0,NA,0,0,0,0,0,0,NA,NA,NA,NA,NA,NA,NA,NA,0,0,0,0,NA,NA,NA,NA,NA
"Axel Axelsson","8b29429f-3955-11ef-baf9-81dc40648355",NA,NA,1975,"11/2/1975","31d63e46-3960-11ef-8a62-2906cc9fb6bc","home","GWD Minden","SC Phönix Essen 1920",25,18,TRUE,6,NA,NA,0,0,1,NA,0,0,0,0,0,0,NA,NA,NA,NA,NA,NA,NA,NA,0,0,0,0,NA,NA,NA,NA,NA
"Dieter Waltke","8bbe1a37-3955-11ef-a8ff-81dc40648355",NA,NA,1975,"11/2/1975","31d63e46-3960-11ef-8a62-2906cc9fb6bc","home","GWD Minden","SC Phönix Essen 1920",25,18,TRUE,3,NA,NA,0,0,0,NA,0,0,0,0,0,0,NA,NA,NA,NA,NA,NA,NA,NA,0,0,0,0,NA,NA,NA,NA,NA
"Bernhard Busch","8dc9280f-3955-11ef-80e2-81dc40648355",NA,NA,1975,"11/2/1975","31d63e46-3960-11ef-8a62-2906cc9fb6bc","home","GWD Minden","SC Phönix Essen 1920",25,18,TRUE,5,NA,NA,0,0,4,NA,0,0,0,0,0,0,NA,NA,NA,NA,NA,NA,NA,NA,0,0,0,0,NA,NA,NA,NA,NA
"Gerd Becker","96f1e245-3955-11ef-80bc-292be3190b7b",NA,NA,1975,"11/2/1975","31d63e46-3960-11ef-8a62-2906cc9fb6bc","home","GWD Minden","SC Phönix Essen 1920",25,18,TRUE,0,NA,NA,0,0,0,NA,0,0,0,0,0,0,NA,NA,NA,NA,NA,NA,NA,NA,0,0,0,0,NA,NA,NA,NA,NA
"Martin Karcher","980f80ce-3955-11ef-8054-292be3190b7b",NA,NA,1975,"11/2/1975","31d63e46-3960-11ef-8a62-2906cc9fb6bc","home","GWD Minden","SC Phönix Essen 1920",25,18,TRUE,0,NA,NA,0,0,0,NA,0,0,0,0,0,0,NA,NA,NA,NA,NA,NA,NA,NA,0,0,0,0,NA,NA,NA,NA,NA
"Gerhard Buddenbohm","98e2ecac-3955-11ef-b2de-292be3190b7b",NA,NA,1975,"11/2/1975","31d63e46-3960-11ef-8a62-2906cc9fb6bc","home","GWD Minden","SC Phönix Essen 1920",25,18,TRUE,1,NA,NA,0,0,0,NA,0,0,0,0,0,0,NA,NA,NA,NA,NA,NA,NA,NA,0,0,0,0,NA,NA,NA,NA,NA
"Ólafur Hlöðver Jónsson","98eb7177-3955-11ef-9bda-292be3190b7b",NA,NA,1975,"11/2/1975","31d63e46-3960-11ef-8a62-2906cc9fb6bc","home","GWD Minden","SC Phönix Essen 1920",25,18,TRUE,7,NA,NA,0,0,0,NA,0,0,0,0,0,0,NA,NA,NA,NA,NA,NA,NA,NA,0,0,0,0,NA,NA,NA,NA,NA
"Hans Kramer","98f50290-3955-11ef-8aa8-292be3190b7b",NA,NA,1975,"11/2/1975","31d63e46-3960-11ef-8a62-2906cc9fb6bc","home","GWD Minden","SC Phönix Essen 1920",25,18,TRUE,1,NA,NA,0,0,0,NA,0,0,0,0,0,0,NA,NA,NA,NA,NA,NA,NA,NA,0,0,0,0,NA,NA,NA,NA,NA
"Bernd Knuth","b006b967-3955-11ef-9f47-a36230ada079",NA,NA,1975,"11/2/1975","31d63e46-3960-11ef-8a62-2906cc9fb6bc","home","GWD Minden","SC Phönix Essen 1920",25,18,TRUE,0,NA,NA,0,0,0,NA,0,0,0,0,0,0,NA,NA,NA,NA,NA,NA,NA,NA,0,0,0,0,NA,NA,NA,NA,NA
"Jobst-Erich Rehse","b00be251-3955-11ef-ac35-a36230ada079",NA,NA,1975,"11/2/1975","31d63e46-3960-11ef-8a62-2906cc9fb6bc","home","GWD Minden","SC Phönix Essen 1920",25,18,TRUE,1,NA,NA,0,0,0,NA,0,0,0,0,0,0,NA,NA,NA,NA,NA,NA,NA,NA,0,0,0,0,NA,NA,NA,NA,NA
"Dieter Bartke","4fa6f4fc-3955-11ef-9f16-6d38c0425bc0",NA,NA,1975,"11/2/1975","31d63e46-3960-11ef-8a62-2906cc9fb6bc","away","SC Phönix Essen 1920","GWD Minden",18,25,FALSE,0,NA,NA,0,0,0,NA,0,0,0,0,0,0,NA,NA,NA,NA,NA,NA,NA,NA,0,0,0,0,NA,NA,NA,NA,NA
"Burkhard Windorf","8b6a317b-3955-11ef-84ca-81dc40648355",NA,NA,1975,"11/2/1975","31d63e46-3960-11ef-8a62-2906cc9fb6bc","away","SC Phönix Essen 1920","GWD Minden",18,25,FALSE,4,NA,NA,0,0,0,NA,0,0,0,0,0,0,NA,NA,NA,NA,NA,NA,NA,NA,0,0,0,0,NA,NA,NA,NA,NA
"Peter Kleibrink","a1d4c58c-3955-11ef-9cce-2510cc07ea6e",NA,NA,1975,"11/2/1975","31d63e46-3960-11ef-8a62-2906cc9fb6bc","away","SC Phönix Essen 1920","GWD Minden",18,25,FALSE,2,NA,NA,0,0,0,NA,0,0,0,0,0,0,NA,NA,NA,NA,NA,NA,NA,NA,0,0,0,0,NA,NA,NA,NA,NA
"Peter Bützer","a4cb5a85-3955-11ef-989d-2510cc07ea6e",NA,NA,1975,"11/2/1975","31d63e46-3960-11ef-8a62-2906cc9fb6bc","away","SC Phönix Essen 1920","GWD Minden",18,25,FALSE,1,NA,NA,0,0,0,NA,0,0,0,0,0,0,NA,NA,NA,NA,NA,NA,NA,NA,0,0,0,0,NA,NA,NA,NA,NA
"Carsten Matuszak","a59daa13-3955-11ef-9206-2510cc07ea6e",NA,NA,1975,"11/2/1975","31d63e46-3960-11ef-8a62-2906cc9fb6bc","away","SC Phönix Essen 1920","GWD Minden",18,25,FALSE,4,NA,NA,0,0,2,NA,0,0,0,0,0,0,NA,NA,NA,NA,NA,NA,NA,NA,0,0,0,0,NA,NA,NA,NA,NA
"Heinz Oberscheidt","a5ae94f2-3955-11ef-91fc-2510cc07ea6e",NA,NA,1975,"11/2/1975","31d63e46-3960-11ef-8a62-2906cc9fb6bc","away","SC Phönix Essen 1920","GWD Minden",18,25,FALSE,3,NA,NA,0,0,1,NA,0,0,0,0,0,0,NA,NA,NA,NA,NA,NA,NA,NA,0,0,0,0,NA,NA,NA,NA,NA
"Ingo Callies","b0b0659b-3955-11ef-87aa-a36230ada079",NA,NA,1975,"11/2/1975","31d63e46-3960-11ef-8a62-2906cc9fb6bc","away","SC Phönix Essen 1920","GWD Minden",18,25,FALSE,4,NA,NA,0,0,0,NA,0,0,0,0,0,0,NA,NA,NA,NA,NA,NA,NA,NA,0,0,0,0,NA,NA,NA,NA,NA
"Peter Forker","b0b50ef2-3955-11ef-964f-a36230ada079",NA,NA,1975,"11/2/1975","31d63e46-3960-11ef-8a62-2906cc9fb6bc","away","SC Phönix Essen 1920","GWD Minden",18,25,FALSE,0,NA,NA,0,0,0,NA,0,0,0,0,0,0,NA,NA,NA,NA,NA,NA,NA,NA,0,0,0,0,NA,NA,NA,NA,NA
"Emil Hauke","b0ba65f4-3955-11ef-9726-a36230ada079",NA,NA,1975,"11/2/1975","31d63e46-3960-11ef-8a62-2906cc9fb6bc","away","SC Phönix Essen 1920","GWD Minden",18,25,FALSE,0,NA,NA,0,0,0,NA,0,0,0,0,0,0,NA,NA,NA,NA,NA,NA,NA,NA,0,0,0,0,NA,NA,NA,NA,NA
"Rüdiger Hillebrand","b0c11a9c-3955-11ef-bf0d-a36230ada079",NA,NA,1975,"11/2/1975","31d63e46-3960-11ef-8a62-2906cc9fb6bc","away","SC Phönix Essen 1920","GWD Minden",18,25,FALSE,0,NA,NA,0,0,0,NA,0,0,0,0,0,0,NA,NA,NA,NA,NA,NA,NA,NA,0,0,0,0,NA,NA,NA,NA,NA
"Peter Pickel","8c973b42-3955-11ef-8c71-81dc40648355",NA,NA,1975,"11/2/1975","32e7109c-3960-11ef-8919-2906cc9fb6bc","home","Hamburger SV","VfL Lübeck-Schwartau",15,13,TRUE,4,NA,NA,0,0,0,NA,0,0,0,0,0,0,NA,NA,NA,NA,NA,NA,NA,NA,0,0,0,0,NA,NA,NA,NA,NA
"Richard Boczkowski","a1b43836-3955-11ef-934f-2510cc07ea6e",NA,NA,1975,"11/2/1975","32e7109c-3960-11ef-8919-2906cc9fb6bc","home","Hamburger SV","VfL Lübeck-Schwartau",15,13,TRUE,3,NA,NA,0,0,0,NA,0,0,0,0,0,0,NA,NA,NA,NA,NA,NA,NA,NA,0,0,0,0,NA,NA,NA,NA,NA
"Einar Magnusson","a3805088-3955-11ef-bfa9-2510cc07ea6e",NA,NA,1975,"11/2/1975","32e7109c-3960-11ef-8919-2906cc9fb6bc","home","Hamburger SV","VfL Lübeck-Schwartau",15,13,TRUE,3,NA,NA,0,0,0,NA,0,0,0,0,0,0,NA,NA,NA,NA,NA,NA,NA,NA,0,0,0,0,NA,NA,NA,NA,NA
"Hans-Jürgen Bode","b011e6da-3955-11ef-8205-a36230ada079",NA,NA,1975,"11/2/1975","32e7109c-3960-11ef-8919-2906cc9fb6bc","home","Hamburger SV","VfL Lübeck-Schwartau",15,13,TRUE,0,NA,NA,0,0,0,NA,0,0,0,0,0,0,NA,NA,NA,NA,NA,NA,NA,NA,0,0,0,0,NA,NA,NA,NA,NA
"Ralph Mathies","b023b170-3955-11ef-87a6-a36230ada079",NA,NA,1975,"11/2/1975","32e7109c-3960-11ef-8919-2906cc9fb6bc","home","Hamburger SV","VfL Lübeck-Schwartau",15,13,TRUE,2,NA,NA,0,0,0,NA,0,0,0,0,0,0,NA,NA,NA,NA,NA,NA,NA,NA,0,0,0,0,NA,NA,NA,NA,NA
"Jens Ivers","b02f4aea-3955-11ef-801e-a36230ada079",NA,NA,1975,"11/2/1975","32e7109c-3960-11ef-8919-2906cc9fb6bc","home","Hamburger SV","VfL Lübeck-Schwartau",15,13,TRUE,1,NA,NA,0,0,0,NA,0,0,0,0,0,0,NA,NA,NA,NA,NA,NA,NA,NA,0,0,0,0,NA,NA,NA,NA,NA
"Norbert Germer","b03f8101-3955-11ef-8945-a36230ada079",NA,NA,1975,"11/2/1975","32e7109c-3960-11ef-8919-2906cc9fb6bc","home","Hamburger SV","VfL Lübeck-Schwartau",15,13,TRUE,0,NA,NA,0,0,0,NA,0,0,0,0,0,0,NA,NA,NA,NA,NA,NA,NA,NA,0,0,0,0,NA,NA,NA,NA,NA
"Michael Surmann","b04e41f0-3955-11ef-8320-a36230ada079",NA,NA,1975,"11/2/1975","32e7109c-3960-11ef-8919-2906cc9fb6bc","home","Hamburger SV","VfL Lübeck-Schwartau",15,13,TRUE,2,NA,NA,0,0,0,NA,0,0,0,0,0,0,NA,NA,NA,NA,NA,NA,NA,NA,0,0,0,0,NA,NA,NA,NA,NA
"Klaus-Peter Alwardt","800d39da-3955-11ef-bf47-b908c60af10a",NA,NA,1975,"11/2/1975","32e7109c-3960-11ef-8919-2906cc9fb6bc","away","VfL Lübeck-Schwartau","Hamburger SV",13,15,FALSE,0,NA,NA,0,0,0,NA,0,0,0,0,0,0,NA,NA,NA,NA,NA,NA,NA,NA,0,0,0,0,NA,NA,NA,NA,NA
"Michael Dogs","b0cecb4a-3955-11ef-b665-a36230ada079",NA,NA,1975,"11/2/1975","32e7109c-3960-11ef-8919-2906cc9fb6bc","away","VfL Lübeck-Schwartau","Hamburger SV",13,15,FALSE,0,NA,NA,0,0,0,NA,0,0,0,0,0,0,NA,NA,NA,NA,NA,NA,NA,NA,0,0,0,0,NA,NA,NA,NA,NA
"Claus Gramkow","b0d7d6e6-3955-11ef-bb1c-a36230ada079",NA,NA,1975,"11/2/1975","32e7109c-3960-11ef-8919-2906cc9fb6bc","away","VfL Lübeck-Schwartau","Hamburger SV",13,15,FALSE,1,NA,NA,0,0,0,NA,0,0,0,0,0,0,NA,NA,NA,NA,NA,NA,NA,NA,0,0,0,0,NA,NA,NA,NA,NA
"Joachim Römer","b0dcb8e7-3955-11ef-83ab-a36230ada079",NA,NA,1975,"11/2/1975","32e7109c-3960-11ef-8919-2906cc9fb6bc","away","VfL Lübeck-Schwartau","Hamburger SV",13,15,FALSE,2,NA,NA,0,0,0,NA,0,0,0,0,0,0,NA,NA,NA,NA,NA,NA,NA,NA,0,0,0,0,NA,NA,NA,NA,NA
"Peter Görtz","b0e9ae8f-3955-11ef-aa48-a36230ada079",NA,NA,1975,"11/2/1975","32e7109c-3960-11ef-8919-2906cc9fb6bc","away","VfL Lübeck-Schwartau","Hamburger SV",13,15,FALSE,3,NA,NA,0,0,1,NA,0,0,0,0,0,0,NA,NA,NA,NA,NA,NA,NA,NA,0,0,0,0,NA,NA,NA,NA,NA
"Vladimir Torlaković","b0ede919-3955-11ef-a919-a36230ada079",NA,NA,1975,"11/2/1975","32e7109c-3960-11ef-8919-2906cc9fb6bc","away","VfL Lübeck-Schwartau","Hamburger SV",13,15,FALSE,0,NA,NA,0,0,0,NA,0,0,0,0,0,0,NA,NA,NA,NA,NA,NA,NA,NA,0,0,0,0,NA,NA,NA,NA,NA
"Ulrich Kleinstoll","b0f37438-3955-11ef-84e6-a36230ada079",NA,NA,1975,"11/2/1975","32e7109c-3960-11ef-8919-2906cc9fb6bc","away","VfL Lübeck-Schwartau","Hamburger SV",13,15,FALSE,0,NA,NA,0,0,0,NA,0,0,0,0,0,0,NA,NA,NA,NA,NA,NA,NA,NA,0,0,0,0,NA,NA,NA,NA,NA
"Thomas Kluth","b0f877c0-3955-11ef-a314-a36230ada079",NA,NA,1975,"11/2/1975","32e7109c-3960-11ef-8919-2906cc9fb6bc","away","VfL Lübeck-Schwartau","Hamburger SV",13,15,FALSE,1,NA,NA,0,0,0,NA,0,0,0,0,0,0,NA,NA,NA,NA,NA,NA,NA,NA,0,0,0,0,NA,NA,NA,NA,NA
"Holger Rosenfeldt","b0fd53e2-3955-11ef-9f9a-a36230ada079",NA,NA,1975,"11/2/1975","32e7109c-3960-11ef-8919-2906cc9fb6bc","away","VfL Lübeck-Schwartau","Hamburger SV",13,15,FALSE,0,NA,NA,0,0,0,NA,0,0,0,0,0,0,NA,NA,NA,NA,NA,NA,NA,NA,0,0,0,0,NA,NA,NA,NA,NA
"Karl Weiß","b106c2d8-3955-11ef-9358-a36230ada079",NA,NA,1975,"11/2/1975","32e7109c-3960-11ef-8919-2906cc9fb6bc","away","VfL Lübeck-Schwartau","Hamburger SV",13,15,FALSE,2,NA,NA,0,0,0,NA,0,0,0,0,0,0,NA,NA,NA,NA,NA,NA,NA,NA,0,0,0,0,NA,NA,NA,NA,NA
"Siegfried Berg","b10d3ec3-3955-11ef-8a30-a36230ada079",NA,NA,1975,"11/2/1975","32e7109c-3960-11ef-8919-2906cc9fb6bc","away","VfL Lübeck-Schwartau","Hamburger SV",13,15,FALSE,4,NA,NA,0,0,0,NA,0,0,0,0,0,0,NA,NA,NA,NA,NA,NA,NA,NA,0,0,0,0,NA,NA,NA,NA,NA
"Rudolf Rauer","6829713f-3955-11ef-9d88-292be3190b7b",NA,NA,1975,"11/2/1975","34908e2a-3960-11ef-94b0-2906cc9fb6bc","home","TuS 05 Wellinghofen","OSC 04 Rheinhausen",18,16,TRUE,0,NA,NA,0,0,0,NA,0,0,0,0,0,0,NA,NA,NA,NA,NA,NA,NA,NA,0,0,0,0,NA,NA,NA,NA,NA
"Karl-Heinz Schulz","72847241-3955-11ef-8bd4-51fdf2a82730",NA,NA,1975,"11/2/1975","34908e2a-3960-11ef-94b0-2906cc9fb6bc","home","TuS 05 Wellinghofen","OSC 04 Rheinhausen",18,16,TRUE,1,NA,NA,0,0,0,NA,0,0,0,0,0,0,NA,NA,NA,NA,NA,NA,NA,NA,0,0,0,0,NA,NA,NA,NA,NA
"Hans-Peter Neuhaus","8d9d3887-3955-11ef-80a3-81dc40648355",NA,NA,1975,"11/2/1975","34908e2a-3960-11ef-94b0-2906cc9fb6bc","home","TuS 05 Wellinghofen","OSC 04 Rheinhausen",18,16,TRUE,0,NA,NA,0,0,0,NA,0,0,0,0,0,0,NA,NA,NA,NA,NA,NA,NA,NA,0,0,0,0,NA,NA,NA,NA,NA
"Klaus Erwe","a4f54a19-3955-11ef-b48a-2510cc07ea6e",NA,NA,1975,"11/2/1975","34908e2a-3960-11ef-94b0-2906cc9fb6bc","home","TuS 05 Wellinghofen","OSC 04 Rheinhausen",18,16,TRUE,0,NA,NA,0,0,0,NA,0,0,0,0,0,0,NA,NA,NA,NA,NA,NA,NA,NA,0,0,0,0,NA,NA,NA,NA,NA
"Frank Haardt","a4fb1cad-3955-11ef-bd99-2510cc07ea6e",NA,NA,1975,"11/2/1975","34908e2a-3960-11ef-94b0-2906cc9fb6bc","home","TuS 05 Wellinghofen","OSC 04 Rheinhausen",18,16,TRUE,0,NA,NA,0,0,0,NA,0,0,0,0,0,0,NA,NA,NA,NA,NA,NA,NA,NA,0,0,0,0,NA,NA,NA,NA,NA
"Wilfried Rettig","a517a588-3955-11ef-a8d7-2510cc07ea6e",NA,NA,1975,"11/2/1975","34908e2a-3960-11ef-94b0-2906cc9fb6bc","home","TuS 05 Wellinghofen","OSC 04 Rheinhausen",18,16,TRUE,6,NA,NA,0,0,2,NA,0,0,0,0,0,0,NA,NA,NA,NA,NA,NA,NA,NA,0,0,0,0,NA,NA,NA,NA,NA
"Klaus Happe","a527494a-3955-11ef-a4fa-2510cc07ea6e",NA,NA,1975,"11/2/1975","34908e2a-3960-11ef-94b0-2906cc9fb6bc","home","TuS 05 Wellinghofen","OSC 04 Rheinhausen",18,16,TRUE,0,NA,NA,0,0,0,NA,0,0,0,0,0,0,NA,NA,NA,NA,NA,NA,NA,NA,0,0,0,0,NA,NA,NA,NA,NA
"Burkhard Gröning","a52c6e4f-3955-11ef-a576-2510cc07ea6e",NA,NA,1975,"11/2/1975","34908e2a-3960-11ef-94b0-2906cc9fb6bc","home","TuS 05 Wellinghofen","OSC 04 Rheinhausen",18,16,TRUE,6,NA,NA,0,0,0,NA,0,0,0,0,0,0,NA,NA,NA,NA,NA,NA,NA,NA,0,0,0,0,NA,NA,NA,NA,NA
"Klaus Tiews","a531838f-3955-11ef-8e99-2510cc07ea6e",NA,NA,1975,"11/2/1975","34908e2a-3960-11ef-94b0-2906cc9fb6bc","home","TuS 05 Wellinghofen","OSC 04 Rheinhausen",18,16,TRUE,0,NA,NA,0,0,0,NA,0,0,0,0,0,0,NA,NA,NA,NA,NA,NA,NA,NA,0,0,0,0,NA,NA,NA,NA,NA
"Ulrich Staege","b05c5beb-3955-11ef-a7d6-a36230ada079",NA,NA,1975,"11/2/1975","34908e2a-3960-11ef-94b0-2906cc9fb6bc","home","TuS 05 Wellinghofen","OSC 04 Rheinhausen",18,16,TRUE,4,NA,NA,0,0,0,NA,0,0,0,0,0,0,NA,NA,NA,NA,NA,NA,NA,NA,0,0,0,0,NA,NA,NA,NA,NA
"Herbert Rogge","b06614d7-3955-11ef-a43b-a36230ada079",NA,NA,1975,"11/2/1975","34908e2a-3960-11ef-94b0-2906cc9fb6bc","home","TuS 05 Wellinghofen","OSC 04 Rheinhausen",18,16,TRUE,1,NA,NA,0,0,0,NA,0,0,0,0,0,0,NA,NA,NA,NA,NA,NA,NA,NA,0,0,0,0,NA,NA,NA,NA,NA
"Hans-Dieter Schmitz","51093bea-3955-11ef-bc25-6d38c0425bc0",NA,NA,1975,"11/2/1975","34908e2a-3960-11ef-94b0-2906cc9fb6bc","away","OSC 04 Rheinhausen","TuS 05 Wellinghofen",16,18,FALSE,7,NA,NA,0,0,2,NA,0,0,0,0,0,0,NA,NA,NA,NA,NA,NA,NA,NA,0,0,0,0,NA,NA,NA,NA,NA
"Gerd Rosendahl","7501cfa1-3955-11ef-95a2-51fdf2a82730",NA,NA,1975,"11/2/1975","34908e2a-3960-11ef-94b0-2906cc9fb6bc","away","OSC 04 Rheinhausen","TuS 05 Wellinghofen",16,18,FALSE,1,NA,NA,0,0,0,NA,0,0,0,0,0,0,NA,NA,NA,NA,NA,NA,NA,NA,0,0,0,0,NA,NA,NA,NA,NA
"Harry Keller","7e4b9df1-3955-11ef-80fd-b908c60af10a",NA,NA,1975,"11/2/1975","34908e2a-3960-11ef-94b0-2906cc9fb6bc","away","OSC 04 Rheinhausen","TuS 05 Wellinghofen",16,18,FALSE,1,NA,NA,0,0,0,NA,0,0,0,0,0,0,NA,NA,NA,NA,NA,NA,NA,NA,0,0,0,0,NA,NA,NA,NA,NA
"Uwe Laaser","8157221e-3955-11ef-a944-b908c60af10a",NA,NA,1975,"11/2/1975","34908e2a-3960-11ef-94b0-2906cc9fb6bc","away","OSC 04 Rheinhausen","TuS 05 Wellinghofen",16,18,FALSE,0,NA,NA,0,0,0,NA,0,0,0,0,0,0,NA,NA,NA,NA,NA,NA,NA,NA,0,0,0,0,NA,NA,NA,NA,NA
"Christoph Kolodziej","8dbac357-3955-11ef-be9b-81dc40648355",NA,NA,1975,"11/2/1975","34908e2a-3960-11ef-94b0-2906cc9fb6bc","away","OSC 04 Rheinhausen","TuS 05 Wellinghofen",16,18,FALSE,0,NA,NA,0,0,0,NA,0,0,0,0,0,0,NA,NA,NA,NA,NA,NA,NA,NA,0,0,0,0,NA,NA,NA,NA,NA
"Jadranko Demirović","a1caaba8-3955-11ef-8081-2510cc07ea6e",NA,NA,1975,"11/2/1975","34908e2a-3960-11ef-94b0-2906cc9fb6bc","away","OSC 04 Rheinhausen","TuS 05 Wellinghofen",16,18,FALSE,4,NA,NA,0,0,2,NA,0,0,0,0,0,0,NA,NA,NA,NA,NA,NA,NA,NA,0,0,0,0,NA,NA,NA,NA,NA
"Norbert Meister","a610e086-3955-11ef-bf85-2510cc07ea6e",NA,NA,1975,"11/2/1975","34908e2a-3960-11ef-94b0-2906cc9fb6bc","away","OSC 04 Rheinhausen","TuS 05 Wellinghofen",16,18,FALSE,0,NA,NA,0,0,0,NA,0,0,0,0,0,0,NA,NA,NA,NA,NA,NA,NA,NA,0,0,0,0,NA,NA,NA,NA,NA
"Dieter Hünten","a62700be-3955-11ef-a847-2510cc07ea6e",NA,NA,1975,"11/2/1975","34908e2a-3960-11ef-94b0-2906cc9fb6bc","away","OSC 04 Rheinhausen","TuS 05 Wellinghofen",16,18,FALSE,0,NA,NA,0,0,0,NA,0,0,0,0,0,0,NA,NA,NA,NA,NA,NA,NA,NA,0,0,0,0,NA,NA,NA,NA,NA
"Reinhard Loepke","a62c2666-3955-11ef-a64b-2510cc07ea6e",NA,NA,1975,"11/2/1975","34908e2a-3960-11ef-94b0-2906cc9fb6bc","away","OSC 04 Rheinhausen","TuS 05 Wellinghofen",16,18,FALSE,0,NA,NA,0,0,0,NA,0,0,0,0,0,0,NA,NA,NA,NA,NA,NA,NA,NA,0,0,0,0,NA,NA,NA,NA,NA
"Burkhard Nagel","a6312ffa-3955-11ef-9438-2510cc07ea6e",NA,NA,1975,"11/2/1975","34908e2a-3960-11ef-94b0-2906cc9fb6bc","away","OSC 04 Rheinhausen","TuS 05 Wellinghofen",16,18,FALSE,3,NA,NA,0,0,0,NA,0,0,0,0,0,0,NA,NA,NA,NA,NA,NA,NA,NA,0,0,0,0,NA,NA,NA,NA,NA
"Werner Konrads","b122c116-3955-11ef-89d0-a36230ada079",NA,NA,1975,"11/2/1975","34908e2a-3960-11ef-94b0-2906cc9fb6bc","away","OSC 04 Rheinhausen","TuS 05 Wellinghofen",16,18,FALSE,0,NA,NA,0,0,0,NA,0,0,0,0,0,0,NA,NA,NA,NA,NA,NA,NA,NA,0,0,0,0,NA,NA,NA,NA,NA
"Esad Kurtagić","39c727cf-3955-11ef-82fa-bfbfc9e17c09",NA,NA,1975,"11/2/1975","374eee34-3960-11ef-a739-2906cc9fb6bc","home","TuS Derschlag 1881","THW Kiel",23,23,FALSE,3,NA,NA,0,0,0,NA,0,0,0,0,0,0,NA,NA,NA,NA,NA,NA,NA,NA,0,0,0,0,NA,NA,NA,NA,NA
"Spasoje Skerčević","50b681d8-3955-11ef-b6e8-6d38c0425bc0",NA,NA,1975,"11/2/1975","374eee34-3960-11ef-a739-2906cc9fb6bc","home","TuS Derschlag 1881","THW Kiel",23,23,FALSE,2,NA,NA,0,0,0,NA,0,0,0,0,0,0,NA,NA,NA,NA,NA,NA,NA,NA,0,0,0,0,NA,NA,NA,NA,NA
"Ullrich Pohl","8c524587-3955-11ef-96af-81dc40648355",NA,NA,1975,"11/2/1975","374eee34-3960-11ef-a739-2906cc9fb6bc","home","TuS Derschlag 1881","THW Kiel",23,23,FALSE,0,NA,NA,0,0,0,NA,0,0,0,0,0,0,NA,NA,NA,NA,NA,NA,NA,NA,0,0,0,0,NA,NA,NA,NA,NA
"Đorđe Lavrnić","9674e86d-3955-11ef-8ae9-292be3190b7b",NA,NA,1975,"11/2/1975","374eee34-3960-11ef-a739-2906cc9fb6bc","home","TuS Derschlag 1881","THW Kiel",23,23,FALSE,9,NA,NA,0,0,3,NA,0,0,0,0,0,0,NA,NA,NA,NA,NA,NA,NA,NA,0,0,0,0,NA,NA,NA,NA,NA
"Peter Lindeskoog","a2a66799-3955-11ef-bd00-2510cc07ea6e",NA,NA,1975,"11/2/1975","374eee34-3960-11ef-a739-2906cc9fb6bc","home","TuS Derschlag 1881","THW Kiel",23,23,FALSE,0,NA,NA,0,0,0,NA,0,0,0,0,0,0,NA,NA,NA,NA,NA,NA,NA,NA,0,0,0,0,NA,NA,NA,NA,NA
"Ulrich Ufer","a2c8cfa8-3955-11ef-8510-2510cc07ea6e",NA,NA,1975,"11/2/1975","374eee34-3960-11ef-a739-2906cc9fb6bc","home","TuS Derschlag 1881","THW Kiel",23,23,FALSE,8,NA,NA,0,0,0,NA,0,0,0,0,0,0,NA,NA,NA,NA,NA,NA,NA,NA,0,0,0,0,NA,NA,NA,NA,NA
"Jürgen Ulbrich","a2cdb0b8-3955-11ef-aba3-2510cc07ea6e",NA,NA,1975,"11/2/1975","374eee34-3960-11ef-a739-2906cc9fb6bc","home","TuS Derschlag 1881","THW Kiel",23,23,FALSE,0,NA,NA,0,0,0,NA,0,0,0,0,0,0,NA,NA,NA,NA,NA,NA,NA,NA,0,0,0,0,NA,NA,NA,NA,NA
"Harald Ohrendorf","ae2b1f58-3955-11ef-baab-a36230ada079",NA,NA,1975,"11/2/1975","374eee34-3960-11ef-a739-2906cc9fb6bc","home","TuS Derschlag 1881","THW Kiel",23,23,FALSE,1,NA,NA,0,0,0,NA,0,0,0,0,0,0,NA,NA,NA,NA,NA,NA,NA,NA,0,0,0,0,NA,NA,NA,NA,NA
"Helmut Keller","ae2fb2ba-3955-11ef-b38f-a36230ada079",NA,NA,1975,"11/2/1975","374eee34-3960-11ef-a739-2906cc9fb6bc","home","TuS Derschlag 1881","THW Kiel",23,23,FALSE,0,NA,NA,0,0,0,NA,0,0,0,0,0,0,NA,NA,NA,NA,NA,NA,NA,NA,0,0,0,0,NA,NA,NA,NA,NA
"Roland Hänsch","981d8549-3955-11ef-a2ca-292be3190b7b",NA,NA,1975,"11/2/1975","374eee34-3960-11ef-a739-2906cc9fb6bc","away","THW Kiel","TuS Derschlag 1881",23,23,FALSE,0,NA,NA,0,0,0,NA,0,0,0,0,0,0,NA,NA,NA,NA,NA,NA,NA,NA,0,0,0,0,NA,NA,NA,NA,NA
"Gerd Welz","98273a90-3955-11ef-a3a2-292be3190b7b",NA,NA,1975,"11/2/1975","374eee34-3960-11ef-a739-2906cc9fb6bc","away","THW Kiel","TuS Derschlag 1881",23,23,FALSE,5,NA,NA,0,0,0,NA,0,0,0,0,0,0,NA,NA,NA,NA,NA,NA,NA,NA,0,0,0,0,NA,NA,NA,NA,NA
"Hans-Lothar Bock","9991bda0-3955-11ef-a6c6-292be3190b7b",NA,NA,1975,"11/2/1975","374eee34-3960-11ef-a739-2906cc9fb6bc","away","THW Kiel","TuS Derschlag 1881",23,23,FALSE,3,NA,NA,0,0,2,NA,0,0,0,0,0,0,NA,NA,NA,NA,NA,NA,NA,NA,0,0,0,0,NA,NA,NA,NA,NA
"Dieter Krause","99996b47-3955-11ef-a9c9-292be3190b7b",NA,NA,1975,"11/2/1975","374eee34-3960-11ef-a739-2906cc9fb6bc","away","THW Kiel","TuS Derschlag 1881",23,23,FALSE,2,NA,NA,0,0,0,NA,0,0,0,0,0,0,NA,NA,NA,NA,NA,NA,NA,NA,0,0,0,0,NA,NA,NA,NA,NA
"Wolfgang Stolz","999eb14b-3955-11ef-bbce-292be3190b7b",NA,NA,1975,"11/2/1975","374eee34-3960-11ef-a739-2906cc9fb6bc","away","THW Kiel","TuS Derschlag 1881",23,23,FALSE,1,NA,NA,0,0,0,NA,0,0,0,0,0,0,NA,NA,NA,NA,NA,NA,NA,NA,0,0,0,0,NA,NA,NA,NA,NA
"Ingo Schütz","ae3ef1e3-3955-11ef-8b16-a36230ada079",NA,NA,1975,"11/2/1975","374eee34-3960-11ef-a739-2906cc9fb6bc","away","THW Kiel","TuS Derschlag 1881",23,23,FALSE,0,NA,NA,0,0,0,NA,0,0,0,0,0,0,NA,NA,NA,NA,NA,NA,NA,NA,0,0,0,0,NA,NA,NA,NA,NA
"Frank Requate","ae434759-3955-11ef-8758-a36230ada079",NA,NA,1975,"11/2/1975","374eee34-3960-11ef-a739-2906cc9fb6bc","away","THW Kiel","TuS Derschlag 1881",23,23,FALSE,3,NA,NA,0,0,0,NA,0,0,0,0,0,0,NA,NA,NA,NA,NA,NA,NA,NA,0,0,0,0,NA,NA,NA,NA,NA
"Herwig Ahrendsen","b143192b-3955-11ef-bef0-a36230ada079",NA,NA,1975,"11/2/1975","374eee34-3960-11ef-a739-2906cc9fb6bc","away","THW Kiel","TuS Derschlag 1881",23,23,FALSE,3,NA,NA,0,0,0,NA,0,0,0,0,0,0,NA,NA,NA,NA,NA,NA,NA,NA,0,0,0,0,NA,NA,NA,NA,NA
"Bernd Nielsen","b1480d2c-3955-11ef-8563-a36230ada079",NA,NA,1975,"11/2/1975","374eee34-3960-11ef-a739-2906cc9fb6bc","away","THW Kiel","TuS Derschlag 1881",23,23,FALSE,3,NA,NA,0,0,0,NA,0,0,0,0,0,0,NA,NA,NA,NA,NA,NA,NA,NA,0,0,0,0,NA,NA,NA,NA,NA
"Hartwig Moll","b14ce7d8-3955-11ef-8cb5-a36230ada079",NA,NA,1975,"11/2/1975","374eee34-3960-11ef-a739-2906cc9fb6bc","away","THW Kiel","TuS Derschlag 1881",23,23,FALSE,3,NA,NA,0,0,0,NA,0,0,0,0,0,0,NA,NA,NA,NA,NA,NA,NA,NA,0,0,0,0,NA,NA,NA,NA,NA
"Willibald Weiß","74414175-3955-11ef-89d0-51fdf2a82730",NA,NA,1975,"11/2/1975","4174f9f9-3960-11ef-8ae8-2906cc9fb6bc","home","TSV Milbertshofen","TV 1893 Neuhausen",21,17,TRUE,0,NA,NA,0,0,0,NA,0,0,0,0,0,0,NA,NA,NA,NA,NA,NA,NA,NA,0,0,0,0,NA,NA,NA,NA,NA
"Wolfgang Sommerfeld","74c0be88-3955-11ef-89fd-51fdf2a82730",NA,NA,1975,"11/2/1975","4174f9f9-3960-11ef-8ae8-2906cc9fb6bc","home","TSV Milbertshofen","TV 1893 Neuhausen",21,17,TRUE,3,NA,NA,0,0,0,NA,0,0,0,0,0,0,NA,NA,NA,NA,NA,NA,NA,NA,0,0,0,0,NA,NA,NA,NA,NA
"Richard Mayr","751d6672-3955-11ef-a322-51fdf2a82730",NA,NA,1975,"11/2/1975","4174f9f9-3960-11ef-8ae8-2906cc9fb6bc","home","TSV Milbertshofen","TV 1893 Neuhausen",21,17,TRUE,1,NA,NA,0,0,0,NA,0,0,0,0,0,0,NA,NA,NA,NA,NA,NA,NA,NA,0,0,0,0,NA,NA,NA,NA,NA
"Jochen Frank","7ee9b472-3955-11ef-ab0f-b908c60af10a",NA,NA,1975,"11/2/1975","4174f9f9-3960-11ef-8ae8-2906cc9fb6bc","home","TSV Milbertshofen","TV 1893 Neuhausen",21,17,TRUE,1,NA,NA,0,0,0,NA,0,0,0,0,0,0,NA,NA,NA,NA,NA,NA,NA,NA,0,0,0,0,NA,NA,NA,NA,NA
"Rainer Olbert","80d00b6a-3955-11ef-ab11-b908c60af10a",NA,NA,1975,"11/2/1975","4174f9f9-3960-11ef-8ae8-2906cc9fb6bc","home","TSV Milbertshofen","TV 1893 Neuhausen",21,17,TRUE,0,NA,NA,0,0,0,NA,0,0,0,0,0,0,NA,NA,NA,NA,NA,NA,NA,NA,0,0,0,0,NA,NA,NA,NA,NA
"Udo Böbel","80d4ba37-3955-11ef-9d8b-b908c60af10a",NA,NA,1975,"11/2/1975","4174f9f9-3960-11ef-8ae8-2906cc9fb6bc","home","TSV Milbertshofen","TV 1893 Neuhausen",21,17,TRUE,7,NA,NA,0,0,3,NA,0,0,0,0,0,0,NA,NA,NA,NA,NA,NA,NA,NA,0,0,0,0,NA,NA,NA,NA,NA
"Peter Jaschke","8b728782-3955-11ef-8da6-81dc40648355",NA,NA,1975,"11/2/1975","4174f9f9-3960-11ef-8ae8-2906cc9fb6bc","home","TSV Milbertshofen","TV 1893 Neuhausen",21,17,TRUE,0,NA,NA,0,0,0,NA,0,0,0,0,0,0,NA,NA,NA,NA,NA,NA,NA,NA,0,0,0,0,NA,NA,NA,NA,NA
"Werner Winkelmeier","9712104e-3955-11ef-9613-292be3190b7b",NA,NA,1975,"11/2/1975","4174f9f9-3960-11ef-8ae8-2906cc9fb6bc","home","TSV Milbertshofen","TV 1893 Neuhausen",21,17,TRUE,4,NA,NA,0,0,0,NA,0,0,0,0,0,0,NA,NA,NA,NA,NA,NA,NA,NA,0,0,0,0,NA,NA,NA,NA,NA
"Rudolf Dobler","97ac407c-3955-11ef-9ea9-292be3190b7b",NA,NA,1975,"11/2/1975","4174f9f9-3960-11ef-8ae8-2906cc9fb6bc","home","TSV Milbertshofen","TV 1893 Neuhausen",21,17,TRUE,2,NA,NA,0,0,0,NA,0,0,0,0,0,0,NA,NA,NA,NA,NA,NA,NA,NA,0,0,0,0,NA,NA,NA,NA,NA
"Erwin Heilmeier","af09c6c5-3955-11ef-9faa-a36230ada079",NA,NA,1975,"11/2/1975","4174f9f9-3960-11ef-8ae8-2906cc9fb6bc","home","TSV Milbertshofen","TV 1893 Neuhausen",21,17,TRUE,0,NA,NA,0,0,0,NA,0,0,0,0,0,0,NA,NA,NA,NA,NA,NA,NA,NA,0,0,0,0,NA,NA,NA,NA,NA
"Jochen Heyne","b1c06894-3955-11ef-ab50-a36230ada079",NA,NA,1975,"11/2/1975","4174f9f9-3960-11ef-8ae8-2906cc9fb6bc","home","TSV Milbertshofen","TV 1893 Neuhausen",21,17,TRUE,1,NA,NA,0,0,0,NA,0,0,0,0,0,0,NA,NA,NA,NA,NA,NA,NA,NA,0,0,0,0,NA,NA,NA,NA,NA
"Helmut Schelchshorn","b1c960ef-3955-11ef-850b-a36230ada079",NA,NA,1975,"11/2/1975","4174f9f9-3960-11ef-8ae8-2906cc9fb6bc","home","TSV Milbertshofen","TV 1893 Neuhausen",21,17,TRUE,2,NA,NA,0,0,0,NA,0,0,0,0,0,0,NA,NA,NA,NA,NA,NA,NA,NA,0,0,0,0,NA,NA,NA,NA,NA
"Walter Salzer","8d394c72-3955-11ef-8d73-81dc40648355",NA,NA,1975,"11/2/1975","4174f9f9-3960-11ef-8ae8-2906cc9fb6bc","away","TV 1893 Neuhausen","TSV Milbertshofen",17,21,FALSE,9,NA,NA,0,0,1,NA,0,0,0,0,0,0,NA,NA,NA,NA,NA,NA,NA,NA,0,0,0,0,NA,NA,NA,NA,NA
"Hermann Fritz","a4231bd1-3955-11ef-8299-2510cc07ea6e",NA,NA,1975,"11/2/1975","4174f9f9-3960-11ef-8ae8-2906cc9fb6bc","away","TV 1893 Neuhausen","TSV Milbertshofen",17,21,FALSE,0,NA,NA,0,0,0,NA,0,0,0,0,0,0,NA,NA,NA,NA,NA,NA,NA,NA,0,0,0,0,NA,NA,NA,NA,NA
"Klaus Stoll","a42e01cc-3955-11ef-b661-2510cc07ea6e",NA,NA,1975,"11/2/1975","4174f9f9-3960-11ef-8ae8-2906cc9fb6bc","away","TV 1893 Neuhausen","TSV Milbertshofen",17,21,FALSE,0,NA,NA,0,0,0,NA,0,0,0,0,0,0,NA,NA,NA,NA,NA,NA,NA,NA,0,0,0,0,NA,NA,NA,NA,NA
"Robert Kemmler","a438d7c7-3955-11ef-8ff6-2510cc07ea6e",NA,NA,1975,"11/2/1975","4174f9f9-3960-11ef-8ae8-2906cc9fb6bc","away","TV 1893 Neuhausen","TSV Milbertshofen",17,21,FALSE,1,NA,NA,0,0,0,NA,0,0,0,0,0,0,NA,NA,NA,NA,NA,NA,NA,NA,0,0,0,0,NA,NA,NA,NA,NA
"Julius Lehmann","a448c9e2-3955-11ef-9bf8-2510cc07ea6e",NA,NA,1975,"11/2/1975","4174f9f9-3960-11ef-8ae8-2906cc9fb6bc","away","TV 1893 Neuhausen","TSV Milbertshofen",17,21,FALSE,1,NA,NA,0,0,0,NA,0,0,0,0,0,0,NA,NA,NA,NA,NA,NA,NA,NA,0,0,0,0,NA,NA,NA,NA,NA
"Hermann Mäurle","a44f95e3-3955-11ef-b53d-2510cc07ea6e",NA,NA,1975,"11/2/1975","4174f9f9-3960-11ef-8ae8-2906cc9fb6bc","away","TV 1893 Neuhausen","TSV Milbertshofen",17,21,FALSE,1,NA,NA,0,0,0,NA,0,0,0,0,0,0,NA,NA,NA,NA,NA,NA,NA,NA,0,0,0,0,NA,NA,NA,NA,NA
"Rolf Miller","a4552808-3955-11ef-ac39-2510cc07ea6e",NA,NA,1975,"11/2/1975","4174f9f9-3960-11ef-8ae8-2906cc9fb6bc","away","TV 1893 Neuhausen","TSV Milbertshofen",17,21,FALSE,1,NA,NA,0,0,0,NA,0,0,0,0,0,0,NA,NA,NA,NA,NA,NA,NA,NA,0,0,0,0,NA,NA,NA,NA,NA
"Manfred Reusch","a45a1b11-3955-11ef-8135-2510cc07ea6e",NA,NA,1975,"11/2/1975","4174f9f9-3960-11ef-8ae8-2906cc9fb6bc","away","TV 1893 Neuhausen","TSV Milbertshofen",17,21,FALSE,0,NA,NA,0,0,0,NA,0,0,0,0,0,0,NA,NA,NA,NA,NA,NA,NA,NA,0,0,0,0,NA,NA,NA,NA,NA
"Eugen Schmid","a460a6b1-3955-11ef-966d-2510cc07ea6e",NA,NA,1975,"11/2/1975","4174f9f9-3960-11ef-8ae8-2906cc9fb6bc","away","TV 1893 Neuhausen","TSV Milbertshofen",17,21,FALSE,3,NA,NA,0,0,0,NA,0,0,0,0,0,0,NA,NA,NA,NA,NA,NA,NA,NA,0,0,0,0,NA,NA,NA,NA,NA
"Manfred Schmid","a468025d-3955-11ef-ae56-2510cc07ea6e",NA,NA,1975,"11/2/1975","4174f9f9-3960-11ef-8ae8-2906cc9fb6bc","away","TV 1893 Neuhausen","TSV Milbertshofen",17,21,FALSE,0,NA,NA,0,0,0,NA,0,0,0,0,0,0,NA,NA,NA,NA,NA,NA,NA,NA,0,0,0,0,NA,NA,NA,NA,NA
"Wolfgang Ruoff","b21c931a-3955-11ef-96d4-a36230ada079",NA,NA,1975,"11/2/1975","4174f9f9-3960-11ef-8ae8-2906cc9fb6bc","away","TV 1893 Neuhausen","TSV Milbertshofen",17,21,FALSE,0,NA,NA,0,0,0,NA,0,0,0,0,0,0,NA,NA,NA,NA,NA,NA,NA,NA,0,0,0,0,NA,NA,NA,NA,NA
"Johann Högl","b2211f04-3955-11ef-a5bd-a36230ada079",NA,NA,1975,"11/2/1975","4174f9f9-3960-11ef-8ae8-2906cc9fb6bc","away","TV 1893 Neuhausen","TSV Milbertshofen",17,21,FALSE,1,NA,NA,0,0,0,NA,0,0,0,0,0,0,NA,NA,NA,NA,NA,NA,NA,NA,0,0,0,0,NA,NA,NA,NA,NA
"Claus Hormel","65a6e4d8-3955-11ef-84ee-292be3190b7b",NA,NA,1975,"11/2/1975","42130a76-3960-11ef-aebf-2906cc9fb6bc","home","SG Dietzenbach","TuS Hofweier",17,16,TRUE,1,NA,NA,0,0,0,NA,0,0,0,0,0,0,NA,NA,NA,NA,NA,NA,NA,NA,0,0,0,0,NA,NA,NA,NA,NA
"Dieter Schappert","808baa47-3955-11ef-b967-b908c60af10a",NA,NA,1975,"11/2/1975","42130a76-3960-11ef-aebf-2906cc9fb6bc","home","SG Dietzenbach","TuS Hofweier",17,16,TRUE,0,NA,NA,0,0,0,NA,0,0,0,0,0,0,NA,NA,NA,NA,NA,NA,NA,NA,0,0,0,0,NA,NA,NA,NA,NA
"Milan Krstić","8a85bfb0-3955-11ef-ac1d-81dc40648355",NA,NA,1975,"11/2/1975","42130a76-3960-11ef-aebf-2906cc9fb6bc","home","SG Dietzenbach","TuS Hofweier",17,16,TRUE,6,NA,NA,0,0,1,NA,0,0,0,0,0,0,NA,NA,NA,NA,NA,NA,NA,NA,0,0,0,0,NA,NA,NA,NA,NA
"Heinz-Walter Behne","8be65881-3955-11ef-8872-81dc40648355",NA,NA,1975,"11/2/1975","42130a76-3960-11ef-aebf-2906cc9fb6bc","home","SG Dietzenbach","TuS Hofweier",17,16,TRUE,3,NA,NA,0,0,0,NA,0,0,0,0,0,0,NA,NA,NA,NA,NA,NA,NA,NA,0,0,0,0,NA,NA,NA,NA,NA
"Herbert Wehnert","96e104db-3955-11ef-b58d-292be3190b7b",NA,NA,1975,"11/2/1975","42130a76-3960-11ef-aebf-2906cc9fb6bc","home","SG Dietzenbach","TuS Hofweier",17,16,TRUE,5,NA,NA,0,0,0,NA,0,0,0,0,0,0,NA,NA,NA,NA,NA,NA,NA,NA,0,0,0,0,NA,NA,NA,NA,NA
"Manfred Merk","a2e89182-3955-11ef-b7cf-2510cc07ea6e",NA,NA,1975,"11/2/1975","42130a76-3960-11ef-aebf-2906cc9fb6bc","home","SG Dietzenbach","TuS Hofweier",17,16,TRUE,0,NA,NA,0,0,0,NA,0,0,0,0,0,0,NA,NA,NA,NA,NA,NA,NA,NA,0,0,0,0,NA,NA,NA,NA,NA
"Otto Allies","af191a75-3955-11ef-8c7e-a36230ada079",NA,NA,1975,"11/2/1975","42130a76-3960-11ef-aebf-2906cc9fb6bc","home","SG Dietzenbach","TuS Hofweier",17,16,TRUE,0,NA,NA,0,0,0,NA,0,0,0,0,0,0,NA,NA,NA,NA,NA,NA,NA,NA,0,0,0,0,NA,NA,NA,NA,NA
"Klaus Budecker","af1ed2a9-3955-11ef-854d-a36230ada079",NA,NA,1975,"11/2/1975","42130a76-3960-11ef-aebf-2906cc9fb6bc","home","SG Dietzenbach","TuS Hofweier",17,16,TRUE,1,NA,NA,0,0,0,NA,0,0,0,0,0,0,NA,NA,NA,NA,NA,NA,NA,NA,0,0,0,0,NA,NA,NA,NA,NA
"Ronald Wittig","af27e5c1-3955-11ef-9f41-a36230ada079",NA,NA,1975,"11/2/1975","42130a76-3960-11ef-aebf-2906cc9fb6bc","home","SG Dietzenbach","TuS Hofweier",17,16,TRUE,0,NA,NA,0,0,0,NA,0,0,0,0,0,0,NA,NA,NA,NA,NA,NA,NA,NA,0,0,0,0,NA,NA,NA,NA,NA
"Heinrich Baum","af2c6c48-3955-11ef-964a-a36230ada079",NA,NA,1975,"11/2/1975","42130a76-3960-11ef-aebf-2906cc9fb6bc","home","SG Dietzenbach","TuS Hofweier",17,16,TRUE,1,NA,NA,0,0,0,NA,0,0,0,0,0,0,NA,NA,NA,NA,NA,NA,NA,NA,0,0,0,0,NA,NA,NA,NA,NA
"Arno Ehret","39c2c361-3955-11ef-8c9d-bfbfc9e17c09",NA,NA,1975,"11/2/1975","42130a76-3960-11ef-aebf-2906cc9fb6bc","away","TuS Hofweier","SG Dietzenbach",16,17,FALSE,6,NA,NA,0,0,0,NA,0,0,0,0,0,0,NA,NA,NA,NA,NA,NA,NA,NA,0,0,0,0,NA,NA,NA,NA,NA
"Gerd Leibiger","7ed15d40-3955-11ef-a28c-b908c60af10a",NA,NA,1975,"11/2/1975","42130a76-3960-11ef-aebf-2906cc9fb6bc","away","TuS Hofweier","SG Dietzenbach",16,17,FALSE,2,NA,NA,0,0,0,NA,0,0,0,0,0,0,NA,NA,NA,NA,NA,NA,NA,NA,0,0,0,0,NA,NA,NA,NA,NA
"Josef Schienle","8e1c1721-3955-11ef-9a54-81dc40648355",NA,NA,1975,"11/2/1975","42130a76-3960-11ef-aebf-2906cc9fb6bc","away","TuS Hofweier","SG Dietzenbach",16,17,FALSE,0,NA,NA,0,0,0,NA,0,0,0,0,0,0,NA,NA,NA,NA,NA,NA,NA,NA,0,0,0,0,NA,NA,NA,NA,NA
"Franz Bechler","98035d7e-3955-11ef-8b94-292be3190b7b",NA,NA,1975,"11/2/1975","42130a76-3960-11ef-aebf-2906cc9fb6bc","away","TuS Hofweier","SG Dietzenbach",16,17,FALSE,1,NA,NA,0,0,0,NA,0,0,0,0,0,0,NA,NA,NA,NA,NA,NA,NA,NA,0,0,0,0,NA,NA,NA,NA,NA
"Günter Sinz","a3af1ecc-3955-11ef-bd85-2510cc07ea6e",NA,NA,1975,"11/2/1975","42130a76-3960-11ef-aebf-2906cc9fb6bc","away","TuS Hofweier","SG Dietzenbach",16,17,FALSE,0,NA,NA,0,0,0,NA,0,0,0,0,0,0,NA,NA,NA,NA,NA,NA,NA,NA,0,0,0,0,NA,NA,NA,NA,NA
"Werner Voit","a3b992ef-3955-11ef-84c8-2510cc07ea6e",NA,NA,1975,"11/2/1975","42130a76-3960-11ef-aebf-2906cc9fb6bc","away","TuS Hofweier","SG Dietzenbach",16,17,FALSE,1,NA,NA,0,0,0,NA,0,0,0,0,0,0,NA,NA,NA,NA,NA,NA,NA,NA,0,0,0,0,NA,NA,NA,NA,NA
"Werner Decker","afcae313-3955-11ef-a9cf-a36230ada079",NA,NA,1975,"11/2/1975","42130a76-3960-11ef-aebf-2906cc9fb6bc","away","TuS Hofweier","SG Dietzenbach",16,17,FALSE,0,NA,NA,0,0,0,NA,0,0,0,0,0,0,NA,NA,NA,NA,NA,NA,NA,NA,0,0,0,0,NA,NA,NA,NA,NA
"Wolfgang Bruck","afd5808d-3955-11ef-a3c4-a36230ada079",NA,NA,1975,"11/2/1975","42130a76-3960-11ef-aebf-2906cc9fb6bc","away","TuS Hofweier","SG Dietzenbach",16,17,FALSE,0,NA,NA,0,0,0,NA,0,0,0,0,0,0,NA,NA,NA,NA,NA,NA,NA,NA,0,0,0,0,NA,NA,NA,NA,NA
"Wilfried Göppert","afe18023-3955-11ef-8040-a36230ada079",NA,NA,1975,"11/2/1975","42130a76-3960-11ef-aebf-2906cc9fb6bc","away","TuS Hofweier","SG Dietzenbach",16,17,FALSE,0,NA,NA,0,0,0,NA,0,0,0,0,0,0,NA,NA,NA,NA,NA,NA,NA,NA,0,0,0,0,NA,NA,NA,NA,NA
"Esad Kurtagić","39c727cf-3955-11ef-82fa-bfbfc9e17c09",NA,NA,1975,"11/14/1975","34aac505-3960-11ef-a187-2906cc9fb6bc","home","TuS Derschlag 1881","TuS 05 Wellinghofen",10,14,FALSE,0,NA,NA,0,0,0,NA,0,0,0,0,0,0,NA,NA,NA,NA,NA,NA,NA,NA,0,0,0,0,NA,NA,NA,NA,NA
"Spasoje Skerčević","50b681d8-3955-11ef-b6e8-6d38c0425bc0",NA,NA,1975,"11/14/1975","34aac505-3960-11ef-a187-2906cc9fb6bc","home","TuS Derschlag 1881","TuS 05 Wellinghofen",10,14,FALSE,1,NA,NA,0,0,0,NA,0,0,0,0,0,0,NA,NA,NA,NA,NA,NA,NA,NA,0,0,0,0,NA,NA,NA,NA,NA
"Klaus Brand","51394441-3955-11ef-8fab-6d38c0425bc0",NA,NA,1975,"11/14/1975","34aac505-3960-11ef-a187-2906cc9fb6bc","home","TuS Derschlag 1881","TuS 05 Wellinghofen",10,14,FALSE,0,NA,NA,0,0,0,NA,0,0,0,0,0,0,NA,NA,NA,NA,NA,NA,NA,NA,0,0,0,0,NA,NA,NA,NA,NA
"Ullrich Pohl","8c524587-3955-11ef-96af-81dc40648355",NA,NA,1975,"11/14/1975","34aac505-3960-11ef-a187-2906cc9fb6bc","home","TuS Derschlag 1881","TuS 05 Wellinghofen",10,14,FALSE,0,NA,NA,0,0,0,NA,0,0,0,0,0,0,NA,NA,NA,NA,NA,NA,NA,NA,0,0,0,0,NA,NA,NA,NA,NA
"Đorđe Lavrnić","9674e86d-3955-11ef-8ae9-292be3190b7b",NA,NA,1975,"11/14/1975","34aac505-3960-11ef-a187-2906cc9fb6bc","home","TuS Derschlag 1881","TuS 05 Wellinghofen",10,14,FALSE,5,NA,NA,0,0,5,NA,0,0,0,0,0,0,NA,NA,NA,NA,NA,NA,NA,NA,0,0,0,0,NA,NA,NA,NA,NA
"Peter Lindeskoog","a2a66799-3955-11ef-bd00-2510cc07ea6e",NA,NA,1975,"11/14/1975","34aac505-3960-11ef-a187-2906cc9fb6bc","home","TuS Derschlag 1881","TuS 05 Wellinghofen",10,14,FALSE,0,NA,NA,0,0,0,NA,0,0,0,0,0,0,NA,NA,NA,NA,NA,NA,NA,NA,0,0,0,0,NA,NA,NA,NA,NA
"Ulrich Ufer","a2c8cfa8-3955-11ef-8510-2510cc07ea6e",NA,NA,1975,"11/14/1975","34aac505-3960-11ef-a187-2906cc9fb6bc","home","TuS Derschlag 1881","TuS 05 Wellinghofen",10,14,FALSE,2,NA,NA,0,0,2,NA,0,0,0,0,0,0,NA,NA,NA,NA,NA,NA,NA,NA,0,0,0,0,NA,NA,NA,NA,NA
"Harald Ohrendorf","ae2b1f58-3955-11ef-baab-a36230ada079",NA,NA,1975,"11/14/1975","34aac505-3960-11ef-a187-2906cc9fb6bc","home","TuS Derschlag 1881","TuS 05 Wellinghofen",10,14,FALSE,2,NA,NA,0,0,0,NA,0,0,0,0,0,0,NA,NA,NA,NA,NA,NA,NA,NA,0,0,0,0,NA,NA,NA,NA,NA
"Helmut Keller","ae2fb2ba-3955-11ef-b38f-a36230ada079",NA,NA,1975,"11/14/1975","34aac505-3960-11ef-a187-2906cc9fb6bc","home","TuS Derschlag 1881","TuS 05 Wellinghofen",10,14,FALSE,0,NA,NA,0,0,0,NA,0,0,0,0,0,0,NA,NA,NA,NA,NA,NA,NA,NA,0,0,0,0,NA,NA,NA,NA,NA
"Eric Ludwig","b1331def-3955-11ef-b6f8-a36230ada079",NA,NA,1975,"11/14/1975","34aac505-3960-11ef-a187-2906cc9fb6bc","home","TuS Derschlag 1881","TuS 05 Wellinghofen",10,14,FALSE,0,NA,NA,0,0,0,NA,0,0,0,0,0,0,NA,NA,NA,NA,NA,NA,NA,NA,0,0,0,0,NA,NA,NA,NA,NA
"Karl-Heinz Schulz","72847241-3955-11ef-8bd4-51fdf2a82730",NA,NA,1975,"11/14/1975","34aac505-3960-11ef-a187-2906cc9fb6bc","away","TuS 05 Wellinghofen","TuS Derschlag 1881",14,10,TRUE,2,NA,NA,0,0,0,NA,0,0,0,0,0,0,NA,NA,NA,NA,NA,NA,NA,NA,0,0,0,0,NA,NA,NA,NA,NA
"Hans-Peter Neuhaus","8d9d3887-3955-11ef-80a3-81dc40648355",NA,NA,1975,"11/14/1975","34aac505-3960-11ef-a187-2906cc9fb6bc","away","TuS 05 Wellinghofen","TuS Derschlag 1881",14,10,TRUE,1,NA,NA,0,0,0,NA,0,0,0,0,0,0,NA,NA,NA,NA,NA,NA,NA,NA,0,0,0,0,NA,NA,NA,NA,NA
"Klaus Erwe","a4f54a19-3955-11ef-b48a-2510cc07ea6e",NA,NA,1975,"11/14/1975","34aac505-3960-11ef-a187-2906cc9fb6bc","away","TuS 05 Wellinghofen","TuS Derschlag 1881",14,10,TRUE,0,NA,NA,0,0,0,NA,0,0,0,0,0,0,NA,NA,NA,NA,NA,NA,NA,NA,0,0,0,0,NA,NA,NA,NA,NA
"Frank Haardt","a4fb1cad-3955-11ef-bd99-2510cc07ea6e",NA,NA,1975,"11/14/1975","34aac505-3960-11ef-a187-2906cc9fb6bc","away","TuS 05 Wellinghofen","TuS Derschlag 1881",14,10,TRUE,0,NA,NA,0,0,0,NA,0,0,0,0,0,0,NA,NA,NA,NA,NA,NA,NA,NA,0,0,0,0,NA,NA,NA,NA,NA
"Wilfried Rettig","a517a588-3955-11ef-a8d7-2510cc07ea6e",NA,NA,1975,"11/14/1975","34aac505-3960-11ef-a187-2906cc9fb6bc","away","TuS 05 Wellinghofen","TuS Derschlag 1881",14,10,TRUE,5,NA,NA,0,0,2,NA,0,0,0,0,0,0,NA,NA,NA,NA,NA,NA,NA,NA,0,0,0,0,NA,NA,NA,NA,NA
"Winfried Gabel","a521dedb-3955-11ef-a3bd-2510cc07ea6e",NA,NA,1975,"11/14/1975","34aac505-3960-11ef-a187-2906cc9fb6bc","away","TuS 05 Wellinghofen","TuS Derschlag 1881",14,10,TRUE,1,NA,NA,0,0,0,NA,0,0,0,0,0,0,NA,NA,NA,NA,NA,NA,NA,NA,0,0,0,0,NA,NA,NA,NA,NA
"Klaus Happe","a527494a-3955-11ef-a4fa-2510cc07ea6e",NA,NA,1975,"11/14/1975","34aac505-3960-11ef-a187-2906cc9fb6bc","away","TuS 05 Wellinghofen","TuS Derschlag 1881",14,10,TRUE,0,NA,NA,0,0,0,NA,0,0,0,0,0,0,NA,NA,NA,NA,NA,NA,NA,NA,0,0,0,0,NA,NA,NA,NA,NA
"Burkhard Gröning","a52c6e4f-3955-11ef-a576-2510cc07ea6e",NA,NA,1975,"11/14/1975","34aac505-3960-11ef-a187-2906cc9fb6bc","away","TuS 05 Wellinghofen","TuS Derschlag 1881",14,10,TRUE,3,NA,NA,0,0,0,NA,0,0,0,0,0,0,NA,NA,NA,NA,NA,NA,NA,NA,0,0,0,0,NA,NA,NA,NA,NA
"Ulrich Staege","b05c5beb-3955-11ef-a7d6-a36230ada079",NA,NA,1975,"11/14/1975","34aac505-3960-11ef-a187-2906cc9fb6bc","away","TuS 05 Wellinghofen","TuS Derschlag 1881",14,10,TRUE,0,NA,NA,0,0,0,NA,0,0,0,0,0,0,NA,NA,NA,NA,NA,NA,NA,NA,0,0,0,0,NA,NA,NA,NA,NA
"Herbert Rogge","b06614d7-3955-11ef-a43b-a36230ada079",NA,NA,1975,"11/14/1975","34aac505-3960-11ef-a187-2906cc9fb6bc","away","TuS 05 Wellinghofen","TuS Derschlag 1881",14,10,TRUE,2,NA,NA,0,0,0,NA,0,0,0,0,0,0,NA,NA,NA,NA,NA,NA,NA,NA,0,0,0,0,NA,NA,NA,NA,NA
"Heiner Brand","44e82d45-3955-11ef-bc71-4fa817cd91bb",NA,NA,1975,"11/15/1975","2ab9eb68-3960-11ef-a331-2906cc9fb6bc","home","VfL Gummersbach","SC Phönix Essen 1920",15,9,TRUE,1,NA,NA,0,0,0,NA,0,0,0,0,0,0,NA,NA,NA,NA,NA,NA,NA,NA,0,0,0,0,NA,NA,NA,NA,NA
"Klaus Westebbe","8c58f63a-3955-11ef-b65e-81dc40648355",NA,NA,1975,"11/15/1975","2ab9eb68-3960-11ef-a331-2906cc9fb6bc","home","VfL Gummersbach","SC Phönix Essen 1920",15,9,TRUE,4,NA,NA,0,0,0,NA,0,0,0,0,0,0,NA,NA,NA,NA,NA,NA,NA,NA,0,0,0,0,NA,NA,NA,NA,NA
"Klaus Kater","8da1f6ef-3955-11ef-b31a-81dc40648355",NA,NA,1975,"11/15/1975","2ab9eb68-3960-11ef-a331-2906cc9fb6bc","home","VfL Gummersbach","SC Phönix Essen 1920",15,9,TRUE,0,NA,NA,0,0,0,NA,0,0,0,0,0,0,NA,NA,NA,NA,NA,NA,NA,NA,0,0,0,0,NA,NA,NA,NA,NA
"Klaus Schlagheck","97a06613-3955-11ef-8056-292be3190b7b",NA,NA,1975,"11/15/1975","2ab9eb68-3960-11ef-a331-2906cc9fb6bc","home","VfL Gummersbach","SC Phönix Essen 1920",15,9,TRUE,3,NA,NA,0,0,0,NA,0,0,0,0,0,0,NA,NA,NA,NA,NA,NA,NA,NA,0,0,0,0,NA,NA,NA,NA,NA
"Joachim Deckarm","9976945f-3955-11ef-afc4-292be3190b7b",NA,NA,1975,"11/15/1975","2ab9eb68-3960-11ef-a331-2906cc9fb6bc","home","VfL Gummersbach","SC Phönix Essen 1920",15,9,TRUE,2,NA,NA,0,0,0,NA,0,0,0,0,0,0,NA,NA,NA,NA,NA,NA,NA,NA,0,0,0,0,NA,NA,NA,NA,NA
"Jochen Feldhoff","a32751a5-3955-11ef-badf-2510cc07ea6e",NA,NA,1975,"11/15/1975","2ab9eb68-3960-11ef-a331-2906cc9fb6bc","home","VfL Gummersbach","SC Phönix Essen 1920",15,9,TRUE,2,NA,NA,0,0,0,NA,0,0,0,0,0,0,NA,NA,NA,NA,NA,NA,NA,NA,0,0,0,0,NA,NA,NA,NA,NA
"Manfred Glodde","a32e0a86-3955-11ef-9caa-2510cc07ea6e",NA,NA,1975,"11/15/1975","2ab9eb68-3960-11ef-a331-2906cc9fb6bc","home","VfL Gummersbach","SC Phönix Essen 1920",15,9,TRUE,1,NA,NA,0,0,0,NA,0,0,0,0,0,0,NA,NA,NA,NA,NA,NA,NA,NA,0,0,0,0,NA,NA,NA,NA,NA
"Joachim Henkels","a3386008-3955-11ef-810a-2510cc07ea6e",NA,NA,1975,"11/15/1975","2ab9eb68-3960-11ef-a331-2906cc9fb6bc","home","VfL Gummersbach","SC Phönix Essen 1920",15,9,TRUE,1,NA,NA,0,0,0,NA,0,0,0,0,0,0,NA,NA,NA,NA,NA,NA,NA,NA,0,0,0,0,NA,NA,NA,NA,NA
"Karl-Heinz Nolde","a33d5c4a-3955-11ef-b577-2510cc07ea6e",NA,NA,1975,"11/15/1975","2ab9eb68-3960-11ef-a331-2906cc9fb6bc","home","VfL Gummersbach","SC Phönix Essen 1920",15,9,TRUE,0,NA,NA,0,0,0,NA,0,0,0,0,0,0,NA,NA,NA,NA,NA,NA,NA,NA,0,0,0,0,NA,NA,NA,NA,NA
"Werner Lettgen","ae263c3c-3955-11ef-96f7-a36230ada079",NA,NA,1975,"11/15/1975","2ab9eb68-3960-11ef-a331-2906cc9fb6bc","home","VfL Gummersbach","SC Phönix Essen 1920",15,9,TRUE,0,NA,NA,0,0,0,NA,0,0,0,0,0,0,NA,NA,NA,NA,NA,NA,NA,NA,0,0,0,0,NA,NA,NA,NA,NA
"Hans-Günther Schmidt","aff5702f-3955-11ef-9878-a36230ada079",NA,NA,1975,"11/15/1975","2ab9eb68-3960-11ef-a331-2906cc9fb6bc","home","VfL Gummersbach","SC Phönix Essen 1920",15,9,TRUE,1,NA,NA,0,0,1,NA,0,0,0,0,0,0,NA,NA,NA,NA,NA,NA,NA,NA,0,0,0,0,NA,NA,NA,NA,NA
"Dieter Bartke","4fa6f4fc-3955-11ef-9f16-6d38c0425bc0",NA,NA,1975,"11/15/1975","2ab9eb68-3960-11ef-a331-2906cc9fb6bc","away","SC Phönix Essen 1920","VfL Gummersbach",9,15,FALSE,0,NA,NA,0,0,0,NA,0,0,0,0,0,0,NA,NA,NA,NA,NA,NA,NA,NA,0,0,0,0,NA,NA,NA,NA,NA
"Burkhard Windorf","8b6a317b-3955-11ef-84ca-81dc40648355",NA,NA,1975,"11/15/1975","2ab9eb68-3960-11ef-a331-2906cc9fb6bc","away","SC Phönix Essen 1920","VfL Gummersbach",9,15,FALSE,0,NA,NA,0,0,0,NA,0,0,0,0,0,0,NA,NA,NA,NA,NA,NA,NA,NA,0,0,0,0,NA,NA,NA,NA,NA
"Peter Kleibrink","a1d4c58c-3955-11ef-9cce-2510cc07ea6e",NA,NA,1975,"11/15/1975","2ab9eb68-3960-11ef-a331-2906cc9fb6bc","away","SC Phönix Essen 1920","VfL Gummersbach",9,15,FALSE,5,NA,NA,0,0,0,NA,0,0,0,0,0,0,NA,NA,NA,NA,NA,NA,NA,NA,0,0,0,0,NA,NA,NA,NA,NA
"Peter Bützer","a4cb5a85-3955-11ef-989d-2510cc07ea6e",NA,NA,1975,"11/15/1975","2ab9eb68-3960-11ef-a331-2906cc9fb6bc","away","SC Phönix Essen 1920","VfL Gummersbach",9,15,FALSE,0,NA,NA,0,0,0,NA,0,0,0,0,0,0,NA,NA,NA,NA,NA,NA,NA,NA,0,0,0,0,NA,NA,NA,NA,NA
"Carsten Matuszak","a59daa13-3955-11ef-9206-2510cc07ea6e",NA,NA,1975,"11/15/1975","2ab9eb68-3960-11ef-a331-2906cc9fb6bc","away","SC Phönix Essen 1920","VfL Gummersbach",9,15,FALSE,1,NA,NA,0,0,1,NA,0,0,0,0,0,0,NA,NA,NA,NA,NA,NA,NA,NA,0,0,0,0,NA,NA,NA,NA,NA
"Heinz Oberscheidt","a5ae94f2-3955-11ef-91fc-2510cc07ea6e",NA,NA,1975,"11/15/1975","2ab9eb68-3960-11ef-a331-2906cc9fb6bc","away","SC Phönix Essen 1920","VfL Gummersbach",9,15,FALSE,2,NA,NA,0,0,0,NA,0,0,0,0,0,0,NA,NA,NA,NA,NA,NA,NA,NA,0,0,0,0,NA,NA,NA,NA,NA
"Ingo Callies","b0b0659b-3955-11ef-87aa-a36230ada079",NA,NA,1975,"11/15/1975","2ab9eb68-3960-11ef-a331-2906cc9fb6bc","away","SC Phönix Essen 1920","VfL Gummersbach",9,15,FALSE,1,NA,NA,0,0,0,NA,0,0,0,0,0,0,NA,NA,NA,NA,NA,NA,NA,NA,0,0,0,0,NA,NA,NA,NA,NA
"Peter Forker","b0b50ef2-3955-11ef-964f-a36230ada079",NA,NA,1975,"11/15/1975","2ab9eb68-3960-11ef-a331-2906cc9fb6bc","away","SC Phönix Essen 1920","VfL Gummersbach",9,15,FALSE,0,NA,NA,0,0,0,NA,0,0,0,0,0,0,NA,NA,NA,NA,NA,NA,NA,NA,0,0,0,0,NA,NA,NA,NA,NA
"Emil Hauke","b0ba65f4-3955-11ef-9726-a36230ada079",NA,NA,1975,"11/15/1975","2ab9eb68-3960-11ef-a331-2906cc9fb6bc","away","SC Phönix Essen 1920","VfL Gummersbach",9,15,FALSE,0,NA,NA,0,0,0,NA,0,0,0,0,0,0,NA,NA,NA,NA,NA,NA,NA,NA,0,0,0,0,NA,NA,NA,NA,NA
"Rüdiger Hillebrand","b0c11a9c-3955-11ef-bf0d-a36230ada079",NA,NA,1975,"11/15/1975","2ab9eb68-3960-11ef-a331-2906cc9fb6bc","away","SC Phönix Essen 1920","VfL Gummersbach",9,15,FALSE,0,NA,NA,0,0,0,NA,0,0,0,0,0,0,NA,NA,NA,NA,NA,NA,NA,NA,0,0,0,0,NA,NA,NA,NA,NA
"Rainer Niemeyer","5008ccec-3955-11ef-9f62-6d38c0425bc0",NA,NA,1975,"11/15/1975","31e600dc-3960-11ef-a25f-2906cc9fb6bc","home","GWD Minden","TSV Altenholz",16,10,TRUE,0,NA,NA,0,0,0,NA,0,0,0,0,0,0,NA,NA,NA,NA,NA,NA,NA,NA,0,0,0,0,NA,NA,NA,NA,NA
"Hans-Jürgen Grund","81694a24-3955-11ef-9a97-b908c60af10a",NA,NA,1975,"11/15/1975","31e600dc-3960-11ef-a25f-2906cc9fb6bc","home","GWD Minden","TSV Altenholz",16,10,TRUE,0,NA,NA,0,0,0,NA,0,0,0,0,0,0,NA,NA,NA,NA,NA,NA,NA,NA,0,0,0,0,NA,NA,NA,NA,NA
"Axel Axelsson","8b29429f-3955-11ef-baf9-81dc40648355",NA,NA,1975,"11/15/1975","31e600dc-3960-11ef-a25f-2906cc9fb6bc","home","GWD Minden","TSV Altenholz",16,10,TRUE,7,NA,NA,0,0,1,NA,0,0,0,0,0,0,NA,NA,NA,NA,NA,NA,NA,NA,0,0,0,0,NA,NA,NA,NA,NA
"Dieter Waltke","8bbe1a37-3955-11ef-a8ff-81dc40648355",NA,NA,1975,"11/15/1975","31e600dc-3960-11ef-a25f-2906cc9fb6bc","home","GWD Minden","TSV Altenholz",16,10,TRUE,3,NA,NA,0,0,1,NA,0,0,0,0,0,0,NA,NA,NA,NA,NA,NA,NA,NA,0,0,0,0,NA,NA,NA,NA,NA
"Bernhard Busch","8dc9280f-3955-11ef-80e2-81dc40648355",NA,NA,1975,"11/15/1975","31e600dc-3960-11ef-a25f-2906cc9fb6bc","home","GWD Minden","TSV Altenholz",16,10,TRUE,1,NA,NA,0,0,0,NA,0,0,0,0,0,0,NA,NA,NA,NA,NA,NA,NA,NA,0,0,0,0,NA,NA,NA,NA,NA
"Gerd Becker","96f1e245-3955-11ef-80bc-292be3190b7b",NA,NA,1975,"11/15/1975","31e600dc-3960-11ef-a25f-2906cc9fb6bc","home","GWD Minden","TSV Altenholz",16,10,TRUE,1,NA,NA,0,0,0,NA,0,0,0,0,0,0,NA,NA,NA,NA,NA,NA,NA,NA,0,0,0,0,NA,NA,NA,NA,NA
"Walter von Oepen","97f2373d-3955-11ef-82ae-292be3190b7b",NA,NA,1975,"11/15/1975","31e600dc-3960-11ef-a25f-2906cc9fb6bc","home","GWD Minden","TSV Altenholz",16,10,TRUE,0,NA,NA,0,0,0,NA,0,0,0,0,0,0,NA,NA,NA,NA,NA,NA,NA,NA,0,0,0,0,NA,NA,NA,NA,NA
"Martin Karcher","980f80ce-3955-11ef-8054-292be3190b7b",NA,NA,1975,"11/15/1975","31e600dc-3960-11ef-a25f-2906cc9fb6bc","home","GWD Minden","TSV Altenholz",16,10,TRUE,0,NA,NA,0,0,0,NA,0,0,0,0,0,0,NA,NA,NA,NA,NA,NA,NA,NA,0,0,0,0,NA,NA,NA,NA,NA
"Gerhard Buddenbohm","98e2ecac-3955-11ef-b2de-292be3190b7b",NA,NA,1975,"11/15/1975","31e600dc-3960-11ef-a25f-2906cc9fb6bc","home","GWD Minden","TSV Altenholz",16,10,TRUE,0,NA,NA,0,0,0,NA,0,0,0,0,0,0,NA,NA,NA,NA,NA,NA,NA,NA,0,0,0,0,NA,NA,NA,NA,NA
"Ólafur Hlöðver Jónsson","98eb7177-3955-11ef-9bda-292be3190b7b",NA,NA,1975,"11/15/1975","31e600dc-3960-11ef-a25f-2906cc9fb6bc","home","GWD Minden","TSV Altenholz",16,10,TRUE,1,NA,NA,0,0,0,NA,0,0,0,0,0,0,NA,NA,NA,NA,NA,NA,NA,NA,0,0,0,0,NA,NA,NA,NA,NA
"Hans Kramer","98f50290-3955-11ef-8aa8-292be3190b7b",NA,NA,1975,"11/15/1975","31e600dc-3960-11ef-a25f-2906cc9fb6bc","home","GWD Minden","TSV Altenholz",16,10,TRUE,3,NA,NA,0,0,0,NA,0,0,0,0,0,0,NA,NA,NA,NA,NA,NA,NA,NA,0,0,0,0,NA,NA,NA,NA,NA
"Jobst-Erich Rehse","b00be251-3955-11ef-ac35-a36230ada079",NA,NA,1975,"11/15/1975","31e600dc-3960-11ef-a25f-2906cc9fb6bc","home","GWD Minden","TSV Altenholz",16,10,TRUE,0,NA,NA,0,0,0,NA,0,0,0,0,0,0,NA,NA,NA,NA,NA,NA,NA,NA,0,0,0,0,NA,NA,NA,NA,NA
"Olaf Berner","a4006ca4-3955-11ef-a034-2510cc07ea6e",NA,NA,1975,"11/15/1975","31e600dc-3960-11ef-a25f-2906cc9fb6bc","away","TSV Altenholz","GWD Minden",10,16,FALSE,5,NA,NA,0,0,1,NA,0,0,0,0,0,0,NA,NA,NA,NA,NA,NA,NA,NA,0,0,0,0,NA,NA,NA,NA,NA
"Peter Kurth","b06eb57c-3955-11ef-b9af-a36230ada079",NA,NA,1975,"11/15/1975","31e600dc-3960-11ef-a25f-2906cc9fb6bc","away","TSV Altenholz","GWD Minden",10,16,FALSE,0,NA,NA,0,0,0,NA,0,0,0,0,0,0,NA,NA,NA,NA,NA,NA,NA,NA,0,0,0,0,NA,NA,NA,NA,NA
"Peter Prehn","b073ee0a-3955-11ef-8404-a36230ada079",NA,NA,1975,"11/15/1975","31e600dc-3960-11ef-a25f-2906cc9fb6bc","away","TSV Altenholz","GWD Minden",10,16,FALSE,2,NA,NA,0,0,0,NA,0,0,0,0,0,0,NA,NA,NA,NA,NA,NA,NA,NA,0,0,0,0,NA,NA,NA,NA,NA
"Peter Werk","b0784d6e-3955-11ef-9a85-a36230ada079",NA,NA,1975,"11/15/1975","31e600dc-3960-11ef-a25f-2906cc9fb6bc","away","TSV Altenholz","GWD Minden",10,16,FALSE,1,NA,NA,0,0,0,NA,0,0,0,0,0,0,NA,NA,NA,NA,NA,NA,NA,NA,0,0,0,0,NA,NA,NA,NA,NA
"Hardmuth Groß","b07c9918-3955-11ef-a7b9-a36230ada079",NA,NA,1975,"11/15/1975","31e600dc-3960-11ef-a25f-2906cc9fb6bc","away","TSV Altenholz","GWD Minden",10,16,FALSE,0,NA,NA,0,0,0,NA,0,0,0,0,0,0,NA,NA,NA,NA,NA,NA,NA,NA,0,0,0,0,NA,NA,NA,NA,NA
"Jörgen Danielsen","b08a7dec-3955-11ef-acb4-a36230ada079",NA,NA,1975,"11/15/1975","31e600dc-3960-11ef-a25f-2906cc9fb6bc","away","TSV Altenholz","GWD Minden",10,16,FALSE,0,NA,NA,0,0,0,NA,0,0,0,0,0,0,NA,NA,NA,NA,NA,NA,NA,NA,0,0,0,0,NA,NA,NA,NA,NA
"Klaus Beckmann","b08ee1c0-3955-11ef-8689-a36230ada079",NA,NA,1975,"11/15/1975","31e600dc-3960-11ef-a25f-2906cc9fb6bc","away","TSV Altenholz","GWD Minden",10,16,FALSE,0,NA,NA,0,0,0,NA,0,0,0,0,0,0,NA,NA,NA,NA,NA,NA,NA,NA,0,0,0,0,NA,NA,NA,NA,NA
"Peter Dewitz","b093b5b1-3955-11ef-97ca-a36230ada079",NA,NA,1975,"11/15/1975","31e600dc-3960-11ef-a25f-2906cc9fb6bc","away","TSV Altenholz","GWD Minden",10,16,FALSE,1,NA,NA,0,0,0,NA,0,0,0,0,0,0,NA,NA,NA,NA,NA,NA,NA,NA,0,0,0,0,NA,NA,NA,NA,NA
"Klaus-Dieter Heiden","b09837ed-3955-11ef-99d8-a36230ada079",NA,NA,1975,"11/15/1975","31e600dc-3960-11ef-a25f-2906cc9fb6bc","away","TSV Altenholz","GWD Minden",10,16,FALSE,0,NA,NA,0,0,0,NA,0,0,0,0,0,0,NA,NA,NA,NA,NA,NA,NA,NA,0,0,0,0,NA,NA,NA,NA,NA
"Klaus-Peter Römer","b09cfa69-3955-11ef-b8eb-a36230ada079",NA,NA,1975,"11/15/1975","31e600dc-3960-11ef-a25f-2906cc9fb6bc","away","TSV Altenholz","GWD Minden",10,16,FALSE,1,NA,NA,0,0,0,NA,0,0,0,0,0,0,NA,NA,NA,NA,NA,NA,NA,NA,0,0,0,0,NA,NA,NA,NA,NA
"Manfred Schulz","b0a21333-3955-11ef-a679-a36230ada079",NA,NA,1975,"11/15/1975","31e600dc-3960-11ef-a25f-2906cc9fb6bc","away","TSV Altenholz","GWD Minden",10,16,FALSE,0,NA,NA,0,0,0,NA,0,0,0,0,0,0,NA,NA,NA,NA,NA,NA,NA,NA,0,0,0,0,NA,NA,NA,NA,NA
"Klaus-Peter Alwardt","800d39da-3955-11ef-bf47-b908c60af10a",NA,NA,1975,"11/15/1975","36907fec-3960-11ef-8ee2-2906cc9fb6bc","home","VfL Lübeck-Schwartau","OSC 04 Rheinhausen",19,14,TRUE,1,NA,NA,0,0,0,NA,0,0,0,0,0,0,NA,NA,NA,NA,NA,NA,NA,NA,0,0,0,0,NA,NA,NA,NA,NA
"Michael Dogs","b0cecb4a-3955-11ef-b665-a36230ada079",NA,NA,1975,"11/15/1975","36907fec-3960-11ef-8ee2-2906cc9fb6bc","home","VfL Lübeck-Schwartau","OSC 04 Rheinhausen",19,14,TRUE,0,NA,NA,0,0,0,NA,0,0,0,0,0,0,NA,NA,NA,NA,NA,NA,NA,NA,0,0,0,0,NA,NA,NA,NA,NA
"Claus Gramkow","b0d7d6e6-3955-11ef-bb1c-a36230ada079",NA,NA,1975,"11/15/1975","36907fec-3960-11ef-8ee2-2906cc9fb6bc","home","VfL Lübeck-Schwartau","OSC 04 Rheinhausen",19,14,TRUE,0,NA,NA,0,0,0,NA,0,0,0,0,0,0,NA,NA,NA,NA,NA,NA,NA,NA,0,0,0,0,NA,NA,NA,NA,NA
"Joachim Römer","b0dcb8e7-3955-11ef-83ab-a36230ada079",NA,NA,1975,"11/15/1975","36907fec-3960-11ef-8ee2-2906cc9fb6bc","home","VfL Lübeck-Schwartau","OSC 04 Rheinhausen",19,14,TRUE,3,NA,NA,0,0,3,NA,0,0,0,0,0,0,NA,NA,NA,NA,NA,NA,NA,NA,0,0,0,0,NA,NA,NA,NA,NA
"Peter Görtz","b0e9ae8f-3955-11ef-aa48-a36230ada079",NA,NA,1975,"11/15/1975","36907fec-3960-11ef-8ee2-2906cc9fb6bc","home","VfL Lübeck-Schwartau","OSC 04 Rheinhausen",19,14,TRUE,4,NA,NA,0,0,1,NA,0,0,0,0,0,0,NA,NA,NA,NA,NA,NA,NA,NA,0,0,0,0,NA,NA,NA,NA,NA
"Ulrich Kleinstoll","b0f37438-3955-11ef-84e6-a36230ada079",NA,NA,1975,"11/15/1975","36907fec-3960-11ef-8ee2-2906cc9fb6bc","home","VfL Lübeck-Schwartau","OSC 04 Rheinhausen",19,14,TRUE,0,NA,NA,0,0,0,NA,0,0,0,0,0,0,NA,NA,NA,NA,NA,NA,NA,NA,0,0,0,0,NA,NA,NA,NA,NA
"Thomas Kluth","b0f877c0-3955-11ef-a314-a36230ada079",NA,NA,1975,"11/15/1975","36907fec-3960-11ef-8ee2-2906cc9fb6bc","home","VfL Lübeck-Schwartau","OSC 04 Rheinhausen",19,14,TRUE,6,NA,NA,0,0,0,NA,0,0,0,0,0,0,NA,NA,NA,NA,NA,NA,NA,NA,0,0,0,0,NA,NA,NA,NA,NA
"Holger Rosenfeldt","b0fd53e2-3955-11ef-9f9a-a36230ada079",NA,NA,1975,"11/15/1975","36907fec-3960-11ef-8ee2-2906cc9fb6bc","home","VfL Lübeck-Schwartau","OSC 04 Rheinhausen",19,14,TRUE,2,NA,NA,0,0,0,NA,0,0,0,0,0,0,NA,NA,NA,NA,NA,NA,NA,NA,0,0,0,0,NA,NA,NA,NA,NA
"Karl Weiß","b106c2d8-3955-11ef-9358-a36230ada079",NA,NA,1975,"11/15/1975","36907fec-3960-11ef-8ee2-2906cc9fb6bc","home","VfL Lübeck-Schwartau","OSC 04 Rheinhausen",19,14,TRUE,0,NA,NA,0,0,0,NA,0,0,0,0,0,0,NA,NA,NA,NA,NA,NA,NA,NA,0,0,0,0,NA,NA,NA,NA,NA
"Siegfried Berg","b10d3ec3-3955-11ef-8a30-a36230ada079",NA,NA,1975,"11/15/1975","36907fec-3960-11ef-8ee2-2906cc9fb6bc","home","VfL Lübeck-Schwartau","OSC 04 Rheinhausen",19,14,TRUE,3,NA,NA,0,0,0,NA,0,0,0,0,0,0,NA,NA,NA,NA,NA,NA,NA,NA,0,0,0,0,NA,NA,NA,NA,NA
"Hans-Dieter Schmitz","51093bea-3955-11ef-bc25-6d38c0425bc0",NA,NA,1975,"11/15/1975","36907fec-3960-11ef-8ee2-2906cc9fb6bc","away","OSC 04 Rheinhausen","VfL Lübeck-Schwartau",14,19,FALSE,1,NA,NA,0,0,0,NA,0,0,0,0,0,0,NA,NA,NA,NA,NA,NA,NA,NA,0,0,0,0,NA,NA,NA,NA,NA
"Reinhard Heusen van der","7142d419-3955-11ef-8654-51fdf2a82730",NA,NA,1975,"11/15/1975","36907fec-3960-11ef-8ee2-2906cc9fb6bc","away","OSC 04 Rheinhausen","VfL Lübeck-Schwartau",14,19,FALSE,0,NA,NA,0,0,0,NA,0,0,0,0,0,0,NA,NA,NA,NA,NA,NA,NA,NA,0,0,0,0,NA,NA,NA,NA,NA
"Gerd Rosendahl","7501cfa1-3955-11ef-95a2-51fdf2a82730",NA,NA,1975,"11/15/1975","36907fec-3960-11ef-8ee2-2906cc9fb6bc","away","OSC 04 Rheinhausen","VfL Lübeck-Schwartau",14,19,FALSE,3,NA,NA,0,0,2,NA,0,0,0,0,0,0,NA,NA,NA,NA,NA,NA,NA,NA,0,0,0,0,NA,NA,NA,NA,NA
"Harry Keller","7e4b9df1-3955-11ef-80fd-b908c60af10a",NA,NA,1975,"11/15/1975","36907fec-3960-11ef-8ee2-2906cc9fb6bc","away","OSC 04 Rheinhausen","VfL Lübeck-Schwartau",14,19,FALSE,4,NA,NA,0,0,1,NA,0,0,0,0,0,0,NA,NA,NA,NA,NA,NA,NA,NA,0,0,0,0,NA,NA,NA,NA,NA
"Uwe Laaser","8157221e-3955-11ef-a944-b908c60af10a",NA,NA,1975,"11/15/1975","36907fec-3960-11ef-8ee2-2906cc9fb6bc","away","OSC 04 Rheinhausen","VfL Lübeck-Schwartau",14,19,FALSE,0,NA,NA,0,0,0,NA,0,0,0,0,0,0,NA,NA,NA,NA,NA,NA,NA,NA,0,0,0,0,NA,NA,NA,NA,NA
"Jadranko Demirović","a1caaba8-3955-11ef-8081-2510cc07ea6e",NA,NA,1975,"11/15/1975","36907fec-3960-11ef-8ee2-2906cc9fb6bc","away","OSC 04 Rheinhausen","VfL Lübeck-Schwartau",14,19,FALSE,3,NA,NA,0,0,0,NA,0,0,0,0,0,0,NA,NA,NA,NA,NA,NA,NA,NA,0,0,0,0,NA,NA,NA,NA,NA
"Norbert Meister","a610e086-3955-11ef-bf85-2510cc07ea6e",NA,NA,1975,"11/15/1975","36907fec-3960-11ef-8ee2-2906cc9fb6bc","away","OSC 04 Rheinhausen","VfL Lübeck-Schwartau",14,19,FALSE,0,NA,NA,0,0,0,NA,0,0,0,0,0,0,NA,NA,NA,NA,NA,NA,NA,NA,0,0,0,0,NA,NA,NA,NA,NA
"Burkhard Nagel","a6312ffa-3955-11ef-9438-2510cc07ea6e",NA,NA,1975,"11/15/1975","36907fec-3960-11ef-8ee2-2906cc9fb6bc","away","OSC 04 Rheinhausen","VfL Lübeck-Schwartau",14,19,FALSE,3,NA,NA,0,0,0,NA,0,0,0,0,0,0,NA,NA,NA,NA,NA,NA,NA,NA,0,0,0,0,NA,NA,NA,NA,NA
"Walter Don","73f54ad3-3955-11ef-b2c6-51fdf2a82730",NA,NA,1975,"11/15/1975","37c71ec8-3960-11ef-8253-2906cc9fb6bc","home","TV 05/07 Hüttenberg","S3L Handball",19,15,TRUE,4,NA,NA,0,0,2,NA,0,0,0,0,0,0,NA,NA,NA,NA,NA,NA,NA,NA,0,0,0,0,NA,NA,NA,NA,NA
"Harald Ohly","8048d89d-3955-11ef-a214-b908c60af10a",NA,NA,1975,"11/15/1975","37c71ec8-3960-11ef-8253-2906cc9fb6bc","home","TV 05/07 Hüttenberg","S3L Handball",19,15,TRUE,5,NA,NA,0,0,0,NA,0,0,0,0,0,0,NA,NA,NA,NA,NA,NA,NA,NA,0,0,0,0,NA,NA,NA,NA,NA
"Hans-Jürgen Völpel","80753eec-3955-11ef-bd2e-b908c60af10a",NA,NA,1975,"11/15/1975","37c71ec8-3960-11ef-8253-2906cc9fb6bc","home","TV 05/07 Hüttenberg","S3L Handball",19,15,TRUE,1,NA,NA,0,0,0,NA,0,0,0,0,0,0,NA,NA,NA,NA,NA,NA,NA,NA,0,0,0,0,NA,NA,NA,NA,NA
"Siegfried Weber","807d098c-3955-11ef-8827-b908c60af10a",NA,NA,1975,"11/15/1975","37c71ec8-3960-11ef-8253-2906cc9fb6bc","home","TV 05/07 Hüttenberg","S3L Handball",19,15,TRUE,1,NA,NA,0,0,0,NA,0,0,0,0,0,0,NA,NA,NA,NA,NA,NA,NA,NA,0,0,0,0,NA,NA,NA,NA,NA
"Horst Spengler","80adf446-3955-11ef-a1e6-b908c60af10a",NA,NA,1975,"11/15/1975","37c71ec8-3960-11ef-8253-2906cc9fb6bc","home","TV 05/07 Hüttenberg","S3L Handball",19,15,TRUE,7,NA,NA,0,0,0,NA,0,0,0,0,0,0,NA,NA,NA,NA,NA,NA,NA,NA,0,0,0,0,NA,NA,NA,NA,NA
"Klaus Meineke","8d0eefb2-3955-11ef-a068-81dc40648355",NA,NA,1975,"11/15/1975","37c71ec8-3960-11ef-8253-2906cc9fb6bc","home","TV 05/07 Hüttenberg","S3L Handball",19,15,TRUE,1,NA,NA,0,0,0,NA,0,0,0,0,0,0,NA,NA,NA,NA,NA,NA,NA,NA,0,0,0,0,NA,NA,NA,NA,NA
"Roland Stoy","96890f7d-3955-11ef-939e-292be3190b7b",NA,NA,1975,"11/15/1975","37c71ec8-3960-11ef-8253-2906cc9fb6bc","home","TV 05/07 Hüttenberg","S3L Handball",19,15,TRUE,0,NA,NA,0,0,0,NA,0,0,0,0,0,0,NA,NA,NA,NA,NA,NA,NA,NA,0,0,0,0,NA,NA,NA,NA,NA
"Stefan Schicketanz","a3d099d4-3955-11ef-90b6-2510cc07ea6e",NA,NA,1975,"11/15/1975","37c71ec8-3960-11ef-8253-2906cc9fb6bc","home","TV 05/07 Hüttenberg","S3L Handball",19,15,TRUE,0,NA,NA,0,0,0,NA,0,0,0,0,0,0,NA,NA,NA,NA,NA,NA,NA,NA,0,0,0,0,NA,NA,NA,NA,NA
"Hans-Willi Weber","a3f62960-3955-11ef-a9a1-2510cc07ea6e",NA,NA,1975,"11/15/1975","37c71ec8-3960-11ef-8253-2906cc9fb6bc","home","TV 05/07 Hüttenberg","S3L Handball",19,15,TRUE,0,NA,NA,0,0,0,NA,0,0,0,0,0,0,NA,NA,NA,NA,NA,NA,NA,NA,0,0,0,0,NA,NA,NA,NA,NA
"Udo Uebbing","ae4823ea-3955-11ef-93ce-a36230ada079",NA,NA,1975,"11/15/1975","37c71ec8-3960-11ef-8253-2906cc9fb6bc","home","TV 05/07 Hüttenberg","S3L Handball",19,15,TRUE,0,NA,NA,0,0,0,NA,0,0,0,0,0,0,NA,NA,NA,NA,NA,NA,NA,NA,0,0,0,0,NA,NA,NA,NA,NA
"Josef Mantz","b15c537d-3955-11ef-b17c-a36230ada079",NA,NA,1975,"11/15/1975","37c71ec8-3960-11ef-8253-2906cc9fb6bc","home","TV 05/07 Hüttenberg","S3L Handball",19,15,TRUE,0,NA,NA,0,0,0,NA,0,0,0,0,0,0,NA,NA,NA,NA,NA,NA,NA,NA,0,0,0,0,NA,NA,NA,NA,NA
"Udo Klenk","8deb261a-3955-11ef-90c3-81dc40648355",NA,NA,1975,"11/15/1975","37c71ec8-3960-11ef-8253-2906cc9fb6bc","away","S3L Handball","TV 05/07 Hüttenberg",15,19,FALSE,5,NA,NA,0,0,0,NA,0,0,0,0,0,0,NA,NA,NA,NA,NA,NA,NA,NA,0,0,0,0,NA,NA,NA,NA,NA
"Manfred Müller","ae54e819-3955-11ef-81e8-a36230ada079",NA,NA,1975,"11/15/1975","37c71ec8-3960-11ef-8253-2906cc9fb6bc","away","S3L Handball","TV 05/07 Hüttenberg",15,19,FALSE,0,NA,NA,0,0,0,NA,0,0,0,0,0,0,NA,NA,NA,NA,NA,NA,NA,NA,0,0,0,0,NA,NA,NA,NA,NA
"Georg Fitz","ae68320c-3955-11ef-89fa-a36230ada079",NA,NA,1975,"11/15/1975","37c71ec8-3960-11ef-8253-2906cc9fb6bc","away","S3L Handball","TV 05/07 Hüttenberg",15,19,FALSE,0,NA,NA,0,0,0,NA,0,0,0,0,0,0,NA,NA,NA,NA,NA,NA,NA,NA,0,0,0,0,NA,NA,NA,NA,NA
"Franz Rupp","ae6c7950-3955-11ef-87dd-a36230ada079",NA,NA,1975,"11/15/1975","37c71ec8-3960-11ef-8253-2906cc9fb6bc","away","S3L Handball","TV 05/07 Hüttenberg",15,19,FALSE,3,NA,NA,0,0,1,NA,0,0,0,0,0,0,NA,NA,NA,NA,NA,NA,NA,NA,0,0,0,0,NA,NA,NA,NA,NA
"Bernd Frühauf","ae71d80f-3955-11ef-a219-a36230ada079",NA,NA,1975,"11/15/1975","37c71ec8-3960-11ef-8253-2906cc9fb6bc","away","S3L Handball","TV 05/07 Hüttenberg",15,19,FALSE,1,NA,NA,0,0,0,NA,0,0,0,0,0,0,NA,NA,NA,NA,NA,NA,NA,NA,0,0,0,0,NA,NA,NA,NA,NA
"Wolfgang Sättele","ae76c01d-3955-11ef-bfb9-a36230ada079",NA,NA,1975,"11/15/1975","37c71ec8-3960-11ef-8253-2906cc9fb6bc","away","S3L Handball","TV 05/07 Hüttenberg",15,19,FALSE,1,NA,NA,0,0,0,NA,0,0,0,0,0,0,NA,NA,NA,NA,NA,NA,NA,NA,0,0,0,0,NA,NA,NA,NA,NA
"Joachim Hafemeister","ae7b4523-3955-11ef-b064-a36230ada079",NA,NA,1975,"11/15/1975","37c71ec8-3960-11ef-8253-2906cc9fb6bc","away","S3L Handball","TV 05/07 Hüttenberg",15,19,FALSE,0,NA,NA,0,0,0,NA,0,0,0,0,0,0,NA,NA,NA,NA,NA,NA,NA,NA,0,0,0,0,NA,NA,NA,NA,NA
"Harald Thiemer","ae803bfb-3955-11ef-9aab-a36230ada079",NA,NA,1975,"11/15/1975","37c71ec8-3960-11ef-8253-2906cc9fb6bc","away","S3L Handball","TV 05/07 Hüttenberg",15,19,FALSE,1,NA,NA,0,0,0,NA,0,0,0,0,0,0,NA,NA,NA,NA,NA,NA,NA,NA,0,0,0,0,NA,NA,NA,NA,NA
"Jürgen Hahn","ae947745-3955-11ef-bc54-a36230ada079",NA,NA,1975,"11/15/1975","37c71ec8-3960-11ef-8253-2906cc9fb6bc","away","S3L Handball","TV 05/07 Hüttenberg",15,19,FALSE,2,NA,NA,0,0,1,NA,0,0,0,0,0,0,NA,NA,NA,NA,NA,NA,NA,NA,0,0,0,0,NA,NA,NA,NA,NA
"Franz Götz","aea2eb0e-3955-11ef-b230-a36230ada079",NA,NA,1975,"11/15/1975","37c71ec8-3960-11ef-8253-2906cc9fb6bc","away","S3L Handball","TV 05/07 Hüttenberg",15,19,FALSE,1,NA,NA,0,0,0,NA,0,0,0,0,0,0,NA,NA,NA,NA,NA,NA,NA,NA,0,0,0,0,NA,NA,NA,NA,NA
"Hansjörg Jäck","b166bd31-3955-11ef-bed1-a36230ada079",NA,NA,1975,"11/15/1975","37c71ec8-3960-11ef-8253-2906cc9fb6bc","away","S3L Handball","TV 05/07 Hüttenberg",15,19,FALSE,0,NA,NA,0,0,0,NA,0,0,0,0,0,0,NA,NA,NA,NA,NA,NA,NA,NA,0,0,0,0,NA,NA,NA,NA,NA
"Wolfgang Haller","b1738c62-3955-11ef-a0aa-a36230ada079",NA,NA,1975,"11/15/1975","37c71ec8-3960-11ef-8253-2906cc9fb6bc","away","S3L Handball","TV 05/07 Hüttenberg",15,19,FALSE,1,NA,NA,0,0,0,NA,0,0,0,0,0,0,NA,NA,NA,NA,NA,NA,NA,NA,0,0,0,0,NA,NA,NA,NA,NA
"Kurt Klühspies","5ac3e7d7-3955-11ef-b574-4fa817cd91bb",NA,NA,1975,"11/15/1975","3fd81d4a-3960-11ef-b0f3-2906cc9fb6bc","home","TV Großwallstadt","TSV 1896 Rintheim",18,19,FALSE,6,NA,NA,0,0,0,NA,0,0,0,0,0,0,NA,NA,NA,NA,NA,NA,NA,NA,0,0,0,0,NA,NA,NA,NA,NA
"Manfred Hofmann","6855eb0b-3955-11ef-8cb3-292be3190b7b",NA,NA,1975,"11/15/1975","3fd81d4a-3960-11ef-b0f3-2906cc9fb6bc","home","TV Großwallstadt","TSV 1896 Rintheim",18,19,FALSE,0,NA,NA,0,0,0,NA,0,0,0,0,0,0,NA,NA,NA,NA,NA,NA,NA,NA,0,0,0,0,NA,NA,NA,NA,NA
"Heinz-Theo Kaus","8086fdf9-3955-11ef-938f-b908c60af10a",NA,NA,1975,"11/15/1975","3fd81d4a-3960-11ef-b0f3-2906cc9fb6bc","home","TV Großwallstadt","TSV 1896 Rintheim",18,19,FALSE,0,NA,NA,0,0,0,NA,0,0,0,0,0,0,NA,NA,NA,NA,NA,NA,NA,NA,0,0,0,0,NA,NA,NA,NA,NA
"Thomas Sinsel","8adb8152-3955-11ef-b2de-81dc40648355",NA,NA,1975,"11/15/1975","3fd81d4a-3960-11ef-b0f3-2906cc9fb6bc","home","TV Großwallstadt","TSV 1896 Rintheim",18,19,FALSE,3,NA,NA,0,0,0,NA,0,0,0,0,0,0,NA,NA,NA,NA,NA,NA,NA,NA,0,0,0,0,NA,NA,NA,NA,NA
"Manfred Schwarz","96d98e53-3955-11ef-a3c9-292be3190b7b",NA,NA,1975,"11/15/1975","3fd81d4a-3960-11ef-b0f3-2906cc9fb6bc","home","TV Großwallstadt","TSV 1896 Rintheim",18,19,FALSE,4,NA,NA,0,0,0,NA,0,0,0,0,0,0,NA,NA,NA,NA,NA,NA,NA,NA,0,0,0,0,NA,NA,NA,NA,NA
"Wolfgang Dümig","978dc3fc-3955-11ef-b042-292be3190b7b",NA,NA,1975,"11/15/1975","3fd81d4a-3960-11ef-b0f3-2906cc9fb6bc","home","TV Großwallstadt","TSV 1896 Rintheim",18,19,FALSE,1,NA,NA,0,0,0,NA,0,0,0,0,0,0,NA,NA,NA,NA,NA,NA,NA,NA,0,0,0,0,NA,NA,NA,NA,NA
"Ulrich Schulz","9972a35f-3955-11ef-a06d-292be3190b7b",NA,NA,1975,"11/15/1975","3fd81d4a-3960-11ef-b0f3-2906cc9fb6bc","home","TV Großwallstadt","TSV 1896 Rintheim",18,19,FALSE,1,NA,NA,0,0,0,NA,0,0,0,0,0,0,NA,NA,NA,NA,NA,NA,NA,NA,0,0,0,0,NA,NA,NA,NA,NA
"Eckhardt Suffel","aeac0503-3955-11ef-88c6-a36230ada079",NA,NA,1975,"11/15/1975","3fd81d4a-3960-11ef-b0f3-2906cc9fb6bc","home","TV Großwallstadt","TSV 1896 Rintheim",18,19,FALSE,2,NA,NA,0,0,0,NA,0,0,0,0,0,0,NA,NA,NA,NA,NA,NA,NA,NA,0,0,0,0,NA,NA,NA,NA,NA
"Axel Emig","aeb0e35f-3955-11ef-8342-a36230ada079",NA,NA,1975,"11/15/1975","3fd81d4a-3960-11ef-b0f3-2906cc9fb6bc","home","TV Großwallstadt","TSV 1896 Rintheim",18,19,FALSE,1,NA,NA,0,0,0,NA,0,0,0,0,0,0,NA,NA,NA,NA,NA,NA,NA,NA,0,0,0,0,NA,NA,NA,NA,NA
"Manfred Meudt","af9be5ed-3955-11ef-a3e3-a36230ada079",NA,NA,1975,"11/15/1975","3fd81d4a-3960-11ef-b0f3-2906cc9fb6bc","home","TV Großwallstadt","TSV 1896 Rintheim",18,19,FALSE,0,NA,NA,0,0,0,NA,0,0,0,0,0,0,NA,NA,NA,NA,NA,NA,NA,NA,0,0,0,0,NA,NA,NA,NA,NA
"Norbert Klein","b18179dc-3955-11ef-acc0-a36230ada079",NA,NA,1975,"11/15/1975","3fd81d4a-3960-11ef-b0f3-2906cc9fb6bc","home","TV Großwallstadt","TSV 1896 Rintheim",18,19,FALSE,0,NA,NA,0,0,0,NA,0,0,0,0,0,0,NA,NA,NA,NA,NA,NA,NA,NA,0,0,0,0,NA,NA,NA,NA,NA
"Gerhard Gaiser","7fd4e3db-3955-11ef-b327-b908c60af10a",NA,NA,1975,"11/15/1975","3fd81d4a-3960-11ef-b0f3-2906cc9fb6bc","away","TSV 1896 Rintheim","TV Großwallstadt",19,18,TRUE,2,NA,NA,0,0,0,NA,0,0,0,0,0,0,NA,NA,NA,NA,NA,NA,NA,NA,0,0,0,0,NA,NA,NA,NA,NA
"Roland Kröger","81272d6a-3955-11ef-b027-b908c60af10a",NA,NA,1975,"11/15/1975","3fd81d4a-3960-11ef-b0f3-2906cc9fb6bc","away","TSV 1896 Rintheim","TV Großwallstadt",19,18,TRUE,1,NA,NA,0,0,0,NA,0,0,0,0,0,0,NA,NA,NA,NA,NA,NA,NA,NA,0,0,0,0,NA,NA,NA,NA,NA
"Manfred Schulz","8bc2b5ea-3955-11ef-8d03-81dc40648355",NA,NA,1975,"11/15/1975","3fd81d4a-3960-11ef-b0f3-2906cc9fb6bc","away","TSV 1896 Rintheim","TV Großwallstadt",19,18,TRUE,0,NA,NA,0,0,0,NA,0,0,0,0,0,0,NA,NA,NA,NA,NA,NA,NA,NA,0,0,0,0,NA,NA,NA,NA,NA
"Max Müller","99453a6b-3955-11ef-84c2-292be3190b7b",NA,NA,1975,"11/15/1975","3fd81d4a-3960-11ef-b0f3-2906cc9fb6bc","away","TSV 1896 Rintheim","TV Großwallstadt",19,18,TRUE,5,NA,NA,0,0,3,NA,0,0,0,0,0,0,NA,NA,NA,NA,NA,NA,NA,NA,0,0,0,0,NA,NA,NA,NA,NA
"Alfred Schmitt","a25e1dab-3955-11ef-b412-2510cc07ea6e",NA,NA,1975,"11/15/1975","3fd81d4a-3960-11ef-b0f3-2906cc9fb6bc","away","TSV 1896 Rintheim","TV Großwallstadt",19,18,TRUE,1,NA,NA,0,0,0,NA,0,0,0,0,0,0,NA,NA,NA,NA,NA,NA,NA,NA,0,0,0,0,NA,NA,NA,NA,NA
"Rudi Stein","a27f8606-3955-11ef-8352-2510cc07ea6e",NA,NA,1975,"11/15/1975","3fd81d4a-3960-11ef-b0f3-2906cc9fb6bc","away","TSV 1896 Rintheim","TV Großwallstadt",19,18,TRUE,0,NA,NA,0,0,0,NA,0,0,0,0,0,0,NA,NA,NA,NA,NA,NA,NA,NA,0,0,0,0,NA,NA,NA,NA,NA
"Rudi Lechleidner","aec862a4-3955-11ef-ad66-a36230ada079",NA,NA,1975,"11/15/1975","3fd81d4a-3960-11ef-b0f3-2906cc9fb6bc","away","TSV 1896 Rintheim","TV Großwallstadt",19,18,TRUE,3,NA,NA,0,0,0,NA,0,0,0,0,0,0,NA,NA,NA,NA,NA,NA,NA,NA,0,0,0,0,NA,NA,NA,NA,NA
"Wilfried Job","af3ed007-3955-11ef-9184-a36230ada079",NA,NA,1975,"11/15/1975","3fd81d4a-3960-11ef-b0f3-2906cc9fb6bc","away","TSV 1896 Rintheim","TV Großwallstadt",19,18,TRUE,0,NA,NA,0,0,0,NA,0,0,0,0,0,0,NA,NA,NA,NA,NA,NA,NA,NA,0,0,0,0,NA,NA,NA,NA,NA
"Claus Erles","af42e492-3955-11ef-a26e-a36230ada079",NA,NA,1975,"11/15/1975","3fd81d4a-3960-11ef-b0f3-2906cc9fb6bc","away","TSV 1896 Rintheim","TV Großwallstadt",19,18,TRUE,1,NA,NA,0,0,0,NA,0,0,0,0,0,0,NA,NA,NA,NA,NA,NA,NA,NA,0,0,0,0,NA,NA,NA,NA,NA
"Rolf Barthel","b1e747bc-3955-11ef-bf9b-a36230ada079",NA,NA,1975,"11/15/1975","3fd81d4a-3960-11ef-b0f3-2906cc9fb6bc","away","TSV 1896 Rintheim","TV Großwallstadt",19,18,TRUE,5,NA,NA,0,0,0,NA,0,0,0,0,0,0,NA,NA,NA,NA,NA,NA,NA,NA,0,0,0,0,NA,NA,NA,NA,NA
"Žarko Olujić","b1ebb098-3955-11ef-ab01-a36230ada079",NA,NA,1975,"11/15/1975","3fd81d4a-3960-11ef-b0f3-2906cc9fb6bc","away","TSV 1896 Rintheim","TV Großwallstadt",19,18,TRUE,1,NA,NA,0,0,0,NA,0,0,0,0,0,0,NA,NA,NA,NA,NA,NA,NA,NA,0,0,0,0,NA,NA,NA,NA,NA
"Arno Ehret","39c2c361-3955-11ef-8c9d-bfbfc9e17c09",NA,NA,1975,"11/15/1975","409e18ff-3960-11ef-a642-2906cc9fb6bc","home","TuS Hofweier","Füchse Berlin",18,11,TRUE,0,NA,NA,0,0,0,NA,0,0,0,0,0,0,NA,NA,NA,NA,NA,NA,NA,NA,0,0,0,0,NA,NA,NA,NA,NA
"Gerd Leibiger","7ed15d40-3955-11ef-a28c-b908c60af10a",NA,NA,1975,"11/15/1975","409e18ff-3960-11ef-a642-2906cc9fb6bc","home","TuS Hofweier","Füchse Berlin",18,11,TRUE,3,NA,NA,0,0,0,NA,0,0,0,0,0,0,NA,NA,NA,NA,NA,NA,NA,NA,0,0,0,0,NA,NA,NA,NA,NA
"Peter Bucher","8e0071c9-3955-11ef-8ff8-81dc40648355",NA,NA,1975,"11/15/1975","409e18ff-3960-11ef-a642-2906cc9fb6bc","home","TuS Hofweier","Füchse Berlin",18,11,TRUE,3,NA,NA,0,0,0,NA,0,0,0,0,0,0,NA,NA,NA,NA,NA,NA,NA,NA,0,0,0,0,NA,NA,NA,NA,NA
"Josef Schienle","8e1c1721-3955-11ef-9a54-81dc40648355",NA,NA,1975,"11/15/1975","409e18ff-3960-11ef-a642-2906cc9fb6bc","home","TuS Hofweier","Füchse Berlin",18,11,TRUE,1,NA,NA,0,0,0,NA,0,0,0,0,0,0,NA,NA,NA,NA,NA,NA,NA,NA,0,0,0,0,NA,NA,NA,NA,NA
"Franz Bechler","98035d7e-3955-11ef-8b94-292be3190b7b",NA,NA,1975,"11/15/1975","409e18ff-3960-11ef-a642-2906cc9fb6bc","home","TuS Hofweier","Füchse Berlin",18,11,TRUE,1,NA,NA,0,0,0,NA,0,0,0,0,0,0,NA,NA,NA,NA,NA,NA,NA,NA,0,0,0,0,NA,NA,NA,NA,NA
"Werner Voit","a3b992ef-3955-11ef-84c8-2510cc07ea6e",NA,NA,1975,"11/15/1975","409e18ff-3960-11ef-a642-2906cc9fb6bc","home","TuS Hofweier","Füchse Berlin",18,11,TRUE,1,NA,NA,0,0,0,NA,0,0,0,0,0,0,NA,NA,NA,NA,NA,NA,NA,NA,0,0,0,0,NA,NA,NA,NA,NA
"Werner Decker","afcae313-3955-11ef-a9cf-a36230ada079",NA,NA,1975,"11/15/1975","409e18ff-3960-11ef-a642-2906cc9fb6bc","home","TuS Hofweier","Füchse Berlin",18,11,TRUE,0,NA,NA,0,0,0,NA,0,0,0,0,0,0,NA,NA,NA,NA,NA,NA,NA,NA,0,0,0,0,NA,NA,NA,NA,NA
"Wilfried Göppert","afe18023-3955-11ef-8040-a36230ada079",NA,NA,1975,"11/15/1975","409e18ff-3960-11ef-a642-2906cc9fb6bc","home","TuS Hofweier","Füchse Berlin",18,11,TRUE,0,NA,NA,0,0,0,NA,0,0,0,0,0,0,NA,NA,NA,NA,NA,NA,NA,NA,0,0,0,0,NA,NA,NA,NA,NA
"Markus Hädrich","ba389acc-3955-11ef-8b9d-ab397f561917",NA,NA,1975,"11/15/1975","409e18ff-3960-11ef-a642-2906cc9fb6bc","home","TuS Hofweier","Füchse Berlin",18,11,TRUE,3,NA,NA,0,0,0,NA,0,0,0,0,0,0,NA,NA,NA,NA,NA,NA,NA,NA,0,0,0,0,NA,NA,NA,NA,NA
"Bernd Seehase","7f0c7bc5-3955-11ef-8b93-b908c60af10a",NA,NA,1975,"11/15/1975","409e18ff-3960-11ef-a642-2906cc9fb6bc","away","Füchse Berlin","TuS Hofweier",11,18,FALSE,4,NA,NA,0,0,0,NA,0,0,0,0,0,0,NA,NA,NA,NA,NA,NA,NA,NA,0,0,0,0,NA,NA,NA,NA,NA
"Dieter Nerlich","7f4aaab6-3955-11ef-a6c5-b908c60af10a",NA,NA,1975,"11/15/1975","409e18ff-3960-11ef-a642-2906cc9fb6bc","away","Füchse Berlin","TuS Hofweier",11,18,FALSE,0,NA,NA,0,0,0,NA,0,0,0,0,0,0,NA,NA,NA,NA,NA,NA,NA,NA,0,0,0,0,NA,NA,NA,NA,NA
"Andreas Pieper","8b17f063-3955-11ef-8f1b-81dc40648355",NA,NA,1975,"11/15/1975","409e18ff-3960-11ef-a642-2906cc9fb6bc","away","Füchse Berlin","TuS Hofweier",11,18,FALSE,0,NA,NA,0,0,0,NA,0,0,0,0,0,0,NA,NA,NA,NA,NA,NA,NA,NA,0,0,0,0,NA,NA,NA,NA,NA
"Uwe Schilde","a2ab6495-3955-11ef-ac26-2510cc07ea6e",NA,NA,1975,"11/15/1975","409e18ff-3960-11ef-a642-2906cc9fb6bc","away","Füchse Berlin","TuS Hofweier",11,18,FALSE,0,NA,NA,0,0,0,NA,0,0,0,0,0,0,NA,NA,NA,NA,NA,NA,NA,NA,0,0,0,0,NA,NA,NA,NA,NA
"Hartmut Alsen","a5dc4676-3955-11ef-ac19-2510cc07ea6e",NA,NA,1975,"11/15/1975","409e18ff-3960-11ef-a642-2906cc9fb6bc","away","Füchse Berlin","TuS Hofweier",11,18,FALSE,0,NA,NA,0,0,0,NA,0,0,0,0,0,0,NA,NA,NA,NA,NA,NA,NA,NA,0,0,0,0,NA,NA,NA,NA,NA
"Reinhard Lembcke","a5f9e01f-3955-11ef-a753-2510cc07ea6e",NA,NA,1975,"11/15/1975","409e18ff-3960-11ef-a642-2906cc9fb6bc","away","Füchse Berlin","TuS Hofweier",11,18,FALSE,0,NA,NA,0,0,0,NA,0,0,0,0,0,0,NA,NA,NA,NA,NA,NA,NA,NA,0,0,0,0,NA,NA,NA,NA,NA
"Dietmar Apitz","a606c2e6-3955-11ef-ae9a-2510cc07ea6e",NA,NA,1975,"11/15/1975","409e18ff-3960-11ef-a642-2906cc9fb6bc","away","Füchse Berlin","TuS Hofweier",11,18,FALSE,0,NA,NA,0,0,0,NA,0,0,0,0,0,0,NA,NA,NA,NA,NA,NA,NA,NA,0,0,0,0,NA,NA,NA,NA,NA
"Wolfgang Braun","b1a4c388-3955-11ef-92b7-a36230ada079",NA,NA,1975,"11/15/1975","409e18ff-3960-11ef-a642-2906cc9fb6bc","away","Füchse Berlin","TuS Hofweier",11,18,FALSE,2,NA,NA,0,0,2,NA,0,0,0,0,0,0,NA,NA,NA,NA,NA,NA,NA,NA,0,0,0,0,NA,NA,NA,NA,NA
"Bernd Goerigk","b1b21b0c-3955-11ef-a303-a36230ada079",NA,NA,1975,"11/15/1975","409e18ff-3960-11ef-a642-2906cc9fb6bc","away","Füchse Berlin","TuS Hofweier",11,18,FALSE,2,NA,NA,0,0,0,NA,0,0,0,0,0,0,NA,NA,NA,NA,NA,NA,NA,NA,0,0,0,0,NA,NA,NA,NA,NA
"Lutz Loewke","b1b73b08-3955-11ef-b76a-a36230ada079",NA,NA,1975,"11/15/1975","409e18ff-3960-11ef-a642-2906cc9fb6bc","away","Füchse Berlin","TuS Hofweier",11,18,FALSE,3,NA,NA,0,0,0,NA,0,0,0,0,0,0,NA,NA,NA,NA,NA,NA,NA,NA,0,0,0,0,NA,NA,NA,NA,NA
"Claus Hormel","65a6e4d8-3955-11ef-84ee-292be3190b7b",NA,NA,1975,"11/15/1975","4185c1fc-3960-11ef-9efd-2906cc9fb6bc","home","SG Dietzenbach","TSV Milbertshofen",15,16,FALSE,1,NA,NA,0,0,0,NA,0,0,0,0,0,0,NA,NA,NA,NA,NA,NA,NA,NA,0,0,0,0,NA,NA,NA,NA,NA
"Dieter Schappert","808baa47-3955-11ef-b967-b908c60af10a",NA,NA,1975,"11/15/1975","4185c1fc-3960-11ef-9efd-2906cc9fb6bc","home","SG Dietzenbach","TSV Milbertshofen",15,16,FALSE,0,NA,NA,0,0,0,NA,0,0,0,0,0,0,NA,NA,NA,NA,NA,NA,NA,NA,0,0,0,0,NA,NA,NA,NA,NA
"Milan Krstić","8a85bfb0-3955-11ef-ac1d-81dc40648355",NA,NA,1975,"11/15/1975","4185c1fc-3960-11ef-9efd-2906cc9fb6bc","home","SG Dietzenbach","TSV Milbertshofen",15,16,FALSE,7,NA,NA,0,0,3,NA,0,0,0,0,0,0,NA,NA,NA,NA,NA,NA,NA,NA,0,0,0,0,NA,NA,NA,NA,NA
"Heinz-Walter Behne","8be65881-3955-11ef-8872-81dc40648355",NA,NA,1975,"11/15/1975","4185c1fc-3960-11ef-9efd-2906cc9fb6bc","home","SG Dietzenbach","TSV Milbertshofen",15,16,FALSE,0,NA,NA,0,0,0,NA,0,0,0,0,0,0,NA,NA,NA,NA,NA,NA,NA,NA,0,0,0,0,NA,NA,NA,NA,NA
"Herbert Wehnert","96e104db-3955-11ef-b58d-292be3190b7b",NA,NA,1975,"11/15/1975","4185c1fc-3960-11ef-9efd-2906cc9fb6bc","home","SG Dietzenbach","TSV Milbertshofen",15,16,FALSE,1,NA,NA,0,0,1,NA,0,0,0,0,0,0,NA,NA,NA,NA,NA,NA,NA,NA,0,0,0,0,NA,NA,NA,NA,NA
"Boris Kostić","982a9c45-3955-11ef-bf0d-292be3190b7b",NA,NA,1975,"11/15/1975","4185c1fc-3960-11ef-9efd-2906cc9fb6bc","home","SG Dietzenbach","TSV Milbertshofen",15,16,FALSE,0,NA,NA,0,0,0,NA,0,0,0,0,0,0,NA,NA,NA,NA,NA,NA,NA,NA,0,0,0,0,NA,NA,NA,NA,NA
"Manfred Merk","a2e89182-3955-11ef-b7cf-2510cc07ea6e",NA,NA,1975,"11/15/1975","4185c1fc-3960-11ef-9efd-2906cc9fb6bc","home","SG Dietzenbach","TSV Milbertshofen",15,16,FALSE,0,NA,NA,0,0,0,NA,0,0,0,0,0,0,NA,NA,NA,NA,NA,NA,NA,NA,0,0,0,0,NA,NA,NA,NA,NA
"Otto Allies","af191a75-3955-11ef-8c7e-a36230ada079",NA,NA,1975,"11/15/1975","4185c1fc-3960-11ef-9efd-2906cc9fb6bc","home","SG Dietzenbach","TSV Milbertshofen",15,16,FALSE,0,NA,NA,0,0,0,NA,0,0,0,0,0,0,NA,NA,NA,NA,NA,NA,NA,NA,0,0,0,0,NA,NA,NA,NA,NA
"Klaus Budecker","af1ed2a9-3955-11ef-854d-a36230ada079",NA,NA,1975,"11/15/1975","4185c1fc-3960-11ef-9efd-2906cc9fb6bc","home","SG Dietzenbach","TSV Milbertshofen",15,16,FALSE,6,NA,NA,0,0,0,NA,0,0,0,0,0,0,NA,NA,NA,NA,NA,NA,NA,NA,0,0,0,0,NA,NA,NA,NA,NA
"Willibald Weiß","74414175-3955-11ef-89d0-51fdf2a82730",NA,NA,1975,"11/15/1975","4185c1fc-3960-11ef-9efd-2906cc9fb6bc","away","TSV Milbertshofen","SG Dietzenbach",16,15,TRUE,2,NA,NA,0,0,0,NA,0,0,0,0,0,0,NA,NA,NA,NA,NA,NA,NA,NA,0,0,0,0,NA,NA,NA,NA,NA
"Wolfgang Sommerfeld","74c0be88-3955-11ef-89fd-51fdf2a82730",NA,NA,1975,"11/15/1975","4185c1fc-3960-11ef-9efd-2906cc9fb6bc","away","TSV Milbertshofen","SG Dietzenbach",16,15,TRUE,2,NA,NA,0,0,0,NA,0,0,0,0,0,0,NA,NA,NA,NA,NA,NA,NA,NA,0,0,0,0,NA,NA,NA,NA,NA
"Richard Mayr","751d6672-3955-11ef-a322-51fdf2a82730",NA,NA,1975,"11/15/1975","4185c1fc-3960-11ef-9efd-2906cc9fb6bc","away","TSV Milbertshofen","SG Dietzenbach",16,15,TRUE,0,NA,NA,0,0,0,NA,0,0,0,0,0,0,NA,NA,NA,NA,NA,NA,NA,NA,0,0,0,0,NA,NA,NA,NA,NA
"Jochen Frank","7ee9b472-3955-11ef-ab0f-b908c60af10a",NA,NA,1975,"11/15/1975","4185c1fc-3960-11ef-9efd-2906cc9fb6bc","away","TSV Milbertshofen","SG Dietzenbach",16,15,TRUE,4,NA,NA,0,0,2,NA,0,0,0,0,0,0,NA,NA,NA,NA,NA,NA,NA,NA,0,0,0,0,NA,NA,NA,NA,NA
"Udo Böbel","80d4ba37-3955-11ef-9d8b-b908c60af10a",NA,NA,1975,"11/15/1975","4185c1fc-3960-11ef-9efd-2906cc9fb6bc","away","TSV Milbertshofen","SG Dietzenbach",16,15,TRUE,4,NA,NA,0,0,1,NA,0,0,0,0,0,0,NA,NA,NA,NA,NA,NA,NA,NA,0,0,0,0,NA,NA,NA,NA,NA
"Peter Jaschke","8b728782-3955-11ef-8da6-81dc40648355",NA,NA,1975,"11/15/1975","4185c1fc-3960-11ef-9efd-2906cc9fb6bc","away","TSV Milbertshofen","SG Dietzenbach",16,15,TRUE,0,NA,NA,0,0,0,NA,0,0,0,0,0,0,NA,NA,NA,NA,NA,NA,NA,NA,0,0,0,0,NA,NA,NA,NA,NA
"Werner Winkelmeier","9712104e-3955-11ef-9613-292be3190b7b",NA,NA,1975,"11/15/1975","4185c1fc-3960-11ef-9efd-2906cc9fb6bc","away","TSV Milbertshofen","SG Dietzenbach",16,15,TRUE,4,NA,NA,0,0,0,NA,0,0,0,0,0,0,NA,NA,NA,NA,NA,NA,NA,NA,0,0,0,0,NA,NA,NA,NA,NA
"Rudolf Dobler","97ac407c-3955-11ef-9ea9-292be3190b7b",NA,NA,1975,"11/15/1975","4185c1fc-3960-11ef-9efd-2906cc9fb6bc","away","TSV Milbertshofen","SG Dietzenbach",16,15,TRUE,0,NA,NA,0,0,0,NA,0,0,0,0,0,0,NA,NA,NA,NA,NA,NA,NA,NA,0,0,0,0,NA,NA,NA,NA,NA
"Erwin Heilmeier","af09c6c5-3955-11ef-9faa-a36230ada079",NA,NA,1975,"11/15/1975","4185c1fc-3960-11ef-9efd-2906cc9fb6bc","away","TSV Milbertshofen","SG Dietzenbach",16,15,TRUE,0,NA,NA,0,0,0,NA,0,0,0,0,0,0,NA,NA,NA,NA,NA,NA,NA,NA,0,0,0,0,NA,NA,NA,NA,NA
"Jochen Heyne","b1c06894-3955-11ef-ab50-a36230ada079",NA,NA,1975,"11/15/1975","4185c1fc-3960-11ef-9efd-2906cc9fb6bc","away","TSV Milbertshofen","SG Dietzenbach",16,15,TRUE,0,NA,NA,0,0,0,NA,0,0,0,0,0,0,NA,NA,NA,NA,NA,NA,NA,NA,0,0,0,0,NA,NA,NA,NA,NA
"Helmut Schelchshorn","b1c960ef-3955-11ef-850b-a36230ada079",NA,NA,1975,"11/15/1975","4185c1fc-3960-11ef-9efd-2906cc9fb6bc","away","TSV Milbertshofen","SG Dietzenbach",16,15,TRUE,0,NA,NA,0,0,0,NA,0,0,0,0,0,0,NA,NA,NA,NA,NA,NA,NA,NA,0,0,0,0,NA,NA,NA,NA,NA
"Walter Salzer","8d394c72-3955-11ef-8d73-81dc40648355",NA,NA,1975,"11/15/1975","4315c135-3960-11ef-b75a-2906cc9fb6bc","home","TV 1893 Neuhausen","FRISCH AUF! Göppingen",19,15,TRUE,2,NA,NA,0,0,0,NA,0,0,0,0,0,0,NA,NA,NA,NA,NA,NA,NA,NA,0,0,0,0,NA,NA,NA,NA,NA
"Klaus Stoll","a42e01cc-3955-11ef-b661-2510cc07ea6e",NA,NA,1975,"11/15/1975","4315c135-3960-11ef-b75a-2906cc9fb6bc","home","TV 1893 Neuhausen","FRISCH AUF! Göppingen",19,15,TRUE,0,NA,NA,0,0,0,NA,0,0,0,0,0,0,NA,NA,NA,NA,NA,NA,NA,NA,0,0,0,0,NA,NA,NA,NA,NA
"Robert Kemmler","a438d7c7-3955-11ef-8ff6-2510cc07ea6e",NA,NA,1975,"11/15/1975","4315c135-3960-11ef-b75a-2906cc9fb6bc","home","TV 1893 Neuhausen","FRISCH AUF! Göppingen",19,15,TRUE,6,NA,NA,0,0,0,NA,0,0,0,0,0,0,NA,NA,NA,NA,NA,NA,NA,NA,0,0,0,0,NA,NA,NA,NA,NA
"Manfred Klugger","a43e35c7-3955-11ef-b0dc-2510cc07ea6e",NA,NA,1975,"11/15/1975","4315c135-3960-11ef-b75a-2906cc9fb6bc","home","TV 1893 Neuhausen","FRISCH AUF! Göppingen",19,15,TRUE,0,NA,NA,0,0,0,NA,0,0,0,0,0,0,NA,NA,NA,NA,NA,NA,NA,NA,0,0,0,0,NA,NA,NA,NA,NA
"Julius Lehmann","a448c9e2-3955-11ef-9bf8-2510cc07ea6e",NA,NA,1975,"11/15/1975","4315c135-3960-11ef-b75a-2906cc9fb6bc","home","TV 1893 Neuhausen","FRISCH AUF! Göppingen",19,15,TRUE,2,NA,NA,0,0,0,NA,0,0,0,0,0,0,NA,NA,NA,NA,NA,NA,NA,NA,0,0,0,0,NA,NA,NA,NA,NA
"Hermann Mäurle","a44f95e3-3955-11ef-b53d-2510cc07ea6e",NA,NA,1975,"11/15/1975","4315c135-3960-11ef-b75a-2906cc9fb6bc","home","TV 1893 Neuhausen","FRISCH AUF! Göppingen",19,15,TRUE,3,NA,NA,0,0,0,NA,0,0,0,0,0,0,NA,NA,NA,NA,NA,NA,NA,NA,0,0,0,0,NA,NA,NA,NA,NA
"Rolf Miller","a4552808-3955-11ef-ac39-2510cc07ea6e",NA,NA,1975,"11/15/1975","4315c135-3960-11ef-b75a-2906cc9fb6bc","home","TV 1893 Neuhausen","FRISCH AUF! Göppingen",19,15,TRUE,3,NA,NA,0,0,0,NA,0,0,0,0,0,0,NA,NA,NA,NA,NA,NA,NA,NA,0,0,0,0,NA,NA,NA,NA,NA
"Manfred Reusch","a45a1b11-3955-11ef-8135-2510cc07ea6e",NA,NA,1975,"11/15/1975","4315c135-3960-11ef-b75a-2906cc9fb6bc","home","TV 1893 Neuhausen","FRISCH AUF! Göppingen",19,15,TRUE,1,NA,NA,0,0,0,NA,0,0,0,0,0,0,NA,NA,NA,NA,NA,NA,NA,NA,0,0,0,0,NA,NA,NA,NA,NA
"Eugen Schmid","a460a6b1-3955-11ef-966d-2510cc07ea6e",NA,NA,1975,"11/15/1975","4315c135-3960-11ef-b75a-2906cc9fb6bc","home","TV 1893 Neuhausen","FRISCH AUF! Göppingen",19,15,TRUE,0,NA,NA,0,0,0,NA,0,0,0,0,0,0,NA,NA,NA,NA,NA,NA,NA,NA,0,0,0,0,NA,NA,NA,NA,NA
"Wolfgang Brodbeck","b21723df-3955-11ef-a8f2-a36230ada079",NA,NA,1975,"11/15/1975","4315c135-3960-11ef-b75a-2906cc9fb6bc","home","TV 1893 Neuhausen","FRISCH AUF! Göppingen",19,15,TRUE,0,NA,NA,0,0,0,NA,0,0,0,0,0,0,NA,NA,NA,NA,NA,NA,NA,NA,0,0,0,0,NA,NA,NA,NA,NA
"Wolfgang Ruoff","b21c931a-3955-11ef-96d4-a36230ada079",NA,NA,1975,"11/15/1975","4315c135-3960-11ef-b75a-2906cc9fb6bc","home","TV 1893 Neuhausen","FRISCH AUF! Göppingen",19,15,TRUE,0,NA,NA,0,0,0,NA,0,0,0,0,0,0,NA,NA,NA,NA,NA,NA,NA,NA,0,0,0,0,NA,NA,NA,NA,NA
"Johann Högl","b2211f04-3955-11ef-a5bd-a36230ada079",NA,NA,1975,"11/15/1975","4315c135-3960-11ef-b75a-2906cc9fb6bc","home","TV 1893 Neuhausen","FRISCH AUF! Göppingen",19,15,TRUE,2,NA,NA,0,0,0,NA,0,0,0,0,0,0,NA,NA,NA,NA,NA,NA,NA,NA,0,0,0,0,NA,NA,NA,NA,NA
"Arnulf Dümmel","81093055-3955-11ef-9deb-b908c60af10a",NA,NA,1975,"11/15/1975","4315c135-3960-11ef-b75a-2906cc9fb6bc","away","FRISCH AUF! Göppingen","TV 1893 Neuhausen",15,19,FALSE,1,NA,NA,0,0,0,NA,0,0,0,0,0,0,NA,NA,NA,NA,NA,NA,NA,NA,0,0,0,0,NA,NA,NA,NA,NA
"Armin Emrich","8cdd3680-3955-11ef-a93e-81dc40648355",NA,NA,1975,"11/15/1975","4315c135-3960-11ef-b75a-2906cc9fb6bc","away","FRISCH AUF! Göppingen","TV 1893 Neuhausen",15,19,FALSE,2,NA,NA,0,0,0,NA,0,0,0,0,0,0,NA,NA,NA,NA,NA,NA,NA,NA,0,0,0,0,NA,NA,NA,NA,NA
"Hartmut Bressmer","97fa9b74-3955-11ef-ba4c-292be3190b7b",NA,NA,1975,"11/15/1975","4315c135-3960-11ef-b75a-2906cc9fb6bc","away","FRISCH AUF! Göppingen","TV 1893 Neuhausen",15,19,FALSE,2,NA,NA,0,0,0,NA,0,0,0,0,0,0,NA,NA,NA,NA,NA,NA,NA,NA,0,0,0,0,NA,NA,NA,NA,NA
"Gunnar Einarsson","98473f03-3955-11ef-b6da-292be3190b7b",NA,NA,1975,"11/15/1975","4315c135-3960-11ef-b75a-2906cc9fb6bc","away","FRISCH AUF! Göppingen","TV 1893 Neuhausen",15,19,FALSE,9,NA,NA,0,0,6,NA,0,0,0,0,0,0,NA,NA,NA,NA,NA,NA,NA,NA,0,0,0,0,NA,NA,NA,NA,NA
"Hans-Eberhard Finkbeiner","a2f451eb-3955-11ef-99da-2510cc07ea6e",NA,NA,1975,"11/15/1975","4315c135-3960-11ef-b75a-2906cc9fb6bc","away","FRISCH AUF! Göppingen","TV 1893 Neuhausen",15,19,FALSE,0,NA,NA,0,0,0,NA,0,0,0,0,0,0,NA,NA,NA,NA,NA,NA,NA,NA,0,0,0,0,NA,NA,NA,NA,NA
"Wolfgang Don","a2ff75a5-3955-11ef-a510-2510cc07ea6e",NA,NA,1975,"11/15/1975","4315c135-3960-11ef-b75a-2906cc9fb6bc","away","FRISCH AUF! Göppingen","TV 1893 Neuhausen",15,19,FALSE,0,NA,NA,0,0,0,NA,0,0,0,0,0,0,NA,NA,NA,NA,NA,NA,NA,NA,0,0,0,0,NA,NA,NA,NA,NA
"Werner Fischer","af3a0885-3955-11ef-a884-a36230ada079",NA,NA,1975,"11/15/1975","4315c135-3960-11ef-b75a-2906cc9fb6bc","away","FRISCH AUF! Göppingen","TV 1893 Neuhausen",15,19,FALSE,1,NA,NA,0,0,0,NA,0,0,0,0,0,0,NA,NA,NA,NA,NA,NA,NA,NA,0,0,0,0,NA,NA,NA,NA,NA
"Rolf Hammann","af6ae50b-3955-11ef-a71b-a36230ada079",NA,NA,1975,"11/15/1975","4315c135-3960-11ef-b75a-2906cc9fb6bc","away","FRISCH AUF! Göppingen","TV 1893 Neuhausen",15,19,FALSE,0,NA,NA,0,0,0,NA,0,0,0,0,0,0,NA,NA,NA,NA,NA,NA,NA,NA,0,0,0,0,NA,NA,NA,NA,NA
"Siegmund Seeger","af76d008-3955-11ef-b7c9-a36230ada079",NA,NA,1975,"11/15/1975","4315c135-3960-11ef-b75a-2906cc9fb6bc","away","FRISCH AUF! Göppingen","TV 1893 Neuhausen",15,19,FALSE,0,NA,NA,0,0,0,NA,0,0,0,0,0,0,NA,NA,NA,NA,NA,NA,NA,NA,0,0,0,0,NA,NA,NA,NA,NA
"Detlef Groß","b20edee3-3955-11ef-9e14-a36230ada079",NA,NA,1975,"11/15/1975","4315c135-3960-11ef-b75a-2906cc9fb6bc","away","FRISCH AUF! Göppingen","TV 1893 Neuhausen",15,19,FALSE,0,NA,NA,0,0,0,NA,0,0,0,0,0,0,NA,NA,NA,NA,NA,NA,NA,NA,0,0,0,0,NA,NA,NA,NA,NA
"Holger Oertel","685d8d1c-3955-11ef-86af-292be3190b7b",NA,NA,1975,"11/16/1975","32f8c2e6-3960-11ef-b043-2906cc9fb6bc","home","THW Kiel","Hamburger SV",13,7,TRUE,0,NA,NA,0,0,0,NA,0,0,0,0,0,0,NA,NA,NA,NA,NA,NA,NA,NA,0,0,0,0,NA,NA,NA,NA,NA
"Roland Hänsch","981d8549-3955-11ef-a2ca-292be3190b7b",NA,NA,1975,"11/16/1975","32f8c2e6-3960-11ef-b043-2906cc9fb6bc","home","THW Kiel","Hamburger SV",13,7,TRUE,0,NA,NA,0,0,0,NA,0,0,0,0,0,0,NA,NA,NA,NA,NA,NA,NA,NA,0,0,0,0,NA,NA,NA,NA,NA
"Gerd Welz","98273a90-3955-11ef-a3a2-292be3190b7b",NA,NA,1975,"11/16/1975","32f8c2e6-3960-11ef-b043-2906cc9fb6bc","home","THW Kiel","Hamburger SV",13,7,TRUE,1,NA,NA,0,0,0,NA,0,0,0,0,0,0,NA,NA,NA,NA,NA,NA,NA,NA,0,0,0,0,NA,NA,NA,NA,NA
"Hans-Lothar Bock","9991bda0-3955-11ef-a6c6-292be3190b7b",NA,NA,1975,"11/16/1975","32f8c2e6-3960-11ef-b043-2906cc9fb6bc","home","THW Kiel","Hamburger SV",13,7,TRUE,2,NA,NA,0,0,1,NA,0,0,0,0,0,0,NA,NA,NA,NA,NA,NA,NA,NA,0,0,0,0,NA,NA,NA,NA,NA
"Volker Harbs","9995a6f3-3955-11ef-b74f-292be3190b7b",NA,NA,1975,"11/16/1975","32f8c2e6-3960-11ef-b043-2906cc9fb6bc","home","THW Kiel","Hamburger SV",13,7,TRUE,1,NA,NA,0,0,0,NA,0,0,0,0,0,0,NA,NA,NA,NA,NA,NA,NA,NA,0,0,0,0,NA,NA,NA,NA,NA
"Dieter Krause","99996b47-3955-11ef-a9c9-292be3190b7b",NA,NA,1975,"11/16/1975","32f8c2e6-3960-11ef-b043-2906cc9fb6bc","home","THW Kiel","Hamburger SV",13,7,TRUE,3,NA,NA,0,0,0,NA,0,0,0,0,0,0,NA,NA,NA,NA,NA,NA,NA,NA,0,0,0,0,NA,NA,NA,NA,NA
"Wolfgang Stolz","999eb14b-3955-11ef-bbce-292be3190b7b",NA,NA,1975,"11/16/1975","32f8c2e6-3960-11ef-b043-2906cc9fb6bc","home","THW Kiel","Hamburger SV",13,7,TRUE,0,NA,NA,0,0,0,NA,0,0,0,0,0,0,NA,NA,NA,NA,NA,NA,NA,NA,0,0,0,0,NA,NA,NA,NA,NA
"Frank Requate","ae434759-3955-11ef-8758-a36230ada079",NA,NA,1975,"11/16/1975","32f8c2e6-3960-11ef-b043-2906cc9fb6bc","home","THW Kiel","Hamburger SV",13,7,TRUE,0,NA,NA,0,0,0,NA,0,0,0,0,0,0,NA,NA,NA,NA,NA,NA,NA,NA,0,0,0,0,NA,NA,NA,NA,NA
"Herwig Ahrendsen","b143192b-3955-11ef-bef0-a36230ada079",NA,NA,1975,"11/16/1975","32f8c2e6-3960-11ef-b043-2906cc9fb6bc","home","THW Kiel","Hamburger SV",13,7,TRUE,4,NA,NA,0,0,0,NA,0,0,0,0,0,0,NA,NA,NA,NA,NA,NA,NA,NA,0,0,0,0,NA,NA,NA,NA,NA
"Bernd Nielsen","b1480d2c-3955-11ef-8563-a36230ada079",NA,NA,1975,"11/16/1975","32f8c2e6-3960-11ef-b043-2906cc9fb6bc","home","THW Kiel","Hamburger SV",13,7,TRUE,1,NA,NA,0,0,0,NA,0,0,0,0,0,0,NA,NA,NA,NA,NA,NA,NA,NA,0,0,0,0,NA,NA,NA,NA,NA
"Hartwig Moll","b14ce7d8-3955-11ef-8cb5-a36230ada079",NA,NA,1975,"11/16/1975","32f8c2e6-3960-11ef-b043-2906cc9fb6bc","home","THW Kiel","Hamburger SV",13,7,TRUE,1,NA,NA,0,0,0,NA,0,0,0,0,0,0,NA,NA,NA,NA,NA,NA,NA,NA,0,0,0,0,NA,NA,NA,NA,NA
"Peter Pickel","8c973b42-3955-11ef-8c71-81dc40648355",NA,NA,1975,"11/16/1975","32f8c2e6-3960-11ef-b043-2906cc9fb6bc","away","Hamburger SV","THW Kiel",7,13,FALSE,1,NA,NA,0,0,1,NA,0,0,0,0,0,0,NA,NA,NA,NA,NA,NA,NA,NA,0,0,0,0,NA,NA,NA,NA,NA
"Richard Boczkowski","a1b43836-3955-11ef-934f-2510cc07ea6e",NA,NA,1975,"11/16/1975","32f8c2e6-3960-11ef-b043-2906cc9fb6bc","away","Hamburger SV","THW Kiel",7,13,FALSE,1,NA,NA,0,0,0,NA,0,0,0,0,0,0,NA,NA,NA,NA,NA,NA,NA,NA,0,0,0,0,NA,NA,NA,NA,NA
"Einar Magnusson","a3805088-3955-11ef-bfa9-2510cc07ea6e",NA,NA,1975,"11/16/1975","32f8c2e6-3960-11ef-b043-2906cc9fb6bc","away","Hamburger SV","THW Kiel",7,13,FALSE,2,NA,NA,0,0,0,NA,0,0,0,0,0,0,NA,NA,NA,NA,NA,NA,NA,NA,0,0,0,0,NA,NA,NA,NA,NA
"Hans-Jürgen Bode","b011e6da-3955-11ef-8205-a36230ada079",NA,NA,1975,"11/16/1975","32f8c2e6-3960-11ef-b043-2906cc9fb6bc","away","Hamburger SV","THW Kiel",7,13,FALSE,0,NA,NA,0,0,0,NA,0,0,0,0,0,0,NA,NA,NA,NA,NA,NA,NA,NA,0,0,0,0,NA,NA,NA,NA,NA
"Herbert Niemeier","b0163f16-3955-11ef-ae9e-a36230ada079",NA,NA,1975,"11/16/1975","32f8c2e6-3960-11ef-b043-2906cc9fb6bc","away","Hamburger SV","THW Kiel",7,13,FALSE,1,NA,NA,0,0,0,NA,0,0,0,0,0,0,NA,NA,NA,NA,NA,NA,NA,NA,0,0,0,0,NA,NA,NA,NA,NA
"Holger Nitschke","b01a8950-3955-11ef-a243-a36230ada079",NA,NA,1975,"11/16/1975","32f8c2e6-3960-11ef-b043-2906cc9fb6bc","away","Hamburger SV","THW Kiel",7,13,FALSE,0,NA,NA,0,0,0,NA,0,0,0,0,0,0,NA,NA,NA,NA,NA,NA,NA,NA,0,0,0,0,NA,NA,NA,NA,NA
"Ralph Mathies","b023b170-3955-11ef-87a6-a36230ada079",NA,NA,1975,"11/16/1975","32f8c2e6-3960-11ef-b043-2906cc9fb6bc","away","Hamburger SV","THW Kiel",7,13,FALSE,0,NA,NA,0,0,0,NA,0,0,0,0,0,0,NA,NA,NA,NA,NA,NA,NA,NA,0,0,0,0,NA,NA,NA,NA,NA
"Rainer Witt","b02adaad-3955-11ef-b8c4-a36230ada079",NA,NA,1975,"11/16/1975","32f8c2e6-3960-11ef-b043-2906cc9fb6bc","away","Hamburger SV","THW Kiel",7,13,FALSE,0,NA,NA,0,0,0,NA,0,0,0,0,0,0,NA,NA,NA,NA,NA,NA,NA,NA,0,0,0,0,NA,NA,NA,NA,NA
"Jens Ivers","b02f4aea-3955-11ef-801e-a36230ada079",NA,NA,1975,"11/16/1975","32f8c2e6-3960-11ef-b043-2906cc9fb6bc","away","Hamburger SV","THW Kiel",7,13,FALSE,1,NA,NA,0,0,0,NA,0,0,0,0,0,0,NA,NA,NA,NA,NA,NA,NA,NA,0,0,0,0,NA,NA,NA,NA,NA
"Norbert Germer","b03f8101-3955-11ef-8945-a36230ada079",NA,NA,1975,"11/16/1975","32f8c2e6-3960-11ef-b043-2906cc9fb6bc","away","Hamburger SV","THW Kiel",7,13,FALSE,1,NA,NA,0,0,0,NA,0,0,0,0,0,0,NA,NA,NA,NA,NA,NA,NA,NA,0,0,0,0,NA,NA,NA,NA,NA
"Michael Surmann","b04e41f0-3955-11ef-8320-a36230ada079",NA,NA,1975,"11/16/1975","32f8c2e6-3960-11ef-b043-2906cc9fb6bc","away","Hamburger SV","THW Kiel",7,13,FALSE,0,NA,NA,0,0,0,NA,0,0,0,0,0,0,NA,NA,NA,NA,NA,NA,NA,NA,0,0,0,0,NA,NA,NA,NA,NA
"Holger Oertel","685d8d1c-3955-11ef-86af-292be3190b7b",NA,NA,1975,"11/18/1975","31f5dfe9-3960-11ef-88eb-2906cc9fb6bc","home","THW Kiel","GWD Minden",12,8,TRUE,0,NA,NA,0,0,0,NA,0,0,0,0,0,0,NA,NA,NA,NA,NA,NA,NA,NA,0,0,0,0,NA,NA,NA,NA,NA
"Roland Hänsch","981d8549-3955-11ef-a2ca-292be3190b7b",NA,NA,1975,"11/18/1975","31f5dfe9-3960-11ef-88eb-2906cc9fb6bc","home","THW Kiel","GWD Minden",12,8,TRUE,0,NA,NA,0,0,0,NA,0,0,0,0,0,0,NA,NA,NA,NA,NA,NA,NA,NA,0,0,0,0,NA,NA,NA,NA,NA
"Gerd Welz","98273a90-3955-11ef-a3a2-292be3190b7b",NA,NA,1975,"11/18/1975","31f5dfe9-3960-11ef-88eb-2906cc9fb6bc","home","THW Kiel","GWD Minden",12,8,TRUE,3,NA,NA,0,0,0,NA,0,0,0,0,0,0,NA,NA,NA,NA,NA,NA,NA,NA,0,0,0,0,NA,NA,NA,NA,NA
"Hans-Lothar Bock","9991bda0-3955-11ef-a6c6-292be3190b7b",NA,NA,1975,"11/18/1975","31f5dfe9-3960-11ef-88eb-2906cc9fb6bc","home","THW Kiel","GWD Minden",12,8,TRUE,2,NA,NA,0,0,2,NA,0,0,0,0,0,0,NA,NA,NA,NA,NA,NA,NA,NA,0,0,0,0,NA,NA,NA,NA,NA
"Volker Harbs","9995a6f3-3955-11ef-b74f-292be3190b7b",NA,NA,1975,"11/18/1975","31f5dfe9-3960-11ef-88eb-2906cc9fb6bc","home","THW Kiel","GWD Minden",12,8,TRUE,1,NA,NA,0,0,0,NA,0,0,0,0,0,0,NA,NA,NA,NA,NA,NA,NA,NA,0,0,0,0,NA,NA,NA,NA,NA
"Dieter Krause","99996b47-3955-11ef-a9c9-292be3190b7b",NA,NA,1975,"11/18/1975","31f5dfe9-3960-11ef-88eb-2906cc9fb6bc","home","THW Kiel","GWD Minden",12,8,TRUE,0,NA,NA,0,0,0,NA,0,0,0,0,0,0,NA,NA,NA,NA,NA,NA,NA,NA,0,0,0,0,NA,NA,NA,NA,NA
"Wolfgang Stolz","999eb14b-3955-11ef-bbce-292be3190b7b",NA,NA,1975,"11/18/1975","31f5dfe9-3960-11ef-88eb-2906cc9fb6bc","home","THW Kiel","GWD Minden",12,8,TRUE,1,NA,NA,0,0,0,NA,0,0,0,0,0,0,NA,NA,NA,NA,NA,NA,NA,NA,0,0,0,0,NA,NA,NA,NA,NA
"Frank Requate","ae434759-3955-11ef-8758-a36230ada079",NA,NA,1975,"11/18/1975","31f5dfe9-3960-11ef-88eb-2906cc9fb6bc","home","THW Kiel","GWD Minden",12,8,TRUE,0,NA,NA,0,0,0,NA,0,0,0,0,0,0,NA,NA,NA,NA,NA,NA,NA,NA,0,0,0,0,NA,NA,NA,NA,NA
"Herwig Ahrendsen","b143192b-3955-11ef-bef0-a36230ada079",NA,NA,1975,"11/18/1975","31f5dfe9-3960-11ef-88eb-2906cc9fb6bc","home","THW Kiel","GWD Minden",12,8,TRUE,1,NA,NA,0,0,0,NA,0,0,0,0,0,0,NA,NA,NA,NA,NA,NA,NA,NA,0,0,0,0,NA,NA,NA,NA,NA
"Bernd Nielsen","b1480d2c-3955-11ef-8563-a36230ada079",NA,NA,1975,"11/18/1975","31f5dfe9-3960-11ef-88eb-2906cc9fb6bc","home","THW Kiel","GWD Minden",12,8,TRUE,3,NA,NA,0,0,0,NA,0,0,0,0,0,0,NA,NA,NA,NA,NA,NA,NA,NA,0,0,0,0,NA,NA,NA,NA,NA
"Hartwig Moll","b14ce7d8-3955-11ef-8cb5-a36230ada079",NA,NA,1975,"11/18/1975","31f5dfe9-3960-11ef-88eb-2906cc9fb6bc","home","THW Kiel","GWD Minden",12,8,TRUE,1,NA,NA,0,0,0,NA,0,0,0,0,0,0,NA,NA,NA,NA,NA,NA,NA,NA,0,0,0,0,NA,NA,NA,NA,NA
"Rainer Niemeyer","5008ccec-3955-11ef-9f62-6d38c0425bc0",NA,NA,1975,"11/18/1975","31f5dfe9-3960-11ef-88eb-2906cc9fb6bc","away","GWD Minden","THW Kiel",8,12,FALSE,0,NA,NA,0,0,0,NA,0,0,0,0,0,0,NA,NA,NA,NA,NA,NA,NA,NA,0,0,0,0,NA,NA,NA,NA,NA
"Hans-Jürgen Grund","81694a24-3955-11ef-9a97-b908c60af10a",NA,NA,1975,"11/18/1975","31f5dfe9-3960-11ef-88eb-2906cc9fb6bc","away","GWD Minden","THW Kiel",8,12,FALSE,0,NA,NA,0,0,0,NA,0,0,0,0,0,0,NA,NA,NA,NA,NA,NA,NA,NA,0,0,0,0,NA,NA,NA,NA,NA
"Axel Axelsson","8b29429f-3955-11ef-baf9-81dc40648355",NA,NA,1975,"11/18/1975","31f5dfe9-3960-11ef-88eb-2906cc9fb6bc","away","GWD Minden","THW Kiel",8,12,FALSE,1,NA,NA,0,0,0,NA,0,0,0,0,0,0,NA,NA,NA,NA,NA,NA,NA,NA,0,0,0,0,NA,NA,NA,NA,NA
"Dieter Waltke","8bbe1a37-3955-11ef-a8ff-81dc40648355",NA,NA,1975,"11/18/1975","31f5dfe9-3960-11ef-88eb-2906cc9fb6bc","away","GWD Minden","THW Kiel",8,12,FALSE,0,NA,NA,0,0,0,NA,0,0,0,0,0,0,NA,NA,NA,NA,NA,NA,NA,NA,0,0,0,0,NA,NA,NA,NA,NA
"Bernhard Busch","8dc9280f-3955-11ef-80e2-81dc40648355",NA,NA,1975,"11/18/1975","31f5dfe9-3960-11ef-88eb-2906cc9fb6bc","away","GWD Minden","THW Kiel",8,12,FALSE,1,NA,NA,0,0,0,NA,0,0,0,0,0,0,NA,NA,NA,NA,NA,NA,NA,NA,0,0,0,0,NA,NA,NA,NA,NA
"Gerd Becker","96f1e245-3955-11ef-80bc-292be3190b7b",NA,NA,1975,"11/18/1975","31f5dfe9-3960-11ef-88eb-2906cc9fb6bc","away","GWD Minden","THW Kiel",8,12,FALSE,1,NA,NA,0,0,0,NA,0,0,0,0,0,0,NA,NA,NA,NA,NA,NA,NA,NA,0,0,0,0,NA,NA,NA,NA,NA
"Walter von Oepen","97f2373d-3955-11ef-82ae-292be3190b7b",NA,NA,1975,"11/18/1975","31f5dfe9-3960-11ef-88eb-2906cc9fb6bc","away","GWD Minden","THW Kiel",8,12,FALSE,0,NA,NA,0,0,0,NA,0,0,0,0,0,0,NA,NA,NA,NA,NA,NA,NA,NA,0,0,0,0,NA,NA,NA,NA,NA
"Martin Karcher","980f80ce-3955-11ef-8054-292be3190b7b",NA,NA,1975,"11/18/1975","31f5dfe9-3960-11ef-88eb-2906cc9fb6bc","away","GWD Minden","THW Kiel",8,12,FALSE,0,NA,NA,0,0,0,NA,0,0,0,0,0,0,NA,NA,NA,NA,NA,NA,NA,NA,0,0,0,0,NA,NA,NA,NA,NA
"Gerhard Buddenbohm","98e2ecac-3955-11ef-b2de-292be3190b7b",NA,NA,1975,"11/18/1975","31f5dfe9-3960-11ef-88eb-2906cc9fb6bc","away","GWD Minden","THW Kiel",8,12,FALSE,0,NA,NA,0,0,0,NA,0,0,0,0,0,0,NA,NA,NA,NA,NA,NA,NA,NA,0,0,0,0,NA,NA,NA,NA,NA
"Ólafur Hlöðver Jónsson","98eb7177-3955-11ef-9bda-292be3190b7b",NA,NA,1975,"11/18/1975","31f5dfe9-3960-11ef-88eb-2906cc9fb6bc","away","GWD Minden","THW Kiel",8,12,FALSE,4,NA,NA,0,0,0,NA,0,0,0,0,0,0,NA,NA,NA,NA,NA,NA,NA,NA,0,0,0,0,NA,NA,NA,NA,NA
"Hans Kramer","98f50290-3955-11ef-8aa8-292be3190b7b",NA,NA,1975,"11/18/1975","31f5dfe9-3960-11ef-88eb-2906cc9fb6bc","away","GWD Minden","THW Kiel",8,12,FALSE,1,NA,NA,0,0,0,NA,0,0,0,0,0,0,NA,NA,NA,NA,NA,NA,NA,NA,0,0,0,0,NA,NA,NA,NA,NA
"Jobst-Erich Rehse","b00be251-3955-11ef-ac35-a36230ada079",NA,NA,1975,"11/18/1975","31f5dfe9-3960-11ef-88eb-2906cc9fb6bc","away","GWD Minden","THW Kiel",8,12,FALSE,0,NA,NA,0,0,0,NA,0,0,0,0,0,0,NA,NA,NA,NA,NA,NA,NA,NA,0,0,0,0,NA,NA,NA,NA,NA
"Winfried Damm","73c56170-3955-11ef-9cca-51fdf2a82730",NA,NA,1975,"11/19/1975","42236076-3960-11ef-906f-2906cc9fb6bc","home","TSV 1896 Rintheim","SG Dietzenbach",22,15,TRUE,0,NA,NA,0,0,0,NA,0,0,0,0,0,0,NA,NA,NA,NA,NA,NA,NA,NA,0,0,0,0,NA,NA,NA,NA,NA
"Gerhard Gaiser","7fd4e3db-3955-11ef-b327-b908c60af10a",NA,NA,1975,"11/19/1975","42236076-3960-11ef-906f-2906cc9fb6bc","home","TSV 1896 Rintheim","SG Dietzenbach",22,15,TRUE,1,NA,NA,0,0,0,NA,0,0,0,0,0,0,NA,NA,NA,NA,NA,NA,NA,NA,0,0,0,0,NA,NA,NA,NA,NA
"Roland Kröger","81272d6a-3955-11ef-b027-b908c60af10a",NA,NA,1975,"11/19/1975","42236076-3960-11ef-906f-2906cc9fb6bc","home","TSV 1896 Rintheim","SG Dietzenbach",22,15,TRUE,1,NA,NA,0,0,0,NA,0,0,0,0,0,0,NA,NA,NA,NA,NA,NA,NA,NA,0,0,0,0,NA,NA,NA,NA,NA
"Manfred Schulz","8bc2b5ea-3955-11ef-8d03-81dc40648355",NA,NA,1975,"11/19/1975","42236076-3960-11ef-906f-2906cc9fb6bc","home","TSV 1896 Rintheim","SG Dietzenbach",22,15,TRUE,0,NA,NA,0,0,0,NA,0,0,0,0,0,0,NA,NA,NA,NA,NA,NA,NA,NA,0,0,0,0,NA,NA,NA,NA,NA
"Max Müller","99453a6b-3955-11ef-84c2-292be3190b7b",NA,NA,1975,"11/19/1975","42236076-3960-11ef-906f-2906cc9fb6bc","home","TSV 1896 Rintheim","SG Dietzenbach",22,15,TRUE,2,NA,NA,0,0,0,NA,0,0,0,0,0,0,NA,NA,NA,NA,NA,NA,NA,NA,0,0,0,0,NA,NA,NA,NA,NA
"Ulrich Fucks","a237d895-3955-11ef-ab1b-2510cc07ea6e",NA,NA,1975,"11/19/1975","42236076-3960-11ef-906f-2906cc9fb6bc","home","TSV 1896 Rintheim","SG Dietzenbach",22,15,TRUE,0,NA,NA,0,0,0,NA,0,0,0,0,0,0,NA,NA,NA,NA,NA,NA,NA,NA,0,0,0,0,NA,NA,NA,NA,NA
"Alfred Schmitt","a25e1dab-3955-11ef-b412-2510cc07ea6e",NA,NA,1975,"11/19/1975","42236076-3960-11ef-906f-2906cc9fb6bc","home","TSV 1896 Rintheim","SG Dietzenbach",22,15,TRUE,0,NA,NA,0,0,0,NA,0,0,0,0,0,0,NA,NA,NA,NA,NA,NA,NA,NA,0,0,0,0,NA,NA,NA,NA,NA
"Rudi Stein","a27f8606-3955-11ef-8352-2510cc07ea6e",NA,NA,1975,"11/19/1975","42236076-3960-11ef-906f-2906cc9fb6bc","home","TSV 1896 Rintheim","SG Dietzenbach",22,15,TRUE,4,NA,NA,0,0,1,NA,0,0,0,0,0,0,NA,NA,NA,NA,NA,NA,NA,NA,0,0,0,0,NA,NA,NA,NA,NA
"Rudi Lechleidner","aec862a4-3955-11ef-ad66-a36230ada079",NA,NA,1975,"11/19/1975","42236076-3960-11ef-906f-2906cc9fb6bc","home","TSV 1896 Rintheim","SG Dietzenbach",22,15,TRUE,4,NA,NA,0,0,0,NA,0,0,0,0,0,0,NA,NA,NA,NA,NA,NA,NA,NA,0,0,0,0,NA,NA,NA,NA,NA
"Wilfried Job","af3ed007-3955-11ef-9184-a36230ada079",NA,NA,1975,"11/19/1975","42236076-3960-11ef-906f-2906cc9fb6bc","home","TSV 1896 Rintheim","SG Dietzenbach",22,15,TRUE,2,NA,NA,0,0,0,NA,0,0,0,0,0,0,NA,NA,NA,NA,NA,NA,NA,NA,0,0,0,0,NA,NA,NA,NA,NA
"Claus Erles","af42e492-3955-11ef-a26e-a36230ada079",NA,NA,1975,"11/19/1975","42236076-3960-11ef-906f-2906cc9fb6bc","home","TSV 1896 Rintheim","SG Dietzenbach",22,15,TRUE,0,NA,NA,0,0,0,NA,0,0,0,0,0,0,NA,NA,NA,NA,NA,NA,NA,NA,0,0,0,0,NA,NA,NA,NA,NA
"Rolf Barthel","b1e747bc-3955-11ef-bf9b-a36230ada079",NA,NA,1975,"11/19/1975","42236076-3960-11ef-906f-2906cc9fb6bc","home","TSV 1896 Rintheim","SG Dietzenbach",22,15,TRUE,8,NA,NA,0,0,2,NA,0,0,0,0,0,0,NA,NA,NA,NA,NA,NA,NA,NA,0,0,0,0,NA,NA,NA,NA,NA
"Claus Hormel","65a6e4d8-3955-11ef-84ee-292be3190b7b",NA,NA,1975,"11/19/1975","42236076-3960-11ef-906f-2906cc9fb6bc","away","SG Dietzenbach","TSV 1896 Rintheim",15,22,FALSE,2,NA,NA,0,0,0,NA,0,0,0,0,0,0,NA,NA,NA,NA,NA,NA,NA,NA,0,0,0,0,NA,NA,NA,NA,NA
"Dieter Schappert","808baa47-3955-11ef-b967-b908c60af10a",NA,NA,1975,"11/19/1975","42236076-3960-11ef-906f-2906cc9fb6bc","away","SG Dietzenbach","TSV 1896 Rintheim",15,22,FALSE,1,NA,NA,0,0,0,NA,0,0,0,0,0,0,NA,NA,NA,NA,NA,NA,NA,NA,0,0,0,0,NA,NA,NA,NA,NA
"Milan Krstić","8a85bfb0-3955-11ef-ac1d-81dc40648355",NA,NA,1975,"11/19/1975","42236076-3960-11ef-906f-2906cc9fb6bc","away","SG Dietzenbach","TSV 1896 Rintheim",15,22,FALSE,5,NA,NA,0,0,2,NA,0,0,0,0,0,0,NA,NA,NA,NA,NA,NA,NA,NA,0,0,0,0,NA,NA,NA,NA,NA
"Heinz-Walter Behne","8be65881-3955-11ef-8872-81dc40648355",NA,NA,1975,"11/19/1975","42236076-3960-11ef-906f-2906cc9fb6bc","away","SG Dietzenbach","TSV 1896 Rintheim",15,22,FALSE,1,NA,NA,0,0,0,NA,0,0,0,0,0,0,NA,NA,NA,NA,NA,NA,NA,NA,0,0,0,0,NA,NA,NA,NA,NA
"Herbert Wehnert","96e104db-3955-11ef-b58d-292be3190b7b",NA,NA,1975,"11/19/1975","42236076-3960-11ef-906f-2906cc9fb6bc","away","SG Dietzenbach","TSV 1896 Rintheim",15,22,FALSE,6,NA,NA,0,0,0,NA,0,0,0,0,0,0,NA,NA,NA,NA,NA,NA,NA,NA,0,0,0,0,NA,NA,NA,NA,NA
"Boris Kostić","982a9c45-3955-11ef-bf0d-292be3190b7b",NA,NA,1975,"11/19/1975","42236076-3960-11ef-906f-2906cc9fb6bc","away","SG Dietzenbach","TSV 1896 Rintheim",15,22,FALSE,0,NA,NA,0,0,0,NA,0,0,0,0,0,0,NA,NA,NA,NA,NA,NA,NA,NA,0,0,0,0,NA,NA,NA,NA,NA
"Manfred Merk","a2e89182-3955-11ef-b7cf-2510cc07ea6e",NA,NA,1975,"11/19/1975","42236076-3960-11ef-906f-2906cc9fb6bc","away","SG Dietzenbach","TSV 1896 Rintheim",15,22,FALSE,0,NA,NA,0,0,0,NA,0,0,0,0,0,0,NA,NA,NA,NA,NA,NA,NA,NA,0,0,0,0,NA,NA,NA,NA,NA
"Otto Allies","af191a75-3955-11ef-8c7e-a36230ada079",NA,NA,1975,"11/19/1975","42236076-3960-11ef-906f-2906cc9fb6bc","away","SG Dietzenbach","TSV 1896 Rintheim",15,22,FALSE,0,NA,NA,0,0,0,NA,0,0,0,0,0,0,NA,NA,NA,NA,NA,NA,NA,NA,0,0,0,0,NA,NA,NA,NA,NA
"Klaus Budecker","af1ed2a9-3955-11ef-854d-a36230ada079",NA,NA,1975,"11/19/1975","42236076-3960-11ef-906f-2906cc9fb6bc","away","SG Dietzenbach","TSV 1896 Rintheim",15,22,FALSE,0,NA,NA,0,0,0,NA,0,0,0,0,0,0,NA,NA,NA,NA,NA,NA,NA,NA,0,0,0,0,NA,NA,NA,NA,NA
"Heinrich Baum","af2c6c48-3955-11ef-964a-a36230ada079",NA,NA,1975,"11/19/1975","42236076-3960-11ef-906f-2906cc9fb6bc","away","SG Dietzenbach","TSV 1896 Rintheim",15,22,FALSE,0,NA,NA,0,0,0,NA,0,0,0,0,0,0,NA,NA,NA,NA,NA,NA,NA,NA,0,0,0,0,NA,NA,NA,NA,NA
"Werner Fritzel","b1cdb47c-3955-11ef-8cfd-a36230ada079",NA,NA,1975,"11/19/1975","42236076-3960-11ef-906f-2906cc9fb6bc","away","SG Dietzenbach","TSV 1896 Rintheim",15,22,FALSE,0,NA,NA,0,0,0,NA,0,0,0,0,0,0,NA,NA,NA,NA,NA,NA,NA,NA,0,0,0,0,NA,NA,NA,NA,NA
"Dieter Bartke","4fa6f4fc-3955-11ef-9f16-6d38c0425bc0",NA,NA,1975,"11/22/1975","3543eacf-3960-11ef-aefd-2906cc9fb6bc","home","SC Phönix Essen 1920","TSV Altenholz",24,14,TRUE,0,NA,NA,0,0,0,NA,0,0,0,0,0,0,NA,NA,NA,NA,NA,NA,NA,NA,0,0,0,0,NA,NA,NA,NA,NA
"Burkhard Windorf","8b6a317b-3955-11ef-84ca-81dc40648355",NA,NA,1975,"11/22/1975","3543eacf-3960-11ef-aefd-2906cc9fb6bc","home","SC Phönix Essen 1920","TSV Altenholz",24,14,TRUE,1,NA,NA,0,0,0,NA,0,0,0,0,0,0,NA,NA,NA,NA,NA,NA,NA,NA,0,0,0,0,NA,NA,NA,NA,NA
"Peter Kleibrink","a1d4c58c-3955-11ef-9cce-2510cc07ea6e",NA,NA,1975,"11/22/1975","3543eacf-3960-11ef-aefd-2906cc9fb6bc","home","SC Phönix Essen 1920","TSV Altenholz",24,14,TRUE,7,NA,NA,0,0,0,NA,0,0,0,0,0,0,NA,NA,NA,NA,NA,NA,NA,NA,0,0,0,0,NA,NA,NA,NA,NA
"Peter Bützer","a4cb5a85-3955-11ef-989d-2510cc07ea6e",NA,NA,1975,"11/22/1975","3543eacf-3960-11ef-aefd-2906cc9fb6bc","home","SC Phönix Essen 1920","TSV Altenholz",24,14,TRUE,2,NA,NA,0,0,0,NA,0,0,0,0,0,0,NA,NA,NA,NA,NA,NA,NA,NA,0,0,0,0,NA,NA,NA,NA,NA
"Jürgen Musebrink","a572f52f-3955-11ef-b6cb-2510cc07ea6e",NA,NA,1975,"11/22/1975","3543eacf-3960-11ef-aefd-2906cc9fb6bc","home","SC Phönix Essen 1920","TSV Altenholz",24,14,TRUE,0,NA,NA,0,0,0,NA,0,0,0,0,0,0,NA,NA,NA,NA,NA,NA,NA,NA,0,0,0,0,NA,NA,NA,NA,NA
"Carsten Matuszak","a59daa13-3955-11ef-9206-2510cc07ea6e",NA,NA,1975,"11/22/1975","3543eacf-3960-11ef-aefd-2906cc9fb6bc","home","SC Phönix Essen 1920","TSV Altenholz",24,14,TRUE,3,NA,NA,0,0,2,NA,0,0,0,0,0,0,NA,NA,NA,NA,NA,NA,NA,NA,0,0,0,0,NA,NA,NA,NA,NA
"Wilhelm Heidkamp","a5a2ef02-3955-11ef-9852-2510cc07ea6e",NA,NA,1975,"11/22/1975","3543eacf-3960-11ef-aefd-2906cc9fb6bc","home","SC Phönix Essen 1920","TSV Altenholz",24,14,TRUE,2,NA,NA,0,0,0,NA,0,0,0,0,0,0,NA,NA,NA,NA,NA,NA,NA,NA,0,0,0,0,NA,NA,NA,NA,NA
"Heinz Oberscheidt","a5ae94f2-3955-11ef-91fc-2510cc07ea6e",NA,NA,1975,"11/22/1975","3543eacf-3960-11ef-aefd-2906cc9fb6bc","home","SC Phönix Essen 1920","TSV Altenholz",24,14,TRUE,8,NA,NA,0,0,0,NA,0,0,0,0,0,0,NA,NA,NA,NA,NA,NA,NA,NA,0,0,0,0,NA,NA,NA,NA,NA
"Ingo Callies","b0b0659b-3955-11ef-87aa-a36230ada079",NA,NA,1975,"11/22/1975","3543eacf-3960-11ef-aefd-2906cc9fb6bc","home","SC Phönix Essen 1920","TSV Altenholz",24,14,TRUE,0,NA,NA,0,0,0,NA,0,0,0,0,0,0,NA,NA,NA,NA,NA,NA,NA,NA,0,0,0,0,NA,NA,NA,NA,NA
"Peter Forker","b0b50ef2-3955-11ef-964f-a36230ada079",NA,NA,1975,"11/22/1975","3543eacf-3960-11ef-aefd-2906cc9fb6bc","home","SC Phönix Essen 1920","TSV Altenholz",24,14,TRUE,0,NA,NA,0,0,0,NA,0,0,0,0,0,0,NA,NA,NA,NA,NA,NA,NA,NA,0,0,0,0,NA,NA,NA,NA,NA
"Rüdiger Hillebrand","b0c11a9c-3955-11ef-bf0d-a36230ada079",NA,NA,1975,"11/22/1975","3543eacf-3960-11ef-aefd-2906cc9fb6bc","home","SC Phönix Essen 1920","TSV Altenholz",24,14,TRUE,1,NA,NA,0,0,0,NA,0,0,0,0,0,0,NA,NA,NA,NA,NA,NA,NA,NA,0,0,0,0,NA,NA,NA,NA,NA
"Olaf Berner","a4006ca4-3955-11ef-a034-2510cc07ea6e",NA,NA,1975,"11/22/1975","3543eacf-3960-11ef-aefd-2906cc9fb6bc","away","TSV Altenholz","SC Phönix Essen 1920",14,24,FALSE,3,NA,NA,0,0,2,NA,0,0,0,0,0,0,NA,NA,NA,NA,NA,NA,NA,NA,0,0,0,0,NA,NA,NA,NA,NA
"Peter Kurth","b06eb57c-3955-11ef-b9af-a36230ada079",NA,NA,1975,"11/22/1975","3543eacf-3960-11ef-aefd-2906cc9fb6bc","away","TSV Altenholz","SC Phönix Essen 1920",14,24,FALSE,0,NA,NA,0,0,0,NA,0,0,0,0,0,0,NA,NA,NA,NA,NA,NA,NA,NA,0,0,0,0,NA,NA,NA,NA,NA
"Peter Prehn","b073ee0a-3955-11ef-8404-a36230ada079",NA,NA,1975,"11/22/1975","3543eacf-3960-11ef-aefd-2906cc9fb6bc","away","TSV Altenholz","SC Phönix Essen 1920",14,24,FALSE,0,NA,NA,0,0,0,NA,0,0,0,0,0,0,NA,NA,NA,NA,NA,NA,NA,NA,0,0,0,0,NA,NA,NA,NA,NA
"Peter Werk","b0784d6e-3955-11ef-9a85-a36230ada079",NA,NA,1975,"11/22/1975","3543eacf-3960-11ef-aefd-2906cc9fb6bc","away","TSV Altenholz","SC Phönix Essen 1920",14,24,FALSE,1,NA,NA,0,0,0,NA,0,0,0,0,0,0,NA,NA,NA,NA,NA,NA,NA,NA,0,0,0,0,NA,NA,NA,NA,NA
"Hardmuth Groß","b07c9918-3955-11ef-a7b9-a36230ada079",NA,NA,1975,"11/22/1975","3543eacf-3960-11ef-aefd-2906cc9fb6bc","away","TSV Altenholz","SC Phönix Essen 1920",14,24,FALSE,0,NA,NA,0,0,0,NA,0,0,0,0,0,0,NA,NA,NA,NA,NA,NA,NA,NA,0,0,0,0,NA,NA,NA,NA,NA
"Jörgen Danielsen","b08a7dec-3955-11ef-acb4-a36230ada079",NA,NA,1975,"11/22/1975","3543eacf-3960-11ef-aefd-2906cc9fb6bc","away","TSV Altenholz","SC Phönix Essen 1920",14,24,FALSE,1,NA,NA,0,0,0,NA,0,0,0,0,0,0,NA,NA,NA,NA,NA,NA,NA,NA,0,0,0,0,NA,NA,NA,NA,NA
"Klaus Beckmann","b08ee1c0-3955-11ef-8689-a36230ada079",NA,NA,1975,"11/22/1975","3543eacf-3960-11ef-aefd-2906cc9fb6bc","away","TSV Altenholz","SC Phönix Essen 1920",14,24,FALSE,0,NA,NA,0,0,0,NA,0,0,0,0,0,0,NA,NA,NA,NA,NA,NA,NA,NA,0,0,0,0,NA,NA,NA,NA,NA
"Peter Dewitz","b093b5b1-3955-11ef-97ca-a36230ada079",NA,NA,1975,"11/22/1975","3543eacf-3960-11ef-aefd-2906cc9fb6bc","away","TSV Altenholz","SC Phönix Essen 1920",14,24,FALSE,5,NA,NA,0,0,1,NA,0,0,0,0,0,0,NA,NA,NA,NA,NA,NA,NA,NA,0,0,0,0,NA,NA,NA,NA,NA
"Klaus-Dieter Heiden","b09837ed-3955-11ef-99d8-a36230ada079",NA,NA,1975,"11/22/1975","3543eacf-3960-11ef-aefd-2906cc9fb6bc","away","TSV Altenholz","SC Phönix Essen 1920",14,24,FALSE,3,NA,NA,0,0,0,NA,0,0,0,0,0,0,NA,NA,NA,NA,NA,NA,NA,NA,0,0,0,0,NA,NA,NA,NA,NA
"Klaus-Peter Römer","b09cfa69-3955-11ef-b8eb-a36230ada079",NA,NA,1975,"11/22/1975","3543eacf-3960-11ef-aefd-2906cc9fb6bc","away","TSV Altenholz","SC Phönix Essen 1920",14,24,FALSE,1,NA,NA,0,0,0,NA,0,0,0,0,0,0,NA,NA,NA,NA,NA,NA,NA,NA,0,0,0,0,NA,NA,NA,NA,NA
"Manfred Schulz","b0a21333-3955-11ef-a679-a36230ada079",NA,NA,1975,"11/22/1975","3543eacf-3960-11ef-aefd-2906cc9fb6bc","away","TSV Altenholz","SC Phönix Essen 1920",14,24,FALSE,0,NA,NA,0,0,0,NA,0,0,0,0,0,0,NA,NA,NA,NA,NA,NA,NA,NA,0,0,0,0,NA,NA,NA,NA,NA
"Holger Oertel","685d8d1c-3955-11ef-86af-292be3190b7b",NA,NA,1975,"11/22/1975","3706bcfb-3960-11ef-bc4f-2906cc9fb6bc","home","THW Kiel","OSC 04 Rheinhausen",18,16,TRUE,0,NA,NA,0,0,0,NA,0,0,0,0,0,0,NA,NA,NA,NA,NA,NA,NA,NA,0,0,0,0,NA,NA,NA,NA,NA
"Gerd Welz","98273a90-3955-11ef-a3a2-292be3190b7b",NA,NA,1975,"11/22/1975","3706bcfb-3960-11ef-bc4f-2906cc9fb6bc","home","THW Kiel","OSC 04 Rheinhausen",18,16,TRUE,0,NA,NA,0,0,0,NA,0,0,0,0,0,0,NA,NA,NA,NA,NA,NA,NA,NA,0,0,0,0,NA,NA,NA,NA,NA
"Hans-Lothar Bock","9991bda0-3955-11ef-a6c6-292be3190b7b",NA,NA,1975,"11/22/1975","3706bcfb-3960-11ef-bc4f-2906cc9fb6bc","home","THW Kiel","OSC 04 Rheinhausen",18,16,TRUE,6,NA,NA,0,0,5,NA,0,0,0,0,0,0,NA,NA,NA,NA,NA,NA,NA,NA,0,0,0,0,NA,NA,NA,NA,NA
"Volker Harbs","9995a6f3-3955-11ef-b74f-292be3190b7b",NA,NA,1975,"11/22/1975","3706bcfb-3960-11ef-bc4f-2906cc9fb6bc","home","THW Kiel","OSC 04 Rheinhausen",18,16,TRUE,3,NA,NA,0,0,0,NA,0,0,0,0,0,0,NA,NA,NA,NA,NA,NA,NA,NA,0,0,0,0,NA,NA,NA,NA,NA
"Dieter Krause","99996b47-3955-11ef-a9c9-292be3190b7b",NA,NA,1975,"11/22/1975","3706bcfb-3960-11ef-bc4f-2906cc9fb6bc","home","THW Kiel","OSC 04 Rheinhausen",18,16,TRUE,2,NA,NA,0,0,0,NA,0,0,0,0,0,0,NA,NA,NA,NA,NA,NA,NA,NA,0,0,0,0,NA,NA,NA,NA,NA
"Wolfgang Stolz","999eb14b-3955-11ef-bbce-292be3190b7b",NA,NA,1975,"11/22/1975","3706bcfb-3960-11ef-bc4f-2906cc9fb6bc","home","THW Kiel","OSC 04 Rheinhausen",18,16,TRUE,0,NA,NA,0,0,0,NA,0,0,0,0,0,0,NA,NA,NA,NA,NA,NA,NA,NA,0,0,0,0,NA,NA,NA,NA,NA
"Herwig Ahrendsen","b143192b-3955-11ef-bef0-a36230ada079",NA,NA,1975,"11/22/1975","3706bcfb-3960-11ef-bc4f-2906cc9fb6bc","home","THW Kiel","OSC 04 Rheinhausen",18,16,TRUE,2,NA,NA,0,0,0,NA,0,0,0,0,0,0,NA,NA,NA,NA,NA,NA,NA,NA,0,0,0,0,NA,NA,NA,NA,NA
"Bernd Nielsen","b1480d2c-3955-11ef-8563-a36230ada079",NA,NA,1975,"11/22/1975","3706bcfb-3960-11ef-bc4f-2906cc9fb6bc","home","THW Kiel","OSC 04 Rheinhausen",18,16,TRUE,4,NA,NA,0,0,0,NA,0,0,0,0,0,0,NA,NA,NA,NA,NA,NA,NA,NA,0,0,0,0,NA,NA,NA,NA,NA
"Hartwig Moll","b14ce7d8-3955-11ef-8cb5-a36230ada079",NA,NA,1975,"11/22/1975","3706bcfb-3960-11ef-bc4f-2906cc9fb6bc","home","THW Kiel","OSC 04 Rheinhausen",18,16,TRUE,1,NA,NA,0,0,0,NA,0,0,0,0,0,0,NA,NA,NA,NA,NA,NA,NA,NA,0,0,0,0,NA,NA,NA,NA,NA
"Hans-Dieter Schmitz","51093bea-3955-11ef-bc25-6d38c0425bc0",NA,NA,1975,"11/22/1975","3706bcfb-3960-11ef-bc4f-2906cc9fb6bc","away","OSC 04 Rheinhausen","THW Kiel",16,18,FALSE,7,NA,NA,0,0,2,NA,0,0,0,0,0,0,NA,NA,NA,NA,NA,NA,NA,NA,0,0,0,0,NA,NA,NA,NA,NA
"Gerd Rosendahl","7501cfa1-3955-11ef-95a2-51fdf2a82730",NA,NA,1975,"11/22/1975","3706bcfb-3960-11ef-bc4f-2906cc9fb6bc","away","OSC 04 Rheinhausen","THW Kiel",16,18,FALSE,3,NA,NA,0,0,0,NA,0,0,0,0,0,0,NA,NA,NA,NA,NA,NA,NA,NA,0,0,0,0,NA,NA,NA,NA,NA
"Harry Keller","7e4b9df1-3955-11ef-80fd-b908c60af10a",NA,NA,1975,"11/22/1975","3706bcfb-3960-11ef-bc4f-2906cc9fb6bc","away","OSC 04 Rheinhausen","THW Kiel",16,18,FALSE,1,NA,NA,0,0,0,NA,0,0,0,0,0,0,NA,NA,NA,NA,NA,NA,NA,NA,0,0,0,0,NA,NA,NA,NA,NA
"Uwe Laaser","8157221e-3955-11ef-a944-b908c60af10a",NA,NA,1975,"11/22/1975","3706bcfb-3960-11ef-bc4f-2906cc9fb6bc","away","OSC 04 Rheinhausen","THW Kiel",16,18,FALSE,0,NA,NA,0,0,0,NA,0,0,0,0,0,0,NA,NA,NA,NA,NA,NA,NA,NA,0,0,0,0,NA,NA,NA,NA,NA
"Hans-Gerd Nellen","a1ba59d4-3955-11ef-b73b-2510cc07ea6e",NA,NA,1975,"11/22/1975","3706bcfb-3960-11ef-bc4f-2906cc9fb6bc","away","OSC 04 Rheinhausen","THW Kiel",16,18,FALSE,0,NA,NA,0,0,0,NA,0,0,0,0,0,0,NA,NA,NA,NA,NA,NA,NA,NA,0,0,0,0,NA,NA,NA,NA,NA
"Jadranko Demirović","a1caaba8-3955-11ef-8081-2510cc07ea6e",NA,NA,1975,"11/22/1975","3706bcfb-3960-11ef-bc4f-2906cc9fb6bc","away","OSC 04 Rheinhausen","THW Kiel",16,18,FALSE,2,NA,NA,0,0,0,NA,0,0,0,0,0,0,NA,NA,NA,NA,NA,NA,NA,NA,0,0,0,0,NA,NA,NA,NA,NA
"Norbert Meister","a610e086-3955-11ef-bf85-2510cc07ea6e",NA,NA,1975,"11/22/1975","3706bcfb-3960-11ef-bc4f-2906cc9fb6bc","away","OSC 04 Rheinhausen","THW Kiel",16,18,FALSE,0,NA,NA,0,0,0,NA,0,0,0,0,0,0,NA,NA,NA,NA,NA,NA,NA,NA,0,0,0,0,NA,NA,NA,NA,NA
"László Seke","a6207218-3955-11ef-9195-2510cc07ea6e",NA,NA,1975,"11/22/1975","3706bcfb-3960-11ef-bc4f-2906cc9fb6bc","away","OSC 04 Rheinhausen","THW Kiel",16,18,FALSE,0,NA,NA,0,0,0,NA,0,0,0,0,0,0,NA,NA,NA,NA,NA,NA,NA,NA,0,0,0,0,NA,NA,NA,NA,NA
"Burkhard Nagel","a6312ffa-3955-11ef-9438-2510cc07ea6e",NA,NA,1975,"11/22/1975","3706bcfb-3960-11ef-bc4f-2906cc9fb6bc","away","OSC 04 Rheinhausen","THW Kiel",16,18,FALSE,3,NA,NA,0,0,0,NA,0,0,0,0,0,0,NA,NA,NA,NA,NA,NA,NA,NA,0,0,0,0,NA,NA,NA,NA,NA
"Werner Konrads","b122c116-3955-11ef-89d0-a36230ada079",NA,NA,1975,"11/22/1975","3706bcfb-3960-11ef-bc4f-2906cc9fb6bc","away","OSC 04 Rheinhausen","THW Kiel",16,18,FALSE,0,NA,NA,0,0,0,NA,0,0,0,0,0,0,NA,NA,NA,NA,NA,NA,NA,NA,0,0,0,0,NA,NA,NA,NA,NA
"Arnulf Dümmel","81093055-3955-11ef-9deb-b908c60af10a",NA,NA,1975,"11/22/1975","40aeb16a-3960-11ef-9be7-2906cc9fb6bc","home","FRISCH AUF! Göppingen","Füchse Berlin",17,16,TRUE,5,NA,NA,0,0,0,NA,0,0,0,0,0,0,NA,NA,NA,NA,NA,NA,NA,NA,0,0,0,0,NA,NA,NA,NA,NA
"Armin Emrich","8cdd3680-3955-11ef-a93e-81dc40648355",NA,NA,1975,"11/22/1975","40aeb16a-3960-11ef-9be7-2906cc9fb6bc","home","FRISCH AUF! Göppingen","Füchse Berlin",17,16,TRUE,0,NA,NA,0,0,0,NA,0,0,0,0,0,0,NA,NA,NA,NA,NA,NA,NA,NA,0,0,0,0,NA,NA,NA,NA,NA
"Hartmut Bressmer","97fa9b74-3955-11ef-ba4c-292be3190b7b",NA,NA,1975,"11/22/1975","40aeb16a-3960-11ef-9be7-2906cc9fb6bc","home","FRISCH AUF! Göppingen","Füchse Berlin",17,16,TRUE,5,NA,NA,0,0,0,NA,0,0,0,0,0,0,NA,NA,NA,NA,NA,NA,NA,NA,0,0,0,0,NA,NA,NA,NA,NA
"Gunnar Einarsson","98473f03-3955-11ef-b6da-292be3190b7b",NA,NA,1975,"11/22/1975","40aeb16a-3960-11ef-9be7-2906cc9fb6bc","home","FRISCH AUF! Göppingen","Füchse Berlin",17,16,TRUE,3,NA,NA,0,0,0,NA,0,0,0,0,0,0,NA,NA,NA,NA,NA,NA,NA,NA,0,0,0,0,NA,NA,NA,NA,NA
"Hans-Eberhard Finkbeiner","a2f451eb-3955-11ef-99da-2510cc07ea6e",NA,NA,1975,"11/22/1975","40aeb16a-3960-11ef-9be7-2906cc9fb6bc","home","FRISCH AUF! Göppingen","Füchse Berlin",17,16,TRUE,0,NA,NA,0,0,0,NA,0,0,0,0,0,0,NA,NA,NA,NA,NA,NA,NA,NA,0,0,0,0,NA,NA,NA,NA,NA
"Wolfgang Don","a2ff75a5-3955-11ef-a510-2510cc07ea6e",NA,NA,1975,"11/22/1975","40aeb16a-3960-11ef-9be7-2906cc9fb6bc","home","FRISCH AUF! Göppingen","Füchse Berlin",17,16,TRUE,2,NA,NA,0,0,0,NA,0,0,0,0,0,0,NA,NA,NA,NA,NA,NA,NA,NA,0,0,0,0,NA,NA,NA,NA,NA
"Werner Fischer","af3a0885-3955-11ef-a884-a36230ada079",NA,NA,1975,"11/22/1975","40aeb16a-3960-11ef-9be7-2906cc9fb6bc","home","FRISCH AUF! Göppingen","Füchse Berlin",17,16,TRUE,1,NA,NA,0,0,0,NA,0,0,0,0,0,0,NA,NA,NA,NA,NA,NA,NA,NA,0,0,0,0,NA,NA,NA,NA,NA
"Rolf Hammann","af6ae50b-3955-11ef-a71b-a36230ada079",NA,NA,1975,"11/22/1975","40aeb16a-3960-11ef-9be7-2906cc9fb6bc","home","FRISCH AUF! Göppingen","Füchse Berlin",17,16,TRUE,0,NA,NA,0,0,0,NA,0,0,0,0,0,0,NA,NA,NA,NA,NA,NA,NA,NA,0,0,0,0,NA,NA,NA,NA,NA
"Siegmund Seeger","af76d008-3955-11ef-b7c9-a36230ada079",NA,NA,1975,"11/22/1975","40aeb16a-3960-11ef-9be7-2906cc9fb6bc","home","FRISCH AUF! Göppingen","Füchse Berlin",17,16,TRUE,1,NA,NA,0,0,0,NA,0,0,0,0,0,0,NA,NA,NA,NA,NA,NA,NA,NA,0,0,0,0,NA,NA,NA,NA,NA
"Dietl","b1fee79c-3955-11ef-a437-a36230ada079",NA,NA,1975,"11/22/1975","40aeb16a-3960-11ef-9be7-2906cc9fb6bc","home","FRISCH AUF! Göppingen","Füchse Berlin",17,16,TRUE,0,NA,NA,0,0,0,NA,0,0,0,0,0,0,NA,NA,NA,NA,NA,NA,NA,NA,0,0,0,0,NA,NA,NA,NA,NA
"Detlef Groß","b20edee3-3955-11ef-9e14-a36230ada079",NA,NA,1975,"11/22/1975","40aeb16a-3960-11ef-9be7-2906cc9fb6bc","home","FRISCH AUF! Göppingen","Füchse Berlin",17,16,TRUE,0,NA,NA,0,0,0,NA,0,0,0,0,0,0,NA,NA,NA,NA,NA,NA,NA,NA,0,0,0,0,NA,NA,NA,NA,NA
"Bernd Seehase","7f0c7bc5-3955-11ef-8b93-b908c60af10a",NA,NA,1975,"11/22/1975","40aeb16a-3960-11ef-9be7-2906cc9fb6bc","away","Füchse Berlin","FRISCH AUF! Göppingen",16,17,FALSE,4,NA,NA,0,0,2,NA,0,0,0,0,0,0,NA,NA,NA,NA,NA,NA,NA,NA,0,0,0,0,NA,NA,NA,NA,NA
"Dieter Nerlich","7f4aaab6-3955-11ef-a6c5-b908c60af10a",NA,NA,1975,"11/22/1975","40aeb16a-3960-11ef-9be7-2906cc9fb6bc","away","Füchse Berlin","FRISCH AUF! Göppingen",16,17,FALSE,1,NA,NA,0,0,0,NA,0,0,0,0,0,0,NA,NA,NA,NA,NA,NA,NA,NA,0,0,0,0,NA,NA,NA,NA,NA
"Andreas Pieper","8b17f063-3955-11ef-8f1b-81dc40648355",NA,NA,1975,"11/22/1975","40aeb16a-3960-11ef-9be7-2906cc9fb6bc","away","Füchse Berlin","FRISCH AUF! Göppingen",16,17,FALSE,0,NA,NA,0,0,0,NA,0,0,0,0,0,0,NA,NA,NA,NA,NA,NA,NA,NA,0,0,0,0,NA,NA,NA,NA,NA
"Horst Rampp","8c760463-3955-11ef-b11d-81dc40648355",NA,NA,1975,"11/22/1975","40aeb16a-3960-11ef-9be7-2906cc9fb6bc","away","Füchse Berlin","FRISCH AUF! Göppingen",16,17,FALSE,0,NA,NA,0,0,0,NA,0,0,0,0,0,0,NA,NA,NA,NA,NA,NA,NA,NA,0,0,0,0,NA,NA,NA,NA,NA
"Uwe Schilde","a2ab6495-3955-11ef-ac26-2510cc07ea6e",NA,NA,1975,"11/22/1975","40aeb16a-3960-11ef-9be7-2906cc9fb6bc","away","Füchse Berlin","FRISCH AUF! Göppingen",16,17,FALSE,1,NA,NA,0,0,0,NA,0,0,0,0,0,0,NA,NA,NA,NA,NA,NA,NA,NA,0,0,0,0,NA,NA,NA,NA,NA
"Hartmut Alsen","a5dc4676-3955-11ef-ac19-2510cc07ea6e",NA,NA,1975,"11/22/1975","40aeb16a-3960-11ef-9be7-2906cc9fb6bc","away","Füchse Berlin","FRISCH AUF! Göppingen",16,17,FALSE,1,NA,NA,0,0,0,NA,0,0,0,0,0,0,NA,NA,NA,NA,NA,NA,NA,NA,0,0,0,0,NA,NA,NA,NA,NA
"Reinhard Lembcke","a5f9e01f-3955-11ef-a753-2510cc07ea6e",NA,NA,1975,"11/22/1975","40aeb16a-3960-11ef-9be7-2906cc9fb6bc","away","Füchse Berlin","FRISCH AUF! Göppingen",16,17,FALSE,0,NA,NA,0,0,0,NA,0,0,0,0,0,0,NA,NA,NA,NA,NA,NA,NA,NA,0,0,0,0,NA,NA,NA,NA,NA
"Dietmar Apitz","a606c2e6-3955-11ef-ae9a-2510cc07ea6e",NA,NA,1975,"11/22/1975","40aeb16a-3960-11ef-9be7-2906cc9fb6bc","away","Füchse Berlin","FRISCH AUF! Göppingen",16,17,FALSE,1,NA,NA,0,0,0,NA,0,0,0,0,0,0,NA,NA,NA,NA,NA,NA,NA,NA,0,0,0,0,NA,NA,NA,NA,NA
"Wolfgang Braun","b1a4c388-3955-11ef-92b7-a36230ada079",NA,NA,1975,"11/22/1975","40aeb16a-3960-11ef-9be7-2906cc9fb6bc","away","Füchse Berlin","FRISCH AUF! Göppingen",16,17,FALSE,2,NA,NA,0,0,0,NA,0,0,0,0,0,0,NA,NA,NA,NA,NA,NA,NA,NA,0,0,0,0,NA,NA,NA,NA,NA
"Bernd Goerigk","b1b21b0c-3955-11ef-a303-a36230ada079",NA,NA,1975,"11/22/1975","40aeb16a-3960-11ef-9be7-2906cc9fb6bc","away","Füchse Berlin","FRISCH AUF! Göppingen",16,17,FALSE,1,NA,NA,0,0,0,NA,0,0,0,0,0,0,NA,NA,NA,NA,NA,NA,NA,NA,0,0,0,0,NA,NA,NA,NA,NA
"Lutz Loewke","b1b73b08-3955-11ef-b76a-a36230ada079",NA,NA,1975,"11/22/1975","40aeb16a-3960-11ef-9be7-2906cc9fb6bc","away","Füchse Berlin","FRISCH AUF! Göppingen",16,17,FALSE,5,NA,NA,0,0,0,NA,0,0,0,0,0,0,NA,NA,NA,NA,NA,NA,NA,NA,0,0,0,0,NA,NA,NA,NA,NA
"Peter Pickel","8c973b42-3955-11ef-8c71-81dc40648355",NA,NA,1975,"11/23/1975","330a7c85-3960-11ef-b71e-2906cc9fb6bc","home","Hamburger SV","TuS 05 Wellinghofen",10,8,TRUE,3,NA,NA,0,0,0,NA,0,0,0,0,0,0,NA,NA,NA,NA,NA,NA,NA,NA,0,0,0,0,NA,NA,NA,NA,NA
"Richard Boczkowski","a1b43836-3955-11ef-934f-2510cc07ea6e",NA,NA,1975,"11/23/1975","330a7c85-3960-11ef-b71e-2906cc9fb6bc","home","Hamburger SV","TuS 05 Wellinghofen",10,8,TRUE,2,NA,NA,0,0,0,NA,0,0,0,0,0,0,NA,NA,NA,NA,NA,NA,NA,NA,0,0,0,0,NA,NA,NA,NA,NA
"Hans-Jürgen Bode","b011e6da-3955-11ef-8205-a36230ada079",NA,NA,1975,"11/23/1975","330a7c85-3960-11ef-b71e-2906cc9fb6bc","home","Hamburger SV","TuS 05 Wellinghofen",10,8,TRUE,0,NA,NA,0,0,0,NA,0,0,0,0,0,0,NA,NA,NA,NA,NA,NA,NA,NA,0,0,0,0,NA,NA,NA,NA,NA
"Holger Nitschke","b01a8950-3955-11ef-a243-a36230ada079",NA,NA,1975,"11/23/1975","330a7c85-3960-11ef-b71e-2906cc9fb6bc","home","Hamburger SV","TuS 05 Wellinghofen",10,8,TRUE,0,NA,NA,0,0,0,NA,0,0,0,0,0,0,NA,NA,NA,NA,NA,NA,NA,NA,0,0,0,0,NA,NA,NA,NA,NA
"Ralph Mathies","b023b170-3955-11ef-87a6-a36230ada079",NA,NA,1975,"11/23/1975","330a7c85-3960-11ef-b71e-2906cc9fb6bc","home","Hamburger SV","TuS 05 Wellinghofen",10,8,TRUE,1,NA,NA,0,0,0,NA,0,0,0,0,0,0,NA,NA,NA,NA,NA,NA,NA,NA,0,0,0,0,NA,NA,NA,NA,NA
"Jens Ivers","b02f4aea-3955-11ef-801e-a36230ada079",NA,NA,1975,"11/23/1975","330a7c85-3960-11ef-b71e-2906cc9fb6bc","home","Hamburger SV","TuS 05 Wellinghofen",10,8,TRUE,0,NA,NA,0,0,0,NA,0,0,0,0,0,0,NA,NA,NA,NA,NA,NA,NA,NA,0,0,0,0,NA,NA,NA,NA,NA
"Klaus Porepp","b0396b18-3955-11ef-b5cf-a36230ada079",NA,NA,1975,"11/23/1975","330a7c85-3960-11ef-b71e-2906cc9fb6bc","home","Hamburger SV","TuS 05 Wellinghofen",10,8,TRUE,2,NA,NA,0,0,0,NA,0,0,0,0,0,0,NA,NA,NA,NA,NA,NA,NA,NA,0,0,0,0,NA,NA,NA,NA,NA
"Norbert Germer","b03f8101-3955-11ef-8945-a36230ada079",NA,NA,1975,"11/23/1975","330a7c85-3960-11ef-b71e-2906cc9fb6bc","home","Hamburger SV","TuS 05 Wellinghofen",10,8,TRUE,1,NA,NA,0,0,0,NA,0,0,0,0,0,0,NA,NA,NA,NA,NA,NA,NA,NA,0,0,0,0,NA,NA,NA,NA,NA
"Bernd Eppler","b0442222-3955-11ef-841b-a36230ada079",NA,NA,1975,"11/23/1975","330a7c85-3960-11ef-b71e-2906cc9fb6bc","home","Hamburger SV","TuS 05 Wellinghofen",10,8,TRUE,0,NA,NA,0,0,0,NA,0,0,0,0,0,0,NA,NA,NA,NA,NA,NA,NA,NA,0,0,0,0,NA,NA,NA,NA,NA
"Michael Surmann","b04e41f0-3955-11ef-8320-a36230ada079",NA,NA,1975,"11/23/1975","330a7c85-3960-11ef-b71e-2906cc9fb6bc","home","Hamburger SV","TuS 05 Wellinghofen",10,8,TRUE,1,NA,NA,0,0,0,NA,0,0,0,0,0,0,NA,NA,NA,NA,NA,NA,NA,NA,0,0,0,0,NA,NA,NA,NA,NA
"Rudolf Rauer","6829713f-3955-11ef-9d88-292be3190b7b",NA,NA,1975,"11/23/1975","330a7c85-3960-11ef-b71e-2906cc9fb6bc","away","TuS 05 Wellinghofen","Hamburger SV",8,10,FALSE,0,NA,NA,0,0,0,NA,0,0,0,0,0,0,NA,NA,NA,NA,NA,NA,NA,NA,0,0,0,0,NA,NA,NA,NA,NA
"Karl-Heinz Schulz","72847241-3955-11ef-8bd4-51fdf2a82730",NA,NA,1975,"11/23/1975","330a7c85-3960-11ef-b71e-2906cc9fb6bc","away","TuS 05 Wellinghofen","Hamburger SV",8,10,FALSE,0,NA,NA,0,0,0,NA,0,0,0,0,0,0,NA,NA,NA,NA,NA,NA,NA,NA,0,0,0,0,NA,NA,NA,NA,NA
"Hans-Peter Neuhaus","8d9d3887-3955-11ef-80a3-81dc40648355",NA,NA,1975,"11/23/1975","330a7c85-3960-11ef-b71e-2906cc9fb6bc","away","TuS 05 Wellinghofen","Hamburger SV",8,10,FALSE,2,NA,NA,0,0,2,NA,0,0,0,0,0,0,NA,NA,NA,NA,NA,NA,NA,NA,0,0,0,0,NA,NA,NA,NA,NA
"Klaus Erwe","a4f54a19-3955-11ef-b48a-2510cc07ea6e",NA,NA,1975,"11/23/1975","330a7c85-3960-11ef-b71e-2906cc9fb6bc","away","TuS 05 Wellinghofen","Hamburger SV",8,10,FALSE,0,NA,NA,0,0,0,NA,0,0,0,0,0,0,NA,NA,NA,NA,NA,NA,NA,NA,0,0,0,0,NA,NA,NA,NA,NA
"Frank Haardt","a4fb1cad-3955-11ef-bd99-2510cc07ea6e",NA,NA,1975,"11/23/1975","330a7c85-3960-11ef-b71e-2906cc9fb6bc","away","TuS 05 Wellinghofen","Hamburger SV",8,10,FALSE,1,NA,NA,0,0,0,NA,0,0,0,0,0,0,NA,NA,NA,NA,NA,NA,NA,NA,0,0,0,0,NA,NA,NA,NA,NA
"Harald Zapler","a502f6b3-3955-11ef-a0c2-2510cc07ea6e",NA,NA,1975,"11/23/1975","330a7c85-3960-11ef-b71e-2906cc9fb6bc","away","TuS 05 Wellinghofen","Hamburger SV",8,10,FALSE,0,NA,NA,0,0,0,NA,0,0,0,0,0,0,NA,NA,NA,NA,NA,NA,NA,NA,0,0,0,0,NA,NA,NA,NA,NA
"Wilfried Rettig","a517a588-3955-11ef-a8d7-2510cc07ea6e",NA,NA,1975,"11/23/1975","330a7c85-3960-11ef-b71e-2906cc9fb6bc","away","TuS 05 Wellinghofen","Hamburger SV",8,10,FALSE,1,NA,NA,0,0,0,NA,0,0,0,0,0,0,NA,NA,NA,NA,NA,NA,NA,NA,0,0,0,0,NA,NA,NA,NA,NA
"Winfried Gabel","a521dedb-3955-11ef-a3bd-2510cc07ea6e",NA,NA,1975,"11/23/1975","330a7c85-3960-11ef-b71e-2906cc9fb6bc","away","TuS 05 Wellinghofen","Hamburger SV",8,10,FALSE,0,NA,NA,0,0,0,NA,0,0,0,0,0,0,NA,NA,NA,NA,NA,NA,NA,NA,0,0,0,0,NA,NA,NA,NA,NA
"Klaus Happe","a527494a-3955-11ef-a4fa-2510cc07ea6e",NA,NA,1975,"11/23/1975","330a7c85-3960-11ef-b71e-2906cc9fb6bc","away","TuS 05 Wellinghofen","Hamburger SV",8,10,FALSE,0,NA,NA,0,0,0,NA,0,0,0,0,0,0,NA,NA,NA,NA,NA,NA,NA,NA,0,0,0,0,NA,NA,NA,NA,NA
"Ulrich Staege","b05c5beb-3955-11ef-a7d6-a36230ada079",NA,NA,1975,"11/23/1975","330a7c85-3960-11ef-b71e-2906cc9fb6bc","away","TuS 05 Wellinghofen","Hamburger SV",8,10,FALSE,3,NA,NA,0,0,0,NA,0,0,0,0,0,0,NA,NA,NA,NA,NA,NA,NA,NA,0,0,0,0,NA,NA,NA,NA,NA
"Herbert Rogge","b06614d7-3955-11ef-a43b-a36230ada079",NA,NA,1975,"11/23/1975","330a7c85-3960-11ef-b71e-2906cc9fb6bc","away","TuS 05 Wellinghofen","Hamburger SV",8,10,FALSE,1,NA,NA,0,0,0,NA,0,0,0,0,0,0,NA,NA,NA,NA,NA,NA,NA,NA,0,0,0,0,NA,NA,NA,NA,NA
"Willibald Weiß","74414175-3955-11ef-89d0-51fdf2a82730",NA,NA,1975,"11/23/1975","37d91527-3960-11ef-ac5c-2906cc9fb6bc","home","TSV Milbertshofen","TV 05/07 Hüttenberg",20,15,TRUE,2,NA,NA,0,0,0,NA,0,0,0,0,0,0,NA,NA,NA,NA,NA,NA,NA,NA,0,0,0,0,NA,NA,NA,NA,NA
"Wolfgang Sommerfeld","74c0be88-3955-11ef-89fd-51fdf2a82730",NA,NA,1975,"11/23/1975","37d91527-3960-11ef-ac5c-2906cc9fb6bc","home","TSV Milbertshofen","TV 05/07 Hüttenberg",20,15,TRUE,3,NA,NA,0,0,0,NA,0,0,0,0,0,0,NA,NA,NA,NA,NA,NA,NA,NA,0,0,0,0,NA,NA,NA,NA,NA
"Richard Mayr","751d6672-3955-11ef-a322-51fdf2a82730",NA,NA,1975,"11/23/1975","37d91527-3960-11ef-ac5c-2906cc9fb6bc","home","TSV Milbertshofen","TV 05/07 Hüttenberg",20,15,TRUE,0,NA,NA,0,0,0,NA,0,0,0,0,0,0,NA,NA,NA,NA,NA,NA,NA,NA,0,0,0,0,NA,NA,NA,NA,NA
"Jochen Frank","7ee9b472-3955-11ef-ab0f-b908c60af10a",NA,NA,1975,"11/23/1975","37d91527-3960-11ef-ac5c-2906cc9fb6bc","home","TSV Milbertshofen","TV 05/07 Hüttenberg",20,15,TRUE,2,NA,NA,0,0,0,NA,0,0,0,0,0,0,NA,NA,NA,NA,NA,NA,NA,NA,0,0,0,0,NA,NA,NA,NA,NA
"Rainer Olbert","80d00b6a-3955-11ef-ab11-b908c60af10a",NA,NA,1975,"11/23/1975","37d91527-3960-11ef-ac5c-2906cc9fb6bc","home","TSV Milbertshofen","TV 05/07 Hüttenberg",20,15,TRUE,0,NA,NA,0,0,0,NA,0,0,0,0,0,0,NA,NA,NA,NA,NA,NA,NA,NA,0,0,0,0,NA,NA,NA,NA,NA
"Udo Böbel","80d4ba37-3955-11ef-9d8b-b908c60af10a",NA,NA,1975,"11/23/1975","37d91527-3960-11ef-ac5c-2906cc9fb6bc","home","TSV Milbertshofen","TV 05/07 Hüttenberg",20,15,TRUE,6,NA,NA,0,0,3,NA,0,0,0,0,0,0,NA,NA,NA,NA,NA,NA,NA,NA,0,0,0,0,NA,NA,NA,NA,NA
"Peter Jaschke","8b728782-3955-11ef-8da6-81dc40648355",NA,NA,1975,"11/23/1975","37d91527-3960-11ef-ac5c-2906cc9fb6bc","home","TSV Milbertshofen","TV 05/07 Hüttenberg",20,15,TRUE,0,NA,NA,0,0,0,NA,0,0,0,0,0,0,NA,NA,NA,NA,NA,NA,NA,NA,0,0,0,0,NA,NA,NA,NA,NA
"Werner Winkelmeier","9712104e-3955-11ef-9613-292be3190b7b",NA,NA,1975,"11/23/1975","37d91527-3960-11ef-ac5c-2906cc9fb6bc","home","TSV Milbertshofen","TV 05/07 Hüttenberg",20,15,TRUE,1,NA,NA,0,0,0,NA,0,0,0,0,0,0,NA,NA,NA,NA,NA,NA,NA,NA,0,0,0,0,NA,NA,NA,NA,NA
"Rudolf Dobler","97ac407c-3955-11ef-9ea9-292be3190b7b",NA,NA,1975,"11/23/1975","37d91527-3960-11ef-ac5c-2906cc9fb6bc","home","TSV Milbertshofen","TV 05/07 Hüttenberg",20,15,TRUE,1,NA,NA,0,0,0,NA,0,0,0,0,0,0,NA,NA,NA,NA,NA,NA,NA,NA,0,0,0,0,NA,NA,NA,NA,NA
"Erwin Heilmeier","af09c6c5-3955-11ef-9faa-a36230ada079",NA,NA,1975,"11/23/1975","37d91527-3960-11ef-ac5c-2906cc9fb6bc","home","TSV Milbertshofen","TV 05/07 Hüttenberg",20,15,TRUE,0,NA,NA,0,0,0,NA,0,0,0,0,0,0,NA,NA,NA,NA,NA,NA,NA,NA,0,0,0,0,NA,NA,NA,NA,NA
"Jochen Heyne","b1c06894-3955-11ef-ab50-a36230ada079",NA,NA,1975,"11/23/1975","37d91527-3960-11ef-ac5c-2906cc9fb6bc","home","TSV Milbertshofen","TV 05/07 Hüttenberg",20,15,TRUE,1,NA,NA,0,0,0,NA,0,0,0,0,0,0,NA,NA,NA,NA,NA,NA,NA,NA,0,0,0,0,NA,NA,NA,NA,NA
"Helmut Schelchshorn","b1c960ef-3955-11ef-850b-a36230ada079",NA,NA,1975,"11/23/1975","37d91527-3960-11ef-ac5c-2906cc9fb6bc","home","TSV Milbertshofen","TV 05/07 Hüttenberg",20,15,TRUE,4,NA,NA,0,0,0,NA,0,0,0,0,0,0,NA,NA,NA,NA,NA,NA,NA,NA,0,0,0,0,NA,NA,NA,NA,NA
"Walter Don","73f54ad3-3955-11ef-b2c6-51fdf2a82730",NA,NA,1975,"11/23/1975","37d91527-3960-11ef-ac5c-2906cc9fb6bc","away","TV 05/07 Hüttenberg","TSV Milbertshofen",15,20,FALSE,9,NA,NA,0,0,8,NA,0,0,0,0,0,0,NA,NA,NA,NA,NA,NA,NA,NA,0,0,0,0,NA,NA,NA,NA,NA
"Harald Ohly","8048d89d-3955-11ef-a214-b908c60af10a",NA,NA,1975,"11/23/1975","37d91527-3960-11ef-ac5c-2906cc9fb6bc","away","TV 05/07 Hüttenberg","TSV Milbertshofen",15,20,FALSE,0,NA,NA,0,0,0,NA,0,0,0,0,0,0,NA,NA,NA,NA,NA,NA,NA,NA,0,0,0,0,NA,NA,NA,NA,NA
"Hans-Jürgen Völpel","80753eec-3955-11ef-bd2e-b908c60af10a",NA,NA,1975,"11/23/1975","37d91527-3960-11ef-ac5c-2906cc9fb6bc","away","TV 05/07 Hüttenberg","TSV Milbertshofen",15,20,FALSE,1,NA,NA,0,0,0,NA,0,0,0,0,0,0,NA,NA,NA,NA,NA,NA,NA,NA,0,0,0,0,NA,NA,NA,NA,NA
"Siegfried Weber","807d098c-3955-11ef-8827-b908c60af10a",NA,NA,1975,"11/23/1975","37d91527-3960-11ef-ac5c-2906cc9fb6bc","away","TV 05/07 Hüttenberg","TSV Milbertshofen",15,20,FALSE,0,NA,NA,0,0,0,NA,0,0,0,0,0,0,NA,NA,NA,NA,NA,NA,NA,NA,0,0,0,0,NA,NA,NA,NA,NA
"Horst Spengler","80adf446-3955-11ef-a1e6-b908c60af10a",NA,NA,1975,"11/23/1975","37d91527-3960-11ef-ac5c-2906cc9fb6bc","away","TV 05/07 Hüttenberg","TSV Milbertshofen",15,20,FALSE,3,NA,NA,0,0,0,NA,0,0,0,0,0,0,NA,NA,NA,NA,NA,NA,NA,NA,0,0,0,0,NA,NA,NA,NA,NA
"Klaus Meineke","8d0eefb2-3955-11ef-a068-81dc40648355",NA,NA,1975,"11/23/1975","37d91527-3960-11ef-ac5c-2906cc9fb6bc","away","TV 05/07 Hüttenberg","TSV Milbertshofen",15,20,FALSE,1,NA,NA,0,0,0,NA,0,0,0,0,0,0,NA,NA,NA,NA,NA,NA,NA,NA,0,0,0,0,NA,NA,NA,NA,NA
"Roland Stoy","96890f7d-3955-11ef-939e-292be3190b7b",NA,NA,1975,"11/23/1975","37d91527-3960-11ef-ac5c-2906cc9fb6bc","away","TV 05/07 Hüttenberg","TSV Milbertshofen",15,20,FALSE,0,NA,NA,0,0,0,NA,0,0,0,0,0,0,NA,NA,NA,NA,NA,NA,NA,NA,0,0,0,0,NA,NA,NA,NA,NA
"Stefan Schicketanz","a3d099d4-3955-11ef-90b6-2510cc07ea6e",NA,NA,1975,"11/23/1975","37d91527-3960-11ef-ac5c-2906cc9fb6bc","away","TV 05/07 Hüttenberg","TSV Milbertshofen",15,20,FALSE,1,NA,NA,0,0,0,NA,0,0,0,0,0,0,NA,NA,NA,NA,NA,NA,NA,NA,0,0,0,0,NA,NA,NA,NA,NA
"Hans-Willi Weber","a3f62960-3955-11ef-a9a1-2510cc07ea6e",NA,NA,1975,"11/23/1975","37d91527-3960-11ef-ac5c-2906cc9fb6bc","away","TV 05/07 Hüttenberg","TSV Milbertshofen",15,20,FALSE,0,NA,NA,0,0,0,NA,0,0,0,0,0,0,NA,NA,NA,NA,NA,NA,NA,NA,0,0,0,0,NA,NA,NA,NA,NA
"Udo Uebbing","ae4823ea-3955-11ef-93ce-a36230ada079",NA,NA,1975,"11/23/1975","37d91527-3960-11ef-ac5c-2906cc9fb6bc","away","TV 05/07 Hüttenberg","TSV Milbertshofen",15,20,FALSE,0,NA,NA,0,0,0,NA,0,0,0,0,0,0,NA,NA,NA,NA,NA,NA,NA,NA,0,0,0,0,NA,NA,NA,NA,NA
"Olaf Berner","a4006ca4-3955-11ef-a034-2510cc07ea6e",NA,NA,1975,"11/29/1975","35591ab1-3960-11ef-9bb7-2906cc9fb6bc","home","TSV Altenholz","TuS Derschlag 1881",13,19,FALSE,5,NA,NA,0,0,5,NA,0,0,0,0,0,0,NA,NA,NA,NA,NA,NA,NA,NA,0,0,0,0,NA,NA,NA,NA,NA
"Peter Prehn","b073ee0a-3955-11ef-8404-a36230ada079",NA,NA,1975,"11/29/1975","35591ab1-3960-11ef-9bb7-2906cc9fb6bc","home","TSV Altenholz","TuS Derschlag 1881",13,19,FALSE,2,NA,NA,0,0,0,NA,0,0,0,0,0,0,NA,NA,NA,NA,NA,NA,NA,NA,0,0,0,0,NA,NA,NA,NA,NA
"Peter Werk","b0784d6e-3955-11ef-9a85-a36230ada079",NA,NA,1975,"11/29/1975","35591ab1-3960-11ef-9bb7-2906cc9fb6bc","home","TSV Altenholz","TuS Derschlag 1881",13,19,FALSE,2,NA,NA,0,0,0,NA,0,0,0,0,0,0,NA,NA,NA,NA,NA,NA,NA,NA,0,0,0,0,NA,NA,NA,NA,NA
"Hardmuth Groß","b07c9918-3955-11ef-a7b9-a36230ada079",NA,NA,1975,"11/29/1975","35591ab1-3960-11ef-9bb7-2906cc9fb6bc","home","TSV Altenholz","TuS Derschlag 1881",13,19,FALSE,3,NA,NA,0,0,0,NA,0,0,0,0,0,0,NA,NA,NA,NA,NA,NA,NA,NA,0,0,0,0,NA,NA,NA,NA,NA
"Jörgen Danielsen","b08a7dec-3955-11ef-acb4-a36230ada079",NA,NA,1975,"11/29/1975","35591ab1-3960-11ef-9bb7-2906cc9fb6bc","home","TSV Altenholz","TuS Derschlag 1881",13,19,FALSE,0,NA,NA,0,0,0,NA,0,0,0,0,0,0,NA,NA,NA,NA,NA,NA,NA,NA,0,0,0,0,NA,NA,NA,NA,NA
"Klaus Beckmann","b08ee1c0-3955-11ef-8689-a36230ada079",NA,NA,1975,"11/29/1975","35591ab1-3960-11ef-9bb7-2906cc9fb6bc","home","TSV Altenholz","TuS Derschlag 1881",13,19,FALSE,0,NA,NA,0,0,0,NA,0,0,0,0,0,0,NA,NA,NA,NA,NA,NA,NA,NA,0,0,0,0,NA,NA,NA,NA,NA
"Peter Dewitz","b093b5b1-3955-11ef-97ca-a36230ada079",NA,NA,1975,"11/29/1975","35591ab1-3960-11ef-9bb7-2906cc9fb6bc","home","TSV Altenholz","TuS Derschlag 1881",13,19,FALSE,0,NA,NA,0,0,0,NA,0,0,0,0,0,0,NA,NA,NA,NA,NA,NA,NA,NA,0,0,0,0,NA,NA,NA,NA,NA
"Klaus-Dieter Heiden","b09837ed-3955-11ef-99d8-a36230ada079",NA,NA,1975,"11/29/1975","35591ab1-3960-11ef-9bb7-2906cc9fb6bc","home","TSV Altenholz","TuS Derschlag 1881",13,19,FALSE,1,NA,NA,0,0,0,NA,0,0,0,0,0,0,NA,NA,NA,NA,NA,NA,NA,NA,0,0,0,0,NA,NA,NA,NA,NA
"Klaus-Peter Römer","b09cfa69-3955-11ef-b8eb-a36230ada079",NA,NA,1975,"11/29/1975","35591ab1-3960-11ef-9bb7-2906cc9fb6bc","home","TSV Altenholz","TuS Derschlag 1881",13,19,FALSE,0,NA,NA,0,0,0,NA,0,0,0,0,0,0,NA,NA,NA,NA,NA,NA,NA,NA,0,0,0,0,NA,NA,NA,NA,NA
"Manfred Schulz","b0a21333-3955-11ef-a679-a36230ada079",NA,NA,1975,"11/29/1975","35591ab1-3960-11ef-9bb7-2906cc9fb6bc","home","TSV Altenholz","TuS Derschlag 1881",13,19,FALSE,0,NA,NA,0,0,0,NA,0,0,0,0,0,0,NA,NA,NA,NA,NA,NA,NA,NA,0,0,0,0,NA,NA,NA,NA,NA
"Esad Kurtagić","39c727cf-3955-11ef-82fa-bfbfc9e17c09",NA,NA,1975,"11/29/1975","35591ab1-3960-11ef-9bb7-2906cc9fb6bc","away","TuS Derschlag 1881","TSV Altenholz",19,13,TRUE,2,NA,NA,0,0,0,NA,0,0,0,0,0,0,NA,NA,NA,NA,NA,NA,NA,NA,0,0,0,0,NA,NA,NA,NA,NA
"Spasoje Skerčević","50b681d8-3955-11ef-b6e8-6d38c0425bc0",NA,NA,1975,"11/29/1975","35591ab1-3960-11ef-9bb7-2906cc9fb6bc","away","TuS Derschlag 1881","TSV Altenholz",19,13,TRUE,1,NA,NA,0,0,0,NA,0,0,0,0,0,0,NA,NA,NA,NA,NA,NA,NA,NA,0,0,0,0,NA,NA,NA,NA,NA
"Klaus Brand","51394441-3955-11ef-8fab-6d38c0425bc0",NA,NA,1975,"11/29/1975","35591ab1-3960-11ef-9bb7-2906cc9fb6bc","away","TuS Derschlag 1881","TSV Altenholz",19,13,TRUE,1,NA,NA,0,0,0,NA,0,0,0,0,0,0,NA,NA,NA,NA,NA,NA,NA,NA,0,0,0,0,NA,NA,NA,NA,NA
"Ullrich Pohl","8c524587-3955-11ef-96af-81dc40648355",NA,NA,1975,"11/29/1975","35591ab1-3960-11ef-9bb7-2906cc9fb6bc","away","TuS Derschlag 1881","TSV Altenholz",19,13,TRUE,1,NA,NA,0,0,0,NA,0,0,0,0,0,0,NA,NA,NA,NA,NA,NA,NA,NA,0,0,0,0,NA,NA,NA,NA,NA
"Đorđe Lavrnić","9674e86d-3955-11ef-8ae9-292be3190b7b",NA,NA,1975,"11/29/1975","35591ab1-3960-11ef-9bb7-2906cc9fb6bc","away","TuS Derschlag 1881","TSV Altenholz",19,13,TRUE,9,NA,NA,0,0,1,NA,0,0,0,0,0,0,NA,NA,NA,NA,NA,NA,NA,NA,0,0,0,0,NA,NA,NA,NA,NA
"Peter Lindeskoog","a2a66799-3955-11ef-bd00-2510cc07ea6e",NA,NA,1975,"11/29/1975","35591ab1-3960-11ef-9bb7-2906cc9fb6bc","away","TuS Derschlag 1881","TSV Altenholz",19,13,TRUE,0,NA,NA,0,0,0,NA,0,0,0,0,0,0,NA,NA,NA,NA,NA,NA,NA,NA,0,0,0,0,NA,NA,NA,NA,NA
"Ulrich Ufer","a2c8cfa8-3955-11ef-8510-2510cc07ea6e",NA,NA,1975,"11/29/1975","35591ab1-3960-11ef-9bb7-2906cc9fb6bc","away","TuS Derschlag 1881","TSV Altenholz",19,13,TRUE,4,NA,NA,0,0,0,NA,0,0,0,0,0,0,NA,NA,NA,NA,NA,NA,NA,NA,0,0,0,0,NA,NA,NA,NA,NA
"Harald Ohrendorf","ae2b1f58-3955-11ef-baab-a36230ada079",NA,NA,1975,"11/29/1975","35591ab1-3960-11ef-9bb7-2906cc9fb6bc","away","TuS Derschlag 1881","TSV Altenholz",19,13,TRUE,1,NA,NA,0,0,0,NA,0,0,0,0,0,0,NA,NA,NA,NA,NA,NA,NA,NA,0,0,0,0,NA,NA,NA,NA,NA
"Helmut Keller","ae2fb2ba-3955-11ef-b38f-a36230ada079",NA,NA,1975,"11/29/1975","35591ab1-3960-11ef-9bb7-2906cc9fb6bc","away","TuS Derschlag 1881","TSV Altenholz",19,13,TRUE,0,NA,NA,0,0,0,NA,0,0,0,0,0,0,NA,NA,NA,NA,NA,NA,NA,NA,0,0,0,0,NA,NA,NA,NA,NA
"Eric Ludwig","b1331def-3955-11ef-b6f8-a36230ada079",NA,NA,1975,"11/29/1975","35591ab1-3960-11ef-9bb7-2906cc9fb6bc","away","TuS Derschlag 1881","TSV Altenholz",19,13,TRUE,0,NA,NA,0,0,0,NA,0,0,0,0,0,0,NA,NA,NA,NA,NA,NA,NA,NA,0,0,0,0,NA,NA,NA,NA,NA
"Claus Hormel","65a6e4d8-3955-11ef-84ee-292be3190b7b",NA,NA,1975,"11/30/1975","4233f6b0-3960-11ef-82da-2906cc9fb6bc","home","SG Dietzenbach","FRISCH AUF! Göppingen",21,13,TRUE,3,NA,NA,0,0,0,NA,0,0,0,0,0,0,NA,NA,NA,NA,NA,NA,NA,NA,0,0,0,0,NA,NA,NA,NA,NA
"Dieter Schappert","808baa47-3955-11ef-b967-b908c60af10a",NA,NA,1975,"11/30/1975","4233f6b0-3960-11ef-82da-2906cc9fb6bc","home","SG Dietzenbach","FRISCH AUF! Göppingen",21,13,TRUE,0,NA,NA,0,0,0,NA,0,0,0,0,0,0,NA,NA,NA,NA,NA,NA,NA,NA,0,0,0,0,NA,NA,NA,NA,NA
"Milan Krstić","8a85bfb0-3955-11ef-ac1d-81dc40648355",NA,NA,1975,"11/30/1975","4233f6b0-3960-11ef-82da-2906cc9fb6bc","home","SG Dietzenbach","FRISCH AUF! Göppingen",21,13,TRUE,7,NA,NA,0,0,0,NA,0,0,0,0,0,0,NA,NA,NA,NA,NA,NA,NA,NA,0,0,0,0,NA,NA,NA,NA,NA
"Heinz-Walter Behne","8be65881-3955-11ef-8872-81dc40648355",NA,NA,1975,"11/30/1975","4233f6b0-3960-11ef-82da-2906cc9fb6bc","home","SG Dietzenbach","FRISCH AUF! Göppingen",21,13,TRUE,2,NA,NA,0,0,0,NA,0,0,0,0,0,0,NA,NA,NA,NA,NA,NA,NA,NA,0,0,0,0,NA,NA,NA,NA,NA
"Herbert Wehnert","96e104db-3955-11ef-b58d-292be3190b7b",NA,NA,1975,"11/30/1975","4233f6b0-3960-11ef-82da-2906cc9fb6bc","home","SG Dietzenbach","FRISCH AUF! Göppingen",21,13,TRUE,5,NA,NA,0,0,0,NA,0,0,0,0,0,0,NA,NA,NA,NA,NA,NA,NA,NA,0,0,0,0,NA,NA,NA,NA,NA
"Boris Kostić","982a9c45-3955-11ef-bf0d-292be3190b7b",NA,NA,1975,"11/30/1975","4233f6b0-3960-11ef-82da-2906cc9fb6bc","home","SG Dietzenbach","FRISCH AUF! Göppingen",21,13,TRUE,0,NA,NA,0,0,0,NA,0,0,0,0,0,0,NA,NA,NA,NA,NA,NA,NA,NA,0,0,0,0,NA,NA,NA,NA,NA
"Otto Allies","af191a75-3955-11ef-8c7e-a36230ada079",NA,NA,1975,"11/30/1975","4233f6b0-3960-11ef-82da-2906cc9fb6bc","home","SG Dietzenbach","FRISCH AUF! Göppingen",21,13,TRUE,0,NA,NA,0,0,0,NA,0,0,0,0,0,0,NA,NA,NA,NA,NA,NA,NA,NA,0,0,0,0,NA,NA,NA,NA,NA
"Klaus Budecker","af1ed2a9-3955-11ef-854d-a36230ada079",NA,NA,1975,"11/30/1975","4233f6b0-3960-11ef-82da-2906cc9fb6bc","home","SG Dietzenbach","FRISCH AUF! Göppingen",21,13,TRUE,0,NA,NA,0,0,0,NA,0,0,0,0,0,0,NA,NA,NA,NA,NA,NA,NA,NA,0,0,0,0,NA,NA,NA,NA,NA
"Ronald Wittig","af27e5c1-3955-11ef-9f41-a36230ada079",NA,NA,1975,"11/30/1975","4233f6b0-3960-11ef-82da-2906cc9fb6bc","home","SG Dietzenbach","FRISCH AUF! Göppingen",21,13,TRUE,0,NA,NA,0,0,0,NA,0,0,0,0,0,0,NA,NA,NA,NA,NA,NA,NA,NA,0,0,0,0,NA,NA,NA,NA,NA
"Heinrich Baum","af2c6c48-3955-11ef-964a-a36230ada079",NA,NA,1975,"11/30/1975","4233f6b0-3960-11ef-82da-2906cc9fb6bc","home","SG Dietzenbach","FRISCH AUF! Göppingen",21,13,TRUE,3,NA,NA,0,0,2,NA,0,0,0,0,0,0,NA,NA,NA,NA,NA,NA,NA,NA,0,0,0,0,NA,NA,NA,NA,NA
"Werner Fritzel","b1cdb47c-3955-11ef-8cfd-a36230ada079",NA,NA,1975,"11/30/1975","4233f6b0-3960-11ef-82da-2906cc9fb6bc","home","SG Dietzenbach","FRISCH AUF! Göppingen",21,13,TRUE,0,NA,NA,0,0,0,NA,0,0,0,0,0,0,NA,NA,NA,NA,NA,NA,NA,NA,0,0,0,0,NA,NA,NA,NA,NA
"Klaus Rettig","b1d1aa4c-3955-11ef-baf9-a36230ada079",NA,NA,1975,"11/30/1975","4233f6b0-3960-11ef-82da-2906cc9fb6bc","home","SG Dietzenbach","FRISCH AUF! Göppingen",21,13,TRUE,1,NA,NA,0,0,0,NA,0,0,0,0,0,0,NA,NA,NA,NA,NA,NA,NA,NA,0,0,0,0,NA,NA,NA,NA,NA
"Arnulf Dümmel","81093055-3955-11ef-9deb-b908c60af10a",NA,NA,1975,"11/30/1975","4233f6b0-3960-11ef-82da-2906cc9fb6bc","away","FRISCH AUF! Göppingen","SG Dietzenbach",13,21,FALSE,0,NA,NA,0,0,0,NA,0,0,0,0,0,0,NA,NA,NA,NA,NA,NA,NA,NA,0,0,0,0,NA,NA,NA,NA,NA
"Hartmut Bressmer","97fa9b74-3955-11ef-ba4c-292be3190b7b",NA,NA,1975,"11/30/1975","4233f6b0-3960-11ef-82da-2906cc9fb6bc","away","FRISCH AUF! Göppingen","SG Dietzenbach",13,21,FALSE,4,NA,NA,0,0,0,NA,0,0,0,0,0,0,NA,NA,NA,NA,NA,NA,NA,NA,0,0,0,0,NA,NA,NA,NA,NA
"Gunnar Einarsson","98473f03-3955-11ef-b6da-292be3190b7b",NA,NA,1975,"11/30/1975","4233f6b0-3960-11ef-82da-2906cc9fb6bc","away","FRISCH AUF! Göppingen","SG Dietzenbach",13,21,FALSE,5,NA,NA,0,0,1,NA,0,0,0,0,0,0,NA,NA,NA,NA,NA,NA,NA,NA,0,0,0,0,NA,NA,NA,NA,NA
"Hans-Eberhard Finkbeiner","a2f451eb-3955-11ef-99da-2510cc07ea6e",NA,NA,1975,"11/30/1975","4233f6b0-3960-11ef-82da-2906cc9fb6bc","away","FRISCH AUF! Göppingen","SG Dietzenbach",13,21,FALSE,0,NA,NA,0,0,0,NA,0,0,0,0,0,0,NA,NA,NA,NA,NA,NA,NA,NA,0,0,0,0,NA,NA,NA,NA,NA
"Wolfgang Don","a2ff75a5-3955-11ef-a510-2510cc07ea6e",NA,NA,1975,"11/30/1975","4233f6b0-3960-11ef-82da-2906cc9fb6bc","away","FRISCH AUF! Göppingen","SG Dietzenbach",13,21,FALSE,1,NA,NA,0,0,0,NA,0,0,0,0,0,0,NA,NA,NA,NA,NA,NA,NA,NA,0,0,0,0,NA,NA,NA,NA,NA
"Werner Fischer","af3a0885-3955-11ef-a884-a36230ada079",NA,NA,1975,"11/30/1975","4233f6b0-3960-11ef-82da-2906cc9fb6bc","away","FRISCH AUF! Göppingen","SG Dietzenbach",13,21,FALSE,0,NA,NA,0,0,0,NA,0,0,0,0,0,0,NA,NA,NA,NA,NA,NA,NA,NA,0,0,0,0,NA,NA,NA,NA,NA
"Rolf Hammann","af6ae50b-3955-11ef-a71b-a36230ada079",NA,NA,1975,"11/30/1975","4233f6b0-3960-11ef-82da-2906cc9fb6bc","away","FRISCH AUF! Göppingen","SG Dietzenbach",13,21,FALSE,1,NA,NA,0,0,0,NA,0,0,0,0,0,0,NA,NA,NA,NA,NA,NA,NA,NA,0,0,0,0,NA,NA,NA,NA,NA
"Siegmund Seeger","af76d008-3955-11ef-b7c9-a36230ada079",NA,NA,1975,"11/30/1975","4233f6b0-3960-11ef-82da-2906cc9fb6bc","away","FRISCH AUF! Göppingen","SG Dietzenbach",13,21,FALSE,2,NA,NA,0,0,0,NA,0,0,0,0,0,0,NA,NA,NA,NA,NA,NA,NA,NA,0,0,0,0,NA,NA,NA,NA,NA
"Hans Brodbeck","b1f00cc3-3955-11ef-b4c9-a36230ada079",NA,NA,1975,"11/30/1975","4233f6b0-3960-11ef-82da-2906cc9fb6bc","away","FRISCH AUF! Göppingen","SG Dietzenbach",13,21,FALSE,0,NA,NA,0,0,0,NA,0,0,0,0,0,0,NA,NA,NA,NA,NA,NA,NA,NA,0,0,0,0,NA,NA,NA,NA,NA
"Hans-Dieter Schunter","b2054717-3955-11ef-a22c-a36230ada079",NA,NA,1975,"11/30/1975","4233f6b0-3960-11ef-82da-2906cc9fb6bc","away","FRISCH AUF! Göppingen","SG Dietzenbach",13,21,FALSE,0,NA,NA,0,0,0,NA,0,0,0,0,0,0,NA,NA,NA,NA,NA,NA,NA,NA,0,0,0,0,NA,NA,NA,NA,NA
"Detlef Groß","b20edee3-3955-11ef-9e14-a36230ada079",NA,NA,1975,"11/30/1975","4233f6b0-3960-11ef-82da-2906cc9fb6bc","away","FRISCH AUF! Göppingen","SG Dietzenbach",13,21,FALSE,0,NA,NA,0,0,0,NA,0,0,0,0,0,0,NA,NA,NA,NA,NA,NA,NA,NA,0,0,0,0,NA,NA,NA,NA,NA
"Heiner Brand","44e82d45-3955-11ef-bc71-4fa817cd91bb",NA,NA,1975,"12/3/1975","30a190d5-3960-11ef-ae4d-2906cc9fb6bc","home","VfL Gummersbach","GWD Minden",21,12,TRUE,3,NA,NA,0,0,0,NA,0,0,0,0,0,0,NA,NA,NA,NA,NA,NA,NA,NA,0,0,0,0,NA,NA,NA,NA,NA
"Reiner Schumacher","8aac0482-3955-11ef-9f92-81dc40648355",NA,NA,1975,"12/3/1975","30a190d5-3960-11ef-ae4d-2906cc9fb6bc","home","VfL Gummersbach","GWD Minden",21,12,TRUE,0,NA,NA,0,0,0,NA,0,0,0,0,0,0,NA,NA,NA,NA,NA,NA,NA,NA,0,0,0,0,NA,NA,NA,NA,NA
"Klaus Westebbe","8c58f63a-3955-11ef-b65e-81dc40648355",NA,NA,1975,"12/3/1975","30a190d5-3960-11ef-ae4d-2906cc9fb6bc","home","VfL Gummersbach","GWD Minden",21,12,TRUE,3,NA,NA,0,0,0,NA,0,0,0,0,0,0,NA,NA,NA,NA,NA,NA,NA,NA,0,0,0,0,NA,NA,NA,NA,NA
"Klaus Kater","8da1f6ef-3955-11ef-b31a-81dc40648355",NA,NA,1975,"12/3/1975","30a190d5-3960-11ef-ae4d-2906cc9fb6bc","home","VfL Gummersbach","GWD Minden",21,12,TRUE,0,NA,NA,0,0,0,NA,0,0,0,0,0,0,NA,NA,NA,NA,NA,NA,NA,NA,0,0,0,0,NA,NA,NA,NA,NA
"Klaus Schlagheck","97a06613-3955-11ef-8056-292be3190b7b",NA,NA,1975,"12/3/1975","30a190d5-3960-11ef-ae4d-2906cc9fb6bc","home","VfL Gummersbach","GWD Minden",21,12,TRUE,2,NA,NA,0,0,0,NA,0,0,0,0,0,0,NA,NA,NA,NA,NA,NA,NA,NA,0,0,0,0,NA,NA,NA,NA,NA
"Joachim Deckarm","9976945f-3955-11ef-afc4-292be3190b7b",NA,NA,1975,"12/3/1975","30a190d5-3960-11ef-ae4d-2906cc9fb6bc","home","VfL Gummersbach","GWD Minden",21,12,TRUE,4,NA,NA,0,0,0,NA,0,0,0,0,0,0,NA,NA,NA,NA,NA,NA,NA,NA,0,0,0,0,NA,NA,NA,NA,NA
"Jochen Feldhoff","a32751a5-3955-11ef-badf-2510cc07ea6e",NA,NA,1975,"12/3/1975","30a190d5-3960-11ef-ae4d-2906cc9fb6bc","home","VfL Gummersbach","GWD Minden",21,12,TRUE,4,NA,NA,0,0,0,NA,0,0,0,0,0,0,NA,NA,NA,NA,NA,NA,NA,NA,0,0,0,0,NA,NA,NA,NA,NA
"Manfred Glodde","a32e0a86-3955-11ef-9caa-2510cc07ea6e",NA,NA,1975,"12/3/1975","30a190d5-3960-11ef-ae4d-2906cc9fb6bc","home","VfL Gummersbach","GWD Minden",21,12,TRUE,0,NA,NA,0,0,0,NA,0,0,0,0,0,0,NA,NA,NA,NA,NA,NA,NA,NA,0,0,0,0,NA,NA,NA,NA,NA
"Joachim Henkels","a3386008-3955-11ef-810a-2510cc07ea6e",NA,NA,1975,"12/3/1975","30a190d5-3960-11ef-ae4d-2906cc9fb6bc","home","VfL Gummersbach","GWD Minden",21,12,TRUE,1,NA,NA,0,0,0,NA,0,0,0,0,0,0,NA,NA,NA,NA,NA,NA,NA,NA,0,0,0,0,NA,NA,NA,NA,NA
"Karl-Heinz Nolde","a33d5c4a-3955-11ef-b577-2510cc07ea6e",NA,NA,1975,"12/3/1975","30a190d5-3960-11ef-ae4d-2906cc9fb6bc","home","VfL Gummersbach","GWD Minden",21,12,TRUE,0,NA,NA,0,0,0,NA,0,0,0,0,0,0,NA,NA,NA,NA,NA,NA,NA,NA,0,0,0,0,NA,NA,NA,NA,NA
"Werner Lettgen","ae263c3c-3955-11ef-96f7-a36230ada079",NA,NA,1975,"12/3/1975","30a190d5-3960-11ef-ae4d-2906cc9fb6bc","home","VfL Gummersbach","GWD Minden",21,12,TRUE,1,NA,NA,0,0,0,NA,0,0,0,0,0,0,NA,NA,NA,NA,NA,NA,NA,NA,0,0,0,0,NA,NA,NA,NA,NA
"Hans-Günther Schmidt","aff5702f-3955-11ef-9878-a36230ada079",NA,NA,1975,"12/3/1975","30a190d5-3960-11ef-ae4d-2906cc9fb6bc","home","VfL Gummersbach","GWD Minden",21,12,TRUE,3,NA,NA,0,0,2,NA,0,0,0,0,0,0,NA,NA,NA,NA,NA,NA,NA,NA,0,0,0,0,NA,NA,NA,NA,NA
"Rainer Niemeyer","5008ccec-3955-11ef-9f62-6d38c0425bc0",NA,NA,1975,"12/3/1975","30a190d5-3960-11ef-ae4d-2906cc9fb6bc","away","GWD Minden","VfL Gummersbach",12,21,FALSE,0,NA,NA,0,0,0,NA,0,0,0,0,0,0,NA,NA,NA,NA,NA,NA,NA,NA,0,0,0,0,NA,NA,NA,NA,NA
"Hans-Jürgen Grund","81694a24-3955-11ef-9a97-b908c60af10a",NA,NA,1975,"12/3/1975","30a190d5-3960-11ef-ae4d-2906cc9fb6bc","away","GWD Minden","VfL Gummersbach",12,21,FALSE,0,NA,NA,0,0,0,NA,0,0,0,0,0,0,NA,NA,NA,NA,NA,NA,NA,NA,0,0,0,0,NA,NA,NA,NA,NA
"Axel Axelsson","8b29429f-3955-11ef-baf9-81dc40648355",NA,NA,1975,"12/3/1975","30a190d5-3960-11ef-ae4d-2906cc9fb6bc","away","GWD Minden","VfL Gummersbach",12,21,FALSE,1,NA,NA,0,0,0,NA,0,0,0,0,0,0,NA,NA,NA,NA,NA,NA,NA,NA,0,0,0,0,NA,NA,NA,NA,NA
"Dieter Waltke","8bbe1a37-3955-11ef-a8ff-81dc40648355",NA,NA,1975,"12/3/1975","30a190d5-3960-11ef-ae4d-2906cc9fb6bc","away","GWD Minden","VfL Gummersbach",12,21,FALSE,1,NA,NA,0,0,0,NA,0,0,0,0,0,0,NA,NA,NA,NA,NA,NA,NA,NA,0,0,0,0,NA,NA,NA,NA,NA
"Bernhard Busch","8dc9280f-3955-11ef-80e2-81dc40648355",NA,NA,1975,"12/3/1975","30a190d5-3960-11ef-ae4d-2906cc9fb6bc","away","GWD Minden","VfL Gummersbach",12,21,FALSE,6,NA,NA,0,0,0,NA,0,0,0,0,0,0,NA,NA,NA,NA,NA,NA,NA,NA,0,0,0,0,NA,NA,NA,NA,NA
"Gerd Becker","96f1e245-3955-11ef-80bc-292be3190b7b",NA,NA,1975,"12/3/1975","30a190d5-3960-11ef-ae4d-2906cc9fb6bc","away","GWD Minden","VfL Gummersbach",12,21,FALSE,1,NA,NA,0,0,0,NA,0,0,0,0,0,0,NA,NA,NA,NA,NA,NA,NA,NA,0,0,0,0,NA,NA,NA,NA,NA
"Walter von Oepen","97f2373d-3955-11ef-82ae-292be3190b7b",NA,NA,1975,"12/3/1975","30a190d5-3960-11ef-ae4d-2906cc9fb6bc","away","GWD Minden","VfL Gummersbach",12,21,FALSE,0,NA,NA,0,0,0,NA,0,0,0,0,0,0,NA,NA,NA,NA,NA,NA,NA,NA,0,0,0,0,NA,NA,NA,NA,NA
"Martin Karcher","980f80ce-3955-11ef-8054-292be3190b7b",NA,NA,1975,"12/3/1975","30a190d5-3960-11ef-ae4d-2906cc9fb6bc","away","GWD Minden","VfL Gummersbach",12,21,FALSE,0,NA,NA,0,0,0,NA,0,0,0,0,0,0,NA,NA,NA,NA,NA,NA,NA,NA,0,0,0,0,NA,NA,NA,NA,NA
"Gerhard Buddenbohm","98e2ecac-3955-11ef-b2de-292be3190b7b",NA,NA,1975,"12/3/1975","30a190d5-3960-11ef-ae4d-2906cc9fb6bc","away","GWD Minden","VfL Gummersbach",12,21,FALSE,0,NA,NA,0,0,0,NA,0,0,0,0,0,0,NA,NA,NA,NA,NA,NA,NA,NA,0,0,0,0,NA,NA,NA,NA,NA
"Ólafur Hlöðver Jónsson","98eb7177-3955-11ef-9bda-292be3190b7b",NA,NA,1975,"12/3/1975","30a190d5-3960-11ef-ae4d-2906cc9fb6bc","away","GWD Minden","VfL Gummersbach",12,21,FALSE,2,NA,NA,0,0,0,NA,0,0,0,0,0,0,NA,NA,NA,NA,NA,NA,NA,NA,0,0,0,0,NA,NA,NA,NA,NA
"Hans Kramer","98f50290-3955-11ef-8aa8-292be3190b7b",NA,NA,1975,"12/3/1975","30a190d5-3960-11ef-ae4d-2906cc9fb6bc","away","GWD Minden","VfL Gummersbach",12,21,FALSE,1,NA,NA,0,0,0,NA,0,0,0,0,0,0,NA,NA,NA,NA,NA,NA,NA,NA,0,0,0,0,NA,NA,NA,NA,NA
"Jobst-Erich Rehse","b00be251-3955-11ef-ac35-a36230ada079",NA,NA,1975,"12/3/1975","30a190d5-3960-11ef-ae4d-2906cc9fb6bc","away","GWD Minden","VfL Gummersbach",12,21,FALSE,0,NA,NA,0,0,0,NA,0,0,0,0,0,0,NA,NA,NA,NA,NA,NA,NA,NA,0,0,0,0,NA,NA,NA,NA,NA
"Udo Klenk","8deb261a-3955-11ef-90c3-81dc40648355",NA,NA,1975,"12/5/1975","3ee95257-3960-11ef-bd4e-2906cc9fb6bc","home","S3L Handball","TSV 1896 Rintheim",11,13,FALSE,3,NA,NA,0,0,1,NA,0,0,0,0,0,0,NA,NA,NA,NA,NA,NA,NA,NA,0,0,0,0,NA,NA,NA,NA,NA
"Manfred Müller","ae54e819-3955-11ef-81e8-a36230ada079",NA,NA,1975,"12/5/1975","3ee95257-3960-11ef-bd4e-2906cc9fb6bc","home","S3L Handball","TSV 1896 Rintheim",11,13,FALSE,0,NA,NA,0,0,0,NA,0,0,0,0,0,0,NA,NA,NA,NA,NA,NA,NA,NA,0,0,0,0,NA,NA,NA,NA,NA
"Georg Fitz","ae68320c-3955-11ef-89fa-a36230ada079",NA,NA,1975,"12/5/1975","3ee95257-3960-11ef-bd4e-2906cc9fb6bc","home","S3L Handball","TSV 1896 Rintheim",11,13,FALSE,0,NA,NA,0,0,0,NA,0,0,0,0,0,0,NA,NA,NA,NA,NA,NA,NA,NA,0,0,0,0,NA,NA,NA,NA,NA
"Franz Rupp","ae6c7950-3955-11ef-87dd-a36230ada079",NA,NA,1975,"12/5/1975","3ee95257-3960-11ef-bd4e-2906cc9fb6bc","home","S3L Handball","TSV 1896 Rintheim",11,13,FALSE,4,NA,NA,0,0,2,NA,0,0,0,0,0,0,NA,NA,NA,NA,NA,NA,NA,NA,0,0,0,0,NA,NA,NA,NA,NA
"Bernd Frühauf","ae71d80f-3955-11ef-a219-a36230ada079",NA,NA,1975,"12/5/1975","3ee95257-3960-11ef-bd4e-2906cc9fb6bc","home","S3L Handball","TSV 1896 Rintheim",11,13,FALSE,3,NA,NA,0,0,0,NA,0,0,0,0,0,0,NA,NA,NA,NA,NA,NA,NA,NA,0,0,0,0,NA,NA,NA,NA,NA
"Wolfgang Sättele","ae76c01d-3955-11ef-bfb9-a36230ada079",NA,NA,1975,"12/5/1975","3ee95257-3960-11ef-bd4e-2906cc9fb6bc","home","S3L Handball","TSV 1896 Rintheim",11,13,FALSE,0,NA,NA,0,0,0,NA,0,0,0,0,0,0,NA,NA,NA,NA,NA,NA,NA,NA,0,0,0,0,NA,NA,NA,NA,NA
"Joachim Hafemeister","ae7b4523-3955-11ef-b064-a36230ada079",NA,NA,1975,"12/5/1975","3ee95257-3960-11ef-bd4e-2906cc9fb6bc","home","S3L Handball","TSV 1896 Rintheim",11,13,FALSE,0,NA,NA,0,0,0,NA,0,0,0,0,0,0,NA,NA,NA,NA,NA,NA,NA,NA,0,0,0,0,NA,NA,NA,NA,NA
"Harald Thiemer","ae803bfb-3955-11ef-9aab-a36230ada079",NA,NA,1975,"12/5/1975","3ee95257-3960-11ef-bd4e-2906cc9fb6bc","home","S3L Handball","TSV 1896 Rintheim",11,13,FALSE,0,NA,NA,0,0,0,NA,0,0,0,0,0,0,NA,NA,NA,NA,NA,NA,NA,NA,0,0,0,0,NA,NA,NA,NA,NA
"Jürgen Hahn","ae947745-3955-11ef-bc54-a36230ada079",NA,NA,1975,"12/5/1975","3ee95257-3960-11ef-bd4e-2906cc9fb6bc","home","S3L Handball","TSV 1896 Rintheim",11,13,FALSE,1,NA,NA,0,0,0,NA,0,0,0,0,0,0,NA,NA,NA,NA,NA,NA,NA,NA,0,0,0,0,NA,NA,NA,NA,NA
"Franz Götz","aea2eb0e-3955-11ef-b230-a36230ada079",NA,NA,1975,"12/5/1975","3ee95257-3960-11ef-bd4e-2906cc9fb6bc","home","S3L Handball","TSV 1896 Rintheim",11,13,FALSE,0,NA,NA,0,0,0,NA,0,0,0,0,0,0,NA,NA,NA,NA,NA,NA,NA,NA,0,0,0,0,NA,NA,NA,NA,NA
"Hansjörg Jäck","b166bd31-3955-11ef-bed1-a36230ada079",NA,NA,1975,"12/5/1975","3ee95257-3960-11ef-bd4e-2906cc9fb6bc","home","S3L Handball","TSV 1896 Rintheim",11,13,FALSE,0,NA,NA,0,0,0,NA,0,0,0,0,0,0,NA,NA,NA,NA,NA,NA,NA,NA,0,0,0,0,NA,NA,NA,NA,NA
"Wolfgang Haller","b1738c62-3955-11ef-a0aa-a36230ada079",NA,NA,1975,"12/5/1975","3ee95257-3960-11ef-bd4e-2906cc9fb6bc","home","S3L Handball","TSV 1896 Rintheim",11,13,FALSE,0,NA,NA,0,0,0,NA,0,0,0,0,0,0,NA,NA,NA,NA,NA,NA,NA,NA,0,0,0,0,NA,NA,NA,NA,NA
"Winfried Damm","73c56170-3955-11ef-9cca-51fdf2a82730",NA,NA,1975,"12/5/1975","3ee95257-3960-11ef-bd4e-2906cc9fb6bc","away","TSV 1896 Rintheim","S3L Handball",13,11,TRUE,0,NA,NA,0,0,0,NA,0,0,0,0,0,0,NA,NA,NA,NA,NA,NA,NA,NA,0,0,0,0,NA,NA,NA,NA,NA
"Gerhard Gaiser","7fd4e3db-3955-11ef-b327-b908c60af10a",NA,NA,1975,"12/5/1975","3ee95257-3960-11ef-bd4e-2906cc9fb6bc","away","TSV 1896 Rintheim","S3L Handball",13,11,TRUE,0,NA,NA,0,0,0,NA,0,0,0,0,0,0,NA,NA,NA,NA,NA,NA,NA,NA,0,0,0,0,NA,NA,NA,NA,NA
"Roland Kröger","81272d6a-3955-11ef-b027-b908c60af10a",NA,NA,1975,"12/5/1975","3ee95257-3960-11ef-bd4e-2906cc9fb6bc","away","TSV 1896 Rintheim","S3L Handball",13,11,TRUE,2,NA,NA,0,0,0,NA,0,0,0,0,0,0,NA,NA,NA,NA,NA,NA,NA,NA,0,0,0,0,NA,NA,NA,NA,NA
"Manfred Schulz","8bc2b5ea-3955-11ef-8d03-81dc40648355",NA,NA,1975,"12/5/1975","3ee95257-3960-11ef-bd4e-2906cc9fb6bc","away","TSV 1896 Rintheim","S3L Handball",13,11,TRUE,0,NA,NA,0,0,0,NA,0,0,0,0,0,0,NA,NA,NA,NA,NA,NA,NA,NA,0,0,0,0,NA,NA,NA,NA,NA
"Max Müller","99453a6b-3955-11ef-84c2-292be3190b7b",NA,NA,1975,"12/5/1975","3ee95257-3960-11ef-bd4e-2906cc9fb6bc","away","TSV 1896 Rintheim","S3L Handball",13,11,TRUE,6,NA,NA,0,0,3,NA,0,0,0,0,0,0,NA,NA,NA,NA,NA,NA,NA,NA,0,0,0,0,NA,NA,NA,NA,NA
"Alfred Schmitt","a25e1dab-3955-11ef-b412-2510cc07ea6e",NA,NA,1975,"12/5/1975","3ee95257-3960-11ef-bd4e-2906cc9fb6bc","away","TSV 1896 Rintheim","S3L Handball",13,11,TRUE,0,NA,NA,0,0,0,NA,0,0,0,0,0,0,NA,NA,NA,NA,NA,NA,NA,NA,0,0,0,0,NA,NA,NA,NA,NA
"Rudi Stein","a27f8606-3955-11ef-8352-2510cc07ea6e",NA,NA,1975,"12/5/1975","3ee95257-3960-11ef-bd4e-2906cc9fb6bc","away","TSV 1896 Rintheim","S3L Handball",13,11,TRUE,0,NA,NA,0,0,0,NA,0,0,0,0,0,0,NA,NA,NA,NA,NA,NA,NA,NA,0,0,0,0,NA,NA,NA,NA,NA
"Rudi Lechleidner","aec862a4-3955-11ef-ad66-a36230ada079",NA,NA,1975,"12/5/1975","3ee95257-3960-11ef-bd4e-2906cc9fb6bc","away","TSV 1896 Rintheim","S3L Handball",13,11,TRUE,3,NA,NA,0,0,0,NA,0,0,0,0,0,0,NA,NA,NA,NA,NA,NA,NA,NA,0,0,0,0,NA,NA,NA,NA,NA
"Wilfried Job","af3ed007-3955-11ef-9184-a36230ada079",NA,NA,1975,"12/5/1975","3ee95257-3960-11ef-bd4e-2906cc9fb6bc","away","TSV 1896 Rintheim","S3L Handball",13,11,TRUE,0,NA,NA,0,0,0,NA,0,0,0,0,0,0,NA,NA,NA,NA,NA,NA,NA,NA,0,0,0,0,NA,NA,NA,NA,NA
"Claus Erles","af42e492-3955-11ef-a26e-a36230ada079",NA,NA,1975,"12/5/1975","3ee95257-3960-11ef-bd4e-2906cc9fb6bc","away","TSV 1896 Rintheim","S3L Handball",13,11,TRUE,0,NA,NA,0,0,0,NA,0,0,0,0,0,0,NA,NA,NA,NA,NA,NA,NA,NA,0,0,0,0,NA,NA,NA,NA,NA
"Rolf Barthel","b1e747bc-3955-11ef-bf9b-a36230ada079",NA,NA,1975,"12/5/1975","3ee95257-3960-11ef-bd4e-2906cc9fb6bc","away","TSV 1896 Rintheim","S3L Handball",13,11,TRUE,2,NA,NA,0,0,0,NA,0,0,0,0,0,0,NA,NA,NA,NA,NA,NA,NA,NA,0,0,0,0,NA,NA,NA,NA,NA
"Žarko Olujić","b1ebb098-3955-11ef-ab01-a36230ada079",NA,NA,1975,"12/5/1975","3ee95257-3960-11ef-bd4e-2906cc9fb6bc","away","TSV 1896 Rintheim","S3L Handball",13,11,TRUE,0,NA,NA,0,0,0,NA,0,0,0,0,0,0,NA,NA,NA,NA,NA,NA,NA,NA,0,0,0,0,NA,NA,NA,NA,NA
"Olaf Berner","a4006ca4-3955-11ef-a034-2510cc07ea6e",NA,NA,1975,"12/6/1975","3569230b-3960-11ef-945d-2906cc9fb6bc","home","TSV Altenholz","THW Kiel",13,17,FALSE,1,NA,NA,0,0,0,NA,0,0,0,0,0,0,NA,NA,NA,NA,NA,NA,NA,NA,0,0,0,0,NA,NA,NA,NA,NA
"Peter Linke","b06a455b-3955-11ef-a47d-a36230ada079",NA,NA,1975,"12/6/1975","3569230b-3960-11ef-945d-2906cc9fb6bc","home","TSV Altenholz","THW Kiel",13,17,FALSE,0,NA,NA,0,0,0,NA,0,0,0,0,0,0,NA,NA,NA,NA,NA,NA,NA,NA,0,0,0,0,NA,NA,NA,NA,NA
"Peter Kurth","b06eb57c-3955-11ef-b9af-a36230ada079",NA,NA,1975,"12/6/1975","3569230b-3960-11ef-945d-2906cc9fb6bc","home","TSV Altenholz","THW Kiel",13,17,FALSE,0,NA,NA,0,0,0,NA,0,0,0,0,0,0,NA,NA,NA,NA,NA,NA,NA,NA,0,0,0,0,NA,NA,NA,NA,NA
"Peter Prehn","b073ee0a-3955-11ef-8404-a36230ada079",NA,NA,1975,"12/6/1975","3569230b-3960-11ef-945d-2906cc9fb6bc","home","TSV Altenholz","THW Kiel",13,17,FALSE,3,NA,NA,0,0,0,NA,0,0,0,0,0,0,NA,NA,NA,NA,NA,NA,NA,NA,0,0,0,0,NA,NA,NA,NA,NA
"Peter Werk","b0784d6e-3955-11ef-9a85-a36230ada079",NA,NA,1975,"12/6/1975","3569230b-3960-11ef-945d-2906cc9fb6bc","home","TSV Altenholz","THW Kiel",13,17,FALSE,2,NA,NA,0,0,0,NA,0,0,0,0,0,0,NA,NA,NA,NA,NA,NA,NA,NA,0,0,0,0,NA,NA,NA,NA,NA
"Hardmuth Groß","b07c9918-3955-11ef-a7b9-a36230ada079",NA,NA,1975,"12/6/1975","3569230b-3960-11ef-945d-2906cc9fb6bc","home","TSV Altenholz","THW Kiel",13,17,FALSE,1,NA,NA,0,0,0,NA,0,0,0,0,0,0,NA,NA,NA,NA,NA,NA,NA,NA,0,0,0,0,NA,NA,NA,NA,NA
"Peter Bortel","b085b129-3955-11ef-b6a0-a36230ada079",NA,NA,1975,"12/6/1975","3569230b-3960-11ef-945d-2906cc9fb6bc","home","TSV Altenholz","THW Kiel",13,17,FALSE,0,NA,NA,0,0,0,NA,0,0,0,0,0,0,NA,NA,NA,NA,NA,NA,NA,NA,0,0,0,0,NA,NA,NA,NA,NA
"Jörgen Danielsen","b08a7dec-3955-11ef-acb4-a36230ada079",NA,NA,1975,"12/6/1975","3569230b-3960-11ef-945d-2906cc9fb6bc","home","TSV Altenholz","THW Kiel",13,17,FALSE,2,NA,NA,0,0,0,NA,0,0,0,0,0,0,NA,NA,NA,NA,NA,NA,NA,NA,0,0,0,0,NA,NA,NA,NA,NA
"Klaus Beckmann","b08ee1c0-3955-11ef-8689-a36230ada079",NA,NA,1975,"12/6/1975","3569230b-3960-11ef-945d-2906cc9fb6bc","home","TSV Altenholz","THW Kiel",13,17,FALSE,0,NA,NA,0,0,0,NA,0,0,0,0,0,0,NA,NA,NA,NA,NA,NA,NA,NA,0,0,0,0,NA,NA,NA,NA,NA
"Peter Dewitz","b093b5b1-3955-11ef-97ca-a36230ada079",NA,NA,1975,"12/6/1975","3569230b-3960-11ef-945d-2906cc9fb6bc","home","TSV Altenholz","THW Kiel",13,17,FALSE,1,NA,NA,0,0,1,NA,0,0,0,0,0,0,NA,NA,NA,NA,NA,NA,NA,NA,0,0,0,0,NA,NA,NA,NA,NA
"Klaus-Peter Römer","b09cfa69-3955-11ef-b8eb-a36230ada079",NA,NA,1975,"12/6/1975","3569230b-3960-11ef-945d-2906cc9fb6bc","home","TSV Altenholz","THW Kiel",13,17,FALSE,3,NA,NA,0,0,0,NA,0,0,0,0,0,0,NA,NA,NA,NA,NA,NA,NA,NA,0,0,0,0,NA,NA,NA,NA,NA
"Manfred Schulz","b0a21333-3955-11ef-a679-a36230ada079",NA,NA,1975,"12/6/1975","3569230b-3960-11ef-945d-2906cc9fb6bc","home","TSV Altenholz","THW Kiel",13,17,FALSE,0,NA,NA,0,0,0,NA,0,0,0,0,0,0,NA,NA,NA,NA,NA,NA,NA,NA,0,0,0,0,NA,NA,NA,NA,NA
"Holger Oertel","685d8d1c-3955-11ef-86af-292be3190b7b",NA,NA,1975,"12/6/1975","3569230b-3960-11ef-945d-2906cc9fb6bc","away","THW Kiel","TSV Altenholz",17,13,TRUE,0,NA,NA,0,0,0,NA,0,0,0,0,0,0,NA,NA,NA,NA,NA,NA,NA,NA,0,0,0,0,NA,NA,NA,NA,NA
"Roland Hänsch","981d8549-3955-11ef-a2ca-292be3190b7b",NA,NA,1975,"12/6/1975","3569230b-3960-11ef-945d-2906cc9fb6bc","away","THW Kiel","TSV Altenholz",17,13,TRUE,0,NA,NA,0,0,0,NA,0,0,0,0,0,0,NA,NA,NA,NA,NA,NA,NA,NA,0,0,0,0,NA,NA,NA,NA,NA
"Gerd Welz","98273a90-3955-11ef-a3a2-292be3190b7b",NA,NA,1975,"12/6/1975","3569230b-3960-11ef-945d-2906cc9fb6bc","away","THW Kiel","TSV Altenholz",17,13,TRUE,4,NA,NA,0,0,0,NA,0,0,0,0,0,0,NA,NA,NA,NA,NA,NA,NA,NA,0,0,0,0,NA,NA,NA,NA,NA
"Hans-Lothar Bock","9991bda0-3955-11ef-a6c6-292be3190b7b",NA,NA,1975,"12/6/1975","3569230b-3960-11ef-945d-2906cc9fb6bc","away","THW Kiel","TSV Altenholz",17,13,TRUE,0,NA,NA,0,0,0,NA,0,0,0,0,0,0,NA,NA,NA,NA,NA,NA,NA,NA,0,0,0,0,NA,NA,NA,NA,NA
"Volker Harbs","9995a6f3-3955-11ef-b74f-292be3190b7b",NA,NA,1975,"12/6/1975","3569230b-3960-11ef-945d-2906cc9fb6bc","away","THW Kiel","TSV Altenholz",17,13,TRUE,0,NA,NA,0,0,0,NA,0,0,0,0,0,0,NA,NA,NA,NA,NA,NA,NA,NA,0,0,0,0,NA,NA,NA,NA,NA
"Dieter Krause","99996b47-3955-11ef-a9c9-292be3190b7b",NA,NA,1975,"12/6/1975","3569230b-3960-11ef-945d-2906cc9fb6bc","away","THW Kiel","TSV Altenholz",17,13,TRUE,5,NA,NA,0,0,2,NA,0,0,0,0,0,0,NA,NA,NA,NA,NA,NA,NA,NA,0,0,0,0,NA,NA,NA,NA,NA
"Wolfgang Stolz","999eb14b-3955-11ef-bbce-292be3190b7b",NA,NA,1975,"12/6/1975","3569230b-3960-11ef-945d-2906cc9fb6bc","away","THW Kiel","TSV Altenholz",17,13,TRUE,0,NA,NA,0,0,0,NA,0,0,0,0,0,0,NA,NA,NA,NA,NA,NA,NA,NA,0,0,0,0,NA,NA,NA,NA,NA
"Holger Aissen","a3fb7482-3955-11ef-858d-2510cc07ea6e",NA,NA,1975,"12/6/1975","3569230b-3960-11ef-945d-2906cc9fb6bc","away","THW Kiel","TSV Altenholz",17,13,TRUE,0,NA,NA,0,0,0,NA,0,0,0,0,0,0,NA,NA,NA,NA,NA,NA,NA,NA,0,0,0,0,NA,NA,NA,NA,NA
"Frank Requate","ae434759-3955-11ef-8758-a36230ada079",NA,NA,1975,"12/6/1975","3569230b-3960-11ef-945d-2906cc9fb6bc","away","THW Kiel","TSV Altenholz",17,13,TRUE,0,NA,NA,0,0,0,NA,0,0,0,0,0,0,NA,NA,NA,NA,NA,NA,NA,NA,0,0,0,0,NA,NA,NA,NA,NA
"Herwig Ahrendsen","b143192b-3955-11ef-bef0-a36230ada079",NA,NA,1975,"12/6/1975","3569230b-3960-11ef-945d-2906cc9fb6bc","away","THW Kiel","TSV Altenholz",17,13,TRUE,3,NA,NA,0,0,0,NA,0,0,0,0,0,0,NA,NA,NA,NA,NA,NA,NA,NA,0,0,0,0,NA,NA,NA,NA,NA
"Bernd Nielsen","b1480d2c-3955-11ef-8563-a36230ada079",NA,NA,1975,"12/6/1975","3569230b-3960-11ef-945d-2906cc9fb6bc","away","THW Kiel","TSV Altenholz",17,13,TRUE,4,NA,NA,0,0,1,NA,0,0,0,0,0,0,NA,NA,NA,NA,NA,NA,NA,NA,0,0,0,0,NA,NA,NA,NA,NA
"Hartwig Moll","b14ce7d8-3955-11ef-8cb5-a36230ada079",NA,NA,1975,"12/6/1975","3569230b-3960-11ef-945d-2906cc9fb6bc","away","THW Kiel","TSV Altenholz",17,13,TRUE,1,NA,NA,0,0,0,NA,0,0,0,0,0,0,NA,NA,NA,NA,NA,NA,NA,NA,0,0,0,0,NA,NA,NA,NA,NA
"Hans-Dieter Schmitz","51093bea-3955-11ef-bc25-6d38c0425bc0",NA,NA,1975,"12/6/1975","3716022a-3960-11ef-b704-2906cc9fb6bc","home","OSC 04 Rheinhausen","TuS Derschlag 1881",14,13,TRUE,0,NA,NA,0,0,0,NA,0,0,0,0,0,0,NA,NA,NA,NA,NA,NA,NA,NA,0,0,0,0,NA,NA,NA,NA,NA
"Reinhard Heusen van der","7142d419-3955-11ef-8654-51fdf2a82730",NA,NA,1975,"12/6/1975","3716022a-3960-11ef-b704-2906cc9fb6bc","home","OSC 04 Rheinhausen","TuS Derschlag 1881",14,13,TRUE,0,NA,NA,0,0,0,NA,0,0,0,0,0,0,NA,NA,NA,NA,NA,NA,NA,NA,0,0,0,0,NA,NA,NA,NA,NA
"Gerd Rosendahl","7501cfa1-3955-11ef-95a2-51fdf2a82730",NA,NA,1975,"12/6/1975","3716022a-3960-11ef-b704-2906cc9fb6bc","home","OSC 04 Rheinhausen","TuS Derschlag 1881",14,13,TRUE,0,NA,NA,0,0,0,NA,0,0,0,0,0,0,NA,NA,NA,NA,NA,NA,NA,NA,0,0,0,0,NA,NA,NA,NA,NA
"Harry Keller","7e4b9df1-3955-11ef-80fd-b908c60af10a",NA,NA,1975,"12/6/1975","3716022a-3960-11ef-b704-2906cc9fb6bc","home","OSC 04 Rheinhausen","TuS Derschlag 1881",14,13,TRUE,0,NA,NA,0,0,0,NA,0,0,0,0,0,0,NA,NA,NA,NA,NA,NA,NA,NA,0,0,0,0,NA,NA,NA,NA,NA
"Uwe Laaser","8157221e-3955-11ef-a944-b908c60af10a",NA,NA,1975,"12/6/1975","3716022a-3960-11ef-b704-2906cc9fb6bc","home","OSC 04 Rheinhausen","TuS Derschlag 1881",14,13,TRUE,3,NA,NA,0,0,0,NA,0,0,0,0,0,0,NA,NA,NA,NA,NA,NA,NA,NA,0,0,0,0,NA,NA,NA,NA,NA
"Jadranko Demirović","a1caaba8-3955-11ef-8081-2510cc07ea6e",NA,NA,1975,"12/6/1975","3716022a-3960-11ef-b704-2906cc9fb6bc","home","OSC 04 Rheinhausen","TuS Derschlag 1881",14,13,TRUE,9,NA,NA,0,0,6,NA,0,0,0,0,0,0,NA,NA,NA,NA,NA,NA,NA,NA,0,0,0,0,NA,NA,NA,NA,NA
"Burkhard Nagel","a6312ffa-3955-11ef-9438-2510cc07ea6e",NA,NA,1975,"12/6/1975","3716022a-3960-11ef-b704-2906cc9fb6bc","home","OSC 04 Rheinhausen","TuS Derschlag 1881",14,13,TRUE,2,NA,NA,0,0,0,NA,0,0,0,0,0,0,NA,NA,NA,NA,NA,NA,NA,NA,0,0,0,0,NA,NA,NA,NA,NA
"Esad Kurtagić","39c727cf-3955-11ef-82fa-bfbfc9e17c09",NA,NA,1975,"12/6/1975","3716022a-3960-11ef-b704-2906cc9fb6bc","away","TuS Derschlag 1881","OSC 04 Rheinhausen",13,14,FALSE,3,NA,NA,0,0,0,NA,0,0,0,0,0,0,NA,NA,NA,NA,NA,NA,NA,NA,0,0,0,0,NA,NA,NA,NA,NA
"Spasoje Skerčević","50b681d8-3955-11ef-b6e8-6d38c0425bc0",NA,NA,1975,"12/6/1975","3716022a-3960-11ef-b704-2906cc9fb6bc","away","TuS Derschlag 1881","OSC 04 Rheinhausen",13,14,FALSE,0,NA,NA,0,0,0,NA,0,0,0,0,0,0,NA,NA,NA,NA,NA,NA,NA,NA,0,0,0,0,NA,NA,NA,NA,NA
"Klaus Brand","51394441-3955-11ef-8fab-6d38c0425bc0",NA,NA,1975,"12/6/1975","3716022a-3960-11ef-b704-2906cc9fb6bc","away","TuS Derschlag 1881","OSC 04 Rheinhausen",13,14,FALSE,0,NA,NA,0,0,0,NA,0,0,0,0,0,0,NA,NA,NA,NA,NA,NA,NA,NA,0,0,0,0,NA,NA,NA,NA,NA
"Ullrich Pohl","8c524587-3955-11ef-96af-81dc40648355",NA,NA,1975,"12/6/1975","3716022a-3960-11ef-b704-2906cc9fb6bc","away","TuS Derschlag 1881","OSC 04 Rheinhausen",13,14,FALSE,0,NA,NA,0,0,0,NA,0,0,0,0,0,0,NA,NA,NA,NA,NA,NA,NA,NA,0,0,0,0,NA,NA,NA,NA,NA
"Đorđe Lavrnić","9674e86d-3955-11ef-8ae9-292be3190b7b",NA,NA,1975,"12/6/1975","3716022a-3960-11ef-b704-2906cc9fb6bc","away","TuS Derschlag 1881","OSC 04 Rheinhausen",13,14,FALSE,4,NA,NA,0,0,1,NA,0,0,0,0,0,0,NA,NA,NA,NA,NA,NA,NA,NA,0,0,0,0,NA,NA,NA,NA,NA
"Peter Lindeskoog","a2a66799-3955-11ef-bd00-2510cc07ea6e",NA,NA,1975,"12/6/1975","3716022a-3960-11ef-b704-2906cc9fb6bc","away","TuS Derschlag 1881","OSC 04 Rheinhausen",13,14,FALSE,0,NA,NA,0,0,0,NA,0,0,0,0,0,0,NA,NA,NA,NA,NA,NA,NA,NA,0,0,0,0,NA,NA,NA,NA,NA
"Ulrich Ufer","a2c8cfa8-3955-11ef-8510-2510cc07ea6e",NA,NA,1975,"12/6/1975","3716022a-3960-11ef-b704-2906cc9fb6bc","away","TuS Derschlag 1881","OSC 04 Rheinhausen",13,14,FALSE,6,NA,NA,0,0,0,NA,0,0,0,0,0,0,NA,NA,NA,NA,NA,NA,NA,NA,0,0,0,0,NA,NA,NA,NA,NA
"Harald Ohrendorf","ae2b1f58-3955-11ef-baab-a36230ada079",NA,NA,1975,"12/6/1975","3716022a-3960-11ef-b704-2906cc9fb6bc","away","TuS Derschlag 1881","OSC 04 Rheinhausen",13,14,FALSE,0,NA,NA,0,0,0,NA,0,0,0,0,0,0,NA,NA,NA,NA,NA,NA,NA,NA,0,0,0,0,NA,NA,NA,NA,NA
"Helmut Keller","ae2fb2ba-3955-11ef-b38f-a36230ada079",NA,NA,1975,"12/6/1975","3716022a-3960-11ef-b704-2906cc9fb6bc","away","TuS Derschlag 1881","OSC 04 Rheinhausen",13,14,FALSE,0,NA,NA,0,0,0,NA,0,0,0,0,0,0,NA,NA,NA,NA,NA,NA,NA,NA,0,0,0,0,NA,NA,NA,NA,NA
"Eric Ludwig","b1331def-3955-11ef-b6f8-a36230ada079",NA,NA,1975,"12/6/1975","3716022a-3960-11ef-b704-2906cc9fb6bc","away","TuS Derschlag 1881","OSC 04 Rheinhausen",13,14,FALSE,0,NA,NA,0,0,0,NA,0,0,0,0,0,0,NA,NA,NA,NA,NA,NA,NA,NA,0,0,0,0,NA,NA,NA,NA,NA
"Arnulf Dümmel","81093055-3955-11ef-9deb-b908c60af10a",NA,NA,1975,"12/6/1975","37e87c4a-3960-11ef-8fa9-2906cc9fb6bc","home","FRISCH AUF! Göppingen","TV 05/07 Hüttenberg",15,19,FALSE,2,NA,NA,0,0,0,NA,0,0,0,0,0,0,NA,NA,NA,NA,NA,NA,NA,NA,0,0,0,0,NA,NA,NA,NA,NA
"Hartmut Bressmer","97fa9b74-3955-11ef-ba4c-292be3190b7b",NA,NA,1975,"12/6/1975","37e87c4a-3960-11ef-8fa9-2906cc9fb6bc","home","FRISCH AUF! Göppingen","TV 05/07 Hüttenberg",15,19,FALSE,5,NA,NA,0,0,0,NA,0,0,0,0,0,0,NA,NA,NA,NA,NA,NA,NA,NA,0,0,0,0,NA,NA,NA,NA,NA
"Gunnar Einarsson","98473f03-3955-11ef-b6da-292be3190b7b",NA,NA,1975,"12/6/1975","37e87c4a-3960-11ef-8fa9-2906cc9fb6bc","home","FRISCH AUF! Göppingen","TV 05/07 Hüttenberg",15,19,FALSE,4,NA,NA,0,0,3,NA,0,0,0,0,0,0,NA,NA,NA,NA,NA,NA,NA,NA,0,0,0,0,NA,NA,NA,NA,NA
"Hans-Eberhard Finkbeiner","a2f451eb-3955-11ef-99da-2510cc07ea6e",NA,NA,1975,"12/6/1975","37e87c4a-3960-11ef-8fa9-2906cc9fb6bc","home","FRISCH AUF! Göppingen","TV 05/07 Hüttenberg",15,19,FALSE,0,NA,NA,0,0,0,NA,0,0,0,0,0,0,NA,NA,NA,NA,NA,NA,NA,NA,0,0,0,0,NA,NA,NA,NA,NA
"Wolfgang Don","a2ff75a5-3955-11ef-a510-2510cc07ea6e",NA,NA,1975,"12/6/1975","37e87c4a-3960-11ef-8fa9-2906cc9fb6bc","home","FRISCH AUF! Göppingen","TV 05/07 Hüttenberg",15,19,FALSE,3,NA,NA,0,0,0,NA,0,0,0,0,0,0,NA,NA,NA,NA,NA,NA,NA,NA,0,0,0,0,NA,NA,NA,NA,NA
"Werner Fischer","af3a0885-3955-11ef-a884-a36230ada079",NA,NA,1975,"12/6/1975","37e87c4a-3960-11ef-8fa9-2906cc9fb6bc","home","FRISCH AUF! Göppingen","TV 05/07 Hüttenberg",15,19,FALSE,0,NA,NA,0,0,0,NA,0,0,0,0,0,0,NA,NA,NA,NA,NA,NA,NA,NA,0,0,0,0,NA,NA,NA,NA,NA
"Rolf Hammann","af6ae50b-3955-11ef-a71b-a36230ada079",NA,NA,1975,"12/6/1975","37e87c4a-3960-11ef-8fa9-2906cc9fb6bc","home","FRISCH AUF! Göppingen","TV 05/07 Hüttenberg",15,19,FALSE,0,NA,NA,0,0,0,NA,0,0,0,0,0,0,NA,NA,NA,NA,NA,NA,NA,NA,0,0,0,0,NA,NA,NA,NA,NA
"Siegmund Seeger","af76d008-3955-11ef-b7c9-a36230ada079",NA,NA,1975,"12/6/1975","37e87c4a-3960-11ef-8fa9-2906cc9fb6bc","home","FRISCH AUF! Göppingen","TV 05/07 Hüttenberg",15,19,FALSE,0,NA,NA,0,0,0,NA,0,0,0,0,0,0,NA,NA,NA,NA,NA,NA,NA,NA,0,0,0,0,NA,NA,NA,NA,NA
"Hans Brodbeck","b1f00cc3-3955-11ef-b4c9-a36230ada079",NA,NA,1975,"12/6/1975","37e87c4a-3960-11ef-8fa9-2906cc9fb6bc","home","FRISCH AUF! Göppingen","TV 05/07 Hüttenberg",15,19,FALSE,0,NA,NA,0,0,0,NA,0,0,0,0,0,0,NA,NA,NA,NA,NA,NA,NA,NA,0,0,0,0,NA,NA,NA,NA,NA
"Dietl","b1fee79c-3955-11ef-a437-a36230ada079",NA,NA,1975,"12/6/1975","37e87c4a-3960-11ef-8fa9-2906cc9fb6bc","home","FRISCH AUF! Göppingen","TV 05/07 Hüttenberg",15,19,FALSE,1,NA,NA,0,0,0,NA,0,0,0,0,0,0,NA,NA,NA,NA,NA,NA,NA,NA,0,0,0,0,NA,NA,NA,NA,NA
"Hans-Dieter Schunter","b2054717-3955-11ef-a22c-a36230ada079",NA,NA,1975,"12/6/1975","37e87c4a-3960-11ef-8fa9-2906cc9fb6bc","home","FRISCH AUF! Göppingen","TV 05/07 Hüttenberg",15,19,FALSE,0,NA,NA,0,0,0,NA,0,0,0,0,0,0,NA,NA,NA,NA,NA,NA,NA,NA,0,0,0,0,NA,NA,NA,NA,NA
"Detlef Groß","b20edee3-3955-11ef-9e14-a36230ada079",NA,NA,1975,"12/6/1975","37e87c4a-3960-11ef-8fa9-2906cc9fb6bc","home","FRISCH AUF! Göppingen","TV 05/07 Hüttenberg",15,19,FALSE,0,NA,NA,0,0,0,NA,0,0,0,0,0,0,NA,NA,NA,NA,NA,NA,NA,NA,0,0,0,0,NA,NA,NA,NA,NA
"Walter Don","73f54ad3-3955-11ef-b2c6-51fdf2a82730",NA,NA,1975,"12/6/1975","37e87c4a-3960-11ef-8fa9-2906cc9fb6bc","away","TV 05/07 Hüttenberg","FRISCH AUF! Göppingen",19,15,TRUE,4,NA,NA,0,0,2,NA,0,0,0,0,0,0,NA,NA,NA,NA,NA,NA,NA,NA,0,0,0,0,NA,NA,NA,NA,NA
"Harald Ohly","8048d89d-3955-11ef-a214-b908c60af10a",NA,NA,1975,"12/6/1975","37e87c4a-3960-11ef-8fa9-2906cc9fb6bc","away","TV 05/07 Hüttenberg","FRISCH AUF! Göppingen",19,15,TRUE,5,NA,NA,0,0,0,NA,0,0,0,0,0,0,NA,NA,NA,NA,NA,NA,NA,NA,0,0,0,0,NA,NA,NA,NA,NA
"Hans-Jürgen Völpel","80753eec-3955-11ef-bd2e-b908c60af10a",NA,NA,1975,"12/6/1975","37e87c4a-3960-11ef-8fa9-2906cc9fb6bc","away","TV 05/07 Hüttenberg","FRISCH AUF! Göppingen",19,15,TRUE,3,NA,NA,0,0,0,NA,0,0,0,0,0,0,NA,NA,NA,NA,NA,NA,NA,NA,0,0,0,0,NA,NA,NA,NA,NA
"Siegfried Weber","807d098c-3955-11ef-8827-b908c60af10a",NA,NA,1975,"12/6/1975","37e87c4a-3960-11ef-8fa9-2906cc9fb6bc","away","TV 05/07 Hüttenberg","FRISCH AUF! Göppingen",19,15,TRUE,2,NA,NA,0,0,0,NA,0,0,0,0,0,0,NA,NA,NA,NA,NA,NA,NA,NA,0,0,0,0,NA,NA,NA,NA,NA
"Horst Spengler","80adf446-3955-11ef-a1e6-b908c60af10a",NA,NA,1975,"12/6/1975","37e87c4a-3960-11ef-8fa9-2906cc9fb6bc","away","TV 05/07 Hüttenberg","FRISCH AUF! Göppingen",19,15,TRUE,5,NA,NA,0,0,0,NA,0,0,0,0,0,0,NA,NA,NA,NA,NA,NA,NA,NA,0,0,0,0,NA,NA,NA,NA,NA
"Klaus Meineke","8d0eefb2-3955-11ef-a068-81dc40648355",NA,NA,1975,"12/6/1975","37e87c4a-3960-11ef-8fa9-2906cc9fb6bc","away","TV 05/07 Hüttenberg","FRISCH AUF! Göppingen",19,15,TRUE,0,NA,NA,0,0,0,NA,0,0,0,0,0,0,NA,NA,NA,NA,NA,NA,NA,NA,0,0,0,0,NA,NA,NA,NA,NA
"Roland Stoy","96890f7d-3955-11ef-939e-292be3190b7b",NA,NA,1975,"12/6/1975","37e87c4a-3960-11ef-8fa9-2906cc9fb6bc","away","TV 05/07 Hüttenberg","FRISCH AUF! Göppingen",19,15,TRUE,0,NA,NA,0,0,0,NA,0,0,0,0,0,0,NA,NA,NA,NA,NA,NA,NA,NA,0,0,0,0,NA,NA,NA,NA,NA
"Stefan Schicketanz","a3d099d4-3955-11ef-90b6-2510cc07ea6e",NA,NA,1975,"12/6/1975","37e87c4a-3960-11ef-8fa9-2906cc9fb6bc","away","TV 05/07 Hüttenberg","FRISCH AUF! Göppingen",19,15,TRUE,0,NA,NA,0,0,0,NA,0,0,0,0,0,0,NA,NA,NA,NA,NA,NA,NA,NA,0,0,0,0,NA,NA,NA,NA,NA
"Hans-Willi Weber","a3f62960-3955-11ef-a9a1-2510cc07ea6e",NA,NA,1975,"12/6/1975","37e87c4a-3960-11ef-8fa9-2906cc9fb6bc","away","TV 05/07 Hüttenberg","FRISCH AUF! Göppingen",19,15,TRUE,0,NA,NA,0,0,0,NA,0,0,0,0,0,0,NA,NA,NA,NA,NA,NA,NA,NA,0,0,0,0,NA,NA,NA,NA,NA
"Udo Uebbing","ae4823ea-3955-11ef-93ce-a36230ada079",NA,NA,1975,"12/6/1975","37e87c4a-3960-11ef-8fa9-2906cc9fb6bc","away","TV 05/07 Hüttenberg","FRISCH AUF! Göppingen",19,15,TRUE,0,NA,NA,0,0,0,NA,0,0,0,0,0,0,NA,NA,NA,NA,NA,NA,NA,NA,0,0,0,0,NA,NA,NA,NA,NA
"Josef Mantz","b15c537d-3955-11ef-b17c-a36230ada079",NA,NA,1975,"12/6/1975","37e87c4a-3960-11ef-8fa9-2906cc9fb6bc","away","TV 05/07 Hüttenberg","FRISCH AUF! Göppingen",19,15,TRUE,0,NA,NA,0,0,0,NA,0,0,0,0,0,0,NA,NA,NA,NA,NA,NA,NA,NA,0,0,0,0,NA,NA,NA,NA,NA
"Arno Ehret","39c2c361-3955-11ef-8c9d-bfbfc9e17c09",NA,NA,1975,"12/6/1975","4344e695-3960-11ef-8348-2906cc9fb6bc","home","TuS Hofweier","TV 1893 Neuhausen",20,19,TRUE,1,NA,NA,0,0,0,NA,0,0,0,0,0,0,NA,NA,NA,NA,NA,NA,NA,NA,0,0,0,0,NA,NA,NA,NA,NA
"Gerd Leibiger","7ed15d40-3955-11ef-a28c-b908c60af10a",NA,NA,1975,"12/6/1975","4344e695-3960-11ef-8348-2906cc9fb6bc","home","TuS Hofweier","TV 1893 Neuhausen",20,19,TRUE,5,NA,NA,0,0,1,NA,0,0,0,0,0,0,NA,NA,NA,NA,NA,NA,NA,NA,0,0,0,0,NA,NA,NA,NA,NA
"Peter Bucher","8e0071c9-3955-11ef-8ff8-81dc40648355",NA,NA,1975,"12/6/1975","4344e695-3960-11ef-8348-2906cc9fb6bc","home","TuS Hofweier","TV 1893 Neuhausen",20,19,TRUE,1,NA,NA,0,0,0,NA,0,0,0,0,0,0,NA,NA,NA,NA,NA,NA,NA,NA,0,0,0,0,NA,NA,NA,NA,NA
"Josef Schienle","8e1c1721-3955-11ef-9a54-81dc40648355",NA,NA,1975,"12/6/1975","4344e695-3960-11ef-8348-2906cc9fb6bc","home","TuS Hofweier","TV 1893 Neuhausen",20,19,TRUE,0,NA,NA,0,0,0,NA,0,0,0,0,0,0,NA,NA,NA,NA,NA,NA,NA,NA,0,0,0,0,NA,NA,NA,NA,NA
"Franz Bechler","98035d7e-3955-11ef-8b94-292be3190b7b",NA,NA,1975,"12/6/1975","4344e695-3960-11ef-8348-2906cc9fb6bc","home","TuS Hofweier","TV 1893 Neuhausen",20,19,TRUE,1,NA,NA,0,0,0,NA,0,0,0,0,0,0,NA,NA,NA,NA,NA,NA,NA,NA,0,0,0,0,NA,NA,NA,NA,NA
"Günter Sinz","a3af1ecc-3955-11ef-bd85-2510cc07ea6e",NA,NA,1975,"12/6/1975","4344e695-3960-11ef-8348-2906cc9fb6bc","home","TuS Hofweier","TV 1893 Neuhausen",20,19,TRUE,0,NA,NA,0,0,0,NA,0,0,0,0,0,0,NA,NA,NA,NA,NA,NA,NA,NA,0,0,0,0,NA,NA,NA,NA,NA
"Werner Voit","a3b992ef-3955-11ef-84c8-2510cc07ea6e",NA,NA,1975,"12/6/1975","4344e695-3960-11ef-8348-2906cc9fb6bc","home","TuS Hofweier","TV 1893 Neuhausen",20,19,TRUE,1,NA,NA,0,0,0,NA,0,0,0,0,0,0,NA,NA,NA,NA,NA,NA,NA,NA,0,0,0,0,NA,NA,NA,NA,NA
"Werner Decker","afcae313-3955-11ef-a9cf-a36230ada079",NA,NA,1975,"12/6/1975","4344e695-3960-11ef-8348-2906cc9fb6bc","home","TuS Hofweier","TV 1893 Neuhausen",20,19,TRUE,2,NA,NA,0,0,0,NA,0,0,0,0,0,0,NA,NA,NA,NA,NA,NA,NA,NA,0,0,0,0,NA,NA,NA,NA,NA
"Markus Hädrich","ba389acc-3955-11ef-8b9d-ab397f561917",NA,NA,1975,"12/6/1975","4344e695-3960-11ef-8348-2906cc9fb6bc","home","TuS Hofweier","TV 1893 Neuhausen",20,19,TRUE,1,NA,NA,0,0,0,NA,0,0,0,0,0,0,NA,NA,NA,NA,NA,NA,NA,NA,0,0,0,0,NA,NA,NA,NA,NA
"Walter Salzer","8d394c72-3955-11ef-8d73-81dc40648355",NA,NA,1975,"12/6/1975","4344e695-3960-11ef-8348-2906cc9fb6bc","away","TV 1893 Neuhausen","TuS Hofweier",19,20,FALSE,6,NA,NA,0,0,1,NA,0,0,0,0,0,0,NA,NA,NA,NA,NA,NA,NA,NA,0,0,0,0,NA,NA,NA,NA,NA
"Robert Kemmler","a438d7c7-3955-11ef-8ff6-2510cc07ea6e",NA,NA,1975,"12/6/1975","4344e695-3960-11ef-8348-2906cc9fb6bc","away","TV 1893 Neuhausen","TuS Hofweier",19,20,FALSE,3,NA,NA,0,0,0,NA,0,0,0,0,0,0,NA,NA,NA,NA,NA,NA,NA,NA,0,0,0,0,NA,NA,NA,NA,NA
"Julius Lehmann","a448c9e2-3955-11ef-9bf8-2510cc07ea6e",NA,NA,1975,"12/6/1975","4344e695-3960-11ef-8348-2906cc9fb6bc","away","TV 1893 Neuhausen","TuS Hofweier",19,20,FALSE,1,NA,NA,0,0,0,NA,0,0,0,0,0,0,NA,NA,NA,NA,NA,NA,NA,NA,0,0,0,0,NA,NA,NA,NA,NA
"Hermann Mäurle","a44f95e3-3955-11ef-b53d-2510cc07ea6e",NA,NA,1975,"12/6/1975","4344e695-3960-11ef-8348-2906cc9fb6bc","away","TV 1893 Neuhausen","TuS Hofweier",19,20,FALSE,4,NA,NA,0,0,0,NA,0,0,0,0,0,0,NA,NA,NA,NA,NA,NA,NA,NA,0,0,0,0,NA,NA,NA,NA,NA
"Rolf Miller","a4552808-3955-11ef-ac39-2510cc07ea6e",NA,NA,1975,"12/6/1975","4344e695-3960-11ef-8348-2906cc9fb6bc","away","TV 1893 Neuhausen","TuS Hofweier",19,20,FALSE,2,NA,NA,0,0,0,NA,0,0,0,0,0,0,NA,NA,NA,NA,NA,NA,NA,NA,0,0,0,0,NA,NA,NA,NA,NA
"Manfred Reusch","a45a1b11-3955-11ef-8135-2510cc07ea6e",NA,NA,1975,"12/6/1975","4344e695-3960-11ef-8348-2906cc9fb6bc","away","TV 1893 Neuhausen","TuS Hofweier",19,20,FALSE,0,NA,NA,0,0,0,NA,0,0,0,0,0,0,NA,NA,NA,NA,NA,NA,NA,NA,0,0,0,0,NA,NA,NA,NA,NA
"Eugen Schmid","a460a6b1-3955-11ef-966d-2510cc07ea6e",NA,NA,1975,"12/6/1975","4344e695-3960-11ef-8348-2906cc9fb6bc","away","TV 1893 Neuhausen","TuS Hofweier",19,20,FALSE,1,NA,NA,0,0,0,NA,0,0,0,0,0,0,NA,NA,NA,NA,NA,NA,NA,NA,0,0,0,0,NA,NA,NA,NA,NA
"Wolfgang Ruoff","b21c931a-3955-11ef-96d4-a36230ada079",NA,NA,1975,"12/6/1975","4344e695-3960-11ef-8348-2906cc9fb6bc","away","TV 1893 Neuhausen","TuS Hofweier",19,20,FALSE,0,NA,NA,0,0,0,NA,0,0,0,0,0,0,NA,NA,NA,NA,NA,NA,NA,NA,0,0,0,0,NA,NA,NA,NA,NA
"Johann Högl","b2211f04-3955-11ef-a5bd-a36230ada079",NA,NA,1975,"12/6/1975","4344e695-3960-11ef-8348-2906cc9fb6bc","away","TV 1893 Neuhausen","TuS Hofweier",19,20,FALSE,2,NA,NA,0,0,0,NA,0,0,0,0,0,0,NA,NA,NA,NA,NA,NA,NA,NA,0,0,0,0,NA,NA,NA,NA,NA
"Dieter Bartke","4fa6f4fc-3955-11ef-9f16-6d38c0425bc0",NA,NA,1975,"12/7/1975","362caf93-3960-11ef-ae34-2906cc9fb6bc","home","SC Phönix Essen 1920","VfL Lübeck-Schwartau",23,16,TRUE,0,NA,NA,0,0,0,NA,0,0,0,0,0,0,NA,NA,NA,NA,NA,NA,NA,NA,0,0,0,0,NA,NA,NA,NA,NA
"Burkhard Windorf","8b6a317b-3955-11ef-84ca-81dc40648355",NA,NA,1975,"12/7/1975","362caf93-3960-11ef-ae34-2906cc9fb6bc","home","SC Phönix Essen 1920","VfL Lübeck-Schwartau",23,16,TRUE,5,NA,NA,0,0,0,NA,0,0,0,0,0,0,NA,NA,NA,NA,NA,NA,NA,NA,0,0,0,0,NA,NA,NA,NA,NA
"Peter Kleibrink","a1d4c58c-3955-11ef-9cce-2510cc07ea6e",NA,NA,1975,"12/7/1975","362caf93-3960-11ef-ae34-2906cc9fb6bc","home","SC Phönix Essen 1920","VfL Lübeck-Schwartau",23,16,TRUE,4,NA,NA,0,0,0,NA,0,0,0,0,0,0,NA,NA,NA,NA,NA,NA,NA,NA,0,0,0,0,NA,NA,NA,NA,NA
"Peter Bützer","a4cb5a85-3955-11ef-989d-2510cc07ea6e",NA,NA,1975,"12/7/1975","362caf93-3960-11ef-ae34-2906cc9fb6bc","home","SC Phönix Essen 1920","VfL Lübeck-Schwartau",23,16,TRUE,0,NA,NA,0,0,0,NA,0,0,0,0,0,0,NA,NA,NA,NA,NA,NA,NA,NA,0,0,0,0,NA,NA,NA,NA,NA
"Jürgen Musebrink","a572f52f-3955-11ef-b6cb-2510cc07ea6e",NA,NA,1975,"12/7/1975","362caf93-3960-11ef-ae34-2906cc9fb6bc","home","SC Phönix Essen 1920","VfL Lübeck-Schwartau",23,16,TRUE,0,NA,NA,0,0,0,NA,0,0,0,0,0,0,NA,NA,NA,NA,NA,NA,NA,NA,0,0,0,0,NA,NA,NA,NA,NA
"Carsten Matuszak","a59daa13-3955-11ef-9206-2510cc07ea6e",NA,NA,1975,"12/7/1975","362caf93-3960-11ef-ae34-2906cc9fb6bc","home","SC Phönix Essen 1920","VfL Lübeck-Schwartau",23,16,TRUE,5,NA,NA,0,0,4,NA,0,0,0,0,0,0,NA,NA,NA,NA,NA,NA,NA,NA,0,0,0,0,NA,NA,NA,NA,NA
"Wilhelm Heidkamp","a5a2ef02-3955-11ef-9852-2510cc07ea6e",NA,NA,1975,"12/7/1975","362caf93-3960-11ef-ae34-2906cc9fb6bc","home","SC Phönix Essen 1920","VfL Lübeck-Schwartau",23,16,TRUE,0,NA,NA,0,0,0,NA,0,0,0,0,0,0,NA,NA,NA,NA,NA,NA,NA,NA,0,0,0,0,NA,NA,NA,NA,NA
"Heinz Oberscheidt","a5ae94f2-3955-11ef-91fc-2510cc07ea6e",NA,NA,1975,"12/7/1975","362caf93-3960-11ef-ae34-2906cc9fb6bc","home","SC Phönix Essen 1920","VfL Lübeck-Schwartau",23,16,TRUE,8,NA,NA,0,0,0,NA,0,0,0,0,0,0,NA,NA,NA,NA,NA,NA,NA,NA,0,0,0,0,NA,NA,NA,NA,NA
"Ingo Callies","b0b0659b-3955-11ef-87aa-a36230ada079",NA,NA,1975,"12/7/1975","362caf93-3960-11ef-ae34-2906cc9fb6bc","home","SC Phönix Essen 1920","VfL Lübeck-Schwartau",23,16,TRUE,0,NA,NA,0,0,0,NA,0,0,0,0,0,0,NA,NA,NA,NA,NA,NA,NA,NA,0,0,0,0,NA,NA,NA,NA,NA
"Peter Forker","b0b50ef2-3955-11ef-964f-a36230ada079",NA,NA,1975,"12/7/1975","362caf93-3960-11ef-ae34-2906cc9fb6bc","home","SC Phönix Essen 1920","VfL Lübeck-Schwartau",23,16,TRUE,0,NA,NA,0,0,0,NA,0,0,0,0,0,0,NA,NA,NA,NA,NA,NA,NA,NA,0,0,0,0,NA,NA,NA,NA,NA
"Emil Hauke","b0ba65f4-3955-11ef-9726-a36230ada079",NA,NA,1975,"12/7/1975","362caf93-3960-11ef-ae34-2906cc9fb6bc","home","SC Phönix Essen 1920","VfL Lübeck-Schwartau",23,16,TRUE,1,NA,NA,0,0,0,NA,0,0,0,0,0,0,NA,NA,NA,NA,NA,NA,NA,NA,0,0,0,0,NA,NA,NA,NA,NA
"Rüdiger Hillebrand","b0c11a9c-3955-11ef-bf0d-a36230ada079",NA,NA,1975,"12/7/1975","362caf93-3960-11ef-ae34-2906cc9fb6bc","home","SC Phönix Essen 1920","VfL Lübeck-Schwartau",23,16,TRUE,0,NA,NA,0,0,0,NA,0,0,0,0,0,0,NA,NA,NA,NA,NA,NA,NA,NA,0,0,0,0,NA,NA,NA,NA,NA
"Klaus-Peter Alwardt","800d39da-3955-11ef-bf47-b908c60af10a",NA,NA,1975,"12/7/1975","362caf93-3960-11ef-ae34-2906cc9fb6bc","away","VfL Lübeck-Schwartau","SC Phönix Essen 1920",16,23,FALSE,0,NA,NA,0,0,0,NA,0,0,0,0,0,0,NA,NA,NA,NA,NA,NA,NA,NA,0,0,0,0,NA,NA,NA,NA,NA
"Michael Dogs","b0cecb4a-3955-11ef-b665-a36230ada079",NA,NA,1975,"12/7/1975","362caf93-3960-11ef-ae34-2906cc9fb6bc","away","VfL Lübeck-Schwartau","SC Phönix Essen 1920",16,23,FALSE,0,NA,NA,0,0,0,NA,0,0,0,0,0,0,NA,NA,NA,NA,NA,NA,NA,NA,0,0,0,0,NA,NA,NA,NA,NA
"Claus Gramkow","b0d7d6e6-3955-11ef-bb1c-a36230ada079",NA,NA,1975,"12/7/1975","362caf93-3960-11ef-ae34-2906cc9fb6bc","away","VfL Lübeck-Schwartau","SC Phönix Essen 1920",16,23,FALSE,0,NA,NA,0,0,0,NA,0,0,0,0,0,0,NA,NA,NA,NA,NA,NA,NA,NA,0,0,0,0,NA,NA,NA,NA,NA
"Joachim Römer","b0dcb8e7-3955-11ef-83ab-a36230ada079",NA,NA,1975,"12/7/1975","362caf93-3960-11ef-ae34-2906cc9fb6bc","away","VfL Lübeck-Schwartau","SC Phönix Essen 1920",16,23,FALSE,0,NA,NA,0,0,0,NA,0,0,0,0,0,0,NA,NA,NA,NA,NA,NA,NA,NA,0,0,0,0,NA,NA,NA,NA,NA
"Ulrich Diener","b0e514eb-3955-11ef-b430-a36230ada079",NA,NA,1975,"12/7/1975","362caf93-3960-11ef-ae34-2906cc9fb6bc","away","VfL Lübeck-Schwartau","SC Phönix Essen 1920",16,23,FALSE,0,NA,NA,0,0,0,NA,0,0,0,0,0,0,NA,NA,NA,NA,NA,NA,NA,NA,0,0,0,0,NA,NA,NA,NA,NA
"Peter Görtz","b0e9ae8f-3955-11ef-aa48-a36230ada079",NA,NA,1975,"12/7/1975","362caf93-3960-11ef-ae34-2906cc9fb6bc","away","VfL Lübeck-Schwartau","SC Phönix Essen 1920",16,23,FALSE,6,NA,NA,0,0,0,NA,0,0,0,0,0,0,NA,NA,NA,NA,NA,NA,NA,NA,0,0,0,0,NA,NA,NA,NA,NA
"Ulrich Kleinstoll","b0f37438-3955-11ef-84e6-a36230ada079",NA,NA,1975,"12/7/1975","362caf93-3960-11ef-ae34-2906cc9fb6bc","away","VfL Lübeck-Schwartau","SC Phönix Essen 1920",16,23,FALSE,1,NA,NA,0,0,0,NA,0,0,0,0,0,0,NA,NA,NA,NA,NA,NA,NA,NA,0,0,0,0,NA,NA,NA,NA,NA
"Thomas Kluth","b0f877c0-3955-11ef-a314-a36230ada079",NA,NA,1975,"12/7/1975","362caf93-3960-11ef-ae34-2906cc9fb6bc","away","VfL Lübeck-Schwartau","SC Phönix Essen 1920",16,23,FALSE,1,NA,NA,0,0,0,NA,0,0,0,0,0,0,NA,NA,NA,NA,NA,NA,NA,NA,0,0,0,0,NA,NA,NA,NA,NA
"Holger Rosenfeldt","b0fd53e2-3955-11ef-9f9a-a36230ada079",NA,NA,1975,"12/7/1975","362caf93-3960-11ef-ae34-2906cc9fb6bc","away","VfL Lübeck-Schwartau","SC Phönix Essen 1920",16,23,FALSE,1,NA,NA,0,0,0,NA,0,0,0,0,0,0,NA,NA,NA,NA,NA,NA,NA,NA,0,0,0,0,NA,NA,NA,NA,NA
"Karl Weiß","b106c2d8-3955-11ef-9358-a36230ada079",NA,NA,1975,"12/7/1975","362caf93-3960-11ef-ae34-2906cc9fb6bc","away","VfL Lübeck-Schwartau","SC Phönix Essen 1920",16,23,FALSE,0,NA,NA,0,0,0,NA,0,0,0,0,0,0,NA,NA,NA,NA,NA,NA,NA,NA,0,0,0,0,NA,NA,NA,NA,NA
"Siegfried Berg","b10d3ec3-3955-11ef-8a30-a36230ada079",NA,NA,1975,"12/7/1975","362caf93-3960-11ef-ae34-2906cc9fb6bc","away","VfL Lübeck-Schwartau","SC Phönix Essen 1920",16,23,FALSE,7,NA,NA,0,0,3,NA,0,0,0,0,0,0,NA,NA,NA,NA,NA,NA,NA,NA,0,0,0,0,NA,NA,NA,NA,NA
"Willibald Weiß","74414175-3955-11ef-89d0-51fdf2a82730",NA,NA,1975,"12/7/1975","3fe81322-3960-11ef-8b8d-2906cc9fb6bc","home","TSV Milbertshofen","TV Großwallstadt",12,10,TRUE,0,NA,NA,0,0,0,NA,0,0,0,0,0,0,NA,NA,NA,NA,NA,NA,NA,NA,0,0,0,0,NA,NA,NA,NA,NA
"Wolfgang Sommerfeld","74c0be88-3955-11ef-89fd-51fdf2a82730",NA,NA,1975,"12/7/1975","3fe81322-3960-11ef-8b8d-2906cc9fb6bc","home","TSV Milbertshofen","TV Großwallstadt",12,10,TRUE,1,NA,NA,0,0,0,NA,0,0,0,0,0,0,NA,NA,NA,NA,NA,NA,NA,NA,0,0,0,0,NA,NA,NA,NA,NA
"Richard Mayr","751d6672-3955-11ef-a322-51fdf2a82730",NA,NA,1975,"12/7/1975","3fe81322-3960-11ef-8b8d-2906cc9fb6bc","home","TSV Milbertshofen","TV Großwallstadt",12,10,TRUE,0,NA,NA,0,0,0,NA,0,0,0,0,0,0,NA,NA,NA,NA,NA,NA,NA,NA,0,0,0,0,NA,NA,NA,NA,NA
"Jochen Frank","7ee9b472-3955-11ef-ab0f-b908c60af10a",NA,NA,1975,"12/7/1975","3fe81322-3960-11ef-8b8d-2906cc9fb6bc","home","TSV Milbertshofen","TV Großwallstadt",12,10,TRUE,3,NA,NA,0,0,2,NA,0,0,0,0,0,0,NA,NA,NA,NA,NA,NA,NA,NA,0,0,0,0,NA,NA,NA,NA,NA
"Udo Böbel","80d4ba37-3955-11ef-9d8b-b908c60af10a",NA,NA,1975,"12/7/1975","3fe81322-3960-11ef-8b8d-2906cc9fb6bc","home","TSV Milbertshofen","TV Großwallstadt",12,10,TRUE,4,NA,NA,0,0,2,NA,0,0,0,0,0,0,NA,NA,NA,NA,NA,NA,NA,NA,0,0,0,0,NA,NA,NA,NA,NA
"Peter Jaschke","8b728782-3955-11ef-8da6-81dc40648355",NA,NA,1975,"12/7/1975","3fe81322-3960-11ef-8b8d-2906cc9fb6bc","home","TSV Milbertshofen","TV Großwallstadt",12,10,TRUE,0,NA,NA,0,0,0,NA,0,0,0,0,0,0,NA,NA,NA,NA,NA,NA,NA,NA,0,0,0,0,NA,NA,NA,NA,NA
"Werner Winkelmeier","9712104e-3955-11ef-9613-292be3190b7b",NA,NA,1975,"12/7/1975","3fe81322-3960-11ef-8b8d-2906cc9fb6bc","home","TSV Milbertshofen","TV Großwallstadt",12,10,TRUE,1,NA,NA,0,0,0,NA,0,0,0,0,0,0,NA,NA,NA,NA,NA,NA,NA,NA,0,0,0,0,NA,NA,NA,NA,NA
"Rudolf Dobler","97ac407c-3955-11ef-9ea9-292be3190b7b",NA,NA,1975,"12/7/1975","3fe81322-3960-11ef-8b8d-2906cc9fb6bc","home","TSV Milbertshofen","TV Großwallstadt",12,10,TRUE,2,NA,NA,0,0,0,NA,0,0,0,0,0,0,NA,NA,NA,NA,NA,NA,NA,NA,0,0,0,0,NA,NA,NA,NA,NA
"Helmut Schelchshorn","b1c960ef-3955-11ef-850b-a36230ada079",NA,NA,1975,"12/7/1975","3fe81322-3960-11ef-8b8d-2906cc9fb6bc","home","TSV Milbertshofen","TV Großwallstadt",12,10,TRUE,1,NA,NA,0,0,0,NA,0,0,0,0,0,0,NA,NA,NA,NA,NA,NA,NA,NA,0,0,0,0,NA,NA,NA,NA,NA
"Kurt Klühspies","5ac3e7d7-3955-11ef-b574-4fa817cd91bb",NA,NA,1975,"12/7/1975","3fe81322-3960-11ef-8b8d-2906cc9fb6bc","away","TV Großwallstadt","TSV Milbertshofen",10,12,FALSE,2,NA,NA,0,0,0,NA,0,0,0,0,0,0,NA,NA,NA,NA,NA,NA,NA,NA,0,0,0,0,NA,NA,NA,NA,NA
"Manfred Hofmann","6855eb0b-3955-11ef-8cb3-292be3190b7b",NA,NA,1975,"12/7/1975","3fe81322-3960-11ef-8b8d-2906cc9fb6bc","away","TV Großwallstadt","TSV Milbertshofen",10,12,FALSE,0,NA,NA,0,0,0,NA,0,0,0,0,0,0,NA,NA,NA,NA,NA,NA,NA,NA,0,0,0,0,NA,NA,NA,NA,NA
"Thomas Sinsel","8adb8152-3955-11ef-b2de-81dc40648355",NA,NA,1975,"12/7/1975","3fe81322-3960-11ef-8b8d-2906cc9fb6bc","away","TV Großwallstadt","TSV Milbertshofen",10,12,FALSE,0,NA,NA,0,0,0,NA,0,0,0,0,0,0,NA,NA,NA,NA,NA,NA,NA,NA,0,0,0,0,NA,NA,NA,NA,NA
"Manfred Schwarz","96d98e53-3955-11ef-a3c9-292be3190b7b",NA,NA,1975,"12/7/1975","3fe81322-3960-11ef-8b8d-2906cc9fb6bc","away","TV Großwallstadt","TSV Milbertshofen",10,12,FALSE,2,NA,NA,0,0,0,NA,0,0,0,0,0,0,NA,NA,NA,NA,NA,NA,NA,NA,0,0,0,0,NA,NA,NA,NA,NA
"Wolfgang Dümig","978dc3fc-3955-11ef-b042-292be3190b7b",NA,NA,1975,"12/7/1975","3fe81322-3960-11ef-8b8d-2906cc9fb6bc","away","TV Großwallstadt","TSV Milbertshofen",10,12,FALSE,1,NA,NA,0,0,0,NA,0,0,0,0,0,0,NA,NA,NA,NA,NA,NA,NA,NA,0,0,0,0,NA,NA,NA,NA,NA
"Ulrich Schulz","9972a35f-3955-11ef-a06d-292be3190b7b",NA,NA,1975,"12/7/1975","3fe81322-3960-11ef-8b8d-2906cc9fb6bc","away","TV Großwallstadt","TSV Milbertshofen",10,12,FALSE,0,NA,NA,0,0,0,NA,0,0,0,0,0,0,NA,NA,NA,NA,NA,NA,NA,NA,0,0,0,0,NA,NA,NA,NA,NA
"Arno Böckling","a3c38db5-3955-11ef-810f-2510cc07ea6e",NA,NA,1975,"12/7/1975","3fe81322-3960-11ef-8b8d-2906cc9fb6bc","away","TV Großwallstadt","TSV Milbertshofen",10,12,FALSE,0,NA,NA,0,0,0,NA,0,0,0,0,0,0,NA,NA,NA,NA,NA,NA,NA,NA,0,0,0,0,NA,NA,NA,NA,NA
"Eckhardt Suffel","aeac0503-3955-11ef-88c6-a36230ada079",NA,NA,1975,"12/7/1975","3fe81322-3960-11ef-8b8d-2906cc9fb6bc","away","TV Großwallstadt","TSV Milbertshofen",10,12,FALSE,3,NA,NA,0,0,0,NA,0,0,0,0,0,0,NA,NA,NA,NA,NA,NA,NA,NA,0,0,0,0,NA,NA,NA,NA,NA
"Axel Emig","aeb0e35f-3955-11ef-8342-a36230ada079",NA,NA,1975,"12/7/1975","3fe81322-3960-11ef-8b8d-2906cc9fb6bc","away","TV Großwallstadt","TSV Milbertshofen",10,12,FALSE,1,NA,NA,0,0,0,NA,0,0,0,0,0,0,NA,NA,NA,NA,NA,NA,NA,NA,0,0,0,0,NA,NA,NA,NA,NA
"Manfred Meudt","af9be5ed-3955-11ef-a3e3-a36230ada079",NA,NA,1975,"12/7/1975","3fe81322-3960-11ef-8b8d-2906cc9fb6bc","away","TV Großwallstadt","TSV Milbertshofen",10,12,FALSE,0,NA,NA,0,0,0,NA,0,0,0,0,0,0,NA,NA,NA,NA,NA,NA,NA,NA,0,0,0,0,NA,NA,NA,NA,NA
"Norbert Klein","b18179dc-3955-11ef-acc0-a36230ada079",NA,NA,1975,"12/7/1975","3fe81322-3960-11ef-8b8d-2906cc9fb6bc","away","TV Großwallstadt","TSV Milbertshofen",10,12,FALSE,1,NA,NA,0,0,0,NA,0,0,0,0,0,0,NA,NA,NA,NA,NA,NA,NA,NA,0,0,0,0,NA,NA,NA,NA,NA
"Bernd Seehase","7f0c7bc5-3955-11ef-8b93-b908c60af10a",NA,NA,1975,"12/14/1975","40bf2079-3960-11ef-a025-2906cc9fb6bc","home","Füchse Berlin","SG Dietzenbach",16,17,FALSE,3,NA,NA,0,0,0,NA,0,0,0,0,0,0,NA,NA,NA,NA,NA,NA,NA,NA,0,0,0,0,NA,NA,NA,NA,NA
"Thomas Drust","7f41dffa-3955-11ef-8757-b908c60af10a",NA,NA,1975,"12/14/1975","40bf2079-3960-11ef-a025-2906cc9fb6bc","home","Füchse Berlin","SG Dietzenbach",16,17,FALSE,0,NA,NA,0,0,0,NA,0,0,0,0,0,0,NA,NA,NA,NA,NA,NA,NA,NA,0,0,0,0,NA,NA,NA,NA,NA
"Dieter Nerlich","7f4aaab6-3955-11ef-a6c5-b908c60af10a",NA,NA,1975,"12/14/1975","40bf2079-3960-11ef-a025-2906cc9fb6bc","home","Füchse Berlin","SG Dietzenbach",16,17,FALSE,1,NA,NA,0,0,0,NA,0,0,0,0,0,0,NA,NA,NA,NA,NA,NA,NA,NA,0,0,0,0,NA,NA,NA,NA,NA
"Andreas Pieper","8b17f063-3955-11ef-8f1b-81dc40648355",NA,NA,1975,"12/14/1975","40bf2079-3960-11ef-a025-2906cc9fb6bc","home","Füchse Berlin","SG Dietzenbach",16,17,FALSE,0,NA,NA,0,0,0,NA,0,0,0,0,0,0,NA,NA,NA,NA,NA,NA,NA,NA,0,0,0,0,NA,NA,NA,NA,NA
"Horst Rampp","8c760463-3955-11ef-b11d-81dc40648355",NA,NA,1975,"12/14/1975","40bf2079-3960-11ef-a025-2906cc9fb6bc","home","Füchse Berlin","SG Dietzenbach",16,17,FALSE,0,NA,NA,0,0,0,NA,0,0,0,0,0,0,NA,NA,NA,NA,NA,NA,NA,NA,0,0,0,0,NA,NA,NA,NA,NA
"Hartmut Alsen","a5dc4676-3955-11ef-ac19-2510cc07ea6e",NA,NA,1975,"12/14/1975","40bf2079-3960-11ef-a025-2906cc9fb6bc","home","Füchse Berlin","SG Dietzenbach",16,17,FALSE,0,NA,NA,0,0,0,NA,0,0,0,0,0,0,NA,NA,NA,NA,NA,NA,NA,NA,0,0,0,0,NA,NA,NA,NA,NA
"Reinhard Lembcke","a5f9e01f-3955-11ef-a753-2510cc07ea6e",NA,NA,1975,"12/14/1975","40bf2079-3960-11ef-a025-2906cc9fb6bc","home","Füchse Berlin","SG Dietzenbach",16,17,FALSE,1,NA,NA,0,0,0,NA,0,0,0,0,0,0,NA,NA,NA,NA,NA,NA,NA,NA,0,0,0,0,NA,NA,NA,NA,NA
"Dietmar Apitz","a606c2e6-3955-11ef-ae9a-2510cc07ea6e",NA,NA,1975,"12/14/1975","40bf2079-3960-11ef-a025-2906cc9fb6bc","home","Füchse Berlin","SG Dietzenbach",16,17,FALSE,0,NA,NA,0,0,0,NA,0,0,0,0,0,0,NA,NA,NA,NA,NA,NA,NA,NA,0,0,0,0,NA,NA,NA,NA,NA
"Wolfgang Braun","b1a4c388-3955-11ef-92b7-a36230ada079",NA,NA,1975,"12/14/1975","40bf2079-3960-11ef-a025-2906cc9fb6bc","home","Füchse Berlin","SG Dietzenbach",16,17,FALSE,4,NA,NA,0,0,0,NA,0,0,0,0,0,0,NA,NA,NA,NA,NA,NA,NA,NA,0,0,0,0,NA,NA,NA,NA,NA
"Detlef Finkelmann","b1a8f927-3955-11ef-a009-a36230ada079",NA,NA,1975,"12/14/1975","40bf2079-3960-11ef-a025-2906cc9fb6bc","home","Füchse Berlin","SG Dietzenbach",16,17,FALSE,4,NA,NA,0,0,3,NA,0,0,0,0,0,0,NA,NA,NA,NA,NA,NA,NA,NA,0,0,0,0,NA,NA,NA,NA,NA
"Bernd Goerigk","b1b21b0c-3955-11ef-a303-a36230ada079",NA,NA,1975,"12/14/1975","40bf2079-3960-11ef-a025-2906cc9fb6bc","home","Füchse Berlin","SG Dietzenbach",16,17,FALSE,0,NA,NA,0,0,0,NA,0,0,0,0,0,0,NA,NA,NA,NA,NA,NA,NA,NA,0,0,0,0,NA,NA,NA,NA,NA
"Lutz Loewke","b1b73b08-3955-11ef-b76a-a36230ada079",NA,NA,1975,"12/14/1975","40bf2079-3960-11ef-a025-2906cc9fb6bc","home","Füchse Berlin","SG Dietzenbach",16,17,FALSE,3,NA,NA,0,0,1,NA,0,0,0,0,0,0,NA,NA,NA,NA,NA,NA,NA,NA,0,0,0,0,NA,NA,NA,NA,NA
"Claus Hormel","65a6e4d8-3955-11ef-84ee-292be3190b7b",NA,NA,1975,"12/14/1975","40bf2079-3960-11ef-a025-2906cc9fb6bc","away","SG Dietzenbach","Füchse Berlin",17,16,TRUE,0,NA,NA,0,0,0,NA,0,0,0,0,0,0,NA,NA,NA,NA,NA,NA,NA,NA,0,0,0,0,NA,NA,NA,NA,NA
"Dieter Schappert","808baa47-3955-11ef-b967-b908c60af10a",NA,NA,1975,"12/14/1975","40bf2079-3960-11ef-a025-2906cc9fb6bc","away","SG Dietzenbach","Füchse Berlin",17,16,TRUE,2,NA,NA,0,0,0,NA,0,0,0,0,0,0,NA,NA,NA,NA,NA,NA,NA,NA,0,0,0,0,NA,NA,NA,NA,NA
"Milan Krstić","8a85bfb0-3955-11ef-ac1d-81dc40648355",NA,NA,1975,"12/14/1975","40bf2079-3960-11ef-a025-2906cc9fb6bc","away","SG Dietzenbach","Füchse Berlin",17,16,TRUE,4,NA,NA,0,0,0,NA,0,0,0,0,0,0,NA,NA,NA,NA,NA,NA,NA,NA,0,0,0,0,NA,NA,NA,NA,NA
"Heinz-Walter Behne","8be65881-3955-11ef-8872-81dc40648355",NA,NA,1975,"12/14/1975","40bf2079-3960-11ef-a025-2906cc9fb6bc","away","SG Dietzenbach","Füchse Berlin",17,16,TRUE,1,NA,NA,0,0,0,NA,0,0,0,0,0,0,NA,NA,NA,NA,NA,NA,NA,NA,0,0,0,0,NA,NA,NA,NA,NA
"Herbert Wehnert","96e104db-3955-11ef-b58d-292be3190b7b",NA,NA,1975,"12/14/1975","40bf2079-3960-11ef-a025-2906cc9fb6bc","away","SG Dietzenbach","Füchse Berlin",17,16,TRUE,6,NA,NA,0,0,0,NA,0,0,0,0,0,0,NA,NA,NA,NA,NA,NA,NA,NA,0,0,0,0,NA,NA,NA,NA,NA
"Boris Kostić","982a9c45-3955-11ef-bf0d-292be3190b7b",NA,NA,1975,"12/14/1975","40bf2079-3960-11ef-a025-2906cc9fb6bc","away","SG Dietzenbach","Füchse Berlin",17,16,TRUE,0,NA,NA,0,0,0,NA,0,0,0,0,0,0,NA,NA,NA,NA,NA,NA,NA,NA,0,0,0,0,NA,NA,NA,NA,NA
"Otto Allies","af191a75-3955-11ef-8c7e-a36230ada079",NA,NA,1975,"12/14/1975","40bf2079-3960-11ef-a025-2906cc9fb6bc","away","SG Dietzenbach","Füchse Berlin",17,16,TRUE,1,NA,NA,0,0,0,NA,0,0,0,0,0,0,NA,NA,NA,NA,NA,NA,NA,NA,0,0,0,0,NA,NA,NA,NA,NA
"Klaus Budecker","af1ed2a9-3955-11ef-854d-a36230ada079",NA,NA,1975,"12/14/1975","40bf2079-3960-11ef-a025-2906cc9fb6bc","away","SG Dietzenbach","Füchse Berlin",17,16,TRUE,0,NA,NA,0,0,0,NA,0,0,0,0,0,0,NA,NA,NA,NA,NA,NA,NA,NA,0,0,0,0,NA,NA,NA,NA,NA
"Ronald Wittig","af27e5c1-3955-11ef-9f41-a36230ada079",NA,NA,1975,"12/14/1975","40bf2079-3960-11ef-a025-2906cc9fb6bc","away","SG Dietzenbach","Füchse Berlin",17,16,TRUE,0,NA,NA,0,0,0,NA,0,0,0,0,0,0,NA,NA,NA,NA,NA,NA,NA,NA,0,0,0,0,NA,NA,NA,NA,NA
"Heinrich Baum","af2c6c48-3955-11ef-964a-a36230ada079",NA,NA,1975,"12/14/1975","40bf2079-3960-11ef-a025-2906cc9fb6bc","away","SG Dietzenbach","Füchse Berlin",17,16,TRUE,3,NA,NA,0,0,0,NA,0,0,0,0,0,0,NA,NA,NA,NA,NA,NA,NA,NA,0,0,0,0,NA,NA,NA,NA,NA
"Werner Fritzel","b1cdb47c-3955-11ef-8cfd-a36230ada079",NA,NA,1975,"12/14/1975","40bf2079-3960-11ef-a025-2906cc9fb6bc","away","SG Dietzenbach","Füchse Berlin",17,16,TRUE,0,NA,NA,0,0,0,NA,0,0,0,0,0,0,NA,NA,NA,NA,NA,NA,NA,NA,0,0,0,0,NA,NA,NA,NA,NA
"Klaus Rettig","b1d1aa4c-3955-11ef-baf9-a36230ada079",NA,NA,1975,"12/14/1975","40bf2079-3960-11ef-a025-2906cc9fb6bc","away","SG Dietzenbach","Füchse Berlin",17,16,TRUE,0,NA,NA,0,0,0,NA,0,0,0,0,0,0,NA,NA,NA,NA,NA,NA,NA,NA,0,0,0,0,NA,NA,NA,NA,NA
"Willibald Weiß","74414175-3955-11ef-89d0-51fdf2a82730",NA,NA,1975,"12/21/1975","4198d029-3960-11ef-a78b-2906cc9fb6bc","home","TSV Milbertshofen","FRISCH AUF! Göppingen",12,15,FALSE,0,NA,NA,0,0,0,NA,0,0,0,0,0,0,NA,NA,NA,NA,NA,NA,NA,NA,0,0,0,0,NA,NA,NA,NA,NA
"Wolfgang Sommerfeld","74c0be88-3955-11ef-89fd-51fdf2a82730",NA,NA,1975,"12/21/1975","4198d029-3960-11ef-a78b-2906cc9fb6bc","home","TSV Milbertshofen","FRISCH AUF! Göppingen",12,15,FALSE,0,NA,NA,0,0,0,NA,0,0,0,0,0,0,NA,NA,NA,NA,NA,NA,NA,NA,0,0,0,0,NA,NA,NA,NA,NA
"Jochen Frank","7ee9b472-3955-11ef-ab0f-b908c60af10a",NA,NA,1975,"12/21/1975","4198d029-3960-11ef-a78b-2906cc9fb6bc","home","TSV Milbertshofen","FRISCH AUF! Göppingen",12,15,FALSE,10,NA,NA,0,0,3,NA,0,0,0,0,0,0,NA,NA,NA,NA,NA,NA,NA,NA,0,0,0,0,NA,NA,NA,NA,NA
"Udo Böbel","80d4ba37-3955-11ef-9d8b-b908c60af10a",NA,NA,1975,"12/21/1975","4198d029-3960-11ef-a78b-2906cc9fb6bc","home","TSV Milbertshofen","FRISCH AUF! Göppingen",12,15,FALSE,0,NA,NA,0,0,0,NA,0,0,0,0,0,0,NA,NA,NA,NA,NA,NA,NA,NA,0,0,0,0,NA,NA,NA,NA,NA
"Peter Jaschke","8b728782-3955-11ef-8da6-81dc40648355",NA,NA,1975,"12/21/1975","4198d029-3960-11ef-a78b-2906cc9fb6bc","home","TSV Milbertshofen","FRISCH AUF! Göppingen",12,15,FALSE,0,NA,NA,0,0,0,NA,0,0,0,0,0,0,NA,NA,NA,NA,NA,NA,NA,NA,0,0,0,0,NA,NA,NA,NA,NA
"Werner Winkelmeier","9712104e-3955-11ef-9613-292be3190b7b",NA,NA,1975,"12/21/1975","4198d029-3960-11ef-a78b-2906cc9fb6bc","home","TSV Milbertshofen","FRISCH AUF! Göppingen",12,15,FALSE,1,NA,NA,0,0,0,NA,0,0,0,0,0,0,NA,NA,NA,NA,NA,NA,NA,NA,0,0,0,0,NA,NA,NA,NA,NA
"Rudolf Dobler","97ac407c-3955-11ef-9ea9-292be3190b7b",NA,NA,1975,"12/21/1975","4198d029-3960-11ef-a78b-2906cc9fb6bc","home","TSV Milbertshofen","FRISCH AUF! Göppingen",12,15,FALSE,1,NA,NA,0,0,0,NA,0,0,0,0,0,0,NA,NA,NA,NA,NA,NA,NA,NA,0,0,0,0,NA,NA,NA,NA,NA
"Erwin Heilmeier","af09c6c5-3955-11ef-9faa-a36230ada079",NA,NA,1975,"12/21/1975","4198d029-3960-11ef-a78b-2906cc9fb6bc","home","TSV Milbertshofen","FRISCH AUF! Göppingen",12,15,FALSE,0,NA,NA,0,0,0,NA,0,0,0,0,0,0,NA,NA,NA,NA,NA,NA,NA,NA,0,0,0,0,NA,NA,NA,NA,NA
"Jochen Heyne","b1c06894-3955-11ef-ab50-a36230ada079",NA,NA,1975,"12/21/1975","4198d029-3960-11ef-a78b-2906cc9fb6bc","home","TSV Milbertshofen","FRISCH AUF! Göppingen",12,15,FALSE,0,NA,NA,0,0,0,NA,0,0,0,0,0,0,NA,NA,NA,NA,NA,NA,NA,NA,0,0,0,0,NA,NA,NA,NA,NA
"Helmut Schelchshorn","b1c960ef-3955-11ef-850b-a36230ada079",NA,NA,1975,"12/21/1975","4198d029-3960-11ef-a78b-2906cc9fb6bc","home","TSV Milbertshofen","FRISCH AUF! Göppingen",12,15,FALSE,0,NA,NA,0,0,0,NA,0,0,0,0,0,0,NA,NA,NA,NA,NA,NA,NA,NA,0,0,0,0,NA,NA,NA,NA,NA
"Arnulf Dümmel","81093055-3955-11ef-9deb-b908c60af10a",NA,NA,1975,"12/21/1975","4198d029-3960-11ef-a78b-2906cc9fb6bc","away","FRISCH AUF! Göppingen","TSV Milbertshofen",15,12,TRUE,3,NA,NA,0,0,0,NA,0,0,0,0,0,0,NA,NA,NA,NA,NA,NA,NA,NA,0,0,0,0,NA,NA,NA,NA,NA
"Armin Emrich","8cdd3680-3955-11ef-a93e-81dc40648355",NA,NA,1975,"12/21/1975","4198d029-3960-11ef-a78b-2906cc9fb6bc","away","FRISCH AUF! Göppingen","TSV Milbertshofen",15,12,TRUE,2,NA,NA,0,0,0,NA,0,0,0,0,0,0,NA,NA,NA,NA,NA,NA,NA,NA,0,0,0,0,NA,NA,NA,NA,NA
"Hartmut Bressmer","97fa9b74-3955-11ef-ba4c-292be3190b7b",NA,NA,1975,"12/21/1975","4198d029-3960-11ef-a78b-2906cc9fb6bc","away","FRISCH AUF! Göppingen","TSV Milbertshofen",15,12,TRUE,1,NA,NA,0,0,0,NA,0,0,0,0,0,0,NA,NA,NA,NA,NA,NA,NA,NA,0,0,0,0,NA,NA,NA,NA,NA
"Gunnar Einarsson","98473f03-3955-11ef-b6da-292be3190b7b",NA,NA,1975,"12/21/1975","4198d029-3960-11ef-a78b-2906cc9fb6bc","away","FRISCH AUF! Göppingen","TSV Milbertshofen",15,12,TRUE,5,NA,NA,0,0,1,NA,0,0,0,0,0,0,NA,NA,NA,NA,NA,NA,NA,NA,0,0,0,0,NA,NA,NA,NA,NA
"Hans-Eberhard Finkbeiner","a2f451eb-3955-11ef-99da-2510cc07ea6e",NA,NA,1975,"12/21/1975","4198d029-3960-11ef-a78b-2906cc9fb6bc","away","FRISCH AUF! Göppingen","TSV Milbertshofen",15,12,TRUE,0,NA,NA,0,0,0,NA,0,0,0,0,0,0,NA,NA,NA,NA,NA,NA,NA,NA,0,0,0,0,NA,NA,NA,NA,NA
"Wolfgang Don","a2ff75a5-3955-11ef-a510-2510cc07ea6e",NA,NA,1975,"12/21/1975","4198d029-3960-11ef-a78b-2906cc9fb6bc","away","FRISCH AUF! Göppingen","TSV Milbertshofen",15,12,TRUE,0,NA,NA,0,0,0,NA,0,0,0,0,0,0,NA,NA,NA,NA,NA,NA,NA,NA,0,0,0,0,NA,NA,NA,NA,NA
"Werner Fischer","af3a0885-3955-11ef-a884-a36230ada079",NA,NA,1975,"12/21/1975","4198d029-3960-11ef-a78b-2906cc9fb6bc","away","FRISCH AUF! Göppingen","TSV Milbertshofen",15,12,TRUE,2,NA,NA,0,0,0,NA,0,0,0,0,0,0,NA,NA,NA,NA,NA,NA,NA,NA,0,0,0,0,NA,NA,NA,NA,NA
"Rolf Hammann","af6ae50b-3955-11ef-a71b-a36230ada079",NA,NA,1975,"12/21/1975","4198d029-3960-11ef-a78b-2906cc9fb6bc","away","FRISCH AUF! Göppingen","TSV Milbertshofen",15,12,TRUE,0,NA,NA,0,0,0,NA,0,0,0,0,0,0,NA,NA,NA,NA,NA,NA,NA,NA,0,0,0,0,NA,NA,NA,NA,NA
"Siegmund Seeger","af76d008-3955-11ef-b7c9-a36230ada079",NA,NA,1975,"12/21/1975","4198d029-3960-11ef-a78b-2906cc9fb6bc","away","FRISCH AUF! Göppingen","TSV Milbertshofen",15,12,TRUE,2,NA,NA,0,0,0,NA,0,0,0,0,0,0,NA,NA,NA,NA,NA,NA,NA,NA,0,0,0,0,NA,NA,NA,NA,NA
"Hans Brodbeck","b1f00cc3-3955-11ef-b4c9-a36230ada079",NA,NA,1975,"12/21/1975","4198d029-3960-11ef-a78b-2906cc9fb6bc","away","FRISCH AUF! Göppingen","TSV Milbertshofen",15,12,TRUE,0,NA,NA,0,0,0,NA,0,0,0,0,0,0,NA,NA,NA,NA,NA,NA,NA,NA,0,0,0,0,NA,NA,NA,NA,NA
"Detlef Groß","b20edee3-3955-11ef-9e14-a36230ada079",NA,NA,1975,"12/21/1975","4198d029-3960-11ef-a78b-2906cc9fb6bc","away","FRISCH AUF! Göppingen","TSV Milbertshofen",15,12,TRUE,0,NA,NA,0,0,0,NA,0,0,0,0,0,0,NA,NA,NA,NA,NA,NA,NA,NA,0,0,0,0,NA,NA,NA,NA,NA
"Kurt Klühspies","5ac3e7d7-3955-11ef-b574-4fa817cd91bb",NA,NA,1975,"12/27/1975","3ff8d04d-3960-11ef-bece-2906cc9fb6bc","home","TV Großwallstadt","TuS Hofweier",17,15,TRUE,8,NA,NA,0,0,0,NA,0,0,0,0,0,0,NA,NA,NA,NA,NA,NA,NA,NA,0,0,0,0,NA,NA,NA,NA,NA
"Thomas Sinsel","8adb8152-3955-11ef-b2de-81dc40648355",NA,NA,1975,"12/27/1975","3ff8d04d-3960-11ef-bece-2906cc9fb6bc","home","TV Großwallstadt","TuS Hofweier",17,15,TRUE,3,NA,NA,0,0,0,NA,0,0,0,0,0,0,NA,NA,NA,NA,NA,NA,NA,NA,0,0,0,0,NA,NA,NA,NA,NA
"Manfred Schwarz","96d98e53-3955-11ef-a3c9-292be3190b7b",NA,NA,1975,"12/27/1975","3ff8d04d-3960-11ef-bece-2906cc9fb6bc","home","TV Großwallstadt","TuS Hofweier",17,15,TRUE,2,NA,NA,0,0,0,NA,0,0,0,0,0,0,NA,NA,NA,NA,NA,NA,NA,NA,0,0,0,0,NA,NA,NA,NA,NA
"Wolfgang Dümig","978dc3fc-3955-11ef-b042-292be3190b7b",NA,NA,1975,"12/27/1975","3ff8d04d-3960-11ef-bece-2906cc9fb6bc","home","TV Großwallstadt","TuS Hofweier",17,15,TRUE,0,NA,NA,0,0,0,NA,0,0,0,0,0,0,NA,NA,NA,NA,NA,NA,NA,NA,0,0,0,0,NA,NA,NA,NA,NA
"Ulrich Schulz","9972a35f-3955-11ef-a06d-292be3190b7b",NA,NA,1975,"12/27/1975","3ff8d04d-3960-11ef-bece-2906cc9fb6bc","home","TV Großwallstadt","TuS Hofweier",17,15,TRUE,1,NA,NA,0,0,0,NA,0,0,0,0,0,0,NA,NA,NA,NA,NA,NA,NA,NA,0,0,0,0,NA,NA,NA,NA,NA
"Eckhardt Suffel","aeac0503-3955-11ef-88c6-a36230ada079",NA,NA,1975,"12/27/1975","3ff8d04d-3960-11ef-bece-2906cc9fb6bc","home","TV Großwallstadt","TuS Hofweier",17,15,TRUE,0,NA,NA,0,0,0,NA,0,0,0,0,0,0,NA,NA,NA,NA,NA,NA,NA,NA,0,0,0,0,NA,NA,NA,NA,NA
"Axel Emig","aeb0e35f-3955-11ef-8342-a36230ada079",NA,NA,1975,"12/27/1975","3ff8d04d-3960-11ef-bece-2906cc9fb6bc","home","TV Großwallstadt","TuS Hofweier",17,15,TRUE,3,NA,NA,0,0,2,NA,0,0,0,0,0,0,NA,NA,NA,NA,NA,NA,NA,NA,0,0,0,0,NA,NA,NA,NA,NA
"Norbert Klein","b18179dc-3955-11ef-acc0-a36230ada079",NA,NA,1975,"12/27/1975","3ff8d04d-3960-11ef-bece-2906cc9fb6bc","home","TV Großwallstadt","TuS Hofweier",17,15,TRUE,0,NA,NA,0,0,0,NA,0,0,0,0,0,0,NA,NA,NA,NA,NA,NA,NA,NA,0,0,0,0,NA,NA,NA,NA,NA
"Arno Ehret","39c2c361-3955-11ef-8c9d-bfbfc9e17c09",NA,NA,1975,"12/27/1975","3ff8d04d-3960-11ef-bece-2906cc9fb6bc","away","TuS Hofweier","TV Großwallstadt",15,17,FALSE,5,NA,NA,0,0,0,NA,0,0,0,0,0,0,NA,NA,NA,NA,NA,NA,NA,NA,0,0,0,0,NA,NA,NA,NA,NA
"Gerd Leibiger","7ed15d40-3955-11ef-a28c-b908c60af10a",NA,NA,1975,"12/27/1975","3ff8d04d-3960-11ef-bece-2906cc9fb6bc","away","TuS Hofweier","TV Großwallstadt",15,17,FALSE,2,NA,NA,0,0,0,NA,0,0,0,0,0,0,NA,NA,NA,NA,NA,NA,NA,NA,0,0,0,0,NA,NA,NA,NA,NA
"Peter Bucher","8e0071c9-3955-11ef-8ff8-81dc40648355",NA,NA,1975,"12/27/1975","3ff8d04d-3960-11ef-bece-2906cc9fb6bc","away","TuS Hofweier","TV Großwallstadt",15,17,FALSE,2,NA,NA,0,0,0,NA,0,0,0,0,0,0,NA,NA,NA,NA,NA,NA,NA,NA,0,0,0,0,NA,NA,NA,NA,NA
"Josef Schienle","8e1c1721-3955-11ef-9a54-81dc40648355",NA,NA,1975,"12/27/1975","3ff8d04d-3960-11ef-bece-2906cc9fb6bc","away","TuS Hofweier","TV Großwallstadt",15,17,FALSE,0,NA,NA,0,0,0,NA,0,0,0,0,0,0,NA,NA,NA,NA,NA,NA,NA,NA,0,0,0,0,NA,NA,NA,NA,NA
"Franz Bechler","98035d7e-3955-11ef-8b94-292be3190b7b",NA,NA,1975,"12/27/1975","3ff8d04d-3960-11ef-bece-2906cc9fb6bc","away","TuS Hofweier","TV Großwallstadt",15,17,FALSE,0,NA,NA,0,0,0,NA,0,0,0,0,0,0,NA,NA,NA,NA,NA,NA,NA,NA,0,0,0,0,NA,NA,NA,NA,NA
"Werner Voit","a3b992ef-3955-11ef-84c8-2510cc07ea6e",NA,NA,1975,"12/27/1975","3ff8d04d-3960-11ef-bece-2906cc9fb6bc","away","TuS Hofweier","TV Großwallstadt",15,17,FALSE,2,NA,NA,0,0,0,NA,0,0,0,0,0,0,NA,NA,NA,NA,NA,NA,NA,NA,0,0,0,0,NA,NA,NA,NA,NA
"Werner Decker","afcae313-3955-11ef-a9cf-a36230ada079",NA,NA,1975,"12/27/1975","3ff8d04d-3960-11ef-bece-2906cc9fb6bc","away","TuS Hofweier","TV Großwallstadt",15,17,FALSE,0,NA,NA,0,0,0,NA,0,0,0,0,0,0,NA,NA,NA,NA,NA,NA,NA,NA,0,0,0,0,NA,NA,NA,NA,NA
"Wolfgang Bruck","afd5808d-3955-11ef-a3c4-a36230ada079",NA,NA,1975,"12/27/1975","3ff8d04d-3960-11ef-bece-2906cc9fb6bc","away","TuS Hofweier","TV Großwallstadt",15,17,FALSE,1,NA,NA,0,0,0,NA,0,0,0,0,0,0,NA,NA,NA,NA,NA,NA,NA,NA,0,0,0,0,NA,NA,NA,NA,NA
"Markus Hädrich","ba389acc-3955-11ef-8b9d-ab397f561917",NA,NA,1975,"12/27/1975","3ff8d04d-3960-11ef-bece-2906cc9fb6bc","away","TuS Hofweier","TV Großwallstadt",15,17,FALSE,0,NA,NA,0,0,0,NA,0,0,0,0,0,0,NA,NA,NA,NA,NA,NA,NA,NA,0,0,0,0,NA,NA,NA,NA,NA
"Peter Pickel","8c973b42-3955-11ef-8c71-81dc40648355",NA,NA,1975,"12/28/1975","331ad13d-3960-11ef-8523-2906cc9fb6bc","home","Hamburger SV","OSC 04 Rheinhausen",9,17,FALSE,4,NA,NA,0,0,3,NA,0,0,0,0,0,0,NA,NA,NA,NA,NA,NA,NA,NA,0,0,0,0,NA,NA,NA,NA,NA
"Richard Boczkowski","a1b43836-3955-11ef-934f-2510cc07ea6e",NA,NA,1975,"12/28/1975","331ad13d-3960-11ef-8523-2906cc9fb6bc","home","Hamburger SV","OSC 04 Rheinhausen",9,17,FALSE,2,NA,NA,0,0,0,NA,0,0,0,0,0,0,NA,NA,NA,NA,NA,NA,NA,NA,0,0,0,0,NA,NA,NA,NA,NA
"Frank Lorenz","a32036d1-3955-11ef-bfe5-2510cc07ea6e",NA,NA,1975,"12/28/1975","331ad13d-3960-11ef-8523-2906cc9fb6bc","home","Hamburger SV","OSC 04 Rheinhausen",9,17,FALSE,0,NA,NA,0,0,0,NA,0,0,0,0,0,0,NA,NA,NA,NA,NA,NA,NA,NA,0,0,0,0,NA,NA,NA,NA,NA
"Hans-Jürgen Bode","b011e6da-3955-11ef-8205-a36230ada079",NA,NA,1975,"12/28/1975","331ad13d-3960-11ef-8523-2906cc9fb6bc","home","Hamburger SV","OSC 04 Rheinhausen",9,17,FALSE,0,NA,NA,0,0,0,NA,0,0,0,0,0,0,NA,NA,NA,NA,NA,NA,NA,NA,0,0,0,0,NA,NA,NA,NA,NA
"Holger Nitschke","b01a8950-3955-11ef-a243-a36230ada079",NA,NA,1975,"12/28/1975","331ad13d-3960-11ef-8523-2906cc9fb6bc","home","Hamburger SV","OSC 04 Rheinhausen",9,17,FALSE,1,NA,NA,0,0,0,NA,0,0,0,0,0,0,NA,NA,NA,NA,NA,NA,NA,NA,0,0,0,0,NA,NA,NA,NA,NA
"Ralph Mathies","b023b170-3955-11ef-87a6-a36230ada079",NA,NA,1975,"12/28/1975","331ad13d-3960-11ef-8523-2906cc9fb6bc","home","Hamburger SV","OSC 04 Rheinhausen",9,17,FALSE,0,NA,NA,0,0,0,NA,0,0,0,0,0,0,NA,NA,NA,NA,NA,NA,NA,NA,0,0,0,0,NA,NA,NA,NA,NA
"Jens Ivers","b02f4aea-3955-11ef-801e-a36230ada079",NA,NA,1975,"12/28/1975","331ad13d-3960-11ef-8523-2906cc9fb6bc","home","Hamburger SV","OSC 04 Rheinhausen",9,17,FALSE,2,NA,NA,0,0,0,NA,0,0,0,0,0,0,NA,NA,NA,NA,NA,NA,NA,NA,0,0,0,0,NA,NA,NA,NA,NA
"Norbert Germer","b03f8101-3955-11ef-8945-a36230ada079",NA,NA,1975,"12/28/1975","331ad13d-3960-11ef-8523-2906cc9fb6bc","home","Hamburger SV","OSC 04 Rheinhausen",9,17,FALSE,0,NA,NA,0,0,0,NA,0,0,0,0,0,0,NA,NA,NA,NA,NA,NA,NA,NA,0,0,0,0,NA,NA,NA,NA,NA
"Bernd Eppler","b0442222-3955-11ef-841b-a36230ada079",NA,NA,1975,"12/28/1975","331ad13d-3960-11ef-8523-2906cc9fb6bc","home","Hamburger SV","OSC 04 Rheinhausen",9,17,FALSE,0,NA,NA,0,0,0,NA,0,0,0,0,0,0,NA,NA,NA,NA,NA,NA,NA,NA,0,0,0,0,NA,NA,NA,NA,NA
"Uwe Tesloff","b049ae56-3955-11ef-a5f7-a36230ada079",NA,NA,1975,"12/28/1975","331ad13d-3960-11ef-8523-2906cc9fb6bc","home","Hamburger SV","OSC 04 Rheinhausen",9,17,FALSE,0,NA,NA,0,0,0,NA,0,0,0,0,0,0,NA,NA,NA,NA,NA,NA,NA,NA,0,0,0,0,NA,NA,NA,NA,NA
"Michael Surmann","b04e41f0-3955-11ef-8320-a36230ada079",NA,NA,1975,"12/28/1975","331ad13d-3960-11ef-8523-2906cc9fb6bc","home","Hamburger SV","OSC 04 Rheinhausen",9,17,FALSE,0,NA,NA,0,0,0,NA,0,0,0,0,0,0,NA,NA,NA,NA,NA,NA,NA,NA,0,0,0,0,NA,NA,NA,NA,NA
"Hans-Dieter Schmitz","51093bea-3955-11ef-bc25-6d38c0425bc0",NA,NA,1975,"12/28/1975","331ad13d-3960-11ef-8523-2906cc9fb6bc","away","OSC 04 Rheinhausen","Hamburger SV",17,9,TRUE,4,NA,NA,0,0,0,NA,0,0,0,0,0,0,NA,NA,NA,NA,NA,NA,NA,NA,0,0,0,0,NA,NA,NA,NA,NA
"Reinhard Heusen van der","7142d419-3955-11ef-8654-51fdf2a82730",NA,NA,1975,"12/28/1975","331ad13d-3960-11ef-8523-2906cc9fb6bc","away","OSC 04 Rheinhausen","Hamburger SV",17,9,TRUE,0,NA,NA,0,0,0,NA,0,0,0,0,0,0,NA,NA,NA,NA,NA,NA,NA,NA,0,0,0,0,NA,NA,NA,NA,NA
"Gerd Rosendahl","7501cfa1-3955-11ef-95a2-51fdf2a82730",NA,NA,1975,"12/28/1975","331ad13d-3960-11ef-8523-2906cc9fb6bc","away","OSC 04 Rheinhausen","Hamburger SV",17,9,TRUE,4,NA,NA,0,0,0,NA,0,0,0,0,0,0,NA,NA,NA,NA,NA,NA,NA,NA,0,0,0,0,NA,NA,NA,NA,NA
"Harry Keller","7e4b9df1-3955-11ef-80fd-b908c60af10a",NA,NA,1975,"12/28/1975","331ad13d-3960-11ef-8523-2906cc9fb6bc","away","OSC 04 Rheinhausen","Hamburger SV",17,9,TRUE,1,NA,NA,0,0,0,NA,0,0,0,0,0,0,NA,NA,NA,NA,NA,NA,NA,NA,0,0,0,0,NA,NA,NA,NA,NA
"Uwe Laaser","8157221e-3955-11ef-a944-b908c60af10a",NA,NA,1975,"12/28/1975","331ad13d-3960-11ef-8523-2906cc9fb6bc","away","OSC 04 Rheinhausen","Hamburger SV",17,9,TRUE,1,NA,NA,0,0,0,NA,0,0,0,0,0,0,NA,NA,NA,NA,NA,NA,NA,NA,0,0,0,0,NA,NA,NA,NA,NA
"Hans-Gerd Nellen","a1ba59d4-3955-11ef-b73b-2510cc07ea6e",NA,NA,1975,"12/28/1975","331ad13d-3960-11ef-8523-2906cc9fb6bc","away","OSC 04 Rheinhausen","Hamburger SV",17,9,TRUE,0,NA,NA,0,0,0,NA,0,0,0,0,0,0,NA,NA,NA,NA,NA,NA,NA,NA,0,0,0,0,NA,NA,NA,NA,NA
"Jadranko Demirović","a1caaba8-3955-11ef-8081-2510cc07ea6e",NA,NA,1975,"12/28/1975","331ad13d-3960-11ef-8523-2906cc9fb6bc","away","OSC 04 Rheinhausen","Hamburger SV",17,9,TRUE,3,NA,NA,0,0,1,NA,0,0,0,0,0,0,NA,NA,NA,NA,NA,NA,NA,NA,0,0,0,0,NA,NA,NA,NA,NA
"Hans-Peter Halfmann","a1cf8d63-3955-11ef-b90c-2510cc07ea6e",NA,NA,1975,"12/28/1975","331ad13d-3960-11ef-8523-2906cc9fb6bc","away","OSC 04 Rheinhausen","Hamburger SV",17,9,TRUE,1,NA,NA,0,0,1,NA,0,0,0,0,0,0,NA,NA,NA,NA,NA,NA,NA,NA,0,0,0,0,NA,NA,NA,NA,NA
"Norbert Meister","a610e086-3955-11ef-bf85-2510cc07ea6e",NA,NA,1975,"12/28/1975","331ad13d-3960-11ef-8523-2906cc9fb6bc","away","OSC 04 Rheinhausen","Hamburger SV",17,9,TRUE,0,NA,NA,0,0,0,NA,0,0,0,0,0,0,NA,NA,NA,NA,NA,NA,NA,NA,0,0,0,0,NA,NA,NA,NA,NA
"László Seke","a6207218-3955-11ef-9195-2510cc07ea6e",NA,NA,1975,"12/28/1975","331ad13d-3960-11ef-8523-2906cc9fb6bc","away","OSC 04 Rheinhausen","Hamburger SV",17,9,TRUE,0,NA,NA,0,0,0,NA,0,0,0,0,0,0,NA,NA,NA,NA,NA,NA,NA,NA,0,0,0,0,NA,NA,NA,NA,NA
"Burkhard Nagel","a6312ffa-3955-11ef-9438-2510cc07ea6e",NA,NA,1975,"12/28/1975","331ad13d-3960-11ef-8523-2906cc9fb6bc","away","OSC 04 Rheinhausen","Hamburger SV",17,9,TRUE,3,NA,NA,0,0,0,NA,0,0,0,0,0,0,NA,NA,NA,NA,NA,NA,NA,NA,0,0,0,0,NA,NA,NA,NA,NA
"Werner Konrads","b122c116-3955-11ef-89d0-a36230ada079",NA,NA,1975,"12/28/1975","331ad13d-3960-11ef-8523-2906cc9fb6bc","away","OSC 04 Rheinhausen","Hamburger SV",17,9,TRUE,0,NA,NA,0,0,0,NA,0,0,0,0,0,0,NA,NA,NA,NA,NA,NA,NA,NA,0,0,0,0,NA,NA,NA,NA,NA
"Claus Hormel","65a6e4d8-3955-11ef-84ee-292be3190b7b",NA,NA,1975,"12/28/1975","4243e4bf-3960-11ef-baf5-2906cc9fb6bc","home","SG Dietzenbach","TSV 1896 Rintheim",16,14,TRUE,2,NA,NA,0,0,0,NA,0,0,0,0,0,0,NA,NA,NA,NA,NA,NA,NA,NA,0,0,0,0,NA,NA,NA,NA,NA
"Dieter Schappert","808baa47-3955-11ef-b967-b908c60af10a",NA,NA,1975,"12/28/1975","4243e4bf-3960-11ef-baf5-2906cc9fb6bc","home","SG Dietzenbach","TSV 1896 Rintheim",16,14,TRUE,2,NA,NA,0,0,0,NA,0,0,0,0,0,0,NA,NA,NA,NA,NA,NA,NA,NA,0,0,0,0,NA,NA,NA,NA,NA
"Milan Krstić","8a85bfb0-3955-11ef-ac1d-81dc40648355",NA,NA,1975,"12/28/1975","4243e4bf-3960-11ef-baf5-2906cc9fb6bc","home","SG Dietzenbach","TSV 1896 Rintheim",16,14,TRUE,5,NA,NA,0,0,2,NA,0,0,0,0,0,0,NA,NA,NA,NA,NA,NA,NA,NA,0,0,0,0,NA,NA,NA,NA,NA
"Heinz-Walter Behne","8be65881-3955-11ef-8872-81dc40648355",NA,NA,1975,"12/28/1975","4243e4bf-3960-11ef-baf5-2906cc9fb6bc","home","SG Dietzenbach","TSV 1896 Rintheim",16,14,TRUE,2,NA,NA,0,0,0,NA,0,0,0,0,0,0,NA,NA,NA,NA,NA,NA,NA,NA,0,0,0,0,NA,NA,NA,NA,NA
"Herbert Wehnert","96e104db-3955-11ef-b58d-292be3190b7b",NA,NA,1975,"12/28/1975","4243e4bf-3960-11ef-baf5-2906cc9fb6bc","home","SG Dietzenbach","TSV 1896 Rintheim",16,14,TRUE,3,NA,NA,0,0,0,NA,0,0,0,0,0,0,NA,NA,NA,NA,NA,NA,NA,NA,0,0,0,0,NA,NA,NA,NA,NA
"Boris Kostić","982a9c45-3955-11ef-bf0d-292be3190b7b",NA,NA,1975,"12/28/1975","4243e4bf-3960-11ef-baf5-2906cc9fb6bc","home","SG Dietzenbach","TSV 1896 Rintheim",16,14,TRUE,0,NA,NA,0,0,0,NA,0,0,0,0,0,0,NA,NA,NA,NA,NA,NA,NA,NA,0,0,0,0,NA,NA,NA,NA,NA
"Manfred Merk","a2e89182-3955-11ef-b7cf-2510cc07ea6e",NA,NA,1975,"12/28/1975","4243e4bf-3960-11ef-baf5-2906cc9fb6bc","home","SG Dietzenbach","TSV 1896 Rintheim",16,14,TRUE,0,NA,NA,0,0,0,NA,0,0,0,0,0,0,NA,NA,NA,NA,NA,NA,NA,NA,0,0,0,0,NA,NA,NA,NA,NA
"Klaus Budecker","af1ed2a9-3955-11ef-854d-a36230ada079",NA,NA,1975,"12/28/1975","4243e4bf-3960-11ef-baf5-2906cc9fb6bc","home","SG Dietzenbach","TSV 1896 Rintheim",16,14,TRUE,0,NA,NA,0,0,0,NA,0,0,0,0,0,0,NA,NA,NA,NA,NA,NA,NA,NA,0,0,0,0,NA,NA,NA,NA,NA
"Ronald Wittig","af27e5c1-3955-11ef-9f41-a36230ada079",NA,NA,1975,"12/28/1975","4243e4bf-3960-11ef-baf5-2906cc9fb6bc","home","SG Dietzenbach","TSV 1896 Rintheim",16,14,TRUE,0,NA,NA,0,0,0,NA,0,0,0,0,0,0,NA,NA,NA,NA,NA,NA,NA,NA,0,0,0,0,NA,NA,NA,NA,NA
"Heinrich Baum","af2c6c48-3955-11ef-964a-a36230ada079",NA,NA,1975,"12/28/1975","4243e4bf-3960-11ef-baf5-2906cc9fb6bc","home","SG Dietzenbach","TSV 1896 Rintheim",16,14,TRUE,2,NA,NA,0,0,0,NA,0,0,0,0,0,0,NA,NA,NA,NA,NA,NA,NA,NA,0,0,0,0,NA,NA,NA,NA,NA
"Klaus Rettig","b1d1aa4c-3955-11ef-baf9-a36230ada079",NA,NA,1975,"12/28/1975","4243e4bf-3960-11ef-baf5-2906cc9fb6bc","home","SG Dietzenbach","TSV 1896 Rintheim",16,14,TRUE,0,NA,NA,0,0,0,NA,0,0,0,0,0,0,NA,NA,NA,NA,NA,NA,NA,NA,0,0,0,0,NA,NA,NA,NA,NA
"Winfried Damm","73c56170-3955-11ef-9cca-51fdf2a82730",NA,NA,1975,"12/28/1975","4243e4bf-3960-11ef-baf5-2906cc9fb6bc","away","TSV 1896 Rintheim","SG Dietzenbach",14,16,FALSE,0,NA,NA,0,0,0,NA,0,0,0,0,0,0,NA,NA,NA,NA,NA,NA,NA,NA,0,0,0,0,NA,NA,NA,NA,NA
"Gerhard Gaiser","7fd4e3db-3955-11ef-b327-b908c60af10a",NA,NA,1975,"12/28/1975","4243e4bf-3960-11ef-baf5-2906cc9fb6bc","away","TSV 1896 Rintheim","SG Dietzenbach",14,16,FALSE,1,NA,NA,0,0,0,NA,0,0,0,0,0,0,NA,NA,NA,NA,NA,NA,NA,NA,0,0,0,0,NA,NA,NA,NA,NA
"Roland Kröger","81272d6a-3955-11ef-b027-b908c60af10a",NA,NA,1975,"12/28/1975","4243e4bf-3960-11ef-baf5-2906cc9fb6bc","away","TSV 1896 Rintheim","SG Dietzenbach",14,16,FALSE,0,NA,NA,0,0,0,NA,0,0,0,0,0,0,NA,NA,NA,NA,NA,NA,NA,NA,0,0,0,0,NA,NA,NA,NA,NA
"Manfred Schulz","8bc2b5ea-3955-11ef-8d03-81dc40648355",NA,NA,1975,"12/28/1975","4243e4bf-3960-11ef-baf5-2906cc9fb6bc","away","TSV 1896 Rintheim","SG Dietzenbach",14,16,FALSE,0,NA,NA,0,0,0,NA,0,0,0,0,0,0,NA,NA,NA,NA,NA,NA,NA,NA,0,0,0,0,NA,NA,NA,NA,NA
"Max Müller","99453a6b-3955-11ef-84c2-292be3190b7b",NA,NA,1975,"12/28/1975","4243e4bf-3960-11ef-baf5-2906cc9fb6bc","away","TSV 1896 Rintheim","SG Dietzenbach",14,16,FALSE,4,NA,NA,0,0,0,NA,0,0,0,0,0,0,NA,NA,NA,NA,NA,NA,NA,NA,0,0,0,0,NA,NA,NA,NA,NA
"Alfred Schmitt","a25e1dab-3955-11ef-b412-2510cc07ea6e",NA,NA,1975,"12/28/1975","4243e4bf-3960-11ef-baf5-2906cc9fb6bc","away","TSV 1896 Rintheim","SG Dietzenbach",14,16,FALSE,1,NA,NA,0,0,0,NA,0,0,0,0,0,0,NA,NA,NA,NA,NA,NA,NA,NA,0,0,0,0,NA,NA,NA,NA,NA
"Rudi Stein","a27f8606-3955-11ef-8352-2510cc07ea6e",NA,NA,1975,"12/28/1975","4243e4bf-3960-11ef-baf5-2906cc9fb6bc","away","TSV 1896 Rintheim","SG Dietzenbach",14,16,FALSE,3,NA,NA,0,0,1,NA,0,0,0,0,0,0,NA,NA,NA,NA,NA,NA,NA,NA,0,0,0,0,NA,NA,NA,NA,NA
"Rudi Lechleidner","aec862a4-3955-11ef-ad66-a36230ada079",NA,NA,1975,"12/28/1975","4243e4bf-3960-11ef-baf5-2906cc9fb6bc","away","TSV 1896 Rintheim","SG Dietzenbach",14,16,FALSE,2,NA,NA,0,0,0,NA,0,0,0,0,0,0,NA,NA,NA,NA,NA,NA,NA,NA,0,0,0,0,NA,NA,NA,NA,NA
"Wilfried Job","af3ed007-3955-11ef-9184-a36230ada079",NA,NA,1975,"12/28/1975","4243e4bf-3960-11ef-baf5-2906cc9fb6bc","away","TSV 1896 Rintheim","SG Dietzenbach",14,16,FALSE,2,NA,NA,0,0,0,NA,0,0,0,0,0,0,NA,NA,NA,NA,NA,NA,NA,NA,0,0,0,0,NA,NA,NA,NA,NA
"Claus Erles","af42e492-3955-11ef-a26e-a36230ada079",NA,NA,1975,"12/28/1975","4243e4bf-3960-11ef-baf5-2906cc9fb6bc","away","TSV 1896 Rintheim","SG Dietzenbach",14,16,FALSE,0,NA,NA,0,0,0,NA,0,0,0,0,0,0,NA,NA,NA,NA,NA,NA,NA,NA,0,0,0,0,NA,NA,NA,NA,NA
"Rolf Barthel","b1e747bc-3955-11ef-bf9b-a36230ada079",NA,NA,1975,"12/28/1975","4243e4bf-3960-11ef-baf5-2906cc9fb6bc","away","TSV 1896 Rintheim","SG Dietzenbach",14,16,FALSE,1,NA,NA,0,0,0,NA,0,0,0,0,0,0,NA,NA,NA,NA,NA,NA,NA,NA,0,0,0,0,NA,NA,NA,NA,NA
"Žarko Olujić","b1ebb098-3955-11ef-ab01-a36230ada079",NA,NA,1975,"12/28/1975","4243e4bf-3960-11ef-baf5-2906cc9fb6bc","away","TSV 1896 Rintheim","SG Dietzenbach",14,16,FALSE,0,NA,NA,0,0,0,NA,0,0,0,0,0,0,NA,NA,NA,NA,NA,NA,NA,NA,0,0,0,0,NA,NA,NA,NA,NA
"Olaf Berner","a4006ca4-3955-11ef-a034-2510cc07ea6e",NA,NA,1975,"1/3/1976","3579dda9-3960-11ef-baf3-2906cc9fb6bc","home","TSV Altenholz","VfL Lübeck-Schwartau",13,14,FALSE,8,NA,NA,0,0,5,NA,0,0,0,0,0,0,NA,NA,NA,NA,NA,NA,NA,NA,0,0,0,0,NA,NA,NA,NA,NA
"Peter Kurth","b06eb57c-3955-11ef-b9af-a36230ada079",NA,NA,1975,"1/3/1976","3579dda9-3960-11ef-baf3-2906cc9fb6bc","home","TSV Altenholz","VfL Lübeck-Schwartau",13,14,FALSE,0,NA,NA,0,0,0,NA,0,0,0,0,0,0,NA,NA,NA,NA,NA,NA,NA,NA,0,0,0,0,NA,NA,NA,NA,NA
"Peter Prehn","b073ee0a-3955-11ef-8404-a36230ada079",NA,NA,1975,"1/3/1976","3579dda9-3960-11ef-baf3-2906cc9fb6bc","home","TSV Altenholz","VfL Lübeck-Schwartau",13,14,FALSE,1,NA,NA,0,0,0,NA,0,0,0,0,0,0,NA,NA,NA,NA,NA,NA,NA,NA,0,0,0,0,NA,NA,NA,NA,NA
"Peter Werk","b0784d6e-3955-11ef-9a85-a36230ada079",NA,NA,1975,"1/3/1976","3579dda9-3960-11ef-baf3-2906cc9fb6bc","home","TSV Altenholz","VfL Lübeck-Schwartau",13,14,FALSE,2,NA,NA,0,0,0,NA,0,0,0,0,0,0,NA,NA,NA,NA,NA,NA,NA,NA,0,0,0,0,NA,NA,NA,NA,NA
"Hardmuth Groß","b07c9918-3955-11ef-a7b9-a36230ada079",NA,NA,1975,"1/3/1976","3579dda9-3960-11ef-baf3-2906cc9fb6bc","home","TSV Altenholz","VfL Lübeck-Schwartau",13,14,FALSE,0,NA,NA,0,0,0,NA,0,0,0,0,0,0,NA,NA,NA,NA,NA,NA,NA,NA,0,0,0,0,NA,NA,NA,NA,NA
"Peter Bortel","b085b129-3955-11ef-b6a0-a36230ada079",NA,NA,1975,"1/3/1976","3579dda9-3960-11ef-baf3-2906cc9fb6bc","home","TSV Altenholz","VfL Lübeck-Schwartau",13,14,FALSE,0,NA,NA,0,0,0,NA,0,0,0,0,0,0,NA,NA,NA,NA,NA,NA,NA,NA,0,0,0,0,NA,NA,NA,NA,NA
"Jörgen Danielsen","b08a7dec-3955-11ef-acb4-a36230ada079",NA,NA,1975,"1/3/1976","3579dda9-3960-11ef-baf3-2906cc9fb6bc","home","TSV Altenholz","VfL Lübeck-Schwartau",13,14,FALSE,0,NA,NA,0,0,0,NA,0,0,0,0,0,0,NA,NA,NA,NA,NA,NA,NA,NA,0,0,0,0,NA,NA,NA,NA,NA
"Klaus Beckmann","b08ee1c0-3955-11ef-8689-a36230ada079",NA,NA,1975,"1/3/1976","3579dda9-3960-11ef-baf3-2906cc9fb6bc","home","TSV Altenholz","VfL Lübeck-Schwartau",13,14,FALSE,0,NA,NA,0,0,0,NA,0,0,0,0,0,0,NA,NA,NA,NA,NA,NA,NA,NA,0,0,0,0,NA,NA,NA,NA,NA
"Peter Dewitz","b093b5b1-3955-11ef-97ca-a36230ada079",NA,NA,1975,"1/3/1976","3579dda9-3960-11ef-baf3-2906cc9fb6bc","home","TSV Altenholz","VfL Lübeck-Schwartau",13,14,FALSE,2,NA,NA,0,0,0,NA,0,0,0,0,0,0,NA,NA,NA,NA,NA,NA,NA,NA,0,0,0,0,NA,NA,NA,NA,NA
"Klaus-Peter Römer","b09cfa69-3955-11ef-b8eb-a36230ada079",NA,NA,1975,"1/3/1976","3579dda9-3960-11ef-baf3-2906cc9fb6bc","home","TSV Altenholz","VfL Lübeck-Schwartau",13,14,FALSE,0,NA,NA,0,0,0,NA,0,0,0,0,0,0,NA,NA,NA,NA,NA,NA,NA,NA,0,0,0,0,NA,NA,NA,NA,NA
"Manfred Schulz","b0a21333-3955-11ef-a679-a36230ada079",NA,NA,1975,"1/3/1976","3579dda9-3960-11ef-baf3-2906cc9fb6bc","home","TSV Altenholz","VfL Lübeck-Schwartau",13,14,FALSE,0,NA,NA,0,0,0,NA,0,0,0,0,0,0,NA,NA,NA,NA,NA,NA,NA,NA,0,0,0,0,NA,NA,NA,NA,NA
"Klaus-Peter Alwardt","800d39da-3955-11ef-bf47-b908c60af10a",NA,NA,1975,"1/3/1976","3579dda9-3960-11ef-baf3-2906cc9fb6bc","away","VfL Lübeck-Schwartau","TSV Altenholz",14,13,TRUE,0,NA,NA,0,0,0,NA,0,0,0,0,0,0,NA,NA,NA,NA,NA,NA,NA,NA,0,0,0,0,NA,NA,NA,NA,NA
"Michael Dogs","b0cecb4a-3955-11ef-b665-a36230ada079",NA,NA,1975,"1/3/1976","3579dda9-3960-11ef-baf3-2906cc9fb6bc","away","VfL Lübeck-Schwartau","TSV Altenholz",14,13,TRUE,0,NA,NA,0,0,0,NA,0,0,0,0,0,0,NA,NA,NA,NA,NA,NA,NA,NA,0,0,0,0,NA,NA,NA,NA,NA
"Claus Gramkow","b0d7d6e6-3955-11ef-bb1c-a36230ada079",NA,NA,1975,"1/3/1976","3579dda9-3960-11ef-baf3-2906cc9fb6bc","away","VfL Lübeck-Schwartau","TSV Altenholz",14,13,TRUE,0,NA,NA,0,0,0,NA,0,0,0,0,0,0,NA,NA,NA,NA,NA,NA,NA,NA,0,0,0,0,NA,NA,NA,NA,NA
"Joachim Römer","b0dcb8e7-3955-11ef-83ab-a36230ada079",NA,NA,1975,"1/3/1976","3579dda9-3960-11ef-baf3-2906cc9fb6bc","away","VfL Lübeck-Schwartau","TSV Altenholz",14,13,TRUE,1,NA,NA,0,0,0,NA,0,0,0,0,0,0,NA,NA,NA,NA,NA,NA,NA,NA,0,0,0,0,NA,NA,NA,NA,NA
"Ulrich Diener","b0e514eb-3955-11ef-b430-a36230ada079",NA,NA,1975,"1/3/1976","3579dda9-3960-11ef-baf3-2906cc9fb6bc","away","VfL Lübeck-Schwartau","TSV Altenholz",14,13,TRUE,0,NA,NA,0,0,0,NA,0,0,0,0,0,0,NA,NA,NA,NA,NA,NA,NA,NA,0,0,0,0,NA,NA,NA,NA,NA
"Peter Görtz","b0e9ae8f-3955-11ef-aa48-a36230ada079",NA,NA,1975,"1/3/1976","3579dda9-3960-11ef-baf3-2906cc9fb6bc","away","VfL Lübeck-Schwartau","TSV Altenholz",14,13,TRUE,1,NA,NA,0,0,0,NA,0,0,0,0,0,0,NA,NA,NA,NA,NA,NA,NA,NA,0,0,0,0,NA,NA,NA,NA,NA
"Ulrich Kleinstoll","b0f37438-3955-11ef-84e6-a36230ada079",NA,NA,1975,"1/3/1976","3579dda9-3960-11ef-baf3-2906cc9fb6bc","away","VfL Lübeck-Schwartau","TSV Altenholz",14,13,TRUE,2,NA,NA,0,0,0,NA,0,0,0,0,0,0,NA,NA,NA,NA,NA,NA,NA,NA,0,0,0,0,NA,NA,NA,NA,NA
"Thomas Kluth","b0f877c0-3955-11ef-a314-a36230ada079",NA,NA,1975,"1/3/1976","3579dda9-3960-11ef-baf3-2906cc9fb6bc","away","VfL Lübeck-Schwartau","TSV Altenholz",14,13,TRUE,2,NA,NA,0,0,0,NA,0,0,0,0,0,0,NA,NA,NA,NA,NA,NA,NA,NA,0,0,0,0,NA,NA,NA,NA,NA
"Holger Rosenfeldt","b0fd53e2-3955-11ef-9f9a-a36230ada079",NA,NA,1975,"1/3/1976","3579dda9-3960-11ef-baf3-2906cc9fb6bc","away","VfL Lübeck-Schwartau","TSV Altenholz",14,13,TRUE,1,NA,NA,0,0,0,NA,0,0,0,0,0,0,NA,NA,NA,NA,NA,NA,NA,NA,0,0,0,0,NA,NA,NA,NA,NA
"Karl Weiß","b106c2d8-3955-11ef-9358-a36230ada079",NA,NA,1975,"1/3/1976","3579dda9-3960-11ef-baf3-2906cc9fb6bc","away","VfL Lübeck-Schwartau","TSV Altenholz",14,13,TRUE,3,NA,NA,0,0,0,NA,0,0,0,0,0,0,NA,NA,NA,NA,NA,NA,NA,NA,0,0,0,0,NA,NA,NA,NA,NA
"Siegfried Berg","b10d3ec3-3955-11ef-8a30-a36230ada079",NA,NA,1975,"1/3/1976","3579dda9-3960-11ef-baf3-2906cc9fb6bc","away","VfL Lübeck-Schwartau","TSV Altenholz",14,13,TRUE,4,NA,NA,0,0,1,NA,0,0,0,0,0,0,NA,NA,NA,NA,NA,NA,NA,NA,0,0,0,0,NA,NA,NA,NA,NA
"Udo Klenk","8deb261a-3955-11ef-90c3-81dc40648355",NA,NA,1975,"1/3/1976","3efa22eb-3960-11ef-b868-2906cc9fb6bc","home","S3L Handball","FRISCH AUF! Göppingen",25,19,TRUE,5,NA,NA,0,0,0,NA,0,0,0,0,0,0,NA,NA,NA,NA,NA,NA,NA,NA,0,0,0,0,NA,NA,NA,NA,NA
"Manfred Müller","ae54e819-3955-11ef-81e8-a36230ada079",NA,NA,1975,"1/3/1976","3efa22eb-3960-11ef-b868-2906cc9fb6bc","home","S3L Handball","FRISCH AUF! Göppingen",25,19,TRUE,0,NA,NA,0,0,0,NA,0,0,0,0,0,0,NA,NA,NA,NA,NA,NA,NA,NA,0,0,0,0,NA,NA,NA,NA,NA
"Georg Fitz","ae68320c-3955-11ef-89fa-a36230ada079",NA,NA,1975,"1/3/1976","3efa22eb-3960-11ef-b868-2906cc9fb6bc","home","S3L Handball","FRISCH AUF! Göppingen",25,19,TRUE,0,NA,NA,0,0,0,NA,0,0,0,0,0,0,NA,NA,NA,NA,NA,NA,NA,NA,0,0,0,0,NA,NA,NA,NA,NA
"Franz Rupp","ae6c7950-3955-11ef-87dd-a36230ada079",NA,NA,1975,"1/3/1976","3efa22eb-3960-11ef-b868-2906cc9fb6bc","home","S3L Handball","FRISCH AUF! Göppingen",25,19,TRUE,5,NA,NA,0,0,0,NA,0,0,0,0,0,0,NA,NA,NA,NA,NA,NA,NA,NA,0,0,0,0,NA,NA,NA,NA,NA
"Bernd Frühauf","ae71d80f-3955-11ef-a219-a36230ada079",NA,NA,1975,"1/3/1976","3efa22eb-3960-11ef-b868-2906cc9fb6bc","home","S3L Handball","FRISCH AUF! Göppingen",25,19,TRUE,1,NA,NA,0,0,0,NA,0,0,0,0,0,0,NA,NA,NA,NA,NA,NA,NA,NA,0,0,0,0,NA,NA,NA,NA,NA
"Wolfgang Sättele","ae76c01d-3955-11ef-bfb9-a36230ada079",NA,NA,1975,"1/3/1976","3efa22eb-3960-11ef-b868-2906cc9fb6bc","home","S3L Handball","FRISCH AUF! Göppingen",25,19,TRUE,2,NA,NA,0,0,0,NA,0,0,0,0,0,0,NA,NA,NA,NA,NA,NA,NA,NA,0,0,0,0,NA,NA,NA,NA,NA
"Joachim Hafemeister","ae7b4523-3955-11ef-b064-a36230ada079",NA,NA,1975,"1/3/1976","3efa22eb-3960-11ef-b868-2906cc9fb6bc","home","S3L Handball","FRISCH AUF! Göppingen",25,19,TRUE,0,NA,NA,0,0,0,NA,0,0,0,0,0,0,NA,NA,NA,NA,NA,NA,NA,NA,0,0,0,0,NA,NA,NA,NA,NA
"Harald Thiemer","ae803bfb-3955-11ef-9aab-a36230ada079",NA,NA,1975,"1/3/1976","3efa22eb-3960-11ef-b868-2906cc9fb6bc","home","S3L Handball","FRISCH AUF! Göppingen",25,19,TRUE,0,NA,NA,0,0,0,NA,0,0,0,0,0,0,NA,NA,NA,NA,NA,NA,NA,NA,0,0,0,0,NA,NA,NA,NA,NA
"Jürgen Hahn","ae947745-3955-11ef-bc54-a36230ada079",NA,NA,1975,"1/3/1976","3efa22eb-3960-11ef-b868-2906cc9fb6bc","home","S3L Handball","FRISCH AUF! Göppingen",25,19,TRUE,9,NA,NA,0,0,1,NA,0,0,0,0,0,0,NA,NA,NA,NA,NA,NA,NA,NA,0,0,0,0,NA,NA,NA,NA,NA
"Franz Götz","aea2eb0e-3955-11ef-b230-a36230ada079",NA,NA,1975,"1/3/1976","3efa22eb-3960-11ef-b868-2906cc9fb6bc","home","S3L Handball","FRISCH AUF! Göppingen",25,19,TRUE,2,NA,NA,0,0,0,NA,0,0,0,0,0,0,NA,NA,NA,NA,NA,NA,NA,NA,0,0,0,0,NA,NA,NA,NA,NA
"Hansjörg Jäck","b166bd31-3955-11ef-bed1-a36230ada079",NA,NA,1975,"1/3/1976","3efa22eb-3960-11ef-b868-2906cc9fb6bc","home","S3L Handball","FRISCH AUF! Göppingen",25,19,TRUE,0,NA,NA,0,0,0,NA,0,0,0,0,0,0,NA,NA,NA,NA,NA,NA,NA,NA,0,0,0,0,NA,NA,NA,NA,NA
"Wolfgang Haller","b1738c62-3955-11ef-a0aa-a36230ada079",NA,NA,1975,"1/3/1976","3efa22eb-3960-11ef-b868-2906cc9fb6bc","home","S3L Handball","FRISCH AUF! Göppingen",25,19,TRUE,1,NA,NA,0,0,0,NA,0,0,0,0,0,0,NA,NA,NA,NA,NA,NA,NA,NA,0,0,0,0,NA,NA,NA,NA,NA
"Arnulf Dümmel","81093055-3955-11ef-9deb-b908c60af10a",NA,NA,1975,"1/3/1976","3efa22eb-3960-11ef-b868-2906cc9fb6bc","away","FRISCH AUF! Göppingen","S3L Handball",19,25,FALSE,2,NA,NA,0,0,0,NA,0,0,0,0,0,0,NA,NA,NA,NA,NA,NA,NA,NA,0,0,0,0,NA,NA,NA,NA,NA
"Armin Emrich","8cdd3680-3955-11ef-a93e-81dc40648355",NA,NA,1975,"1/3/1976","3efa22eb-3960-11ef-b868-2906cc9fb6bc","away","FRISCH AUF! Göppingen","S3L Handball",19,25,FALSE,7,NA,NA,0,0,1,NA,0,0,0,0,0,0,NA,NA,NA,NA,NA,NA,NA,NA,0,0,0,0,NA,NA,NA,NA,NA
"Hartmut Bressmer","97fa9b74-3955-11ef-ba4c-292be3190b7b",NA,NA,1975,"1/3/1976","3efa22eb-3960-11ef-b868-2906cc9fb6bc","away","FRISCH AUF! Göppingen","S3L Handball",19,25,FALSE,2,NA,NA,0,0,0,NA,0,0,0,0,0,0,NA,NA,NA,NA,NA,NA,NA,NA,0,0,0,0,NA,NA,NA,NA,NA
"Gunnar Einarsson","98473f03-3955-11ef-b6da-292be3190b7b",NA,NA,1975,"1/3/1976","3efa22eb-3960-11ef-b868-2906cc9fb6bc","away","FRISCH AUF! Göppingen","S3L Handball",19,25,FALSE,3,NA,NA,0,0,1,NA,0,0,0,0,0,0,NA,NA,NA,NA,NA,NA,NA,NA,0,0,0,0,NA,NA,NA,NA,NA
"Hans-Eberhard Finkbeiner","a2f451eb-3955-11ef-99da-2510cc07ea6e",NA,NA,1975,"1/3/1976","3efa22eb-3960-11ef-b868-2906cc9fb6bc","away","FRISCH AUF! Göppingen","S3L Handball",19,25,FALSE,0,NA,NA,0,0,0,NA,0,0,0,0,0,0,NA,NA,NA,NA,NA,NA,NA,NA,0,0,0,0,NA,NA,NA,NA,NA
"Wolfgang Don","a2ff75a5-3955-11ef-a510-2510cc07ea6e",NA,NA,1975,"1/3/1976","3efa22eb-3960-11ef-b868-2906cc9fb6bc","away","FRISCH AUF! Göppingen","S3L Handball",19,25,FALSE,1,NA,NA,0,0,0,NA,0,0,0,0,0,0,NA,NA,NA,NA,NA,NA,NA,NA,0,0,0,0,NA,NA,NA,NA,NA
"Werner Fischer","af3a0885-3955-11ef-a884-a36230ada079",NA,NA,1975,"1/3/1976","3efa22eb-3960-11ef-b868-2906cc9fb6bc","away","FRISCH AUF! Göppingen","S3L Handball",19,25,FALSE,1,NA,NA,0,0,0,NA,0,0,0,0,0,0,NA,NA,NA,NA,NA,NA,NA,NA,0,0,0,0,NA,NA,NA,NA,NA
"Siegmund Seeger","af76d008-3955-11ef-b7c9-a36230ada079",NA,NA,1975,"1/3/1976","3efa22eb-3960-11ef-b868-2906cc9fb6bc","away","FRISCH AUF! Göppingen","S3L Handball",19,25,FALSE,1,NA,NA,0,0,0,NA,0,0,0,0,0,0,NA,NA,NA,NA,NA,NA,NA,NA,0,0,0,0,NA,NA,NA,NA,NA
"Hans Brodbeck","b1f00cc3-3955-11ef-b4c9-a36230ada079",NA,NA,1975,"1/3/1976","3efa22eb-3960-11ef-b868-2906cc9fb6bc","away","FRISCH AUF! Göppingen","S3L Handball",19,25,FALSE,0,NA,NA,0,0,0,NA,0,0,0,0,0,0,NA,NA,NA,NA,NA,NA,NA,NA,0,0,0,0,NA,NA,NA,NA,NA
"Günter Schweikardt","d3e60b79-3953-11ef-9e8c-e3f2de03a1b7",NA,NA,1975,"1/3/1976","3efa22eb-3960-11ef-b868-2906cc9fb6bc","away","FRISCH AUF! Göppingen","S3L Handball",19,25,FALSE,2,NA,NA,0,0,0,NA,0,0,0,0,0,0,NA,NA,NA,NA,NA,NA,NA,NA,0,0,0,0,NA,NA,NA,NA,NA
"Winfried Damm","73c56170-3955-11ef-9cca-51fdf2a82730",NA,NA,1975,"1/3/1976","40cf3016-3960-11ef-a180-2906cc9fb6bc","home","TSV 1896 Rintheim","Füchse Berlin",21,13,TRUE,1,NA,NA,0,0,0,NA,0,0,0,0,0,0,NA,NA,NA,NA,NA,NA,NA,NA,0,0,0,0,NA,NA,NA,NA,NA
"Gerhard Gaiser","7fd4e3db-3955-11ef-b327-b908c60af10a",NA,NA,1975,"1/3/1976","40cf3016-3960-11ef-a180-2906cc9fb6bc","home","TSV 1896 Rintheim","Füchse Berlin",21,13,TRUE,3,NA,NA,0,0,0,NA,0,0,0,0,0,0,NA,NA,NA,NA,NA,NA,NA,NA,0,0,0,0,NA,NA,NA,NA,NA
"Roland Kröger","81272d6a-3955-11ef-b027-b908c60af10a",NA,NA,1975,"1/3/1976","40cf3016-3960-11ef-a180-2906cc9fb6bc","home","TSV 1896 Rintheim","Füchse Berlin",21,13,TRUE,1,NA,NA,0,0,0,NA,0,0,0,0,0,0,NA,NA,NA,NA,NA,NA,NA,NA,0,0,0,0,NA,NA,NA,NA,NA
"Manfred Schulz","8bc2b5ea-3955-11ef-8d03-81dc40648355",NA,NA,1975,"1/3/1976","40cf3016-3960-11ef-a180-2906cc9fb6bc","home","TSV 1896 Rintheim","Füchse Berlin",21,13,TRUE,0,NA,NA,0,0,0,NA,0,0,0,0,0,0,NA,NA,NA,NA,NA,NA,NA,NA,0,0,0,0,NA,NA,NA,NA,NA
"Max Müller","99453a6b-3955-11ef-84c2-292be3190b7b",NA,NA,1975,"1/3/1976","40cf3016-3960-11ef-a180-2906cc9fb6bc","home","TSV 1896 Rintheim","Füchse Berlin",21,13,TRUE,3,NA,NA,0,0,0,NA,0,0,0,0,0,0,NA,NA,NA,NA,NA,NA,NA,NA,0,0,0,0,NA,NA,NA,NA,NA
"Alfred Schmitt","a25e1dab-3955-11ef-b412-2510cc07ea6e",NA,NA,1975,"1/3/1976","40cf3016-3960-11ef-a180-2906cc9fb6bc","home","TSV 1896 Rintheim","Füchse Berlin",21,13,TRUE,0,NA,NA,0,0,0,NA,0,0,0,0,0,0,NA,NA,NA,NA,NA,NA,NA,NA,0,0,0,0,NA,NA,NA,NA,NA
"Rudi Stein","a27f8606-3955-11ef-8352-2510cc07ea6e",NA,NA,1975,"1/3/1976","40cf3016-3960-11ef-a180-2906cc9fb6bc","home","TSV 1896 Rintheim","Füchse Berlin",21,13,TRUE,2,NA,NA,0,0,0,NA,0,0,0,0,0,0,NA,NA,NA,NA,NA,NA,NA,NA,0,0,0,0,NA,NA,NA,NA,NA
"Rudi Lechleidner","aec862a4-3955-11ef-ad66-a36230ada079",NA,NA,1975,"1/3/1976","40cf3016-3960-11ef-a180-2906cc9fb6bc","home","TSV 1896 Rintheim","Füchse Berlin",21,13,TRUE,3,NA,NA,0,0,0,NA,0,0,0,0,0,0,NA,NA,NA,NA,NA,NA,NA,NA,0,0,0,0,NA,NA,NA,NA,NA
"Wilfried Job","af3ed007-3955-11ef-9184-a36230ada079",NA,NA,1975,"1/3/1976","40cf3016-3960-11ef-a180-2906cc9fb6bc","home","TSV 1896 Rintheim","Füchse Berlin",21,13,TRUE,1,NA,NA,0,0,0,NA,0,0,0,0,0,0,NA,NA,NA,NA,NA,NA,NA,NA,0,0,0,0,NA,NA,NA,NA,NA
"Rolf Barthel","b1e747bc-3955-11ef-bf9b-a36230ada079",NA,NA,1975,"1/3/1976","40cf3016-3960-11ef-a180-2906cc9fb6bc","home","TSV 1896 Rintheim","Füchse Berlin",21,13,TRUE,7,NA,NA,0,0,1,NA,0,0,0,0,0,0,NA,NA,NA,NA,NA,NA,NA,NA,0,0,0,0,NA,NA,NA,NA,NA
"Žarko Olujić","b1ebb098-3955-11ef-ab01-a36230ada079",NA,NA,1975,"1/3/1976","40cf3016-3960-11ef-a180-2906cc9fb6bc","home","TSV 1896 Rintheim","Füchse Berlin",21,13,TRUE,0,NA,NA,0,0,0,NA,0,0,0,0,0,0,NA,NA,NA,NA,NA,NA,NA,NA,0,0,0,0,NA,NA,NA,NA,NA
"Bernd Seehase","7f0c7bc5-3955-11ef-8b93-b908c60af10a",NA,NA,1975,"1/3/1976","40cf3016-3960-11ef-a180-2906cc9fb6bc","away","Füchse Berlin","TSV 1896 Rintheim",13,21,FALSE,4,NA,NA,0,0,0,NA,0,0,0,0,0,0,NA,NA,NA,NA,NA,NA,NA,NA,0,0,0,0,NA,NA,NA,NA,NA
"Thomas Drust","7f41dffa-3955-11ef-8757-b908c60af10a",NA,NA,1975,"1/3/1976","40cf3016-3960-11ef-a180-2906cc9fb6bc","away","Füchse Berlin","TSV 1896 Rintheim",13,21,FALSE,0,NA,NA,0,0,0,NA,0,0,0,0,0,0,NA,NA,NA,NA,NA,NA,NA,NA,0,0,0,0,NA,NA,NA,NA,NA
"Dieter Nerlich","7f4aaab6-3955-11ef-a6c5-b908c60af10a",NA,NA,1975,"1/3/1976","40cf3016-3960-11ef-a180-2906cc9fb6bc","away","Füchse Berlin","TSV 1896 Rintheim",13,21,FALSE,1,NA,NA,0,0,0,NA,0,0,0,0,0,0,NA,NA,NA,NA,NA,NA,NA,NA,0,0,0,0,NA,NA,NA,NA,NA
"Andreas Pieper","8b17f063-3955-11ef-8f1b-81dc40648355",NA,NA,1975,"1/3/1976","40cf3016-3960-11ef-a180-2906cc9fb6bc","away","Füchse Berlin","TSV 1896 Rintheim",13,21,FALSE,1,NA,NA,0,0,0,NA,0,0,0,0,0,0,NA,NA,NA,NA,NA,NA,NA,NA,0,0,0,0,NA,NA,NA,NA,NA
"Horst Rampp","8c760463-3955-11ef-b11d-81dc40648355",NA,NA,1975,"1/3/1976","40cf3016-3960-11ef-a180-2906cc9fb6bc","away","Füchse Berlin","TSV 1896 Rintheim",13,21,FALSE,0,NA,NA,0,0,0,NA,0,0,0,0,0,0,NA,NA,NA,NA,NA,NA,NA,NA,0,0,0,0,NA,NA,NA,NA,NA
"Manfred Klein","a5ed5981-3955-11ef-aef8-2510cc07ea6e",NA,NA,1975,"1/3/1976","40cf3016-3960-11ef-a180-2906cc9fb6bc","away","Füchse Berlin","TSV 1896 Rintheim",13,21,FALSE,1,NA,NA,0,0,0,NA,0,0,0,0,0,0,NA,NA,NA,NA,NA,NA,NA,NA,0,0,0,0,NA,NA,NA,NA,NA
"Reinhard Lembcke","a5f9e01f-3955-11ef-a753-2510cc07ea6e",NA,NA,1975,"1/3/1976","40cf3016-3960-11ef-a180-2906cc9fb6bc","away","Füchse Berlin","TSV 1896 Rintheim",13,21,FALSE,1,NA,NA,0,0,0,NA,0,0,0,0,0,0,NA,NA,NA,NA,NA,NA,NA,NA,0,0,0,0,NA,NA,NA,NA,NA
"Dietmar Apitz","a606c2e6-3955-11ef-ae9a-2510cc07ea6e",NA,NA,1975,"1/3/1976","40cf3016-3960-11ef-a180-2906cc9fb6bc","away","Füchse Berlin","TSV 1896 Rintheim",13,21,FALSE,0,NA,NA,0,0,0,NA,0,0,0,0,0,0,NA,NA,NA,NA,NA,NA,NA,NA,0,0,0,0,NA,NA,NA,NA,NA
"Joachim Lindemann","b199b04a-3955-11ef-840b-a36230ada079",NA,NA,1975,"1/3/1976","40cf3016-3960-11ef-a180-2906cc9fb6bc","away","Füchse Berlin","TSV 1896 Rintheim",13,21,FALSE,2,NA,NA,0,0,0,NA,0,0,0,0,0,0,NA,NA,NA,NA,NA,NA,NA,NA,0,0,0,0,NA,NA,NA,NA,NA
"Bernd Goerigk","b1b21b0c-3955-11ef-a303-a36230ada079",NA,NA,1975,"1/3/1976","40cf3016-3960-11ef-a180-2906cc9fb6bc","away","Füchse Berlin","TSV 1896 Rintheim",13,21,FALSE,0,NA,NA,0,0,0,NA,0,0,0,0,0,0,NA,NA,NA,NA,NA,NA,NA,NA,0,0,0,0,NA,NA,NA,NA,NA
"Lutz Loewke","b1b73b08-3955-11ef-b76a-a36230ada079",NA,NA,1975,"1/3/1976","40cf3016-3960-11ef-a180-2906cc9fb6bc","away","Füchse Berlin","TSV 1896 Rintheim",13,21,FALSE,3,NA,NA,0,0,0,NA,0,0,0,0,0,0,NA,NA,NA,NA,NA,NA,NA,NA,0,0,0,0,NA,NA,NA,NA,NA
"Claus Hormel","65a6e4d8-3955-11ef-84ee-292be3190b7b",NA,NA,1975,"1/3/1976","42546594-3960-11ef-9329-2906cc9fb6bc","home","SG Dietzenbach","TV 1893 Neuhausen",22,17,TRUE,3,NA,NA,0,0,0,NA,0,0,0,0,0,0,NA,NA,NA,NA,NA,NA,NA,NA,0,0,0,0,NA,NA,NA,NA,NA
"Dieter Schappert","808baa47-3955-11ef-b967-b908c60af10a",NA,NA,1975,"1/3/1976","42546594-3960-11ef-9329-2906cc9fb6bc","home","SG Dietzenbach","TV 1893 Neuhausen",22,17,TRUE,0,NA,NA,0,0,0,NA,0,0,0,0,0,0,NA,NA,NA,NA,NA,NA,NA,NA,0,0,0,0,NA,NA,NA,NA,NA
"Milan Krstić","8a85bfb0-3955-11ef-ac1d-81dc40648355",NA,NA,1975,"1/3/1976","42546594-3960-11ef-9329-2906cc9fb6bc","home","SG Dietzenbach","TV 1893 Neuhausen",22,17,TRUE,7,NA,NA,0,0,1,NA,0,0,0,0,0,0,NA,NA,NA,NA,NA,NA,NA,NA,0,0,0,0,NA,NA,NA,NA,NA
"Heinz-Walter Behne","8be65881-3955-11ef-8872-81dc40648355",NA,NA,1975,"1/3/1976","42546594-3960-11ef-9329-2906cc9fb6bc","home","SG Dietzenbach","TV 1893 Neuhausen",22,17,TRUE,2,NA,NA,0,0,0,NA,0,0,0,0,0,0,NA,NA,NA,NA,NA,NA,NA,NA,0,0,0,0,NA,NA,NA,NA,NA
"Herbert Wehnert","96e104db-3955-11ef-b58d-292be3190b7b",NA,NA,1975,"1/3/1976","42546594-3960-11ef-9329-2906cc9fb6bc","home","SG Dietzenbach","TV 1893 Neuhausen",22,17,TRUE,4,NA,NA,0,0,0,NA,0,0,0,0,0,0,NA,NA,NA,NA,NA,NA,NA,NA,0,0,0,0,NA,NA,NA,NA,NA
"Boris Kostić","982a9c45-3955-11ef-bf0d-292be3190b7b",NA,NA,1975,"1/3/1976","42546594-3960-11ef-9329-2906cc9fb6bc","home","SG Dietzenbach","TV 1893 Neuhausen",22,17,TRUE,0,NA,NA,0,0,0,NA,0,0,0,0,0,0,NA,NA,NA,NA,NA,NA,NA,NA,0,0,0,0,NA,NA,NA,NA,NA
"Manfred Merk","a2e89182-3955-11ef-b7cf-2510cc07ea6e",NA,NA,1975,"1/3/1976","42546594-3960-11ef-9329-2906cc9fb6bc","home","SG Dietzenbach","TV 1893 Neuhausen",22,17,TRUE,0,NA,NA,0,0,0,NA,0,0,0,0,0,0,NA,NA,NA,NA,NA,NA,NA,NA,0,0,0,0,NA,NA,NA,NA,NA
"Klaus Budecker","af1ed2a9-3955-11ef-854d-a36230ada079",NA,NA,1975,"1/3/1976","42546594-3960-11ef-9329-2906cc9fb6bc","home","SG Dietzenbach","TV 1893 Neuhausen",22,17,TRUE,1,NA,NA,0,0,0,NA,0,0,0,0,0,0,NA,NA,NA,NA,NA,NA,NA,NA,0,0,0,0,NA,NA,NA,NA,NA
"Ronald Wittig","af27e5c1-3955-11ef-9f41-a36230ada079",NA,NA,1975,"1/3/1976","42546594-3960-11ef-9329-2906cc9fb6bc","home","SG Dietzenbach","TV 1893 Neuhausen",22,17,TRUE,0,NA,NA,0,0,0,NA,0,0,0,0,0,0,NA,NA,NA,NA,NA,NA,NA,NA,0,0,0,0,NA,NA,NA,NA,NA
"Heinrich Baum","af2c6c48-3955-11ef-964a-a36230ada079",NA,NA,1975,"1/3/1976","42546594-3960-11ef-9329-2906cc9fb6bc","home","SG Dietzenbach","TV 1893 Neuhausen",22,17,TRUE,5,NA,NA,0,0,1,NA,0,0,0,0,0,0,NA,NA,NA,NA,NA,NA,NA,NA,0,0,0,0,NA,NA,NA,NA,NA
"Werner Fritzel","b1cdb47c-3955-11ef-8cfd-a36230ada079",NA,NA,1975,"1/3/1976","42546594-3960-11ef-9329-2906cc9fb6bc","home","SG Dietzenbach","TV 1893 Neuhausen",22,17,TRUE,0,NA,NA,0,0,0,NA,0,0,0,0,0,0,NA,NA,NA,NA,NA,NA,NA,NA,0,0,0,0,NA,NA,NA,NA,NA
"Klaus Rettig","b1d1aa4c-3955-11ef-baf9-a36230ada079",NA,NA,1975,"1/3/1976","42546594-3960-11ef-9329-2906cc9fb6bc","home","SG Dietzenbach","TV 1893 Neuhausen",22,17,TRUE,0,NA,NA,0,0,0,NA,0,0,0,0,0,0,NA,NA,NA,NA,NA,NA,NA,NA,0,0,0,0,NA,NA,NA,NA,NA
"Walter Salzer","8d394c72-3955-11ef-8d73-81dc40648355",NA,NA,1975,"1/3/1976","42546594-3960-11ef-9329-2906cc9fb6bc","away","TV 1893 Neuhausen","SG Dietzenbach",17,22,FALSE,5,NA,NA,0,0,2,NA,0,0,0,0,0,0,NA,NA,NA,NA,NA,NA,NA,NA,0,0,0,0,NA,NA,NA,NA,NA
"Klaus Stoll","a42e01cc-3955-11ef-b661-2510cc07ea6e",NA,NA,1975,"1/3/1976","42546594-3960-11ef-9329-2906cc9fb6bc","away","TV 1893 Neuhausen","SG Dietzenbach",17,22,FALSE,0,NA,NA,0,0,0,NA,0,0,0,0,0,0,NA,NA,NA,NA,NA,NA,NA,NA,0,0,0,0,NA,NA,NA,NA,NA
"Robert Kemmler","a438d7c7-3955-11ef-8ff6-2510cc07ea6e",NA,NA,1975,"1/3/1976","42546594-3960-11ef-9329-2906cc9fb6bc","away","TV 1893 Neuhausen","SG Dietzenbach",17,22,FALSE,0,NA,NA,0,0,0,NA,0,0,0,0,0,0,NA,NA,NA,NA,NA,NA,NA,NA,0,0,0,0,NA,NA,NA,NA,NA
"Julius Lehmann","a448c9e2-3955-11ef-9bf8-2510cc07ea6e",NA,NA,1975,"1/3/1976","42546594-3960-11ef-9329-2906cc9fb6bc","away","TV 1893 Neuhausen","SG Dietzenbach",17,22,FALSE,3,NA,NA,0,0,0,NA,0,0,0,0,0,0,NA,NA,NA,NA,NA,NA,NA,NA,0,0,0,0,NA,NA,NA,NA,NA
"Hermann Mäurle","a44f95e3-3955-11ef-b53d-2510cc07ea6e",NA,NA,1975,"1/3/1976","42546594-3960-11ef-9329-2906cc9fb6bc","away","TV 1893 Neuhausen","SG Dietzenbach",17,22,FALSE,2,NA,NA,0,0,2,NA,0,0,0,0,0,0,NA,NA,NA,NA,NA,NA,NA,NA,0,0,0,0,NA,NA,NA,NA,NA
"Rolf Miller","a4552808-3955-11ef-ac39-2510cc07ea6e",NA,NA,1975,"1/3/1976","42546594-3960-11ef-9329-2906cc9fb6bc","away","TV 1893 Neuhausen","SG Dietzenbach",17,22,FALSE,1,NA,NA,0,0,0,NA,0,0,0,0,0,0,NA,NA,NA,NA,NA,NA,NA,NA,0,0,0,0,NA,NA,NA,NA,NA
"Manfred Reusch","a45a1b11-3955-11ef-8135-2510cc07ea6e",NA,NA,1975,"1/3/1976","42546594-3960-11ef-9329-2906cc9fb6bc","away","TV 1893 Neuhausen","SG Dietzenbach",17,22,FALSE,4,NA,NA,0,0,0,NA,0,0,0,0,0,0,NA,NA,NA,NA,NA,NA,NA,NA,0,0,0,0,NA,NA,NA,NA,NA
"Eugen Schmid","a460a6b1-3955-11ef-966d-2510cc07ea6e",NA,NA,1975,"1/3/1976","42546594-3960-11ef-9329-2906cc9fb6bc","away","TV 1893 Neuhausen","SG Dietzenbach",17,22,FALSE,0,NA,NA,0,0,0,NA,0,0,0,0,0,0,NA,NA,NA,NA,NA,NA,NA,NA,0,0,0,0,NA,NA,NA,NA,NA
"Manfred Schmid","a468025d-3955-11ef-ae56-2510cc07ea6e",NA,NA,1975,"1/3/1976","42546594-3960-11ef-9329-2906cc9fb6bc","away","TV 1893 Neuhausen","SG Dietzenbach",17,22,FALSE,1,NA,NA,0,0,0,NA,0,0,0,0,0,0,NA,NA,NA,NA,NA,NA,NA,NA,0,0,0,0,NA,NA,NA,NA,NA
"Wolfgang Brodbeck","b21723df-3955-11ef-a8f2-a36230ada079",NA,NA,1975,"1/3/1976","42546594-3960-11ef-9329-2906cc9fb6bc","away","TV 1893 Neuhausen","SG Dietzenbach",17,22,FALSE,0,NA,NA,0,0,0,NA,0,0,0,0,0,0,NA,NA,NA,NA,NA,NA,NA,NA,0,0,0,0,NA,NA,NA,NA,NA
"Wolfgang Ruoff","b21c931a-3955-11ef-96d4-a36230ada079",NA,NA,1975,"1/3/1976","42546594-3960-11ef-9329-2906cc9fb6bc","away","TV 1893 Neuhausen","SG Dietzenbach",17,22,FALSE,0,NA,NA,0,0,0,NA,0,0,0,0,0,0,NA,NA,NA,NA,NA,NA,NA,NA,0,0,0,0,NA,NA,NA,NA,NA
"Johann Högl","b2211f04-3955-11ef-a5bd-a36230ada079",NA,NA,1975,"1/3/1976","42546594-3960-11ef-9329-2906cc9fb6bc","away","TV 1893 Neuhausen","SG Dietzenbach",17,22,FALSE,1,NA,NA,0,0,0,NA,0,0,0,0,0,0,NA,NA,NA,NA,NA,NA,NA,NA,0,0,0,0,NA,NA,NA,NA,NA
"Holger Oertel","685d8d1c-3955-11ef-86af-292be3190b7b",NA,NA,1975,"1/10/1976","36a0ebc0-3960-11ef-89b5-2906cc9fb6bc","home","THW Kiel","VfL Lübeck-Schwartau",21,11,TRUE,0,NA,NA,0,0,0,NA,0,0,0,0,0,0,NA,NA,NA,NA,NA,NA,NA,NA,0,0,0,0,NA,NA,NA,NA,NA
"Gerd Welz","98273a90-3955-11ef-a3a2-292be3190b7b",NA,NA,1975,"1/10/1976","36a0ebc0-3960-11ef-89b5-2906cc9fb6bc","home","THW Kiel","VfL Lübeck-Schwartau",21,11,TRUE,2,NA,NA,0,0,0,NA,0,0,0,0,0,0,NA,NA,NA,NA,NA,NA,NA,NA,0,0,0,0,NA,NA,NA,NA,NA
"Hans-Lothar Bock","9991bda0-3955-11ef-a6c6-292be3190b7b",NA,NA,1975,"1/10/1976","36a0ebc0-3960-11ef-89b5-2906cc9fb6bc","home","THW Kiel","VfL Lübeck-Schwartau",21,11,TRUE,6,NA,NA,0,0,4,NA,0,0,0,0,0,0,NA,NA,NA,NA,NA,NA,NA,NA,0,0,0,0,NA,NA,NA,NA,NA
"Volker Harbs","9995a6f3-3955-11ef-b74f-292be3190b7b",NA,NA,1975,"1/10/1976","36a0ebc0-3960-11ef-89b5-2906cc9fb6bc","home","THW Kiel","VfL Lübeck-Schwartau",21,11,TRUE,4,NA,NA,0,0,0,NA,0,0,0,0,0,0,NA,NA,NA,NA,NA,NA,NA,NA,0,0,0,0,NA,NA,NA,NA,NA
"Dieter Krause","99996b47-3955-11ef-a9c9-292be3190b7b",NA,NA,1975,"1/10/1976","36a0ebc0-3960-11ef-89b5-2906cc9fb6bc","home","THW Kiel","VfL Lübeck-Schwartau",21,11,TRUE,1,NA,NA,0,0,0,NA,0,0,0,0,0,0,NA,NA,NA,NA,NA,NA,NA,NA,0,0,0,0,NA,NA,NA,NA,NA
"Wolfgang Stolz","999eb14b-3955-11ef-bbce-292be3190b7b",NA,NA,1975,"1/10/1976","36a0ebc0-3960-11ef-89b5-2906cc9fb6bc","home","THW Kiel","VfL Lübeck-Schwartau",21,11,TRUE,2,NA,NA,0,0,0,NA,0,0,0,0,0,0,NA,NA,NA,NA,NA,NA,NA,NA,0,0,0,0,NA,NA,NA,NA,NA
"Holger Aissen","a3fb7482-3955-11ef-858d-2510cc07ea6e",NA,NA,1975,"1/10/1976","36a0ebc0-3960-11ef-89b5-2906cc9fb6bc","home","THW Kiel","VfL Lübeck-Schwartau",21,11,TRUE,0,NA,NA,0,0,0,NA,0,0,0,0,0,0,NA,NA,NA,NA,NA,NA,NA,NA,0,0,0,0,NA,NA,NA,NA,NA
"Ingo Voß","ae396fa6-3955-11ef-acb0-a36230ada079",NA,NA,1975,"1/10/1976","36a0ebc0-3960-11ef-89b5-2906cc9fb6bc","home","THW Kiel","VfL Lübeck-Schwartau",21,11,TRUE,2,NA,NA,0,0,0,NA,0,0,0,0,0,0,NA,NA,NA,NA,NA,NA,NA,NA,0,0,0,0,NA,NA,NA,NA,NA
"Frank Requate","ae434759-3955-11ef-8758-a36230ada079",NA,NA,1975,"1/10/1976","36a0ebc0-3960-11ef-89b5-2906cc9fb6bc","home","THW Kiel","VfL Lübeck-Schwartau",21,11,TRUE,0,NA,NA,0,0,0,NA,0,0,0,0,0,0,NA,NA,NA,NA,NA,NA,NA,NA,0,0,0,0,NA,NA,NA,NA,NA
"Herwig Ahrendsen","b143192b-3955-11ef-bef0-a36230ada079",NA,NA,1975,"1/10/1976","36a0ebc0-3960-11ef-89b5-2906cc9fb6bc","home","THW Kiel","VfL Lübeck-Schwartau",21,11,TRUE,2,NA,NA,0,0,0,NA,0,0,0,0,0,0,NA,NA,NA,NA,NA,NA,NA,NA,0,0,0,0,NA,NA,NA,NA,NA
"Bernd Nielsen","b1480d2c-3955-11ef-8563-a36230ada079",NA,NA,1975,"1/10/1976","36a0ebc0-3960-11ef-89b5-2906cc9fb6bc","home","THW Kiel","VfL Lübeck-Schwartau",21,11,TRUE,0,NA,NA,0,0,0,NA,0,0,0,0,0,0,NA,NA,NA,NA,NA,NA,NA,NA,0,0,0,0,NA,NA,NA,NA,NA
"Hartwig Moll","b14ce7d8-3955-11ef-8cb5-a36230ada079",NA,NA,1975,"1/10/1976","36a0ebc0-3960-11ef-89b5-2906cc9fb6bc","home","THW Kiel","VfL Lübeck-Schwartau",21,11,TRUE,2,NA,NA,0,0,0,NA,0,0,0,0,0,0,NA,NA,NA,NA,NA,NA,NA,NA,0,0,0,0,NA,NA,NA,NA,NA
"Klaus-Peter Alwardt","800d39da-3955-11ef-bf47-b908c60af10a",NA,NA,1975,"1/10/1976","36a0ebc0-3960-11ef-89b5-2906cc9fb6bc","away","VfL Lübeck-Schwartau","THW Kiel",11,21,FALSE,0,NA,NA,0,0,0,NA,0,0,0,0,0,0,NA,NA,NA,NA,NA,NA,NA,NA,0,0,0,0,NA,NA,NA,NA,NA
"Michael Dogs","b0cecb4a-3955-11ef-b665-a36230ada079",NA,NA,1975,"1/10/1976","36a0ebc0-3960-11ef-89b5-2906cc9fb6bc","away","VfL Lübeck-Schwartau","THW Kiel",11,21,FALSE,0,NA,NA,0,0,0,NA,0,0,0,0,0,0,NA,NA,NA,NA,NA,NA,NA,NA,0,0,0,0,NA,NA,NA,NA,NA
"Peter Toll","b0d38f08-3955-11ef-8430-a36230ada079",NA,NA,1975,"1/10/1976","36a0ebc0-3960-11ef-89b5-2906cc9fb6bc","away","VfL Lübeck-Schwartau","THW Kiel",11,21,FALSE,0,NA,NA,0,0,0,NA,0,0,0,0,0,0,NA,NA,NA,NA,NA,NA,NA,NA,0,0,0,0,NA,NA,NA,NA,NA
"Claus Gramkow","b0d7d6e6-3955-11ef-bb1c-a36230ada079",NA,NA,1975,"1/10/1976","36a0ebc0-3960-11ef-89b5-2906cc9fb6bc","away","VfL Lübeck-Schwartau","THW Kiel",11,21,FALSE,0,NA,NA,0,0,0,NA,0,0,0,0,0,0,NA,NA,NA,NA,NA,NA,NA,NA,0,0,0,0,NA,NA,NA,NA,NA
"Joachim Römer","b0dcb8e7-3955-11ef-83ab-a36230ada079",NA,NA,1975,"1/10/1976","36a0ebc0-3960-11ef-89b5-2906cc9fb6bc","away","VfL Lübeck-Schwartau","THW Kiel",11,21,FALSE,1,NA,NA,0,0,0,NA,0,0,0,0,0,0,NA,NA,NA,NA,NA,NA,NA,NA,0,0,0,0,NA,NA,NA,NA,NA
"Ulrich Diener","b0e514eb-3955-11ef-b430-a36230ada079",NA,NA,1975,"1/10/1976","36a0ebc0-3960-11ef-89b5-2906cc9fb6bc","away","VfL Lübeck-Schwartau","THW Kiel",11,21,FALSE,0,NA,NA,0,0,0,NA,0,0,0,0,0,0,NA,NA,NA,NA,NA,NA,NA,NA,0,0,0,0,NA,NA,NA,NA,NA
"Peter Görtz","b0e9ae8f-3955-11ef-aa48-a36230ada079",NA,NA,1975,"1/10/1976","36a0ebc0-3960-11ef-89b5-2906cc9fb6bc","away","VfL Lübeck-Schwartau","THW Kiel",11,21,FALSE,2,NA,NA,0,0,0,NA,0,0,0,0,0,0,NA,NA,NA,NA,NA,NA,NA,NA,0,0,0,0,NA,NA,NA,NA,NA
"Vladimir Torlaković","b0ede919-3955-11ef-a919-a36230ada079",NA,NA,1975,"1/10/1976","36a0ebc0-3960-11ef-89b5-2906cc9fb6bc","away","VfL Lübeck-Schwartau","THW Kiel",11,21,FALSE,0,NA,NA,0,0,0,NA,0,0,0,0,0,0,NA,NA,NA,NA,NA,NA,NA,NA,0,0,0,0,NA,NA,NA,NA,NA
"Ulrich Kleinstoll","b0f37438-3955-11ef-84e6-a36230ada079",NA,NA,1975,"1/10/1976","36a0ebc0-3960-11ef-89b5-2906cc9fb6bc","away","VfL Lübeck-Schwartau","THW Kiel",11,21,FALSE,0,NA,NA,0,0,0,NA,0,0,0,0,0,0,NA,NA,NA,NA,NA,NA,NA,NA,0,0,0,0,NA,NA,NA,NA,NA
"Thomas Kluth","b0f877c0-3955-11ef-a314-a36230ada079",NA,NA,1975,"1/10/1976","36a0ebc0-3960-11ef-89b5-2906cc9fb6bc","away","VfL Lübeck-Schwartau","THW Kiel",11,21,FALSE,1,NA,NA,0,0,0,NA,0,0,0,0,0,0,NA,NA,NA,NA,NA,NA,NA,NA,0,0,0,0,NA,NA,NA,NA,NA
"Holger Rosenfeldt","b0fd53e2-3955-11ef-9f9a-a36230ada079",NA,NA,1975,"1/10/1976","36a0ebc0-3960-11ef-89b5-2906cc9fb6bc","away","VfL Lübeck-Schwartau","THW Kiel",11,21,FALSE,3,NA,NA,0,0,0,NA,0,0,0,0,0,0,NA,NA,NA,NA,NA,NA,NA,NA,0,0,0,0,NA,NA,NA,NA,NA
"Karl Weiß","b106c2d8-3955-11ef-9358-a36230ada079",NA,NA,1975,"1/10/1976","36a0ebc0-3960-11ef-89b5-2906cc9fb6bc","away","VfL Lübeck-Schwartau","THW Kiel",11,21,FALSE,2,NA,NA,0,0,0,NA,0,0,0,0,0,0,NA,NA,NA,NA,NA,NA,NA,NA,0,0,0,0,NA,NA,NA,NA,NA
"Siegfried Berg","b10d3ec3-3955-11ef-8a30-a36230ada079",NA,NA,1975,"1/10/1976","36a0ebc0-3960-11ef-89b5-2906cc9fb6bc","away","VfL Lübeck-Schwartau","THW Kiel",11,21,FALSE,2,NA,NA,0,0,2,NA,0,0,0,0,0,0,NA,NA,NA,NA,NA,NA,NA,NA,0,0,0,0,NA,NA,NA,NA,NA
"Rudolf Rauer","6829713f-3955-11ef-9d88-292be3190b7b",NA,NA,1975,"1/11/1976","34bd3d6c-3960-11ef-af2a-2906cc9fb6bc","home","TuS 05 Wellinghofen","SC Phönix Essen 1920",14,16,FALSE,0,NA,NA,0,0,0,NA,0,0,0,0,0,0,NA,NA,NA,NA,NA,NA,NA,NA,0,0,0,0,NA,NA,NA,NA,NA
"Karl-Heinz Schulz","72847241-3955-11ef-8bd4-51fdf2a82730",NA,NA,1975,"1/11/1976","34bd3d6c-3960-11ef-af2a-2906cc9fb6bc","home","TuS 05 Wellinghofen","SC Phönix Essen 1920",14,16,FALSE,0,NA,NA,0,0,0,NA,0,0,0,0,0,0,NA,NA,NA,NA,NA,NA,NA,NA,0,0,0,0,NA,NA,NA,NA,NA
"Hans-Peter Neuhaus","8d9d3887-3955-11ef-80a3-81dc40648355",NA,NA,1975,"1/11/1976","34bd3d6c-3960-11ef-af2a-2906cc9fb6bc","home","TuS 05 Wellinghofen","SC Phönix Essen 1920",14,16,FALSE,7,NA,NA,0,0,4,NA,0,0,0,0,0,0,NA,NA,NA,NA,NA,NA,NA,NA,0,0,0,0,NA,NA,NA,NA,NA
"Klaus Erwe","a4f54a19-3955-11ef-b48a-2510cc07ea6e",NA,NA,1975,"1/11/1976","34bd3d6c-3960-11ef-af2a-2906cc9fb6bc","home","TuS 05 Wellinghofen","SC Phönix Essen 1920",14,16,FALSE,0,NA,NA,0,0,0,NA,0,0,0,0,0,0,NA,NA,NA,NA,NA,NA,NA,NA,0,0,0,0,NA,NA,NA,NA,NA
"Frank Haardt","a4fb1cad-3955-11ef-bd99-2510cc07ea6e",NA,NA,1975,"1/11/1976","34bd3d6c-3960-11ef-af2a-2906cc9fb6bc","home","TuS 05 Wellinghofen","SC Phönix Essen 1920",14,16,FALSE,0,NA,NA,0,0,0,NA,0,0,0,0,0,0,NA,NA,NA,NA,NA,NA,NA,NA,0,0,0,0,NA,NA,NA,NA,NA
"Wilfried Rettig","a517a588-3955-11ef-a8d7-2510cc07ea6e",NA,NA,1975,"1/11/1976","34bd3d6c-3960-11ef-af2a-2906cc9fb6bc","home","TuS 05 Wellinghofen","SC Phönix Essen 1920",14,16,FALSE,2,NA,NA,0,0,1,NA,0,0,0,0,0,0,NA,NA,NA,NA,NA,NA,NA,NA,0,0,0,0,NA,NA,NA,NA,NA
"Winfried Gabel","a521dedb-3955-11ef-a3bd-2510cc07ea6e",NA,NA,1975,"1/11/1976","34bd3d6c-3960-11ef-af2a-2906cc9fb6bc","home","TuS 05 Wellinghofen","SC Phönix Essen 1920",14,16,FALSE,3,NA,NA,0,0,0,NA,0,0,0,0,0,0,NA,NA,NA,NA,NA,NA,NA,NA,0,0,0,0,NA,NA,NA,NA,NA
"Klaus Happe","a527494a-3955-11ef-a4fa-2510cc07ea6e",NA,NA,1975,"1/11/1976","34bd3d6c-3960-11ef-af2a-2906cc9fb6bc","home","TuS 05 Wellinghofen","SC Phönix Essen 1920",14,16,FALSE,0,NA,NA,0,0,0,NA,0,0,0,0,0,0,NA,NA,NA,NA,NA,NA,NA,NA,0,0,0,0,NA,NA,NA,NA,NA
"Ulrich Staege","b05c5beb-3955-11ef-a7d6-a36230ada079",NA,NA,1975,"1/11/1976","34bd3d6c-3960-11ef-af2a-2906cc9fb6bc","home","TuS 05 Wellinghofen","SC Phönix Essen 1920",14,16,FALSE,2,NA,NA,0,0,0,NA,0,0,0,0,0,0,NA,NA,NA,NA,NA,NA,NA,NA,0,0,0,0,NA,NA,NA,NA,NA
"Herbert Rogge","b06614d7-3955-11ef-a43b-a36230ada079",NA,NA,1975,"1/11/1976","34bd3d6c-3960-11ef-af2a-2906cc9fb6bc","home","TuS 05 Wellinghofen","SC Phönix Essen 1920",14,16,FALSE,0,NA,NA,0,0,0,NA,0,0,0,0,0,0,NA,NA,NA,NA,NA,NA,NA,NA,0,0,0,0,NA,NA,NA,NA,NA
"Dieter Bartke","4fa6f4fc-3955-11ef-9f16-6d38c0425bc0",NA,NA,1975,"1/11/1976","34bd3d6c-3960-11ef-af2a-2906cc9fb6bc","away","SC Phönix Essen 1920","TuS 05 Wellinghofen",16,14,TRUE,0,NA,NA,0,0,0,NA,0,0,0,0,0,0,NA,NA,NA,NA,NA,NA,NA,NA,0,0,0,0,NA,NA,NA,NA,NA
"Burkhard Windorf","8b6a317b-3955-11ef-84ca-81dc40648355",NA,NA,1975,"1/11/1976","34bd3d6c-3960-11ef-af2a-2906cc9fb6bc","away","SC Phönix Essen 1920","TuS 05 Wellinghofen",16,14,TRUE,3,NA,NA,0,0,0,NA,0,0,0,0,0,0,NA,NA,NA,NA,NA,NA,NA,NA,0,0,0,0,NA,NA,NA,NA,NA
"Peter Kleibrink","a1d4c58c-3955-11ef-9cce-2510cc07ea6e",NA,NA,1975,"1/11/1976","34bd3d6c-3960-11ef-af2a-2906cc9fb6bc","away","SC Phönix Essen 1920","TuS 05 Wellinghofen",16,14,TRUE,1,NA,NA,0,0,0,NA,0,0,0,0,0,0,NA,NA,NA,NA,NA,NA,NA,NA,0,0,0,0,NA,NA,NA,NA,NA
"Peter Bützer","a4cb5a85-3955-11ef-989d-2510cc07ea6e",NA,NA,1975,"1/11/1976","34bd3d6c-3960-11ef-af2a-2906cc9fb6bc","away","SC Phönix Essen 1920","TuS 05 Wellinghofen",16,14,TRUE,0,NA,NA,0,0,0,NA,0,0,0,0,0,0,NA,NA,NA,NA,NA,NA,NA,NA,0,0,0,0,NA,NA,NA,NA,NA
"Carsten Matuszak","a59daa13-3955-11ef-9206-2510cc07ea6e",NA,NA,1975,"1/11/1976","34bd3d6c-3960-11ef-af2a-2906cc9fb6bc","away","SC Phönix Essen 1920","TuS 05 Wellinghofen",16,14,TRUE,3,NA,NA,0,0,2,NA,0,0,0,0,0,0,NA,NA,NA,NA,NA,NA,NA,NA,0,0,0,0,NA,NA,NA,NA,NA
"Wilhelm Heidkamp","a5a2ef02-3955-11ef-9852-2510cc07ea6e",NA,NA,1975,"1/11/1976","34bd3d6c-3960-11ef-af2a-2906cc9fb6bc","away","SC Phönix Essen 1920","TuS 05 Wellinghofen",16,14,TRUE,0,NA,NA,0,0,0,NA,0,0,0,0,0,0,NA,NA,NA,NA,NA,NA,NA,NA,0,0,0,0,NA,NA,NA,NA,NA
"Heinz Oberscheidt","a5ae94f2-3955-11ef-91fc-2510cc07ea6e",NA,NA,1975,"1/11/1976","34bd3d6c-3960-11ef-af2a-2906cc9fb6bc","away","SC Phönix Essen 1920","TuS 05 Wellinghofen",16,14,TRUE,7,NA,NA,0,0,0,NA,0,0,0,0,0,0,NA,NA,NA,NA,NA,NA,NA,NA,0,0,0,0,NA,NA,NA,NA,NA
"Ingo Callies","b0b0659b-3955-11ef-87aa-a36230ada079",NA,NA,1975,"1/11/1976","34bd3d6c-3960-11ef-af2a-2906cc9fb6bc","away","SC Phönix Essen 1920","TuS 05 Wellinghofen",16,14,TRUE,2,NA,NA,0,0,0,NA,0,0,0,0,0,0,NA,NA,NA,NA,NA,NA,NA,NA,0,0,0,0,NA,NA,NA,NA,NA
"Peter Forker","b0b50ef2-3955-11ef-964f-a36230ada079",NA,NA,1975,"1/11/1976","34bd3d6c-3960-11ef-af2a-2906cc9fb6bc","away","SC Phönix Essen 1920","TuS 05 Wellinghofen",16,14,TRUE,0,NA,NA,0,0,0,NA,0,0,0,0,0,0,NA,NA,NA,NA,NA,NA,NA,NA,0,0,0,0,NA,NA,NA,NA,NA
"Emil Hauke","b0ba65f4-3955-11ef-9726-a36230ada079",NA,NA,1975,"1/11/1976","34bd3d6c-3960-11ef-af2a-2906cc9fb6bc","away","SC Phönix Essen 1920","TuS 05 Wellinghofen",16,14,TRUE,0,NA,NA,0,0,0,NA,0,0,0,0,0,0,NA,NA,NA,NA,NA,NA,NA,NA,0,0,0,0,NA,NA,NA,NA,NA
"Rüdiger Hillebrand","b0c11a9c-3955-11ef-bf0d-a36230ada079",NA,NA,1975,"1/11/1976","34bd3d6c-3960-11ef-af2a-2906cc9fb6bc","away","SC Phönix Essen 1920","TuS 05 Wellinghofen",16,14,TRUE,0,NA,NA,0,0,0,NA,0,0,0,0,0,0,NA,NA,NA,NA,NA,NA,NA,NA,0,0,0,0,NA,NA,NA,NA,NA
"Esad Kurtagić","39c727cf-3955-11ef-82fa-bfbfc9e17c09",NA,NA,1975,"1/14/1976","30b294d8-3960-11ef-b0f4-2906cc9fb6bc","home","TuS Derschlag 1881","VfL Gummersbach",15,14,TRUE,2,NA,NA,0,0,0,NA,0,0,0,0,0,0,NA,NA,NA,NA,NA,NA,NA,NA,0,0,0,0,NA,NA,NA,NA,NA
"Spasoje Skerčević","50b681d8-3955-11ef-b6e8-6d38c0425bc0",NA,NA,1975,"1/14/1976","30b294d8-3960-11ef-b0f4-2906cc9fb6bc","home","TuS Derschlag 1881","VfL Gummersbach",15,14,TRUE,1,NA,NA,0,0,0,NA,0,0,0,0,0,0,NA,NA,NA,NA,NA,NA,NA,NA,0,0,0,0,NA,NA,NA,NA,NA
"Klaus Brand","51394441-3955-11ef-8fab-6d38c0425bc0",NA,NA,1975,"1/14/1976","30b294d8-3960-11ef-b0f4-2906cc9fb6bc","home","TuS Derschlag 1881","VfL Gummersbach",15,14,TRUE,0,NA,NA,0,0,0,NA,0,0,0,0,0,0,NA,NA,NA,NA,NA,NA,NA,NA,0,0,0,0,NA,NA,NA,NA,NA
"Ullrich Pohl","8c524587-3955-11ef-96af-81dc40648355",NA,NA,1975,"1/14/1976","30b294d8-3960-11ef-b0f4-2906cc9fb6bc","home","TuS Derschlag 1881","VfL Gummersbach",15,14,TRUE,1,NA,NA,0,0,0,NA,0,0,0,0,0,0,NA,NA,NA,NA,NA,NA,NA,NA,0,0,0,0,NA,NA,NA,NA,NA
"Đorđe Lavrnić","9674e86d-3955-11ef-8ae9-292be3190b7b",NA,NA,1975,"1/14/1976","30b294d8-3960-11ef-b0f4-2906cc9fb6bc","home","TuS Derschlag 1881","VfL Gummersbach",15,14,TRUE,2,NA,NA,0,0,0,NA,0,0,0,0,0,0,NA,NA,NA,NA,NA,NA,NA,NA,0,0,0,0,NA,NA,NA,NA,NA
"Peter Lindeskoog","a2a66799-3955-11ef-bd00-2510cc07ea6e",NA,NA,1975,"1/14/1976","30b294d8-3960-11ef-b0f4-2906cc9fb6bc","home","TuS Derschlag 1881","VfL Gummersbach",15,14,TRUE,0,NA,NA,0,0,0,NA,0,0,0,0,0,0,NA,NA,NA,NA,NA,NA,NA,NA,0,0,0,0,NA,NA,NA,NA,NA
"Ulrich Ufer","a2c8cfa8-3955-11ef-8510-2510cc07ea6e",NA,NA,1975,"1/14/1976","30b294d8-3960-11ef-b0f4-2906cc9fb6bc","home","TuS Derschlag 1881","VfL Gummersbach",15,14,TRUE,4,NA,NA,0,0,0,NA,0,0,0,0,0,0,NA,NA,NA,NA,NA,NA,NA,NA,0,0,0,0,NA,NA,NA,NA,NA
"Harald Ohrendorf","ae2b1f58-3955-11ef-baab-a36230ada079",NA,NA,1975,"1/14/1976","30b294d8-3960-11ef-b0f4-2906cc9fb6bc","home","TuS Derschlag 1881","VfL Gummersbach",15,14,TRUE,3,NA,NA,0,0,0,NA,0,0,0,0,0,0,NA,NA,NA,NA,NA,NA,NA,NA,0,0,0,0,NA,NA,NA,NA,NA
"Helmut Keller","ae2fb2ba-3955-11ef-b38f-a36230ada079",NA,NA,1975,"1/14/1976","30b294d8-3960-11ef-b0f4-2906cc9fb6bc","home","TuS Derschlag 1881","VfL Gummersbach",15,14,TRUE,2,NA,NA,0,0,0,NA,0,0,0,0,0,0,NA,NA,NA,NA,NA,NA,NA,NA,0,0,0,0,NA,NA,NA,NA,NA
"Heiner Brand","44e82d45-3955-11ef-bc71-4fa817cd91bb",NA,NA,1975,"1/14/1976","30b294d8-3960-11ef-b0f4-2906cc9fb6bc","away","VfL Gummersbach","TuS Derschlag 1881",14,15,FALSE,0,NA,NA,0,0,0,NA,0,0,0,0,0,0,NA,NA,NA,NA,NA,NA,NA,NA,0,0,0,0,NA,NA,NA,NA,NA
"Klaus Westebbe","8c58f63a-3955-11ef-b65e-81dc40648355",NA,NA,1975,"1/14/1976","30b294d8-3960-11ef-b0f4-2906cc9fb6bc","away","VfL Gummersbach","TuS Derschlag 1881",14,15,FALSE,2,NA,NA,0,0,0,NA,0,0,0,0,0,0,NA,NA,NA,NA,NA,NA,NA,NA,0,0,0,0,NA,NA,NA,NA,NA
"Klaus Schlagheck","97a06613-3955-11ef-8056-292be3190b7b",NA,NA,1975,"1/14/1976","30b294d8-3960-11ef-b0f4-2906cc9fb6bc","away","VfL Gummersbach","TuS Derschlag 1881",14,15,FALSE,1,NA,NA,0,0,0,NA,0,0,0,0,0,0,NA,NA,NA,NA,NA,NA,NA,NA,0,0,0,0,NA,NA,NA,NA,NA
"Joachim Deckarm","9976945f-3955-11ef-afc4-292be3190b7b",NA,NA,1975,"1/14/1976","30b294d8-3960-11ef-b0f4-2906cc9fb6bc","away","VfL Gummersbach","TuS Derschlag 1881",14,15,FALSE,3,NA,NA,0,0,0,NA,0,0,0,0,0,0,NA,NA,NA,NA,NA,NA,NA,NA,0,0,0,0,NA,NA,NA,NA,NA
"Jochen Feldhoff","a32751a5-3955-11ef-badf-2510cc07ea6e",NA,NA,1975,"1/14/1976","30b294d8-3960-11ef-b0f4-2906cc9fb6bc","away","VfL Gummersbach","TuS Derschlag 1881",14,15,FALSE,1,NA,NA,0,0,0,NA,0,0,0,0,0,0,NA,NA,NA,NA,NA,NA,NA,NA,0,0,0,0,NA,NA,NA,NA,NA
"Manfred Glodde","a32e0a86-3955-11ef-9caa-2510cc07ea6e",NA,NA,1975,"1/14/1976","30b294d8-3960-11ef-b0f4-2906cc9fb6bc","away","VfL Gummersbach","TuS Derschlag 1881",14,15,FALSE,0,NA,NA,0,0,0,NA,0,0,0,0,0,0,NA,NA,NA,NA,NA,NA,NA,NA,0,0,0,0,NA,NA,NA,NA,NA
"Joachim Henkels","a3386008-3955-11ef-810a-2510cc07ea6e",NA,NA,1975,"1/14/1976","30b294d8-3960-11ef-b0f4-2906cc9fb6bc","away","VfL Gummersbach","TuS Derschlag 1881",14,15,FALSE,0,NA,NA,0,0,0,NA,0,0,0,0,0,0,NA,NA,NA,NA,NA,NA,NA,NA,0,0,0,0,NA,NA,NA,NA,NA
"Karl-Heinz Nolde","a33d5c4a-3955-11ef-b577-2510cc07ea6e",NA,NA,1975,"1/14/1976","30b294d8-3960-11ef-b0f4-2906cc9fb6bc","away","VfL Gummersbach","TuS Derschlag 1881",14,15,FALSE,2,NA,NA,0,0,0,NA,0,0,0,0,0,0,NA,NA,NA,NA,NA,NA,NA,NA,0,0,0,0,NA,NA,NA,NA,NA
"Werner Lettgen","ae263c3c-3955-11ef-96f7-a36230ada079",NA,NA,1975,"1/14/1976","30b294d8-3960-11ef-b0f4-2906cc9fb6bc","away","VfL Gummersbach","TuS Derschlag 1881",14,15,FALSE,1,NA,NA,0,0,0,NA,0,0,0,0,0,0,NA,NA,NA,NA,NA,NA,NA,NA,0,0,0,0,NA,NA,NA,NA,NA
"Hans-Günther Schmidt","aff5702f-3955-11ef-9878-a36230ada079",NA,NA,1975,"1/14/1976","30b294d8-3960-11ef-b0f4-2906cc9fb6bc","away","VfL Gummersbach","TuS Derschlag 1881",14,15,FALSE,4,NA,NA,0,0,1,NA,0,0,0,0,0,0,NA,NA,NA,NA,NA,NA,NA,NA,0,0,0,0,NA,NA,NA,NA,NA
"Heiner Brand","44e82d45-3955-11ef-bc71-4fa817cd91bb",NA,NA,1975,"1/16/1976","30c18f35-3960-11ef-b7d2-2906cc9fb6bc","home","VfL Gummersbach","THW Kiel",24,18,TRUE,3,NA,NA,0,0,0,NA,0,0,0,0,0,0,NA,NA,NA,NA,NA,NA,NA,NA,0,0,0,0,NA,NA,NA,NA,NA
"Reiner Schumacher","8aac0482-3955-11ef-9f92-81dc40648355",NA,NA,1975,"1/16/1976","30c18f35-3960-11ef-b7d2-2906cc9fb6bc","home","VfL Gummersbach","THW Kiel",24,18,TRUE,0,NA,NA,0,0,0,NA,0,0,0,0,0,0,NA,NA,NA,NA,NA,NA,NA,NA,0,0,0,0,NA,NA,NA,NA,NA
"Klaus Westebbe","8c58f63a-3955-11ef-b65e-81dc40648355",NA,NA,1975,"1/16/1976","30c18f35-3960-11ef-b7d2-2906cc9fb6bc","home","VfL Gummersbach","THW Kiel",24,18,TRUE,6,NA,NA,0,0,0,NA,0,0,0,0,0,0,NA,NA,NA,NA,NA,NA,NA,NA,0,0,0,0,NA,NA,NA,NA,NA
"Klaus Kater","8da1f6ef-3955-11ef-b31a-81dc40648355",NA,NA,1975,"1/16/1976","30c18f35-3960-11ef-b7d2-2906cc9fb6bc","home","VfL Gummersbach","THW Kiel",24,18,TRUE,0,NA,NA,0,0,0,NA,0,0,0,0,0,0,NA,NA,NA,NA,NA,NA,NA,NA,0,0,0,0,NA,NA,NA,NA,NA
"Klaus Schlagheck","97a06613-3955-11ef-8056-292be3190b7b",NA,NA,1975,"1/16/1976","30c18f35-3960-11ef-b7d2-2906cc9fb6bc","home","VfL Gummersbach","THW Kiel",24,18,TRUE,4,NA,NA,0,0,0,NA,0,0,0,0,0,0,NA,NA,NA,NA,NA,NA,NA,NA,0,0,0,0,NA,NA,NA,NA,NA
"Joachim Deckarm","9976945f-3955-11ef-afc4-292be3190b7b",NA,NA,1975,"1/16/1976","30c18f35-3960-11ef-b7d2-2906cc9fb6bc","home","VfL Gummersbach","THW Kiel",24,18,TRUE,6,NA,NA,0,0,2,NA,0,0,0,0,0,0,NA,NA,NA,NA,NA,NA,NA,NA,0,0,0,0,NA,NA,NA,NA,NA
"Jochen Feldhoff","a32751a5-3955-11ef-badf-2510cc07ea6e",NA,NA,1975,"1/16/1976","30c18f35-3960-11ef-b7d2-2906cc9fb6bc","home","VfL Gummersbach","THW Kiel",24,18,TRUE,3,NA,NA,0,0,0,NA,0,0,0,0,0,0,NA,NA,NA,NA,NA,NA,NA,NA,0,0,0,0,NA,NA,NA,NA,NA
"Manfred Glodde","a32e0a86-3955-11ef-9caa-2510cc07ea6e",NA,NA,1975,"1/16/1976","30c18f35-3960-11ef-b7d2-2906cc9fb6bc","home","VfL Gummersbach","THW Kiel",24,18,TRUE,0,NA,NA,0,0,0,NA,0,0,0,0,0,0,NA,NA,NA,NA,NA,NA,NA,NA,0,0,0,0,NA,NA,NA,NA,NA
"Joachim Henkels","a3386008-3955-11ef-810a-2510cc07ea6e",NA,NA,1975,"1/16/1976","30c18f35-3960-11ef-b7d2-2906cc9fb6bc","home","VfL Gummersbach","THW Kiel",24,18,TRUE,0,NA,NA,0,0,0,NA,0,0,0,0,0,0,NA,NA,NA,NA,NA,NA,NA,NA,0,0,0,0,NA,NA,NA,NA,NA
"Karl-Heinz Nolde","a33d5c4a-3955-11ef-b577-2510cc07ea6e",NA,NA,1975,"1/16/1976","30c18f35-3960-11ef-b7d2-2906cc9fb6bc","home","VfL Gummersbach","THW Kiel",24,18,TRUE,0,NA,NA,0,0,0,NA,0,0,0,0,0,0,NA,NA,NA,NA,NA,NA,NA,NA,0,0,0,0,NA,NA,NA,NA,NA
"Werner Lettgen","ae263c3c-3955-11ef-96f7-a36230ada079",NA,NA,1975,"1/16/1976","30c18f35-3960-11ef-b7d2-2906cc9fb6bc","home","VfL Gummersbach","THW Kiel",24,18,TRUE,0,NA,NA,0,0,0,NA,0,0,0,0,0,0,NA,NA,NA,NA,NA,NA,NA,NA,0,0,0,0,NA,NA,NA,NA,NA
"Hans-Günther Schmidt","aff5702f-3955-11ef-9878-a36230ada079",NA,NA,1975,"1/16/1976","30c18f35-3960-11ef-b7d2-2906cc9fb6bc","home","VfL Gummersbach","THW Kiel",24,18,TRUE,2,NA,NA,0,0,0,NA,0,0,0,0,0,0,NA,NA,NA,NA,NA,NA,NA,NA,0,0,0,0,NA,NA,NA,NA,NA
"Holger Oertel","685d8d1c-3955-11ef-86af-292be3190b7b",NA,NA,1975,"1/16/1976","30c18f35-3960-11ef-b7d2-2906cc9fb6bc","away","THW Kiel","VfL Gummersbach",18,24,FALSE,0,NA,NA,0,0,0,NA,0,0,0,0,0,0,NA,NA,NA,NA,NA,NA,NA,NA,0,0,0,0,NA,NA,NA,NA,NA
"Roland Hänsch","981d8549-3955-11ef-a2ca-292be3190b7b",NA,NA,1975,"1/16/1976","30c18f35-3960-11ef-b7d2-2906cc9fb6bc","away","THW Kiel","VfL Gummersbach",18,24,FALSE,1,NA,NA,0,0,0,NA,0,0,0,0,0,0,NA,NA,NA,NA,NA,NA,NA,NA,0,0,0,0,NA,NA,NA,NA,NA
"Gerd Welz","98273a90-3955-11ef-a3a2-292be3190b7b",NA,NA,1975,"1/16/1976","30c18f35-3960-11ef-b7d2-2906cc9fb6bc","away","THW Kiel","VfL Gummersbach",18,24,FALSE,7,NA,NA,0,0,3,NA,0,0,0,0,0,0,NA,NA,NA,NA,NA,NA,NA,NA,0,0,0,0,NA,NA,NA,NA,NA
"Hans-Lothar Bock","9991bda0-3955-11ef-a6c6-292be3190b7b",NA,NA,1975,"1/16/1976","30c18f35-3960-11ef-b7d2-2906cc9fb6bc","away","THW Kiel","VfL Gummersbach",18,24,FALSE,1,NA,NA,0,0,0,NA,0,0,0,0,0,0,NA,NA,NA,NA,NA,NA,NA,NA,0,0,0,0,NA,NA,NA,NA,NA
"Volker Harbs","9995a6f3-3955-11ef-b74f-292be3190b7b",NA,NA,1975,"1/16/1976","30c18f35-3960-11ef-b7d2-2906cc9fb6bc","away","THW Kiel","VfL Gummersbach",18,24,FALSE,0,NA,NA,0,0,0,NA,0,0,0,0,0,0,NA,NA,NA,NA,NA,NA,NA,NA,0,0,0,0,NA,NA,NA,NA,NA
"Dieter Krause","99996b47-3955-11ef-a9c9-292be3190b7b",NA,NA,1975,"1/16/1976","30c18f35-3960-11ef-b7d2-2906cc9fb6bc","away","THW Kiel","VfL Gummersbach",18,24,FALSE,2,NA,NA,0,0,0,NA,0,0,0,0,0,0,NA,NA,NA,NA,NA,NA,NA,NA,0,0,0,0,NA,NA,NA,NA,NA
"Wolfgang Stolz","999eb14b-3955-11ef-bbce-292be3190b7b",NA,NA,1975,"1/16/1976","30c18f35-3960-11ef-b7d2-2906cc9fb6bc","away","THW Kiel","VfL Gummersbach",18,24,FALSE,2,NA,NA,0,0,0,NA,0,0,0,0,0,0,NA,NA,NA,NA,NA,NA,NA,NA,0,0,0,0,NA,NA,NA,NA,NA
"Holger Aissen","a3fb7482-3955-11ef-858d-2510cc07ea6e",NA,NA,1975,"1/16/1976","30c18f35-3960-11ef-b7d2-2906cc9fb6bc","away","THW Kiel","VfL Gummersbach",18,24,FALSE,0,NA,NA,0,0,0,NA,0,0,0,0,0,0,NA,NA,NA,NA,NA,NA,NA,NA,0,0,0,0,NA,NA,NA,NA,NA
"Ingo Voß","ae396fa6-3955-11ef-acb0-a36230ada079",NA,NA,1975,"1/16/1976","30c18f35-3960-11ef-b7d2-2906cc9fb6bc","away","THW Kiel","VfL Gummersbach",18,24,FALSE,2,NA,NA,0,0,0,NA,0,0,0,0,0,0,NA,NA,NA,NA,NA,NA,NA,NA,0,0,0,0,NA,NA,NA,NA,NA
"Frank Requate","ae434759-3955-11ef-8758-a36230ada079",NA,NA,1975,"1/16/1976","30c18f35-3960-11ef-b7d2-2906cc9fb6bc","away","THW Kiel","VfL Gummersbach",18,24,FALSE,0,NA,NA,0,0,0,NA,0,0,0,0,0,0,NA,NA,NA,NA,NA,NA,NA,NA,0,0,0,0,NA,NA,NA,NA,NA
"Bernd Nielsen","b1480d2c-3955-11ef-8563-a36230ada079",NA,NA,1975,"1/16/1976","30c18f35-3960-11ef-b7d2-2906cc9fb6bc","away","THW Kiel","VfL Gummersbach",18,24,FALSE,2,NA,NA,0,0,0,NA,0,0,0,0,0,0,NA,NA,NA,NA,NA,NA,NA,NA,0,0,0,0,NA,NA,NA,NA,NA
"Hartwig Moll","b14ce7d8-3955-11ef-8cb5-a36230ada079",NA,NA,1975,"1/16/1976","30c18f35-3960-11ef-b7d2-2906cc9fb6bc","away","THW Kiel","VfL Gummersbach",18,24,FALSE,1,NA,NA,0,0,0,NA,0,0,0,0,0,0,NA,NA,NA,NA,NA,NA,NA,NA,0,0,0,0,NA,NA,NA,NA,NA
"Dieter Bartke","4fa6f4fc-3955-11ef-9f16-6d38c0425bc0",NA,NA,1975,"1/16/1976","332b6cb5-3960-11ef-9c4d-2906cc9fb6bc","home","SC Phönix Essen 1920","Hamburger SV",17,14,TRUE,0,NA,NA,0,0,0,NA,0,0,0,0,0,0,NA,NA,NA,NA,NA,NA,NA,NA,0,0,0,0,NA,NA,NA,NA,NA
"Burkhard Windorf","8b6a317b-3955-11ef-84ca-81dc40648355",NA,NA,1975,"1/16/1976","332b6cb5-3960-11ef-9c4d-2906cc9fb6bc","home","SC Phönix Essen 1920","Hamburger SV",17,14,TRUE,1,NA,NA,0,0,0,NA,0,0,0,0,0,0,NA,NA,NA,NA,NA,NA,NA,NA,0,0,0,0,NA,NA,NA,NA,NA
"Peter Kleibrink","a1d4c58c-3955-11ef-9cce-2510cc07ea6e",NA,NA,1975,"1/16/1976","332b6cb5-3960-11ef-9c4d-2906cc9fb6bc","home","SC Phönix Essen 1920","Hamburger SV",17,14,TRUE,2,NA,NA,0,0,0,NA,0,0,0,0,0,0,NA,NA,NA,NA,NA,NA,NA,NA,0,0,0,0,NA,NA,NA,NA,NA
"Peter Bützer","a4cb5a85-3955-11ef-989d-2510cc07ea6e",NA,NA,1975,"1/16/1976","332b6cb5-3960-11ef-9c4d-2906cc9fb6bc","home","SC Phönix Essen 1920","Hamburger SV",17,14,TRUE,2,NA,NA,0,0,0,NA,0,0,0,0,0,0,NA,NA,NA,NA,NA,NA,NA,NA,0,0,0,0,NA,NA,NA,NA,NA
"Carsten Matuszak","a59daa13-3955-11ef-9206-2510cc07ea6e",NA,NA,1975,"1/16/1976","332b6cb5-3960-11ef-9c4d-2906cc9fb6bc","home","SC Phönix Essen 1920","Hamburger SV",17,14,TRUE,6,NA,NA,0,0,5,NA,0,0,0,0,0,0,NA,NA,NA,NA,NA,NA,NA,NA,0,0,0,0,NA,NA,NA,NA,NA
"Wilhelm Heidkamp","a5a2ef02-3955-11ef-9852-2510cc07ea6e",NA,NA,1975,"1/16/1976","332b6cb5-3960-11ef-9c4d-2906cc9fb6bc","home","SC Phönix Essen 1920","Hamburger SV",17,14,TRUE,1,NA,NA,0,0,0,NA,0,0,0,0,0,0,NA,NA,NA,NA,NA,NA,NA,NA,0,0,0,0,NA,NA,NA,NA,NA
"Heinz Oberscheidt","a5ae94f2-3955-11ef-91fc-2510cc07ea6e",NA,NA,1975,"1/16/1976","332b6cb5-3960-11ef-9c4d-2906cc9fb6bc","home","SC Phönix Essen 1920","Hamburger SV",17,14,TRUE,5,NA,NA,0,0,0,NA,0,0,0,0,0,0,NA,NA,NA,NA,NA,NA,NA,NA,0,0,0,0,NA,NA,NA,NA,NA
"Ingo Callies","b0b0659b-3955-11ef-87aa-a36230ada079",NA,NA,1975,"1/16/1976","332b6cb5-3960-11ef-9c4d-2906cc9fb6bc","home","SC Phönix Essen 1920","Hamburger SV",17,14,TRUE,0,NA,NA,0,0,0,NA,0,0,0,0,0,0,NA,NA,NA,NA,NA,NA,NA,NA,0,0,0,0,NA,NA,NA,NA,NA
"Peter Forker","b0b50ef2-3955-11ef-964f-a36230ada079",NA,NA,1975,"1/16/1976","332b6cb5-3960-11ef-9c4d-2906cc9fb6bc","home","SC Phönix Essen 1920","Hamburger SV",17,14,TRUE,0,NA,NA,0,0,0,NA,0,0,0,0,0,0,NA,NA,NA,NA,NA,NA,NA,NA,0,0,0,0,NA,NA,NA,NA,NA
"Emil Hauke","b0ba65f4-3955-11ef-9726-a36230ada079",NA,NA,1975,"1/16/1976","332b6cb5-3960-11ef-9c4d-2906cc9fb6bc","home","SC Phönix Essen 1920","Hamburger SV",17,14,TRUE,0,NA,NA,0,0,0,NA,0,0,0,0,0,0,NA,NA,NA,NA,NA,NA,NA,NA,0,0,0,0,NA,NA,NA,NA,NA
"Rüdiger Hillebrand","b0c11a9c-3955-11ef-bf0d-a36230ada079",NA,NA,1975,"1/16/1976","332b6cb5-3960-11ef-9c4d-2906cc9fb6bc","home","SC Phönix Essen 1920","Hamburger SV",17,14,TRUE,0,NA,NA,0,0,0,NA,0,0,0,0,0,0,NA,NA,NA,NA,NA,NA,NA,NA,0,0,0,0,NA,NA,NA,NA,NA
"Peter Pickel","8c973b42-3955-11ef-8c71-81dc40648355",NA,NA,1975,"1/16/1976","332b6cb5-3960-11ef-9c4d-2906cc9fb6bc","away","Hamburger SV","SC Phönix Essen 1920",14,17,FALSE,8,NA,NA,0,0,3,NA,0,0,0,0,0,0,NA,NA,NA,NA,NA,NA,NA,NA,0,0,0,0,NA,NA,NA,NA,NA
"Frank Lorenz","a32036d1-3955-11ef-bfe5-2510cc07ea6e",NA,NA,1975,"1/16/1976","332b6cb5-3960-11ef-9c4d-2906cc9fb6bc","away","Hamburger SV","SC Phönix Essen 1920",14,17,FALSE,0,NA,NA,0,0,0,NA,0,0,0,0,0,0,NA,NA,NA,NA,NA,NA,NA,NA,0,0,0,0,NA,NA,NA,NA,NA
"Hans-Jürgen Bode","b011e6da-3955-11ef-8205-a36230ada079",NA,NA,1975,"1/16/1976","332b6cb5-3960-11ef-9c4d-2906cc9fb6bc","away","Hamburger SV","SC Phönix Essen 1920",14,17,FALSE,0,NA,NA,0,0,0,NA,0,0,0,0,0,0,NA,NA,NA,NA,NA,NA,NA,NA,0,0,0,0,NA,NA,NA,NA,NA
"Holger Nitschke","b01a8950-3955-11ef-a243-a36230ada079",NA,NA,1975,"1/16/1976","332b6cb5-3960-11ef-9c4d-2906cc9fb6bc","away","Hamburger SV","SC Phönix Essen 1920",14,17,FALSE,0,NA,NA,0,0,0,NA,0,0,0,0,0,0,NA,NA,NA,NA,NA,NA,NA,NA,0,0,0,0,NA,NA,NA,NA,NA
"Ralph Mathies","b023b170-3955-11ef-87a6-a36230ada079",NA,NA,1975,"1/16/1976","332b6cb5-3960-11ef-9c4d-2906cc9fb6bc","away","Hamburger SV","SC Phönix Essen 1920",14,17,FALSE,0,NA,NA,0,0,0,NA,0,0,0,0,0,0,NA,NA,NA,NA,NA,NA,NA,NA,0,0,0,0,NA,NA,NA,NA,NA
"Jens Ivers","b02f4aea-3955-11ef-801e-a36230ada079",NA,NA,1975,"1/16/1976","332b6cb5-3960-11ef-9c4d-2906cc9fb6bc","away","Hamburger SV","SC Phönix Essen 1920",14,17,FALSE,2,NA,NA,0,0,0,NA,0,0,0,0,0,0,NA,NA,NA,NA,NA,NA,NA,NA,0,0,0,0,NA,NA,NA,NA,NA
"Hans-Joachim Beißel","b0341bcb-3955-11ef-9e08-a36230ada079",NA,NA,1975,"1/16/1976","332b6cb5-3960-11ef-9c4d-2906cc9fb6bc","away","Hamburger SV","SC Phönix Essen 1920",14,17,FALSE,0,NA,NA,0,0,0,NA,0,0,0,0,0,0,NA,NA,NA,NA,NA,NA,NA,NA,0,0,0,0,NA,NA,NA,NA,NA
"Klaus Porepp","b0396b18-3955-11ef-b5cf-a36230ada079",NA,NA,1975,"1/16/1976","332b6cb5-3960-11ef-9c4d-2906cc9fb6bc","away","Hamburger SV","SC Phönix Essen 1920",14,17,FALSE,0,NA,NA,0,0,0,NA,0,0,0,0,0,0,NA,NA,NA,NA,NA,NA,NA,NA,0,0,0,0,NA,NA,NA,NA,NA
"Norbert Germer","b03f8101-3955-11ef-8945-a36230ada079",NA,NA,1975,"1/16/1976","332b6cb5-3960-11ef-9c4d-2906cc9fb6bc","away","Hamburger SV","SC Phönix Essen 1920",14,17,FALSE,2,NA,NA,0,0,0,NA,0,0,0,0,0,0,NA,NA,NA,NA,NA,NA,NA,NA,0,0,0,0,NA,NA,NA,NA,NA
"Bernd Eppler","b0442222-3955-11ef-841b-a36230ada079",NA,NA,1975,"1/16/1976","332b6cb5-3960-11ef-9c4d-2906cc9fb6bc","away","Hamburger SV","SC Phönix Essen 1920",14,17,FALSE,0,NA,NA,0,0,0,NA,0,0,0,0,0,0,NA,NA,NA,NA,NA,NA,NA,NA,0,0,0,0,NA,NA,NA,NA,NA
"Uwe Tesloff","b049ae56-3955-11ef-a5f7-a36230ada079",NA,NA,1975,"1/16/1976","332b6cb5-3960-11ef-9c4d-2906cc9fb6bc","away","Hamburger SV","SC Phönix Essen 1920",14,17,FALSE,1,NA,NA,0,0,0,NA,0,0,0,0,0,0,NA,NA,NA,NA,NA,NA,NA,NA,0,0,0,0,NA,NA,NA,NA,NA
"Michael Surmann","b04e41f0-3955-11ef-8320-a36230ada079",NA,NA,1975,"1/16/1976","332b6cb5-3960-11ef-9c4d-2906cc9fb6bc","away","Hamburger SV","SC Phönix Essen 1920",14,17,FALSE,1,NA,NA,0,0,0,NA,0,0,0,0,0,0,NA,NA,NA,NA,NA,NA,NA,NA,0,0,0,0,NA,NA,NA,NA,NA
"Hans-Jürgen Grund","81694a24-3955-11ef-9a97-b908c60af10a",NA,NA,1975,"1/17/1976","32067e5f-3960-11ef-85f9-2906cc9fb6bc","home","GWD Minden","TuS 05 Wellinghofen",27,17,TRUE,3,NA,NA,0,0,1,NA,0,0,0,0,0,0,NA,NA,NA,NA,NA,NA,NA,NA,0,0,0,0,NA,NA,NA,NA,NA
"Axel Axelsson","8b29429f-3955-11ef-baf9-81dc40648355",NA,NA,1975,"1/17/1976","32067e5f-3960-11ef-85f9-2906cc9fb6bc","home","GWD Minden","TuS 05 Wellinghofen",27,17,TRUE,7,NA,NA,0,0,0,NA,0,0,0,0,0,0,NA,NA,NA,NA,NA,NA,NA,NA,0,0,0,0,NA,NA,NA,NA,NA
"Dieter Waltke","8bbe1a37-3955-11ef-a8ff-81dc40648355",NA,NA,1975,"1/17/1976","32067e5f-3960-11ef-85f9-2906cc9fb6bc","home","GWD Minden","TuS 05 Wellinghofen",27,17,TRUE,5,NA,NA,0,0,2,NA,0,0,0,0,0,0,NA,NA,NA,NA,NA,NA,NA,NA,0,0,0,0,NA,NA,NA,NA,NA
"Bernhard Busch","8dc9280f-3955-11ef-80e2-81dc40648355",NA,NA,1975,"1/17/1976","32067e5f-3960-11ef-85f9-2906cc9fb6bc","home","GWD Minden","TuS 05 Wellinghofen",27,17,TRUE,3,NA,NA,0,0,0,NA,0,0,0,0,0,0,NA,NA,NA,NA,NA,NA,NA,NA,0,0,0,0,NA,NA,NA,NA,NA
"Gerd Becker","96f1e245-3955-11ef-80bc-292be3190b7b",NA,NA,1975,"1/17/1976","32067e5f-3960-11ef-85f9-2906cc9fb6bc","home","GWD Minden","TuS 05 Wellinghofen",27,17,TRUE,2,NA,NA,0,0,0,NA,0,0,0,0,0,0,NA,NA,NA,NA,NA,NA,NA,NA,0,0,0,0,NA,NA,NA,NA,NA
"Walter von Oepen","97f2373d-3955-11ef-82ae-292be3190b7b",NA,NA,1975,"1/17/1976","32067e5f-3960-11ef-85f9-2906cc9fb6bc","home","GWD Minden","TuS 05 Wellinghofen",27,17,TRUE,0,NA,NA,0,0,0,NA,0,0,0,0,0,0,NA,NA,NA,NA,NA,NA,NA,NA,0,0,0,0,NA,NA,NA,NA,NA
"Martin Karcher","980f80ce-3955-11ef-8054-292be3190b7b",NA,NA,1975,"1/17/1976","32067e5f-3960-11ef-85f9-2906cc9fb6bc","home","GWD Minden","TuS 05 Wellinghofen",27,17,TRUE,0,NA,NA,0,0,0,NA,0,0,0,0,0,0,NA,NA,NA,NA,NA,NA,NA,NA,0,0,0,0,NA,NA,NA,NA,NA
"Ólafur Hlöðver Jónsson","98eb7177-3955-11ef-9bda-292be3190b7b",NA,NA,1975,"1/17/1976","32067e5f-3960-11ef-85f9-2906cc9fb6bc","home","GWD Minden","TuS 05 Wellinghofen",27,17,TRUE,2,NA,NA,0,0,0,NA,0,0,0,0,0,0,NA,NA,NA,NA,NA,NA,NA,NA,0,0,0,0,NA,NA,NA,NA,NA
"Hans Kramer","98f50290-3955-11ef-8aa8-292be3190b7b",NA,NA,1975,"1/17/1976","32067e5f-3960-11ef-85f9-2906cc9fb6bc","home","GWD Minden","TuS 05 Wellinghofen",27,17,TRUE,5,NA,NA,0,0,0,NA,0,0,0,0,0,0,NA,NA,NA,NA,NA,NA,NA,NA,0,0,0,0,NA,NA,NA,NA,NA
"Bernd Knuth","b006b967-3955-11ef-9f47-a36230ada079",NA,NA,1975,"1/17/1976","32067e5f-3960-11ef-85f9-2906cc9fb6bc","home","GWD Minden","TuS 05 Wellinghofen",27,17,TRUE,0,NA,NA,0,0,0,NA,0,0,0,0,0,0,NA,NA,NA,NA,NA,NA,NA,NA,0,0,0,0,NA,NA,NA,NA,NA
"Rudolf Rauer","6829713f-3955-11ef-9d88-292be3190b7b",NA,NA,1975,"1/17/1976","32067e5f-3960-11ef-85f9-2906cc9fb6bc","away","TuS 05 Wellinghofen","GWD Minden",17,27,FALSE,0,NA,NA,0,0,0,NA,0,0,0,0,0,0,NA,NA,NA,NA,NA,NA,NA,NA,0,0,0,0,NA,NA,NA,NA,NA
"Karl-Heinz Schulz","72847241-3955-11ef-8bd4-51fdf2a82730",NA,NA,1975,"1/17/1976","32067e5f-3960-11ef-85f9-2906cc9fb6bc","away","TuS 05 Wellinghofen","GWD Minden",17,27,FALSE,1,NA,NA,0,0,0,NA,0,0,0,0,0,0,NA,NA,NA,NA,NA,NA,NA,NA,0,0,0,0,NA,NA,NA,NA,NA
"Hans-Peter Neuhaus","8d9d3887-3955-11ef-80a3-81dc40648355",NA,NA,1975,"1/17/1976","32067e5f-3960-11ef-85f9-2906cc9fb6bc","away","TuS 05 Wellinghofen","GWD Minden",17,27,FALSE,1,NA,NA,0,0,0,NA,0,0,0,0,0,0,NA,NA,NA,NA,NA,NA,NA,NA,0,0,0,0,NA,NA,NA,NA,NA
"Waldemar Kosiol","a4f04c57-3955-11ef-8550-2510cc07ea6e",NA,NA,1975,"1/17/1976","32067e5f-3960-11ef-85f9-2906cc9fb6bc","away","TuS 05 Wellinghofen","GWD Minden",17,27,FALSE,0,NA,NA,0,0,0,NA,0,0,0,0,0,0,NA,NA,NA,NA,NA,NA,NA,NA,0,0,0,0,NA,NA,NA,NA,NA
"Klaus Erwe","a4f54a19-3955-11ef-b48a-2510cc07ea6e",NA,NA,1975,"1/17/1976","32067e5f-3960-11ef-85f9-2906cc9fb6bc","away","TuS 05 Wellinghofen","GWD Minden",17,27,FALSE,0,NA,NA,0,0,0,NA,0,0,0,0,0,0,NA,NA,NA,NA,NA,NA,NA,NA,0,0,0,0,NA,NA,NA,NA,NA
"Harald Zapler","a502f6b3-3955-11ef-a0c2-2510cc07ea6e",NA,NA,1975,"1/17/1976","32067e5f-3960-11ef-85f9-2906cc9fb6bc","away","TuS 05 Wellinghofen","GWD Minden",17,27,FALSE,2,NA,NA,0,0,0,NA,0,0,0,0,0,0,NA,NA,NA,NA,NA,NA,NA,NA,0,0,0,0,NA,NA,NA,NA,NA
"Wilfried Rettig","a517a588-3955-11ef-a8d7-2510cc07ea6e",NA,NA,1975,"1/17/1976","32067e5f-3960-11ef-85f9-2906cc9fb6bc","away","TuS 05 Wellinghofen","GWD Minden",17,27,FALSE,7,NA,NA,0,0,3,NA,0,0,0,0,0,0,NA,NA,NA,NA,NA,NA,NA,NA,0,0,0,0,NA,NA,NA,NA,NA
"Winfried Gabel","a521dedb-3955-11ef-a3bd-2510cc07ea6e",NA,NA,1975,"1/17/1976","32067e5f-3960-11ef-85f9-2906cc9fb6bc","away","TuS 05 Wellinghofen","GWD Minden",17,27,FALSE,1,NA,NA,0,0,0,NA,0,0,0,0,0,0,NA,NA,NA,NA,NA,NA,NA,NA,0,0,0,0,NA,NA,NA,NA,NA
"Klaus Happe","a527494a-3955-11ef-a4fa-2510cc07ea6e",NA,NA,1975,"1/17/1976","32067e5f-3960-11ef-85f9-2906cc9fb6bc","away","TuS 05 Wellinghofen","GWD Minden",17,27,FALSE,2,NA,NA,0,0,0,NA,0,0,0,0,0,0,NA,NA,NA,NA,NA,NA,NA,NA,0,0,0,0,NA,NA,NA,NA,NA
"Klaus Tiews","a531838f-3955-11ef-8e99-2510cc07ea6e",NA,NA,1975,"1/17/1976","32067e5f-3960-11ef-85f9-2906cc9fb6bc","away","TuS 05 Wellinghofen","GWD Minden",17,27,FALSE,0,NA,NA,0,0,0,NA,0,0,0,0,0,0,NA,NA,NA,NA,NA,NA,NA,NA,0,0,0,0,NA,NA,NA,NA,NA
"Ulrich Staege","b05c5beb-3955-11ef-a7d6-a36230ada079",NA,NA,1975,"1/17/1976","32067e5f-3960-11ef-85f9-2906cc9fb6bc","away","TuS 05 Wellinghofen","GWD Minden",17,27,FALSE,2,NA,NA,0,0,0,NA,0,0,0,0,0,0,NA,NA,NA,NA,NA,NA,NA,NA,0,0,0,0,NA,NA,NA,NA,NA
"Herbert Rogge","b06614d7-3955-11ef-a43b-a36230ada079",NA,NA,1975,"1/17/1976","32067e5f-3960-11ef-85f9-2906cc9fb6bc","away","TuS 05 Wellinghofen","GWD Minden",17,27,FALSE,1,NA,NA,0,0,0,NA,0,0,0,0,0,0,NA,NA,NA,NA,NA,NA,NA,NA,0,0,0,0,NA,NA,NA,NA,NA
"Hans-Dieter Schmitz","51093bea-3955-11ef-bc25-6d38c0425bc0",NA,NA,1975,"1/17/1976","358b72cf-3960-11ef-8d8f-2906cc9fb6bc","home","OSC 04 Rheinhausen","TSV Altenholz",24,17,TRUE,2,NA,NA,0,0,0,NA,0,0,0,0,0,0,NA,NA,NA,NA,NA,NA,NA,NA,0,0,0,0,NA,NA,NA,NA,NA
"Reinhard Heusen van der","7142d419-3955-11ef-8654-51fdf2a82730",NA,NA,1975,"1/17/1976","358b72cf-3960-11ef-8d8f-2906cc9fb6bc","home","OSC 04 Rheinhausen","TSV Altenholz",24,17,TRUE,1,NA,NA,0,0,0,NA,0,0,0,0,0,0,NA,NA,NA,NA,NA,NA,NA,NA,0,0,0,0,NA,NA,NA,NA,NA
"Gerd Rosendahl","7501cfa1-3955-11ef-95a2-51fdf2a82730",NA,NA,1975,"1/17/1976","358b72cf-3960-11ef-8d8f-2906cc9fb6bc","home","OSC 04 Rheinhausen","TSV Altenholz",24,17,TRUE,1,NA,NA,0,0,0,NA,0,0,0,0,0,0,NA,NA,NA,NA,NA,NA,NA,NA,0,0,0,0,NA,NA,NA,NA,NA
"Harry Keller","7e4b9df1-3955-11ef-80fd-b908c60af10a",NA,NA,1975,"1/17/1976","358b72cf-3960-11ef-8d8f-2906cc9fb6bc","home","OSC 04 Rheinhausen","TSV Altenholz",24,17,TRUE,2,NA,NA,0,0,0,NA,0,0,0,0,0,0,NA,NA,NA,NA,NA,NA,NA,NA,0,0,0,0,NA,NA,NA,NA,NA
"Uwe Laaser","8157221e-3955-11ef-a944-b908c60af10a",NA,NA,1975,"1/17/1976","358b72cf-3960-11ef-8d8f-2906cc9fb6bc","home","OSC 04 Rheinhausen","TSV Altenholz",24,17,TRUE,4,NA,NA,0,0,0,NA,0,0,0,0,0,0,NA,NA,NA,NA,NA,NA,NA,NA,0,0,0,0,NA,NA,NA,NA,NA
"Jadranko Demirović","a1caaba8-3955-11ef-8081-2510cc07ea6e",NA,NA,1975,"1/17/1976","358b72cf-3960-11ef-8d8f-2906cc9fb6bc","home","OSC 04 Rheinhausen","TSV Altenholz",24,17,TRUE,5,NA,NA,0,0,3,NA,0,0,0,0,0,0,NA,NA,NA,NA,NA,NA,NA,NA,0,0,0,0,NA,NA,NA,NA,NA
"Norbert Meister","a610e086-3955-11ef-bf85-2510cc07ea6e",NA,NA,1975,"1/17/1976","358b72cf-3960-11ef-8d8f-2906cc9fb6bc","home","OSC 04 Rheinhausen","TSV Altenholz",24,17,TRUE,0,NA,NA,0,0,0,NA,0,0,0,0,0,0,NA,NA,NA,NA,NA,NA,NA,NA,0,0,0,0,NA,NA,NA,NA,NA
"Werner Herling","a61b6e80-3955-11ef-b2d4-2510cc07ea6e",NA,NA,1975,"1/17/1976","358b72cf-3960-11ef-8d8f-2906cc9fb6bc","home","OSC 04 Rheinhausen","TSV Altenholz",24,17,TRUE,0,NA,NA,0,0,0,NA,0,0,0,0,0,0,NA,NA,NA,NA,NA,NA,NA,NA,0,0,0,0,NA,NA,NA,NA,NA
"Burkhard Nagel","a6312ffa-3955-11ef-9438-2510cc07ea6e",NA,NA,1975,"1/17/1976","358b72cf-3960-11ef-8d8f-2906cc9fb6bc","home","OSC 04 Rheinhausen","TSV Altenholz",24,17,TRUE,9,NA,NA,0,0,0,NA,0,0,0,0,0,0,NA,NA,NA,NA,NA,NA,NA,NA,0,0,0,0,NA,NA,NA,NA,NA
"Olaf Berner","a4006ca4-3955-11ef-a034-2510cc07ea6e",NA,NA,1975,"1/17/1976","358b72cf-3960-11ef-8d8f-2906cc9fb6bc","away","TSV Altenholz","OSC 04 Rheinhausen",17,24,FALSE,5,NA,NA,0,0,3,NA,0,0,0,0,0,0,NA,NA,NA,NA,NA,NA,NA,NA,0,0,0,0,NA,NA,NA,NA,NA
"Peter Linke","b06a455b-3955-11ef-a47d-a36230ada079",NA,NA,1975,"1/17/1976","358b72cf-3960-11ef-8d8f-2906cc9fb6bc","away","TSV Altenholz","OSC 04 Rheinhausen",17,24,FALSE,0,NA,NA,0,0,0,NA,0,0,0,0,0,0,NA,NA,NA,NA,NA,NA,NA,NA,0,0,0,0,NA,NA,NA,NA,NA
"Peter Kurth","b06eb57c-3955-11ef-b9af-a36230ada079",NA,NA,1975,"1/17/1976","358b72cf-3960-11ef-8d8f-2906cc9fb6bc","away","TSV Altenholz","OSC 04 Rheinhausen",17,24,FALSE,0,NA,NA,0,0,0,NA,0,0,0,0,0,0,NA,NA,NA,NA,NA,NA,NA,NA,0,0,0,0,NA,NA,NA,NA,NA
"Peter Prehn","b073ee0a-3955-11ef-8404-a36230ada079",NA,NA,1975,"1/17/1976","358b72cf-3960-11ef-8d8f-2906cc9fb6bc","away","TSV Altenholz","OSC 04 Rheinhausen",17,24,FALSE,0,NA,NA,0,0,0,NA,0,0,0,0,0,0,NA,NA,NA,NA,NA,NA,NA,NA,0,0,0,0,NA,NA,NA,NA,NA
"Peter Werk","b0784d6e-3955-11ef-9a85-a36230ada079",NA,NA,1975,"1/17/1976","358b72cf-3960-11ef-8d8f-2906cc9fb6bc","away","TSV Altenholz","OSC 04 Rheinhausen",17,24,FALSE,4,NA,NA,0,0,0,NA,0,0,0,0,0,0,NA,NA,NA,NA,NA,NA,NA,NA,0,0,0,0,NA,NA,NA,NA,NA
"Hardmuth Groß","b07c9918-3955-11ef-a7b9-a36230ada079",NA,NA,1975,"1/17/1976","358b72cf-3960-11ef-8d8f-2906cc9fb6bc","away","TSV Altenholz","OSC 04 Rheinhausen",17,24,FALSE,3,NA,NA,0,0,0,NA,0,0,0,0,0,0,NA,NA,NA,NA,NA,NA,NA,NA,0,0,0,0,NA,NA,NA,NA,NA
"Peter Bortel","b085b129-3955-11ef-b6a0-a36230ada079",NA,NA,1975,"1/17/1976","358b72cf-3960-11ef-8d8f-2906cc9fb6bc","away","TSV Altenholz","OSC 04 Rheinhausen",17,24,FALSE,2,NA,NA,0,0,0,NA,0,0,0,0,0,0,NA,NA,NA,NA,NA,NA,NA,NA,0,0,0,0,NA,NA,NA,NA,NA
"Klaus Beckmann","b08ee1c0-3955-11ef-8689-a36230ada079",NA,NA,1975,"1/17/1976","358b72cf-3960-11ef-8d8f-2906cc9fb6bc","away","TSV Altenholz","OSC 04 Rheinhausen",17,24,FALSE,0,NA,NA,0,0,0,NA,0,0,0,0,0,0,NA,NA,NA,NA,NA,NA,NA,NA,0,0,0,0,NA,NA,NA,NA,NA
"Peter Dewitz","b093b5b1-3955-11ef-97ca-a36230ada079",NA,NA,1975,"1/17/1976","358b72cf-3960-11ef-8d8f-2906cc9fb6bc","away","TSV Altenholz","OSC 04 Rheinhausen",17,24,FALSE,1,NA,NA,0,0,0,NA,0,0,0,0,0,0,NA,NA,NA,NA,NA,NA,NA,NA,0,0,0,0,NA,NA,NA,NA,NA
"Klaus-Dieter Heiden","b09837ed-3955-11ef-99d8-a36230ada079",NA,NA,1975,"1/17/1976","358b72cf-3960-11ef-8d8f-2906cc9fb6bc","away","TSV Altenholz","OSC 04 Rheinhausen",17,24,FALSE,1,NA,NA,0,0,0,NA,0,0,0,0,0,0,NA,NA,NA,NA,NA,NA,NA,NA,0,0,0,0,NA,NA,NA,NA,NA
"Klaus-Peter Römer","b09cfa69-3955-11ef-b8eb-a36230ada079",NA,NA,1975,"1/17/1976","358b72cf-3960-11ef-8d8f-2906cc9fb6bc","away","TSV Altenholz","OSC 04 Rheinhausen",17,24,FALSE,1,NA,NA,0,0,0,NA,0,0,0,0,0,0,NA,NA,NA,NA,NA,NA,NA,NA,0,0,0,0,NA,NA,NA,NA,NA
"Manfred Schulz","b0a21333-3955-11ef-a679-a36230ada079",NA,NA,1975,"1/17/1976","358b72cf-3960-11ef-8d8f-2906cc9fb6bc","away","TSV Altenholz","OSC 04 Rheinhausen",17,24,FALSE,0,NA,NA,0,0,0,NA,0,0,0,0,0,0,NA,NA,NA,NA,NA,NA,NA,NA,0,0,0,0,NA,NA,NA,NA,NA
"Klaus-Peter Alwardt","800d39da-3955-11ef-bf47-b908c60af10a",NA,NA,1975,"1/17/1976","36b1fec0-3960-11ef-9dc1-2906cc9fb6bc","home","VfL Lübeck-Schwartau","TuS Derschlag 1881",13,13,FALSE,0,NA,NA,0,0,0,NA,0,0,0,0,0,0,NA,NA,NA,NA,NA,NA,NA,NA,0,0,0,0,NA,NA,NA,NA,NA
"Joachim Römer","b0dcb8e7-3955-11ef-83ab-a36230ada079",NA,NA,1975,"1/17/1976","36b1fec0-3960-11ef-9dc1-2906cc9fb6bc","home","VfL Lübeck-Schwartau","TuS Derschlag 1881",13,13,FALSE,3,NA,NA,0,0,0,NA,0,0,0,0,0,0,NA,NA,NA,NA,NA,NA,NA,NA,0,0,0,0,NA,NA,NA,NA,NA
"Peter Görtz","b0e9ae8f-3955-11ef-aa48-a36230ada079",NA,NA,1975,"1/17/1976","36b1fec0-3960-11ef-9dc1-2906cc9fb6bc","home","VfL Lübeck-Schwartau","TuS Derschlag 1881",13,13,FALSE,5,NA,NA,0,0,1,NA,0,0,0,0,0,0,NA,NA,NA,NA,NA,NA,NA,NA,0,0,0,0,NA,NA,NA,NA,NA
"Ulrich Kleinstoll","b0f37438-3955-11ef-84e6-a36230ada079",NA,NA,1975,"1/17/1976","36b1fec0-3960-11ef-9dc1-2906cc9fb6bc","home","VfL Lübeck-Schwartau","TuS Derschlag 1881",13,13,FALSE,1,NA,NA,0,0,0,NA,0,0,0,0,0,0,NA,NA,NA,NA,NA,NA,NA,NA,0,0,0,0,NA,NA,NA,NA,NA
"Thomas Kluth","b0f877c0-3955-11ef-a314-a36230ada079",NA,NA,1975,"1/17/1976","36b1fec0-3960-11ef-9dc1-2906cc9fb6bc","home","VfL Lübeck-Schwartau","TuS Derschlag 1881",13,13,FALSE,0,NA,NA,0,0,0,NA,0,0,0,0,0,0,NA,NA,NA,NA,NA,NA,NA,NA,0,0,0,0,NA,NA,NA,NA,NA
"Holger Rosenfeldt","b0fd53e2-3955-11ef-9f9a-a36230ada079",NA,NA,1975,"1/17/1976","36b1fec0-3960-11ef-9dc1-2906cc9fb6bc","home","VfL Lübeck-Schwartau","TuS Derschlag 1881",13,13,FALSE,1,NA,NA,0,0,0,NA,0,0,0,0,0,0,NA,NA,NA,NA,NA,NA,NA,NA,0,0,0,0,NA,NA,NA,NA,NA
"Karl Weiß","b106c2d8-3955-11ef-9358-a36230ada079",NA,NA,1975,"1/17/1976","36b1fec0-3960-11ef-9dc1-2906cc9fb6bc","home","VfL Lübeck-Schwartau","TuS Derschlag 1881",13,13,FALSE,3,NA,NA,0,0,0,NA,0,0,0,0,0,0,NA,NA,NA,NA,NA,NA,NA,NA,0,0,0,0,NA,NA,NA,NA,NA
"Siegfried Berg","b10d3ec3-3955-11ef-8a30-a36230ada079",NA,NA,1975,"1/17/1976","36b1fec0-3960-11ef-9dc1-2906cc9fb6bc","home","VfL Lübeck-Schwartau","TuS Derschlag 1881",13,13,FALSE,0,NA,NA,0,0,0,NA,0,0,0,0,0,0,NA,NA,NA,NA,NA,NA,NA,NA,0,0,0,0,NA,NA,NA,NA,NA
"Esad Kurtagić","39c727cf-3955-11ef-82fa-bfbfc9e17c09",NA,NA,1975,"1/17/1976","36b1fec0-3960-11ef-9dc1-2906cc9fb6bc","away","TuS Derschlag 1881","VfL Lübeck-Schwartau",13,13,FALSE,2,NA,NA,0,0,0,NA,0,0,0,0,0,0,NA,NA,NA,NA,NA,NA,NA,NA,0,0,0,0,NA,NA,NA,NA,NA
"Spasoje Skerčević","50b681d8-3955-11ef-b6e8-6d38c0425bc0",NA,NA,1975,"1/17/1976","36b1fec0-3960-11ef-9dc1-2906cc9fb6bc","away","TuS Derschlag 1881","VfL Lübeck-Schwartau",13,13,FALSE,4,NA,NA,0,0,0,NA,0,0,0,0,0,0,NA,NA,NA,NA,NA,NA,NA,NA,0,0,0,0,NA,NA,NA,NA,NA
"Klaus Brand","51394441-3955-11ef-8fab-6d38c0425bc0",NA,NA,1975,"1/17/1976","36b1fec0-3960-11ef-9dc1-2906cc9fb6bc","away","TuS Derschlag 1881","VfL Lübeck-Schwartau",13,13,FALSE,0,NA,NA,0,0,0,NA,0,0,0,0,0,0,NA,NA,NA,NA,NA,NA,NA,NA,0,0,0,0,NA,NA,NA,NA,NA
"Ullrich Pohl","8c524587-3955-11ef-96af-81dc40648355",NA,NA,1975,"1/17/1976","36b1fec0-3960-11ef-9dc1-2906cc9fb6bc","away","TuS Derschlag 1881","VfL Lübeck-Schwartau",13,13,FALSE,0,NA,NA,0,0,0,NA,0,0,0,0,0,0,NA,NA,NA,NA,NA,NA,NA,NA,0,0,0,0,NA,NA,NA,NA,NA
"Đorđe Lavrnić","9674e86d-3955-11ef-8ae9-292be3190b7b",NA,NA,1975,"1/17/1976","36b1fec0-3960-11ef-9dc1-2906cc9fb6bc","away","TuS Derschlag 1881","VfL Lübeck-Schwartau",13,13,FALSE,5,NA,NA,0,0,1,NA,0,0,0,0,0,0,NA,NA,NA,NA,NA,NA,NA,NA,0,0,0,0,NA,NA,NA,NA,NA
"Peter Lindeskoog","a2a66799-3955-11ef-bd00-2510cc07ea6e",NA,NA,1975,"1/17/1976","36b1fec0-3960-11ef-9dc1-2906cc9fb6bc","away","TuS Derschlag 1881","VfL Lübeck-Schwartau",13,13,FALSE,0,NA,NA,0,0,0,NA,0,0,0,0,0,0,NA,NA,NA,NA,NA,NA,NA,NA,0,0,0,0,NA,NA,NA,NA,NA
"Ulrich Ufer","a2c8cfa8-3955-11ef-8510-2510cc07ea6e",NA,NA,1975,"1/17/1976","36b1fec0-3960-11ef-9dc1-2906cc9fb6bc","away","TuS Derschlag 1881","VfL Lübeck-Schwartau",13,13,FALSE,2,NA,NA,0,0,0,NA,0,0,0,0,0,0,NA,NA,NA,NA,NA,NA,NA,NA,0,0,0,0,NA,NA,NA,NA,NA
"Harald Ohrendorf","ae2b1f58-3955-11ef-baab-a36230ada079",NA,NA,1975,"1/17/1976","36b1fec0-3960-11ef-9dc1-2906cc9fb6bc","away","TuS Derschlag 1881","VfL Lübeck-Schwartau",13,13,FALSE,0,NA,NA,0,0,0,NA,0,0,0,0,0,0,NA,NA,NA,NA,NA,NA,NA,NA,0,0,0,0,NA,NA,NA,NA,NA
"Helmut Keller","ae2fb2ba-3955-11ef-b38f-a36230ada079",NA,NA,1975,"1/17/1976","36b1fec0-3960-11ef-9dc1-2906cc9fb6bc","away","TuS Derschlag 1881","VfL Lübeck-Schwartau",13,13,FALSE,0,NA,NA,0,0,0,NA,0,0,0,0,0,0,NA,NA,NA,NA,NA,NA,NA,NA,0,0,0,0,NA,NA,NA,NA,NA
"Walter Don","73f54ad3-3955-11ef-b2c6-51fdf2a82730",NA,NA,1975,"1/17/1976","37fd0932-3960-11ef-a094-2906cc9fb6bc","home","TV 05/07 Hüttenberg","SG Dietzenbach",16,17,FALSE,5,NA,NA,0,0,5,NA,0,0,0,0,0,0,NA,NA,NA,NA,NA,NA,NA,NA,0,0,0,0,NA,NA,NA,NA,NA
"Harald Ohly","8048d89d-3955-11ef-a214-b908c60af10a",NA,NA,1975,"1/17/1976","37fd0932-3960-11ef-a094-2906cc9fb6bc","home","TV 05/07 Hüttenberg","SG Dietzenbach",16,17,FALSE,4,NA,NA,0,0,0,NA,0,0,0,0,0,0,NA,NA,NA,NA,NA,NA,NA,NA,0,0,0,0,NA,NA,NA,NA,NA
"Hans-Jürgen Völpel","80753eec-3955-11ef-bd2e-b908c60af10a",NA,NA,1975,"1/17/1976","37fd0932-3960-11ef-a094-2906cc9fb6bc","home","TV 05/07 Hüttenberg","SG Dietzenbach",16,17,FALSE,0,NA,NA,0,0,0,NA,0,0,0,0,0,0,NA,NA,NA,NA,NA,NA,NA,NA,0,0,0,0,NA,NA,NA,NA,NA
"Siegfried Weber","807d098c-3955-11ef-8827-b908c60af10a",NA,NA,1975,"1/17/1976","37fd0932-3960-11ef-a094-2906cc9fb6bc","home","TV 05/07 Hüttenberg","SG Dietzenbach",16,17,FALSE,3,NA,NA,0,0,0,NA,0,0,0,0,0,0,NA,NA,NA,NA,NA,NA,NA,NA,0,0,0,0,NA,NA,NA,NA,NA
"Horst Spengler","80adf446-3955-11ef-a1e6-b908c60af10a",NA,NA,1975,"1/17/1976","37fd0932-3960-11ef-a094-2906cc9fb6bc","home","TV 05/07 Hüttenberg","SG Dietzenbach",16,17,FALSE,2,NA,NA,0,0,0,NA,0,0,0,0,0,0,NA,NA,NA,NA,NA,NA,NA,NA,0,0,0,0,NA,NA,NA,NA,NA
"Klaus Meineke","8d0eefb2-3955-11ef-a068-81dc40648355",NA,NA,1975,"1/17/1976","37fd0932-3960-11ef-a094-2906cc9fb6bc","home","TV 05/07 Hüttenberg","SG Dietzenbach",16,17,FALSE,2,NA,NA,0,0,0,NA,0,0,0,0,0,0,NA,NA,NA,NA,NA,NA,NA,NA,0,0,0,0,NA,NA,NA,NA,NA
"Roland Stoy","96890f7d-3955-11ef-939e-292be3190b7b",NA,NA,1975,"1/17/1976","37fd0932-3960-11ef-a094-2906cc9fb6bc","home","TV 05/07 Hüttenberg","SG Dietzenbach",16,17,FALSE,0,NA,NA,0,0,0,NA,0,0,0,0,0,0,NA,NA,NA,NA,NA,NA,NA,NA,0,0,0,0,NA,NA,NA,NA,NA
"Stefan Schicketanz","a3d099d4-3955-11ef-90b6-2510cc07ea6e",NA,NA,1975,"1/17/1976","37fd0932-3960-11ef-a094-2906cc9fb6bc","home","TV 05/07 Hüttenberg","SG Dietzenbach",16,17,FALSE,0,NA,NA,0,0,0,NA,0,0,0,0,0,0,NA,NA,NA,NA,NA,NA,NA,NA,0,0,0,0,NA,NA,NA,NA,NA
"Udo Uebbing","ae4823ea-3955-11ef-93ce-a36230ada079",NA,NA,1975,"1/17/1976","37fd0932-3960-11ef-a094-2906cc9fb6bc","home","TV 05/07 Hüttenberg","SG Dietzenbach",16,17,FALSE,0,NA,NA,0,0,0,NA,0,0,0,0,0,0,NA,NA,NA,NA,NA,NA,NA,NA,0,0,0,0,NA,NA,NA,NA,NA
"Josef Mantz","b15c537d-3955-11ef-b17c-a36230ada079",NA,NA,1975,"1/17/1976","37fd0932-3960-11ef-a094-2906cc9fb6bc","home","TV 05/07 Hüttenberg","SG Dietzenbach",16,17,FALSE,0,NA,NA,0,0,0,NA,0,0,0,0,0,0,NA,NA,NA,NA,NA,NA,NA,NA,0,0,0,0,NA,NA,NA,NA,NA
"Claus Hormel","65a6e4d8-3955-11ef-84ee-292be3190b7b",NA,NA,1975,"1/17/1976","37fd0932-3960-11ef-a094-2906cc9fb6bc","away","SG Dietzenbach","TV 05/07 Hüttenberg",17,16,TRUE,4,NA,NA,0,0,0,NA,0,0,0,0,0,0,NA,NA,NA,NA,NA,NA,NA,NA,0,0,0,0,NA,NA,NA,NA,NA
"Dieter Schappert","808baa47-3955-11ef-b967-b908c60af10a",NA,NA,1975,"1/17/1976","37fd0932-3960-11ef-a094-2906cc9fb6bc","away","SG Dietzenbach","TV 05/07 Hüttenberg",17,16,TRUE,1,NA,NA,0,0,0,NA,0,0,0,0,0,0,NA,NA,NA,NA,NA,NA,NA,NA,0,0,0,0,NA,NA,NA,NA,NA
"Milan Krstić","8a85bfb0-3955-11ef-ac1d-81dc40648355",NA,NA,1975,"1/17/1976","37fd0932-3960-11ef-a094-2906cc9fb6bc","away","SG Dietzenbach","TV 05/07 Hüttenberg",17,16,TRUE,6,NA,NA,0,0,2,NA,0,0,0,0,0,0,NA,NA,NA,NA,NA,NA,NA,NA,0,0,0,0,NA,NA,NA,NA,NA
"Heinz-Walter Behne","8be65881-3955-11ef-8872-81dc40648355",NA,NA,1975,"1/17/1976","37fd0932-3960-11ef-a094-2906cc9fb6bc","away","SG Dietzenbach","TV 05/07 Hüttenberg",17,16,TRUE,0,NA,NA,0,0,0,NA,0,0,0,0,0,0,NA,NA,NA,NA,NA,NA,NA,NA,0,0,0,0,NA,NA,NA,NA,NA
"Herbert Wehnert","96e104db-3955-11ef-b58d-292be3190b7b",NA,NA,1975,"1/17/1976","37fd0932-3960-11ef-a094-2906cc9fb6bc","away","SG Dietzenbach","TV 05/07 Hüttenberg",17,16,TRUE,5,NA,NA,0,0,1,NA,0,0,0,0,0,0,NA,NA,NA,NA,NA,NA,NA,NA,0,0,0,0,NA,NA,NA,NA,NA
"Boris Kostić","982a9c45-3955-11ef-bf0d-292be3190b7b",NA,NA,1975,"1/17/1976","37fd0932-3960-11ef-a094-2906cc9fb6bc","away","SG Dietzenbach","TV 05/07 Hüttenberg",17,16,TRUE,0,NA,NA,0,0,0,NA,0,0,0,0,0,0,NA,NA,NA,NA,NA,NA,NA,NA,0,0,0,0,NA,NA,NA,NA,NA
"Otto Allies","af191a75-3955-11ef-8c7e-a36230ada079",NA,NA,1975,"1/17/1976","37fd0932-3960-11ef-a094-2906cc9fb6bc","away","SG Dietzenbach","TV 05/07 Hüttenberg",17,16,TRUE,0,NA,NA,0,0,0,NA,0,0,0,0,0,0,NA,NA,NA,NA,NA,NA,NA,NA,0,0,0,0,NA,NA,NA,NA,NA
"Klaus Budecker","af1ed2a9-3955-11ef-854d-a36230ada079",NA,NA,1975,"1/17/1976","37fd0932-3960-11ef-a094-2906cc9fb6bc","away","SG Dietzenbach","TV 05/07 Hüttenberg",17,16,TRUE,0,NA,NA,0,0,0,NA,0,0,0,0,0,0,NA,NA,NA,NA,NA,NA,NA,NA,0,0,0,0,NA,NA,NA,NA,NA
"Heinrich Baum","af2c6c48-3955-11ef-964a-a36230ada079",NA,NA,1975,"1/17/1976","37fd0932-3960-11ef-a094-2906cc9fb6bc","away","SG Dietzenbach","TV 05/07 Hüttenberg",17,16,TRUE,0,NA,NA,0,0,0,NA,0,0,0,0,0,0,NA,NA,NA,NA,NA,NA,NA,NA,0,0,0,0,NA,NA,NA,NA,NA
"Werner Fritzel","b1cdb47c-3955-11ef-8cfd-a36230ada079",NA,NA,1975,"1/17/1976","37fd0932-3960-11ef-a094-2906cc9fb6bc","away","SG Dietzenbach","TV 05/07 Hüttenberg",17,16,TRUE,0,NA,NA,0,0,0,NA,0,0,0,0,0,0,NA,NA,NA,NA,NA,NA,NA,NA,0,0,0,0,NA,NA,NA,NA,NA
"Klaus Rettig","b1d1aa4c-3955-11ef-baf9-a36230ada079",NA,NA,1975,"1/17/1976","37fd0932-3960-11ef-a094-2906cc9fb6bc","away","SG Dietzenbach","TV 05/07 Hüttenberg",17,16,TRUE,1,NA,NA,0,0,0,NA,0,0,0,0,0,0,NA,NA,NA,NA,NA,NA,NA,NA,0,0,0,0,NA,NA,NA,NA,NA
"Arno Ehret","39c2c361-3955-11ef-8c9d-bfbfc9e17c09",NA,NA,1975,"1/17/1976","3f0afb07-3960-11ef-b376-2906cc9fb6bc","home","TuS Hofweier","S3L Handball",18,10,TRUE,5,NA,NA,0,0,0,NA,0,0,0,0,0,0,NA,NA,NA,NA,NA,NA,NA,NA,0,0,0,0,NA,NA,NA,NA,NA
"Gerd Leibiger","7ed15d40-3955-11ef-a28c-b908c60af10a",NA,NA,1975,"1/17/1976","3f0afb07-3960-11ef-b376-2906cc9fb6bc","home","TuS Hofweier","S3L Handball",18,10,TRUE,2,NA,NA,0,0,0,NA,0,0,0,0,0,0,NA,NA,NA,NA,NA,NA,NA,NA,0,0,0,0,NA,NA,NA,NA,NA
"Peter Bucher","8e0071c9-3955-11ef-8ff8-81dc40648355",NA,NA,1975,"1/17/1976","3f0afb07-3960-11ef-b376-2906cc9fb6bc","home","TuS Hofweier","S3L Handball",18,10,TRUE,1,NA,NA,0,0,0,NA,0,0,0,0,0,0,NA,NA,NA,NA,NA,NA,NA,NA,0,0,0,0,NA,NA,NA,NA,NA
"Josef Schienle","8e1c1721-3955-11ef-9a54-81dc40648355",NA,NA,1975,"1/17/1976","3f0afb07-3960-11ef-b376-2906cc9fb6bc","home","TuS Hofweier","S3L Handball",18,10,TRUE,0,NA,NA,0,0,0,NA,0,0,0,0,0,0,NA,NA,NA,NA,NA,NA,NA,NA,0,0,0,0,NA,NA,NA,NA,NA
"Franz Bechler","98035d7e-3955-11ef-8b94-292be3190b7b",NA,NA,1975,"1/17/1976","3f0afb07-3960-11ef-b376-2906cc9fb6bc","home","TuS Hofweier","S3L Handball",18,10,TRUE,1,NA,NA,0,0,0,NA,0,0,0,0,0,0,NA,NA,NA,NA,NA,NA,NA,NA,0,0,0,0,NA,NA,NA,NA,NA
"Werner Voit","a3b992ef-3955-11ef-84c8-2510cc07ea6e",NA,NA,1975,"1/17/1976","3f0afb07-3960-11ef-b376-2906cc9fb6bc","home","TuS Hofweier","S3L Handball",18,10,TRUE,1,NA,NA,0,0,0,NA,0,0,0,0,0,0,NA,NA,NA,NA,NA,NA,NA,NA,0,0,0,0,NA,NA,NA,NA,NA
"Werner Decker","afcae313-3955-11ef-a9cf-a36230ada079",NA,NA,1975,"1/17/1976","3f0afb07-3960-11ef-b376-2906cc9fb6bc","home","TuS Hofweier","S3L Handball",18,10,TRUE,1,NA,NA,0,0,0,NA,0,0,0,0,0,0,NA,NA,NA,NA,NA,NA,NA,NA,0,0,0,0,NA,NA,NA,NA,NA
"Wilfried Göppert","afe18023-3955-11ef-8040-a36230ada079",NA,NA,1975,"1/17/1976","3f0afb07-3960-11ef-b376-2906cc9fb6bc","home","TuS Hofweier","S3L Handball",18,10,TRUE,3,NA,NA,0,0,0,NA,0,0,0,0,0,0,NA,NA,NA,NA,NA,NA,NA,NA,0,0,0,0,NA,NA,NA,NA,NA
"Markus Hädrich","ba389acc-3955-11ef-8b9d-ab397f561917",NA,NA,1975,"1/17/1976","3f0afb07-3960-11ef-b376-2906cc9fb6bc","home","TuS Hofweier","S3L Handball",18,10,TRUE,0,NA,NA,0,0,0,NA,0,0,0,0,0,0,NA,NA,NA,NA,NA,NA,NA,NA,0,0,0,0,NA,NA,NA,NA,NA
"Udo Klenk","8deb261a-3955-11ef-90c3-81dc40648355",NA,NA,1975,"1/17/1976","3f0afb07-3960-11ef-b376-2906cc9fb6bc","away","S3L Handball","TuS Hofweier",10,18,FALSE,2,NA,NA,0,0,0,NA,0,0,0,0,0,0,NA,NA,NA,NA,NA,NA,NA,NA,0,0,0,0,NA,NA,NA,NA,NA
"Georg Fitz","ae68320c-3955-11ef-89fa-a36230ada079",NA,NA,1975,"1/17/1976","3f0afb07-3960-11ef-b376-2906cc9fb6bc","away","S3L Handball","TuS Hofweier",10,18,FALSE,0,NA,NA,0,0,0,NA,0,0,0,0,0,0,NA,NA,NA,NA,NA,NA,NA,NA,0,0,0,0,NA,NA,NA,NA,NA
"Franz Rupp","ae6c7950-3955-11ef-87dd-a36230ada079",NA,NA,1975,"1/17/1976","3f0afb07-3960-11ef-b376-2906cc9fb6bc","away","S3L Handball","TuS Hofweier",10,18,FALSE,1,NA,NA,0,0,0,NA,0,0,0,0,0,0,NA,NA,NA,NA,NA,NA,NA,NA,0,0,0,0,NA,NA,NA,NA,NA
"Bernd Frühauf","ae71d80f-3955-11ef-a219-a36230ada079",NA,NA,1975,"1/17/1976","3f0afb07-3960-11ef-b376-2906cc9fb6bc","away","S3L Handball","TuS Hofweier",10,18,FALSE,3,NA,NA,0,0,0,NA,0,0,0,0,0,0,NA,NA,NA,NA,NA,NA,NA,NA,0,0,0,0,NA,NA,NA,NA,NA
"Wolfgang Sättele","ae76c01d-3955-11ef-bfb9-a36230ada079",NA,NA,1975,"1/17/1976","3f0afb07-3960-11ef-b376-2906cc9fb6bc","away","S3L Handball","TuS Hofweier",10,18,FALSE,1,NA,NA,0,0,0,NA,0,0,0,0,0,0,NA,NA,NA,NA,NA,NA,NA,NA,0,0,0,0,NA,NA,NA,NA,NA
"Joachim Hafemeister","ae7b4523-3955-11ef-b064-a36230ada079",NA,NA,1975,"1/17/1976","3f0afb07-3960-11ef-b376-2906cc9fb6bc","away","S3L Handball","TuS Hofweier",10,18,FALSE,0,NA,NA,0,0,0,NA,0,0,0,0,0,0,NA,NA,NA,NA,NA,NA,NA,NA,0,0,0,0,NA,NA,NA,NA,NA
"Harald Thiemer","ae803bfb-3955-11ef-9aab-a36230ada079",NA,NA,1975,"1/17/1976","3f0afb07-3960-11ef-b376-2906cc9fb6bc","away","S3L Handball","TuS Hofweier",10,18,FALSE,0,NA,NA,0,0,0,NA,0,0,0,0,0,0,NA,NA,NA,NA,NA,NA,NA,NA,0,0,0,0,NA,NA,NA,NA,NA
"Jürgen Hahn","ae947745-3955-11ef-bc54-a36230ada079",NA,NA,1975,"1/17/1976","3f0afb07-3960-11ef-b376-2906cc9fb6bc","away","S3L Handball","TuS Hofweier",10,18,FALSE,2,NA,NA,0,0,0,NA,0,0,0,0,0,0,NA,NA,NA,NA,NA,NA,NA,NA,0,0,0,0,NA,NA,NA,NA,NA
"Franz Götz","aea2eb0e-3955-11ef-b230-a36230ada079",NA,NA,1975,"1/17/1976","3f0afb07-3960-11ef-b376-2906cc9fb6bc","away","S3L Handball","TuS Hofweier",10,18,FALSE,1,NA,NA,0,0,0,NA,0,0,0,0,0,0,NA,NA,NA,NA,NA,NA,NA,NA,0,0,0,0,NA,NA,NA,NA,NA
"Wolfgang Haller","b1738c62-3955-11ef-a0aa-a36230ada079",NA,NA,1975,"1/17/1976","3f0afb07-3960-11ef-b376-2906cc9fb6bc","away","S3L Handball","TuS Hofweier",10,18,FALSE,0,NA,NA,0,0,0,NA,0,0,0,0,0,0,NA,NA,NA,NA,NA,NA,NA,NA,0,0,0,0,NA,NA,NA,NA,NA
"Walter Salzer","8d394c72-3955-11ef-8d73-81dc40648355",NA,NA,1975,"1/17/1976","400af8d0-3960-11ef-9442-2906cc9fb6bc","home","TV 1893 Neuhausen","TV Großwallstadt",9,19,FALSE,1,NA,NA,0,0,1,NA,0,0,0,0,0,0,NA,NA,NA,NA,NA,NA,NA,NA,0,0,0,0,NA,NA,NA,NA,NA
"Hermann Fritz","a4231bd1-3955-11ef-8299-2510cc07ea6e",NA,NA,1975,"1/17/1976","400af8d0-3960-11ef-9442-2906cc9fb6bc","home","TV 1893 Neuhausen","TV Großwallstadt",9,19,FALSE,0,NA,NA,0,0,0,NA,0,0,0,0,0,0,NA,NA,NA,NA,NA,NA,NA,NA,0,0,0,0,NA,NA,NA,NA,NA
"Klaus Stoll","a42e01cc-3955-11ef-b661-2510cc07ea6e",NA,NA,1975,"1/17/1976","400af8d0-3960-11ef-9442-2906cc9fb6bc","home","TV 1893 Neuhausen","TV Großwallstadt",9,19,FALSE,0,NA,NA,0,0,0,NA,0,0,0,0,0,0,NA,NA,NA,NA,NA,NA,NA,NA,0,0,0,0,NA,NA,NA,NA,NA
"Robert Kemmler","a438d7c7-3955-11ef-8ff6-2510cc07ea6e",NA,NA,1975,"1/17/1976","400af8d0-3960-11ef-9442-2906cc9fb6bc","home","TV 1893 Neuhausen","TV Großwallstadt",9,19,FALSE,0,NA,NA,0,0,0,NA,0,0,0,0,0,0,NA,NA,NA,NA,NA,NA,NA,NA,0,0,0,0,NA,NA,NA,NA,NA
"Manfred Klugger","a43e35c7-3955-11ef-b0dc-2510cc07ea6e",NA,NA,1975,"1/17/1976","400af8d0-3960-11ef-9442-2906cc9fb6bc","home","TV 1893 Neuhausen","TV Großwallstadt",9,19,FALSE,0,NA,NA,0,0,0,NA,0,0,0,0,0,0,NA,NA,NA,NA,NA,NA,NA,NA,0,0,0,0,NA,NA,NA,NA,NA
"Julius Lehmann","a448c9e2-3955-11ef-9bf8-2510cc07ea6e",NA,NA,1975,"1/17/1976","400af8d0-3960-11ef-9442-2906cc9fb6bc","home","TV 1893 Neuhausen","TV Großwallstadt",9,19,FALSE,0,NA,NA,0,0,0,NA,0,0,0,0,0,0,NA,NA,NA,NA,NA,NA,NA,NA,0,0,0,0,NA,NA,NA,NA,NA
"Hermann Mäurle","a44f95e3-3955-11ef-b53d-2510cc07ea6e",NA,NA,1975,"1/17/1976","400af8d0-3960-11ef-9442-2906cc9fb6bc","home","TV 1893 Neuhausen","TV Großwallstadt",9,19,FALSE,2,NA,NA,0,0,1,NA,0,0,0,0,0,0,NA,NA,NA,NA,NA,NA,NA,NA,0,0,0,0,NA,NA,NA,NA,NA
"Rolf Miller","a4552808-3955-11ef-ac39-2510cc07ea6e",NA,NA,1975,"1/17/1976","400af8d0-3960-11ef-9442-2906cc9fb6bc","home","TV 1893 Neuhausen","TV Großwallstadt",9,19,FALSE,4,NA,NA,0,0,1,NA,0,0,0,0,0,0,NA,NA,NA,NA,NA,NA,NA,NA,0,0,0,0,NA,NA,NA,NA,NA
"Manfred Reusch","a45a1b11-3955-11ef-8135-2510cc07ea6e",NA,NA,1975,"1/17/1976","400af8d0-3960-11ef-9442-2906cc9fb6bc","home","TV 1893 Neuhausen","TV Großwallstadt",9,19,FALSE,2,NA,NA,0,0,0,NA,0,0,0,0,0,0,NA,NA,NA,NA,NA,NA,NA,NA,0,0,0,0,NA,NA,NA,NA,NA
"Eugen Schmid","a460a6b1-3955-11ef-966d-2510cc07ea6e",NA,NA,1975,"1/17/1976","400af8d0-3960-11ef-9442-2906cc9fb6bc","home","TV 1893 Neuhausen","TV Großwallstadt",9,19,FALSE,0,NA,NA,0,0,0,NA,0,0,0,0,0,0,NA,NA,NA,NA,NA,NA,NA,NA,0,0,0,0,NA,NA,NA,NA,NA
"Manfred Schmid","a468025d-3955-11ef-ae56-2510cc07ea6e",NA,NA,1975,"1/17/1976","400af8d0-3960-11ef-9442-2906cc9fb6bc","home","TV 1893 Neuhausen","TV Großwallstadt",9,19,FALSE,0,NA,NA,0,0,0,NA,0,0,0,0,0,0,NA,NA,NA,NA,NA,NA,NA,NA,0,0,0,0,NA,NA,NA,NA,NA
"Wolfgang Ruoff","b21c931a-3955-11ef-96d4-a36230ada079",NA,NA,1975,"1/17/1976","400af8d0-3960-11ef-9442-2906cc9fb6bc","home","TV 1893 Neuhausen","TV Großwallstadt",9,19,FALSE,0,NA,NA,0,0,0,NA,0,0,0,0,0,0,NA,NA,NA,NA,NA,NA,NA,NA,0,0,0,0,NA,NA,NA,NA,NA
"Johann Högl","b2211f04-3955-11ef-a5bd-a36230ada079",NA,NA,1975,"1/17/1976","400af8d0-3960-11ef-9442-2906cc9fb6bc","home","TV 1893 Neuhausen","TV Großwallstadt",9,19,FALSE,0,NA,NA,0,0,0,NA,0,0,0,0,0,0,NA,NA,NA,NA,NA,NA,NA,NA,0,0,0,0,NA,NA,NA,NA,NA
"Kurt Klühspies","5ac3e7d7-3955-11ef-b574-4fa817cd91bb",NA,NA,1975,"1/17/1976","400af8d0-3960-11ef-9442-2906cc9fb6bc","away","TV Großwallstadt","TV 1893 Neuhausen",19,9,TRUE,4,NA,NA,0,0,0,NA,0,0,0,0,0,0,NA,NA,NA,NA,NA,NA,NA,NA,0,0,0,0,NA,NA,NA,NA,NA
"Manfred Hofmann","6855eb0b-3955-11ef-8cb3-292be3190b7b",NA,NA,1975,"1/17/1976","400af8d0-3960-11ef-9442-2906cc9fb6bc","away","TV Großwallstadt","TV 1893 Neuhausen",19,9,TRUE,0,NA,NA,0,0,0,NA,0,0,0,0,0,0,NA,NA,NA,NA,NA,NA,NA,NA,0,0,0,0,NA,NA,NA,NA,NA
"Heinz-Theo Kaus","8086fdf9-3955-11ef-938f-b908c60af10a",NA,NA,1975,"1/17/1976","400af8d0-3960-11ef-9442-2906cc9fb6bc","away","TV Großwallstadt","TV 1893 Neuhausen",19,9,TRUE,0,NA,NA,0,0,0,NA,0,0,0,0,0,0,NA,NA,NA,NA,NA,NA,NA,NA,0,0,0,0,NA,NA,NA,NA,NA
"Thomas Sinsel","8adb8152-3955-11ef-b2de-81dc40648355",NA,NA,1975,"1/17/1976","400af8d0-3960-11ef-9442-2906cc9fb6bc","away","TV Großwallstadt","TV 1893 Neuhausen",19,9,TRUE,1,NA,NA,0,0,0,NA,0,0,0,0,0,0,NA,NA,NA,NA,NA,NA,NA,NA,0,0,0,0,NA,NA,NA,NA,NA
"Manfred Schwarz","96d98e53-3955-11ef-a3c9-292be3190b7b",NA,NA,1975,"1/17/1976","400af8d0-3960-11ef-9442-2906cc9fb6bc","away","TV Großwallstadt","TV 1893 Neuhausen",19,9,TRUE,2,NA,NA,0,0,0,NA,0,0,0,0,0,0,NA,NA,NA,NA,NA,NA,NA,NA,0,0,0,0,NA,NA,NA,NA,NA
"Wolfgang Dümig","978dc3fc-3955-11ef-b042-292be3190b7b",NA,NA,1975,"1/17/1976","400af8d0-3960-11ef-9442-2906cc9fb6bc","away","TV Großwallstadt","TV 1893 Neuhausen",19,9,TRUE,0,NA,NA,0,0,0,NA,0,0,0,0,0,0,NA,NA,NA,NA,NA,NA,NA,NA,0,0,0,0,NA,NA,NA,NA,NA
"Ulrich Schulz","9972a35f-3955-11ef-a06d-292be3190b7b",NA,NA,1975,"1/17/1976","400af8d0-3960-11ef-9442-2906cc9fb6bc","away","TV Großwallstadt","TV 1893 Neuhausen",19,9,TRUE,3,NA,NA,0,0,0,NA,0,0,0,0,0,0,NA,NA,NA,NA,NA,NA,NA,NA,0,0,0,0,NA,NA,NA,NA,NA
"Arno Böckling","a3c38db5-3955-11ef-810f-2510cc07ea6e",NA,NA,1975,"1/17/1976","400af8d0-3960-11ef-9442-2906cc9fb6bc","away","TV Großwallstadt","TV 1893 Neuhausen",19,9,TRUE,3,NA,NA,0,0,0,NA,0,0,0,0,0,0,NA,NA,NA,NA,NA,NA,NA,NA,0,0,0,0,NA,NA,NA,NA,NA
"Eckhardt Suffel","aeac0503-3955-11ef-88c6-a36230ada079",NA,NA,1975,"1/17/1976","400af8d0-3960-11ef-9442-2906cc9fb6bc","away","TV Großwallstadt","TV 1893 Neuhausen",19,9,TRUE,2,NA,NA,0,0,0,NA,0,0,0,0,0,0,NA,NA,NA,NA,NA,NA,NA,NA,0,0,0,0,NA,NA,NA,NA,NA
"Axel Emig","aeb0e35f-3955-11ef-8342-a36230ada079",NA,NA,1975,"1/17/1976","400af8d0-3960-11ef-9442-2906cc9fb6bc","away","TV Großwallstadt","TV 1893 Neuhausen",19,9,TRUE,1,NA,NA,0,0,1,NA,0,0,0,0,0,0,NA,NA,NA,NA,NA,NA,NA,NA,0,0,0,0,NA,NA,NA,NA,NA
"Manfred Meudt","af9be5ed-3955-11ef-a3e3-a36230ada079",NA,NA,1975,"1/17/1976","400af8d0-3960-11ef-9442-2906cc9fb6bc","away","TV Großwallstadt","TV 1893 Neuhausen",19,9,TRUE,3,NA,NA,0,0,0,NA,0,0,0,0,0,0,NA,NA,NA,NA,NA,NA,NA,NA,0,0,0,0,NA,NA,NA,NA,NA
"Norbert Klein","b18179dc-3955-11ef-acc0-a36230ada079",NA,NA,1975,"1/17/1976","400af8d0-3960-11ef-9442-2906cc9fb6bc","away","TV Großwallstadt","TV 1893 Neuhausen",19,9,TRUE,0,NA,NA,0,0,0,NA,0,0,0,0,0,0,NA,NA,NA,NA,NA,NA,NA,NA,0,0,0,0,NA,NA,NA,NA,NA
"Arnulf Dümmel","81093055-3955-11ef-9deb-b908c60af10a",NA,NA,1975,"1/17/1976","42beb13d-3960-11ef-820e-2906cc9fb6bc","home","FRISCH AUF! Göppingen","TSV 1896 Rintheim",18,14,TRUE,3,NA,NA,0,0,0,NA,0,0,0,0,0,0,NA,NA,NA,NA,NA,NA,NA,NA,0,0,0,0,NA,NA,NA,NA,NA
"Armin Emrich","8cdd3680-3955-11ef-a93e-81dc40648355",NA,NA,1975,"1/17/1976","42beb13d-3960-11ef-820e-2906cc9fb6bc","home","FRISCH AUF! Göppingen","TSV 1896 Rintheim",18,14,TRUE,4,NA,NA,0,0,0,NA,0,0,0,0,0,0,NA,NA,NA,NA,NA,NA,NA,NA,0,0,0,0,NA,NA,NA,NA,NA
"Hartmut Bressmer","97fa9b74-3955-11ef-ba4c-292be3190b7b",NA,NA,1975,"1/17/1976","42beb13d-3960-11ef-820e-2906cc9fb6bc","home","FRISCH AUF! Göppingen","TSV 1896 Rintheim",18,14,TRUE,4,NA,NA,0,0,0,NA,0,0,0,0,0,0,NA,NA,NA,NA,NA,NA,NA,NA,0,0,0,0,NA,NA,NA,NA,NA
"Gunnar Einarsson","98473f03-3955-11ef-b6da-292be3190b7b",NA,NA,1975,"1/17/1976","42beb13d-3960-11ef-820e-2906cc9fb6bc","home","FRISCH AUF! Göppingen","TSV 1896 Rintheim",18,14,TRUE,6,NA,NA,0,0,2,NA,0,0,0,0,0,0,NA,NA,NA,NA,NA,NA,NA,NA,0,0,0,0,NA,NA,NA,NA,NA
"Hans-Eberhard Finkbeiner","a2f451eb-3955-11ef-99da-2510cc07ea6e",NA,NA,1975,"1/17/1976","42beb13d-3960-11ef-820e-2906cc9fb6bc","home","FRISCH AUF! Göppingen","TSV 1896 Rintheim",18,14,TRUE,0,NA,NA,0,0,0,NA,0,0,0,0,0,0,NA,NA,NA,NA,NA,NA,NA,NA,0,0,0,0,NA,NA,NA,NA,NA
"Wolfgang Don","a2ff75a5-3955-11ef-a510-2510cc07ea6e",NA,NA,1975,"1/17/1976","42beb13d-3960-11ef-820e-2906cc9fb6bc","home","FRISCH AUF! Göppingen","TSV 1896 Rintheim",18,14,TRUE,1,NA,NA,0,0,0,NA,0,0,0,0,0,0,NA,NA,NA,NA,NA,NA,NA,NA,0,0,0,0,NA,NA,NA,NA,NA
"Rolf Hammann","af6ae50b-3955-11ef-a71b-a36230ada079",NA,NA,1975,"1/17/1976","42beb13d-3960-11ef-820e-2906cc9fb6bc","home","FRISCH AUF! Göppingen","TSV 1896 Rintheim",18,14,TRUE,0,NA,NA,0,0,0,NA,0,0,0,0,0,0,NA,NA,NA,NA,NA,NA,NA,NA,0,0,0,0,NA,NA,NA,NA,NA
"Siegmund Seeger","af76d008-3955-11ef-b7c9-a36230ada079",NA,NA,1975,"1/17/1976","42beb13d-3960-11ef-820e-2906cc9fb6bc","home","FRISCH AUF! Göppingen","TSV 1896 Rintheim",18,14,TRUE,0,NA,NA,0,0,0,NA,0,0,0,0,0,0,NA,NA,NA,NA,NA,NA,NA,NA,0,0,0,0,NA,NA,NA,NA,NA
"Hans Brodbeck","b1f00cc3-3955-11ef-b4c9-a36230ada079",NA,NA,1975,"1/17/1976","42beb13d-3960-11ef-820e-2906cc9fb6bc","home","FRISCH AUF! Göppingen","TSV 1896 Rintheim",18,14,TRUE,0,NA,NA,0,0,0,NA,0,0,0,0,0,0,NA,NA,NA,NA,NA,NA,NA,NA,0,0,0,0,NA,NA,NA,NA,NA
"Detlef Groß","b20edee3-3955-11ef-9e14-a36230ada079",NA,NA,1975,"1/17/1976","42beb13d-3960-11ef-820e-2906cc9fb6bc","home","FRISCH AUF! Göppingen","TSV 1896 Rintheim",18,14,TRUE,0,NA,NA,0,0,0,NA,0,0,0,0,0,0,NA,NA,NA,NA,NA,NA,NA,NA,0,0,0,0,NA,NA,NA,NA,NA
"Günter Schweikardt","d3e60b79-3953-11ef-9e8c-e3f2de03a1b7",NA,NA,1975,"1/17/1976","42beb13d-3960-11ef-820e-2906cc9fb6bc","home","FRISCH AUF! Göppingen","TSV 1896 Rintheim",18,14,TRUE,0,NA,NA,0,0,0,NA,0,0,0,0,0,0,NA,NA,NA,NA,NA,NA,NA,NA,0,0,0,0,NA,NA,NA,NA,NA
"Winfried Damm","73c56170-3955-11ef-9cca-51fdf2a82730",NA,NA,1975,"1/17/1976","42beb13d-3960-11ef-820e-2906cc9fb6bc","away","TSV 1896 Rintheim","FRISCH AUF! Göppingen",14,18,FALSE,0,NA,NA,0,0,0,NA,0,0,0,0,0,0,NA,NA,NA,NA,NA,NA,NA,NA,0,0,0,0,NA,NA,NA,NA,NA
"Gerhard Gaiser","7fd4e3db-3955-11ef-b327-b908c60af10a",NA,NA,1975,"1/17/1976","42beb13d-3960-11ef-820e-2906cc9fb6bc","away","TSV 1896 Rintheim","FRISCH AUF! Göppingen",14,18,FALSE,2,NA,NA,0,0,0,NA,0,0,0,0,0,0,NA,NA,NA,NA,NA,NA,NA,NA,0,0,0,0,NA,NA,NA,NA,NA
"Roland Kröger","81272d6a-3955-11ef-b027-b908c60af10a",NA,NA,1975,"1/17/1976","42beb13d-3960-11ef-820e-2906cc9fb6bc","away","TSV 1896 Rintheim","FRISCH AUF! Göppingen",14,18,FALSE,0,NA,NA,0,0,0,NA,0,0,0,0,0,0,NA,NA,NA,NA,NA,NA,NA,NA,0,0,0,0,NA,NA,NA,NA,NA
"Manfred Schulz","8bc2b5ea-3955-11ef-8d03-81dc40648355",NA,NA,1975,"1/17/1976","42beb13d-3960-11ef-820e-2906cc9fb6bc","away","TSV 1896 Rintheim","FRISCH AUF! Göppingen",14,18,FALSE,0,NA,NA,0,0,0,NA,0,0,0,0,0,0,NA,NA,NA,NA,NA,NA,NA,NA,0,0,0,0,NA,NA,NA,NA,NA
"Max Müller","99453a6b-3955-11ef-84c2-292be3190b7b",NA,NA,1975,"1/17/1976","42beb13d-3960-11ef-820e-2906cc9fb6bc","away","TSV 1896 Rintheim","FRISCH AUF! Göppingen",14,18,FALSE,4,NA,NA,0,0,2,NA,0,0,0,0,0,0,NA,NA,NA,NA,NA,NA,NA,NA,0,0,0,0,NA,NA,NA,NA,NA
"Ulrich Fucks","a237d895-3955-11ef-ab1b-2510cc07ea6e",NA,NA,1975,"1/17/1976","42beb13d-3960-11ef-820e-2906cc9fb6bc","away","TSV 1896 Rintheim","FRISCH AUF! Göppingen",14,18,FALSE,0,NA,NA,0,0,0,NA,0,0,0,0,0,0,NA,NA,NA,NA,NA,NA,NA,NA,0,0,0,0,NA,NA,NA,NA,NA
"Alfred Schmitt","a25e1dab-3955-11ef-b412-2510cc07ea6e",NA,NA,1975,"1/17/1976","42beb13d-3960-11ef-820e-2906cc9fb6bc","away","TSV 1896 Rintheim","FRISCH AUF! Göppingen",14,18,FALSE,1,NA,NA,0,0,0,NA,0,0,0,0,0,0,NA,NA,NA,NA,NA,NA,NA,NA,0,0,0,0,NA,NA,NA,NA,NA
"Rudi Stein","a27f8606-3955-11ef-8352-2510cc07ea6e",NA,NA,1975,"1/17/1976","42beb13d-3960-11ef-820e-2906cc9fb6bc","away","TSV 1896 Rintheim","FRISCH AUF! Göppingen",14,18,FALSE,3,NA,NA,0,0,0,NA,0,0,0,0,0,0,NA,NA,NA,NA,NA,NA,NA,NA,0,0,0,0,NA,NA,NA,NA,NA
"Rudi Lechleidner","aec862a4-3955-11ef-ad66-a36230ada079",NA,NA,1975,"1/17/1976","42beb13d-3960-11ef-820e-2906cc9fb6bc","away","TSV 1896 Rintheim","FRISCH AUF! Göppingen",14,18,FALSE,4,NA,NA,0,0,0,NA,0,0,0,0,0,0,NA,NA,NA,NA,NA,NA,NA,NA,0,0,0,0,NA,NA,NA,NA,NA
"Wilfried Job","af3ed007-3955-11ef-9184-a36230ada079",NA,NA,1975,"1/17/1976","42beb13d-3960-11ef-820e-2906cc9fb6bc","away","TSV 1896 Rintheim","FRISCH AUF! Göppingen",14,18,FALSE,0,NA,NA,0,0,0,NA,0,0,0,0,0,0,NA,NA,NA,NA,NA,NA,NA,NA,0,0,0,0,NA,NA,NA,NA,NA
"Claus Erles","af42e492-3955-11ef-a26e-a36230ada079",NA,NA,1975,"1/17/1976","42beb13d-3960-11ef-820e-2906cc9fb6bc","away","TSV 1896 Rintheim","FRISCH AUF! Göppingen",14,18,FALSE,0,NA,NA,0,0,0,NA,0,0,0,0,0,0,NA,NA,NA,NA,NA,NA,NA,NA,0,0,0,0,NA,NA,NA,NA,NA
"Rolf Barthel","b1e747bc-3955-11ef-bf9b-a36230ada079",NA,NA,1975,"1/17/1976","42beb13d-3960-11ef-820e-2906cc9fb6bc","away","TSV 1896 Rintheim","FRISCH AUF! Göppingen",14,18,FALSE,0,NA,NA,0,0,0,NA,0,0,0,0,0,0,NA,NA,NA,NA,NA,NA,NA,NA,0,0,0,0,NA,NA,NA,NA,NA
"Žarko Olujić","b1ebb098-3955-11ef-ab01-a36230ada079",NA,NA,1975,"1/17/1976","42beb13d-3960-11ef-820e-2906cc9fb6bc","away","TSV 1896 Rintheim","FRISCH AUF! Göppingen",14,18,FALSE,0,NA,NA,0,0,0,NA,0,0,0,0,0,0,NA,NA,NA,NA,NA,NA,NA,NA,0,0,0,0,NA,NA,NA,NA,NA
"Bernd Seehase","7f0c7bc5-3955-11ef-8b93-b908c60af10a",NA,NA,1975,"1/18/1976","40deda44-3960-11ef-a1c0-2906cc9fb6bc","home","Füchse Berlin","TSV Milbertshofen",14,13,TRUE,2,NA,NA,0,0,0,NA,0,0,0,0,0,0,NA,NA,NA,NA,NA,NA,NA,NA,0,0,0,0,NA,NA,NA,NA,NA
"Dieter Nerlich","7f4aaab6-3955-11ef-a6c5-b908c60af10a",NA,NA,1975,"1/18/1976","40deda44-3960-11ef-a1c0-2906cc9fb6bc","home","Füchse Berlin","TSV Milbertshofen",14,13,TRUE,0,NA,NA,0,0,0,NA,0,0,0,0,0,0,NA,NA,NA,NA,NA,NA,NA,NA,0,0,0,0,NA,NA,NA,NA,NA
"Andreas Pieper","8b17f063-3955-11ef-8f1b-81dc40648355",NA,NA,1975,"1/18/1976","40deda44-3960-11ef-a1c0-2906cc9fb6bc","home","Füchse Berlin","TSV Milbertshofen",14,13,TRUE,0,NA,NA,0,0,0,NA,0,0,0,0,0,0,NA,NA,NA,NA,NA,NA,NA,NA,0,0,0,0,NA,NA,NA,NA,NA
"Hartmut Alsen","a5dc4676-3955-11ef-ac19-2510cc07ea6e",NA,NA,1975,"1/18/1976","40deda44-3960-11ef-a1c0-2906cc9fb6bc","home","Füchse Berlin","TSV Milbertshofen",14,13,TRUE,1,NA,NA,0,0,0,NA,0,0,0,0,0,0,NA,NA,NA,NA,NA,NA,NA,NA,0,0,0,0,NA,NA,NA,NA,NA
"Reinhard Lembcke","a5f9e01f-3955-11ef-a753-2510cc07ea6e",NA,NA,1975,"1/18/1976","40deda44-3960-11ef-a1c0-2906cc9fb6bc","home","Füchse Berlin","TSV Milbertshofen",14,13,TRUE,0,NA,NA,0,0,0,NA,0,0,0,0,0,0,NA,NA,NA,NA,NA,NA,NA,NA,0,0,0,0,NA,NA,NA,NA,NA
"Wolfgang Braun","b1a4c388-3955-11ef-92b7-a36230ada079",NA,NA,1975,"1/18/1976","40deda44-3960-11ef-a1c0-2906cc9fb6bc","home","Füchse Berlin","TSV Milbertshofen",14,13,TRUE,4,NA,NA,0,0,0,NA,0,0,0,0,0,0,NA,NA,NA,NA,NA,NA,NA,NA,0,0,0,0,NA,NA,NA,NA,NA
"Detlef Finkelmann","b1a8f927-3955-11ef-a009-a36230ada079",NA,NA,1975,"1/18/1976","40deda44-3960-11ef-a1c0-2906cc9fb6bc","home","Füchse Berlin","TSV Milbertshofen",14,13,TRUE,1,NA,NA,0,0,0,NA,0,0,0,0,0,0,NA,NA,NA,NA,NA,NA,NA,NA,0,0,0,0,NA,NA,NA,NA,NA
"Bernd Goerigk","b1b21b0c-3955-11ef-a303-a36230ada079",NA,NA,1975,"1/18/1976","40deda44-3960-11ef-a1c0-2906cc9fb6bc","home","Füchse Berlin","TSV Milbertshofen",14,13,TRUE,0,NA,NA,0,0,0,NA,0,0,0,0,0,0,NA,NA,NA,NA,NA,NA,NA,NA,0,0,0,0,NA,NA,NA,NA,NA
"Lutz Loewke","b1b73b08-3955-11ef-b76a-a36230ada079",NA,NA,1975,"1/18/1976","40deda44-3960-11ef-a1c0-2906cc9fb6bc","home","Füchse Berlin","TSV Milbertshofen",14,13,TRUE,5,NA,NA,0,0,0,NA,0,0,0,0,0,0,NA,NA,NA,NA,NA,NA,NA,NA,0,0,0,0,NA,NA,NA,NA,NA
"Willibald Weiß","74414175-3955-11ef-89d0-51fdf2a82730",NA,NA,1975,"1/18/1976","40deda44-3960-11ef-a1c0-2906cc9fb6bc","away","TSV Milbertshofen","Füchse Berlin",13,14,FALSE,3,NA,NA,0,0,0,NA,0,0,0,0,0,0,NA,NA,NA,NA,NA,NA,NA,NA,0,0,0,0,NA,NA,NA,NA,NA
"Richard Mayr","751d6672-3955-11ef-a322-51fdf2a82730",NA,NA,1975,"1/18/1976","40deda44-3960-11ef-a1c0-2906cc9fb6bc","away","TSV Milbertshofen","Füchse Berlin",13,14,FALSE,2,NA,NA,0,0,0,NA,0,0,0,0,0,0,NA,NA,NA,NA,NA,NA,NA,NA,0,0,0,0,NA,NA,NA,NA,NA
"Jochen Frank","7ee9b472-3955-11ef-ab0f-b908c60af10a",NA,NA,1975,"1/18/1976","40deda44-3960-11ef-a1c0-2906cc9fb6bc","away","TSV Milbertshofen","Füchse Berlin",13,14,FALSE,3,NA,NA,0,0,0,NA,0,0,0,0,0,0,NA,NA,NA,NA,NA,NA,NA,NA,0,0,0,0,NA,NA,NA,NA,NA
"Udo Böbel","80d4ba37-3955-11ef-9d8b-b908c60af10a",NA,NA,1975,"1/18/1976","40deda44-3960-11ef-a1c0-2906cc9fb6bc","away","TSV Milbertshofen","Füchse Berlin",13,14,FALSE,3,NA,NA,0,0,0,NA,0,0,0,0,0,0,NA,NA,NA,NA,NA,NA,NA,NA,0,0,0,0,NA,NA,NA,NA,NA
"Werner Winkelmeier","9712104e-3955-11ef-9613-292be3190b7b",NA,NA,1975,"1/18/1976","40deda44-3960-11ef-a1c0-2906cc9fb6bc","away","TSV Milbertshofen","Füchse Berlin",13,14,FALSE,1,NA,NA,0,0,0,NA,0,0,0,0,0,0,NA,NA,NA,NA,NA,NA,NA,NA,0,0,0,0,NA,NA,NA,NA,NA
"Rudolf Dobler","97ac407c-3955-11ef-9ea9-292be3190b7b",NA,NA,1975,"1/18/1976","40deda44-3960-11ef-a1c0-2906cc9fb6bc","away","TSV Milbertshofen","Füchse Berlin",13,14,FALSE,0,NA,NA,0,0,0,NA,0,0,0,0,0,0,NA,NA,NA,NA,NA,NA,NA,NA,0,0,0,0,NA,NA,NA,NA,NA
"Helmut Schelchshorn","b1c960ef-3955-11ef-850b-a36230ada079",NA,NA,1975,"1/18/1976","40deda44-3960-11ef-a1c0-2906cc9fb6bc","away","TSV Milbertshofen","Füchse Berlin",13,14,FALSE,1,NA,NA,0,0,0,NA,0,0,0,0,0,0,NA,NA,NA,NA,NA,NA,NA,NA,0,0,0,0,NA,NA,NA,NA,NA
"Udo Klenk","8deb261a-3955-11ef-90c3-81dc40648355",NA,NA,1975,"1/23/1976","3f1b55ea-3960-11ef-80c1-2906cc9fb6bc","home","S3L Handball","SG Dietzenbach",16,15,TRUE,2,NA,NA,0,0,0,NA,0,0,0,0,0,0,NA,NA,NA,NA,NA,NA,NA,NA,0,0,0,0,NA,NA,NA,NA,NA
"Georg Fitz","ae68320c-3955-11ef-89fa-a36230ada079",NA,NA,1975,"1/23/1976","3f1b55ea-3960-11ef-80c1-2906cc9fb6bc","home","S3L Handball","SG Dietzenbach",16,15,TRUE,0,NA,NA,0,0,0,NA,0,0,0,0,0,0,NA,NA,NA,NA,NA,NA,NA,NA,0,0,0,0,NA,NA,NA,NA,NA
"Franz Rupp","ae6c7950-3955-11ef-87dd-a36230ada079",NA,NA,1975,"1/23/1976","3f1b55ea-3960-11ef-80c1-2906cc9fb6bc","home","S3L Handball","SG Dietzenbach",16,15,TRUE,5,NA,NA,0,0,1,NA,0,0,0,0,0,0,NA,NA,NA,NA,NA,NA,NA,NA,0,0,0,0,NA,NA,NA,NA,NA
"Bernd Frühauf","ae71d80f-3955-11ef-a219-a36230ada079",NA,NA,1975,"1/23/1976","3f1b55ea-3960-11ef-80c1-2906cc9fb6bc","home","S3L Handball","SG Dietzenbach",16,15,TRUE,1,NA,NA,0,0,0,NA,0,0,0,0,0,0,NA,NA,NA,NA,NA,NA,NA,NA,0,0,0,0,NA,NA,NA,NA,NA
"Wolfgang Sättele","ae76c01d-3955-11ef-bfb9-a36230ada079",NA,NA,1975,"1/23/1976","3f1b55ea-3960-11ef-80c1-2906cc9fb6bc","home","S3L Handball","SG Dietzenbach",16,15,TRUE,1,NA,NA,0,0,0,NA,0,0,0,0,0,0,NA,NA,NA,NA,NA,NA,NA,NA,0,0,0,0,NA,NA,NA,NA,NA
"Joachim Hafemeister","ae7b4523-3955-11ef-b064-a36230ada079",NA,NA,1975,"1/23/1976","3f1b55ea-3960-11ef-80c1-2906cc9fb6bc","home","S3L Handball","SG Dietzenbach",16,15,TRUE,0,NA,NA,0,0,0,NA,0,0,0,0,0,0,NA,NA,NA,NA,NA,NA,NA,NA,0,0,0,0,NA,NA,NA,NA,NA
"Harald Thiemer","ae803bfb-3955-11ef-9aab-a36230ada079",NA,NA,1975,"1/23/1976","3f1b55ea-3960-11ef-80c1-2906cc9fb6bc","home","S3L Handball","SG Dietzenbach",16,15,TRUE,0,NA,NA,0,0,0,NA,0,0,0,0,0,0,NA,NA,NA,NA,NA,NA,NA,NA,0,0,0,0,NA,NA,NA,NA,NA
"Jürgen Hahn","ae947745-3955-11ef-bc54-a36230ada079",NA,NA,1975,"1/23/1976","3f1b55ea-3960-11ef-80c1-2906cc9fb6bc","home","S3L Handball","SG Dietzenbach",16,15,TRUE,5,NA,NA,0,0,2,NA,0,0,0,0,0,0,NA,NA,NA,NA,NA,NA,NA,NA,0,0,0,0,NA,NA,NA,NA,NA
"Franz Götz","aea2eb0e-3955-11ef-b230-a36230ada079",NA,NA,1975,"1/23/1976","3f1b55ea-3960-11ef-80c1-2906cc9fb6bc","home","S3L Handball","SG Dietzenbach",16,15,TRUE,2,NA,NA,0,0,0,NA,0,0,0,0,0,0,NA,NA,NA,NA,NA,NA,NA,NA,0,0,0,0,NA,NA,NA,NA,NA
"Hansjörg Jäck","b166bd31-3955-11ef-bed1-a36230ada079",NA,NA,1975,"1/23/1976","3f1b55ea-3960-11ef-80c1-2906cc9fb6bc","home","S3L Handball","SG Dietzenbach",16,15,TRUE,0,NA,NA,0,0,0,NA,0,0,0,0,0,0,NA,NA,NA,NA,NA,NA,NA,NA,0,0,0,0,NA,NA,NA,NA,NA
"Wolfgang Haller","b1738c62-3955-11ef-a0aa-a36230ada079",NA,NA,1975,"1/23/1976","3f1b55ea-3960-11ef-80c1-2906cc9fb6bc","home","S3L Handball","SG Dietzenbach",16,15,TRUE,0,NA,NA,0,0,0,NA,0,0,0,0,0,0,NA,NA,NA,NA,NA,NA,NA,NA,0,0,0,0,NA,NA,NA,NA,NA
"Claus Hormel","65a6e4d8-3955-11ef-84ee-292be3190b7b",NA,NA,1975,"1/23/1976","3f1b55ea-3960-11ef-80c1-2906cc9fb6bc","away","SG Dietzenbach","S3L Handball",15,16,FALSE,3,NA,NA,0,0,0,NA,0,0,0,0,0,0,NA,NA,NA,NA,NA,NA,NA,NA,0,0,0,0,NA,NA,NA,NA,NA
"Dieter Schappert","808baa47-3955-11ef-b967-b908c60af10a",NA,NA,1975,"1/23/1976","3f1b55ea-3960-11ef-80c1-2906cc9fb6bc","away","SG Dietzenbach","S3L Handball",15,16,FALSE,1,NA,NA,0,0,0,NA,0,0,0,0,0,0,NA,NA,NA,NA,NA,NA,NA,NA,0,0,0,0,NA,NA,NA,NA,NA
"Milan Krstić","8a85bfb0-3955-11ef-ac1d-81dc40648355",NA,NA,1975,"1/23/1976","3f1b55ea-3960-11ef-80c1-2906cc9fb6bc","away","SG Dietzenbach","S3L Handball",15,16,FALSE,1,NA,NA,0,0,1,NA,0,0,0,0,0,0,NA,NA,NA,NA,NA,NA,NA,NA,0,0,0,0,NA,NA,NA,NA,NA
"Heinz-Walter Behne","8be65881-3955-11ef-8872-81dc40648355",NA,NA,1975,"1/23/1976","3f1b55ea-3960-11ef-80c1-2906cc9fb6bc","away","SG Dietzenbach","S3L Handball",15,16,FALSE,0,NA,NA,0,0,0,NA,0,0,0,0,0,0,NA,NA,NA,NA,NA,NA,NA,NA,0,0,0,0,NA,NA,NA,NA,NA
"Herbert Wehnert","96e104db-3955-11ef-b58d-292be3190b7b",NA,NA,1975,"1/23/1976","3f1b55ea-3960-11ef-80c1-2906cc9fb6bc","away","SG Dietzenbach","S3L Handball",15,16,FALSE,7,NA,NA,0,0,1,NA,0,0,0,0,0,0,NA,NA,NA,NA,NA,NA,NA,NA,0,0,0,0,NA,NA,NA,NA,NA
"Boris Kostić","982a9c45-3955-11ef-bf0d-292be3190b7b",NA,NA,1975,"1/23/1976","3f1b55ea-3960-11ef-80c1-2906cc9fb6bc","away","SG Dietzenbach","S3L Handball",15,16,FALSE,0,NA,NA,0,0,0,NA,0,0,0,0,0,0,NA,NA,NA,NA,NA,NA,NA,NA,0,0,0,0,NA,NA,NA,NA,NA
"Otto Allies","af191a75-3955-11ef-8c7e-a36230ada079",NA,NA,1975,"1/23/1976","3f1b55ea-3960-11ef-80c1-2906cc9fb6bc","away","SG Dietzenbach","S3L Handball",15,16,FALSE,0,NA,NA,0,0,0,NA,0,0,0,0,0,0,NA,NA,NA,NA,NA,NA,NA,NA,0,0,0,0,NA,NA,NA,NA,NA
"Klaus Budecker","af1ed2a9-3955-11ef-854d-a36230ada079",NA,NA,1975,"1/23/1976","3f1b55ea-3960-11ef-80c1-2906cc9fb6bc","away","SG Dietzenbach","S3L Handball",15,16,FALSE,0,NA,NA,0,0,0,NA,0,0,0,0,0,0,NA,NA,NA,NA,NA,NA,NA,NA,0,0,0,0,NA,NA,NA,NA,NA
"Heinrich Baum","af2c6c48-3955-11ef-964a-a36230ada079",NA,NA,1975,"1/23/1976","3f1b55ea-3960-11ef-80c1-2906cc9fb6bc","away","SG Dietzenbach","S3L Handball",15,16,FALSE,1,NA,NA,0,0,0,NA,0,0,0,0,0,0,NA,NA,NA,NA,NA,NA,NA,NA,0,0,0,0,NA,NA,NA,NA,NA
"Werner Fritzel","b1cdb47c-3955-11ef-8cfd-a36230ada079",NA,NA,1975,"1/23/1976","3f1b55ea-3960-11ef-80c1-2906cc9fb6bc","away","SG Dietzenbach","S3L Handball",15,16,FALSE,0,NA,NA,0,0,0,NA,0,0,0,0,0,0,NA,NA,NA,NA,NA,NA,NA,NA,0,0,0,0,NA,NA,NA,NA,NA
"Klaus Rettig","b1d1aa4c-3955-11ef-baf9-a36230ada079",NA,NA,1975,"1/23/1976","3f1b55ea-3960-11ef-80c1-2906cc9fb6bc","away","SG Dietzenbach","S3L Handball",15,16,FALSE,2,NA,NA,0,0,0,NA,0,0,0,0,0,0,NA,NA,NA,NA,NA,NA,NA,NA,0,0,0,0,NA,NA,NA,NA,NA
"Hans-Dieter Schmitz","51093bea-3955-11ef-bc25-6d38c0425bc0",NA,NA,1975,"1/24/1976","32199eab-3960-11ef-a877-2906cc9fb6bc","home","OSC 04 Rheinhausen","GWD Minden",15,14,TRUE,1,NA,NA,0,0,0,NA,0,0,0,0,0,0,NA,NA,NA,NA,NA,NA,NA,NA,0,0,0,0,NA,NA,NA,NA,NA
"Reinhard Heusen van der","7142d419-3955-11ef-8654-51fdf2a82730",NA,NA,1975,"1/24/1976","32199eab-3960-11ef-a877-2906cc9fb6bc","home","OSC 04 Rheinhausen","GWD Minden",15,14,TRUE,0,NA,NA,0,0,0,NA,0,0,0,0,0,0,NA,NA,NA,NA,NA,NA,NA,NA,0,0,0,0,NA,NA,NA,NA,NA
"Gerd Rosendahl","7501cfa1-3955-11ef-95a2-51fdf2a82730",NA,NA,1975,"1/24/1976","32199eab-3960-11ef-a877-2906cc9fb6bc","home","OSC 04 Rheinhausen","GWD Minden",15,14,TRUE,0,NA,NA,0,0,0,NA,0,0,0,0,0,0,NA,NA,NA,NA,NA,NA,NA,NA,0,0,0,0,NA,NA,NA,NA,NA
"Harry Keller","7e4b9df1-3955-11ef-80fd-b908c60af10a",NA,NA,1975,"1/24/1976","32199eab-3960-11ef-a877-2906cc9fb6bc","home","OSC 04 Rheinhausen","GWD Minden",15,14,TRUE,0,NA,NA,0,0,0,NA,0,0,0,0,0,0,NA,NA,NA,NA,NA,NA,NA,NA,0,0,0,0,NA,NA,NA,NA,NA
"Uwe Laaser","8157221e-3955-11ef-a944-b908c60af10a",NA,NA,1975,"1/24/1976","32199eab-3960-11ef-a877-2906cc9fb6bc","home","OSC 04 Rheinhausen","GWD Minden",15,14,TRUE,1,NA,NA,0,0,0,NA,0,0,0,0,0,0,NA,NA,NA,NA,NA,NA,NA,NA,0,0,0,0,NA,NA,NA,NA,NA
"Christoph Kolodziej","8dbac357-3955-11ef-be9b-81dc40648355",NA,NA,1975,"1/24/1976","32199eab-3960-11ef-a877-2906cc9fb6bc","home","OSC 04 Rheinhausen","GWD Minden",15,14,TRUE,0,NA,NA,0,0,0,NA,0,0,0,0,0,0,NA,NA,NA,NA,NA,NA,NA,NA,0,0,0,0,NA,NA,NA,NA,NA
"Jadranko Demirović","a1caaba8-3955-11ef-8081-2510cc07ea6e",NA,NA,1975,"1/24/1976","32199eab-3960-11ef-a877-2906cc9fb6bc","home","OSC 04 Rheinhausen","GWD Minden",15,14,TRUE,8,NA,NA,0,0,5,NA,0,0,0,0,0,0,NA,NA,NA,NA,NA,NA,NA,NA,0,0,0,0,NA,NA,NA,NA,NA
"Hans-Peter Halfmann","a1cf8d63-3955-11ef-b90c-2510cc07ea6e",NA,NA,1975,"1/24/1976","32199eab-3960-11ef-a877-2906cc9fb6bc","home","OSC 04 Rheinhausen","GWD Minden",15,14,TRUE,0,NA,NA,0,0,0,NA,0,0,0,0,0,0,NA,NA,NA,NA,NA,NA,NA,NA,0,0,0,0,NA,NA,NA,NA,NA
"Norbert Meister","a610e086-3955-11ef-bf85-2510cc07ea6e",NA,NA,1975,"1/24/1976","32199eab-3960-11ef-a877-2906cc9fb6bc","home","OSC 04 Rheinhausen","GWD Minden",15,14,TRUE,0,NA,NA,0,0,0,NA,0,0,0,0,0,0,NA,NA,NA,NA,NA,NA,NA,NA,0,0,0,0,NA,NA,NA,NA,NA
"Werner Herling","a61b6e80-3955-11ef-b2d4-2510cc07ea6e",NA,NA,1975,"1/24/1976","32199eab-3960-11ef-a877-2906cc9fb6bc","home","OSC 04 Rheinhausen","GWD Minden",15,14,TRUE,2,NA,NA,0,0,0,NA,0,0,0,0,0,0,NA,NA,NA,NA,NA,NA,NA,NA,0,0,0,0,NA,NA,NA,NA,NA
"Burkhard Nagel","a6312ffa-3955-11ef-9438-2510cc07ea6e",NA,NA,1975,"1/24/1976","32199eab-3960-11ef-a877-2906cc9fb6bc","home","OSC 04 Rheinhausen","GWD Minden",15,14,TRUE,3,NA,NA,0,0,0,NA,0,0,0,0,0,0,NA,NA,NA,NA,NA,NA,NA,NA,0,0,0,0,NA,NA,NA,NA,NA
"Rainer Niemeyer","5008ccec-3955-11ef-9f62-6d38c0425bc0",NA,NA,1975,"1/24/1976","32199eab-3960-11ef-a877-2906cc9fb6bc","away","GWD Minden","OSC 04 Rheinhausen",14,15,FALSE,0,NA,NA,0,0,0,NA,0,0,0,0,0,0,NA,NA,NA,NA,NA,NA,NA,NA,0,0,0,0,NA,NA,NA,NA,NA
"Hans-Jürgen Grund","81694a24-3955-11ef-9a97-b908c60af10a",NA,NA,1975,"1/24/1976","32199eab-3960-11ef-a877-2906cc9fb6bc","away","GWD Minden","OSC 04 Rheinhausen",14,15,FALSE,0,NA,NA,0,0,0,NA,0,0,0,0,0,0,NA,NA,NA,NA,NA,NA,NA,NA,0,0,0,0,NA,NA,NA,NA,NA
"Axel Axelsson","8b29429f-3955-11ef-baf9-81dc40648355",NA,NA,1975,"1/24/1976","32199eab-3960-11ef-a877-2906cc9fb6bc","away","GWD Minden","OSC 04 Rheinhausen",14,15,FALSE,5,NA,NA,0,0,2,NA,0,0,0,0,0,0,NA,NA,NA,NA,NA,NA,NA,NA,0,0,0,0,NA,NA,NA,NA,NA
"Dieter Waltke","8bbe1a37-3955-11ef-a8ff-81dc40648355",NA,NA,1975,"1/24/1976","32199eab-3960-11ef-a877-2906cc9fb6bc","away","GWD Minden","OSC 04 Rheinhausen",14,15,FALSE,2,NA,NA,0,0,1,NA,0,0,0,0,0,0,NA,NA,NA,NA,NA,NA,NA,NA,0,0,0,0,NA,NA,NA,NA,NA
"Bernhard Busch","8dc9280f-3955-11ef-80e2-81dc40648355",NA,NA,1975,"1/24/1976","32199eab-3960-11ef-a877-2906cc9fb6bc","away","GWD Minden","OSC 04 Rheinhausen",14,15,FALSE,1,NA,NA,0,0,0,NA,0,0,0,0,0,0,NA,NA,NA,NA,NA,NA,NA,NA,0,0,0,0,NA,NA,NA,NA,NA
"Gerd Becker","96f1e245-3955-11ef-80bc-292be3190b7b",NA,NA,1975,"1/24/1976","32199eab-3960-11ef-a877-2906cc9fb6bc","away","GWD Minden","OSC 04 Rheinhausen",14,15,FALSE,1,NA,NA,0,0,0,NA,0,0,0,0,0,0,NA,NA,NA,NA,NA,NA,NA,NA,0,0,0,0,NA,NA,NA,NA,NA
"Walter von Oepen","97f2373d-3955-11ef-82ae-292be3190b7b",NA,NA,1975,"1/24/1976","32199eab-3960-11ef-a877-2906cc9fb6bc","away","GWD Minden","OSC 04 Rheinhausen",14,15,FALSE,0,NA,NA,0,0,0,NA,0,0,0,0,0,0,NA,NA,NA,NA,NA,NA,NA,NA,0,0,0,0,NA,NA,NA,NA,NA
"Martin Karcher","980f80ce-3955-11ef-8054-292be3190b7b",NA,NA,1975,"1/24/1976","32199eab-3960-11ef-a877-2906cc9fb6bc","away","GWD Minden","OSC 04 Rheinhausen",14,15,FALSE,0,NA,NA,0,0,0,NA,0,0,0,0,0,0,NA,NA,NA,NA,NA,NA,NA,NA,0,0,0,0,NA,NA,NA,NA,NA
"Gerhard Buddenbohm","98e2ecac-3955-11ef-b2de-292be3190b7b",NA,NA,1975,"1/24/1976","32199eab-3960-11ef-a877-2906cc9fb6bc","away","GWD Minden","OSC 04 Rheinhausen",14,15,FALSE,2,NA,NA,0,0,0,NA,0,0,0,0,0,0,NA,NA,NA,NA,NA,NA,NA,NA,0,0,0,0,NA,NA,NA,NA,NA
"Ólafur Hlöðver Jónsson","98eb7177-3955-11ef-9bda-292be3190b7b",NA,NA,1975,"1/24/1976","32199eab-3960-11ef-a877-2906cc9fb6bc","away","GWD Minden","OSC 04 Rheinhausen",14,15,FALSE,1,NA,NA,0,0,0,NA,0,0,0,0,0,0,NA,NA,NA,NA,NA,NA,NA,NA,0,0,0,0,NA,NA,NA,NA,NA
"Hans Kramer","98f50290-3955-11ef-8aa8-292be3190b7b",NA,NA,1975,"1/24/1976","32199eab-3960-11ef-a877-2906cc9fb6bc","away","GWD Minden","OSC 04 Rheinhausen",14,15,FALSE,2,NA,NA,0,0,0,NA,0,0,0,0,0,0,NA,NA,NA,NA,NA,NA,NA,NA,0,0,0,0,NA,NA,NA,NA,NA
"Esad Kurtagić","39c727cf-3955-11ef-82fa-bfbfc9e17c09",NA,NA,1975,"1/24/1976","35a15ec1-3960-11ef-832c-2906cc9fb6bc","home","TuS Derschlag 1881","TSV Altenholz",16,12,TRUE,0,NA,NA,0,0,0,NA,0,0,0,0,0,0,NA,NA,NA,NA,NA,NA,NA,NA,0,0,0,0,NA,NA,NA,NA,NA
"Spasoje Skerčević","50b681d8-3955-11ef-b6e8-6d38c0425bc0",NA,NA,1975,"1/24/1976","35a15ec1-3960-11ef-832c-2906cc9fb6bc","home","TuS Derschlag 1881","TSV Altenholz",16,12,TRUE,0,NA,NA,0,0,0,NA,0,0,0,0,0,0,NA,NA,NA,NA,NA,NA,NA,NA,0,0,0,0,NA,NA,NA,NA,NA
"Klaus Brand","51394441-3955-11ef-8fab-6d38c0425bc0",NA,NA,1975,"1/24/1976","35a15ec1-3960-11ef-832c-2906cc9fb6bc","home","TuS Derschlag 1881","TSV Altenholz",16,12,TRUE,1,NA,NA,0,0,0,NA,0,0,0,0,0,0,NA,NA,NA,NA,NA,NA,NA,NA,0,0,0,0,NA,NA,NA,NA,NA
"Ullrich Pohl","8c524587-3955-11ef-96af-81dc40648355",NA,NA,1975,"1/24/1976","35a15ec1-3960-11ef-832c-2906cc9fb6bc","home","TuS Derschlag 1881","TSV Altenholz",16,12,TRUE,1,NA,NA,0,0,0,NA,0,0,0,0,0,0,NA,NA,NA,NA,NA,NA,NA,NA,0,0,0,0,NA,NA,NA,NA,NA
"Đorđe Lavrnić","9674e86d-3955-11ef-8ae9-292be3190b7b",NA,NA,1975,"1/24/1976","35a15ec1-3960-11ef-832c-2906cc9fb6bc","home","TuS Derschlag 1881","TSV Altenholz",16,12,TRUE,3,NA,NA,0,0,1,NA,0,0,0,0,0,0,NA,NA,NA,NA,NA,NA,NA,NA,0,0,0,0,NA,NA,NA,NA,NA
"Ulrich Ufer","a2c8cfa8-3955-11ef-8510-2510cc07ea6e",NA,NA,1975,"1/24/1976","35a15ec1-3960-11ef-832c-2906cc9fb6bc","home","TuS Derschlag 1881","TSV Altenholz",16,12,TRUE,11,NA,NA,0,0,3,NA,0,0,0,0,0,0,NA,NA,NA,NA,NA,NA,NA,NA,0,0,0,0,NA,NA,NA,NA,NA
"Harald Ohrendorf","ae2b1f58-3955-11ef-baab-a36230ada079",NA,NA,1975,"1/24/1976","35a15ec1-3960-11ef-832c-2906cc9fb6bc","home","TuS Derschlag 1881","TSV Altenholz",16,12,TRUE,0,NA,NA,0,0,0,NA,0,0,0,0,0,0,NA,NA,NA,NA,NA,NA,NA,NA,0,0,0,0,NA,NA,NA,NA,NA
"Helmut Keller","ae2fb2ba-3955-11ef-b38f-a36230ada079",NA,NA,1975,"1/24/1976","35a15ec1-3960-11ef-832c-2906cc9fb6bc","home","TuS Derschlag 1881","TSV Altenholz",16,12,TRUE,0,NA,NA,0,0,0,NA,0,0,0,0,0,0,NA,NA,NA,NA,NA,NA,NA,NA,0,0,0,0,NA,NA,NA,NA,NA
"Eric Ludwig","b1331def-3955-11ef-b6f8-a36230ada079",NA,NA,1975,"1/24/1976","35a15ec1-3960-11ef-832c-2906cc9fb6bc","home","TuS Derschlag 1881","TSV Altenholz",16,12,TRUE,0,NA,NA,0,0,0,NA,0,0,0,0,0,0,NA,NA,NA,NA,NA,NA,NA,NA,0,0,0,0,NA,NA,NA,NA,NA
"Olaf Berner","a4006ca4-3955-11ef-a034-2510cc07ea6e",NA,NA,1975,"1/24/1976","35a15ec1-3960-11ef-832c-2906cc9fb6bc","away","TSV Altenholz","TuS Derschlag 1881",12,16,FALSE,4,NA,NA,0,0,1,NA,0,0,0,0,0,0,NA,NA,NA,NA,NA,NA,NA,NA,0,0,0,0,NA,NA,NA,NA,NA
"Peter Prehn","b073ee0a-3955-11ef-8404-a36230ada079",NA,NA,1975,"1/24/1976","35a15ec1-3960-11ef-832c-2906cc9fb6bc","away","TSV Altenholz","TuS Derschlag 1881",12,16,FALSE,2,NA,NA,0,0,0,NA,0,0,0,0,0,0,NA,NA,NA,NA,NA,NA,NA,NA,0,0,0,0,NA,NA,NA,NA,NA
"Peter Werk","b0784d6e-3955-11ef-9a85-a36230ada079",NA,NA,1975,"1/24/1976","35a15ec1-3960-11ef-832c-2906cc9fb6bc","away","TSV Altenholz","TuS Derschlag 1881",12,16,FALSE,1,NA,NA,0,0,0,NA,0,0,0,0,0,0,NA,NA,NA,NA,NA,NA,NA,NA,0,0,0,0,NA,NA,NA,NA,NA
"Hardmuth Groß","b07c9918-3955-11ef-a7b9-a36230ada079",NA,NA,1975,"1/24/1976","35a15ec1-3960-11ef-832c-2906cc9fb6bc","away","TSV Altenholz","TuS Derschlag 1881",12,16,FALSE,1,NA,NA,0,0,0,NA,0,0,0,0,0,0,NA,NA,NA,NA,NA,NA,NA,NA,0,0,0,0,NA,NA,NA,NA,NA
"Peter Bortel","b085b129-3955-11ef-b6a0-a36230ada079",NA,NA,1975,"1/24/1976","35a15ec1-3960-11ef-832c-2906cc9fb6bc","away","TSV Altenholz","TuS Derschlag 1881",12,16,FALSE,0,NA,NA,0,0,0,NA,0,0,0,0,0,0,NA,NA,NA,NA,NA,NA,NA,NA,0,0,0,0,NA,NA,NA,NA,NA
"Jörgen Danielsen","b08a7dec-3955-11ef-acb4-a36230ada079",NA,NA,1975,"1/24/1976","35a15ec1-3960-11ef-832c-2906cc9fb6bc","away","TSV Altenholz","TuS Derschlag 1881",12,16,FALSE,0,NA,NA,0,0,0,NA,0,0,0,0,0,0,NA,NA,NA,NA,NA,NA,NA,NA,0,0,0,0,NA,NA,NA,NA,NA
"Klaus Beckmann","b08ee1c0-3955-11ef-8689-a36230ada079",NA,NA,1975,"1/24/1976","35a15ec1-3960-11ef-832c-2906cc9fb6bc","away","TSV Altenholz","TuS Derschlag 1881",12,16,FALSE,0,NA,NA,0,0,0,NA,0,0,0,0,0,0,NA,NA,NA,NA,NA,NA,NA,NA,0,0,0,0,NA,NA,NA,NA,NA
"Peter Dewitz","b093b5b1-3955-11ef-97ca-a36230ada079",NA,NA,1975,"1/24/1976","35a15ec1-3960-11ef-832c-2906cc9fb6bc","away","TSV Altenholz","TuS Derschlag 1881",12,16,FALSE,0,NA,NA,0,0,0,NA,0,0,0,0,0,0,NA,NA,NA,NA,NA,NA,NA,NA,0,0,0,0,NA,NA,NA,NA,NA
"Klaus-Dieter Heiden","b09837ed-3955-11ef-99d8-a36230ada079",NA,NA,1975,"1/24/1976","35a15ec1-3960-11ef-832c-2906cc9fb6bc","away","TSV Altenholz","TuS Derschlag 1881",12,16,FALSE,1,NA,NA,0,0,0,NA,0,0,0,0,0,0,NA,NA,NA,NA,NA,NA,NA,NA,0,0,0,0,NA,NA,NA,NA,NA
"Klaus-Peter Römer","b09cfa69-3955-11ef-b8eb-a36230ada079",NA,NA,1975,"1/24/1976","35a15ec1-3960-11ef-832c-2906cc9fb6bc","away","TSV Altenholz","TuS Derschlag 1881",12,16,FALSE,3,NA,NA,0,0,1,NA,0,0,0,0,0,0,NA,NA,NA,NA,NA,NA,NA,NA,0,0,0,0,NA,NA,NA,NA,NA
"Manfred Schulz","b0a21333-3955-11ef-a679-a36230ada079",NA,NA,1975,"1/24/1976","35a15ec1-3960-11ef-832c-2906cc9fb6bc","away","TSV Altenholz","TuS Derschlag 1881",12,16,FALSE,0,NA,NA,0,0,0,NA,0,0,0,0,0,0,NA,NA,NA,NA,NA,NA,NA,NA,0,0,0,0,NA,NA,NA,NA,NA
"Holger Oertel","685d8d1c-3955-11ef-86af-292be3190b7b",NA,NA,1975,"1/24/1976","363d9834-3960-11ef-8382-2906cc9fb6bc","home","THW Kiel","SC Phönix Essen 1920",19,12,TRUE,0,NA,NA,0,0,0,NA,0,0,0,0,0,0,NA,NA,NA,NA,NA,NA,NA,NA,0,0,0,0,NA,NA,NA,NA,NA
"Gerd Welz","98273a90-3955-11ef-a3a2-292be3190b7b",NA,NA,1975,"1/24/1976","363d9834-3960-11ef-8382-2906cc9fb6bc","home","THW Kiel","SC Phönix Essen 1920",19,12,TRUE,1,NA,NA,0,0,1,NA,0,0,0,0,0,0,NA,NA,NA,NA,NA,NA,NA,NA,0,0,0,0,NA,NA,NA,NA,NA
"Hans-Lothar Bock","9991bda0-3955-11ef-a6c6-292be3190b7b",NA,NA,1975,"1/24/1976","363d9834-3960-11ef-8382-2906cc9fb6bc","home","THW Kiel","SC Phönix Essen 1920",19,12,TRUE,1,NA,NA,0,0,1,NA,0,0,0,0,0,0,NA,NA,NA,NA,NA,NA,NA,NA,0,0,0,0,NA,NA,NA,NA,NA
"Volker Harbs","9995a6f3-3955-11ef-b74f-292be3190b7b",NA,NA,1975,"1/24/1976","363d9834-3960-11ef-8382-2906cc9fb6bc","home","THW Kiel","SC Phönix Essen 1920",19,12,TRUE,3,NA,NA,0,0,1,NA,0,0,0,0,0,0,NA,NA,NA,NA,NA,NA,NA,NA,0,0,0,0,NA,NA,NA,NA,NA
"Dieter Krause","99996b47-3955-11ef-a9c9-292be3190b7b",NA,NA,1975,"1/24/1976","363d9834-3960-11ef-8382-2906cc9fb6bc","home","THW Kiel","SC Phönix Essen 1920",19,12,TRUE,4,NA,NA,0,0,0,NA,0,0,0,0,0,0,NA,NA,NA,NA,NA,NA,NA,NA,0,0,0,0,NA,NA,NA,NA,NA
"Wolfgang Stolz","999eb14b-3955-11ef-bbce-292be3190b7b",NA,NA,1975,"1/24/1976","363d9834-3960-11ef-8382-2906cc9fb6bc","home","THW Kiel","SC Phönix Essen 1920",19,12,TRUE,0,NA,NA,0,0,0,NA,0,0,0,0,0,0,NA,NA,NA,NA,NA,NA,NA,NA,0,0,0,0,NA,NA,NA,NA,NA
"Holger Aissen","a3fb7482-3955-11ef-858d-2510cc07ea6e",NA,NA,1975,"1/24/1976","363d9834-3960-11ef-8382-2906cc9fb6bc","home","THW Kiel","SC Phönix Essen 1920",19,12,TRUE,0,NA,NA,0,0,0,NA,0,0,0,0,0,0,NA,NA,NA,NA,NA,NA,NA,NA,0,0,0,0,NA,NA,NA,NA,NA
"Ingo Voß","ae396fa6-3955-11ef-acb0-a36230ada079",NA,NA,1975,"1/24/1976","363d9834-3960-11ef-8382-2906cc9fb6bc","home","THW Kiel","SC Phönix Essen 1920",19,12,TRUE,0,NA,NA,0,0,0,NA,0,0,0,0,0,0,NA,NA,NA,NA,NA,NA,NA,NA,0,0,0,0,NA,NA,NA,NA,NA
"Frank Requate","ae434759-3955-11ef-8758-a36230ada079",NA,NA,1975,"1/24/1976","363d9834-3960-11ef-8382-2906cc9fb6bc","home","THW Kiel","SC Phönix Essen 1920",19,12,TRUE,0,NA,NA,0,0,0,NA,0,0,0,0,0,0,NA,NA,NA,NA,NA,NA,NA,NA,0,0,0,0,NA,NA,NA,NA,NA
"Herwig Ahrendsen","b143192b-3955-11ef-bef0-a36230ada079",NA,NA,1975,"1/24/1976","363d9834-3960-11ef-8382-2906cc9fb6bc","home","THW Kiel","SC Phönix Essen 1920",19,12,TRUE,4,NA,NA,0,0,0,NA,0,0,0,0,0,0,NA,NA,NA,NA,NA,NA,NA,NA,0,0,0,0,NA,NA,NA,NA,NA
"Bernd Nielsen","b1480d2c-3955-11ef-8563-a36230ada079",NA,NA,1975,"1/24/1976","363d9834-3960-11ef-8382-2906cc9fb6bc","home","THW Kiel","SC Phönix Essen 1920",19,12,TRUE,2,NA,NA,0,0,0,NA,0,0,0,0,0,0,NA,NA,NA,NA,NA,NA,NA,NA,0,0,0,0,NA,NA,NA,NA,NA
"Hartwig Moll","b14ce7d8-3955-11ef-8cb5-a36230ada079",NA,NA,1975,"1/24/1976","363d9834-3960-11ef-8382-2906cc9fb6bc","home","THW Kiel","SC Phönix Essen 1920",19,12,TRUE,4,NA,NA,0,0,0,NA,0,0,0,0,0,0,NA,NA,NA,NA,NA,NA,NA,NA,0,0,0,0,NA,NA,NA,NA,NA
"Dieter Bartke","4fa6f4fc-3955-11ef-9f16-6d38c0425bc0",NA,NA,1975,"1/24/1976","363d9834-3960-11ef-8382-2906cc9fb6bc","away","SC Phönix Essen 1920","THW Kiel",12,19,FALSE,0,NA,NA,0,0,0,NA,0,0,0,0,0,0,NA,NA,NA,NA,NA,NA,NA,NA,0,0,0,0,NA,NA,NA,NA,NA
"Burkhard Windorf","8b6a317b-3955-11ef-84ca-81dc40648355",NA,NA,1975,"1/24/1976","363d9834-3960-11ef-8382-2906cc9fb6bc","away","SC Phönix Essen 1920","THW Kiel",12,19,FALSE,1,NA,NA,0,0,0,NA,0,0,0,0,0,0,NA,NA,NA,NA,NA,NA,NA,NA,0,0,0,0,NA,NA,NA,NA,NA
"Peter Kleibrink","a1d4c58c-3955-11ef-9cce-2510cc07ea6e",NA,NA,1975,"1/24/1976","363d9834-3960-11ef-8382-2906cc9fb6bc","away","SC Phönix Essen 1920","THW Kiel",12,19,FALSE,3,NA,NA,0,0,0,NA,0,0,0,0,0,0,NA,NA,NA,NA,NA,NA,NA,NA,0,0,0,0,NA,NA,NA,NA,NA
"Peter Bützer","a4cb5a85-3955-11ef-989d-2510cc07ea6e",NA,NA,1975,"1/24/1976","363d9834-3960-11ef-8382-2906cc9fb6bc","away","SC Phönix Essen 1920","THW Kiel",12,19,FALSE,0,NA,NA,0,0,0,NA,0,0,0,0,0,0,NA,NA,NA,NA,NA,NA,NA,NA,0,0,0,0,NA,NA,NA,NA,NA
"Jürgen Musebrink","a572f52f-3955-11ef-b6cb-2510cc07ea6e",NA,NA,1975,"1/24/1976","363d9834-3960-11ef-8382-2906cc9fb6bc","away","SC Phönix Essen 1920","THW Kiel",12,19,FALSE,0,NA,NA,0,0,0,NA,0,0,0,0,0,0,NA,NA,NA,NA,NA,NA,NA,NA,0,0,0,0,NA,NA,NA,NA,NA
"Carsten Matuszak","a59daa13-3955-11ef-9206-2510cc07ea6e",NA,NA,1975,"1/24/1976","363d9834-3960-11ef-8382-2906cc9fb6bc","away","SC Phönix Essen 1920","THW Kiel",12,19,FALSE,3,NA,NA,0,0,0,NA,0,0,0,0,0,0,NA,NA,NA,NA,NA,NA,NA,NA,0,0,0,0,NA,NA,NA,NA,NA
"Wilhelm Heidkamp","a5a2ef02-3955-11ef-9852-2510cc07ea6e",NA,NA,1975,"1/24/1976","363d9834-3960-11ef-8382-2906cc9fb6bc","away","SC Phönix Essen 1920","THW Kiel",12,19,FALSE,0,NA,NA,0,0,0,NA,0,0,0,0,0,0,NA,NA,NA,NA,NA,NA,NA,NA,0,0,0,0,NA,NA,NA,NA,NA
"Heinz Oberscheidt","a5ae94f2-3955-11ef-91fc-2510cc07ea6e",NA,NA,1975,"1/24/1976","363d9834-3960-11ef-8382-2906cc9fb6bc","away","SC Phönix Essen 1920","THW Kiel",12,19,FALSE,5,NA,NA,0,0,1,NA,0,0,0,0,0,0,NA,NA,NA,NA,NA,NA,NA,NA,0,0,0,0,NA,NA,NA,NA,NA
"Ingo Callies","b0b0659b-3955-11ef-87aa-a36230ada079",NA,NA,1975,"1/24/1976","363d9834-3960-11ef-8382-2906cc9fb6bc","away","SC Phönix Essen 1920","THW Kiel",12,19,FALSE,0,NA,NA,0,0,0,NA,0,0,0,0,0,0,NA,NA,NA,NA,NA,NA,NA,NA,0,0,0,0,NA,NA,NA,NA,NA
"Peter Forker","b0b50ef2-3955-11ef-964f-a36230ada079",NA,NA,1975,"1/24/1976","363d9834-3960-11ef-8382-2906cc9fb6bc","away","SC Phönix Essen 1920","THW Kiel",12,19,FALSE,0,NA,NA,0,0,0,NA,0,0,0,0,0,0,NA,NA,NA,NA,NA,NA,NA,NA,0,0,0,0,NA,NA,NA,NA,NA
"Emil Hauke","b0ba65f4-3955-11ef-9726-a36230ada079",NA,NA,1975,"1/24/1976","363d9834-3960-11ef-8382-2906cc9fb6bc","away","SC Phönix Essen 1920","THW Kiel",12,19,FALSE,0,NA,NA,0,0,0,NA,0,0,0,0,0,0,NA,NA,NA,NA,NA,NA,NA,NA,0,0,0,0,NA,NA,NA,NA,NA
"Rüdiger Hillebrand","b0c11a9c-3955-11ef-bf0d-a36230ada079",NA,NA,1975,"1/24/1976","363d9834-3960-11ef-8382-2906cc9fb6bc","away","SC Phönix Essen 1920","THW Kiel",12,19,FALSE,0,NA,NA,0,0,0,NA,0,0,0,0,0,0,NA,NA,NA,NA,NA,NA,NA,NA,0,0,0,0,NA,NA,NA,NA,NA
"Walter Don","73f54ad3-3955-11ef-b2c6-51fdf2a82730",NA,NA,1975,"1/24/1976","381004b9-3960-11ef-9206-2906cc9fb6bc","home","TV 05/07 Hüttenberg","Füchse Berlin",26,12,TRUE,4,NA,NA,0,0,2,NA,0,0,0,0,0,0,NA,NA,NA,NA,NA,NA,NA,NA,0,0,0,0,NA,NA,NA,NA,NA
"Harald Ohly","8048d89d-3955-11ef-a214-b908c60af10a",NA,NA,1975,"1/24/1976","381004b9-3960-11ef-9206-2906cc9fb6bc","home","TV 05/07 Hüttenberg","Füchse Berlin",26,12,TRUE,9,NA,NA,0,0,0,NA,0,0,0,0,0,0,NA,NA,NA,NA,NA,NA,NA,NA,0,0,0,0,NA,NA,NA,NA,NA
"Hans-Jürgen Völpel","80753eec-3955-11ef-bd2e-b908c60af10a",NA,NA,1975,"1/24/1976","381004b9-3960-11ef-9206-2906cc9fb6bc","home","TV 05/07 Hüttenberg","Füchse Berlin",26,12,TRUE,0,NA,NA,0,0,0,NA,0,0,0,0,0,0,NA,NA,NA,NA,NA,NA,NA,NA,0,0,0,0,NA,NA,NA,NA,NA
"Siegfried Weber","807d098c-3955-11ef-8827-b908c60af10a",NA,NA,1975,"1/24/1976","381004b9-3960-11ef-9206-2906cc9fb6bc","home","TV 05/07 Hüttenberg","Füchse Berlin",26,12,TRUE,0,NA,NA,0,0,0,NA,0,0,0,0,0,0,NA,NA,NA,NA,NA,NA,NA,NA,0,0,0,0,NA,NA,NA,NA,NA
"Horst Spengler","80adf446-3955-11ef-a1e6-b908c60af10a",NA,NA,1975,"1/24/1976","381004b9-3960-11ef-9206-2906cc9fb6bc","home","TV 05/07 Hüttenberg","Füchse Berlin",26,12,TRUE,7,NA,NA,0,0,0,NA,0,0,0,0,0,0,NA,NA,NA,NA,NA,NA,NA,NA,0,0,0,0,NA,NA,NA,NA,NA
"Klaus Meineke","8d0eefb2-3955-11ef-a068-81dc40648355",NA,NA,1975,"1/24/1976","381004b9-3960-11ef-9206-2906cc9fb6bc","home","TV 05/07 Hüttenberg","Füchse Berlin",26,12,TRUE,3,NA,NA,0,0,0,NA,0,0,0,0,0,0,NA,NA,NA,NA,NA,NA,NA,NA,0,0,0,0,NA,NA,NA,NA,NA
"Roland Stoy","96890f7d-3955-11ef-939e-292be3190b7b",NA,NA,1975,"1/24/1976","381004b9-3960-11ef-9206-2906cc9fb6bc","home","TV 05/07 Hüttenberg","Füchse Berlin",26,12,TRUE,0,NA,NA,0,0,0,NA,0,0,0,0,0,0,NA,NA,NA,NA,NA,NA,NA,NA,0,0,0,0,NA,NA,NA,NA,NA
"Stefan Schicketanz","a3d099d4-3955-11ef-90b6-2510cc07ea6e",NA,NA,1975,"1/24/1976","381004b9-3960-11ef-9206-2906cc9fb6bc","home","TV 05/07 Hüttenberg","Füchse Berlin",26,12,TRUE,0,NA,NA,0,0,0,NA,0,0,0,0,0,0,NA,NA,NA,NA,NA,NA,NA,NA,0,0,0,0,NA,NA,NA,NA,NA
"Hans-Willi Weber","a3f62960-3955-11ef-a9a1-2510cc07ea6e",NA,NA,1975,"1/24/1976","381004b9-3960-11ef-9206-2906cc9fb6bc","home","TV 05/07 Hüttenberg","Füchse Berlin",26,12,TRUE,1,NA,NA,0,0,0,NA,0,0,0,0,0,0,NA,NA,NA,NA,NA,NA,NA,NA,0,0,0,0,NA,NA,NA,NA,NA
"Udo Uebbing","ae4823ea-3955-11ef-93ce-a36230ada079",NA,NA,1975,"1/24/1976","381004b9-3960-11ef-9206-2906cc9fb6bc","home","TV 05/07 Hüttenberg","Füchse Berlin",26,12,TRUE,0,NA,NA,0,0,0,NA,0,0,0,0,0,0,NA,NA,NA,NA,NA,NA,NA,NA,0,0,0,0,NA,NA,NA,NA,NA
"Günter Werner","af912645-3955-11ef-a6b3-a36230ada079",NA,NA,1975,"1/24/1976","381004b9-3960-11ef-9206-2906cc9fb6bc","home","TV 05/07 Hüttenberg","Füchse Berlin",26,12,TRUE,1,NA,NA,0,0,0,NA,0,0,0,0,0,0,NA,NA,NA,NA,NA,NA,NA,NA,0,0,0,0,NA,NA,NA,NA,NA
"Josef Mantz","b15c537d-3955-11ef-b17c-a36230ada079",NA,NA,1975,"1/24/1976","381004b9-3960-11ef-9206-2906cc9fb6bc","home","TV 05/07 Hüttenberg","Füchse Berlin",26,12,TRUE,1,NA,NA,0,0,1,NA,0,0,0,0,0,0,NA,NA,NA,NA,NA,NA,NA,NA,0,0,0,0,NA,NA,NA,NA,NA
"Bernd Seehase","7f0c7bc5-3955-11ef-8b93-b908c60af10a",NA,NA,1975,"1/24/1976","381004b9-3960-11ef-9206-2906cc9fb6bc","away","Füchse Berlin","TV 05/07 Hüttenberg",12,26,FALSE,1,NA,NA,0,0,0,NA,0,0,0,0,0,0,NA,NA,NA,NA,NA,NA,NA,NA,0,0,0,0,NA,NA,NA,NA,NA
"Thomas Drust","7f41dffa-3955-11ef-8757-b908c60af10a",NA,NA,1975,"1/24/1976","381004b9-3960-11ef-9206-2906cc9fb6bc","away","Füchse Berlin","TV 05/07 Hüttenberg",12,26,FALSE,0,NA,NA,0,0,0,NA,0,0,0,0,0,0,NA,NA,NA,NA,NA,NA,NA,NA,0,0,0,0,NA,NA,NA,NA,NA
"Dieter Nerlich","7f4aaab6-3955-11ef-a6c5-b908c60af10a",NA,NA,1975,"1/24/1976","381004b9-3960-11ef-9206-2906cc9fb6bc","away","Füchse Berlin","TV 05/07 Hüttenberg",12,26,FALSE,0,NA,NA,0,0,0,NA,0,0,0,0,0,0,NA,NA,NA,NA,NA,NA,NA,NA,0,0,0,0,NA,NA,NA,NA,NA
"Andreas Pieper","8b17f063-3955-11ef-8f1b-81dc40648355",NA,NA,1975,"1/24/1976","381004b9-3960-11ef-9206-2906cc9fb6bc","away","Füchse Berlin","TV 05/07 Hüttenberg",12,26,FALSE,0,NA,NA,0,0,0,NA,0,0,0,0,0,0,NA,NA,NA,NA,NA,NA,NA,NA,0,0,0,0,NA,NA,NA,NA,NA
"Horst Rampp","8c760463-3955-11ef-b11d-81dc40648355",NA,NA,1975,"1/24/1976","381004b9-3960-11ef-9206-2906cc9fb6bc","away","Füchse Berlin","TV 05/07 Hüttenberg",12,26,FALSE,0,NA,NA,0,0,0,NA,0,0,0,0,0,0,NA,NA,NA,NA,NA,NA,NA,NA,0,0,0,0,NA,NA,NA,NA,NA
"Manfred Klein","a5ed5981-3955-11ef-aef8-2510cc07ea6e",NA,NA,1975,"1/24/1976","381004b9-3960-11ef-9206-2906cc9fb6bc","away","Füchse Berlin","TV 05/07 Hüttenberg",12,26,FALSE,0,NA,NA,0,0,0,NA,0,0,0,0,0,0,NA,NA,NA,NA,NA,NA,NA,NA,0,0,0,0,NA,NA,NA,NA,NA
"Reinhard Lembcke","a5f9e01f-3955-11ef-a753-2510cc07ea6e",NA,NA,1975,"1/24/1976","381004b9-3960-11ef-9206-2906cc9fb6bc","away","Füchse Berlin","TV 05/07 Hüttenberg",12,26,FALSE,2,NA,NA,0,0,0,NA,0,0,0,0,0,0,NA,NA,NA,NA,NA,NA,NA,NA,0,0,0,0,NA,NA,NA,NA,NA
"Dietmar Apitz","a606c2e6-3955-11ef-ae9a-2510cc07ea6e",NA,NA,1975,"1/24/1976","381004b9-3960-11ef-9206-2906cc9fb6bc","away","Füchse Berlin","TV 05/07 Hüttenberg",12,26,FALSE,0,NA,NA,0,0,0,NA,0,0,0,0,0,0,NA,NA,NA,NA,NA,NA,NA,NA,0,0,0,0,NA,NA,NA,NA,NA
"Wolfgang Braun","b1a4c388-3955-11ef-92b7-a36230ada079",NA,NA,1975,"1/24/1976","381004b9-3960-11ef-9206-2906cc9fb6bc","away","Füchse Berlin","TV 05/07 Hüttenberg",12,26,FALSE,6,NA,NA,0,0,5,NA,0,0,0,0,0,0,NA,NA,NA,NA,NA,NA,NA,NA,0,0,0,0,NA,NA,NA,NA,NA
"Detlef Finkelmann","b1a8f927-3955-11ef-a009-a36230ada079",NA,NA,1975,"1/24/1976","381004b9-3960-11ef-9206-2906cc9fb6bc","away","Füchse Berlin","TV 05/07 Hüttenberg",12,26,FALSE,2,NA,NA,0,0,0,NA,0,0,0,0,0,0,NA,NA,NA,NA,NA,NA,NA,NA,0,0,0,0,NA,NA,NA,NA,NA
"Lutz Loewke","b1b73b08-3955-11ef-b76a-a36230ada079",NA,NA,1975,"1/24/1976","381004b9-3960-11ef-9206-2906cc9fb6bc","away","Füchse Berlin","TV 05/07 Hüttenberg",12,26,FALSE,1,NA,NA,0,0,0,NA,0,0,0,0,0,0,NA,NA,NA,NA,NA,NA,NA,NA,0,0,0,0,NA,NA,NA,NA,NA
"Kurt Klühspies","5ac3e7d7-3955-11ef-b574-4fa817cd91bb",NA,NA,1975,"1/24/1976","401ba5df-3960-11ef-8168-2906cc9fb6bc","home","TV Großwallstadt","FRISCH AUF! Göppingen",13,15,FALSE,4,NA,NA,0,0,1,NA,0,0,0,0,0,0,NA,NA,NA,NA,NA,NA,NA,NA,0,0,0,0,NA,NA,NA,NA,NA
"Manfred Hofmann","6855eb0b-3955-11ef-8cb3-292be3190b7b",NA,NA,1975,"1/24/1976","401ba5df-3960-11ef-8168-2906cc9fb6bc","home","TV Großwallstadt","FRISCH AUF! Göppingen",13,15,FALSE,0,NA,NA,0,0,0,NA,0,0,0,0,0,0,NA,NA,NA,NA,NA,NA,NA,NA,0,0,0,0,NA,NA,NA,NA,NA
"Heinz-Theo Kaus","8086fdf9-3955-11ef-938f-b908c60af10a",NA,NA,1975,"1/24/1976","401ba5df-3960-11ef-8168-2906cc9fb6bc","home","TV Großwallstadt","FRISCH AUF! Göppingen",13,15,FALSE,0,NA,NA,0,0,0,NA,0,0,0,0,0,0,NA,NA,NA,NA,NA,NA,NA,NA,0,0,0,0,NA,NA,NA,NA,NA
"Thomas Sinsel","8adb8152-3955-11ef-b2de-81dc40648355",NA,NA,1975,"1/24/1976","401ba5df-3960-11ef-8168-2906cc9fb6bc","home","TV Großwallstadt","FRISCH AUF! Göppingen",13,15,FALSE,2,NA,NA,0,0,0,NA,0,0,0,0,0,0,NA,NA,NA,NA,NA,NA,NA,NA,0,0,0,0,NA,NA,NA,NA,NA
"Manfred Schwarz","96d98e53-3955-11ef-a3c9-292be3190b7b",NA,NA,1975,"1/24/1976","401ba5df-3960-11ef-8168-2906cc9fb6bc","home","TV Großwallstadt","FRISCH AUF! Göppingen",13,15,FALSE,1,NA,NA,0,0,0,NA,0,0,0,0,0,0,NA,NA,NA,NA,NA,NA,NA,NA,0,0,0,0,NA,NA,NA,NA,NA
"Wolfgang Dümig","978dc3fc-3955-11ef-b042-292be3190b7b",NA,NA,1975,"1/24/1976","401ba5df-3960-11ef-8168-2906cc9fb6bc","home","TV Großwallstadt","FRISCH AUF! Göppingen",13,15,FALSE,1,NA,NA,0,0,0,NA,0,0,0,0,0,0,NA,NA,NA,NA,NA,NA,NA,NA,0,0,0,0,NA,NA,NA,NA,NA
"Ulrich Schulz","9972a35f-3955-11ef-a06d-292be3190b7b",NA,NA,1975,"1/24/1976","401ba5df-3960-11ef-8168-2906cc9fb6bc","home","TV Großwallstadt","FRISCH AUF! Göppingen",13,15,FALSE,0,NA,NA,0,0,0,NA,0,0,0,0,0,0,NA,NA,NA,NA,NA,NA,NA,NA,0,0,0,0,NA,NA,NA,NA,NA
"Arno Böckling","a3c38db5-3955-11ef-810f-2510cc07ea6e",NA,NA,1975,"1/24/1976","401ba5df-3960-11ef-8168-2906cc9fb6bc","home","TV Großwallstadt","FRISCH AUF! Göppingen",13,15,FALSE,1,NA,NA,0,0,0,NA,0,0,0,0,0,0,NA,NA,NA,NA,NA,NA,NA,NA,0,0,0,0,NA,NA,NA,NA,NA
"Eckhardt Suffel","aeac0503-3955-11ef-88c6-a36230ada079",NA,NA,1975,"1/24/1976","401ba5df-3960-11ef-8168-2906cc9fb6bc","home","TV Großwallstadt","FRISCH AUF! Göppingen",13,15,FALSE,2,NA,NA,0,0,0,NA,0,0,0,0,0,0,NA,NA,NA,NA,NA,NA,NA,NA,0,0,0,0,NA,NA,NA,NA,NA
"Axel Emig","aeb0e35f-3955-11ef-8342-a36230ada079",NA,NA,1975,"1/24/1976","401ba5df-3960-11ef-8168-2906cc9fb6bc","home","TV Großwallstadt","FRISCH AUF! Göppingen",13,15,FALSE,1,NA,NA,0,0,0,NA,0,0,0,0,0,0,NA,NA,NA,NA,NA,NA,NA,NA,0,0,0,0,NA,NA,NA,NA,NA
"Manfred Meudt","af9be5ed-3955-11ef-a3e3-a36230ada079",NA,NA,1975,"1/24/1976","401ba5df-3960-11ef-8168-2906cc9fb6bc","home","TV Großwallstadt","FRISCH AUF! Göppingen",13,15,FALSE,1,NA,NA,0,0,0,NA,0,0,0,0,0,0,NA,NA,NA,NA,NA,NA,NA,NA,0,0,0,0,NA,NA,NA,NA,NA
"Norbert Klein","b18179dc-3955-11ef-acc0-a36230ada079",NA,NA,1975,"1/24/1976","401ba5df-3960-11ef-8168-2906cc9fb6bc","home","TV Großwallstadt","FRISCH AUF! Göppingen",13,15,FALSE,0,NA,NA,0,0,0,NA,0,0,0,0,0,0,NA,NA,NA,NA,NA,NA,NA,NA,0,0,0,0,NA,NA,NA,NA,NA
"Arnulf Dümmel","81093055-3955-11ef-9deb-b908c60af10a",NA,NA,1975,"1/24/1976","401ba5df-3960-11ef-8168-2906cc9fb6bc","away","FRISCH AUF! Göppingen","TV Großwallstadt",15,13,TRUE,2,NA,NA,0,0,0,NA,0,0,0,0,0,0,NA,NA,NA,NA,NA,NA,NA,NA,0,0,0,0,NA,NA,NA,NA,NA
"Armin Emrich","8cdd3680-3955-11ef-a93e-81dc40648355",NA,NA,1975,"1/24/1976","401ba5df-3960-11ef-8168-2906cc9fb6bc","away","FRISCH AUF! Göppingen","TV Großwallstadt",15,13,TRUE,2,NA,NA,0,0,0,NA,0,0,0,0,0,0,NA,NA,NA,NA,NA,NA,NA,NA,0,0,0,0,NA,NA,NA,NA,NA
"Hartmut Bressmer","97fa9b74-3955-11ef-ba4c-292be3190b7b",NA,NA,1975,"1/24/1976","401ba5df-3960-11ef-8168-2906cc9fb6bc","away","FRISCH AUF! Göppingen","TV Großwallstadt",15,13,TRUE,1,NA,NA,0,0,0,NA,0,0,0,0,0,0,NA,NA,NA,NA,NA,NA,NA,NA,0,0,0,0,NA,NA,NA,NA,NA
"Gunnar Einarsson","98473f03-3955-11ef-b6da-292be3190b7b",NA,NA,1975,"1/24/1976","401ba5df-3960-11ef-8168-2906cc9fb6bc","away","FRISCH AUF! Göppingen","TV Großwallstadt",15,13,TRUE,5,NA,NA,0,0,4,NA,0,0,0,0,0,0,NA,NA,NA,NA,NA,NA,NA,NA,0,0,0,0,NA,NA,NA,NA,NA
"Hans-Eberhard Finkbeiner","a2f451eb-3955-11ef-99da-2510cc07ea6e",NA,NA,1975,"1/24/1976","401ba5df-3960-11ef-8168-2906cc9fb6bc","away","FRISCH AUF! Göppingen","TV Großwallstadt",15,13,TRUE,0,NA,NA,0,0,0,NA,0,0,0,0,0,0,NA,NA,NA,NA,NA,NA,NA,NA,0,0,0,0,NA,NA,NA,NA,NA
"Wolfgang Don","a2ff75a5-3955-11ef-a510-2510cc07ea6e",NA,NA,1975,"1/24/1976","401ba5df-3960-11ef-8168-2906cc9fb6bc","away","FRISCH AUF! Göppingen","TV Großwallstadt",15,13,TRUE,2,NA,NA,0,0,0,NA,0,0,0,0,0,0,NA,NA,NA,NA,NA,NA,NA,NA,0,0,0,0,NA,NA,NA,NA,NA
"Siegmund Seeger","af76d008-3955-11ef-b7c9-a36230ada079",NA,NA,1975,"1/24/1976","401ba5df-3960-11ef-8168-2906cc9fb6bc","away","FRISCH AUF! Göppingen","TV Großwallstadt",15,13,TRUE,1,NA,NA,0,0,0,NA,0,0,0,0,0,0,NA,NA,NA,NA,NA,NA,NA,NA,0,0,0,0,NA,NA,NA,NA,NA
"Hans Brodbeck","b1f00cc3-3955-11ef-b4c9-a36230ada079",NA,NA,1975,"1/24/1976","401ba5df-3960-11ef-8168-2906cc9fb6bc","away","FRISCH AUF! Göppingen","TV Großwallstadt",15,13,TRUE,0,NA,NA,0,0,0,NA,0,0,0,0,0,0,NA,NA,NA,NA,NA,NA,NA,NA,0,0,0,0,NA,NA,NA,NA,NA
"Günter Schweikardt","d3e60b79-3953-11ef-9e8c-e3f2de03a1b7",NA,NA,1975,"1/24/1976","401ba5df-3960-11ef-8168-2906cc9fb6bc","away","FRISCH AUF! Göppingen","TV Großwallstadt",15,13,TRUE,2,NA,NA,0,0,0,NA,0,0,0,0,0,0,NA,NA,NA,NA,NA,NA,NA,NA,0,0,0,0,NA,NA,NA,NA,NA
"Winfried Damm","73c56170-3955-11ef-9cca-51fdf2a82730",NA,NA,1975,"1/24/1976","42cf24bc-3960-11ef-aecf-2906cc9fb6bc","home","TSV 1896 Rintheim","TV 1893 Neuhausen",13,16,FALSE,0,NA,NA,0,0,0,NA,0,0,0,0,0,0,NA,NA,NA,NA,NA,NA,NA,NA,0,0,0,0,NA,NA,NA,NA,NA
"Gerhard Gaiser","7fd4e3db-3955-11ef-b327-b908c60af10a",NA,NA,1975,"1/24/1976","42cf24bc-3960-11ef-aecf-2906cc9fb6bc","home","TSV 1896 Rintheim","TV 1893 Neuhausen",13,16,FALSE,1,NA,NA,0,0,0,NA,0,0,0,0,0,0,NA,NA,NA,NA,NA,NA,NA,NA,0,0,0,0,NA,NA,NA,NA,NA
"Roland Kröger","81272d6a-3955-11ef-b027-b908c60af10a",NA,NA,1975,"1/24/1976","42cf24bc-3960-11ef-aecf-2906cc9fb6bc","home","TSV 1896 Rintheim","TV 1893 Neuhausen",13,16,FALSE,1,NA,NA,0,0,0,NA,0,0,0,0,0,0,NA,NA,NA,NA,NA,NA,NA,NA,0,0,0,0,NA,NA,NA,NA,NA
"Max Müller","99453a6b-3955-11ef-84c2-292be3190b7b",NA,NA,1975,"1/24/1976","42cf24bc-3960-11ef-aecf-2906cc9fb6bc","home","TSV 1896 Rintheim","TV 1893 Neuhausen",13,16,FALSE,5,NA,NA,0,0,4,NA,0,0,0,0,0,0,NA,NA,NA,NA,NA,NA,NA,NA,0,0,0,0,NA,NA,NA,NA,NA
"Alfred Schmitt","a25e1dab-3955-11ef-b412-2510cc07ea6e",NA,NA,1975,"1/24/1976","42cf24bc-3960-11ef-aecf-2906cc9fb6bc","home","TSV 1896 Rintheim","TV 1893 Neuhausen",13,16,FALSE,0,NA,NA,0,0,0,NA,0,0,0,0,0,0,NA,NA,NA,NA,NA,NA,NA,NA,0,0,0,0,NA,NA,NA,NA,NA
"Rudi Stein","a27f8606-3955-11ef-8352-2510cc07ea6e",NA,NA,1975,"1/24/1976","42cf24bc-3960-11ef-aecf-2906cc9fb6bc","home","TSV 1896 Rintheim","TV 1893 Neuhausen",13,16,FALSE,5,NA,NA,0,0,0,NA,0,0,0,0,0,0,NA,NA,NA,NA,NA,NA,NA,NA,0,0,0,0,NA,NA,NA,NA,NA
"Rudi Lechleidner","aec862a4-3955-11ef-ad66-a36230ada079",NA,NA,1975,"1/24/1976","42cf24bc-3960-11ef-aecf-2906cc9fb6bc","home","TSV 1896 Rintheim","TV 1893 Neuhausen",13,16,FALSE,0,NA,NA,0,0,0,NA,0,0,0,0,0,0,NA,NA,NA,NA,NA,NA,NA,NA,0,0,0,0,NA,NA,NA,NA,NA
"Wilfried Job","af3ed007-3955-11ef-9184-a36230ada079",NA,NA,1975,"1/24/1976","42cf24bc-3960-11ef-aecf-2906cc9fb6bc","home","TSV 1896 Rintheim","TV 1893 Neuhausen",13,16,FALSE,1,NA,NA,0,0,0,NA,0,0,0,0,0,0,NA,NA,NA,NA,NA,NA,NA,NA,0,0,0,0,NA,NA,NA,NA,NA
"Claus Erles","af42e492-3955-11ef-a26e-a36230ada079",NA,NA,1975,"1/24/1976","42cf24bc-3960-11ef-aecf-2906cc9fb6bc","home","TSV 1896 Rintheim","TV 1893 Neuhausen",13,16,FALSE,0,NA,NA,0,0,0,NA,0,0,0,0,0,0,NA,NA,NA,NA,NA,NA,NA,NA,0,0,0,0,NA,NA,NA,NA,NA
"Rolf Barthel","b1e747bc-3955-11ef-bf9b-a36230ada079",NA,NA,1975,"1/24/1976","42cf24bc-3960-11ef-aecf-2906cc9fb6bc","home","TSV 1896 Rintheim","TV 1893 Neuhausen",13,16,FALSE,1,NA,NA,0,0,1,NA,0,0,0,0,0,0,NA,NA,NA,NA,NA,NA,NA,NA,0,0,0,0,NA,NA,NA,NA,NA
"Walter Salzer","8d394c72-3955-11ef-8d73-81dc40648355",NA,NA,1975,"1/24/1976","42cf24bc-3960-11ef-aecf-2906cc9fb6bc","away","TV 1893 Neuhausen","TSV 1896 Rintheim",16,13,TRUE,3,NA,NA,0,0,0,NA,0,0,0,0,0,0,NA,NA,NA,NA,NA,NA,NA,NA,0,0,0,0,NA,NA,NA,NA,NA
"Robert Kemmler","a438d7c7-3955-11ef-8ff6-2510cc07ea6e",NA,NA,1975,"1/24/1976","42cf24bc-3960-11ef-aecf-2906cc9fb6bc","away","TV 1893 Neuhausen","TSV 1896 Rintheim",16,13,TRUE,3,NA,NA,0,0,0,NA,0,0,0,0,0,0,NA,NA,NA,NA,NA,NA,NA,NA,0,0,0,0,NA,NA,NA,NA,NA
"Manfred Klugger","a43e35c7-3955-11ef-b0dc-2510cc07ea6e",NA,NA,1975,"1/24/1976","42cf24bc-3960-11ef-aecf-2906cc9fb6bc","away","TV 1893 Neuhausen","TSV 1896 Rintheim",16,13,TRUE,0,NA,NA,0,0,0,NA,0,0,0,0,0,0,NA,NA,NA,NA,NA,NA,NA,NA,0,0,0,0,NA,NA,NA,NA,NA
"Hermann Mäurle","a44f95e3-3955-11ef-b53d-2510cc07ea6e",NA,NA,1975,"1/24/1976","42cf24bc-3960-11ef-aecf-2906cc9fb6bc","away","TV 1893 Neuhausen","TSV 1896 Rintheim",16,13,TRUE,3,NA,NA,0,0,2,NA,0,0,0,0,0,0,NA,NA,NA,NA,NA,NA,NA,NA,0,0,0,0,NA,NA,NA,NA,NA
"Rolf Miller","a4552808-3955-11ef-ac39-2510cc07ea6e",NA,NA,1975,"1/24/1976","42cf24bc-3960-11ef-aecf-2906cc9fb6bc","away","TV 1893 Neuhausen","TSV 1896 Rintheim",16,13,TRUE,5,NA,NA,0,0,0,NA,0,0,0,0,0,0,NA,NA,NA,NA,NA,NA,NA,NA,0,0,0,0,NA,NA,NA,NA,NA
"Manfred Reusch","a45a1b11-3955-11ef-8135-2510cc07ea6e",NA,NA,1975,"1/24/1976","42cf24bc-3960-11ef-aecf-2906cc9fb6bc","away","TV 1893 Neuhausen","TSV 1896 Rintheim",16,13,TRUE,0,NA,NA,0,0,0,NA,0,0,0,0,0,0,NA,NA,NA,NA,NA,NA,NA,NA,0,0,0,0,NA,NA,NA,NA,NA
"Eugen Schmid","a460a6b1-3955-11ef-966d-2510cc07ea6e",NA,NA,1975,"1/24/1976","42cf24bc-3960-11ef-aecf-2906cc9fb6bc","away","TV 1893 Neuhausen","TSV 1896 Rintheim",16,13,TRUE,2,NA,NA,0,0,0,NA,0,0,0,0,0,0,NA,NA,NA,NA,NA,NA,NA,NA,0,0,0,0,NA,NA,NA,NA,NA
"Manfred Schmid","a468025d-3955-11ef-ae56-2510cc07ea6e",NA,NA,1975,"1/24/1976","42cf24bc-3960-11ef-aecf-2906cc9fb6bc","away","TV 1893 Neuhausen","TSV 1896 Rintheim",16,13,TRUE,0,NA,NA,0,0,0,NA,0,0,0,0,0,0,NA,NA,NA,NA,NA,NA,NA,NA,0,0,0,0,NA,NA,NA,NA,NA
"Wolfgang Ruoff","b21c931a-3955-11ef-96d4-a36230ada079",NA,NA,1975,"1/24/1976","42cf24bc-3960-11ef-aecf-2906cc9fb6bc","away","TV 1893 Neuhausen","TSV 1896 Rintheim",16,13,TRUE,0,NA,NA,0,0,0,NA,0,0,0,0,0,0,NA,NA,NA,NA,NA,NA,NA,NA,0,0,0,0,NA,NA,NA,NA,NA
"Johann Högl","b2211f04-3955-11ef-a5bd-a36230ada079",NA,NA,1975,"1/24/1976","42cf24bc-3960-11ef-aecf-2906cc9fb6bc","away","TV 1893 Neuhausen","TSV 1896 Rintheim",16,13,TRUE,0,NA,NA,0,0,0,NA,0,0,0,0,0,0,NA,NA,NA,NA,NA,NA,NA,NA,0,0,0,0,NA,NA,NA,NA,NA
"Peter Pickel","8c973b42-3955-11ef-8c71-81dc40648355",NA,NA,1975,"1/25/1976","30d20be3-3960-11ef-a39c-2906cc9fb6bc","home","Hamburger SV","VfL Gummersbach",11,16,FALSE,2,NA,NA,0,0,0,NA,0,0,0,0,0,0,NA,NA,NA,NA,NA,NA,NA,NA,0,0,0,0,NA,NA,NA,NA,NA
"Hans-Jürgen Bode","b011e6da-3955-11ef-8205-a36230ada079",NA,NA,1975,"1/25/1976","30d20be3-3960-11ef-a39c-2906cc9fb6bc","home","Hamburger SV","VfL Gummersbach",11,16,FALSE,0,NA,NA,0,0,0,NA,0,0,0,0,0,0,NA,NA,NA,NA,NA,NA,NA,NA,0,0,0,0,NA,NA,NA,NA,NA
"Holger Nitschke","b01a8950-3955-11ef-a243-a36230ada079",NA,NA,1975,"1/25/1976","30d20be3-3960-11ef-a39c-2906cc9fb6bc","home","Hamburger SV","VfL Gummersbach",11,16,FALSE,2,NA,NA,0,0,0,NA,0,0,0,0,0,0,NA,NA,NA,NA,NA,NA,NA,NA,0,0,0,0,NA,NA,NA,NA,NA
"Ralph Mathies","b023b170-3955-11ef-87a6-a36230ada079",NA,NA,1975,"1/25/1976","30d20be3-3960-11ef-a39c-2906cc9fb6bc","home","Hamburger SV","VfL Gummersbach",11,16,FALSE,1,NA,NA,0,0,0,NA,0,0,0,0,0,0,NA,NA,NA,NA,NA,NA,NA,NA,0,0,0,0,NA,NA,NA,NA,NA
"Jens Ivers","b02f4aea-3955-11ef-801e-a36230ada079",NA,NA,1975,"1/25/1976","30d20be3-3960-11ef-a39c-2906cc9fb6bc","home","Hamburger SV","VfL Gummersbach",11,16,FALSE,1,NA,NA,0,0,0,NA,0,0,0,0,0,0,NA,NA,NA,NA,NA,NA,NA,NA,0,0,0,0,NA,NA,NA,NA,NA
"Hans-Joachim Beißel","b0341bcb-3955-11ef-9e08-a36230ada079",NA,NA,1975,"1/25/1976","30d20be3-3960-11ef-a39c-2906cc9fb6bc","home","Hamburger SV","VfL Gummersbach",11,16,FALSE,0,NA,NA,0,0,0,NA,0,0,0,0,0,0,NA,NA,NA,NA,NA,NA,NA,NA,0,0,0,0,NA,NA,NA,NA,NA
"Klaus Porepp","b0396b18-3955-11ef-b5cf-a36230ada079",NA,NA,1975,"1/25/1976","30d20be3-3960-11ef-a39c-2906cc9fb6bc","home","Hamburger SV","VfL Gummersbach",11,16,FALSE,0,NA,NA,0,0,0,NA,0,0,0,0,0,0,NA,NA,NA,NA,NA,NA,NA,NA,0,0,0,0,NA,NA,NA,NA,NA
"Norbert Germer","b03f8101-3955-11ef-8945-a36230ada079",NA,NA,1975,"1/25/1976","30d20be3-3960-11ef-a39c-2906cc9fb6bc","home","Hamburger SV","VfL Gummersbach",11,16,FALSE,1,NA,NA,0,0,0,NA,0,0,0,0,0,0,NA,NA,NA,NA,NA,NA,NA,NA,0,0,0,0,NA,NA,NA,NA,NA
"Bernd Eppler","b0442222-3955-11ef-841b-a36230ada079",NA,NA,1975,"1/25/1976","30d20be3-3960-11ef-a39c-2906cc9fb6bc","home","Hamburger SV","VfL Gummersbach",11,16,FALSE,3,NA,NA,0,0,0,NA,0,0,0,0,0,0,NA,NA,NA,NA,NA,NA,NA,NA,0,0,0,0,NA,NA,NA,NA,NA
"Uwe Tesloff","b049ae56-3955-11ef-a5f7-a36230ada079",NA,NA,1975,"1/25/1976","30d20be3-3960-11ef-a39c-2906cc9fb6bc","home","Hamburger SV","VfL Gummersbach",11,16,FALSE,0,NA,NA,0,0,0,NA,0,0,0,0,0,0,NA,NA,NA,NA,NA,NA,NA,NA,0,0,0,0,NA,NA,NA,NA,NA
"Michael Surmann","b04e41f0-3955-11ef-8320-a36230ada079",NA,NA,1975,"1/25/1976","30d20be3-3960-11ef-a39c-2906cc9fb6bc","home","Hamburger SV","VfL Gummersbach",11,16,FALSE,1,NA,NA,0,0,0,NA,0,0,0,0,0,0,NA,NA,NA,NA,NA,NA,NA,NA,0,0,0,0,NA,NA,NA,NA,NA
"Heiner Brand","44e82d45-3955-11ef-bc71-4fa817cd91bb",NA,NA,1975,"1/25/1976","30d20be3-3960-11ef-a39c-2906cc9fb6bc","away","VfL Gummersbach","Hamburger SV",16,11,TRUE,3,NA,NA,0,0,0,NA,0,0,0,0,0,0,NA,NA,NA,NA,NA,NA,NA,NA,0,0,0,0,NA,NA,NA,NA,NA
"Klaus Kater","8da1f6ef-3955-11ef-b31a-81dc40648355",NA,NA,1975,"1/25/1976","30d20be3-3960-11ef-a39c-2906cc9fb6bc","away","VfL Gummersbach","Hamburger SV",16,11,TRUE,0,NA,NA,0,0,0,NA,0,0,0,0,0,0,NA,NA,NA,NA,NA,NA,NA,NA,0,0,0,0,NA,NA,NA,NA,NA
"Klaus Schlagheck","97a06613-3955-11ef-8056-292be3190b7b",NA,NA,1975,"1/25/1976","30d20be3-3960-11ef-a39c-2906cc9fb6bc","away","VfL Gummersbach","Hamburger SV",16,11,TRUE,1,NA,NA,0,0,0,NA,0,0,0,0,0,0,NA,NA,NA,NA,NA,NA,NA,NA,0,0,0,0,NA,NA,NA,NA,NA
"Joachim Deckarm","9976945f-3955-11ef-afc4-292be3190b7b",NA,NA,1975,"1/25/1976","30d20be3-3960-11ef-a39c-2906cc9fb6bc","away","VfL Gummersbach","Hamburger SV",16,11,TRUE,5,NA,NA,0,0,3,NA,0,0,0,0,0,0,NA,NA,NA,NA,NA,NA,NA,NA,0,0,0,0,NA,NA,NA,NA,NA
"Jochen Feldhoff","a32751a5-3955-11ef-badf-2510cc07ea6e",NA,NA,1975,"1/25/1976","30d20be3-3960-11ef-a39c-2906cc9fb6bc","away","VfL Gummersbach","Hamburger SV",16,11,TRUE,3,NA,NA,0,0,0,NA,0,0,0,0,0,0,NA,NA,NA,NA,NA,NA,NA,NA,0,0,0,0,NA,NA,NA,NA,NA
"Manfred Glodde","a32e0a86-3955-11ef-9caa-2510cc07ea6e",NA,NA,1975,"1/25/1976","30d20be3-3960-11ef-a39c-2906cc9fb6bc","away","VfL Gummersbach","Hamburger SV",16,11,TRUE,0,NA,NA,0,0,0,NA,0,0,0,0,0,0,NA,NA,NA,NA,NA,NA,NA,NA,0,0,0,0,NA,NA,NA,NA,NA
"Joachim Henkels","a3386008-3955-11ef-810a-2510cc07ea6e",NA,NA,1975,"1/25/1976","30d20be3-3960-11ef-a39c-2906cc9fb6bc","away","VfL Gummersbach","Hamburger SV",16,11,TRUE,0,NA,NA,0,0,0,NA,0,0,0,0,0,0,NA,NA,NA,NA,NA,NA,NA,NA,0,0,0,0,NA,NA,NA,NA,NA
"Karl-Heinz Nolde","a33d5c4a-3955-11ef-b577-2510cc07ea6e",NA,NA,1975,"1/25/1976","30d20be3-3960-11ef-a39c-2906cc9fb6bc","away","VfL Gummersbach","Hamburger SV",16,11,TRUE,0,NA,NA,0,0,0,NA,0,0,0,0,0,0,NA,NA,NA,NA,NA,NA,NA,NA,0,0,0,0,NA,NA,NA,NA,NA
"Hans-Günther Schmidt","aff5702f-3955-11ef-9878-a36230ada079",NA,NA,1975,"1/25/1976","30d20be3-3960-11ef-a39c-2906cc9fb6bc","away","VfL Gummersbach","Hamburger SV",16,11,TRUE,4,NA,NA,0,0,0,NA,0,0,0,0,0,0,NA,NA,NA,NA,NA,NA,NA,NA,0,0,0,0,NA,NA,NA,NA,NA
"Rudolf Rauer","6829713f-3955-11ef-9d88-292be3190b7b",NA,NA,1975,"1/25/1976","34ce582c-3960-11ef-ac2a-2906cc9fb6bc","home","TuS 05 Wellinghofen","VfL Lübeck-Schwartau",15,10,TRUE,0,NA,NA,0,0,0,NA,0,0,0,0,0,0,NA,NA,NA,NA,NA,NA,NA,NA,0,0,0,0,NA,NA,NA,NA,NA
"Karl-Heinz Schulz","72847241-3955-11ef-8bd4-51fdf2a82730",NA,NA,1975,"1/25/1976","34ce582c-3960-11ef-ac2a-2906cc9fb6bc","home","TuS 05 Wellinghofen","VfL Lübeck-Schwartau",15,10,TRUE,1,NA,NA,0,0,0,NA,0,0,0,0,0,0,NA,NA,NA,NA,NA,NA,NA,NA,0,0,0,0,NA,NA,NA,NA,NA
"Hans-Peter Neuhaus","8d9d3887-3955-11ef-80a3-81dc40648355",NA,NA,1975,"1/25/1976","34ce582c-3960-11ef-ac2a-2906cc9fb6bc","home","TuS 05 Wellinghofen","VfL Lübeck-Schwartau",15,10,TRUE,0,NA,NA,0,0,0,NA,0,0,0,0,0,0,NA,NA,NA,NA,NA,NA,NA,NA,0,0,0,0,NA,NA,NA,NA,NA
"Klaus Erwe","a4f54a19-3955-11ef-b48a-2510cc07ea6e",NA,NA,1975,"1/25/1976","34ce582c-3960-11ef-ac2a-2906cc9fb6bc","home","TuS 05 Wellinghofen","VfL Lübeck-Schwartau",15,10,TRUE,0,NA,NA,0,0,0,NA,0,0,0,0,0,0,NA,NA,NA,NA,NA,NA,NA,NA,0,0,0,0,NA,NA,NA,NA,NA
"Frank Haardt","a4fb1cad-3955-11ef-bd99-2510cc07ea6e",NA,NA,1975,"1/25/1976","34ce582c-3960-11ef-ac2a-2906cc9fb6bc","home","TuS 05 Wellinghofen","VfL Lübeck-Schwartau",15,10,TRUE,0,NA,NA,0,0,0,NA,0,0,0,0,0,0,NA,NA,NA,NA,NA,NA,NA,NA,0,0,0,0,NA,NA,NA,NA,NA
"Harald Zapler","a502f6b3-3955-11ef-a0c2-2510cc07ea6e",NA,NA,1975,"1/25/1976","34ce582c-3960-11ef-ac2a-2906cc9fb6bc","home","TuS 05 Wellinghofen","VfL Lübeck-Schwartau",15,10,TRUE,2,NA,NA,0,0,0,NA,0,0,0,0,0,0,NA,NA,NA,NA,NA,NA,NA,NA,0,0,0,0,NA,NA,NA,NA,NA
"Wilfried Rettig","a517a588-3955-11ef-a8d7-2510cc07ea6e",NA,NA,1975,"1/25/1976","34ce582c-3960-11ef-ac2a-2906cc9fb6bc","home","TuS 05 Wellinghofen","VfL Lübeck-Schwartau",15,10,TRUE,6,NA,NA,0,0,3,NA,0,0,0,0,0,0,NA,NA,NA,NA,NA,NA,NA,NA,0,0,0,0,NA,NA,NA,NA,NA
"Winfried Gabel","a521dedb-3955-11ef-a3bd-2510cc07ea6e",NA,NA,1975,"1/25/1976","34ce582c-3960-11ef-ac2a-2906cc9fb6bc","home","TuS 05 Wellinghofen","VfL Lübeck-Schwartau",15,10,TRUE,3,NA,NA,0,0,0,NA,0,0,0,0,0,0,NA,NA,NA,NA,NA,NA,NA,NA,0,0,0,0,NA,NA,NA,NA,NA
"Klaus Happe","a527494a-3955-11ef-a4fa-2510cc07ea6e",NA,NA,1975,"1/25/1976","34ce582c-3960-11ef-ac2a-2906cc9fb6bc","home","TuS 05 Wellinghofen","VfL Lübeck-Schwartau",15,10,TRUE,0,NA,NA,0,0,0,NA,0,0,0,0,0,0,NA,NA,NA,NA,NA,NA,NA,NA,0,0,0,0,NA,NA,NA,NA,NA
"Ulrich Staege","b05c5beb-3955-11ef-a7d6-a36230ada079",NA,NA,1975,"1/25/1976","34ce582c-3960-11ef-ac2a-2906cc9fb6bc","home","TuS 05 Wellinghofen","VfL Lübeck-Schwartau",15,10,TRUE,2,NA,NA,0,0,0,NA,0,0,0,0,0,0,NA,NA,NA,NA,NA,NA,NA,NA,0,0,0,0,NA,NA,NA,NA,NA
"Herbert Rogge","b06614d7-3955-11ef-a43b-a36230ada079",NA,NA,1975,"1/25/1976","34ce582c-3960-11ef-ac2a-2906cc9fb6bc","home","TuS 05 Wellinghofen","VfL Lübeck-Schwartau",15,10,TRUE,1,NA,NA,0,0,0,NA,0,0,0,0,0,0,NA,NA,NA,NA,NA,NA,NA,NA,0,0,0,0,NA,NA,NA,NA,NA
"Klaus-Peter Alwardt","800d39da-3955-11ef-bf47-b908c60af10a",NA,NA,1975,"1/25/1976","34ce582c-3960-11ef-ac2a-2906cc9fb6bc","away","VfL Lübeck-Schwartau","TuS 05 Wellinghofen",10,15,FALSE,1,NA,NA,0,0,0,NA,0,0,0,0,0,0,NA,NA,NA,NA,NA,NA,NA,NA,0,0,0,0,NA,NA,NA,NA,NA
"Michael Dogs","b0cecb4a-3955-11ef-b665-a36230ada079",NA,NA,1975,"1/25/1976","34ce582c-3960-11ef-ac2a-2906cc9fb6bc","away","VfL Lübeck-Schwartau","TuS 05 Wellinghofen",10,15,FALSE,0,NA,NA,0,0,0,NA,0,0,0,0,0,0,NA,NA,NA,NA,NA,NA,NA,NA,0,0,0,0,NA,NA,NA,NA,NA
"Peter Toll","b0d38f08-3955-11ef-8430-a36230ada079",NA,NA,1975,"1/25/1976","34ce582c-3960-11ef-ac2a-2906cc9fb6bc","away","VfL Lübeck-Schwartau","TuS 05 Wellinghofen",10,15,FALSE,0,NA,NA,0,0,0,NA,0,0,0,0,0,0,NA,NA,NA,NA,NA,NA,NA,NA,0,0,0,0,NA,NA,NA,NA,NA
"Claus Gramkow","b0d7d6e6-3955-11ef-bb1c-a36230ada079",NA,NA,1975,"1/25/1976","34ce582c-3960-11ef-ac2a-2906cc9fb6bc","away","VfL Lübeck-Schwartau","TuS 05 Wellinghofen",10,15,FALSE,0,NA,NA,0,0,0,NA,0,0,0,0,0,0,NA,NA,NA,NA,NA,NA,NA,NA,0,0,0,0,NA,NA,NA,NA,NA
"Joachim Römer","b0dcb8e7-3955-11ef-83ab-a36230ada079",NA,NA,1975,"1/25/1976","34ce582c-3960-11ef-ac2a-2906cc9fb6bc","away","VfL Lübeck-Schwartau","TuS 05 Wellinghofen",10,15,FALSE,1,NA,NA,0,0,1,NA,0,0,0,0,0,0,NA,NA,NA,NA,NA,NA,NA,NA,0,0,0,0,NA,NA,NA,NA,NA
"Ulrich Diener","b0e514eb-3955-11ef-b430-a36230ada079",NA,NA,1975,"1/25/1976","34ce582c-3960-11ef-ac2a-2906cc9fb6bc","away","VfL Lübeck-Schwartau","TuS 05 Wellinghofen",10,15,FALSE,1,NA,NA,0,0,0,NA,0,0,0,0,0,0,NA,NA,NA,NA,NA,NA,NA,NA,0,0,0,0,NA,NA,NA,NA,NA
"Peter Görtz","b0e9ae8f-3955-11ef-aa48-a36230ada079",NA,NA,1975,"1/25/1976","34ce582c-3960-11ef-ac2a-2906cc9fb6bc","away","VfL Lübeck-Schwartau","TuS 05 Wellinghofen",10,15,FALSE,1,NA,NA,0,0,0,NA,0,0,0,0,0,0,NA,NA,NA,NA,NA,NA,NA,NA,0,0,0,0,NA,NA,NA,NA,NA
"Ulrich Kleinstoll","b0f37438-3955-11ef-84e6-a36230ada079",NA,NA,1975,"1/25/1976","34ce582c-3960-11ef-ac2a-2906cc9fb6bc","away","VfL Lübeck-Schwartau","TuS 05 Wellinghofen",10,15,FALSE,1,NA,NA,0,0,0,NA,0,0,0,0,0,0,NA,NA,NA,NA,NA,NA,NA,NA,0,0,0,0,NA,NA,NA,NA,NA
"Holger Rosenfeldt","b0fd53e2-3955-11ef-9f9a-a36230ada079",NA,NA,1975,"1/25/1976","34ce582c-3960-11ef-ac2a-2906cc9fb6bc","away","VfL Lübeck-Schwartau","TuS 05 Wellinghofen",10,15,FALSE,0,NA,NA,0,0,0,NA,0,0,0,0,0,0,NA,NA,NA,NA,NA,NA,NA,NA,0,0,0,0,NA,NA,NA,NA,NA
"Karl Weiß","b106c2d8-3955-11ef-9358-a36230ada079",NA,NA,1975,"1/25/1976","34ce582c-3960-11ef-ac2a-2906cc9fb6bc","away","VfL Lübeck-Schwartau","TuS 05 Wellinghofen",10,15,FALSE,1,NA,NA,0,0,0,NA,0,0,0,0,0,0,NA,NA,NA,NA,NA,NA,NA,NA,0,0,0,0,NA,NA,NA,NA,NA
"Siegfried Berg","b10d3ec3-3955-11ef-8a30-a36230ada079",NA,NA,1975,"1/25/1976","34ce582c-3960-11ef-ac2a-2906cc9fb6bc","away","VfL Lübeck-Schwartau","TuS 05 Wellinghofen",10,15,FALSE,4,NA,NA,0,0,2,NA,0,0,0,0,0,0,NA,NA,NA,NA,NA,NA,NA,NA,0,0,0,0,NA,NA,NA,NA,NA
"Willibald Weiß","74414175-3955-11ef-89d0-51fdf2a82730",NA,NA,1975,"1/25/1976","41ab223a-3960-11ef-9ecc-2906cc9fb6bc","home","TSV Milbertshofen","TuS Hofweier",14,16,FALSE,2,NA,NA,0,0,0,NA,0,0,0,0,0,0,NA,NA,NA,NA,NA,NA,NA,NA,0,0,0,0,NA,NA,NA,NA,NA
"Richard Mayr","751d6672-3955-11ef-a322-51fdf2a82730",NA,NA,1975,"1/25/1976","41ab223a-3960-11ef-9ecc-2906cc9fb6bc","home","TSV Milbertshofen","TuS Hofweier",14,16,FALSE,0,NA,NA,0,0,0,NA,0,0,0,0,0,0,NA,NA,NA,NA,NA,NA,NA,NA,0,0,0,0,NA,NA,NA,NA,NA
"Jochen Frank","7ee9b472-3955-11ef-ab0f-b908c60af10a",NA,NA,1975,"1/25/1976","41ab223a-3960-11ef-9ecc-2906cc9fb6bc","home","TSV Milbertshofen","TuS Hofweier",14,16,FALSE,4,NA,NA,0,0,1,NA,0,0,0,0,0,0,NA,NA,NA,NA,NA,NA,NA,NA,0,0,0,0,NA,NA,NA,NA,NA
"Udo Böbel","80d4ba37-3955-11ef-9d8b-b908c60af10a",NA,NA,1975,"1/25/1976","41ab223a-3960-11ef-9ecc-2906cc9fb6bc","home","TSV Milbertshofen","TuS Hofweier",14,16,FALSE,3,NA,NA,0,0,2,NA,0,0,0,0,0,0,NA,NA,NA,NA,NA,NA,NA,NA,0,0,0,0,NA,NA,NA,NA,NA
"Lothar Weingärtner","8dbf003c-3955-11ef-879b-81dc40648355",NA,NA,1975,"1/25/1976","41ab223a-3960-11ef-9ecc-2906cc9fb6bc","home","TSV Milbertshofen","TuS Hofweier",14,16,FALSE,0,NA,NA,0,0,0,NA,0,0,0,0,0,0,NA,NA,NA,NA,NA,NA,NA,NA,0,0,0,0,NA,NA,NA,NA,NA
"Werner Winkelmeier","9712104e-3955-11ef-9613-292be3190b7b",NA,NA,1975,"1/25/1976","41ab223a-3960-11ef-9ecc-2906cc9fb6bc","home","TSV Milbertshofen","TuS Hofweier",14,16,FALSE,1,NA,NA,0,0,0,NA,0,0,0,0,0,0,NA,NA,NA,NA,NA,NA,NA,NA,0,0,0,0,NA,NA,NA,NA,NA
"Rudolf Dobler","97ac407c-3955-11ef-9ea9-292be3190b7b",NA,NA,1975,"1/25/1976","41ab223a-3960-11ef-9ecc-2906cc9fb6bc","home","TSV Milbertshofen","TuS Hofweier",14,16,FALSE,3,NA,NA,0,0,0,NA,0,0,0,0,0,0,NA,NA,NA,NA,NA,NA,NA,NA,0,0,0,0,NA,NA,NA,NA,NA
"Helmut Schelchshorn","b1c960ef-3955-11ef-850b-a36230ada079",NA,NA,1975,"1/25/1976","41ab223a-3960-11ef-9ecc-2906cc9fb6bc","home","TSV Milbertshofen","TuS Hofweier",14,16,FALSE,1,NA,NA,0,0,0,NA,0,0,0,0,0,0,NA,NA,NA,NA,NA,NA,NA,NA,0,0,0,0,NA,NA,NA,NA,NA
"Arno Ehret","39c2c361-3955-11ef-8c9d-bfbfc9e17c09",NA,NA,1975,"1/25/1976","41ab223a-3960-11ef-9ecc-2906cc9fb6bc","away","TuS Hofweier","TSV Milbertshofen",16,14,TRUE,5,NA,NA,0,0,0,NA,0,0,0,0,0,0,NA,NA,NA,NA,NA,NA,NA,NA,0,0,0,0,NA,NA,NA,NA,NA
"Gerd Leibiger","7ed15d40-3955-11ef-a28c-b908c60af10a",NA,NA,1975,"1/25/1976","41ab223a-3960-11ef-9ecc-2906cc9fb6bc","away","TuS Hofweier","TSV Milbertshofen",16,14,TRUE,5,NA,NA,0,0,0,NA,0,0,0,0,0,0,NA,NA,NA,NA,NA,NA,NA,NA,0,0,0,0,NA,NA,NA,NA,NA
"Peter Bucher","8e0071c9-3955-11ef-8ff8-81dc40648355",NA,NA,1975,"1/25/1976","41ab223a-3960-11ef-9ecc-2906cc9fb6bc","away","TuS Hofweier","TSV Milbertshofen",16,14,TRUE,1,NA,NA,0,0,0,NA,0,0,0,0,0,0,NA,NA,NA,NA,NA,NA,NA,NA,0,0,0,0,NA,NA,NA,NA,NA
"Franz Bechler","98035d7e-3955-11ef-8b94-292be3190b7b",NA,NA,1975,"1/25/1976","41ab223a-3960-11ef-9ecc-2906cc9fb6bc","away","TuS Hofweier","TSV Milbertshofen",16,14,TRUE,3,NA,NA,0,0,0,NA,0,0,0,0,0,0,NA,NA,NA,NA,NA,NA,NA,NA,0,0,0,0,NA,NA,NA,NA,NA
"Werner Voit","a3b992ef-3955-11ef-84c8-2510cc07ea6e",NA,NA,1975,"1/25/1976","41ab223a-3960-11ef-9ecc-2906cc9fb6bc","away","TuS Hofweier","TSV Milbertshofen",16,14,TRUE,1,NA,NA,0,0,0,NA,0,0,0,0,0,0,NA,NA,NA,NA,NA,NA,NA,NA,0,0,0,0,NA,NA,NA,NA,NA
"Werner Decker","afcae313-3955-11ef-a9cf-a36230ada079",NA,NA,1975,"1/25/1976","41ab223a-3960-11ef-9ecc-2906cc9fb6bc","away","TuS Hofweier","TSV Milbertshofen",16,14,TRUE,0,NA,NA,0,0,0,NA,0,0,0,0,0,0,NA,NA,NA,NA,NA,NA,NA,NA,0,0,0,0,NA,NA,NA,NA,NA
"Wilfried Göppert","afe18023-3955-11ef-8040-a36230ada079",NA,NA,1975,"1/25/1976","41ab223a-3960-11ef-9ecc-2906cc9fb6bc","away","TuS Hofweier","TSV Milbertshofen",16,14,TRUE,0,NA,NA,0,0,0,NA,0,0,0,0,0,0,NA,NA,NA,NA,NA,NA,NA,NA,0,0,0,0,NA,NA,NA,NA,NA
"Markus Hädrich","ba389acc-3955-11ef-8b9d-ab397f561917",NA,NA,1975,"1/25/1976","41ab223a-3960-11ef-9ecc-2906cc9fb6bc","away","TuS Hofweier","TSV Milbertshofen",16,14,TRUE,0,NA,NA,0,0,0,NA,0,0,0,0,0,0,NA,NA,NA,NA,NA,NA,NA,NA,0,0,0,0,NA,NA,NA,NA,NA
"Heiner Brand","44e82d45-3955-11ef-bc71-4fa817cd91bb",NA,NA,1975,"1/27/1976","30e1eafd-3960-11ef-8539-2906cc9fb6bc","home","VfL Gummersbach","TuS 05 Wellinghofen",17,12,TRUE,1,NA,NA,0,0,0,NA,0,0,0,0,0,0,NA,NA,NA,NA,NA,NA,NA,NA,0,0,0,0,NA,NA,NA,NA,NA
"Reiner Schumacher","8aac0482-3955-11ef-9f92-81dc40648355",NA,NA,1975,"1/27/1976","30e1eafd-3960-11ef-8539-2906cc9fb6bc","home","VfL Gummersbach","TuS 05 Wellinghofen",17,12,TRUE,0,NA,NA,0,0,0,NA,0,0,0,0,0,0,NA,NA,NA,NA,NA,NA,NA,NA,0,0,0,0,NA,NA,NA,NA,NA
"Klaus Westebbe","8c58f63a-3955-11ef-b65e-81dc40648355",NA,NA,1975,"1/27/1976","30e1eafd-3960-11ef-8539-2906cc9fb6bc","home","VfL Gummersbach","TuS 05 Wellinghofen",17,12,TRUE,1,NA,NA,0,0,0,NA,0,0,0,0,0,0,NA,NA,NA,NA,NA,NA,NA,NA,0,0,0,0,NA,NA,NA,NA,NA
"Klaus Schlagheck","97a06613-3955-11ef-8056-292be3190b7b",NA,NA,1975,"1/27/1976","30e1eafd-3960-11ef-8539-2906cc9fb6bc","home","VfL Gummersbach","TuS 05 Wellinghofen",17,12,TRUE,1,NA,NA,0,0,0,NA,0,0,0,0,0,0,NA,NA,NA,NA,NA,NA,NA,NA,0,0,0,0,NA,NA,NA,NA,NA
"Joachim Deckarm","9976945f-3955-11ef-afc4-292be3190b7b",NA,NA,1975,"1/27/1976","30e1eafd-3960-11ef-8539-2906cc9fb6bc","home","VfL Gummersbach","TuS 05 Wellinghofen",17,12,TRUE,7,NA,NA,0,0,7,NA,0,0,0,0,0,0,NA,NA,NA,NA,NA,NA,NA,NA,0,0,0,0,NA,NA,NA,NA,NA
"Jochen Feldhoff","a32751a5-3955-11ef-badf-2510cc07ea6e",NA,NA,1975,"1/27/1976","30e1eafd-3960-11ef-8539-2906cc9fb6bc","home","VfL Gummersbach","TuS 05 Wellinghofen",17,12,TRUE,1,NA,NA,0,0,0,NA,0,0,0,0,0,0,NA,NA,NA,NA,NA,NA,NA,NA,0,0,0,0,NA,NA,NA,NA,NA
"Manfred Glodde","a32e0a86-3955-11ef-9caa-2510cc07ea6e",NA,NA,1975,"1/27/1976","30e1eafd-3960-11ef-8539-2906cc9fb6bc","home","VfL Gummersbach","TuS 05 Wellinghofen",17,12,TRUE,1,NA,NA,0,0,0,NA,0,0,0,0,0,0,NA,NA,NA,NA,NA,NA,NA,NA,0,0,0,0,NA,NA,NA,NA,NA
"Joachim Henkels","a3386008-3955-11ef-810a-2510cc07ea6e",NA,NA,1975,"1/27/1976","30e1eafd-3960-11ef-8539-2906cc9fb6bc","home","VfL Gummersbach","TuS 05 Wellinghofen",17,12,TRUE,1,NA,NA,0,0,0,NA,0,0,0,0,0,0,NA,NA,NA,NA,NA,NA,NA,NA,0,0,0,0,NA,NA,NA,NA,NA
"Karl-Heinz Nolde","a33d5c4a-3955-11ef-b577-2510cc07ea6e",NA,NA,1975,"1/27/1976","30e1eafd-3960-11ef-8539-2906cc9fb6bc","home","VfL Gummersbach","TuS 05 Wellinghofen",17,12,TRUE,1,NA,NA,0,0,0,NA,0,0,0,0,0,0,NA,NA,NA,NA,NA,NA,NA,NA,0,0,0,0,NA,NA,NA,NA,NA
"Werner Lettgen","ae263c3c-3955-11ef-96f7-a36230ada079",NA,NA,1975,"1/27/1976","30e1eafd-3960-11ef-8539-2906cc9fb6bc","home","VfL Gummersbach","TuS 05 Wellinghofen",17,12,TRUE,1,NA,NA,0,0,0,NA,0,0,0,0,0,0,NA,NA,NA,NA,NA,NA,NA,NA,0,0,0,0,NA,NA,NA,NA,NA
"Hans-Günther Schmidt","aff5702f-3955-11ef-9878-a36230ada079",NA,NA,1975,"1/27/1976","30e1eafd-3960-11ef-8539-2906cc9fb6bc","home","VfL Gummersbach","TuS 05 Wellinghofen",17,12,TRUE,2,NA,NA,0,0,1,NA,0,0,0,0,0,0,NA,NA,NA,NA,NA,NA,NA,NA,0,0,0,0,NA,NA,NA,NA,NA
"Rudolf Rauer","6829713f-3955-11ef-9d88-292be3190b7b",NA,NA,1975,"1/27/1976","30e1eafd-3960-11ef-8539-2906cc9fb6bc","away","TuS 05 Wellinghofen","VfL Gummersbach",12,17,FALSE,0,NA,NA,0,0,0,NA,0,0,0,0,0,0,NA,NA,NA,NA,NA,NA,NA,NA,0,0,0,0,NA,NA,NA,NA,NA
"Hans-Peter Neuhaus","8d9d3887-3955-11ef-80a3-81dc40648355",NA,NA,1975,"1/27/1976","30e1eafd-3960-11ef-8539-2906cc9fb6bc","away","TuS 05 Wellinghofen","VfL Gummersbach",12,17,FALSE,0,NA,NA,0,0,0,NA,0,0,0,0,0,0,NA,NA,NA,NA,NA,NA,NA,NA,0,0,0,0,NA,NA,NA,NA,NA
"Klaus Erwe","a4f54a19-3955-11ef-b48a-2510cc07ea6e",NA,NA,1975,"1/27/1976","30e1eafd-3960-11ef-8539-2906cc9fb6bc","away","TuS 05 Wellinghofen","VfL Gummersbach",12,17,FALSE,0,NA,NA,0,0,0,NA,0,0,0,0,0,0,NA,NA,NA,NA,NA,NA,NA,NA,0,0,0,0,NA,NA,NA,NA,NA
"Frank Haardt","a4fb1cad-3955-11ef-bd99-2510cc07ea6e",NA,NA,1975,"1/27/1976","30e1eafd-3960-11ef-8539-2906cc9fb6bc","away","TuS 05 Wellinghofen","VfL Gummersbach",12,17,FALSE,0,NA,NA,0,0,0,NA,0,0,0,0,0,0,NA,NA,NA,NA,NA,NA,NA,NA,0,0,0,0,NA,NA,NA,NA,NA
"Harald Zapler","a502f6b3-3955-11ef-a0c2-2510cc07ea6e",NA,NA,1975,"1/27/1976","30e1eafd-3960-11ef-8539-2906cc9fb6bc","away","TuS 05 Wellinghofen","VfL Gummersbach",12,17,FALSE,2,NA,NA,0,0,0,NA,0,0,0,0,0,0,NA,NA,NA,NA,NA,NA,NA,NA,0,0,0,0,NA,NA,NA,NA,NA
"Harald Cramer","a507ff82-3955-11ef-8d99-2510cc07ea6e",NA,NA,1975,"1/27/1976","30e1eafd-3960-11ef-8539-2906cc9fb6bc","away","TuS 05 Wellinghofen","VfL Gummersbach",12,17,FALSE,0,NA,NA,0,0,0,NA,0,0,0,0,0,0,NA,NA,NA,NA,NA,NA,NA,NA,0,0,0,0,NA,NA,NA,NA,NA
"Wilfried Rettig","a517a588-3955-11ef-a8d7-2510cc07ea6e",NA,NA,1975,"1/27/1976","30e1eafd-3960-11ef-8539-2906cc9fb6bc","away","TuS 05 Wellinghofen","VfL Gummersbach",12,17,FALSE,5,NA,NA,0,0,2,NA,0,0,0,0,0,0,NA,NA,NA,NA,NA,NA,NA,NA,0,0,0,0,NA,NA,NA,NA,NA
"Winfried Gabel","a521dedb-3955-11ef-a3bd-2510cc07ea6e",NA,NA,1975,"1/27/1976","30e1eafd-3960-11ef-8539-2906cc9fb6bc","away","TuS 05 Wellinghofen","VfL Gummersbach",12,17,FALSE,2,NA,NA,0,0,0,NA,0,0,0,0,0,0,NA,NA,NA,NA,NA,NA,NA,NA,0,0,0,0,NA,NA,NA,NA,NA
"Klaus Happe","a527494a-3955-11ef-a4fa-2510cc07ea6e",NA,NA,1975,"1/27/1976","30e1eafd-3960-11ef-8539-2906cc9fb6bc","away","TuS 05 Wellinghofen","VfL Gummersbach",12,17,FALSE,0,NA,NA,0,0,0,NA,0,0,0,0,0,0,NA,NA,NA,NA,NA,NA,NA,NA,0,0,0,0,NA,NA,NA,NA,NA
"Ulrich Staege","b05c5beb-3955-11ef-a7d6-a36230ada079",NA,NA,1975,"1/27/1976","30e1eafd-3960-11ef-8539-2906cc9fb6bc","away","TuS 05 Wellinghofen","VfL Gummersbach",12,17,FALSE,2,NA,NA,0,0,0,NA,0,0,0,0,0,0,NA,NA,NA,NA,NA,NA,NA,NA,0,0,0,0,NA,NA,NA,NA,NA
"Herbert Rogge","b06614d7-3955-11ef-a43b-a36230ada079",NA,NA,1975,"1/27/1976","30e1eafd-3960-11ef-8539-2906cc9fb6bc","away","TuS 05 Wellinghofen","VfL Gummersbach",12,17,FALSE,1,NA,NA,0,0,0,NA,0,0,0,0,0,0,NA,NA,NA,NA,NA,NA,NA,NA,0,0,0,0,NA,NA,NA,NA,NA
"Peter Pickel","8c973b42-3955-11ef-8c71-81dc40648355",NA,NA,1975,"1/27/1976","333f586b-3960-11ef-b251-2906cc9fb6bc","home","Hamburger SV","TSV Altenholz",11,9,TRUE,4,NA,NA,0,0,2,NA,0,0,0,0,0,0,NA,NA,NA,NA,NA,NA,NA,NA,0,0,0,0,NA,NA,NA,NA,NA
"Frank Lorenz","a32036d1-3955-11ef-bfe5-2510cc07ea6e",NA,NA,1975,"1/27/1976","333f586b-3960-11ef-b251-2906cc9fb6bc","home","Hamburger SV","TSV Altenholz",11,9,TRUE,0,NA,NA,0,0,0,NA,0,0,0,0,0,0,NA,NA,NA,NA,NA,NA,NA,NA,0,0,0,0,NA,NA,NA,NA,NA
"Hans-Jürgen Bode","b011e6da-3955-11ef-8205-a36230ada079",NA,NA,1975,"1/27/1976","333f586b-3960-11ef-b251-2906cc9fb6bc","home","Hamburger SV","TSV Altenholz",11,9,TRUE,0,NA,NA,0,0,0,NA,0,0,0,0,0,0,NA,NA,NA,NA,NA,NA,NA,NA,0,0,0,0,NA,NA,NA,NA,NA
"Holger Nitschke","b01a8950-3955-11ef-a243-a36230ada079",NA,NA,1975,"1/27/1976","333f586b-3960-11ef-b251-2906cc9fb6bc","home","Hamburger SV","TSV Altenholz",11,9,TRUE,0,NA,NA,0,0,0,NA,0,0,0,0,0,0,NA,NA,NA,NA,NA,NA,NA,NA,0,0,0,0,NA,NA,NA,NA,NA
"Ralph Mathies","b023b170-3955-11ef-87a6-a36230ada079",NA,NA,1975,"1/27/1976","333f586b-3960-11ef-b251-2906cc9fb6bc","home","Hamburger SV","TSV Altenholz",11,9,TRUE,1,NA,NA,0,0,0,NA,0,0,0,0,0,0,NA,NA,NA,NA,NA,NA,NA,NA,0,0,0,0,NA,NA,NA,NA,NA
"Jens Ivers","b02f4aea-3955-11ef-801e-a36230ada079",NA,NA,1975,"1/27/1976","333f586b-3960-11ef-b251-2906cc9fb6bc","home","Hamburger SV","TSV Altenholz",11,9,TRUE,0,NA,NA,0,0,0,NA,0,0,0,0,0,0,NA,NA,NA,NA,NA,NA,NA,NA,0,0,0,0,NA,NA,NA,NA,NA
"Hans-Joachim Beißel","b0341bcb-3955-11ef-9e08-a36230ada079",NA,NA,1975,"1/27/1976","333f586b-3960-11ef-b251-2906cc9fb6bc","home","Hamburger SV","TSV Altenholz",11,9,TRUE,0,NA,NA,0,0,0,NA,0,0,0,0,0,0,NA,NA,NA,NA,NA,NA,NA,NA,0,0,0,0,NA,NA,NA,NA,NA
"Klaus Porepp","b0396b18-3955-11ef-b5cf-a36230ada079",NA,NA,1975,"1/27/1976","333f586b-3960-11ef-b251-2906cc9fb6bc","home","Hamburger SV","TSV Altenholz",11,9,TRUE,3,NA,NA,0,0,0,NA,0,0,0,0,0,0,NA,NA,NA,NA,NA,NA,NA,NA,0,0,0,0,NA,NA,NA,NA,NA
"Norbert Germer","b03f8101-3955-11ef-8945-a36230ada079",NA,NA,1975,"1/27/1976","333f586b-3960-11ef-b251-2906cc9fb6bc","home","Hamburger SV","TSV Altenholz",11,9,TRUE,0,NA,NA,0,0,0,NA,0,0,0,0,0,0,NA,NA,NA,NA,NA,NA,NA,NA,0,0,0,0,NA,NA,NA,NA,NA
"Bernd Eppler","b0442222-3955-11ef-841b-a36230ada079",NA,NA,1975,"1/27/1976","333f586b-3960-11ef-b251-2906cc9fb6bc","home","Hamburger SV","TSV Altenholz",11,9,TRUE,1,NA,NA,0,0,0,NA,0,0,0,0,0,0,NA,NA,NA,NA,NA,NA,NA,NA,0,0,0,0,NA,NA,NA,NA,NA
"Uwe Tesloff","b049ae56-3955-11ef-a5f7-a36230ada079",NA,NA,1975,"1/27/1976","333f586b-3960-11ef-b251-2906cc9fb6bc","home","Hamburger SV","TSV Altenholz",11,9,TRUE,1,NA,NA,0,0,0,NA,0,0,0,0,0,0,NA,NA,NA,NA,NA,NA,NA,NA,0,0,0,0,NA,NA,NA,NA,NA
"Michael Surmann","b04e41f0-3955-11ef-8320-a36230ada079",NA,NA,1975,"1/27/1976","333f586b-3960-11ef-b251-2906cc9fb6bc","home","Hamburger SV","TSV Altenholz",11,9,TRUE,1,NA,NA,0,0,0,NA,0,0,0,0,0,0,NA,NA,NA,NA,NA,NA,NA,NA,0,0,0,0,NA,NA,NA,NA,NA
"Olaf Berner","a4006ca4-3955-11ef-a034-2510cc07ea6e",NA,NA,1975,"1/27/1976","333f586b-3960-11ef-b251-2906cc9fb6bc","away","TSV Altenholz","Hamburger SV",9,11,FALSE,4,NA,NA,0,0,1,NA,0,0,0,0,0,0,NA,NA,NA,NA,NA,NA,NA,NA,0,0,0,0,NA,NA,NA,NA,NA
"Peter Linke","b06a455b-3955-11ef-a47d-a36230ada079",NA,NA,1975,"1/27/1976","333f586b-3960-11ef-b251-2906cc9fb6bc","away","TSV Altenholz","Hamburger SV",9,11,FALSE,0,NA,NA,0,0,0,NA,0,0,0,0,0,0,NA,NA,NA,NA,NA,NA,NA,NA,0,0,0,0,NA,NA,NA,NA,NA
"Peter Kurth","b06eb57c-3955-11ef-b9af-a36230ada079",NA,NA,1975,"1/27/1976","333f586b-3960-11ef-b251-2906cc9fb6bc","away","TSV Altenholz","Hamburger SV",9,11,FALSE,0,NA,NA,0,0,0,NA,0,0,0,0,0,0,NA,NA,NA,NA,NA,NA,NA,NA,0,0,0,0,NA,NA,NA,NA,NA
"Peter Prehn","b073ee0a-3955-11ef-8404-a36230ada079",NA,NA,1975,"1/27/1976","333f586b-3960-11ef-b251-2906cc9fb6bc","away","TSV Altenholz","Hamburger SV",9,11,FALSE,2,NA,NA,0,0,0,NA,0,0,0,0,0,0,NA,NA,NA,NA,NA,NA,NA,NA,0,0,0,0,NA,NA,NA,NA,NA
"Peter Werk","b0784d6e-3955-11ef-9a85-a36230ada079",NA,NA,1975,"1/27/1976","333f586b-3960-11ef-b251-2906cc9fb6bc","away","TSV Altenholz","Hamburger SV",9,11,FALSE,1,NA,NA,0,0,0,NA,0,0,0,0,0,0,NA,NA,NA,NA,NA,NA,NA,NA,0,0,0,0,NA,NA,NA,NA,NA
"Hardmuth Groß","b07c9918-3955-11ef-a7b9-a36230ada079",NA,NA,1975,"1/27/1976","333f586b-3960-11ef-b251-2906cc9fb6bc","away","TSV Altenholz","Hamburger SV",9,11,FALSE,1,NA,NA,0,0,0,NA,0,0,0,0,0,0,NA,NA,NA,NA,NA,NA,NA,NA,0,0,0,0,NA,NA,NA,NA,NA
"Peter Bortel","b085b129-3955-11ef-b6a0-a36230ada079",NA,NA,1975,"1/27/1976","333f586b-3960-11ef-b251-2906cc9fb6bc","away","TSV Altenholz","Hamburger SV",9,11,FALSE,0,NA,NA,0,0,0,NA,0,0,0,0,0,0,NA,NA,NA,NA,NA,NA,NA,NA,0,0,0,0,NA,NA,NA,NA,NA
"Jörgen Danielsen","b08a7dec-3955-11ef-acb4-a36230ada079",NA,NA,1975,"1/27/1976","333f586b-3960-11ef-b251-2906cc9fb6bc","away","TSV Altenholz","Hamburger SV",9,11,FALSE,0,NA,NA,0,0,0,NA,0,0,0,0,0,0,NA,NA,NA,NA,NA,NA,NA,NA,0,0,0,0,NA,NA,NA,NA,NA
"Klaus Beckmann","b08ee1c0-3955-11ef-8689-a36230ada079",NA,NA,1975,"1/27/1976","333f586b-3960-11ef-b251-2906cc9fb6bc","away","TSV Altenholz","Hamburger SV",9,11,FALSE,0,NA,NA,0,0,0,NA,0,0,0,0,0,0,NA,NA,NA,NA,NA,NA,NA,NA,0,0,0,0,NA,NA,NA,NA,NA
"Peter Dewitz","b093b5b1-3955-11ef-97ca-a36230ada079",NA,NA,1975,"1/27/1976","333f586b-3960-11ef-b251-2906cc9fb6bc","away","TSV Altenholz","Hamburger SV",9,11,FALSE,0,NA,NA,0,0,0,NA,0,0,0,0,0,0,NA,NA,NA,NA,NA,NA,NA,NA,0,0,0,0,NA,NA,NA,NA,NA
"Klaus-Peter Römer","b09cfa69-3955-11ef-b8eb-a36230ada079",NA,NA,1975,"1/27/1976","333f586b-3960-11ef-b251-2906cc9fb6bc","away","TSV Altenholz","Hamburger SV",9,11,FALSE,1,NA,NA,0,0,0,NA,0,0,0,0,0,0,NA,NA,NA,NA,NA,NA,NA,NA,0,0,0,0,NA,NA,NA,NA,NA
"Manfred Schulz","b0a21333-3955-11ef-a679-a36230ada079",NA,NA,1975,"1/27/1976","333f586b-3960-11ef-b251-2906cc9fb6bc","away","TSV Altenholz","Hamburger SV",9,11,FALSE,0,NA,NA,0,0,0,NA,0,0,0,0,0,0,NA,NA,NA,NA,NA,NA,NA,NA,0,0,0,0,NA,NA,NA,NA,NA
"Dieter Bartke","4fa6f4fc-3955-11ef-9f16-6d38c0425bc0",NA,NA,1975,"1/27/1976","364d492d-3960-11ef-8595-2906cc9fb6bc","home","SC Phönix Essen 1920","OSC 04 Rheinhausen",12,15,FALSE,0,NA,NA,0,0,0,NA,0,0,0,0,0,0,NA,NA,NA,NA,NA,NA,NA,NA,0,0,0,0,NA,NA,NA,NA,NA
"Burkhard Windorf","8b6a317b-3955-11ef-84ca-81dc40648355",NA,NA,1975,"1/27/1976","364d492d-3960-11ef-8595-2906cc9fb6bc","home","SC Phönix Essen 1920","OSC 04 Rheinhausen",12,15,FALSE,1,NA,NA,0,0,0,NA,0,0,0,0,0,0,NA,NA,NA,NA,NA,NA,NA,NA,0,0,0,0,NA,NA,NA,NA,NA
"Peter Kleibrink","a1d4c58c-3955-11ef-9cce-2510cc07ea6e",NA,NA,1975,"1/27/1976","364d492d-3960-11ef-8595-2906cc9fb6bc","home","SC Phönix Essen 1920","OSC 04 Rheinhausen",12,15,FALSE,0,NA,NA,0,0,0,NA,0,0,0,0,0,0,NA,NA,NA,NA,NA,NA,NA,NA,0,0,0,0,NA,NA,NA,NA,NA
"Peter Bützer","a4cb5a85-3955-11ef-989d-2510cc07ea6e",NA,NA,1975,"1/27/1976","364d492d-3960-11ef-8595-2906cc9fb6bc","home","SC Phönix Essen 1920","OSC 04 Rheinhausen",12,15,FALSE,3,NA,NA,0,0,0,NA,0,0,0,0,0,0,NA,NA,NA,NA,NA,NA,NA,NA,0,0,0,0,NA,NA,NA,NA,NA
"Carsten Matuszak","a59daa13-3955-11ef-9206-2510cc07ea6e",NA,NA,1975,"1/27/1976","364d492d-3960-11ef-8595-2906cc9fb6bc","home","SC Phönix Essen 1920","OSC 04 Rheinhausen",12,15,FALSE,0,NA,NA,0,0,0,NA,0,0,0,0,0,0,NA,NA,NA,NA,NA,NA,NA,NA,0,0,0,0,NA,NA,NA,NA,NA
"Wilhelm Heidkamp","a5a2ef02-3955-11ef-9852-2510cc07ea6e",NA,NA,1975,"1/27/1976","364d492d-3960-11ef-8595-2906cc9fb6bc","home","SC Phönix Essen 1920","OSC 04 Rheinhausen",12,15,FALSE,3,NA,NA,0,0,1,NA,0,0,0,0,0,0,NA,NA,NA,NA,NA,NA,NA,NA,0,0,0,0,NA,NA,NA,NA,NA
"Heinz Oberscheidt","a5ae94f2-3955-11ef-91fc-2510cc07ea6e",NA,NA,1975,"1/27/1976","364d492d-3960-11ef-8595-2906cc9fb6bc","home","SC Phönix Essen 1920","OSC 04 Rheinhausen",12,15,FALSE,5,NA,NA,0,0,1,NA,0,0,0,0,0,0,NA,NA,NA,NA,NA,NA,NA,NA,0,0,0,0,NA,NA,NA,NA,NA
"Ingo Callies","b0b0659b-3955-11ef-87aa-a36230ada079",NA,NA,1975,"1/27/1976","364d492d-3960-11ef-8595-2906cc9fb6bc","home","SC Phönix Essen 1920","OSC 04 Rheinhausen",12,15,FALSE,0,NA,NA,0,0,0,NA,0,0,0,0,0,0,NA,NA,NA,NA,NA,NA,NA,NA,0,0,0,0,NA,NA,NA,NA,NA
"Peter Forker","b0b50ef2-3955-11ef-964f-a36230ada079",NA,NA,1975,"1/27/1976","364d492d-3960-11ef-8595-2906cc9fb6bc","home","SC Phönix Essen 1920","OSC 04 Rheinhausen",12,15,FALSE,0,NA,NA,0,0,0,NA,0,0,0,0,0,0,NA,NA,NA,NA,NA,NA,NA,NA,0,0,0,0,NA,NA,NA,NA,NA
"Emil Hauke","b0ba65f4-3955-11ef-9726-a36230ada079",NA,NA,1975,"1/27/1976","364d492d-3960-11ef-8595-2906cc9fb6bc","home","SC Phönix Essen 1920","OSC 04 Rheinhausen",12,15,FALSE,0,NA,NA,0,0,0,NA,0,0,0,0,0,0,NA,NA,NA,NA,NA,NA,NA,NA,0,0,0,0,NA,NA,NA,NA,NA
"Rüdiger Hillebrand","b0c11a9c-3955-11ef-bf0d-a36230ada079",NA,NA,1975,"1/27/1976","364d492d-3960-11ef-8595-2906cc9fb6bc","home","SC Phönix Essen 1920","OSC 04 Rheinhausen",12,15,FALSE,0,NA,NA,0,0,0,NA,0,0,0,0,0,0,NA,NA,NA,NA,NA,NA,NA,NA,0,0,0,0,NA,NA,NA,NA,NA
"Hans-Dieter Schmitz","51093bea-3955-11ef-bc25-6d38c0425bc0",NA,NA,1975,"1/27/1976","364d492d-3960-11ef-8595-2906cc9fb6bc","away","OSC 04 Rheinhausen","SC Phönix Essen 1920",15,12,TRUE,2,NA,NA,0,0,0,NA,0,0,0,0,0,0,NA,NA,NA,NA,NA,NA,NA,NA,0,0,0,0,NA,NA,NA,NA,NA
"Reinhard Heusen van der","7142d419-3955-11ef-8654-51fdf2a82730",NA,NA,1975,"1/27/1976","364d492d-3960-11ef-8595-2906cc9fb6bc","away","OSC 04 Rheinhausen","SC Phönix Essen 1920",15,12,TRUE,1,NA,NA,0,0,0,NA,0,0,0,0,0,0,NA,NA,NA,NA,NA,NA,NA,NA,0,0,0,0,NA,NA,NA,NA,NA
"Gerd Rosendahl","7501cfa1-3955-11ef-95a2-51fdf2a82730",NA,NA,1975,"1/27/1976","364d492d-3960-11ef-8595-2906cc9fb6bc","away","OSC 04 Rheinhausen","SC Phönix Essen 1920",15,12,TRUE,1,NA,NA,0,0,1,NA,0,0,0,0,0,0,NA,NA,NA,NA,NA,NA,NA,NA,0,0,0,0,NA,NA,NA,NA,NA
"Harry Keller","7e4b9df1-3955-11ef-80fd-b908c60af10a",NA,NA,1975,"1/27/1976","364d492d-3960-11ef-8595-2906cc9fb6bc","away","OSC 04 Rheinhausen","SC Phönix Essen 1920",15,12,TRUE,1,NA,NA,0,0,0,NA,0,0,0,0,0,0,NA,NA,NA,NA,NA,NA,NA,NA,0,0,0,0,NA,NA,NA,NA,NA
"Hans-Gerd Nellen","a1ba59d4-3955-11ef-b73b-2510cc07ea6e",NA,NA,1975,"1/27/1976","364d492d-3960-11ef-8595-2906cc9fb6bc","away","OSC 04 Rheinhausen","SC Phönix Essen 1920",15,12,TRUE,0,NA,NA,0,0,0,NA,0,0,0,0,0,0,NA,NA,NA,NA,NA,NA,NA,NA,0,0,0,0,NA,NA,NA,NA,NA
"Jadranko Demirović","a1caaba8-3955-11ef-8081-2510cc07ea6e",NA,NA,1975,"1/27/1976","364d492d-3960-11ef-8595-2906cc9fb6bc","away","OSC 04 Rheinhausen","SC Phönix Essen 1920",15,12,TRUE,5,NA,NA,0,0,4,NA,0,0,0,0,0,0,NA,NA,NA,NA,NA,NA,NA,NA,0,0,0,0,NA,NA,NA,NA,NA
"Norbert Meister","a610e086-3955-11ef-bf85-2510cc07ea6e",NA,NA,1975,"1/27/1976","364d492d-3960-11ef-8595-2906cc9fb6bc","away","OSC 04 Rheinhausen","SC Phönix Essen 1920",15,12,TRUE,0,NA,NA,0,0,0,NA,0,0,0,0,0,0,NA,NA,NA,NA,NA,NA,NA,NA,0,0,0,0,NA,NA,NA,NA,NA
"Werner Herling","a61b6e80-3955-11ef-b2d4-2510cc07ea6e",NA,NA,1975,"1/27/1976","364d492d-3960-11ef-8595-2906cc9fb6bc","away","OSC 04 Rheinhausen","SC Phönix Essen 1920",15,12,TRUE,2,NA,NA,0,0,0,NA,0,0,0,0,0,0,NA,NA,NA,NA,NA,NA,NA,NA,0,0,0,0,NA,NA,NA,NA,NA
"Burkhard Nagel","a6312ffa-3955-11ef-9438-2510cc07ea6e",NA,NA,1975,"1/27/1976","364d492d-3960-11ef-8595-2906cc9fb6bc","away","OSC 04 Rheinhausen","SC Phönix Essen 1920",15,12,TRUE,3,NA,NA,0,0,0,NA,0,0,0,0,0,0,NA,NA,NA,NA,NA,NA,NA,NA,0,0,0,0,NA,NA,NA,NA,NA
"Hans-Jürgen Grund","81694a24-3955-11ef-9a97-b908c60af10a",NA,NA,1975,"1/28/1976","322a2066-3960-11ef-86fc-2906cc9fb6bc","home","GWD Minden","TuS Derschlag 1881",13,12,TRUE,1,NA,NA,0,0,0,NA,0,0,0,0,0,0,NA,NA,NA,NA,NA,NA,NA,NA,0,0,0,0,NA,NA,NA,NA,NA
"Axel Axelsson","8b29429f-3955-11ef-baf9-81dc40648355",NA,NA,1975,"1/28/1976","322a2066-3960-11ef-86fc-2906cc9fb6bc","home","GWD Minden","TuS Derschlag 1881",13,12,TRUE,3,NA,NA,0,0,0,NA,0,0,0,0,0,0,NA,NA,NA,NA,NA,NA,NA,NA,0,0,0,0,NA,NA,NA,NA,NA
"Dieter Waltke","8bbe1a37-3955-11ef-a8ff-81dc40648355",NA,NA,1975,"1/28/1976","322a2066-3960-11ef-86fc-2906cc9fb6bc","home","GWD Minden","TuS Derschlag 1881",13,12,TRUE,1,NA,NA,0,0,0,NA,0,0,0,0,0,0,NA,NA,NA,NA,NA,NA,NA,NA,0,0,0,0,NA,NA,NA,NA,NA
"Bernhard Busch","8dc9280f-3955-11ef-80e2-81dc40648355",NA,NA,1975,"1/28/1976","322a2066-3960-11ef-86fc-2906cc9fb6bc","home","GWD Minden","TuS Derschlag 1881",13,12,TRUE,2,NA,NA,0,0,0,NA,0,0,0,0,0,0,NA,NA,NA,NA,NA,NA,NA,NA,0,0,0,0,NA,NA,NA,NA,NA
"Gerald Schüler","96fc1532-3955-11ef-bddd-292be3190b7b",NA,NA,1975,"1/28/1976","322a2066-3960-11ef-86fc-2906cc9fb6bc","home","GWD Minden","TuS Derschlag 1881",13,12,TRUE,0,NA,NA,0,0,0,NA,0,0,0,0,0,0,NA,NA,NA,NA,NA,NA,NA,NA,0,0,0,0,NA,NA,NA,NA,NA
"Walter von Oepen","97f2373d-3955-11ef-82ae-292be3190b7b",NA,NA,1975,"1/28/1976","322a2066-3960-11ef-86fc-2906cc9fb6bc","home","GWD Minden","TuS Derschlag 1881",13,12,TRUE,2,NA,NA,0,0,0,NA,0,0,0,0,0,0,NA,NA,NA,NA,NA,NA,NA,NA,0,0,0,0,NA,NA,NA,NA,NA
"Gerhard Buddenbohm","98e2ecac-3955-11ef-b2de-292be3190b7b",NA,NA,1975,"1/28/1976","322a2066-3960-11ef-86fc-2906cc9fb6bc","home","GWD Minden","TuS Derschlag 1881",13,12,TRUE,3,NA,NA,0,0,0,NA,0,0,0,0,0,0,NA,NA,NA,NA,NA,NA,NA,NA,0,0,0,0,NA,NA,NA,NA,NA
"Hans Kramer","98f50290-3955-11ef-8aa8-292be3190b7b",NA,NA,1975,"1/28/1976","322a2066-3960-11ef-86fc-2906cc9fb6bc","home","GWD Minden","TuS Derschlag 1881",13,12,TRUE,1,NA,NA,0,0,0,NA,0,0,0,0,0,0,NA,NA,NA,NA,NA,NA,NA,NA,0,0,0,0,NA,NA,NA,NA,NA
"Jobst-Erich Rehse","b00be251-3955-11ef-ac35-a36230ada079",NA,NA,1975,"1/28/1976","322a2066-3960-11ef-86fc-2906cc9fb6bc","home","GWD Minden","TuS Derschlag 1881",13,12,TRUE,0,NA,NA,0,0,0,NA,0,0,0,0,0,0,NA,NA,NA,NA,NA,NA,NA,NA,0,0,0,0,NA,NA,NA,NA,NA
"Esad Kurtagić","39c727cf-3955-11ef-82fa-bfbfc9e17c09",NA,NA,1975,"1/28/1976","322a2066-3960-11ef-86fc-2906cc9fb6bc","away","TuS Derschlag 1881","GWD Minden",12,13,FALSE,0,NA,NA,0,0,0,NA,0,0,0,0,0,0,NA,NA,NA,NA,NA,NA,NA,NA,0,0,0,0,NA,NA,NA,NA,NA
"Spasoje Skerčević","50b681d8-3955-11ef-b6e8-6d38c0425bc0",NA,NA,1975,"1/28/1976","322a2066-3960-11ef-86fc-2906cc9fb6bc","away","TuS Derschlag 1881","GWD Minden",12,13,FALSE,0,NA,NA,0,0,0,NA,0,0,0,0,0,0,NA,NA,NA,NA,NA,NA,NA,NA,0,0,0,0,NA,NA,NA,NA,NA
"Klaus Brand","51394441-3955-11ef-8fab-6d38c0425bc0",NA,NA,1975,"1/28/1976","322a2066-3960-11ef-86fc-2906cc9fb6bc","away","TuS Derschlag 1881","GWD Minden",12,13,FALSE,0,NA,NA,0,0,0,NA,0,0,0,0,0,0,NA,NA,NA,NA,NA,NA,NA,NA,0,0,0,0,NA,NA,NA,NA,NA
"Ullrich Pohl","8c524587-3955-11ef-96af-81dc40648355",NA,NA,1975,"1/28/1976","322a2066-3960-11ef-86fc-2906cc9fb6bc","away","TuS Derschlag 1881","GWD Minden",12,13,FALSE,0,NA,NA,0,0,0,NA,0,0,0,0,0,0,NA,NA,NA,NA,NA,NA,NA,NA,0,0,0,0,NA,NA,NA,NA,NA
"Đorđe Lavrnić","9674e86d-3955-11ef-8ae9-292be3190b7b",NA,NA,1975,"1/28/1976","322a2066-3960-11ef-86fc-2906cc9fb6bc","away","TuS Derschlag 1881","GWD Minden",12,13,FALSE,6,NA,NA,0,0,2,NA,0,0,0,0,0,0,NA,NA,NA,NA,NA,NA,NA,NA,0,0,0,0,NA,NA,NA,NA,NA
"Peter Lindeskoog","a2a66799-3955-11ef-bd00-2510cc07ea6e",NA,NA,1975,"1/28/1976","322a2066-3960-11ef-86fc-2906cc9fb6bc","away","TuS Derschlag 1881","GWD Minden",12,13,FALSE,1,NA,NA,0,0,0,NA,0,0,0,0,0,0,NA,NA,NA,NA,NA,NA,NA,NA,0,0,0,0,NA,NA,NA,NA,NA
"Ulrich Ufer","a2c8cfa8-3955-11ef-8510-2510cc07ea6e",NA,NA,1975,"1/28/1976","322a2066-3960-11ef-86fc-2906cc9fb6bc","away","TuS Derschlag 1881","GWD Minden",12,13,FALSE,3,NA,NA,0,0,0,NA,0,0,0,0,0,0,NA,NA,NA,NA,NA,NA,NA,NA,0,0,0,0,NA,NA,NA,NA,NA
"Harald Ohrendorf","ae2b1f58-3955-11ef-baab-a36230ada079",NA,NA,1975,"1/28/1976","322a2066-3960-11ef-86fc-2906cc9fb6bc","away","TuS Derschlag 1881","GWD Minden",12,13,FALSE,1,NA,NA,0,0,0,NA,0,0,0,0,0,0,NA,NA,NA,NA,NA,NA,NA,NA,0,0,0,0,NA,NA,NA,NA,NA
"Helmut Keller","ae2fb2ba-3955-11ef-b38f-a36230ada079",NA,NA,1975,"1/28/1976","322a2066-3960-11ef-86fc-2906cc9fb6bc","away","TuS Derschlag 1881","GWD Minden",12,13,FALSE,1,NA,NA,0,0,0,NA,0,0,0,0,0,0,NA,NA,NA,NA,NA,NA,NA,NA,0,0,0,0,NA,NA,NA,NA,NA
"Walter Salzer","8d394c72-3955-11ef-8d73-81dc40648355",NA,NA,1975,"1/28/1976","381fbaa8-3960-11ef-ad6c-2906cc9fb6bc","home","TV 1893 Neuhausen","TV 05/07 Hüttenberg",20,22,FALSE,3,NA,NA,0,0,0,NA,0,0,0,0,0,0,NA,NA,NA,NA,NA,NA,NA,NA,0,0,0,0,NA,NA,NA,NA,NA
"Hermann Fritz","a4231bd1-3955-11ef-8299-2510cc07ea6e",NA,NA,1975,"1/28/1976","381fbaa8-3960-11ef-ad6c-2906cc9fb6bc","home","TV 1893 Neuhausen","TV 05/07 Hüttenberg",20,22,FALSE,0,NA,NA,0,0,0,NA,0,0,0,0,0,0,NA,NA,NA,NA,NA,NA,NA,NA,0,0,0,0,NA,NA,NA,NA,NA
"Klaus Stoll","a42e01cc-3955-11ef-b661-2510cc07ea6e",NA,NA,1975,"1/28/1976","381fbaa8-3960-11ef-ad6c-2906cc9fb6bc","home","TV 1893 Neuhausen","TV 05/07 Hüttenberg",20,22,FALSE,0,NA,NA,0,0,0,NA,0,0,0,0,0,0,NA,NA,NA,NA,NA,NA,NA,NA,0,0,0,0,NA,NA,NA,NA,NA
"Robert Kemmler","a438d7c7-3955-11ef-8ff6-2510cc07ea6e",NA,NA,1975,"1/28/1976","381fbaa8-3960-11ef-ad6c-2906cc9fb6bc","home","TV 1893 Neuhausen","TV 05/07 Hüttenberg",20,22,FALSE,7,NA,NA,0,0,1,NA,0,0,0,0,0,0,NA,NA,NA,NA,NA,NA,NA,NA,0,0,0,0,NA,NA,NA,NA,NA
"Manfred Klugger","a43e35c7-3955-11ef-b0dc-2510cc07ea6e",NA,NA,1975,"1/28/1976","381fbaa8-3960-11ef-ad6c-2906cc9fb6bc","home","TV 1893 Neuhausen","TV 05/07 Hüttenberg",20,22,FALSE,0,NA,NA,0,0,0,NA,0,0,0,0,0,0,NA,NA,NA,NA,NA,NA,NA,NA,0,0,0,0,NA,NA,NA,NA,NA
"Hermann Mäurle","a44f95e3-3955-11ef-b53d-2510cc07ea6e",NA,NA,1975,"1/28/1976","381fbaa8-3960-11ef-ad6c-2906cc9fb6bc","home","TV 1893 Neuhausen","TV 05/07 Hüttenberg",20,22,FALSE,4,NA,NA,0,0,4,NA,0,0,0,0,0,0,NA,NA,NA,NA,NA,NA,NA,NA,0,0,0,0,NA,NA,NA,NA,NA
"Rolf Miller","a4552808-3955-11ef-ac39-2510cc07ea6e",NA,NA,1975,"1/28/1976","381fbaa8-3960-11ef-ad6c-2906cc9fb6bc","home","TV 1893 Neuhausen","TV 05/07 Hüttenberg",20,22,FALSE,0,NA,NA,0,0,0,NA,0,0,0,0,0,0,NA,NA,NA,NA,NA,NA,NA,NA,0,0,0,0,NA,NA,NA,NA,NA
"Manfred Reusch","a45a1b11-3955-11ef-8135-2510cc07ea6e",NA,NA,1975,"1/28/1976","381fbaa8-3960-11ef-ad6c-2906cc9fb6bc","home","TV 1893 Neuhausen","TV 05/07 Hüttenberg",20,22,FALSE,1,NA,NA,0,0,0,NA,0,0,0,0,0,0,NA,NA,NA,NA,NA,NA,NA,NA,0,0,0,0,NA,NA,NA,NA,NA
"Eugen Schmid","a460a6b1-3955-11ef-966d-2510cc07ea6e",NA,NA,1975,"1/28/1976","381fbaa8-3960-11ef-ad6c-2906cc9fb6bc","home","TV 1893 Neuhausen","TV 05/07 Hüttenberg",20,22,FALSE,3,NA,NA,0,0,0,NA,0,0,0,0,0,0,NA,NA,NA,NA,NA,NA,NA,NA,0,0,0,0,NA,NA,NA,NA,NA
"Manfred Schmid","a468025d-3955-11ef-ae56-2510cc07ea6e",NA,NA,1975,"1/28/1976","381fbaa8-3960-11ef-ad6c-2906cc9fb6bc","home","TV 1893 Neuhausen","TV 05/07 Hüttenberg",20,22,FALSE,0,NA,NA,0,0,0,NA,0,0,0,0,0,0,NA,NA,NA,NA,NA,NA,NA,NA,0,0,0,0,NA,NA,NA,NA,NA
"Wolfgang Ruoff","b21c931a-3955-11ef-96d4-a36230ada079",NA,NA,1975,"1/28/1976","381fbaa8-3960-11ef-ad6c-2906cc9fb6bc","home","TV 1893 Neuhausen","TV 05/07 Hüttenberg",20,22,FALSE,0,NA,NA,0,0,0,NA,0,0,0,0,0,0,NA,NA,NA,NA,NA,NA,NA,NA,0,0,0,0,NA,NA,NA,NA,NA
"Johann Högl","b2211f04-3955-11ef-a5bd-a36230ada079",NA,NA,1975,"1/28/1976","381fbaa8-3960-11ef-ad6c-2906cc9fb6bc","home","TV 1893 Neuhausen","TV 05/07 Hüttenberg",20,22,FALSE,2,NA,NA,0,0,0,NA,0,0,0,0,0,0,NA,NA,NA,NA,NA,NA,NA,NA,0,0,0,0,NA,NA,NA,NA,NA
"Walter Don","73f54ad3-3955-11ef-b2c6-51fdf2a82730",NA,NA,1975,"1/28/1976","381fbaa8-3960-11ef-ad6c-2906cc9fb6bc","away","TV 05/07 Hüttenberg","TV 1893 Neuhausen",22,20,TRUE,5,NA,NA,0,0,4,NA,0,0,0,0,0,0,NA,NA,NA,NA,NA,NA,NA,NA,0,0,0,0,NA,NA,NA,NA,NA
"Harald Ohly","8048d89d-3955-11ef-a214-b908c60af10a",NA,NA,1975,"1/28/1976","381fbaa8-3960-11ef-ad6c-2906cc9fb6bc","away","TV 05/07 Hüttenberg","TV 1893 Neuhausen",22,20,TRUE,5,NA,NA,0,0,0,NA,0,0,0,0,0,0,NA,NA,NA,NA,NA,NA,NA,NA,0,0,0,0,NA,NA,NA,NA,NA
"Hans-Jürgen Völpel","80753eec-3955-11ef-bd2e-b908c60af10a",NA,NA,1975,"1/28/1976","381fbaa8-3960-11ef-ad6c-2906cc9fb6bc","away","TV 05/07 Hüttenberg","TV 1893 Neuhausen",22,20,TRUE,0,NA,NA,0,0,0,NA,0,0,0,0,0,0,NA,NA,NA,NA,NA,NA,NA,NA,0,0,0,0,NA,NA,NA,NA,NA
"Siegfried Weber","807d098c-3955-11ef-8827-b908c60af10a",NA,NA,1975,"1/28/1976","381fbaa8-3960-11ef-ad6c-2906cc9fb6bc","away","TV 05/07 Hüttenberg","TV 1893 Neuhausen",22,20,TRUE,6,NA,NA,0,0,0,NA,0,0,0,0,0,0,NA,NA,NA,NA,NA,NA,NA,NA,0,0,0,0,NA,NA,NA,NA,NA
"Horst Spengler","80adf446-3955-11ef-a1e6-b908c60af10a",NA,NA,1975,"1/28/1976","381fbaa8-3960-11ef-ad6c-2906cc9fb6bc","away","TV 05/07 Hüttenberg","TV 1893 Neuhausen",22,20,TRUE,6,NA,NA,0,0,0,NA,0,0,0,0,0,0,NA,NA,NA,NA,NA,NA,NA,NA,0,0,0,0,NA,NA,NA,NA,NA
"Klaus Meineke","8d0eefb2-3955-11ef-a068-81dc40648355",NA,NA,1975,"1/28/1976","381fbaa8-3960-11ef-ad6c-2906cc9fb6bc","away","TV 05/07 Hüttenberg","TV 1893 Neuhausen",22,20,TRUE,0,NA,NA,0,0,0,NA,0,0,0,0,0,0,NA,NA,NA,NA,NA,NA,NA,NA,0,0,0,0,NA,NA,NA,NA,NA
"Roland Stoy","96890f7d-3955-11ef-939e-292be3190b7b",NA,NA,1975,"1/28/1976","381fbaa8-3960-11ef-ad6c-2906cc9fb6bc","away","TV 05/07 Hüttenberg","TV 1893 Neuhausen",22,20,TRUE,0,NA,NA,0,0,0,NA,0,0,0,0,0,0,NA,NA,NA,NA,NA,NA,NA,NA,0,0,0,0,NA,NA,NA,NA,NA
"Stefan Schicketanz","a3d099d4-3955-11ef-90b6-2510cc07ea6e",NA,NA,1975,"1/28/1976","381fbaa8-3960-11ef-ad6c-2906cc9fb6bc","away","TV 05/07 Hüttenberg","TV 1893 Neuhausen",22,20,TRUE,0,NA,NA,0,0,0,NA,0,0,0,0,0,0,NA,NA,NA,NA,NA,NA,NA,NA,0,0,0,0,NA,NA,NA,NA,NA
"Hans-Willi Weber","a3f62960-3955-11ef-a9a1-2510cc07ea6e",NA,NA,1975,"1/28/1976","381fbaa8-3960-11ef-ad6c-2906cc9fb6bc","away","TV 05/07 Hüttenberg","TV 1893 Neuhausen",22,20,TRUE,0,NA,NA,0,0,0,NA,0,0,0,0,0,0,NA,NA,NA,NA,NA,NA,NA,NA,0,0,0,0,NA,NA,NA,NA,NA
"Udo Uebbing","ae4823ea-3955-11ef-93ce-a36230ada079",NA,NA,1975,"1/28/1976","381fbaa8-3960-11ef-ad6c-2906cc9fb6bc","away","TV 05/07 Hüttenberg","TV 1893 Neuhausen",22,20,TRUE,0,NA,NA,0,0,0,NA,0,0,0,0,0,0,NA,NA,NA,NA,NA,NA,NA,NA,0,0,0,0,NA,NA,NA,NA,NA
"Günter Werner","af912645-3955-11ef-a6b3-a36230ada079",NA,NA,1975,"1/28/1976","381fbaa8-3960-11ef-ad6c-2906cc9fb6bc","away","TV 05/07 Hüttenberg","TV 1893 Neuhausen",22,20,TRUE,0,NA,NA,0,0,0,NA,0,0,0,0,0,0,NA,NA,NA,NA,NA,NA,NA,NA,0,0,0,0,NA,NA,NA,NA,NA
"Josef Mantz","b15c537d-3955-11ef-b17c-a36230ada079",NA,NA,1975,"1/28/1976","381fbaa8-3960-11ef-ad6c-2906cc9fb6bc","away","TV 05/07 Hüttenberg","TV 1893 Neuhausen",22,20,TRUE,0,NA,NA,0,0,0,NA,0,0,0,0,0,0,NA,NA,NA,NA,NA,NA,NA,NA,0,0,0,0,NA,NA,NA,NA,NA
"Bernd Seehase","7f0c7bc5-3955-11ef-8b93-b908c60af10a",NA,NA,1975,"1/28/1976","3f2d7704-3960-11ef-9763-2906cc9fb6bc","home","Füchse Berlin","S3L Handball",15,15,FALSE,2,NA,NA,0,0,0,NA,0,0,0,0,0,0,NA,NA,NA,NA,NA,NA,NA,NA,0,0,0,0,NA,NA,NA,NA,NA
"Thomas Drust","7f41dffa-3955-11ef-8757-b908c60af10a",NA,NA,1975,"1/28/1976","3f2d7704-3960-11ef-9763-2906cc9fb6bc","home","Füchse Berlin","S3L Handball",15,15,FALSE,0,NA,NA,0,0,0,NA,0,0,0,0,0,0,NA,NA,NA,NA,NA,NA,NA,NA,0,0,0,0,NA,NA,NA,NA,NA
"Horst Rampp","8c760463-3955-11ef-b11d-81dc40648355",NA,NA,1975,"1/28/1976","3f2d7704-3960-11ef-9763-2906cc9fb6bc","home","Füchse Berlin","S3L Handball",15,15,FALSE,0,NA,NA,0,0,0,NA,0,0,0,0,0,0,NA,NA,NA,NA,NA,NA,NA,NA,0,0,0,0,NA,NA,NA,NA,NA
"Manfred Klein","a5ed5981-3955-11ef-aef8-2510cc07ea6e",NA,NA,1975,"1/28/1976","3f2d7704-3960-11ef-9763-2906cc9fb6bc","home","Füchse Berlin","S3L Handball",15,15,FALSE,1,NA,NA,0,0,0,NA,0,0,0,0,0,0,NA,NA,NA,NA,NA,NA,NA,NA,0,0,0,0,NA,NA,NA,NA,NA
"Reinhard Lembcke","a5f9e01f-3955-11ef-a753-2510cc07ea6e",NA,NA,1975,"1/28/1976","3f2d7704-3960-11ef-9763-2906cc9fb6bc","home","Füchse Berlin","S3L Handball",15,15,FALSE,1,NA,NA,0,0,0,NA,0,0,0,0,0,0,NA,NA,NA,NA,NA,NA,NA,NA,0,0,0,0,NA,NA,NA,NA,NA
"Wolfgang Braun","b1a4c388-3955-11ef-92b7-a36230ada079",NA,NA,1975,"1/28/1976","3f2d7704-3960-11ef-9763-2906cc9fb6bc","home","Füchse Berlin","S3L Handball",15,15,FALSE,4,NA,NA,0,0,0,NA,0,0,0,0,0,0,NA,NA,NA,NA,NA,NA,NA,NA,0,0,0,0,NA,NA,NA,NA,NA
"Detlef Finkelmann","b1a8f927-3955-11ef-a009-a36230ada079",NA,NA,1975,"1/28/1976","3f2d7704-3960-11ef-9763-2906cc9fb6bc","home","Füchse Berlin","S3L Handball",15,15,FALSE,1,NA,NA,0,0,0,NA,0,0,0,0,0,0,NA,NA,NA,NA,NA,NA,NA,NA,0,0,0,0,NA,NA,NA,NA,NA
"Lutz Loewke","b1b73b08-3955-11ef-b76a-a36230ada079",NA,NA,1975,"1/28/1976","3f2d7704-3960-11ef-9763-2906cc9fb6bc","home","Füchse Berlin","S3L Handball",15,15,FALSE,6,NA,NA,0,0,0,NA,0,0,0,0,0,0,NA,NA,NA,NA,NA,NA,NA,NA,0,0,0,0,NA,NA,NA,NA,NA
"Udo Klenk","8deb261a-3955-11ef-90c3-81dc40648355",NA,NA,1975,"1/28/1976","3f2d7704-3960-11ef-9763-2906cc9fb6bc","away","S3L Handball","Füchse Berlin",15,15,FALSE,5,NA,NA,0,0,0,NA,0,0,0,0,0,0,NA,NA,NA,NA,NA,NA,NA,NA,0,0,0,0,NA,NA,NA,NA,NA
"Georg Fitz","ae68320c-3955-11ef-89fa-a36230ada079",NA,NA,1975,"1/28/1976","3f2d7704-3960-11ef-9763-2906cc9fb6bc","away","S3L Handball","Füchse Berlin",15,15,FALSE,0,NA,NA,0,0,0,NA,0,0,0,0,0,0,NA,NA,NA,NA,NA,NA,NA,NA,0,0,0,0,NA,NA,NA,NA,NA
"Franz Rupp","ae6c7950-3955-11ef-87dd-a36230ada079",NA,NA,1975,"1/28/1976","3f2d7704-3960-11ef-9763-2906cc9fb6bc","away","S3L Handball","Füchse Berlin",15,15,FALSE,3,NA,NA,0,0,0,NA,0,0,0,0,0,0,NA,NA,NA,NA,NA,NA,NA,NA,0,0,0,0,NA,NA,NA,NA,NA
"Bernd Frühauf","ae71d80f-3955-11ef-a219-a36230ada079",NA,NA,1975,"1/28/1976","3f2d7704-3960-11ef-9763-2906cc9fb6bc","away","S3L Handball","Füchse Berlin",15,15,FALSE,1,NA,NA,0,0,0,NA,0,0,0,0,0,0,NA,NA,NA,NA,NA,NA,NA,NA,0,0,0,0,NA,NA,NA,NA,NA
"Wolfgang Sättele","ae76c01d-3955-11ef-bfb9-a36230ada079",NA,NA,1975,"1/28/1976","3f2d7704-3960-11ef-9763-2906cc9fb6bc","away","S3L Handball","Füchse Berlin",15,15,FALSE,1,NA,NA,0,0,0,NA,0,0,0,0,0,0,NA,NA,NA,NA,NA,NA,NA,NA,0,0,0,0,NA,NA,NA,NA,NA
"Joachim Hafemeister","ae7b4523-3955-11ef-b064-a36230ada079",NA,NA,1975,"1/28/1976","3f2d7704-3960-11ef-9763-2906cc9fb6bc","away","S3L Handball","Füchse Berlin",15,15,FALSE,0,NA,NA,0,0,0,NA,0,0,0,0,0,0,NA,NA,NA,NA,NA,NA,NA,NA,0,0,0,0,NA,NA,NA,NA,NA
"Harald Thiemer","ae803bfb-3955-11ef-9aab-a36230ada079",NA,NA,1975,"1/28/1976","3f2d7704-3960-11ef-9763-2906cc9fb6bc","away","S3L Handball","Füchse Berlin",15,15,FALSE,0,NA,NA,0,0,0,NA,0,0,0,0,0,0,NA,NA,NA,NA,NA,NA,NA,NA,0,0,0,0,NA,NA,NA,NA,NA
"Jürgen Hahn","ae947745-3955-11ef-bc54-a36230ada079",NA,NA,1975,"1/28/1976","3f2d7704-3960-11ef-9763-2906cc9fb6bc","away","S3L Handball","Füchse Berlin",15,15,FALSE,5,NA,NA,0,0,0,NA,0,0,0,0,0,0,NA,NA,NA,NA,NA,NA,NA,NA,0,0,0,0,NA,NA,NA,NA,NA
"Franz Götz","aea2eb0e-3955-11ef-b230-a36230ada079",NA,NA,1975,"1/28/1976","3f2d7704-3960-11ef-9763-2906cc9fb6bc","away","S3L Handball","Füchse Berlin",15,15,FALSE,0,NA,NA,0,0,0,NA,0,0,0,0,0,0,NA,NA,NA,NA,NA,NA,NA,NA,0,0,0,0,NA,NA,NA,NA,NA
"Hansjörg Jäck","b166bd31-3955-11ef-bed1-a36230ada079",NA,NA,1975,"1/28/1976","3f2d7704-3960-11ef-9763-2906cc9fb6bc","away","S3L Handball","Füchse Berlin",15,15,FALSE,0,NA,NA,0,0,0,NA,0,0,0,0,0,0,NA,NA,NA,NA,NA,NA,NA,NA,0,0,0,0,NA,NA,NA,NA,NA
"Wolfgang Haller","b1738c62-3955-11ef-a0aa-a36230ada079",NA,NA,1975,"1/28/1976","3f2d7704-3960-11ef-9763-2906cc9fb6bc","away","S3L Handball","Füchse Berlin",15,15,FALSE,0,NA,NA,0,0,0,NA,0,0,0,0,0,0,NA,NA,NA,NA,NA,NA,NA,NA,0,0,0,0,NA,NA,NA,NA,NA
"Claus Hormel","65a6e4d8-3955-11ef-84ee-292be3190b7b",NA,NA,1975,"1/28/1976","402b519a-3960-11ef-9d9c-2906cc9fb6bc","home","SG Dietzenbach","TV Großwallstadt",11,9,TRUE,3,NA,NA,0,0,0,NA,0,0,0,0,0,0,NA,NA,NA,NA,NA,NA,NA,NA,0,0,0,0,NA,NA,NA,NA,NA
"Dieter Schappert","808baa47-3955-11ef-b967-b908c60af10a",NA,NA,1975,"1/28/1976","402b519a-3960-11ef-9d9c-2906cc9fb6bc","home","SG Dietzenbach","TV Großwallstadt",11,9,TRUE,0,NA,NA,0,0,0,NA,0,0,0,0,0,0,NA,NA,NA,NA,NA,NA,NA,NA,0,0,0,0,NA,NA,NA,NA,NA
"Milan Krstić","8a85bfb0-3955-11ef-ac1d-81dc40648355",NA,NA,1975,"1/28/1976","402b519a-3960-11ef-9d9c-2906cc9fb6bc","home","SG Dietzenbach","TV Großwallstadt",11,9,TRUE,0,NA,NA,0,0,0,NA,0,0,0,0,0,0,NA,NA,NA,NA,NA,NA,NA,NA,0,0,0,0,NA,NA,NA,NA,NA
"Heinz-Walter Behne","8be65881-3955-11ef-8872-81dc40648355",NA,NA,1975,"1/28/1976","402b519a-3960-11ef-9d9c-2906cc9fb6bc","home","SG Dietzenbach","TV Großwallstadt",11,9,TRUE,1,NA,NA,0,0,0,NA,0,0,0,0,0,0,NA,NA,NA,NA,NA,NA,NA,NA,0,0,0,0,NA,NA,NA,NA,NA
"Herbert Wehnert","96e104db-3955-11ef-b58d-292be3190b7b",NA,NA,1975,"1/28/1976","402b519a-3960-11ef-9d9c-2906cc9fb6bc","home","SG Dietzenbach","TV Großwallstadt",11,9,TRUE,3,NA,NA,0,0,2,NA,0,0,0,0,0,0,NA,NA,NA,NA,NA,NA,NA,NA,0,0,0,0,NA,NA,NA,NA,NA
"Boris Kostić","982a9c45-3955-11ef-bf0d-292be3190b7b",NA,NA,1975,"1/28/1976","402b519a-3960-11ef-9d9c-2906cc9fb6bc","home","SG Dietzenbach","TV Großwallstadt",11,9,TRUE,0,NA,NA,0,0,0,NA,0,0,0,0,0,0,NA,NA,NA,NA,NA,NA,NA,NA,0,0,0,0,NA,NA,NA,NA,NA
"Otto Allies","af191a75-3955-11ef-8c7e-a36230ada079",NA,NA,1975,"1/28/1976","402b519a-3960-11ef-9d9c-2906cc9fb6bc","home","SG Dietzenbach","TV Großwallstadt",11,9,TRUE,0,NA,NA,0,0,0,NA,0,0,0,0,0,0,NA,NA,NA,NA,NA,NA,NA,NA,0,0,0,0,NA,NA,NA,NA,NA
"Klaus Budecker","af1ed2a9-3955-11ef-854d-a36230ada079",NA,NA,1975,"1/28/1976","402b519a-3960-11ef-9d9c-2906cc9fb6bc","home","SG Dietzenbach","TV Großwallstadt",11,9,TRUE,0,NA,NA,0,0,0,NA,0,0,0,0,0,0,NA,NA,NA,NA,NA,NA,NA,NA,0,0,0,0,NA,NA,NA,NA,NA
"Heinrich Baum","af2c6c48-3955-11ef-964a-a36230ada079",NA,NA,1975,"1/28/1976","402b519a-3960-11ef-9d9c-2906cc9fb6bc","home","SG Dietzenbach","TV Großwallstadt",11,9,TRUE,3,NA,NA,0,0,0,NA,0,0,0,0,0,0,NA,NA,NA,NA,NA,NA,NA,NA,0,0,0,0,NA,NA,NA,NA,NA
"Klaus Rettig","b1d1aa4c-3955-11ef-baf9-a36230ada079",NA,NA,1975,"1/28/1976","402b519a-3960-11ef-9d9c-2906cc9fb6bc","home","SG Dietzenbach","TV Großwallstadt",11,9,TRUE,1,NA,NA,0,0,0,NA,0,0,0,0,0,0,NA,NA,NA,NA,NA,NA,NA,NA,0,0,0,0,NA,NA,NA,NA,NA
"Kurt Klühspies","5ac3e7d7-3955-11ef-b574-4fa817cd91bb",NA,NA,1975,"1/28/1976","402b519a-3960-11ef-9d9c-2906cc9fb6bc","away","TV Großwallstadt","SG Dietzenbach",9,11,FALSE,6,NA,NA,0,0,0,NA,0,0,0,0,0,0,NA,NA,NA,NA,NA,NA,NA,NA,0,0,0,0,NA,NA,NA,NA,NA
"Manfred Hofmann","6855eb0b-3955-11ef-8cb3-292be3190b7b",NA,NA,1975,"1/28/1976","402b519a-3960-11ef-9d9c-2906cc9fb6bc","away","TV Großwallstadt","SG Dietzenbach",9,11,FALSE,0,NA,NA,0,0,0,NA,0,0,0,0,0,0,NA,NA,NA,NA,NA,NA,NA,NA,0,0,0,0,NA,NA,NA,NA,NA
"Thomas Sinsel","8adb8152-3955-11ef-b2de-81dc40648355",NA,NA,1975,"1/28/1976","402b519a-3960-11ef-9d9c-2906cc9fb6bc","away","TV Großwallstadt","SG Dietzenbach",9,11,FALSE,0,NA,NA,0,0,0,NA,0,0,0,0,0,0,NA,NA,NA,NA,NA,NA,NA,NA,0,0,0,0,NA,NA,NA,NA,NA
"Manfred Schwarz","96d98e53-3955-11ef-a3c9-292be3190b7b",NA,NA,1975,"1/28/1976","402b519a-3960-11ef-9d9c-2906cc9fb6bc","away","TV Großwallstadt","SG Dietzenbach",9,11,FALSE,0,NA,NA,0,0,0,NA,0,0,0,0,0,0,NA,NA,NA,NA,NA,NA,NA,NA,0,0,0,0,NA,NA,NA,NA,NA
"Wolfgang Dümig","978dc3fc-3955-11ef-b042-292be3190b7b",NA,NA,1975,"1/28/1976","402b519a-3960-11ef-9d9c-2906cc9fb6bc","away","TV Großwallstadt","SG Dietzenbach",9,11,FALSE,0,NA,NA,0,0,0,NA,0,0,0,0,0,0,NA,NA,NA,NA,NA,NA,NA,NA,0,0,0,0,NA,NA,NA,NA,NA
"Ulrich Schulz","9972a35f-3955-11ef-a06d-292be3190b7b",NA,NA,1975,"1/28/1976","402b519a-3960-11ef-9d9c-2906cc9fb6bc","away","TV Großwallstadt","SG Dietzenbach",9,11,FALSE,1,NA,NA,0,0,1,NA,0,0,0,0,0,0,NA,NA,NA,NA,NA,NA,NA,NA,0,0,0,0,NA,NA,NA,NA,NA
"Arno Böckling","a3c38db5-3955-11ef-810f-2510cc07ea6e",NA,NA,1975,"1/28/1976","402b519a-3960-11ef-9d9c-2906cc9fb6bc","away","TV Großwallstadt","SG Dietzenbach",9,11,FALSE,0,NA,NA,0,0,0,NA,0,0,0,0,0,0,NA,NA,NA,NA,NA,NA,NA,NA,0,0,0,0,NA,NA,NA,NA,NA
"Eckhardt Suffel","aeac0503-3955-11ef-88c6-a36230ada079",NA,NA,1975,"1/28/1976","402b519a-3960-11ef-9d9c-2906cc9fb6bc","away","TV Großwallstadt","SG Dietzenbach",9,11,FALSE,0,NA,NA,0,0,0,NA,0,0,0,0,0,0,NA,NA,NA,NA,NA,NA,NA,NA,0,0,0,0,NA,NA,NA,NA,NA
"Axel Emig","aeb0e35f-3955-11ef-8342-a36230ada079",NA,NA,1975,"1/28/1976","402b519a-3960-11ef-9d9c-2906cc9fb6bc","away","TV Großwallstadt","SG Dietzenbach",9,11,FALSE,2,NA,NA,0,0,1,NA,0,0,0,0,0,0,NA,NA,NA,NA,NA,NA,NA,NA,0,0,0,0,NA,NA,NA,NA,NA
"Manfred Meudt","af9be5ed-3955-11ef-a3e3-a36230ada079",NA,NA,1975,"1/28/1976","402b519a-3960-11ef-9d9c-2906cc9fb6bc","away","TV Großwallstadt","SG Dietzenbach",9,11,FALSE,0,NA,NA,0,0,0,NA,0,0,0,0,0,0,NA,NA,NA,NA,NA,NA,NA,NA,0,0,0,0,NA,NA,NA,NA,NA
"Norbert Klein","b18179dc-3955-11ef-acc0-a36230ada079",NA,NA,1975,"1/28/1976","402b519a-3960-11ef-9d9c-2906cc9fb6bc","away","TV Großwallstadt","SG Dietzenbach",9,11,FALSE,0,NA,NA,0,0,0,NA,0,0,0,0,0,0,NA,NA,NA,NA,NA,NA,NA,NA,0,0,0,0,NA,NA,NA,NA,NA
"Arnulf Dümmel","81093055-3955-11ef-9deb-b908c60af10a",NA,NA,1975,"1/28/1976","41bc6b86-3960-11ef-a8fa-2906cc9fb6bc","home","FRISCH AUF! Göppingen","TSV Milbertshofen",17,19,FALSE,2,NA,NA,0,0,0,NA,0,0,0,0,0,0,NA,NA,NA,NA,NA,NA,NA,NA,0,0,0,0,NA,NA,NA,NA,NA
"Armin Emrich","8cdd3680-3955-11ef-a93e-81dc40648355",NA,NA,1975,"1/28/1976","41bc6b86-3960-11ef-a8fa-2906cc9fb6bc","home","FRISCH AUF! Göppingen","TSV Milbertshofen",17,19,FALSE,2,NA,NA,0,0,1,NA,0,0,0,0,0,0,NA,NA,NA,NA,NA,NA,NA,NA,0,0,0,0,NA,NA,NA,NA,NA
"Hartmut Bressmer","97fa9b74-3955-11ef-ba4c-292be3190b7b",NA,NA,1975,"1/28/1976","41bc6b86-3960-11ef-a8fa-2906cc9fb6bc","home","FRISCH AUF! Göppingen","TSV Milbertshofen",17,19,FALSE,5,NA,NA,0,0,1,NA,0,0,0,0,0,0,NA,NA,NA,NA,NA,NA,NA,NA,0,0,0,0,NA,NA,NA,NA,NA
"Gunnar Einarsson","98473f03-3955-11ef-b6da-292be3190b7b",NA,NA,1975,"1/28/1976","41bc6b86-3960-11ef-a8fa-2906cc9fb6bc","home","FRISCH AUF! Göppingen","TSV Milbertshofen",17,19,FALSE,5,NA,NA,0,0,3,NA,0,0,0,0,0,0,NA,NA,NA,NA,NA,NA,NA,NA,0,0,0,0,NA,NA,NA,NA,NA
"Hans-Eberhard Finkbeiner","a2f451eb-3955-11ef-99da-2510cc07ea6e",NA,NA,1975,"1/28/1976","41bc6b86-3960-11ef-a8fa-2906cc9fb6bc","home","FRISCH AUF! Göppingen","TSV Milbertshofen",17,19,FALSE,0,NA,NA,0,0,0,NA,0,0,0,0,0,0,NA,NA,NA,NA,NA,NA,NA,NA,0,0,0,0,NA,NA,NA,NA,NA
"Wolfgang Don","a2ff75a5-3955-11ef-a510-2510cc07ea6e",NA,NA,1975,"1/28/1976","41bc6b86-3960-11ef-a8fa-2906cc9fb6bc","home","FRISCH AUF! Göppingen","TSV Milbertshofen",17,19,FALSE,2,NA,NA,0,0,0,NA,0,0,0,0,0,0,NA,NA,NA,NA,NA,NA,NA,NA,0,0,0,0,NA,NA,NA,NA,NA
"Rolf Hammann","af6ae50b-3955-11ef-a71b-a36230ada079",NA,NA,1975,"1/28/1976","41bc6b86-3960-11ef-a8fa-2906cc9fb6bc","home","FRISCH AUF! Göppingen","TSV Milbertshofen",17,19,FALSE,0,NA,NA,0,0,0,NA,0,0,0,0,0,0,NA,NA,NA,NA,NA,NA,NA,NA,0,0,0,0,NA,NA,NA,NA,NA
"Siegmund Seeger","af76d008-3955-11ef-b7c9-a36230ada079",NA,NA,1975,"1/28/1976","41bc6b86-3960-11ef-a8fa-2906cc9fb6bc","home","FRISCH AUF! Göppingen","TSV Milbertshofen",17,19,FALSE,1,NA,NA,0,0,0,NA,0,0,0,0,0,0,NA,NA,NA,NA,NA,NA,NA,NA,0,0,0,0,NA,NA,NA,NA,NA
"Günter Schweikardt","d3e60b79-3953-11ef-9e8c-e3f2de03a1b7",NA,NA,1975,"1/28/1976","41bc6b86-3960-11ef-a8fa-2906cc9fb6bc","home","FRISCH AUF! Göppingen","TSV Milbertshofen",17,19,FALSE,0,NA,NA,0,0,0,NA,0,0,0,0,0,0,NA,NA,NA,NA,NA,NA,NA,NA,0,0,0,0,NA,NA,NA,NA,NA
"Willibald Weiß","74414175-3955-11ef-89d0-51fdf2a82730",NA,NA,1975,"1/28/1976","41bc6b86-3960-11ef-a8fa-2906cc9fb6bc","away","TSV Milbertshofen","FRISCH AUF! Göppingen",19,17,TRUE,3,NA,NA,0,0,0,NA,0,0,0,0,0,0,NA,NA,NA,NA,NA,NA,NA,NA,0,0,0,0,NA,NA,NA,NA,NA
"Richard Mayr","751d6672-3955-11ef-a322-51fdf2a82730",NA,NA,1975,"1/28/1976","41bc6b86-3960-11ef-a8fa-2906cc9fb6bc","away","TSV Milbertshofen","FRISCH AUF! Göppingen",19,17,TRUE,3,NA,NA,0,0,0,NA,0,0,0,0,0,0,NA,NA,NA,NA,NA,NA,NA,NA,0,0,0,0,NA,NA,NA,NA,NA
"Jochen Frank","7ee9b472-3955-11ef-ab0f-b908c60af10a",NA,NA,1975,"1/28/1976","41bc6b86-3960-11ef-a8fa-2906cc9fb6bc","away","TSV Milbertshofen","FRISCH AUF! Göppingen",19,17,TRUE,6,NA,NA,0,0,0,NA,0,0,0,0,0,0,NA,NA,NA,NA,NA,NA,NA,NA,0,0,0,0,NA,NA,NA,NA,NA
"Udo Böbel","80d4ba37-3955-11ef-9d8b-b908c60af10a",NA,NA,1975,"1/28/1976","41bc6b86-3960-11ef-a8fa-2906cc9fb6bc","away","TSV Milbertshofen","FRISCH AUF! Göppingen",19,17,TRUE,4,NA,NA,0,0,2,NA,0,0,0,0,0,0,NA,NA,NA,NA,NA,NA,NA,NA,0,0,0,0,NA,NA,NA,NA,NA
"Peter Jaschke","8b728782-3955-11ef-8da6-81dc40648355",NA,NA,1975,"1/28/1976","41bc6b86-3960-11ef-a8fa-2906cc9fb6bc","away","TSV Milbertshofen","FRISCH AUF! Göppingen",19,17,TRUE,0,NA,NA,0,0,0,NA,0,0,0,0,0,0,NA,NA,NA,NA,NA,NA,NA,NA,0,0,0,0,NA,NA,NA,NA,NA
"Lothar Weingärtner","8dbf003c-3955-11ef-879b-81dc40648355",NA,NA,1975,"1/28/1976","41bc6b86-3960-11ef-a8fa-2906cc9fb6bc","away","TSV Milbertshofen","FRISCH AUF! Göppingen",19,17,TRUE,2,NA,NA,0,0,0,NA,0,0,0,0,0,0,NA,NA,NA,NA,NA,NA,NA,NA,0,0,0,0,NA,NA,NA,NA,NA
"Werner Winkelmeier","9712104e-3955-11ef-9613-292be3190b7b",NA,NA,1975,"1/28/1976","41bc6b86-3960-11ef-a8fa-2906cc9fb6bc","away","TSV Milbertshofen","FRISCH AUF! Göppingen",19,17,TRUE,0,NA,NA,0,0,0,NA,0,0,0,0,0,0,NA,NA,NA,NA,NA,NA,NA,NA,0,0,0,0,NA,NA,NA,NA,NA
"Rudolf Dobler","97ac407c-3955-11ef-9ea9-292be3190b7b",NA,NA,1975,"1/28/1976","41bc6b86-3960-11ef-a8fa-2906cc9fb6bc","away","TSV Milbertshofen","FRISCH AUF! Göppingen",19,17,TRUE,0,NA,NA,0,0,0,NA,0,0,0,0,0,0,NA,NA,NA,NA,NA,NA,NA,NA,0,0,0,0,NA,NA,NA,NA,NA
"Erwin Heilmeier","af09c6c5-3955-11ef-9faa-a36230ada079",NA,NA,1975,"1/28/1976","41bc6b86-3960-11ef-a8fa-2906cc9fb6bc","away","TSV Milbertshofen","FRISCH AUF! Göppingen",19,17,TRUE,0,NA,NA,0,0,0,NA,0,0,0,0,0,0,NA,NA,NA,NA,NA,NA,NA,NA,0,0,0,0,NA,NA,NA,NA,NA
"Jochen Heyne","b1c06894-3955-11ef-ab50-a36230ada079",NA,NA,1975,"1/28/1976","41bc6b86-3960-11ef-a8fa-2906cc9fb6bc","away","TSV Milbertshofen","FRISCH AUF! Göppingen",19,17,TRUE,1,NA,NA,0,0,0,NA,0,0,0,0,0,0,NA,NA,NA,NA,NA,NA,NA,NA,0,0,0,0,NA,NA,NA,NA,NA
"Helmut Schelchshorn","b1c960ef-3955-11ef-850b-a36230ada079",NA,NA,1975,"1/28/1976","41bc6b86-3960-11ef-a8fa-2906cc9fb6bc","away","TSV Milbertshofen","FRISCH AUF! Göppingen",19,17,TRUE,0,NA,NA,0,0,0,NA,0,0,0,0,0,0,NA,NA,NA,NA,NA,NA,NA,NA,0,0,0,0,NA,NA,NA,NA,NA
"Arno Ehret","39c2c361-3955-11ef-8c9d-bfbfc9e17c09",NA,NA,1975,"1/28/1976","42e002e8-3960-11ef-beed-2906cc9fb6bc","home","TuS Hofweier","TSV 1896 Rintheim",18,14,TRUE,3,NA,NA,0,0,0,NA,0,0,0,0,0,0,NA,NA,NA,NA,NA,NA,NA,NA,0,0,0,0,NA,NA,NA,NA,NA
"Gerd Leibiger","7ed15d40-3955-11ef-a28c-b908c60af10a",NA,NA,1975,"1/28/1976","42e002e8-3960-11ef-beed-2906cc9fb6bc","home","TuS Hofweier","TSV 1896 Rintheim",18,14,TRUE,1,NA,NA,0,0,0,NA,0,0,0,0,0,0,NA,NA,NA,NA,NA,NA,NA,NA,0,0,0,0,NA,NA,NA,NA,NA
"Peter Bucher","8e0071c9-3955-11ef-8ff8-81dc40648355",NA,NA,1975,"1/28/1976","42e002e8-3960-11ef-beed-2906cc9fb6bc","home","TuS Hofweier","TSV 1896 Rintheim",18,14,TRUE,0,NA,NA,0,0,0,NA,0,0,0,0,0,0,NA,NA,NA,NA,NA,NA,NA,NA,0,0,0,0,NA,NA,NA,NA,NA
"Josef Schienle","8e1c1721-3955-11ef-9a54-81dc40648355",NA,NA,1975,"1/28/1976","42e002e8-3960-11ef-beed-2906cc9fb6bc","home","TuS Hofweier","TSV 1896 Rintheim",18,14,TRUE,0,NA,NA,0,0,0,NA,0,0,0,0,0,0,NA,NA,NA,NA,NA,NA,NA,NA,0,0,0,0,NA,NA,NA,NA,NA
"Franz Bechler","98035d7e-3955-11ef-8b94-292be3190b7b",NA,NA,1975,"1/28/1976","42e002e8-3960-11ef-beed-2906cc9fb6bc","home","TuS Hofweier","TSV 1896 Rintheim",18,14,TRUE,0,NA,NA,0,0,0,NA,0,0,0,0,0,0,NA,NA,NA,NA,NA,NA,NA,NA,0,0,0,0,NA,NA,NA,NA,NA
"Günter Sinz","a3af1ecc-3955-11ef-bd85-2510cc07ea6e",NA,NA,1975,"1/28/1976","42e002e8-3960-11ef-beed-2906cc9fb6bc","home","TuS Hofweier","TSV 1896 Rintheim",18,14,TRUE,1,NA,NA,0,0,0,NA,0,0,0,0,0,0,NA,NA,NA,NA,NA,NA,NA,NA,0,0,0,0,NA,NA,NA,NA,NA
"Werner Voit","a3b992ef-3955-11ef-84c8-2510cc07ea6e",NA,NA,1975,"1/28/1976","42e002e8-3960-11ef-beed-2906cc9fb6bc","home","TuS Hofweier","TSV 1896 Rintheim",18,14,TRUE,2,NA,NA,0,0,0,NA,0,0,0,0,0,0,NA,NA,NA,NA,NA,NA,NA,NA,0,0,0,0,NA,NA,NA,NA,NA
"Wolfgang Bruck","afd5808d-3955-11ef-a3c4-a36230ada079",NA,NA,1975,"1/28/1976","42e002e8-3960-11ef-beed-2906cc9fb6bc","home","TuS Hofweier","TSV 1896 Rintheim",18,14,TRUE,0,NA,NA,0,0,0,NA,0,0,0,0,0,0,NA,NA,NA,NA,NA,NA,NA,NA,0,0,0,0,NA,NA,NA,NA,NA
"Wilfried Göppert","afe18023-3955-11ef-8040-a36230ada079",NA,NA,1975,"1/28/1976","42e002e8-3960-11ef-beed-2906cc9fb6bc","home","TuS Hofweier","TSV 1896 Rintheim",18,14,TRUE,0,NA,NA,0,0,0,NA,0,0,0,0,0,0,NA,NA,NA,NA,NA,NA,NA,NA,0,0,0,0,NA,NA,NA,NA,NA
"Gerhard Gaiser","7fd4e3db-3955-11ef-b327-b908c60af10a",NA,NA,1975,"1/28/1976","42e002e8-3960-11ef-beed-2906cc9fb6bc","away","TSV 1896 Rintheim","TuS Hofweier",14,18,FALSE,2,NA,NA,0,0,0,NA,0,0,0,0,0,0,NA,NA,NA,NA,NA,NA,NA,NA,0,0,0,0,NA,NA,NA,NA,NA
"Roland Kröger","81272d6a-3955-11ef-b027-b908c60af10a",NA,NA,1975,"1/28/1976","42e002e8-3960-11ef-beed-2906cc9fb6bc","away","TSV 1896 Rintheim","TuS Hofweier",14,18,FALSE,1,NA,NA,0,0,0,NA,0,0,0,0,0,0,NA,NA,NA,NA,NA,NA,NA,NA,0,0,0,0,NA,NA,NA,NA,NA
"Max Müller","99453a6b-3955-11ef-84c2-292be3190b7b",NA,NA,1975,"1/28/1976","42e002e8-3960-11ef-beed-2906cc9fb6bc","away","TSV 1896 Rintheim","TuS Hofweier",14,18,FALSE,3,NA,NA,0,0,1,NA,0,0,0,0,0,0,NA,NA,NA,NA,NA,NA,NA,NA,0,0,0,0,NA,NA,NA,NA,NA
"Alfred Schmitt","a25e1dab-3955-11ef-b412-2510cc07ea6e",NA,NA,1975,"1/28/1976","42e002e8-3960-11ef-beed-2906cc9fb6bc","away","TSV 1896 Rintheim","TuS Hofweier",14,18,FALSE,3,NA,NA,0,0,0,NA,0,0,0,0,0,0,NA,NA,NA,NA,NA,NA,NA,NA,0,0,0,0,NA,NA,NA,NA,NA
"Rudi Stein","a27f8606-3955-11ef-8352-2510cc07ea6e",NA,NA,1975,"1/28/1976","42e002e8-3960-11ef-beed-2906cc9fb6bc","away","TSV 1896 Rintheim","TuS Hofweier",14,18,FALSE,1,NA,NA,0,0,0,NA,0,0,0,0,0,0,NA,NA,NA,NA,NA,NA,NA,NA,0,0,0,0,NA,NA,NA,NA,NA
"Rudi Lechleidner","aec862a4-3955-11ef-ad66-a36230ada079",NA,NA,1975,"1/28/1976","42e002e8-3960-11ef-beed-2906cc9fb6bc","away","TSV 1896 Rintheim","TuS Hofweier",14,18,FALSE,0,NA,NA,0,0,0,NA,0,0,0,0,0,0,NA,NA,NA,NA,NA,NA,NA,NA,0,0,0,0,NA,NA,NA,NA,NA
"Wilfried Job","af3ed007-3955-11ef-9184-a36230ada079",NA,NA,1975,"1/28/1976","42e002e8-3960-11ef-beed-2906cc9fb6bc","away","TSV 1896 Rintheim","TuS Hofweier",14,18,FALSE,1,NA,NA,0,0,0,NA,0,0,0,0,0,0,NA,NA,NA,NA,NA,NA,NA,NA,0,0,0,0,NA,NA,NA,NA,NA
"Claus Erles","af42e492-3955-11ef-a26e-a36230ada079",NA,NA,1975,"1/28/1976","42e002e8-3960-11ef-beed-2906cc9fb6bc","away","TSV 1896 Rintheim","TuS Hofweier",14,18,FALSE,0,NA,NA,0,0,0,NA,0,0,0,0,0,0,NA,NA,NA,NA,NA,NA,NA,NA,0,0,0,0,NA,NA,NA,NA,NA
"Rolf Barthel","b1e747bc-3955-11ef-bf9b-a36230ada079",NA,NA,1975,"1/28/1976","42e002e8-3960-11ef-beed-2906cc9fb6bc","away","TSV 1896 Rintheim","TuS Hofweier",14,18,FALSE,3,NA,NA,0,0,0,NA,0,0,0,0,0,0,NA,NA,NA,NA,NA,NA,NA,NA,0,0,0,0,NA,NA,NA,NA,NA
"Holger Oertel","685d8d1c-3955-11ef-86af-292be3190b7b",NA,NA,1975,"1/31/1976","30f0c65f-3960-11ef-99fc-2906cc9fb6bc","home","THW Kiel","VfL Gummersbach",9,13,FALSE,0,NA,NA,0,0,0,NA,0,0,0,0,0,0,NA,NA,NA,NA,NA,NA,NA,NA,0,0,0,0,NA,NA,NA,NA,NA
"Roland Hänsch","981d8549-3955-11ef-a2ca-292be3190b7b",NA,NA,1975,"1/31/1976","30f0c65f-3960-11ef-99fc-2906cc9fb6bc","home","THW Kiel","VfL Gummersbach",9,13,FALSE,0,NA,NA,0,0,0,NA,0,0,0,0,0,0,NA,NA,NA,NA,NA,NA,NA,NA,0,0,0,0,NA,NA,NA,NA,NA
"Gerd Welz","98273a90-3955-11ef-a3a2-292be3190b7b",NA,NA,1975,"1/31/1976","30f0c65f-3960-11ef-99fc-2906cc9fb6bc","home","THW Kiel","VfL Gummersbach",9,13,FALSE,1,NA,NA,0,0,0,NA,0,0,0,0,0,0,NA,NA,NA,NA,NA,NA,NA,NA,0,0,0,0,NA,NA,NA,NA,NA
"Hans-Lothar Bock","9991bda0-3955-11ef-a6c6-292be3190b7b",NA,NA,1975,"1/31/1976","30f0c65f-3960-11ef-99fc-2906cc9fb6bc","home","THW Kiel","VfL Gummersbach",9,13,FALSE,1,NA,NA,0,0,1,NA,0,0,0,0,0,0,NA,NA,NA,NA,NA,NA,NA,NA,0,0,0,0,NA,NA,NA,NA,NA
"Volker Harbs","9995a6f3-3955-11ef-b74f-292be3190b7b",NA,NA,1975,"1/31/1976","30f0c65f-3960-11ef-99fc-2906cc9fb6bc","home","THW Kiel","VfL Gummersbach",9,13,FALSE,0,NA,NA,0,0,0,NA,0,0,0,0,0,0,NA,NA,NA,NA,NA,NA,NA,NA,0,0,0,0,NA,NA,NA,NA,NA
"Dieter Krause","99996b47-3955-11ef-a9c9-292be3190b7b",NA,NA,1975,"1/31/1976","30f0c65f-3960-11ef-99fc-2906cc9fb6bc","home","THW Kiel","VfL Gummersbach",9,13,FALSE,3,NA,NA,0,0,3,NA,0,0,0,0,0,0,NA,NA,NA,NA,NA,NA,NA,NA,0,0,0,0,NA,NA,NA,NA,NA
"Wolfgang Stolz","999eb14b-3955-11ef-bbce-292be3190b7b",NA,NA,1975,"1/31/1976","30f0c65f-3960-11ef-99fc-2906cc9fb6bc","home","THW Kiel","VfL Gummersbach",9,13,FALSE,0,NA,NA,0,0,0,NA,0,0,0,0,0,0,NA,NA,NA,NA,NA,NA,NA,NA,0,0,0,0,NA,NA,NA,NA,NA
"Holger Aissen","a3fb7482-3955-11ef-858d-2510cc07ea6e",NA,NA,1975,"1/31/1976","30f0c65f-3960-11ef-99fc-2906cc9fb6bc","home","THW Kiel","VfL Gummersbach",9,13,FALSE,0,NA,NA,0,0,0,NA,0,0,0,0,0,0,NA,NA,NA,NA,NA,NA,NA,NA,0,0,0,0,NA,NA,NA,NA,NA
"Frank Requate","ae434759-3955-11ef-8758-a36230ada079",NA,NA,1975,"1/31/1976","30f0c65f-3960-11ef-99fc-2906cc9fb6bc","home","THW Kiel","VfL Gummersbach",9,13,FALSE,0,NA,NA,0,0,0,NA,0,0,0,0,0,0,NA,NA,NA,NA,NA,NA,NA,NA,0,0,0,0,NA,NA,NA,NA,NA
"Herwig Ahrendsen","b143192b-3955-11ef-bef0-a36230ada079",NA,NA,1975,"1/31/1976","30f0c65f-3960-11ef-99fc-2906cc9fb6bc","home","THW Kiel","VfL Gummersbach",9,13,FALSE,3,NA,NA,0,0,0,NA,0,0,0,0,0,0,NA,NA,NA,NA,NA,NA,NA,NA,0,0,0,0,NA,NA,NA,NA,NA
"Bernd Nielsen","b1480d2c-3955-11ef-8563-a36230ada079",NA,NA,1975,"1/31/1976","30f0c65f-3960-11ef-99fc-2906cc9fb6bc","home","THW Kiel","VfL Gummersbach",9,13,FALSE,1,NA,NA,0,0,0,NA,0,0,0,0,0,0,NA,NA,NA,NA,NA,NA,NA,NA,0,0,0,0,NA,NA,NA,NA,NA
"Hartwig Moll","b14ce7d8-3955-11ef-8cb5-a36230ada079",NA,NA,1975,"1/31/1976","30f0c65f-3960-11ef-99fc-2906cc9fb6bc","home","THW Kiel","VfL Gummersbach",9,13,FALSE,0,NA,NA,0,0,0,NA,0,0,0,0,0,0,NA,NA,NA,NA,NA,NA,NA,NA,0,0,0,0,NA,NA,NA,NA,NA
"Heiner Brand","44e82d45-3955-11ef-bc71-4fa817cd91bb",NA,NA,1975,"1/31/1976","30f0c65f-3960-11ef-99fc-2906cc9fb6bc","away","VfL Gummersbach","THW Kiel",13,9,TRUE,2,NA,NA,0,0,0,NA,0,0,0,0,0,0,NA,NA,NA,NA,NA,NA,NA,NA,0,0,0,0,NA,NA,NA,NA,NA
"Reiner Schumacher","8aac0482-3955-11ef-9f92-81dc40648355",NA,NA,1975,"1/31/1976","30f0c65f-3960-11ef-99fc-2906cc9fb6bc","away","VfL Gummersbach","THW Kiel",13,9,TRUE,0,NA,NA,0,0,0,NA,0,0,0,0,0,0,NA,NA,NA,NA,NA,NA,NA,NA,0,0,0,0,NA,NA,NA,NA,NA
"Klaus Westebbe","8c58f63a-3955-11ef-b65e-81dc40648355",NA,NA,1975,"1/31/1976","30f0c65f-3960-11ef-99fc-2906cc9fb6bc","away","VfL Gummersbach","THW Kiel",13,9,TRUE,1,NA,NA,0,0,0,NA,0,0,0,0,0,0,NA,NA,NA,NA,NA,NA,NA,NA,0,0,0,0,NA,NA,NA,NA,NA
"Klaus Kater","8da1f6ef-3955-11ef-b31a-81dc40648355",NA,NA,1975,"1/31/1976","30f0c65f-3960-11ef-99fc-2906cc9fb6bc","away","VfL Gummersbach","THW Kiel",13,9,TRUE,0,NA,NA,0,0,0,NA,0,0,0,0,0,0,NA,NA,NA,NA,NA,NA,NA,NA,0,0,0,0,NA,NA,NA,NA,NA
"Klaus Schlagheck","97a06613-3955-11ef-8056-292be3190b7b",NA,NA,1975,"1/31/1976","30f0c65f-3960-11ef-99fc-2906cc9fb6bc","away","VfL Gummersbach","THW Kiel",13,9,TRUE,0,NA,NA,0,0,0,NA,0,0,0,0,0,0,NA,NA,NA,NA,NA,NA,NA,NA,0,0,0,0,NA,NA,NA,NA,NA
"Joachim Deckarm","9976945f-3955-11ef-afc4-292be3190b7b",NA,NA,1975,"1/31/1976","30f0c65f-3960-11ef-99fc-2906cc9fb6bc","away","VfL Gummersbach","THW Kiel",13,9,TRUE,4,NA,NA,0,0,2,NA,0,0,0,0,0,0,NA,NA,NA,NA,NA,NA,NA,NA,0,0,0,0,NA,NA,NA,NA,NA
"Jochen Feldhoff","a32751a5-3955-11ef-badf-2510cc07ea6e",NA,NA,1975,"1/31/1976","30f0c65f-3960-11ef-99fc-2906cc9fb6bc","away","VfL Gummersbach","THW Kiel",13,9,TRUE,3,NA,NA,0,0,0,NA,0,0,0,0,0,0,NA,NA,NA,NA,NA,NA,NA,NA,0,0,0,0,NA,NA,NA,NA,NA
"Manfred Glodde","a32e0a86-3955-11ef-9caa-2510cc07ea6e",NA,NA,1975,"1/31/1976","30f0c65f-3960-11ef-99fc-2906cc9fb6bc","away","VfL Gummersbach","THW Kiel",13,9,TRUE,0,NA,NA,0,0,0,NA,0,0,0,0,0,0,NA,NA,NA,NA,NA,NA,NA,NA,0,0,0,0,NA,NA,NA,NA,NA
"Joachim Henkels","a3386008-3955-11ef-810a-2510cc07ea6e",NA,NA,1975,"1/31/1976","30f0c65f-3960-11ef-99fc-2906cc9fb6bc","away","VfL Gummersbach","THW Kiel",13,9,TRUE,1,NA,NA,0,0,0,NA,0,0,0,0,0,0,NA,NA,NA,NA,NA,NA,NA,NA,0,0,0,0,NA,NA,NA,NA,NA
"Karl-Heinz Nolde","a33d5c4a-3955-11ef-b577-2510cc07ea6e",NA,NA,1975,"1/31/1976","30f0c65f-3960-11ef-99fc-2906cc9fb6bc","away","VfL Gummersbach","THW Kiel",13,9,TRUE,0,NA,NA,0,0,0,NA,0,0,0,0,0,0,NA,NA,NA,NA,NA,NA,NA,NA,0,0,0,0,NA,NA,NA,NA,NA
"Werner Lettgen","ae263c3c-3955-11ef-96f7-a36230ada079",NA,NA,1975,"1/31/1976","30f0c65f-3960-11ef-99fc-2906cc9fb6bc","away","VfL Gummersbach","THW Kiel",13,9,TRUE,0,NA,NA,0,0,0,NA,0,0,0,0,0,0,NA,NA,NA,NA,NA,NA,NA,NA,0,0,0,0,NA,NA,NA,NA,NA
"Hans-Günther Schmidt","aff5702f-3955-11ef-9878-a36230ada079",NA,NA,1975,"1/31/1976","30f0c65f-3960-11ef-99fc-2906cc9fb6bc","away","VfL Gummersbach","THW Kiel",13,9,TRUE,2,NA,NA,0,0,0,NA,0,0,0,0,0,0,NA,NA,NA,NA,NA,NA,NA,NA,0,0,0,0,NA,NA,NA,NA,NA
"Esad Kurtagić","39c727cf-3955-11ef-82fa-bfbfc9e17c09",NA,NA,1975,"1/31/1976","36c2a968-3960-11ef-a589-2906cc9fb6bc","home","TuS Derschlag 1881","VfL Lübeck-Schwartau",24,17,TRUE,3,NA,NA,0,0,0,NA,0,0,0,0,0,0,NA,NA,NA,NA,NA,NA,NA,NA,0,0,0,0,NA,NA,NA,NA,NA
"Spasoje Skerčević","50b681d8-3955-11ef-b6e8-6d38c0425bc0",NA,NA,1975,"1/31/1976","36c2a968-3960-11ef-a589-2906cc9fb6bc","home","TuS Derschlag 1881","VfL Lübeck-Schwartau",24,17,TRUE,5,NA,NA,0,0,0,NA,0,0,0,0,0,0,NA,NA,NA,NA,NA,NA,NA,NA,0,0,0,0,NA,NA,NA,NA,NA
"Klaus Brand","51394441-3955-11ef-8fab-6d38c0425bc0",NA,NA,1975,"1/31/1976","36c2a968-3960-11ef-a589-2906cc9fb6bc","home","TuS Derschlag 1881","VfL Lübeck-Schwartau",24,17,TRUE,0,NA,NA,0,0,0,NA,0,0,0,0,0,0,NA,NA,NA,NA,NA,NA,NA,NA,0,0,0,0,NA,NA,NA,NA,NA
"Ullrich Pohl","8c524587-3955-11ef-96af-81dc40648355",NA,NA,1975,"1/31/1976","36c2a968-3960-11ef-a589-2906cc9fb6bc","home","TuS Derschlag 1881","VfL Lübeck-Schwartau",24,17,TRUE,2,NA,NA,0,0,0,NA,0,0,0,0,0,0,NA,NA,NA,NA,NA,NA,NA,NA,0,0,0,0,NA,NA,NA,NA,NA
"Đorđe Lavrnić","9674e86d-3955-11ef-8ae9-292be3190b7b",NA,NA,1975,"1/31/1976","36c2a968-3960-11ef-a589-2906cc9fb6bc","home","TuS Derschlag 1881","VfL Lübeck-Schwartau",24,17,TRUE,7,NA,NA,0,0,2,NA,0,0,0,0,0,0,NA,NA,NA,NA,NA,NA,NA,NA,0,0,0,0,NA,NA,NA,NA,NA
"Peter Lindeskoog","a2a66799-3955-11ef-bd00-2510cc07ea6e",NA,NA,1975,"1/31/1976","36c2a968-3960-11ef-a589-2906cc9fb6bc","home","TuS Derschlag 1881","VfL Lübeck-Schwartau",24,17,TRUE,1,NA,NA,0,0,0,NA,0,0,0,0,0,0,NA,NA,NA,NA,NA,NA,NA,NA,0,0,0,0,NA,NA,NA,NA,NA
"Ulrich Ufer","a2c8cfa8-3955-11ef-8510-2510cc07ea6e",NA,NA,1975,"1/31/1976","36c2a968-3960-11ef-a589-2906cc9fb6bc","home","TuS Derschlag 1881","VfL Lübeck-Schwartau",24,17,TRUE,2,NA,NA,0,0,0,NA,0,0,0,0,0,0,NA,NA,NA,NA,NA,NA,NA,NA,0,0,0,0,NA,NA,NA,NA,NA
"Harald Ohrendorf","ae2b1f58-3955-11ef-baab-a36230ada079",NA,NA,1975,"1/31/1976","36c2a968-3960-11ef-a589-2906cc9fb6bc","home","TuS Derschlag 1881","VfL Lübeck-Schwartau",24,17,TRUE,2,NA,NA,0,0,0,NA,0,0,0,0,0,0,NA,NA,NA,NA,NA,NA,NA,NA,0,0,0,0,NA,NA,NA,NA,NA
"Helmut Keller","ae2fb2ba-3955-11ef-b38f-a36230ada079",NA,NA,1975,"1/31/1976","36c2a968-3960-11ef-a589-2906cc9fb6bc","home","TuS Derschlag 1881","VfL Lübeck-Schwartau",24,17,TRUE,2,NA,NA,0,0,0,NA,0,0,0,0,0,0,NA,NA,NA,NA,NA,NA,NA,NA,0,0,0,0,NA,NA,NA,NA,NA
"Klaus-Peter Alwardt","800d39da-3955-11ef-bf47-b908c60af10a",NA,NA,1975,"1/31/1976","36c2a968-3960-11ef-a589-2906cc9fb6bc","away","VfL Lübeck-Schwartau","TuS Derschlag 1881",17,24,FALSE,2,NA,NA,0,0,0,NA,0,0,0,0,0,0,NA,NA,NA,NA,NA,NA,NA,NA,0,0,0,0,NA,NA,NA,NA,NA
"Claus Gramkow","b0d7d6e6-3955-11ef-bb1c-a36230ada079",NA,NA,1975,"1/31/1976","36c2a968-3960-11ef-a589-2906cc9fb6bc","away","VfL Lübeck-Schwartau","TuS Derschlag 1881",17,24,FALSE,1,NA,NA,0,0,0,NA,0,0,0,0,0,0,NA,NA,NA,NA,NA,NA,NA,NA,0,0,0,0,NA,NA,NA,NA,NA
"Joachim Römer","b0dcb8e7-3955-11ef-83ab-a36230ada079",NA,NA,1975,"1/31/1976","36c2a968-3960-11ef-a589-2906cc9fb6bc","away","VfL Lübeck-Schwartau","TuS Derschlag 1881",17,24,FALSE,3,NA,NA,0,0,1,NA,0,0,0,0,0,0,NA,NA,NA,NA,NA,NA,NA,NA,0,0,0,0,NA,NA,NA,NA,NA
"Peter Görtz","b0e9ae8f-3955-11ef-aa48-a36230ada079",NA,NA,1975,"1/31/1976","36c2a968-3960-11ef-a589-2906cc9fb6bc","away","VfL Lübeck-Schwartau","TuS Derschlag 1881",17,24,FALSE,2,NA,NA,0,0,0,NA,0,0,0,0,0,0,NA,NA,NA,NA,NA,NA,NA,NA,0,0,0,0,NA,NA,NA,NA,NA
"Ulrich Kleinstoll","b0f37438-3955-11ef-84e6-a36230ada079",NA,NA,1975,"1/31/1976","36c2a968-3960-11ef-a589-2906cc9fb6bc","away","VfL Lübeck-Schwartau","TuS Derschlag 1881",17,24,FALSE,1,NA,NA,0,0,0,NA,0,0,0,0,0,0,NA,NA,NA,NA,NA,NA,NA,NA,0,0,0,0,NA,NA,NA,NA,NA
"Holger Rosenfeldt","b0fd53e2-3955-11ef-9f9a-a36230ada079",NA,NA,1975,"1/31/1976","36c2a968-3960-11ef-a589-2906cc9fb6bc","away","VfL Lübeck-Schwartau","TuS Derschlag 1881",17,24,FALSE,0,NA,NA,0,0,0,NA,0,0,0,0,0,0,NA,NA,NA,NA,NA,NA,NA,NA,0,0,0,0,NA,NA,NA,NA,NA
"Karl Weiß","b106c2d8-3955-11ef-9358-a36230ada079",NA,NA,1975,"1/31/1976","36c2a968-3960-11ef-a589-2906cc9fb6bc","away","VfL Lübeck-Schwartau","TuS Derschlag 1881",17,24,FALSE,4,NA,NA,0,0,0,NA,0,0,0,0,0,0,NA,NA,NA,NA,NA,NA,NA,NA,0,0,0,0,NA,NA,NA,NA,NA
"Siegfried Berg","b10d3ec3-3955-11ef-8a30-a36230ada079",NA,NA,1975,"1/31/1976","36c2a968-3960-11ef-a589-2906cc9fb6bc","away","VfL Lübeck-Schwartau","TuS Derschlag 1881",17,24,FALSE,4,NA,NA,0,0,1,NA,0,0,0,0,0,0,NA,NA,NA,NA,NA,NA,NA,NA,0,0,0,0,NA,NA,NA,NA,NA
"Udo Klenk","8deb261a-3955-11ef-90c3-81dc40648355",NA,NA,1975,"1/31/1976","3f3ec113-3960-11ef-b9eb-2906cc9fb6bc","home","S3L Handball","TuS Hofweier",20,15,TRUE,6,NA,NA,0,0,2,NA,0,0,0,0,0,0,NA,NA,NA,NA,NA,NA,NA,NA,0,0,0,0,NA,NA,NA,NA,NA
"Georg Fitz","ae68320c-3955-11ef-89fa-a36230ada079",NA,NA,1975,"1/31/1976","3f3ec113-3960-11ef-b9eb-2906cc9fb6bc","home","S3L Handball","TuS Hofweier",20,15,TRUE,1,NA,NA,0,0,0,NA,0,0,0,0,0,0,NA,NA,NA,NA,NA,NA,NA,NA,0,0,0,0,NA,NA,NA,NA,NA
"Franz Rupp","ae6c7950-3955-11ef-87dd-a36230ada079",NA,NA,1975,"1/31/1976","3f3ec113-3960-11ef-b9eb-2906cc9fb6bc","home","S3L Handball","TuS Hofweier",20,15,TRUE,5,NA,NA,0,0,0,NA,0,0,0,0,0,0,NA,NA,NA,NA,NA,NA,NA,NA,0,0,0,0,NA,NA,NA,NA,NA
"Bernd Frühauf","ae71d80f-3955-11ef-a219-a36230ada079",NA,NA,1975,"1/31/1976","3f3ec113-3960-11ef-b9eb-2906cc9fb6bc","home","S3L Handball","TuS Hofweier",20,15,TRUE,5,NA,NA,0,0,0,NA,0,0,0,0,0,0,NA,NA,NA,NA,NA,NA,NA,NA,0,0,0,0,NA,NA,NA,NA,NA
"Wolfgang Sättele","ae76c01d-3955-11ef-bfb9-a36230ada079",NA,NA,1975,"1/31/1976","3f3ec113-3960-11ef-b9eb-2906cc9fb6bc","home","S3L Handball","TuS Hofweier",20,15,TRUE,2,NA,NA,0,0,0,NA,0,0,0,0,0,0,NA,NA,NA,NA,NA,NA,NA,NA,0,0,0,0,NA,NA,NA,NA,NA
"Joachim Hafemeister","ae7b4523-3955-11ef-b064-a36230ada079",NA,NA,1975,"1/31/1976","3f3ec113-3960-11ef-b9eb-2906cc9fb6bc","home","S3L Handball","TuS Hofweier",20,15,TRUE,0,NA,NA,0,0,0,NA,0,0,0,0,0,0,NA,NA,NA,NA,NA,NA,NA,NA,0,0,0,0,NA,NA,NA,NA,NA
"Harald Thiemer","ae803bfb-3955-11ef-9aab-a36230ada079",NA,NA,1975,"1/31/1976","3f3ec113-3960-11ef-b9eb-2906cc9fb6bc","home","S3L Handball","TuS Hofweier",20,15,TRUE,0,NA,NA,0,0,0,NA,0,0,0,0,0,0,NA,NA,NA,NA,NA,NA,NA,NA,0,0,0,0,NA,NA,NA,NA,NA
"Jürgen Hahn","ae947745-3955-11ef-bc54-a36230ada079",NA,NA,1975,"1/31/1976","3f3ec113-3960-11ef-b9eb-2906cc9fb6bc","home","S3L Handball","TuS Hofweier",20,15,TRUE,0,NA,NA,0,0,0,NA,0,0,0,0,0,0,NA,NA,NA,NA,NA,NA,NA,NA,0,0,0,0,NA,NA,NA,NA,NA
"Franz Götz","aea2eb0e-3955-11ef-b230-a36230ada079",NA,NA,1975,"1/31/1976","3f3ec113-3960-11ef-b9eb-2906cc9fb6bc","home","S3L Handball","TuS Hofweier",20,15,TRUE,1,NA,NA,0,0,0,NA,0,0,0,0,0,0,NA,NA,NA,NA,NA,NA,NA,NA,0,0,0,0,NA,NA,NA,NA,NA
"Wolfgang Haller","b1738c62-3955-11ef-a0aa-a36230ada079",NA,NA,1975,"1/31/1976","3f3ec113-3960-11ef-b9eb-2906cc9fb6bc","home","S3L Handball","TuS Hofweier",20,15,TRUE,0,NA,NA,0,0,0,NA,0,0,0,0,0,0,NA,NA,NA,NA,NA,NA,NA,NA,0,0,0,0,NA,NA,NA,NA,NA
"Arno Ehret","39c2c361-3955-11ef-8c9d-bfbfc9e17c09",NA,NA,1975,"1/31/1976","3f3ec113-3960-11ef-b9eb-2906cc9fb6bc","away","TuS Hofweier","S3L Handball",15,20,FALSE,5,NA,NA,0,0,0,NA,0,0,0,0,0,0,NA,NA,NA,NA,NA,NA,NA,NA,0,0,0,0,NA,NA,NA,NA,NA
"Gerd Leibiger","7ed15d40-3955-11ef-a28c-b908c60af10a",NA,NA,1975,"1/31/1976","3f3ec113-3960-11ef-b9eb-2906cc9fb6bc","away","TuS Hofweier","S3L Handball",15,20,FALSE,3,NA,NA,0,0,1,NA,0,0,0,0,0,0,NA,NA,NA,NA,NA,NA,NA,NA,0,0,0,0,NA,NA,NA,NA,NA
"Peter Bucher","8e0071c9-3955-11ef-8ff8-81dc40648355",NA,NA,1975,"1/31/1976","3f3ec113-3960-11ef-b9eb-2906cc9fb6bc","away","TuS Hofweier","S3L Handball",15,20,FALSE,0,NA,NA,0,0,0,NA,0,0,0,0,0,0,NA,NA,NA,NA,NA,NA,NA,NA,0,0,0,0,NA,NA,NA,NA,NA
"Josef Schienle","8e1c1721-3955-11ef-9a54-81dc40648355",NA,NA,1975,"1/31/1976","3f3ec113-3960-11ef-b9eb-2906cc9fb6bc","away","TuS Hofweier","S3L Handball",15,20,FALSE,1,NA,NA,0,0,0,NA,0,0,0,0,0,0,NA,NA,NA,NA,NA,NA,NA,NA,0,0,0,0,NA,NA,NA,NA,NA
"Franz Bechler","98035d7e-3955-11ef-8b94-292be3190b7b",NA,NA,1975,"1/31/1976","3f3ec113-3960-11ef-b9eb-2906cc9fb6bc","away","TuS Hofweier","S3L Handball",15,20,FALSE,3,NA,NA,0,0,0,NA,0,0,0,0,0,0,NA,NA,NA,NA,NA,NA,NA,NA,0,0,0,0,NA,NA,NA,NA,NA
"Werner Voit","a3b992ef-3955-11ef-84c8-2510cc07ea6e",NA,NA,1975,"1/31/1976","3f3ec113-3960-11ef-b9eb-2906cc9fb6bc","away","TuS Hofweier","S3L Handball",15,20,FALSE,0,NA,NA,0,0,0,NA,0,0,0,0,0,0,NA,NA,NA,NA,NA,NA,NA,NA,0,0,0,0,NA,NA,NA,NA,NA
"Werner Decker","afcae313-3955-11ef-a9cf-a36230ada079",NA,NA,1975,"1/31/1976","3f3ec113-3960-11ef-b9eb-2906cc9fb6bc","away","TuS Hofweier","S3L Handball",15,20,FALSE,0,NA,NA,0,0,0,NA,0,0,0,0,0,0,NA,NA,NA,NA,NA,NA,NA,NA,0,0,0,0,NA,NA,NA,NA,NA
"Markus Hädrich","ba389acc-3955-11ef-8b9d-ab397f561917",NA,NA,1975,"1/31/1976","3f3ec113-3960-11ef-b9eb-2906cc9fb6bc","away","TuS Hofweier","S3L Handball",15,20,FALSE,1,NA,NA,0,0,0,NA,0,0,0,0,0,0,NA,NA,NA,NA,NA,NA,NA,NA,0,0,0,0,NA,NA,NA,NA,NA
"Kurt Klühspies","5ac3e7d7-3955-11ef-b574-4fa817cd91bb",NA,NA,1975,"1/31/1976","403b0b9f-3960-11ef-8575-2906cc9fb6bc","home","TV Großwallstadt","TV 1893 Neuhausen",18,14,TRUE,3,NA,NA,0,0,0,NA,0,0,0,0,0,0,NA,NA,NA,NA,NA,NA,NA,NA,0,0,0,0,NA,NA,NA,NA,NA
"Manfred Hofmann","6855eb0b-3955-11ef-8cb3-292be3190b7b",NA,NA,1975,"1/31/1976","403b0b9f-3960-11ef-8575-2906cc9fb6bc","home","TV Großwallstadt","TV 1893 Neuhausen",18,14,TRUE,0,NA,NA,0,0,0,NA,0,0,0,0,0,0,NA,NA,NA,NA,NA,NA,NA,NA,0,0,0,0,NA,NA,NA,NA,NA
"Heinz-Theo Kaus","8086fdf9-3955-11ef-938f-b908c60af10a",NA,NA,1975,"1/31/1976","403b0b9f-3960-11ef-8575-2906cc9fb6bc","home","TV Großwallstadt","TV 1893 Neuhausen",18,14,TRUE,0,NA,NA,0,0,0,NA,0,0,0,0,0,0,NA,NA,NA,NA,NA,NA,NA,NA,0,0,0,0,NA,NA,NA,NA,NA
"Thomas Sinsel","8adb8152-3955-11ef-b2de-81dc40648355",NA,NA,1975,"1/31/1976","403b0b9f-3960-11ef-8575-2906cc9fb6bc","home","TV Großwallstadt","TV 1893 Neuhausen",18,14,TRUE,0,NA,NA,0,0,0,NA,0,0,0,0,0,0,NA,NA,NA,NA,NA,NA,NA,NA,0,0,0,0,NA,NA,NA,NA,NA
"Manfred Schwarz","96d98e53-3955-11ef-a3c9-292be3190b7b",NA,NA,1975,"1/31/1976","403b0b9f-3960-11ef-8575-2906cc9fb6bc","home","TV Großwallstadt","TV 1893 Neuhausen",18,14,TRUE,4,NA,NA,0,0,0,NA,0,0,0,0,0,0,NA,NA,NA,NA,NA,NA,NA,NA,0,0,0,0,NA,NA,NA,NA,NA
"Wolfgang Dümig","978dc3fc-3955-11ef-b042-292be3190b7b",NA,NA,1975,"1/31/1976","403b0b9f-3960-11ef-8575-2906cc9fb6bc","home","TV Großwallstadt","TV 1893 Neuhausen",18,14,TRUE,0,NA,NA,0,0,0,NA,0,0,0,0,0,0,NA,NA,NA,NA,NA,NA,NA,NA,0,0,0,0,NA,NA,NA,NA,NA
"Ulrich Schulz","9972a35f-3955-11ef-a06d-292be3190b7b",NA,NA,1975,"1/31/1976","403b0b9f-3960-11ef-8575-2906cc9fb6bc","home","TV Großwallstadt","TV 1893 Neuhausen",18,14,TRUE,0,NA,NA,0,0,0,NA,0,0,0,0,0,0,NA,NA,NA,NA,NA,NA,NA,NA,0,0,0,0,NA,NA,NA,NA,NA
"Arno Böckling","a3c38db5-3955-11ef-810f-2510cc07ea6e",NA,NA,1975,"1/31/1976","403b0b9f-3960-11ef-8575-2906cc9fb6bc","home","TV Großwallstadt","TV 1893 Neuhausen",18,14,TRUE,4,NA,NA,0,0,0,NA,0,0,0,0,0,0,NA,NA,NA,NA,NA,NA,NA,NA,0,0,0,0,NA,NA,NA,NA,NA
"Eckhardt Suffel","aeac0503-3955-11ef-88c6-a36230ada079",NA,NA,1975,"1/31/1976","403b0b9f-3960-11ef-8575-2906cc9fb6bc","home","TV Großwallstadt","TV 1893 Neuhausen",18,14,TRUE,1,NA,NA,0,0,0,NA,0,0,0,0,0,0,NA,NA,NA,NA,NA,NA,NA,NA,0,0,0,0,NA,NA,NA,NA,NA
"Axel Emig","aeb0e35f-3955-11ef-8342-a36230ada079",NA,NA,1975,"1/31/1976","403b0b9f-3960-11ef-8575-2906cc9fb6bc","home","TV Großwallstadt","TV 1893 Neuhausen",18,14,TRUE,4,NA,NA,0,0,4,NA,0,0,0,0,0,0,NA,NA,NA,NA,NA,NA,NA,NA,0,0,0,0,NA,NA,NA,NA,NA
"Manfred Meudt","af9be5ed-3955-11ef-a3e3-a36230ada079",NA,NA,1975,"1/31/1976","403b0b9f-3960-11ef-8575-2906cc9fb6bc","home","TV Großwallstadt","TV 1893 Neuhausen",18,14,TRUE,1,NA,NA,0,0,0,NA,0,0,0,0,0,0,NA,NA,NA,NA,NA,NA,NA,NA,0,0,0,0,NA,NA,NA,NA,NA
"Norbert Klein","b18179dc-3955-11ef-acc0-a36230ada079",NA,NA,1975,"1/31/1976","403b0b9f-3960-11ef-8575-2906cc9fb6bc","home","TV Großwallstadt","TV 1893 Neuhausen",18,14,TRUE,1,NA,NA,0,0,0,NA,0,0,0,0,0,0,NA,NA,NA,NA,NA,NA,NA,NA,0,0,0,0,NA,NA,NA,NA,NA
"Walter Salzer","8d394c72-3955-11ef-8d73-81dc40648355",NA,NA,1975,"1/31/1976","403b0b9f-3960-11ef-8575-2906cc9fb6bc","away","TV 1893 Neuhausen","TV Großwallstadt",14,18,FALSE,7,NA,NA,0,0,1,NA,0,0,0,0,0,0,NA,NA,NA,NA,NA,NA,NA,NA,0,0,0,0,NA,NA,NA,NA,NA
"Klaus Stoll","a42e01cc-3955-11ef-b661-2510cc07ea6e",NA,NA,1975,"1/31/1976","403b0b9f-3960-11ef-8575-2906cc9fb6bc","away","TV 1893 Neuhausen","TV Großwallstadt",14,18,FALSE,0,NA,NA,0,0,0,NA,0,0,0,0,0,0,NA,NA,NA,NA,NA,NA,NA,NA,0,0,0,0,NA,NA,NA,NA,NA
"Robert Kemmler","a438d7c7-3955-11ef-8ff6-2510cc07ea6e",NA,NA,1975,"1/31/1976","403b0b9f-3960-11ef-8575-2906cc9fb6bc","away","TV 1893 Neuhausen","TV Großwallstadt",14,18,FALSE,4,NA,NA,0,0,2,NA,0,0,0,0,0,0,NA,NA,NA,NA,NA,NA,NA,NA,0,0,0,0,NA,NA,NA,NA,NA
"Manfred Klugger","a43e35c7-3955-11ef-b0dc-2510cc07ea6e",NA,NA,1975,"1/31/1976","403b0b9f-3960-11ef-8575-2906cc9fb6bc","away","TV 1893 Neuhausen","TV Großwallstadt",14,18,FALSE,0,NA,NA,0,0,0,NA,0,0,0,0,0,0,NA,NA,NA,NA,NA,NA,NA,NA,0,0,0,0,NA,NA,NA,NA,NA
"Julius Lehmann","a448c9e2-3955-11ef-9bf8-2510cc07ea6e",NA,NA,1975,"1/31/1976","403b0b9f-3960-11ef-8575-2906cc9fb6bc","away","TV 1893 Neuhausen","TV Großwallstadt",14,18,FALSE,0,NA,NA,0,0,0,NA,0,0,0,0,0,0,NA,NA,NA,NA,NA,NA,NA,NA,0,0,0,0,NA,NA,NA,NA,NA
"Hermann Mäurle","a44f95e3-3955-11ef-b53d-2510cc07ea6e",NA,NA,1975,"1/31/1976","403b0b9f-3960-11ef-8575-2906cc9fb6bc","away","TV 1893 Neuhausen","TV Großwallstadt",14,18,FALSE,0,NA,NA,0,0,0,NA,0,0,0,0,0,0,NA,NA,NA,NA,NA,NA,NA,NA,0,0,0,0,NA,NA,NA,NA,NA
"Rolf Miller","a4552808-3955-11ef-ac39-2510cc07ea6e",NA,NA,1975,"1/31/1976","403b0b9f-3960-11ef-8575-2906cc9fb6bc","away","TV 1893 Neuhausen","TV Großwallstadt",14,18,FALSE,0,NA,NA,0,0,0,NA,0,0,0,0,0,0,NA,NA,NA,NA,NA,NA,NA,NA,0,0,0,0,NA,NA,NA,NA,NA
"Manfred Reusch","a45a1b11-3955-11ef-8135-2510cc07ea6e",NA,NA,1975,"1/31/1976","403b0b9f-3960-11ef-8575-2906cc9fb6bc","away","TV 1893 Neuhausen","TV Großwallstadt",14,18,FALSE,1,NA,NA,0,0,0,NA,0,0,0,0,0,0,NA,NA,NA,NA,NA,NA,NA,NA,0,0,0,0,NA,NA,NA,NA,NA
"Eugen Schmid","a460a6b1-3955-11ef-966d-2510cc07ea6e",NA,NA,1975,"1/31/1976","403b0b9f-3960-11ef-8575-2906cc9fb6bc","away","TV 1893 Neuhausen","TV Großwallstadt",14,18,FALSE,2,NA,NA,0,0,0,NA,0,0,0,0,0,0,NA,NA,NA,NA,NA,NA,NA,NA,0,0,0,0,NA,NA,NA,NA,NA
"Manfred Schmid","a468025d-3955-11ef-ae56-2510cc07ea6e",NA,NA,1975,"1/31/1976","403b0b9f-3960-11ef-8575-2906cc9fb6bc","away","TV 1893 Neuhausen","TV Großwallstadt",14,18,FALSE,0,NA,NA,0,0,0,NA,0,0,0,0,0,0,NA,NA,NA,NA,NA,NA,NA,NA,0,0,0,0,NA,NA,NA,NA,NA
"Wolfgang Ruoff","b21c931a-3955-11ef-96d4-a36230ada079",NA,NA,1975,"1/31/1976","403b0b9f-3960-11ef-8575-2906cc9fb6bc","away","TV 1893 Neuhausen","TV Großwallstadt",14,18,FALSE,0,NA,NA,0,0,0,NA,0,0,0,0,0,0,NA,NA,NA,NA,NA,NA,NA,NA,0,0,0,0,NA,NA,NA,NA,NA
"Johann Högl","b2211f04-3955-11ef-a5bd-a36230ada079",NA,NA,1975,"1/31/1976","403b0b9f-3960-11ef-8575-2906cc9fb6bc","away","TV 1893 Neuhausen","TV Großwallstadt",14,18,FALSE,0,NA,NA,0,0,0,NA,0,0,0,0,0,0,NA,NA,NA,NA,NA,NA,NA,NA,0,0,0,0,NA,NA,NA,NA,NA
"Gerhard Gaiser","7fd4e3db-3955-11ef-b327-b908c60af10a",NA,NA,1975,"1/31/1976","42f0ec70-3960-11ef-9a4c-2906cc9fb6bc","home","TSV 1896 Rintheim","FRISCH AUF! Göppingen",23,15,TRUE,2,NA,NA,0,0,0,NA,0,0,0,0,0,0,NA,NA,NA,NA,NA,NA,NA,NA,0,0,0,0,NA,NA,NA,NA,NA
"Roland Kröger","81272d6a-3955-11ef-b027-b908c60af10a",NA,NA,1975,"1/31/1976","42f0ec70-3960-11ef-9a4c-2906cc9fb6bc","home","TSV 1896 Rintheim","FRISCH AUF! Göppingen",23,15,TRUE,1,NA,NA,0,0,0,NA,0,0,0,0,0,0,NA,NA,NA,NA,NA,NA,NA,NA,0,0,0,0,NA,NA,NA,NA,NA
"Manfred Schulz","8bc2b5ea-3955-11ef-8d03-81dc40648355",NA,NA,1975,"1/31/1976","42f0ec70-3960-11ef-9a4c-2906cc9fb6bc","home","TSV 1896 Rintheim","FRISCH AUF! Göppingen",23,15,TRUE,0,NA,NA,0,0,0,NA,0,0,0,0,0,0,NA,NA,NA,NA,NA,NA,NA,NA,0,0,0,0,NA,NA,NA,NA,NA
"Max Müller","99453a6b-3955-11ef-84c2-292be3190b7b",NA,NA,1975,"1/31/1976","42f0ec70-3960-11ef-9a4c-2906cc9fb6bc","home","TSV 1896 Rintheim","FRISCH AUF! Göppingen",23,15,TRUE,8,NA,NA,0,0,4,NA,0,0,0,0,0,0,NA,NA,NA,NA,NA,NA,NA,NA,0,0,0,0,NA,NA,NA,NA,NA
"Alfred Schmitt","a25e1dab-3955-11ef-b412-2510cc07ea6e",NA,NA,1975,"1/31/1976","42f0ec70-3960-11ef-9a4c-2906cc9fb6bc","home","TSV 1896 Rintheim","FRISCH AUF! Göppingen",23,15,TRUE,1,NA,NA,0,0,0,NA,0,0,0,0,0,0,NA,NA,NA,NA,NA,NA,NA,NA,0,0,0,0,NA,NA,NA,NA,NA
"Rudi Stein","a27f8606-3955-11ef-8352-2510cc07ea6e",NA,NA,1975,"1/31/1976","42f0ec70-3960-11ef-9a4c-2906cc9fb6bc","home","TSV 1896 Rintheim","FRISCH AUF! Göppingen",23,15,TRUE,2,NA,NA,0,0,0,NA,0,0,0,0,0,0,NA,NA,NA,NA,NA,NA,NA,NA,0,0,0,0,NA,NA,NA,NA,NA
"Rudi Lechleidner","aec862a4-3955-11ef-ad66-a36230ada079",NA,NA,1975,"1/31/1976","42f0ec70-3960-11ef-9a4c-2906cc9fb6bc","home","TSV 1896 Rintheim","FRISCH AUF! Göppingen",23,15,TRUE,5,NA,NA,0,0,0,NA,0,0,0,0,0,0,NA,NA,NA,NA,NA,NA,NA,NA,0,0,0,0,NA,NA,NA,NA,NA
"Wilfried Job","af3ed007-3955-11ef-9184-a36230ada079",NA,NA,1975,"1/31/1976","42f0ec70-3960-11ef-9a4c-2906cc9fb6bc","home","TSV 1896 Rintheim","FRISCH AUF! Göppingen",23,15,TRUE,1,NA,NA,0,0,0,NA,0,0,0,0,0,0,NA,NA,NA,NA,NA,NA,NA,NA,0,0,0,0,NA,NA,NA,NA,NA
"Claus Erles","af42e492-3955-11ef-a26e-a36230ada079",NA,NA,1975,"1/31/1976","42f0ec70-3960-11ef-9a4c-2906cc9fb6bc","home","TSV 1896 Rintheim","FRISCH AUF! Göppingen",23,15,TRUE,1,NA,NA,0,0,0,NA,0,0,0,0,0,0,NA,NA,NA,NA,NA,NA,NA,NA,0,0,0,0,NA,NA,NA,NA,NA
"Rolf Barthel","b1e747bc-3955-11ef-bf9b-a36230ada079",NA,NA,1975,"1/31/1976","42f0ec70-3960-11ef-9a4c-2906cc9fb6bc","home","TSV 1896 Rintheim","FRISCH AUF! Göppingen",23,15,TRUE,2,NA,NA,0,0,0,NA,0,0,0,0,0,0,NA,NA,NA,NA,NA,NA,NA,NA,0,0,0,0,NA,NA,NA,NA,NA
"Arnulf Dümmel","81093055-3955-11ef-9deb-b908c60af10a",NA,NA,1975,"1/31/1976","42f0ec70-3960-11ef-9a4c-2906cc9fb6bc","away","FRISCH AUF! Göppingen","TSV 1896 Rintheim",15,23,FALSE,2,NA,NA,0,0,0,NA,0,0,0,0,0,0,NA,NA,NA,NA,NA,NA,NA,NA,0,0,0,0,NA,NA,NA,NA,NA
"Armin Emrich","8cdd3680-3955-11ef-a93e-81dc40648355",NA,NA,1975,"1/31/1976","42f0ec70-3960-11ef-9a4c-2906cc9fb6bc","away","FRISCH AUF! Göppingen","TSV 1896 Rintheim",15,23,FALSE,6,NA,NA,0,0,1,NA,0,0,0,0,0,0,NA,NA,NA,NA,NA,NA,NA,NA,0,0,0,0,NA,NA,NA,NA,NA
"Hartmut Bressmer","97fa9b74-3955-11ef-ba4c-292be3190b7b",NA,NA,1975,"1/31/1976","42f0ec70-3960-11ef-9a4c-2906cc9fb6bc","away","FRISCH AUF! Göppingen","TSV 1896 Rintheim",15,23,FALSE,1,NA,NA,0,0,0,NA,0,0,0,0,0,0,NA,NA,NA,NA,NA,NA,NA,NA,0,0,0,0,NA,NA,NA,NA,NA
"Gunnar Einarsson","98473f03-3955-11ef-b6da-292be3190b7b",NA,NA,1975,"1/31/1976","42f0ec70-3960-11ef-9a4c-2906cc9fb6bc","away","FRISCH AUF! Göppingen","TSV 1896 Rintheim",15,23,FALSE,3,NA,NA,0,0,0,NA,0,0,0,0,0,0,NA,NA,NA,NA,NA,NA,NA,NA,0,0,0,0,NA,NA,NA,NA,NA
"Hans-Eberhard Finkbeiner","a2f451eb-3955-11ef-99da-2510cc07ea6e",NA,NA,1975,"1/31/1976","42f0ec70-3960-11ef-9a4c-2906cc9fb6bc","away","FRISCH AUF! Göppingen","TSV 1896 Rintheim",15,23,FALSE,0,NA,NA,0,0,0,NA,0,0,0,0,0,0,NA,NA,NA,NA,NA,NA,NA,NA,0,0,0,0,NA,NA,NA,NA,NA
"Wolfgang Don","a2ff75a5-3955-11ef-a510-2510cc07ea6e",NA,NA,1975,"1/31/1976","42f0ec70-3960-11ef-9a4c-2906cc9fb6bc","away","FRISCH AUF! Göppingen","TSV 1896 Rintheim",15,23,FALSE,2,NA,NA,0,0,0,NA,0,0,0,0,0,0,NA,NA,NA,NA,NA,NA,NA,NA,0,0,0,0,NA,NA,NA,NA,NA
"Siegmund Seeger","af76d008-3955-11ef-b7c9-a36230ada079",NA,NA,1975,"1/31/1976","42f0ec70-3960-11ef-9a4c-2906cc9fb6bc","away","FRISCH AUF! Göppingen","TSV 1896 Rintheim",15,23,FALSE,1,NA,NA,0,0,0,NA,0,0,0,0,0,0,NA,NA,NA,NA,NA,NA,NA,NA,0,0,0,0,NA,NA,NA,NA,NA
"Hans Brodbeck","b1f00cc3-3955-11ef-b4c9-a36230ada079",NA,NA,1975,"1/31/1976","42f0ec70-3960-11ef-9a4c-2906cc9fb6bc","away","FRISCH AUF! Göppingen","TSV 1896 Rintheim",15,23,FALSE,0,NA,NA,0,0,0,NA,0,0,0,0,0,0,NA,NA,NA,NA,NA,NA,NA,NA,0,0,0,0,NA,NA,NA,NA,NA
"Günter Schweikardt","d3e60b79-3953-11ef-9e8c-e3f2de03a1b7",NA,NA,1975,"1/31/1976","42f0ec70-3960-11ef-9a4c-2906cc9fb6bc","away","FRISCH AUF! Göppingen","TSV 1896 Rintheim",15,23,FALSE,0,NA,NA,0,0,0,NA,0,0,0,0,0,0,NA,NA,NA,NA,NA,NA,NA,NA,0,0,0,0,NA,NA,NA,NA,NA
"Rudolf Rauer","6829713f-3955-11ef-9d88-292be3190b7b",NA,NA,1975,"2/1/1976","323b4995-3960-11ef-8d0f-2906cc9fb6bc","home","TuS 05 Wellinghofen","GWD Minden",8,12,FALSE,0,NA,NA,0,0,0,NA,0,0,0,0,0,0,NA,NA,NA,NA,NA,NA,NA,NA,0,0,0,0,NA,NA,NA,NA,NA
"Hans-Peter Neuhaus","8d9d3887-3955-11ef-80a3-81dc40648355",NA,NA,1975,"2/1/1976","323b4995-3960-11ef-8d0f-2906cc9fb6bc","home","TuS 05 Wellinghofen","GWD Minden",8,12,FALSE,1,NA,NA,0,0,0,NA,0,0,0,0,0,0,NA,NA,NA,NA,NA,NA,NA,NA,0,0,0,0,NA,NA,NA,NA,NA
"Klaus Erwe","a4f54a19-3955-11ef-b48a-2510cc07ea6e",NA,NA,1975,"2/1/1976","323b4995-3960-11ef-8d0f-2906cc9fb6bc","home","TuS 05 Wellinghofen","GWD Minden",8,12,FALSE,0,NA,NA,0,0,0,NA,0,0,0,0,0,0,NA,NA,NA,NA,NA,NA,NA,NA,0,0,0,0,NA,NA,NA,NA,NA
"Frank Haardt","a4fb1cad-3955-11ef-bd99-2510cc07ea6e",NA,NA,1975,"2/1/1976","323b4995-3960-11ef-8d0f-2906cc9fb6bc","home","TuS 05 Wellinghofen","GWD Minden",8,12,FALSE,1,NA,NA,0,0,0,NA,0,0,0,0,0,0,NA,NA,NA,NA,NA,NA,NA,NA,0,0,0,0,NA,NA,NA,NA,NA
"Harald Zapler","a502f6b3-3955-11ef-a0c2-2510cc07ea6e",NA,NA,1975,"2/1/1976","323b4995-3960-11ef-8d0f-2906cc9fb6bc","home","TuS 05 Wellinghofen","GWD Minden",8,12,FALSE,0,NA,NA,0,0,0,NA,0,0,0,0,0,0,NA,NA,NA,NA,NA,NA,NA,NA,0,0,0,0,NA,NA,NA,NA,NA
"Wilfried Rettig","a517a588-3955-11ef-a8d7-2510cc07ea6e",NA,NA,1975,"2/1/1976","323b4995-3960-11ef-8d0f-2906cc9fb6bc","home","TuS 05 Wellinghofen","GWD Minden",8,12,FALSE,2,NA,NA,0,0,1,NA,0,0,0,0,0,0,NA,NA,NA,NA,NA,NA,NA,NA,0,0,0,0,NA,NA,NA,NA,NA
"Winfried Gabel","a521dedb-3955-11ef-a3bd-2510cc07ea6e",NA,NA,1975,"2/1/1976","323b4995-3960-11ef-8d0f-2906cc9fb6bc","home","TuS 05 Wellinghofen","GWD Minden",8,12,FALSE,0,NA,NA,0,0,0,NA,0,0,0,0,0,0,NA,NA,NA,NA,NA,NA,NA,NA,0,0,0,0,NA,NA,NA,NA,NA
"Klaus Happe","a527494a-3955-11ef-a4fa-2510cc07ea6e",NA,NA,1975,"2/1/1976","323b4995-3960-11ef-8d0f-2906cc9fb6bc","home","TuS 05 Wellinghofen","GWD Minden",8,12,FALSE,1,NA,NA,0,0,0,NA,0,0,0,0,0,0,NA,NA,NA,NA,NA,NA,NA,NA,0,0,0,0,NA,NA,NA,NA,NA
"Ulrich Staege","b05c5beb-3955-11ef-a7d6-a36230ada079",NA,NA,1975,"2/1/1976","323b4995-3960-11ef-8d0f-2906cc9fb6bc","home","TuS 05 Wellinghofen","GWD Minden",8,12,FALSE,2,NA,NA,0,0,0,NA,0,0,0,0,0,0,NA,NA,NA,NA,NA,NA,NA,NA,0,0,0,0,NA,NA,NA,NA,NA
"Herbert Rogge","b06614d7-3955-11ef-a43b-a36230ada079",NA,NA,1975,"2/1/1976","323b4995-3960-11ef-8d0f-2906cc9fb6bc","home","TuS 05 Wellinghofen","GWD Minden",8,12,FALSE,1,NA,NA,0,0,0,NA,0,0,0,0,0,0,NA,NA,NA,NA,NA,NA,NA,NA,0,0,0,0,NA,NA,NA,NA,NA
"Rainer Niemeyer","5008ccec-3955-11ef-9f62-6d38c0425bc0",NA,NA,1975,"2/1/1976","323b4995-3960-11ef-8d0f-2906cc9fb6bc","away","GWD Minden","TuS 05 Wellinghofen",12,8,TRUE,0,NA,NA,0,0,0,NA,0,0,0,0,0,0,NA,NA,NA,NA,NA,NA,NA,NA,0,0,0,0,NA,NA,NA,NA,NA
"Hans-Jürgen Grund","81694a24-3955-11ef-9a97-b908c60af10a",NA,NA,1975,"2/1/1976","323b4995-3960-11ef-8d0f-2906cc9fb6bc","away","GWD Minden","TuS 05 Wellinghofen",12,8,TRUE,0,NA,NA,0,0,0,NA,0,0,0,0,0,0,NA,NA,NA,NA,NA,NA,NA,NA,0,0,0,0,NA,NA,NA,NA,NA
"Axel Axelsson","8b29429f-3955-11ef-baf9-81dc40648355",NA,NA,1975,"2/1/1976","323b4995-3960-11ef-8d0f-2906cc9fb6bc","away","GWD Minden","TuS 05 Wellinghofen",12,8,TRUE,1,NA,NA,0,0,0,NA,0,0,0,0,0,0,NA,NA,NA,NA,NA,NA,NA,NA,0,0,0,0,NA,NA,NA,NA,NA
"Dieter Waltke","8bbe1a37-3955-11ef-a8ff-81dc40648355",NA,NA,1975,"2/1/1976","323b4995-3960-11ef-8d0f-2906cc9fb6bc","away","GWD Minden","TuS 05 Wellinghofen",12,8,TRUE,1,NA,NA,0,0,0,NA,0,0,0,0,0,0,NA,NA,NA,NA,NA,NA,NA,NA,0,0,0,0,NA,NA,NA,NA,NA
"Bernhard Busch","8dc9280f-3955-11ef-80e2-81dc40648355",NA,NA,1975,"2/1/1976","323b4995-3960-11ef-8d0f-2906cc9fb6bc","away","GWD Minden","TuS 05 Wellinghofen",12,8,TRUE,5,NA,NA,0,0,0,NA,0,0,0,0,0,0,NA,NA,NA,NA,NA,NA,NA,NA,0,0,0,0,NA,NA,NA,NA,NA
"Walter von Oepen","97f2373d-3955-11ef-82ae-292be3190b7b",NA,NA,1975,"2/1/1976","323b4995-3960-11ef-8d0f-2906cc9fb6bc","away","GWD Minden","TuS 05 Wellinghofen",12,8,TRUE,1,NA,NA,0,0,0,NA,0,0,0,0,0,0,NA,NA,NA,NA,NA,NA,NA,NA,0,0,0,0,NA,NA,NA,NA,NA
"Martin Karcher","980f80ce-3955-11ef-8054-292be3190b7b",NA,NA,1975,"2/1/1976","323b4995-3960-11ef-8d0f-2906cc9fb6bc","away","GWD Minden","TuS 05 Wellinghofen",12,8,TRUE,0,NA,NA,0,0,0,NA,0,0,0,0,0,0,NA,NA,NA,NA,NA,NA,NA,NA,0,0,0,0,NA,NA,NA,NA,NA
"Gerhard Buddenbohm","98e2ecac-3955-11ef-b2de-292be3190b7b",NA,NA,1975,"2/1/1976","323b4995-3960-11ef-8d0f-2906cc9fb6bc","away","GWD Minden","TuS 05 Wellinghofen",12,8,TRUE,1,NA,NA,0,0,0,NA,0,0,0,0,0,0,NA,NA,NA,NA,NA,NA,NA,NA,0,0,0,0,NA,NA,NA,NA,NA
"Ólafur Hlöðver Jónsson","98eb7177-3955-11ef-9bda-292be3190b7b",NA,NA,1975,"2/1/1976","323b4995-3960-11ef-8d0f-2906cc9fb6bc","away","GWD Minden","TuS 05 Wellinghofen",12,8,TRUE,3,NA,NA,0,0,0,NA,0,0,0,0,0,0,NA,NA,NA,NA,NA,NA,NA,NA,0,0,0,0,NA,NA,NA,NA,NA
"Hans Kramer","98f50290-3955-11ef-8aa8-292be3190b7b",NA,NA,1975,"2/1/1976","323b4995-3960-11ef-8d0f-2906cc9fb6bc","away","GWD Minden","TuS 05 Wellinghofen",12,8,TRUE,0,NA,NA,0,0,0,NA,0,0,0,0,0,0,NA,NA,NA,NA,NA,NA,NA,NA,0,0,0,0,NA,NA,NA,NA,NA
"Bernd Knuth","b006b967-3955-11ef-9f47-a36230ada079",NA,NA,1975,"2/1/1976","323b4995-3960-11ef-8d0f-2906cc9fb6bc","away","GWD Minden","TuS 05 Wellinghofen",12,8,TRUE,0,NA,NA,0,0,0,NA,0,0,0,0,0,0,NA,NA,NA,NA,NA,NA,NA,NA,0,0,0,0,NA,NA,NA,NA,NA
"Peter Pickel","8c973b42-3955-11ef-8c71-81dc40648355",NA,NA,1975,"2/1/1976","3353f5ac-3960-11ef-8927-2906cc9fb6bc","home","Hamburger SV","SC Phönix Essen 1920",13,13,FALSE,6,NA,NA,0,0,5,NA,0,0,0,0,0,0,NA,NA,NA,NA,NA,NA,NA,NA,0,0,0,0,NA,NA,NA,NA,NA
"Hans-Jürgen Bode","b011e6da-3955-11ef-8205-a36230ada079",NA,NA,1975,"2/1/1976","3353f5ac-3960-11ef-8927-2906cc9fb6bc","home","Hamburger SV","SC Phönix Essen 1920",13,13,FALSE,0,NA,NA,0,0,0,NA,0,0,0,0,0,0,NA,NA,NA,NA,NA,NA,NA,NA,0,0,0,0,NA,NA,NA,NA,NA
"Holger Nitschke","b01a8950-3955-11ef-a243-a36230ada079",NA,NA,1975,"2/1/1976","3353f5ac-3960-11ef-8927-2906cc9fb6bc","home","Hamburger SV","SC Phönix Essen 1920",13,13,FALSE,0,NA,NA,0,0,0,NA,0,0,0,0,0,0,NA,NA,NA,NA,NA,NA,NA,NA,0,0,0,0,NA,NA,NA,NA,NA
"Ralph Mathies","b023b170-3955-11ef-87a6-a36230ada079",NA,NA,1975,"2/1/1976","3353f5ac-3960-11ef-8927-2906cc9fb6bc","home","Hamburger SV","SC Phönix Essen 1920",13,13,FALSE,1,NA,NA,0,0,0,NA,0,0,0,0,0,0,NA,NA,NA,NA,NA,NA,NA,NA,0,0,0,0,NA,NA,NA,NA,NA
"Jens Ivers","b02f4aea-3955-11ef-801e-a36230ada079",NA,NA,1975,"2/1/1976","3353f5ac-3960-11ef-8927-2906cc9fb6bc","home","Hamburger SV","SC Phönix Essen 1920",13,13,FALSE,1,NA,NA,0,0,0,NA,0,0,0,0,0,0,NA,NA,NA,NA,NA,NA,NA,NA,0,0,0,0,NA,NA,NA,NA,NA
"Hans-Joachim Beißel","b0341bcb-3955-11ef-9e08-a36230ada079",NA,NA,1975,"2/1/1976","3353f5ac-3960-11ef-8927-2906cc9fb6bc","home","Hamburger SV","SC Phönix Essen 1920",13,13,FALSE,0,NA,NA,0,0,0,NA,0,0,0,0,0,0,NA,NA,NA,NA,NA,NA,NA,NA,0,0,0,0,NA,NA,NA,NA,NA
"Klaus Porepp","b0396b18-3955-11ef-b5cf-a36230ada079",NA,NA,1975,"2/1/1976","3353f5ac-3960-11ef-8927-2906cc9fb6bc","home","Hamburger SV","SC Phönix Essen 1920",13,13,FALSE,0,NA,NA,0,0,0,NA,0,0,0,0,0,0,NA,NA,NA,NA,NA,NA,NA,NA,0,0,0,0,NA,NA,NA,NA,NA
"Norbert Germer","b03f8101-3955-11ef-8945-a36230ada079",NA,NA,1975,"2/1/1976","3353f5ac-3960-11ef-8927-2906cc9fb6bc","home","Hamburger SV","SC Phönix Essen 1920",13,13,FALSE,0,NA,NA,0,0,0,NA,0,0,0,0,0,0,NA,NA,NA,NA,NA,NA,NA,NA,0,0,0,0,NA,NA,NA,NA,NA
"Bernd Eppler","b0442222-3955-11ef-841b-a36230ada079",NA,NA,1975,"2/1/1976","3353f5ac-3960-11ef-8927-2906cc9fb6bc","home","Hamburger SV","SC Phönix Essen 1920",13,13,FALSE,1,NA,NA,0,0,0,NA,0,0,0,0,0,0,NA,NA,NA,NA,NA,NA,NA,NA,0,0,0,0,NA,NA,NA,NA,NA
"Uwe Tesloff","b049ae56-3955-11ef-a5f7-a36230ada079",NA,NA,1975,"2/1/1976","3353f5ac-3960-11ef-8927-2906cc9fb6bc","home","Hamburger SV","SC Phönix Essen 1920",13,13,FALSE,1,NA,NA,0,0,0,NA,0,0,0,0,0,0,NA,NA,NA,NA,NA,NA,NA,NA,0,0,0,0,NA,NA,NA,NA,NA
"Michael Surmann","b04e41f0-3955-11ef-8320-a36230ada079",NA,NA,1975,"2/1/1976","3353f5ac-3960-11ef-8927-2906cc9fb6bc","home","Hamburger SV","SC Phönix Essen 1920",13,13,FALSE,3,NA,NA,0,0,0,NA,0,0,0,0,0,0,NA,NA,NA,NA,NA,NA,NA,NA,0,0,0,0,NA,NA,NA,NA,NA
"Dieter Bartke","4fa6f4fc-3955-11ef-9f16-6d38c0425bc0",NA,NA,1975,"2/1/1976","3353f5ac-3960-11ef-8927-2906cc9fb6bc","away","SC Phönix Essen 1920","Hamburger SV",13,13,FALSE,0,NA,NA,0,0,0,NA,0,0,0,0,0,0,NA,NA,NA,NA,NA,NA,NA,NA,0,0,0,0,NA,NA,NA,NA,NA
"Burkhard Windorf","8b6a317b-3955-11ef-84ca-81dc40648355",NA,NA,1975,"2/1/1976","3353f5ac-3960-11ef-8927-2906cc9fb6bc","away","SC Phönix Essen 1920","Hamburger SV",13,13,FALSE,0,NA,NA,0,0,0,NA,0,0,0,0,0,0,NA,NA,NA,NA,NA,NA,NA,NA,0,0,0,0,NA,NA,NA,NA,NA
"Peter Kleibrink","a1d4c58c-3955-11ef-9cce-2510cc07ea6e",NA,NA,1975,"2/1/1976","3353f5ac-3960-11ef-8927-2906cc9fb6bc","away","SC Phönix Essen 1920","Hamburger SV",13,13,FALSE,4,NA,NA,0,0,0,NA,0,0,0,0,0,0,NA,NA,NA,NA,NA,NA,NA,NA,0,0,0,0,NA,NA,NA,NA,NA
"Peter Bützer","a4cb5a85-3955-11ef-989d-2510cc07ea6e",NA,NA,1975,"2/1/1976","3353f5ac-3960-11ef-8927-2906cc9fb6bc","away","SC Phönix Essen 1920","Hamburger SV",13,13,FALSE,0,NA,NA,0,0,0,NA,0,0,0,0,0,0,NA,NA,NA,NA,NA,NA,NA,NA,0,0,0,0,NA,NA,NA,NA,NA
"Carsten Matuszak","a59daa13-3955-11ef-9206-2510cc07ea6e",NA,NA,1975,"2/1/1976","3353f5ac-3960-11ef-8927-2906cc9fb6bc","away","SC Phönix Essen 1920","Hamburger SV",13,13,FALSE,1,NA,NA,0,0,0,NA,0,0,0,0,0,0,NA,NA,NA,NA,NA,NA,NA,NA,0,0,0,0,NA,NA,NA,NA,NA
"Wilhelm Heidkamp","a5a2ef02-3955-11ef-9852-2510cc07ea6e",NA,NA,1975,"2/1/1976","3353f5ac-3960-11ef-8927-2906cc9fb6bc","away","SC Phönix Essen 1920","Hamburger SV",13,13,FALSE,2,NA,NA,0,0,0,NA,0,0,0,0,0,0,NA,NA,NA,NA,NA,NA,NA,NA,0,0,0,0,NA,NA,NA,NA,NA
"Heinz Oberscheidt","a5ae94f2-3955-11ef-91fc-2510cc07ea6e",NA,NA,1975,"2/1/1976","3353f5ac-3960-11ef-8927-2906cc9fb6bc","away","SC Phönix Essen 1920","Hamburger SV",13,13,FALSE,5,NA,NA,0,0,1,NA,0,0,0,0,0,0,NA,NA,NA,NA,NA,NA,NA,NA,0,0,0,0,NA,NA,NA,NA,NA
"Ingo Callies","b0b0659b-3955-11ef-87aa-a36230ada079",NA,NA,1975,"2/1/1976","3353f5ac-3960-11ef-8927-2906cc9fb6bc","away","SC Phönix Essen 1920","Hamburger SV",13,13,FALSE,1,NA,NA,0,0,0,NA,0,0,0,0,0,0,NA,NA,NA,NA,NA,NA,NA,NA,0,0,0,0,NA,NA,NA,NA,NA
"Peter Forker","b0b50ef2-3955-11ef-964f-a36230ada079",NA,NA,1975,"2/1/1976","3353f5ac-3960-11ef-8927-2906cc9fb6bc","away","SC Phönix Essen 1920","Hamburger SV",13,13,FALSE,0,NA,NA,0,0,0,NA,0,0,0,0,0,0,NA,NA,NA,NA,NA,NA,NA,NA,0,0,0,0,NA,NA,NA,NA,NA
"Emil Hauke","b0ba65f4-3955-11ef-9726-a36230ada079",NA,NA,1975,"2/1/1976","3353f5ac-3960-11ef-8927-2906cc9fb6bc","away","SC Phönix Essen 1920","Hamburger SV",13,13,FALSE,0,NA,NA,0,0,0,NA,0,0,0,0,0,0,NA,NA,NA,NA,NA,NA,NA,NA,0,0,0,0,NA,NA,NA,NA,NA
"Rüdiger Hillebrand","b0c11a9c-3955-11ef-bf0d-a36230ada079",NA,NA,1975,"2/1/1976","3353f5ac-3960-11ef-8927-2906cc9fb6bc","away","SC Phönix Essen 1920","Hamburger SV",13,13,FALSE,0,NA,NA,0,0,0,NA,0,0,0,0,0,0,NA,NA,NA,NA,NA,NA,NA,NA,0,0,0,0,NA,NA,NA,NA,NA
"Claus Hormel","65a6e4d8-3955-11ef-84ee-292be3190b7b",NA,NA,1975,"2/1/1976","382f319f-3960-11ef-87d9-2906cc9fb6bc","home","SG Dietzenbach","TV 05/07 Hüttenberg",24,17,TRUE,2,NA,NA,0,0,0,NA,0,0,0,0,0,0,NA,NA,NA,NA,NA,NA,NA,NA,0,0,0,0,NA,NA,NA,NA,NA
"Dieter Schappert","808baa47-3955-11ef-b967-b908c60af10a",NA,NA,1975,"2/1/1976","382f319f-3960-11ef-87d9-2906cc9fb6bc","home","SG Dietzenbach","TV 05/07 Hüttenberg",24,17,TRUE,2,NA,NA,0,0,0,NA,0,0,0,0,0,0,NA,NA,NA,NA,NA,NA,NA,NA,0,0,0,0,NA,NA,NA,NA,NA
"Milan Krstić","8a85bfb0-3955-11ef-ac1d-81dc40648355",NA,NA,1975,"2/1/1976","382f319f-3960-11ef-87d9-2906cc9fb6bc","home","SG Dietzenbach","TV 05/07 Hüttenberg",24,17,TRUE,4,NA,NA,0,0,0,NA,0,0,0,0,0,0,NA,NA,NA,NA,NA,NA,NA,NA,0,0,0,0,NA,NA,NA,NA,NA
"Heinz-Walter Behne","8be65881-3955-11ef-8872-81dc40648355",NA,NA,1975,"2/1/1976","382f319f-3960-11ef-87d9-2906cc9fb6bc","home","SG Dietzenbach","TV 05/07 Hüttenberg",24,17,TRUE,4,NA,NA,0,0,0,NA,0,0,0,0,0,0,NA,NA,NA,NA,NA,NA,NA,NA,0,0,0,0,NA,NA,NA,NA,NA
"Herbert Wehnert","96e104db-3955-11ef-b58d-292be3190b7b",NA,NA,1975,"2/1/1976","382f319f-3960-11ef-87d9-2906cc9fb6bc","home","SG Dietzenbach","TV 05/07 Hüttenberg",24,17,TRUE,7,NA,NA,0,0,3,NA,0,0,0,0,0,0,NA,NA,NA,NA,NA,NA,NA,NA,0,0,0,0,NA,NA,NA,NA,NA
"Boris Kostić","982a9c45-3955-11ef-bf0d-292be3190b7b",NA,NA,1975,"2/1/1976","382f319f-3960-11ef-87d9-2906cc9fb6bc","home","SG Dietzenbach","TV 05/07 Hüttenberg",24,17,TRUE,0,NA,NA,0,0,0,NA,0,0,0,0,0,0,NA,NA,NA,NA,NA,NA,NA,NA,0,0,0,0,NA,NA,NA,NA,NA
"Manfred Merk","a2e89182-3955-11ef-b7cf-2510cc07ea6e",NA,NA,1975,"2/1/1976","382f319f-3960-11ef-87d9-2906cc9fb6bc","home","SG Dietzenbach","TV 05/07 Hüttenberg",24,17,TRUE,1,NA,NA,0,0,1,NA,0,0,0,0,0,0,NA,NA,NA,NA,NA,NA,NA,NA,0,0,0,0,NA,NA,NA,NA,NA
"Otto Allies","af191a75-3955-11ef-8c7e-a36230ada079",NA,NA,1975,"2/1/1976","382f319f-3960-11ef-87d9-2906cc9fb6bc","home","SG Dietzenbach","TV 05/07 Hüttenberg",24,17,TRUE,1,NA,NA,0,0,0,NA,0,0,0,0,0,0,NA,NA,NA,NA,NA,NA,NA,NA,0,0,0,0,NA,NA,NA,NA,NA
"Klaus Budecker","af1ed2a9-3955-11ef-854d-a36230ada079",NA,NA,1975,"2/1/1976","382f319f-3960-11ef-87d9-2906cc9fb6bc","home","SG Dietzenbach","TV 05/07 Hüttenberg",24,17,TRUE,2,NA,NA,0,0,0,NA,0,0,0,0,0,0,NA,NA,NA,NA,NA,NA,NA,NA,0,0,0,0,NA,NA,NA,NA,NA
"Heinrich Baum","af2c6c48-3955-11ef-964a-a36230ada079",NA,NA,1975,"2/1/1976","382f319f-3960-11ef-87d9-2906cc9fb6bc","home","SG Dietzenbach","TV 05/07 Hüttenberg",24,17,TRUE,1,NA,NA,0,0,0,NA,0,0,0,0,0,0,NA,NA,NA,NA,NA,NA,NA,NA,0,0,0,0,NA,NA,NA,NA,NA
"Werner Fritzel","b1cdb47c-3955-11ef-8cfd-a36230ada079",NA,NA,1975,"2/1/1976","382f319f-3960-11ef-87d9-2906cc9fb6bc","home","SG Dietzenbach","TV 05/07 Hüttenberg",24,17,TRUE,0,NA,NA,0,0,0,NA,0,0,0,0,0,0,NA,NA,NA,NA,NA,NA,NA,NA,0,0,0,0,NA,NA,NA,NA,NA
"Klaus Rettig","b1d1aa4c-3955-11ef-baf9-a36230ada079",NA,NA,1975,"2/1/1976","382f319f-3960-11ef-87d9-2906cc9fb6bc","home","SG Dietzenbach","TV 05/07 Hüttenberg",24,17,TRUE,0,NA,NA,0,0,0,NA,0,0,0,0,0,0,NA,NA,NA,NA,NA,NA,NA,NA,0,0,0,0,NA,NA,NA,NA,NA
"Walter Don","73f54ad3-3955-11ef-b2c6-51fdf2a82730",NA,NA,1975,"2/1/1976","382f319f-3960-11ef-87d9-2906cc9fb6bc","away","TV 05/07 Hüttenberg","SG Dietzenbach",17,24,FALSE,4,NA,NA,0,0,4,NA,0,0,0,0,0,0,NA,NA,NA,NA,NA,NA,NA,NA,0,0,0,0,NA,NA,NA,NA,NA
"Harald Ohly","8048d89d-3955-11ef-a214-b908c60af10a",NA,NA,1975,"2/1/1976","382f319f-3960-11ef-87d9-2906cc9fb6bc","away","TV 05/07 Hüttenberg","SG Dietzenbach",17,24,FALSE,6,NA,NA,0,0,0,NA,0,0,0,0,0,0,NA,NA,NA,NA,NA,NA,NA,NA,0,0,0,0,NA,NA,NA,NA,NA
"Hans-Jürgen Völpel","80753eec-3955-11ef-bd2e-b908c60af10a",NA,NA,1975,"2/1/1976","382f319f-3960-11ef-87d9-2906cc9fb6bc","away","TV 05/07 Hüttenberg","SG Dietzenbach",17,24,FALSE,0,NA,NA,0,0,0,NA,0,0,0,0,0,0,NA,NA,NA,NA,NA,NA,NA,NA,0,0,0,0,NA,NA,NA,NA,NA
"Siegfried Weber","807d098c-3955-11ef-8827-b908c60af10a",NA,NA,1975,"2/1/1976","382f319f-3960-11ef-87d9-2906cc9fb6bc","away","TV 05/07 Hüttenberg","SG Dietzenbach",17,24,FALSE,4,NA,NA,0,0,0,NA,0,0,0,0,0,0,NA,NA,NA,NA,NA,NA,NA,NA,0,0,0,0,NA,NA,NA,NA,NA
"Horst Spengler","80adf446-3955-11ef-a1e6-b908c60af10a",NA,NA,1975,"2/1/1976","382f319f-3960-11ef-87d9-2906cc9fb6bc","away","TV 05/07 Hüttenberg","SG Dietzenbach",17,24,FALSE,0,NA,NA,0,0,0,NA,0,0,0,0,0,0,NA,NA,NA,NA,NA,NA,NA,NA,0,0,0,0,NA,NA,NA,NA,NA
"Klaus Meineke","8d0eefb2-3955-11ef-a068-81dc40648355",NA,NA,1975,"2/1/1976","382f319f-3960-11ef-87d9-2906cc9fb6bc","away","TV 05/07 Hüttenberg","SG Dietzenbach",17,24,FALSE,1,NA,NA,0,0,0,NA,0,0,0,0,0,0,NA,NA,NA,NA,NA,NA,NA,NA,0,0,0,0,NA,NA,NA,NA,NA
"Roland Stoy","96890f7d-3955-11ef-939e-292be3190b7b",NA,NA,1975,"2/1/1976","382f319f-3960-11ef-87d9-2906cc9fb6bc","away","TV 05/07 Hüttenberg","SG Dietzenbach",17,24,FALSE,0,NA,NA,0,0,0,NA,0,0,0,0,0,0,NA,NA,NA,NA,NA,NA,NA,NA,0,0,0,0,NA,NA,NA,NA,NA
"Stefan Schicketanz","a3d099d4-3955-11ef-90b6-2510cc07ea6e",NA,NA,1975,"2/1/1976","382f319f-3960-11ef-87d9-2906cc9fb6bc","away","TV 05/07 Hüttenberg","SG Dietzenbach",17,24,FALSE,0,NA,NA,0,0,0,NA,0,0,0,0,0,0,NA,NA,NA,NA,NA,NA,NA,NA,0,0,0,0,NA,NA,NA,NA,NA
"Hans-Willi Weber","a3f62960-3955-11ef-a9a1-2510cc07ea6e",NA,NA,1975,"2/1/1976","382f319f-3960-11ef-87d9-2906cc9fb6bc","away","TV 05/07 Hüttenberg","SG Dietzenbach",17,24,FALSE,1,NA,NA,0,0,0,NA,0,0,0,0,0,0,NA,NA,NA,NA,NA,NA,NA,NA,0,0,0,0,NA,NA,NA,NA,NA
"Udo Uebbing","ae4823ea-3955-11ef-93ce-a36230ada079",NA,NA,1975,"2/1/1976","382f319f-3960-11ef-87d9-2906cc9fb6bc","away","TV 05/07 Hüttenberg","SG Dietzenbach",17,24,FALSE,0,NA,NA,0,0,0,NA,0,0,0,0,0,0,NA,NA,NA,NA,NA,NA,NA,NA,0,0,0,0,NA,NA,NA,NA,NA
"Josef Mantz","b15c537d-3955-11ef-b17c-a36230ada079",NA,NA,1975,"2/1/1976","382f319f-3960-11ef-87d9-2906cc9fb6bc","away","TV 05/07 Hüttenberg","SG Dietzenbach",17,24,FALSE,1,NA,NA,0,0,0,NA,0,0,0,0,0,0,NA,NA,NA,NA,NA,NA,NA,NA,0,0,0,0,NA,NA,NA,NA,NA
"Willibald Weiß","74414175-3955-11ef-89d0-51fdf2a82730",NA,NA,1975,"2/1/1976","40efb7a8-3960-11ef-bade-2906cc9fb6bc","home","TSV Milbertshofen","Füchse Berlin",14,13,TRUE,0,NA,NA,0,0,0,NA,0,0,0,0,0,0,NA,NA,NA,NA,NA,NA,NA,NA,0,0,0,0,NA,NA,NA,NA,NA
"Richard Mayr","751d6672-3955-11ef-a322-51fdf2a82730",NA,NA,1975,"2/1/1976","40efb7a8-3960-11ef-bade-2906cc9fb6bc","home","TSV Milbertshofen","Füchse Berlin",14,13,TRUE,0,NA,NA,0,0,0,NA,0,0,0,0,0,0,NA,NA,NA,NA,NA,NA,NA,NA,0,0,0,0,NA,NA,NA,NA,NA
"Jochen Frank","7ee9b472-3955-11ef-ab0f-b908c60af10a",NA,NA,1975,"2/1/1976","40efb7a8-3960-11ef-bade-2906cc9fb6bc","home","TSV Milbertshofen","Füchse Berlin",14,13,TRUE,6,NA,NA,0,0,3,NA,0,0,0,0,0,0,NA,NA,NA,NA,NA,NA,NA,NA,0,0,0,0,NA,NA,NA,NA,NA
"Udo Böbel","80d4ba37-3955-11ef-9d8b-b908c60af10a",NA,NA,1975,"2/1/1976","40efb7a8-3960-11ef-bade-2906cc9fb6bc","home","TSV Milbertshofen","Füchse Berlin",14,13,TRUE,1,NA,NA,0,0,0,NA,0,0,0,0,0,0,NA,NA,NA,NA,NA,NA,NA,NA,0,0,0,0,NA,NA,NA,NA,NA
"Peter Jaschke","8b728782-3955-11ef-8da6-81dc40648355",NA,NA,1975,"2/1/1976","40efb7a8-3960-11ef-bade-2906cc9fb6bc","home","TSV Milbertshofen","Füchse Berlin",14,13,TRUE,0,NA,NA,0,0,0,NA,0,0,0,0,0,0,NA,NA,NA,NA,NA,NA,NA,NA,0,0,0,0,NA,NA,NA,NA,NA
"Lothar Weingärtner","8dbf003c-3955-11ef-879b-81dc40648355",NA,NA,1975,"2/1/1976","40efb7a8-3960-11ef-bade-2906cc9fb6bc","home","TSV Milbertshofen","Füchse Berlin",14,13,TRUE,2,NA,NA,0,0,0,NA,0,0,0,0,0,0,NA,NA,NA,NA,NA,NA,NA,NA,0,0,0,0,NA,NA,NA,NA,NA
"Werner Winkelmeier","9712104e-3955-11ef-9613-292be3190b7b",NA,NA,1975,"2/1/1976","40efb7a8-3960-11ef-bade-2906cc9fb6bc","home","TSV Milbertshofen","Füchse Berlin",14,13,TRUE,2,NA,NA,0,0,0,NA,0,0,0,0,0,0,NA,NA,NA,NA,NA,NA,NA,NA,0,0,0,0,NA,NA,NA,NA,NA
"Rudolf Dobler","97ac407c-3955-11ef-9ea9-292be3190b7b",NA,NA,1975,"2/1/1976","40efb7a8-3960-11ef-bade-2906cc9fb6bc","home","TSV Milbertshofen","Füchse Berlin",14,13,TRUE,2,NA,NA,0,0,0,NA,0,0,0,0,0,0,NA,NA,NA,NA,NA,NA,NA,NA,0,0,0,0,NA,NA,NA,NA,NA
"Erwin Heilmeier","af09c6c5-3955-11ef-9faa-a36230ada079",NA,NA,1975,"2/1/1976","40efb7a8-3960-11ef-bade-2906cc9fb6bc","home","TSV Milbertshofen","Füchse Berlin",14,13,TRUE,0,NA,NA,0,0,0,NA,0,0,0,0,0,0,NA,NA,NA,NA,NA,NA,NA,NA,0,0,0,0,NA,NA,NA,NA,NA
"Jochen Heyne","b1c06894-3955-11ef-ab50-a36230ada079",NA,NA,1975,"2/1/1976","40efb7a8-3960-11ef-bade-2906cc9fb6bc","home","TSV Milbertshofen","Füchse Berlin",14,13,TRUE,0,NA,NA,0,0,0,NA,0,0,0,0,0,0,NA,NA,NA,NA,NA,NA,NA,NA,0,0,0,0,NA,NA,NA,NA,NA
"Helmut Schelchshorn","b1c960ef-3955-11ef-850b-a36230ada079",NA,NA,1975,"2/1/1976","40efb7a8-3960-11ef-bade-2906cc9fb6bc","home","TSV Milbertshofen","Füchse Berlin",14,13,TRUE,1,NA,NA,0,0,0,NA,0,0,0,0,0,0,NA,NA,NA,NA,NA,NA,NA,NA,0,0,0,0,NA,NA,NA,NA,NA
"Bernd Seehase","7f0c7bc5-3955-11ef-8b93-b908c60af10a",NA,NA,1975,"2/1/1976","40efb7a8-3960-11ef-bade-2906cc9fb6bc","away","Füchse Berlin","TSV Milbertshofen",13,14,FALSE,6,NA,NA,0,0,1,NA,0,0,0,0,0,0,NA,NA,NA,NA,NA,NA,NA,NA,0,0,0,0,NA,NA,NA,NA,NA
"Thomas Drust","7f41dffa-3955-11ef-8757-b908c60af10a",NA,NA,1975,"2/1/1976","40efb7a8-3960-11ef-bade-2906cc9fb6bc","away","Füchse Berlin","TSV Milbertshofen",13,14,FALSE,0,NA,NA,0,0,0,NA,0,0,0,0,0,0,NA,NA,NA,NA,NA,NA,NA,NA,0,0,0,0,NA,NA,NA,NA,NA
"Andreas Pieper","8b17f063-3955-11ef-8f1b-81dc40648355",NA,NA,1975,"2/1/1976","40efb7a8-3960-11ef-bade-2906cc9fb6bc","away","Füchse Berlin","TSV Milbertshofen",13,14,FALSE,0,NA,NA,0,0,0,NA,0,0,0,0,0,0,NA,NA,NA,NA,NA,NA,NA,NA,0,0,0,0,NA,NA,NA,NA,NA
"Horst Rampp","8c760463-3955-11ef-b11d-81dc40648355",NA,NA,1975,"2/1/1976","40efb7a8-3960-11ef-bade-2906cc9fb6bc","away","Füchse Berlin","TSV Milbertshofen",13,14,FALSE,0,NA,NA,0,0,0,NA,0,0,0,0,0,0,NA,NA,NA,NA,NA,NA,NA,NA,0,0,0,0,NA,NA,NA,NA,NA
"Hartmut Alsen","a5dc4676-3955-11ef-ac19-2510cc07ea6e",NA,NA,1975,"2/1/1976","40efb7a8-3960-11ef-bade-2906cc9fb6bc","away","Füchse Berlin","TSV Milbertshofen",13,14,FALSE,1,NA,NA,0,0,0,NA,0,0,0,0,0,0,NA,NA,NA,NA,NA,NA,NA,NA,0,0,0,0,NA,NA,NA,NA,NA
"Manfred Klein","a5ed5981-3955-11ef-aef8-2510cc07ea6e",NA,NA,1975,"2/1/1976","40efb7a8-3960-11ef-bade-2906cc9fb6bc","away","Füchse Berlin","TSV Milbertshofen",13,14,FALSE,0,NA,NA,0,0,0,NA,0,0,0,0,0,0,NA,NA,NA,NA,NA,NA,NA,NA,0,0,0,0,NA,NA,NA,NA,NA
"Reinhard Lembcke","a5f9e01f-3955-11ef-a753-2510cc07ea6e",NA,NA,1975,"2/1/1976","40efb7a8-3960-11ef-bade-2906cc9fb6bc","away","Füchse Berlin","TSV Milbertshofen",13,14,FALSE,0,NA,NA,0,0,0,NA,0,0,0,0,0,0,NA,NA,NA,NA,NA,NA,NA,NA,0,0,0,0,NA,NA,NA,NA,NA
"Wolfgang Braun","b1a4c388-3955-11ef-92b7-a36230ada079",NA,NA,1975,"2/1/1976","40efb7a8-3960-11ef-bade-2906cc9fb6bc","away","Füchse Berlin","TSV Milbertshofen",13,14,FALSE,3,NA,NA,0,0,0,NA,0,0,0,0,0,0,NA,NA,NA,NA,NA,NA,NA,NA,0,0,0,0,NA,NA,NA,NA,NA
"Detlef Finkelmann","b1a8f927-3955-11ef-a009-a36230ada079",NA,NA,1975,"2/1/1976","40efb7a8-3960-11ef-bade-2906cc9fb6bc","away","Füchse Berlin","TSV Milbertshofen",13,14,FALSE,2,NA,NA,0,0,0,NA,0,0,0,0,0,0,NA,NA,NA,NA,NA,NA,NA,NA,0,0,0,0,NA,NA,NA,NA,NA
"Lutz Loewke","b1b73b08-3955-11ef-b76a-a36230ada079",NA,NA,1975,"2/1/1976","40efb7a8-3960-11ef-bade-2906cc9fb6bc","away","Füchse Berlin","TSV Milbertshofen",13,14,FALSE,1,NA,NA,0,0,0,NA,0,0,0,0,0,0,NA,NA,NA,NA,NA,NA,NA,NA,0,0,0,0,NA,NA,NA,NA,NA
"Udo Klenk","8deb261a-3955-11ef-90c3-81dc40648355",NA,NA,1975,"2/12/1976","3f4f43ab-3960-11ef-abd5-2906cc9fb6bc","home","S3L Handball","TV 1893 Neuhausen",13,10,TRUE,3,NA,NA,0,0,2,NA,0,0,0,0,0,0,NA,NA,NA,NA,NA,NA,NA,NA,0,0,0,0,NA,NA,NA,NA,NA
"Manfred Müller","ae54e819-3955-11ef-81e8-a36230ada079",NA,NA,1975,"2/12/1976","3f4f43ab-3960-11ef-abd5-2906cc9fb6bc","home","S3L Handball","TV 1893 Neuhausen",13,10,TRUE,0,NA,NA,0,0,0,NA,0,0,0,0,0,0,NA,NA,NA,NA,NA,NA,NA,NA,0,0,0,0,NA,NA,NA,NA,NA
"Georg Fitz","ae68320c-3955-11ef-89fa-a36230ada079",NA,NA,1975,"2/12/1976","3f4f43ab-3960-11ef-abd5-2906cc9fb6bc","home","S3L Handball","TV 1893 Neuhausen",13,10,TRUE,0,NA,NA,0,0,0,NA,0,0,0,0,0,0,NA,NA,NA,NA,NA,NA,NA,NA,0,0,0,0,NA,NA,NA,NA,NA
"Franz Rupp","ae6c7950-3955-11ef-87dd-a36230ada079",NA,NA,1975,"2/12/1976","3f4f43ab-3960-11ef-abd5-2906cc9fb6bc","home","S3L Handball","TV 1893 Neuhausen",13,10,TRUE,4,NA,NA,0,0,2,NA,0,0,0,0,0,0,NA,NA,NA,NA,NA,NA,NA,NA,0,0,0,0,NA,NA,NA,NA,NA
"Bernd Frühauf","ae71d80f-3955-11ef-a219-a36230ada079",NA,NA,1975,"2/12/1976","3f4f43ab-3960-11ef-abd5-2906cc9fb6bc","home","S3L Handball","TV 1893 Neuhausen",13,10,TRUE,2,NA,NA,0,0,0,NA,0,0,0,0,0,0,NA,NA,NA,NA,NA,NA,NA,NA,0,0,0,0,NA,NA,NA,NA,NA
"Wolfgang Sättele","ae76c01d-3955-11ef-bfb9-a36230ada079",NA,NA,1975,"2/12/1976","3f4f43ab-3960-11ef-abd5-2906cc9fb6bc","home","S3L Handball","TV 1893 Neuhausen",13,10,TRUE,2,NA,NA,0,0,0,NA,0,0,0,0,0,0,NA,NA,NA,NA,NA,NA,NA,NA,0,0,0,0,NA,NA,NA,NA,NA
"Joachim Hafemeister","ae7b4523-3955-11ef-b064-a36230ada079",NA,NA,1975,"2/12/1976","3f4f43ab-3960-11ef-abd5-2906cc9fb6bc","home","S3L Handball","TV 1893 Neuhausen",13,10,TRUE,0,NA,NA,0,0,0,NA,0,0,0,0,0,0,NA,NA,NA,NA,NA,NA,NA,NA,0,0,0,0,NA,NA,NA,NA,NA
"Harald Thiemer","ae803bfb-3955-11ef-9aab-a36230ada079",NA,NA,1975,"2/12/1976","3f4f43ab-3960-11ef-abd5-2906cc9fb6bc","home","S3L Handball","TV 1893 Neuhausen",13,10,TRUE,0,NA,NA,0,0,0,NA,0,0,0,0,0,0,NA,NA,NA,NA,NA,NA,NA,NA,0,0,0,0,NA,NA,NA,NA,NA
"Franz Götz","aea2eb0e-3955-11ef-b230-a36230ada079",NA,NA,1975,"2/12/1976","3f4f43ab-3960-11ef-abd5-2906cc9fb6bc","home","S3L Handball","TV 1893 Neuhausen",13,10,TRUE,2,NA,NA,0,0,0,NA,0,0,0,0,0,0,NA,NA,NA,NA,NA,NA,NA,NA,0,0,0,0,NA,NA,NA,NA,NA
"Wolfgang Haller","b1738c62-3955-11ef-a0aa-a36230ada079",NA,NA,1975,"2/12/1976","3f4f43ab-3960-11ef-abd5-2906cc9fb6bc","home","S3L Handball","TV 1893 Neuhausen",13,10,TRUE,0,NA,NA,0,0,0,NA,0,0,0,0,0,0,NA,NA,NA,NA,NA,NA,NA,NA,0,0,0,0,NA,NA,NA,NA,NA
"Walter Salzer","8d394c72-3955-11ef-8d73-81dc40648355",NA,NA,1975,"2/12/1976","3f4f43ab-3960-11ef-abd5-2906cc9fb6bc","away","TV 1893 Neuhausen","S3L Handball",10,13,FALSE,1,NA,NA,0,0,1,NA,0,0,0,0,0,0,NA,NA,NA,NA,NA,NA,NA,NA,0,0,0,0,NA,NA,NA,NA,NA
"Klaus Stoll","a42e01cc-3955-11ef-b661-2510cc07ea6e",NA,NA,1975,"2/12/1976","3f4f43ab-3960-11ef-abd5-2906cc9fb6bc","away","TV 1893 Neuhausen","S3L Handball",10,13,FALSE,0,NA,NA,0,0,0,NA,0,0,0,0,0,0,NA,NA,NA,NA,NA,NA,NA,NA,0,0,0,0,NA,NA,NA,NA,NA
"Robert Kemmler","a438d7c7-3955-11ef-8ff6-2510cc07ea6e",NA,NA,1975,"2/12/1976","3f4f43ab-3960-11ef-abd5-2906cc9fb6bc","away","TV 1893 Neuhausen","S3L Handball",10,13,FALSE,2,NA,NA,0,0,0,NA,0,0,0,0,0,0,NA,NA,NA,NA,NA,NA,NA,NA,0,0,0,0,NA,NA,NA,NA,NA
"Manfred Klugger","a43e35c7-3955-11ef-b0dc-2510cc07ea6e",NA,NA,1975,"2/12/1976","3f4f43ab-3960-11ef-abd5-2906cc9fb6bc","away","TV 1893 Neuhausen","S3L Handball",10,13,FALSE,3,NA,NA,0,0,0,NA,0,0,0,0,0,0,NA,NA,NA,NA,NA,NA,NA,NA,0,0,0,0,NA,NA,NA,NA,NA
"Hermann Mäurle","a44f95e3-3955-11ef-b53d-2510cc07ea6e",NA,NA,1975,"2/12/1976","3f4f43ab-3960-11ef-abd5-2906cc9fb6bc","away","TV 1893 Neuhausen","S3L Handball",10,13,FALSE,1,NA,NA,0,0,0,NA,0,0,0,0,0,0,NA,NA,NA,NA,NA,NA,NA,NA,0,0,0,0,NA,NA,NA,NA,NA
"Rolf Miller","a4552808-3955-11ef-ac39-2510cc07ea6e",NA,NA,1975,"2/12/1976","3f4f43ab-3960-11ef-abd5-2906cc9fb6bc","away","TV 1893 Neuhausen","S3L Handball",10,13,FALSE,1,NA,NA,0,0,0,NA,0,0,0,0,0,0,NA,NA,NA,NA,NA,NA,NA,NA,0,0,0,0,NA,NA,NA,NA,NA
"Manfred Reusch","a45a1b11-3955-11ef-8135-2510cc07ea6e",NA,NA,1975,"2/12/1976","3f4f43ab-3960-11ef-abd5-2906cc9fb6bc","away","TV 1893 Neuhausen","S3L Handball",10,13,FALSE,0,NA,NA,0,0,0,NA,0,0,0,0,0,0,NA,NA,NA,NA,NA,NA,NA,NA,0,0,0,0,NA,NA,NA,NA,NA
"Eugen Schmid","a460a6b1-3955-11ef-966d-2510cc07ea6e",NA,NA,1975,"2/12/1976","3f4f43ab-3960-11ef-abd5-2906cc9fb6bc","away","TV 1893 Neuhausen","S3L Handball",10,13,FALSE,1,NA,NA,0,0,0,NA,0,0,0,0,0,0,NA,NA,NA,NA,NA,NA,NA,NA,0,0,0,0,NA,NA,NA,NA,NA
"Manfred Schmid","a468025d-3955-11ef-ae56-2510cc07ea6e",NA,NA,1975,"2/12/1976","3f4f43ab-3960-11ef-abd5-2906cc9fb6bc","away","TV 1893 Neuhausen","S3L Handball",10,13,FALSE,1,NA,NA,0,0,0,NA,0,0,0,0,0,0,NA,NA,NA,NA,NA,NA,NA,NA,0,0,0,0,NA,NA,NA,NA,NA
"Wolfgang Ruoff","b21c931a-3955-11ef-96d4-a36230ada079",NA,NA,1975,"2/12/1976","3f4f43ab-3960-11ef-abd5-2906cc9fb6bc","away","TV 1893 Neuhausen","S3L Handball",10,13,FALSE,0,NA,NA,0,0,0,NA,0,0,0,0,0,0,NA,NA,NA,NA,NA,NA,NA,NA,0,0,0,0,NA,NA,NA,NA,NA
"Johann Högl","b2211f04-3955-11ef-a5bd-a36230ada079",NA,NA,1975,"2/12/1976","3f4f43ab-3960-11ef-abd5-2906cc9fb6bc","away","TV 1893 Neuhausen","S3L Handball",10,13,FALSE,0,NA,NA,0,0,0,NA,0,0,0,0,0,0,NA,NA,NA,NA,NA,NA,NA,NA,0,0,0,0,NA,NA,NA,NA,NA
"Klaus-Peter Alwardt","800d39da-3955-11ef-bf47-b908c60af10a",NA,NA,1975,"2/14/1976","30ffd324-3960-11ef-930f-2906cc9fb6bc","home","VfL Lübeck-Schwartau","VfL Gummersbach",15,20,FALSE,0,NA,NA,0,0,0,NA,0,0,0,0,0,0,NA,NA,NA,NA,NA,NA,NA,NA,0,0,0,0,NA,NA,NA,NA,NA
"Michael Dogs","b0cecb4a-3955-11ef-b665-a36230ada079",NA,NA,1975,"2/14/1976","30ffd324-3960-11ef-930f-2906cc9fb6bc","home","VfL Lübeck-Schwartau","VfL Gummersbach",15,20,FALSE,0,NA,NA,0,0,0,NA,0,0,0,0,0,0,NA,NA,NA,NA,NA,NA,NA,NA,0,0,0,0,NA,NA,NA,NA,NA
"Joachim Römer","b0dcb8e7-3955-11ef-83ab-a36230ada079",NA,NA,1975,"2/14/1976","30ffd324-3960-11ef-930f-2906cc9fb6bc","home","VfL Lübeck-Schwartau","VfL Gummersbach",15,20,FALSE,4,NA,NA,0,0,3,NA,0,0,0,0,0,0,NA,NA,NA,NA,NA,NA,NA,NA,0,0,0,0,NA,NA,NA,NA,NA
"Ulrich Diener","b0e514eb-3955-11ef-b430-a36230ada079",NA,NA,1975,"2/14/1976","30ffd324-3960-11ef-930f-2906cc9fb6bc","home","VfL Lübeck-Schwartau","VfL Gummersbach",15,20,FALSE,2,NA,NA,0,0,0,NA,0,0,0,0,0,0,NA,NA,NA,NA,NA,NA,NA,NA,0,0,0,0,NA,NA,NA,NA,NA
"Peter Görtz","b0e9ae8f-3955-11ef-aa48-a36230ada079",NA,NA,1975,"2/14/1976","30ffd324-3960-11ef-930f-2906cc9fb6bc","home","VfL Lübeck-Schwartau","VfL Gummersbach",15,20,FALSE,3,NA,NA,0,0,0,NA,0,0,0,0,0,0,NA,NA,NA,NA,NA,NA,NA,NA,0,0,0,0,NA,NA,NA,NA,NA
"Ulrich Kleinstoll","b0f37438-3955-11ef-84e6-a36230ada079",NA,NA,1975,"2/14/1976","30ffd324-3960-11ef-930f-2906cc9fb6bc","home","VfL Lübeck-Schwartau","VfL Gummersbach",15,20,FALSE,1,NA,NA,0,0,0,NA,0,0,0,0,0,0,NA,NA,NA,NA,NA,NA,NA,NA,0,0,0,0,NA,NA,NA,NA,NA
"Thomas Kluth","b0f877c0-3955-11ef-a314-a36230ada079",NA,NA,1975,"2/14/1976","30ffd324-3960-11ef-930f-2906cc9fb6bc","home","VfL Lübeck-Schwartau","VfL Gummersbach",15,20,FALSE,5,NA,NA,0,0,0,NA,0,0,0,0,0,0,NA,NA,NA,NA,NA,NA,NA,NA,0,0,0,0,NA,NA,NA,NA,NA
"Holger Rosenfeldt","b0fd53e2-3955-11ef-9f9a-a36230ada079",NA,NA,1975,"2/14/1976","30ffd324-3960-11ef-930f-2906cc9fb6bc","home","VfL Lübeck-Schwartau","VfL Gummersbach",15,20,FALSE,0,NA,NA,0,0,0,NA,0,0,0,0,0,0,NA,NA,NA,NA,NA,NA,NA,NA,0,0,0,0,NA,NA,NA,NA,NA
"Siegfried Berg","b10d3ec3-3955-11ef-8a30-a36230ada079",NA,NA,1975,"2/14/1976","30ffd324-3960-11ef-930f-2906cc9fb6bc","home","VfL Lübeck-Schwartau","VfL Gummersbach",15,20,FALSE,0,NA,NA,0,0,0,NA,0,0,0,0,0,0,NA,NA,NA,NA,NA,NA,NA,NA,0,0,0,0,NA,NA,NA,NA,NA
"Heiner Brand","44e82d45-3955-11ef-bc71-4fa817cd91bb",NA,NA,1975,"2/14/1976","30ffd324-3960-11ef-930f-2906cc9fb6bc","away","VfL Gummersbach","VfL Lübeck-Schwartau",20,15,TRUE,2,NA,NA,0,0,0,NA,0,0,0,0,0,0,NA,NA,NA,NA,NA,NA,NA,NA,0,0,0,0,NA,NA,NA,NA,NA
"Klaus Westebbe","8c58f63a-3955-11ef-b65e-81dc40648355",NA,NA,1975,"2/14/1976","30ffd324-3960-11ef-930f-2906cc9fb6bc","away","VfL Gummersbach","VfL Lübeck-Schwartau",20,15,TRUE,1,NA,NA,0,0,0,NA,0,0,0,0,0,0,NA,NA,NA,NA,NA,NA,NA,NA,0,0,0,0,NA,NA,NA,NA,NA
"Klaus Kater","8da1f6ef-3955-11ef-b31a-81dc40648355",NA,NA,1975,"2/14/1976","30ffd324-3960-11ef-930f-2906cc9fb6bc","away","VfL Gummersbach","VfL Lübeck-Schwartau",20,15,TRUE,0,NA,NA,0,0,0,NA,0,0,0,0,0,0,NA,NA,NA,NA,NA,NA,NA,NA,0,0,0,0,NA,NA,NA,NA,NA
"Klaus Schlagheck","97a06613-3955-11ef-8056-292be3190b7b",NA,NA,1975,"2/14/1976","30ffd324-3960-11ef-930f-2906cc9fb6bc","away","VfL Gummersbach","VfL Lübeck-Schwartau",20,15,TRUE,3,NA,NA,0,0,0,NA,0,0,0,0,0,0,NA,NA,NA,NA,NA,NA,NA,NA,0,0,0,0,NA,NA,NA,NA,NA
"Joachim Deckarm","9976945f-3955-11ef-afc4-292be3190b7b",NA,NA,1975,"2/14/1976","30ffd324-3960-11ef-930f-2906cc9fb6bc","away","VfL Gummersbach","VfL Lübeck-Schwartau",20,15,TRUE,7,NA,NA,0,0,2,NA,0,0,0,0,0,0,NA,NA,NA,NA,NA,NA,NA,NA,0,0,0,0,NA,NA,NA,NA,NA
"Jochen Feldhoff","a32751a5-3955-11ef-badf-2510cc07ea6e",NA,NA,1975,"2/14/1976","30ffd324-3960-11ef-930f-2906cc9fb6bc","away","VfL Gummersbach","VfL Lübeck-Schwartau",20,15,TRUE,0,NA,NA,0,0,0,NA,0,0,0,0,0,0,NA,NA,NA,NA,NA,NA,NA,NA,0,0,0,0,NA,NA,NA,NA,NA
"Joachim Henkels","a3386008-3955-11ef-810a-2510cc07ea6e",NA,NA,1975,"2/14/1976","30ffd324-3960-11ef-930f-2906cc9fb6bc","away","VfL Gummersbach","VfL Lübeck-Schwartau",20,15,TRUE,2,NA,NA,0,0,0,NA,0,0,0,0,0,0,NA,NA,NA,NA,NA,NA,NA,NA,0,0,0,0,NA,NA,NA,NA,NA
"Karl-Heinz Nolde","a33d5c4a-3955-11ef-b577-2510cc07ea6e",NA,NA,1975,"2/14/1976","30ffd324-3960-11ef-930f-2906cc9fb6bc","away","VfL Gummersbach","VfL Lübeck-Schwartau",20,15,TRUE,0,NA,NA,0,0,0,NA,0,0,0,0,0,0,NA,NA,NA,NA,NA,NA,NA,NA,0,0,0,0,NA,NA,NA,NA,NA
"Hans-Günther Schmidt","aff5702f-3955-11ef-9878-a36230ada079",NA,NA,1975,"2/14/1976","30ffd324-3960-11ef-930f-2906cc9fb6bc","away","VfL Gummersbach","VfL Lübeck-Schwartau",20,15,TRUE,5,NA,NA,0,0,1,NA,0,0,0,0,0,0,NA,NA,NA,NA,NA,NA,NA,NA,0,0,0,0,NA,NA,NA,NA,NA
"Esad Kurtagić","39c727cf-3955-11ef-82fa-bfbfc9e17c09",NA,NA,1975,"2/14/1976","365d7c60-3960-11ef-a408-2906cc9fb6bc","home","TuS Derschlag 1881","SC Phönix Essen 1920",13,16,FALSE,2,NA,NA,0,0,0,NA,0,0,0,0,0,0,NA,NA,NA,NA,NA,NA,NA,NA,0,0,0,0,NA,NA,NA,NA,NA
"Spasoje Skerčević","50b681d8-3955-11ef-b6e8-6d38c0425bc0",NA,NA,1975,"2/14/1976","365d7c60-3960-11ef-a408-2906cc9fb6bc","home","TuS Derschlag 1881","SC Phönix Essen 1920",13,16,FALSE,2,NA,NA,0,0,0,NA,0,0,0,0,0,0,NA,NA,NA,NA,NA,NA,NA,NA,0,0,0,0,NA,NA,NA,NA,NA
"Klaus Brand","51394441-3955-11ef-8fab-6d38c0425bc0",NA,NA,1975,"2/14/1976","365d7c60-3960-11ef-a408-2906cc9fb6bc","home","TuS Derschlag 1881","SC Phönix Essen 1920",13,16,FALSE,0,NA,NA,0,0,0,NA,0,0,0,0,0,0,NA,NA,NA,NA,NA,NA,NA,NA,0,0,0,0,NA,NA,NA,NA,NA
"Đorđe Lavrnić","9674e86d-3955-11ef-8ae9-292be3190b7b",NA,NA,1975,"2/14/1976","365d7c60-3960-11ef-a408-2906cc9fb6bc","home","TuS Derschlag 1881","SC Phönix Essen 1920",13,16,FALSE,6,NA,NA,0,0,3,NA,0,0,0,0,0,0,NA,NA,NA,NA,NA,NA,NA,NA,0,0,0,0,NA,NA,NA,NA,NA
"Ulrich Ufer","a2c8cfa8-3955-11ef-8510-2510cc07ea6e",NA,NA,1975,"2/14/1976","365d7c60-3960-11ef-a408-2906cc9fb6bc","home","TuS Derschlag 1881","SC Phönix Essen 1920",13,16,FALSE,3,NA,NA,0,0,1,NA,0,0,0,0,0,0,NA,NA,NA,NA,NA,NA,NA,NA,0,0,0,0,NA,NA,NA,NA,NA
"Harald Ohrendorf","ae2b1f58-3955-11ef-baab-a36230ada079",NA,NA,1975,"2/14/1976","365d7c60-3960-11ef-a408-2906cc9fb6bc","home","TuS Derschlag 1881","SC Phönix Essen 1920",13,16,FALSE,0,NA,NA,0,0,0,NA,0,0,0,0,0,0,NA,NA,NA,NA,NA,NA,NA,NA,0,0,0,0,NA,NA,NA,NA,NA
"Helmut Keller","ae2fb2ba-3955-11ef-b38f-a36230ada079",NA,NA,1975,"2/14/1976","365d7c60-3960-11ef-a408-2906cc9fb6bc","home","TuS Derschlag 1881","SC Phönix Essen 1920",13,16,FALSE,0,NA,NA,0,0,0,NA,0,0,0,0,0,0,NA,NA,NA,NA,NA,NA,NA,NA,0,0,0,0,NA,NA,NA,NA,NA
"Burkhard Windorf","8b6a317b-3955-11ef-84ca-81dc40648355",NA,NA,1975,"2/14/1976","365d7c60-3960-11ef-a408-2906cc9fb6bc","away","SC Phönix Essen 1920","TuS Derschlag 1881",16,13,TRUE,0,NA,NA,0,0,0,NA,0,0,0,0,0,0,NA,NA,NA,NA,NA,NA,NA,NA,0,0,0,0,NA,NA,NA,NA,NA
"Peter Kleibrink","a1d4c58c-3955-11ef-9cce-2510cc07ea6e",NA,NA,1975,"2/14/1976","365d7c60-3960-11ef-a408-2906cc9fb6bc","away","SC Phönix Essen 1920","TuS Derschlag 1881",16,13,TRUE,2,NA,NA,0,0,0,NA,0,0,0,0,0,0,NA,NA,NA,NA,NA,NA,NA,NA,0,0,0,0,NA,NA,NA,NA,NA
"Peter Bützer","a4cb5a85-3955-11ef-989d-2510cc07ea6e",NA,NA,1975,"2/14/1976","365d7c60-3960-11ef-a408-2906cc9fb6bc","away","SC Phönix Essen 1920","TuS Derschlag 1881",16,13,TRUE,2,NA,NA,0,0,0,NA,0,0,0,0,0,0,NA,NA,NA,NA,NA,NA,NA,NA,0,0,0,0,NA,NA,NA,NA,NA
"Wilhelm Heidkamp","a5a2ef02-3955-11ef-9852-2510cc07ea6e",NA,NA,1975,"2/14/1976","365d7c60-3960-11ef-a408-2906cc9fb6bc","away","SC Phönix Essen 1920","TuS Derschlag 1881",16,13,TRUE,2,NA,NA,0,0,0,NA,0,0,0,0,0,0,NA,NA,NA,NA,NA,NA,NA,NA,0,0,0,0,NA,NA,NA,NA,NA
"Heinz Oberscheidt","a5ae94f2-3955-11ef-91fc-2510cc07ea6e",NA,NA,1975,"2/14/1976","365d7c60-3960-11ef-a408-2906cc9fb6bc","away","SC Phönix Essen 1920","TuS Derschlag 1881",16,13,TRUE,7,NA,NA,0,0,0,NA,0,0,0,0,0,0,NA,NA,NA,NA,NA,NA,NA,NA,0,0,0,0,NA,NA,NA,NA,NA
"Ingo Callies","b0b0659b-3955-11ef-87aa-a36230ada079",NA,NA,1975,"2/14/1976","365d7c60-3960-11ef-a408-2906cc9fb6bc","away","SC Phönix Essen 1920","TuS Derschlag 1881",16,13,TRUE,3,NA,NA,0,0,1,NA,0,0,0,0,0,0,NA,NA,NA,NA,NA,NA,NA,NA,0,0,0,0,NA,NA,NA,NA,NA
"Peter Forker","b0b50ef2-3955-11ef-964f-a36230ada079",NA,NA,1975,"2/14/1976","365d7c60-3960-11ef-a408-2906cc9fb6bc","away","SC Phönix Essen 1920","TuS Derschlag 1881",16,13,TRUE,0,NA,NA,0,0,0,NA,0,0,0,0,0,0,NA,NA,NA,NA,NA,NA,NA,NA,0,0,0,0,NA,NA,NA,NA,NA
"Emil Hauke","b0ba65f4-3955-11ef-9726-a36230ada079",NA,NA,1975,"2/14/1976","365d7c60-3960-11ef-a408-2906cc9fb6bc","away","SC Phönix Essen 1920","TuS Derschlag 1881",16,13,TRUE,0,NA,NA,0,0,0,NA,0,0,0,0,0,0,NA,NA,NA,NA,NA,NA,NA,NA,0,0,0,0,NA,NA,NA,NA,NA
"Rüdiger Hillebrand","b0c11a9c-3955-11ef-bf0d-a36230ada079",NA,NA,1975,"2/14/1976","365d7c60-3960-11ef-a408-2906cc9fb6bc","away","SC Phönix Essen 1920","TuS Derschlag 1881",16,13,TRUE,0,NA,NA,0,0,0,NA,0,0,0,0,0,0,NA,NA,NA,NA,NA,NA,NA,NA,0,0,0,0,NA,NA,NA,NA,NA
"Hans-Dieter Schmitz","51093bea-3955-11ef-bc25-6d38c0425bc0",NA,NA,1975,"2/14/1976","3728f408-3960-11ef-ac8d-2906cc9fb6bc","home","OSC 04 Rheinhausen","THW Kiel",19,17,TRUE,3,NA,NA,0,0,1,NA,0,0,0,0,0,0,NA,NA,NA,NA,NA,NA,NA,NA,0,0,0,0,NA,NA,NA,NA,NA
"Reinhard Heusen van der","7142d419-3955-11ef-8654-51fdf2a82730",NA,NA,1975,"2/14/1976","3728f408-3960-11ef-ac8d-2906cc9fb6bc","home","OSC 04 Rheinhausen","THW Kiel",19,17,TRUE,0,NA,NA,0,0,0,NA,0,0,0,0,0,0,NA,NA,NA,NA,NA,NA,NA,NA,0,0,0,0,NA,NA,NA,NA,NA
"Gerd Rosendahl","7501cfa1-3955-11ef-95a2-51fdf2a82730",NA,NA,1975,"2/14/1976","3728f408-3960-11ef-ac8d-2906cc9fb6bc","home","OSC 04 Rheinhausen","THW Kiel",19,17,TRUE,3,NA,NA,0,0,0,NA,0,0,0,0,0,0,NA,NA,NA,NA,NA,NA,NA,NA,0,0,0,0,NA,NA,NA,NA,NA
"Harry Keller","7e4b9df1-3955-11ef-80fd-b908c60af10a",NA,NA,1975,"2/14/1976","3728f408-3960-11ef-ac8d-2906cc9fb6bc","home","OSC 04 Rheinhausen","THW Kiel",19,17,TRUE,3,NA,NA,0,0,0,NA,0,0,0,0,0,0,NA,NA,NA,NA,NA,NA,NA,NA,0,0,0,0,NA,NA,NA,NA,NA
"Uwe Laaser","8157221e-3955-11ef-a944-b908c60af10a",NA,NA,1975,"2/14/1976","3728f408-3960-11ef-ac8d-2906cc9fb6bc","home","OSC 04 Rheinhausen","THW Kiel",19,17,TRUE,1,NA,NA,0,0,0,NA,0,0,0,0,0,0,NA,NA,NA,NA,NA,NA,NA,NA,0,0,0,0,NA,NA,NA,NA,NA
"Christoph Kolodziej","8dbac357-3955-11ef-be9b-81dc40648355",NA,NA,1975,"2/14/1976","3728f408-3960-11ef-ac8d-2906cc9fb6bc","home","OSC 04 Rheinhausen","THW Kiel",19,17,TRUE,0,NA,NA,0,0,0,NA,0,0,0,0,0,0,NA,NA,NA,NA,NA,NA,NA,NA,0,0,0,0,NA,NA,NA,NA,NA
"Hans-Gerd Nellen","a1ba59d4-3955-11ef-b73b-2510cc07ea6e",NA,NA,1975,"2/14/1976","3728f408-3960-11ef-ac8d-2906cc9fb6bc","home","OSC 04 Rheinhausen","THW Kiel",19,17,TRUE,0,NA,NA,0,0,0,NA,0,0,0,0,0,0,NA,NA,NA,NA,NA,NA,NA,NA,0,0,0,0,NA,NA,NA,NA,NA
"Jadranko Demirović","a1caaba8-3955-11ef-8081-2510cc07ea6e",NA,NA,1975,"2/14/1976","3728f408-3960-11ef-ac8d-2906cc9fb6bc","home","OSC 04 Rheinhausen","THW Kiel",19,17,TRUE,1,NA,NA,0,0,0,NA,0,0,0,0,0,0,NA,NA,NA,NA,NA,NA,NA,NA,0,0,0,0,NA,NA,NA,NA,NA
"Norbert Meister","a610e086-3955-11ef-bf85-2510cc07ea6e",NA,NA,1975,"2/14/1976","3728f408-3960-11ef-ac8d-2906cc9fb6bc","home","OSC 04 Rheinhausen","THW Kiel",19,17,TRUE,0,NA,NA,0,0,0,NA,0,0,0,0,0,0,NA,NA,NA,NA,NA,NA,NA,NA,0,0,0,0,NA,NA,NA,NA,NA
"Werner Herling","a61b6e80-3955-11ef-b2d4-2510cc07ea6e",NA,NA,1975,"2/14/1976","3728f408-3960-11ef-ac8d-2906cc9fb6bc","home","OSC 04 Rheinhausen","THW Kiel",19,17,TRUE,1,NA,NA,0,0,0,NA,0,0,0,0,0,0,NA,NA,NA,NA,NA,NA,NA,NA,0,0,0,0,NA,NA,NA,NA,NA
"Burkhard Nagel","a6312ffa-3955-11ef-9438-2510cc07ea6e",NA,NA,1975,"2/14/1976","3728f408-3960-11ef-ac8d-2906cc9fb6bc","home","OSC 04 Rheinhausen","THW Kiel",19,17,TRUE,7,NA,NA,0,0,1,NA,0,0,0,0,0,0,NA,NA,NA,NA,NA,NA,NA,NA,0,0,0,0,NA,NA,NA,NA,NA
"Mohamed Klai","b1273da6-3955-11ef-8887-a36230ada079",NA,NA,1975,"2/14/1976","3728f408-3960-11ef-ac8d-2906cc9fb6bc","home","OSC 04 Rheinhausen","THW Kiel",19,17,TRUE,0,NA,NA,0,0,0,NA,0,0,0,0,0,0,NA,NA,NA,NA,NA,NA,NA,NA,0,0,0,0,NA,NA,NA,NA,NA
"Holger Oertel","685d8d1c-3955-11ef-86af-292be3190b7b",NA,NA,1975,"2/14/1976","3728f408-3960-11ef-ac8d-2906cc9fb6bc","away","THW Kiel","OSC 04 Rheinhausen",17,19,FALSE,0,NA,NA,0,0,0,NA,0,0,0,0,0,0,NA,NA,NA,NA,NA,NA,NA,NA,0,0,0,0,NA,NA,NA,NA,NA
"Ulrich Knop","965200f1-3955-11ef-b253-292be3190b7b",NA,NA,1975,"2/14/1976","3728f408-3960-11ef-ac8d-2906cc9fb6bc","away","THW Kiel","OSC 04 Rheinhausen",17,19,FALSE,0,NA,NA,0,0,0,NA,0,0,0,0,0,0,NA,NA,NA,NA,NA,NA,NA,NA,0,0,0,0,NA,NA,NA,NA,NA
"Roland Hänsch","981d8549-3955-11ef-a2ca-292be3190b7b",NA,NA,1975,"2/14/1976","3728f408-3960-11ef-ac8d-2906cc9fb6bc","away","THW Kiel","OSC 04 Rheinhausen",17,19,FALSE,0,NA,NA,0,0,0,NA,0,0,0,0,0,0,NA,NA,NA,NA,NA,NA,NA,NA,0,0,0,0,NA,NA,NA,NA,NA
"Gerd Welz","98273a90-3955-11ef-a3a2-292be3190b7b",NA,NA,1975,"2/14/1976","3728f408-3960-11ef-ac8d-2906cc9fb6bc","away","THW Kiel","OSC 04 Rheinhausen",17,19,FALSE,4,NA,NA,0,0,0,NA,0,0,0,0,0,0,NA,NA,NA,NA,NA,NA,NA,NA,0,0,0,0,NA,NA,NA,NA,NA
"Hans-Lothar Bock","9991bda0-3955-11ef-a6c6-292be3190b7b",NA,NA,1975,"2/14/1976","3728f408-3960-11ef-ac8d-2906cc9fb6bc","away","THW Kiel","OSC 04 Rheinhausen",17,19,FALSE,1,NA,NA,0,0,0,NA,0,0,0,0,0,0,NA,NA,NA,NA,NA,NA,NA,NA,0,0,0,0,NA,NA,NA,NA,NA
"Volker Harbs","9995a6f3-3955-11ef-b74f-292be3190b7b",NA,NA,1975,"2/14/1976","3728f408-3960-11ef-ac8d-2906cc9fb6bc","away","THW Kiel","OSC 04 Rheinhausen",17,19,FALSE,2,NA,NA,0,0,0,NA,0,0,0,0,0,0,NA,NA,NA,NA,NA,NA,NA,NA,0,0,0,0,NA,NA,NA,NA,NA
"Dieter Krause","99996b47-3955-11ef-a9c9-292be3190b7b",NA,NA,1975,"2/14/1976","3728f408-3960-11ef-ac8d-2906cc9fb6bc","away","THW Kiel","OSC 04 Rheinhausen",17,19,FALSE,4,NA,NA,0,0,2,NA,0,0,0,0,0,0,NA,NA,NA,NA,NA,NA,NA,NA,0,0,0,0,NA,NA,NA,NA,NA
"Frank Requate","ae434759-3955-11ef-8758-a36230ada079",NA,NA,1975,"2/14/1976","3728f408-3960-11ef-ac8d-2906cc9fb6bc","away","THW Kiel","OSC 04 Rheinhausen",17,19,FALSE,0,NA,NA,0,0,0,NA,0,0,0,0,0,0,NA,NA,NA,NA,NA,NA,NA,NA,0,0,0,0,NA,NA,NA,NA,NA
"Herwig Ahrendsen","b143192b-3955-11ef-bef0-a36230ada079",NA,NA,1975,"2/14/1976","3728f408-3960-11ef-ac8d-2906cc9fb6bc","away","THW Kiel","OSC 04 Rheinhausen",17,19,FALSE,3,NA,NA,0,0,0,NA,0,0,0,0,0,0,NA,NA,NA,NA,NA,NA,NA,NA,0,0,0,0,NA,NA,NA,NA,NA
"Bernd Nielsen","b1480d2c-3955-11ef-8563-a36230ada079",NA,NA,1975,"2/14/1976","3728f408-3960-11ef-ac8d-2906cc9fb6bc","away","THW Kiel","OSC 04 Rheinhausen",17,19,FALSE,3,NA,NA,0,0,0,NA,0,0,0,0,0,0,NA,NA,NA,NA,NA,NA,NA,NA,0,0,0,0,NA,NA,NA,NA,NA
"Hartwig Moll","b14ce7d8-3955-11ef-8cb5-a36230ada079",NA,NA,1975,"2/14/1976","3728f408-3960-11ef-ac8d-2906cc9fb6bc","away","THW Kiel","OSC 04 Rheinhausen",17,19,FALSE,0,NA,NA,0,0,0,NA,0,0,0,0,0,0,NA,NA,NA,NA,NA,NA,NA,NA,0,0,0,0,NA,NA,NA,NA,NA
"Walter Don","73f54ad3-3955-11ef-b2c6-51fdf2a82730",NA,NA,1975,"2/14/1976","3844d9b4-3960-11ef-b6ba-2906cc9fb6bc","home","TV 05/07 Hüttenberg","TuS Hofweier",21,19,TRUE,9,NA,NA,0,0,8,NA,0,0,0,0,0,0,NA,NA,NA,NA,NA,NA,NA,NA,0,0,0,0,NA,NA,NA,NA,NA
"Harald Ohly","8048d89d-3955-11ef-a214-b908c60af10a",NA,NA,1975,"2/14/1976","3844d9b4-3960-11ef-b6ba-2906cc9fb6bc","home","TV 05/07 Hüttenberg","TuS Hofweier",21,19,TRUE,5,NA,NA,0,0,0,NA,0,0,0,0,0,0,NA,NA,NA,NA,NA,NA,NA,NA,0,0,0,0,NA,NA,NA,NA,NA
"Hans-Jürgen Völpel","80753eec-3955-11ef-bd2e-b908c60af10a",NA,NA,1975,"2/14/1976","3844d9b4-3960-11ef-b6ba-2906cc9fb6bc","home","TV 05/07 Hüttenberg","TuS Hofweier",21,19,TRUE,2,NA,NA,0,0,0,NA,0,0,0,0,0,0,NA,NA,NA,NA,NA,NA,NA,NA,0,0,0,0,NA,NA,NA,NA,NA
"Siegfried Weber","807d098c-3955-11ef-8827-b908c60af10a",NA,NA,1975,"2/14/1976","3844d9b4-3960-11ef-b6ba-2906cc9fb6bc","home","TV 05/07 Hüttenberg","TuS Hofweier",21,19,TRUE,2,NA,NA,0,0,0,NA,0,0,0,0,0,0,NA,NA,NA,NA,NA,NA,NA,NA,0,0,0,0,NA,NA,NA,NA,NA
"Horst Spengler","80adf446-3955-11ef-a1e6-b908c60af10a",NA,NA,1975,"2/14/1976","3844d9b4-3960-11ef-b6ba-2906cc9fb6bc","home","TV 05/07 Hüttenberg","TuS Hofweier",21,19,TRUE,0,NA,NA,0,0,0,NA,0,0,0,0,0,0,NA,NA,NA,NA,NA,NA,NA,NA,0,0,0,0,NA,NA,NA,NA,NA
"Klaus Meineke","8d0eefb2-3955-11ef-a068-81dc40648355",NA,NA,1975,"2/14/1976","3844d9b4-3960-11ef-b6ba-2906cc9fb6bc","home","TV 05/07 Hüttenberg","TuS Hofweier",21,19,TRUE,2,NA,NA,0,0,0,NA,0,0,0,0,0,0,NA,NA,NA,NA,NA,NA,NA,NA,0,0,0,0,NA,NA,NA,NA,NA
"Stefan Schicketanz","a3d099d4-3955-11ef-90b6-2510cc07ea6e",NA,NA,1975,"2/14/1976","3844d9b4-3960-11ef-b6ba-2906cc9fb6bc","home","TV 05/07 Hüttenberg","TuS Hofweier",21,19,TRUE,0,NA,NA,0,0,0,NA,0,0,0,0,0,0,NA,NA,NA,NA,NA,NA,NA,NA,0,0,0,0,NA,NA,NA,NA,NA
"Hans-Willi Weber","a3f62960-3955-11ef-a9a1-2510cc07ea6e",NA,NA,1975,"2/14/1976","3844d9b4-3960-11ef-b6ba-2906cc9fb6bc","home","TV 05/07 Hüttenberg","TuS Hofweier",21,19,TRUE,1,NA,NA,0,0,0,NA,0,0,0,0,0,0,NA,NA,NA,NA,NA,NA,NA,NA,0,0,0,0,NA,NA,NA,NA,NA
"Josef Mantz","b15c537d-3955-11ef-b17c-a36230ada079",NA,NA,1975,"2/14/1976","3844d9b4-3960-11ef-b6ba-2906cc9fb6bc","home","TV 05/07 Hüttenberg","TuS Hofweier",21,19,TRUE,0,NA,NA,0,0,0,NA,0,0,0,0,0,0,NA,NA,NA,NA,NA,NA,NA,NA,0,0,0,0,NA,NA,NA,NA,NA
"Arno Ehret","39c2c361-3955-11ef-8c9d-bfbfc9e17c09",NA,NA,1975,"2/14/1976","3844d9b4-3960-11ef-b6ba-2906cc9fb6bc","away","TuS Hofweier","TV 05/07 Hüttenberg",19,21,FALSE,3,NA,NA,0,0,0,NA,0,0,0,0,0,0,NA,NA,NA,NA,NA,NA,NA,NA,0,0,0,0,NA,NA,NA,NA,NA
"Gerd Leibiger","7ed15d40-3955-11ef-a28c-b908c60af10a",NA,NA,1975,"2/14/1976","3844d9b4-3960-11ef-b6ba-2906cc9fb6bc","away","TuS Hofweier","TV 05/07 Hüttenberg",19,21,FALSE,4,NA,NA,0,0,2,NA,0,0,0,0,0,0,NA,NA,NA,NA,NA,NA,NA,NA,0,0,0,0,NA,NA,NA,NA,NA
"Peter Bucher","8e0071c9-3955-11ef-8ff8-81dc40648355",NA,NA,1975,"2/14/1976","3844d9b4-3960-11ef-b6ba-2906cc9fb6bc","away","TuS Hofweier","TV 05/07 Hüttenberg",19,21,FALSE,1,NA,NA,0,0,0,NA,0,0,0,0,0,0,NA,NA,NA,NA,NA,NA,NA,NA,0,0,0,0,NA,NA,NA,NA,NA
"Günter Sinz","a3af1ecc-3955-11ef-bd85-2510cc07ea6e",NA,NA,1975,"2/14/1976","3844d9b4-3960-11ef-b6ba-2906cc9fb6bc","away","TuS Hofweier","TV 05/07 Hüttenberg",19,21,FALSE,0,NA,NA,0,0,0,NA,0,0,0,0,0,0,NA,NA,NA,NA,NA,NA,NA,NA,0,0,0,0,NA,NA,NA,NA,NA
"Werner Voit","a3b992ef-3955-11ef-84c8-2510cc07ea6e",NA,NA,1975,"2/14/1976","3844d9b4-3960-11ef-b6ba-2906cc9fb6bc","away","TuS Hofweier","TV 05/07 Hüttenberg",19,21,FALSE,2,NA,NA,0,0,0,NA,0,0,0,0,0,0,NA,NA,NA,NA,NA,NA,NA,NA,0,0,0,0,NA,NA,NA,NA,NA
"Werner Decker","afcae313-3955-11ef-a9cf-a36230ada079",NA,NA,1975,"2/14/1976","3844d9b4-3960-11ef-b6ba-2906cc9fb6bc","away","TuS Hofweier","TV 05/07 Hüttenberg",19,21,FALSE,0,NA,NA,0,0,0,NA,0,0,0,0,0,0,NA,NA,NA,NA,NA,NA,NA,NA,0,0,0,0,NA,NA,NA,NA,NA
"Wolfgang Bruck","afd5808d-3955-11ef-a3c4-a36230ada079",NA,NA,1975,"2/14/1976","3844d9b4-3960-11ef-b6ba-2906cc9fb6bc","away","TuS Hofweier","TV 05/07 Hüttenberg",19,21,FALSE,1,NA,NA,0,0,0,NA,0,0,0,0,0,0,NA,NA,NA,NA,NA,NA,NA,NA,0,0,0,0,NA,NA,NA,NA,NA
"Wilfried Göppert","afe18023-3955-11ef-8040-a36230ada079",NA,NA,1975,"2/14/1976","3844d9b4-3960-11ef-b6ba-2906cc9fb6bc","away","TuS Hofweier","TV 05/07 Hüttenberg",19,21,FALSE,0,NA,NA,0,0,0,NA,0,0,0,0,0,0,NA,NA,NA,NA,NA,NA,NA,NA,0,0,0,0,NA,NA,NA,NA,NA
"Markus Hädrich","ba389acc-3955-11ef-8b9d-ab397f561917",NA,NA,1975,"2/14/1976","3844d9b4-3960-11ef-b6ba-2906cc9fb6bc","away","TuS Hofweier","TV 05/07 Hüttenberg",19,21,FALSE,1,NA,NA,0,0,0,NA,0,0,0,0,0,0,NA,NA,NA,NA,NA,NA,NA,NA,0,0,0,0,NA,NA,NA,NA,NA
"Kurt Klühspies","5ac3e7d7-3955-11ef-b574-4fa817cd91bb",NA,NA,1975,"2/14/1976","404b1ab9-3960-11ef-a493-2906cc9fb6bc","home","TV Großwallstadt","Füchse Berlin",21,15,TRUE,9,NA,NA,0,0,0,NA,0,0,0,0,0,0,NA,NA,NA,NA,NA,NA,NA,NA,0,0,0,0,NA,NA,NA,NA,NA
"Manfred Hofmann","6855eb0b-3955-11ef-8cb3-292be3190b7b",NA,NA,1975,"2/14/1976","404b1ab9-3960-11ef-a493-2906cc9fb6bc","home","TV Großwallstadt","Füchse Berlin",21,15,TRUE,0,NA,NA,0,0,0,NA,0,0,0,0,0,0,NA,NA,NA,NA,NA,NA,NA,NA,0,0,0,0,NA,NA,NA,NA,NA
"Heinz-Theo Kaus","8086fdf9-3955-11ef-938f-b908c60af10a",NA,NA,1975,"2/14/1976","404b1ab9-3960-11ef-a493-2906cc9fb6bc","home","TV Großwallstadt","Füchse Berlin",21,15,TRUE,0,NA,NA,0,0,0,NA,0,0,0,0,0,0,NA,NA,NA,NA,NA,NA,NA,NA,0,0,0,0,NA,NA,NA,NA,NA
"Thomas Sinsel","8adb8152-3955-11ef-b2de-81dc40648355",NA,NA,1975,"2/14/1976","404b1ab9-3960-11ef-a493-2906cc9fb6bc","home","TV Großwallstadt","Füchse Berlin",21,15,TRUE,4,NA,NA,0,0,0,NA,0,0,0,0,0,0,NA,NA,NA,NA,NA,NA,NA,NA,0,0,0,0,NA,NA,NA,NA,NA
"Manfred Schwarz","96d98e53-3955-11ef-a3c9-292be3190b7b",NA,NA,1975,"2/14/1976","404b1ab9-3960-11ef-a493-2906cc9fb6bc","home","TV Großwallstadt","Füchse Berlin",21,15,TRUE,1,NA,NA,0,0,0,NA,0,0,0,0,0,0,NA,NA,NA,NA,NA,NA,NA,NA,0,0,0,0,NA,NA,NA,NA,NA
"Wolfgang Dümig","978dc3fc-3955-11ef-b042-292be3190b7b",NA,NA,1975,"2/14/1976","404b1ab9-3960-11ef-a493-2906cc9fb6bc","home","TV Großwallstadt","Füchse Berlin",21,15,TRUE,0,NA,NA,0,0,0,NA,0,0,0,0,0,0,NA,NA,NA,NA,NA,NA,NA,NA,0,0,0,0,NA,NA,NA,NA,NA
"Ulrich Schulz","9972a35f-3955-11ef-a06d-292be3190b7b",NA,NA,1975,"2/14/1976","404b1ab9-3960-11ef-a493-2906cc9fb6bc","home","TV Großwallstadt","Füchse Berlin",21,15,TRUE,0,NA,NA,0,0,0,NA,0,0,0,0,0,0,NA,NA,NA,NA,NA,NA,NA,NA,0,0,0,0,NA,NA,NA,NA,NA
"Arno Böckling","a3c38db5-3955-11ef-810f-2510cc07ea6e",NA,NA,1975,"2/14/1976","404b1ab9-3960-11ef-a493-2906cc9fb6bc","home","TV Großwallstadt","Füchse Berlin",21,15,TRUE,2,NA,NA,0,0,0,NA,0,0,0,0,0,0,NA,NA,NA,NA,NA,NA,NA,NA,0,0,0,0,NA,NA,NA,NA,NA
"Eckhardt Suffel","aeac0503-3955-11ef-88c6-a36230ada079",NA,NA,1975,"2/14/1976","404b1ab9-3960-11ef-a493-2906cc9fb6bc","home","TV Großwallstadt","Füchse Berlin",21,15,TRUE,1,NA,NA,0,0,0,NA,0,0,0,0,0,0,NA,NA,NA,NA,NA,NA,NA,NA,0,0,0,0,NA,NA,NA,NA,NA
"Axel Emig","aeb0e35f-3955-11ef-8342-a36230ada079",NA,NA,1975,"2/14/1976","404b1ab9-3960-11ef-a493-2906cc9fb6bc","home","TV Großwallstadt","Füchse Berlin",21,15,TRUE,2,NA,NA,0,0,2,NA,0,0,0,0,0,0,NA,NA,NA,NA,NA,NA,NA,NA,0,0,0,0,NA,NA,NA,NA,NA
"Manfred Meudt","af9be5ed-3955-11ef-a3e3-a36230ada079",NA,NA,1975,"2/14/1976","404b1ab9-3960-11ef-a493-2906cc9fb6bc","home","TV Großwallstadt","Füchse Berlin",21,15,TRUE,2,NA,NA,0,0,0,NA,0,0,0,0,0,0,NA,NA,NA,NA,NA,NA,NA,NA,0,0,0,0,NA,NA,NA,NA,NA
"Norbert Klein","b18179dc-3955-11ef-acc0-a36230ada079",NA,NA,1975,"2/14/1976","404b1ab9-3960-11ef-a493-2906cc9fb6bc","home","TV Großwallstadt","Füchse Berlin",21,15,TRUE,0,NA,NA,0,0,0,NA,0,0,0,0,0,0,NA,NA,NA,NA,NA,NA,NA,NA,0,0,0,0,NA,NA,NA,NA,NA
"Bernd Seehase","7f0c7bc5-3955-11ef-8b93-b908c60af10a",NA,NA,1975,"2/14/1976","404b1ab9-3960-11ef-a493-2906cc9fb6bc","away","Füchse Berlin","TV Großwallstadt",15,21,FALSE,3,NA,NA,0,0,0,NA,0,0,0,0,0,0,NA,NA,NA,NA,NA,NA,NA,NA,0,0,0,0,NA,NA,NA,NA,NA
"Horst Rampp","8c760463-3955-11ef-b11d-81dc40648355",NA,NA,1975,"2/14/1976","404b1ab9-3960-11ef-a493-2906cc9fb6bc","away","Füchse Berlin","TV Großwallstadt",15,21,FALSE,0,NA,NA,0,0,0,NA,0,0,0,0,0,0,NA,NA,NA,NA,NA,NA,NA,NA,0,0,0,0,NA,NA,NA,NA,NA
"Hartmut Alsen","a5dc4676-3955-11ef-ac19-2510cc07ea6e",NA,NA,1975,"2/14/1976","404b1ab9-3960-11ef-a493-2906cc9fb6bc","away","Füchse Berlin","TV Großwallstadt",15,21,FALSE,1,NA,NA,0,0,0,NA,0,0,0,0,0,0,NA,NA,NA,NA,NA,NA,NA,NA,0,0,0,0,NA,NA,NA,NA,NA
"Manfred Klein","a5ed5981-3955-11ef-aef8-2510cc07ea6e",NA,NA,1975,"2/14/1976","404b1ab9-3960-11ef-a493-2906cc9fb6bc","away","Füchse Berlin","TV Großwallstadt",15,21,FALSE,0,NA,NA,0,0,0,NA,0,0,0,0,0,0,NA,NA,NA,NA,NA,NA,NA,NA,0,0,0,0,NA,NA,NA,NA,NA
"Reinhard Lembcke","a5f9e01f-3955-11ef-a753-2510cc07ea6e",NA,NA,1975,"2/14/1976","404b1ab9-3960-11ef-a493-2906cc9fb6bc","away","Füchse Berlin","TV Großwallstadt",15,21,FALSE,1,NA,NA,0,0,0,NA,0,0,0,0,0,0,NA,NA,NA,NA,NA,NA,NA,NA,0,0,0,0,NA,NA,NA,NA,NA
"Jochen Oermann","b193e84b-3955-11ef-bdbf-a36230ada079",NA,NA,1975,"2/14/1976","404b1ab9-3960-11ef-a493-2906cc9fb6bc","away","Füchse Berlin","TV Großwallstadt",15,21,FALSE,0,NA,NA,0,0,0,NA,0,0,0,0,0,0,NA,NA,NA,NA,NA,NA,NA,NA,0,0,0,0,NA,NA,NA,NA,NA
"Wolfgang Braun","b1a4c388-3955-11ef-92b7-a36230ada079",NA,NA,1975,"2/14/1976","404b1ab9-3960-11ef-a493-2906cc9fb6bc","away","Füchse Berlin","TV Großwallstadt",15,21,FALSE,6,NA,NA,0,0,1,NA,0,0,0,0,0,0,NA,NA,NA,NA,NA,NA,NA,NA,0,0,0,0,NA,NA,NA,NA,NA
"Detlef Finkelmann","b1a8f927-3955-11ef-a009-a36230ada079",NA,NA,1975,"2/14/1976","404b1ab9-3960-11ef-a493-2906cc9fb6bc","away","Füchse Berlin","TV Großwallstadt",15,21,FALSE,2,NA,NA,0,0,0,NA,0,0,0,0,0,0,NA,NA,NA,NA,NA,NA,NA,NA,0,0,0,0,NA,NA,NA,NA,NA
"Bernd Goerigk","b1b21b0c-3955-11ef-a303-a36230ada079",NA,NA,1975,"2/14/1976","404b1ab9-3960-11ef-a493-2906cc9fb6bc","away","Füchse Berlin","TV Großwallstadt",15,21,FALSE,0,NA,NA,0,0,0,NA,0,0,0,0,0,0,NA,NA,NA,NA,NA,NA,NA,NA,0,0,0,0,NA,NA,NA,NA,NA
"Lutz Loewke","b1b73b08-3955-11ef-b76a-a36230ada079",NA,NA,1975,"2/14/1976","404b1ab9-3960-11ef-a493-2906cc9fb6bc","away","Füchse Berlin","TV Großwallstadt",15,21,FALSE,2,NA,NA,0,0,0,NA,0,0,0,0,0,0,NA,NA,NA,NA,NA,NA,NA,NA,0,0,0,0,NA,NA,NA,NA,NA
"Winfried Damm","73c56170-3955-11ef-9cca-51fdf2a82730",NA,NA,1975,"2/14/1976","41cf62b2-3960-11ef-aaf4-2906cc9fb6bc","home","TSV 1896 Rintheim","TSV Milbertshofen",12,12,FALSE,0,NA,NA,0,0,0,NA,0,0,0,0,0,0,NA,NA,NA,NA,NA,NA,NA,NA,0,0,0,0,NA,NA,NA,NA,NA
"Gerhard Gaiser","7fd4e3db-3955-11ef-b327-b908c60af10a",NA,NA,1975,"2/14/1976","41cf62b2-3960-11ef-aaf4-2906cc9fb6bc","home","TSV 1896 Rintheim","TSV Milbertshofen",12,12,FALSE,0,NA,NA,0,0,0,NA,0,0,0,0,0,0,NA,NA,NA,NA,NA,NA,NA,NA,0,0,0,0,NA,NA,NA,NA,NA
"Roland Kröger","81272d6a-3955-11ef-b027-b908c60af10a",NA,NA,1975,"2/14/1976","41cf62b2-3960-11ef-aaf4-2906cc9fb6bc","home","TSV 1896 Rintheim","TSV Milbertshofen",12,12,FALSE,0,NA,NA,0,0,0,NA,0,0,0,0,0,0,NA,NA,NA,NA,NA,NA,NA,NA,0,0,0,0,NA,NA,NA,NA,NA
"Manfred Schulz","8bc2b5ea-3955-11ef-8d03-81dc40648355",NA,NA,1975,"2/14/1976","41cf62b2-3960-11ef-aaf4-2906cc9fb6bc","home","TSV 1896 Rintheim","TSV Milbertshofen",12,12,FALSE,0,NA,NA,0,0,0,NA,0,0,0,0,0,0,NA,NA,NA,NA,NA,NA,NA,NA,0,0,0,0,NA,NA,NA,NA,NA
"Max Müller","99453a6b-3955-11ef-84c2-292be3190b7b",NA,NA,1975,"2/14/1976","41cf62b2-3960-11ef-aaf4-2906cc9fb6bc","home","TSV 1896 Rintheim","TSV Milbertshofen",12,12,FALSE,5,NA,NA,0,0,1,NA,0,0,0,0,0,0,NA,NA,NA,NA,NA,NA,NA,NA,0,0,0,0,NA,NA,NA,NA,NA
"Alfred Schmitt","a25e1dab-3955-11ef-b412-2510cc07ea6e",NA,NA,1975,"2/14/1976","41cf62b2-3960-11ef-aaf4-2906cc9fb6bc","home","TSV 1896 Rintheim","TSV Milbertshofen",12,12,FALSE,0,NA,NA,0,0,0,NA,0,0,0,0,0,0,NA,NA,NA,NA,NA,NA,NA,NA,0,0,0,0,NA,NA,NA,NA,NA
"Rudi Stein","a27f8606-3955-11ef-8352-2510cc07ea6e",NA,NA,1975,"2/14/1976","41cf62b2-3960-11ef-aaf4-2906cc9fb6bc","home","TSV 1896 Rintheim","TSV Milbertshofen",12,12,FALSE,3,NA,NA,0,0,0,NA,0,0,0,0,0,0,NA,NA,NA,NA,NA,NA,NA,NA,0,0,0,0,NA,NA,NA,NA,NA
"Rudi Lechleidner","aec862a4-3955-11ef-ad66-a36230ada079",NA,NA,1975,"2/14/1976","41cf62b2-3960-11ef-aaf4-2906cc9fb6bc","home","TSV 1896 Rintheim","TSV Milbertshofen",12,12,FALSE,4,NA,NA,0,0,0,NA,0,0,0,0,0,0,NA,NA,NA,NA,NA,NA,NA,NA,0,0,0,0,NA,NA,NA,NA,NA
"Wilfried Job","af3ed007-3955-11ef-9184-a36230ada079",NA,NA,1975,"2/14/1976","41cf62b2-3960-11ef-aaf4-2906cc9fb6bc","home","TSV 1896 Rintheim","TSV Milbertshofen",12,12,FALSE,0,NA,NA,0,0,0,NA,0,0,0,0,0,0,NA,NA,NA,NA,NA,NA,NA,NA,0,0,0,0,NA,NA,NA,NA,NA
"Claus Erles","af42e492-3955-11ef-a26e-a36230ada079",NA,NA,1975,"2/14/1976","41cf62b2-3960-11ef-aaf4-2906cc9fb6bc","home","TSV 1896 Rintheim","TSV Milbertshofen",12,12,FALSE,0,NA,NA,0,0,0,NA,0,0,0,0,0,0,NA,NA,NA,NA,NA,NA,NA,NA,0,0,0,0,NA,NA,NA,NA,NA
"Rolf Barthel","b1e747bc-3955-11ef-bf9b-a36230ada079",NA,NA,1975,"2/14/1976","41cf62b2-3960-11ef-aaf4-2906cc9fb6bc","home","TSV 1896 Rintheim","TSV Milbertshofen",12,12,FALSE,0,NA,NA,0,0,0,NA,0,0,0,0,0,0,NA,NA,NA,NA,NA,NA,NA,NA,0,0,0,0,NA,NA,NA,NA,NA
"Willibald Weiß","74414175-3955-11ef-89d0-51fdf2a82730",NA,NA,1975,"2/14/1976","41cf62b2-3960-11ef-aaf4-2906cc9fb6bc","away","TSV Milbertshofen","TSV 1896 Rintheim",12,12,FALSE,4,NA,NA,0,0,0,NA,0,0,0,0,0,0,NA,NA,NA,NA,NA,NA,NA,NA,0,0,0,0,NA,NA,NA,NA,NA
"Richard Mayr","751d6672-3955-11ef-a322-51fdf2a82730",NA,NA,1975,"2/14/1976","41cf62b2-3960-11ef-aaf4-2906cc9fb6bc","away","TSV Milbertshofen","TSV 1896 Rintheim",12,12,FALSE,1,NA,NA,0,0,0,NA,0,0,0,0,0,0,NA,NA,NA,NA,NA,NA,NA,NA,0,0,0,0,NA,NA,NA,NA,NA
"Jochen Frank","7ee9b472-3955-11ef-ab0f-b908c60af10a",NA,NA,1975,"2/14/1976","41cf62b2-3960-11ef-aaf4-2906cc9fb6bc","away","TSV Milbertshofen","TSV 1896 Rintheim",12,12,FALSE,0,NA,NA,0,0,0,NA,0,0,0,0,0,0,NA,NA,NA,NA,NA,NA,NA,NA,0,0,0,0,NA,NA,NA,NA,NA
"Udo Böbel","80d4ba37-3955-11ef-9d8b-b908c60af10a",NA,NA,1975,"2/14/1976","41cf62b2-3960-11ef-aaf4-2906cc9fb6bc","away","TSV Milbertshofen","TSV 1896 Rintheim",12,12,FALSE,5,NA,NA,0,0,1,NA,0,0,0,0,0,0,NA,NA,NA,NA,NA,NA,NA,NA,0,0,0,0,NA,NA,NA,NA,NA
"Peter Jaschke","8b728782-3955-11ef-8da6-81dc40648355",NA,NA,1975,"2/14/1976","41cf62b2-3960-11ef-aaf4-2906cc9fb6bc","away","TSV Milbertshofen","TSV 1896 Rintheim",12,12,FALSE,0,NA,NA,0,0,0,NA,0,0,0,0,0,0,NA,NA,NA,NA,NA,NA,NA,NA,0,0,0,0,NA,NA,NA,NA,NA
"Lothar Weingärtner","8dbf003c-3955-11ef-879b-81dc40648355",NA,NA,1975,"2/14/1976","41cf62b2-3960-11ef-aaf4-2906cc9fb6bc","away","TSV Milbertshofen","TSV 1896 Rintheim",12,12,FALSE,2,NA,NA,0,0,0,NA,0,0,0,0,0,0,NA,NA,NA,NA,NA,NA,NA,NA,0,0,0,0,NA,NA,NA,NA,NA
"Werner Winkelmeier","9712104e-3955-11ef-9613-292be3190b7b",NA,NA,1975,"2/14/1976","41cf62b2-3960-11ef-aaf4-2906cc9fb6bc","away","TSV Milbertshofen","TSV 1896 Rintheim",12,12,FALSE,0,NA,NA,0,0,0,NA,0,0,0,0,0,0,NA,NA,NA,NA,NA,NA,NA,NA,0,0,0,0,NA,NA,NA,NA,NA
"Jochen Heyne","b1c06894-3955-11ef-ab50-a36230ada079",NA,NA,1975,"2/14/1976","41cf62b2-3960-11ef-aaf4-2906cc9fb6bc","away","TSV Milbertshofen","TSV 1896 Rintheim",12,12,FALSE,0,NA,NA,0,0,0,NA,0,0,0,0,0,0,NA,NA,NA,NA,NA,NA,NA,NA,0,0,0,0,NA,NA,NA,NA,NA
"Helmut Schelchshorn","b1c960ef-3955-11ef-850b-a36230ada079",NA,NA,1975,"2/14/1976","41cf62b2-3960-11ef-aaf4-2906cc9fb6bc","away","TSV Milbertshofen","TSV 1896 Rintheim",12,12,FALSE,0,NA,NA,0,0,0,NA,0,0,0,0,0,0,NA,NA,NA,NA,NA,NA,NA,NA,0,0,0,0,NA,NA,NA,NA,NA
"Arnulf Dümmel","81093055-3955-11ef-9deb-b908c60af10a",NA,NA,1975,"2/14/1976","426522b4-3960-11ef-afa1-2906cc9fb6bc","home","FRISCH AUF! Göppingen","SG Dietzenbach",16,20,FALSE,2,NA,NA,0,0,0,NA,0,0,0,0,0,0,NA,NA,NA,NA,NA,NA,NA,NA,0,0,0,0,NA,NA,NA,NA,NA
"Armin Emrich","8cdd3680-3955-11ef-a93e-81dc40648355",NA,NA,1975,"2/14/1976","426522b4-3960-11ef-afa1-2906cc9fb6bc","home","FRISCH AUF! Göppingen","SG Dietzenbach",16,20,FALSE,2,NA,NA,0,0,1,NA,0,0,0,0,0,0,NA,NA,NA,NA,NA,NA,NA,NA,0,0,0,0,NA,NA,NA,NA,NA
"Hartmut Bressmer","97fa9b74-3955-11ef-ba4c-292be3190b7b",NA,NA,1975,"2/14/1976","426522b4-3960-11ef-afa1-2906cc9fb6bc","home","FRISCH AUF! Göppingen","SG Dietzenbach",16,20,FALSE,4,NA,NA,0,0,1,NA,0,0,0,0,0,0,NA,NA,NA,NA,NA,NA,NA,NA,0,0,0,0,NA,NA,NA,NA,NA
"Gunnar Einarsson","98473f03-3955-11ef-b6da-292be3190b7b",NA,NA,1975,"2/14/1976","426522b4-3960-11ef-afa1-2906cc9fb6bc","home","FRISCH AUF! Göppingen","SG Dietzenbach",16,20,FALSE,3,NA,NA,0,0,0,NA,0,0,0,0,0,0,NA,NA,NA,NA,NA,NA,NA,NA,0,0,0,0,NA,NA,NA,NA,NA
"Hans-Eberhard Finkbeiner","a2f451eb-3955-11ef-99da-2510cc07ea6e",NA,NA,1975,"2/14/1976","426522b4-3960-11ef-afa1-2906cc9fb6bc","home","FRISCH AUF! Göppingen","SG Dietzenbach",16,20,FALSE,0,NA,NA,0,0,0,NA,0,0,0,0,0,0,NA,NA,NA,NA,NA,NA,NA,NA,0,0,0,0,NA,NA,NA,NA,NA
"Wolfgang Don","a2ff75a5-3955-11ef-a510-2510cc07ea6e",NA,NA,1975,"2/14/1976","426522b4-3960-11ef-afa1-2906cc9fb6bc","home","FRISCH AUF! Göppingen","SG Dietzenbach",16,20,FALSE,2,NA,NA,0,0,0,NA,0,0,0,0,0,0,NA,NA,NA,NA,NA,NA,NA,NA,0,0,0,0,NA,NA,NA,NA,NA
"Rolf Hammann","af6ae50b-3955-11ef-a71b-a36230ada079",NA,NA,1975,"2/14/1976","426522b4-3960-11ef-afa1-2906cc9fb6bc","home","FRISCH AUF! Göppingen","SG Dietzenbach",16,20,FALSE,0,NA,NA,0,0,0,NA,0,0,0,0,0,0,NA,NA,NA,NA,NA,NA,NA,NA,0,0,0,0,NA,NA,NA,NA,NA
"Siegmund Seeger","af76d008-3955-11ef-b7c9-a36230ada079",NA,NA,1975,"2/14/1976","426522b4-3960-11ef-afa1-2906cc9fb6bc","home","FRISCH AUF! Göppingen","SG Dietzenbach",16,20,FALSE,2,NA,NA,0,0,1,NA,0,0,0,0,0,0,NA,NA,NA,NA,NA,NA,NA,NA,0,0,0,0,NA,NA,NA,NA,NA
"Hans Brodbeck","b1f00cc3-3955-11ef-b4c9-a36230ada079",NA,NA,1975,"2/14/1976","426522b4-3960-11ef-afa1-2906cc9fb6bc","home","FRISCH AUF! Göppingen","SG Dietzenbach",16,20,FALSE,0,NA,NA,0,0,0,NA,0,0,0,0,0,0,NA,NA,NA,NA,NA,NA,NA,NA,0,0,0,0,NA,NA,NA,NA,NA
"Detlef Groß","b20edee3-3955-11ef-9e14-a36230ada079",NA,NA,1975,"2/14/1976","426522b4-3960-11ef-afa1-2906cc9fb6bc","home","FRISCH AUF! Göppingen","SG Dietzenbach",16,20,FALSE,1,NA,NA,0,0,0,NA,0,0,0,0,0,0,NA,NA,NA,NA,NA,NA,NA,NA,0,0,0,0,NA,NA,NA,NA,NA
"Günter Schweikardt","d3e60b79-3953-11ef-9e8c-e3f2de03a1b7",NA,NA,1975,"2/14/1976","426522b4-3960-11ef-afa1-2906cc9fb6bc","home","FRISCH AUF! Göppingen","SG Dietzenbach",16,20,FALSE,0,NA,NA,0,0,0,NA,0,0,0,0,0,0,NA,NA,NA,NA,NA,NA,NA,NA,0,0,0,0,NA,NA,NA,NA,NA
"Claus Hormel","65a6e4d8-3955-11ef-84ee-292be3190b7b",NA,NA,1975,"2/14/1976","426522b4-3960-11ef-afa1-2906cc9fb6bc","away","SG Dietzenbach","FRISCH AUF! Göppingen",20,16,TRUE,2,NA,NA,0,0,0,NA,0,0,0,0,0,0,NA,NA,NA,NA,NA,NA,NA,NA,0,0,0,0,NA,NA,NA,NA,NA
"Dieter Schappert","808baa47-3955-11ef-b967-b908c60af10a",NA,NA,1975,"2/14/1976","426522b4-3960-11ef-afa1-2906cc9fb6bc","away","SG Dietzenbach","FRISCH AUF! Göppingen",20,16,TRUE,2,NA,NA,0,0,0,NA,0,0,0,0,0,0,NA,NA,NA,NA,NA,NA,NA,NA,0,0,0,0,NA,NA,NA,NA,NA
"Milan Krstić","8a85bfb0-3955-11ef-ac1d-81dc40648355",NA,NA,1975,"2/14/1976","426522b4-3960-11ef-afa1-2906cc9fb6bc","away","SG Dietzenbach","FRISCH AUF! Göppingen",20,16,TRUE,4,NA,NA,0,0,1,NA,0,0,0,0,0,0,NA,NA,NA,NA,NA,NA,NA,NA,0,0,0,0,NA,NA,NA,NA,NA
"Heinz-Walter Behne","8be65881-3955-11ef-8872-81dc40648355",NA,NA,1975,"2/14/1976","426522b4-3960-11ef-afa1-2906cc9fb6bc","away","SG Dietzenbach","FRISCH AUF! Göppingen",20,16,TRUE,2,NA,NA,0,0,0,NA,0,0,0,0,0,0,NA,NA,NA,NA,NA,NA,NA,NA,0,0,0,0,NA,NA,NA,NA,NA
"Herbert Wehnert","96e104db-3955-11ef-b58d-292be3190b7b",NA,NA,1975,"2/14/1976","426522b4-3960-11ef-afa1-2906cc9fb6bc","away","SG Dietzenbach","FRISCH AUF! Göppingen",20,16,TRUE,8,NA,NA,0,0,1,NA,0,0,0,0,0,0,NA,NA,NA,NA,NA,NA,NA,NA,0,0,0,0,NA,NA,NA,NA,NA
"Boris Kostić","982a9c45-3955-11ef-bf0d-292be3190b7b",NA,NA,1975,"2/14/1976","426522b4-3960-11ef-afa1-2906cc9fb6bc","away","SG Dietzenbach","FRISCH AUF! Göppingen",20,16,TRUE,0,NA,NA,0,0,0,NA,0,0,0,0,0,0,NA,NA,NA,NA,NA,NA,NA,NA,0,0,0,0,NA,NA,NA,NA,NA
"Manfred Merk","a2e89182-3955-11ef-b7cf-2510cc07ea6e",NA,NA,1975,"2/14/1976","426522b4-3960-11ef-afa1-2906cc9fb6bc","away","SG Dietzenbach","FRISCH AUF! Göppingen",20,16,TRUE,0,NA,NA,0,0,0,NA,0,0,0,0,0,0,NA,NA,NA,NA,NA,NA,NA,NA,0,0,0,0,NA,NA,NA,NA,NA
"Ronald Wittig","af27e5c1-3955-11ef-9f41-a36230ada079",NA,NA,1975,"2/14/1976","426522b4-3960-11ef-afa1-2906cc9fb6bc","away","SG Dietzenbach","FRISCH AUF! Göppingen",20,16,TRUE,1,NA,NA,0,0,0,NA,0,0,0,0,0,0,NA,NA,NA,NA,NA,NA,NA,NA,0,0,0,0,NA,NA,NA,NA,NA
"Heinrich Baum","af2c6c48-3955-11ef-964a-a36230ada079",NA,NA,1975,"2/14/1976","426522b4-3960-11ef-afa1-2906cc9fb6bc","away","SG Dietzenbach","FRISCH AUF! Göppingen",20,16,TRUE,1,NA,NA,0,0,0,NA,0,0,0,0,0,0,NA,NA,NA,NA,NA,NA,NA,NA,0,0,0,0,NA,NA,NA,NA,NA
"Werner Fritzel","b1cdb47c-3955-11ef-8cfd-a36230ada079",NA,NA,1975,"2/14/1976","426522b4-3960-11ef-afa1-2906cc9fb6bc","away","SG Dietzenbach","FRISCH AUF! Göppingen",20,16,TRUE,0,NA,NA,0,0,0,NA,0,0,0,0,0,0,NA,NA,NA,NA,NA,NA,NA,NA,0,0,0,0,NA,NA,NA,NA,NA
"Klaus Rettig","b1d1aa4c-3955-11ef-baf9-a36230ada079",NA,NA,1975,"2/14/1976","426522b4-3960-11ef-afa1-2906cc9fb6bc","away","SG Dietzenbach","FRISCH AUF! Göppingen",20,16,TRUE,0,NA,NA,0,0,0,NA,0,0,0,0,0,0,NA,NA,NA,NA,NA,NA,NA,NA,0,0,0,0,NA,NA,NA,NA,NA
"Peter Pickel","8c973b42-3955-11ef-8c71-81dc40648355",NA,NA,1975,"2/15/1976","3251076e-3960-11ef-b853-2906cc9fb6bc","home","Hamburger SV","GWD Minden",13,13,FALSE,8,NA,NA,0,0,1,NA,0,0,0,0,0,0,NA,NA,NA,NA,NA,NA,NA,NA,0,0,0,0,NA,NA,NA,NA,NA
"Richard Boczkowski","a1b43836-3955-11ef-934f-2510cc07ea6e",NA,NA,1975,"2/15/1976","3251076e-3960-11ef-b853-2906cc9fb6bc","home","Hamburger SV","GWD Minden",13,13,FALSE,0,NA,NA,0,0,0,NA,0,0,0,0,0,0,NA,NA,NA,NA,NA,NA,NA,NA,0,0,0,0,NA,NA,NA,NA,NA
"Hans-Jürgen Bode","b011e6da-3955-11ef-8205-a36230ada079",NA,NA,1975,"2/15/1976","3251076e-3960-11ef-b853-2906cc9fb6bc","home","Hamburger SV","GWD Minden",13,13,FALSE,0,NA,NA,0,0,0,NA,0,0,0,0,0,0,NA,NA,NA,NA,NA,NA,NA,NA,0,0,0,0,NA,NA,NA,NA,NA
"Holger Nitschke","b01a8950-3955-11ef-a243-a36230ada079",NA,NA,1975,"2/15/1976","3251076e-3960-11ef-b853-2906cc9fb6bc","home","Hamburger SV","GWD Minden",13,13,FALSE,1,NA,NA,0,0,0,NA,0,0,0,0,0,0,NA,NA,NA,NA,NA,NA,NA,NA,0,0,0,0,NA,NA,NA,NA,NA
"Ralph Mathies","b023b170-3955-11ef-87a6-a36230ada079",NA,NA,1975,"2/15/1976","3251076e-3960-11ef-b853-2906cc9fb6bc","home","Hamburger SV","GWD Minden",13,13,FALSE,1,NA,NA,0,0,0,NA,0,0,0,0,0,0,NA,NA,NA,NA,NA,NA,NA,NA,0,0,0,0,NA,NA,NA,NA,NA
"Jens Ivers","b02f4aea-3955-11ef-801e-a36230ada079",NA,NA,1975,"2/15/1976","3251076e-3960-11ef-b853-2906cc9fb6bc","home","Hamburger SV","GWD Minden",13,13,FALSE,1,NA,NA,0,0,0,NA,0,0,0,0,0,0,NA,NA,NA,NA,NA,NA,NA,NA,0,0,0,0,NA,NA,NA,NA,NA
"Norbert Germer","b03f8101-3955-11ef-8945-a36230ada079",NA,NA,1975,"2/15/1976","3251076e-3960-11ef-b853-2906cc9fb6bc","home","Hamburger SV","GWD Minden",13,13,FALSE,0,NA,NA,0,0,0,NA,0,0,0,0,0,0,NA,NA,NA,NA,NA,NA,NA,NA,0,0,0,0,NA,NA,NA,NA,NA
"Bernd Eppler","b0442222-3955-11ef-841b-a36230ada079",NA,NA,1975,"2/15/1976","3251076e-3960-11ef-b853-2906cc9fb6bc","home","Hamburger SV","GWD Minden",13,13,FALSE,2,NA,NA,0,0,1,NA,0,0,0,0,0,0,NA,NA,NA,NA,NA,NA,NA,NA,0,0,0,0,NA,NA,NA,NA,NA
"Uwe Tesloff","b049ae56-3955-11ef-a5f7-a36230ada079",NA,NA,1975,"2/15/1976","3251076e-3960-11ef-b853-2906cc9fb6bc","home","Hamburger SV","GWD Minden",13,13,FALSE,0,NA,NA,0,0,0,NA,0,0,0,0,0,0,NA,NA,NA,NA,NA,NA,NA,NA,0,0,0,0,NA,NA,NA,NA,NA
"Michael Surmann","b04e41f0-3955-11ef-8320-a36230ada079",NA,NA,1975,"2/15/1976","3251076e-3960-11ef-b853-2906cc9fb6bc","home","Hamburger SV","GWD Minden",13,13,FALSE,0,NA,NA,0,0,0,NA,0,0,0,0,0,0,NA,NA,NA,NA,NA,NA,NA,NA,0,0,0,0,NA,NA,NA,NA,NA
"Rainer Niemeyer","5008ccec-3955-11ef-9f62-6d38c0425bc0",NA,NA,1975,"2/15/1976","3251076e-3960-11ef-b853-2906cc9fb6bc","away","GWD Minden","Hamburger SV",13,13,FALSE,0,NA,NA,0,0,0,NA,0,0,0,0,0,0,NA,NA,NA,NA,NA,NA,NA,NA,0,0,0,0,NA,NA,NA,NA,NA
"Hans-Jürgen Grund","81694a24-3955-11ef-9a97-b908c60af10a",NA,NA,1975,"2/15/1976","3251076e-3960-11ef-b853-2906cc9fb6bc","away","GWD Minden","Hamburger SV",13,13,FALSE,0,NA,NA,0,0,0,NA,0,0,0,0,0,0,NA,NA,NA,NA,NA,NA,NA,NA,0,0,0,0,NA,NA,NA,NA,NA
"Axel Axelsson","8b29429f-3955-11ef-baf9-81dc40648355",NA,NA,1975,"2/15/1976","3251076e-3960-11ef-b853-2906cc9fb6bc","away","GWD Minden","Hamburger SV",13,13,FALSE,0,NA,NA,0,0,0,NA,0,0,0,0,0,0,NA,NA,NA,NA,NA,NA,NA,NA,0,0,0,0,NA,NA,NA,NA,NA
"Dieter Waltke","8bbe1a37-3955-11ef-a8ff-81dc40648355",NA,NA,1975,"2/15/1976","3251076e-3960-11ef-b853-2906cc9fb6bc","away","GWD Minden","Hamburger SV",13,13,FALSE,2,NA,NA,0,0,2,NA,0,0,0,0,0,0,NA,NA,NA,NA,NA,NA,NA,NA,0,0,0,0,NA,NA,NA,NA,NA
"Bernhard Busch","8dc9280f-3955-11ef-80e2-81dc40648355",NA,NA,1975,"2/15/1976","3251076e-3960-11ef-b853-2906cc9fb6bc","away","GWD Minden","Hamburger SV",13,13,FALSE,4,NA,NA,0,0,0,NA,0,0,0,0,0,0,NA,NA,NA,NA,NA,NA,NA,NA,0,0,0,0,NA,NA,NA,NA,NA
"Gerd Becker","96f1e245-3955-11ef-80bc-292be3190b7b",NA,NA,1975,"2/15/1976","3251076e-3960-11ef-b853-2906cc9fb6bc","away","GWD Minden","Hamburger SV",13,13,FALSE,2,NA,NA,0,0,0,NA,0,0,0,0,0,0,NA,NA,NA,NA,NA,NA,NA,NA,0,0,0,0,NA,NA,NA,NA,NA
"Walter von Oepen","97f2373d-3955-11ef-82ae-292be3190b7b",NA,NA,1975,"2/15/1976","3251076e-3960-11ef-b853-2906cc9fb6bc","away","GWD Minden","Hamburger SV",13,13,FALSE,0,NA,NA,0,0,0,NA,0,0,0,0,0,0,NA,NA,NA,NA,NA,NA,NA,NA,0,0,0,0,NA,NA,NA,NA,NA
"Martin Karcher","980f80ce-3955-11ef-8054-292be3190b7b",NA,NA,1975,"2/15/1976","3251076e-3960-11ef-b853-2906cc9fb6bc","away","GWD Minden","Hamburger SV",13,13,FALSE,0,NA,NA,0,0,0,NA,0,0,0,0,0,0,NA,NA,NA,NA,NA,NA,NA,NA,0,0,0,0,NA,NA,NA,NA,NA
"Gerhard Buddenbohm","98e2ecac-3955-11ef-b2de-292be3190b7b",NA,NA,1975,"2/15/1976","3251076e-3960-11ef-b853-2906cc9fb6bc","away","GWD Minden","Hamburger SV",13,13,FALSE,0,NA,NA,0,0,0,NA,0,0,0,0,0,0,NA,NA,NA,NA,NA,NA,NA,NA,0,0,0,0,NA,NA,NA,NA,NA
"Ólafur Hlöðver Jónsson","98eb7177-3955-11ef-9bda-292be3190b7b",NA,NA,1975,"2/15/1976","3251076e-3960-11ef-b853-2906cc9fb6bc","away","GWD Minden","Hamburger SV",13,13,FALSE,5,NA,NA,0,0,0,NA,0,0,0,0,0,0,NA,NA,NA,NA,NA,NA,NA,NA,0,0,0,0,NA,NA,NA,NA,NA
"Hans Kramer","98f50290-3955-11ef-8aa8-292be3190b7b",NA,NA,1975,"2/15/1976","3251076e-3960-11ef-b853-2906cc9fb6bc","away","GWD Minden","Hamburger SV",13,13,FALSE,0,NA,NA,0,0,0,NA,0,0,0,0,0,0,NA,NA,NA,NA,NA,NA,NA,NA,0,0,0,0,NA,NA,NA,NA,NA
"Rudolf Rauer","6829713f-3955-11ef-9d88-292be3190b7b",NA,NA,1975,"2/15/1976","34dfc078-3960-11ef-9d0c-2906cc9fb6bc","home","TuS 05 Wellinghofen","TSV Altenholz",18,14,TRUE,0,NA,NA,0,0,0,NA,0,0,0,0,0,0,NA,NA,NA,NA,NA,NA,NA,NA,0,0,0,0,NA,NA,NA,NA,NA
"Hans-Peter Neuhaus","8d9d3887-3955-11ef-80a3-81dc40648355",NA,NA,1975,"2/15/1976","34dfc078-3960-11ef-9d0c-2906cc9fb6bc","home","TuS 05 Wellinghofen","TSV Altenholz",18,14,TRUE,2,NA,NA,0,0,0,NA,0,0,0,0,0,0,NA,NA,NA,NA,NA,NA,NA,NA,0,0,0,0,NA,NA,NA,NA,NA
"Klaus Erwe","a4f54a19-3955-11ef-b48a-2510cc07ea6e",NA,NA,1975,"2/15/1976","34dfc078-3960-11ef-9d0c-2906cc9fb6bc","home","TuS 05 Wellinghofen","TSV Altenholz",18,14,TRUE,1,NA,NA,0,0,0,NA,0,0,0,0,0,0,NA,NA,NA,NA,NA,NA,NA,NA,0,0,0,0,NA,NA,NA,NA,NA
"Frank Haardt","a4fb1cad-3955-11ef-bd99-2510cc07ea6e",NA,NA,1975,"2/15/1976","34dfc078-3960-11ef-9d0c-2906cc9fb6bc","home","TuS 05 Wellinghofen","TSV Altenholz",18,14,TRUE,0,NA,NA,0,0,0,NA,0,0,0,0,0,0,NA,NA,NA,NA,NA,NA,NA,NA,0,0,0,0,NA,NA,NA,NA,NA
"Harald Zapler","a502f6b3-3955-11ef-a0c2-2510cc07ea6e",NA,NA,1975,"2/15/1976","34dfc078-3960-11ef-9d0c-2906cc9fb6bc","home","TuS 05 Wellinghofen","TSV Altenholz",18,14,TRUE,1,NA,NA,0,0,0,NA,0,0,0,0,0,0,NA,NA,NA,NA,NA,NA,NA,NA,0,0,0,0,NA,NA,NA,NA,NA
"Wilfried Rettig","a517a588-3955-11ef-a8d7-2510cc07ea6e",NA,NA,1975,"2/15/1976","34dfc078-3960-11ef-9d0c-2906cc9fb6bc","home","TuS 05 Wellinghofen","TSV Altenholz",18,14,TRUE,5,NA,NA,0,0,1,NA,0,0,0,0,0,0,NA,NA,NA,NA,NA,NA,NA,NA,0,0,0,0,NA,NA,NA,NA,NA
"Winfried Gabel","a521dedb-3955-11ef-a3bd-2510cc07ea6e",NA,NA,1975,"2/15/1976","34dfc078-3960-11ef-9d0c-2906cc9fb6bc","home","TuS 05 Wellinghofen","TSV Altenholz",18,14,TRUE,0,NA,NA,0,0,0,NA,0,0,0,0,0,0,NA,NA,NA,NA,NA,NA,NA,NA,0,0,0,0,NA,NA,NA,NA,NA
"Klaus Happe","a527494a-3955-11ef-a4fa-2510cc07ea6e",NA,NA,1975,"2/15/1976","34dfc078-3960-11ef-9d0c-2906cc9fb6bc","home","TuS 05 Wellinghofen","TSV Altenholz",18,14,TRUE,1,NA,NA,0,0,0,NA,0,0,0,0,0,0,NA,NA,NA,NA,NA,NA,NA,NA,0,0,0,0,NA,NA,NA,NA,NA
"Burkhard Gröning","a52c6e4f-3955-11ef-a576-2510cc07ea6e",NA,NA,1975,"2/15/1976","34dfc078-3960-11ef-9d0c-2906cc9fb6bc","home","TuS 05 Wellinghofen","TSV Altenholz",18,14,TRUE,6,NA,NA,0,0,1,NA,0,0,0,0,0,0,NA,NA,NA,NA,NA,NA,NA,NA,0,0,0,0,NA,NA,NA,NA,NA
"Ulrich Staege","b05c5beb-3955-11ef-a7d6-a36230ada079",NA,NA,1975,"2/15/1976","34dfc078-3960-11ef-9d0c-2906cc9fb6bc","home","TuS 05 Wellinghofen","TSV Altenholz",18,14,TRUE,1,NA,NA,0,0,0,NA,0,0,0,0,0,0,NA,NA,NA,NA,NA,NA,NA,NA,0,0,0,0,NA,NA,NA,NA,NA
"Herbert Rogge","b06614d7-3955-11ef-a43b-a36230ada079",NA,NA,1975,"2/15/1976","34dfc078-3960-11ef-9d0c-2906cc9fb6bc","home","TuS 05 Wellinghofen","TSV Altenholz",18,14,TRUE,1,NA,NA,0,0,0,NA,0,0,0,0,0,0,NA,NA,NA,NA,NA,NA,NA,NA,0,0,0,0,NA,NA,NA,NA,NA
"Olaf Berner","a4006ca4-3955-11ef-a034-2510cc07ea6e",NA,NA,1975,"2/15/1976","34dfc078-3960-11ef-9d0c-2906cc9fb6bc","away","TSV Altenholz","TuS 05 Wellinghofen",14,18,FALSE,2,NA,NA,0,0,0,NA,0,0,0,0,0,0,NA,NA,NA,NA,NA,NA,NA,NA,0,0,0,0,NA,NA,NA,NA,NA
"Peter Kurth","b06eb57c-3955-11ef-b9af-a36230ada079",NA,NA,1975,"2/15/1976","34dfc078-3960-11ef-9d0c-2906cc9fb6bc","away","TSV Altenholz","TuS 05 Wellinghofen",14,18,FALSE,0,NA,NA,0,0,0,NA,0,0,0,0,0,0,NA,NA,NA,NA,NA,NA,NA,NA,0,0,0,0,NA,NA,NA,NA,NA
"Peter Prehn","b073ee0a-3955-11ef-8404-a36230ada079",NA,NA,1975,"2/15/1976","34dfc078-3960-11ef-9d0c-2906cc9fb6bc","away","TSV Altenholz","TuS 05 Wellinghofen",14,18,FALSE,5,NA,NA,0,0,0,NA,0,0,0,0,0,0,NA,NA,NA,NA,NA,NA,NA,NA,0,0,0,0,NA,NA,NA,NA,NA
"Peter Werk","b0784d6e-3955-11ef-9a85-a36230ada079",NA,NA,1975,"2/15/1976","34dfc078-3960-11ef-9d0c-2906cc9fb6bc","away","TSV Altenholz","TuS 05 Wellinghofen",14,18,FALSE,1,NA,NA,0,0,0,NA,0,0,0,0,0,0,NA,NA,NA,NA,NA,NA,NA,NA,0,0,0,0,NA,NA,NA,NA,NA
"Hardmuth Groß","b07c9918-3955-11ef-a7b9-a36230ada079",NA,NA,1975,"2/15/1976","34dfc078-3960-11ef-9d0c-2906cc9fb6bc","away","TSV Altenholz","TuS 05 Wellinghofen",14,18,FALSE,2,NA,NA,0,0,0,NA,0,0,0,0,0,0,NA,NA,NA,NA,NA,NA,NA,NA,0,0,0,0,NA,NA,NA,NA,NA
"Peter Bortel","b085b129-3955-11ef-b6a0-a36230ada079",NA,NA,1975,"2/15/1976","34dfc078-3960-11ef-9d0c-2906cc9fb6bc","away","TSV Altenholz","TuS 05 Wellinghofen",14,18,FALSE,1,NA,NA,0,0,0,NA,0,0,0,0,0,0,NA,NA,NA,NA,NA,NA,NA,NA,0,0,0,0,NA,NA,NA,NA,NA
"Jörgen Danielsen","b08a7dec-3955-11ef-acb4-a36230ada079",NA,NA,1975,"2/15/1976","34dfc078-3960-11ef-9d0c-2906cc9fb6bc","away","TSV Altenholz","TuS 05 Wellinghofen",14,18,FALSE,1,NA,NA,0,0,0,NA,0,0,0,0,0,0,NA,NA,NA,NA,NA,NA,NA,NA,0,0,0,0,NA,NA,NA,NA,NA
"Klaus Beckmann","b08ee1c0-3955-11ef-8689-a36230ada079",NA,NA,1975,"2/15/1976","34dfc078-3960-11ef-9d0c-2906cc9fb6bc","away","TSV Altenholz","TuS 05 Wellinghofen",14,18,FALSE,1,NA,NA,0,0,0,NA,0,0,0,0,0,0,NA,NA,NA,NA,NA,NA,NA,NA,0,0,0,0,NA,NA,NA,NA,NA
"Klaus-Dieter Heiden","b09837ed-3955-11ef-99d8-a36230ada079",NA,NA,1975,"2/15/1976","34dfc078-3960-11ef-9d0c-2906cc9fb6bc","away","TSV Altenholz","TuS 05 Wellinghofen",14,18,FALSE,0,NA,NA,0,0,0,NA,0,0,0,0,0,0,NA,NA,NA,NA,NA,NA,NA,NA,0,0,0,0,NA,NA,NA,NA,NA
"Klaus-Peter Römer","b09cfa69-3955-11ef-b8eb-a36230ada079",NA,NA,1975,"2/15/1976","34dfc078-3960-11ef-9d0c-2906cc9fb6bc","away","TSV Altenholz","TuS 05 Wellinghofen",14,18,FALSE,1,NA,NA,0,0,0,NA,0,0,0,0,0,0,NA,NA,NA,NA,NA,NA,NA,NA,0,0,0,0,NA,NA,NA,NA,NA
"Manfred Schulz","b0a21333-3955-11ef-a679-a36230ada079",NA,NA,1975,"2/15/1976","34dfc078-3960-11ef-9d0c-2906cc9fb6bc","away","TSV Altenholz","TuS 05 Wellinghofen",14,18,FALSE,0,NA,NA,0,0,0,NA,0,0,0,0,0,0,NA,NA,NA,NA,NA,NA,NA,NA,0,0,0,0,NA,NA,NA,NA,NA
"Kurt Klühspies","5ac3e7d7-3955-11ef-b574-4fa817cd91bb",NA,NA,1975,"2/19/1976","3854358f-3960-11ef-a2f1-2906cc9fb6bc","home","TV Großwallstadt","TV 05/07 Hüttenberg",14,6,TRUE,2,NA,NA,0,0,0,NA,0,0,0,0,0,0,NA,NA,NA,NA,NA,NA,NA,NA,0,0,0,0,NA,NA,NA,NA,NA
"Manfred Hofmann","6855eb0b-3955-11ef-8cb3-292be3190b7b",NA,NA,1975,"2/19/1976","3854358f-3960-11ef-a2f1-2906cc9fb6bc","home","TV Großwallstadt","TV 05/07 Hüttenberg",14,6,TRUE,0,NA,NA,0,0,0,NA,0,0,0,0,0,0,NA,NA,NA,NA,NA,NA,NA,NA,0,0,0,0,NA,NA,NA,NA,NA
"Thomas Sinsel","8adb8152-3955-11ef-b2de-81dc40648355",NA,NA,1975,"2/19/1976","3854358f-3960-11ef-a2f1-2906cc9fb6bc","home","TV Großwallstadt","TV 05/07 Hüttenberg",14,6,TRUE,3,NA,NA,0,0,0,NA,0,0,0,0,0,0,NA,NA,NA,NA,NA,NA,NA,NA,0,0,0,0,NA,NA,NA,NA,NA
"Manfred Schwarz","96d98e53-3955-11ef-a3c9-292be3190b7b",NA,NA,1975,"2/19/1976","3854358f-3960-11ef-a2f1-2906cc9fb6bc","home","TV Großwallstadt","TV 05/07 Hüttenberg",14,6,TRUE,1,NA,NA,0,0,0,NA,0,0,0,0,0,0,NA,NA,NA,NA,NA,NA,NA,NA,0,0,0,0,NA,NA,NA,NA,NA
"Ulrich Schulz","9972a35f-3955-11ef-a06d-292be3190b7b",NA,NA,1975,"2/19/1976","3854358f-3960-11ef-a2f1-2906cc9fb6bc","home","TV Großwallstadt","TV 05/07 Hüttenberg",14,6,TRUE,0,NA,NA,0,0,0,NA,0,0,0,0,0,0,NA,NA,NA,NA,NA,NA,NA,NA,0,0,0,0,NA,NA,NA,NA,NA
"Arno Böckling","a3c38db5-3955-11ef-810f-2510cc07ea6e",NA,NA,1975,"2/19/1976","3854358f-3960-11ef-a2f1-2906cc9fb6bc","home","TV Großwallstadt","TV 05/07 Hüttenberg",14,6,TRUE,0,NA,NA,0,0,0,NA,0,0,0,0,0,0,NA,NA,NA,NA,NA,NA,NA,NA,0,0,0,0,NA,NA,NA,NA,NA
"Eckhardt Suffel","aeac0503-3955-11ef-88c6-a36230ada079",NA,NA,1975,"2/19/1976","3854358f-3960-11ef-a2f1-2906cc9fb6bc","home","TV Großwallstadt","TV 05/07 Hüttenberg",14,6,TRUE,2,NA,NA,0,0,0,NA,0,0,0,0,0,0,NA,NA,NA,NA,NA,NA,NA,NA,0,0,0,0,NA,NA,NA,NA,NA
"Axel Emig","aeb0e35f-3955-11ef-8342-a36230ada079",NA,NA,1975,"2/19/1976","3854358f-3960-11ef-a2f1-2906cc9fb6bc","home","TV Großwallstadt","TV 05/07 Hüttenberg",14,6,TRUE,3,NA,NA,0,0,0,NA,0,0,0,0,0,0,NA,NA,NA,NA,NA,NA,NA,NA,0,0,0,0,NA,NA,NA,NA,NA
"Manfred Meudt","af9be5ed-3955-11ef-a3e3-a36230ada079",NA,NA,1975,"2/19/1976","3854358f-3960-11ef-a2f1-2906cc9fb6bc","home","TV Großwallstadt","TV 05/07 Hüttenberg",14,6,TRUE,1,NA,NA,0,0,0,NA,0,0,0,0,0,0,NA,NA,NA,NA,NA,NA,NA,NA,0,0,0,0,NA,NA,NA,NA,NA
"Norbert Klein","b18179dc-3955-11ef-acc0-a36230ada079",NA,NA,1975,"2/19/1976","3854358f-3960-11ef-a2f1-2906cc9fb6bc","home","TV Großwallstadt","TV 05/07 Hüttenberg",14,6,TRUE,2,NA,NA,0,0,0,NA,0,0,0,0,0,0,NA,NA,NA,NA,NA,NA,NA,NA,0,0,0,0,NA,NA,NA,NA,NA
"Walter Don","73f54ad3-3955-11ef-b2c6-51fdf2a82730",NA,NA,1975,"2/19/1976","3854358f-3960-11ef-a2f1-2906cc9fb6bc","away","TV 05/07 Hüttenberg","TV Großwallstadt",6,14,FALSE,4,NA,NA,0,0,2,NA,0,0,0,0,0,0,NA,NA,NA,NA,NA,NA,NA,NA,0,0,0,0,NA,NA,NA,NA,NA
"Harald Ohly","8048d89d-3955-11ef-a214-b908c60af10a",NA,NA,1975,"2/19/1976","3854358f-3960-11ef-a2f1-2906cc9fb6bc","away","TV 05/07 Hüttenberg","TV Großwallstadt",6,14,FALSE,1,NA,NA,0,0,0,NA,0,0,0,0,0,0,NA,NA,NA,NA,NA,NA,NA,NA,0,0,0,0,NA,NA,NA,NA,NA
"Hans-Jürgen Völpel","80753eec-3955-11ef-bd2e-b908c60af10a",NA,NA,1975,"2/19/1976","3854358f-3960-11ef-a2f1-2906cc9fb6bc","away","TV 05/07 Hüttenberg","TV Großwallstadt",6,14,FALSE,0,NA,NA,0,0,0,NA,0,0,0,0,0,0,NA,NA,NA,NA,NA,NA,NA,NA,0,0,0,0,NA,NA,NA,NA,NA
"Siegfried Weber","807d098c-3955-11ef-8827-b908c60af10a",NA,NA,1975,"2/19/1976","3854358f-3960-11ef-a2f1-2906cc9fb6bc","away","TV 05/07 Hüttenberg","TV Großwallstadt",6,14,FALSE,0,NA,NA,0,0,0,NA,0,0,0,0,0,0,NA,NA,NA,NA,NA,NA,NA,NA,0,0,0,0,NA,NA,NA,NA,NA
"Horst Spengler","80adf446-3955-11ef-a1e6-b908c60af10a",NA,NA,1975,"2/19/1976","3854358f-3960-11ef-a2f1-2906cc9fb6bc","away","TV 05/07 Hüttenberg","TV Großwallstadt",6,14,FALSE,1,NA,NA,0,0,0,NA,0,0,0,0,0,0,NA,NA,NA,NA,NA,NA,NA,NA,0,0,0,0,NA,NA,NA,NA,NA
"Klaus Meineke","8d0eefb2-3955-11ef-a068-81dc40648355",NA,NA,1975,"2/19/1976","3854358f-3960-11ef-a2f1-2906cc9fb6bc","away","TV 05/07 Hüttenberg","TV Großwallstadt",6,14,FALSE,0,NA,NA,0,0,0,NA,0,0,0,0,0,0,NA,NA,NA,NA,NA,NA,NA,NA,0,0,0,0,NA,NA,NA,NA,NA
"Roland Stoy","96890f7d-3955-11ef-939e-292be3190b7b",NA,NA,1975,"2/19/1976","3854358f-3960-11ef-a2f1-2906cc9fb6bc","away","TV 05/07 Hüttenberg","TV Großwallstadt",6,14,FALSE,0,NA,NA,0,0,0,NA,0,0,0,0,0,0,NA,NA,NA,NA,NA,NA,NA,NA,0,0,0,0,NA,NA,NA,NA,NA
"Stefan Schicketanz","a3d099d4-3955-11ef-90b6-2510cc07ea6e",NA,NA,1975,"2/19/1976","3854358f-3960-11ef-a2f1-2906cc9fb6bc","away","TV 05/07 Hüttenberg","TV Großwallstadt",6,14,FALSE,0,NA,NA,0,0,0,NA,0,0,0,0,0,0,NA,NA,NA,NA,NA,NA,NA,NA,0,0,0,0,NA,NA,NA,NA,NA
"Hans-Willi Weber","a3f62960-3955-11ef-a9a1-2510cc07ea6e",NA,NA,1975,"2/19/1976","3854358f-3960-11ef-a2f1-2906cc9fb6bc","away","TV 05/07 Hüttenberg","TV Großwallstadt",6,14,FALSE,0,NA,NA,0,0,0,NA,0,0,0,0,0,0,NA,NA,NA,NA,NA,NA,NA,NA,0,0,0,0,NA,NA,NA,NA,NA
"Udo Uebbing","ae4823ea-3955-11ef-93ce-a36230ada079",NA,NA,1975,"2/19/1976","3854358f-3960-11ef-a2f1-2906cc9fb6bc","away","TV 05/07 Hüttenberg","TV Großwallstadt",6,14,FALSE,0,NA,NA,0,0,0,NA,0,0,0,0,0,0,NA,NA,NA,NA,NA,NA,NA,NA,0,0,0,0,NA,NA,NA,NA,NA
"Olaf Berner","a4006ca4-3955-11ef-a034-2510cc07ea6e",NA,NA,1975,"2/20/1976","35b1ef59-3960-11ef-8b21-2906cc9fb6bc","home","TSV Altenholz","OSC 04 Rheinhausen",15,14,TRUE,4,NA,NA,0,0,1,NA,0,0,0,0,0,0,NA,NA,NA,NA,NA,NA,NA,NA,0,0,0,0,NA,NA,NA,NA,NA
"Peter Linke","b06a455b-3955-11ef-a47d-a36230ada079",NA,NA,1975,"2/20/1976","35b1ef59-3960-11ef-8b21-2906cc9fb6bc","home","TSV Altenholz","OSC 04 Rheinhausen",15,14,TRUE,0,NA,NA,0,0,0,NA,0,0,0,0,0,0,NA,NA,NA,NA,NA,NA,NA,NA,0,0,0,0,NA,NA,NA,NA,NA
"Peter Kurth","b06eb57c-3955-11ef-b9af-a36230ada079",NA,NA,1975,"2/20/1976","35b1ef59-3960-11ef-8b21-2906cc9fb6bc","home","TSV Altenholz","OSC 04 Rheinhausen",15,14,TRUE,0,NA,NA,0,0,0,NA,0,0,0,0,0,0,NA,NA,NA,NA,NA,NA,NA,NA,0,0,0,0,NA,NA,NA,NA,NA
"Peter Prehn","b073ee0a-3955-11ef-8404-a36230ada079",NA,NA,1975,"2/20/1976","35b1ef59-3960-11ef-8b21-2906cc9fb6bc","home","TSV Altenholz","OSC 04 Rheinhausen",15,14,TRUE,4,NA,NA,0,0,0,NA,0,0,0,0,0,0,NA,NA,NA,NA,NA,NA,NA,NA,0,0,0,0,NA,NA,NA,NA,NA
"Peter Werk","b0784d6e-3955-11ef-9a85-a36230ada079",NA,NA,1975,"2/20/1976","35b1ef59-3960-11ef-8b21-2906cc9fb6bc","home","TSV Altenholz","OSC 04 Rheinhausen",15,14,TRUE,2,NA,NA,0,0,0,NA,0,0,0,0,0,0,NA,NA,NA,NA,NA,NA,NA,NA,0,0,0,0,NA,NA,NA,NA,NA
"Hardmuth Groß","b07c9918-3955-11ef-a7b9-a36230ada079",NA,NA,1975,"2/20/1976","35b1ef59-3960-11ef-8b21-2906cc9fb6bc","home","TSV Altenholz","OSC 04 Rheinhausen",15,14,TRUE,2,NA,NA,0,0,0,NA,0,0,0,0,0,0,NA,NA,NA,NA,NA,NA,NA,NA,0,0,0,0,NA,NA,NA,NA,NA
"Peter Bortel","b085b129-3955-11ef-b6a0-a36230ada079",NA,NA,1975,"2/20/1976","35b1ef59-3960-11ef-8b21-2906cc9fb6bc","home","TSV Altenholz","OSC 04 Rheinhausen",15,14,TRUE,1,NA,NA,0,0,0,NA,0,0,0,0,0,0,NA,NA,NA,NA,NA,NA,NA,NA,0,0,0,0,NA,NA,NA,NA,NA
"Jörgen Danielsen","b08a7dec-3955-11ef-acb4-a36230ada079",NA,NA,1975,"2/20/1976","35b1ef59-3960-11ef-8b21-2906cc9fb6bc","home","TSV Altenholz","OSC 04 Rheinhausen",15,14,TRUE,0,NA,NA,0,0,0,NA,0,0,0,0,0,0,NA,NA,NA,NA,NA,NA,NA,NA,0,0,0,0,NA,NA,NA,NA,NA
"Klaus Beckmann","b08ee1c0-3955-11ef-8689-a36230ada079",NA,NA,1975,"2/20/1976","35b1ef59-3960-11ef-8b21-2906cc9fb6bc","home","TSV Altenholz","OSC 04 Rheinhausen",15,14,TRUE,1,NA,NA,0,0,0,NA,0,0,0,0,0,0,NA,NA,NA,NA,NA,NA,NA,NA,0,0,0,0,NA,NA,NA,NA,NA
"Klaus-Dieter Heiden","b09837ed-3955-11ef-99d8-a36230ada079",NA,NA,1975,"2/20/1976","35b1ef59-3960-11ef-8b21-2906cc9fb6bc","home","TSV Altenholz","OSC 04 Rheinhausen",15,14,TRUE,0,NA,NA,0,0,0,NA,0,0,0,0,0,0,NA,NA,NA,NA,NA,NA,NA,NA,0,0,0,0,NA,NA,NA,NA,NA
"Klaus-Peter Römer","b09cfa69-3955-11ef-b8eb-a36230ada079",NA,NA,1975,"2/20/1976","35b1ef59-3960-11ef-8b21-2906cc9fb6bc","home","TSV Altenholz","OSC 04 Rheinhausen",15,14,TRUE,0,NA,NA,0,0,0,NA,0,0,0,0,0,0,NA,NA,NA,NA,NA,NA,NA,NA,0,0,0,0,NA,NA,NA,NA,NA
"Manfred Schulz","b0a21333-3955-11ef-a679-a36230ada079",NA,NA,1975,"2/20/1976","35b1ef59-3960-11ef-8b21-2906cc9fb6bc","home","TSV Altenholz","OSC 04 Rheinhausen",15,14,TRUE,1,NA,NA,0,0,0,NA,0,0,0,0,0,0,NA,NA,NA,NA,NA,NA,NA,NA,0,0,0,0,NA,NA,NA,NA,NA
"Hans-Dieter Schmitz","51093bea-3955-11ef-bc25-6d38c0425bc0",NA,NA,1975,"2/20/1976","35b1ef59-3960-11ef-8b21-2906cc9fb6bc","away","OSC 04 Rheinhausen","TSV Altenholz",14,15,FALSE,8,NA,NA,0,0,4,NA,0,0,0,0,0,0,NA,NA,NA,NA,NA,NA,NA,NA,0,0,0,0,NA,NA,NA,NA,NA
"Reinhard Heusen van der","7142d419-3955-11ef-8654-51fdf2a82730",NA,NA,1975,"2/20/1976","35b1ef59-3960-11ef-8b21-2906cc9fb6bc","away","OSC 04 Rheinhausen","TSV Altenholz",14,15,FALSE,0,NA,NA,0,0,0,NA,0,0,0,0,0,0,NA,NA,NA,NA,NA,NA,NA,NA,0,0,0,0,NA,NA,NA,NA,NA
"Gerd Rosendahl","7501cfa1-3955-11ef-95a2-51fdf2a82730",NA,NA,1975,"2/20/1976","35b1ef59-3960-11ef-8b21-2906cc9fb6bc","away","OSC 04 Rheinhausen","TSV Altenholz",14,15,FALSE,0,NA,NA,0,0,0,NA,0,0,0,0,0,0,NA,NA,NA,NA,NA,NA,NA,NA,0,0,0,0,NA,NA,NA,NA,NA
"Harry Keller","7e4b9df1-3955-11ef-80fd-b908c60af10a",NA,NA,1975,"2/20/1976","35b1ef59-3960-11ef-8b21-2906cc9fb6bc","away","OSC 04 Rheinhausen","TSV Altenholz",14,15,FALSE,1,NA,NA,0,0,0,NA,0,0,0,0,0,0,NA,NA,NA,NA,NA,NA,NA,NA,0,0,0,0,NA,NA,NA,NA,NA
"Uwe Laaser","8157221e-3955-11ef-a944-b908c60af10a",NA,NA,1975,"2/20/1976","35b1ef59-3960-11ef-8b21-2906cc9fb6bc","away","OSC 04 Rheinhausen","TSV Altenholz",14,15,FALSE,1,NA,NA,0,0,0,NA,0,0,0,0,0,0,NA,NA,NA,NA,NA,NA,NA,NA,0,0,0,0,NA,NA,NA,NA,NA
"Christoph Kolodziej","8dbac357-3955-11ef-be9b-81dc40648355",NA,NA,1975,"2/20/1976","35b1ef59-3960-11ef-8b21-2906cc9fb6bc","away","OSC 04 Rheinhausen","TSV Altenholz",14,15,FALSE,0,NA,NA,0,0,0,NA,0,0,0,0,0,0,NA,NA,NA,NA,NA,NA,NA,NA,0,0,0,0,NA,NA,NA,NA,NA
"Hans-Gerd Nellen","a1ba59d4-3955-11ef-b73b-2510cc07ea6e",NA,NA,1975,"2/20/1976","35b1ef59-3960-11ef-8b21-2906cc9fb6bc","away","OSC 04 Rheinhausen","TSV Altenholz",14,15,FALSE,0,NA,NA,0,0,0,NA,0,0,0,0,0,0,NA,NA,NA,NA,NA,NA,NA,NA,0,0,0,0,NA,NA,NA,NA,NA
"Jadranko Demirović","a1caaba8-3955-11ef-8081-2510cc07ea6e",NA,NA,1975,"2/20/1976","35b1ef59-3960-11ef-8b21-2906cc9fb6bc","away","OSC 04 Rheinhausen","TSV Altenholz",14,15,FALSE,4,NA,NA,0,0,1,NA,0,0,0,0,0,0,NA,NA,NA,NA,NA,NA,NA,NA,0,0,0,0,NA,NA,NA,NA,NA
"Norbert Meister","a610e086-3955-11ef-bf85-2510cc07ea6e",NA,NA,1975,"2/20/1976","35b1ef59-3960-11ef-8b21-2906cc9fb6bc","away","OSC 04 Rheinhausen","TSV Altenholz",14,15,FALSE,0,NA,NA,0,0,0,NA,0,0,0,0,0,0,NA,NA,NA,NA,NA,NA,NA,NA,0,0,0,0,NA,NA,NA,NA,NA
"Werner Herling","a61b6e80-3955-11ef-b2d4-2510cc07ea6e",NA,NA,1975,"2/20/1976","35b1ef59-3960-11ef-8b21-2906cc9fb6bc","away","OSC 04 Rheinhausen","TSV Altenholz",14,15,FALSE,0,NA,NA,0,0,0,NA,0,0,0,0,0,0,NA,NA,NA,NA,NA,NA,NA,NA,0,0,0,0,NA,NA,NA,NA,NA
"Burkhard Nagel","a6312ffa-3955-11ef-9438-2510cc07ea6e",NA,NA,1975,"2/20/1976","35b1ef59-3960-11ef-8b21-2906cc9fb6bc","away","OSC 04 Rheinhausen","TSV Altenholz",14,15,FALSE,0,NA,NA,0,0,0,NA,0,0,0,0,0,0,NA,NA,NA,NA,NA,NA,NA,NA,0,0,0,0,NA,NA,NA,NA,NA
"Mohamed Klai","b1273da6-3955-11ef-8887-a36230ada079",NA,NA,1975,"2/20/1976","35b1ef59-3960-11ef-8b21-2906cc9fb6bc","away","OSC 04 Rheinhausen","TSV Altenholz",14,15,FALSE,0,NA,NA,0,0,0,NA,0,0,0,0,0,0,NA,NA,NA,NA,NA,NA,NA,NA,0,0,0,0,NA,NA,NA,NA,NA
"Rainer Niemeyer","5008ccec-3955-11ef-9f62-6d38c0425bc0",NA,NA,1975,"2/21/1976","3262133c-3960-11ef-82dd-2906cc9fb6bc","home","GWD Minden","VfL Lübeck-Schwartau",20,11,TRUE,0,NA,NA,0,0,0,NA,0,0,0,0,0,0,NA,NA,NA,NA,NA,NA,NA,NA,0,0,0,0,NA,NA,NA,NA,NA
"Hans-Jürgen Grund","81694a24-3955-11ef-9a97-b908c60af10a",NA,NA,1975,"2/21/1976","3262133c-3960-11ef-82dd-2906cc9fb6bc","home","GWD Minden","VfL Lübeck-Schwartau",20,11,TRUE,1,NA,NA,0,0,0,NA,0,0,0,0,0,0,NA,NA,NA,NA,NA,NA,NA,NA,0,0,0,0,NA,NA,NA,NA,NA
"Axel Axelsson","8b29429f-3955-11ef-baf9-81dc40648355",NA,NA,1975,"2/21/1976","3262133c-3960-11ef-82dd-2906cc9fb6bc","home","GWD Minden","VfL Lübeck-Schwartau",20,11,TRUE,6,NA,NA,0,0,0,NA,0,0,0,0,0,0,NA,NA,NA,NA,NA,NA,NA,NA,0,0,0,0,NA,NA,NA,NA,NA
"Dieter Waltke","8bbe1a37-3955-11ef-a8ff-81dc40648355",NA,NA,1975,"2/21/1976","3262133c-3960-11ef-82dd-2906cc9fb6bc","home","GWD Minden","VfL Lübeck-Schwartau",20,11,TRUE,3,NA,NA,0,0,1,NA,0,0,0,0,0,0,NA,NA,NA,NA,NA,NA,NA,NA,0,0,0,0,NA,NA,NA,NA,NA
"Bernhard Busch","8dc9280f-3955-11ef-80e2-81dc40648355",NA,NA,1975,"2/21/1976","3262133c-3960-11ef-82dd-2906cc9fb6bc","home","GWD Minden","VfL Lübeck-Schwartau",20,11,TRUE,0,NA,NA,0,0,0,NA,0,0,0,0,0,0,NA,NA,NA,NA,NA,NA,NA,NA,0,0,0,0,NA,NA,NA,NA,NA
"Gerd Becker","96f1e245-3955-11ef-80bc-292be3190b7b",NA,NA,1975,"2/21/1976","3262133c-3960-11ef-82dd-2906cc9fb6bc","home","GWD Minden","VfL Lübeck-Schwartau",20,11,TRUE,1,NA,NA,0,0,0,NA,0,0,0,0,0,0,NA,NA,NA,NA,NA,NA,NA,NA,0,0,0,0,NA,NA,NA,NA,NA
"Walter von Oepen","97f2373d-3955-11ef-82ae-292be3190b7b",NA,NA,1975,"2/21/1976","3262133c-3960-11ef-82dd-2906cc9fb6bc","home","GWD Minden","VfL Lübeck-Schwartau",20,11,TRUE,1,NA,NA,0,0,0,NA,0,0,0,0,0,0,NA,NA,NA,NA,NA,NA,NA,NA,0,0,0,0,NA,NA,NA,NA,NA
"Martin Karcher","980f80ce-3955-11ef-8054-292be3190b7b",NA,NA,1975,"2/21/1976","3262133c-3960-11ef-82dd-2906cc9fb6bc","home","GWD Minden","VfL Lübeck-Schwartau",20,11,TRUE,0,NA,NA,0,0,0,NA,0,0,0,0,0,0,NA,NA,NA,NA,NA,NA,NA,NA,0,0,0,0,NA,NA,NA,NA,NA
"Gerhard Buddenbohm","98e2ecac-3955-11ef-b2de-292be3190b7b",NA,NA,1975,"2/21/1976","3262133c-3960-11ef-82dd-2906cc9fb6bc","home","GWD Minden","VfL Lübeck-Schwartau",20,11,TRUE,2,NA,NA,0,0,0,NA,0,0,0,0,0,0,NA,NA,NA,NA,NA,NA,NA,NA,0,0,0,0,NA,NA,NA,NA,NA
"Ólafur Hlöðver Jónsson","98eb7177-3955-11ef-9bda-292be3190b7b",NA,NA,1975,"2/21/1976","3262133c-3960-11ef-82dd-2906cc9fb6bc","home","GWD Minden","VfL Lübeck-Schwartau",20,11,TRUE,5,NA,NA,0,0,0,NA,0,0,0,0,0,0,NA,NA,NA,NA,NA,NA,NA,NA,0,0,0,0,NA,NA,NA,NA,NA
"Hans Kramer","98f50290-3955-11ef-8aa8-292be3190b7b",NA,NA,1975,"2/21/1976","3262133c-3960-11ef-82dd-2906cc9fb6bc","home","GWD Minden","VfL Lübeck-Schwartau",20,11,TRUE,1,NA,NA,0,0,0,NA,0,0,0,0,0,0,NA,NA,NA,NA,NA,NA,NA,NA,0,0,0,0,NA,NA,NA,NA,NA
"Bernd Knuth","b006b967-3955-11ef-9f47-a36230ada079",NA,NA,1975,"2/21/1976","3262133c-3960-11ef-82dd-2906cc9fb6bc","home","GWD Minden","VfL Lübeck-Schwartau",20,11,TRUE,0,NA,NA,0,0,0,NA,0,0,0,0,0,0,NA,NA,NA,NA,NA,NA,NA,NA,0,0,0,0,NA,NA,NA,NA,NA
"Peter Schmidt","5b368739-3955-11ef-ae10-4fa817cd91bb",NA,NA,1975,"2/21/1976","3262133c-3960-11ef-82dd-2906cc9fb6bc","away","VfL Lübeck-Schwartau","GWD Minden",11,20,FALSE,1,NA,NA,0,0,0,NA,0,0,0,0,0,0,NA,NA,NA,NA,NA,NA,NA,NA,0,0,0,0,NA,NA,NA,NA,NA
"Klaus-Peter Alwardt","800d39da-3955-11ef-bf47-b908c60af10a",NA,NA,1975,"2/21/1976","3262133c-3960-11ef-82dd-2906cc9fb6bc","away","VfL Lübeck-Schwartau","GWD Minden",11,20,FALSE,2,NA,NA,0,0,0,NA,0,0,0,0,0,0,NA,NA,NA,NA,NA,NA,NA,NA,0,0,0,0,NA,NA,NA,NA,NA
"Michael Dogs","b0cecb4a-3955-11ef-b665-a36230ada079",NA,NA,1975,"2/21/1976","3262133c-3960-11ef-82dd-2906cc9fb6bc","away","VfL Lübeck-Schwartau","GWD Minden",11,20,FALSE,0,NA,NA,0,0,0,NA,0,0,0,0,0,0,NA,NA,NA,NA,NA,NA,NA,NA,0,0,0,0,NA,NA,NA,NA,NA
"Peter Toll","b0d38f08-3955-11ef-8430-a36230ada079",NA,NA,1975,"2/21/1976","3262133c-3960-11ef-82dd-2906cc9fb6bc","away","VfL Lübeck-Schwartau","GWD Minden",11,20,FALSE,0,NA,NA,0,0,0,NA,0,0,0,0,0,0,NA,NA,NA,NA,NA,NA,NA,NA,0,0,0,0,NA,NA,NA,NA,NA
"Claus Gramkow","b0d7d6e6-3955-11ef-bb1c-a36230ada079",NA,NA,1975,"2/21/1976","3262133c-3960-11ef-82dd-2906cc9fb6bc","away","VfL Lübeck-Schwartau","GWD Minden",11,20,FALSE,0,NA,NA,0,0,0,NA,0,0,0,0,0,0,NA,NA,NA,NA,NA,NA,NA,NA,0,0,0,0,NA,NA,NA,NA,NA
"Joachim Römer","b0dcb8e7-3955-11ef-83ab-a36230ada079",NA,NA,1975,"2/21/1976","3262133c-3960-11ef-82dd-2906cc9fb6bc","away","VfL Lübeck-Schwartau","GWD Minden",11,20,FALSE,1,NA,NA,0,0,1,NA,0,0,0,0,0,0,NA,NA,NA,NA,NA,NA,NA,NA,0,0,0,0,NA,NA,NA,NA,NA
"Ulrich Diener","b0e514eb-3955-11ef-b430-a36230ada079",NA,NA,1975,"2/21/1976","3262133c-3960-11ef-82dd-2906cc9fb6bc","away","VfL Lübeck-Schwartau","GWD Minden",11,20,FALSE,2,NA,NA,0,0,0,NA,0,0,0,0,0,0,NA,NA,NA,NA,NA,NA,NA,NA,0,0,0,0,NA,NA,NA,NA,NA
"Peter Görtz","b0e9ae8f-3955-11ef-aa48-a36230ada079",NA,NA,1975,"2/21/1976","3262133c-3960-11ef-82dd-2906cc9fb6bc","away","VfL Lübeck-Schwartau","GWD Minden",11,20,FALSE,1,NA,NA,0,0,0,NA,0,0,0,0,0,0,NA,NA,NA,NA,NA,NA,NA,NA,0,0,0,0,NA,NA,NA,NA,NA
"Ulrich Kleinstoll","b0f37438-3955-11ef-84e6-a36230ada079",NA,NA,1975,"2/21/1976","3262133c-3960-11ef-82dd-2906cc9fb6bc","away","VfL Lübeck-Schwartau","GWD Minden",11,20,FALSE,1,NA,NA,0,0,0,NA,0,0,0,0,0,0,NA,NA,NA,NA,NA,NA,NA,NA,0,0,0,0,NA,NA,NA,NA,NA
"Thomas Kluth","b0f877c0-3955-11ef-a314-a36230ada079",NA,NA,1975,"2/21/1976","3262133c-3960-11ef-82dd-2906cc9fb6bc","away","VfL Lübeck-Schwartau","GWD Minden",11,20,FALSE,1,NA,NA,0,0,0,NA,0,0,0,0,0,0,NA,NA,NA,NA,NA,NA,NA,NA,0,0,0,0,NA,NA,NA,NA,NA
"Holger Rosenfeldt","b0fd53e2-3955-11ef-9f9a-a36230ada079",NA,NA,1975,"2/21/1976","3262133c-3960-11ef-82dd-2906cc9fb6bc","away","VfL Lübeck-Schwartau","GWD Minden",11,20,FALSE,0,NA,NA,0,0,0,NA,0,0,0,0,0,0,NA,NA,NA,NA,NA,NA,NA,NA,0,0,0,0,NA,NA,NA,NA,NA
"Siegfried Berg","b10d3ec3-3955-11ef-8a30-a36230ada079",NA,NA,1975,"2/21/1976","3262133c-3960-11ef-82dd-2906cc9fb6bc","away","VfL Lübeck-Schwartau","GWD Minden",11,20,FALSE,2,NA,NA,0,0,0,NA,0,0,0,0,0,0,NA,NA,NA,NA,NA,NA,NA,NA,0,0,0,0,NA,NA,NA,NA,NA
"Bernd Seehase","7f0c7bc5-3955-11ef-8b93-b908c60af10a",NA,NA,1975,"2/21/1976","41018578-3960-11ef-8c61-2906cc9fb6bc","home","Füchse Berlin","FRISCH AUF! Göppingen",13,13,FALSE,3,NA,NA,0,0,1,NA,0,0,0,0,0,0,NA,NA,NA,NA,NA,NA,NA,NA,0,0,0,0,NA,NA,NA,NA,NA
"Thomas Drust","7f41dffa-3955-11ef-8757-b908c60af10a",NA,NA,1975,"2/21/1976","41018578-3960-11ef-8c61-2906cc9fb6bc","home","Füchse Berlin","FRISCH AUF! Göppingen",13,13,FALSE,0,NA,NA,0,0,0,NA,0,0,0,0,0,0,NA,NA,NA,NA,NA,NA,NA,NA,0,0,0,0,NA,NA,NA,NA,NA
"Andreas Pieper","8b17f063-3955-11ef-8f1b-81dc40648355",NA,NA,1975,"2/21/1976","41018578-3960-11ef-8c61-2906cc9fb6bc","home","Füchse Berlin","FRISCH AUF! Göppingen",13,13,FALSE,3,NA,NA,0,0,0,NA,0,0,0,0,0,0,NA,NA,NA,NA,NA,NA,NA,NA,0,0,0,0,NA,NA,NA,NA,NA
"Horst Rampp","8c760463-3955-11ef-b11d-81dc40648355",NA,NA,1975,"2/21/1976","41018578-3960-11ef-8c61-2906cc9fb6bc","home","Füchse Berlin","FRISCH AUF! Göppingen",13,13,FALSE,0,NA,NA,0,0,0,NA,0,0,0,0,0,0,NA,NA,NA,NA,NA,NA,NA,NA,0,0,0,0,NA,NA,NA,NA,NA
"Uwe Schilde","a2ab6495-3955-11ef-ac26-2510cc07ea6e",NA,NA,1975,"2/21/1976","41018578-3960-11ef-8c61-2906cc9fb6bc","home","Füchse Berlin","FRISCH AUF! Göppingen",13,13,FALSE,0,NA,NA,0,0,0,NA,0,0,0,0,0,0,NA,NA,NA,NA,NA,NA,NA,NA,0,0,0,0,NA,NA,NA,NA,NA
"Hartmut Alsen","a5dc4676-3955-11ef-ac19-2510cc07ea6e",NA,NA,1975,"2/21/1976","41018578-3960-11ef-8c61-2906cc9fb6bc","home","Füchse Berlin","FRISCH AUF! Göppingen",13,13,FALSE,1,NA,NA,0,0,0,NA,0,0,0,0,0,0,NA,NA,NA,NA,NA,NA,NA,NA,0,0,0,0,NA,NA,NA,NA,NA
"Manfred Klein","a5ed5981-3955-11ef-aef8-2510cc07ea6e",NA,NA,1975,"2/21/1976","41018578-3960-11ef-8c61-2906cc9fb6bc","home","Füchse Berlin","FRISCH AUF! Göppingen",13,13,FALSE,1,NA,NA,0,0,0,NA,0,0,0,0,0,0,NA,NA,NA,NA,NA,NA,NA,NA,0,0,0,0,NA,NA,NA,NA,NA
"Reinhard Lembcke","a5f9e01f-3955-11ef-a753-2510cc07ea6e",NA,NA,1975,"2/21/1976","41018578-3960-11ef-8c61-2906cc9fb6bc","home","Füchse Berlin","FRISCH AUF! Göppingen",13,13,FALSE,1,NA,NA,0,0,0,NA,0,0,0,0,0,0,NA,NA,NA,NA,NA,NA,NA,NA,0,0,0,0,NA,NA,NA,NA,NA
"Joachim Lindemann","b199b04a-3955-11ef-840b-a36230ada079",NA,NA,1975,"2/21/1976","41018578-3960-11ef-8c61-2906cc9fb6bc","home","Füchse Berlin","FRISCH AUF! Göppingen",13,13,FALSE,4,NA,NA,0,0,0,NA,0,0,0,0,0,0,NA,NA,NA,NA,NA,NA,NA,NA,0,0,0,0,NA,NA,NA,NA,NA
"Jürgen Otto","b19e3d71-3955-11ef-85da-a36230ada079",NA,NA,1975,"2/21/1976","41018578-3960-11ef-8c61-2906cc9fb6bc","home","Füchse Berlin","FRISCH AUF! Göppingen",13,13,FALSE,0,NA,NA,0,0,0,NA,0,0,0,0,0,0,NA,NA,NA,NA,NA,NA,NA,NA,0,0,0,0,NA,NA,NA,NA,NA
"Bernd Goerigk","b1b21b0c-3955-11ef-a303-a36230ada079",NA,NA,1975,"2/21/1976","41018578-3960-11ef-8c61-2906cc9fb6bc","home","Füchse Berlin","FRISCH AUF! Göppingen",13,13,FALSE,0,NA,NA,0,0,0,NA,0,0,0,0,0,0,NA,NA,NA,NA,NA,NA,NA,NA,0,0,0,0,NA,NA,NA,NA,NA
"Arnulf Dümmel","81093055-3955-11ef-9deb-b908c60af10a",NA,NA,1975,"2/21/1976","41018578-3960-11ef-8c61-2906cc9fb6bc","away","FRISCH AUF! Göppingen","Füchse Berlin",13,13,FALSE,2,NA,NA,0,0,0,NA,0,0,0,0,0,0,NA,NA,NA,NA,NA,NA,NA,NA,0,0,0,0,NA,NA,NA,NA,NA
"Armin Emrich","8cdd3680-3955-11ef-a93e-81dc40648355",NA,NA,1975,"2/21/1976","41018578-3960-11ef-8c61-2906cc9fb6bc","away","FRISCH AUF! Göppingen","Füchse Berlin",13,13,FALSE,4,NA,NA,0,0,2,NA,0,0,0,0,0,0,NA,NA,NA,NA,NA,NA,NA,NA,0,0,0,0,NA,NA,NA,NA,NA
"Hartmut Bressmer","97fa9b74-3955-11ef-ba4c-292be3190b7b",NA,NA,1975,"2/21/1976","41018578-3960-11ef-8c61-2906cc9fb6bc","away","FRISCH AUF! Göppingen","Füchse Berlin",13,13,FALSE,1,NA,NA,0,0,0,NA,0,0,0,0,0,0,NA,NA,NA,NA,NA,NA,NA,NA,0,0,0,0,NA,NA,NA,NA,NA
"Gunnar Einarsson","98473f03-3955-11ef-b6da-292be3190b7b",NA,NA,1975,"2/21/1976","41018578-3960-11ef-8c61-2906cc9fb6bc","away","FRISCH AUF! Göppingen","Füchse Berlin",13,13,FALSE,3,NA,NA,0,0,0,NA,0,0,0,0,0,0,NA,NA,NA,NA,NA,NA,NA,NA,0,0,0,0,NA,NA,NA,NA,NA
"Hans-Eberhard Finkbeiner","a2f451eb-3955-11ef-99da-2510cc07ea6e",NA,NA,1975,"2/21/1976","41018578-3960-11ef-8c61-2906cc9fb6bc","away","FRISCH AUF! Göppingen","Füchse Berlin",13,13,FALSE,0,NA,NA,0,0,0,NA,0,0,0,0,0,0,NA,NA,NA,NA,NA,NA,NA,NA,0,0,0,0,NA,NA,NA,NA,NA
"Wolfgang Don","a2ff75a5-3955-11ef-a510-2510cc07ea6e",NA,NA,1975,"2/21/1976","41018578-3960-11ef-8c61-2906cc9fb6bc","away","FRISCH AUF! Göppingen","Füchse Berlin",13,13,FALSE,2,NA,NA,0,0,0,NA,0,0,0,0,0,0,NA,NA,NA,NA,NA,NA,NA,NA,0,0,0,0,NA,NA,NA,NA,NA
"Rolf Hammann","af6ae50b-3955-11ef-a71b-a36230ada079",NA,NA,1975,"2/21/1976","41018578-3960-11ef-8c61-2906cc9fb6bc","away","FRISCH AUF! Göppingen","Füchse Berlin",13,13,FALSE,0,NA,NA,0,0,0,NA,0,0,0,0,0,0,NA,NA,NA,NA,NA,NA,NA,NA,0,0,0,0,NA,NA,NA,NA,NA
"Siegmund Seeger","af76d008-3955-11ef-b7c9-a36230ada079",NA,NA,1975,"2/21/1976","41018578-3960-11ef-8c61-2906cc9fb6bc","away","FRISCH AUF! Göppingen","Füchse Berlin",13,13,FALSE,1,NA,NA,0,0,0,NA,0,0,0,0,0,0,NA,NA,NA,NA,NA,NA,NA,NA,0,0,0,0,NA,NA,NA,NA,NA
"Hans Brodbeck","b1f00cc3-3955-11ef-b4c9-a36230ada079",NA,NA,1975,"2/21/1976","41018578-3960-11ef-8c61-2906cc9fb6bc","away","FRISCH AUF! Göppingen","Füchse Berlin",13,13,FALSE,0,NA,NA,0,0,0,NA,0,0,0,0,0,0,NA,NA,NA,NA,NA,NA,NA,NA,0,0,0,0,NA,NA,NA,NA,NA
"Detlef Groß","b20edee3-3955-11ef-9e14-a36230ada079",NA,NA,1975,"2/21/1976","41018578-3960-11ef-8c61-2906cc9fb6bc","away","FRISCH AUF! Göppingen","Füchse Berlin",13,13,FALSE,0,NA,NA,0,0,0,NA,0,0,0,0,0,0,NA,NA,NA,NA,NA,NA,NA,NA,0,0,0,0,NA,NA,NA,NA,NA
"Günter Schweikardt","d3e60b79-3953-11ef-9e8c-e3f2de03a1b7",NA,NA,1975,"2/21/1976","41018578-3960-11ef-8c61-2906cc9fb6bc","away","FRISCH AUF! Göppingen","Füchse Berlin",13,13,FALSE,0,NA,NA,0,0,0,NA,0,0,0,0,0,0,NA,NA,NA,NA,NA,NA,NA,NA,0,0,0,0,NA,NA,NA,NA,NA
"Rudolf Rauer","6829713f-3955-11ef-9d88-292be3190b7b",NA,NA,1975,"2/22/1976","34f12cd5-3960-11ef-87a1-2906cc9fb6bc","home","TuS 05 Wellinghofen","THW Kiel",17,11,TRUE,0,NA,NA,0,0,0,NA,0,0,0,0,0,0,NA,NA,NA,NA,NA,NA,NA,NA,0,0,0,0,NA,NA,NA,NA,NA
"Hans-Peter Neuhaus","8d9d3887-3955-11ef-80a3-81dc40648355",NA,NA,1975,"2/22/1976","34f12cd5-3960-11ef-87a1-2906cc9fb6bc","home","TuS 05 Wellinghofen","THW Kiel",17,11,TRUE,2,NA,NA,0,0,1,NA,0,0,0,0,0,0,NA,NA,NA,NA,NA,NA,NA,NA,0,0,0,0,NA,NA,NA,NA,NA
"Klaus Erwe","a4f54a19-3955-11ef-b48a-2510cc07ea6e",NA,NA,1975,"2/22/1976","34f12cd5-3960-11ef-87a1-2906cc9fb6bc","home","TuS 05 Wellinghofen","THW Kiel",17,11,TRUE,1,NA,NA,0,0,0,NA,0,0,0,0,0,0,NA,NA,NA,NA,NA,NA,NA,NA,0,0,0,0,NA,NA,NA,NA,NA
"Frank Haardt","a4fb1cad-3955-11ef-bd99-2510cc07ea6e",NA,NA,1975,"2/22/1976","34f12cd5-3960-11ef-87a1-2906cc9fb6bc","home","TuS 05 Wellinghofen","THW Kiel",17,11,TRUE,0,NA,NA,0,0,0,NA,0,0,0,0,0,0,NA,NA,NA,NA,NA,NA,NA,NA,0,0,0,0,NA,NA,NA,NA,NA
"Harald Zapler","a502f6b3-3955-11ef-a0c2-2510cc07ea6e",NA,NA,1975,"2/22/1976","34f12cd5-3960-11ef-87a1-2906cc9fb6bc","home","TuS 05 Wellinghofen","THW Kiel",17,11,TRUE,2,NA,NA,0,0,0,NA,0,0,0,0,0,0,NA,NA,NA,NA,NA,NA,NA,NA,0,0,0,0,NA,NA,NA,NA,NA
"Wilfried Rettig","a517a588-3955-11ef-a8d7-2510cc07ea6e",NA,NA,1975,"2/22/1976","34f12cd5-3960-11ef-87a1-2906cc9fb6bc","home","TuS 05 Wellinghofen","THW Kiel",17,11,TRUE,1,NA,NA,0,0,0,NA,0,0,0,0,0,0,NA,NA,NA,NA,NA,NA,NA,NA,0,0,0,0,NA,NA,NA,NA,NA
"Winfried Gabel","a521dedb-3955-11ef-a3bd-2510cc07ea6e",NA,NA,1975,"2/22/1976","34f12cd5-3960-11ef-87a1-2906cc9fb6bc","home","TuS 05 Wellinghofen","THW Kiel",17,11,TRUE,3,NA,NA,0,0,0,NA,0,0,0,0,0,0,NA,NA,NA,NA,NA,NA,NA,NA,0,0,0,0,NA,NA,NA,NA,NA
"Klaus Happe","a527494a-3955-11ef-a4fa-2510cc07ea6e",NA,NA,1975,"2/22/1976","34f12cd5-3960-11ef-87a1-2906cc9fb6bc","home","TuS 05 Wellinghofen","THW Kiel",17,11,TRUE,1,NA,NA,0,0,0,NA,0,0,0,0,0,0,NA,NA,NA,NA,NA,NA,NA,NA,0,0,0,0,NA,NA,NA,NA,NA
"Burkhard Gröning","a52c6e4f-3955-11ef-a576-2510cc07ea6e",NA,NA,1975,"2/22/1976","34f12cd5-3960-11ef-87a1-2906cc9fb6bc","home","TuS 05 Wellinghofen","THW Kiel",17,11,TRUE,6,NA,NA,0,0,0,NA,0,0,0,0,0,0,NA,NA,NA,NA,NA,NA,NA,NA,0,0,0,0,NA,NA,NA,NA,NA
"Ulrich Staege","b05c5beb-3955-11ef-a7d6-a36230ada079",NA,NA,1975,"2/22/1976","34f12cd5-3960-11ef-87a1-2906cc9fb6bc","home","TuS 05 Wellinghofen","THW Kiel",17,11,TRUE,1,NA,NA,0,0,0,NA,0,0,0,0,0,0,NA,NA,NA,NA,NA,NA,NA,NA,0,0,0,0,NA,NA,NA,NA,NA
"Herbert Rogge","b06614d7-3955-11ef-a43b-a36230ada079",NA,NA,1975,"2/22/1976","34f12cd5-3960-11ef-87a1-2906cc9fb6bc","home","TuS 05 Wellinghofen","THW Kiel",17,11,TRUE,0,NA,NA,0,0,0,NA,0,0,0,0,0,0,NA,NA,NA,NA,NA,NA,NA,NA,0,0,0,0,NA,NA,NA,NA,NA
"Holger Oertel","685d8d1c-3955-11ef-86af-292be3190b7b",NA,NA,1975,"2/22/1976","34f12cd5-3960-11ef-87a1-2906cc9fb6bc","away","THW Kiel","TuS 05 Wellinghofen",11,17,FALSE,0,NA,NA,0,0,0,NA,0,0,0,0,0,0,NA,NA,NA,NA,NA,NA,NA,NA,0,0,0,0,NA,NA,NA,NA,NA
"Klaus Elwardt","80deefd9-3955-11ef-b31a-b908c60af10a",NA,NA,1975,"2/22/1976","34f12cd5-3960-11ef-87a1-2906cc9fb6bc","away","THW Kiel","TuS 05 Wellinghofen",11,17,FALSE,0,NA,NA,0,0,0,NA,0,0,0,0,0,0,NA,NA,NA,NA,NA,NA,NA,NA,0,0,0,0,NA,NA,NA,NA,NA
"Ulrich Knop","965200f1-3955-11ef-b253-292be3190b7b",NA,NA,1975,"2/22/1976","34f12cd5-3960-11ef-87a1-2906cc9fb6bc","away","THW Kiel","TuS 05 Wellinghofen",11,17,FALSE,0,NA,NA,0,0,0,NA,0,0,0,0,0,0,NA,NA,NA,NA,NA,NA,NA,NA,0,0,0,0,NA,NA,NA,NA,NA
"Roland Hänsch","981d8549-3955-11ef-a2ca-292be3190b7b",NA,NA,1975,"2/22/1976","34f12cd5-3960-11ef-87a1-2906cc9fb6bc","away","THW Kiel","TuS 05 Wellinghofen",11,17,FALSE,1,NA,NA,0,0,0,NA,0,0,0,0,0,0,NA,NA,NA,NA,NA,NA,NA,NA,0,0,0,0,NA,NA,NA,NA,NA
"Gerd Welz","98273a90-3955-11ef-a3a2-292be3190b7b",NA,NA,1975,"2/22/1976","34f12cd5-3960-11ef-87a1-2906cc9fb6bc","away","THW Kiel","TuS 05 Wellinghofen",11,17,FALSE,2,NA,NA,0,0,1,NA,0,0,0,0,0,0,NA,NA,NA,NA,NA,NA,NA,NA,0,0,0,0,NA,NA,NA,NA,NA
"Volker Harbs","9995a6f3-3955-11ef-b74f-292be3190b7b",NA,NA,1975,"2/22/1976","34f12cd5-3960-11ef-87a1-2906cc9fb6bc","away","THW Kiel","TuS 05 Wellinghofen",11,17,FALSE,2,NA,NA,0,0,0,NA,0,0,0,0,0,0,NA,NA,NA,NA,NA,NA,NA,NA,0,0,0,0,NA,NA,NA,NA,NA
"Dieter Krause","99996b47-3955-11ef-a9c9-292be3190b7b",NA,NA,1975,"2/22/1976","34f12cd5-3960-11ef-87a1-2906cc9fb6bc","away","THW Kiel","TuS 05 Wellinghofen",11,17,FALSE,0,NA,NA,0,0,0,NA,0,0,0,0,0,0,NA,NA,NA,NA,NA,NA,NA,NA,0,0,0,0,NA,NA,NA,NA,NA
"Holger Aissen","a3fb7482-3955-11ef-858d-2510cc07ea6e",NA,NA,1975,"2/22/1976","34f12cd5-3960-11ef-87a1-2906cc9fb6bc","away","THW Kiel","TuS 05 Wellinghofen",11,17,FALSE,0,NA,NA,0,0,0,NA,0,0,0,0,0,0,NA,NA,NA,NA,NA,NA,NA,NA,0,0,0,0,NA,NA,NA,NA,NA
"Ingo Voß","ae396fa6-3955-11ef-acb0-a36230ada079",NA,NA,1975,"2/22/1976","34f12cd5-3960-11ef-87a1-2906cc9fb6bc","away","THW Kiel","TuS 05 Wellinghofen",11,17,FALSE,0,NA,NA,0,0,0,NA,0,0,0,0,0,0,NA,NA,NA,NA,NA,NA,NA,NA,0,0,0,0,NA,NA,NA,NA,NA
"Frank Requate","ae434759-3955-11ef-8758-a36230ada079",NA,NA,1975,"2/22/1976","34f12cd5-3960-11ef-87a1-2906cc9fb6bc","away","THW Kiel","TuS 05 Wellinghofen",11,17,FALSE,0,NA,NA,0,0,0,NA,0,0,0,0,0,0,NA,NA,NA,NA,NA,NA,NA,NA,0,0,0,0,NA,NA,NA,NA,NA
"Bernd Nielsen","b1480d2c-3955-11ef-8563-a36230ada079",NA,NA,1975,"2/22/1976","34f12cd5-3960-11ef-87a1-2906cc9fb6bc","away","THW Kiel","TuS 05 Wellinghofen",11,17,FALSE,6,NA,NA,0,0,0,NA,0,0,0,0,0,0,NA,NA,NA,NA,NA,NA,NA,NA,0,0,0,0,NA,NA,NA,NA,NA
"Hartwig Moll","b14ce7d8-3955-11ef-8cb5-a36230ada079",NA,NA,1975,"2/22/1976","34f12cd5-3960-11ef-87a1-2906cc9fb6bc","away","THW Kiel","TuS 05 Wellinghofen",11,17,FALSE,0,NA,NA,0,0,0,NA,0,0,0,0,0,0,NA,NA,NA,NA,NA,NA,NA,NA,0,0,0,0,NA,NA,NA,NA,NA
"Esad Kurtagić","39c727cf-3955-11ef-82fa-bfbfc9e17c09",NA,NA,1975,"2/28/1976","336967e6-3960-11ef-9eb0-2906cc9fb6bc","home","TuS Derschlag 1881","Hamburger SV",18,17,TRUE,1,NA,NA,0,0,0,NA,0,0,0,0,0,0,NA,NA,NA,NA,NA,NA,NA,NA,0,0,0,0,NA,NA,NA,NA,NA
"Spasoje Skerčević","50b681d8-3955-11ef-b6e8-6d38c0425bc0",NA,NA,1975,"2/28/1976","336967e6-3960-11ef-9eb0-2906cc9fb6bc","home","TuS Derschlag 1881","Hamburger SV",18,17,TRUE,2,NA,NA,0,0,0,NA,0,0,0,0,0,0,NA,NA,NA,NA,NA,NA,NA,NA,0,0,0,0,NA,NA,NA,NA,NA
"Klaus Brand","51394441-3955-11ef-8fab-6d38c0425bc0",NA,NA,1975,"2/28/1976","336967e6-3960-11ef-9eb0-2906cc9fb6bc","home","TuS Derschlag 1881","Hamburger SV",18,17,TRUE,0,NA,NA,0,0,0,NA,0,0,0,0,0,0,NA,NA,NA,NA,NA,NA,NA,NA,0,0,0,0,NA,NA,NA,NA,NA
"Ullrich Pohl","8c524587-3955-11ef-96af-81dc40648355",NA,NA,1975,"2/28/1976","336967e6-3960-11ef-9eb0-2906cc9fb6bc","home","TuS Derschlag 1881","Hamburger SV",18,17,TRUE,0,NA,NA,0,0,0,NA,0,0,0,0,0,0,NA,NA,NA,NA,NA,NA,NA,NA,0,0,0,0,NA,NA,NA,NA,NA
"Đorđe Lavrnić","9674e86d-3955-11ef-8ae9-292be3190b7b",NA,NA,1975,"2/28/1976","336967e6-3960-11ef-9eb0-2906cc9fb6bc","home","TuS Derschlag 1881","Hamburger SV",18,17,TRUE,5,NA,NA,0,0,0,NA,0,0,0,0,0,0,NA,NA,NA,NA,NA,NA,NA,NA,0,0,0,0,NA,NA,NA,NA,NA
"Peter Lindeskoog","a2a66799-3955-11ef-bd00-2510cc07ea6e",NA,NA,1975,"2/28/1976","336967e6-3960-11ef-9eb0-2906cc9fb6bc","home","TuS Derschlag 1881","Hamburger SV",18,17,TRUE,0,NA,NA,0,0,0,NA,0,0,0,0,0,0,NA,NA,NA,NA,NA,NA,NA,NA,0,0,0,0,NA,NA,NA,NA,NA
"Ulrich Ufer","a2c8cfa8-3955-11ef-8510-2510cc07ea6e",NA,NA,1975,"2/28/1976","336967e6-3960-11ef-9eb0-2906cc9fb6bc","home","TuS Derschlag 1881","Hamburger SV",18,17,TRUE,8,NA,NA,0,0,0,NA,0,0,0,0,0,0,NA,NA,NA,NA,NA,NA,NA,NA,0,0,0,0,NA,NA,NA,NA,NA
"Harald Ohrendorf","ae2b1f58-3955-11ef-baab-a36230ada079",NA,NA,1975,"2/28/1976","336967e6-3960-11ef-9eb0-2906cc9fb6bc","home","TuS Derschlag 1881","Hamburger SV",18,17,TRUE,1,NA,NA,0,0,0,NA,0,0,0,0,0,0,NA,NA,NA,NA,NA,NA,NA,NA,0,0,0,0,NA,NA,NA,NA,NA
"Helmut Keller","ae2fb2ba-3955-11ef-b38f-a36230ada079",NA,NA,1975,"2/28/1976","336967e6-3960-11ef-9eb0-2906cc9fb6bc","home","TuS Derschlag 1881","Hamburger SV",18,17,TRUE,1,NA,NA,0,0,0,NA,0,0,0,0,0,0,NA,NA,NA,NA,NA,NA,NA,NA,0,0,0,0,NA,NA,NA,NA,NA
"Peter Pickel","8c973b42-3955-11ef-8c71-81dc40648355",NA,NA,1975,"2/28/1976","336967e6-3960-11ef-9eb0-2906cc9fb6bc","away","Hamburger SV","TuS Derschlag 1881",17,18,FALSE,4,NA,NA,0,0,2,NA,0,0,0,0,0,0,NA,NA,NA,NA,NA,NA,NA,NA,0,0,0,0,NA,NA,NA,NA,NA
"Richard Boczkowski","a1b43836-3955-11ef-934f-2510cc07ea6e",NA,NA,1975,"2/28/1976","336967e6-3960-11ef-9eb0-2906cc9fb6bc","away","Hamburger SV","TuS Derschlag 1881",17,18,FALSE,0,NA,NA,0,0,0,NA,0,0,0,0,0,0,NA,NA,NA,NA,NA,NA,NA,NA,0,0,0,0,NA,NA,NA,NA,NA
"Einar Magnusson","a3805088-3955-11ef-bfa9-2510cc07ea6e",NA,NA,1975,"2/28/1976","336967e6-3960-11ef-9eb0-2906cc9fb6bc","away","Hamburger SV","TuS Derschlag 1881",17,18,FALSE,6,NA,NA,0,0,0,NA,0,0,0,0,0,0,NA,NA,NA,NA,NA,NA,NA,NA,0,0,0,0,NA,NA,NA,NA,NA
"Holger Nitschke","b01a8950-3955-11ef-a243-a36230ada079",NA,NA,1975,"2/28/1976","336967e6-3960-11ef-9eb0-2906cc9fb6bc","away","Hamburger SV","TuS Derschlag 1881",17,18,FALSE,2,NA,NA,0,0,0,NA,0,0,0,0,0,0,NA,NA,NA,NA,NA,NA,NA,NA,0,0,0,0,NA,NA,NA,NA,NA
"Ralph Mathies","b023b170-3955-11ef-87a6-a36230ada079",NA,NA,1975,"2/28/1976","336967e6-3960-11ef-9eb0-2906cc9fb6bc","away","Hamburger SV","TuS Derschlag 1881",17,18,FALSE,1,NA,NA,0,0,0,NA,0,0,0,0,0,0,NA,NA,NA,NA,NA,NA,NA,NA,0,0,0,0,NA,NA,NA,NA,NA
"Jens Ivers","b02f4aea-3955-11ef-801e-a36230ada079",NA,NA,1975,"2/28/1976","336967e6-3960-11ef-9eb0-2906cc9fb6bc","away","Hamburger SV","TuS Derschlag 1881",17,18,FALSE,0,NA,NA,0,0,0,NA,0,0,0,0,0,0,NA,NA,NA,NA,NA,NA,NA,NA,0,0,0,0,NA,NA,NA,NA,NA
"Klaus Porepp","b0396b18-3955-11ef-b5cf-a36230ada079",NA,NA,1975,"2/28/1976","336967e6-3960-11ef-9eb0-2906cc9fb6bc","away","Hamburger SV","TuS Derschlag 1881",17,18,FALSE,0,NA,NA,0,0,0,NA,0,0,0,0,0,0,NA,NA,NA,NA,NA,NA,NA,NA,0,0,0,0,NA,NA,NA,NA,NA
"Norbert Germer","b03f8101-3955-11ef-8945-a36230ada079",NA,NA,1975,"2/28/1976","336967e6-3960-11ef-9eb0-2906cc9fb6bc","away","Hamburger SV","TuS Derschlag 1881",17,18,FALSE,4,NA,NA,0,0,0,NA,0,0,0,0,0,0,NA,NA,NA,NA,NA,NA,NA,NA,0,0,0,0,NA,NA,NA,NA,NA
"Bernd Eppler","b0442222-3955-11ef-841b-a36230ada079",NA,NA,1975,"2/28/1976","336967e6-3960-11ef-9eb0-2906cc9fb6bc","away","Hamburger SV","TuS Derschlag 1881",17,18,FALSE,0,NA,NA,0,0,0,NA,0,0,0,0,0,0,NA,NA,NA,NA,NA,NA,NA,NA,0,0,0,0,NA,NA,NA,NA,NA
"Uwe Tesloff","b049ae56-3955-11ef-a5f7-a36230ada079",NA,NA,1975,"2/28/1976","336967e6-3960-11ef-9eb0-2906cc9fb6bc","away","Hamburger SV","TuS Derschlag 1881",17,18,FALSE,0,NA,NA,0,0,0,NA,0,0,0,0,0,0,NA,NA,NA,NA,NA,NA,NA,NA,0,0,0,0,NA,NA,NA,NA,NA
"Hermann Fritz","a4231bd1-3955-11ef-8299-2510cc07ea6e",NA,NA,1975,"2/28/1976","411192a7-3960-11ef-8ab3-2906cc9fb6bc","home","TV 1893 Neuhausen","Füchse Berlin",16,6,TRUE,0,NA,NA,0,0,0,NA,0,0,0,0,0,0,NA,NA,NA,NA,NA,NA,NA,NA,0,0,0,0,NA,NA,NA,NA,NA
"Klaus Stoll","a42e01cc-3955-11ef-b661-2510cc07ea6e",NA,NA,1975,"2/28/1976","411192a7-3960-11ef-8ab3-2906cc9fb6bc","home","TV 1893 Neuhausen","Füchse Berlin",16,6,TRUE,0,NA,NA,0,0,0,NA,0,0,0,0,0,0,NA,NA,NA,NA,NA,NA,NA,NA,0,0,0,0,NA,NA,NA,NA,NA
"Robert Kemmler","a438d7c7-3955-11ef-8ff6-2510cc07ea6e",NA,NA,1975,"2/28/1976","411192a7-3960-11ef-8ab3-2906cc9fb6bc","home","TV 1893 Neuhausen","Füchse Berlin",16,6,TRUE,6,NA,NA,0,0,1,NA,0,0,0,0,0,0,NA,NA,NA,NA,NA,NA,NA,NA,0,0,0,0,NA,NA,NA,NA,NA
"Manfred Klugger","a43e35c7-3955-11ef-b0dc-2510cc07ea6e",NA,NA,1975,"2/28/1976","411192a7-3960-11ef-8ab3-2906cc9fb6bc","home","TV 1893 Neuhausen","Füchse Berlin",16,6,TRUE,2,NA,NA,0,0,0,NA,0,0,0,0,0,0,NA,NA,NA,NA,NA,NA,NA,NA,0,0,0,0,NA,NA,NA,NA,NA
"Hermann Mäurle","a44f95e3-3955-11ef-b53d-2510cc07ea6e",NA,NA,1975,"2/28/1976","411192a7-3960-11ef-8ab3-2906cc9fb6bc","home","TV 1893 Neuhausen","Füchse Berlin",16,6,TRUE,0,NA,NA,0,0,0,NA,0,0,0,0,0,0,NA,NA,NA,NA,NA,NA,NA,NA,0,0,0,0,NA,NA,NA,NA,NA
"Rolf Miller","a4552808-3955-11ef-ac39-2510cc07ea6e",NA,NA,1975,"2/28/1976","411192a7-3960-11ef-8ab3-2906cc9fb6bc","home","TV 1893 Neuhausen","Füchse Berlin",16,6,TRUE,3,NA,NA,0,0,1,NA,0,0,0,0,0,0,NA,NA,NA,NA,NA,NA,NA,NA,0,0,0,0,NA,NA,NA,NA,NA
"Manfred Reusch","a45a1b11-3955-11ef-8135-2510cc07ea6e",NA,NA,1975,"2/28/1976","411192a7-3960-11ef-8ab3-2906cc9fb6bc","home","TV 1893 Neuhausen","Füchse Berlin",16,6,TRUE,4,NA,NA,0,0,0,NA,0,0,0,0,0,0,NA,NA,NA,NA,NA,NA,NA,NA,0,0,0,0,NA,NA,NA,NA,NA
"Eugen Schmid","a460a6b1-3955-11ef-966d-2510cc07ea6e",NA,NA,1975,"2/28/1976","411192a7-3960-11ef-8ab3-2906cc9fb6bc","home","TV 1893 Neuhausen","Füchse Berlin",16,6,TRUE,1,NA,NA,0,0,0,NA,0,0,0,0,0,0,NA,NA,NA,NA,NA,NA,NA,NA,0,0,0,0,NA,NA,NA,NA,NA
"Manfred Schmid","a468025d-3955-11ef-ae56-2510cc07ea6e",NA,NA,1975,"2/28/1976","411192a7-3960-11ef-8ab3-2906cc9fb6bc","home","TV 1893 Neuhausen","Füchse Berlin",16,6,TRUE,0,NA,NA,0,0,0,NA,0,0,0,0,0,0,NA,NA,NA,NA,NA,NA,NA,NA,0,0,0,0,NA,NA,NA,NA,NA
"Johann Högl","b2211f04-3955-11ef-a5bd-a36230ada079",NA,NA,1975,"2/28/1976","411192a7-3960-11ef-8ab3-2906cc9fb6bc","home","TV 1893 Neuhausen","Füchse Berlin",16,6,TRUE,0,NA,NA,0,0,0,NA,0,0,0,0,0,0,NA,NA,NA,NA,NA,NA,NA,NA,0,0,0,0,NA,NA,NA,NA,NA
"Harald Streicher","b2329757-3955-11ef-8e1c-a36230ada079",NA,NA,1975,"2/28/1976","411192a7-3960-11ef-8ab3-2906cc9fb6bc","home","TV 1893 Neuhausen","Füchse Berlin",16,6,TRUE,0,NA,NA,0,0,0,NA,0,0,0,0,0,0,NA,NA,NA,NA,NA,NA,NA,NA,0,0,0,0,NA,NA,NA,NA,NA
"Bernd Seehase","7f0c7bc5-3955-11ef-8b93-b908c60af10a",NA,NA,1975,"2/28/1976","411192a7-3960-11ef-8ab3-2906cc9fb6bc","away","Füchse Berlin","TV 1893 Neuhausen",6,16,FALSE,1,NA,NA,0,0,0,NA,0,0,0,0,0,0,NA,NA,NA,NA,NA,NA,NA,NA,0,0,0,0,NA,NA,NA,NA,NA
"Thomas Drust","7f41dffa-3955-11ef-8757-b908c60af10a",NA,NA,1975,"2/28/1976","411192a7-3960-11ef-8ab3-2906cc9fb6bc","away","Füchse Berlin","TV 1893 Neuhausen",6,16,FALSE,0,NA,NA,0,0,0,NA,0,0,0,0,0,0,NA,NA,NA,NA,NA,NA,NA,NA,0,0,0,0,NA,NA,NA,NA,NA
"Andreas Pieper","8b17f063-3955-11ef-8f1b-81dc40648355",NA,NA,1975,"2/28/1976","411192a7-3960-11ef-8ab3-2906cc9fb6bc","away","Füchse Berlin","TV 1893 Neuhausen",6,16,FALSE,0,NA,NA,0,0,0,NA,0,0,0,0,0,0,NA,NA,NA,NA,NA,NA,NA,NA,0,0,0,0,NA,NA,NA,NA,NA
"Horst Rampp","8c760463-3955-11ef-b11d-81dc40648355",NA,NA,1975,"2/28/1976","411192a7-3960-11ef-8ab3-2906cc9fb6bc","away","Füchse Berlin","TV 1893 Neuhausen",6,16,FALSE,0,NA,NA,0,0,0,NA,0,0,0,0,0,0,NA,NA,NA,NA,NA,NA,NA,NA,0,0,0,0,NA,NA,NA,NA,NA
"Hartmut Alsen","a5dc4676-3955-11ef-ac19-2510cc07ea6e",NA,NA,1975,"2/28/1976","411192a7-3960-11ef-8ab3-2906cc9fb6bc","away","Füchse Berlin","TV 1893 Neuhausen",6,16,FALSE,0,NA,NA,0,0,0,NA,0,0,0,0,0,0,NA,NA,NA,NA,NA,NA,NA,NA,0,0,0,0,NA,NA,NA,NA,NA
"Bernd Dibbert","a5e7e77c-3955-11ef-a806-2510cc07ea6e",NA,NA,1975,"2/28/1976","411192a7-3960-11ef-8ab3-2906cc9fb6bc","away","Füchse Berlin","TV 1893 Neuhausen",6,16,FALSE,1,NA,NA,0,0,0,NA,0,0,0,0,0,0,NA,NA,NA,NA,NA,NA,NA,NA,0,0,0,0,NA,NA,NA,NA,NA
"Manfred Klein","a5ed5981-3955-11ef-aef8-2510cc07ea6e",NA,NA,1975,"2/28/1976","411192a7-3960-11ef-8ab3-2906cc9fb6bc","away","Füchse Berlin","TV 1893 Neuhausen",6,16,FALSE,0,NA,NA,0,0,0,NA,0,0,0,0,0,0,NA,NA,NA,NA,NA,NA,NA,NA,0,0,0,0,NA,NA,NA,NA,NA
"Reinhard Lembcke","a5f9e01f-3955-11ef-a753-2510cc07ea6e",NA,NA,1975,"2/28/1976","411192a7-3960-11ef-8ab3-2906cc9fb6bc","away","Füchse Berlin","TV 1893 Neuhausen",6,16,FALSE,3,NA,NA,0,0,0,NA,0,0,0,0,0,0,NA,NA,NA,NA,NA,NA,NA,NA,0,0,0,0,NA,NA,NA,NA,NA
"Dietmar Apitz","a606c2e6-3955-11ef-ae9a-2510cc07ea6e",NA,NA,1975,"2/28/1976","411192a7-3960-11ef-8ab3-2906cc9fb6bc","away","Füchse Berlin","TV 1893 Neuhausen",6,16,FALSE,0,NA,NA,0,0,0,NA,0,0,0,0,0,0,NA,NA,NA,NA,NA,NA,NA,NA,0,0,0,0,NA,NA,NA,NA,NA
"Bernd Goerigk","b1b21b0c-3955-11ef-a303-a36230ada079",NA,NA,1975,"2/28/1976","411192a7-3960-11ef-8ab3-2906cc9fb6bc","away","Füchse Berlin","TV 1893 Neuhausen",6,16,FALSE,1,NA,NA,0,0,0,NA,0,0,0,0,0,0,NA,NA,NA,NA,NA,NA,NA,NA,0,0,0,0,NA,NA,NA,NA,NA
"Willibald Weiß","74414175-3955-11ef-89d0-51fdf2a82730",NA,NA,1975,"3/9/1976","3f5fe530-3960-11ef-a9e0-2906cc9fb6bc","home","TSV Milbertshofen","S3L Handball",15,11,TRUE,4,NA,NA,0,0,0,NA,0,0,0,0,0,0,NA,NA,NA,NA,NA,NA,NA,NA,0,0,0,0,NA,NA,NA,NA,NA
"Richard Mayr","751d6672-3955-11ef-a322-51fdf2a82730",NA,NA,1975,"3/9/1976","3f5fe530-3960-11ef-a9e0-2906cc9fb6bc","home","TSV Milbertshofen","S3L Handball",15,11,TRUE,0,NA,NA,0,0,0,NA,0,0,0,0,0,0,NA,NA,NA,NA,NA,NA,NA,NA,0,0,0,0,NA,NA,NA,NA,NA
"Jochen Frank","7ee9b472-3955-11ef-ab0f-b908c60af10a",NA,NA,1975,"3/9/1976","3f5fe530-3960-11ef-a9e0-2906cc9fb6bc","home","TSV Milbertshofen","S3L Handball",15,11,TRUE,1,NA,NA,0,0,0,NA,0,0,0,0,0,0,NA,NA,NA,NA,NA,NA,NA,NA,0,0,0,0,NA,NA,NA,NA,NA
"Rainer Olbert","80d00b6a-3955-11ef-ab11-b908c60af10a",NA,NA,1975,"3/9/1976","3f5fe530-3960-11ef-a9e0-2906cc9fb6bc","home","TSV Milbertshofen","S3L Handball",15,11,TRUE,0,NA,NA,0,0,0,NA,0,0,0,0,0,0,NA,NA,NA,NA,NA,NA,NA,NA,0,0,0,0,NA,NA,NA,NA,NA
"Udo Böbel","80d4ba37-3955-11ef-9d8b-b908c60af10a",NA,NA,1975,"3/9/1976","3f5fe530-3960-11ef-a9e0-2906cc9fb6bc","home","TSV Milbertshofen","S3L Handball",15,11,TRUE,7,NA,NA,0,0,2,NA,0,0,0,0,0,0,NA,NA,NA,NA,NA,NA,NA,NA,0,0,0,0,NA,NA,NA,NA,NA
"Peter Jaschke","8b728782-3955-11ef-8da6-81dc40648355",NA,NA,1975,"3/9/1976","3f5fe530-3960-11ef-a9e0-2906cc9fb6bc","home","TSV Milbertshofen","S3L Handball",15,11,TRUE,0,NA,NA,0,0,0,NA,0,0,0,0,0,0,NA,NA,NA,NA,NA,NA,NA,NA,0,0,0,0,NA,NA,NA,NA,NA
"Lothar Weingärtner","8dbf003c-3955-11ef-879b-81dc40648355",NA,NA,1975,"3/9/1976","3f5fe530-3960-11ef-a9e0-2906cc9fb6bc","home","TSV Milbertshofen","S3L Handball",15,11,TRUE,0,NA,NA,0,0,0,NA,0,0,0,0,0,0,NA,NA,NA,NA,NA,NA,NA,NA,0,0,0,0,NA,NA,NA,NA,NA
"Werner Winkelmeier","9712104e-3955-11ef-9613-292be3190b7b",NA,NA,1975,"3/9/1976","3f5fe530-3960-11ef-a9e0-2906cc9fb6bc","home","TSV Milbertshofen","S3L Handball",15,11,TRUE,2,NA,NA,0,0,0,NA,0,0,0,0,0,0,NA,NA,NA,NA,NA,NA,NA,NA,0,0,0,0,NA,NA,NA,NA,NA
"Rudolf Dobler","97ac407c-3955-11ef-9ea9-292be3190b7b",NA,NA,1975,"3/9/1976","3f5fe530-3960-11ef-a9e0-2906cc9fb6bc","home","TSV Milbertshofen","S3L Handball",15,11,TRUE,0,NA,NA,0,0,0,NA,0,0,0,0,0,0,NA,NA,NA,NA,NA,NA,NA,NA,0,0,0,0,NA,NA,NA,NA,NA
"Helmut Schelchshorn","b1c960ef-3955-11ef-850b-a36230ada079",NA,NA,1975,"3/9/1976","3f5fe530-3960-11ef-a9e0-2906cc9fb6bc","home","TSV Milbertshofen","S3L Handball",15,11,TRUE,1,NA,NA,0,0,0,NA,0,0,0,0,0,0,NA,NA,NA,NA,NA,NA,NA,NA,0,0,0,0,NA,NA,NA,NA,NA
"Udo Klenk","8deb261a-3955-11ef-90c3-81dc40648355",NA,NA,1975,"3/9/1976","3f5fe530-3960-11ef-a9e0-2906cc9fb6bc","away","S3L Handball","TSV Milbertshofen",11,15,FALSE,2,NA,NA,0,0,0,NA,0,0,0,0,0,0,NA,NA,NA,NA,NA,NA,NA,NA,0,0,0,0,NA,NA,NA,NA,NA
"Manfred Müller","ae54e819-3955-11ef-81e8-a36230ada079",NA,NA,1975,"3/9/1976","3f5fe530-3960-11ef-a9e0-2906cc9fb6bc","away","S3L Handball","TSV Milbertshofen",11,15,FALSE,0,NA,NA,0,0,0,NA,0,0,0,0,0,0,NA,NA,NA,NA,NA,NA,NA,NA,0,0,0,0,NA,NA,NA,NA,NA
"Georg Fitz","ae68320c-3955-11ef-89fa-a36230ada079",NA,NA,1975,"3/9/1976","3f5fe530-3960-11ef-a9e0-2906cc9fb6bc","away","S3L Handball","TSV Milbertshofen",11,15,FALSE,0,NA,NA,0,0,0,NA,0,0,0,0,0,0,NA,NA,NA,NA,NA,NA,NA,NA,0,0,0,0,NA,NA,NA,NA,NA
"Franz Rupp","ae6c7950-3955-11ef-87dd-a36230ada079",NA,NA,1975,"3/9/1976","3f5fe530-3960-11ef-a9e0-2906cc9fb6bc","away","S3L Handball","TSV Milbertshofen",11,15,FALSE,3,NA,NA,0,0,0,NA,0,0,0,0,0,0,NA,NA,NA,NA,NA,NA,NA,NA,0,0,0,0,NA,NA,NA,NA,NA
"Bernd Frühauf","ae71d80f-3955-11ef-a219-a36230ada079",NA,NA,1975,"3/9/1976","3f5fe530-3960-11ef-a9e0-2906cc9fb6bc","away","S3L Handball","TSV Milbertshofen",11,15,FALSE,2,NA,NA,0,0,0,NA,0,0,0,0,0,0,NA,NA,NA,NA,NA,NA,NA,NA,0,0,0,0,NA,NA,NA,NA,NA
"Wolfgang Sättele","ae76c01d-3955-11ef-bfb9-a36230ada079",NA,NA,1975,"3/9/1976","3f5fe530-3960-11ef-a9e0-2906cc9fb6bc","away","S3L Handball","TSV Milbertshofen",11,15,FALSE,0,NA,NA,0,0,0,NA,0,0,0,0,0,0,NA,NA,NA,NA,NA,NA,NA,NA,0,0,0,0,NA,NA,NA,NA,NA
"Joachim Hafemeister","ae7b4523-3955-11ef-b064-a36230ada079",NA,NA,1975,"3/9/1976","3f5fe530-3960-11ef-a9e0-2906cc9fb6bc","away","S3L Handball","TSV Milbertshofen",11,15,FALSE,0,NA,NA,0,0,0,NA,0,0,0,0,0,0,NA,NA,NA,NA,NA,NA,NA,NA,0,0,0,0,NA,NA,NA,NA,NA
"Jürgen Hahn","ae947745-3955-11ef-bc54-a36230ada079",NA,NA,1975,"3/9/1976","3f5fe530-3960-11ef-a9e0-2906cc9fb6bc","away","S3L Handball","TSV Milbertshofen",11,15,FALSE,1,NA,NA,0,0,0,NA,0,0,0,0,0,0,NA,NA,NA,NA,NA,NA,NA,NA,0,0,0,0,NA,NA,NA,NA,NA
"Rolf Kuchenbecker","ae99100e-3955-11ef-9c32-a36230ada079",NA,NA,1975,"3/9/1976","3f5fe530-3960-11ef-a9e0-2906cc9fb6bc","away","S3L Handball","TSV Milbertshofen",11,15,FALSE,0,NA,NA,0,0,0,NA,0,0,0,0,0,0,NA,NA,NA,NA,NA,NA,NA,NA,0,0,0,0,NA,NA,NA,NA,NA
"Franz Götz","aea2eb0e-3955-11ef-b230-a36230ada079",NA,NA,1975,"3/9/1976","3f5fe530-3960-11ef-a9e0-2906cc9fb6bc","away","S3L Handball","TSV Milbertshofen",11,15,FALSE,3,NA,NA,0,0,0,NA,0,0,0,0,0,0,NA,NA,NA,NA,NA,NA,NA,NA,0,0,0,0,NA,NA,NA,NA,NA
"Hansjörg Jäck","b166bd31-3955-11ef-bed1-a36230ada079",NA,NA,1975,"3/9/1976","3f5fe530-3960-11ef-a9e0-2906cc9fb6bc","away","S3L Handball","TSV Milbertshofen",11,15,FALSE,0,NA,NA,0,0,0,NA,0,0,0,0,0,0,NA,NA,NA,NA,NA,NA,NA,NA,0,0,0,0,NA,NA,NA,NA,NA
"Wolfgang Haller","b1738c62-3955-11ef-a0aa-a36230ada079",NA,NA,1975,"3/9/1976","3f5fe530-3960-11ef-a9e0-2906cc9fb6bc","away","S3L Handball","TSV Milbertshofen",11,15,FALSE,0,NA,NA,0,0,0,NA,0,0,0,0,0,0,NA,NA,NA,NA,NA,NA,NA,NA,0,0,0,0,NA,NA,NA,NA,NA
"Arno Ehret","39c2c361-3955-11ef-8c9d-bfbfc9e17c09",NA,NA,1975,"3/10/1976","43251f7b-3960-11ef-939f-2906cc9fb6bc","home","TuS Hofweier","FRISCH AUF! Göppingen",16,14,TRUE,2,NA,NA,0,0,0,NA,0,0,0,0,0,0,NA,NA,NA,NA,NA,NA,NA,NA,0,0,0,0,NA,NA,NA,NA,NA
"Gerd Leibiger","7ed15d40-3955-11ef-a28c-b908c60af10a",NA,NA,1975,"3/10/1976","43251f7b-3960-11ef-939f-2906cc9fb6bc","home","TuS Hofweier","FRISCH AUF! Göppingen",16,14,TRUE,1,NA,NA,0,0,0,NA,0,0,0,0,0,0,NA,NA,NA,NA,NA,NA,NA,NA,0,0,0,0,NA,NA,NA,NA,NA
"Peter Bucher","8e0071c9-3955-11ef-8ff8-81dc40648355",NA,NA,1975,"3/10/1976","43251f7b-3960-11ef-939f-2906cc9fb6bc","home","TuS Hofweier","FRISCH AUF! Göppingen",16,14,TRUE,3,NA,NA,0,0,1,NA,0,0,0,0,0,0,NA,NA,NA,NA,NA,NA,NA,NA,0,0,0,0,NA,NA,NA,NA,NA
"Josef Schienle","8e1c1721-3955-11ef-9a54-81dc40648355",NA,NA,1975,"3/10/1976","43251f7b-3960-11ef-939f-2906cc9fb6bc","home","TuS Hofweier","FRISCH AUF! Göppingen",16,14,TRUE,0,NA,NA,0,0,0,NA,0,0,0,0,0,0,NA,NA,NA,NA,NA,NA,NA,NA,0,0,0,0,NA,NA,NA,NA,NA
"Franz Bechler","98035d7e-3955-11ef-8b94-292be3190b7b",NA,NA,1975,"3/10/1976","43251f7b-3960-11ef-939f-2906cc9fb6bc","home","TuS Hofweier","FRISCH AUF! Göppingen",16,14,TRUE,1,NA,NA,0,0,0,NA,0,0,0,0,0,0,NA,NA,NA,NA,NA,NA,NA,NA,0,0,0,0,NA,NA,NA,NA,NA
"Werner Voit","a3b992ef-3955-11ef-84c8-2510cc07ea6e",NA,NA,1975,"3/10/1976","43251f7b-3960-11ef-939f-2906cc9fb6bc","home","TuS Hofweier","FRISCH AUF! Göppingen",16,14,TRUE,1,NA,NA,0,0,0,NA,0,0,0,0,0,0,NA,NA,NA,NA,NA,NA,NA,NA,0,0,0,0,NA,NA,NA,NA,NA
"Werner Decker","afcae313-3955-11ef-a9cf-a36230ada079",NA,NA,1975,"3/10/1976","43251f7b-3960-11ef-939f-2906cc9fb6bc","home","TuS Hofweier","FRISCH AUF! Göppingen",16,14,TRUE,0,NA,NA,0,0,0,NA,0,0,0,0,0,0,NA,NA,NA,NA,NA,NA,NA,NA,0,0,0,0,NA,NA,NA,NA,NA
"Wolfgang Bruck","afd5808d-3955-11ef-a3c4-a36230ada079",NA,NA,1975,"3/10/1976","43251f7b-3960-11ef-939f-2906cc9fb6bc","home","TuS Hofweier","FRISCH AUF! Göppingen",16,14,TRUE,0,NA,NA,0,0,0,NA,0,0,0,0,0,0,NA,NA,NA,NA,NA,NA,NA,NA,0,0,0,0,NA,NA,NA,NA,NA
"Markus Hädrich","ba389acc-3955-11ef-8b9d-ab397f561917",NA,NA,1975,"3/10/1976","43251f7b-3960-11ef-939f-2906cc9fb6bc","home","TuS Hofweier","FRISCH AUF! Göppingen",16,14,TRUE,0,NA,NA,0,0,0,NA,0,0,0,0,0,0,NA,NA,NA,NA,NA,NA,NA,NA,0,0,0,0,NA,NA,NA,NA,NA
"Arnulf Dümmel","81093055-3955-11ef-9deb-b908c60af10a",NA,NA,1975,"3/10/1976","43251f7b-3960-11ef-939f-2906cc9fb6bc","away","FRISCH AUF! Göppingen","TuS Hofweier",14,16,FALSE,1,NA,NA,0,0,0,NA,0,0,0,0,0,0,NA,NA,NA,NA,NA,NA,NA,NA,0,0,0,0,NA,NA,NA,NA,NA
"Armin Emrich","8cdd3680-3955-11ef-a93e-81dc40648355",NA,NA,1975,"3/10/1976","43251f7b-3960-11ef-939f-2906cc9fb6bc","away","FRISCH AUF! Göppingen","TuS Hofweier",14,16,FALSE,3,NA,NA,0,0,2,NA,0,0,0,0,0,0,NA,NA,NA,NA,NA,NA,NA,NA,0,0,0,0,NA,NA,NA,NA,NA
"Hartmut Bressmer","97fa9b74-3955-11ef-ba4c-292be3190b7b",NA,NA,1975,"3/10/1976","43251f7b-3960-11ef-939f-2906cc9fb6bc","away","FRISCH AUF! Göppingen","TuS Hofweier",14,16,FALSE,4,NA,NA,0,0,0,NA,0,0,0,0,0,0,NA,NA,NA,NA,NA,NA,NA,NA,0,0,0,0,NA,NA,NA,NA,NA
"Gunnar Einarsson","98473f03-3955-11ef-b6da-292be3190b7b",NA,NA,1975,"3/10/1976","43251f7b-3960-11ef-939f-2906cc9fb6bc","away","FRISCH AUF! Göppingen","TuS Hofweier",14,16,FALSE,5,NA,NA,0,0,0,NA,0,0,0,0,0,0,NA,NA,NA,NA,NA,NA,NA,NA,0,0,0,0,NA,NA,NA,NA,NA
"Klaus Weissinger","994cfaa0-3955-11ef-9141-292be3190b7b",NA,NA,1975,"3/10/1976","43251f7b-3960-11ef-939f-2906cc9fb6bc","away","FRISCH AUF! Göppingen","TuS Hofweier",14,16,FALSE,0,NA,NA,0,0,0,NA,0,0,0,0,0,0,NA,NA,NA,NA,NA,NA,NA,NA,0,0,0,0,NA,NA,NA,NA,NA
"Wolfgang Don","a2ff75a5-3955-11ef-a510-2510cc07ea6e",NA,NA,1975,"3/10/1976","43251f7b-3960-11ef-939f-2906cc9fb6bc","away","FRISCH AUF! Göppingen","TuS Hofweier",14,16,FALSE,0,NA,NA,0,0,0,NA,0,0,0,0,0,0,NA,NA,NA,NA,NA,NA,NA,NA,0,0,0,0,NA,NA,NA,NA,NA
"Horst Singer","a30fd118-3955-11ef-9745-2510cc07ea6e",NA,NA,1975,"3/10/1976","43251f7b-3960-11ef-939f-2906cc9fb6bc","away","FRISCH AUF! Göppingen","TuS Hofweier",14,16,FALSE,1,NA,NA,0,0,0,NA,0,0,0,0,0,0,NA,NA,NA,NA,NA,NA,NA,NA,0,0,0,0,NA,NA,NA,NA,NA
"Siegmund Seeger","af76d008-3955-11ef-b7c9-a36230ada079",NA,NA,1975,"3/10/1976","43251f7b-3960-11ef-939f-2906cc9fb6bc","away","FRISCH AUF! Göppingen","TuS Hofweier",14,16,FALSE,0,NA,NA,0,0,0,NA,0,0,0,0,0,0,NA,NA,NA,NA,NA,NA,NA,NA,0,0,0,0,NA,NA,NA,NA,NA
"Detlef Groß","b20edee3-3955-11ef-9e14-a36230ada079",NA,NA,1975,"3/10/1976","43251f7b-3960-11ef-939f-2906cc9fb6bc","away","FRISCH AUF! Göppingen","TuS Hofweier",14,16,FALSE,0,NA,NA,0,0,0,NA,0,0,0,0,0,0,NA,NA,NA,NA,NA,NA,NA,NA,0,0,0,0,NA,NA,NA,NA,NA
"Günter Schweikardt","d3e60b79-3953-11ef-9e8c-e3f2de03a1b7",NA,NA,1975,"3/10/1976","43251f7b-3960-11ef-939f-2906cc9fb6bc","away","FRISCH AUF! Göppingen","TuS Hofweier",14,16,FALSE,0,NA,NA,0,0,0,NA,0,0,0,0,0,0,NA,NA,NA,NA,NA,NA,NA,NA,0,0,0,0,NA,NA,NA,NA,NA
"Heiner Brand","44e82d45-3955-11ef-bc71-4fa817cd91bb",NA,NA,1975,"3/12/1976","31109bc4-3960-11ef-a74c-2906cc9fb6bc","home","VfL Gummersbach","TSV Altenholz",21,10,TRUE,3,NA,NA,0,0,0,NA,0,0,0,0,0,0,NA,NA,NA,NA,NA,NA,NA,NA,0,0,0,0,NA,NA,NA,NA,NA
"Thomas Krokowski","7160b90e-3955-11ef-819f-51fdf2a82730",NA,NA,1975,"3/12/1976","31109bc4-3960-11ef-a74c-2906cc9fb6bc","home","VfL Gummersbach","TSV Altenholz",21,10,TRUE,0,NA,NA,0,0,0,NA,0,0,0,0,0,0,NA,NA,NA,NA,NA,NA,NA,NA,0,0,0,0,NA,NA,NA,NA,NA
"Reiner Schumacher","8aac0482-3955-11ef-9f92-81dc40648355",NA,NA,1975,"3/12/1976","31109bc4-3960-11ef-a74c-2906cc9fb6bc","home","VfL Gummersbach","TSV Altenholz",21,10,TRUE,0,NA,NA,0,0,0,NA,0,0,0,0,0,0,NA,NA,NA,NA,NA,NA,NA,NA,0,0,0,0,NA,NA,NA,NA,NA
"Klaus Westebbe","8c58f63a-3955-11ef-b65e-81dc40648355",NA,NA,1975,"3/12/1976","31109bc4-3960-11ef-a74c-2906cc9fb6bc","home","VfL Gummersbach","TSV Altenholz",21,10,TRUE,4,NA,NA,0,0,0,NA,0,0,0,0,0,0,NA,NA,NA,NA,NA,NA,NA,NA,0,0,0,0,NA,NA,NA,NA,NA
"Klaus Kater","8da1f6ef-3955-11ef-b31a-81dc40648355",NA,NA,1975,"3/12/1976","31109bc4-3960-11ef-a74c-2906cc9fb6bc","home","VfL Gummersbach","TSV Altenholz",21,10,TRUE,0,NA,NA,0,0,0,NA,0,0,0,0,0,0,NA,NA,NA,NA,NA,NA,NA,NA,0,0,0,0,NA,NA,NA,NA,NA
"Joachim Deckarm","9976945f-3955-11ef-afc4-292be3190b7b",NA,NA,1975,"3/12/1976","31109bc4-3960-11ef-a74c-2906cc9fb6bc","home","VfL Gummersbach","TSV Altenholz",21,10,TRUE,1,NA,NA,0,0,0,NA,0,0,0,0,0,0,NA,NA,NA,NA,NA,NA,NA,NA,0,0,0,0,NA,NA,NA,NA,NA
"Jochen Feldhoff","a32751a5-3955-11ef-badf-2510cc07ea6e",NA,NA,1975,"3/12/1976","31109bc4-3960-11ef-a74c-2906cc9fb6bc","home","VfL Gummersbach","TSV Altenholz",21,10,TRUE,4,NA,NA,0,0,1,NA,0,0,0,0,0,0,NA,NA,NA,NA,NA,NA,NA,NA,0,0,0,0,NA,NA,NA,NA,NA
"Manfred Glodde","a32e0a86-3955-11ef-9caa-2510cc07ea6e",NA,NA,1975,"3/12/1976","31109bc4-3960-11ef-a74c-2906cc9fb6bc","home","VfL Gummersbach","TSV Altenholz",21,10,TRUE,1,NA,NA,0,0,0,NA,0,0,0,0,0,0,NA,NA,NA,NA,NA,NA,NA,NA,0,0,0,0,NA,NA,NA,NA,NA
"Joachim Henkels","a3386008-3955-11ef-810a-2510cc07ea6e",NA,NA,1975,"3/12/1976","31109bc4-3960-11ef-a74c-2906cc9fb6bc","home","VfL Gummersbach","TSV Altenholz",21,10,TRUE,2,NA,NA,0,0,0,NA,0,0,0,0,0,0,NA,NA,NA,NA,NA,NA,NA,NA,0,0,0,0,NA,NA,NA,NA,NA
"Karl-Heinz Nolde","a33d5c4a-3955-11ef-b577-2510cc07ea6e",NA,NA,1975,"3/12/1976","31109bc4-3960-11ef-a74c-2906cc9fb6bc","home","VfL Gummersbach","TSV Altenholz",21,10,TRUE,3,NA,NA,0,0,0,NA,0,0,0,0,0,0,NA,NA,NA,NA,NA,NA,NA,NA,0,0,0,0,NA,NA,NA,NA,NA
"Werner Lettgen","ae263c3c-3955-11ef-96f7-a36230ada079",NA,NA,1975,"3/12/1976","31109bc4-3960-11ef-a74c-2906cc9fb6bc","home","VfL Gummersbach","TSV Altenholz",21,10,TRUE,0,NA,NA,0,0,0,NA,0,0,0,0,0,0,NA,NA,NA,NA,NA,NA,NA,NA,0,0,0,0,NA,NA,NA,NA,NA
"Hans-Günther Schmidt","aff5702f-3955-11ef-9878-a36230ada079",NA,NA,1975,"3/12/1976","31109bc4-3960-11ef-a74c-2906cc9fb6bc","home","VfL Gummersbach","TSV Altenholz",21,10,TRUE,3,NA,NA,0,0,0,NA,0,0,0,0,0,0,NA,NA,NA,NA,NA,NA,NA,NA,0,0,0,0,NA,NA,NA,NA,NA
"Olaf Berner","a4006ca4-3955-11ef-a034-2510cc07ea6e",NA,NA,1975,"3/12/1976","31109bc4-3960-11ef-a74c-2906cc9fb6bc","away","TSV Altenholz","VfL Gummersbach",10,21,FALSE,2,NA,NA,0,0,1,NA,0,0,0,0,0,0,NA,NA,NA,NA,NA,NA,NA,NA,0,0,0,0,NA,NA,NA,NA,NA
"Peter Kurth","b06eb57c-3955-11ef-b9af-a36230ada079",NA,NA,1975,"3/12/1976","31109bc4-3960-11ef-a74c-2906cc9fb6bc","away","TSV Altenholz","VfL Gummersbach",10,21,FALSE,0,NA,NA,0,0,0,NA,0,0,0,0,0,0,NA,NA,NA,NA,NA,NA,NA,NA,0,0,0,0,NA,NA,NA,NA,NA
"Peter Prehn","b073ee0a-3955-11ef-8404-a36230ada079",NA,NA,1975,"3/12/1976","31109bc4-3960-11ef-a74c-2906cc9fb6bc","away","TSV Altenholz","VfL Gummersbach",10,21,FALSE,2,NA,NA,0,0,0,NA,0,0,0,0,0,0,NA,NA,NA,NA,NA,NA,NA,NA,0,0,0,0,NA,NA,NA,NA,NA
"Peter Werk","b0784d6e-3955-11ef-9a85-a36230ada079",NA,NA,1975,"3/12/1976","31109bc4-3960-11ef-a74c-2906cc9fb6bc","away","TSV Altenholz","VfL Gummersbach",10,21,FALSE,2,NA,NA,0,0,0,NA,0,0,0,0,0,0,NA,NA,NA,NA,NA,NA,NA,NA,0,0,0,0,NA,NA,NA,NA,NA
"Hardmuth Groß","b07c9918-3955-11ef-a7b9-a36230ada079",NA,NA,1975,"3/12/1976","31109bc4-3960-11ef-a74c-2906cc9fb6bc","away","TSV Altenholz","VfL Gummersbach",10,21,FALSE,0,NA,NA,0,0,0,NA,0,0,0,0,0,0,NA,NA,NA,NA,NA,NA,NA,NA,0,0,0,0,NA,NA,NA,NA,NA
"Peter Bortel","b085b129-3955-11ef-b6a0-a36230ada079",NA,NA,1975,"3/12/1976","31109bc4-3960-11ef-a74c-2906cc9fb6bc","away","TSV Altenholz","VfL Gummersbach",10,21,FALSE,0,NA,NA,0,0,0,NA,0,0,0,0,0,0,NA,NA,NA,NA,NA,NA,NA,NA,0,0,0,0,NA,NA,NA,NA,NA
"Jörgen Danielsen","b08a7dec-3955-11ef-acb4-a36230ada079",NA,NA,1975,"3/12/1976","31109bc4-3960-11ef-a74c-2906cc9fb6bc","away","TSV Altenholz","VfL Gummersbach",10,21,FALSE,0,NA,NA,0,0,0,NA,0,0,0,0,0,0,NA,NA,NA,NA,NA,NA,NA,NA,0,0,0,0,NA,NA,NA,NA,NA
"Klaus Beckmann","b08ee1c0-3955-11ef-8689-a36230ada079",NA,NA,1975,"3/12/1976","31109bc4-3960-11ef-a74c-2906cc9fb6bc","away","TSV Altenholz","VfL Gummersbach",10,21,FALSE,1,NA,NA,0,0,0,NA,0,0,0,0,0,0,NA,NA,NA,NA,NA,NA,NA,NA,0,0,0,0,NA,NA,NA,NA,NA
"Klaus-Dieter Heiden","b09837ed-3955-11ef-99d8-a36230ada079",NA,NA,1975,"3/12/1976","31109bc4-3960-11ef-a74c-2906cc9fb6bc","away","TSV Altenholz","VfL Gummersbach",10,21,FALSE,0,NA,NA,0,0,0,NA,0,0,0,0,0,0,NA,NA,NA,NA,NA,NA,NA,NA,0,0,0,0,NA,NA,NA,NA,NA
"Klaus-Peter Römer","b09cfa69-3955-11ef-b8eb-a36230ada079",NA,NA,1975,"3/12/1976","31109bc4-3960-11ef-a74c-2906cc9fb6bc","away","TSV Altenholz","VfL Gummersbach",10,21,FALSE,3,NA,NA,0,0,2,NA,0,0,0,0,0,0,NA,NA,NA,NA,NA,NA,NA,NA,0,0,0,0,NA,NA,NA,NA,NA
"Manfred Schulz","b0a21333-3955-11ef-a679-a36230ada079",NA,NA,1975,"3/12/1976","31109bc4-3960-11ef-a74c-2906cc9fb6bc","away","TSV Altenholz","VfL Gummersbach",10,21,FALSE,0,NA,NA,0,0,0,NA,0,0,0,0,0,0,NA,NA,NA,NA,NA,NA,NA,NA,0,0,0,0,NA,NA,NA,NA,NA
"Klaus-Peter Alwardt","800d39da-3955-11ef-bf47-b908c60af10a",NA,NA,1975,"3/13/1976","33994a1b-3960-11ef-8618-2906cc9fb6bc","home","VfL Lübeck-Schwartau","Hamburger SV",12,10,TRUE,1,NA,NA,0,0,0,NA,0,0,0,0,0,0,NA,NA,NA,NA,NA,NA,NA,NA,0,0,0,0,NA,NA,NA,NA,NA
"Michael Dogs","b0cecb4a-3955-11ef-b665-a36230ada079",NA,NA,1975,"3/13/1976","33994a1b-3960-11ef-8618-2906cc9fb6bc","home","VfL Lübeck-Schwartau","Hamburger SV",12,10,TRUE,0,NA,NA,0,0,0,NA,0,0,0,0,0,0,NA,NA,NA,NA,NA,NA,NA,NA,0,0,0,0,NA,NA,NA,NA,NA
"Claus Gramkow","b0d7d6e6-3955-11ef-bb1c-a36230ada079",NA,NA,1975,"3/13/1976","33994a1b-3960-11ef-8618-2906cc9fb6bc","home","VfL Lübeck-Schwartau","Hamburger SV",12,10,TRUE,0,NA,NA,0,0,0,NA,0,0,0,0,0,0,NA,NA,NA,NA,NA,NA,NA,NA,0,0,0,0,NA,NA,NA,NA,NA
"Joachim Römer","b0dcb8e7-3955-11ef-83ab-a36230ada079",NA,NA,1975,"3/13/1976","33994a1b-3960-11ef-8618-2906cc9fb6bc","home","VfL Lübeck-Schwartau","Hamburger SV",12,10,TRUE,2,NA,NA,0,0,0,NA,0,0,0,0,0,0,NA,NA,NA,NA,NA,NA,NA,NA,0,0,0,0,NA,NA,NA,NA,NA
"Ulrich Diener","b0e514eb-3955-11ef-b430-a36230ada079",NA,NA,1975,"3/13/1976","33994a1b-3960-11ef-8618-2906cc9fb6bc","home","VfL Lübeck-Schwartau","Hamburger SV",12,10,TRUE,0,NA,NA,0,0,0,NA,0,0,0,0,0,0,NA,NA,NA,NA,NA,NA,NA,NA,0,0,0,0,NA,NA,NA,NA,NA
"Peter Görtz","b0e9ae8f-3955-11ef-aa48-a36230ada079",NA,NA,1975,"3/13/1976","33994a1b-3960-11ef-8618-2906cc9fb6bc","home","VfL Lübeck-Schwartau","Hamburger SV",12,10,TRUE,3,NA,NA,0,0,1,NA,0,0,0,0,0,0,NA,NA,NA,NA,NA,NA,NA,NA,0,0,0,0,NA,NA,NA,NA,NA
"Ulrich Kleinstoll","b0f37438-3955-11ef-84e6-a36230ada079",NA,NA,1975,"3/13/1976","33994a1b-3960-11ef-8618-2906cc9fb6bc","home","VfL Lübeck-Schwartau","Hamburger SV",12,10,TRUE,1,NA,NA,0,0,0,NA,0,0,0,0,0,0,NA,NA,NA,NA,NA,NA,NA,NA,0,0,0,0,NA,NA,NA,NA,NA
"Thomas Kluth","b0f877c0-3955-11ef-a314-a36230ada079",NA,NA,1975,"3/13/1976","33994a1b-3960-11ef-8618-2906cc9fb6bc","home","VfL Lübeck-Schwartau","Hamburger SV",12,10,TRUE,4,NA,NA,0,0,0,NA,0,0,0,0,0,0,NA,NA,NA,NA,NA,NA,NA,NA,0,0,0,0,NA,NA,NA,NA,NA
"Karl Weiß","b106c2d8-3955-11ef-9358-a36230ada079",NA,NA,1975,"3/13/1976","33994a1b-3960-11ef-8618-2906cc9fb6bc","home","VfL Lübeck-Schwartau","Hamburger SV",12,10,TRUE,0,NA,NA,0,0,0,NA,0,0,0,0,0,0,NA,NA,NA,NA,NA,NA,NA,NA,0,0,0,0,NA,NA,NA,NA,NA
"Siegfried Berg","b10d3ec3-3955-11ef-8a30-a36230ada079",NA,NA,1975,"3/13/1976","33994a1b-3960-11ef-8618-2906cc9fb6bc","home","VfL Lübeck-Schwartau","Hamburger SV",12,10,TRUE,1,NA,NA,0,0,0,NA,0,0,0,0,0,0,NA,NA,NA,NA,NA,NA,NA,NA,0,0,0,0,NA,NA,NA,NA,NA
"Peter Pickel","8c973b42-3955-11ef-8c71-81dc40648355",NA,NA,1975,"3/13/1976","33994a1b-3960-11ef-8618-2906cc9fb6bc","away","Hamburger SV","VfL Lübeck-Schwartau",10,12,FALSE,8,NA,NA,0,0,0,NA,0,0,0,0,0,0,NA,NA,NA,NA,NA,NA,NA,NA,0,0,0,0,NA,NA,NA,NA,NA
"Richard Boczkowski","a1b43836-3955-11ef-934f-2510cc07ea6e",NA,NA,1975,"3/13/1976","33994a1b-3960-11ef-8618-2906cc9fb6bc","away","Hamburger SV","VfL Lübeck-Schwartau",10,12,FALSE,0,NA,NA,0,0,0,NA,0,0,0,0,0,0,NA,NA,NA,NA,NA,NA,NA,NA,0,0,0,0,NA,NA,NA,NA,NA
"Einar Magnusson","a3805088-3955-11ef-bfa9-2510cc07ea6e",NA,NA,1975,"3/13/1976","33994a1b-3960-11ef-8618-2906cc9fb6bc","away","Hamburger SV","VfL Lübeck-Schwartau",10,12,FALSE,1,NA,NA,0,0,2,NA,0,0,0,0,0,0,NA,NA,NA,NA,NA,NA,NA,NA,0,0,0,0,NA,NA,NA,NA,NA
"Hans-Jürgen Bode","b011e6da-3955-11ef-8205-a36230ada079",NA,NA,1975,"3/13/1976","33994a1b-3960-11ef-8618-2906cc9fb6bc","away","Hamburger SV","VfL Lübeck-Schwartau",10,12,FALSE,0,NA,NA,0,0,0,NA,0,0,0,0,0,0,NA,NA,NA,NA,NA,NA,NA,NA,0,0,0,0,NA,NA,NA,NA,NA
"Ralph Mathies","b023b170-3955-11ef-87a6-a36230ada079",NA,NA,1975,"3/13/1976","33994a1b-3960-11ef-8618-2906cc9fb6bc","away","Hamburger SV","VfL Lübeck-Schwartau",10,12,FALSE,0,NA,NA,0,0,0,NA,0,0,0,0,0,0,NA,NA,NA,NA,NA,NA,NA,NA,0,0,0,0,NA,NA,NA,NA,NA
"Jens Ivers","b02f4aea-3955-11ef-801e-a36230ada079",NA,NA,1975,"3/13/1976","33994a1b-3960-11ef-8618-2906cc9fb6bc","away","Hamburger SV","VfL Lübeck-Schwartau",10,12,FALSE,0,NA,NA,0,0,0,NA,0,0,0,0,0,0,NA,NA,NA,NA,NA,NA,NA,NA,0,0,0,0,NA,NA,NA,NA,NA
"Hans-Joachim Beißel","b0341bcb-3955-11ef-9e08-a36230ada079",NA,NA,1975,"3/13/1976","33994a1b-3960-11ef-8618-2906cc9fb6bc","away","Hamburger SV","VfL Lübeck-Schwartau",10,12,FALSE,0,NA,NA,0,0,0,NA,0,0,0,0,0,0,NA,NA,NA,NA,NA,NA,NA,NA,0,0,0,0,NA,NA,NA,NA,NA
"Klaus Porepp","b0396b18-3955-11ef-b5cf-a36230ada079",NA,NA,1975,"3/13/1976","33994a1b-3960-11ef-8618-2906cc9fb6bc","away","Hamburger SV","VfL Lübeck-Schwartau",10,12,FALSE,0,NA,NA,0,0,0,NA,0,0,0,0,0,0,NA,NA,NA,NA,NA,NA,NA,NA,0,0,0,0,NA,NA,NA,NA,NA
"Norbert Germer","b03f8101-3955-11ef-8945-a36230ada079",NA,NA,1975,"3/13/1976","33994a1b-3960-11ef-8618-2906cc9fb6bc","away","Hamburger SV","VfL Lübeck-Schwartau",10,12,FALSE,1,NA,NA,0,0,0,NA,0,0,0,0,0,0,NA,NA,NA,NA,NA,NA,NA,NA,0,0,0,0,NA,NA,NA,NA,NA
"Bernd Eppler","b0442222-3955-11ef-841b-a36230ada079",NA,NA,1975,"3/13/1976","33994a1b-3960-11ef-8618-2906cc9fb6bc","away","Hamburger SV","VfL Lübeck-Schwartau",10,12,FALSE,0,NA,NA,0,0,0,NA,0,0,0,0,0,0,NA,NA,NA,NA,NA,NA,NA,NA,0,0,0,0,NA,NA,NA,NA,NA
"Michael Surmann","b04e41f0-3955-11ef-8320-a36230ada079",NA,NA,1975,"3/13/1976","33994a1b-3960-11ef-8618-2906cc9fb6bc","away","Hamburger SV","VfL Lübeck-Schwartau",10,12,FALSE,0,NA,NA,0,0,0,NA,0,0,0,0,0,0,NA,NA,NA,NA,NA,NA,NA,NA,0,0,0,0,NA,NA,NA,NA,NA
"Hans-Dieter Schmitz","51093bea-3955-11ef-bc25-6d38c0425bc0",NA,NA,1975,"3/13/1976","350e0ad5-3960-11ef-800a-2906cc9fb6bc","home","OSC 04 Rheinhausen","TuS 05 Wellinghofen",19,15,TRUE,4,NA,NA,0,0,1,NA,0,0,0,0,0,0,NA,NA,NA,NA,NA,NA,NA,NA,0,0,0,0,NA,NA,NA,NA,NA
"Reinhard Heusen van der","7142d419-3955-11ef-8654-51fdf2a82730",NA,NA,1975,"3/13/1976","350e0ad5-3960-11ef-800a-2906cc9fb6bc","home","OSC 04 Rheinhausen","TuS 05 Wellinghofen",19,15,TRUE,1,NA,NA,0,0,0,NA,0,0,0,0,0,0,NA,NA,NA,NA,NA,NA,NA,NA,0,0,0,0,NA,NA,NA,NA,NA
"Gerd Rosendahl","7501cfa1-3955-11ef-95a2-51fdf2a82730",NA,NA,1975,"3/13/1976","350e0ad5-3960-11ef-800a-2906cc9fb6bc","home","OSC 04 Rheinhausen","TuS 05 Wellinghofen",19,15,TRUE,2,NA,NA,0,0,0,NA,0,0,0,0,0,0,NA,NA,NA,NA,NA,NA,NA,NA,0,0,0,0,NA,NA,NA,NA,NA
"Harry Keller","7e4b9df1-3955-11ef-80fd-b908c60af10a",NA,NA,1975,"3/13/1976","350e0ad5-3960-11ef-800a-2906cc9fb6bc","home","OSC 04 Rheinhausen","TuS 05 Wellinghofen",19,15,TRUE,1,NA,NA,0,0,0,NA,0,0,0,0,0,0,NA,NA,NA,NA,NA,NA,NA,NA,0,0,0,0,NA,NA,NA,NA,NA
"Uwe Laaser","8157221e-3955-11ef-a944-b908c60af10a",NA,NA,1975,"3/13/1976","350e0ad5-3960-11ef-800a-2906cc9fb6bc","home","OSC 04 Rheinhausen","TuS 05 Wellinghofen",19,15,TRUE,0,NA,NA,0,0,0,NA,0,0,0,0,0,0,NA,NA,NA,NA,NA,NA,NA,NA,0,0,0,0,NA,NA,NA,NA,NA
"Christoph Kolodziej","8dbac357-3955-11ef-be9b-81dc40648355",NA,NA,1975,"3/13/1976","350e0ad5-3960-11ef-800a-2906cc9fb6bc","home","OSC 04 Rheinhausen","TuS 05 Wellinghofen",19,15,TRUE,0,NA,NA,0,0,0,NA,0,0,0,0,0,0,NA,NA,NA,NA,NA,NA,NA,NA,0,0,0,0,NA,NA,NA,NA,NA
"Jadranko Demirović","a1caaba8-3955-11ef-8081-2510cc07ea6e",NA,NA,1975,"3/13/1976","350e0ad5-3960-11ef-800a-2906cc9fb6bc","home","OSC 04 Rheinhausen","TuS 05 Wellinghofen",19,15,TRUE,1,NA,NA,0,0,0,NA,0,0,0,0,0,0,NA,NA,NA,NA,NA,NA,NA,NA,0,0,0,0,NA,NA,NA,NA,NA
"Norbert Meister","a610e086-3955-11ef-bf85-2510cc07ea6e",NA,NA,1975,"3/13/1976","350e0ad5-3960-11ef-800a-2906cc9fb6bc","home","OSC 04 Rheinhausen","TuS 05 Wellinghofen",19,15,TRUE,0,NA,NA,0,0,0,NA,0,0,0,0,0,0,NA,NA,NA,NA,NA,NA,NA,NA,0,0,0,0,NA,NA,NA,NA,NA
"Werner Herling","a61b6e80-3955-11ef-b2d4-2510cc07ea6e",NA,NA,1975,"3/13/1976","350e0ad5-3960-11ef-800a-2906cc9fb6bc","home","OSC 04 Rheinhausen","TuS 05 Wellinghofen",19,15,TRUE,1,NA,NA,0,0,0,NA,0,0,0,0,0,0,NA,NA,NA,NA,NA,NA,NA,NA,0,0,0,0,NA,NA,NA,NA,NA
"Burkhard Nagel","a6312ffa-3955-11ef-9438-2510cc07ea6e",NA,NA,1975,"3/13/1976","350e0ad5-3960-11ef-800a-2906cc9fb6bc","home","OSC 04 Rheinhausen","TuS 05 Wellinghofen",19,15,TRUE,8,NA,NA,0,0,0,NA,0,0,0,0,0,0,NA,NA,NA,NA,NA,NA,NA,NA,0,0,0,0,NA,NA,NA,NA,NA
"Mohamed Klai","b1273da6-3955-11ef-8887-a36230ada079",NA,NA,1975,"3/13/1976","350e0ad5-3960-11ef-800a-2906cc9fb6bc","home","OSC 04 Rheinhausen","TuS 05 Wellinghofen",19,15,TRUE,1,NA,NA,0,0,0,NA,0,0,0,0,0,0,NA,NA,NA,NA,NA,NA,NA,NA,0,0,0,0,NA,NA,NA,NA,NA
"Rudolf Rauer","6829713f-3955-11ef-9d88-292be3190b7b",NA,NA,1975,"3/13/1976","350e0ad5-3960-11ef-800a-2906cc9fb6bc","away","TuS 05 Wellinghofen","OSC 04 Rheinhausen",15,19,FALSE,0,NA,NA,0,0,0,NA,0,0,0,0,0,0,NA,NA,NA,NA,NA,NA,NA,NA,0,0,0,0,NA,NA,NA,NA,NA
"Karl-Heinz Schulz","72847241-3955-11ef-8bd4-51fdf2a82730",NA,NA,1975,"3/13/1976","350e0ad5-3960-11ef-800a-2906cc9fb6bc","away","TuS 05 Wellinghofen","OSC 04 Rheinhausen",15,19,FALSE,1,NA,NA,0,0,0,NA,0,0,0,0,0,0,NA,NA,NA,NA,NA,NA,NA,NA,0,0,0,0,NA,NA,NA,NA,NA
"Hans-Peter Neuhaus","8d9d3887-3955-11ef-80a3-81dc40648355",NA,NA,1975,"3/13/1976","350e0ad5-3960-11ef-800a-2906cc9fb6bc","away","TuS 05 Wellinghofen","OSC 04 Rheinhausen",15,19,FALSE,2,NA,NA,0,0,2,NA,0,0,0,0,0,0,NA,NA,NA,NA,NA,NA,NA,NA,0,0,0,0,NA,NA,NA,NA,NA
"Waldemar Kosiol","a4f04c57-3955-11ef-8550-2510cc07ea6e",NA,NA,1975,"3/13/1976","350e0ad5-3960-11ef-800a-2906cc9fb6bc","away","TuS 05 Wellinghofen","OSC 04 Rheinhausen",15,19,FALSE,0,NA,NA,0,0,0,NA,0,0,0,0,0,0,NA,NA,NA,NA,NA,NA,NA,NA,0,0,0,0,NA,NA,NA,NA,NA
"Frank Haardt","a4fb1cad-3955-11ef-bd99-2510cc07ea6e",NA,NA,1975,"3/13/1976","350e0ad5-3960-11ef-800a-2906cc9fb6bc","away","TuS 05 Wellinghofen","OSC 04 Rheinhausen",15,19,FALSE,0,NA,NA,0,0,0,NA,0,0,0,0,0,0,NA,NA,NA,NA,NA,NA,NA,NA,0,0,0,0,NA,NA,NA,NA,NA
"Harald Zapler","a502f6b3-3955-11ef-a0c2-2510cc07ea6e",NA,NA,1975,"3/13/1976","350e0ad5-3960-11ef-800a-2906cc9fb6bc","away","TuS 05 Wellinghofen","OSC 04 Rheinhausen",15,19,FALSE,1,NA,NA,0,0,0,NA,0,0,0,0,0,0,NA,NA,NA,NA,NA,NA,NA,NA,0,0,0,0,NA,NA,NA,NA,NA
"Harald Cramer","a507ff82-3955-11ef-8d99-2510cc07ea6e",NA,NA,1975,"3/13/1976","350e0ad5-3960-11ef-800a-2906cc9fb6bc","away","TuS 05 Wellinghofen","OSC 04 Rheinhausen",15,19,FALSE,1,NA,NA,0,0,0,NA,0,0,0,0,0,0,NA,NA,NA,NA,NA,NA,NA,NA,0,0,0,0,NA,NA,NA,NA,NA
"Wilfried Rettig","a517a588-3955-11ef-a8d7-2510cc07ea6e",NA,NA,1975,"3/13/1976","350e0ad5-3960-11ef-800a-2906cc9fb6bc","away","TuS 05 Wellinghofen","OSC 04 Rheinhausen",15,19,FALSE,4,NA,NA,0,0,0,NA,0,0,0,0,0,0,NA,NA,NA,NA,NA,NA,NA,NA,0,0,0,0,NA,NA,NA,NA,NA
"Winfried Gabel","a521dedb-3955-11ef-a3bd-2510cc07ea6e",NA,NA,1975,"3/13/1976","350e0ad5-3960-11ef-800a-2906cc9fb6bc","away","TuS 05 Wellinghofen","OSC 04 Rheinhausen",15,19,FALSE,0,NA,NA,0,0,0,NA,0,0,0,0,0,0,NA,NA,NA,NA,NA,NA,NA,NA,0,0,0,0,NA,NA,NA,NA,NA
"Burkhard Gröning","a52c6e4f-3955-11ef-a576-2510cc07ea6e",NA,NA,1975,"3/13/1976","350e0ad5-3960-11ef-800a-2906cc9fb6bc","away","TuS 05 Wellinghofen","OSC 04 Rheinhausen",15,19,FALSE,2,NA,NA,0,0,0,NA,0,0,0,0,0,0,NA,NA,NA,NA,NA,NA,NA,NA,0,0,0,0,NA,NA,NA,NA,NA
"Ulrich Staege","b05c5beb-3955-11ef-a7d6-a36230ada079",NA,NA,1975,"3/13/1976","350e0ad5-3960-11ef-800a-2906cc9fb6bc","away","TuS 05 Wellinghofen","OSC 04 Rheinhausen",15,19,FALSE,2,NA,NA,0,0,0,NA,0,0,0,0,0,0,NA,NA,NA,NA,NA,NA,NA,NA,0,0,0,0,NA,NA,NA,NA,NA
"Herbert Rogge","b06614d7-3955-11ef-a43b-a36230ada079",NA,NA,1975,"3/13/1976","350e0ad5-3960-11ef-800a-2906cc9fb6bc","away","TuS 05 Wellinghofen","OSC 04 Rheinhausen",15,19,FALSE,2,NA,NA,0,0,0,NA,0,0,0,0,0,0,NA,NA,NA,NA,NA,NA,NA,NA,0,0,0,0,NA,NA,NA,NA,NA
"Klaus Elwardt","80deefd9-3955-11ef-b31a-b908c60af10a",NA,NA,1975,"3/13/1976","3760bbb3-3960-11ef-bb9f-2906cc9fb6bc","home","THW Kiel","TuS Derschlag 1881",11,11,FALSE,0,NA,NA,0,0,0,NA,0,0,0,0,0,0,NA,NA,NA,NA,NA,NA,NA,NA,0,0,0,0,NA,NA,NA,NA,NA
"Roland Hänsch","981d8549-3955-11ef-a2ca-292be3190b7b",NA,NA,1975,"3/13/1976","3760bbb3-3960-11ef-bb9f-2906cc9fb6bc","home","THW Kiel","TuS Derschlag 1881",11,11,FALSE,1,NA,NA,0,0,0,NA,0,0,0,0,0,0,NA,NA,NA,NA,NA,NA,NA,NA,0,0,0,0,NA,NA,NA,NA,NA
"Gerd Welz","98273a90-3955-11ef-a3a2-292be3190b7b",NA,NA,1975,"3/13/1976","3760bbb3-3960-11ef-bb9f-2906cc9fb6bc","home","THW Kiel","TuS Derschlag 1881",11,11,FALSE,2,NA,NA,0,0,0,NA,0,0,0,0,0,0,NA,NA,NA,NA,NA,NA,NA,NA,0,0,0,0,NA,NA,NA,NA,NA
"Volker Harbs","9995a6f3-3955-11ef-b74f-292be3190b7b",NA,NA,1975,"3/13/1976","3760bbb3-3960-11ef-bb9f-2906cc9fb6bc","home","THW Kiel","TuS Derschlag 1881",11,11,FALSE,2,NA,NA,0,0,0,NA,0,0,0,0,0,0,NA,NA,NA,NA,NA,NA,NA,NA,0,0,0,0,NA,NA,NA,NA,NA
"Dieter Krause","99996b47-3955-11ef-a9c9-292be3190b7b",NA,NA,1975,"3/13/1976","3760bbb3-3960-11ef-bb9f-2906cc9fb6bc","home","THW Kiel","TuS Derschlag 1881",11,11,FALSE,3,NA,NA,0,0,2,NA,0,0,0,0,0,0,NA,NA,NA,NA,NA,NA,NA,NA,0,0,0,0,NA,NA,NA,NA,NA
"Wolfgang Stolz","999eb14b-3955-11ef-bbce-292be3190b7b",NA,NA,1975,"3/13/1976","3760bbb3-3960-11ef-bb9f-2906cc9fb6bc","home","THW Kiel","TuS Derschlag 1881",11,11,FALSE,0,NA,NA,0,0,0,NA,0,0,0,0,0,0,NA,NA,NA,NA,NA,NA,NA,NA,0,0,0,0,NA,NA,NA,NA,NA
"Ingo Voß","ae396fa6-3955-11ef-acb0-a36230ada079",NA,NA,1975,"3/13/1976","3760bbb3-3960-11ef-bb9f-2906cc9fb6bc","home","THW Kiel","TuS Derschlag 1881",11,11,FALSE,0,NA,NA,0,0,0,NA,0,0,0,0,0,0,NA,NA,NA,NA,NA,NA,NA,NA,0,0,0,0,NA,NA,NA,NA,NA
"Frank Requate","ae434759-3955-11ef-8758-a36230ada079",NA,NA,1975,"3/13/1976","3760bbb3-3960-11ef-bb9f-2906cc9fb6bc","home","THW Kiel","TuS Derschlag 1881",11,11,FALSE,2,NA,NA,0,0,0,NA,0,0,0,0,0,0,NA,NA,NA,NA,NA,NA,NA,NA,0,0,0,0,NA,NA,NA,NA,NA
"Bernd Nielsen","b1480d2c-3955-11ef-8563-a36230ada079",NA,NA,1975,"3/13/1976","3760bbb3-3960-11ef-bb9f-2906cc9fb6bc","home","THW Kiel","TuS Derschlag 1881",11,11,FALSE,0,NA,NA,0,0,0,NA,0,0,0,0,0,0,NA,NA,NA,NA,NA,NA,NA,NA,0,0,0,0,NA,NA,NA,NA,NA
"Hartwig Moll","b14ce7d8-3955-11ef-8cb5-a36230ada079",NA,NA,1975,"3/13/1976","3760bbb3-3960-11ef-bb9f-2906cc9fb6bc","home","THW Kiel","TuS Derschlag 1881",11,11,FALSE,1,NA,NA,0,0,0,NA,0,0,0,0,0,0,NA,NA,NA,NA,NA,NA,NA,NA,0,0,0,0,NA,NA,NA,NA,NA
"Esad Kurtagić","39c727cf-3955-11ef-82fa-bfbfc9e17c09",NA,NA,1975,"3/13/1976","3760bbb3-3960-11ef-bb9f-2906cc9fb6bc","away","TuS Derschlag 1881","THW Kiel",11,11,FALSE,1,NA,NA,0,0,0,NA,0,0,0,0,0,0,NA,NA,NA,NA,NA,NA,NA,NA,0,0,0,0,NA,NA,NA,NA,NA
"Spasoje Skerčević","50b681d8-3955-11ef-b6e8-6d38c0425bc0",NA,NA,1975,"3/13/1976","3760bbb3-3960-11ef-bb9f-2906cc9fb6bc","away","TuS Derschlag 1881","THW Kiel",11,11,FALSE,0,NA,NA,0,0,0,NA,0,0,0,0,0,0,NA,NA,NA,NA,NA,NA,NA,NA,0,0,0,0,NA,NA,NA,NA,NA
"Klaus Brand","51394441-3955-11ef-8fab-6d38c0425bc0",NA,NA,1975,"3/13/1976","3760bbb3-3960-11ef-bb9f-2906cc9fb6bc","away","TuS Derschlag 1881","THW Kiel",11,11,FALSE,0,NA,NA,0,0,0,NA,0,0,0,0,0,0,NA,NA,NA,NA,NA,NA,NA,NA,0,0,0,0,NA,NA,NA,NA,NA
"Ullrich Pohl","8c524587-3955-11ef-96af-81dc40648355",NA,NA,1975,"3/13/1976","3760bbb3-3960-11ef-bb9f-2906cc9fb6bc","away","TuS Derschlag 1881","THW Kiel",11,11,FALSE,1,NA,NA,0,0,0,NA,0,0,0,0,0,0,NA,NA,NA,NA,NA,NA,NA,NA,0,0,0,0,NA,NA,NA,NA,NA
"Đorđe Lavrnić","9674e86d-3955-11ef-8ae9-292be3190b7b",NA,NA,1975,"3/13/1976","3760bbb3-3960-11ef-bb9f-2906cc9fb6bc","away","TuS Derschlag 1881","THW Kiel",11,11,FALSE,6,NA,NA,0,0,1,NA,0,0,0,0,0,0,NA,NA,NA,NA,NA,NA,NA,NA,0,0,0,0,NA,NA,NA,NA,NA
"Peter Lindeskoog","a2a66799-3955-11ef-bd00-2510cc07ea6e",NA,NA,1975,"3/13/1976","3760bbb3-3960-11ef-bb9f-2906cc9fb6bc","away","TuS Derschlag 1881","THW Kiel",11,11,FALSE,0,NA,NA,0,0,0,NA,0,0,0,0,0,0,NA,NA,NA,NA,NA,NA,NA,NA,0,0,0,0,NA,NA,NA,NA,NA
"Ulrich Ufer","a2c8cfa8-3955-11ef-8510-2510cc07ea6e",NA,NA,1975,"3/13/1976","3760bbb3-3960-11ef-bb9f-2906cc9fb6bc","away","TuS Derschlag 1881","THW Kiel",11,11,FALSE,3,NA,NA,0,0,0,NA,0,0,0,0,0,0,NA,NA,NA,NA,NA,NA,NA,NA,0,0,0,0,NA,NA,NA,NA,NA
"Harald Ohrendorf","ae2b1f58-3955-11ef-baab-a36230ada079",NA,NA,1975,"3/13/1976","3760bbb3-3960-11ef-bb9f-2906cc9fb6bc","away","TuS Derschlag 1881","THW Kiel",11,11,FALSE,0,NA,NA,0,0,0,NA,0,0,0,0,0,0,NA,NA,NA,NA,NA,NA,NA,NA,0,0,0,0,NA,NA,NA,NA,NA
"Helmut Keller","ae2fb2ba-3955-11ef-b38f-a36230ada079",NA,NA,1975,"3/13/1976","3760bbb3-3960-11ef-bb9f-2906cc9fb6bc","away","TuS Derschlag 1881","THW Kiel",11,11,FALSE,0,NA,NA,0,0,0,NA,0,0,0,0,0,0,NA,NA,NA,NA,NA,NA,NA,NA,0,0,0,0,NA,NA,NA,NA,NA
"Walter Don","73f54ad3-3955-11ef-b2c6-51fdf2a82730",NA,NA,1975,"3/13/1976","3e4eed20-3960-11ef-9737-2906cc9fb6bc","home","TV 05/07 Hüttenberg","TSV 1896 Rintheim",16,12,TRUE,4,NA,NA,0,0,0,NA,0,0,0,0,0,0,NA,NA,NA,NA,NA,NA,NA,NA,0,0,0,0,NA,NA,NA,NA,NA
"Harald Ohly","8048d89d-3955-11ef-a214-b908c60af10a",NA,NA,1975,"3/13/1976","3e4eed20-3960-11ef-9737-2906cc9fb6bc","home","TV 05/07 Hüttenberg","TSV 1896 Rintheim",16,12,TRUE,3,NA,NA,0,0,0,NA,0,0,0,0,0,0,NA,NA,NA,NA,NA,NA,NA,NA,0,0,0,0,NA,NA,NA,NA,NA
"Hans-Jürgen Völpel","80753eec-3955-11ef-bd2e-b908c60af10a",NA,NA,1975,"3/13/1976","3e4eed20-3960-11ef-9737-2906cc9fb6bc","home","TV 05/07 Hüttenberg","TSV 1896 Rintheim",16,12,TRUE,1,NA,NA,0,0,0,NA,0,0,0,0,0,0,NA,NA,NA,NA,NA,NA,NA,NA,0,0,0,0,NA,NA,NA,NA,NA
"Siegfried Weber","807d098c-3955-11ef-8827-b908c60af10a",NA,NA,1975,"3/13/1976","3e4eed20-3960-11ef-9737-2906cc9fb6bc","home","TV 05/07 Hüttenberg","TSV 1896 Rintheim",16,12,TRUE,3,NA,NA,0,0,0,NA,0,0,0,0,0,0,NA,NA,NA,NA,NA,NA,NA,NA,0,0,0,0,NA,NA,NA,NA,NA
"Horst Spengler","80adf446-3955-11ef-a1e6-b908c60af10a",NA,NA,1975,"3/13/1976","3e4eed20-3960-11ef-9737-2906cc9fb6bc","home","TV 05/07 Hüttenberg","TSV 1896 Rintheim",16,12,TRUE,4,NA,NA,0,0,0,NA,0,0,0,0,0,0,NA,NA,NA,NA,NA,NA,NA,NA,0,0,0,0,NA,NA,NA,NA,NA
"Klaus Meineke","8d0eefb2-3955-11ef-a068-81dc40648355",NA,NA,1975,"3/13/1976","3e4eed20-3960-11ef-9737-2906cc9fb6bc","home","TV 05/07 Hüttenberg","TSV 1896 Rintheim",16,12,TRUE,1,NA,NA,0,0,0,NA,0,0,0,0,0,0,NA,NA,NA,NA,NA,NA,NA,NA,0,0,0,0,NA,NA,NA,NA,NA
"Roland Stoy","96890f7d-3955-11ef-939e-292be3190b7b",NA,NA,1975,"3/13/1976","3e4eed20-3960-11ef-9737-2906cc9fb6bc","home","TV 05/07 Hüttenberg","TSV 1896 Rintheim",16,12,TRUE,0,NA,NA,0,0,0,NA,0,0,0,0,0,0,NA,NA,NA,NA,NA,NA,NA,NA,0,0,0,0,NA,NA,NA,NA,NA
"Stefan Schicketanz","a3d099d4-3955-11ef-90b6-2510cc07ea6e",NA,NA,1975,"3/13/1976","3e4eed20-3960-11ef-9737-2906cc9fb6bc","home","TV 05/07 Hüttenberg","TSV 1896 Rintheim",16,12,TRUE,0,NA,NA,0,0,0,NA,0,0,0,0,0,0,NA,NA,NA,NA,NA,NA,NA,NA,0,0,0,0,NA,NA,NA,NA,NA
"Hans-Willi Weber","a3f62960-3955-11ef-a9a1-2510cc07ea6e",NA,NA,1975,"3/13/1976","3e4eed20-3960-11ef-9737-2906cc9fb6bc","home","TV 05/07 Hüttenberg","TSV 1896 Rintheim",16,12,TRUE,0,NA,NA,0,0,0,NA,0,0,0,0,0,0,NA,NA,NA,NA,NA,NA,NA,NA,0,0,0,0,NA,NA,NA,NA,NA
"Udo Uebbing","ae4823ea-3955-11ef-93ce-a36230ada079",NA,NA,1975,"3/13/1976","3e4eed20-3960-11ef-9737-2906cc9fb6bc","home","TV 05/07 Hüttenberg","TSV 1896 Rintheim",16,12,TRUE,0,NA,NA,0,0,0,NA,0,0,0,0,0,0,NA,NA,NA,NA,NA,NA,NA,NA,0,0,0,0,NA,NA,NA,NA,NA
"Reinhold Wiener","b152eab6-3955-11ef-82b5-a36230ada079",NA,NA,1975,"3/13/1976","3e4eed20-3960-11ef-9737-2906cc9fb6bc","home","TV 05/07 Hüttenberg","TSV 1896 Rintheim",16,12,TRUE,0,NA,NA,0,0,0,NA,0,0,0,0,0,0,NA,NA,NA,NA,NA,NA,NA,NA,0,0,0,0,NA,NA,NA,NA,NA
"Winfried Damm","73c56170-3955-11ef-9cca-51fdf2a82730",NA,NA,1975,"3/13/1976","3e4eed20-3960-11ef-9737-2906cc9fb6bc","away","TSV 1896 Rintheim","TV 05/07 Hüttenberg",12,16,FALSE,0,NA,NA,0,0,0,NA,0,0,0,0,0,0,NA,NA,NA,NA,NA,NA,NA,NA,0,0,0,0,NA,NA,NA,NA,NA
"Gerhard Gaiser","7fd4e3db-3955-11ef-b327-b908c60af10a",NA,NA,1975,"3/13/1976","3e4eed20-3960-11ef-9737-2906cc9fb6bc","away","TSV 1896 Rintheim","TV 05/07 Hüttenberg",12,16,FALSE,0,NA,NA,0,0,0,NA,0,0,0,0,0,0,NA,NA,NA,NA,NA,NA,NA,NA,0,0,0,0,NA,NA,NA,NA,NA
"Roland Kröger","81272d6a-3955-11ef-b027-b908c60af10a",NA,NA,1975,"3/13/1976","3e4eed20-3960-11ef-9737-2906cc9fb6bc","away","TSV 1896 Rintheim","TV 05/07 Hüttenberg",12,16,FALSE,0,NA,NA,0,0,0,NA,0,0,0,0,0,0,NA,NA,NA,NA,NA,NA,NA,NA,0,0,0,0,NA,NA,NA,NA,NA
"Manfred Schulz","8bc2b5ea-3955-11ef-8d03-81dc40648355",NA,NA,1975,"3/13/1976","3e4eed20-3960-11ef-9737-2906cc9fb6bc","away","TSV 1896 Rintheim","TV 05/07 Hüttenberg",12,16,FALSE,0,NA,NA,0,0,0,NA,0,0,0,0,0,0,NA,NA,NA,NA,NA,NA,NA,NA,0,0,0,0,NA,NA,NA,NA,NA
"Max Müller","99453a6b-3955-11ef-84c2-292be3190b7b",NA,NA,1975,"3/13/1976","3e4eed20-3960-11ef-9737-2906cc9fb6bc","away","TSV 1896 Rintheim","TV 05/07 Hüttenberg",12,16,FALSE,4,NA,NA,0,0,3,NA,0,0,0,0,0,0,NA,NA,NA,NA,NA,NA,NA,NA,0,0,0,0,NA,NA,NA,NA,NA
"Ulrich Fucks","a237d895-3955-11ef-ab1b-2510cc07ea6e",NA,NA,1975,"3/13/1976","3e4eed20-3960-11ef-9737-2906cc9fb6bc","away","TSV 1896 Rintheim","TV 05/07 Hüttenberg",12,16,FALSE,0,NA,NA,0,0,0,NA,0,0,0,0,0,0,NA,NA,NA,NA,NA,NA,NA,NA,0,0,0,0,NA,NA,NA,NA,NA
"Rudi Stein","a27f8606-3955-11ef-8352-2510cc07ea6e",NA,NA,1975,"3/13/1976","3e4eed20-3960-11ef-9737-2906cc9fb6bc","away","TSV 1896 Rintheim","TV 05/07 Hüttenberg",12,16,FALSE,2,NA,NA,0,0,0,NA,0,0,0,0,0,0,NA,NA,NA,NA,NA,NA,NA,NA,0,0,0,0,NA,NA,NA,NA,NA
"Rudi Lechleidner","aec862a4-3955-11ef-ad66-a36230ada079",NA,NA,1975,"3/13/1976","3e4eed20-3960-11ef-9737-2906cc9fb6bc","away","TSV 1896 Rintheim","TV 05/07 Hüttenberg",12,16,FALSE,1,NA,NA,0,0,0,NA,0,0,0,0,0,0,NA,NA,NA,NA,NA,NA,NA,NA,0,0,0,0,NA,NA,NA,NA,NA
"Werner Fischer","af3a0885-3955-11ef-a884-a36230ada079",NA,NA,1975,"3/13/1976","3e4eed20-3960-11ef-9737-2906cc9fb6bc","away","TSV 1896 Rintheim","TV 05/07 Hüttenberg",12,16,FALSE,2,NA,NA,0,0,0,NA,0,0,0,0,0,0,NA,NA,NA,NA,NA,NA,NA,NA,0,0,0,0,NA,NA,NA,NA,NA
"Wilfried Job","af3ed007-3955-11ef-9184-a36230ada079",NA,NA,1975,"3/13/1976","3e4eed20-3960-11ef-9737-2906cc9fb6bc","away","TSV 1896 Rintheim","TV 05/07 Hüttenberg",12,16,FALSE,0,NA,NA,0,0,0,NA,0,0,0,0,0,0,NA,NA,NA,NA,NA,NA,NA,NA,0,0,0,0,NA,NA,NA,NA,NA
"Claus Erles","af42e492-3955-11ef-a26e-a36230ada079",NA,NA,1975,"3/13/1976","3e4eed20-3960-11ef-9737-2906cc9fb6bc","away","TSV 1896 Rintheim","TV 05/07 Hüttenberg",12,16,FALSE,0,NA,NA,0,0,0,NA,0,0,0,0,0,0,NA,NA,NA,NA,NA,NA,NA,NA,0,0,0,0,NA,NA,NA,NA,NA
"Rolf Barthel","b1e747bc-3955-11ef-bf9b-a36230ada079",NA,NA,1975,"3/13/1976","3e4eed20-3960-11ef-9737-2906cc9fb6bc","away","TSV 1896 Rintheim","TV 05/07 Hüttenberg",12,16,FALSE,3,NA,NA,0,0,0,NA,0,0,0,0,0,0,NA,NA,NA,NA,NA,NA,NA,NA,0,0,0,0,NA,NA,NA,NA,NA
"Udo Klenk","8deb261a-3955-11ef-90c3-81dc40648355",NA,NA,1975,"3/13/1976","3f7050a2-3960-11ef-8488-2906cc9fb6bc","home","S3L Handball","TV Großwallstadt",14,12,TRUE,1,NA,NA,0,0,0,NA,0,0,0,0,0,0,NA,NA,NA,NA,NA,NA,NA,NA,0,0,0,0,NA,NA,NA,NA,NA
"Georg Fitz","ae68320c-3955-11ef-89fa-a36230ada079",NA,NA,1975,"3/13/1976","3f7050a2-3960-11ef-8488-2906cc9fb6bc","home","S3L Handball","TV Großwallstadt",14,12,TRUE,0,NA,NA,0,0,0,NA,0,0,0,0,0,0,NA,NA,NA,NA,NA,NA,NA,NA,0,0,0,0,NA,NA,NA,NA,NA
"Franz Rupp","ae6c7950-3955-11ef-87dd-a36230ada079",NA,NA,1975,"3/13/1976","3f7050a2-3960-11ef-8488-2906cc9fb6bc","home","S3L Handball","TV Großwallstadt",14,12,TRUE,2,NA,NA,0,0,1,NA,0,0,0,0,0,0,NA,NA,NA,NA,NA,NA,NA,NA,0,0,0,0,NA,NA,NA,NA,NA
"Bernd Frühauf","ae71d80f-3955-11ef-a219-a36230ada079",NA,NA,1975,"3/13/1976","3f7050a2-3960-11ef-8488-2906cc9fb6bc","home","S3L Handball","TV Großwallstadt",14,12,TRUE,1,NA,NA,0,0,0,NA,0,0,0,0,0,0,NA,NA,NA,NA,NA,NA,NA,NA,0,0,0,0,NA,NA,NA,NA,NA
"Wolfgang Sättele","ae76c01d-3955-11ef-bfb9-a36230ada079",NA,NA,1975,"3/13/1976","3f7050a2-3960-11ef-8488-2906cc9fb6bc","home","S3L Handball","TV Großwallstadt",14,12,TRUE,2,NA,NA,0,0,0,NA,0,0,0,0,0,0,NA,NA,NA,NA,NA,NA,NA,NA,0,0,0,0,NA,NA,NA,NA,NA
"Joachim Hafemeister","ae7b4523-3955-11ef-b064-a36230ada079",NA,NA,1975,"3/13/1976","3f7050a2-3960-11ef-8488-2906cc9fb6bc","home","S3L Handball","TV Großwallstadt",14,12,TRUE,0,NA,NA,0,0,0,NA,0,0,0,0,0,0,NA,NA,NA,NA,NA,NA,NA,NA,0,0,0,0,NA,NA,NA,NA,NA
"Harald Thiemer","ae803bfb-3955-11ef-9aab-a36230ada079",NA,NA,1975,"3/13/1976","3f7050a2-3960-11ef-8488-2906cc9fb6bc","home","S3L Handball","TV Großwallstadt",14,12,TRUE,0,NA,NA,0,0,0,NA,0,0,0,0,0,0,NA,NA,NA,NA,NA,NA,NA,NA,0,0,0,0,NA,NA,NA,NA,NA
"Jürgen Hahn","ae947745-3955-11ef-bc54-a36230ada079",NA,NA,1975,"3/13/1976","3f7050a2-3960-11ef-8488-2906cc9fb6bc","home","S3L Handball","TV Großwallstadt",14,12,TRUE,4,NA,NA,0,0,0,NA,0,0,0,0,0,0,NA,NA,NA,NA,NA,NA,NA,NA,0,0,0,0,NA,NA,NA,NA,NA
"Rolf Kuchenbecker","ae99100e-3955-11ef-9c32-a36230ada079",NA,NA,1975,"3/13/1976","3f7050a2-3960-11ef-8488-2906cc9fb6bc","home","S3L Handball","TV Großwallstadt",14,12,TRUE,3,NA,NA,0,0,2,NA,0,0,0,0,0,0,NA,NA,NA,NA,NA,NA,NA,NA,0,0,0,0,NA,NA,NA,NA,NA
"Franz Götz","aea2eb0e-3955-11ef-b230-a36230ada079",NA,NA,1975,"3/13/1976","3f7050a2-3960-11ef-8488-2906cc9fb6bc","home","S3L Handball","TV Großwallstadt",14,12,TRUE,1,NA,NA,0,0,0,NA,0,0,0,0,0,0,NA,NA,NA,NA,NA,NA,NA,NA,0,0,0,0,NA,NA,NA,NA,NA
"Hansjörg Jäck","b166bd31-3955-11ef-bed1-a36230ada079",NA,NA,1975,"3/13/1976","3f7050a2-3960-11ef-8488-2906cc9fb6bc","home","S3L Handball","TV Großwallstadt",14,12,TRUE,0,NA,NA,0,0,0,NA,0,0,0,0,0,0,NA,NA,NA,NA,NA,NA,NA,NA,0,0,0,0,NA,NA,NA,NA,NA
"Kurt Klühspies","5ac3e7d7-3955-11ef-b574-4fa817cd91bb",NA,NA,1975,"3/13/1976","3f7050a2-3960-11ef-8488-2906cc9fb6bc","away","TV Großwallstadt","S3L Handball",12,14,FALSE,7,NA,NA,0,0,1,NA,0,0,0,0,0,0,NA,NA,NA,NA,NA,NA,NA,NA,0,0,0,0,NA,NA,NA,NA,NA
"Manfred Hofmann","6855eb0b-3955-11ef-8cb3-292be3190b7b",NA,NA,1975,"3/13/1976","3f7050a2-3960-11ef-8488-2906cc9fb6bc","away","TV Großwallstadt","S3L Handball",12,14,FALSE,0,NA,NA,0,0,0,NA,0,0,0,0,0,0,NA,NA,NA,NA,NA,NA,NA,NA,0,0,0,0,NA,NA,NA,NA,NA
"Thomas Sinsel","8adb8152-3955-11ef-b2de-81dc40648355",NA,NA,1975,"3/13/1976","3f7050a2-3960-11ef-8488-2906cc9fb6bc","away","TV Großwallstadt","S3L Handball",12,14,FALSE,1,NA,NA,0,0,0,NA,0,0,0,0,0,0,NA,NA,NA,NA,NA,NA,NA,NA,0,0,0,0,NA,NA,NA,NA,NA
"Manfred Schwarz","96d98e53-3955-11ef-a3c9-292be3190b7b",NA,NA,1975,"3/13/1976","3f7050a2-3960-11ef-8488-2906cc9fb6bc","away","TV Großwallstadt","S3L Handball",12,14,FALSE,0,NA,NA,0,0,0,NA,0,0,0,0,0,0,NA,NA,NA,NA,NA,NA,NA,NA,0,0,0,0,NA,NA,NA,NA,NA
"Ulrich Schulz","9972a35f-3955-11ef-a06d-292be3190b7b",NA,NA,1975,"3/13/1976","3f7050a2-3960-11ef-8488-2906cc9fb6bc","away","TV Großwallstadt","S3L Handball",12,14,FALSE,0,NA,NA,0,0,0,NA,0,0,0,0,0,0,NA,NA,NA,NA,NA,NA,NA,NA,0,0,0,0,NA,NA,NA,NA,NA
"Arno Böckling","a3c38db5-3955-11ef-810f-2510cc07ea6e",NA,NA,1975,"3/13/1976","3f7050a2-3960-11ef-8488-2906cc9fb6bc","away","TV Großwallstadt","S3L Handball",12,14,FALSE,0,NA,NA,0,0,0,NA,0,0,0,0,0,0,NA,NA,NA,NA,NA,NA,NA,NA,0,0,0,0,NA,NA,NA,NA,NA
"Eckhardt Suffel","aeac0503-3955-11ef-88c6-a36230ada079",NA,NA,1975,"3/13/1976","3f7050a2-3960-11ef-8488-2906cc9fb6bc","away","TV Großwallstadt","S3L Handball",12,14,FALSE,3,NA,NA,0,0,0,NA,0,0,0,0,0,0,NA,NA,NA,NA,NA,NA,NA,NA,0,0,0,0,NA,NA,NA,NA,NA
"Axel Emig","aeb0e35f-3955-11ef-8342-a36230ada079",NA,NA,1975,"3/13/1976","3f7050a2-3960-11ef-8488-2906cc9fb6bc","away","TV Großwallstadt","S3L Handball",12,14,FALSE,1,NA,NA,0,0,0,NA,0,0,0,0,0,0,NA,NA,NA,NA,NA,NA,NA,NA,0,0,0,0,NA,NA,NA,NA,NA
"Manfred Meudt","af9be5ed-3955-11ef-a3e3-a36230ada079",NA,NA,1975,"3/13/1976","3f7050a2-3960-11ef-8488-2906cc9fb6bc","away","TV Großwallstadt","S3L Handball",12,14,FALSE,0,NA,NA,0,0,0,NA,0,0,0,0,0,0,NA,NA,NA,NA,NA,NA,NA,NA,0,0,0,0,NA,NA,NA,NA,NA
"Norbert Klein","b18179dc-3955-11ef-acc0-a36230ada079",NA,NA,1975,"3/13/1976","3f7050a2-3960-11ef-8488-2906cc9fb6bc","away","TV Großwallstadt","S3L Handball",12,14,FALSE,0,NA,NA,0,0,0,NA,0,0,0,0,0,0,NA,NA,NA,NA,NA,NA,NA,NA,0,0,0,0,NA,NA,NA,NA,NA
"Arno Ehret","39c2c361-3955-11ef-8c9d-bfbfc9e17c09",NA,NA,1975,"3/13/1976","42757234-3960-11ef-963b-2906cc9fb6bc","home","TuS Hofweier","SG Dietzenbach",13,13,FALSE,0,NA,NA,0,0,0,NA,0,0,0,0,0,0,NA,NA,NA,NA,NA,NA,NA,NA,0,0,0,0,NA,NA,NA,NA,NA
"Gerd Leibiger","7ed15d40-3955-11ef-a28c-b908c60af10a",NA,NA,1975,"3/13/1976","42757234-3960-11ef-963b-2906cc9fb6bc","home","TuS Hofweier","SG Dietzenbach",13,13,FALSE,2,NA,NA,0,0,0,NA,0,0,0,0,0,0,NA,NA,NA,NA,NA,NA,NA,NA,0,0,0,0,NA,NA,NA,NA,NA
"Peter Bucher","8e0071c9-3955-11ef-8ff8-81dc40648355",NA,NA,1975,"3/13/1976","42757234-3960-11ef-963b-2906cc9fb6bc","home","TuS Hofweier","SG Dietzenbach",13,13,FALSE,1,NA,NA,0,0,0,NA,0,0,0,0,0,0,NA,NA,NA,NA,NA,NA,NA,NA,0,0,0,0,NA,NA,NA,NA,NA
"Josef Schienle","8e1c1721-3955-11ef-9a54-81dc40648355",NA,NA,1975,"3/13/1976","42757234-3960-11ef-963b-2906cc9fb6bc","home","TuS Hofweier","SG Dietzenbach",13,13,FALSE,0,NA,NA,0,0,0,NA,0,0,0,0,0,0,NA,NA,NA,NA,NA,NA,NA,NA,0,0,0,0,NA,NA,NA,NA,NA
"Franz Bechler","98035d7e-3955-11ef-8b94-292be3190b7b",NA,NA,1975,"3/13/1976","42757234-3960-11ef-963b-2906cc9fb6bc","home","TuS Hofweier","SG Dietzenbach",13,13,FALSE,3,NA,NA,0,0,0,NA,0,0,0,0,0,0,NA,NA,NA,NA,NA,NA,NA,NA,0,0,0,0,NA,NA,NA,NA,NA
"Werner Voit","a3b992ef-3955-11ef-84c8-2510cc07ea6e",NA,NA,1975,"3/13/1976","42757234-3960-11ef-963b-2906cc9fb6bc","home","TuS Hofweier","SG Dietzenbach",13,13,FALSE,3,NA,NA,0,0,0,NA,0,0,0,0,0,0,NA,NA,NA,NA,NA,NA,NA,NA,0,0,0,0,NA,NA,NA,NA,NA
"Werner Decker","afcae313-3955-11ef-a9cf-a36230ada079",NA,NA,1975,"3/13/1976","42757234-3960-11ef-963b-2906cc9fb6bc","home","TuS Hofweier","SG Dietzenbach",13,13,FALSE,0,NA,NA,0,0,0,NA,0,0,0,0,0,0,NA,NA,NA,NA,NA,NA,NA,NA,0,0,0,0,NA,NA,NA,NA,NA
"Wolfgang Bruck","afd5808d-3955-11ef-a3c4-a36230ada079",NA,NA,1975,"3/13/1976","42757234-3960-11ef-963b-2906cc9fb6bc","home","TuS Hofweier","SG Dietzenbach",13,13,FALSE,0,NA,NA,0,0,0,NA,0,0,0,0,0,0,NA,NA,NA,NA,NA,NA,NA,NA,0,0,0,0,NA,NA,NA,NA,NA
"Markus Hädrich","ba389acc-3955-11ef-8b9d-ab397f561917",NA,NA,1975,"3/13/1976","42757234-3960-11ef-963b-2906cc9fb6bc","home","TuS Hofweier","SG Dietzenbach",13,13,FALSE,0,NA,NA,0,0,0,NA,0,0,0,0,0,0,NA,NA,NA,NA,NA,NA,NA,NA,0,0,0,0,NA,NA,NA,NA,NA
"Claus Hormel","65a6e4d8-3955-11ef-84ee-292be3190b7b",NA,NA,1975,"3/13/1976","42757234-3960-11ef-963b-2906cc9fb6bc","away","SG Dietzenbach","TuS Hofweier",13,13,FALSE,3,NA,NA,0,0,0,NA,0,0,0,0,0,0,NA,NA,NA,NA,NA,NA,NA,NA,0,0,0,0,NA,NA,NA,NA,NA
"Dieter Schappert","808baa47-3955-11ef-b967-b908c60af10a",NA,NA,1975,"3/13/1976","42757234-3960-11ef-963b-2906cc9fb6bc","away","SG Dietzenbach","TuS Hofweier",13,13,FALSE,1,NA,NA,0,0,0,NA,0,0,0,0,0,0,NA,NA,NA,NA,NA,NA,NA,NA,0,0,0,0,NA,NA,NA,NA,NA
"Milan Krstić","8a85bfb0-3955-11ef-ac1d-81dc40648355",NA,NA,1975,"3/13/1976","42757234-3960-11ef-963b-2906cc9fb6bc","away","SG Dietzenbach","TuS Hofweier",13,13,FALSE,3,NA,NA,0,0,0,NA,0,0,0,0,0,0,NA,NA,NA,NA,NA,NA,NA,NA,0,0,0,0,NA,NA,NA,NA,NA
"Heinz-Walter Behne","8be65881-3955-11ef-8872-81dc40648355",NA,NA,1975,"3/13/1976","42757234-3960-11ef-963b-2906cc9fb6bc","away","SG Dietzenbach","TuS Hofweier",13,13,FALSE,1,NA,NA,0,0,0,NA,0,0,0,0,0,0,NA,NA,NA,NA,NA,NA,NA,NA,0,0,0,0,NA,NA,NA,NA,NA
"Herbert Wehnert","96e104db-3955-11ef-b58d-292be3190b7b",NA,NA,1975,"3/13/1976","42757234-3960-11ef-963b-2906cc9fb6bc","away","SG Dietzenbach","TuS Hofweier",13,13,FALSE,0,NA,NA,0,0,0,NA,0,0,0,0,0,0,NA,NA,NA,NA,NA,NA,NA,NA,0,0,0,0,NA,NA,NA,NA,NA
"Manfred Merk","a2e89182-3955-11ef-b7cf-2510cc07ea6e",NA,NA,1975,"3/13/1976","42757234-3960-11ef-963b-2906cc9fb6bc","away","SG Dietzenbach","TuS Hofweier",13,13,FALSE,0,NA,NA,0,0,0,NA,0,0,0,0,0,0,NA,NA,NA,NA,NA,NA,NA,NA,0,0,0,0,NA,NA,NA,NA,NA
"Klaus Budecker","af1ed2a9-3955-11ef-854d-a36230ada079",NA,NA,1975,"3/13/1976","42757234-3960-11ef-963b-2906cc9fb6bc","away","SG Dietzenbach","TuS Hofweier",13,13,FALSE,0,NA,NA,0,0,0,NA,0,0,0,0,0,0,NA,NA,NA,NA,NA,NA,NA,NA,0,0,0,0,NA,NA,NA,NA,NA
"Ronald Wittig","af27e5c1-3955-11ef-9f41-a36230ada079",NA,NA,1975,"3/13/1976","42757234-3960-11ef-963b-2906cc9fb6bc","away","SG Dietzenbach","TuS Hofweier",13,13,FALSE,1,NA,NA,0,0,0,NA,0,0,0,0,0,0,NA,NA,NA,NA,NA,NA,NA,NA,0,0,0,0,NA,NA,NA,NA,NA
"Heinrich Baum","af2c6c48-3955-11ef-964a-a36230ada079",NA,NA,1975,"3/13/1976","42757234-3960-11ef-963b-2906cc9fb6bc","away","SG Dietzenbach","TuS Hofweier",13,13,FALSE,2,NA,NA,0,0,0,NA,0,0,0,0,0,0,NA,NA,NA,NA,NA,NA,NA,NA,0,0,0,0,NA,NA,NA,NA,NA
"Klaus Rettig","b1d1aa4c-3955-11ef-baf9-a36230ada079",NA,NA,1975,"3/13/1976","42757234-3960-11ef-963b-2906cc9fb6bc","away","SG Dietzenbach","TuS Hofweier",13,13,FALSE,2,NA,NA,0,0,0,NA,0,0,0,0,0,0,NA,NA,NA,NA,NA,NA,NA,NA,0,0,0,0,NA,NA,NA,NA,NA
"Dieter Bartke","4fa6f4fc-3955-11ef-9f16-6d38c0425bc0",NA,NA,1975,"3/14/1976","32728d52-3960-11ef-950b-2906cc9fb6bc","home","SC Phönix Essen 1920","GWD Minden",16,20,FALSE,0,NA,NA,0,0,0,NA,0,0,0,0,0,0,NA,NA,NA,NA,NA,NA,NA,NA,0,0,0,0,NA,NA,NA,NA,NA
"Burkhard Windorf","8b6a317b-3955-11ef-84ca-81dc40648355",NA,NA,1975,"3/14/1976","32728d52-3960-11ef-950b-2906cc9fb6bc","home","SC Phönix Essen 1920","GWD Minden",16,20,FALSE,1,NA,NA,0,0,0,NA,0,0,0,0,0,0,NA,NA,NA,NA,NA,NA,NA,NA,0,0,0,0,NA,NA,NA,NA,NA
"Peter Kleibrink","a1d4c58c-3955-11ef-9cce-2510cc07ea6e",NA,NA,1975,"3/14/1976","32728d52-3960-11ef-950b-2906cc9fb6bc","home","SC Phönix Essen 1920","GWD Minden",16,20,FALSE,2,NA,NA,0,0,0,NA,0,0,0,0,0,0,NA,NA,NA,NA,NA,NA,NA,NA,0,0,0,0,NA,NA,NA,NA,NA
"Peter Bützer","a4cb5a85-3955-11ef-989d-2510cc07ea6e",NA,NA,1975,"3/14/1976","32728d52-3960-11ef-950b-2906cc9fb6bc","home","SC Phönix Essen 1920","GWD Minden",16,20,FALSE,2,NA,NA,0,0,0,NA,0,0,0,0,0,0,NA,NA,NA,NA,NA,NA,NA,NA,0,0,0,0,NA,NA,NA,NA,NA
"Carsten Matuszak","a59daa13-3955-11ef-9206-2510cc07ea6e",NA,NA,1975,"3/14/1976","32728d52-3960-11ef-950b-2906cc9fb6bc","home","SC Phönix Essen 1920","GWD Minden",16,20,FALSE,0,NA,NA,0,0,0,NA,0,0,0,0,0,0,NA,NA,NA,NA,NA,NA,NA,NA,0,0,0,0,NA,NA,NA,NA,NA
"Wilhelm Heidkamp","a5a2ef02-3955-11ef-9852-2510cc07ea6e",NA,NA,1975,"3/14/1976","32728d52-3960-11ef-950b-2906cc9fb6bc","home","SC Phönix Essen 1920","GWD Minden",16,20,FALSE,1,NA,NA,0,0,0,NA,0,0,0,0,0,0,NA,NA,NA,NA,NA,NA,NA,NA,0,0,0,0,NA,NA,NA,NA,NA
"Heinz Oberscheidt","a5ae94f2-3955-11ef-91fc-2510cc07ea6e",NA,NA,1975,"3/14/1976","32728d52-3960-11ef-950b-2906cc9fb6bc","home","SC Phönix Essen 1920","GWD Minden",16,20,FALSE,3,NA,NA,0,0,0,NA,0,0,0,0,0,0,NA,NA,NA,NA,NA,NA,NA,NA,0,0,0,0,NA,NA,NA,NA,NA
"Ingo Callies","b0b0659b-3955-11ef-87aa-a36230ada079",NA,NA,1975,"3/14/1976","32728d52-3960-11ef-950b-2906cc9fb6bc","home","SC Phönix Essen 1920","GWD Minden",16,20,FALSE,6,NA,NA,0,0,2,NA,0,0,0,0,0,0,NA,NA,NA,NA,NA,NA,NA,NA,0,0,0,0,NA,NA,NA,NA,NA
"Peter Forker","b0b50ef2-3955-11ef-964f-a36230ada079",NA,NA,1975,"3/14/1976","32728d52-3960-11ef-950b-2906cc9fb6bc","home","SC Phönix Essen 1920","GWD Minden",16,20,FALSE,1,NA,NA,0,0,0,NA,0,0,0,0,0,0,NA,NA,NA,NA,NA,NA,NA,NA,0,0,0,0,NA,NA,NA,NA,NA
"Emil Hauke","b0ba65f4-3955-11ef-9726-a36230ada079",NA,NA,1975,"3/14/1976","32728d52-3960-11ef-950b-2906cc9fb6bc","home","SC Phönix Essen 1920","GWD Minden",16,20,FALSE,0,NA,NA,0,0,0,NA,0,0,0,0,0,0,NA,NA,NA,NA,NA,NA,NA,NA,0,0,0,0,NA,NA,NA,NA,NA
"Rüdiger Hillebrand","b0c11a9c-3955-11ef-bf0d-a36230ada079",NA,NA,1975,"3/14/1976","32728d52-3960-11ef-950b-2906cc9fb6bc","home","SC Phönix Essen 1920","GWD Minden",16,20,FALSE,0,NA,NA,0,0,0,NA,0,0,0,0,0,0,NA,NA,NA,NA,NA,NA,NA,NA,0,0,0,0,NA,NA,NA,NA,NA
"Rainer Niemeyer","5008ccec-3955-11ef-9f62-6d38c0425bc0",NA,NA,1975,"3/14/1976","32728d52-3960-11ef-950b-2906cc9fb6bc","away","GWD Minden","SC Phönix Essen 1920",20,16,TRUE,0,NA,NA,0,0,0,NA,0,0,0,0,0,0,NA,NA,NA,NA,NA,NA,NA,NA,0,0,0,0,NA,NA,NA,NA,NA
"Hans-Jürgen Grund","81694a24-3955-11ef-9a97-b908c60af10a",NA,NA,1975,"3/14/1976","32728d52-3960-11ef-950b-2906cc9fb6bc","away","GWD Minden","SC Phönix Essen 1920",20,16,TRUE,1,NA,NA,0,0,0,NA,0,0,0,0,0,0,NA,NA,NA,NA,NA,NA,NA,NA,0,0,0,0,NA,NA,NA,NA,NA
"Dieter Waltke","8bbe1a37-3955-11ef-a8ff-81dc40648355",NA,NA,1975,"3/14/1976","32728d52-3960-11ef-950b-2906cc9fb6bc","away","GWD Minden","SC Phönix Essen 1920",20,16,TRUE,3,NA,NA,0,0,0,NA,0,0,0,0,0,0,NA,NA,NA,NA,NA,NA,NA,NA,0,0,0,0,NA,NA,NA,NA,NA
"Bernhard Busch","8dc9280f-3955-11ef-80e2-81dc40648355",NA,NA,1975,"3/14/1976","32728d52-3960-11ef-950b-2906cc9fb6bc","away","GWD Minden","SC Phönix Essen 1920",20,16,TRUE,4,NA,NA,0,0,1,NA,0,0,0,0,0,0,NA,NA,NA,NA,NA,NA,NA,NA,0,0,0,0,NA,NA,NA,NA,NA
"Gerd Becker","96f1e245-3955-11ef-80bc-292be3190b7b",NA,NA,1975,"3/14/1976","32728d52-3960-11ef-950b-2906cc9fb6bc","away","GWD Minden","SC Phönix Essen 1920",20,16,TRUE,4,NA,NA,0,0,0,NA,0,0,0,0,0,0,NA,NA,NA,NA,NA,NA,NA,NA,0,0,0,0,NA,NA,NA,NA,NA
"Walter von Oepen","97f2373d-3955-11ef-82ae-292be3190b7b",NA,NA,1975,"3/14/1976","32728d52-3960-11ef-950b-2906cc9fb6bc","away","GWD Minden","SC Phönix Essen 1920",20,16,TRUE,0,NA,NA,0,0,0,NA,0,0,0,0,0,0,NA,NA,NA,NA,NA,NA,NA,NA,0,0,0,0,NA,NA,NA,NA,NA
"Gerhard Buddenbohm","98e2ecac-3955-11ef-b2de-292be3190b7b",NA,NA,1975,"3/14/1976","32728d52-3960-11ef-950b-2906cc9fb6bc","away","GWD Minden","SC Phönix Essen 1920",20,16,TRUE,1,NA,NA,0,0,0,NA,0,0,0,0,0,0,NA,NA,NA,NA,NA,NA,NA,NA,0,0,0,0,NA,NA,NA,NA,NA
"Ólafur Hlöðver Jónsson","98eb7177-3955-11ef-9bda-292be3190b7b",NA,NA,1975,"3/14/1976","32728d52-3960-11ef-950b-2906cc9fb6bc","away","GWD Minden","SC Phönix Essen 1920",20,16,TRUE,4,NA,NA,0,0,0,NA,0,0,0,0,0,0,NA,NA,NA,NA,NA,NA,NA,NA,0,0,0,0,NA,NA,NA,NA,NA
"Hans Kramer","98f50290-3955-11ef-8aa8-292be3190b7b",NA,NA,1975,"3/14/1976","32728d52-3960-11ef-950b-2906cc9fb6bc","away","GWD Minden","SC Phönix Essen 1920",20,16,TRUE,3,NA,NA,0,0,0,NA,0,0,0,0,0,0,NA,NA,NA,NA,NA,NA,NA,NA,0,0,0,0,NA,NA,NA,NA,NA
"Günter Gieseking","b0015242-3955-11ef-a277-a36230ada079",NA,NA,1975,"3/14/1976","32728d52-3960-11ef-950b-2906cc9fb6bc","away","GWD Minden","SC Phönix Essen 1920",20,16,TRUE,0,NA,NA,0,0,0,NA,0,0,0,0,0,0,NA,NA,NA,NA,NA,NA,NA,NA,0,0,0,0,NA,NA,NA,NA,NA
"Walter Salzer","8d394c72-3955-11ef-8d73-81dc40648355",NA,NA,1975,"3/23/1976","41e0b27d-3960-11ef-bbcb-2906cc9fb6bc","home","TV 1893 Neuhausen","TSV Milbertshofen",14,14,FALSE,3,NA,NA,0,0,0,NA,0,0,0,0,0,0,NA,NA,NA,NA,NA,NA,NA,NA,0,0,0,0,NA,NA,NA,NA,NA
"Hermann Fritz","a4231bd1-3955-11ef-8299-2510cc07ea6e",NA,NA,1975,"3/23/1976","41e0b27d-3960-11ef-bbcb-2906cc9fb6bc","home","TV 1893 Neuhausen","TSV Milbertshofen",14,14,FALSE,0,NA,NA,0,0,0,NA,0,0,0,0,0,0,NA,NA,NA,NA,NA,NA,NA,NA,0,0,0,0,NA,NA,NA,NA,NA
"Klaus Stoll","a42e01cc-3955-11ef-b661-2510cc07ea6e",NA,NA,1975,"3/23/1976","41e0b27d-3960-11ef-bbcb-2906cc9fb6bc","home","TV 1893 Neuhausen","TSV Milbertshofen",14,14,FALSE,0,NA,NA,0,0,0,NA,0,0,0,0,0,0,NA,NA,NA,NA,NA,NA,NA,NA,0,0,0,0,NA,NA,NA,NA,NA
"Manfred Klugger","a43e35c7-3955-11ef-b0dc-2510cc07ea6e",NA,NA,1975,"3/23/1976","41e0b27d-3960-11ef-bbcb-2906cc9fb6bc","home","TV 1893 Neuhausen","TSV Milbertshofen",14,14,FALSE,1,NA,NA,0,0,0,NA,0,0,0,0,0,0,NA,NA,NA,NA,NA,NA,NA,NA,0,0,0,0,NA,NA,NA,NA,NA
"Julius Lehmann","a448c9e2-3955-11ef-9bf8-2510cc07ea6e",NA,NA,1975,"3/23/1976","41e0b27d-3960-11ef-bbcb-2906cc9fb6bc","home","TV 1893 Neuhausen","TSV Milbertshofen",14,14,FALSE,1,NA,NA,0,0,0,NA,0,0,0,0,0,0,NA,NA,NA,NA,NA,NA,NA,NA,0,0,0,0,NA,NA,NA,NA,NA
"Hermann Mäurle","a44f95e3-3955-11ef-b53d-2510cc07ea6e",NA,NA,1975,"3/23/1976","41e0b27d-3960-11ef-bbcb-2906cc9fb6bc","home","TV 1893 Neuhausen","TSV Milbertshofen",14,14,FALSE,3,NA,NA,0,0,3,NA,0,0,0,0,0,0,NA,NA,NA,NA,NA,NA,NA,NA,0,0,0,0,NA,NA,NA,NA,NA
"Rolf Miller","a4552808-3955-11ef-ac39-2510cc07ea6e",NA,NA,1975,"3/23/1976","41e0b27d-3960-11ef-bbcb-2906cc9fb6bc","home","TV 1893 Neuhausen","TSV Milbertshofen",14,14,FALSE,4,NA,NA,0,0,0,NA,0,0,0,0,0,0,NA,NA,NA,NA,NA,NA,NA,NA,0,0,0,0,NA,NA,NA,NA,NA
"Manfred Reusch","a45a1b11-3955-11ef-8135-2510cc07ea6e",NA,NA,1975,"3/23/1976","41e0b27d-3960-11ef-bbcb-2906cc9fb6bc","home","TV 1893 Neuhausen","TSV Milbertshofen",14,14,FALSE,1,NA,NA,0,0,0,NA,0,0,0,0,0,0,NA,NA,NA,NA,NA,NA,NA,NA,0,0,0,0,NA,NA,NA,NA,NA
"Eugen Schmid","a460a6b1-3955-11ef-966d-2510cc07ea6e",NA,NA,1975,"3/23/1976","41e0b27d-3960-11ef-bbcb-2906cc9fb6bc","home","TV 1893 Neuhausen","TSV Milbertshofen",14,14,FALSE,0,NA,NA,0,0,0,NA,0,0,0,0,0,0,NA,NA,NA,NA,NA,NA,NA,NA,0,0,0,0,NA,NA,NA,NA,NA
"Manfred Schmid","a468025d-3955-11ef-ae56-2510cc07ea6e",NA,NA,1975,"3/23/1976","41e0b27d-3960-11ef-bbcb-2906cc9fb6bc","home","TV 1893 Neuhausen","TSV Milbertshofen",14,14,FALSE,0,NA,NA,0,0,0,NA,0,0,0,0,0,0,NA,NA,NA,NA,NA,NA,NA,NA,0,0,0,0,NA,NA,NA,NA,NA
"Wolfgang Ruoff","b21c931a-3955-11ef-96d4-a36230ada079",NA,NA,1975,"3/23/1976","41e0b27d-3960-11ef-bbcb-2906cc9fb6bc","home","TV 1893 Neuhausen","TSV Milbertshofen",14,14,FALSE,0,NA,NA,0,0,0,NA,0,0,0,0,0,0,NA,NA,NA,NA,NA,NA,NA,NA,0,0,0,0,NA,NA,NA,NA,NA
"Johann Högl","b2211f04-3955-11ef-a5bd-a36230ada079",NA,NA,1975,"3/23/1976","41e0b27d-3960-11ef-bbcb-2906cc9fb6bc","home","TV 1893 Neuhausen","TSV Milbertshofen",14,14,FALSE,1,NA,NA,0,0,0,NA,0,0,0,0,0,0,NA,NA,NA,NA,NA,NA,NA,NA,0,0,0,0,NA,NA,NA,NA,NA
"Richard Mayr","751d6672-3955-11ef-a322-51fdf2a82730",NA,NA,1975,"3/23/1976","41e0b27d-3960-11ef-bbcb-2906cc9fb6bc","away","TSV Milbertshofen","TV 1893 Neuhausen",14,14,FALSE,0,NA,NA,0,0,0,NA,0,0,0,0,0,0,NA,NA,NA,NA,NA,NA,NA,NA,0,0,0,0,NA,NA,NA,NA,NA
"Jochen Frank","7ee9b472-3955-11ef-ab0f-b908c60af10a",NA,NA,1975,"3/23/1976","41e0b27d-3960-11ef-bbcb-2906cc9fb6bc","away","TSV Milbertshofen","TV 1893 Neuhausen",14,14,FALSE,5,NA,NA,0,0,1,NA,0,0,0,0,0,0,NA,NA,NA,NA,NA,NA,NA,NA,0,0,0,0,NA,NA,NA,NA,NA
"Udo Böbel","80d4ba37-3955-11ef-9d8b-b908c60af10a",NA,NA,1975,"3/23/1976","41e0b27d-3960-11ef-bbcb-2906cc9fb6bc","away","TSV Milbertshofen","TV 1893 Neuhausen",14,14,FALSE,3,NA,NA,0,0,2,NA,0,0,0,0,0,0,NA,NA,NA,NA,NA,NA,NA,NA,0,0,0,0,NA,NA,NA,NA,NA
"Peter Jaschke","8b728782-3955-11ef-8da6-81dc40648355",NA,NA,1975,"3/23/1976","41e0b27d-3960-11ef-bbcb-2906cc9fb6bc","away","TSV Milbertshofen","TV 1893 Neuhausen",14,14,FALSE,0,NA,NA,0,0,0,NA,0,0,0,0,0,0,NA,NA,NA,NA,NA,NA,NA,NA,0,0,0,0,NA,NA,NA,NA,NA
"Lothar Weingärtner","8dbf003c-3955-11ef-879b-81dc40648355",NA,NA,1975,"3/23/1976","41e0b27d-3960-11ef-bbcb-2906cc9fb6bc","away","TSV Milbertshofen","TV 1893 Neuhausen",14,14,FALSE,1,NA,NA,0,0,0,NA,0,0,0,0,0,0,NA,NA,NA,NA,NA,NA,NA,NA,0,0,0,0,NA,NA,NA,NA,NA
"Werner Winkelmeier","9712104e-3955-11ef-9613-292be3190b7b",NA,NA,1975,"3/23/1976","41e0b27d-3960-11ef-bbcb-2906cc9fb6bc","away","TSV Milbertshofen","TV 1893 Neuhausen",14,14,FALSE,1,NA,NA,0,0,0,NA,0,0,0,0,0,0,NA,NA,NA,NA,NA,NA,NA,NA,0,0,0,0,NA,NA,NA,NA,NA
"Rudolf Dobler","97ac407c-3955-11ef-9ea9-292be3190b7b",NA,NA,1975,"3/23/1976","41e0b27d-3960-11ef-bbcb-2906cc9fb6bc","away","TSV Milbertshofen","TV 1893 Neuhausen",14,14,FALSE,2,NA,NA,0,0,0,NA,0,0,0,0,0,0,NA,NA,NA,NA,NA,NA,NA,NA,0,0,0,0,NA,NA,NA,NA,NA
"Jochen Heyne","b1c06894-3955-11ef-ab50-a36230ada079",NA,NA,1975,"3/23/1976","41e0b27d-3960-11ef-bbcb-2906cc9fb6bc","away","TSV Milbertshofen","TV 1893 Neuhausen",14,14,FALSE,1,NA,NA,0,0,0,NA,0,0,0,0,0,0,NA,NA,NA,NA,NA,NA,NA,NA,0,0,0,0,NA,NA,NA,NA,NA
"Helmut Schelchshorn","b1c960ef-3955-11ef-850b-a36230ada079",NA,NA,1975,"3/23/1976","41e0b27d-3960-11ef-bbcb-2906cc9fb6bc","away","TSV Milbertshofen","TV 1893 Neuhausen",14,14,FALSE,1,NA,NA,0,0,0,NA,0,0,0,0,0,0,NA,NA,NA,NA,NA,NA,NA,NA,0,0,0,0,NA,NA,NA,NA,NA
"Hans-Dieter Schmitz","51093bea-3955-11ef-bc25-6d38c0425bc0",NA,NA,1975,"3/27/1976","36d3c9c8-3960-11ef-894c-2906cc9fb6bc","home","OSC 04 Rheinhausen","VfL Lübeck-Schwartau",14,15,FALSE,3,NA,NA,0,0,0,NA,0,0,0,0,0,0,NA,NA,NA,NA,NA,NA,NA,NA,0,0,0,0,NA,NA,NA,NA,NA
"Reinhard Heusen van der","7142d419-3955-11ef-8654-51fdf2a82730",NA,NA,1975,"3/27/1976","36d3c9c8-3960-11ef-894c-2906cc9fb6bc","home","OSC 04 Rheinhausen","VfL Lübeck-Schwartau",14,15,FALSE,1,NA,NA,0,0,0,NA,0,0,0,0,0,0,NA,NA,NA,NA,NA,NA,NA,NA,0,0,0,0,NA,NA,NA,NA,NA
"Gerd Rosendahl","7501cfa1-3955-11ef-95a2-51fdf2a82730",NA,NA,1975,"3/27/1976","36d3c9c8-3960-11ef-894c-2906cc9fb6bc","home","OSC 04 Rheinhausen","VfL Lübeck-Schwartau",14,15,FALSE,0,NA,NA,0,0,0,NA,0,0,0,0,0,0,NA,NA,NA,NA,NA,NA,NA,NA,0,0,0,0,NA,NA,NA,NA,NA
"Harry Keller","7e4b9df1-3955-11ef-80fd-b908c60af10a",NA,NA,1975,"3/27/1976","36d3c9c8-3960-11ef-894c-2906cc9fb6bc","home","OSC 04 Rheinhausen","VfL Lübeck-Schwartau",14,15,FALSE,1,NA,NA,0,0,0,NA,0,0,0,0,0,0,NA,NA,NA,NA,NA,NA,NA,NA,0,0,0,0,NA,NA,NA,NA,NA
"Uwe Laaser","8157221e-3955-11ef-a944-b908c60af10a",NA,NA,1975,"3/27/1976","36d3c9c8-3960-11ef-894c-2906cc9fb6bc","home","OSC 04 Rheinhausen","VfL Lübeck-Schwartau",14,15,FALSE,2,NA,NA,0,0,0,NA,0,0,0,0,0,0,NA,NA,NA,NA,NA,NA,NA,NA,0,0,0,0,NA,NA,NA,NA,NA
"Christoph Kolodziej","8dbac357-3955-11ef-be9b-81dc40648355",NA,NA,1975,"3/27/1976","36d3c9c8-3960-11ef-894c-2906cc9fb6bc","home","OSC 04 Rheinhausen","VfL Lübeck-Schwartau",14,15,FALSE,1,NA,NA,0,0,1,NA,0,0,0,0,0,0,NA,NA,NA,NA,NA,NA,NA,NA,0,0,0,0,NA,NA,NA,NA,NA
"Hans-Gerd Nellen","a1ba59d4-3955-11ef-b73b-2510cc07ea6e",NA,NA,1975,"3/27/1976","36d3c9c8-3960-11ef-894c-2906cc9fb6bc","home","OSC 04 Rheinhausen","VfL Lübeck-Schwartau",14,15,FALSE,0,NA,NA,0,0,0,NA,0,0,0,0,0,0,NA,NA,NA,NA,NA,NA,NA,NA,0,0,0,0,NA,NA,NA,NA,NA
"Jadranko Demirović","a1caaba8-3955-11ef-8081-2510cc07ea6e",NA,NA,1975,"3/27/1976","36d3c9c8-3960-11ef-894c-2906cc9fb6bc","home","OSC 04 Rheinhausen","VfL Lübeck-Schwartau",14,15,FALSE,0,NA,NA,0,0,0,NA,0,0,0,0,0,0,NA,NA,NA,NA,NA,NA,NA,NA,0,0,0,0,NA,NA,NA,NA,NA
"Norbert Meister","a610e086-3955-11ef-bf85-2510cc07ea6e",NA,NA,1975,"3/27/1976","36d3c9c8-3960-11ef-894c-2906cc9fb6bc","home","OSC 04 Rheinhausen","VfL Lübeck-Schwartau",14,15,FALSE,0,NA,NA,0,0,0,NA,0,0,0,0,0,0,NA,NA,NA,NA,NA,NA,NA,NA,0,0,0,0,NA,NA,NA,NA,NA
"Werner Herling","a61b6e80-3955-11ef-b2d4-2510cc07ea6e",NA,NA,1975,"3/27/1976","36d3c9c8-3960-11ef-894c-2906cc9fb6bc","home","OSC 04 Rheinhausen","VfL Lübeck-Schwartau",14,15,FALSE,0,NA,NA,0,0,0,NA,0,0,0,0,0,0,NA,NA,NA,NA,NA,NA,NA,NA,0,0,0,0,NA,NA,NA,NA,NA
"Burkhard Nagel","a6312ffa-3955-11ef-9438-2510cc07ea6e",NA,NA,1975,"3/27/1976","36d3c9c8-3960-11ef-894c-2906cc9fb6bc","home","OSC 04 Rheinhausen","VfL Lübeck-Schwartau",14,15,FALSE,6,NA,NA,0,0,0,NA,0,0,0,0,0,0,NA,NA,NA,NA,NA,NA,NA,NA,0,0,0,0,NA,NA,NA,NA,NA
"Klaus-Peter Alwardt","800d39da-3955-11ef-bf47-b908c60af10a",NA,NA,1975,"3/27/1976","36d3c9c8-3960-11ef-894c-2906cc9fb6bc","away","VfL Lübeck-Schwartau","OSC 04 Rheinhausen",15,14,TRUE,2,NA,NA,0,0,0,NA,0,0,0,0,0,0,NA,NA,NA,NA,NA,NA,NA,NA,0,0,0,0,NA,NA,NA,NA,NA
"Michael Dogs","b0cecb4a-3955-11ef-b665-a36230ada079",NA,NA,1975,"3/27/1976","36d3c9c8-3960-11ef-894c-2906cc9fb6bc","away","VfL Lübeck-Schwartau","OSC 04 Rheinhausen",15,14,TRUE,0,NA,NA,0,0,0,NA,0,0,0,0,0,0,NA,NA,NA,NA,NA,NA,NA,NA,0,0,0,0,NA,NA,NA,NA,NA
"Claus Gramkow","b0d7d6e6-3955-11ef-bb1c-a36230ada079",NA,NA,1975,"3/27/1976","36d3c9c8-3960-11ef-894c-2906cc9fb6bc","away","VfL Lübeck-Schwartau","OSC 04 Rheinhausen",15,14,TRUE,0,NA,NA,0,0,0,NA,0,0,0,0,0,0,NA,NA,NA,NA,NA,NA,NA,NA,0,0,0,0,NA,NA,NA,NA,NA
"Joachim Römer","b0dcb8e7-3955-11ef-83ab-a36230ada079",NA,NA,1975,"3/27/1976","36d3c9c8-3960-11ef-894c-2906cc9fb6bc","away","VfL Lübeck-Schwartau","OSC 04 Rheinhausen",15,14,TRUE,4,NA,NA,0,0,2,NA,0,0,0,0,0,0,NA,NA,NA,NA,NA,NA,NA,NA,0,0,0,0,NA,NA,NA,NA,NA
"Ulrich Diener","b0e514eb-3955-11ef-b430-a36230ada079",NA,NA,1975,"3/27/1976","36d3c9c8-3960-11ef-894c-2906cc9fb6bc","away","VfL Lübeck-Schwartau","OSC 04 Rheinhausen",15,14,TRUE,0,NA,NA,0,0,0,NA,0,0,0,0,0,0,NA,NA,NA,NA,NA,NA,NA,NA,0,0,0,0,NA,NA,NA,NA,NA
"Peter Görtz","b0e9ae8f-3955-11ef-aa48-a36230ada079",NA,NA,1975,"3/27/1976","36d3c9c8-3960-11ef-894c-2906cc9fb6bc","away","VfL Lübeck-Schwartau","OSC 04 Rheinhausen",15,14,TRUE,3,NA,NA,0,0,0,NA,0,0,0,0,0,0,NA,NA,NA,NA,NA,NA,NA,NA,0,0,0,0,NA,NA,NA,NA,NA
"Ulrich Kleinstoll","b0f37438-3955-11ef-84e6-a36230ada079",NA,NA,1975,"3/27/1976","36d3c9c8-3960-11ef-894c-2906cc9fb6bc","away","VfL Lübeck-Schwartau","OSC 04 Rheinhausen",15,14,TRUE,3,NA,NA,0,0,0,NA,0,0,0,0,0,0,NA,NA,NA,NA,NA,NA,NA,NA,0,0,0,0,NA,NA,NA,NA,NA
"Thomas Kluth","b0f877c0-3955-11ef-a314-a36230ada079",NA,NA,1975,"3/27/1976","36d3c9c8-3960-11ef-894c-2906cc9fb6bc","away","VfL Lübeck-Schwartau","OSC 04 Rheinhausen",15,14,TRUE,0,NA,NA,0,0,0,NA,0,0,0,0,0,0,NA,NA,NA,NA,NA,NA,NA,NA,0,0,0,0,NA,NA,NA,NA,NA
"Siegfried Berg","b10d3ec3-3955-11ef-8a30-a36230ada079",NA,NA,1975,"3/27/1976","36d3c9c8-3960-11ef-894c-2906cc9fb6bc","away","VfL Lübeck-Schwartau","OSC 04 Rheinhausen",15,14,TRUE,3,NA,NA,0,0,0,NA,0,0,0,0,0,0,NA,NA,NA,NA,NA,NA,NA,NA,0,0,0,0,NA,NA,NA,NA,NA
"Udo Klenk","8deb261a-3955-11ef-90c3-81dc40648355",NA,NA,1975,"3/27/1976","3e5fac56-3960-11ef-9fc2-2906cc9fb6bc","home","S3L Handball","TV 05/07 Hüttenberg",21,15,TRUE,2,NA,NA,0,0,0,NA,0,0,0,0,0,0,NA,NA,NA,NA,NA,NA,NA,NA,0,0,0,0,NA,NA,NA,NA,NA
"Manfred Müller","ae54e819-3955-11ef-81e8-a36230ada079",NA,NA,1975,"3/27/1976","3e5fac56-3960-11ef-9fc2-2906cc9fb6bc","home","S3L Handball","TV 05/07 Hüttenberg",21,15,TRUE,0,NA,NA,0,0,0,NA,0,0,0,0,0,0,NA,NA,NA,NA,NA,NA,NA,NA,0,0,0,0,NA,NA,NA,NA,NA
"Georg Fitz","ae68320c-3955-11ef-89fa-a36230ada079",NA,NA,1975,"3/27/1976","3e5fac56-3960-11ef-9fc2-2906cc9fb6bc","home","S3L Handball","TV 05/07 Hüttenberg",21,15,TRUE,2,NA,NA,0,0,0,NA,0,0,0,0,0,0,NA,NA,NA,NA,NA,NA,NA,NA,0,0,0,0,NA,NA,NA,NA,NA
"Franz Rupp","ae6c7950-3955-11ef-87dd-a36230ada079",NA,NA,1975,"3/27/1976","3e5fac56-3960-11ef-9fc2-2906cc9fb6bc","home","S3L Handball","TV 05/07 Hüttenberg",21,15,TRUE,3,NA,NA,0,0,0,NA,0,0,0,0,0,0,NA,NA,NA,NA,NA,NA,NA,NA,0,0,0,0,NA,NA,NA,NA,NA
"Bernd Frühauf","ae71d80f-3955-11ef-a219-a36230ada079",NA,NA,1975,"3/27/1976","3e5fac56-3960-11ef-9fc2-2906cc9fb6bc","home","S3L Handball","TV 05/07 Hüttenberg",21,15,TRUE,2,NA,NA,0,0,0,NA,0,0,0,0,0,0,NA,NA,NA,NA,NA,NA,NA,NA,0,0,0,0,NA,NA,NA,NA,NA
"Wolfgang Sättele","ae76c01d-3955-11ef-bfb9-a36230ada079",NA,NA,1975,"3/27/1976","3e5fac56-3960-11ef-9fc2-2906cc9fb6bc","home","S3L Handball","TV 05/07 Hüttenberg",21,15,TRUE,3,NA,NA,0,0,0,NA,0,0,0,0,0,0,NA,NA,NA,NA,NA,NA,NA,NA,0,0,0,0,NA,NA,NA,NA,NA
"Joachim Hafemeister","ae7b4523-3955-11ef-b064-a36230ada079",NA,NA,1975,"3/27/1976","3e5fac56-3960-11ef-9fc2-2906cc9fb6bc","home","S3L Handball","TV 05/07 Hüttenberg",21,15,TRUE,1,NA,NA,0,0,0,NA,0,0,0,0,0,0,NA,NA,NA,NA,NA,NA,NA,NA,0,0,0,0,NA,NA,NA,NA,NA
"Jürgen Hahn","ae947745-3955-11ef-bc54-a36230ada079",NA,NA,1975,"3/27/1976","3e5fac56-3960-11ef-9fc2-2906cc9fb6bc","home","S3L Handball","TV 05/07 Hüttenberg",21,15,TRUE,2,NA,NA,0,0,0,NA,0,0,0,0,0,0,NA,NA,NA,NA,NA,NA,NA,NA,0,0,0,0,NA,NA,NA,NA,NA
"Rolf Kuchenbecker","ae99100e-3955-11ef-9c32-a36230ada079",NA,NA,1975,"3/27/1976","3e5fac56-3960-11ef-9fc2-2906cc9fb6bc","home","S3L Handball","TV 05/07 Hüttenberg",21,15,TRUE,5,NA,NA,0,0,4,NA,0,0,0,0,0,0,NA,NA,NA,NA,NA,NA,NA,NA,0,0,0,0,NA,NA,NA,NA,NA
"Franz Götz","aea2eb0e-3955-11ef-b230-a36230ada079",NA,NA,1975,"3/27/1976","3e5fac56-3960-11ef-9fc2-2906cc9fb6bc","home","S3L Handball","TV 05/07 Hüttenberg",21,15,TRUE,1,NA,NA,0,0,0,NA,0,0,0,0,0,0,NA,NA,NA,NA,NA,NA,NA,NA,0,0,0,0,NA,NA,NA,NA,NA
"Hansjörg Jäck","b166bd31-3955-11ef-bed1-a36230ada079",NA,NA,1975,"3/27/1976","3e5fac56-3960-11ef-9fc2-2906cc9fb6bc","home","S3L Handball","TV 05/07 Hüttenberg",21,15,TRUE,0,NA,NA,0,0,0,NA,0,0,0,0,0,0,NA,NA,NA,NA,NA,NA,NA,NA,0,0,0,0,NA,NA,NA,NA,NA
"Walter Don","73f54ad3-3955-11ef-b2c6-51fdf2a82730",NA,NA,1975,"3/27/1976","3e5fac56-3960-11ef-9fc2-2906cc9fb6bc","away","TV 05/07 Hüttenberg","S3L Handball",15,21,FALSE,8,NA,NA,0,0,7,NA,0,0,0,0,0,0,NA,NA,NA,NA,NA,NA,NA,NA,0,0,0,0,NA,NA,NA,NA,NA
"Harald Ohly","8048d89d-3955-11ef-a214-b908c60af10a",NA,NA,1975,"3/27/1976","3e5fac56-3960-11ef-9fc2-2906cc9fb6bc","away","TV 05/07 Hüttenberg","S3L Handball",15,21,FALSE,3,NA,NA,0,0,0,NA,0,0,0,0,0,0,NA,NA,NA,NA,NA,NA,NA,NA,0,0,0,0,NA,NA,NA,NA,NA
"Siegfried Weber","807d098c-3955-11ef-8827-b908c60af10a",NA,NA,1975,"3/27/1976","3e5fac56-3960-11ef-9fc2-2906cc9fb6bc","away","TV 05/07 Hüttenberg","S3L Handball",15,21,FALSE,0,NA,NA,0,0,0,NA,0,0,0,0,0,0,NA,NA,NA,NA,NA,NA,NA,NA,0,0,0,0,NA,NA,NA,NA,NA
"Horst Spengler","80adf446-3955-11ef-a1e6-b908c60af10a",NA,NA,1975,"3/27/1976","3e5fac56-3960-11ef-9fc2-2906cc9fb6bc","away","TV 05/07 Hüttenberg","S3L Handball",15,21,FALSE,0,NA,NA,0,0,0,NA,0,0,0,0,0,0,NA,NA,NA,NA,NA,NA,NA,NA,0,0,0,0,NA,NA,NA,NA,NA
"Klaus Meineke","8d0eefb2-3955-11ef-a068-81dc40648355",NA,NA,1975,"3/27/1976","3e5fac56-3960-11ef-9fc2-2906cc9fb6bc","away","TV 05/07 Hüttenberg","S3L Handball",15,21,FALSE,3,NA,NA,0,0,0,NA,0,0,0,0,0,0,NA,NA,NA,NA,NA,NA,NA,NA,0,0,0,0,NA,NA,NA,NA,NA
"Roland Stoy","96890f7d-3955-11ef-939e-292be3190b7b",NA,NA,1975,"3/27/1976","3e5fac56-3960-11ef-9fc2-2906cc9fb6bc","away","TV 05/07 Hüttenberg","S3L Handball",15,21,FALSE,0,NA,NA,0,0,0,NA,0,0,0,0,0,0,NA,NA,NA,NA,NA,NA,NA,NA,0,0,0,0,NA,NA,NA,NA,NA
"Hans-Willi Weber","a3f62960-3955-11ef-a9a1-2510cc07ea6e",NA,NA,1975,"3/27/1976","3e5fac56-3960-11ef-9fc2-2906cc9fb6bc","away","TV 05/07 Hüttenberg","S3L Handball",15,21,FALSE,0,NA,NA,0,0,0,NA,0,0,0,0,0,0,NA,NA,NA,NA,NA,NA,NA,NA,0,0,0,0,NA,NA,NA,NA,NA
"Reinhold Wiener","b152eab6-3955-11ef-82b5-a36230ada079",NA,NA,1975,"3/27/1976","3e5fac56-3960-11ef-9fc2-2906cc9fb6bc","away","TV 05/07 Hüttenberg","S3L Handball",15,21,FALSE,1,NA,NA,0,0,0,NA,0,0,0,0,0,0,NA,NA,NA,NA,NA,NA,NA,NA,0,0,0,0,NA,NA,NA,NA,NA
"Josef Mantz","b15c537d-3955-11ef-b17c-a36230ada079",NA,NA,1975,"3/27/1976","3e5fac56-3960-11ef-9fc2-2906cc9fb6bc","away","TV 05/07 Hüttenberg","S3L Handball",15,21,FALSE,0,NA,NA,0,0,0,NA,0,0,0,0,0,0,NA,NA,NA,NA,NA,NA,NA,NA,0,0,0,0,NA,NA,NA,NA,NA
"Winfried Damm","73c56170-3955-11ef-9cca-51fdf2a82730",NA,NA,1975,"3/27/1976","405b4686-3960-11ef-b365-2906cc9fb6bc","home","TSV 1896 Rintheim","TV Großwallstadt",13,10,TRUE,1,NA,NA,0,0,0,NA,0,0,0,0,0,0,NA,NA,NA,NA,NA,NA,NA,NA,0,0,0,0,NA,NA,NA,NA,NA
"Gerhard Gaiser","7fd4e3db-3955-11ef-b327-b908c60af10a",NA,NA,1975,"3/27/1976","405b4686-3960-11ef-b365-2906cc9fb6bc","home","TSV 1896 Rintheim","TV Großwallstadt",13,10,TRUE,3,NA,NA,0,0,0,NA,0,0,0,0,0,0,NA,NA,NA,NA,NA,NA,NA,NA,0,0,0,0,NA,NA,NA,NA,NA
"Roland Kröger","81272d6a-3955-11ef-b027-b908c60af10a",NA,NA,1975,"3/27/1976","405b4686-3960-11ef-b365-2906cc9fb6bc","home","TSV 1896 Rintheim","TV Großwallstadt",13,10,TRUE,0,NA,NA,0,0,0,NA,0,0,0,0,0,0,NA,NA,NA,NA,NA,NA,NA,NA,0,0,0,0,NA,NA,NA,NA,NA
"Manfred Schulz","8bc2b5ea-3955-11ef-8d03-81dc40648355",NA,NA,1975,"3/27/1976","405b4686-3960-11ef-b365-2906cc9fb6bc","home","TSV 1896 Rintheim","TV Großwallstadt",13,10,TRUE,0,NA,NA,0,0,0,NA,0,0,0,0,0,0,NA,NA,NA,NA,NA,NA,NA,NA,0,0,0,0,NA,NA,NA,NA,NA
"Max Müller","99453a6b-3955-11ef-84c2-292be3190b7b",NA,NA,1975,"3/27/1976","405b4686-3960-11ef-b365-2906cc9fb6bc","home","TSV 1896 Rintheim","TV Großwallstadt",13,10,TRUE,3,NA,NA,0,0,1,NA,0,0,0,0,0,0,NA,NA,NA,NA,NA,NA,NA,NA,0,0,0,0,NA,NA,NA,NA,NA
"Alfred Schmitt","a25e1dab-3955-11ef-b412-2510cc07ea6e",NA,NA,1975,"3/27/1976","405b4686-3960-11ef-b365-2906cc9fb6bc","home","TSV 1896 Rintheim","TV Großwallstadt",13,10,TRUE,0,NA,NA,0,0,0,NA,0,0,0,0,0,0,NA,NA,NA,NA,NA,NA,NA,NA,0,0,0,0,NA,NA,NA,NA,NA
"Rudi Stein","a27f8606-3955-11ef-8352-2510cc07ea6e",NA,NA,1975,"3/27/1976","405b4686-3960-11ef-b365-2906cc9fb6bc","home","TSV 1896 Rintheim","TV Großwallstadt",13,10,TRUE,2,NA,NA,0,0,1,NA,0,0,0,0,0,0,NA,NA,NA,NA,NA,NA,NA,NA,0,0,0,0,NA,NA,NA,NA,NA
"Rudi Lechleidner","aec862a4-3955-11ef-ad66-a36230ada079",NA,NA,1975,"3/27/1976","405b4686-3960-11ef-b365-2906cc9fb6bc","home","TSV 1896 Rintheim","TV Großwallstadt",13,10,TRUE,1,NA,NA,0,0,0,NA,0,0,0,0,0,0,NA,NA,NA,NA,NA,NA,NA,NA,0,0,0,0,NA,NA,NA,NA,NA
"Wilfried Job","af3ed007-3955-11ef-9184-a36230ada079",NA,NA,1975,"3/27/1976","405b4686-3960-11ef-b365-2906cc9fb6bc","home","TSV 1896 Rintheim","TV Großwallstadt",13,10,TRUE,1,NA,NA,0,0,0,NA,0,0,0,0,0,0,NA,NA,NA,NA,NA,NA,NA,NA,0,0,0,0,NA,NA,NA,NA,NA
"Claus Erles","af42e492-3955-11ef-a26e-a36230ada079",NA,NA,1975,"3/27/1976","405b4686-3960-11ef-b365-2906cc9fb6bc","home","TSV 1896 Rintheim","TV Großwallstadt",13,10,TRUE,2,NA,NA,0,0,0,NA,0,0,0,0,0,0,NA,NA,NA,NA,NA,NA,NA,NA,0,0,0,0,NA,NA,NA,NA,NA
"Peter Maier","af4e0d17-3955-11ef-8763-a36230ada079",NA,NA,1975,"3/27/1976","405b4686-3960-11ef-b365-2906cc9fb6bc","home","TSV 1896 Rintheim","TV Großwallstadt",13,10,TRUE,0,NA,NA,0,0,0,NA,0,0,0,0,0,0,NA,NA,NA,NA,NA,NA,NA,NA,0,0,0,0,NA,NA,NA,NA,NA
"Kurt Klühspies","5ac3e7d7-3955-11ef-b574-4fa817cd91bb",NA,NA,1975,"3/27/1976","405b4686-3960-11ef-b365-2906cc9fb6bc","away","TV Großwallstadt","TSV 1896 Rintheim",10,13,FALSE,3,NA,NA,0,0,0,NA,0,0,0,0,0,0,NA,NA,NA,NA,NA,NA,NA,NA,0,0,0,0,NA,NA,NA,NA,NA
"Manfred Hofmann","6855eb0b-3955-11ef-8cb3-292be3190b7b",NA,NA,1975,"3/27/1976","405b4686-3960-11ef-b365-2906cc9fb6bc","away","TV Großwallstadt","TSV 1896 Rintheim",10,13,FALSE,0,NA,NA,0,0,0,NA,0,0,0,0,0,0,NA,NA,NA,NA,NA,NA,NA,NA,0,0,0,0,NA,NA,NA,NA,NA
"Heinz-Theo Kaus","8086fdf9-3955-11ef-938f-b908c60af10a",NA,NA,1975,"3/27/1976","405b4686-3960-11ef-b365-2906cc9fb6bc","away","TV Großwallstadt","TSV 1896 Rintheim",10,13,FALSE,0,NA,NA,0,0,0,NA,0,0,0,0,0,0,NA,NA,NA,NA,NA,NA,NA,NA,0,0,0,0,NA,NA,NA,NA,NA
"Thomas Sinsel","8adb8152-3955-11ef-b2de-81dc40648355",NA,NA,1975,"3/27/1976","405b4686-3960-11ef-b365-2906cc9fb6bc","away","TV Großwallstadt","TSV 1896 Rintheim",10,13,FALSE,1,NA,NA,0,0,0,NA,0,0,0,0,0,0,NA,NA,NA,NA,NA,NA,NA,NA,0,0,0,0,NA,NA,NA,NA,NA
"Manfred Schwarz","96d98e53-3955-11ef-a3c9-292be3190b7b",NA,NA,1975,"3/27/1976","405b4686-3960-11ef-b365-2906cc9fb6bc","away","TV Großwallstadt","TSV 1896 Rintheim",10,13,FALSE,2,NA,NA,0,0,0,NA,0,0,0,0,0,0,NA,NA,NA,NA,NA,NA,NA,NA,0,0,0,0,NA,NA,NA,NA,NA
"Ulrich Schulz","9972a35f-3955-11ef-a06d-292be3190b7b",NA,NA,1975,"3/27/1976","405b4686-3960-11ef-b365-2906cc9fb6bc","away","TV Großwallstadt","TSV 1896 Rintheim",10,13,FALSE,0,NA,NA,0,0,0,NA,0,0,0,0,0,0,NA,NA,NA,NA,NA,NA,NA,NA,0,0,0,0,NA,NA,NA,NA,NA
"Arno Böckling","a3c38db5-3955-11ef-810f-2510cc07ea6e",NA,NA,1975,"3/27/1976","405b4686-3960-11ef-b365-2906cc9fb6bc","away","TV Großwallstadt","TSV 1896 Rintheim",10,13,FALSE,1,NA,NA,0,0,0,NA,0,0,0,0,0,0,NA,NA,NA,NA,NA,NA,NA,NA,0,0,0,0,NA,NA,NA,NA,NA
"Eckhardt Suffel","aeac0503-3955-11ef-88c6-a36230ada079",NA,NA,1975,"3/27/1976","405b4686-3960-11ef-b365-2906cc9fb6bc","away","TV Großwallstadt","TSV 1896 Rintheim",10,13,FALSE,1,NA,NA,0,0,0,NA,0,0,0,0,0,0,NA,NA,NA,NA,NA,NA,NA,NA,0,0,0,0,NA,NA,NA,NA,NA
"Manfred Meudt","af9be5ed-3955-11ef-a3e3-a36230ada079",NA,NA,1975,"3/27/1976","405b4686-3960-11ef-b365-2906cc9fb6bc","away","TV Großwallstadt","TSV 1896 Rintheim",10,13,FALSE,1,NA,NA,0,0,0,NA,0,0,0,0,0,0,NA,NA,NA,NA,NA,NA,NA,NA,0,0,0,0,NA,NA,NA,NA,NA
"Norbert Klein","b18179dc-3955-11ef-acc0-a36230ada079",NA,NA,1975,"3/27/1976","405b4686-3960-11ef-b365-2906cc9fb6bc","away","TV Großwallstadt","TSV 1896 Rintheim",10,13,FALSE,1,NA,NA,0,0,0,NA,0,0,0,0,0,0,NA,NA,NA,NA,NA,NA,NA,NA,0,0,0,0,NA,NA,NA,NA,NA
"Arnulf Dümmel","81093055-3955-11ef-9deb-b908c60af10a",NA,NA,1975,"3/27/1976","4334b0c1-3960-11ef-9a1a-2906cc9fb6bc","home","FRISCH AUF! Göppingen","TV 1893 Neuhausen",18,16,TRUE,1,NA,NA,0,0,0,NA,0,0,0,0,0,0,NA,NA,NA,NA,NA,NA,NA,NA,0,0,0,0,NA,NA,NA,NA,NA
"Armin Emrich","8cdd3680-3955-11ef-a93e-81dc40648355",NA,NA,1975,"3/27/1976","4334b0c1-3960-11ef-9a1a-2906cc9fb6bc","home","FRISCH AUF! Göppingen","TV 1893 Neuhausen",18,16,TRUE,8,NA,NA,0,0,2,NA,0,0,0,0,0,0,NA,NA,NA,NA,NA,NA,NA,NA,0,0,0,0,NA,NA,NA,NA,NA
"Hartmut Bressmer","97fa9b74-3955-11ef-ba4c-292be3190b7b",NA,NA,1975,"3/27/1976","4334b0c1-3960-11ef-9a1a-2906cc9fb6bc","home","FRISCH AUF! Göppingen","TV 1893 Neuhausen",18,16,TRUE,2,NA,NA,0,0,0,NA,0,0,0,0,0,0,NA,NA,NA,NA,NA,NA,NA,NA,0,0,0,0,NA,NA,NA,NA,NA
"Gunnar Einarsson","98473f03-3955-11ef-b6da-292be3190b7b",NA,NA,1975,"3/27/1976","4334b0c1-3960-11ef-9a1a-2906cc9fb6bc","home","FRISCH AUF! Göppingen","TV 1893 Neuhausen",18,16,TRUE,1,NA,NA,0,0,0,NA,0,0,0,0,0,0,NA,NA,NA,NA,NA,NA,NA,NA,0,0,0,0,NA,NA,NA,NA,NA
"Wolfgang Don","a2ff75a5-3955-11ef-a510-2510cc07ea6e",NA,NA,1975,"3/27/1976","4334b0c1-3960-11ef-9a1a-2906cc9fb6bc","home","FRISCH AUF! Göppingen","TV 1893 Neuhausen",18,16,TRUE,4,NA,NA,0,0,0,NA,0,0,0,0,0,0,NA,NA,NA,NA,NA,NA,NA,NA,0,0,0,0,NA,NA,NA,NA,NA
"Horst Singer","a30fd118-3955-11ef-9745-2510cc07ea6e",NA,NA,1975,"3/27/1976","4334b0c1-3960-11ef-9a1a-2906cc9fb6bc","home","FRISCH AUF! Göppingen","TV 1893 Neuhausen",18,16,TRUE,0,NA,NA,0,0,0,NA,0,0,0,0,0,0,NA,NA,NA,NA,NA,NA,NA,NA,0,0,0,0,NA,NA,NA,NA,NA
"Rolf Hammann","af6ae50b-3955-11ef-a71b-a36230ada079",NA,NA,1975,"3/27/1976","4334b0c1-3960-11ef-9a1a-2906cc9fb6bc","home","FRISCH AUF! Göppingen","TV 1893 Neuhausen",18,16,TRUE,0,NA,NA,0,0,0,NA,0,0,0,0,0,0,NA,NA,NA,NA,NA,NA,NA,NA,0,0,0,0,NA,NA,NA,NA,NA
"Hans Brodbeck","b1f00cc3-3955-11ef-b4c9-a36230ada079",NA,NA,1975,"3/27/1976","4334b0c1-3960-11ef-9a1a-2906cc9fb6bc","home","FRISCH AUF! Göppingen","TV 1893 Neuhausen",18,16,TRUE,0,NA,NA,0,0,0,NA,0,0,0,0,0,0,NA,NA,NA,NA,NA,NA,NA,NA,0,0,0,0,NA,NA,NA,NA,NA
"Zemmel","b1f49852-3955-11ef-be91-a36230ada079",NA,NA,1975,"3/27/1976","4334b0c1-3960-11ef-9a1a-2906cc9fb6bc","home","FRISCH AUF! Göppingen","TV 1893 Neuhausen",18,16,TRUE,0,NA,NA,0,0,0,NA,0,0,0,0,0,0,NA,NA,NA,NA,NA,NA,NA,NA,0,0,0,0,NA,NA,NA,NA,NA
"Detlef Groß","b20edee3-3955-11ef-9e14-a36230ada079",NA,NA,1975,"3/27/1976","4334b0c1-3960-11ef-9a1a-2906cc9fb6bc","home","FRISCH AUF! Göppingen","TV 1893 Neuhausen",18,16,TRUE,0,NA,NA,0,0,0,NA,0,0,0,0,0,0,NA,NA,NA,NA,NA,NA,NA,NA,0,0,0,0,NA,NA,NA,NA,NA
"Günter Schweikardt","d3e60b79-3953-11ef-9e8c-e3f2de03a1b7",NA,NA,1975,"3/27/1976","4334b0c1-3960-11ef-9a1a-2906cc9fb6bc","home","FRISCH AUF! Göppingen","TV 1893 Neuhausen",18,16,TRUE,2,NA,NA,0,0,0,NA,0,0,0,0,0,0,NA,NA,NA,NA,NA,NA,NA,NA,0,0,0,0,NA,NA,NA,NA,NA
"Walter Salzer","8d394c72-3955-11ef-8d73-81dc40648355",NA,NA,1975,"3/27/1976","4334b0c1-3960-11ef-9a1a-2906cc9fb6bc","away","TV 1893 Neuhausen","FRISCH AUF! Göppingen",16,18,FALSE,4,NA,NA,0,0,0,NA,0,0,0,0,0,0,NA,NA,NA,NA,NA,NA,NA,NA,0,0,0,0,NA,NA,NA,NA,NA
"Klaus Stoll","a42e01cc-3955-11ef-b661-2510cc07ea6e",NA,NA,1975,"3/27/1976","4334b0c1-3960-11ef-9a1a-2906cc9fb6bc","away","TV 1893 Neuhausen","FRISCH AUF! Göppingen",16,18,FALSE,0,NA,NA,0,0,0,NA,0,0,0,0,0,0,NA,NA,NA,NA,NA,NA,NA,NA,0,0,0,0,NA,NA,NA,NA,NA
"Robert Kemmler","a438d7c7-3955-11ef-8ff6-2510cc07ea6e",NA,NA,1975,"3/27/1976","4334b0c1-3960-11ef-9a1a-2906cc9fb6bc","away","TV 1893 Neuhausen","FRISCH AUF! Göppingen",16,18,FALSE,0,NA,NA,0,0,0,NA,0,0,0,0,0,0,NA,NA,NA,NA,NA,NA,NA,NA,0,0,0,0,NA,NA,NA,NA,NA
"Manfred Klugger","a43e35c7-3955-11ef-b0dc-2510cc07ea6e",NA,NA,1975,"3/27/1976","4334b0c1-3960-11ef-9a1a-2906cc9fb6bc","away","TV 1893 Neuhausen","FRISCH AUF! Göppingen",16,18,FALSE,4,NA,NA,0,0,0,NA,0,0,0,0,0,0,NA,NA,NA,NA,NA,NA,NA,NA,0,0,0,0,NA,NA,NA,NA,NA
"Julius Lehmann","a448c9e2-3955-11ef-9bf8-2510cc07ea6e",NA,NA,1975,"3/27/1976","4334b0c1-3960-11ef-9a1a-2906cc9fb6bc","away","TV 1893 Neuhausen","FRISCH AUF! Göppingen",16,18,FALSE,1,NA,NA,0,0,0,NA,0,0,0,0,0,0,NA,NA,NA,NA,NA,NA,NA,NA,0,0,0,0,NA,NA,NA,NA,NA
"Hermann Mäurle","a44f95e3-3955-11ef-b53d-2510cc07ea6e",NA,NA,1975,"3/27/1976","4334b0c1-3960-11ef-9a1a-2906cc9fb6bc","away","TV 1893 Neuhausen","FRISCH AUF! Göppingen",16,18,FALSE,0,NA,NA,0,0,0,NA,0,0,0,0,0,0,NA,NA,NA,NA,NA,NA,NA,NA,0,0,0,0,NA,NA,NA,NA,NA
"Rolf Miller","a4552808-3955-11ef-ac39-2510cc07ea6e",NA,NA,1975,"3/27/1976","4334b0c1-3960-11ef-9a1a-2906cc9fb6bc","away","TV 1893 Neuhausen","FRISCH AUF! Göppingen",16,18,FALSE,4,NA,NA,0,0,3,NA,0,0,0,0,0,0,NA,NA,NA,NA,NA,NA,NA,NA,0,0,0,0,NA,NA,NA,NA,NA
"Manfred Reusch","a45a1b11-3955-11ef-8135-2510cc07ea6e",NA,NA,1975,"3/27/1976","4334b0c1-3960-11ef-9a1a-2906cc9fb6bc","away","TV 1893 Neuhausen","FRISCH AUF! Göppingen",16,18,FALSE,0,NA,NA,0,0,0,NA,0,0,0,0,0,0,NA,NA,NA,NA,NA,NA,NA,NA,0,0,0,0,NA,NA,NA,NA,NA
"Eugen Schmid","a460a6b1-3955-11ef-966d-2510cc07ea6e",NA,NA,1975,"3/27/1976","4334b0c1-3960-11ef-9a1a-2906cc9fb6bc","away","TV 1893 Neuhausen","FRISCH AUF! Göppingen",16,18,FALSE,3,NA,NA,0,0,0,NA,0,0,0,0,0,0,NA,NA,NA,NA,NA,NA,NA,NA,0,0,0,0,NA,NA,NA,NA,NA
"Manfred Schmid","a468025d-3955-11ef-ae56-2510cc07ea6e",NA,NA,1975,"3/27/1976","4334b0c1-3960-11ef-9a1a-2906cc9fb6bc","away","TV 1893 Neuhausen","FRISCH AUF! Göppingen",16,18,FALSE,0,NA,NA,0,0,0,NA,0,0,0,0,0,0,NA,NA,NA,NA,NA,NA,NA,NA,0,0,0,0,NA,NA,NA,NA,NA
"Wolfgang Brodbeck","b21723df-3955-11ef-a8f2-a36230ada079",NA,NA,1975,"3/27/1976","4334b0c1-3960-11ef-9a1a-2906cc9fb6bc","away","TV 1893 Neuhausen","FRISCH AUF! Göppingen",16,18,FALSE,0,NA,NA,0,0,0,NA,0,0,0,0,0,0,NA,NA,NA,NA,NA,NA,NA,NA,0,0,0,0,NA,NA,NA,NA,NA
"Johann Högl","b2211f04-3955-11ef-a5bd-a36230ada079",NA,NA,1975,"3/27/1976","4334b0c1-3960-11ef-9a1a-2906cc9fb6bc","away","TV 1893 Neuhausen","FRISCH AUF! Göppingen",16,18,FALSE,0,NA,NA,0,0,0,NA,0,0,0,0,0,0,NA,NA,NA,NA,NA,NA,NA,NA,0,0,0,0,NA,NA,NA,NA,NA
"Dieter Bartke","4fa6f4fc-3955-11ef-9f16-6d38c0425bc0",NA,NA,1975,"3/28/1976","3120a327-3960-11ef-8729-2906cc9fb6bc","home","SC Phönix Essen 1920","VfL Gummersbach",17,17,FALSE,0,NA,NA,0,0,0,NA,0,0,0,0,0,0,NA,NA,NA,NA,NA,NA,NA,NA,0,0,0,0,NA,NA,NA,NA,NA
"Burkhard Windorf","8b6a317b-3955-11ef-84ca-81dc40648355",NA,NA,1975,"3/28/1976","3120a327-3960-11ef-8729-2906cc9fb6bc","home","SC Phönix Essen 1920","VfL Gummersbach",17,17,FALSE,0,NA,NA,0,0,0,NA,0,0,0,0,0,0,NA,NA,NA,NA,NA,NA,NA,NA,0,0,0,0,NA,NA,NA,NA,NA
"Peter Bützer","a4cb5a85-3955-11ef-989d-2510cc07ea6e",NA,NA,1975,"3/28/1976","3120a327-3960-11ef-8729-2906cc9fb6bc","home","SC Phönix Essen 1920","VfL Gummersbach",17,17,FALSE,0,NA,NA,0,0,0,NA,0,0,0,0,0,0,NA,NA,NA,NA,NA,NA,NA,NA,0,0,0,0,NA,NA,NA,NA,NA
"Carsten Matuszak","a59daa13-3955-11ef-9206-2510cc07ea6e",NA,NA,1975,"3/28/1976","3120a327-3960-11ef-8729-2906cc9fb6bc","home","SC Phönix Essen 1920","VfL Gummersbach",17,17,FALSE,3,NA,NA,0,0,0,NA,0,0,0,0,0,0,NA,NA,NA,NA,NA,NA,NA,NA,0,0,0,0,NA,NA,NA,NA,NA
"Wilhelm Heidkamp","a5a2ef02-3955-11ef-9852-2510cc07ea6e",NA,NA,1975,"3/28/1976","3120a327-3960-11ef-8729-2906cc9fb6bc","home","SC Phönix Essen 1920","VfL Gummersbach",17,17,FALSE,3,NA,NA,0,0,0,NA,0,0,0,0,0,0,NA,NA,NA,NA,NA,NA,NA,NA,0,0,0,0,NA,NA,NA,NA,NA
"Heinz Oberscheidt","a5ae94f2-3955-11ef-91fc-2510cc07ea6e",NA,NA,1975,"3/28/1976","3120a327-3960-11ef-8729-2906cc9fb6bc","home","SC Phönix Essen 1920","VfL Gummersbach",17,17,FALSE,6,NA,NA,0,0,0,NA,0,0,0,0,0,0,NA,NA,NA,NA,NA,NA,NA,NA,0,0,0,0,NA,NA,NA,NA,NA
"Ingo Callies","b0b0659b-3955-11ef-87aa-a36230ada079",NA,NA,1975,"3/28/1976","3120a327-3960-11ef-8729-2906cc9fb6bc","home","SC Phönix Essen 1920","VfL Gummersbach",17,17,FALSE,4,NA,NA,0,0,0,NA,0,0,0,0,0,0,NA,NA,NA,NA,NA,NA,NA,NA,0,0,0,0,NA,NA,NA,NA,NA
"Emil Hauke","b0ba65f4-3955-11ef-9726-a36230ada079",NA,NA,1975,"3/28/1976","3120a327-3960-11ef-8729-2906cc9fb6bc","home","SC Phönix Essen 1920","VfL Gummersbach",17,17,FALSE,0,NA,NA,0,0,0,NA,0,0,0,0,0,0,NA,NA,NA,NA,NA,NA,NA,NA,0,0,0,0,NA,NA,NA,NA,NA
"Rüdiger Hillebrand","b0c11a9c-3955-11ef-bf0d-a36230ada079",NA,NA,1975,"3/28/1976","3120a327-3960-11ef-8729-2906cc9fb6bc","home","SC Phönix Essen 1920","VfL Gummersbach",17,17,FALSE,1,NA,NA,0,0,0,NA,0,0,0,0,0,0,NA,NA,NA,NA,NA,NA,NA,NA,0,0,0,0,NA,NA,NA,NA,NA
"Heiner Brand","44e82d45-3955-11ef-bc71-4fa817cd91bb",NA,NA,1975,"3/28/1976","3120a327-3960-11ef-8729-2906cc9fb6bc","away","VfL Gummersbach","SC Phönix Essen 1920",17,17,FALSE,1,NA,NA,0,0,0,NA,0,0,0,0,0,0,NA,NA,NA,NA,NA,NA,NA,NA,0,0,0,0,NA,NA,NA,NA,NA
"Klaus Westebbe","8c58f63a-3955-11ef-b65e-81dc40648355",NA,NA,1975,"3/28/1976","3120a327-3960-11ef-8729-2906cc9fb6bc","away","VfL Gummersbach","SC Phönix Essen 1920",17,17,FALSE,1,NA,NA,0,0,0,NA,0,0,0,0,0,0,NA,NA,NA,NA,NA,NA,NA,NA,0,0,0,0,NA,NA,NA,NA,NA
"Klaus Kater","8da1f6ef-3955-11ef-b31a-81dc40648355",NA,NA,1975,"3/28/1976","3120a327-3960-11ef-8729-2906cc9fb6bc","away","VfL Gummersbach","SC Phönix Essen 1920",17,17,FALSE,0,NA,NA,0,0,0,NA,0,0,0,0,0,0,NA,NA,NA,NA,NA,NA,NA,NA,0,0,0,0,NA,NA,NA,NA,NA
"Klaus Schlagheck","97a06613-3955-11ef-8056-292be3190b7b",NA,NA,1975,"3/28/1976","3120a327-3960-11ef-8729-2906cc9fb6bc","away","VfL Gummersbach","SC Phönix Essen 1920",17,17,FALSE,0,NA,NA,0,0,0,NA,0,0,0,0,0,0,NA,NA,NA,NA,NA,NA,NA,NA,0,0,0,0,NA,NA,NA,NA,NA
"Joachim Deckarm","9976945f-3955-11ef-afc4-292be3190b7b",NA,NA,1975,"3/28/1976","3120a327-3960-11ef-8729-2906cc9fb6bc","away","VfL Gummersbach","SC Phönix Essen 1920",17,17,FALSE,9,NA,NA,0,0,0,NA,0,0,0,0,0,0,NA,NA,NA,NA,NA,NA,NA,NA,0,0,0,0,NA,NA,NA,NA,NA
"Jochen Feldhoff","a32751a5-3955-11ef-badf-2510cc07ea6e",NA,NA,1975,"3/28/1976","3120a327-3960-11ef-8729-2906cc9fb6bc","away","VfL Gummersbach","SC Phönix Essen 1920",17,17,FALSE,2,NA,NA,0,0,0,NA,0,0,0,0,0,0,NA,NA,NA,NA,NA,NA,NA,NA,0,0,0,0,NA,NA,NA,NA,NA
"Manfred Glodde","a32e0a86-3955-11ef-9caa-2510cc07ea6e",NA,NA,1975,"3/28/1976","3120a327-3960-11ef-8729-2906cc9fb6bc","away","VfL Gummersbach","SC Phönix Essen 1920",17,17,FALSE,0,NA,NA,0,0,0,NA,0,0,0,0,0,0,NA,NA,NA,NA,NA,NA,NA,NA,0,0,0,0,NA,NA,NA,NA,NA
"Joachim Henkels","a3386008-3955-11ef-810a-2510cc07ea6e",NA,NA,1975,"3/28/1976","3120a327-3960-11ef-8729-2906cc9fb6bc","away","VfL Gummersbach","SC Phönix Essen 1920",17,17,FALSE,1,NA,NA,0,0,0,NA,0,0,0,0,0,0,NA,NA,NA,NA,NA,NA,NA,NA,0,0,0,0,NA,NA,NA,NA,NA
"Werner Lettgen","ae263c3c-3955-11ef-96f7-a36230ada079",NA,NA,1975,"3/28/1976","3120a327-3960-11ef-8729-2906cc9fb6bc","away","VfL Gummersbach","SC Phönix Essen 1920",17,17,FALSE,0,NA,NA,0,0,0,NA,0,0,0,0,0,0,NA,NA,NA,NA,NA,NA,NA,NA,0,0,0,0,NA,NA,NA,NA,NA
"Hans-Günther Schmidt","aff5702f-3955-11ef-9878-a36230ada079",NA,NA,1975,"3/28/1976","3120a327-3960-11ef-8729-2906cc9fb6bc","away","VfL Gummersbach","SC Phönix Essen 1920",17,17,FALSE,3,NA,NA,0,0,0,NA,0,0,0,0,0,0,NA,NA,NA,NA,NA,NA,NA,NA,0,0,0,0,NA,NA,NA,NA,NA
"Olaf Berner","a4006ca4-3955-11ef-a034-2510cc07ea6e",NA,NA,1975,"3/28/1976","32820f87-3960-11ef-b02e-2906cc9fb6bc","home","TSV Altenholz","GWD Minden",12,17,FALSE,2,NA,NA,0,0,1,NA,0,0,0,0,0,0,NA,NA,NA,NA,NA,NA,NA,NA,0,0,0,0,NA,NA,NA,NA,NA
"Peter Kurth","b06eb57c-3955-11ef-b9af-a36230ada079",NA,NA,1975,"3/28/1976","32820f87-3960-11ef-b02e-2906cc9fb6bc","home","TSV Altenholz","GWD Minden",12,17,FALSE,0,NA,NA,0,0,0,NA,0,0,0,0,0,0,NA,NA,NA,NA,NA,NA,NA,NA,0,0,0,0,NA,NA,NA,NA,NA
"Peter Prehn","b073ee0a-3955-11ef-8404-a36230ada079",NA,NA,1975,"3/28/1976","32820f87-3960-11ef-b02e-2906cc9fb6bc","home","TSV Altenholz","GWD Minden",12,17,FALSE,2,NA,NA,0,0,0,NA,0,0,0,0,0,0,NA,NA,NA,NA,NA,NA,NA,NA,0,0,0,0,NA,NA,NA,NA,NA
"Peter Werk","b0784d6e-3955-11ef-9a85-a36230ada079",NA,NA,1975,"3/28/1976","32820f87-3960-11ef-b02e-2906cc9fb6bc","home","TSV Altenholz","GWD Minden",12,17,FALSE,1,NA,NA,0,0,0,NA,0,0,0,0,0,0,NA,NA,NA,NA,NA,NA,NA,NA,0,0,0,0,NA,NA,NA,NA,NA
"Hardmuth Groß","b07c9918-3955-11ef-a7b9-a36230ada079",NA,NA,1975,"3/28/1976","32820f87-3960-11ef-b02e-2906cc9fb6bc","home","TSV Altenholz","GWD Minden",12,17,FALSE,2,NA,NA,0,0,0,NA,0,0,0,0,0,0,NA,NA,NA,NA,NA,NA,NA,NA,0,0,0,0,NA,NA,NA,NA,NA
"Peter Bortel","b085b129-3955-11ef-b6a0-a36230ada079",NA,NA,1975,"3/28/1976","32820f87-3960-11ef-b02e-2906cc9fb6bc","home","TSV Altenholz","GWD Minden",12,17,FALSE,0,NA,NA,0,0,0,NA,0,0,0,0,0,0,NA,NA,NA,NA,NA,NA,NA,NA,0,0,0,0,NA,NA,NA,NA,NA
"Jörgen Danielsen","b08a7dec-3955-11ef-acb4-a36230ada079",NA,NA,1975,"3/28/1976","32820f87-3960-11ef-b02e-2906cc9fb6bc","home","TSV Altenholz","GWD Minden",12,17,FALSE,3,NA,NA,0,0,0,NA,0,0,0,0,0,0,NA,NA,NA,NA,NA,NA,NA,NA,0,0,0,0,NA,NA,NA,NA,NA
"Klaus Beckmann","b08ee1c0-3955-11ef-8689-a36230ada079",NA,NA,1975,"3/28/1976","32820f87-3960-11ef-b02e-2906cc9fb6bc","home","TSV Altenholz","GWD Minden",12,17,FALSE,2,NA,NA,0,0,0,NA,0,0,0,0,0,0,NA,NA,NA,NA,NA,NA,NA,NA,0,0,0,0,NA,NA,NA,NA,NA
"Klaus-Dieter Heiden","b09837ed-3955-11ef-99d8-a36230ada079",NA,NA,1975,"3/28/1976","32820f87-3960-11ef-b02e-2906cc9fb6bc","home","TSV Altenholz","GWD Minden",12,17,FALSE,0,NA,NA,0,0,0,NA,0,0,0,0,0,0,NA,NA,NA,NA,NA,NA,NA,NA,0,0,0,0,NA,NA,NA,NA,NA
"Manfred Schulz","b0a21333-3955-11ef-a679-a36230ada079",NA,NA,1975,"3/28/1976","32820f87-3960-11ef-b02e-2906cc9fb6bc","home","TSV Altenholz","GWD Minden",12,17,FALSE,0,NA,NA,0,0,0,NA,0,0,0,0,0,0,NA,NA,NA,NA,NA,NA,NA,NA,0,0,0,0,NA,NA,NA,NA,NA
"Hans-Jürgen Grund","81694a24-3955-11ef-9a97-b908c60af10a",NA,NA,1975,"3/28/1976","32820f87-3960-11ef-b02e-2906cc9fb6bc","away","GWD Minden","TSV Altenholz",17,12,TRUE,1,NA,NA,0,0,0,NA,0,0,0,0,0,0,NA,NA,NA,NA,NA,NA,NA,NA,0,0,0,0,NA,NA,NA,NA,NA
"Axel Axelsson","8b29429f-3955-11ef-baf9-81dc40648355",NA,NA,1975,"3/28/1976","32820f87-3960-11ef-b02e-2906cc9fb6bc","away","GWD Minden","TSV Altenholz",17,12,TRUE,4,NA,NA,0,0,2,NA,0,0,0,0,0,0,NA,NA,NA,NA,NA,NA,NA,NA,0,0,0,0,NA,NA,NA,NA,NA
"Dieter Waltke","8bbe1a37-3955-11ef-a8ff-81dc40648355",NA,NA,1975,"3/28/1976","32820f87-3960-11ef-b02e-2906cc9fb6bc","away","GWD Minden","TSV Altenholz",17,12,TRUE,3,NA,NA,0,0,0,NA,0,0,0,0,0,0,NA,NA,NA,NA,NA,NA,NA,NA,0,0,0,0,NA,NA,NA,NA,NA
"Bernhard Busch","8dc9280f-3955-11ef-80e2-81dc40648355",NA,NA,1975,"3/28/1976","32820f87-3960-11ef-b02e-2906cc9fb6bc","away","GWD Minden","TSV Altenholz",17,12,TRUE,2,NA,NA,0,0,0,NA,0,0,0,0,0,0,NA,NA,NA,NA,NA,NA,NA,NA,0,0,0,0,NA,NA,NA,NA,NA
"Gerd Becker","96f1e245-3955-11ef-80bc-292be3190b7b",NA,NA,1975,"3/28/1976","32820f87-3960-11ef-b02e-2906cc9fb6bc","away","GWD Minden","TSV Altenholz",17,12,TRUE,2,NA,NA,0,0,0,NA,0,0,0,0,0,0,NA,NA,NA,NA,NA,NA,NA,NA,0,0,0,0,NA,NA,NA,NA,NA
"Walter von Oepen","97f2373d-3955-11ef-82ae-292be3190b7b",NA,NA,1975,"3/28/1976","32820f87-3960-11ef-b02e-2906cc9fb6bc","away","GWD Minden","TSV Altenholz",17,12,TRUE,3,NA,NA,0,0,1,NA,0,0,0,0,0,0,NA,NA,NA,NA,NA,NA,NA,NA,0,0,0,0,NA,NA,NA,NA,NA
"Martin Karcher","980f80ce-3955-11ef-8054-292be3190b7b",NA,NA,1975,"3/28/1976","32820f87-3960-11ef-b02e-2906cc9fb6bc","away","GWD Minden","TSV Altenholz",17,12,TRUE,0,NA,NA,0,0,0,NA,0,0,0,0,0,0,NA,NA,NA,NA,NA,NA,NA,NA,0,0,0,0,NA,NA,NA,NA,NA
"Gerhard Buddenbohm","98e2ecac-3955-11ef-b2de-292be3190b7b",NA,NA,1975,"3/28/1976","32820f87-3960-11ef-b02e-2906cc9fb6bc","away","GWD Minden","TSV Altenholz",17,12,TRUE,0,NA,NA,0,0,0,NA,0,0,0,0,0,0,NA,NA,NA,NA,NA,NA,NA,NA,0,0,0,0,NA,NA,NA,NA,NA
"Ólafur Hlöðver Jónsson","98eb7177-3955-11ef-9bda-292be3190b7b",NA,NA,1975,"3/28/1976","32820f87-3960-11ef-b02e-2906cc9fb6bc","away","GWD Minden","TSV Altenholz",17,12,TRUE,1,NA,NA,0,0,0,NA,0,0,0,0,0,0,NA,NA,NA,NA,NA,NA,NA,NA,0,0,0,0,NA,NA,NA,NA,NA
"Hans Kramer","98f50290-3955-11ef-8aa8-292be3190b7b",NA,NA,1975,"3/28/1976","32820f87-3960-11ef-b02e-2906cc9fb6bc","away","GWD Minden","TSV Altenholz",17,12,TRUE,1,NA,NA,0,0,0,NA,0,0,0,0,0,0,NA,NA,NA,NA,NA,NA,NA,NA,0,0,0,0,NA,NA,NA,NA,NA
"Bernd Knuth","b006b967-3955-11ef-9f47-a36230ada079",NA,NA,1975,"3/28/1976","32820f87-3960-11ef-b02e-2906cc9fb6bc","away","GWD Minden","TSV Altenholz",17,12,TRUE,0,NA,NA,0,0,0,NA,0,0,0,0,0,0,NA,NA,NA,NA,NA,NA,NA,NA,0,0,0,0,NA,NA,NA,NA,NA
"Peter Pickel","8c973b42-3955-11ef-8c71-81dc40648355",NA,NA,1975,"3/28/1976","33ccadd6-3960-11ef-aed5-2906cc9fb6bc","home","Hamburger SV","THW Kiel",18,21,FALSE,10,NA,NA,0,0,3,NA,0,0,0,0,0,0,NA,NA,NA,NA,NA,NA,NA,NA,0,0,0,0,NA,NA,NA,NA,NA
"Frank Lorenz","a32036d1-3955-11ef-bfe5-2510cc07ea6e",NA,NA,1975,"3/28/1976","33ccadd6-3960-11ef-aed5-2906cc9fb6bc","home","Hamburger SV","THW Kiel",18,21,FALSE,0,NA,NA,0,0,0,NA,0,0,0,0,0,0,NA,NA,NA,NA,NA,NA,NA,NA,0,0,0,0,NA,NA,NA,NA,NA
"Einar Magnusson","a3805088-3955-11ef-bfa9-2510cc07ea6e",NA,NA,1975,"3/28/1976","33ccadd6-3960-11ef-aed5-2906cc9fb6bc","home","Hamburger SV","THW Kiel",18,21,FALSE,0,NA,NA,0,0,0,NA,0,0,0,0,0,0,NA,NA,NA,NA,NA,NA,NA,NA,0,0,0,0,NA,NA,NA,NA,NA
"Hans-Jürgen Bode","b011e6da-3955-11ef-8205-a36230ada079",NA,NA,1975,"3/28/1976","33ccadd6-3960-11ef-aed5-2906cc9fb6bc","home","Hamburger SV","THW Kiel",18,21,FALSE,0,NA,NA,0,0,0,NA,0,0,0,0,0,0,NA,NA,NA,NA,NA,NA,NA,NA,0,0,0,0,NA,NA,NA,NA,NA
"Holger Nitschke","b01a8950-3955-11ef-a243-a36230ada079",NA,NA,1975,"3/28/1976","33ccadd6-3960-11ef-aed5-2906cc9fb6bc","home","Hamburger SV","THW Kiel",18,21,FALSE,1,NA,NA,0,0,0,NA,0,0,0,0,0,0,NA,NA,NA,NA,NA,NA,NA,NA,0,0,0,0,NA,NA,NA,NA,NA
"Ralph Mathies","b023b170-3955-11ef-87a6-a36230ada079",NA,NA,1975,"3/28/1976","33ccadd6-3960-11ef-aed5-2906cc9fb6bc","home","Hamburger SV","THW Kiel",18,21,FALSE,2,NA,NA,0,0,0,NA,0,0,0,0,0,0,NA,NA,NA,NA,NA,NA,NA,NA,0,0,0,0,NA,NA,NA,NA,NA
"Jens Ivers","b02f4aea-3955-11ef-801e-a36230ada079",NA,NA,1975,"3/28/1976","33ccadd6-3960-11ef-aed5-2906cc9fb6bc","home","Hamburger SV","THW Kiel",18,21,FALSE,0,NA,NA,0,0,0,NA,0,0,0,0,0,0,NA,NA,NA,NA,NA,NA,NA,NA,0,0,0,0,NA,NA,NA,NA,NA
"Klaus Porepp","b0396b18-3955-11ef-b5cf-a36230ada079",NA,NA,1975,"3/28/1976","33ccadd6-3960-11ef-aed5-2906cc9fb6bc","home","Hamburger SV","THW Kiel",18,21,FALSE,4,NA,NA,0,0,0,NA,0,0,0,0,0,0,NA,NA,NA,NA,NA,NA,NA,NA,0,0,0,0,NA,NA,NA,NA,NA
"Norbert Germer","b03f8101-3955-11ef-8945-a36230ada079",NA,NA,1975,"3/28/1976","33ccadd6-3960-11ef-aed5-2906cc9fb6bc","home","Hamburger SV","THW Kiel",18,21,FALSE,0,NA,NA,0,0,0,NA,0,0,0,0,0,0,NA,NA,NA,NA,NA,NA,NA,NA,0,0,0,0,NA,NA,NA,NA,NA
"Bernd Eppler","b0442222-3955-11ef-841b-a36230ada079",NA,NA,1975,"3/28/1976","33ccadd6-3960-11ef-aed5-2906cc9fb6bc","home","Hamburger SV","THW Kiel",18,21,FALSE,0,NA,NA,0,0,0,NA,0,0,0,0,0,0,NA,NA,NA,NA,NA,NA,NA,NA,0,0,0,0,NA,NA,NA,NA,NA
"Uwe Tesloff","b049ae56-3955-11ef-a5f7-a36230ada079",NA,NA,1975,"3/28/1976","33ccadd6-3960-11ef-aed5-2906cc9fb6bc","home","Hamburger SV","THW Kiel",18,21,FALSE,1,NA,NA,0,0,0,NA,0,0,0,0,0,0,NA,NA,NA,NA,NA,NA,NA,NA,0,0,0,0,NA,NA,NA,NA,NA
"Michael Surmann","b04e41f0-3955-11ef-8320-a36230ada079",NA,NA,1975,"3/28/1976","33ccadd6-3960-11ef-aed5-2906cc9fb6bc","home","Hamburger SV","THW Kiel",18,21,FALSE,0,NA,NA,0,0,0,NA,0,0,0,0,0,0,NA,NA,NA,NA,NA,NA,NA,NA,0,0,0,0,NA,NA,NA,NA,NA
"Holger Oertel","685d8d1c-3955-11ef-86af-292be3190b7b",NA,NA,1975,"3/28/1976","33ccadd6-3960-11ef-aed5-2906cc9fb6bc","away","THW Kiel","Hamburger SV",21,18,TRUE,0,NA,NA,0,0,0,NA,0,0,0,0,0,0,NA,NA,NA,NA,NA,NA,NA,NA,0,0,0,0,NA,NA,NA,NA,NA
"Klaus Elwardt","80deefd9-3955-11ef-b31a-b908c60af10a",NA,NA,1975,"3/28/1976","33ccadd6-3960-11ef-aed5-2906cc9fb6bc","away","THW Kiel","Hamburger SV",21,18,TRUE,0,NA,NA,0,0,0,NA,0,0,0,0,0,0,NA,NA,NA,NA,NA,NA,NA,NA,0,0,0,0,NA,NA,NA,NA,NA
"Ulrich Knop","965200f1-3955-11ef-b253-292be3190b7b",NA,NA,1975,"3/28/1976","33ccadd6-3960-11ef-aed5-2906cc9fb6bc","away","THW Kiel","Hamburger SV",21,18,TRUE,3,NA,NA,0,0,0,NA,0,0,0,0,0,0,NA,NA,NA,NA,NA,NA,NA,NA,0,0,0,0,NA,NA,NA,NA,NA
"Roland Hänsch","981d8549-3955-11ef-a2ca-292be3190b7b",NA,NA,1975,"3/28/1976","33ccadd6-3960-11ef-aed5-2906cc9fb6bc","away","THW Kiel","Hamburger SV",21,18,TRUE,1,NA,NA,0,0,0,NA,0,0,0,0,0,0,NA,NA,NA,NA,NA,NA,NA,NA,0,0,0,0,NA,NA,NA,NA,NA
"Gerd Welz","98273a90-3955-11ef-a3a2-292be3190b7b",NA,NA,1975,"3/28/1976","33ccadd6-3960-11ef-aed5-2906cc9fb6bc","away","THW Kiel","Hamburger SV",21,18,TRUE,2,NA,NA,0,0,0,NA,0,0,0,0,0,0,NA,NA,NA,NA,NA,NA,NA,NA,0,0,0,0,NA,NA,NA,NA,NA
"Hans-Lothar Bock","9991bda0-3955-11ef-a6c6-292be3190b7b",NA,NA,1975,"3/28/1976","33ccadd6-3960-11ef-aed5-2906cc9fb6bc","away","THW Kiel","Hamburger SV",21,18,TRUE,3,NA,NA,0,0,0,NA,0,0,0,0,0,0,NA,NA,NA,NA,NA,NA,NA,NA,0,0,0,0,NA,NA,NA,NA,NA
"Volker Harbs","9995a6f3-3955-11ef-b74f-292be3190b7b",NA,NA,1975,"3/28/1976","33ccadd6-3960-11ef-aed5-2906cc9fb6bc","away","THW Kiel","Hamburger SV",21,18,TRUE,5,NA,NA,0,0,1,NA,0,0,0,0,0,0,NA,NA,NA,NA,NA,NA,NA,NA,0,0,0,0,NA,NA,NA,NA,NA
"Dieter Krause","99996b47-3955-11ef-a9c9-292be3190b7b",NA,NA,1975,"3/28/1976","33ccadd6-3960-11ef-aed5-2906cc9fb6bc","away","THW Kiel","Hamburger SV",21,18,TRUE,4,NA,NA,0,0,0,NA,0,0,0,0,0,0,NA,NA,NA,NA,NA,NA,NA,NA,0,0,0,0,NA,NA,NA,NA,NA
"Ingo Voß","ae396fa6-3955-11ef-acb0-a36230ada079",NA,NA,1975,"3/28/1976","33ccadd6-3960-11ef-aed5-2906cc9fb6bc","away","THW Kiel","Hamburger SV",21,18,TRUE,0,NA,NA,0,0,0,NA,0,0,0,0,0,0,NA,NA,NA,NA,NA,NA,NA,NA,0,0,0,0,NA,NA,NA,NA,NA
"Frank Requate","ae434759-3955-11ef-8758-a36230ada079",NA,NA,1975,"3/28/1976","33ccadd6-3960-11ef-aed5-2906cc9fb6bc","away","THW Kiel","Hamburger SV",21,18,TRUE,1,NA,NA,0,0,0,NA,0,0,0,0,0,0,NA,NA,NA,NA,NA,NA,NA,NA,0,0,0,0,NA,NA,NA,NA,NA
"Bernd Nielsen","b1480d2c-3955-11ef-8563-a36230ada079",NA,NA,1975,"3/28/1976","33ccadd6-3960-11ef-aed5-2906cc9fb6bc","away","THW Kiel","Hamburger SV",21,18,TRUE,2,NA,NA,0,0,0,NA,0,0,0,0,0,0,NA,NA,NA,NA,NA,NA,NA,NA,0,0,0,0,NA,NA,NA,NA,NA
"Karl-Heinz Schulz","72847241-3955-11ef-8bd4-51fdf2a82730",NA,NA,1975,"3/28/1976","351e8468-3960-11ef-a6b1-2906cc9fb6bc","home","TuS 05 Wellinghofen","TuS Derschlag 1881",17,20,FALSE,0,NA,NA,0,0,0,NA,0,0,0,0,0,0,NA,NA,NA,NA,NA,NA,NA,NA,0,0,0,0,NA,NA,NA,NA,NA
"Hans-Peter Neuhaus","8d9d3887-3955-11ef-80a3-81dc40648355",NA,NA,1975,"3/28/1976","351e8468-3960-11ef-a6b1-2906cc9fb6bc","home","TuS 05 Wellinghofen","TuS Derschlag 1881",17,20,FALSE,4,NA,NA,0,0,2,NA,0,0,0,0,0,0,NA,NA,NA,NA,NA,NA,NA,NA,0,0,0,0,NA,NA,NA,NA,NA
"Harald Zapler","a502f6b3-3955-11ef-a0c2-2510cc07ea6e",NA,NA,1975,"3/28/1976","351e8468-3960-11ef-a6b1-2906cc9fb6bc","home","TuS 05 Wellinghofen","TuS Derschlag 1881",17,20,FALSE,1,NA,NA,0,0,0,NA,0,0,0,0,0,0,NA,NA,NA,NA,NA,NA,NA,NA,0,0,0,0,NA,NA,NA,NA,NA
"Harald Cramer","a507ff82-3955-11ef-8d99-2510cc07ea6e",NA,NA,1975,"3/28/1976","351e8468-3960-11ef-a6b1-2906cc9fb6bc","home","TuS 05 Wellinghofen","TuS Derschlag 1881",17,20,FALSE,0,NA,NA,0,0,0,NA,0,0,0,0,0,0,NA,NA,NA,NA,NA,NA,NA,NA,0,0,0,0,NA,NA,NA,NA,NA
"Wilfried Rettig","a517a588-3955-11ef-a8d7-2510cc07ea6e",NA,NA,1975,"3/28/1976","351e8468-3960-11ef-a6b1-2906cc9fb6bc","home","TuS 05 Wellinghofen","TuS Derschlag 1881",17,20,FALSE,5,NA,NA,0,0,2,NA,0,0,0,0,0,0,NA,NA,NA,NA,NA,NA,NA,NA,0,0,0,0,NA,NA,NA,NA,NA
"Winfried Gabel","a521dedb-3955-11ef-a3bd-2510cc07ea6e",NA,NA,1975,"3/28/1976","351e8468-3960-11ef-a6b1-2906cc9fb6bc","home","TuS 05 Wellinghofen","TuS Derschlag 1881",17,20,FALSE,1,NA,NA,0,0,0,NA,0,0,0,0,0,0,NA,NA,NA,NA,NA,NA,NA,NA,0,0,0,0,NA,NA,NA,NA,NA
"Klaus Happe","a527494a-3955-11ef-a4fa-2510cc07ea6e",NA,NA,1975,"3/28/1976","351e8468-3960-11ef-a6b1-2906cc9fb6bc","home","TuS 05 Wellinghofen","TuS Derschlag 1881",17,20,FALSE,0,NA,NA,0,0,0,NA,0,0,0,0,0,0,NA,NA,NA,NA,NA,NA,NA,NA,0,0,0,0,NA,NA,NA,NA,NA
"Burkhard Gröning","a52c6e4f-3955-11ef-a576-2510cc07ea6e",NA,NA,1975,"3/28/1976","351e8468-3960-11ef-a6b1-2906cc9fb6bc","home","TuS 05 Wellinghofen","TuS Derschlag 1881",17,20,FALSE,5,NA,NA,0,0,0,NA,0,0,0,0,0,0,NA,NA,NA,NA,NA,NA,NA,NA,0,0,0,0,NA,NA,NA,NA,NA
"Klaus Tiews","a531838f-3955-11ef-8e99-2510cc07ea6e",NA,NA,1975,"3/28/1976","351e8468-3960-11ef-a6b1-2906cc9fb6bc","home","TuS 05 Wellinghofen","TuS Derschlag 1881",17,20,FALSE,0,NA,NA,0,0,0,NA,0,0,0,0,0,0,NA,NA,NA,NA,NA,NA,NA,NA,0,0,0,0,NA,NA,NA,NA,NA
"Ulrich Staege","b05c5beb-3955-11ef-a7d6-a36230ada079",NA,NA,1975,"3/28/1976","351e8468-3960-11ef-a6b1-2906cc9fb6bc","home","TuS 05 Wellinghofen","TuS Derschlag 1881",17,20,FALSE,1,NA,NA,0,0,0,NA,0,0,0,0,0,0,NA,NA,NA,NA,NA,NA,NA,NA,0,0,0,0,NA,NA,NA,NA,NA
"Herbert Rogge","b06614d7-3955-11ef-a43b-a36230ada079",NA,NA,1975,"3/28/1976","351e8468-3960-11ef-a6b1-2906cc9fb6bc","home","TuS 05 Wellinghofen","TuS Derschlag 1881",17,20,FALSE,0,NA,NA,0,0,0,NA,0,0,0,0,0,0,NA,NA,NA,NA,NA,NA,NA,NA,0,0,0,0,NA,NA,NA,NA,NA
"Esad Kurtagić","39c727cf-3955-11ef-82fa-bfbfc9e17c09",NA,NA,1975,"3/28/1976","351e8468-3960-11ef-a6b1-2906cc9fb6bc","away","TuS Derschlag 1881","TuS 05 Wellinghofen",20,17,TRUE,4,NA,NA,0,0,0,NA,0,0,0,0,0,0,NA,NA,NA,NA,NA,NA,NA,NA,0,0,0,0,NA,NA,NA,NA,NA
"Spasoje Skerčević","50b681d8-3955-11ef-b6e8-6d38c0425bc0",NA,NA,1975,"3/28/1976","351e8468-3960-11ef-a6b1-2906cc9fb6bc","away","TuS Derschlag 1881","TuS 05 Wellinghofen",20,17,TRUE,0,NA,NA,0,0,0,NA,0,0,0,0,0,0,NA,NA,NA,NA,NA,NA,NA,NA,0,0,0,0,NA,NA,NA,NA,NA
"Ullrich Pohl","8c524587-3955-11ef-96af-81dc40648355",NA,NA,1975,"3/28/1976","351e8468-3960-11ef-a6b1-2906cc9fb6bc","away","TuS Derschlag 1881","TuS 05 Wellinghofen",20,17,TRUE,1,NA,NA,0,0,0,NA,0,0,0,0,0,0,NA,NA,NA,NA,NA,NA,NA,NA,0,0,0,0,NA,NA,NA,NA,NA
"Đorđe Lavrnić","9674e86d-3955-11ef-8ae9-292be3190b7b",NA,NA,1975,"3/28/1976","351e8468-3960-11ef-a6b1-2906cc9fb6bc","away","TuS Derschlag 1881","TuS 05 Wellinghofen",20,17,TRUE,3,NA,NA,0,0,2,NA,0,0,0,0,0,0,NA,NA,NA,NA,NA,NA,NA,NA,0,0,0,0,NA,NA,NA,NA,NA
"Peter Lindeskoog","a2a66799-3955-11ef-bd00-2510cc07ea6e",NA,NA,1975,"3/28/1976","351e8468-3960-11ef-a6b1-2906cc9fb6bc","away","TuS Derschlag 1881","TuS 05 Wellinghofen",20,17,TRUE,0,NA,NA,0,0,0,NA,0,0,0,0,0,0,NA,NA,NA,NA,NA,NA,NA,NA,0,0,0,0,NA,NA,NA,NA,NA
"Ulrich Ufer","a2c8cfa8-3955-11ef-8510-2510cc07ea6e",NA,NA,1975,"3/28/1976","351e8468-3960-11ef-a6b1-2906cc9fb6bc","away","TuS Derschlag 1881","TuS 05 Wellinghofen",20,17,TRUE,11,NA,NA,0,0,0,NA,0,0,0,0,0,0,NA,NA,NA,NA,NA,NA,NA,NA,0,0,0,0,NA,NA,NA,NA,NA
"Harald Ohrendorf","ae2b1f58-3955-11ef-baab-a36230ada079",NA,NA,1975,"3/28/1976","351e8468-3960-11ef-a6b1-2906cc9fb6bc","away","TuS Derschlag 1881","TuS 05 Wellinghofen",20,17,TRUE,1,NA,NA,0,0,0,NA,0,0,0,0,0,0,NA,NA,NA,NA,NA,NA,NA,NA,0,0,0,0,NA,NA,NA,NA,NA
"Helmut Keller","ae2fb2ba-3955-11ef-b38f-a36230ada079",NA,NA,1975,"3/28/1976","351e8468-3960-11ef-a6b1-2906cc9fb6bc","away","TuS Derschlag 1881","TuS 05 Wellinghofen",20,17,TRUE,0,NA,NA,0,0,0,NA,0,0,0,0,0,0,NA,NA,NA,NA,NA,NA,NA,NA,0,0,0,0,NA,NA,NA,NA,NA
"Jochen Müller","b138ee2a-3955-11ef-b9de-a36230ada079",NA,NA,1975,"3/28/1976","351e8468-3960-11ef-a6b1-2906cc9fb6bc","away","TuS Derschlag 1881","TuS 05 Wellinghofen",20,17,TRUE,0,NA,NA,0,0,0,NA,0,0,0,0,0,0,NA,NA,NA,NA,NA,NA,NA,NA,0,0,0,0,NA,NA,NA,NA,NA
"Bernd Seehase","7f0c7bc5-3955-11ef-8b93-b908c60af10a",NA,NA,1975,"3/28/1976","4121f49f-3960-11ef-a176-2906cc9fb6bc","home","Füchse Berlin","TuS Hofweier",20,16,TRUE,3,NA,NA,0,0,0,NA,0,0,0,0,0,0,NA,NA,NA,NA,NA,NA,NA,NA,0,0,0,0,NA,NA,NA,NA,NA
"Dieter Nerlich","7f4aaab6-3955-11ef-a6c5-b908c60af10a",NA,NA,1975,"3/28/1976","4121f49f-3960-11ef-a176-2906cc9fb6bc","home","Füchse Berlin","TuS Hofweier",20,16,TRUE,0,NA,NA,0,0,0,NA,0,0,0,0,0,0,NA,NA,NA,NA,NA,NA,NA,NA,0,0,0,0,NA,NA,NA,NA,NA
"Andreas Pieper","8b17f063-3955-11ef-8f1b-81dc40648355",NA,NA,1975,"3/28/1976","4121f49f-3960-11ef-a176-2906cc9fb6bc","home","Füchse Berlin","TuS Hofweier",20,16,TRUE,0,NA,NA,0,0,0,NA,0,0,0,0,0,0,NA,NA,NA,NA,NA,NA,NA,NA,0,0,0,0,NA,NA,NA,NA,NA
"Uwe Schilde","a2ab6495-3955-11ef-ac26-2510cc07ea6e",NA,NA,1975,"3/28/1976","4121f49f-3960-11ef-a176-2906cc9fb6bc","home","Füchse Berlin","TuS Hofweier",20,16,TRUE,3,NA,NA,0,0,0,NA,0,0,0,0,0,0,NA,NA,NA,NA,NA,NA,NA,NA,0,0,0,0,NA,NA,NA,NA,NA
"Manfred Klein","a5ed5981-3955-11ef-aef8-2510cc07ea6e",NA,NA,1975,"3/28/1976","4121f49f-3960-11ef-a176-2906cc9fb6bc","home","Füchse Berlin","TuS Hofweier",20,16,TRUE,0,NA,NA,0,0,0,NA,0,0,0,0,0,0,NA,NA,NA,NA,NA,NA,NA,NA,0,0,0,0,NA,NA,NA,NA,NA
"Reinhard Lembcke","a5f9e01f-3955-11ef-a753-2510cc07ea6e",NA,NA,1975,"3/28/1976","4121f49f-3960-11ef-a176-2906cc9fb6bc","home","Füchse Berlin","TuS Hofweier",20,16,TRUE,0,NA,NA,0,0,0,NA,0,0,0,0,0,0,NA,NA,NA,NA,NA,NA,NA,NA,0,0,0,0,NA,NA,NA,NA,NA
"Wolfgang Braun","b1a4c388-3955-11ef-92b7-a36230ada079",NA,NA,1975,"3/28/1976","4121f49f-3960-11ef-a176-2906cc9fb6bc","home","Füchse Berlin","TuS Hofweier",20,16,TRUE,5,NA,NA,0,0,3,NA,0,0,0,0,0,0,NA,NA,NA,NA,NA,NA,NA,NA,0,0,0,0,NA,NA,NA,NA,NA
"Detlef Finkelmann","b1a8f927-3955-11ef-a009-a36230ada079",NA,NA,1975,"3/28/1976","4121f49f-3960-11ef-a176-2906cc9fb6bc","home","Füchse Berlin","TuS Hofweier",20,16,TRUE,0,NA,NA,0,0,0,NA,0,0,0,0,0,0,NA,NA,NA,NA,NA,NA,NA,NA,0,0,0,0,NA,NA,NA,NA,NA
"Bernd Goerigk","b1b21b0c-3955-11ef-a303-a36230ada079",NA,NA,1975,"3/28/1976","4121f49f-3960-11ef-a176-2906cc9fb6bc","home","Füchse Berlin","TuS Hofweier",20,16,TRUE,0,NA,NA,0,0,0,NA,0,0,0,0,0,0,NA,NA,NA,NA,NA,NA,NA,NA,0,0,0,0,NA,NA,NA,NA,NA
"Lutz Loewke","b1b73b08-3955-11ef-b76a-a36230ada079",NA,NA,1975,"3/28/1976","4121f49f-3960-11ef-a176-2906cc9fb6bc","home","Füchse Berlin","TuS Hofweier",20,16,TRUE,4,NA,NA,0,0,0,NA,0,0,0,0,0,0,NA,NA,NA,NA,NA,NA,NA,NA,0,0,0,0,NA,NA,NA,NA,NA
"Arno Ehret","39c2c361-3955-11ef-8c9d-bfbfc9e17c09",NA,NA,1975,"3/28/1976","4121f49f-3960-11ef-a176-2906cc9fb6bc","away","TuS Hofweier","Füchse Berlin",16,20,FALSE,5,NA,NA,0,0,0,NA,0,0,0,0,0,0,NA,NA,NA,NA,NA,NA,NA,NA,0,0,0,0,NA,NA,NA,NA,NA
"Peter Bucher","8e0071c9-3955-11ef-8ff8-81dc40648355",NA,NA,1975,"3/28/1976","4121f49f-3960-11ef-a176-2906cc9fb6bc","away","TuS Hofweier","Füchse Berlin",16,20,FALSE,3,NA,NA,0,0,0,NA,0,0,0,0,0,0,NA,NA,NA,NA,NA,NA,NA,NA,0,0,0,0,NA,NA,NA,NA,NA
"Josef Schienle","8e1c1721-3955-11ef-9a54-81dc40648355",NA,NA,1975,"3/28/1976","4121f49f-3960-11ef-a176-2906cc9fb6bc","away","TuS Hofweier","Füchse Berlin",16,20,FALSE,0,NA,NA,0,0,0,NA,0,0,0,0,0,0,NA,NA,NA,NA,NA,NA,NA,NA,0,0,0,0,NA,NA,NA,NA,NA
"Franz Bechler","98035d7e-3955-11ef-8b94-292be3190b7b",NA,NA,1975,"3/28/1976","4121f49f-3960-11ef-a176-2906cc9fb6bc","away","TuS Hofweier","Füchse Berlin",16,20,FALSE,2,NA,NA,0,0,0,NA,0,0,0,0,0,0,NA,NA,NA,NA,NA,NA,NA,NA,0,0,0,0,NA,NA,NA,NA,NA
"Günter Sinz","a3af1ecc-3955-11ef-bd85-2510cc07ea6e",NA,NA,1975,"3/28/1976","4121f49f-3960-11ef-a176-2906cc9fb6bc","away","TuS Hofweier","Füchse Berlin",16,20,FALSE,1,NA,NA,0,0,0,NA,0,0,0,0,0,0,NA,NA,NA,NA,NA,NA,NA,NA,0,0,0,0,NA,NA,NA,NA,NA
"Werner Voit","a3b992ef-3955-11ef-84c8-2510cc07ea6e",NA,NA,1975,"3/28/1976","4121f49f-3960-11ef-a176-2906cc9fb6bc","away","TuS Hofweier","Füchse Berlin",16,20,FALSE,1,NA,NA,0,0,0,NA,0,0,0,0,0,0,NA,NA,NA,NA,NA,NA,NA,NA,0,0,0,0,NA,NA,NA,NA,NA
"Werner Decker","afcae313-3955-11ef-a9cf-a36230ada079",NA,NA,1975,"3/28/1976","4121f49f-3960-11ef-a176-2906cc9fb6bc","away","TuS Hofweier","Füchse Berlin",16,20,FALSE,1,NA,NA,0,0,0,NA,0,0,0,0,0,0,NA,NA,NA,NA,NA,NA,NA,NA,0,0,0,0,NA,NA,NA,NA,NA
"Wolfgang Bruck","afd5808d-3955-11ef-a3c4-a36230ada079",NA,NA,1975,"3/28/1976","4121f49f-3960-11ef-a176-2906cc9fb6bc","away","TuS Hofweier","Füchse Berlin",16,20,FALSE,0,NA,NA,0,0,0,NA,0,0,0,0,0,0,NA,NA,NA,NA,NA,NA,NA,NA,0,0,0,0,NA,NA,NA,NA,NA
"Markus Hädrich","ba389acc-3955-11ef-8b9d-ab397f561917",NA,NA,1975,"3/28/1976","4121f49f-3960-11ef-a176-2906cc9fb6bc","away","TuS Hofweier","Füchse Berlin",16,20,FALSE,0,NA,NA,0,0,0,NA,0,0,0,0,0,0,NA,NA,NA,NA,NA,NA,NA,NA,0,0,0,0,NA,NA,NA,NA,NA
"Willibald Weiß","74414175-3955-11ef-89d0-51fdf2a82730",NA,NA,1975,"3/28/1976","41f07ade-3960-11ef-9348-2906cc9fb6bc","home","TSV Milbertshofen","SG Dietzenbach",19,12,TRUE,3,NA,NA,0,0,0,NA,0,0,0,0,0,0,NA,NA,NA,NA,NA,NA,NA,NA,0,0,0,0,NA,NA,NA,NA,NA
"Richard Mayr","751d6672-3955-11ef-a322-51fdf2a82730",NA,NA,1975,"3/28/1976","41f07ade-3960-11ef-9348-2906cc9fb6bc","home","TSV Milbertshofen","SG Dietzenbach",19,12,TRUE,0,NA,NA,0,0,0,NA,0,0,0,0,0,0,NA,NA,NA,NA,NA,NA,NA,NA,0,0,0,0,NA,NA,NA,NA,NA
"Jochen Frank","7ee9b472-3955-11ef-ab0f-b908c60af10a",NA,NA,1975,"3/28/1976","41f07ade-3960-11ef-9348-2906cc9fb6bc","home","TSV Milbertshofen","SG Dietzenbach",19,12,TRUE,1,NA,NA,0,0,0,NA,0,0,0,0,0,0,NA,NA,NA,NA,NA,NA,NA,NA,0,0,0,0,NA,NA,NA,NA,NA
"Rainer Olbert","80d00b6a-3955-11ef-ab11-b908c60af10a",NA,NA,1975,"3/28/1976","41f07ade-3960-11ef-9348-2906cc9fb6bc","home","TSV Milbertshofen","SG Dietzenbach",19,12,TRUE,0,NA,NA,0,0,0,NA,0,0,0,0,0,0,NA,NA,NA,NA,NA,NA,NA,NA,0,0,0,0,NA,NA,NA,NA,NA
"Udo Böbel","80d4ba37-3955-11ef-9d8b-b908c60af10a",NA,NA,1975,"3/28/1976","41f07ade-3960-11ef-9348-2906cc9fb6bc","home","TSV Milbertshofen","SG Dietzenbach",19,12,TRUE,6,NA,NA,0,0,3,NA,0,0,0,0,0,0,NA,NA,NA,NA,NA,NA,NA,NA,0,0,0,0,NA,NA,NA,NA,NA
"Peter Lechner","8ae4d648-3955-11ef-901d-81dc40648355",NA,NA,1975,"3/28/1976","41f07ade-3960-11ef-9348-2906cc9fb6bc","home","TSV Milbertshofen","SG Dietzenbach",19,12,TRUE,0,NA,NA,0,0,0,NA,0,0,0,0,0,0,NA,NA,NA,NA,NA,NA,NA,NA,0,0,0,0,NA,NA,NA,NA,NA
"Peter Jaschke","8b728782-3955-11ef-8da6-81dc40648355",NA,NA,1975,"3/28/1976","41f07ade-3960-11ef-9348-2906cc9fb6bc","home","TSV Milbertshofen","SG Dietzenbach",19,12,TRUE,0,NA,NA,0,0,0,NA,0,0,0,0,0,0,NA,NA,NA,NA,NA,NA,NA,NA,0,0,0,0,NA,NA,NA,NA,NA
"Lothar Weingärtner","8dbf003c-3955-11ef-879b-81dc40648355",NA,NA,1975,"3/28/1976","41f07ade-3960-11ef-9348-2906cc9fb6bc","home","TSV Milbertshofen","SG Dietzenbach",19,12,TRUE,2,NA,NA,0,0,0,NA,0,0,0,0,0,0,NA,NA,NA,NA,NA,NA,NA,NA,0,0,0,0,NA,NA,NA,NA,NA
"Werner Winkelmeier","9712104e-3955-11ef-9613-292be3190b7b",NA,NA,1975,"3/28/1976","41f07ade-3960-11ef-9348-2906cc9fb6bc","home","TSV Milbertshofen","SG Dietzenbach",19,12,TRUE,4,NA,NA,0,0,0,NA,0,0,0,0,0,0,NA,NA,NA,NA,NA,NA,NA,NA,0,0,0,0,NA,NA,NA,NA,NA
"Rudolf Dobler","97ac407c-3955-11ef-9ea9-292be3190b7b",NA,NA,1975,"3/28/1976","41f07ade-3960-11ef-9348-2906cc9fb6bc","home","TSV Milbertshofen","SG Dietzenbach",19,12,TRUE,1,NA,NA,0,0,0,NA,0,0,0,0,0,0,NA,NA,NA,NA,NA,NA,NA,NA,0,0,0,0,NA,NA,NA,NA,NA
"Jochen Heyne","b1c06894-3955-11ef-ab50-a36230ada079",NA,NA,1975,"3/28/1976","41f07ade-3960-11ef-9348-2906cc9fb6bc","home","TSV Milbertshofen","SG Dietzenbach",19,12,TRUE,1,NA,NA,0,0,0,NA,0,0,0,0,0,0,NA,NA,NA,NA,NA,NA,NA,NA,0,0,0,0,NA,NA,NA,NA,NA
"Helmut Schelchshorn","b1c960ef-3955-11ef-850b-a36230ada079",NA,NA,1975,"3/28/1976","41f07ade-3960-11ef-9348-2906cc9fb6bc","home","TSV Milbertshofen","SG Dietzenbach",19,12,TRUE,1,NA,NA,0,0,0,NA,0,0,0,0,0,0,NA,NA,NA,NA,NA,NA,NA,NA,0,0,0,0,NA,NA,NA,NA,NA
"Claus Hormel","65a6e4d8-3955-11ef-84ee-292be3190b7b",NA,NA,1975,"3/28/1976","41f07ade-3960-11ef-9348-2906cc9fb6bc","away","SG Dietzenbach","TSV Milbertshofen",12,19,FALSE,0,NA,NA,0,0,0,NA,0,0,0,0,0,0,NA,NA,NA,NA,NA,NA,NA,NA,0,0,0,0,NA,NA,NA,NA,NA
"Dieter Schappert","808baa47-3955-11ef-b967-b908c60af10a",NA,NA,1975,"3/28/1976","41f07ade-3960-11ef-9348-2906cc9fb6bc","away","SG Dietzenbach","TSV Milbertshofen",12,19,FALSE,1,NA,NA,0,0,0,NA,0,0,0,0,0,0,NA,NA,NA,NA,NA,NA,NA,NA,0,0,0,0,NA,NA,NA,NA,NA
"Milan Krstić","8a85bfb0-3955-11ef-ac1d-81dc40648355",NA,NA,1975,"3/28/1976","41f07ade-3960-11ef-9348-2906cc9fb6bc","away","SG Dietzenbach","TSV Milbertshofen",12,19,FALSE,2,NA,NA,0,0,0,NA,0,0,0,0,0,0,NA,NA,NA,NA,NA,NA,NA,NA,0,0,0,0,NA,NA,NA,NA,NA
"Heinz-Walter Behne","8be65881-3955-11ef-8872-81dc40648355",NA,NA,1975,"3/28/1976","41f07ade-3960-11ef-9348-2906cc9fb6bc","away","SG Dietzenbach","TSV Milbertshofen",12,19,FALSE,2,NA,NA,0,0,0,NA,0,0,0,0,0,0,NA,NA,NA,NA,NA,NA,NA,NA,0,0,0,0,NA,NA,NA,NA,NA
"Herbert Wehnert","96e104db-3955-11ef-b58d-292be3190b7b",NA,NA,1975,"3/28/1976","41f07ade-3960-11ef-9348-2906cc9fb6bc","away","SG Dietzenbach","TSV Milbertshofen",12,19,FALSE,0,NA,NA,0,0,0,NA,0,0,0,0,0,0,NA,NA,NA,NA,NA,NA,NA,NA,0,0,0,0,NA,NA,NA,NA,NA
"Boris Kostić","982a9c45-3955-11ef-bf0d-292be3190b7b",NA,NA,1975,"3/28/1976","41f07ade-3960-11ef-9348-2906cc9fb6bc","away","SG Dietzenbach","TSV Milbertshofen",12,19,FALSE,0,NA,NA,0,0,0,NA,0,0,0,0,0,0,NA,NA,NA,NA,NA,NA,NA,NA,0,0,0,0,NA,NA,NA,NA,NA
"Manfred Merk","a2e89182-3955-11ef-b7cf-2510cc07ea6e",NA,NA,1975,"3/28/1976","41f07ade-3960-11ef-9348-2906cc9fb6bc","away","SG Dietzenbach","TSV Milbertshofen",12,19,FALSE,2,NA,NA,0,0,0,NA,0,0,0,0,0,0,NA,NA,NA,NA,NA,NA,NA,NA,0,0,0,0,NA,NA,NA,NA,NA
"Klaus Budecker","af1ed2a9-3955-11ef-854d-a36230ada079",NA,NA,1975,"3/28/1976","41f07ade-3960-11ef-9348-2906cc9fb6bc","away","SG Dietzenbach","TSV Milbertshofen",12,19,FALSE,0,NA,NA,0,0,0,NA,0,0,0,0,0,0,NA,NA,NA,NA,NA,NA,NA,NA,0,0,0,0,NA,NA,NA,NA,NA
"Ronald Wittig","af27e5c1-3955-11ef-9f41-a36230ada079",NA,NA,1975,"3/28/1976","41f07ade-3960-11ef-9348-2906cc9fb6bc","away","SG Dietzenbach","TSV Milbertshofen",12,19,FALSE,0,NA,NA,0,0,0,NA,0,0,0,0,0,0,NA,NA,NA,NA,NA,NA,NA,NA,0,0,0,0,NA,NA,NA,NA,NA
"Heinrich Baum","af2c6c48-3955-11ef-964a-a36230ada079",NA,NA,1975,"3/28/1976","41f07ade-3960-11ef-9348-2906cc9fb6bc","away","SG Dietzenbach","TSV Milbertshofen",12,19,FALSE,3,NA,NA,0,0,0,NA,0,0,0,0,0,0,NA,NA,NA,NA,NA,NA,NA,NA,0,0,0,0,NA,NA,NA,NA,NA
"Werner Fritzel","b1cdb47c-3955-11ef-8cfd-a36230ada079",NA,NA,1975,"3/28/1976","41f07ade-3960-11ef-9348-2906cc9fb6bc","away","SG Dietzenbach","TSV Milbertshofen",12,19,FALSE,0,NA,NA,0,0,0,NA,0,0,0,0,0,0,NA,NA,NA,NA,NA,NA,NA,NA,0,0,0,0,NA,NA,NA,NA,NA
"Klaus Rettig","b1d1aa4c-3955-11ef-baf9-a36230ada079",NA,NA,1975,"3/28/1976","41f07ade-3960-11ef-9348-2906cc9fb6bc","away","SG Dietzenbach","TSV Milbertshofen",12,19,FALSE,2,NA,NA,0,0,0,NA,0,0,0,0,0,0,NA,NA,NA,NA,NA,NA,NA,NA,0,0,0,0,NA,NA,NA,NA,NA
"Heiner Brand","44e82d45-3955-11ef-bc71-4fa817cd91bb",NA,NA,1975,"3/29/1976","312f69f4-3960-11ef-a9aa-2906cc9fb6bc","home","VfL Gummersbach","OSC 04 Rheinhausen",19,20,FALSE,6,NA,NA,0,0,0,NA,0,0,0,0,0,0,NA,NA,NA,NA,NA,NA,NA,NA,0,0,0,0,NA,NA,NA,NA,NA
"Reiner Schumacher","8aac0482-3955-11ef-9f92-81dc40648355",NA,NA,1975,"3/29/1976","312f69f4-3960-11ef-a9aa-2906cc9fb6bc","home","VfL Gummersbach","OSC 04 Rheinhausen",19,20,FALSE,0,NA,NA,0,0,0,NA,0,0,0,0,0,0,NA,NA,NA,NA,NA,NA,NA,NA,0,0,0,0,NA,NA,NA,NA,NA
"Klaus Westebbe","8c58f63a-3955-11ef-b65e-81dc40648355",NA,NA,1975,"3/29/1976","312f69f4-3960-11ef-a9aa-2906cc9fb6bc","home","VfL Gummersbach","OSC 04 Rheinhausen",19,20,FALSE,2,NA,NA,0,0,0,NA,0,0,0,0,0,0,NA,NA,NA,NA,NA,NA,NA,NA,0,0,0,0,NA,NA,NA,NA,NA
"Klaus Kater","8da1f6ef-3955-11ef-b31a-81dc40648355",NA,NA,1975,"3/29/1976","312f69f4-3960-11ef-a9aa-2906cc9fb6bc","home","VfL Gummersbach","OSC 04 Rheinhausen",19,20,FALSE,0,NA,NA,0,0,0,NA,0,0,0,0,0,0,NA,NA,NA,NA,NA,NA,NA,NA,0,0,0,0,NA,NA,NA,NA,NA
"Klaus Schlagheck","97a06613-3955-11ef-8056-292be3190b7b",NA,NA,1975,"3/29/1976","312f69f4-3960-11ef-a9aa-2906cc9fb6bc","home","VfL Gummersbach","OSC 04 Rheinhausen",19,20,FALSE,2,NA,NA,0,0,0,NA,0,0,0,0,0,0,NA,NA,NA,NA,NA,NA,NA,NA,0,0,0,0,NA,NA,NA,NA,NA
"Joachim Deckarm","9976945f-3955-11ef-afc4-292be3190b7b",NA,NA,1975,"3/29/1976","312f69f4-3960-11ef-a9aa-2906cc9fb6bc","home","VfL Gummersbach","OSC 04 Rheinhausen",19,20,FALSE,7,NA,NA,0,0,2,NA,0,0,0,0,0,0,NA,NA,NA,NA,NA,NA,NA,NA,0,0,0,0,NA,NA,NA,NA,NA
"Jochen Feldhoff","a32751a5-3955-11ef-badf-2510cc07ea6e",NA,NA,1975,"3/29/1976","312f69f4-3960-11ef-a9aa-2906cc9fb6bc","home","VfL Gummersbach","OSC 04 Rheinhausen",19,20,FALSE,1,NA,NA,0,0,0,NA,0,0,0,0,0,0,NA,NA,NA,NA,NA,NA,NA,NA,0,0,0,0,NA,NA,NA,NA,NA
"Manfred Glodde","a32e0a86-3955-11ef-9caa-2510cc07ea6e",NA,NA,1975,"3/29/1976","312f69f4-3960-11ef-a9aa-2906cc9fb6bc","home","VfL Gummersbach","OSC 04 Rheinhausen",19,20,FALSE,0,NA,NA,0,0,0,NA,0,0,0,0,0,0,NA,NA,NA,NA,NA,NA,NA,NA,0,0,0,0,NA,NA,NA,NA,NA
"Joachim Henkels","a3386008-3955-11ef-810a-2510cc07ea6e",NA,NA,1975,"3/29/1976","312f69f4-3960-11ef-a9aa-2906cc9fb6bc","home","VfL Gummersbach","OSC 04 Rheinhausen",19,20,FALSE,1,NA,NA,0,0,0,NA,0,0,0,0,0,0,NA,NA,NA,NA,NA,NA,NA,NA,0,0,0,0,NA,NA,NA,NA,NA
"Werner Lettgen","ae263c3c-3955-11ef-96f7-a36230ada079",NA,NA,1975,"3/29/1976","312f69f4-3960-11ef-a9aa-2906cc9fb6bc","home","VfL Gummersbach","OSC 04 Rheinhausen",19,20,FALSE,0,NA,NA,0,0,0,NA,0,0,0,0,0,0,NA,NA,NA,NA,NA,NA,NA,NA,0,0,0,0,NA,NA,NA,NA,NA
"Hans-Dieter Schmitz","51093bea-3955-11ef-bc25-6d38c0425bc0",NA,NA,1975,"3/29/1976","312f69f4-3960-11ef-a9aa-2906cc9fb6bc","away","OSC 04 Rheinhausen","VfL Gummersbach",20,19,TRUE,4,NA,NA,0,0,0,NA,0,0,0,0,0,0,NA,NA,NA,NA,NA,NA,NA,NA,0,0,0,0,NA,NA,NA,NA,NA
"Gerd Rosendahl","7501cfa1-3955-11ef-95a2-51fdf2a82730",NA,NA,1975,"3/29/1976","312f69f4-3960-11ef-a9aa-2906cc9fb6bc","away","OSC 04 Rheinhausen","VfL Gummersbach",20,19,TRUE,4,NA,NA,0,0,0,NA,0,0,0,0,0,0,NA,NA,NA,NA,NA,NA,NA,NA,0,0,0,0,NA,NA,NA,NA,NA
"Harry Keller","7e4b9df1-3955-11ef-80fd-b908c60af10a",NA,NA,1975,"3/29/1976","312f69f4-3960-11ef-a9aa-2906cc9fb6bc","away","OSC 04 Rheinhausen","VfL Gummersbach",20,19,TRUE,0,NA,NA,0,0,0,NA,0,0,0,0,0,0,NA,NA,NA,NA,NA,NA,NA,NA,0,0,0,0,NA,NA,NA,NA,NA
"Uwe Laaser","8157221e-3955-11ef-a944-b908c60af10a",NA,NA,1975,"3/29/1976","312f69f4-3960-11ef-a9aa-2906cc9fb6bc","away","OSC 04 Rheinhausen","VfL Gummersbach",20,19,TRUE,0,NA,NA,0,0,0,NA,0,0,0,0,0,0,NA,NA,NA,NA,NA,NA,NA,NA,0,0,0,0,NA,NA,NA,NA,NA
"Hans-Gerd Nellen","a1ba59d4-3955-11ef-b73b-2510cc07ea6e",NA,NA,1975,"3/29/1976","312f69f4-3960-11ef-a9aa-2906cc9fb6bc","away","OSC 04 Rheinhausen","VfL Gummersbach",20,19,TRUE,0,NA,NA,0,0,0,NA,0,0,0,0,0,0,NA,NA,NA,NA,NA,NA,NA,NA,0,0,0,0,NA,NA,NA,NA,NA
"Norbert Meister","a610e086-3955-11ef-bf85-2510cc07ea6e",NA,NA,1975,"3/29/1976","312f69f4-3960-11ef-a9aa-2906cc9fb6bc","away","OSC 04 Rheinhausen","VfL Gummersbach",20,19,TRUE,0,NA,NA,0,0,0,NA,0,0,0,0,0,0,NA,NA,NA,NA,NA,NA,NA,NA,0,0,0,0,NA,NA,NA,NA,NA
"Werner Herling","a61b6e80-3955-11ef-b2d4-2510cc07ea6e",NA,NA,1975,"3/29/1976","312f69f4-3960-11ef-a9aa-2906cc9fb6bc","away","OSC 04 Rheinhausen","VfL Gummersbach",20,19,TRUE,5,NA,NA,0,0,0,NA,0,0,0,0,0,0,NA,NA,NA,NA,NA,NA,NA,NA,0,0,0,0,NA,NA,NA,NA,NA
"Burkhard Nagel","a6312ffa-3955-11ef-9438-2510cc07ea6e",NA,NA,1975,"3/29/1976","312f69f4-3960-11ef-a9aa-2906cc9fb6bc","away","OSC 04 Rheinhausen","VfL Gummersbach",20,19,TRUE,7,NA,NA,0,0,0,NA,0,0,0,0,0,0,NA,NA,NA,NA,NA,NA,NA,NA,0,0,0,0,NA,NA,NA,NA,NA
"Olaf Berner","a4006ca4-3955-11ef-a034-2510cc07ea6e",NA,NA,1975,"3/30/1976","35c411a2-3960-11ef-ba82-2906cc9fb6bc","home","TSV Altenholz","SC Phönix Essen 1920",19,18,TRUE,6,NA,NA,0,0,0,NA,0,0,0,0,0,0,NA,NA,NA,NA,NA,NA,NA,NA,0,0,0,0,NA,NA,NA,NA,NA
"Peter Linke","b06a455b-3955-11ef-a47d-a36230ada079",NA,NA,1975,"3/30/1976","35c411a2-3960-11ef-ba82-2906cc9fb6bc","home","TSV Altenholz","SC Phönix Essen 1920",19,18,TRUE,0,NA,NA,0,0,0,NA,0,0,0,0,0,0,NA,NA,NA,NA,NA,NA,NA,NA,0,0,0,0,NA,NA,NA,NA,NA
"Peter Kurth","b06eb57c-3955-11ef-b9af-a36230ada079",NA,NA,1975,"3/30/1976","35c411a2-3960-11ef-ba82-2906cc9fb6bc","home","TSV Altenholz","SC Phönix Essen 1920",19,18,TRUE,0,NA,NA,0,0,0,NA,0,0,0,0,0,0,NA,NA,NA,NA,NA,NA,NA,NA,0,0,0,0,NA,NA,NA,NA,NA
"Peter Werk","b0784d6e-3955-11ef-9a85-a36230ada079",NA,NA,1975,"3/30/1976","35c411a2-3960-11ef-ba82-2906cc9fb6bc","home","TSV Altenholz","SC Phönix Essen 1920",19,18,TRUE,1,NA,NA,0,0,1,NA,0,0,0,0,0,0,NA,NA,NA,NA,NA,NA,NA,NA,0,0,0,0,NA,NA,NA,NA,NA
"Hardmuth Groß","b07c9918-3955-11ef-a7b9-a36230ada079",NA,NA,1975,"3/30/1976","35c411a2-3960-11ef-ba82-2906cc9fb6bc","home","TSV Altenholz","SC Phönix Essen 1920",19,18,TRUE,3,NA,NA,0,0,0,NA,0,0,0,0,0,0,NA,NA,NA,NA,NA,NA,NA,NA,0,0,0,0,NA,NA,NA,NA,NA
"Peter Bortel","b085b129-3955-11ef-b6a0-a36230ada079",NA,NA,1975,"3/30/1976","35c411a2-3960-11ef-ba82-2906cc9fb6bc","home","TSV Altenholz","SC Phönix Essen 1920",19,18,TRUE,0,NA,NA,0,0,0,NA,0,0,0,0,0,0,NA,NA,NA,NA,NA,NA,NA,NA,0,0,0,0,NA,NA,NA,NA,NA
"Jörgen Danielsen","b08a7dec-3955-11ef-acb4-a36230ada079",NA,NA,1975,"3/30/1976","35c411a2-3960-11ef-ba82-2906cc9fb6bc","home","TSV Altenholz","SC Phönix Essen 1920",19,18,TRUE,1,NA,NA,0,0,0,NA,0,0,0,0,0,0,NA,NA,NA,NA,NA,NA,NA,NA,0,0,0,0,NA,NA,NA,NA,NA
"Klaus Beckmann","b08ee1c0-3955-11ef-8689-a36230ada079",NA,NA,1975,"3/30/1976","35c411a2-3960-11ef-ba82-2906cc9fb6bc","home","TSV Altenholz","SC Phönix Essen 1920",19,18,TRUE,3,NA,NA,0,0,0,NA,0,0,0,0,0,0,NA,NA,NA,NA,NA,NA,NA,NA,0,0,0,0,NA,NA,NA,NA,NA
"Klaus-Dieter Heiden","b09837ed-3955-11ef-99d8-a36230ada079",NA,NA,1975,"3/30/1976","35c411a2-3960-11ef-ba82-2906cc9fb6bc","home","TSV Altenholz","SC Phönix Essen 1920",19,18,TRUE,0,NA,NA,0,0,0,NA,0,0,0,0,0,0,NA,NA,NA,NA,NA,NA,NA,NA,0,0,0,0,NA,NA,NA,NA,NA
"Klaus-Peter Römer","b09cfa69-3955-11ef-b8eb-a36230ada079",NA,NA,1975,"3/30/1976","35c411a2-3960-11ef-ba82-2906cc9fb6bc","home","TSV Altenholz","SC Phönix Essen 1920",19,18,TRUE,4,NA,NA,0,0,0,NA,0,0,0,0,0,0,NA,NA,NA,NA,NA,NA,NA,NA,0,0,0,0,NA,NA,NA,NA,NA
"Manfred Schulz","b0a21333-3955-11ef-a679-a36230ada079",NA,NA,1975,"3/30/1976","35c411a2-3960-11ef-ba82-2906cc9fb6bc","home","TSV Altenholz","SC Phönix Essen 1920",19,18,TRUE,1,NA,NA,0,0,0,NA,0,0,0,0,0,0,NA,NA,NA,NA,NA,NA,NA,NA,0,0,0,0,NA,NA,NA,NA,NA
"Dieter Bartke","4fa6f4fc-3955-11ef-9f16-6d38c0425bc0",NA,NA,1975,"3/30/1976","35c411a2-3960-11ef-ba82-2906cc9fb6bc","away","SC Phönix Essen 1920","TSV Altenholz",18,19,FALSE,0,NA,NA,0,0,0,NA,0,0,0,0,0,0,NA,NA,NA,NA,NA,NA,NA,NA,0,0,0,0,NA,NA,NA,NA,NA
"Burkhard Windorf","8b6a317b-3955-11ef-84ca-81dc40648355",NA,NA,1975,"3/30/1976","35c411a2-3960-11ef-ba82-2906cc9fb6bc","away","SC Phönix Essen 1920","TSV Altenholz",18,19,FALSE,1,NA,NA,0,0,0,NA,0,0,0,0,0,0,NA,NA,NA,NA,NA,NA,NA,NA,0,0,0,0,NA,NA,NA,NA,NA
"Peter Kleibrink","a1d4c58c-3955-11ef-9cce-2510cc07ea6e",NA,NA,1975,"3/30/1976","35c411a2-3960-11ef-ba82-2906cc9fb6bc","away","SC Phönix Essen 1920","TSV Altenholz",18,19,FALSE,2,NA,NA,0,0,0,NA,0,0,0,0,0,0,NA,NA,NA,NA,NA,NA,NA,NA,0,0,0,0,NA,NA,NA,NA,NA
"Peter Bützer","a4cb5a85-3955-11ef-989d-2510cc07ea6e",NA,NA,1975,"3/30/1976","35c411a2-3960-11ef-ba82-2906cc9fb6bc","away","SC Phönix Essen 1920","TSV Altenholz",18,19,FALSE,3,NA,NA,0,0,0,NA,0,0,0,0,0,0,NA,NA,NA,NA,NA,NA,NA,NA,0,0,0,0,NA,NA,NA,NA,NA
"Jürgen Musebrink","a572f52f-3955-11ef-b6cb-2510cc07ea6e",NA,NA,1975,"3/30/1976","35c411a2-3960-11ef-ba82-2906cc9fb6bc","away","SC Phönix Essen 1920","TSV Altenholz",18,19,FALSE,0,NA,NA,0,0,0,NA,0,0,0,0,0,0,NA,NA,NA,NA,NA,NA,NA,NA,0,0,0,0,NA,NA,NA,NA,NA
"Carsten Matuszak","a59daa13-3955-11ef-9206-2510cc07ea6e",NA,NA,1975,"3/30/1976","35c411a2-3960-11ef-ba82-2906cc9fb6bc","away","SC Phönix Essen 1920","TSV Altenholz",18,19,FALSE,1,NA,NA,0,0,0,NA,0,0,0,0,0,0,NA,NA,NA,NA,NA,NA,NA,NA,0,0,0,0,NA,NA,NA,NA,NA
"Wilhelm Heidkamp","a5a2ef02-3955-11ef-9852-2510cc07ea6e",NA,NA,1975,"3/30/1976","35c411a2-3960-11ef-ba82-2906cc9fb6bc","away","SC Phönix Essen 1920","TSV Altenholz",18,19,FALSE,3,NA,NA,0,0,0,NA,0,0,0,0,0,0,NA,NA,NA,NA,NA,NA,NA,NA,0,0,0,0,NA,NA,NA,NA,NA
"Heinz Oberscheidt","a5ae94f2-3955-11ef-91fc-2510cc07ea6e",NA,NA,1975,"3/30/1976","35c411a2-3960-11ef-ba82-2906cc9fb6bc","away","SC Phönix Essen 1920","TSV Altenholz",18,19,FALSE,5,NA,NA,0,0,1,NA,0,0,0,0,0,0,NA,NA,NA,NA,NA,NA,NA,NA,0,0,0,0,NA,NA,NA,NA,NA
"Ingo Callies","b0b0659b-3955-11ef-87aa-a36230ada079",NA,NA,1975,"3/30/1976","35c411a2-3960-11ef-ba82-2906cc9fb6bc","away","SC Phönix Essen 1920","TSV Altenholz",18,19,FALSE,3,NA,NA,0,0,2,NA,0,0,0,0,0,0,NA,NA,NA,NA,NA,NA,NA,NA,0,0,0,0,NA,NA,NA,NA,NA
"Peter Forker","b0b50ef2-3955-11ef-964f-a36230ada079",NA,NA,1975,"3/30/1976","35c411a2-3960-11ef-ba82-2906cc9fb6bc","away","SC Phönix Essen 1920","TSV Altenholz",18,19,FALSE,0,NA,NA,0,0,0,NA,0,0,0,0,0,0,NA,NA,NA,NA,NA,NA,NA,NA,0,0,0,0,NA,NA,NA,NA,NA
"Emil Hauke","b0ba65f4-3955-11ef-9726-a36230ada079",NA,NA,1975,"3/30/1976","35c411a2-3960-11ef-ba82-2906cc9fb6bc","away","SC Phönix Essen 1920","TSV Altenholz",18,19,FALSE,0,NA,NA,0,0,0,NA,0,0,0,0,0,0,NA,NA,NA,NA,NA,NA,NA,NA,0,0,0,0,NA,NA,NA,NA,NA
"Rüdiger Hillebrand","b0c11a9c-3955-11ef-bf0d-a36230ada079",NA,NA,1975,"3/30/1976","35c411a2-3960-11ef-ba82-2906cc9fb6bc","away","SC Phönix Essen 1920","TSV Altenholz",18,19,FALSE,0,NA,NA,0,0,0,NA,0,0,0,0,0,0,NA,NA,NA,NA,NA,NA,NA,NA,0,0,0,0,NA,NA,NA,NA,NA
"Rainer Niemeyer","5008ccec-3955-11ef-9f62-6d38c0425bc0",NA,NA,1975,"4/3/1976","313fd99a-3960-11ef-8f19-2906cc9fb6bc","home","GWD Minden","VfL Gummersbach",14,17,FALSE,0,NA,NA,0,0,0,NA,0,0,0,0,0,0,NA,NA,NA,NA,NA,NA,NA,NA,0,0,0,0,NA,NA,NA,NA,NA
"Hans-Jürgen Grund","81694a24-3955-11ef-9a97-b908c60af10a",NA,NA,1975,"4/3/1976","313fd99a-3960-11ef-8f19-2906cc9fb6bc","home","GWD Minden","VfL Gummersbach",14,17,FALSE,0,NA,NA,0,0,0,NA,0,0,0,0,0,0,NA,NA,NA,NA,NA,NA,NA,NA,0,0,0,0,NA,NA,NA,NA,NA
"Axel Axelsson","8b29429f-3955-11ef-baf9-81dc40648355",NA,NA,1975,"4/3/1976","313fd99a-3960-11ef-8f19-2906cc9fb6bc","home","GWD Minden","VfL Gummersbach",14,17,FALSE,6,NA,NA,0,0,2,NA,0,0,0,0,0,0,NA,NA,NA,NA,NA,NA,NA,NA,0,0,0,0,NA,NA,NA,NA,NA
"Dieter Waltke","8bbe1a37-3955-11ef-a8ff-81dc40648355",NA,NA,1975,"4/3/1976","313fd99a-3960-11ef-8f19-2906cc9fb6bc","home","GWD Minden","VfL Gummersbach",14,17,FALSE,0,NA,NA,0,0,0,NA,0,0,0,0,0,0,NA,NA,NA,NA,NA,NA,NA,NA,0,0,0,0,NA,NA,NA,NA,NA
"Bernhard Busch","8dc9280f-3955-11ef-80e2-81dc40648355",NA,NA,1975,"4/3/1976","313fd99a-3960-11ef-8f19-2906cc9fb6bc","home","GWD Minden","VfL Gummersbach",14,17,FALSE,2,NA,NA,0,0,2,NA,0,0,0,0,0,0,NA,NA,NA,NA,NA,NA,NA,NA,0,0,0,0,NA,NA,NA,NA,NA
"Gerd Becker","96f1e245-3955-11ef-80bc-292be3190b7b",NA,NA,1975,"4/3/1976","313fd99a-3960-11ef-8f19-2906cc9fb6bc","home","GWD Minden","VfL Gummersbach",14,17,FALSE,0,NA,NA,0,0,0,NA,0,0,0,0,0,0,NA,NA,NA,NA,NA,NA,NA,NA,0,0,0,0,NA,NA,NA,NA,NA
"Walter von Oepen","97f2373d-3955-11ef-82ae-292be3190b7b",NA,NA,1975,"4/3/1976","313fd99a-3960-11ef-8f19-2906cc9fb6bc","home","GWD Minden","VfL Gummersbach",14,17,FALSE,2,NA,NA,0,0,0,NA,0,0,0,0,0,0,NA,NA,NA,NA,NA,NA,NA,NA,0,0,0,0,NA,NA,NA,NA,NA
"Martin Karcher","980f80ce-3955-11ef-8054-292be3190b7b",NA,NA,1975,"4/3/1976","313fd99a-3960-11ef-8f19-2906cc9fb6bc","home","GWD Minden","VfL Gummersbach",14,17,FALSE,0,NA,NA,0,0,0,NA,0,0,0,0,0,0,NA,NA,NA,NA,NA,NA,NA,NA,0,0,0,0,NA,NA,NA,NA,NA
"Gerhard Buddenbohm","98e2ecac-3955-11ef-b2de-292be3190b7b",NA,NA,1975,"4/3/1976","313fd99a-3960-11ef-8f19-2906cc9fb6bc","home","GWD Minden","VfL Gummersbach",14,17,FALSE,2,NA,NA,0,0,0,NA,0,0,0,0,0,0,NA,NA,NA,NA,NA,NA,NA,NA,0,0,0,0,NA,NA,NA,NA,NA
"Ólafur Hlöðver Jónsson","98eb7177-3955-11ef-9bda-292be3190b7b",NA,NA,1975,"4/3/1976","313fd99a-3960-11ef-8f19-2906cc9fb6bc","home","GWD Minden","VfL Gummersbach",14,17,FALSE,1,NA,NA,0,0,0,NA,0,0,0,0,0,0,NA,NA,NA,NA,NA,NA,NA,NA,0,0,0,0,NA,NA,NA,NA,NA
"Hans Kramer","98f50290-3955-11ef-8aa8-292be3190b7b",NA,NA,1975,"4/3/1976","313fd99a-3960-11ef-8f19-2906cc9fb6bc","home","GWD Minden","VfL Gummersbach",14,17,FALSE,1,NA,NA,0,0,0,NA,0,0,0,0,0,0,NA,NA,NA,NA,NA,NA,NA,NA,0,0,0,0,NA,NA,NA,NA,NA
"Bernd Knuth","b006b967-3955-11ef-9f47-a36230ada079",NA,NA,1975,"4/3/1976","313fd99a-3960-11ef-8f19-2906cc9fb6bc","home","GWD Minden","VfL Gummersbach",14,17,FALSE,0,NA,NA,0,0,0,NA,0,0,0,0,0,0,NA,NA,NA,NA,NA,NA,NA,NA,0,0,0,0,NA,NA,NA,NA,NA
"Heiner Brand","44e82d45-3955-11ef-bc71-4fa817cd91bb",NA,NA,1975,"4/3/1976","313fd99a-3960-11ef-8f19-2906cc9fb6bc","away","VfL Gummersbach","GWD Minden",17,14,TRUE,2,NA,NA,0,0,0,NA,0,0,0,0,0,0,NA,NA,NA,NA,NA,NA,NA,NA,0,0,0,0,NA,NA,NA,NA,NA
"Thomas Krokowski","7160b90e-3955-11ef-819f-51fdf2a82730",NA,NA,1975,"4/3/1976","313fd99a-3960-11ef-8f19-2906cc9fb6bc","away","VfL Gummersbach","GWD Minden",17,14,TRUE,0,NA,NA,0,0,0,NA,0,0,0,0,0,0,NA,NA,NA,NA,NA,NA,NA,NA,0,0,0,0,NA,NA,NA,NA,NA
"Klaus Westebbe","8c58f63a-3955-11ef-b65e-81dc40648355",NA,NA,1975,"4/3/1976","313fd99a-3960-11ef-8f19-2906cc9fb6bc","away","VfL Gummersbach","GWD Minden",17,14,TRUE,1,NA,NA,0,0,0,NA,0,0,0,0,0,0,NA,NA,NA,NA,NA,NA,NA,NA,0,0,0,0,NA,NA,NA,NA,NA
"Klaus Kater","8da1f6ef-3955-11ef-b31a-81dc40648355",NA,NA,1975,"4/3/1976","313fd99a-3960-11ef-8f19-2906cc9fb6bc","away","VfL Gummersbach","GWD Minden",17,14,TRUE,0,NA,NA,0,0,0,NA,0,0,0,0,0,0,NA,NA,NA,NA,NA,NA,NA,NA,0,0,0,0,NA,NA,NA,NA,NA
"Klaus Schlagheck","97a06613-3955-11ef-8056-292be3190b7b",NA,NA,1975,"4/3/1976","313fd99a-3960-11ef-8f19-2906cc9fb6bc","away","VfL Gummersbach","GWD Minden",17,14,TRUE,0,NA,NA,0,0,0,NA,0,0,0,0,0,0,NA,NA,NA,NA,NA,NA,NA,NA,0,0,0,0,NA,NA,NA,NA,NA
"Joachim Deckarm","9976945f-3955-11ef-afc4-292be3190b7b",NA,NA,1975,"4/3/1976","313fd99a-3960-11ef-8f19-2906cc9fb6bc","away","VfL Gummersbach","GWD Minden",17,14,TRUE,7,NA,NA,0,0,2,NA,0,0,0,0,0,0,NA,NA,NA,NA,NA,NA,NA,NA,0,0,0,0,NA,NA,NA,NA,NA
"Jochen Feldhoff","a32751a5-3955-11ef-badf-2510cc07ea6e",NA,NA,1975,"4/3/1976","313fd99a-3960-11ef-8f19-2906cc9fb6bc","away","VfL Gummersbach","GWD Minden",17,14,TRUE,4,NA,NA,0,0,0,NA,0,0,0,0,0,0,NA,NA,NA,NA,NA,NA,NA,NA,0,0,0,0,NA,NA,NA,NA,NA
"Manfred Glodde","a32e0a86-3955-11ef-9caa-2510cc07ea6e",NA,NA,1975,"4/3/1976","313fd99a-3960-11ef-8f19-2906cc9fb6bc","away","VfL Gummersbach","GWD Minden",17,14,TRUE,1,NA,NA,0,0,0,NA,0,0,0,0,0,0,NA,NA,NA,NA,NA,NA,NA,NA,0,0,0,0,NA,NA,NA,NA,NA
"Joachim Henkels","a3386008-3955-11ef-810a-2510cc07ea6e",NA,NA,1975,"4/3/1976","313fd99a-3960-11ef-8f19-2906cc9fb6bc","away","VfL Gummersbach","GWD Minden",17,14,TRUE,1,NA,NA,0,0,0,NA,0,0,0,0,0,0,NA,NA,NA,NA,NA,NA,NA,NA,0,0,0,0,NA,NA,NA,NA,NA
"Werner Lettgen","ae263c3c-3955-11ef-96f7-a36230ada079",NA,NA,1975,"4/3/1976","313fd99a-3960-11ef-8f19-2906cc9fb6bc","away","VfL Gummersbach","GWD Minden",17,14,TRUE,0,NA,NA,0,0,0,NA,0,0,0,0,0,0,NA,NA,NA,NA,NA,NA,NA,NA,0,0,0,0,NA,NA,NA,NA,NA
"Hans-Günther Schmidt","aff5702f-3955-11ef-9878-a36230ada079",NA,NA,1975,"4/3/1976","313fd99a-3960-11ef-8f19-2906cc9fb6bc","away","VfL Gummersbach","GWD Minden",17,14,TRUE,1,NA,NA,0,0,0,NA,0,0,0,0,0,0,NA,NA,NA,NA,NA,NA,NA,NA,0,0,0,0,NA,NA,NA,NA,NA
"Rudolf Rauer","6829713f-3955-11ef-9d88-292be3190b7b",NA,NA,1975,"4/3/1976","33f4bcd2-3960-11ef-9448-2906cc9fb6bc","home","TuS 05 Wellinghofen","Hamburger SV",10,6,TRUE,0,NA,NA,0,0,0,NA,0,0,0,0,0,0,NA,NA,NA,NA,NA,NA,NA,NA,0,0,0,0,NA,NA,NA,NA,NA
"Karl-Heinz Schulz","72847241-3955-11ef-8bd4-51fdf2a82730",NA,NA,1975,"4/3/1976","33f4bcd2-3960-11ef-9448-2906cc9fb6bc","home","TuS 05 Wellinghofen","Hamburger SV",10,6,TRUE,0,NA,NA,0,0,0,NA,0,0,0,0,0,0,NA,NA,NA,NA,NA,NA,NA,NA,0,0,0,0,NA,NA,NA,NA,NA
"Hans-Peter Neuhaus","8d9d3887-3955-11ef-80a3-81dc40648355",NA,NA,1975,"4/3/1976","33f4bcd2-3960-11ef-9448-2906cc9fb6bc","home","TuS 05 Wellinghofen","Hamburger SV",10,6,TRUE,6,NA,NA,0,0,4,NA,0,0,0,0,0,0,NA,NA,NA,NA,NA,NA,NA,NA,0,0,0,0,NA,NA,NA,NA,NA
"Klaus Erwe","a4f54a19-3955-11ef-b48a-2510cc07ea6e",NA,NA,1975,"4/3/1976","33f4bcd2-3960-11ef-9448-2906cc9fb6bc","home","TuS 05 Wellinghofen","Hamburger SV",10,6,TRUE,0,NA,NA,0,0,0,NA,0,0,0,0,0,0,NA,NA,NA,NA,NA,NA,NA,NA,0,0,0,0,NA,NA,NA,NA,NA
"Frank Haardt","a4fb1cad-3955-11ef-bd99-2510cc07ea6e",NA,NA,1975,"4/3/1976","33f4bcd2-3960-11ef-9448-2906cc9fb6bc","home","TuS 05 Wellinghofen","Hamburger SV",10,6,TRUE,0,NA,NA,0,0,0,NA,0,0,0,0,0,0,NA,NA,NA,NA,NA,NA,NA,NA,0,0,0,0,NA,NA,NA,NA,NA
"Wilfried Rettig","a517a588-3955-11ef-a8d7-2510cc07ea6e",NA,NA,1975,"4/3/1976","33f4bcd2-3960-11ef-9448-2906cc9fb6bc","home","TuS 05 Wellinghofen","Hamburger SV",10,6,TRUE,2,NA,NA,0,0,0,NA,0,0,0,0,0,0,NA,NA,NA,NA,NA,NA,NA,NA,0,0,0,0,NA,NA,NA,NA,NA
"Winfried Gabel","a521dedb-3955-11ef-a3bd-2510cc07ea6e",NA,NA,1975,"4/3/1976","33f4bcd2-3960-11ef-9448-2906cc9fb6bc","home","TuS 05 Wellinghofen","Hamburger SV",10,6,TRUE,0,NA,NA,0,0,0,NA,0,0,0,0,0,0,NA,NA,NA,NA,NA,NA,NA,NA,0,0,0,0,NA,NA,NA,NA,NA
"Klaus Happe","a527494a-3955-11ef-a4fa-2510cc07ea6e",NA,NA,1975,"4/3/1976","33f4bcd2-3960-11ef-9448-2906cc9fb6bc","home","TuS 05 Wellinghofen","Hamburger SV",10,6,TRUE,0,NA,NA,0,0,0,NA,0,0,0,0,0,0,NA,NA,NA,NA,NA,NA,NA,NA,0,0,0,0,NA,NA,NA,NA,NA
"Burkhard Gröning","a52c6e4f-3955-11ef-a576-2510cc07ea6e",NA,NA,1975,"4/3/1976","33f4bcd2-3960-11ef-9448-2906cc9fb6bc","home","TuS 05 Wellinghofen","Hamburger SV",10,6,TRUE,0,NA,NA,0,0,0,NA,0,0,0,0,0,0,NA,NA,NA,NA,NA,NA,NA,NA,0,0,0,0,NA,NA,NA,NA,NA
"Ulrich Staege","b05c5beb-3955-11ef-a7d6-a36230ada079",NA,NA,1975,"4/3/1976","33f4bcd2-3960-11ef-9448-2906cc9fb6bc","home","TuS 05 Wellinghofen","Hamburger SV",10,6,TRUE,1,NA,NA,0,0,0,NA,0,0,0,0,0,0,NA,NA,NA,NA,NA,NA,NA,NA,0,0,0,0,NA,NA,NA,NA,NA
"Herbert Rogge","b06614d7-3955-11ef-a43b-a36230ada079",NA,NA,1975,"4/3/1976","33f4bcd2-3960-11ef-9448-2906cc9fb6bc","home","TuS 05 Wellinghofen","Hamburger SV",10,6,TRUE,1,NA,NA,0,0,0,NA,0,0,0,0,0,0,NA,NA,NA,NA,NA,NA,NA,NA,0,0,0,0,NA,NA,NA,NA,NA
"Peter Pickel","8c973b42-3955-11ef-8c71-81dc40648355",NA,NA,1975,"4/3/1976","33f4bcd2-3960-11ef-9448-2906cc9fb6bc","away","Hamburger SV","TuS 05 Wellinghofen",6,10,FALSE,2,NA,NA,0,0,0,NA,0,0,0,0,0,0,NA,NA,NA,NA,NA,NA,NA,NA,0,0,0,0,NA,NA,NA,NA,NA
"Einar Magnusson","a3805088-3955-11ef-bfa9-2510cc07ea6e",NA,NA,1975,"4/3/1976","33f4bcd2-3960-11ef-9448-2906cc9fb6bc","away","Hamburger SV","TuS 05 Wellinghofen",6,10,FALSE,1,NA,NA,0,0,0,NA,0,0,0,0,0,0,NA,NA,NA,NA,NA,NA,NA,NA,0,0,0,0,NA,NA,NA,NA,NA
"Hans-Jürgen Bode","b011e6da-3955-11ef-8205-a36230ada079",NA,NA,1975,"4/3/1976","33f4bcd2-3960-11ef-9448-2906cc9fb6bc","away","Hamburger SV","TuS 05 Wellinghofen",6,10,FALSE,0,NA,NA,0,0,0,NA,0,0,0,0,0,0,NA,NA,NA,NA,NA,NA,NA,NA,0,0,0,0,NA,NA,NA,NA,NA
"Holger Nitschke","b01a8950-3955-11ef-a243-a36230ada079",NA,NA,1975,"4/3/1976","33f4bcd2-3960-11ef-9448-2906cc9fb6bc","away","Hamburger SV","TuS 05 Wellinghofen",6,10,FALSE,0,NA,NA,0,0,0,NA,0,0,0,0,0,0,NA,NA,NA,NA,NA,NA,NA,NA,0,0,0,0,NA,NA,NA,NA,NA
"Ralph Mathies","b023b170-3955-11ef-87a6-a36230ada079",NA,NA,1975,"4/3/1976","33f4bcd2-3960-11ef-9448-2906cc9fb6bc","away","Hamburger SV","TuS 05 Wellinghofen",6,10,FALSE,0,NA,NA,0,0,0,NA,0,0,0,0,0,0,NA,NA,NA,NA,NA,NA,NA,NA,0,0,0,0,NA,NA,NA,NA,NA
"Jens Ivers","b02f4aea-3955-11ef-801e-a36230ada079",NA,NA,1975,"4/3/1976","33f4bcd2-3960-11ef-9448-2906cc9fb6bc","away","Hamburger SV","TuS 05 Wellinghofen",6,10,FALSE,0,NA,NA,0,0,0,NA,0,0,0,0,0,0,NA,NA,NA,NA,NA,NA,NA,NA,0,0,0,0,NA,NA,NA,NA,NA
"Klaus Porepp","b0396b18-3955-11ef-b5cf-a36230ada079",NA,NA,1975,"4/3/1976","33f4bcd2-3960-11ef-9448-2906cc9fb6bc","away","Hamburger SV","TuS 05 Wellinghofen",6,10,FALSE,0,NA,NA,0,0,0,NA,0,0,0,0,0,0,NA,NA,NA,NA,NA,NA,NA,NA,0,0,0,0,NA,NA,NA,NA,NA
"Norbert Germer","b03f8101-3955-11ef-8945-a36230ada079",NA,NA,1975,"4/3/1976","33f4bcd2-3960-11ef-9448-2906cc9fb6bc","away","Hamburger SV","TuS 05 Wellinghofen",6,10,FALSE,1,NA,NA,0,0,0,NA,0,0,0,0,0,0,NA,NA,NA,NA,NA,NA,NA,NA,0,0,0,0,NA,NA,NA,NA,NA
"Bernd Eppler","b0442222-3955-11ef-841b-a36230ada079",NA,NA,1975,"4/3/1976","33f4bcd2-3960-11ef-9448-2906cc9fb6bc","away","Hamburger SV","TuS 05 Wellinghofen",6,10,FALSE,1,NA,NA,0,0,0,NA,0,0,0,0,0,0,NA,NA,NA,NA,NA,NA,NA,NA,0,0,0,0,NA,NA,NA,NA,NA
"Uwe Tesloff","b049ae56-3955-11ef-a5f7-a36230ada079",NA,NA,1975,"4/3/1976","33f4bcd2-3960-11ef-9448-2906cc9fb6bc","away","Hamburger SV","TuS 05 Wellinghofen",6,10,FALSE,1,NA,NA,0,0,0,NA,0,0,0,0,0,0,NA,NA,NA,NA,NA,NA,NA,NA,0,0,0,0,NA,NA,NA,NA,NA
"Michael Surmann","b04e41f0-3955-11ef-8320-a36230ada079",NA,NA,1975,"4/3/1976","33f4bcd2-3960-11ef-9448-2906cc9fb6bc","away","Hamburger SV","TuS 05 Wellinghofen",6,10,FALSE,0,NA,NA,0,0,0,NA,0,0,0,0,0,0,NA,NA,NA,NA,NA,NA,NA,NA,0,0,0,0,NA,NA,NA,NA,NA
"Holger Oertel","685d8d1c-3955-11ef-86af-292be3190b7b",NA,NA,1975,"4/3/1976","35d3c472-3960-11ef-a7c2-2906cc9fb6bc","home","THW Kiel","TSV Altenholz",11,8,TRUE,0,NA,NA,0,0,0,NA,0,0,0,0,0,0,NA,NA,NA,NA,NA,NA,NA,NA,0,0,0,0,NA,NA,NA,NA,NA
"Klaus Elwardt","80deefd9-3955-11ef-b31a-b908c60af10a",NA,NA,1975,"4/3/1976","35d3c472-3960-11ef-a7c2-2906cc9fb6bc","home","THW Kiel","TSV Altenholz",11,8,TRUE,0,NA,NA,0,0,0,NA,0,0,0,0,0,0,NA,NA,NA,NA,NA,NA,NA,NA,0,0,0,0,NA,NA,NA,NA,NA
"Ulrich Knop","965200f1-3955-11ef-b253-292be3190b7b",NA,NA,1975,"4/3/1976","35d3c472-3960-11ef-a7c2-2906cc9fb6bc","home","THW Kiel","TSV Altenholz",11,8,TRUE,0,NA,NA,0,0,0,NA,0,0,0,0,0,0,NA,NA,NA,NA,NA,NA,NA,NA,0,0,0,0,NA,NA,NA,NA,NA
"Roland Hänsch","981d8549-3955-11ef-a2ca-292be3190b7b",NA,NA,1975,"4/3/1976","35d3c472-3960-11ef-a7c2-2906cc9fb6bc","home","THW Kiel","TSV Altenholz",11,8,TRUE,0,NA,NA,0,0,0,NA,0,0,0,0,0,0,NA,NA,NA,NA,NA,NA,NA,NA,0,0,0,0,NA,NA,NA,NA,NA
"Gerd Welz","98273a90-3955-11ef-a3a2-292be3190b7b",NA,NA,1975,"4/3/1976","35d3c472-3960-11ef-a7c2-2906cc9fb6bc","home","THW Kiel","TSV Altenholz",11,8,TRUE,0,NA,NA,0,0,0,NA,0,0,0,0,0,0,NA,NA,NA,NA,NA,NA,NA,NA,0,0,0,0,NA,NA,NA,NA,NA
"Hans-Lothar Bock","9991bda0-3955-11ef-a6c6-292be3190b7b",NA,NA,1975,"4/3/1976","35d3c472-3960-11ef-a7c2-2906cc9fb6bc","home","THW Kiel","TSV Altenholz",11,8,TRUE,0,NA,NA,0,0,0,NA,0,0,0,0,0,0,NA,NA,NA,NA,NA,NA,NA,NA,0,0,0,0,NA,NA,NA,NA,NA
"Volker Harbs","9995a6f3-3955-11ef-b74f-292be3190b7b",NA,NA,1975,"4/3/1976","35d3c472-3960-11ef-a7c2-2906cc9fb6bc","home","THW Kiel","TSV Altenholz",11,8,TRUE,2,NA,NA,0,0,0,NA,0,0,0,0,0,0,NA,NA,NA,NA,NA,NA,NA,NA,0,0,0,0,NA,NA,NA,NA,NA
"Dieter Krause","99996b47-3955-11ef-a9c9-292be3190b7b",NA,NA,1975,"4/3/1976","35d3c472-3960-11ef-a7c2-2906cc9fb6bc","home","THW Kiel","TSV Altenholz",11,8,TRUE,4,NA,NA,0,0,3,NA,0,0,0,0,0,0,NA,NA,NA,NA,NA,NA,NA,NA,0,0,0,0,NA,NA,NA,NA,NA
"Ingo Voß","ae396fa6-3955-11ef-acb0-a36230ada079",NA,NA,1975,"4/3/1976","35d3c472-3960-11ef-a7c2-2906cc9fb6bc","home","THW Kiel","TSV Altenholz",11,8,TRUE,0,NA,NA,0,0,0,NA,0,0,0,0,0,0,NA,NA,NA,NA,NA,NA,NA,NA,0,0,0,0,NA,NA,NA,NA,NA
"Frank Requate","ae434759-3955-11ef-8758-a36230ada079",NA,NA,1975,"4/3/1976","35d3c472-3960-11ef-a7c2-2906cc9fb6bc","home","THW Kiel","TSV Altenholz",11,8,TRUE,1,NA,NA,0,0,0,NA,0,0,0,0,0,0,NA,NA,NA,NA,NA,NA,NA,NA,0,0,0,0,NA,NA,NA,NA,NA
"Roland Wieczorek","b13e67ab-3955-11ef-a326-a36230ada079",NA,NA,1975,"4/3/1976","35d3c472-3960-11ef-a7c2-2906cc9fb6bc","home","THW Kiel","TSV Altenholz",11,8,TRUE,0,NA,NA,0,0,0,NA,0,0,0,0,0,0,NA,NA,NA,NA,NA,NA,NA,NA,0,0,0,0,NA,NA,NA,NA,NA
"Bernd Nielsen","b1480d2c-3955-11ef-8563-a36230ada079",NA,NA,1975,"4/3/1976","35d3c472-3960-11ef-a7c2-2906cc9fb6bc","home","THW Kiel","TSV Altenholz",11,8,TRUE,4,NA,NA,0,0,0,NA,0,0,0,0,0,0,NA,NA,NA,NA,NA,NA,NA,NA,0,0,0,0,NA,NA,NA,NA,NA
"Olaf Berner","a4006ca4-3955-11ef-a034-2510cc07ea6e",NA,NA,1975,"4/3/1976","35d3c472-3960-11ef-a7c2-2906cc9fb6bc","away","TSV Altenholz","THW Kiel",8,11,FALSE,3,NA,NA,0,0,0,NA,0,0,0,0,0,0,NA,NA,NA,NA,NA,NA,NA,NA,0,0,0,0,NA,NA,NA,NA,NA
"Peter Linke","b06a455b-3955-11ef-a47d-a36230ada079",NA,NA,1975,"4/3/1976","35d3c472-3960-11ef-a7c2-2906cc9fb6bc","away","TSV Altenholz","THW Kiel",8,11,FALSE,0,NA,NA,0,0,0,NA,0,0,0,0,0,0,NA,NA,NA,NA,NA,NA,NA,NA,0,0,0,0,NA,NA,NA,NA,NA
"Peter Kurth","b06eb57c-3955-11ef-b9af-a36230ada079",NA,NA,1975,"4/3/1976","35d3c472-3960-11ef-a7c2-2906cc9fb6bc","away","TSV Altenholz","THW Kiel",8,11,FALSE,0,NA,NA,0,0,0,NA,0,0,0,0,0,0,NA,NA,NA,NA,NA,NA,NA,NA,0,0,0,0,NA,NA,NA,NA,NA
"Peter Prehn","b073ee0a-3955-11ef-8404-a36230ada079",NA,NA,1975,"4/3/1976","35d3c472-3960-11ef-a7c2-2906cc9fb6bc","away","TSV Altenholz","THW Kiel",8,11,FALSE,0,NA,NA,0,0,2,NA,0,0,0,0,0,0,NA,NA,NA,NA,NA,NA,NA,NA,0,0,0,0,NA,NA,NA,NA,NA
"Peter Werk","b0784d6e-3955-11ef-9a85-a36230ada079",NA,NA,1975,"4/3/1976","35d3c472-3960-11ef-a7c2-2906cc9fb6bc","away","TSV Altenholz","THW Kiel",8,11,FALSE,1,NA,NA,0,0,0,NA,0,0,0,0,0,0,NA,NA,NA,NA,NA,NA,NA,NA,0,0,0,0,NA,NA,NA,NA,NA
"Hardmuth Groß","b07c9918-3955-11ef-a7b9-a36230ada079",NA,NA,1975,"4/3/1976","35d3c472-3960-11ef-a7c2-2906cc9fb6bc","away","TSV Altenholz","THW Kiel",8,11,FALSE,1,NA,NA,0,0,0,NA,0,0,0,0,0,0,NA,NA,NA,NA,NA,NA,NA,NA,0,0,0,0,NA,NA,NA,NA,NA
"Peter Bortel","b085b129-3955-11ef-b6a0-a36230ada079",NA,NA,1975,"4/3/1976","35d3c472-3960-11ef-a7c2-2906cc9fb6bc","away","TSV Altenholz","THW Kiel",8,11,FALSE,0,NA,NA,0,0,0,NA,0,0,0,0,0,0,NA,NA,NA,NA,NA,NA,NA,NA,0,0,0,0,NA,NA,NA,NA,NA
"Jörgen Danielsen","b08a7dec-3955-11ef-acb4-a36230ada079",NA,NA,1975,"4/3/1976","35d3c472-3960-11ef-a7c2-2906cc9fb6bc","away","TSV Altenholz","THW Kiel",8,11,FALSE,0,NA,NA,0,0,0,NA,0,0,0,0,0,0,NA,NA,NA,NA,NA,NA,NA,NA,0,0,0,0,NA,NA,NA,NA,NA
"Klaus Beckmann","b08ee1c0-3955-11ef-8689-a36230ada079",NA,NA,1975,"4/3/1976","35d3c472-3960-11ef-a7c2-2906cc9fb6bc","away","TSV Altenholz","THW Kiel",8,11,FALSE,1,NA,NA,0,0,0,NA,0,0,0,0,0,0,NA,NA,NA,NA,NA,NA,NA,NA,0,0,0,0,NA,NA,NA,NA,NA
"Klaus-Dieter Heiden","b09837ed-3955-11ef-99d8-a36230ada079",NA,NA,1975,"4/3/1976","35d3c472-3960-11ef-a7c2-2906cc9fb6bc","away","TSV Altenholz","THW Kiel",8,11,FALSE,0,NA,NA,0,0,0,NA,0,0,0,0,0,0,NA,NA,NA,NA,NA,NA,NA,NA,0,0,0,0,NA,NA,NA,NA,NA
"Klaus-Peter Römer","b09cfa69-3955-11ef-b8eb-a36230ada079",NA,NA,1975,"4/3/1976","35d3c472-3960-11ef-a7c2-2906cc9fb6bc","away","TSV Altenholz","THW Kiel",8,11,FALSE,1,NA,NA,0,0,0,NA,0,0,0,0,0,0,NA,NA,NA,NA,NA,NA,NA,NA,0,0,0,0,NA,NA,NA,NA,NA
"Manfred Schulz","b0a21333-3955-11ef-a679-a36230ada079",NA,NA,1975,"4/3/1976","35d3c472-3960-11ef-a7c2-2906cc9fb6bc","away","TSV Altenholz","THW Kiel",8,11,FALSE,1,NA,NA,0,0,0,NA,0,0,0,0,0,0,NA,NA,NA,NA,NA,NA,NA,NA,0,0,0,0,NA,NA,NA,NA,NA
"Klaus-Peter Alwardt","800d39da-3955-11ef-bf47-b908c60af10a",NA,NA,1975,"4/3/1976","366dbd52-3960-11ef-a42c-2906cc9fb6bc","home","VfL Lübeck-Schwartau","SC Phönix Essen 1920",18,15,TRUE,0,NA,NA,0,0,0,NA,0,0,0,0,0,0,NA,NA,NA,NA,NA,NA,NA,NA,0,0,0,0,NA,NA,NA,NA,NA
"Michael Dogs","b0cecb4a-3955-11ef-b665-a36230ada079",NA,NA,1975,"4/3/1976","366dbd52-3960-11ef-a42c-2906cc9fb6bc","home","VfL Lübeck-Schwartau","SC Phönix Essen 1920",18,15,TRUE,0,NA,NA,0,0,0,NA,0,0,0,0,0,0,NA,NA,NA,NA,NA,NA,NA,NA,0,0,0,0,NA,NA,NA,NA,NA
"Joachim Römer","b0dcb8e7-3955-11ef-83ab-a36230ada079",NA,NA,1975,"4/3/1976","366dbd52-3960-11ef-a42c-2906cc9fb6bc","home","VfL Lübeck-Schwartau","SC Phönix Essen 1920",18,15,TRUE,3,NA,NA,0,0,2,NA,0,0,0,0,0,0,NA,NA,NA,NA,NA,NA,NA,NA,0,0,0,0,NA,NA,NA,NA,NA
"Ulrich Diener","b0e514eb-3955-11ef-b430-a36230ada079",NA,NA,1975,"4/3/1976","366dbd52-3960-11ef-a42c-2906cc9fb6bc","home","VfL Lübeck-Schwartau","SC Phönix Essen 1920",18,15,TRUE,0,NA,NA,0,0,0,NA,0,0,0,0,0,0,NA,NA,NA,NA,NA,NA,NA,NA,0,0,0,0,NA,NA,NA,NA,NA
"Peter Görtz","b0e9ae8f-3955-11ef-aa48-a36230ada079",NA,NA,1975,"4/3/1976","366dbd52-3960-11ef-a42c-2906cc9fb6bc","home","VfL Lübeck-Schwartau","SC Phönix Essen 1920",18,15,TRUE,5,NA,NA,0,0,0,NA,0,0,0,0,0,0,NA,NA,NA,NA,NA,NA,NA,NA,0,0,0,0,NA,NA,NA,NA,NA
"Ulrich Kleinstoll","b0f37438-3955-11ef-84e6-a36230ada079",NA,NA,1975,"4/3/1976","366dbd52-3960-11ef-a42c-2906cc9fb6bc","home","VfL Lübeck-Schwartau","SC Phönix Essen 1920",18,15,TRUE,2,NA,NA,0,0,0,NA,0,0,0,0,0,0,NA,NA,NA,NA,NA,NA,NA,NA,0,0,0,0,NA,NA,NA,NA,NA
"Thomas Kluth","b0f877c0-3955-11ef-a314-a36230ada079",NA,NA,1975,"4/3/1976","366dbd52-3960-11ef-a42c-2906cc9fb6bc","home","VfL Lübeck-Schwartau","SC Phönix Essen 1920",18,15,TRUE,5,NA,NA,0,0,0,NA,0,0,0,0,0,0,NA,NA,NA,NA,NA,NA,NA,NA,0,0,0,0,NA,NA,NA,NA,NA
"Holger Rosenfeldt","b0fd53e2-3955-11ef-9f9a-a36230ada079",NA,NA,1975,"4/3/1976","366dbd52-3960-11ef-a42c-2906cc9fb6bc","home","VfL Lübeck-Schwartau","SC Phönix Essen 1920",18,15,TRUE,0,NA,NA,0,0,0,NA,0,0,0,0,0,0,NA,NA,NA,NA,NA,NA,NA,NA,0,0,0,0,NA,NA,NA,NA,NA
"Karl Weiß","b106c2d8-3955-11ef-9358-a36230ada079",NA,NA,1975,"4/3/1976","366dbd52-3960-11ef-a42c-2906cc9fb6bc","home","VfL Lübeck-Schwartau","SC Phönix Essen 1920",18,15,TRUE,0,NA,NA,0,0,0,NA,0,0,0,0,0,0,NA,NA,NA,NA,NA,NA,NA,NA,0,0,0,0,NA,NA,NA,NA,NA
"Siegfried Berg","b10d3ec3-3955-11ef-8a30-a36230ada079",NA,NA,1975,"4/3/1976","366dbd52-3960-11ef-a42c-2906cc9fb6bc","home","VfL Lübeck-Schwartau","SC Phönix Essen 1920",18,15,TRUE,3,NA,NA,0,0,1,NA,0,0,0,0,0,0,NA,NA,NA,NA,NA,NA,NA,NA,0,0,0,0,NA,NA,NA,NA,NA
"Dieter Bartke","4fa6f4fc-3955-11ef-9f16-6d38c0425bc0",NA,NA,1975,"4/3/1976","366dbd52-3960-11ef-a42c-2906cc9fb6bc","away","SC Phönix Essen 1920","VfL Lübeck-Schwartau",15,18,FALSE,0,NA,NA,0,0,0,NA,0,0,0,0,0,0,NA,NA,NA,NA,NA,NA,NA,NA,0,0,0,0,NA,NA,NA,NA,NA
"Burkhard Windorf","8b6a317b-3955-11ef-84ca-81dc40648355",NA,NA,1975,"4/3/1976","366dbd52-3960-11ef-a42c-2906cc9fb6bc","away","SC Phönix Essen 1920","VfL Lübeck-Schwartau",15,18,FALSE,0,NA,NA,0,0,0,NA,0,0,0,0,0,0,NA,NA,NA,NA,NA,NA,NA,NA,0,0,0,0,NA,NA,NA,NA,NA
"Peter Kleibrink","a1d4c58c-3955-11ef-9cce-2510cc07ea6e",NA,NA,1975,"4/3/1976","366dbd52-3960-11ef-a42c-2906cc9fb6bc","away","SC Phönix Essen 1920","VfL Lübeck-Schwartau",15,18,FALSE,4,NA,NA,0,0,0,NA,0,0,0,0,0,0,NA,NA,NA,NA,NA,NA,NA,NA,0,0,0,0,NA,NA,NA,NA,NA
"Peter Bützer","a4cb5a85-3955-11ef-989d-2510cc07ea6e",NA,NA,1975,"4/3/1976","366dbd52-3960-11ef-a42c-2906cc9fb6bc","away","SC Phönix Essen 1920","VfL Lübeck-Schwartau",15,18,FALSE,1,NA,NA,0,0,0,NA,0,0,0,0,0,0,NA,NA,NA,NA,NA,NA,NA,NA,0,0,0,0,NA,NA,NA,NA,NA
"Carsten Matuszak","a59daa13-3955-11ef-9206-2510cc07ea6e",NA,NA,1975,"4/3/1976","366dbd52-3960-11ef-a42c-2906cc9fb6bc","away","SC Phönix Essen 1920","VfL Lübeck-Schwartau",15,18,FALSE,0,NA,NA,0,0,0,NA,0,0,0,0,0,0,NA,NA,NA,NA,NA,NA,NA,NA,0,0,0,0,NA,NA,NA,NA,NA
"Wilhelm Heidkamp","a5a2ef02-3955-11ef-9852-2510cc07ea6e",NA,NA,1975,"4/3/1976","366dbd52-3960-11ef-a42c-2906cc9fb6bc","away","SC Phönix Essen 1920","VfL Lübeck-Schwartau",15,18,FALSE,3,NA,NA,0,0,0,NA,0,0,0,0,0,0,NA,NA,NA,NA,NA,NA,NA,NA,0,0,0,0,NA,NA,NA,NA,NA
"Heinz Oberscheidt","a5ae94f2-3955-11ef-91fc-2510cc07ea6e",NA,NA,1975,"4/3/1976","366dbd52-3960-11ef-a42c-2906cc9fb6bc","away","SC Phönix Essen 1920","VfL Lübeck-Schwartau",15,18,FALSE,4,NA,NA,0,0,2,NA,0,0,0,0,0,0,NA,NA,NA,NA,NA,NA,NA,NA,0,0,0,0,NA,NA,NA,NA,NA
"Ingo Callies","b0b0659b-3955-11ef-87aa-a36230ada079",NA,NA,1975,"4/3/1976","366dbd52-3960-11ef-a42c-2906cc9fb6bc","away","SC Phönix Essen 1920","VfL Lübeck-Schwartau",15,18,FALSE,3,NA,NA,0,0,0,NA,0,0,0,0,0,0,NA,NA,NA,NA,NA,NA,NA,NA,0,0,0,0,NA,NA,NA,NA,NA
"Peter Forker","b0b50ef2-3955-11ef-964f-a36230ada079",NA,NA,1975,"4/3/1976","366dbd52-3960-11ef-a42c-2906cc9fb6bc","away","SC Phönix Essen 1920","VfL Lübeck-Schwartau",15,18,FALSE,0,NA,NA,0,0,0,NA,0,0,0,0,0,0,NA,NA,NA,NA,NA,NA,NA,NA,0,0,0,0,NA,NA,NA,NA,NA
"Emil Hauke","b0ba65f4-3955-11ef-9726-a36230ada079",NA,NA,1975,"4/3/1976","366dbd52-3960-11ef-a42c-2906cc9fb6bc","away","SC Phönix Essen 1920","VfL Lübeck-Schwartau",15,18,FALSE,0,NA,NA,0,0,0,NA,0,0,0,0,0,0,NA,NA,NA,NA,NA,NA,NA,NA,0,0,0,0,NA,NA,NA,NA,NA
"Rüdiger Hillebrand","b0c11a9c-3955-11ef-bf0d-a36230ada079",NA,NA,1975,"4/3/1976","366dbd52-3960-11ef-a42c-2906cc9fb6bc","away","SC Phönix Essen 1920","VfL Lübeck-Schwartau",15,18,FALSE,0,NA,NA,0,0,0,NA,0,0,0,0,0,0,NA,NA,NA,NA,NA,NA,NA,NA,0,0,0,0,NA,NA,NA,NA,NA
"Esad Kurtagić","39c727cf-3955-11ef-82fa-bfbfc9e17c09",NA,NA,1975,"4/3/1976","373e1c02-3960-11ef-a78f-2906cc9fb6bc","home","TuS Derschlag 1881","OSC 04 Rheinhausen",22,16,TRUE,3,NA,NA,0,0,0,NA,0,0,0,0,0,0,NA,NA,NA,NA,NA,NA,NA,NA,0,0,0,0,NA,NA,NA,NA,NA
"Spasoje Skerčević","50b681d8-3955-11ef-b6e8-6d38c0425bc0",NA,NA,1975,"4/3/1976","373e1c02-3960-11ef-a78f-2906cc9fb6bc","home","TuS Derschlag 1881","OSC 04 Rheinhausen",22,16,TRUE,0,NA,NA,0,0,0,NA,0,0,0,0,0,0,NA,NA,NA,NA,NA,NA,NA,NA,0,0,0,0,NA,NA,NA,NA,NA
"Klaus Brand","51394441-3955-11ef-8fab-6d38c0425bc0",NA,NA,1975,"4/3/1976","373e1c02-3960-11ef-a78f-2906cc9fb6bc","home","TuS Derschlag 1881","OSC 04 Rheinhausen",22,16,TRUE,1,NA,NA,0,0,0,NA,0,0,0,0,0,0,NA,NA,NA,NA,NA,NA,NA,NA,0,0,0,0,NA,NA,NA,NA,NA
"Ullrich Pohl","8c524587-3955-11ef-96af-81dc40648355",NA,NA,1975,"4/3/1976","373e1c02-3960-11ef-a78f-2906cc9fb6bc","home","TuS Derschlag 1881","OSC 04 Rheinhausen",22,16,TRUE,2,NA,NA,0,0,0,NA,0,0,0,0,0,0,NA,NA,NA,NA,NA,NA,NA,NA,0,0,0,0,NA,NA,NA,NA,NA
"Đorđe Lavrnić","9674e86d-3955-11ef-8ae9-292be3190b7b",NA,NA,1975,"4/3/1976","373e1c02-3960-11ef-a78f-2906cc9fb6bc","home","TuS Derschlag 1881","OSC 04 Rheinhausen",22,16,TRUE,7,NA,NA,0,0,3,NA,0,0,0,0,0,0,NA,NA,NA,NA,NA,NA,NA,NA,0,0,0,0,NA,NA,NA,NA,NA
"Peter Lindeskoog","a2a66799-3955-11ef-bd00-2510cc07ea6e",NA,NA,1975,"4/3/1976","373e1c02-3960-11ef-a78f-2906cc9fb6bc","home","TuS Derschlag 1881","OSC 04 Rheinhausen",22,16,TRUE,0,NA,NA,0,0,0,NA,0,0,0,0,0,0,NA,NA,NA,NA,NA,NA,NA,NA,0,0,0,0,NA,NA,NA,NA,NA
"Ulrich Ufer","a2c8cfa8-3955-11ef-8510-2510cc07ea6e",NA,NA,1975,"4/3/1976","373e1c02-3960-11ef-a78f-2906cc9fb6bc","home","TuS Derschlag 1881","OSC 04 Rheinhausen",22,16,TRUE,9,NA,NA,0,0,0,NA,0,0,0,0,0,0,NA,NA,NA,NA,NA,NA,NA,NA,0,0,0,0,NA,NA,NA,NA,NA
"Harald Ohrendorf","ae2b1f58-3955-11ef-baab-a36230ada079",NA,NA,1975,"4/3/1976","373e1c02-3960-11ef-a78f-2906cc9fb6bc","home","TuS Derschlag 1881","OSC 04 Rheinhausen",22,16,TRUE,0,NA,NA,0,0,0,NA,0,0,0,0,0,0,NA,NA,NA,NA,NA,NA,NA,NA,0,0,0,0,NA,NA,NA,NA,NA
"Helmut Keller","ae2fb2ba-3955-11ef-b38f-a36230ada079",NA,NA,1975,"4/3/1976","373e1c02-3960-11ef-a78f-2906cc9fb6bc","home","TuS Derschlag 1881","OSC 04 Rheinhausen",22,16,TRUE,0,NA,NA,0,0,0,NA,0,0,0,0,0,0,NA,NA,NA,NA,NA,NA,NA,NA,0,0,0,0,NA,NA,NA,NA,NA
"Eric Ludwig","b1331def-3955-11ef-b6f8-a36230ada079",NA,NA,1975,"4/3/1976","373e1c02-3960-11ef-a78f-2906cc9fb6bc","home","TuS Derschlag 1881","OSC 04 Rheinhausen",22,16,TRUE,0,NA,NA,0,0,0,NA,0,0,0,0,0,0,NA,NA,NA,NA,NA,NA,NA,NA,0,0,0,0,NA,NA,NA,NA,NA
"Hans-Dieter Schmitz","51093bea-3955-11ef-bc25-6d38c0425bc0",NA,NA,1975,"4/3/1976","373e1c02-3960-11ef-a78f-2906cc9fb6bc","away","OSC 04 Rheinhausen","TuS Derschlag 1881",16,22,FALSE,0,NA,NA,0,0,0,NA,0,0,0,0,0,0,NA,NA,NA,NA,NA,NA,NA,NA,0,0,0,0,NA,NA,NA,NA,NA
"Reinhard Heusen van der","7142d419-3955-11ef-8654-51fdf2a82730",NA,NA,1975,"4/3/1976","373e1c02-3960-11ef-a78f-2906cc9fb6bc","away","OSC 04 Rheinhausen","TuS Derschlag 1881",16,22,FALSE,2,NA,NA,0,0,0,NA,0,0,0,0,0,0,NA,NA,NA,NA,NA,NA,NA,NA,0,0,0,0,NA,NA,NA,NA,NA
"Gerd Rosendahl","7501cfa1-3955-11ef-95a2-51fdf2a82730",NA,NA,1975,"4/3/1976","373e1c02-3960-11ef-a78f-2906cc9fb6bc","away","OSC 04 Rheinhausen","TuS Derschlag 1881",16,22,FALSE,1,NA,NA,0,0,0,NA,0,0,0,0,0,0,NA,NA,NA,NA,NA,NA,NA,NA,0,0,0,0,NA,NA,NA,NA,NA
"Harry Keller","7e4b9df1-3955-11ef-80fd-b908c60af10a",NA,NA,1975,"4/3/1976","373e1c02-3960-11ef-a78f-2906cc9fb6bc","away","OSC 04 Rheinhausen","TuS Derschlag 1881",16,22,FALSE,0,NA,NA,0,0,0,NA,0,0,0,0,0,0,NA,NA,NA,NA,NA,NA,NA,NA,0,0,0,0,NA,NA,NA,NA,NA
"Uwe Laaser","8157221e-3955-11ef-a944-b908c60af10a",NA,NA,1975,"4/3/1976","373e1c02-3960-11ef-a78f-2906cc9fb6bc","away","OSC 04 Rheinhausen","TuS Derschlag 1881",16,22,FALSE,1,NA,NA,0,0,0,NA,0,0,0,0,0,0,NA,NA,NA,NA,NA,NA,NA,NA,0,0,0,0,NA,NA,NA,NA,NA
"Christoph Kolodziej","8dbac357-3955-11ef-be9b-81dc40648355",NA,NA,1975,"4/3/1976","373e1c02-3960-11ef-a78f-2906cc9fb6bc","away","OSC 04 Rheinhausen","TuS Derschlag 1881",16,22,FALSE,4,NA,NA,0,0,2,NA,0,0,0,0,0,0,NA,NA,NA,NA,NA,NA,NA,NA,0,0,0,0,NA,NA,NA,NA,NA
"Hans-Peter Halfmann","a1cf8d63-3955-11ef-b90c-2510cc07ea6e",NA,NA,1975,"4/3/1976","373e1c02-3960-11ef-a78f-2906cc9fb6bc","away","OSC 04 Rheinhausen","TuS Derschlag 1881",16,22,FALSE,0,NA,NA,0,0,0,NA,0,0,0,0,0,0,NA,NA,NA,NA,NA,NA,NA,NA,0,0,0,0,NA,NA,NA,NA,NA
"Werner Herling","a61b6e80-3955-11ef-b2d4-2510cc07ea6e",NA,NA,1975,"4/3/1976","373e1c02-3960-11ef-a78f-2906cc9fb6bc","away","OSC 04 Rheinhausen","TuS Derschlag 1881",16,22,FALSE,0,NA,NA,0,0,0,NA,0,0,0,0,0,0,NA,NA,NA,NA,NA,NA,NA,NA,0,0,0,0,NA,NA,NA,NA,NA
"Burkhard Nagel","a6312ffa-3955-11ef-9438-2510cc07ea6e",NA,NA,1975,"4/3/1976","373e1c02-3960-11ef-a78f-2906cc9fb6bc","away","OSC 04 Rheinhausen","TuS Derschlag 1881",16,22,FALSE,10,NA,NA,0,0,0,NA,0,0,0,0,0,0,NA,NA,NA,NA,NA,NA,NA,NA,0,0,0,0,NA,NA,NA,NA,NA
"Walter Don","73f54ad3-3955-11ef-b2c6-51fdf2a82730",NA,NA,1975,"4/3/1976","3e6fff03-3960-11ef-8c4e-2906cc9fb6bc","home","TV 05/07 Hüttenberg","FRISCH AUF! Göppingen",22,18,TRUE,4,NA,NA,0,0,2,NA,0,0,0,0,0,0,NA,NA,NA,NA,NA,NA,NA,NA,0,0,0,0,NA,NA,NA,NA,NA
"Harald Ohly","8048d89d-3955-11ef-a214-b908c60af10a",NA,NA,1975,"4/3/1976","3e6fff03-3960-11ef-8c4e-2906cc9fb6bc","home","TV 05/07 Hüttenberg","FRISCH AUF! Göppingen",22,18,TRUE,5,NA,NA,0,0,0,NA,0,0,0,0,0,0,NA,NA,NA,NA,NA,NA,NA,NA,0,0,0,0,NA,NA,NA,NA,NA
"Hans-Jürgen Völpel","80753eec-3955-11ef-bd2e-b908c60af10a",NA,NA,1975,"4/3/1976","3e6fff03-3960-11ef-8c4e-2906cc9fb6bc","home","TV 05/07 Hüttenberg","FRISCH AUF! Göppingen",22,18,TRUE,0,NA,NA,0,0,0,NA,0,0,0,0,0,0,NA,NA,NA,NA,NA,NA,NA,NA,0,0,0,0,NA,NA,NA,NA,NA
"Siegfried Weber","807d098c-3955-11ef-8827-b908c60af10a",NA,NA,1975,"4/3/1976","3e6fff03-3960-11ef-8c4e-2906cc9fb6bc","home","TV 05/07 Hüttenberg","FRISCH AUF! Göppingen",22,18,TRUE,3,NA,NA,0,0,0,NA,0,0,0,0,0,0,NA,NA,NA,NA,NA,NA,NA,NA,0,0,0,0,NA,NA,NA,NA,NA
"Horst Spengler","80adf446-3955-11ef-a1e6-b908c60af10a",NA,NA,1975,"4/3/1976","3e6fff03-3960-11ef-8c4e-2906cc9fb6bc","home","TV 05/07 Hüttenberg","FRISCH AUF! Göppingen",22,18,TRUE,5,NA,NA,0,0,0,NA,0,0,0,0,0,0,NA,NA,NA,NA,NA,NA,NA,NA,0,0,0,0,NA,NA,NA,NA,NA
"Klaus Meineke","8d0eefb2-3955-11ef-a068-81dc40648355",NA,NA,1975,"4/3/1976","3e6fff03-3960-11ef-8c4e-2906cc9fb6bc","home","TV 05/07 Hüttenberg","FRISCH AUF! Göppingen",22,18,TRUE,3,NA,NA,0,0,0,NA,0,0,0,0,0,0,NA,NA,NA,NA,NA,NA,NA,NA,0,0,0,0,NA,NA,NA,NA,NA
"Roland Stoy","96890f7d-3955-11ef-939e-292be3190b7b",NA,NA,1975,"4/3/1976","3e6fff03-3960-11ef-8c4e-2906cc9fb6bc","home","TV 05/07 Hüttenberg","FRISCH AUF! Göppingen",22,18,TRUE,0,NA,NA,0,0,0,NA,0,0,0,0,0,0,NA,NA,NA,NA,NA,NA,NA,NA,0,0,0,0,NA,NA,NA,NA,NA
"Stefan Schicketanz","a3d099d4-3955-11ef-90b6-2510cc07ea6e",NA,NA,1975,"4/3/1976","3e6fff03-3960-11ef-8c4e-2906cc9fb6bc","home","TV 05/07 Hüttenberg","FRISCH AUF! Göppingen",22,18,TRUE,1,NA,NA,0,0,0,NA,0,0,0,0,0,0,NA,NA,NA,NA,NA,NA,NA,NA,0,0,0,0,NA,NA,NA,NA,NA
"Hans-Willi Weber","a3f62960-3955-11ef-a9a1-2510cc07ea6e",NA,NA,1975,"4/3/1976","3e6fff03-3960-11ef-8c4e-2906cc9fb6bc","home","TV 05/07 Hüttenberg","FRISCH AUF! Göppingen",22,18,TRUE,0,NA,NA,0,0,0,NA,0,0,0,0,0,0,NA,NA,NA,NA,NA,NA,NA,NA,0,0,0,0,NA,NA,NA,NA,NA
"Udo Uebbing","ae4823ea-3955-11ef-93ce-a36230ada079",NA,NA,1975,"4/3/1976","3e6fff03-3960-11ef-8c4e-2906cc9fb6bc","home","TV 05/07 Hüttenberg","FRISCH AUF! Göppingen",22,18,TRUE,0,NA,NA,0,0,0,NA,0,0,0,0,0,0,NA,NA,NA,NA,NA,NA,NA,NA,0,0,0,0,NA,NA,NA,NA,NA
"Reinhold Wiener","b152eab6-3955-11ef-82b5-a36230ada079",NA,NA,1975,"4/3/1976","3e6fff03-3960-11ef-8c4e-2906cc9fb6bc","home","TV 05/07 Hüttenberg","FRISCH AUF! Göppingen",22,18,TRUE,1,NA,NA,0,0,0,NA,0,0,0,0,0,0,NA,NA,NA,NA,NA,NA,NA,NA,0,0,0,0,NA,NA,NA,NA,NA
"Arnulf Dümmel","81093055-3955-11ef-9deb-b908c60af10a",NA,NA,1975,"4/3/1976","3e6fff03-3960-11ef-8c4e-2906cc9fb6bc","away","FRISCH AUF! Göppingen","TV 05/07 Hüttenberg",18,22,FALSE,1,NA,NA,0,0,0,NA,0,0,0,0,0,0,NA,NA,NA,NA,NA,NA,NA,NA,0,0,0,0,NA,NA,NA,NA,NA
"Armin Emrich","8cdd3680-3955-11ef-a93e-81dc40648355",NA,NA,1975,"4/3/1976","3e6fff03-3960-11ef-8c4e-2906cc9fb6bc","away","FRISCH AUF! Göppingen","TV 05/07 Hüttenberg",18,22,FALSE,10,NA,NA,0,0,5,NA,0,0,0,0,0,0,NA,NA,NA,NA,NA,NA,NA,NA,0,0,0,0,NA,NA,NA,NA,NA
"Hartmut Bressmer","97fa9b74-3955-11ef-ba4c-292be3190b7b",NA,NA,1975,"4/3/1976","3e6fff03-3960-11ef-8c4e-2906cc9fb6bc","away","FRISCH AUF! Göppingen","TV 05/07 Hüttenberg",18,22,FALSE,0,NA,NA,0,0,0,NA,0,0,0,0,0,0,NA,NA,NA,NA,NA,NA,NA,NA,0,0,0,0,NA,NA,NA,NA,NA
"Gunnar Einarsson","98473f03-3955-11ef-b6da-292be3190b7b",NA,NA,1975,"4/3/1976","3e6fff03-3960-11ef-8c4e-2906cc9fb6bc","away","FRISCH AUF! Göppingen","TV 05/07 Hüttenberg",18,22,FALSE,5,NA,NA,0,0,0,NA,0,0,0,0,0,0,NA,NA,NA,NA,NA,NA,NA,NA,0,0,0,0,NA,NA,NA,NA,NA
"Klaus Weissinger","994cfaa0-3955-11ef-9141-292be3190b7b",NA,NA,1975,"4/3/1976","3e6fff03-3960-11ef-8c4e-2906cc9fb6bc","away","FRISCH AUF! Göppingen","TV 05/07 Hüttenberg",18,22,FALSE,2,NA,NA,0,0,0,NA,0,0,0,0,0,0,NA,NA,NA,NA,NA,NA,NA,NA,0,0,0,0,NA,NA,NA,NA,NA
"Wolfgang Don","a2ff75a5-3955-11ef-a510-2510cc07ea6e",NA,NA,1975,"4/3/1976","3e6fff03-3960-11ef-8c4e-2906cc9fb6bc","away","FRISCH AUF! Göppingen","TV 05/07 Hüttenberg",18,22,FALSE,0,NA,NA,0,0,0,NA,0,0,0,0,0,0,NA,NA,NA,NA,NA,NA,NA,NA,0,0,0,0,NA,NA,NA,NA,NA
"Siegmund Seeger","af76d008-3955-11ef-b7c9-a36230ada079",NA,NA,1975,"4/3/1976","3e6fff03-3960-11ef-8c4e-2906cc9fb6bc","away","FRISCH AUF! Göppingen","TV 05/07 Hüttenberg",18,22,FALSE,0,NA,NA,0,0,0,NA,0,0,0,0,0,0,NA,NA,NA,NA,NA,NA,NA,NA,0,0,0,0,NA,NA,NA,NA,NA
"Hans Brodbeck","b1f00cc3-3955-11ef-b4c9-a36230ada079",NA,NA,1975,"4/3/1976","3e6fff03-3960-11ef-8c4e-2906cc9fb6bc","away","FRISCH AUF! Göppingen","TV 05/07 Hüttenberg",18,22,FALSE,0,NA,NA,0,0,0,NA,0,0,0,0,0,0,NA,NA,NA,NA,NA,NA,NA,NA,0,0,0,0,NA,NA,NA,NA,NA
"Detlef Groß","b20edee3-3955-11ef-9e14-a36230ada079",NA,NA,1975,"4/3/1976","3e6fff03-3960-11ef-8c4e-2906cc9fb6bc","away","FRISCH AUF! Göppingen","TV 05/07 Hüttenberg",18,22,FALSE,0,NA,NA,0,0,0,NA,0,0,0,0,0,0,NA,NA,NA,NA,NA,NA,NA,NA,0,0,0,0,NA,NA,NA,NA,NA
"Günter Schweikardt","d3e60b79-3953-11ef-9e8c-e3f2de03a1b7",NA,NA,1975,"4/3/1976","3e6fff03-3960-11ef-8c4e-2906cc9fb6bc","away","FRISCH AUF! Göppingen","TV 05/07 Hüttenberg",18,22,FALSE,0,NA,NA,0,0,0,NA,0,0,0,0,0,0,NA,NA,NA,NA,NA,NA,NA,NA,0,0,0,0,NA,NA,NA,NA,NA
"Winfried Damm","73c56170-3955-11ef-9cca-51fdf2a82730",NA,NA,1975,"4/3/1976","3f82c3d1-3960-11ef-af83-2906cc9fb6bc","home","TSV 1896 Rintheim","S3L Handball",12,12,FALSE,1,NA,NA,0,0,0,NA,0,0,0,0,0,0,NA,NA,NA,NA,NA,NA,NA,NA,0,0,0,0,NA,NA,NA,NA,NA
"Gerhard Gaiser","7fd4e3db-3955-11ef-b327-b908c60af10a",NA,NA,1975,"4/3/1976","3f82c3d1-3960-11ef-af83-2906cc9fb6bc","home","TSV 1896 Rintheim","S3L Handball",12,12,FALSE,2,NA,NA,0,0,1,NA,0,0,0,0,0,0,NA,NA,NA,NA,NA,NA,NA,NA,0,0,0,0,NA,NA,NA,NA,NA
"Roland Kröger","81272d6a-3955-11ef-b027-b908c60af10a",NA,NA,1975,"4/3/1976","3f82c3d1-3960-11ef-af83-2906cc9fb6bc","home","TSV 1896 Rintheim","S3L Handball",12,12,FALSE,4,NA,NA,0,0,0,NA,0,0,0,0,0,0,NA,NA,NA,NA,NA,NA,NA,NA,0,0,0,0,NA,NA,NA,NA,NA
"Manfred Schulz","8bc2b5ea-3955-11ef-8d03-81dc40648355",NA,NA,1975,"4/3/1976","3f82c3d1-3960-11ef-af83-2906cc9fb6bc","home","TSV 1896 Rintheim","S3L Handball",12,12,FALSE,0,NA,NA,0,0,0,NA,0,0,0,0,0,0,NA,NA,NA,NA,NA,NA,NA,NA,0,0,0,0,NA,NA,NA,NA,NA
"Alfred Schmitt","a25e1dab-3955-11ef-b412-2510cc07ea6e",NA,NA,1975,"4/3/1976","3f82c3d1-3960-11ef-af83-2906cc9fb6bc","home","TSV 1896 Rintheim","S3L Handball",12,12,FALSE,0,NA,NA,0,0,0,NA,0,0,0,0,0,0,NA,NA,NA,NA,NA,NA,NA,NA,0,0,0,0,NA,NA,NA,NA,NA
"Rudi Stein","a27f8606-3955-11ef-8352-2510cc07ea6e",NA,NA,1975,"4/3/1976","3f82c3d1-3960-11ef-af83-2906cc9fb6bc","home","TSV 1896 Rintheim","S3L Handball",12,12,FALSE,2,NA,NA,0,0,2,NA,0,0,0,0,0,0,NA,NA,NA,NA,NA,NA,NA,NA,0,0,0,0,NA,NA,NA,NA,NA
"Rudi Lechleidner","aec862a4-3955-11ef-ad66-a36230ada079",NA,NA,1975,"4/3/1976","3f82c3d1-3960-11ef-af83-2906cc9fb6bc","home","TSV 1896 Rintheim","S3L Handball",12,12,FALSE,1,NA,NA,0,0,0,NA,0,0,0,0,0,0,NA,NA,NA,NA,NA,NA,NA,NA,0,0,0,0,NA,NA,NA,NA,NA
"Wilfried Job","af3ed007-3955-11ef-9184-a36230ada079",NA,NA,1975,"4/3/1976","3f82c3d1-3960-11ef-af83-2906cc9fb6bc","home","TSV 1896 Rintheim","S3L Handball",12,12,FALSE,2,NA,NA,0,0,0,NA,0,0,0,0,0,0,NA,NA,NA,NA,NA,NA,NA,NA,0,0,0,0,NA,NA,NA,NA,NA
"Claus Erles","af42e492-3955-11ef-a26e-a36230ada079",NA,NA,1975,"4/3/1976","3f82c3d1-3960-11ef-af83-2906cc9fb6bc","home","TSV 1896 Rintheim","S3L Handball",12,12,FALSE,0,NA,NA,0,0,0,NA,0,0,0,0,0,0,NA,NA,NA,NA,NA,NA,NA,NA,0,0,0,0,NA,NA,NA,NA,NA
"Peter Maier","af4e0d17-3955-11ef-8763-a36230ada079",NA,NA,1975,"4/3/1976","3f82c3d1-3960-11ef-af83-2906cc9fb6bc","home","TSV 1896 Rintheim","S3L Handball",12,12,FALSE,0,NA,NA,0,0,0,NA,0,0,0,0,0,0,NA,NA,NA,NA,NA,NA,NA,NA,0,0,0,0,NA,NA,NA,NA,NA
"Udo Klenk","8deb261a-3955-11ef-90c3-81dc40648355",NA,NA,1975,"4/3/1976","3f82c3d1-3960-11ef-af83-2906cc9fb6bc","away","S3L Handball","TSV 1896 Rintheim",12,12,FALSE,1,NA,NA,0,0,0,NA,0,0,0,0,0,0,NA,NA,NA,NA,NA,NA,NA,NA,0,0,0,0,NA,NA,NA,NA,NA
"Manfred Müller","ae54e819-3955-11ef-81e8-a36230ada079",NA,NA,1975,"4/3/1976","3f82c3d1-3960-11ef-af83-2906cc9fb6bc","away","S3L Handball","TSV 1896 Rintheim",12,12,FALSE,0,NA,NA,0,0,0,NA,0,0,0,0,0,0,NA,NA,NA,NA,NA,NA,NA,NA,0,0,0,0,NA,NA,NA,NA,NA
"Georg Fitz","ae68320c-3955-11ef-89fa-a36230ada079",NA,NA,1975,"4/3/1976","3f82c3d1-3960-11ef-af83-2906cc9fb6bc","away","S3L Handball","TSV 1896 Rintheim",12,12,FALSE,2,NA,NA,0,0,0,NA,0,0,0,0,0,0,NA,NA,NA,NA,NA,NA,NA,NA,0,0,0,0,NA,NA,NA,NA,NA
"Franz Rupp","ae6c7950-3955-11ef-87dd-a36230ada079",NA,NA,1975,"4/3/1976","3f82c3d1-3960-11ef-af83-2906cc9fb6bc","away","S3L Handball","TSV 1896 Rintheim",12,12,FALSE,3,NA,NA,0,0,0,NA,0,0,0,0,0,0,NA,NA,NA,NA,NA,NA,NA,NA,0,0,0,0,NA,NA,NA,NA,NA
"Bernd Frühauf","ae71d80f-3955-11ef-a219-a36230ada079",NA,NA,1975,"4/3/1976","3f82c3d1-3960-11ef-af83-2906cc9fb6bc","away","S3L Handball","TSV 1896 Rintheim",12,12,FALSE,4,NA,NA,0,0,0,NA,0,0,0,0,0,0,NA,NA,NA,NA,NA,NA,NA,NA,0,0,0,0,NA,NA,NA,NA,NA
"Wolfgang Sättele","ae76c01d-3955-11ef-bfb9-a36230ada079",NA,NA,1975,"4/3/1976","3f82c3d1-3960-11ef-af83-2906cc9fb6bc","away","S3L Handball","TSV 1896 Rintheim",12,12,FALSE,1,NA,NA,0,0,0,NA,0,0,0,0,0,0,NA,NA,NA,NA,NA,NA,NA,NA,0,0,0,0,NA,NA,NA,NA,NA
"Joachim Hafemeister","ae7b4523-3955-11ef-b064-a36230ada079",NA,NA,1975,"4/3/1976","3f82c3d1-3960-11ef-af83-2906cc9fb6bc","away","S3L Handball","TSV 1896 Rintheim",12,12,FALSE,0,NA,NA,0,0,0,NA,0,0,0,0,0,0,NA,NA,NA,NA,NA,NA,NA,NA,0,0,0,0,NA,NA,NA,NA,NA
"Harald Thiemer","ae803bfb-3955-11ef-9aab-a36230ada079",NA,NA,1975,"4/3/1976","3f82c3d1-3960-11ef-af83-2906cc9fb6bc","away","S3L Handball","TSV 1896 Rintheim",12,12,FALSE,0,NA,NA,0,0,0,NA,0,0,0,0,0,0,NA,NA,NA,NA,NA,NA,NA,NA,0,0,0,0,NA,NA,NA,NA,NA
"Jürgen Hahn","ae947745-3955-11ef-bc54-a36230ada079",NA,NA,1975,"4/3/1976","3f82c3d1-3960-11ef-af83-2906cc9fb6bc","away","S3L Handball","TSV 1896 Rintheim",12,12,FALSE,0,NA,NA,0,0,0,NA,0,0,0,0,0,0,NA,NA,NA,NA,NA,NA,NA,NA,0,0,0,0,NA,NA,NA,NA,NA
"Rolf Kuchenbecker","ae99100e-3955-11ef-9c32-a36230ada079",NA,NA,1975,"4/3/1976","3f82c3d1-3960-11ef-af83-2906cc9fb6bc","away","S3L Handball","TSV 1896 Rintheim",12,12,FALSE,1,NA,NA,0,0,1,NA,0,0,0,0,0,0,NA,NA,NA,NA,NA,NA,NA,NA,0,0,0,0,NA,NA,NA,NA,NA
"Franz Götz","aea2eb0e-3955-11ef-b230-a36230ada079",NA,NA,1975,"4/3/1976","3f82c3d1-3960-11ef-af83-2906cc9fb6bc","away","S3L Handball","TSV 1896 Rintheim",12,12,FALSE,0,NA,NA,0,0,0,NA,0,0,0,0,0,0,NA,NA,NA,NA,NA,NA,NA,NA,0,0,0,0,NA,NA,NA,NA,NA
"Hansjörg Jäck","b166bd31-3955-11ef-bed1-a36230ada079",NA,NA,1975,"4/3/1976","3f82c3d1-3960-11ef-af83-2906cc9fb6bc","away","S3L Handball","TSV 1896 Rintheim",12,12,FALSE,0,NA,NA,0,0,0,NA,0,0,0,0,0,0,NA,NA,NA,NA,NA,NA,NA,NA,0,0,0,0,NA,NA,NA,NA,NA
"Kurt Klühspies","5ac3e7d7-3955-11ef-b574-4fa817cd91bb",NA,NA,1975,"4/3/1976","406c242f-3960-11ef-9507-2906cc9fb6bc","home","TV Großwallstadt","TSV Milbertshofen",15,12,TRUE,4,NA,NA,0,0,0,NA,0,0,0,0,0,0,NA,NA,NA,NA,NA,NA,NA,NA,0,0,0,0,NA,NA,NA,NA,NA
"Manfred Hofmann","6855eb0b-3955-11ef-8cb3-292be3190b7b",NA,NA,1975,"4/3/1976","406c242f-3960-11ef-9507-2906cc9fb6bc","home","TV Großwallstadt","TSV Milbertshofen",15,12,TRUE,0,NA,NA,0,0,0,NA,0,0,0,0,0,0,NA,NA,NA,NA,NA,NA,NA,NA,0,0,0,0,NA,NA,NA,NA,NA
"Thomas Sinsel","8adb8152-3955-11ef-b2de-81dc40648355",NA,NA,1975,"4/3/1976","406c242f-3960-11ef-9507-2906cc9fb6bc","home","TV Großwallstadt","TSV Milbertshofen",15,12,TRUE,3,NA,NA,0,0,0,NA,0,0,0,0,0,0,NA,NA,NA,NA,NA,NA,NA,NA,0,0,0,0,NA,NA,NA,NA,NA
"Manfred Schwarz","96d98e53-3955-11ef-a3c9-292be3190b7b",NA,NA,1975,"4/3/1976","406c242f-3960-11ef-9507-2906cc9fb6bc","home","TV Großwallstadt","TSV Milbertshofen",15,12,TRUE,1,NA,NA,0,0,0,NA,0,0,0,0,0,0,NA,NA,NA,NA,NA,NA,NA,NA,0,0,0,0,NA,NA,NA,NA,NA
"Ulrich Schulz","9972a35f-3955-11ef-a06d-292be3190b7b",NA,NA,1975,"4/3/1976","406c242f-3960-11ef-9507-2906cc9fb6bc","home","TV Großwallstadt","TSV Milbertshofen",15,12,TRUE,2,NA,NA,0,0,0,NA,0,0,0,0,0,0,NA,NA,NA,NA,NA,NA,NA,NA,0,0,0,0,NA,NA,NA,NA,NA
"Arno Böckling","a3c38db5-3955-11ef-810f-2510cc07ea6e",NA,NA,1975,"4/3/1976","406c242f-3960-11ef-9507-2906cc9fb6bc","home","TV Großwallstadt","TSV Milbertshofen",15,12,TRUE,0,NA,NA,0,0,0,NA,0,0,0,0,0,0,NA,NA,NA,NA,NA,NA,NA,NA,0,0,0,0,NA,NA,NA,NA,NA
"Eckhardt Suffel","aeac0503-3955-11ef-88c6-a36230ada079",NA,NA,1975,"4/3/1976","406c242f-3960-11ef-9507-2906cc9fb6bc","home","TV Großwallstadt","TSV Milbertshofen",15,12,TRUE,2,NA,NA,0,0,0,NA,0,0,0,0,0,0,NA,NA,NA,NA,NA,NA,NA,NA,0,0,0,0,NA,NA,NA,NA,NA
"Axel Emig","aeb0e35f-3955-11ef-8342-a36230ada079",NA,NA,1975,"4/3/1976","406c242f-3960-11ef-9507-2906cc9fb6bc","home","TV Großwallstadt","TSV Milbertshofen",15,12,TRUE,1,NA,NA,0,0,0,NA,0,0,0,0,0,0,NA,NA,NA,NA,NA,NA,NA,NA,0,0,0,0,NA,NA,NA,NA,NA
"Manfred Meudt","af9be5ed-3955-11ef-a3e3-a36230ada079",NA,NA,1975,"4/3/1976","406c242f-3960-11ef-9507-2906cc9fb6bc","home","TV Großwallstadt","TSV Milbertshofen",15,12,TRUE,1,NA,NA,0,0,0,NA,0,0,0,0,0,0,NA,NA,NA,NA,NA,NA,NA,NA,0,0,0,0,NA,NA,NA,NA,NA
"Norbert Klein","b18179dc-3955-11ef-acc0-a36230ada079",NA,NA,1975,"4/3/1976","406c242f-3960-11ef-9507-2906cc9fb6bc","home","TV Großwallstadt","TSV Milbertshofen",15,12,TRUE,1,NA,NA,0,0,0,NA,0,0,0,0,0,0,NA,NA,NA,NA,NA,NA,NA,NA,0,0,0,0,NA,NA,NA,NA,NA
"Willibald Weiß","74414175-3955-11ef-89d0-51fdf2a82730",NA,NA,1975,"4/3/1976","406c242f-3960-11ef-9507-2906cc9fb6bc","away","TSV Milbertshofen","TV Großwallstadt",12,15,FALSE,4,NA,NA,0,0,0,NA,0,0,0,0,0,0,NA,NA,NA,NA,NA,NA,NA,NA,0,0,0,0,NA,NA,NA,NA,NA
"Richard Mayr","751d6672-3955-11ef-a322-51fdf2a82730",NA,NA,1975,"4/3/1976","406c242f-3960-11ef-9507-2906cc9fb6bc","away","TSV Milbertshofen","TV Großwallstadt",12,15,FALSE,0,NA,NA,0,0,0,NA,0,0,0,0,0,0,NA,NA,NA,NA,NA,NA,NA,NA,0,0,0,0,NA,NA,NA,NA,NA
"Udo Böbel","80d4ba37-3955-11ef-9d8b-b908c60af10a",NA,NA,1975,"4/3/1976","406c242f-3960-11ef-9507-2906cc9fb6bc","away","TSV Milbertshofen","TV Großwallstadt",12,15,FALSE,4,NA,NA,0,0,2,NA,0,0,0,0,0,0,NA,NA,NA,NA,NA,NA,NA,NA,0,0,0,0,NA,NA,NA,NA,NA
"Peter Jaschke","8b728782-3955-11ef-8da6-81dc40648355",NA,NA,1975,"4/3/1976","406c242f-3960-11ef-9507-2906cc9fb6bc","away","TSV Milbertshofen","TV Großwallstadt",12,15,FALSE,0,NA,NA,0,0,0,NA,0,0,0,0,0,0,NA,NA,NA,NA,NA,NA,NA,NA,0,0,0,0,NA,NA,NA,NA,NA
"Lothar Weingärtner","8dbf003c-3955-11ef-879b-81dc40648355",NA,NA,1975,"4/3/1976","406c242f-3960-11ef-9507-2906cc9fb6bc","away","TSV Milbertshofen","TV Großwallstadt",12,15,FALSE,3,NA,NA,0,0,0,NA,0,0,0,0,0,0,NA,NA,NA,NA,NA,NA,NA,NA,0,0,0,0,NA,NA,NA,NA,NA
"Werner Winkelmeier","9712104e-3955-11ef-9613-292be3190b7b",NA,NA,1975,"4/3/1976","406c242f-3960-11ef-9507-2906cc9fb6bc","away","TSV Milbertshofen","TV Großwallstadt",12,15,FALSE,0,NA,NA,0,0,0,NA,0,0,0,0,0,0,NA,NA,NA,NA,NA,NA,NA,NA,0,0,0,0,NA,NA,NA,NA,NA
"Rudolf Dobler","97ac407c-3955-11ef-9ea9-292be3190b7b",NA,NA,1975,"4/3/1976","406c242f-3960-11ef-9507-2906cc9fb6bc","away","TSV Milbertshofen","TV Großwallstadt",12,15,FALSE,0,NA,NA,0,0,0,NA,0,0,0,0,0,0,NA,NA,NA,NA,NA,NA,NA,NA,0,0,0,0,NA,NA,NA,NA,NA
"Jochen Heyne","b1c06894-3955-11ef-ab50-a36230ada079",NA,NA,1975,"4/3/1976","406c242f-3960-11ef-9507-2906cc9fb6bc","away","TSV Milbertshofen","TV Großwallstadt",12,15,FALSE,0,NA,NA,0,0,0,NA,0,0,0,0,0,0,NA,NA,NA,NA,NA,NA,NA,NA,0,0,0,0,NA,NA,NA,NA,NA
"Günther Haug","b1c49acf-3955-11ef-9599-a36230ada079",NA,NA,1975,"4/3/1976","406c242f-3960-11ef-9507-2906cc9fb6bc","away","TSV Milbertshofen","TV Großwallstadt",12,15,FALSE,0,NA,NA,0,0,0,NA,0,0,0,0,0,0,NA,NA,NA,NA,NA,NA,NA,NA,0,0,0,0,NA,NA,NA,NA,NA
"Helmut Schelchshorn","b1c960ef-3955-11ef-850b-a36230ada079",NA,NA,1975,"4/3/1976","406c242f-3960-11ef-9507-2906cc9fb6bc","away","TSV Milbertshofen","TV Großwallstadt",12,15,FALSE,1,NA,NA,0,0,0,NA,0,0,0,0,0,0,NA,NA,NA,NA,NA,NA,NA,NA,0,0,0,0,NA,NA,NA,NA,NA
"Claus Hormel","65a6e4d8-3955-11ef-84ee-292be3190b7b",NA,NA,1975,"4/3/1976","413275c1-3960-11ef-9842-2906cc9fb6bc","home","SG Dietzenbach","Füchse Berlin",18,15,TRUE,1,NA,NA,0,0,0,NA,0,0,0,0,0,0,NA,NA,NA,NA,NA,NA,NA,NA,0,0,0,0,NA,NA,NA,NA,NA
"Dieter Schappert","808baa47-3955-11ef-b967-b908c60af10a",NA,NA,1975,"4/3/1976","413275c1-3960-11ef-9842-2906cc9fb6bc","home","SG Dietzenbach","Füchse Berlin",18,15,TRUE,1,NA,NA,0,0,0,NA,0,0,0,0,0,0,NA,NA,NA,NA,NA,NA,NA,NA,0,0,0,0,NA,NA,NA,NA,NA
"Milan Krstić","8a85bfb0-3955-11ef-ac1d-81dc40648355",NA,NA,1975,"4/3/1976","413275c1-3960-11ef-9842-2906cc9fb6bc","home","SG Dietzenbach","Füchse Berlin",18,15,TRUE,2,NA,NA,0,0,0,NA,0,0,0,0,0,0,NA,NA,NA,NA,NA,NA,NA,NA,0,0,0,0,NA,NA,NA,NA,NA
"Heinz-Walter Behne","8be65881-3955-11ef-8872-81dc40648355",NA,NA,1975,"4/3/1976","413275c1-3960-11ef-9842-2906cc9fb6bc","home","SG Dietzenbach","Füchse Berlin",18,15,TRUE,5,NA,NA,0,0,0,NA,0,0,0,0,0,0,NA,NA,NA,NA,NA,NA,NA,NA,0,0,0,0,NA,NA,NA,NA,NA
"Herbert Wehnert","96e104db-3955-11ef-b58d-292be3190b7b",NA,NA,1975,"4/3/1976","413275c1-3960-11ef-9842-2906cc9fb6bc","home","SG Dietzenbach","Füchse Berlin",18,15,TRUE,1,NA,NA,0,0,0,NA,0,0,0,0,0,0,NA,NA,NA,NA,NA,NA,NA,NA,0,0,0,0,NA,NA,NA,NA,NA
"Manfred Merk","a2e89182-3955-11ef-b7cf-2510cc07ea6e",NA,NA,1975,"4/3/1976","413275c1-3960-11ef-9842-2906cc9fb6bc","home","SG Dietzenbach","Füchse Berlin",18,15,TRUE,1,NA,NA,0,0,0,NA,0,0,0,0,0,0,NA,NA,NA,NA,NA,NA,NA,NA,0,0,0,0,NA,NA,NA,NA,NA
"Klaus Budecker","af1ed2a9-3955-11ef-854d-a36230ada079",NA,NA,1975,"4/3/1976","413275c1-3960-11ef-9842-2906cc9fb6bc","home","SG Dietzenbach","Füchse Berlin",18,15,TRUE,1,NA,NA,0,0,0,NA,0,0,0,0,0,0,NA,NA,NA,NA,NA,NA,NA,NA,0,0,0,0,NA,NA,NA,NA,NA
"Ronald Wittig","af27e5c1-3955-11ef-9f41-a36230ada079",NA,NA,1975,"4/3/1976","413275c1-3960-11ef-9842-2906cc9fb6bc","home","SG Dietzenbach","Füchse Berlin",18,15,TRUE,2,NA,NA,0,0,0,NA,0,0,0,0,0,0,NA,NA,NA,NA,NA,NA,NA,NA,0,0,0,0,NA,NA,NA,NA,NA
"Heinrich Baum","af2c6c48-3955-11ef-964a-a36230ada079",NA,NA,1975,"4/3/1976","413275c1-3960-11ef-9842-2906cc9fb6bc","home","SG Dietzenbach","Füchse Berlin",18,15,TRUE,3,NA,NA,0,0,1,NA,0,0,0,0,0,0,NA,NA,NA,NA,NA,NA,NA,NA,0,0,0,0,NA,NA,NA,NA,NA
"Klaus Rettig","b1d1aa4c-3955-11ef-baf9-a36230ada079",NA,NA,1975,"4/3/1976","413275c1-3960-11ef-9842-2906cc9fb6bc","home","SG Dietzenbach","Füchse Berlin",18,15,TRUE,1,NA,NA,0,0,0,NA,0,0,0,0,0,0,NA,NA,NA,NA,NA,NA,NA,NA,0,0,0,0,NA,NA,NA,NA,NA
"Bernd Seehase","7f0c7bc5-3955-11ef-8b93-b908c60af10a",NA,NA,1975,"4/3/1976","413275c1-3960-11ef-9842-2906cc9fb6bc","away","Füchse Berlin","SG Dietzenbach",15,18,FALSE,1,NA,NA,0,0,0,NA,0,0,0,0,0,0,NA,NA,NA,NA,NA,NA,NA,NA,0,0,0,0,NA,NA,NA,NA,NA
"Dieter Nerlich","7f4aaab6-3955-11ef-a6c5-b908c60af10a",NA,NA,1975,"4/3/1976","413275c1-3960-11ef-9842-2906cc9fb6bc","away","Füchse Berlin","SG Dietzenbach",15,18,FALSE,2,NA,NA,0,0,0,NA,0,0,0,0,0,0,NA,NA,NA,NA,NA,NA,NA,NA,0,0,0,0,NA,NA,NA,NA,NA
"Andreas Pieper","8b17f063-3955-11ef-8f1b-81dc40648355",NA,NA,1975,"4/3/1976","413275c1-3960-11ef-9842-2906cc9fb6bc","away","Füchse Berlin","SG Dietzenbach",15,18,FALSE,0,NA,NA,0,0,0,NA,0,0,0,0,0,0,NA,NA,NA,NA,NA,NA,NA,NA,0,0,0,0,NA,NA,NA,NA,NA
"Uwe Schilde","a2ab6495-3955-11ef-ac26-2510cc07ea6e",NA,NA,1975,"4/3/1976","413275c1-3960-11ef-9842-2906cc9fb6bc","away","Füchse Berlin","SG Dietzenbach",15,18,FALSE,1,NA,NA,0,0,0,NA,0,0,0,0,0,0,NA,NA,NA,NA,NA,NA,NA,NA,0,0,0,0,NA,NA,NA,NA,NA
"Manfred Klein","a5ed5981-3955-11ef-aef8-2510cc07ea6e",NA,NA,1975,"4/3/1976","413275c1-3960-11ef-9842-2906cc9fb6bc","away","Füchse Berlin","SG Dietzenbach",15,18,FALSE,0,NA,NA,0,0,0,NA,0,0,0,0,0,0,NA,NA,NA,NA,NA,NA,NA,NA,0,0,0,0,NA,NA,NA,NA,NA
"Reinhard Lembcke","a5f9e01f-3955-11ef-a753-2510cc07ea6e",NA,NA,1975,"4/3/1976","413275c1-3960-11ef-9842-2906cc9fb6bc","away","Füchse Berlin","SG Dietzenbach",15,18,FALSE,1,NA,NA,0,0,0,NA,0,0,0,0,0,0,NA,NA,NA,NA,NA,NA,NA,NA,0,0,0,0,NA,NA,NA,NA,NA
"Wolfgang Braun","b1a4c388-3955-11ef-92b7-a36230ada079",NA,NA,1975,"4/3/1976","413275c1-3960-11ef-9842-2906cc9fb6bc","away","Füchse Berlin","SG Dietzenbach",15,18,FALSE,5,NA,NA,0,0,3,NA,0,0,0,0,0,0,NA,NA,NA,NA,NA,NA,NA,NA,0,0,0,0,NA,NA,NA,NA,NA
"Detlef Finkelmann","b1a8f927-3955-11ef-a009-a36230ada079",NA,NA,1975,"4/3/1976","413275c1-3960-11ef-9842-2906cc9fb6bc","away","Füchse Berlin","SG Dietzenbach",15,18,FALSE,2,NA,NA,0,0,0,NA,0,0,0,0,0,0,NA,NA,NA,NA,NA,NA,NA,NA,0,0,0,0,NA,NA,NA,NA,NA
"Bernd Goerigk","b1b21b0c-3955-11ef-a303-a36230ada079",NA,NA,1975,"4/3/1976","413275c1-3960-11ef-9842-2906cc9fb6bc","away","Füchse Berlin","SG Dietzenbach",15,18,FALSE,0,NA,NA,0,0,0,NA,0,0,0,0,0,0,NA,NA,NA,NA,NA,NA,NA,NA,0,0,0,0,NA,NA,NA,NA,NA
"Lutz Loewke","b1b73b08-3955-11ef-b76a-a36230ada079",NA,NA,1975,"4/3/1976","413275c1-3960-11ef-9842-2906cc9fb6bc","away","Füchse Berlin","SG Dietzenbach",15,18,FALSE,2,NA,NA,0,0,1,NA,0,0,0,0,0,0,NA,NA,NA,NA,NA,NA,NA,NA,0,0,0,0,NA,NA,NA,NA,NA
"Walter Salzer","8d394c72-3955-11ef-8d73-81dc40648355",NA,NA,1975,"4/3/1976","43551e06-3960-11ef-b8d0-2906cc9fb6bc","home","TV 1893 Neuhausen","TuS Hofweier",16,18,FALSE,3,NA,NA,0,0,2,NA,0,0,0,0,0,0,NA,NA,NA,NA,NA,NA,NA,NA,0,0,0,0,NA,NA,NA,NA,NA
"Manfred Klugger","a43e35c7-3955-11ef-b0dc-2510cc07ea6e",NA,NA,1975,"4/3/1976","43551e06-3960-11ef-b8d0-2906cc9fb6bc","home","TV 1893 Neuhausen","TuS Hofweier",16,18,FALSE,2,NA,NA,0,0,0,NA,0,0,0,0,0,0,NA,NA,NA,NA,NA,NA,NA,NA,0,0,0,0,NA,NA,NA,NA,NA
"Julius Lehmann","a448c9e2-3955-11ef-9bf8-2510cc07ea6e",NA,NA,1975,"4/3/1976","43551e06-3960-11ef-b8d0-2906cc9fb6bc","home","TV 1893 Neuhausen","TuS Hofweier",16,18,FALSE,1,NA,NA,0,0,0,NA,0,0,0,0,0,0,NA,NA,NA,NA,NA,NA,NA,NA,0,0,0,0,NA,NA,NA,NA,NA
"Hermann Mäurle","a44f95e3-3955-11ef-b53d-2510cc07ea6e",NA,NA,1975,"4/3/1976","43551e06-3960-11ef-b8d0-2906cc9fb6bc","home","TV 1893 Neuhausen","TuS Hofweier",16,18,FALSE,1,NA,NA,0,0,0,NA,0,0,0,0,0,0,NA,NA,NA,NA,NA,NA,NA,NA,0,0,0,0,NA,NA,NA,NA,NA
"Rolf Miller","a4552808-3955-11ef-ac39-2510cc07ea6e",NA,NA,1975,"4/3/1976","43551e06-3960-11ef-b8d0-2906cc9fb6bc","home","TV 1893 Neuhausen","TuS Hofweier",16,18,FALSE,3,NA,NA,0,0,1,NA,0,0,0,0,0,0,NA,NA,NA,NA,NA,NA,NA,NA,0,0,0,0,NA,NA,NA,NA,NA
"Manfred Reusch","a45a1b11-3955-11ef-8135-2510cc07ea6e",NA,NA,1975,"4/3/1976","43551e06-3960-11ef-b8d0-2906cc9fb6bc","home","TV 1893 Neuhausen","TuS Hofweier",16,18,FALSE,3,NA,NA,0,0,0,NA,0,0,0,0,0,0,NA,NA,NA,NA,NA,NA,NA,NA,0,0,0,0,NA,NA,NA,NA,NA
"Eugen Schmid","a460a6b1-3955-11ef-966d-2510cc07ea6e",NA,NA,1975,"4/3/1976","43551e06-3960-11ef-b8d0-2906cc9fb6bc","home","TV 1893 Neuhausen","TuS Hofweier",16,18,FALSE,1,NA,NA,0,0,0,NA,0,0,0,0,0,0,NA,NA,NA,NA,NA,NA,NA,NA,0,0,0,0,NA,NA,NA,NA,NA
"Manfred Schmid","a468025d-3955-11ef-ae56-2510cc07ea6e",NA,NA,1975,"4/3/1976","43551e06-3960-11ef-b8d0-2906cc9fb6bc","home","TV 1893 Neuhausen","TuS Hofweier",16,18,FALSE,2,NA,NA,0,0,0,NA,0,0,0,0,0,0,NA,NA,NA,NA,NA,NA,NA,NA,0,0,0,0,NA,NA,NA,NA,NA
"Johann Högl","b2211f04-3955-11ef-a5bd-a36230ada079",NA,NA,1975,"4/3/1976","43551e06-3960-11ef-b8d0-2906cc9fb6bc","home","TV 1893 Neuhausen","TuS Hofweier",16,18,FALSE,0,NA,NA,0,0,0,NA,0,0,0,0,0,0,NA,NA,NA,NA,NA,NA,NA,NA,0,0,0,0,NA,NA,NA,NA,NA
"Harald Streicher","b2329757-3955-11ef-8e1c-a36230ada079",NA,NA,1975,"4/3/1976","43551e06-3960-11ef-b8d0-2906cc9fb6bc","home","TV 1893 Neuhausen","TuS Hofweier",16,18,FALSE,0,NA,NA,0,0,0,NA,0,0,0,0,0,0,NA,NA,NA,NA,NA,NA,NA,NA,0,0,0,0,NA,NA,NA,NA,NA
"Arno Ehret","39c2c361-3955-11ef-8c9d-bfbfc9e17c09",NA,NA,1975,"4/3/1976","43551e06-3960-11ef-b8d0-2906cc9fb6bc","away","TuS Hofweier","TV 1893 Neuhausen",18,16,TRUE,0,NA,NA,0,0,0,NA,0,0,0,0,0,0,NA,NA,NA,NA,NA,NA,NA,NA,0,0,0,0,NA,NA,NA,NA,NA
"Peter Bucher","8e0071c9-3955-11ef-8ff8-81dc40648355",NA,NA,1975,"4/3/1976","43551e06-3960-11ef-b8d0-2906cc9fb6bc","away","TuS Hofweier","TV 1893 Neuhausen",18,16,TRUE,1,NA,NA,0,0,0,NA,0,0,0,0,0,0,NA,NA,NA,NA,NA,NA,NA,NA,0,0,0,0,NA,NA,NA,NA,NA
"Josef Schienle","8e1c1721-3955-11ef-9a54-81dc40648355",NA,NA,1975,"4/3/1976","43551e06-3960-11ef-b8d0-2906cc9fb6bc","away","TuS Hofweier","TV 1893 Neuhausen",18,16,TRUE,2,NA,NA,0,0,0,NA,0,0,0,0,0,0,NA,NA,NA,NA,NA,NA,NA,NA,0,0,0,0,NA,NA,NA,NA,NA
"Franz Bechler","98035d7e-3955-11ef-8b94-292be3190b7b",NA,NA,1975,"4/3/1976","43551e06-3960-11ef-b8d0-2906cc9fb6bc","away","TuS Hofweier","TV 1893 Neuhausen",18,16,TRUE,3,NA,NA,0,0,0,NA,0,0,0,0,0,0,NA,NA,NA,NA,NA,NA,NA,NA,0,0,0,0,NA,NA,NA,NA,NA
"Werner Voit","a3b992ef-3955-11ef-84c8-2510cc07ea6e",NA,NA,1975,"4/3/1976","43551e06-3960-11ef-b8d0-2906cc9fb6bc","away","TuS Hofweier","TV 1893 Neuhausen",18,16,TRUE,1,NA,NA,0,0,0,NA,0,0,0,0,0,0,NA,NA,NA,NA,NA,NA,NA,NA,0,0,0,0,NA,NA,NA,NA,NA
"Werner Decker","afcae313-3955-11ef-a9cf-a36230ada079",NA,NA,1975,"4/3/1976","43551e06-3960-11ef-b8d0-2906cc9fb6bc","away","TuS Hofweier","TV 1893 Neuhausen",18,16,TRUE,1,NA,NA,0,0,0,NA,0,0,0,0,0,0,NA,NA,NA,NA,NA,NA,NA,NA,0,0,0,0,NA,NA,NA,NA,NA
"Wolfgang Bruck","afd5808d-3955-11ef-a3c4-a36230ada079",NA,NA,1975,"4/3/1976","43551e06-3960-11ef-b8d0-2906cc9fb6bc","away","TuS Hofweier","TV 1893 Neuhausen",18,16,TRUE,1,NA,NA,0,0,0,NA,0,0,0,0,0,0,NA,NA,NA,NA,NA,NA,NA,NA,0,0,0,0,NA,NA,NA,NA,NA
"Wilfried Göppert","afe18023-3955-11ef-8040-a36230ada079",NA,NA,1975,"4/3/1976","43551e06-3960-11ef-b8d0-2906cc9fb6bc","away","TuS Hofweier","TV 1893 Neuhausen",18,16,TRUE,1,NA,NA,0,0,0,NA,0,0,0,0,0,0,NA,NA,NA,NA,NA,NA,NA,NA,0,0,0,0,NA,NA,NA,NA,NA
"Markus Hädrich","ba389acc-3955-11ef-8b9d-ab397f561917",NA,NA,1975,"4/3/1976","43551e06-3960-11ef-b8d0-2906cc9fb6bc","away","TuS Hofweier","TV 1893 Neuhausen",18,16,TRUE,0,NA,NA,0,0,0,NA,0,0,0,0,0,0,NA,NA,NA,NA,NA,NA,NA,NA,0,0,0,0,NA,NA,NA,NA,NA
"Rainer Niemeyer","5008ccec-3955-11ef-9f62-6d38c0425bc0",NA,NA,1975,"4/7/1976","32929634-3960-11ef-bba1-2906cc9fb6bc","home","GWD Minden","THW Kiel",24,16,TRUE,1,NA,NA,0,0,0,NA,0,0,0,0,0,0,NA,NA,NA,NA,NA,NA,NA,NA,0,0,0,0,NA,NA,NA,NA,NA
"Hans-Jürgen Grund","81694a24-3955-11ef-9a97-b908c60af10a",NA,NA,1975,"4/7/1976","32929634-3960-11ef-bba1-2906cc9fb6bc","home","GWD Minden","THW Kiel",24,16,TRUE,2,NA,NA,0,0,0,NA,0,0,0,0,0,0,NA,NA,NA,NA,NA,NA,NA,NA,0,0,0,0,NA,NA,NA,NA,NA
"Axel Axelsson","8b29429f-3955-11ef-baf9-81dc40648355",NA,NA,1975,"4/7/1976","32929634-3960-11ef-bba1-2906cc9fb6bc","home","GWD Minden","THW Kiel",24,16,TRUE,11,NA,NA,0,0,1,NA,0,0,0,0,0,0,NA,NA,NA,NA,NA,NA,NA,NA,0,0,0,0,NA,NA,NA,NA,NA
"Dieter Waltke","8bbe1a37-3955-11ef-a8ff-81dc40648355",NA,NA,1975,"4/7/1976","32929634-3960-11ef-bba1-2906cc9fb6bc","home","GWD Minden","THW Kiel",24,16,TRUE,2,NA,NA,0,0,0,NA,0,0,0,0,0,0,NA,NA,NA,NA,NA,NA,NA,NA,0,0,0,0,NA,NA,NA,NA,NA
"Bernhard Busch","8dc9280f-3955-11ef-80e2-81dc40648355",NA,NA,1975,"4/7/1976","32929634-3960-11ef-bba1-2906cc9fb6bc","home","GWD Minden","THW Kiel",24,16,TRUE,3,NA,NA,0,0,1,NA,0,0,0,0,0,0,NA,NA,NA,NA,NA,NA,NA,NA,0,0,0,0,NA,NA,NA,NA,NA
"Gerd Becker","96f1e245-3955-11ef-80bc-292be3190b7b",NA,NA,1975,"4/7/1976","32929634-3960-11ef-bba1-2906cc9fb6bc","home","GWD Minden","THW Kiel",24,16,TRUE,2,NA,NA,0,0,0,NA,0,0,0,0,0,0,NA,NA,NA,NA,NA,NA,NA,NA,0,0,0,0,NA,NA,NA,NA,NA
"Walter von Oepen","97f2373d-3955-11ef-82ae-292be3190b7b",NA,NA,1975,"4/7/1976","32929634-3960-11ef-bba1-2906cc9fb6bc","home","GWD Minden","THW Kiel",24,16,TRUE,0,NA,NA,0,0,0,NA,0,0,0,0,0,0,NA,NA,NA,NA,NA,NA,NA,NA,0,0,0,0,NA,NA,NA,NA,NA
"Gerhard Buddenbohm","98e2ecac-3955-11ef-b2de-292be3190b7b",NA,NA,1975,"4/7/1976","32929634-3960-11ef-bba1-2906cc9fb6bc","home","GWD Minden","THW Kiel",24,16,TRUE,1,NA,NA,0,0,0,NA,0,0,0,0,0,0,NA,NA,NA,NA,NA,NA,NA,NA,0,0,0,0,NA,NA,NA,NA,NA
"Ólafur Hlöðver Jónsson","98eb7177-3955-11ef-9bda-292be3190b7b",NA,NA,1975,"4/7/1976","32929634-3960-11ef-bba1-2906cc9fb6bc","home","GWD Minden","THW Kiel",24,16,TRUE,1,NA,NA,0,0,0,NA,0,0,0,0,0,0,NA,NA,NA,NA,NA,NA,NA,NA,0,0,0,0,NA,NA,NA,NA,NA
"Hans Kramer","98f50290-3955-11ef-8aa8-292be3190b7b",NA,NA,1975,"4/7/1976","32929634-3960-11ef-bba1-2906cc9fb6bc","home","GWD Minden","THW Kiel",24,16,TRUE,1,NA,NA,0,0,0,NA,0,0,0,0,0,0,NA,NA,NA,NA,NA,NA,NA,NA,0,0,0,0,NA,NA,NA,NA,NA
"Bernd Knuth","b006b967-3955-11ef-9f47-a36230ada079",NA,NA,1975,"4/7/1976","32929634-3960-11ef-bba1-2906cc9fb6bc","home","GWD Minden","THW Kiel",24,16,TRUE,0,NA,NA,0,0,0,NA,0,0,0,0,0,0,NA,NA,NA,NA,NA,NA,NA,NA,0,0,0,0,NA,NA,NA,NA,NA
"Holger Oertel","685d8d1c-3955-11ef-86af-292be3190b7b",NA,NA,1975,"4/7/1976","32929634-3960-11ef-bba1-2906cc9fb6bc","away","THW Kiel","GWD Minden",16,24,FALSE,0,NA,NA,0,0,0,NA,0,0,0,0,0,0,NA,NA,NA,NA,NA,NA,NA,NA,0,0,0,0,NA,NA,NA,NA,NA
"Klaus Elwardt","80deefd9-3955-11ef-b31a-b908c60af10a",NA,NA,1975,"4/7/1976","32929634-3960-11ef-bba1-2906cc9fb6bc","away","THW Kiel","GWD Minden",16,24,FALSE,2,NA,NA,0,0,0,NA,0,0,0,0,0,0,NA,NA,NA,NA,NA,NA,NA,NA,0,0,0,0,NA,NA,NA,NA,NA
"Ulrich Knop","965200f1-3955-11ef-b253-292be3190b7b",NA,NA,1975,"4/7/1976","32929634-3960-11ef-bba1-2906cc9fb6bc","away","THW Kiel","GWD Minden",16,24,FALSE,1,NA,NA,0,0,0,NA,0,0,0,0,0,0,NA,NA,NA,NA,NA,NA,NA,NA,0,0,0,0,NA,NA,NA,NA,NA
"Roland Hänsch","981d8549-3955-11ef-a2ca-292be3190b7b",NA,NA,1975,"4/7/1976","32929634-3960-11ef-bba1-2906cc9fb6bc","away","THW Kiel","GWD Minden",16,24,FALSE,0,NA,NA,0,0,0,NA,0,0,0,0,0,0,NA,NA,NA,NA,NA,NA,NA,NA,0,0,0,0,NA,NA,NA,NA,NA
"Gerd Welz","98273a90-3955-11ef-a3a2-292be3190b7b",NA,NA,1975,"4/7/1976","32929634-3960-11ef-bba1-2906cc9fb6bc","away","THW Kiel","GWD Minden",16,24,FALSE,4,NA,NA,0,0,0,NA,0,0,0,0,0,0,NA,NA,NA,NA,NA,NA,NA,NA,0,0,0,0,NA,NA,NA,NA,NA
"Hans-Lothar Bock","9991bda0-3955-11ef-a6c6-292be3190b7b",NA,NA,1975,"4/7/1976","32929634-3960-11ef-bba1-2906cc9fb6bc","away","THW Kiel","GWD Minden",16,24,FALSE,0,NA,NA,0,0,0,NA,0,0,0,0,0,0,NA,NA,NA,NA,NA,NA,NA,NA,0,0,0,0,NA,NA,NA,NA,NA
"Volker Harbs","9995a6f3-3955-11ef-b74f-292be3190b7b",NA,NA,1975,"4/7/1976","32929634-3960-11ef-bba1-2906cc9fb6bc","away","THW Kiel","GWD Minden",16,24,FALSE,3,NA,NA,0,0,0,NA,0,0,0,0,0,0,NA,NA,NA,NA,NA,NA,NA,NA,0,0,0,0,NA,NA,NA,NA,NA
"Dieter Krause","99996b47-3955-11ef-a9c9-292be3190b7b",NA,NA,1975,"4/7/1976","32929634-3960-11ef-bba1-2906cc9fb6bc","away","THW Kiel","GWD Minden",16,24,FALSE,5,NA,NA,0,0,4,NA,0,0,0,0,0,0,NA,NA,NA,NA,NA,NA,NA,NA,0,0,0,0,NA,NA,NA,NA,NA
"Ingo Voß","ae396fa6-3955-11ef-acb0-a36230ada079",NA,NA,1975,"4/7/1976","32929634-3960-11ef-bba1-2906cc9fb6bc","away","THW Kiel","GWD Minden",16,24,FALSE,0,NA,NA,0,0,0,NA,0,0,0,0,0,0,NA,NA,NA,NA,NA,NA,NA,NA,0,0,0,0,NA,NA,NA,NA,NA
"Frank Requate","ae434759-3955-11ef-8758-a36230ada079",NA,NA,1975,"4/7/1976","32929634-3960-11ef-bba1-2906cc9fb6bc","away","THW Kiel","GWD Minden",16,24,FALSE,1,NA,NA,0,0,0,NA,0,0,0,0,0,0,NA,NA,NA,NA,NA,NA,NA,NA,0,0,0,0,NA,NA,NA,NA,NA
"Roland Wieczorek","b13e67ab-3955-11ef-a326-a36230ada079",NA,NA,1975,"4/7/1976","32929634-3960-11ef-bba1-2906cc9fb6bc","away","THW Kiel","GWD Minden",16,24,FALSE,0,NA,NA,0,0,0,NA,0,0,0,0,0,0,NA,NA,NA,NA,NA,NA,NA,NA,0,0,0,0,NA,NA,NA,NA,NA
"Bernd Nielsen","b1480d2c-3955-11ef-8563-a36230ada079",NA,NA,1975,"4/7/1976","32929634-3960-11ef-bba1-2906cc9fb6bc","away","THW Kiel","GWD Minden",16,24,FALSE,0,NA,NA,0,0,0,NA,0,0,0,0,0,0,NA,NA,NA,NA,NA,NA,NA,NA,0,0,0,0,NA,NA,NA,NA,NA
"Heiner Brand","44e82d45-3955-11ef-bc71-4fa817cd91bb",NA,NA,1975,"4/10/1976","31529f46-3960-11ef-8533-2906cc9fb6bc","home","VfL Gummersbach","TuS Derschlag 1881",13,10,TRUE,2,NA,NA,0,0,0,NA,0,0,0,0,0,0,NA,NA,NA,NA,NA,NA,NA,NA,0,0,0,0,NA,NA,NA,NA,NA
"Thomas Krokowski","7160b90e-3955-11ef-819f-51fdf2a82730",NA,NA,1975,"4/10/1976","31529f46-3960-11ef-8533-2906cc9fb6bc","home","VfL Gummersbach","TuS Derschlag 1881",13,10,TRUE,0,NA,NA,0,0,0,NA,0,0,0,0,0,0,NA,NA,NA,NA,NA,NA,NA,NA,0,0,0,0,NA,NA,NA,NA,NA
"Klaus Westebbe","8c58f63a-3955-11ef-b65e-81dc40648355",NA,NA,1975,"4/10/1976","31529f46-3960-11ef-8533-2906cc9fb6bc","home","VfL Gummersbach","TuS Derschlag 1881",13,10,TRUE,0,NA,NA,0,0,0,NA,0,0,0,0,0,0,NA,NA,NA,NA,NA,NA,NA,NA,0,0,0,0,NA,NA,NA,NA,NA
"Klaus Schlagheck","97a06613-3955-11ef-8056-292be3190b7b",NA,NA,1975,"4/10/1976","31529f46-3960-11ef-8533-2906cc9fb6bc","home","VfL Gummersbach","TuS Derschlag 1881",13,10,TRUE,2,NA,NA,0,0,0,NA,0,0,0,0,0,0,NA,NA,NA,NA,NA,NA,NA,NA,0,0,0,0,NA,NA,NA,NA,NA
"Joachim Deckarm","9976945f-3955-11ef-afc4-292be3190b7b",NA,NA,1975,"4/10/1976","31529f46-3960-11ef-8533-2906cc9fb6bc","home","VfL Gummersbach","TuS Derschlag 1881",13,10,TRUE,6,NA,NA,0,0,3,NA,0,0,0,0,0,0,NA,NA,NA,NA,NA,NA,NA,NA,0,0,0,0,NA,NA,NA,NA,NA
"Jochen Feldhoff","a32751a5-3955-11ef-badf-2510cc07ea6e",NA,NA,1975,"4/10/1976","31529f46-3960-11ef-8533-2906cc9fb6bc","home","VfL Gummersbach","TuS Derschlag 1881",13,10,TRUE,3,NA,NA,0,0,0,NA,0,0,0,0,0,0,NA,NA,NA,NA,NA,NA,NA,NA,0,0,0,0,NA,NA,NA,NA,NA
"Manfred Glodde","a32e0a86-3955-11ef-9caa-2510cc07ea6e",NA,NA,1975,"4/10/1976","31529f46-3960-11ef-8533-2906cc9fb6bc","home","VfL Gummersbach","TuS Derschlag 1881",13,10,TRUE,0,NA,NA,0,0,0,NA,0,0,0,0,0,0,NA,NA,NA,NA,NA,NA,NA,NA,0,0,0,0,NA,NA,NA,NA,NA
"Joachim Henkels","a3386008-3955-11ef-810a-2510cc07ea6e",NA,NA,1975,"4/10/1976","31529f46-3960-11ef-8533-2906cc9fb6bc","home","VfL Gummersbach","TuS Derschlag 1881",13,10,TRUE,0,NA,NA,0,0,0,NA,0,0,0,0,0,0,NA,NA,NA,NA,NA,NA,NA,NA,0,0,0,0,NA,NA,NA,NA,NA
"Werner Lettgen","ae263c3c-3955-11ef-96f7-a36230ada079",NA,NA,1975,"4/10/1976","31529f46-3960-11ef-8533-2906cc9fb6bc","home","VfL Gummersbach","TuS Derschlag 1881",13,10,TRUE,0,NA,NA,0,0,0,NA,0,0,0,0,0,0,NA,NA,NA,NA,NA,NA,NA,NA,0,0,0,0,NA,NA,NA,NA,NA
"Hans-Günther Schmidt","aff5702f-3955-11ef-9878-a36230ada079",NA,NA,1975,"4/10/1976","31529f46-3960-11ef-8533-2906cc9fb6bc","home","VfL Gummersbach","TuS Derschlag 1881",13,10,TRUE,0,NA,NA,0,0,0,NA,0,0,0,0,0,0,NA,NA,NA,NA,NA,NA,NA,NA,0,0,0,0,NA,NA,NA,NA,NA
"Esad Kurtagić","39c727cf-3955-11ef-82fa-bfbfc9e17c09",NA,NA,1975,"4/10/1976","31529f46-3960-11ef-8533-2906cc9fb6bc","away","TuS Derschlag 1881","VfL Gummersbach",10,13,FALSE,2,NA,NA,0,0,0,NA,0,0,0,0,0,0,NA,NA,NA,NA,NA,NA,NA,NA,0,0,0,0,NA,NA,NA,NA,NA
"Spasoje Skerčević","50b681d8-3955-11ef-b6e8-6d38c0425bc0",NA,NA,1975,"4/10/1976","31529f46-3960-11ef-8533-2906cc9fb6bc","away","TuS Derschlag 1881","VfL Gummersbach",10,13,FALSE,0,NA,NA,0,0,0,NA,0,0,0,0,0,0,NA,NA,NA,NA,NA,NA,NA,NA,0,0,0,0,NA,NA,NA,NA,NA
"Klaus Brand","51394441-3955-11ef-8fab-6d38c0425bc0",NA,NA,1975,"4/10/1976","31529f46-3960-11ef-8533-2906cc9fb6bc","away","TuS Derschlag 1881","VfL Gummersbach",10,13,FALSE,1,NA,NA,0,0,0,NA,0,0,0,0,0,0,NA,NA,NA,NA,NA,NA,NA,NA,0,0,0,0,NA,NA,NA,NA,NA
"Ullrich Pohl","8c524587-3955-11ef-96af-81dc40648355",NA,NA,1975,"4/10/1976","31529f46-3960-11ef-8533-2906cc9fb6bc","away","TuS Derschlag 1881","VfL Gummersbach",10,13,FALSE,2,NA,NA,0,0,0,NA,0,0,0,0,0,0,NA,NA,NA,NA,NA,NA,NA,NA,0,0,0,0,NA,NA,NA,NA,NA
"Đorđe Lavrnić","9674e86d-3955-11ef-8ae9-292be3190b7b",NA,NA,1975,"4/10/1976","31529f46-3960-11ef-8533-2906cc9fb6bc","away","TuS Derschlag 1881","VfL Gummersbach",10,13,FALSE,5,NA,NA,0,0,3,NA,0,0,0,0,0,0,NA,NA,NA,NA,NA,NA,NA,NA,0,0,0,0,NA,NA,NA,NA,NA
"Peter Lindeskoog","a2a66799-3955-11ef-bd00-2510cc07ea6e",NA,NA,1975,"4/10/1976","31529f46-3960-11ef-8533-2906cc9fb6bc","away","TuS Derschlag 1881","VfL Gummersbach",10,13,FALSE,0,NA,NA,0,0,0,NA,0,0,0,0,0,0,NA,NA,NA,NA,NA,NA,NA,NA,0,0,0,0,NA,NA,NA,NA,NA
"Ulrich Ufer","a2c8cfa8-3955-11ef-8510-2510cc07ea6e",NA,NA,1975,"4/10/1976","31529f46-3960-11ef-8533-2906cc9fb6bc","away","TuS Derschlag 1881","VfL Gummersbach",10,13,FALSE,0,NA,NA,0,0,0,NA,0,0,0,0,0,0,NA,NA,NA,NA,NA,NA,NA,NA,0,0,0,0,NA,NA,NA,NA,NA
"Jürgen Ulbrich","a2cdb0b8-3955-11ef-aba3-2510cc07ea6e",NA,NA,1975,"4/10/1976","31529f46-3960-11ef-8533-2906cc9fb6bc","away","TuS Derschlag 1881","VfL Gummersbach",10,13,FALSE,0,NA,NA,0,0,0,NA,0,0,0,0,0,0,NA,NA,NA,NA,NA,NA,NA,NA,0,0,0,0,NA,NA,NA,NA,NA
"Helmut Keller","ae2fb2ba-3955-11ef-b38f-a36230ada079",NA,NA,1975,"4/10/1976","31529f46-3960-11ef-8533-2906cc9fb6bc","away","TuS Derschlag 1881","VfL Gummersbach",10,13,FALSE,0,NA,NA,0,0,0,NA,0,0,0,0,0,0,NA,NA,NA,NA,NA,NA,NA,NA,0,0,0,0,NA,NA,NA,NA,NA
"Jochen Müller","b138ee2a-3955-11ef-b9de-a36230ada079",NA,NA,1975,"4/10/1976","31529f46-3960-11ef-8533-2906cc9fb6bc","away","TuS Derschlag 1881","VfL Gummersbach",10,13,FALSE,0,NA,NA,0,0,0,NA,0,0,0,0,0,0,NA,NA,NA,NA,NA,NA,NA,NA,0,0,0,0,NA,NA,NA,NA,NA
"Hans-Dieter Schmitz","51093bea-3955-11ef-bc25-6d38c0425bc0",NA,NA,1975,"4/10/1976","34162cea-3960-11ef-b8ac-2906cc9fb6bc","home","OSC 04 Rheinhausen","Hamburger SV",17,16,TRUE,6,NA,NA,0,0,3,NA,0,0,0,0,0,0,NA,NA,NA,NA,NA,NA,NA,NA,0,0,0,0,NA,NA,NA,NA,NA
"Reinhard Heusen van der","7142d419-3955-11ef-8654-51fdf2a82730",NA,NA,1975,"4/10/1976","34162cea-3960-11ef-b8ac-2906cc9fb6bc","home","OSC 04 Rheinhausen","Hamburger SV",17,16,TRUE,3,NA,NA,0,0,0,NA,0,0,0,0,0,0,NA,NA,NA,NA,NA,NA,NA,NA,0,0,0,0,NA,NA,NA,NA,NA
"Gerd Rosendahl","7501cfa1-3955-11ef-95a2-51fdf2a82730",NA,NA,1975,"4/10/1976","34162cea-3960-11ef-b8ac-2906cc9fb6bc","home","OSC 04 Rheinhausen","Hamburger SV",17,16,TRUE,0,NA,NA,0,0,0,NA,0,0,0,0,0,0,NA,NA,NA,NA,NA,NA,NA,NA,0,0,0,0,NA,NA,NA,NA,NA
"Harry Keller","7e4b9df1-3955-11ef-80fd-b908c60af10a",NA,NA,1975,"4/10/1976","34162cea-3960-11ef-b8ac-2906cc9fb6bc","home","OSC 04 Rheinhausen","Hamburger SV",17,16,TRUE,0,NA,NA,0,0,0,NA,0,0,0,0,0,0,NA,NA,NA,NA,NA,NA,NA,NA,0,0,0,0,NA,NA,NA,NA,NA
"Uwe Laaser","8157221e-3955-11ef-a944-b908c60af10a",NA,NA,1975,"4/10/1976","34162cea-3960-11ef-b8ac-2906cc9fb6bc","home","OSC 04 Rheinhausen","Hamburger SV",17,16,TRUE,1,NA,NA,0,0,0,NA,0,0,0,0,0,0,NA,NA,NA,NA,NA,NA,NA,NA,0,0,0,0,NA,NA,NA,NA,NA
"Christoph Kolodziej","8dbac357-3955-11ef-be9b-81dc40648355",NA,NA,1975,"4/10/1976","34162cea-3960-11ef-b8ac-2906cc9fb6bc","home","OSC 04 Rheinhausen","Hamburger SV",17,16,TRUE,2,NA,NA,0,0,0,NA,0,0,0,0,0,0,NA,NA,NA,NA,NA,NA,NA,NA,0,0,0,0,NA,NA,NA,NA,NA
"Hans-Gerd Nellen","a1ba59d4-3955-11ef-b73b-2510cc07ea6e",NA,NA,1975,"4/10/1976","34162cea-3960-11ef-b8ac-2906cc9fb6bc","home","OSC 04 Rheinhausen","Hamburger SV",17,16,TRUE,0,NA,NA,0,0,0,NA,0,0,0,0,0,0,NA,NA,NA,NA,NA,NA,NA,NA,0,0,0,0,NA,NA,NA,NA,NA
"Hans-Peter Halfmann","a1cf8d63-3955-11ef-b90c-2510cc07ea6e",NA,NA,1975,"4/10/1976","34162cea-3960-11ef-b8ac-2906cc9fb6bc","home","OSC 04 Rheinhausen","Hamburger SV",17,16,TRUE,0,NA,NA,0,0,0,NA,0,0,0,0,0,0,NA,NA,NA,NA,NA,NA,NA,NA,0,0,0,0,NA,NA,NA,NA,NA
"Norbert Meister","a610e086-3955-11ef-bf85-2510cc07ea6e",NA,NA,1975,"4/10/1976","34162cea-3960-11ef-b8ac-2906cc9fb6bc","home","OSC 04 Rheinhausen","Hamburger SV",17,16,TRUE,0,NA,NA,0,0,0,NA,0,0,0,0,0,0,NA,NA,NA,NA,NA,NA,NA,NA,0,0,0,0,NA,NA,NA,NA,NA
"Burkhard Nagel","a6312ffa-3955-11ef-9438-2510cc07ea6e",NA,NA,1975,"4/10/1976","34162cea-3960-11ef-b8ac-2906cc9fb6bc","home","OSC 04 Rheinhausen","Hamburger SV",17,16,TRUE,5,NA,NA,0,0,0,NA,0,0,0,0,0,0,NA,NA,NA,NA,NA,NA,NA,NA,0,0,0,0,NA,NA,NA,NA,NA
"Peter Pickel","8c973b42-3955-11ef-8c71-81dc40648355",NA,NA,1975,"4/10/1976","34162cea-3960-11ef-b8ac-2906cc9fb6bc","away","Hamburger SV","OSC 04 Rheinhausen",16,17,FALSE,5,NA,NA,0,0,2,NA,0,0,0,0,0,0,NA,NA,NA,NA,NA,NA,NA,NA,0,0,0,0,NA,NA,NA,NA,NA
"Frank Lorenz","a32036d1-3955-11ef-bfe5-2510cc07ea6e",NA,NA,1975,"4/10/1976","34162cea-3960-11ef-b8ac-2906cc9fb6bc","away","Hamburger SV","OSC 04 Rheinhausen",16,17,FALSE,0,NA,NA,0,0,0,NA,0,0,0,0,0,0,NA,NA,NA,NA,NA,NA,NA,NA,0,0,0,0,NA,NA,NA,NA,NA
"Einar Magnusson","a3805088-3955-11ef-bfa9-2510cc07ea6e",NA,NA,1975,"4/10/1976","34162cea-3960-11ef-b8ac-2906cc9fb6bc","away","Hamburger SV","OSC 04 Rheinhausen",16,17,FALSE,5,NA,NA,0,0,1,NA,0,0,0,0,0,0,NA,NA,NA,NA,NA,NA,NA,NA,0,0,0,0,NA,NA,NA,NA,NA
"Hans-Jürgen Bode","b011e6da-3955-11ef-8205-a36230ada079",NA,NA,1975,"4/10/1976","34162cea-3960-11ef-b8ac-2906cc9fb6bc","away","Hamburger SV","OSC 04 Rheinhausen",16,17,FALSE,0,NA,NA,0,0,0,NA,0,0,0,0,0,0,NA,NA,NA,NA,NA,NA,NA,NA,0,0,0,0,NA,NA,NA,NA,NA
"Herbert Niemeier","b0163f16-3955-11ef-ae9e-a36230ada079",NA,NA,1975,"4/10/1976","34162cea-3960-11ef-b8ac-2906cc9fb6bc","away","Hamburger SV","OSC 04 Rheinhausen",16,17,FALSE,0,NA,NA,0,0,0,NA,0,0,0,0,0,0,NA,NA,NA,NA,NA,NA,NA,NA,0,0,0,0,NA,NA,NA,NA,NA
"Klaus Porepp","b0396b18-3955-11ef-b5cf-a36230ada079",NA,NA,1975,"4/10/1976","34162cea-3960-11ef-b8ac-2906cc9fb6bc","away","Hamburger SV","OSC 04 Rheinhausen",16,17,FALSE,4,NA,NA,0,0,0,NA,0,0,0,0,0,0,NA,NA,NA,NA,NA,NA,NA,NA,0,0,0,0,NA,NA,NA,NA,NA
"Bernd Eppler","b0442222-3955-11ef-841b-a36230ada079",NA,NA,1975,"4/10/1976","34162cea-3960-11ef-b8ac-2906cc9fb6bc","away","Hamburger SV","OSC 04 Rheinhausen",16,17,FALSE,0,NA,NA,0,0,0,NA,0,0,0,0,0,0,NA,NA,NA,NA,NA,NA,NA,NA,0,0,0,0,NA,NA,NA,NA,NA
"Uwe Tesloff","b049ae56-3955-11ef-a5f7-a36230ada079",NA,NA,1975,"4/10/1976","34162cea-3960-11ef-b8ac-2906cc9fb6bc","away","Hamburger SV","OSC 04 Rheinhausen",16,17,FALSE,1,NA,NA,0,0,0,NA,0,0,0,0,0,0,NA,NA,NA,NA,NA,NA,NA,NA,0,0,0,0,NA,NA,NA,NA,NA
"Michael Surmann","b04e41f0-3955-11ef-8320-a36230ada079",NA,NA,1975,"4/10/1976","34162cea-3960-11ef-b8ac-2906cc9fb6bc","away","Hamburger SV","OSC 04 Rheinhausen",16,17,FALSE,1,NA,NA,0,0,0,NA,0,0,0,0,0,0,NA,NA,NA,NA,NA,NA,NA,NA,0,0,0,0,NA,NA,NA,NA,NA
"Hans-Peter Decker","b052d2b1-3955-11ef-a80b-a36230ada079",NA,NA,1975,"4/10/1976","34162cea-3960-11ef-b8ac-2906cc9fb6bc","away","Hamburger SV","OSC 04 Rheinhausen",16,17,FALSE,0,NA,NA,0,0,0,NA,0,0,0,0,0,0,NA,NA,NA,NA,NA,NA,NA,NA,0,0,0,0,NA,NA,NA,NA,NA
"Dieter Bartke","4fa6f4fc-3955-11ef-9f16-6d38c0425bc0",NA,NA,1975,"4/10/1976","3531bd4b-3960-11ef-8986-2906cc9fb6bc","home","SC Phönix Essen 1920","TuS 05 Wellinghofen",14,21,FALSE,0,NA,NA,0,0,0,NA,0,0,0,0,0,0,NA,NA,NA,NA,NA,NA,NA,NA,0,0,0,0,NA,NA,NA,NA,NA
"Burkhard Windorf","8b6a317b-3955-11ef-84ca-81dc40648355",NA,NA,1975,"4/10/1976","3531bd4b-3960-11ef-8986-2906cc9fb6bc","home","SC Phönix Essen 1920","TuS 05 Wellinghofen",14,21,FALSE,1,NA,NA,0,0,0,NA,0,0,0,0,0,0,NA,NA,NA,NA,NA,NA,NA,NA,0,0,0,0,NA,NA,NA,NA,NA
"Peter Kleibrink","a1d4c58c-3955-11ef-9cce-2510cc07ea6e",NA,NA,1975,"4/10/1976","3531bd4b-3960-11ef-8986-2906cc9fb6bc","home","SC Phönix Essen 1920","TuS 05 Wellinghofen",14,21,FALSE,2,NA,NA,0,0,0,NA,0,0,0,0,0,0,NA,NA,NA,NA,NA,NA,NA,NA,0,0,0,0,NA,NA,NA,NA,NA
"Peter Bützer","a4cb5a85-3955-11ef-989d-2510cc07ea6e",NA,NA,1975,"4/10/1976","3531bd4b-3960-11ef-8986-2906cc9fb6bc","home","SC Phönix Essen 1920","TuS 05 Wellinghofen",14,21,FALSE,4,NA,NA,0,0,0,NA,0,0,0,0,0,0,NA,NA,NA,NA,NA,NA,NA,NA,0,0,0,0,NA,NA,NA,NA,NA
"Carsten Matuszak","a59daa13-3955-11ef-9206-2510cc07ea6e",NA,NA,1975,"4/10/1976","3531bd4b-3960-11ef-8986-2906cc9fb6bc","home","SC Phönix Essen 1920","TuS 05 Wellinghofen",14,21,FALSE,0,NA,NA,0,0,0,NA,0,0,0,0,0,0,NA,NA,NA,NA,NA,NA,NA,NA,0,0,0,0,NA,NA,NA,NA,NA
"Wilhelm Heidkamp","a5a2ef02-3955-11ef-9852-2510cc07ea6e",NA,NA,1975,"4/10/1976","3531bd4b-3960-11ef-8986-2906cc9fb6bc","home","SC Phönix Essen 1920","TuS 05 Wellinghofen",14,21,FALSE,2,NA,NA,0,0,0,NA,0,0,0,0,0,0,NA,NA,NA,NA,NA,NA,NA,NA,0,0,0,0,NA,NA,NA,NA,NA
"Heinz Oberscheidt","a5ae94f2-3955-11ef-91fc-2510cc07ea6e",NA,NA,1975,"4/10/1976","3531bd4b-3960-11ef-8986-2906cc9fb6bc","home","SC Phönix Essen 1920","TuS 05 Wellinghofen",14,21,FALSE,0,NA,NA,0,0,0,NA,0,0,0,0,0,0,NA,NA,NA,NA,NA,NA,NA,NA,0,0,0,0,NA,NA,NA,NA,NA
"Ingo Callies","b0b0659b-3955-11ef-87aa-a36230ada079",NA,NA,1975,"4/10/1976","3531bd4b-3960-11ef-8986-2906cc9fb6bc","home","SC Phönix Essen 1920","TuS 05 Wellinghofen",14,21,FALSE,5,NA,NA,0,0,4,NA,0,0,0,0,0,0,NA,NA,NA,NA,NA,NA,NA,NA,0,0,0,0,NA,NA,NA,NA,NA
"Peter Forker","b0b50ef2-3955-11ef-964f-a36230ada079",NA,NA,1975,"4/10/1976","3531bd4b-3960-11ef-8986-2906cc9fb6bc","home","SC Phönix Essen 1920","TuS 05 Wellinghofen",14,21,FALSE,0,NA,NA,0,0,0,NA,0,0,0,0,0,0,NA,NA,NA,NA,NA,NA,NA,NA,0,0,0,0,NA,NA,NA,NA,NA
"Emil Hauke","b0ba65f4-3955-11ef-9726-a36230ada079",NA,NA,1975,"4/10/1976","3531bd4b-3960-11ef-8986-2906cc9fb6bc","home","SC Phönix Essen 1920","TuS 05 Wellinghofen",14,21,FALSE,0,NA,NA,0,0,0,NA,0,0,0,0,0,0,NA,NA,NA,NA,NA,NA,NA,NA,0,0,0,0,NA,NA,NA,NA,NA
"Rüdiger Hillebrand","b0c11a9c-3955-11ef-bf0d-a36230ada079",NA,NA,1975,"4/10/1976","3531bd4b-3960-11ef-8986-2906cc9fb6bc","home","SC Phönix Essen 1920","TuS 05 Wellinghofen",14,21,FALSE,0,NA,NA,0,0,0,NA,0,0,0,0,0,0,NA,NA,NA,NA,NA,NA,NA,NA,0,0,0,0,NA,NA,NA,NA,NA
"Rudolf Rauer","6829713f-3955-11ef-9d88-292be3190b7b",NA,NA,1975,"4/10/1976","3531bd4b-3960-11ef-8986-2906cc9fb6bc","away","TuS 05 Wellinghofen","SC Phönix Essen 1920",21,14,TRUE,0,NA,NA,0,0,0,NA,0,0,0,0,0,0,NA,NA,NA,NA,NA,NA,NA,NA,0,0,0,0,NA,NA,NA,NA,NA
"Karl-Heinz Schulz","72847241-3955-11ef-8bd4-51fdf2a82730",NA,NA,1975,"4/10/1976","3531bd4b-3960-11ef-8986-2906cc9fb6bc","away","TuS 05 Wellinghofen","SC Phönix Essen 1920",21,14,TRUE,1,NA,NA,0,0,0,NA,0,0,0,0,0,0,NA,NA,NA,NA,NA,NA,NA,NA,0,0,0,0,NA,NA,NA,NA,NA
"Hans-Peter Neuhaus","8d9d3887-3955-11ef-80a3-81dc40648355",NA,NA,1975,"4/10/1976","3531bd4b-3960-11ef-8986-2906cc9fb6bc","away","TuS 05 Wellinghofen","SC Phönix Essen 1920",21,14,TRUE,2,NA,NA,0,0,1,NA,0,0,0,0,0,0,NA,NA,NA,NA,NA,NA,NA,NA,0,0,0,0,NA,NA,NA,NA,NA
"Klaus Erwe","a4f54a19-3955-11ef-b48a-2510cc07ea6e",NA,NA,1975,"4/10/1976","3531bd4b-3960-11ef-8986-2906cc9fb6bc","away","TuS 05 Wellinghofen","SC Phönix Essen 1920",21,14,TRUE,1,NA,NA,0,0,0,NA,0,0,0,0,0,0,NA,NA,NA,NA,NA,NA,NA,NA,0,0,0,0,NA,NA,NA,NA,NA
"Frank Haardt","a4fb1cad-3955-11ef-bd99-2510cc07ea6e",NA,NA,1975,"4/10/1976","3531bd4b-3960-11ef-8986-2906cc9fb6bc","away","TuS 05 Wellinghofen","SC Phönix Essen 1920",21,14,TRUE,0,NA,NA,0,0,0,NA,0,0,0,0,0,0,NA,NA,NA,NA,NA,NA,NA,NA,0,0,0,0,NA,NA,NA,NA,NA
"Wilfried Rettig","a517a588-3955-11ef-a8d7-2510cc07ea6e",NA,NA,1975,"4/10/1976","3531bd4b-3960-11ef-8986-2906cc9fb6bc","away","TuS 05 Wellinghofen","SC Phönix Essen 1920",21,14,TRUE,7,NA,NA,0,0,2,NA,0,0,0,0,0,0,NA,NA,NA,NA,NA,NA,NA,NA,0,0,0,0,NA,NA,NA,NA,NA
"Winfried Gabel","a521dedb-3955-11ef-a3bd-2510cc07ea6e",NA,NA,1975,"4/10/1976","3531bd4b-3960-11ef-8986-2906cc9fb6bc","away","TuS 05 Wellinghofen","SC Phönix Essen 1920",21,14,TRUE,2,NA,NA,0,0,0,NA,0,0,0,0,0,0,NA,NA,NA,NA,NA,NA,NA,NA,0,0,0,0,NA,NA,NA,NA,NA
"Klaus Happe","a527494a-3955-11ef-a4fa-2510cc07ea6e",NA,NA,1975,"4/10/1976","3531bd4b-3960-11ef-8986-2906cc9fb6bc","away","TuS 05 Wellinghofen","SC Phönix Essen 1920",21,14,TRUE,1,NA,NA,0,0,0,NA,0,0,0,0,0,0,NA,NA,NA,NA,NA,NA,NA,NA,0,0,0,0,NA,NA,NA,NA,NA
"Burkhard Gröning","a52c6e4f-3955-11ef-a576-2510cc07ea6e",NA,NA,1975,"4/10/1976","3531bd4b-3960-11ef-8986-2906cc9fb6bc","away","TuS 05 Wellinghofen","SC Phönix Essen 1920",21,14,TRUE,2,NA,NA,0,0,0,NA,0,0,0,0,0,0,NA,NA,NA,NA,NA,NA,NA,NA,0,0,0,0,NA,NA,NA,NA,NA
"Ulrich Staege","b05c5beb-3955-11ef-a7d6-a36230ada079",NA,NA,1975,"4/10/1976","3531bd4b-3960-11ef-8986-2906cc9fb6bc","away","TuS 05 Wellinghofen","SC Phönix Essen 1920",21,14,TRUE,0,NA,NA,0,0,0,NA,0,0,0,0,0,0,NA,NA,NA,NA,NA,NA,NA,NA,0,0,0,0,NA,NA,NA,NA,NA
"Herbert Rogge","b06614d7-3955-11ef-a43b-a36230ada079",NA,NA,1975,"4/10/1976","3531bd4b-3960-11ef-8986-2906cc9fb6bc","away","TuS 05 Wellinghofen","SC Phönix Essen 1920",21,14,TRUE,5,NA,NA,0,0,0,NA,0,0,0,0,0,0,NA,NA,NA,NA,NA,NA,NA,NA,0,0,0,0,NA,NA,NA,NA,NA
"Klaus-Peter Alwardt","800d39da-3955-11ef-bf47-b908c60af10a",NA,NA,1975,"4/10/1976","35e52bab-3960-11ef-ae73-2906cc9fb6bc","home","VfL Lübeck-Schwartau","TSV Altenholz",22,12,TRUE,2,NA,NA,0,0,0,NA,0,0,0,0,0,0,NA,NA,NA,NA,NA,NA,NA,NA,0,0,0,0,NA,NA,NA,NA,NA
"Michael Dogs","b0cecb4a-3955-11ef-b665-a36230ada079",NA,NA,1975,"4/10/1976","35e52bab-3960-11ef-ae73-2906cc9fb6bc","home","VfL Lübeck-Schwartau","TSV Altenholz",22,12,TRUE,0,NA,NA,0,0,0,NA,0,0,0,0,0,0,NA,NA,NA,NA,NA,NA,NA,NA,0,0,0,0,NA,NA,NA,NA,NA
"Joachim Römer","b0dcb8e7-3955-11ef-83ab-a36230ada079",NA,NA,1975,"4/10/1976","35e52bab-3960-11ef-ae73-2906cc9fb6bc","home","VfL Lübeck-Schwartau","TSV Altenholz",22,12,TRUE,1,NA,NA,0,0,1,NA,0,0,0,0,0,0,NA,NA,NA,NA,NA,NA,NA,NA,0,0,0,0,NA,NA,NA,NA,NA
"Ulrich Diener","b0e514eb-3955-11ef-b430-a36230ada079",NA,NA,1975,"4/10/1976","35e52bab-3960-11ef-ae73-2906cc9fb6bc","home","VfL Lübeck-Schwartau","TSV Altenholz",22,12,TRUE,1,NA,NA,0,0,0,NA,0,0,0,0,0,0,NA,NA,NA,NA,NA,NA,NA,NA,0,0,0,0,NA,NA,NA,NA,NA
"Peter Görtz","b0e9ae8f-3955-11ef-aa48-a36230ada079",NA,NA,1975,"4/10/1976","35e52bab-3960-11ef-ae73-2906cc9fb6bc","home","VfL Lübeck-Schwartau","TSV Altenholz",22,12,TRUE,6,NA,NA,0,0,0,NA,0,0,0,0,0,0,NA,NA,NA,NA,NA,NA,NA,NA,0,0,0,0,NA,NA,NA,NA,NA
"Ulrich Kleinstoll","b0f37438-3955-11ef-84e6-a36230ada079",NA,NA,1975,"4/10/1976","35e52bab-3960-11ef-ae73-2906cc9fb6bc","home","VfL Lübeck-Schwartau","TSV Altenholz",22,12,TRUE,2,NA,NA,0,0,0,NA,0,0,0,0,0,0,NA,NA,NA,NA,NA,NA,NA,NA,0,0,0,0,NA,NA,NA,NA,NA
"Thomas Kluth","b0f877c0-3955-11ef-a314-a36230ada079",NA,NA,1975,"4/10/1976","35e52bab-3960-11ef-ae73-2906cc9fb6bc","home","VfL Lübeck-Schwartau","TSV Altenholz",22,12,TRUE,4,NA,NA,0,0,0,NA,0,0,0,0,0,0,NA,NA,NA,NA,NA,NA,NA,NA,0,0,0,0,NA,NA,NA,NA,NA
"Holger Rosenfeldt","b0fd53e2-3955-11ef-9f9a-a36230ada079",NA,NA,1975,"4/10/1976","35e52bab-3960-11ef-ae73-2906cc9fb6bc","home","VfL Lübeck-Schwartau","TSV Altenholz",22,12,TRUE,2,NA,NA,0,0,0,NA,0,0,0,0,0,0,NA,NA,NA,NA,NA,NA,NA,NA,0,0,0,0,NA,NA,NA,NA,NA
"Karl Weiß","b106c2d8-3955-11ef-9358-a36230ada079",NA,NA,1975,"4/10/1976","35e52bab-3960-11ef-ae73-2906cc9fb6bc","home","VfL Lübeck-Schwartau","TSV Altenholz",22,12,TRUE,1,NA,NA,0,0,0,NA,0,0,0,0,0,0,NA,NA,NA,NA,NA,NA,NA,NA,0,0,0,0,NA,NA,NA,NA,NA
"Siegfried Berg","b10d3ec3-3955-11ef-8a30-a36230ada079",NA,NA,1975,"4/10/1976","35e52bab-3960-11ef-ae73-2906cc9fb6bc","home","VfL Lübeck-Schwartau","TSV Altenholz",22,12,TRUE,3,NA,NA,0,0,0,NA,0,0,0,0,0,0,NA,NA,NA,NA,NA,NA,NA,NA,0,0,0,0,NA,NA,NA,NA,NA
"Olaf Berner","a4006ca4-3955-11ef-a034-2510cc07ea6e",NA,NA,1975,"4/10/1976","35e52bab-3960-11ef-ae73-2906cc9fb6bc","away","TSV Altenholz","VfL Lübeck-Schwartau",12,22,FALSE,4,NA,NA,0,0,0,NA,0,0,0,0,0,0,NA,NA,NA,NA,NA,NA,NA,NA,0,0,0,0,NA,NA,NA,NA,NA
"Peter Linke","b06a455b-3955-11ef-a47d-a36230ada079",NA,NA,1975,"4/10/1976","35e52bab-3960-11ef-ae73-2906cc9fb6bc","away","TSV Altenholz","VfL Lübeck-Schwartau",12,22,FALSE,0,NA,NA,0,0,0,NA,0,0,0,0,0,0,NA,NA,NA,NA,NA,NA,NA,NA,0,0,0,0,NA,NA,NA,NA,NA
"Peter Kurth","b06eb57c-3955-11ef-b9af-a36230ada079",NA,NA,1975,"4/10/1976","35e52bab-3960-11ef-ae73-2906cc9fb6bc","away","TSV Altenholz","VfL Lübeck-Schwartau",12,22,FALSE,0,NA,NA,0,0,0,NA,0,0,0,0,0,0,NA,NA,NA,NA,NA,NA,NA,NA,0,0,0,0,NA,NA,NA,NA,NA
"Peter Prehn","b073ee0a-3955-11ef-8404-a36230ada079",NA,NA,1975,"4/10/1976","35e52bab-3960-11ef-ae73-2906cc9fb6bc","away","TSV Altenholz","VfL Lübeck-Schwartau",12,22,FALSE,0,NA,NA,0,0,0,NA,0,0,0,0,0,0,NA,NA,NA,NA,NA,NA,NA,NA,0,0,0,0,NA,NA,NA,NA,NA
"Hardmuth Groß","b07c9918-3955-11ef-a7b9-a36230ada079",NA,NA,1975,"4/10/1976","35e52bab-3960-11ef-ae73-2906cc9fb6bc","away","TSV Altenholz","VfL Lübeck-Schwartau",12,22,FALSE,0,NA,NA,0,0,0,NA,0,0,0,0,0,0,NA,NA,NA,NA,NA,NA,NA,NA,0,0,0,0,NA,NA,NA,NA,NA
"Peter Bortel","b085b129-3955-11ef-b6a0-a36230ada079",NA,NA,1975,"4/10/1976","35e52bab-3960-11ef-ae73-2906cc9fb6bc","away","TSV Altenholz","VfL Lübeck-Schwartau",12,22,FALSE,0,NA,NA,0,0,0,NA,0,0,0,0,0,0,NA,NA,NA,NA,NA,NA,NA,NA,0,0,0,0,NA,NA,NA,NA,NA
"Jörgen Danielsen","b08a7dec-3955-11ef-acb4-a36230ada079",NA,NA,1975,"4/10/1976","35e52bab-3960-11ef-ae73-2906cc9fb6bc","away","TSV Altenholz","VfL Lübeck-Schwartau",12,22,FALSE,2,NA,NA,0,0,0,NA,0,0,0,0,0,0,NA,NA,NA,NA,NA,NA,NA,NA,0,0,0,0,NA,NA,NA,NA,NA
"Klaus-Dieter Heiden","b09837ed-3955-11ef-99d8-a36230ada079",NA,NA,1975,"4/10/1976","35e52bab-3960-11ef-ae73-2906cc9fb6bc","away","TSV Altenholz","VfL Lübeck-Schwartau",12,22,FALSE,2,NA,NA,0,0,0,NA,0,0,0,0,0,0,NA,NA,NA,NA,NA,NA,NA,NA,0,0,0,0,NA,NA,NA,NA,NA
"Klaus-Peter Römer","b09cfa69-3955-11ef-b8eb-a36230ada079",NA,NA,1975,"4/10/1976","35e52bab-3960-11ef-ae73-2906cc9fb6bc","away","TSV Altenholz","VfL Lübeck-Schwartau",12,22,FALSE,2,NA,NA,0,0,1,NA,0,0,0,0,0,0,NA,NA,NA,NA,NA,NA,NA,NA,0,0,0,0,NA,NA,NA,NA,NA
"Manfred Schulz","b0a21333-3955-11ef-a679-a36230ada079",NA,NA,1975,"4/10/1976","35e52bab-3960-11ef-ae73-2906cc9fb6bc","away","TSV Altenholz","VfL Lübeck-Schwartau",12,22,FALSE,2,NA,NA,0,0,0,NA,0,0,0,0,0,0,NA,NA,NA,NA,NA,NA,NA,NA,0,0,0,0,NA,NA,NA,NA,NA
"Walter Don","73f54ad3-3955-11ef-b2c6-51fdf2a82730",NA,NA,1975,"4/10/1976","3e8102e2-3960-11ef-87ff-2906cc9fb6bc","home","TV 05/07 Hüttenberg","TSV Milbertshofen",25,19,TRUE,5,NA,NA,0,0,4,NA,0,0,0,0,0,0,NA,NA,NA,NA,NA,NA,NA,NA,0,0,0,0,NA,NA,NA,NA,NA
"Harald Ohly","8048d89d-3955-11ef-a214-b908c60af10a",NA,NA,1975,"4/10/1976","3e8102e2-3960-11ef-87ff-2906cc9fb6bc","home","TV 05/07 Hüttenberg","TSV Milbertshofen",25,19,TRUE,4,NA,NA,0,0,0,NA,0,0,0,0,0,0,NA,NA,NA,NA,NA,NA,NA,NA,0,0,0,0,NA,NA,NA,NA,NA
"Hans-Jürgen Völpel","80753eec-3955-11ef-bd2e-b908c60af10a",NA,NA,1975,"4/10/1976","3e8102e2-3960-11ef-87ff-2906cc9fb6bc","home","TV 05/07 Hüttenberg","TSV Milbertshofen",25,19,TRUE,1,NA,NA,0,0,0,NA,0,0,0,0,0,0,NA,NA,NA,NA,NA,NA,NA,NA,0,0,0,0,NA,NA,NA,NA,NA
"Siegfried Weber","807d098c-3955-11ef-8827-b908c60af10a",NA,NA,1975,"4/10/1976","3e8102e2-3960-11ef-87ff-2906cc9fb6bc","home","TV 05/07 Hüttenberg","TSV Milbertshofen",25,19,TRUE,4,NA,NA,0,0,0,NA,0,0,0,0,0,0,NA,NA,NA,NA,NA,NA,NA,NA,0,0,0,0,NA,NA,NA,NA,NA
"Horst Spengler","80adf446-3955-11ef-a1e6-b908c60af10a",NA,NA,1975,"4/10/1976","3e8102e2-3960-11ef-87ff-2906cc9fb6bc","home","TV 05/07 Hüttenberg","TSV Milbertshofen",25,19,TRUE,6,NA,NA,0,0,0,NA,0,0,0,0,0,0,NA,NA,NA,NA,NA,NA,NA,NA,0,0,0,0,NA,NA,NA,NA,NA
"Klaus Meineke","8d0eefb2-3955-11ef-a068-81dc40648355",NA,NA,1975,"4/10/1976","3e8102e2-3960-11ef-87ff-2906cc9fb6bc","home","TV 05/07 Hüttenberg","TSV Milbertshofen",25,19,TRUE,2,NA,NA,0,0,0,NA,0,0,0,0,0,0,NA,NA,NA,NA,NA,NA,NA,NA,0,0,0,0,NA,NA,NA,NA,NA
"Roland Stoy","96890f7d-3955-11ef-939e-292be3190b7b",NA,NA,1975,"4/10/1976","3e8102e2-3960-11ef-87ff-2906cc9fb6bc","home","TV 05/07 Hüttenberg","TSV Milbertshofen",25,19,TRUE,0,NA,NA,0,0,0,NA,0,0,0,0,0,0,NA,NA,NA,NA,NA,NA,NA,NA,0,0,0,0,NA,NA,NA,NA,NA
"Stefan Schicketanz","a3d099d4-3955-11ef-90b6-2510cc07ea6e",NA,NA,1975,"4/10/1976","3e8102e2-3960-11ef-87ff-2906cc9fb6bc","home","TV 05/07 Hüttenberg","TSV Milbertshofen",25,19,TRUE,1,NA,NA,0,0,0,NA,0,0,0,0,0,0,NA,NA,NA,NA,NA,NA,NA,NA,0,0,0,0,NA,NA,NA,NA,NA
"Hans-Willi Weber","a3f62960-3955-11ef-a9a1-2510cc07ea6e",NA,NA,1975,"4/10/1976","3e8102e2-3960-11ef-87ff-2906cc9fb6bc","home","TV 05/07 Hüttenberg","TSV Milbertshofen",25,19,TRUE,0,NA,NA,0,0,0,NA,0,0,0,0,0,0,NA,NA,NA,NA,NA,NA,NA,NA,0,0,0,0,NA,NA,NA,NA,NA
"Udo Uebbing","ae4823ea-3955-11ef-93ce-a36230ada079",NA,NA,1975,"4/10/1976","3e8102e2-3960-11ef-87ff-2906cc9fb6bc","home","TV 05/07 Hüttenberg","TSV Milbertshofen",25,19,TRUE,0,NA,NA,0,0,0,NA,0,0,0,0,0,0,NA,NA,NA,NA,NA,NA,NA,NA,0,0,0,0,NA,NA,NA,NA,NA
"Reinhold Wiener","b152eab6-3955-11ef-82b5-a36230ada079",NA,NA,1975,"4/10/1976","3e8102e2-3960-11ef-87ff-2906cc9fb6bc","home","TV 05/07 Hüttenberg","TSV Milbertshofen",25,19,TRUE,2,NA,NA,0,0,0,NA,0,0,0,0,0,0,NA,NA,NA,NA,NA,NA,NA,NA,0,0,0,0,NA,NA,NA,NA,NA
"Willibald Weiß","74414175-3955-11ef-89d0-51fdf2a82730",NA,NA,1975,"4/10/1976","3e8102e2-3960-11ef-87ff-2906cc9fb6bc","away","TSV Milbertshofen","TV 05/07 Hüttenberg",19,25,FALSE,3,NA,NA,0,0,0,NA,0,0,0,0,0,0,NA,NA,NA,NA,NA,NA,NA,NA,0,0,0,0,NA,NA,NA,NA,NA
"Richard Mayr","751d6672-3955-11ef-a322-51fdf2a82730",NA,NA,1975,"4/10/1976","3e8102e2-3960-11ef-87ff-2906cc9fb6bc","away","TSV Milbertshofen","TV 05/07 Hüttenberg",19,25,FALSE,1,NA,NA,0,0,0,NA,0,0,0,0,0,0,NA,NA,NA,NA,NA,NA,NA,NA,0,0,0,0,NA,NA,NA,NA,NA
"Rainer Olbert","80d00b6a-3955-11ef-ab11-b908c60af10a",NA,NA,1975,"4/10/1976","3e8102e2-3960-11ef-87ff-2906cc9fb6bc","away","TSV Milbertshofen","TV 05/07 Hüttenberg",19,25,FALSE,0,NA,NA,0,0,0,NA,0,0,0,0,0,0,NA,NA,NA,NA,NA,NA,NA,NA,0,0,0,0,NA,NA,NA,NA,NA
"Udo Böbel","80d4ba37-3955-11ef-9d8b-b908c60af10a",NA,NA,1975,"4/10/1976","3e8102e2-3960-11ef-87ff-2906cc9fb6bc","away","TSV Milbertshofen","TV 05/07 Hüttenberg",19,25,FALSE,8,NA,NA,0,0,5,NA,0,0,0,0,0,0,NA,NA,NA,NA,NA,NA,NA,NA,0,0,0,0,NA,NA,NA,NA,NA
"Peter Jaschke","8b728782-3955-11ef-8da6-81dc40648355",NA,NA,1975,"4/10/1976","3e8102e2-3960-11ef-87ff-2906cc9fb6bc","away","TSV Milbertshofen","TV 05/07 Hüttenberg",19,25,FALSE,0,NA,NA,0,0,0,NA,0,0,0,0,0,0,NA,NA,NA,NA,NA,NA,NA,NA,0,0,0,0,NA,NA,NA,NA,NA
"Lothar Weingärtner","8dbf003c-3955-11ef-879b-81dc40648355",NA,NA,1975,"4/10/1976","3e8102e2-3960-11ef-87ff-2906cc9fb6bc","away","TSV Milbertshofen","TV 05/07 Hüttenberg",19,25,FALSE,4,NA,NA,0,0,0,NA,0,0,0,0,0,0,NA,NA,NA,NA,NA,NA,NA,NA,0,0,0,0,NA,NA,NA,NA,NA
"Werner Winkelmeier","9712104e-3955-11ef-9613-292be3190b7b",NA,NA,1975,"4/10/1976","3e8102e2-3960-11ef-87ff-2906cc9fb6bc","away","TSV Milbertshofen","TV 05/07 Hüttenberg",19,25,FALSE,1,NA,NA,0,0,0,NA,0,0,0,0,0,0,NA,NA,NA,NA,NA,NA,NA,NA,0,0,0,0,NA,NA,NA,NA,NA
"Gerhard Ochsenkühn","97259ed1-3955-11ef-96ca-292be3190b7b",NA,NA,1975,"4/10/1976","3e8102e2-3960-11ef-87ff-2906cc9fb6bc","away","TSV Milbertshofen","TV 05/07 Hüttenberg",19,25,FALSE,0,NA,NA,0,0,0,NA,0,0,0,0,0,0,NA,NA,NA,NA,NA,NA,NA,NA,0,0,0,0,NA,NA,NA,NA,NA
"Rudolf Dobler","97ac407c-3955-11ef-9ea9-292be3190b7b",NA,NA,1975,"4/10/1976","3e8102e2-3960-11ef-87ff-2906cc9fb6bc","away","TSV Milbertshofen","TV 05/07 Hüttenberg",19,25,FALSE,1,NA,NA,0,0,0,NA,0,0,0,0,0,0,NA,NA,NA,NA,NA,NA,NA,NA,0,0,0,0,NA,NA,NA,NA,NA
"Jochen Heyne","b1c06894-3955-11ef-ab50-a36230ada079",NA,NA,1975,"4/10/1976","3e8102e2-3960-11ef-87ff-2906cc9fb6bc","away","TSV Milbertshofen","TV 05/07 Hüttenberg",19,25,FALSE,0,NA,NA,0,0,0,NA,0,0,0,0,0,0,NA,NA,NA,NA,NA,NA,NA,NA,0,0,0,0,NA,NA,NA,NA,NA
"Helmut Schelchshorn","b1c960ef-3955-11ef-850b-a36230ada079",NA,NA,1975,"4/10/1976","3e8102e2-3960-11ef-87ff-2906cc9fb6bc","away","TSV Milbertshofen","TV 05/07 Hüttenberg",19,25,FALSE,1,NA,NA,0,0,0,NA,0,0,0,0,0,0,NA,NA,NA,NA,NA,NA,NA,NA,0,0,0,0,NA,NA,NA,NA,NA
"Arnulf Dümmel","81093055-3955-11ef-9deb-b908c60af10a",NA,NA,1975,"4/10/1976","3f95e3d2-3960-11ef-b1f6-2906cc9fb6bc","home","FRISCH AUF! Göppingen","S3L Handball",19,19,FALSE,2,NA,NA,0,0,0,NA,0,0,0,0,0,0,NA,NA,NA,NA,NA,NA,NA,NA,0,0,0,0,NA,NA,NA,NA,NA
"Eberhard Seidel","8af5d5c9-3955-11ef-a0b7-81dc40648355",NA,NA,1975,"4/10/1976","3f95e3d2-3960-11ef-b1f6-2906cc9fb6bc","home","FRISCH AUF! Göppingen","S3L Handball",19,19,FALSE,0,NA,NA,0,0,0,NA,0,0,0,0,0,0,NA,NA,NA,NA,NA,NA,NA,NA,0,0,0,0,NA,NA,NA,NA,NA
"Armin Emrich","8cdd3680-3955-11ef-a93e-81dc40648355",NA,NA,1975,"4/10/1976","3f95e3d2-3960-11ef-b1f6-2906cc9fb6bc","home","FRISCH AUF! Göppingen","S3L Handball",19,19,FALSE,8,NA,NA,0,0,0,NA,0,0,0,0,0,0,NA,NA,NA,NA,NA,NA,NA,NA,0,0,0,0,NA,NA,NA,NA,NA
"Hartmut Bressmer","97fa9b74-3955-11ef-ba4c-292be3190b7b",NA,NA,1975,"4/10/1976","3f95e3d2-3960-11ef-b1f6-2906cc9fb6bc","home","FRISCH AUF! Göppingen","S3L Handball",19,19,FALSE,3,NA,NA,0,0,0,NA,0,0,0,0,0,0,NA,NA,NA,NA,NA,NA,NA,NA,0,0,0,0,NA,NA,NA,NA,NA
"Gunnar Einarsson","98473f03-3955-11ef-b6da-292be3190b7b",NA,NA,1975,"4/10/1976","3f95e3d2-3960-11ef-b1f6-2906cc9fb6bc","home","FRISCH AUF! Göppingen","S3L Handball",19,19,FALSE,1,NA,NA,0,0,0,NA,0,0,0,0,0,0,NA,NA,NA,NA,NA,NA,NA,NA,0,0,0,0,NA,NA,NA,NA,NA
"Klaus Weissinger","994cfaa0-3955-11ef-9141-292be3190b7b",NA,NA,1975,"4/10/1976","3f95e3d2-3960-11ef-b1f6-2906cc9fb6bc","home","FRISCH AUF! Göppingen","S3L Handball",19,19,FALSE,2,NA,NA,0,0,0,NA,0,0,0,0,0,0,NA,NA,NA,NA,NA,NA,NA,NA,0,0,0,0,NA,NA,NA,NA,NA
"Wolfgang Don","a2ff75a5-3955-11ef-a510-2510cc07ea6e",NA,NA,1975,"4/10/1976","3f95e3d2-3960-11ef-b1f6-2906cc9fb6bc","home","FRISCH AUF! Göppingen","S3L Handball",19,19,FALSE,2,NA,NA,0,0,0,NA,0,0,0,0,0,0,NA,NA,NA,NA,NA,NA,NA,NA,0,0,0,0,NA,NA,NA,NA,NA
"Rolf Hammann","af6ae50b-3955-11ef-a71b-a36230ada079",NA,NA,1975,"4/10/1976","3f95e3d2-3960-11ef-b1f6-2906cc9fb6bc","home","FRISCH AUF! Göppingen","S3L Handball",19,19,FALSE,0,NA,NA,0,0,0,NA,0,0,0,0,0,0,NA,NA,NA,NA,NA,NA,NA,NA,0,0,0,0,NA,NA,NA,NA,NA
"Siegmund Seeger","af76d008-3955-11ef-b7c9-a36230ada079",NA,NA,1975,"4/10/1976","3f95e3d2-3960-11ef-b1f6-2906cc9fb6bc","home","FRISCH AUF! Göppingen","S3L Handball",19,19,FALSE,0,NA,NA,0,0,0,NA,0,0,0,0,0,0,NA,NA,NA,NA,NA,NA,NA,NA,0,0,0,0,NA,NA,NA,NA,NA
"Hans Brodbeck","b1f00cc3-3955-11ef-b4c9-a36230ada079",NA,NA,1975,"4/10/1976","3f95e3d2-3960-11ef-b1f6-2906cc9fb6bc","home","FRISCH AUF! Göppingen","S3L Handball",19,19,FALSE,0,NA,NA,0,0,0,NA,0,0,0,0,0,0,NA,NA,NA,NA,NA,NA,NA,NA,0,0,0,0,NA,NA,NA,NA,NA
"Günter Schweikardt","d3e60b79-3953-11ef-9e8c-e3f2de03a1b7",NA,NA,1975,"4/10/1976","3f95e3d2-3960-11ef-b1f6-2906cc9fb6bc","home","FRISCH AUF! Göppingen","S3L Handball",19,19,FALSE,1,NA,NA,0,0,0,NA,0,0,0,0,0,0,NA,NA,NA,NA,NA,NA,NA,NA,0,0,0,0,NA,NA,NA,NA,NA
"Udo Klenk","8deb261a-3955-11ef-90c3-81dc40648355",NA,NA,1975,"4/10/1976","3f95e3d2-3960-11ef-b1f6-2906cc9fb6bc","away","S3L Handball","FRISCH AUF! Göppingen",19,19,FALSE,6,NA,NA,0,0,0,NA,0,0,0,0,0,0,NA,NA,NA,NA,NA,NA,NA,NA,0,0,0,0,NA,NA,NA,NA,NA
"Manfred Müller","ae54e819-3955-11ef-81e8-a36230ada079",NA,NA,1975,"4/10/1976","3f95e3d2-3960-11ef-b1f6-2906cc9fb6bc","away","S3L Handball","FRISCH AUF! Göppingen",19,19,FALSE,0,NA,NA,0,0,0,NA,0,0,0,0,0,0,NA,NA,NA,NA,NA,NA,NA,NA,0,0,0,0,NA,NA,NA,NA,NA
"Georg Fitz","ae68320c-3955-11ef-89fa-a36230ada079",NA,NA,1975,"4/10/1976","3f95e3d2-3960-11ef-b1f6-2906cc9fb6bc","away","S3L Handball","FRISCH AUF! Göppingen",19,19,FALSE,1,NA,NA,0,0,0,NA,0,0,0,0,0,0,NA,NA,NA,NA,NA,NA,NA,NA,0,0,0,0,NA,NA,NA,NA,NA
"Franz Rupp","ae6c7950-3955-11ef-87dd-a36230ada079",NA,NA,1975,"4/10/1976","3f95e3d2-3960-11ef-b1f6-2906cc9fb6bc","away","S3L Handball","FRISCH AUF! Göppingen",19,19,FALSE,3,NA,NA,0,0,0,NA,0,0,0,0,0,0,NA,NA,NA,NA,NA,NA,NA,NA,0,0,0,0,NA,NA,NA,NA,NA
"Bernd Frühauf","ae71d80f-3955-11ef-a219-a36230ada079",NA,NA,1975,"4/10/1976","3f95e3d2-3960-11ef-b1f6-2906cc9fb6bc","away","S3L Handball","FRISCH AUF! Göppingen",19,19,FALSE,3,NA,NA,0,0,0,NA,0,0,0,0,0,0,NA,NA,NA,NA,NA,NA,NA,NA,0,0,0,0,NA,NA,NA,NA,NA
"Wolfgang Sättele","ae76c01d-3955-11ef-bfb9-a36230ada079",NA,NA,1975,"4/10/1976","3f95e3d2-3960-11ef-b1f6-2906cc9fb6bc","away","S3L Handball","FRISCH AUF! Göppingen",19,19,FALSE,2,NA,NA,0,0,0,NA,0,0,0,0,0,0,NA,NA,NA,NA,NA,NA,NA,NA,0,0,0,0,NA,NA,NA,NA,NA
"Joachim Hafemeister","ae7b4523-3955-11ef-b064-a36230ada079",NA,NA,1975,"4/10/1976","3f95e3d2-3960-11ef-b1f6-2906cc9fb6bc","away","S3L Handball","FRISCH AUF! Göppingen",19,19,FALSE,1,NA,NA,0,0,0,NA,0,0,0,0,0,0,NA,NA,NA,NA,NA,NA,NA,NA,0,0,0,0,NA,NA,NA,NA,NA
"Harald Thiemer","ae803bfb-3955-11ef-9aab-a36230ada079",NA,NA,1975,"4/10/1976","3f95e3d2-3960-11ef-b1f6-2906cc9fb6bc","away","S3L Handball","FRISCH AUF! Göppingen",19,19,FALSE,0,NA,NA,0,0,0,NA,0,0,0,0,0,0,NA,NA,NA,NA,NA,NA,NA,NA,0,0,0,0,NA,NA,NA,NA,NA
"Jürgen Hahn","ae947745-3955-11ef-bc54-a36230ada079",NA,NA,1975,"4/10/1976","3f95e3d2-3960-11ef-b1f6-2906cc9fb6bc","away","S3L Handball","FRISCH AUF! Göppingen",19,19,FALSE,2,NA,NA,0,0,0,NA,0,0,0,0,0,0,NA,NA,NA,NA,NA,NA,NA,NA,0,0,0,0,NA,NA,NA,NA,NA
"Rolf Kuchenbecker","ae99100e-3955-11ef-9c32-a36230ada079",NA,NA,1975,"4/10/1976","3f95e3d2-3960-11ef-b1f6-2906cc9fb6bc","away","S3L Handball","FRISCH AUF! Göppingen",19,19,FALSE,1,NA,NA,0,0,0,NA,0,0,0,0,0,0,NA,NA,NA,NA,NA,NA,NA,NA,0,0,0,0,NA,NA,NA,NA,NA
"Franz Götz","aea2eb0e-3955-11ef-b230-a36230ada079",NA,NA,1975,"4/10/1976","3f95e3d2-3960-11ef-b1f6-2906cc9fb6bc","away","S3L Handball","FRISCH AUF! Göppingen",19,19,FALSE,0,NA,NA,0,0,0,NA,0,0,0,0,0,0,NA,NA,NA,NA,NA,NA,NA,NA,0,0,0,0,NA,NA,NA,NA,NA
"Hansjörg Jäck","b166bd31-3955-11ef-bed1-a36230ada079",NA,NA,1975,"4/10/1976","3f95e3d2-3960-11ef-b1f6-2906cc9fb6bc","away","S3L Handball","FRISCH AUF! Göppingen",19,19,FALSE,0,NA,NA,0,0,0,NA,0,0,0,0,0,0,NA,NA,NA,NA,NA,NA,NA,NA,0,0,0,0,NA,NA,NA,NA,NA
"Arno Ehret","39c2c361-3955-11ef-8c9d-bfbfc9e17c09",NA,NA,1975,"4/10/1976","407c1294-3960-11ef-8840-2906cc9fb6bc","home","TuS Hofweier","TV Großwallstadt",23,16,TRUE,6,NA,NA,0,0,0,NA,0,0,0,0,0,0,NA,NA,NA,NA,NA,NA,NA,NA,0,0,0,0,NA,NA,NA,NA,NA
"Gerd Leibiger","7ed15d40-3955-11ef-a28c-b908c60af10a",NA,NA,1975,"4/10/1976","407c1294-3960-11ef-8840-2906cc9fb6bc","home","TuS Hofweier","TV Großwallstadt",23,16,TRUE,3,NA,NA,0,0,0,NA,0,0,0,0,0,0,NA,NA,NA,NA,NA,NA,NA,NA,0,0,0,0,NA,NA,NA,NA,NA
"Peter Bucher","8e0071c9-3955-11ef-8ff8-81dc40648355",NA,NA,1975,"4/10/1976","407c1294-3960-11ef-8840-2906cc9fb6bc","home","TuS Hofweier","TV Großwallstadt",23,16,TRUE,4,NA,NA,0,0,0,NA,0,0,0,0,0,0,NA,NA,NA,NA,NA,NA,NA,NA,0,0,0,0,NA,NA,NA,NA,NA
"Josef Schienle","8e1c1721-3955-11ef-9a54-81dc40648355",NA,NA,1975,"4/10/1976","407c1294-3960-11ef-8840-2906cc9fb6bc","home","TuS Hofweier","TV Großwallstadt",23,16,TRUE,0,NA,NA,0,0,0,NA,0,0,0,0,0,0,NA,NA,NA,NA,NA,NA,NA,NA,0,0,0,0,NA,NA,NA,NA,NA
"Franz Bechler","98035d7e-3955-11ef-8b94-292be3190b7b",NA,NA,1975,"4/10/1976","407c1294-3960-11ef-8840-2906cc9fb6bc","home","TuS Hofweier","TV Großwallstadt",23,16,TRUE,4,NA,NA,0,0,0,NA,0,0,0,0,0,0,NA,NA,NA,NA,NA,NA,NA,NA,0,0,0,0,NA,NA,NA,NA,NA
"Werner Voit","a3b992ef-3955-11ef-84c8-2510cc07ea6e",NA,NA,1975,"4/10/1976","407c1294-3960-11ef-8840-2906cc9fb6bc","home","TuS Hofweier","TV Großwallstadt",23,16,TRUE,3,NA,NA,0,0,0,NA,0,0,0,0,0,0,NA,NA,NA,NA,NA,NA,NA,NA,0,0,0,0,NA,NA,NA,NA,NA
"Werner Decker","afcae313-3955-11ef-a9cf-a36230ada079",NA,NA,1975,"4/10/1976","407c1294-3960-11ef-8840-2906cc9fb6bc","home","TuS Hofweier","TV Großwallstadt",23,16,TRUE,0,NA,NA,0,0,0,NA,0,0,0,0,0,0,NA,NA,NA,NA,NA,NA,NA,NA,0,0,0,0,NA,NA,NA,NA,NA
"Wolfgang Bruck","afd5808d-3955-11ef-a3c4-a36230ada079",NA,NA,1975,"4/10/1976","407c1294-3960-11ef-8840-2906cc9fb6bc","home","TuS Hofweier","TV Großwallstadt",23,16,TRUE,0,NA,NA,0,0,0,NA,0,0,0,0,0,0,NA,NA,NA,NA,NA,NA,NA,NA,0,0,0,0,NA,NA,NA,NA,NA
"Markus Hädrich","ba389acc-3955-11ef-8b9d-ab397f561917",NA,NA,1975,"4/10/1976","407c1294-3960-11ef-8840-2906cc9fb6bc","home","TuS Hofweier","TV Großwallstadt",23,16,TRUE,0,NA,NA,0,0,0,NA,0,0,0,0,0,0,NA,NA,NA,NA,NA,NA,NA,NA,0,0,0,0,NA,NA,NA,NA,NA
"Kurt Klühspies","5ac3e7d7-3955-11ef-b574-4fa817cd91bb",NA,NA,1975,"4/10/1976","407c1294-3960-11ef-8840-2906cc9fb6bc","away","TV Großwallstadt","TuS Hofweier",16,23,FALSE,1,NA,NA,0,0,0,NA,0,0,0,0,0,0,NA,NA,NA,NA,NA,NA,NA,NA,0,0,0,0,NA,NA,NA,NA,NA
"Thomas Sinsel","8adb8152-3955-11ef-b2de-81dc40648355",NA,NA,1975,"4/10/1976","407c1294-3960-11ef-8840-2906cc9fb6bc","away","TV Großwallstadt","TuS Hofweier",16,23,FALSE,5,NA,NA,0,0,0,NA,0,0,0,0,0,0,NA,NA,NA,NA,NA,NA,NA,NA,0,0,0,0,NA,NA,NA,NA,NA
"Manfred Schwarz","96d98e53-3955-11ef-a3c9-292be3190b7b",NA,NA,1975,"4/10/1976","407c1294-3960-11ef-8840-2906cc9fb6bc","away","TV Großwallstadt","TuS Hofweier",16,23,FALSE,1,NA,NA,0,0,0,NA,0,0,0,0,0,0,NA,NA,NA,NA,NA,NA,NA,NA,0,0,0,0,NA,NA,NA,NA,NA
"Arno Böckling","a3c38db5-3955-11ef-810f-2510cc07ea6e",NA,NA,1975,"4/10/1976","407c1294-3960-11ef-8840-2906cc9fb6bc","away","TV Großwallstadt","TuS Hofweier",16,23,FALSE,4,NA,NA,0,0,1,NA,0,0,0,0,0,0,NA,NA,NA,NA,NA,NA,NA,NA,0,0,0,0,NA,NA,NA,NA,NA
"Eckhardt Suffel","aeac0503-3955-11ef-88c6-a36230ada079",NA,NA,1975,"4/10/1976","407c1294-3960-11ef-8840-2906cc9fb6bc","away","TV Großwallstadt","TuS Hofweier",16,23,FALSE,1,NA,NA,0,0,0,NA,0,0,0,0,0,0,NA,NA,NA,NA,NA,NA,NA,NA,0,0,0,0,NA,NA,NA,NA,NA
"Axel Emig","aeb0e35f-3955-11ef-8342-a36230ada079",NA,NA,1975,"4/10/1976","407c1294-3960-11ef-8840-2906cc9fb6bc","away","TV Großwallstadt","TuS Hofweier",16,23,FALSE,3,NA,NA,0,0,2,NA,0,0,0,0,0,0,NA,NA,NA,NA,NA,NA,NA,NA,0,0,0,0,NA,NA,NA,NA,NA
"Dieter Vollmer","aeb54433-3955-11ef-8c21-a36230ada079",NA,NA,1975,"4/10/1976","407c1294-3960-11ef-8840-2906cc9fb6bc","away","TV Großwallstadt","TuS Hofweier",16,23,FALSE,0,NA,NA,0,0,0,NA,0,0,0,0,0,0,NA,NA,NA,NA,NA,NA,NA,NA,0,0,0,0,NA,NA,NA,NA,NA
"Manfred Meudt","af9be5ed-3955-11ef-a3e3-a36230ada079",NA,NA,1975,"4/10/1976","407c1294-3960-11ef-8840-2906cc9fb6bc","away","TV Großwallstadt","TuS Hofweier",16,23,FALSE,0,NA,NA,0,0,0,NA,0,0,0,0,0,0,NA,NA,NA,NA,NA,NA,NA,NA,0,0,0,0,NA,NA,NA,NA,NA
"Norbert Klein","b18179dc-3955-11ef-acc0-a36230ada079",NA,NA,1975,"4/10/1976","407c1294-3960-11ef-8840-2906cc9fb6bc","away","TV Großwallstadt","TuS Hofweier",16,23,FALSE,1,NA,NA,0,0,0,NA,0,0,0,0,0,0,NA,NA,NA,NA,NA,NA,NA,NA,0,0,0,0,NA,NA,NA,NA,NA
"Walter Salzer","8d394c72-3955-11ef-8d73-81dc40648355",NA,NA,1975,"4/10/1976","4285fab2-3960-11ef-8a82-2906cc9fb6bc","home","TV 1893 Neuhausen","SG Dietzenbach",12,17,FALSE,2,NA,NA,0,0,0,NA,0,0,0,0,0,0,NA,NA,NA,NA,NA,NA,NA,NA,0,0,0,0,NA,NA,NA,NA,NA
"Hermann Fritz","a4231bd1-3955-11ef-8299-2510cc07ea6e",NA,NA,1975,"4/10/1976","4285fab2-3960-11ef-8a82-2906cc9fb6bc","home","TV 1893 Neuhausen","SG Dietzenbach",12,17,FALSE,0,NA,NA,0,0,0,NA,0,0,0,0,0,0,NA,NA,NA,NA,NA,NA,NA,NA,0,0,0,0,NA,NA,NA,NA,NA
"Klaus Stoll","a42e01cc-3955-11ef-b661-2510cc07ea6e",NA,NA,1975,"4/10/1976","4285fab2-3960-11ef-8a82-2906cc9fb6bc","home","TV 1893 Neuhausen","SG Dietzenbach",12,17,FALSE,0,NA,NA,0,0,0,NA,0,0,0,0,0,0,NA,NA,NA,NA,NA,NA,NA,NA,0,0,0,0,NA,NA,NA,NA,NA
"Robert Kemmler","a438d7c7-3955-11ef-8ff6-2510cc07ea6e",NA,NA,1975,"4/10/1976","4285fab2-3960-11ef-8a82-2906cc9fb6bc","home","TV 1893 Neuhausen","SG Dietzenbach",12,17,FALSE,0,NA,NA,0,0,0,NA,0,0,0,0,0,0,NA,NA,NA,NA,NA,NA,NA,NA,0,0,0,0,NA,NA,NA,NA,NA
"Manfred Klugger","a43e35c7-3955-11ef-b0dc-2510cc07ea6e",NA,NA,1975,"4/10/1976","4285fab2-3960-11ef-8a82-2906cc9fb6bc","home","TV 1893 Neuhausen","SG Dietzenbach",12,17,FALSE,2,NA,NA,0,0,0,NA,0,0,0,0,0,0,NA,NA,NA,NA,NA,NA,NA,NA,0,0,0,0,NA,NA,NA,NA,NA
"Julius Lehmann","a448c9e2-3955-11ef-9bf8-2510cc07ea6e",NA,NA,1975,"4/10/1976","4285fab2-3960-11ef-8a82-2906cc9fb6bc","home","TV 1893 Neuhausen","SG Dietzenbach",12,17,FALSE,1,NA,NA,0,0,0,NA,0,0,0,0,0,0,NA,NA,NA,NA,NA,NA,NA,NA,0,0,0,0,NA,NA,NA,NA,NA
"Hermann Mäurle","a44f95e3-3955-11ef-b53d-2510cc07ea6e",NA,NA,1975,"4/10/1976","4285fab2-3960-11ef-8a82-2906cc9fb6bc","home","TV 1893 Neuhausen","SG Dietzenbach",12,17,FALSE,0,NA,NA,0,0,0,NA,0,0,0,0,0,0,NA,NA,NA,NA,NA,NA,NA,NA,0,0,0,0,NA,NA,NA,NA,NA
"Rolf Miller","a4552808-3955-11ef-ac39-2510cc07ea6e",NA,NA,1975,"4/10/1976","4285fab2-3960-11ef-8a82-2906cc9fb6bc","home","TV 1893 Neuhausen","SG Dietzenbach",12,17,FALSE,4,NA,NA,0,0,2,NA,0,0,0,0,0,0,NA,NA,NA,NA,NA,NA,NA,NA,0,0,0,0,NA,NA,NA,NA,NA
"Manfred Reusch","a45a1b11-3955-11ef-8135-2510cc07ea6e",NA,NA,1975,"4/10/1976","4285fab2-3960-11ef-8a82-2906cc9fb6bc","home","TV 1893 Neuhausen","SG Dietzenbach",12,17,FALSE,1,NA,NA,0,0,0,NA,0,0,0,0,0,0,NA,NA,NA,NA,NA,NA,NA,NA,0,0,0,0,NA,NA,NA,NA,NA
"Eugen Schmid","a460a6b1-3955-11ef-966d-2510cc07ea6e",NA,NA,1975,"4/10/1976","4285fab2-3960-11ef-8a82-2906cc9fb6bc","home","TV 1893 Neuhausen","SG Dietzenbach",12,17,FALSE,1,NA,NA,0,0,0,NA,0,0,0,0,0,0,NA,NA,NA,NA,NA,NA,NA,NA,0,0,0,0,NA,NA,NA,NA,NA
"Manfred Schmid","a468025d-3955-11ef-ae56-2510cc07ea6e",NA,NA,1975,"4/10/1976","4285fab2-3960-11ef-8a82-2906cc9fb6bc","home","TV 1893 Neuhausen","SG Dietzenbach",12,17,FALSE,0,NA,NA,0,0,0,NA,0,0,0,0,0,0,NA,NA,NA,NA,NA,NA,NA,NA,0,0,0,0,NA,NA,NA,NA,NA
"Johann Högl","b2211f04-3955-11ef-a5bd-a36230ada079",NA,NA,1975,"4/10/1976","4285fab2-3960-11ef-8a82-2906cc9fb6bc","home","TV 1893 Neuhausen","SG Dietzenbach",12,17,FALSE,1,NA,NA,0,0,0,NA,0,0,0,0,0,0,NA,NA,NA,NA,NA,NA,NA,NA,0,0,0,0,NA,NA,NA,NA,NA
"Claus Hormel","65a6e4d8-3955-11ef-84ee-292be3190b7b",NA,NA,1975,"4/10/1976","4285fab2-3960-11ef-8a82-2906cc9fb6bc","away","SG Dietzenbach","TV 1893 Neuhausen",17,12,TRUE,1,NA,NA,0,0,0,NA,0,0,0,0,0,0,NA,NA,NA,NA,NA,NA,NA,NA,0,0,0,0,NA,NA,NA,NA,NA
"Dieter Schappert","808baa47-3955-11ef-b967-b908c60af10a",NA,NA,1975,"4/10/1976","4285fab2-3960-11ef-8a82-2906cc9fb6bc","away","SG Dietzenbach","TV 1893 Neuhausen",17,12,TRUE,2,NA,NA,0,0,0,NA,0,0,0,0,0,0,NA,NA,NA,NA,NA,NA,NA,NA,0,0,0,0,NA,NA,NA,NA,NA
"Milan Krstić","8a85bfb0-3955-11ef-ac1d-81dc40648355",NA,NA,1975,"4/10/1976","4285fab2-3960-11ef-8a82-2906cc9fb6bc","away","SG Dietzenbach","TV 1893 Neuhausen",17,12,TRUE,4,NA,NA,0,0,0,NA,0,0,0,0,0,0,NA,NA,NA,NA,NA,NA,NA,NA,0,0,0,0,NA,NA,NA,NA,NA
"Heinz-Walter Behne","8be65881-3955-11ef-8872-81dc40648355",NA,NA,1975,"4/10/1976","4285fab2-3960-11ef-8a82-2906cc9fb6bc","away","SG Dietzenbach","TV 1893 Neuhausen",17,12,TRUE,1,NA,NA,0,0,0,NA,0,0,0,0,0,0,NA,NA,NA,NA,NA,NA,NA,NA,0,0,0,0,NA,NA,NA,NA,NA
"Herbert Wehnert","96e104db-3955-11ef-b58d-292be3190b7b",NA,NA,1975,"4/10/1976","4285fab2-3960-11ef-8a82-2906cc9fb6bc","away","SG Dietzenbach","TV 1893 Neuhausen",17,12,TRUE,2,NA,NA,0,0,0,NA,0,0,0,0,0,0,NA,NA,NA,NA,NA,NA,NA,NA,0,0,0,0,NA,NA,NA,NA,NA
"Boris Kostić","982a9c45-3955-11ef-bf0d-292be3190b7b",NA,NA,1975,"4/10/1976","4285fab2-3960-11ef-8a82-2906cc9fb6bc","away","SG Dietzenbach","TV 1893 Neuhausen",17,12,TRUE,0,NA,NA,0,0,0,NA,0,0,0,0,0,0,NA,NA,NA,NA,NA,NA,NA,NA,0,0,0,0,NA,NA,NA,NA,NA
"Manfred Merk","a2e89182-3955-11ef-b7cf-2510cc07ea6e",NA,NA,1975,"4/10/1976","4285fab2-3960-11ef-8a82-2906cc9fb6bc","away","SG Dietzenbach","TV 1893 Neuhausen",17,12,TRUE,2,NA,NA,0,0,0,NA,0,0,0,0,0,0,NA,NA,NA,NA,NA,NA,NA,NA,0,0,0,0,NA,NA,NA,NA,NA
"Klaus Budecker","af1ed2a9-3955-11ef-854d-a36230ada079",NA,NA,1975,"4/10/1976","4285fab2-3960-11ef-8a82-2906cc9fb6bc","away","SG Dietzenbach","TV 1893 Neuhausen",17,12,TRUE,0,NA,NA,0,0,0,NA,0,0,0,0,0,0,NA,NA,NA,NA,NA,NA,NA,NA,0,0,0,0,NA,NA,NA,NA,NA
"Ronald Wittig","af27e5c1-3955-11ef-9f41-a36230ada079",NA,NA,1975,"4/10/1976","4285fab2-3960-11ef-8a82-2906cc9fb6bc","away","SG Dietzenbach","TV 1893 Neuhausen",17,12,TRUE,1,NA,NA,0,0,0,NA,0,0,0,0,0,0,NA,NA,NA,NA,NA,NA,NA,NA,0,0,0,0,NA,NA,NA,NA,NA
"Heinrich Baum","af2c6c48-3955-11ef-964a-a36230ada079",NA,NA,1975,"4/10/1976","4285fab2-3960-11ef-8a82-2906cc9fb6bc","away","SG Dietzenbach","TV 1893 Neuhausen",17,12,TRUE,2,NA,NA,0,0,0,NA,0,0,0,0,0,0,NA,NA,NA,NA,NA,NA,NA,NA,0,0,0,0,NA,NA,NA,NA,NA
"Werner Fritzel","b1cdb47c-3955-11ef-8cfd-a36230ada079",NA,NA,1975,"4/10/1976","4285fab2-3960-11ef-8a82-2906cc9fb6bc","away","SG Dietzenbach","TV 1893 Neuhausen",17,12,TRUE,0,NA,NA,0,0,0,NA,0,0,0,0,0,0,NA,NA,NA,NA,NA,NA,NA,NA,0,0,0,0,NA,NA,NA,NA,NA
"Klaus Rettig","b1d1aa4c-3955-11ef-baf9-a36230ada079",NA,NA,1975,"4/10/1976","4285fab2-3960-11ef-8a82-2906cc9fb6bc","away","SG Dietzenbach","TV 1893 Neuhausen",17,12,TRUE,2,NA,NA,0,0,0,NA,0,0,0,0,0,0,NA,NA,NA,NA,NA,NA,NA,NA,0,0,0,0,NA,NA,NA,NA,NA
"Arno Ehret","39c2c361-3955-11ef-8c9d-bfbfc9e17c09",NA,NA,1975,"4/16/1976","420189d5-3960-11ef-87f4-2906cc9fb6bc","home","TuS Hofweier","TSV Milbertshofen",22,12,TRUE,2,NA,NA,0,0,0,NA,0,0,0,0,0,0,NA,NA,NA,NA,NA,NA,NA,NA,0,0,0,0,NA,NA,NA,NA,NA
"Gerd Leibiger","7ed15d40-3955-11ef-a28c-b908c60af10a",NA,NA,1975,"4/16/1976","420189d5-3960-11ef-87f4-2906cc9fb6bc","home","TuS Hofweier","TSV Milbertshofen",22,12,TRUE,1,NA,NA,0,0,0,NA,0,0,0,0,0,0,NA,NA,NA,NA,NA,NA,NA,NA,0,0,0,0,NA,NA,NA,NA,NA
"Siegfried Stöcklin","8b65c521-3955-11ef-99c9-81dc40648355",NA,NA,1975,"4/16/1976","420189d5-3960-11ef-87f4-2906cc9fb6bc","home","TuS Hofweier","TSV Milbertshofen",22,12,TRUE,0,NA,NA,0,0,0,NA,0,0,0,0,0,0,NA,NA,NA,NA,NA,NA,NA,NA,0,0,0,0,NA,NA,NA,NA,NA
"Simon Schobel","8ce176f8-3955-11ef-97b1-81dc40648355",NA,NA,1975,"4/16/1976","420189d5-3960-11ef-87f4-2906cc9fb6bc","home","TuS Hofweier","TSV Milbertshofen",22,12,TRUE,5,NA,NA,0,0,3,NA,0,0,0,0,0,0,NA,NA,NA,NA,NA,NA,NA,NA,0,0,0,0,NA,NA,NA,NA,NA
"Peter Bucher","8e0071c9-3955-11ef-8ff8-81dc40648355",NA,NA,1975,"4/16/1976","420189d5-3960-11ef-87f4-2906cc9fb6bc","home","TuS Hofweier","TSV Milbertshofen",22,12,TRUE,6,NA,NA,0,0,0,NA,0,0,0,0,0,0,NA,NA,NA,NA,NA,NA,NA,NA,0,0,0,0,NA,NA,NA,NA,NA
"Hans-Jürgen Schatz","8e13c07e-3955-11ef-9871-81dc40648355",NA,NA,1975,"4/16/1976","420189d5-3960-11ef-87f4-2906cc9fb6bc","home","TuS Hofweier","TSV Milbertshofen",22,12,TRUE,0,NA,NA,0,0,0,NA,0,0,0,0,0,0,NA,NA,NA,NA,NA,NA,NA,NA,0,0,0,0,NA,NA,NA,NA,NA
"Josef Schienle","8e1c1721-3955-11ef-9a54-81dc40648355",NA,NA,1975,"4/16/1976","420189d5-3960-11ef-87f4-2906cc9fb6bc","home","TuS Hofweier","TSV Milbertshofen",22,12,TRUE,0,NA,NA,0,0,0,NA,0,0,0,0,0,0,NA,NA,NA,NA,NA,NA,NA,NA,0,0,0,0,NA,NA,NA,NA,NA
"Franz Bechler","98035d7e-3955-11ef-8b94-292be3190b7b",NA,NA,1975,"4/16/1976","420189d5-3960-11ef-87f4-2906cc9fb6bc","home","TuS Hofweier","TSV Milbertshofen",22,12,TRUE,3,NA,NA,0,0,0,NA,0,0,0,0,0,0,NA,NA,NA,NA,NA,NA,NA,NA,0,0,0,0,NA,NA,NA,NA,NA
"Werner Voit","a3b992ef-3955-11ef-84c8-2510cc07ea6e",NA,NA,1975,"4/16/1976","420189d5-3960-11ef-87f4-2906cc9fb6bc","home","TuS Hofweier","TSV Milbertshofen",22,12,TRUE,4,NA,NA,0,0,0,NA,0,0,0,0,0,0,NA,NA,NA,NA,NA,NA,NA,NA,0,0,0,0,NA,NA,NA,NA,NA
"Wilfried Göppert","afe18023-3955-11ef-8040-a36230ada079",NA,NA,1975,"4/16/1976","420189d5-3960-11ef-87f4-2906cc9fb6bc","home","TuS Hofweier","TSV Milbertshofen",22,12,TRUE,1,NA,NA,0,0,0,NA,0,0,0,0,0,0,NA,NA,NA,NA,NA,NA,NA,NA,0,0,0,0,NA,NA,NA,NA,NA
"Willibald Weiß","74414175-3955-11ef-89d0-51fdf2a82730",NA,NA,1975,"4/16/1976","420189d5-3960-11ef-87f4-2906cc9fb6bc","away","TSV Milbertshofen","TuS Hofweier",12,22,FALSE,3,NA,NA,0,0,0,NA,0,0,0,0,0,0,NA,NA,NA,NA,NA,NA,NA,NA,0,0,0,0,NA,NA,NA,NA,NA
"Richard Mayr","751d6672-3955-11ef-a322-51fdf2a82730",NA,NA,1975,"4/16/1976","420189d5-3960-11ef-87f4-2906cc9fb6bc","away","TSV Milbertshofen","TuS Hofweier",12,22,FALSE,3,NA,NA,0,0,0,NA,0,0,0,0,0,0,NA,NA,NA,NA,NA,NA,NA,NA,0,0,0,0,NA,NA,NA,NA,NA
"Jochen Frank","7ee9b472-3955-11ef-ab0f-b908c60af10a",NA,NA,1975,"4/16/1976","420189d5-3960-11ef-87f4-2906cc9fb6bc","away","TSV Milbertshofen","TuS Hofweier",12,22,FALSE,2,NA,NA,0,0,2,NA,0,0,0,0,0,0,NA,NA,NA,NA,NA,NA,NA,NA,0,0,0,0,NA,NA,NA,NA,NA
"Rainer Olbert","80d00b6a-3955-11ef-ab11-b908c60af10a",NA,NA,1975,"4/16/1976","420189d5-3960-11ef-87f4-2906cc9fb6bc","away","TSV Milbertshofen","TuS Hofweier",12,22,FALSE,0,NA,NA,0,0,0,NA,0,0,0,0,0,0,NA,NA,NA,NA,NA,NA,NA,NA,0,0,0,0,NA,NA,NA,NA,NA
"Udo Böbel","80d4ba37-3955-11ef-9d8b-b908c60af10a",NA,NA,1975,"4/16/1976","420189d5-3960-11ef-87f4-2906cc9fb6bc","away","TSV Milbertshofen","TuS Hofweier",12,22,FALSE,1,NA,NA,0,0,1,NA,0,0,0,0,0,0,NA,NA,NA,NA,NA,NA,NA,NA,0,0,0,0,NA,NA,NA,NA,NA
"Peter Lechner","8ae4d648-3955-11ef-901d-81dc40648355",NA,NA,1975,"4/16/1976","420189d5-3960-11ef-87f4-2906cc9fb6bc","away","TSV Milbertshofen","TuS Hofweier",12,22,FALSE,1,NA,NA,0,0,0,NA,0,0,0,0,0,0,NA,NA,NA,NA,NA,NA,NA,NA,0,0,0,0,NA,NA,NA,NA,NA
"Peter Jaschke","8b728782-3955-11ef-8da6-81dc40648355",NA,NA,1975,"4/16/1976","420189d5-3960-11ef-87f4-2906cc9fb6bc","away","TSV Milbertshofen","TuS Hofweier",12,22,FALSE,0,NA,NA,0,0,0,NA,0,0,0,0,0,0,NA,NA,NA,NA,NA,NA,NA,NA,0,0,0,0,NA,NA,NA,NA,NA
"Lothar Weingärtner","8dbf003c-3955-11ef-879b-81dc40648355",NA,NA,1975,"4/16/1976","420189d5-3960-11ef-87f4-2906cc9fb6bc","away","TSV Milbertshofen","TuS Hofweier",12,22,FALSE,0,NA,NA,0,0,0,NA,0,0,0,0,0,0,NA,NA,NA,NA,NA,NA,NA,NA,0,0,0,0,NA,NA,NA,NA,NA
"Rudolf Dobler","97ac407c-3955-11ef-9ea9-292be3190b7b",NA,NA,1975,"4/16/1976","420189d5-3960-11ef-87f4-2906cc9fb6bc","away","TSV Milbertshofen","TuS Hofweier",12,22,FALSE,1,NA,NA,0,0,0,NA,0,0,0,0,0,0,NA,NA,NA,NA,NA,NA,NA,NA,0,0,0,0,NA,NA,NA,NA,NA
"Jochen Heyne","b1c06894-3955-11ef-ab50-a36230ada079",NA,NA,1975,"4/16/1976","420189d5-3960-11ef-87f4-2906cc9fb6bc","away","TSV Milbertshofen","TuS Hofweier",12,22,FALSE,1,NA,NA,0,0,0,NA,0,0,0,0,0,0,NA,NA,NA,NA,NA,NA,NA,NA,0,0,0,0,NA,NA,NA,NA,NA
"Helmut Schelchshorn","b1c960ef-3955-11ef-850b-a36230ada079",NA,NA,1975,"4/16/1976","420189d5-3960-11ef-87f4-2906cc9fb6bc","away","TSV Milbertshofen","TuS Hofweier",12,22,FALSE,0,NA,NA,0,0,0,NA,0,0,0,0,0,0,NA,NA,NA,NA,NA,NA,NA,NA,0,0,0,0,NA,NA,NA,NA,NA
"Dieter Nerlich","7f4aaab6-3955-11ef-a6c5-b908c60af10a",NA,NA,1975,"4/19/1976","41428359-3960-11ef-99a6-2906cc9fb6bc","home","Füchse Berlin","TSV 1896 Rintheim",19,17,TRUE,3,NA,NA,0,0,0,NA,0,0,0,0,0,0,NA,NA,NA,NA,NA,NA,NA,NA,0,0,0,0,NA,NA,NA,NA,NA
"Andreas Pieper","8b17f063-3955-11ef-8f1b-81dc40648355",NA,NA,1975,"4/19/1976","41428359-3960-11ef-99a6-2906cc9fb6bc","home","Füchse Berlin","TSV 1896 Rintheim",19,17,TRUE,2,NA,NA,0,0,0,NA,0,0,0,0,0,0,NA,NA,NA,NA,NA,NA,NA,NA,0,0,0,0,NA,NA,NA,NA,NA
"Uwe Schilde","a2ab6495-3955-11ef-ac26-2510cc07ea6e",NA,NA,1975,"4/19/1976","41428359-3960-11ef-99a6-2906cc9fb6bc","home","Füchse Berlin","TSV 1896 Rintheim",19,17,TRUE,2,NA,NA,0,0,0,NA,0,0,0,0,0,0,NA,NA,NA,NA,NA,NA,NA,NA,0,0,0,0,NA,NA,NA,NA,NA
"Bernd Dibbert","a5e7e77c-3955-11ef-a806-2510cc07ea6e",NA,NA,1975,"4/19/1976","41428359-3960-11ef-99a6-2906cc9fb6bc","home","Füchse Berlin","TSV 1896 Rintheim",19,17,TRUE,2,NA,NA,0,0,0,NA,0,0,0,0,0,0,NA,NA,NA,NA,NA,NA,NA,NA,0,0,0,0,NA,NA,NA,NA,NA
"Manfred Klein","a5ed5981-3955-11ef-aef8-2510cc07ea6e",NA,NA,1975,"4/19/1976","41428359-3960-11ef-99a6-2906cc9fb6bc","home","Füchse Berlin","TSV 1896 Rintheim",19,17,TRUE,0,NA,NA,0,0,0,NA,0,0,0,0,0,0,NA,NA,NA,NA,NA,NA,NA,NA,0,0,0,0,NA,NA,NA,NA,NA
"Reinhard Lembcke","a5f9e01f-3955-11ef-a753-2510cc07ea6e",NA,NA,1975,"4/19/1976","41428359-3960-11ef-99a6-2906cc9fb6bc","home","Füchse Berlin","TSV 1896 Rintheim",19,17,TRUE,2,NA,NA,0,0,0,NA,0,0,0,0,0,0,NA,NA,NA,NA,NA,NA,NA,NA,0,0,0,0,NA,NA,NA,NA,NA
"Dietmar Apitz","a606c2e6-3955-11ef-ae9a-2510cc07ea6e",NA,NA,1975,"4/19/1976","41428359-3960-11ef-99a6-2906cc9fb6bc","home","Füchse Berlin","TSV 1896 Rintheim",19,17,TRUE,1,NA,NA,0,0,0,NA,0,0,0,0,0,0,NA,NA,NA,NA,NA,NA,NA,NA,0,0,0,0,NA,NA,NA,NA,NA
"Detlef Finkelmann","b1a8f927-3955-11ef-a009-a36230ada079",NA,NA,1975,"4/19/1976","41428359-3960-11ef-99a6-2906cc9fb6bc","home","Füchse Berlin","TSV 1896 Rintheim",19,17,TRUE,3,NA,NA,0,0,0,NA,0,0,0,0,0,0,NA,NA,NA,NA,NA,NA,NA,NA,0,0,0,0,NA,NA,NA,NA,NA
"Bernd Goerigk","b1b21b0c-3955-11ef-a303-a36230ada079",NA,NA,1975,"4/19/1976","41428359-3960-11ef-99a6-2906cc9fb6bc","home","Füchse Berlin","TSV 1896 Rintheim",19,17,TRUE,0,NA,NA,0,0,0,NA,0,0,0,0,0,0,NA,NA,NA,NA,NA,NA,NA,NA,0,0,0,0,NA,NA,NA,NA,NA
"Winfried Damm","73c56170-3955-11ef-9cca-51fdf2a82730",NA,NA,1975,"4/19/1976","41428359-3960-11ef-99a6-2906cc9fb6bc","away","TSV 1896 Rintheim","Füchse Berlin",17,19,FALSE,0,NA,NA,0,0,0,NA,0,0,0,0,0,0,NA,NA,NA,NA,NA,NA,NA,NA,0,0,0,0,NA,NA,NA,NA,NA
"Gerhard Gaiser","7fd4e3db-3955-11ef-b327-b908c60af10a",NA,NA,1975,"4/19/1976","41428359-3960-11ef-99a6-2906cc9fb6bc","away","TSV 1896 Rintheim","Füchse Berlin",17,19,FALSE,1,NA,NA,0,0,0,NA,0,0,0,0,0,0,NA,NA,NA,NA,NA,NA,NA,NA,0,0,0,0,NA,NA,NA,NA,NA
"Roland Kröger","81272d6a-3955-11ef-b027-b908c60af10a",NA,NA,1975,"4/19/1976","41428359-3960-11ef-99a6-2906cc9fb6bc","away","TSV 1896 Rintheim","Füchse Berlin",17,19,FALSE,3,NA,NA,0,0,0,NA,0,0,0,0,0,0,NA,NA,NA,NA,NA,NA,NA,NA,0,0,0,0,NA,NA,NA,NA,NA
"Max Müller","99453a6b-3955-11ef-84c2-292be3190b7b",NA,NA,1975,"4/19/1976","41428359-3960-11ef-99a6-2906cc9fb6bc","away","TSV 1896 Rintheim","Füchse Berlin",17,19,FALSE,7,NA,NA,0,0,3,NA,0,0,0,0,0,0,NA,NA,NA,NA,NA,NA,NA,NA,0,0,0,0,NA,NA,NA,NA,NA
"Alfred Schmitt","a25e1dab-3955-11ef-b412-2510cc07ea6e",NA,NA,1975,"4/19/1976","41428359-3960-11ef-99a6-2906cc9fb6bc","away","TSV 1896 Rintheim","Füchse Berlin",17,19,FALSE,1,NA,NA,0,0,0,NA,0,0,0,0,0,0,NA,NA,NA,NA,NA,NA,NA,NA,0,0,0,0,NA,NA,NA,NA,NA
"Rudi Stein","a27f8606-3955-11ef-8352-2510cc07ea6e",NA,NA,1975,"4/19/1976","41428359-3960-11ef-99a6-2906cc9fb6bc","away","TSV 1896 Rintheim","Füchse Berlin",17,19,FALSE,1,NA,NA,0,0,0,NA,0,0,0,0,0,0,NA,NA,NA,NA,NA,NA,NA,NA,0,0,0,0,NA,NA,NA,NA,NA
"Rudi Lechleidner","aec862a4-3955-11ef-ad66-a36230ada079",NA,NA,1975,"4/19/1976","41428359-3960-11ef-99a6-2906cc9fb6bc","away","TSV 1896 Rintheim","Füchse Berlin",17,19,FALSE,1,NA,NA,0,0,0,NA,0,0,0,0,0,0,NA,NA,NA,NA,NA,NA,NA,NA,0,0,0,0,NA,NA,NA,NA,NA
"Wilfried Job","af3ed007-3955-11ef-9184-a36230ada079",NA,NA,1975,"4/19/1976","41428359-3960-11ef-99a6-2906cc9fb6bc","away","TSV 1896 Rintheim","Füchse Berlin",17,19,FALSE,1,NA,NA,0,0,0,NA,0,0,0,0,0,0,NA,NA,NA,NA,NA,NA,NA,NA,0,0,0,0,NA,NA,NA,NA,NA
"Claus Erles","af42e492-3955-11ef-a26e-a36230ada079",NA,NA,1975,"4/19/1976","41428359-3960-11ef-99a6-2906cc9fb6bc","away","TSV 1896 Rintheim","Füchse Berlin",17,19,FALSE,0,NA,NA,0,0,0,NA,0,0,0,0,0,0,NA,NA,NA,NA,NA,NA,NA,NA,0,0,0,0,NA,NA,NA,NA,NA
"Rolf Barthel","b1e747bc-3955-11ef-bf9b-a36230ada079",NA,NA,1975,"4/19/1976","41428359-3960-11ef-99a6-2906cc9fb6bc","away","TSV 1896 Rintheim","Füchse Berlin",17,19,FALSE,2,NA,NA,0,0,0,NA,0,0,0,0,0,0,NA,NA,NA,NA,NA,NA,NA,NA,0,0,0,0,NA,NA,NA,NA,NA
"Rainer Niemeyer","5008ccec-3955-11ef-9f62-6d38c0425bc0",NA,NA,1975,"4/23/1976","32a4f6ee-3960-11ef-8248-2906cc9fb6bc","home","GWD Minden","SG Dietzenbach",23,11,TRUE,0,NA,NA,0,0,0,NA,0,0,0,0,0,0,NA,NA,NA,NA,NA,NA,NA,NA,0,0,0,0,NA,NA,NA,NA,NA
"Wilhelm Südmeier","7f15aa73-3955-11ef-8ddf-b908c60af10a",NA,NA,1975,"4/23/1976","32a4f6ee-3960-11ef-8248-2906cc9fb6bc","home","GWD Minden","SG Dietzenbach",23,11,TRUE,0,NA,NA,0,0,0,NA,0,0,0,0,0,0,NA,NA,NA,NA,NA,NA,NA,NA,0,0,0,0,NA,NA,NA,NA,NA
"Hans-Jürgen Grund","81694a24-3955-11ef-9a97-b908c60af10a",NA,NA,1975,"4/23/1976","32a4f6ee-3960-11ef-8248-2906cc9fb6bc","home","GWD Minden","SG Dietzenbach",23,11,TRUE,1,NA,NA,0,0,0,NA,0,0,0,0,0,0,NA,NA,NA,NA,NA,NA,NA,NA,0,0,0,0,NA,NA,NA,NA,NA
"Dieter Waltke","8bbe1a37-3955-11ef-a8ff-81dc40648355",NA,NA,1975,"4/23/1976","32a4f6ee-3960-11ef-8248-2906cc9fb6bc","home","GWD Minden","SG Dietzenbach",23,11,TRUE,6,NA,NA,0,0,3,NA,0,0,0,0,0,0,NA,NA,NA,NA,NA,NA,NA,NA,0,0,0,0,NA,NA,NA,NA,NA
"Bernhard Busch","8dc9280f-3955-11ef-80e2-81dc40648355",NA,NA,1975,"4/23/1976","32a4f6ee-3960-11ef-8248-2906cc9fb6bc","home","GWD Minden","SG Dietzenbach",23,11,TRUE,3,NA,NA,0,0,0,NA,0,0,0,0,0,0,NA,NA,NA,NA,NA,NA,NA,NA,0,0,0,0,NA,NA,NA,NA,NA
"Gerd Becker","96f1e245-3955-11ef-80bc-292be3190b7b",NA,NA,1975,"4/23/1976","32a4f6ee-3960-11ef-8248-2906cc9fb6bc","home","GWD Minden","SG Dietzenbach",23,11,TRUE,1,NA,NA,0,0,0,NA,0,0,0,0,0,0,NA,NA,NA,NA,NA,NA,NA,NA,0,0,0,0,NA,NA,NA,NA,NA
"Walter von Oepen","97f2373d-3955-11ef-82ae-292be3190b7b",NA,NA,1975,"4/23/1976","32a4f6ee-3960-11ef-8248-2906cc9fb6bc","home","GWD Minden","SG Dietzenbach",23,11,TRUE,2,NA,NA,0,0,0,NA,0,0,0,0,0,0,NA,NA,NA,NA,NA,NA,NA,NA,0,0,0,0,NA,NA,NA,NA,NA
"Martin Karcher","980f80ce-3955-11ef-8054-292be3190b7b",NA,NA,1975,"4/23/1976","32a4f6ee-3960-11ef-8248-2906cc9fb6bc","home","GWD Minden","SG Dietzenbach",23,11,TRUE,0,NA,NA,0,0,0,NA,0,0,0,0,0,0,NA,NA,NA,NA,NA,NA,NA,NA,0,0,0,0,NA,NA,NA,NA,NA
"Gerhard Buddenbohm","98e2ecac-3955-11ef-b2de-292be3190b7b",NA,NA,1975,"4/23/1976","32a4f6ee-3960-11ef-8248-2906cc9fb6bc","home","GWD Minden","SG Dietzenbach",23,11,TRUE,4,NA,NA,0,0,0,NA,0,0,0,0,0,0,NA,NA,NA,NA,NA,NA,NA,NA,0,0,0,0,NA,NA,NA,NA,NA
"Ólafur Hlöðver Jónsson","98eb7177-3955-11ef-9bda-292be3190b7b",NA,NA,1975,"4/23/1976","32a4f6ee-3960-11ef-8248-2906cc9fb6bc","home","GWD Minden","SG Dietzenbach",23,11,TRUE,4,NA,NA,0,0,0,NA,0,0,0,0,0,0,NA,NA,NA,NA,NA,NA,NA,NA,0,0,0,0,NA,NA,NA,NA,NA
"Hans Kramer","98f50290-3955-11ef-8aa8-292be3190b7b",NA,NA,1975,"4/23/1976","32a4f6ee-3960-11ef-8248-2906cc9fb6bc","home","GWD Minden","SG Dietzenbach",23,11,TRUE,2,NA,NA,0,0,0,NA,0,0,0,0,0,0,NA,NA,NA,NA,NA,NA,NA,NA,0,0,0,0,NA,NA,NA,NA,NA
"Bernd Knuth","b006b967-3955-11ef-9f47-a36230ada079",NA,NA,1975,"4/23/1976","32a4f6ee-3960-11ef-8248-2906cc9fb6bc","home","GWD Minden","SG Dietzenbach",23,11,TRUE,0,NA,NA,0,0,0,NA,0,0,0,0,0,0,NA,NA,NA,NA,NA,NA,NA,NA,0,0,0,0,NA,NA,NA,NA,NA
"Claus Hormel","65a6e4d8-3955-11ef-84ee-292be3190b7b",NA,NA,1975,"4/23/1976","32a4f6ee-3960-11ef-8248-2906cc9fb6bc","away","SG Dietzenbach","GWD Minden",11,23,FALSE,0,NA,NA,0,0,0,NA,0,0,0,0,0,0,NA,NA,NA,NA,NA,NA,NA,NA,0,0,0,0,NA,NA,NA,NA,NA
"Dieter Schappert","808baa47-3955-11ef-b967-b908c60af10a",NA,NA,1975,"4/23/1976","32a4f6ee-3960-11ef-8248-2906cc9fb6bc","away","SG Dietzenbach","GWD Minden",11,23,FALSE,0,NA,NA,0,0,0,NA,0,0,0,0,0,0,NA,NA,NA,NA,NA,NA,NA,NA,0,0,0,0,NA,NA,NA,NA,NA
"Milan Krstić","8a85bfb0-3955-11ef-ac1d-81dc40648355",NA,NA,1975,"4/23/1976","32a4f6ee-3960-11ef-8248-2906cc9fb6bc","away","SG Dietzenbach","GWD Minden",11,23,FALSE,2,NA,NA,0,0,0,NA,0,0,0,0,0,0,NA,NA,NA,NA,NA,NA,NA,NA,0,0,0,0,NA,NA,NA,NA,NA
"Heinz-Walter Behne","8be65881-3955-11ef-8872-81dc40648355",NA,NA,1975,"4/23/1976","32a4f6ee-3960-11ef-8248-2906cc9fb6bc","away","SG Dietzenbach","GWD Minden",11,23,FALSE,1,NA,NA,0,0,0,NA,0,0,0,0,0,0,NA,NA,NA,NA,NA,NA,NA,NA,0,0,0,0,NA,NA,NA,NA,NA
"Herbert Wehnert","96e104db-3955-11ef-b58d-292be3190b7b",NA,NA,1975,"4/23/1976","32a4f6ee-3960-11ef-8248-2906cc9fb6bc","away","SG Dietzenbach","GWD Minden",11,23,FALSE,4,NA,NA,0,0,1,NA,0,0,0,0,0,0,NA,NA,NA,NA,NA,NA,NA,NA,0,0,0,0,NA,NA,NA,NA,NA
"Boris Kostić","982a9c45-3955-11ef-bf0d-292be3190b7b",NA,NA,1975,"4/23/1976","32a4f6ee-3960-11ef-8248-2906cc9fb6bc","away","SG Dietzenbach","GWD Minden",11,23,FALSE,0,NA,NA,0,0,0,NA,0,0,0,0,0,0,NA,NA,NA,NA,NA,NA,NA,NA,0,0,0,0,NA,NA,NA,NA,NA
"Manfred Merk","a2e89182-3955-11ef-b7cf-2510cc07ea6e",NA,NA,1975,"4/23/1976","32a4f6ee-3960-11ef-8248-2906cc9fb6bc","away","SG Dietzenbach","GWD Minden",11,23,FALSE,1,NA,NA,0,0,0,NA,0,0,0,0,0,0,NA,NA,NA,NA,NA,NA,NA,NA,0,0,0,0,NA,NA,NA,NA,NA
"Klaus Budecker","af1ed2a9-3955-11ef-854d-a36230ada079",NA,NA,1975,"4/23/1976","32a4f6ee-3960-11ef-8248-2906cc9fb6bc","away","SG Dietzenbach","GWD Minden",11,23,FALSE,0,NA,NA,0,0,0,NA,0,0,0,0,0,0,NA,NA,NA,NA,NA,NA,NA,NA,0,0,0,0,NA,NA,NA,NA,NA
"Ronald Wittig","af27e5c1-3955-11ef-9f41-a36230ada079",NA,NA,1975,"4/23/1976","32a4f6ee-3960-11ef-8248-2906cc9fb6bc","away","SG Dietzenbach","GWD Minden",11,23,FALSE,2,NA,NA,0,0,0,NA,0,0,0,0,0,0,NA,NA,NA,NA,NA,NA,NA,NA,0,0,0,0,NA,NA,NA,NA,NA
"Heinrich Baum","af2c6c48-3955-11ef-964a-a36230ada079",NA,NA,1975,"4/23/1976","32a4f6ee-3960-11ef-8248-2906cc9fb6bc","away","SG Dietzenbach","GWD Minden",11,23,FALSE,1,NA,NA,0,0,0,NA,0,0,0,0,0,0,NA,NA,NA,NA,NA,NA,NA,NA,0,0,0,0,NA,NA,NA,NA,NA
"Werner Fritzel","b1cdb47c-3955-11ef-8cfd-a36230ada079",NA,NA,1975,"4/23/1976","32a4f6ee-3960-11ef-8248-2906cc9fb6bc","away","SG Dietzenbach","GWD Minden",11,23,FALSE,0,NA,NA,0,0,0,NA,0,0,0,0,0,0,NA,NA,NA,NA,NA,NA,NA,NA,0,0,0,0,NA,NA,NA,NA,NA
"Klaus Rettig","b1d1aa4c-3955-11ef-baf9-a36230ada079",NA,NA,1975,"4/23/1976","32a4f6ee-3960-11ef-8248-2906cc9fb6bc","away","SG Dietzenbach","GWD Minden",11,23,FALSE,0,NA,NA,0,0,0,NA,0,0,0,0,0,0,NA,NA,NA,NA,NA,NA,NA,NA,0,0,0,0,NA,NA,NA,NA,NA
"Arnulf Dümmel","81093055-3955-11ef-9deb-b908c60af10a",NA,NA,1975,"4/23/1976","36e4a634-3960-11ef-9c11-2906cc9fb6bc","home","FRISCH AUF! Göppingen","VfL Lübeck-Schwartau",26,11,TRUE,3,NA,NA,0,0,0,NA,0,0,0,0,0,0,NA,NA,NA,NA,NA,NA,NA,NA,0,0,0,0,NA,NA,NA,NA,NA
"Armin Emrich","8cdd3680-3955-11ef-a93e-81dc40648355",NA,NA,1975,"4/23/1976","36e4a634-3960-11ef-9c11-2906cc9fb6bc","home","FRISCH AUF! Göppingen","VfL Lübeck-Schwartau",26,11,TRUE,5,NA,NA,0,0,1,NA,0,0,0,0,0,0,NA,NA,NA,NA,NA,NA,NA,NA,0,0,0,0,NA,NA,NA,NA,NA
"Hartmut Bressmer","97fa9b74-3955-11ef-ba4c-292be3190b7b",NA,NA,1975,"4/23/1976","36e4a634-3960-11ef-9c11-2906cc9fb6bc","home","FRISCH AUF! Göppingen","VfL Lübeck-Schwartau",26,11,TRUE,5,NA,NA,0,0,0,NA,0,0,0,0,0,0,NA,NA,NA,NA,NA,NA,NA,NA,0,0,0,0,NA,NA,NA,NA,NA
"Gunnar Einarsson","98473f03-3955-11ef-b6da-292be3190b7b",NA,NA,1975,"4/23/1976","36e4a634-3960-11ef-9c11-2906cc9fb6bc","home","FRISCH AUF! Göppingen","VfL Lübeck-Schwartau",26,11,TRUE,6,NA,NA,0,0,0,NA,0,0,0,0,0,0,NA,NA,NA,NA,NA,NA,NA,NA,0,0,0,0,NA,NA,NA,NA,NA
"Klaus Weissinger","994cfaa0-3955-11ef-9141-292be3190b7b",NA,NA,1975,"4/23/1976","36e4a634-3960-11ef-9c11-2906cc9fb6bc","home","FRISCH AUF! Göppingen","VfL Lübeck-Schwartau",26,11,TRUE,0,NA,NA,0,0,0,NA,0,0,0,0,0,0,NA,NA,NA,NA,NA,NA,NA,NA,0,0,0,0,NA,NA,NA,NA,NA
"Hans-Eberhard Finkbeiner","a2f451eb-3955-11ef-99da-2510cc07ea6e",NA,NA,1975,"4/23/1976","36e4a634-3960-11ef-9c11-2906cc9fb6bc","home","FRISCH AUF! Göppingen","VfL Lübeck-Schwartau",26,11,TRUE,0,NA,NA,0,0,0,NA,0,0,0,0,0,0,NA,NA,NA,NA,NA,NA,NA,NA,0,0,0,0,NA,NA,NA,NA,NA
"Wolfgang Don","a2ff75a5-3955-11ef-a510-2510cc07ea6e",NA,NA,1975,"4/23/1976","36e4a634-3960-11ef-9c11-2906cc9fb6bc","home","FRISCH AUF! Göppingen","VfL Lübeck-Schwartau",26,11,TRUE,2,NA,NA,0,0,0,NA,0,0,0,0,0,0,NA,NA,NA,NA,NA,NA,NA,NA,0,0,0,0,NA,NA,NA,NA,NA
"Siegmund Seeger","af76d008-3955-11ef-b7c9-a36230ada079",NA,NA,1975,"4/23/1976","36e4a634-3960-11ef-9c11-2906cc9fb6bc","home","FRISCH AUF! Göppingen","VfL Lübeck-Schwartau",26,11,TRUE,0,NA,NA,0,0,0,NA,0,0,0,0,0,0,NA,NA,NA,NA,NA,NA,NA,NA,0,0,0,0,NA,NA,NA,NA,NA
"Hans Brodbeck","b1f00cc3-3955-11ef-b4c9-a36230ada079",NA,NA,1975,"4/23/1976","36e4a634-3960-11ef-9c11-2906cc9fb6bc","home","FRISCH AUF! Göppingen","VfL Lübeck-Schwartau",26,11,TRUE,0,NA,NA,0,0,0,NA,0,0,0,0,0,0,NA,NA,NA,NA,NA,NA,NA,NA,0,0,0,0,NA,NA,NA,NA,NA
"Ólafur Einarsson","b1f9f675-3955-11ef-bd13-a36230ada079",NA,NA,1975,"4/23/1976","36e4a634-3960-11ef-9c11-2906cc9fb6bc","home","FRISCH AUF! Göppingen","VfL Lübeck-Schwartau",26,11,TRUE,4,NA,NA,0,0,0,NA,0,0,0,0,0,0,NA,NA,NA,NA,NA,NA,NA,NA,0,0,0,0,NA,NA,NA,NA,NA
"Detlef Groß","b20edee3-3955-11ef-9e14-a36230ada079",NA,NA,1975,"4/23/1976","36e4a634-3960-11ef-9c11-2906cc9fb6bc","home","FRISCH AUF! Göppingen","VfL Lübeck-Schwartau",26,11,TRUE,1,NA,NA,0,0,0,NA,0,0,0,0,0,0,NA,NA,NA,NA,NA,NA,NA,NA,0,0,0,0,NA,NA,NA,NA,NA
"Günter Schweikardt","d3e60b79-3953-11ef-9e8c-e3f2de03a1b7",NA,NA,1975,"4/23/1976","36e4a634-3960-11ef-9c11-2906cc9fb6bc","home","FRISCH AUF! Göppingen","VfL Lübeck-Schwartau",26,11,TRUE,0,NA,NA,0,0,0,NA,0,0,0,0,0,0,NA,NA,NA,NA,NA,NA,NA,NA,0,0,0,0,NA,NA,NA,NA,NA
"Klaus-Peter Alwardt","800d39da-3955-11ef-bf47-b908c60af10a",NA,NA,1975,"4/23/1976","36e4a634-3960-11ef-9c11-2906cc9fb6bc","away","VfL Lübeck-Schwartau","FRISCH AUF! Göppingen",11,26,FALSE,1,NA,NA,0,0,0,NA,0,0,0,0,0,0,NA,NA,NA,NA,NA,NA,NA,NA,0,0,0,0,NA,NA,NA,NA,NA
"Michael Dogs","b0cecb4a-3955-11ef-b665-a36230ada079",NA,NA,1975,"4/23/1976","36e4a634-3960-11ef-9c11-2906cc9fb6bc","away","VfL Lübeck-Schwartau","FRISCH AUF! Göppingen",11,26,FALSE,0,NA,NA,0,0,0,NA,0,0,0,0,0,0,NA,NA,NA,NA,NA,NA,NA,NA,0,0,0,0,NA,NA,NA,NA,NA
"Peter Toll","b0d38f08-3955-11ef-8430-a36230ada079",NA,NA,1975,"4/23/1976","36e4a634-3960-11ef-9c11-2906cc9fb6bc","away","VfL Lübeck-Schwartau","FRISCH AUF! Göppingen",11,26,FALSE,0,NA,NA,0,0,0,NA,0,0,0,0,0,0,NA,NA,NA,NA,NA,NA,NA,NA,0,0,0,0,NA,NA,NA,NA,NA
"Claus Gramkow","b0d7d6e6-3955-11ef-bb1c-a36230ada079",NA,NA,1975,"4/23/1976","36e4a634-3960-11ef-9c11-2906cc9fb6bc","away","VfL Lübeck-Schwartau","FRISCH AUF! Göppingen",11,26,FALSE,0,NA,NA,0,0,0,NA,0,0,0,0,0,0,NA,NA,NA,NA,NA,NA,NA,NA,0,0,0,0,NA,NA,NA,NA,NA
"Joachim Römer","b0dcb8e7-3955-11ef-83ab-a36230ada079",NA,NA,1975,"4/23/1976","36e4a634-3960-11ef-9c11-2906cc9fb6bc","away","VfL Lübeck-Schwartau","FRISCH AUF! Göppingen",11,26,FALSE,1,NA,NA,0,0,0,NA,0,0,0,0,0,0,NA,NA,NA,NA,NA,NA,NA,NA,0,0,0,0,NA,NA,NA,NA,NA
"Peter Görtz","b0e9ae8f-3955-11ef-aa48-a36230ada079",NA,NA,1975,"4/23/1976","36e4a634-3960-11ef-9c11-2906cc9fb6bc","away","VfL Lübeck-Schwartau","FRISCH AUF! Göppingen",11,26,FALSE,0,NA,NA,0,0,0,NA,0,0,0,0,0,0,NA,NA,NA,NA,NA,NA,NA,NA,0,0,0,0,NA,NA,NA,NA,NA
"Ulrich Kleinstoll","b0f37438-3955-11ef-84e6-a36230ada079",NA,NA,1975,"4/23/1976","36e4a634-3960-11ef-9c11-2906cc9fb6bc","away","VfL Lübeck-Schwartau","FRISCH AUF! Göppingen",11,26,FALSE,0,NA,NA,0,0,0,NA,0,0,0,0,0,0,NA,NA,NA,NA,NA,NA,NA,NA,0,0,0,0,NA,NA,NA,NA,NA
"Thomas Kluth","b0f877c0-3955-11ef-a314-a36230ada079",NA,NA,1975,"4/23/1976","36e4a634-3960-11ef-9c11-2906cc9fb6bc","away","VfL Lübeck-Schwartau","FRISCH AUF! Göppingen",11,26,FALSE,5,NA,NA,0,0,2,NA,0,0,0,0,0,0,NA,NA,NA,NA,NA,NA,NA,NA,0,0,0,0,NA,NA,NA,NA,NA
"Holger Rosenfeldt","b0fd53e2-3955-11ef-9f9a-a36230ada079",NA,NA,1975,"4/23/1976","36e4a634-3960-11ef-9c11-2906cc9fb6bc","away","VfL Lübeck-Schwartau","FRISCH AUF! Göppingen",11,26,FALSE,2,NA,NA,0,0,0,NA,0,0,0,0,0,0,NA,NA,NA,NA,NA,NA,NA,NA,0,0,0,0,NA,NA,NA,NA,NA
"Karl Weiß","b106c2d8-3955-11ef-9358-a36230ada079",NA,NA,1975,"4/23/1976","36e4a634-3960-11ef-9c11-2906cc9fb6bc","away","VfL Lübeck-Schwartau","FRISCH AUF! Göppingen",11,26,FALSE,0,NA,NA,0,0,0,NA,0,0,0,0,0,0,NA,NA,NA,NA,NA,NA,NA,NA,0,0,0,0,NA,NA,NA,NA,NA
"Siegfried Berg","b10d3ec3-3955-11ef-8a30-a36230ada079",NA,NA,1975,"4/23/1976","36e4a634-3960-11ef-9c11-2906cc9fb6bc","away","VfL Lübeck-Schwartau","FRISCH AUF! Göppingen",11,26,FALSE,2,NA,NA,0,0,0,NA,0,0,0,0,0,0,NA,NA,NA,NA,NA,NA,NA,NA,0,0,0,0,NA,NA,NA,NA,NA
"Matthias Germer","b1152ccd-3955-11ef-b7fd-a36230ada079",NA,NA,1975,"4/23/1976","36e4a634-3960-11ef-9c11-2906cc9fb6bc","away","VfL Lübeck-Schwartau","FRISCH AUF! Göppingen",11,26,FALSE,0,NA,NA,0,0,0,NA,0,0,0,0,0,0,NA,NA,NA,NA,NA,NA,NA,NA,0,0,0,0,NA,NA,NA,NA,NA
"Arno Ehret","39c2c361-3955-11ef-8c9d-bfbfc9e17c09",NA,NA,1975,"4/24/1976","3161f17e-3960-11ef-93ac-2906cc9fb6bc","home","TuS Hofweier","VfL Gummersbach",15,19,FALSE,6,NA,NA,0,0,0,NA,0,0,0,0,0,0,NA,NA,NA,NA,NA,NA,NA,NA,0,0,0,0,NA,NA,NA,NA,NA
"Siegfried Stöcklin","8b65c521-3955-11ef-99c9-81dc40648355",NA,NA,1975,"4/24/1976","3161f17e-3960-11ef-93ac-2906cc9fb6bc","home","TuS Hofweier","VfL Gummersbach",15,19,FALSE,0,NA,NA,0,0,0,NA,0,0,0,0,0,0,NA,NA,NA,NA,NA,NA,NA,NA,0,0,0,0,NA,NA,NA,NA,NA
"Simon Schobel","8ce176f8-3955-11ef-97b1-81dc40648355",NA,NA,1975,"4/24/1976","3161f17e-3960-11ef-93ac-2906cc9fb6bc","home","TuS Hofweier","VfL Gummersbach",15,19,FALSE,6,NA,NA,0,0,2,NA,0,0,0,0,0,0,NA,NA,NA,NA,NA,NA,NA,NA,0,0,0,0,NA,NA,NA,NA,NA
"Peter Bucher","8e0071c9-3955-11ef-8ff8-81dc40648355",NA,NA,1975,"4/24/1976","3161f17e-3960-11ef-93ac-2906cc9fb6bc","home","TuS Hofweier","VfL Gummersbach",15,19,FALSE,1,NA,NA,0,0,0,NA,0,0,0,0,0,0,NA,NA,NA,NA,NA,NA,NA,NA,0,0,0,0,NA,NA,NA,NA,NA
"Hans-Jürgen Schatz","8e13c07e-3955-11ef-9871-81dc40648355",NA,NA,1975,"4/24/1976","3161f17e-3960-11ef-93ac-2906cc9fb6bc","home","TuS Hofweier","VfL Gummersbach",15,19,FALSE,0,NA,NA,0,0,0,NA,0,0,0,0,0,0,NA,NA,NA,NA,NA,NA,NA,NA,0,0,0,0,NA,NA,NA,NA,NA
"Josef Schienle","8e1c1721-3955-11ef-9a54-81dc40648355",NA,NA,1975,"4/24/1976","3161f17e-3960-11ef-93ac-2906cc9fb6bc","home","TuS Hofweier","VfL Gummersbach",15,19,FALSE,1,NA,NA,0,0,0,NA,0,0,0,0,0,0,NA,NA,NA,NA,NA,NA,NA,NA,0,0,0,0,NA,NA,NA,NA,NA
"Franz Bechler","98035d7e-3955-11ef-8b94-292be3190b7b",NA,NA,1975,"4/24/1976","3161f17e-3960-11ef-93ac-2906cc9fb6bc","home","TuS Hofweier","VfL Gummersbach",15,19,FALSE,1,NA,NA,0,0,0,NA,0,0,0,0,0,0,NA,NA,NA,NA,NA,NA,NA,NA,0,0,0,0,NA,NA,NA,NA,NA
"Martin Huck","a397ac63-3955-11ef-ae8a-2510cc07ea6e",NA,NA,1975,"4/24/1976","3161f17e-3960-11ef-93ac-2906cc9fb6bc","home","TuS Hofweier","VfL Gummersbach",15,19,FALSE,0,NA,NA,0,0,0,NA,0,0,0,0,0,0,NA,NA,NA,NA,NA,NA,NA,NA,0,0,0,0,NA,NA,NA,NA,NA
"Werner Voit","a3b992ef-3955-11ef-84c8-2510cc07ea6e",NA,NA,1975,"4/24/1976","3161f17e-3960-11ef-93ac-2906cc9fb6bc","home","TuS Hofweier","VfL Gummersbach",15,19,FALSE,0,NA,NA,0,0,0,NA,0,0,0,0,0,0,NA,NA,NA,NA,NA,NA,NA,NA,0,0,0,0,NA,NA,NA,NA,NA
"Werner Decker","afcae313-3955-11ef-a9cf-a36230ada079",NA,NA,1975,"4/24/1976","3161f17e-3960-11ef-93ac-2906cc9fb6bc","home","TuS Hofweier","VfL Gummersbach",15,19,FALSE,0,NA,NA,0,0,0,NA,0,0,0,0,0,0,NA,NA,NA,NA,NA,NA,NA,NA,0,0,0,0,NA,NA,NA,NA,NA
"Wolfgang Bruck","afd5808d-3955-11ef-a3c4-a36230ada079",NA,NA,1975,"4/24/1976","3161f17e-3960-11ef-93ac-2906cc9fb6bc","home","TuS Hofweier","VfL Gummersbach",15,19,FALSE,0,NA,NA,0,0,0,NA,0,0,0,0,0,0,NA,NA,NA,NA,NA,NA,NA,NA,0,0,0,0,NA,NA,NA,NA,NA
"Wilfried Göppert","afe18023-3955-11ef-8040-a36230ada079",NA,NA,1975,"4/24/1976","3161f17e-3960-11ef-93ac-2906cc9fb6bc","home","TuS Hofweier","VfL Gummersbach",15,19,FALSE,0,NA,NA,0,0,0,NA,0,0,0,0,0,0,NA,NA,NA,NA,NA,NA,NA,NA,0,0,0,0,NA,NA,NA,NA,NA
"Heiner Brand","44e82d45-3955-11ef-bc71-4fa817cd91bb",NA,NA,1975,"4/24/1976","3161f17e-3960-11ef-93ac-2906cc9fb6bc","away","VfL Gummersbach","TuS Hofweier",19,15,TRUE,1,NA,NA,0,0,0,NA,0,0,0,0,0,0,NA,NA,NA,NA,NA,NA,NA,NA,0,0,0,0,NA,NA,NA,NA,NA
"Reiner Schumacher","8aac0482-3955-11ef-9f92-81dc40648355",NA,NA,1975,"4/24/1976","3161f17e-3960-11ef-93ac-2906cc9fb6bc","away","VfL Gummersbach","TuS Hofweier",19,15,TRUE,0,NA,NA,0,0,0,NA,0,0,0,0,0,0,NA,NA,NA,NA,NA,NA,NA,NA,0,0,0,0,NA,NA,NA,NA,NA
"Klaus Westebbe","8c58f63a-3955-11ef-b65e-81dc40648355",NA,NA,1975,"4/24/1976","3161f17e-3960-11ef-93ac-2906cc9fb6bc","away","VfL Gummersbach","TuS Hofweier",19,15,TRUE,6,NA,NA,0,0,0,NA,0,0,0,0,0,0,NA,NA,NA,NA,NA,NA,NA,NA,0,0,0,0,NA,NA,NA,NA,NA
"Klaus Kater","8da1f6ef-3955-11ef-b31a-81dc40648355",NA,NA,1975,"4/24/1976","3161f17e-3960-11ef-93ac-2906cc9fb6bc","away","VfL Gummersbach","TuS Hofweier",19,15,TRUE,0,NA,NA,0,0,0,NA,0,0,0,0,0,0,NA,NA,NA,NA,NA,NA,NA,NA,0,0,0,0,NA,NA,NA,NA,NA
"Klaus Schlagheck","97a06613-3955-11ef-8056-292be3190b7b",NA,NA,1975,"4/24/1976","3161f17e-3960-11ef-93ac-2906cc9fb6bc","away","VfL Gummersbach","TuS Hofweier",19,15,TRUE,1,NA,NA,0,0,0,NA,0,0,0,0,0,0,NA,NA,NA,NA,NA,NA,NA,NA,0,0,0,0,NA,NA,NA,NA,NA
"Joachim Deckarm","9976945f-3955-11ef-afc4-292be3190b7b",NA,NA,1975,"4/24/1976","3161f17e-3960-11ef-93ac-2906cc9fb6bc","away","VfL Gummersbach","TuS Hofweier",19,15,TRUE,4,NA,NA,0,0,2,NA,0,0,0,0,0,0,NA,NA,NA,NA,NA,NA,NA,NA,0,0,0,0,NA,NA,NA,NA,NA
"Jochen Feldhoff","a32751a5-3955-11ef-badf-2510cc07ea6e",NA,NA,1975,"4/24/1976","3161f17e-3960-11ef-93ac-2906cc9fb6bc","away","VfL Gummersbach","TuS Hofweier",19,15,TRUE,1,NA,NA,0,0,0,NA,0,0,0,0,0,0,NA,NA,NA,NA,NA,NA,NA,NA,0,0,0,0,NA,NA,NA,NA,NA
"Manfred Glodde","a32e0a86-3955-11ef-9caa-2510cc07ea6e",NA,NA,1975,"4/24/1976","3161f17e-3960-11ef-93ac-2906cc9fb6bc","away","VfL Gummersbach","TuS Hofweier",19,15,TRUE,0,NA,NA,0,0,0,NA,0,0,0,0,0,0,NA,NA,NA,NA,NA,NA,NA,NA,0,0,0,0,NA,NA,NA,NA,NA
"Joachim Henkels","a3386008-3955-11ef-810a-2510cc07ea6e",NA,NA,1975,"4/24/1976","3161f17e-3960-11ef-93ac-2906cc9fb6bc","away","VfL Gummersbach","TuS Hofweier",19,15,TRUE,3,NA,NA,0,0,0,NA,0,0,0,0,0,0,NA,NA,NA,NA,NA,NA,NA,NA,0,0,0,0,NA,NA,NA,NA,NA
"Werner Lettgen","ae263c3c-3955-11ef-96f7-a36230ada079",NA,NA,1975,"4/24/1976","3161f17e-3960-11ef-93ac-2906cc9fb6bc","away","VfL Gummersbach","TuS Hofweier",19,15,TRUE,1,NA,NA,0,0,0,NA,0,0,0,0,0,0,NA,NA,NA,NA,NA,NA,NA,NA,0,0,0,0,NA,NA,NA,NA,NA
"Hans-Günther Schmidt","aff5702f-3955-11ef-9878-a36230ada079",NA,NA,1975,"4/24/1976","3161f17e-3960-11ef-93ac-2906cc9fb6bc","away","VfL Gummersbach","TuS Hofweier",19,15,TRUE,2,NA,NA,0,0,0,NA,0,0,0,0,0,0,NA,NA,NA,NA,NA,NA,NA,NA,0,0,0,0,NA,NA,NA,NA,NA
"Heiner Brand","44e82d45-3955-11ef-bc71-4fa817cd91bb",NA,NA,1975,"4/29/1976","31725750-3960-11ef-a37f-2906cc9fb6bc","home","VfL Gummersbach","TuS Hofweier",18,15,TRUE,2,NA,NA,0,0,0,NA,0,0,0,0,0,0,NA,NA,NA,NA,NA,NA,NA,NA,0,0,0,0,NA,NA,NA,NA,NA
"Reiner Schumacher","8aac0482-3955-11ef-9f92-81dc40648355",NA,NA,1975,"4/29/1976","31725750-3960-11ef-a37f-2906cc9fb6bc","home","VfL Gummersbach","TuS Hofweier",18,15,TRUE,0,NA,NA,0,0,0,NA,0,0,0,0,0,0,NA,NA,NA,NA,NA,NA,NA,NA,0,0,0,0,NA,NA,NA,NA,NA
"Klaus Westebbe","8c58f63a-3955-11ef-b65e-81dc40648355",NA,NA,1975,"4/29/1976","31725750-3960-11ef-a37f-2906cc9fb6bc","home","VfL Gummersbach","TuS Hofweier",18,15,TRUE,4,NA,NA,0,0,0,NA,0,0,0,0,0,0,NA,NA,NA,NA,NA,NA,NA,NA,0,0,0,0,NA,NA,NA,NA,NA
"Klaus Kater","8da1f6ef-3955-11ef-b31a-81dc40648355",NA,NA,1975,"4/29/1976","31725750-3960-11ef-a37f-2906cc9fb6bc","home","VfL Gummersbach","TuS Hofweier",18,15,TRUE,0,NA,NA,0,0,0,NA,0,0,0,0,0,0,NA,NA,NA,NA,NA,NA,NA,NA,0,0,0,0,NA,NA,NA,NA,NA
"Klaus Schlagheck","97a06613-3955-11ef-8056-292be3190b7b",NA,NA,1975,"4/29/1976","31725750-3960-11ef-a37f-2906cc9fb6bc","home","VfL Gummersbach","TuS Hofweier",18,15,TRUE,2,NA,NA,0,0,0,NA,0,0,0,0,0,0,NA,NA,NA,NA,NA,NA,NA,NA,0,0,0,0,NA,NA,NA,NA,NA
"Joachim Deckarm","9976945f-3955-11ef-afc4-292be3190b7b",NA,NA,1975,"4/29/1976","31725750-3960-11ef-a37f-2906cc9fb6bc","home","VfL Gummersbach","TuS Hofweier",18,15,TRUE,3,NA,NA,0,0,2,NA,0,0,0,0,0,0,NA,NA,NA,NA,NA,NA,NA,NA,0,0,0,0,NA,NA,NA,NA,NA
"Jochen Feldhoff","a32751a5-3955-11ef-badf-2510cc07ea6e",NA,NA,1975,"4/29/1976","31725750-3960-11ef-a37f-2906cc9fb6bc","home","VfL Gummersbach","TuS Hofweier",18,15,TRUE,1,NA,NA,0,0,0,NA,0,0,0,0,0,0,NA,NA,NA,NA,NA,NA,NA,NA,0,0,0,0,NA,NA,NA,NA,NA
"Manfred Glodde","a32e0a86-3955-11ef-9caa-2510cc07ea6e",NA,NA,1975,"4/29/1976","31725750-3960-11ef-a37f-2906cc9fb6bc","home","VfL Gummersbach","TuS Hofweier",18,15,TRUE,1,NA,NA,0,0,0,NA,0,0,0,0,0,0,NA,NA,NA,NA,NA,NA,NA,NA,0,0,0,0,NA,NA,NA,NA,NA
"Joachim Henkels","a3386008-3955-11ef-810a-2510cc07ea6e",NA,NA,1975,"4/29/1976","31725750-3960-11ef-a37f-2906cc9fb6bc","home","VfL Gummersbach","TuS Hofweier",18,15,TRUE,2,NA,NA,0,0,0,NA,0,0,0,0,0,0,NA,NA,NA,NA,NA,NA,NA,NA,0,0,0,0,NA,NA,NA,NA,NA
"Karl-Heinz Nolde","a33d5c4a-3955-11ef-b577-2510cc07ea6e",NA,NA,1975,"4/29/1976","31725750-3960-11ef-a37f-2906cc9fb6bc","home","VfL Gummersbach","TuS Hofweier",18,15,TRUE,0,NA,NA,0,0,0,NA,0,0,0,0,0,0,NA,NA,NA,NA,NA,NA,NA,NA,0,0,0,0,NA,NA,NA,NA,NA
"Werner Lettgen","ae263c3c-3955-11ef-96f7-a36230ada079",NA,NA,1975,"4/29/1976","31725750-3960-11ef-a37f-2906cc9fb6bc","home","VfL Gummersbach","TuS Hofweier",18,15,TRUE,0,NA,NA,0,0,0,NA,0,0,0,0,0,0,NA,NA,NA,NA,NA,NA,NA,NA,0,0,0,0,NA,NA,NA,NA,NA
"Hans-Günther Schmidt","aff5702f-3955-11ef-9878-a36230ada079",NA,NA,1975,"4/29/1976","31725750-3960-11ef-a37f-2906cc9fb6bc","home","VfL Gummersbach","TuS Hofweier",18,15,TRUE,3,NA,NA,0,0,0,NA,0,0,0,0,0,0,NA,NA,NA,NA,NA,NA,NA,NA,0,0,0,0,NA,NA,NA,NA,NA
"Arno Ehret","39c2c361-3955-11ef-8c9d-bfbfc9e17c09",NA,NA,1975,"4/29/1976","31725750-3960-11ef-a37f-2906cc9fb6bc","away","TuS Hofweier","VfL Gummersbach",15,18,FALSE,5,NA,NA,0,0,0,NA,0,0,0,0,0,0,NA,NA,NA,NA,NA,NA,NA,NA,0,0,0,0,NA,NA,NA,NA,NA
"Siegfried Stöcklin","8b65c521-3955-11ef-99c9-81dc40648355",NA,NA,1975,"4/29/1976","31725750-3960-11ef-a37f-2906cc9fb6bc","away","TuS Hofweier","VfL Gummersbach",15,18,FALSE,0,NA,NA,0,0,0,NA,0,0,0,0,0,0,NA,NA,NA,NA,NA,NA,NA,NA,0,0,0,0,NA,NA,NA,NA,NA
"Simon Schobel","8ce176f8-3955-11ef-97b1-81dc40648355",NA,NA,1975,"4/29/1976","31725750-3960-11ef-a37f-2906cc9fb6bc","away","TuS Hofweier","VfL Gummersbach",15,18,FALSE,2,NA,NA,0,0,0,NA,0,0,0,0,0,0,NA,NA,NA,NA,NA,NA,NA,NA,0,0,0,0,NA,NA,NA,NA,NA
"Hans-Jürgen Schatz","8e13c07e-3955-11ef-9871-81dc40648355",NA,NA,1975,"4/29/1976","31725750-3960-11ef-a37f-2906cc9fb6bc","away","TuS Hofweier","VfL Gummersbach",15,18,FALSE,0,NA,NA,0,0,0,NA,0,0,0,0,0,0,NA,NA,NA,NA,NA,NA,NA,NA,0,0,0,0,NA,NA,NA,NA,NA
"Josef Schienle","8e1c1721-3955-11ef-9a54-81dc40648355",NA,NA,1975,"4/29/1976","31725750-3960-11ef-a37f-2906cc9fb6bc","away","TuS Hofweier","VfL Gummersbach",15,18,FALSE,1,NA,NA,0,0,0,NA,0,0,0,0,0,0,NA,NA,NA,NA,NA,NA,NA,NA,0,0,0,0,NA,NA,NA,NA,NA
"Franz Bechler","98035d7e-3955-11ef-8b94-292be3190b7b",NA,NA,1975,"4/29/1976","31725750-3960-11ef-a37f-2906cc9fb6bc","away","TuS Hofweier","VfL Gummersbach",15,18,FALSE,4,NA,NA,0,0,0,NA,0,0,0,0,0,0,NA,NA,NA,NA,NA,NA,NA,NA,0,0,0,0,NA,NA,NA,NA,NA
"Martin Huck","a397ac63-3955-11ef-ae8a-2510cc07ea6e",NA,NA,1975,"4/29/1976","31725750-3960-11ef-a37f-2906cc9fb6bc","away","TuS Hofweier","VfL Gummersbach",15,18,FALSE,0,NA,NA,0,0,0,NA,0,0,0,0,0,0,NA,NA,NA,NA,NA,NA,NA,NA,0,0,0,0,NA,NA,NA,NA,NA
"Werner Voit","a3b992ef-3955-11ef-84c8-2510cc07ea6e",NA,NA,1975,"4/29/1976","31725750-3960-11ef-a37f-2906cc9fb6bc","away","TuS Hofweier","VfL Gummersbach",15,18,FALSE,2,NA,NA,0,0,0,NA,0,0,0,0,0,0,NA,NA,NA,NA,NA,NA,NA,NA,0,0,0,0,NA,NA,NA,NA,NA
"Werner Decker","afcae313-3955-11ef-a9cf-a36230ada079",NA,NA,1975,"4/29/1976","31725750-3960-11ef-a37f-2906cc9fb6bc","away","TuS Hofweier","VfL Gummersbach",15,18,FALSE,0,NA,NA,0,0,0,NA,0,0,0,0,0,0,NA,NA,NA,NA,NA,NA,NA,NA,0,0,0,0,NA,NA,NA,NA,NA
"Wolfgang Bruck","afd5808d-3955-11ef-a3c4-a36230ada079",NA,NA,1975,"4/29/1976","31725750-3960-11ef-a37f-2906cc9fb6bc","away","TuS Hofweier","VfL Gummersbach",15,18,FALSE,1,NA,NA,0,0,0,NA,0,0,0,0,0,0,NA,NA,NA,NA,NA,NA,NA,NA,0,0,0,0,NA,NA,NA,NA,NA
"Wilfried Göppert","afe18023-3955-11ef-8040-a36230ada079",NA,NA,1975,"4/29/1976","31725750-3960-11ef-a37f-2906cc9fb6bc","away","TuS Hofweier","VfL Gummersbach",15,18,FALSE,0,NA,NA,0,0,0,NA,0,0,0,0,0,0,NA,NA,NA,NA,NA,NA,NA,NA,0,0,0,0,NA,NA,NA,NA,NA
"Klaus-Peter Alwardt","800d39da-3955-11ef-bf47-b908c60af10a",NA,NA,1975,"4/30/1976","36f58642-3960-11ef-927a-2906cc9fb6bc","home","VfL Lübeck-Schwartau","FRISCH AUF! Göppingen",25,16,TRUE,2,NA,NA,0,0,0,NA,0,0,0,0,0,0,NA,NA,NA,NA,NA,NA,NA,NA,0,0,0,0,NA,NA,NA,NA,NA
"Michael Dogs","b0cecb4a-3955-11ef-b665-a36230ada079",NA,NA,1975,"4/30/1976","36f58642-3960-11ef-927a-2906cc9fb6bc","home","VfL Lübeck-Schwartau","FRISCH AUF! Göppingen",25,16,TRUE,0,NA,NA,0,0,0,NA,0,0,0,0,0,0,NA,NA,NA,NA,NA,NA,NA,NA,0,0,0,0,NA,NA,NA,NA,NA
"Claus Gramkow","b0d7d6e6-3955-11ef-bb1c-a36230ada079",NA,NA,1975,"4/30/1976","36f58642-3960-11ef-927a-2906cc9fb6bc","home","VfL Lübeck-Schwartau","FRISCH AUF! Göppingen",25,16,TRUE,0,NA,NA,0,0,0,NA,0,0,0,0,0,0,NA,NA,NA,NA,NA,NA,NA,NA,0,0,0,0,NA,NA,NA,NA,NA
"Joachim Römer","b0dcb8e7-3955-11ef-83ab-a36230ada079",NA,NA,1975,"4/30/1976","36f58642-3960-11ef-927a-2906cc9fb6bc","home","VfL Lübeck-Schwartau","FRISCH AUF! Göppingen",25,16,TRUE,3,NA,NA,0,0,2,NA,0,0,0,0,0,0,NA,NA,NA,NA,NA,NA,NA,NA,0,0,0,0,NA,NA,NA,NA,NA
"Peter Görtz","b0e9ae8f-3955-11ef-aa48-a36230ada079",NA,NA,1975,"4/30/1976","36f58642-3960-11ef-927a-2906cc9fb6bc","home","VfL Lübeck-Schwartau","FRISCH AUF! Göppingen",25,16,TRUE,10,NA,NA,0,0,5,NA,0,0,0,0,0,0,NA,NA,NA,NA,NA,NA,NA,NA,0,0,0,0,NA,NA,NA,NA,NA
"Ulrich Kleinstoll","b0f37438-3955-11ef-84e6-a36230ada079",NA,NA,1975,"4/30/1976","36f58642-3960-11ef-927a-2906cc9fb6bc","home","VfL Lübeck-Schwartau","FRISCH AUF! Göppingen",25,16,TRUE,3,NA,NA,0,0,0,NA,0,0,0,0,0,0,NA,NA,NA,NA,NA,NA,NA,NA,0,0,0,0,NA,NA,NA,NA,NA
"Thomas Kluth","b0f877c0-3955-11ef-a314-a36230ada079",NA,NA,1975,"4/30/1976","36f58642-3960-11ef-927a-2906cc9fb6bc","home","VfL Lübeck-Schwartau","FRISCH AUF! Göppingen",25,16,TRUE,4,NA,NA,0,0,0,NA,0,0,0,0,0,0,NA,NA,NA,NA,NA,NA,NA,NA,0,0,0,0,NA,NA,NA,NA,NA
"Holger Rosenfeldt","b0fd53e2-3955-11ef-9f9a-a36230ada079",NA,NA,1975,"4/30/1976","36f58642-3960-11ef-927a-2906cc9fb6bc","home","VfL Lübeck-Schwartau","FRISCH AUF! Göppingen",25,16,TRUE,1,NA,NA,0,0,0,NA,0,0,0,0,0,0,NA,NA,NA,NA,NA,NA,NA,NA,0,0,0,0,NA,NA,NA,NA,NA
"Karl Weiß","b106c2d8-3955-11ef-9358-a36230ada079",NA,NA,1975,"4/30/1976","36f58642-3960-11ef-927a-2906cc9fb6bc","home","VfL Lübeck-Schwartau","FRISCH AUF! Göppingen",25,16,TRUE,0,NA,NA,0,0,0,NA,0,0,0,0,0,0,NA,NA,NA,NA,NA,NA,NA,NA,0,0,0,0,NA,NA,NA,NA,NA
"Siegfried Berg","b10d3ec3-3955-11ef-8a30-a36230ada079",NA,NA,1975,"4/30/1976","36f58642-3960-11ef-927a-2906cc9fb6bc","home","VfL Lübeck-Schwartau","FRISCH AUF! Göppingen",25,16,TRUE,2,NA,NA,0,0,0,NA,0,0,0,0,0,0,NA,NA,NA,NA,NA,NA,NA,NA,0,0,0,0,NA,NA,NA,NA,NA
"Matthias Germer","b1152ccd-3955-11ef-b7fd-a36230ada079",NA,NA,1975,"4/30/1976","36f58642-3960-11ef-927a-2906cc9fb6bc","home","VfL Lübeck-Schwartau","FRISCH AUF! Göppingen",25,16,TRUE,0,NA,NA,0,0,0,NA,0,0,0,0,0,0,NA,NA,NA,NA,NA,NA,NA,NA,0,0,0,0,NA,NA,NA,NA,NA
"Arnulf Dümmel","81093055-3955-11ef-9deb-b908c60af10a",NA,NA,1975,"4/30/1976","36f58642-3960-11ef-927a-2906cc9fb6bc","away","FRISCH AUF! Göppingen","VfL Lübeck-Schwartau",16,25,FALSE,3,NA,NA,0,0,0,NA,0,0,0,0,0,0,NA,NA,NA,NA,NA,NA,NA,NA,0,0,0,0,NA,NA,NA,NA,NA
"Armin Emrich","8cdd3680-3955-11ef-a93e-81dc40648355",NA,NA,1975,"4/30/1976","36f58642-3960-11ef-927a-2906cc9fb6bc","away","FRISCH AUF! Göppingen","VfL Lübeck-Schwartau",16,25,FALSE,6,NA,NA,0,0,2,NA,0,0,0,0,0,0,NA,NA,NA,NA,NA,NA,NA,NA,0,0,0,0,NA,NA,NA,NA,NA
"Hartmut Bressmer","97fa9b74-3955-11ef-ba4c-292be3190b7b",NA,NA,1975,"4/30/1976","36f58642-3960-11ef-927a-2906cc9fb6bc","away","FRISCH AUF! Göppingen","VfL Lübeck-Schwartau",16,25,FALSE,2,NA,NA,0,0,0,NA,0,0,0,0,0,0,NA,NA,NA,NA,NA,NA,NA,NA,0,0,0,0,NA,NA,NA,NA,NA
"Gunnar Einarsson","98473f03-3955-11ef-b6da-292be3190b7b",NA,NA,1975,"4/30/1976","36f58642-3960-11ef-927a-2906cc9fb6bc","away","FRISCH AUF! Göppingen","VfL Lübeck-Schwartau",16,25,FALSE,1,NA,NA,0,0,0,NA,0,0,0,0,0,0,NA,NA,NA,NA,NA,NA,NA,NA,0,0,0,0,NA,NA,NA,NA,NA
"Klaus Weissinger","994cfaa0-3955-11ef-9141-292be3190b7b",NA,NA,1975,"4/30/1976","36f58642-3960-11ef-927a-2906cc9fb6bc","away","FRISCH AUF! Göppingen","VfL Lübeck-Schwartau",16,25,FALSE,1,NA,NA,0,0,0,NA,0,0,0,0,0,0,NA,NA,NA,NA,NA,NA,NA,NA,0,0,0,0,NA,NA,NA,NA,NA
"Hans-Eberhard Finkbeiner","a2f451eb-3955-11ef-99da-2510cc07ea6e",NA,NA,1975,"4/30/1976","36f58642-3960-11ef-927a-2906cc9fb6bc","away","FRISCH AUF! Göppingen","VfL Lübeck-Schwartau",16,25,FALSE,0,NA,NA,0,0,0,NA,0,0,0,0,0,0,NA,NA,NA,NA,NA,NA,NA,NA,0,0,0,0,NA,NA,NA,NA,NA
"Wolfgang Don","a2ff75a5-3955-11ef-a510-2510cc07ea6e",NA,NA,1975,"4/30/1976","36f58642-3960-11ef-927a-2906cc9fb6bc","away","FRISCH AUF! Göppingen","VfL Lübeck-Schwartau",16,25,FALSE,1,NA,NA,0,0,0,NA,0,0,0,0,0,0,NA,NA,NA,NA,NA,NA,NA,NA,0,0,0,0,NA,NA,NA,NA,NA
"Siegmund Seeger","af76d008-3955-11ef-b7c9-a36230ada079",NA,NA,1975,"4/30/1976","36f58642-3960-11ef-927a-2906cc9fb6bc","away","FRISCH AUF! Göppingen","VfL Lübeck-Schwartau",16,25,FALSE,0,NA,NA,0,0,0,NA,0,0,0,0,0,0,NA,NA,NA,NA,NA,NA,NA,NA,0,0,0,0,NA,NA,NA,NA,NA
"Hans Brodbeck","b1f00cc3-3955-11ef-b4c9-a36230ada079",NA,NA,1975,"4/30/1976","36f58642-3960-11ef-927a-2906cc9fb6bc","away","FRISCH AUF! Göppingen","VfL Lübeck-Schwartau",16,25,FALSE,0,NA,NA,0,0,0,NA,0,0,0,0,0,0,NA,NA,NA,NA,NA,NA,NA,NA,0,0,0,0,NA,NA,NA,NA,NA
"Ólafur Einarsson","b1f9f675-3955-11ef-bd13-a36230ada079",NA,NA,1975,"4/30/1976","36f58642-3960-11ef-927a-2906cc9fb6bc","away","FRISCH AUF! Göppingen","VfL Lübeck-Schwartau",16,25,FALSE,1,NA,NA,0,0,0,NA,0,0,0,0,0,0,NA,NA,NA,NA,NA,NA,NA,NA,0,0,0,0,NA,NA,NA,NA,NA
"Detlef Groß","b20edee3-3955-11ef-9e14-a36230ada079",NA,NA,1975,"4/30/1976","36f58642-3960-11ef-927a-2906cc9fb6bc","away","FRISCH AUF! Göppingen","VfL Lübeck-Schwartau",16,25,FALSE,1,NA,NA,0,0,0,NA,0,0,0,0,0,0,NA,NA,NA,NA,NA,NA,NA,NA,0,0,0,0,NA,NA,NA,NA,NA
"Günter Schweikardt","d3e60b79-3953-11ef-9e8c-e3f2de03a1b7",NA,NA,1975,"4/30/1976","36f58642-3960-11ef-927a-2906cc9fb6bc","away","FRISCH AUF! Göppingen","VfL Lübeck-Schwartau",16,25,FALSE,0,NA,NA,0,0,0,NA,0,0,0,0,0,0,NA,NA,NA,NA,NA,NA,NA,NA,0,0,0,0,NA,NA,NA,NA,NA
"Claus Hormel","65a6e4d8-3955-11ef-84ee-292be3190b7b",NA,NA,1975,"5/1/1976","32b61f33-3960-11ef-9e2d-2906cc9fb6bc","home","SG Dietzenbach","GWD Minden",20,17,TRUE,0,NA,NA,0,0,0,NA,0,0,0,0,0,0,NA,NA,NA,NA,NA,NA,NA,NA,0,0,0,0,NA,NA,NA,NA,NA
"Dieter Schappert","808baa47-3955-11ef-b967-b908c60af10a",NA,NA,1975,"5/1/1976","32b61f33-3960-11ef-9e2d-2906cc9fb6bc","home","SG Dietzenbach","GWD Minden",20,17,TRUE,0,NA,NA,0,0,0,NA,0,0,0,0,0,0,NA,NA,NA,NA,NA,NA,NA,NA,0,0,0,0,NA,NA,NA,NA,NA
"Milan Krstić","8a85bfb0-3955-11ef-ac1d-81dc40648355",NA,NA,1975,"5/1/1976","32b61f33-3960-11ef-9e2d-2906cc9fb6bc","home","SG Dietzenbach","GWD Minden",20,17,TRUE,8,NA,NA,0,0,3,NA,0,0,0,0,0,0,NA,NA,NA,NA,NA,NA,NA,NA,0,0,0,0,NA,NA,NA,NA,NA
"Heinz-Walter Behne","8be65881-3955-11ef-8872-81dc40648355",NA,NA,1975,"5/1/1976","32b61f33-3960-11ef-9e2d-2906cc9fb6bc","home","SG Dietzenbach","GWD Minden",20,17,TRUE,1,NA,NA,0,0,0,NA,0,0,0,0,0,0,NA,NA,NA,NA,NA,NA,NA,NA,0,0,0,0,NA,NA,NA,NA,NA
"Herbert Wehnert","96e104db-3955-11ef-b58d-292be3190b7b",NA,NA,1975,"5/1/1976","32b61f33-3960-11ef-9e2d-2906cc9fb6bc","home","SG Dietzenbach","GWD Minden",20,17,TRUE,5,NA,NA,0,0,1,NA,0,0,0,0,0,0,NA,NA,NA,NA,NA,NA,NA,NA,0,0,0,0,NA,NA,NA,NA,NA
"Boris Kostić","982a9c45-3955-11ef-bf0d-292be3190b7b",NA,NA,1975,"5/1/1976","32b61f33-3960-11ef-9e2d-2906cc9fb6bc","home","SG Dietzenbach","GWD Minden",20,17,TRUE,0,NA,NA,0,0,0,NA,0,0,0,0,0,0,NA,NA,NA,NA,NA,NA,NA,NA,0,0,0,0,NA,NA,NA,NA,NA
"Manfred Merk","a2e89182-3955-11ef-b7cf-2510cc07ea6e",NA,NA,1975,"5/1/1976","32b61f33-3960-11ef-9e2d-2906cc9fb6bc","home","SG Dietzenbach","GWD Minden",20,17,TRUE,1,NA,NA,0,0,0,NA,0,0,0,0,0,0,NA,NA,NA,NA,NA,NA,NA,NA,0,0,0,0,NA,NA,NA,NA,NA
"Otto Allies","af191a75-3955-11ef-8c7e-a36230ada079",NA,NA,1975,"5/1/1976","32b61f33-3960-11ef-9e2d-2906cc9fb6bc","home","SG Dietzenbach","GWD Minden",20,17,TRUE,4,NA,NA,0,0,0,NA,0,0,0,0,0,0,NA,NA,NA,NA,NA,NA,NA,NA,0,0,0,0,NA,NA,NA,NA,NA
"Ronald Wittig","af27e5c1-3955-11ef-9f41-a36230ada079",NA,NA,1975,"5/1/1976","32b61f33-3960-11ef-9e2d-2906cc9fb6bc","home","SG Dietzenbach","GWD Minden",20,17,TRUE,0,NA,NA,0,0,0,NA,0,0,0,0,0,0,NA,NA,NA,NA,NA,NA,NA,NA,0,0,0,0,NA,NA,NA,NA,NA
"Heinrich Baum","af2c6c48-3955-11ef-964a-a36230ada079",NA,NA,1975,"5/1/1976","32b61f33-3960-11ef-9e2d-2906cc9fb6bc","home","SG Dietzenbach","GWD Minden",20,17,TRUE,1,NA,NA,0,0,0,NA,0,0,0,0,0,0,NA,NA,NA,NA,NA,NA,NA,NA,0,0,0,0,NA,NA,NA,NA,NA
"Werner Fritzel","b1cdb47c-3955-11ef-8cfd-a36230ada079",NA,NA,1975,"5/1/1976","32b61f33-3960-11ef-9e2d-2906cc9fb6bc","home","SG Dietzenbach","GWD Minden",20,17,TRUE,0,NA,NA,0,0,0,NA,0,0,0,0,0,0,NA,NA,NA,NA,NA,NA,NA,NA,0,0,0,0,NA,NA,NA,NA,NA
"Klaus Rettig","b1d1aa4c-3955-11ef-baf9-a36230ada079",NA,NA,1975,"5/1/1976","32b61f33-3960-11ef-9e2d-2906cc9fb6bc","home","SG Dietzenbach","GWD Minden",20,17,TRUE,0,NA,NA,0,0,0,NA,0,0,0,0,0,0,NA,NA,NA,NA,NA,NA,NA,NA,0,0,0,0,NA,NA,NA,NA,NA
"Rainer Niemeyer","5008ccec-3955-11ef-9f62-6d38c0425bc0",NA,NA,1975,"5/1/1976","32b61f33-3960-11ef-9e2d-2906cc9fb6bc","away","GWD Minden","SG Dietzenbach",17,20,FALSE,0,NA,NA,0,0,0,NA,0,0,0,0,0,0,NA,NA,NA,NA,NA,NA,NA,NA,0,0,0,0,NA,NA,NA,NA,NA
"Hans-Jürgen Grund","81694a24-3955-11ef-9a97-b908c60af10a",NA,NA,1975,"5/1/1976","32b61f33-3960-11ef-9e2d-2906cc9fb6bc","away","GWD Minden","SG Dietzenbach",17,20,FALSE,1,NA,NA,0,0,0,NA,0,0,0,0,0,0,NA,NA,NA,NA,NA,NA,NA,NA,0,0,0,0,NA,NA,NA,NA,NA
"Axel Axelsson","8b29429f-3955-11ef-baf9-81dc40648355",NA,NA,1975,"5/1/1976","32b61f33-3960-11ef-9e2d-2906cc9fb6bc","away","GWD Minden","SG Dietzenbach",17,20,FALSE,1,NA,NA,0,0,0,NA,0,0,0,0,0,0,NA,NA,NA,NA,NA,NA,NA,NA,0,0,0,0,NA,NA,NA,NA,NA
"Dieter Waltke","8bbe1a37-3955-11ef-a8ff-81dc40648355",NA,NA,1975,"5/1/1976","32b61f33-3960-11ef-9e2d-2906cc9fb6bc","away","GWD Minden","SG Dietzenbach",17,20,FALSE,2,NA,NA,0,0,0,NA,0,0,0,0,0,0,NA,NA,NA,NA,NA,NA,NA,NA,0,0,0,0,NA,NA,NA,NA,NA
"Bernhard Busch","8dc9280f-3955-11ef-80e2-81dc40648355",NA,NA,1975,"5/1/1976","32b61f33-3960-11ef-9e2d-2906cc9fb6bc","away","GWD Minden","SG Dietzenbach",17,20,FALSE,3,NA,NA,0,0,0,NA,0,0,0,0,0,0,NA,NA,NA,NA,NA,NA,NA,NA,0,0,0,0,NA,NA,NA,NA,NA
"Gerd Becker","96f1e245-3955-11ef-80bc-292be3190b7b",NA,NA,1975,"5/1/1976","32b61f33-3960-11ef-9e2d-2906cc9fb6bc","away","GWD Minden","SG Dietzenbach",17,20,FALSE,3,NA,NA,0,0,0,NA,0,0,0,0,0,0,NA,NA,NA,NA,NA,NA,NA,NA,0,0,0,0,NA,NA,NA,NA,NA
"Walter von Oepen","97f2373d-3955-11ef-82ae-292be3190b7b",NA,NA,1975,"5/1/1976","32b61f33-3960-11ef-9e2d-2906cc9fb6bc","away","GWD Minden","SG Dietzenbach",17,20,FALSE,1,NA,NA,0,0,1,NA,0,0,0,0,0,0,NA,NA,NA,NA,NA,NA,NA,NA,0,0,0,0,NA,NA,NA,NA,NA
"Gerhard Buddenbohm","98e2ecac-3955-11ef-b2de-292be3190b7b",NA,NA,1975,"5/1/1976","32b61f33-3960-11ef-9e2d-2906cc9fb6bc","away","GWD Minden","SG Dietzenbach",17,20,FALSE,1,NA,NA,0,0,0,NA,0,0,0,0,0,0,NA,NA,NA,NA,NA,NA,NA,NA,0,0,0,0,NA,NA,NA,NA,NA
"Ólafur Hlöðver Jónsson","98eb7177-3955-11ef-9bda-292be3190b7b",NA,NA,1975,"5/1/1976","32b61f33-3960-11ef-9e2d-2906cc9fb6bc","away","GWD Minden","SG Dietzenbach",17,20,FALSE,4,NA,NA,0,0,0,NA,0,0,0,0,0,0,NA,NA,NA,NA,NA,NA,NA,NA,0,0,0,0,NA,NA,NA,NA,NA
"Hans Kramer","98f50290-3955-11ef-8aa8-292be3190b7b",NA,NA,1975,"5/1/1976","32b61f33-3960-11ef-9e2d-2906cc9fb6bc","away","GWD Minden","SG Dietzenbach",17,20,FALSE,1,NA,NA,0,0,0,NA,0,0,0,0,0,0,NA,NA,NA,NA,NA,NA,NA,NA,0,0,0,0,NA,NA,NA,NA,NA
"Rainer Niemeyer","5008ccec-3955-11ef-9f62-6d38c0425bc0",NA,NA,1975,"5/15/1976","3181a723-3960-11ef-b184-2906cc9fb6bc","home","GWD Minden","VfL Gummersbach",11,12,FALSE,0,NA,NA,0,0,0,NA,0,0,0,0,0,0,NA,NA,NA,NA,NA,NA,NA,NA,0,0,0,0,NA,NA,NA,NA,NA
"Hans-Jürgen Grund","81694a24-3955-11ef-9a97-b908c60af10a",NA,NA,1975,"5/15/1976","3181a723-3960-11ef-b184-2906cc9fb6bc","home","GWD Minden","VfL Gummersbach",11,12,FALSE,0,NA,NA,0,0,0,NA,0,0,0,0,0,0,NA,NA,NA,NA,NA,NA,NA,NA,0,0,0,0,NA,NA,NA,NA,NA
"Axel Axelsson","8b29429f-3955-11ef-baf9-81dc40648355",NA,NA,1975,"5/15/1976","3181a723-3960-11ef-b184-2906cc9fb6bc","home","GWD Minden","VfL Gummersbach",11,12,FALSE,0,NA,NA,0,0,0,NA,0,0,0,0,0,0,NA,NA,NA,NA,NA,NA,NA,NA,0,0,0,0,NA,NA,NA,NA,NA
"Dieter Waltke","8bbe1a37-3955-11ef-a8ff-81dc40648355",NA,NA,1975,"5/15/1976","3181a723-3960-11ef-b184-2906cc9fb6bc","home","GWD Minden","VfL Gummersbach",11,12,FALSE,1,NA,NA,0,0,0,NA,0,0,0,0,0,0,NA,NA,NA,NA,NA,NA,NA,NA,0,0,0,0,NA,NA,NA,NA,NA
"Bernhard Busch","8dc9280f-3955-11ef-80e2-81dc40648355",NA,NA,1975,"5/15/1976","3181a723-3960-11ef-b184-2906cc9fb6bc","home","GWD Minden","VfL Gummersbach",11,12,FALSE,0,NA,NA,0,0,0,NA,0,0,0,0,0,0,NA,NA,NA,NA,NA,NA,NA,NA,0,0,0,0,NA,NA,NA,NA,NA
"Gerd Becker","96f1e245-3955-11ef-80bc-292be3190b7b",NA,NA,1975,"5/15/1976","3181a723-3960-11ef-b184-2906cc9fb6bc","home","GWD Minden","VfL Gummersbach",11,12,FALSE,0,NA,NA,0,0,0,NA,0,0,0,0,0,0,NA,NA,NA,NA,NA,NA,NA,NA,0,0,0,0,NA,NA,NA,NA,NA
"Walter von Oepen","97f2373d-3955-11ef-82ae-292be3190b7b",NA,NA,1975,"5/15/1976","3181a723-3960-11ef-b184-2906cc9fb6bc","home","GWD Minden","VfL Gummersbach",11,12,FALSE,5,NA,NA,0,0,2,NA,0,0,0,0,0,0,NA,NA,NA,NA,NA,NA,NA,NA,0,0,0,0,NA,NA,NA,NA,NA
"Martin Karcher","980f80ce-3955-11ef-8054-292be3190b7b",NA,NA,1975,"5/15/1976","3181a723-3960-11ef-b184-2906cc9fb6bc","home","GWD Minden","VfL Gummersbach",11,12,FALSE,0,NA,NA,0,0,0,NA,0,0,0,0,0,0,NA,NA,NA,NA,NA,NA,NA,NA,0,0,0,0,NA,NA,NA,NA,NA
"Gerhard Buddenbohm","98e2ecac-3955-11ef-b2de-292be3190b7b",NA,NA,1975,"5/15/1976","3181a723-3960-11ef-b184-2906cc9fb6bc","home","GWD Minden","VfL Gummersbach",11,12,FALSE,1,NA,NA,0,0,0,NA,0,0,0,0,0,0,NA,NA,NA,NA,NA,NA,NA,NA,0,0,0,0,NA,NA,NA,NA,NA
"Ólafur Hlöðver Jónsson","98eb7177-3955-11ef-9bda-292be3190b7b",NA,NA,1975,"5/15/1976","3181a723-3960-11ef-b184-2906cc9fb6bc","home","GWD Minden","VfL Gummersbach",11,12,FALSE,4,NA,NA,0,0,0,NA,0,0,0,0,0,0,NA,NA,NA,NA,NA,NA,NA,NA,0,0,0,0,NA,NA,NA,NA,NA
"Hans Kramer","98f50290-3955-11ef-8aa8-292be3190b7b",NA,NA,1975,"5/15/1976","3181a723-3960-11ef-b184-2906cc9fb6bc","home","GWD Minden","VfL Gummersbach",11,12,FALSE,0,NA,NA,0,0,0,NA,0,0,0,0,0,0,NA,NA,NA,NA,NA,NA,NA,NA,0,0,0,0,NA,NA,NA,NA,NA
"Bernd Knuth","b006b967-3955-11ef-9f47-a36230ada079",NA,NA,1975,"5/15/1976","3181a723-3960-11ef-b184-2906cc9fb6bc","home","GWD Minden","VfL Gummersbach",11,12,FALSE,0,NA,NA,0,0,0,NA,0,0,0,0,0,0,NA,NA,NA,NA,NA,NA,NA,NA,0,0,0,0,NA,NA,NA,NA,NA
"Heiner Brand","44e82d45-3955-11ef-bc71-4fa817cd91bb",NA,NA,1975,"5/15/1976","3181a723-3960-11ef-b184-2906cc9fb6bc","away","VfL Gummersbach","GWD Minden",12,11,TRUE,1,NA,NA,0,0,0,NA,0,0,0,0,0,0,NA,NA,NA,NA,NA,NA,NA,NA,0,0,0,0,NA,NA,NA,NA,NA
"Klaus Westebbe","8c58f63a-3955-11ef-b65e-81dc40648355",NA,NA,1975,"5/15/1976","3181a723-3960-11ef-b184-2906cc9fb6bc","away","VfL Gummersbach","GWD Minden",12,11,TRUE,3,NA,NA,0,0,0,NA,0,0,0,0,0,0,NA,NA,NA,NA,NA,NA,NA,NA,0,0,0,0,NA,NA,NA,NA,NA
"Klaus Kater","8da1f6ef-3955-11ef-b31a-81dc40648355",NA,NA,1975,"5/15/1976","3181a723-3960-11ef-b184-2906cc9fb6bc","away","VfL Gummersbach","GWD Minden",12,11,TRUE,0,NA,NA,0,0,0,NA,0,0,0,0,0,0,NA,NA,NA,NA,NA,NA,NA,NA,0,0,0,0,NA,NA,NA,NA,NA
"Klaus Schlagheck","97a06613-3955-11ef-8056-292be3190b7b",NA,NA,1975,"5/15/1976","3181a723-3960-11ef-b184-2906cc9fb6bc","away","VfL Gummersbach","GWD Minden",12,11,TRUE,1,NA,NA,0,0,0,NA,0,0,0,0,0,0,NA,NA,NA,NA,NA,NA,NA,NA,0,0,0,0,NA,NA,NA,NA,NA
"Joachim Deckarm","9976945f-3955-11ef-afc4-292be3190b7b",NA,NA,1975,"5/15/1976","3181a723-3960-11ef-b184-2906cc9fb6bc","away","VfL Gummersbach","GWD Minden",12,11,TRUE,3,NA,NA,0,0,2,NA,0,0,0,0,0,0,NA,NA,NA,NA,NA,NA,NA,NA,0,0,0,0,NA,NA,NA,NA,NA
"Jochen Feldhoff","a32751a5-3955-11ef-badf-2510cc07ea6e",NA,NA,1975,"5/15/1976","3181a723-3960-11ef-b184-2906cc9fb6bc","away","VfL Gummersbach","GWD Minden",12,11,TRUE,2,NA,NA,0,0,0,NA,0,0,0,0,0,0,NA,NA,NA,NA,NA,NA,NA,NA,0,0,0,0,NA,NA,NA,NA,NA
"Manfred Glodde","a32e0a86-3955-11ef-9caa-2510cc07ea6e",NA,NA,1975,"5/15/1976","3181a723-3960-11ef-b184-2906cc9fb6bc","away","VfL Gummersbach","GWD Minden",12,11,TRUE,0,NA,NA,0,0,0,NA,0,0,0,0,0,0,NA,NA,NA,NA,NA,NA,NA,NA,0,0,0,0,NA,NA,NA,NA,NA
"Joachim Henkels","a3386008-3955-11ef-810a-2510cc07ea6e",NA,NA,1975,"5/15/1976","3181a723-3960-11ef-b184-2906cc9fb6bc","away","VfL Gummersbach","GWD Minden",12,11,TRUE,0,NA,NA,0,0,0,NA,0,0,0,0,0,0,NA,NA,NA,NA,NA,NA,NA,NA,0,0,0,0,NA,NA,NA,NA,NA
"Karl-Heinz Nolde","a33d5c4a-3955-11ef-b577-2510cc07ea6e",NA,NA,1975,"5/15/1976","3181a723-3960-11ef-b184-2906cc9fb6bc","away","VfL Gummersbach","GWD Minden",12,11,TRUE,0,NA,NA,0,0,0,NA,0,0,0,0,0,0,NA,NA,NA,NA,NA,NA,NA,NA,0,0,0,0,NA,NA,NA,NA,NA
"Werner Lettgen","ae263c3c-3955-11ef-96f7-a36230ada079",NA,NA,1975,"5/15/1976","3181a723-3960-11ef-b184-2906cc9fb6bc","away","VfL Gummersbach","GWD Minden",12,11,TRUE,0,NA,NA,0,0,0,NA,0,0,0,0,0,0,NA,NA,NA,NA,NA,NA,NA,NA,0,0,0,0,NA,NA,NA,NA,NA
"Hans-Günther Schmidt","aff5702f-3955-11ef-9878-a36230ada079",NA,NA,1975,"5/15/1976","3181a723-3960-11ef-b184-2906cc9fb6bc","away","VfL Gummersbach","GWD Minden",12,11,TRUE,2,NA,NA,0,0,0,NA,0,0,0,0,0,0,NA,NA,NA,NA,NA,NA,NA,NA,0,0,0,0,NA,NA,NA,NA,NA
