"PlayerName","PlayerID","Position","Bib","Season","GameDate","GameId","HomeAway","TeamName","OpponentName","TeamScore","OpponentScore","GameWinner","goalsScored","shootingAccuracy","missedShots","fieldGoalsScored","fieldShots","sevenMetreGoalsScored","sevenMetreShots","nineMetreGoalsScored","nineMetreShots","sixMetreGoalsScored","sixMetreShots","wingGoalsScored","wingShots","pivotGoalsScored","pivotShots","fastBreakGoalsScored","fastBreakShots","backCourtGoalsScored","backCourtShots","assists","steals","technicalFaults","suspensions","yellowCards","blueCards","redCards","shots","twoMinuteSuspensions","timeBallPossession","timeOnPlayingField"
"Herbert Rogge","b06614d7-3955-11ef-a43b-a36230ada079",NA,NA,1970,"10/9/1970","9186fd37-3960-11ef-9977-9b08c5d4c173","home","VfL Lübeck-Schwartau","THW Kiel",13,13,FALSE,5,NA,NA,0,0,0,NA,0,0,0,0,0,0,NA,NA,NA,NA,NA,NA,NA,NA,0,0,0,0,NA,NA,NA,NA,NA
"Ingo Callies","b0b0659b-3955-11ef-87aa-a36230ada079",NA,NA,1970,"10/9/1970","9186fd37-3960-11ef-9977-9b08c5d4c173","home","VfL Lübeck-Schwartau","THW Kiel",13,13,FALSE,0,NA,NA,0,0,0,NA,0,0,0,0,0,0,NA,NA,NA,NA,NA,NA,NA,NA,0,0,0,0,NA,NA,NA,NA,NA
"Michael Dogs","b0cecb4a-3955-11ef-b665-a36230ada079",NA,NA,1970,"10/9/1970","9186fd37-3960-11ef-9977-9b08c5d4c173","home","VfL Lübeck-Schwartau","THW Kiel",13,13,FALSE,0,NA,NA,0,0,0,NA,0,0,0,0,0,0,NA,NA,NA,NA,NA,NA,NA,NA,0,0,0,0,NA,NA,NA,NA,NA
"Joachim Römer","b0dcb8e7-3955-11ef-83ab-a36230ada079",NA,NA,1970,"10/9/1970","9186fd37-3960-11ef-9977-9b08c5d4c173","home","VfL Lübeck-Schwartau","THW Kiel",13,13,FALSE,0,NA,NA,0,0,0,NA,0,0,0,0,0,0,NA,NA,NA,NA,NA,NA,NA,NA,0,0,0,0,NA,NA,NA,NA,NA
"Peter Görtz","b0e9ae8f-3955-11ef-aa48-a36230ada079",NA,NA,1970,"10/9/1970","9186fd37-3960-11ef-9977-9b08c5d4c173","home","VfL Lübeck-Schwartau","THW Kiel",13,13,FALSE,4,NA,NA,0,0,3,NA,0,0,0,0,0,0,NA,NA,NA,NA,NA,NA,NA,NA,0,0,0,0,NA,NA,NA,NA,NA
"Ulrich Kleinstoll","b0f37438-3955-11ef-84e6-a36230ada079",NA,NA,1970,"10/9/1970","9186fd37-3960-11ef-9977-9b08c5d4c173","home","VfL Lübeck-Schwartau","THW Kiel",13,13,FALSE,0,NA,NA,0,0,0,NA,0,0,0,0,0,0,NA,NA,NA,NA,NA,NA,NA,NA,0,0,0,0,NA,NA,NA,NA,NA
"Geert Geusendam","baee7cab-3955-11ef-95ba-ab397f561917",NA,NA,1970,"10/9/1970","9186fd37-3960-11ef-9977-9b08c5d4c173","home","VfL Lübeck-Schwartau","THW Kiel",13,13,FALSE,0,NA,NA,0,0,0,NA,0,0,0,0,0,0,NA,NA,NA,NA,NA,NA,NA,NA,0,0,0,0,NA,NA,NA,NA,NA
"Georg Pohl","baff6cee-3955-11ef-a80f-ab397f561917",NA,NA,1970,"10/9/1970","9186fd37-3960-11ef-9977-9b08c5d4c173","home","VfL Lübeck-Schwartau","THW Kiel",13,13,FALSE,3,NA,NA,0,0,0,NA,0,0,0,0,0,0,NA,NA,NA,NA,NA,NA,NA,NA,0,0,0,0,NA,NA,NA,NA,NA
"Jochen Krummland","c7b078f7-3955-11ef-932e-157c9bc18a5f",NA,NA,1970,"10/9/1970","9186fd37-3960-11ef-9977-9b08c5d4c173","home","VfL Lübeck-Schwartau","THW Kiel",13,13,FALSE,1,NA,NA,0,0,0,NA,0,0,0,0,0,0,NA,NA,NA,NA,NA,NA,NA,NA,0,0,0,0,NA,NA,NA,NA,NA
"Jochen Hoffmann","c7bdef38-3955-11ef-8b6c-157c9bc18a5f",NA,NA,1970,"10/9/1970","9186fd37-3960-11ef-9977-9b08c5d4c173","home","VfL Lübeck-Schwartau","THW Kiel",13,13,FALSE,0,NA,NA,0,0,0,NA,0,0,0,0,0,0,NA,NA,NA,NA,NA,NA,NA,NA,0,0,0,0,NA,NA,NA,NA,NA
"Bruno Zantop","c91cafd4-3955-11ef-9bbf-157c9bc18a5f",NA,NA,1970,"10/9/1970","9186fd37-3960-11ef-9977-9b08c5d4c173","home","VfL Lübeck-Schwartau","THW Kiel",13,13,FALSE,0,NA,NA,0,0,0,NA,0,0,0,0,0,0,NA,NA,NA,NA,NA,NA,NA,NA,0,0,0,0,NA,NA,NA,NA,NA
"Gerhard Anduleit","c9215aaa-3955-11ef-ac64-157c9bc18a5f",NA,NA,1970,"10/9/1970","9186fd37-3960-11ef-9977-9b08c5d4c173","home","VfL Lübeck-Schwartau","THW Kiel",13,13,FALSE,0,NA,NA,0,0,0,NA,0,0,0,0,0,0,NA,NA,NA,NA,NA,NA,NA,NA,0,0,0,0,NA,NA,NA,NA,NA
"Hans-Jörg Graeper","964d8ebc-3955-11ef-a25b-292be3190b7b",NA,NA,1970,"10/9/1970","9186fd37-3960-11ef-9977-9b08c5d4c173","away","THW Kiel","VfL Lübeck-Schwartau",13,13,FALSE,2,NA,NA,0,0,1,NA,0,0,0,0,0,0,NA,NA,NA,NA,NA,NA,NA,NA,0,0,0,0,NA,NA,NA,NA,NA
"Gerd Welz","98273a90-3955-11ef-a3a2-292be3190b7b",NA,NA,1970,"10/9/1970","9186fd37-3960-11ef-9977-9b08c5d4c173","away","THW Kiel","VfL Lübeck-Schwartau",13,13,FALSE,0,NA,NA,0,0,0,NA,0,0,0,0,0,0,NA,NA,NA,NA,NA,NA,NA,NA,0,0,0,0,NA,NA,NA,NA,NA
"Peter Prehn","b073ee0a-3955-11ef-8404-a36230ada079",NA,NA,1970,"10/9/1970","9186fd37-3960-11ef-9977-9b08c5d4c173","away","THW Kiel","VfL Lübeck-Schwartau",13,13,FALSE,1,NA,NA,0,0,0,NA,0,0,0,0,0,0,NA,NA,NA,NA,NA,NA,NA,NA,0,0,0,0,NA,NA,NA,NA,NA
"Peter Werk","b0784d6e-3955-11ef-9a85-a36230ada079",NA,NA,1970,"10/9/1970","9186fd37-3960-11ef-9977-9b08c5d4c173","away","THW Kiel","VfL Lübeck-Schwartau",13,13,FALSE,1,NA,NA,0,0,0,NA,0,0,0,0,0,0,NA,NA,NA,NA,NA,NA,NA,NA,0,0,0,0,NA,NA,NA,NA,NA
"Manfred Schulz","b0a21333-3955-11ef-a679-a36230ada079",NA,NA,1970,"10/9/1970","9186fd37-3960-11ef-9977-9b08c5d4c173","away","THW Kiel","VfL Lübeck-Schwartau",13,13,FALSE,0,NA,NA,0,0,0,NA,0,0,0,0,0,0,NA,NA,NA,NA,NA,NA,NA,NA,0,0,0,0,NA,NA,NA,NA,NA
"Bernd Nielsen","b1480d2c-3955-11ef-8563-a36230ada079",NA,NA,1970,"10/9/1970","9186fd37-3960-11ef-9977-9b08c5d4c173","away","THW Kiel","VfL Lübeck-Schwartau",13,13,FALSE,6,NA,NA,0,0,1,NA,0,0,0,0,0,0,NA,NA,NA,NA,NA,NA,NA,NA,0,0,0,0,NA,NA,NA,NA,NA
"Hartwig Moll","b14ce7d8-3955-11ef-8cb5-a36230ada079",NA,NA,1970,"10/9/1970","9186fd37-3960-11ef-9977-9b08c5d4c173","away","THW Kiel","VfL Lübeck-Schwartau",13,13,FALSE,0,NA,NA,0,0,0,NA,0,0,0,0,0,0,NA,NA,NA,NA,NA,NA,NA,NA,0,0,0,0,NA,NA,NA,NA,NA
"Rainer Voigt","c7c742a9-3955-11ef-b542-157c9bc18a5f",NA,NA,1970,"10/9/1970","9186fd37-3960-11ef-9977-9b08c5d4c173","away","THW Kiel","VfL Lübeck-Schwartau",13,13,FALSE,0,NA,NA,0,0,0,NA,0,0,0,0,0,0,NA,NA,NA,NA,NA,NA,NA,NA,0,0,0,0,NA,NA,NA,NA,NA
"Dieter Baguhn","c7cbf017-3955-11ef-b1f7-157c9bc18a5f",NA,NA,1970,"10/9/1970","9186fd37-3960-11ef-9977-9b08c5d4c173","away","THW Kiel","VfL Lübeck-Schwartau",13,13,FALSE,0,NA,NA,0,0,0,NA,0,0,0,0,0,0,NA,NA,NA,NA,NA,NA,NA,NA,0,0,0,0,NA,NA,NA,NA,NA
"Bernd Struck","c7d4c3a5-3955-11ef-a743-157c9bc18a5f",NA,NA,1970,"10/9/1970","9186fd37-3960-11ef-9977-9b08c5d4c173","away","THW Kiel","VfL Lübeck-Schwartau",13,13,FALSE,3,NA,NA,0,0,1,NA,0,0,0,0,0,0,NA,NA,NA,NA,NA,NA,NA,NA,0,0,0,0,NA,NA,NA,NA,NA
"Norbert Kroker","bd441662-3955-11ef-b771-ab397f561917",NA,NA,1970,"10/10/1970","9068d0d8-3960-11ef-be2c-9b08c5d4c173","home","TV Krefeld-Oppum 1894","TuS 05 Wellinghofen",16,12,TRUE,6,NA,NA,0,0,2,NA,0,0,0,0,0,0,NA,NA,NA,NA,NA,NA,NA,NA,0,0,0,0,NA,NA,NA,NA,NA
"Herbert Engels","ca0717a5-3955-11ef-8dce-157c9bc18a5f",NA,NA,1970,"10/10/1970","9068d0d8-3960-11ef-be2c-9b08c5d4c173","home","TV Krefeld-Oppum 1894","TuS 05 Wellinghofen",16,12,TRUE,0,NA,NA,0,0,0,NA,0,0,0,0,0,0,NA,NA,NA,NA,NA,NA,NA,NA,0,0,0,0,NA,NA,NA,NA,NA
"Otto Tophoven","ca106fac-3955-11ef-9a8e-157c9bc18a5f",NA,NA,1970,"10/10/1970","9068d0d8-3960-11ef-be2c-9b08c5d4c173","home","TV Krefeld-Oppum 1894","TuS 05 Wellinghofen",16,12,TRUE,0,NA,NA,0,0,0,NA,0,0,0,0,0,0,NA,NA,NA,NA,NA,NA,NA,NA,0,0,0,0,NA,NA,NA,NA,NA
"Theo Inger","ca18e97b-3955-11ef-91fb-157c9bc18a5f",NA,NA,1970,"10/10/1970","9068d0d8-3960-11ef-be2c-9b08c5d4c173","home","TV Krefeld-Oppum 1894","TuS 05 Wellinghofen",16,12,TRUE,2,NA,NA,0,0,0,NA,0,0,0,0,0,0,NA,NA,NA,NA,NA,NA,NA,NA,0,0,0,0,NA,NA,NA,NA,NA
"Peter Inger","ca1d519a-3955-11ef-b5d9-157c9bc18a5f",NA,NA,1970,"10/10/1970","9068d0d8-3960-11ef-be2c-9b08c5d4c173","home","TV Krefeld-Oppum 1894","TuS 05 Wellinghofen",16,12,TRUE,2,NA,NA,0,0,0,NA,0,0,0,0,0,0,NA,NA,NA,NA,NA,NA,NA,NA,0,0,0,0,NA,NA,NA,NA,NA
"Hermann Köhler","ca2255bc-3955-11ef-91a7-157c9bc18a5f",NA,NA,1970,"10/10/1970","9068d0d8-3960-11ef-be2c-9b08c5d4c173","home","TV Krefeld-Oppum 1894","TuS 05 Wellinghofen",16,12,TRUE,1,NA,NA,0,0,0,NA,0,0,0,0,0,0,NA,NA,NA,NA,NA,NA,NA,NA,0,0,0,0,NA,NA,NA,NA,NA
"Horst Panknin","ca26d115-3955-11ef-a60e-157c9bc18a5f",NA,NA,1970,"10/10/1970","9068d0d8-3960-11ef-be2c-9b08c5d4c173","home","TV Krefeld-Oppum 1894","TuS 05 Wellinghofen",16,12,TRUE,0,NA,NA,0,0,0,NA,0,0,0,0,0,0,NA,NA,NA,NA,NA,NA,NA,NA,0,0,0,0,NA,NA,NA,NA,NA
"Ralf Pasch","ca2b132c-3955-11ef-a380-157c9bc18a5f",NA,NA,1970,"10/10/1970","9068d0d8-3960-11ef-be2c-9b08c5d4c173","home","TV Krefeld-Oppum 1894","TuS 05 Wellinghofen",16,12,TRUE,0,NA,NA,0,0,0,NA,0,0,0,0,0,0,NA,NA,NA,NA,NA,NA,NA,NA,0,0,0,0,NA,NA,NA,NA,NA
"Hugo Schroers","ca2f571a-3955-11ef-8d46-157c9bc18a5f",NA,NA,1970,"10/10/1970","9068d0d8-3960-11ef-be2c-9b08c5d4c173","home","TV Krefeld-Oppum 1894","TuS 05 Wellinghofen",16,12,TRUE,3,NA,NA,0,0,0,NA,0,0,0,0,0,0,NA,NA,NA,NA,NA,NA,NA,NA,0,0,0,0,NA,NA,NA,NA,NA
"Max Zwierkowski","ca390aba-3955-11ef-97b4-157c9bc18a5f",NA,NA,1970,"10/10/1970","9068d0d8-3960-11ef-be2c-9b08c5d4c173","home","TV Krefeld-Oppum 1894","TuS 05 Wellinghofen",16,12,TRUE,1,NA,NA,0,0,0,NA,0,0,0,0,0,0,NA,NA,NA,NA,NA,NA,NA,NA,0,0,0,0,NA,NA,NA,NA,NA
"Leo Ritz","ca3d0962-3955-11ef-938c-157c9bc18a5f",NA,NA,1970,"10/10/1970","9068d0d8-3960-11ef-be2c-9b08c5d4c173","home","TV Krefeld-Oppum 1894","TuS 05 Wellinghofen",16,12,TRUE,1,NA,NA,0,0,0,NA,0,0,0,0,0,0,NA,NA,NA,NA,NA,NA,NA,NA,0,0,0,0,NA,NA,NA,NA,NA
"Dieter Patz","ca42d471-3955-11ef-a75d-157c9bc18a5f",NA,NA,1970,"10/10/1970","9068d0d8-3960-11ef-be2c-9b08c5d4c173","home","TV Krefeld-Oppum 1894","TuS 05 Wellinghofen",16,12,TRUE,0,NA,NA,0,0,0,NA,0,0,0,0,0,0,NA,NA,NA,NA,NA,NA,NA,NA,0,0,0,0,NA,NA,NA,NA,NA
"Hans-Jürgen Zick","8d67d76a-3955-11ef-8956-81dc40648355",NA,NA,1970,"10/10/1970","9068d0d8-3960-11ef-be2c-9b08c5d4c173","away","TuS 05 Wellinghofen","TV Krefeld-Oppum 1894",12,16,FALSE,0,NA,NA,0,0,0,NA,0,0,0,0,0,0,NA,NA,NA,NA,NA,NA,NA,NA,0,0,0,0,NA,NA,NA,NA,NA
"Heiner Möller","8d7571e4-3955-11ef-b1d3-81dc40648355",NA,NA,1970,"10/10/1970","9068d0d8-3960-11ef-be2c-9b08c5d4c173","away","TuS 05 Wellinghofen","TV Krefeld-Oppum 1894",12,16,FALSE,3,NA,NA,0,0,0,NA,0,0,0,0,0,0,NA,NA,NA,NA,NA,NA,NA,NA,0,0,0,0,NA,NA,NA,NA,NA
"Hans-Peter Neuhaus","8d9d3887-3955-11ef-80a3-81dc40648355",NA,NA,1970,"10/10/1970","9068d0d8-3960-11ef-be2c-9b08c5d4c173","away","TuS 05 Wellinghofen","TV Krefeld-Oppum 1894",12,16,FALSE,3,NA,NA,0,0,2,NA,0,0,0,0,0,0,NA,NA,NA,NA,NA,NA,NA,NA,0,0,0,0,NA,NA,NA,NA,NA
"Rainer Gosewinkel","a4d61156-3955-11ef-8406-2510cc07ea6e",NA,NA,1970,"10/10/1970","9068d0d8-3960-11ef-be2c-9b08c5d4c173","away","TuS 05 Wellinghofen","TV Krefeld-Oppum 1894",12,16,FALSE,0,NA,NA,0,0,0,NA,0,0,0,0,0,0,NA,NA,NA,NA,NA,NA,NA,NA,0,0,0,0,NA,NA,NA,NA,NA
"Klaus Erwe","a4f54a19-3955-11ef-b48a-2510cc07ea6e",NA,NA,1970,"10/10/1970","9068d0d8-3960-11ef-be2c-9b08c5d4c173","away","TuS 05 Wellinghofen","TV Krefeld-Oppum 1894",12,16,FALSE,2,NA,NA,0,0,0,NA,0,0,0,0,0,0,NA,NA,NA,NA,NA,NA,NA,NA,0,0,0,0,NA,NA,NA,NA,NA
"Burkhard Gröning","a52c6e4f-3955-11ef-a576-2510cc07ea6e",NA,NA,1970,"10/10/1970","9068d0d8-3960-11ef-be2c-9b08c5d4c173","away","TuS 05 Wellinghofen","TV Krefeld-Oppum 1894",12,16,FALSE,1,NA,NA,0,0,0,NA,0,0,0,0,0,0,NA,NA,NA,NA,NA,NA,NA,NA,0,0,0,0,NA,NA,NA,NA,NA
"Klaus Tiews","a531838f-3955-11ef-8e99-2510cc07ea6e",NA,NA,1970,"10/10/1970","9068d0d8-3960-11ef-be2c-9b08c5d4c173","away","TuS 05 Wellinghofen","TV Krefeld-Oppum 1894",12,16,FALSE,0,NA,NA,0,0,0,NA,0,0,0,0,0,0,NA,NA,NA,NA,NA,NA,NA,NA,0,0,0,0,NA,NA,NA,NA,NA
"Hans-Jürgen Sengera","ba7fae8e-3955-11ef-80e4-ab397f561917",NA,NA,1970,"10/10/1970","9068d0d8-3960-11ef-be2c-9b08c5d4c173","away","TuS 05 Wellinghofen","TV Krefeld-Oppum 1894",12,16,FALSE,0,NA,NA,0,0,0,NA,0,0,0,0,0,0,NA,NA,NA,NA,NA,NA,NA,NA,0,0,0,0,NA,NA,NA,NA,NA
"Ulrich Thubeauville","c76555ef-3955-11ef-9f3a-157c9bc18a5f",NA,NA,1970,"10/10/1970","9068d0d8-3960-11ef-be2c-9b08c5d4c173","away","TuS 05 Wellinghofen","TV Krefeld-Oppum 1894",12,16,FALSE,3,NA,NA,0,0,0,NA,0,0,0,0,0,0,NA,NA,NA,NA,NA,NA,NA,NA,0,0,0,0,NA,NA,NA,NA,NA
"Burkhardt Eckardt","c76d08cb-3955-11ef-8fa7-157c9bc18a5f",NA,NA,1970,"10/10/1970","9068d0d8-3960-11ef-be2c-9b08c5d4c173","away","TuS 05 Wellinghofen","TV Krefeld-Oppum 1894",12,16,FALSE,0,NA,NA,0,0,0,NA,0,0,0,0,0,0,NA,NA,NA,NA,NA,NA,NA,NA,0,0,0,0,NA,NA,NA,NA,NA
"Gerd Thiele","c9f7a8d5-3955-11ef-93d4-157c9bc18a5f",NA,NA,1970,"10/10/1970","9068d0d8-3960-11ef-be2c-9b08c5d4c173","away","TuS 05 Wellinghofen","TV Krefeld-Oppum 1894",12,16,FALSE,0,NA,NA,0,0,0,NA,0,0,0,0,0,0,NA,NA,NA,NA,NA,NA,NA,NA,0,0,0,0,NA,NA,NA,NA,NA
"Manfred Müller","ae54e819-3955-11ef-81e8-a36230ada079",NA,NA,1970,"10/10/1970","91a38bc7-3960-11ef-bb12-9b08c5d4c173","home","TV Hochdorf","TV Großwallstadt",20,24,FALSE,0,NA,NA,0,0,0,NA,0,0,0,0,0,0,NA,NA,NA,NA,NA,NA,NA,NA,0,0,0,0,NA,NA,NA,NA,NA
"Robert Becker","ae8c50f9-3955-11ef-91c4-a36230ada079",NA,NA,1970,"10/10/1970","91a38bc7-3960-11ef-bb12-9b08c5d4c173","home","TV Hochdorf","TV Großwallstadt",20,24,FALSE,3,NA,NA,0,0,1,NA,0,0,0,0,0,0,NA,NA,NA,NA,NA,NA,NA,NA,0,0,0,0,NA,NA,NA,NA,NA
"Jürgen Hahn","ae947745-3955-11ef-bc54-a36230ada079",NA,NA,1970,"10/10/1970","91a38bc7-3960-11ef-bb12-9b08c5d4c173","home","TV Hochdorf","TV Großwallstadt",20,24,FALSE,5,NA,NA,0,0,0,NA,0,0,0,0,0,0,NA,NA,NA,NA,NA,NA,NA,NA,0,0,0,0,NA,NA,NA,NA,NA
"Wilfried Job","af3ed007-3955-11ef-9184-a36230ada079",NA,NA,1970,"10/10/1970","91a38bc7-3960-11ef-bb12-9b08c5d4c173","home","TV Hochdorf","TV Großwallstadt",20,24,FALSE,0,NA,NA,0,0,0,NA,0,0,0,0,0,0,NA,NA,NA,NA,NA,NA,NA,NA,0,0,0,0,NA,NA,NA,NA,NA
"Hans Stein","bde4861d-3955-11ef-a14e-ab397f561917",NA,NA,1970,"10/10/1970","91a38bc7-3960-11ef-bb12-9b08c5d4c173","home","TV Hochdorf","TV Großwallstadt",20,24,FALSE,3,NA,NA,0,0,0,NA,0,0,0,0,0,0,NA,NA,NA,NA,NA,NA,NA,NA,0,0,0,0,NA,NA,NA,NA,NA
"Klaus Becker","c92b579e-3955-11ef-ab41-157c9bc18a5f",NA,NA,1970,"10/10/1970","91a38bc7-3960-11ef-bb12-9b08c5d4c173","home","TV Hochdorf","TV Großwallstadt",20,24,FALSE,0,NA,NA,0,0,0,NA,0,0,0,0,0,0,NA,NA,NA,NA,NA,NA,NA,NA,0,0,0,0,NA,NA,NA,NA,NA
"Hans Schmitz","c9354efe-3955-11ef-b77a-157c9bc18a5f",NA,NA,1970,"10/10/1970","91a38bc7-3960-11ef-bb12-9b08c5d4c173","home","TV Hochdorf","TV Großwallstadt",20,24,FALSE,0,NA,NA,0,0,0,NA,0,0,0,0,0,0,NA,NA,NA,NA,NA,NA,NA,NA,0,0,0,0,NA,NA,NA,NA,NA
"Werner Häfele","c9414487-3955-11ef-a5df-157c9bc18a5f",NA,NA,1970,"10/10/1970","91a38bc7-3960-11ef-bb12-9b08c5d4c173","home","TV Hochdorf","TV Großwallstadt",20,24,FALSE,3,NA,NA,0,0,1,NA,0,0,0,0,0,0,NA,NA,NA,NA,NA,NA,NA,NA,0,0,0,0,NA,NA,NA,NA,NA
"Willi Butz","c945a2f1-3955-11ef-8b53-157c9bc18a5f",NA,NA,1970,"10/10/1970","91a38bc7-3960-11ef-bb12-9b08c5d4c173","home","TV Hochdorf","TV Großwallstadt",20,24,FALSE,3,NA,NA,0,0,0,NA,0,0,0,0,0,0,NA,NA,NA,NA,NA,NA,NA,NA,0,0,0,0,NA,NA,NA,NA,NA
"Peter Frisch","c94a46b7-3955-11ef-8686-157c9bc18a5f",NA,NA,1970,"10/10/1970","91a38bc7-3960-11ef-bb12-9b08c5d4c173","home","TV Hochdorf","TV Großwallstadt",20,24,FALSE,2,NA,NA,0,0,0,NA,0,0,0,0,0,0,NA,NA,NA,NA,NA,NA,NA,NA,0,0,0,0,NA,NA,NA,NA,NA
"Werner Matill","c9539495-3955-11ef-9bff-157c9bc18a5f",NA,NA,1970,"10/10/1970","91a38bc7-3960-11ef-bb12-9b08c5d4c173","home","TV Hochdorf","TV Großwallstadt",20,24,FALSE,1,NA,NA,0,0,0,NA,0,0,0,0,0,0,NA,NA,NA,NA,NA,NA,NA,NA,0,0,0,0,NA,NA,NA,NA,NA
"Kurt Klühspies","5ac3e7d7-3955-11ef-b574-4fa817cd91bb",NA,NA,1970,"10/10/1970","91a38bc7-3960-11ef-bb12-9b08c5d4c173","away","TV Großwallstadt","TV Hochdorf",24,20,TRUE,5,NA,NA,0,0,0,NA,0,0,0,0,0,0,NA,NA,NA,NA,NA,NA,NA,NA,0,0,0,0,NA,NA,NA,NA,NA
"Manfred Hofmann","6855eb0b-3955-11ef-8cb3-292be3190b7b",NA,NA,1970,"10/10/1970","91a38bc7-3960-11ef-bb12-9b08c5d4c173","away","TV Großwallstadt","TV Hochdorf",24,20,TRUE,0,NA,NA,0,0,0,NA,0,0,0,0,0,0,NA,NA,NA,NA,NA,NA,NA,NA,0,0,0,0,NA,NA,NA,NA,NA
"Eckhardt Suffel","aeac0503-3955-11ef-88c6-a36230ada079",NA,NA,1970,"10/10/1970","91a38bc7-3960-11ef-bb12-9b08c5d4c173","away","TV Großwallstadt","TV Hochdorf",24,20,TRUE,0,NA,NA,0,0,0,NA,0,0,0,0,0,0,NA,NA,NA,NA,NA,NA,NA,NA,0,0,0,0,NA,NA,NA,NA,NA
"Robert Schnabel","bbbd881a-3955-11ef-a181-ab397f561917",NA,NA,1970,"10/10/1970","91a38bc7-3960-11ef-bb12-9b08c5d4c173","away","TV Großwallstadt","TV Hochdorf",24,20,TRUE,0,NA,NA,0,0,0,NA,0,0,0,0,0,0,NA,NA,NA,NA,NA,NA,NA,NA,0,0,0,0,NA,NA,NA,NA,NA
"Peter Kuß","bbc18adb-3955-11ef-a5f7-ab397f561917",NA,NA,1970,"10/10/1970","91a38bc7-3960-11ef-bb12-9b08c5d4c173","away","TV Großwallstadt","TV Hochdorf",24,20,TRUE,3,NA,NA,0,0,0,NA,0,0,0,0,0,0,NA,NA,NA,NA,NA,NA,NA,NA,0,0,0,0,NA,NA,NA,NA,NA
"Rainer Oberle","be123408-3955-11ef-92a6-ab397f561917",NA,NA,1970,"10/10/1970","91a38bc7-3960-11ef-bb12-9b08c5d4c173","away","TV Großwallstadt","TV Hochdorf",24,20,TRUE,7,NA,NA,0,0,0,NA,0,0,0,0,0,0,NA,NA,NA,NA,NA,NA,NA,NA,0,0,0,0,NA,NA,NA,NA,NA
"Hans-Joachim Herzig","c7ff4ec7-3955-11ef-a4ed-157c9bc18a5f",NA,NA,1970,"10/10/1970","91a38bc7-3960-11ef-bb12-9b08c5d4c173","away","TV Großwallstadt","TV Hochdorf",24,20,TRUE,0,NA,NA,0,0,0,NA,0,0,0,0,0,0,NA,NA,NA,NA,NA,NA,NA,NA,0,0,0,0,NA,NA,NA,NA,NA
"Ludwig Hohm","c97b5499-3955-11ef-8cf3-157c9bc18a5f",NA,NA,1970,"10/10/1970","91a38bc7-3960-11ef-bb12-9b08c5d4c173","away","TV Großwallstadt","TV Hochdorf",24,20,TRUE,0,NA,NA,0,0,0,NA,0,0,0,0,0,0,NA,NA,NA,NA,NA,NA,NA,NA,0,0,0,0,NA,NA,NA,NA,NA
"Erich Kolb","d2d1efef-3955-11ef-89e7-a36230ada079",NA,NA,1970,"10/10/1970","91a38bc7-3960-11ef-bb12-9b08c5d4c173","away","TV Großwallstadt","TV Hochdorf",24,20,TRUE,1,NA,NA,0,0,0,NA,0,0,0,0,0,0,NA,NA,NA,NA,NA,NA,NA,NA,0,0,0,0,NA,NA,NA,NA,NA
"Rüdiger-Felix Schmacke","97956044-3955-11ef-be5d-292be3190b7b",NA,NA,1970,"10/10/1970","987adabf-3960-11ef-bde9-d3de5c174a65","home","S3L Handball","SpVgg 1887 Möhringen",25,15,TRUE,5,NA,NA,0,0,3,NA,0,0,0,0,0,0,NA,NA,NA,NA,NA,NA,NA,NA,0,0,0,0,NA,NA,NA,NA,NA
"Hansjörg Jäck","b166bd31-3955-11ef-bed1-a36230ada079",NA,NA,1970,"10/10/1970","987adabf-3960-11ef-bde9-d3de5c174a65","home","S3L Handball","SpVgg 1887 Möhringen",25,15,TRUE,0,NA,NA,0,0,0,NA,0,0,0,0,0,0,NA,NA,NA,NA,NA,NA,NA,NA,0,0,0,0,NA,NA,NA,NA,NA
"Jens Schmitt","bb8d4110-3955-11ef-8fb2-ab397f561917",NA,NA,1970,"10/10/1970","987adabf-3960-11ef-bde9-d3de5c174a65","home","S3L Handball","SpVgg 1887 Möhringen",25,15,TRUE,0,NA,NA,0,0,0,NA,0,0,0,0,0,0,NA,NA,NA,NA,NA,NA,NA,NA,0,0,0,0,NA,NA,NA,NA,NA
"Werner Pruscha","bb9c8e56-3955-11ef-ac18-ab397f561917",NA,NA,1970,"10/10/1970","987adabf-3960-11ef-bde9-d3de5c174a65","home","S3L Handball","SpVgg 1887 Möhringen",25,15,TRUE,3,NA,NA,0,0,0,NA,0,0,0,0,0,0,NA,NA,NA,NA,NA,NA,NA,NA,0,0,0,0,NA,NA,NA,NA,NA
"Wolfhardt Bühler","bba2fc92-3955-11ef-a8d6-ab397f561917",NA,NA,1970,"10/10/1970","987adabf-3960-11ef-bde9-d3de5c174a65","home","S3L Handball","SpVgg 1887 Möhringen",25,15,TRUE,5,NA,NA,0,0,0,NA,0,0,0,0,0,0,NA,NA,NA,NA,NA,NA,NA,NA,0,0,0,0,NA,NA,NA,NA,NA
"Lothar Pohl","bc5ae364-3955-11ef-9b62-ab397f561917",NA,NA,1970,"10/10/1970","987adabf-3960-11ef-bde9-d3de5c174a65","home","S3L Handball","SpVgg 1887 Möhringen",25,15,TRUE,0,NA,NA,0,0,0,NA,0,0,0,0,0,0,NA,NA,NA,NA,NA,NA,NA,NA,0,0,0,0,NA,NA,NA,NA,NA
"Gerhard Schmidt","bd78314d-3955-11ef-8668-ab397f561917",NA,NA,1970,"10/10/1970","987adabf-3960-11ef-bde9-d3de5c174a65","home","S3L Handball","SpVgg 1887 Möhringen",25,15,TRUE,0,NA,NA,0,0,0,NA,0,0,0,0,0,0,NA,NA,NA,NA,NA,NA,NA,NA,0,0,0,0,NA,NA,NA,NA,NA
"Herbert Hönnige","c7e7cc14-3955-11ef-af0e-157c9bc18a5f",NA,NA,1970,"10/10/1970","987adabf-3960-11ef-bde9-d3de5c174a65","home","S3L Handball","SpVgg 1887 Möhringen",25,15,TRUE,5,NA,NA,0,0,0,NA,0,0,0,0,0,0,NA,NA,NA,NA,NA,NA,NA,NA,0,0,0,0,NA,NA,NA,NA,NA
"Jürgen Plambeck","c95d267b-3955-11ef-9a98-157c9bc18a5f",NA,NA,1970,"10/10/1970","987adabf-3960-11ef-bde9-d3de5c174a65","home","S3L Handball","SpVgg 1887 Möhringen",25,15,TRUE,4,NA,NA,0,0,0,NA,0,0,0,0,0,0,NA,NA,NA,NA,NA,NA,NA,NA,0,0,0,0,NA,NA,NA,NA,NA
"Josef Hutter","c96148ae-3955-11ef-a005-157c9bc18a5f",NA,NA,1970,"10/10/1970","987adabf-3960-11ef-bde9-d3de5c174a65","home","S3L Handball","SpVgg 1887 Möhringen",25,15,TRUE,3,NA,NA,0,0,0,NA,0,0,0,0,0,0,NA,NA,NA,NA,NA,NA,NA,NA,0,0,0,0,NA,NA,NA,NA,NA
"Rolf Seltner","c96574fc-3955-11ef-a37f-157c9bc18a5f",NA,NA,1970,"10/10/1970","987adabf-3960-11ef-bde9-d3de5c174a65","home","S3L Handball","SpVgg 1887 Möhringen",25,15,TRUE,0,NA,NA,0,0,0,NA,0,0,0,0,0,0,NA,NA,NA,NA,NA,NA,NA,NA,0,0,0,0,NA,NA,NA,NA,NA
"Fritz Schulz","d2b139a8-3955-11ef-854a-a36230ada079",NA,NA,1970,"10/10/1970","987adabf-3960-11ef-bde9-d3de5c174a65","home","S3L Handball","SpVgg 1887 Möhringen",25,15,TRUE,0,NA,NA,0,0,0,NA,0,0,0,0,0,0,NA,NA,NA,NA,NA,NA,NA,NA,0,0,0,0,NA,NA,NA,NA,NA
"Hermann Mäurle","a44f95e3-3955-11ef-b53d-2510cc07ea6e",NA,NA,1970,"10/10/1970","987adabf-3960-11ef-bde9-d3de5c174a65","away","SpVgg 1887 Möhringen","S3L Handball",15,25,FALSE,0,NA,NA,0,0,0,NA,0,0,0,0,0,0,NA,NA,NA,NA,NA,NA,NA,NA,0,0,0,0,NA,NA,NA,NA,NA
"Wolf-Dieter Rösner","c82bae19-3955-11ef-a06e-157c9bc18a5f",NA,NA,1970,"10/10/1970","987adabf-3960-11ef-bde9-d3de5c174a65","away","SpVgg 1887 Möhringen","S3L Handball",15,25,FALSE,0,NA,NA,0,0,0,NA,0,0,0,0,0,0,NA,NA,NA,NA,NA,NA,NA,NA,0,0,0,0,NA,NA,NA,NA,NA
"Karl-Heinz Wolf","c8354cdd-3955-11ef-a1d6-157c9bc18a5f",NA,NA,1970,"10/10/1970","987adabf-3960-11ef-bde9-d3de5c174a65","away","SpVgg 1887 Möhringen","S3L Handball",15,25,FALSE,0,NA,NA,0,0,0,NA,0,0,0,0,0,0,NA,NA,NA,NA,NA,NA,NA,NA,0,0,0,0,NA,NA,NA,NA,NA
"Gerd-Volker Stock","c8397c3c-3955-11ef-af12-157c9bc18a5f",NA,NA,1970,"10/10/1970","987adabf-3960-11ef-bde9-d3de5c174a65","away","SpVgg 1887 Möhringen","S3L Handball",15,25,FALSE,3,NA,NA,0,0,0,NA,0,0,0,0,0,0,NA,NA,NA,NA,NA,NA,NA,NA,0,0,0,0,NA,NA,NA,NA,NA
"Dieter Schuh","c84c4c54-3955-11ef-9d35-157c9bc18a5f",NA,NA,1970,"10/10/1970","987adabf-3960-11ef-bde9-d3de5c174a65","away","SpVgg 1887 Möhringen","S3L Handball",15,25,FALSE,1,NA,NA,0,0,0,NA,0,0,0,0,0,0,NA,NA,NA,NA,NA,NA,NA,NA,0,0,0,0,NA,NA,NA,NA,NA
"Lothar Scheffel","c850996c-3955-11ef-94a7-157c9bc18a5f",NA,NA,1970,"10/10/1970","987adabf-3960-11ef-bde9-d3de5c174a65","away","SpVgg 1887 Möhringen","S3L Handball",15,25,FALSE,0,NA,NA,0,0,0,NA,0,0,0,0,0,0,NA,NA,NA,NA,NA,NA,NA,NA,0,0,0,0,NA,NA,NA,NA,NA
"Karl-Heinz Steinbach","c864fc61-3955-11ef-bc13-157c9bc18a5f",NA,NA,1970,"10/10/1970","987adabf-3960-11ef-bde9-d3de5c174a65","away","SpVgg 1887 Möhringen","S3L Handball",15,25,FALSE,2,NA,NA,0,0,0,NA,0,0,0,0,0,0,NA,NA,NA,NA,NA,NA,NA,NA,0,0,0,0,NA,NA,NA,NA,NA
"Wolfgang Schall","c869381d-3955-11ef-a2ed-157c9bc18a5f",NA,NA,1970,"10/10/1970","987adabf-3960-11ef-bde9-d3de5c174a65","away","SpVgg 1887 Möhringen","S3L Handball",15,25,FALSE,1,NA,NA,0,0,0,NA,0,0,0,0,0,0,NA,NA,NA,NA,NA,NA,NA,NA,0,0,0,0,NA,NA,NA,NA,NA
"Günter Heger","c9b80786-3955-11ef-80ae-157c9bc18a5f",NA,NA,1970,"10/10/1970","987adabf-3960-11ef-bde9-d3de5c174a65","away","SpVgg 1887 Möhringen","S3L Handball",15,25,FALSE,2,NA,NA,0,0,0,NA,0,0,0,0,0,0,NA,NA,NA,NA,NA,NA,NA,NA,0,0,0,0,NA,NA,NA,NA,NA
"Winfried Holtmann","d3270d6b-3955-11ef-8174-a36230ada079",NA,NA,1970,"10/10/1970","987adabf-3960-11ef-bde9-d3de5c174a65","away","SpVgg 1887 Möhringen","S3L Handball",15,25,FALSE,3,NA,NA,0,0,0,NA,0,0,0,0,0,0,NA,NA,NA,NA,NA,NA,NA,NA,0,0,0,0,NA,NA,NA,NA,NA
"Diethard Finkelmann","a60bdcf9-3955-11ef-bfa1-2510cc07ea6e",NA,NA,1970,"10/10/1970","99fddf46-3960-11ef-9fc2-d3de5c174a65","home","Füchse Berlin","FRISCH AUF! Göppingen",12,11,TRUE,3,NA,NA,0,0,2,NA,0,0,0,0,0,0,NA,NA,NA,NA,NA,NA,NA,NA,0,0,0,0,NA,NA,NA,NA,NA
"Wolfgang Braun","b1a4c388-3955-11ef-92b7-a36230ada079",NA,NA,1970,"10/10/1970","99fddf46-3960-11ef-9fc2-d3de5c174a65","home","Füchse Berlin","FRISCH AUF! Göppingen",12,11,TRUE,2,NA,NA,0,0,0,NA,0,0,0,0,0,0,NA,NA,NA,NA,NA,NA,NA,NA,0,0,0,0,NA,NA,NA,NA,NA
"Detlef Finkelmann","b1a8f927-3955-11ef-a009-a36230ada079",NA,NA,1970,"10/10/1970","99fddf46-3960-11ef-9fc2-d3de5c174a65","home","Füchse Berlin","FRISCH AUF! Göppingen",12,11,TRUE,0,NA,NA,0,0,0,NA,0,0,0,0,0,0,NA,NA,NA,NA,NA,NA,NA,NA,0,0,0,0,NA,NA,NA,NA,NA
"Bernd Goerigk","b1b21b0c-3955-11ef-a303-a36230ada079",NA,NA,1970,"10/10/1970","99fddf46-3960-11ef-9fc2-d3de5c174a65","home","Füchse Berlin","FRISCH AUF! Göppingen",12,11,TRUE,1,NA,NA,0,0,0,NA,0,0,0,0,0,0,NA,NA,NA,NA,NA,NA,NA,NA,0,0,0,0,NA,NA,NA,NA,NA
"Lutz Loewke","b1b73b08-3955-11ef-b76a-a36230ada079",NA,NA,1970,"10/10/1970","99fddf46-3960-11ef-9fc2-d3de5c174a65","home","Füchse Berlin","FRISCH AUF! Göppingen",12,11,TRUE,3,NA,NA,0,0,0,NA,0,0,0,0,0,0,NA,NA,NA,NA,NA,NA,NA,NA,0,0,0,0,NA,NA,NA,NA,NA
"Sigmar Artelt","bdbc9392-3955-11ef-a3be-ab397f561917",NA,NA,1970,"10/10/1970","99fddf46-3960-11ef-9fc2-d3de5c174a65","home","Füchse Berlin","FRISCH AUF! Göppingen",12,11,TRUE,0,NA,NA,0,0,0,NA,0,0,0,0,0,0,NA,NA,NA,NA,NA,NA,NA,NA,0,0,0,0,NA,NA,NA,NA,NA
"Henry Johannes","bdc98fce-3955-11ef-9f6e-ab397f561917",NA,NA,1970,"10/10/1970","99fddf46-3960-11ef-9fc2-d3de5c174a65","home","Füchse Berlin","FRISCH AUF! Göppingen",12,11,TRUE,0,NA,NA,0,0,0,NA,0,0,0,0,0,0,NA,NA,NA,NA,NA,NA,NA,NA,0,0,0,0,NA,NA,NA,NA,NA
"Bernd Schäpe","d2d71288-3955-11ef-9959-a36230ada079",NA,NA,1970,"10/10/1970","99fddf46-3960-11ef-9fc2-d3de5c174a65","home","Füchse Berlin","FRISCH AUF! Göppingen",12,11,TRUE,0,NA,NA,0,0,0,NA,0,0,0,0,0,0,NA,NA,NA,NA,NA,NA,NA,NA,0,0,0,0,NA,NA,NA,NA,NA
"Bernd Redlich","d2e474a6-3955-11ef-a804-a36230ada079",NA,NA,1970,"10/10/1970","99fddf46-3960-11ef-9fc2-d3de5c174a65","home","Füchse Berlin","FRISCH AUF! Göppingen",12,11,TRUE,0,NA,NA,0,0,0,NA,0,0,0,0,0,0,NA,NA,NA,NA,NA,NA,NA,NA,0,0,0,0,NA,NA,NA,NA,NA
"Thomas Micheli","d2e8bde0-3955-11ef-8c04-a36230ada079",NA,NA,1970,"10/10/1970","99fddf46-3960-11ef-9fc2-d3de5c174a65","home","Füchse Berlin","FRISCH AUF! Göppingen",12,11,TRUE,3,NA,NA,0,0,1,NA,0,0,0,0,0,0,NA,NA,NA,NA,NA,NA,NA,NA,0,0,0,0,NA,NA,NA,NA,NA
"Christian Heß","d2ed7816-3955-11ef-bfaf-a36230ada079",NA,NA,1970,"10/10/1970","99fddf46-3960-11ef-9fc2-d3de5c174a65","home","Füchse Berlin","FRISCH AUF! Göppingen",12,11,TRUE,0,NA,NA,0,0,0,NA,0,0,0,0,0,0,NA,NA,NA,NA,NA,NA,NA,NA,0,0,0,0,NA,NA,NA,NA,NA
"Peter Bucher","8e0071c9-3955-11ef-8ff8-81dc40648355",NA,NA,1970,"10/10/1970","99fddf46-3960-11ef-9fc2-d3de5c174a65","away","FRISCH AUF! Göppingen","Füchse Berlin",11,12,FALSE,3,NA,NA,0,0,1,NA,0,0,0,0,0,0,NA,NA,NA,NA,NA,NA,NA,NA,0,0,0,0,NA,NA,NA,NA,NA
"Horst Singer","a30fd118-3955-11ef-9745-2510cc07ea6e",NA,NA,1970,"10/10/1970","99fddf46-3960-11ef-9fc2-d3de5c174a65","away","FRISCH AUF! Göppingen","Füchse Berlin",11,12,FALSE,2,NA,NA,0,0,1,NA,0,0,0,0,0,0,NA,NA,NA,NA,NA,NA,NA,NA,0,0,0,0,NA,NA,NA,NA,NA
"Paul Epple","bc8167af-3955-11ef-8748-ab397f561917",NA,NA,1970,"10/10/1970","99fddf46-3960-11ef-9fc2-d3de5c174a65","away","FRISCH AUF! Göppingen","Füchse Berlin",11,12,FALSE,2,NA,NA,0,0,1,NA,0,0,0,0,0,0,NA,NA,NA,NA,NA,NA,NA,NA,0,0,0,0,NA,NA,NA,NA,NA
"Walter Pflüger","bc85cdbc-3955-11ef-8e24-ab397f561917",NA,NA,1970,"10/10/1970","99fddf46-3960-11ef-9fc2-d3de5c174a65","away","FRISCH AUF! Göppingen","Füchse Berlin",11,12,FALSE,0,NA,NA,0,0,0,NA,0,0,0,0,0,0,NA,NA,NA,NA,NA,NA,NA,NA,0,0,0,0,NA,NA,NA,NA,NA
"Werner Arndt","c71116e0-3955-11ef-85d3-157c9bc18a5f",NA,NA,1970,"10/10/1970","99fddf46-3960-11ef-9fc2-d3de5c174a65","away","FRISCH AUF! Göppingen","Füchse Berlin",11,12,FALSE,0,NA,NA,0,0,0,NA,0,0,0,0,0,0,NA,NA,NA,NA,NA,NA,NA,NA,0,0,0,0,NA,NA,NA,NA,NA
"Christian Patzer","c715a1de-3955-11ef-bc54-157c9bc18a5f",NA,NA,1970,"10/10/1970","99fddf46-3960-11ef-9fc2-d3de5c174a65","away","FRISCH AUF! Göppingen","Füchse Berlin",11,12,FALSE,2,NA,NA,0,0,0,NA,0,0,0,0,0,0,NA,NA,NA,NA,NA,NA,NA,NA,0,0,0,0,NA,NA,NA,NA,NA
"Uwe Rathjen","c898158b-3955-11ef-82cb-157c9bc18a5f",NA,NA,1970,"10/10/1970","99fddf46-3960-11ef-9fc2-d3de5c174a65","away","FRISCH AUF! Göppingen","Füchse Berlin",11,12,FALSE,0,NA,NA,0,0,0,NA,0,0,0,0,0,0,NA,NA,NA,NA,NA,NA,NA,NA,0,0,0,0,NA,NA,NA,NA,NA
"Armin Eisele","c9cc4c1b-3955-11ef-9f9f-157c9bc18a5f",NA,NA,1970,"10/10/1970","99fddf46-3960-11ef-9fc2-d3de5c174a65","away","FRISCH AUF! Göppingen","Füchse Berlin",11,12,FALSE,1,NA,NA,0,0,0,NA,0,0,0,0,0,0,NA,NA,NA,NA,NA,NA,NA,NA,0,0,0,0,NA,NA,NA,NA,NA
"Anton Bayer","d357b837-3955-11ef-8b00-a36230ada079",NA,NA,1970,"10/10/1970","99fddf46-3960-11ef-9fc2-d3de5c174a65","away","FRISCH AUF! Göppingen","Füchse Berlin",11,12,FALSE,1,NA,NA,0,0,0,NA,0,0,0,0,0,0,NA,NA,NA,NA,NA,NA,NA,NA,0,0,0,0,NA,NA,NA,NA,NA
"Klaus Cachay","d363e58b-3955-11ef-b333-a36230ada079",NA,NA,1970,"10/10/1970","99fddf46-3960-11ef-9fc2-d3de5c174a65","away","FRISCH AUF! Göppingen","Füchse Berlin",11,12,FALSE,0,NA,NA,0,0,0,NA,0,0,0,0,0,0,NA,NA,NA,NA,NA,NA,NA,NA,0,0,0,0,NA,NA,NA,NA,NA
"Werner Kühn","a5a83923-3955-11ef-abc5-2510cc07ea6e",NA,NA,1970,"10/11/1970","8df5c685-3960-11ef-aafc-9b08c5d4c173","home","SC Phönix Essen 1920","VfL Gummersbach",19,12,TRUE,0,NA,NA,0,0,0,NA,0,0,0,0,0,0,NA,NA,NA,NA,NA,NA,NA,NA,0,0,0,0,NA,NA,NA,NA,NA
"Heinz Oberscheidt","a5ae94f2-3955-11ef-91fc-2510cc07ea6e",NA,NA,1970,"10/11/1970","8df5c685-3960-11ef-aafc-9b08c5d4c173","home","SC Phönix Essen 1920","VfL Gummersbach",19,12,TRUE,2,NA,NA,0,0,0,NA,0,0,0,0,0,0,NA,NA,NA,NA,NA,NA,NA,NA,0,0,0,0,NA,NA,NA,NA,NA
"Norbert Meister","a610e086-3955-11ef-bf85-2510cc07ea6e",NA,NA,1970,"10/11/1970","8df5c685-3960-11ef-aafc-9b08c5d4c173","home","SC Phönix Essen 1920","VfL Gummersbach",19,12,TRUE,0,NA,NA,0,0,0,NA,0,0,0,0,0,0,NA,NA,NA,NA,NA,NA,NA,NA,0,0,0,0,NA,NA,NA,NA,NA
"Rüdiger Hillebrand","b0c11a9c-3955-11ef-bf0d-a36230ada079",NA,NA,1970,"10/11/1970","8df5c685-3960-11ef-aafc-9b08c5d4c173","home","SC Phönix Essen 1920","VfL Gummersbach",19,12,TRUE,0,NA,NA,0,0,0,NA,0,0,0,0,0,0,NA,NA,NA,NA,NA,NA,NA,NA,0,0,0,0,NA,NA,NA,NA,NA
"Bernd Tolksdorf","bae02284-3955-11ef-b577-ab397f561917",NA,NA,1970,"10/11/1970","8df5c685-3960-11ef-aafc-9b08c5d4c173","home","SC Phönix Essen 1920","VfL Gummersbach",19,12,TRUE,1,NA,NA,0,0,0,NA,0,0,0,0,0,0,NA,NA,NA,NA,NA,NA,NA,NA,0,0,0,0,NA,NA,NA,NA,NA
"Klaus Kirschner","bae43a44-3955-11ef-ae7c-ab397f561917",NA,NA,1970,"10/11/1970","8df5c685-3960-11ef-aafc-9b08c5d4c173","home","SC Phönix Essen 1920","VfL Gummersbach",19,12,TRUE,0,NA,NA,0,0,0,NA,0,0,0,0,0,0,NA,NA,NA,NA,NA,NA,NA,NA,0,0,0,0,NA,NA,NA,NA,NA
"Marinko Andrić","bae9ac2f-3955-11ef-863e-ab397f561917",NA,NA,1970,"10/11/1970","8df5c685-3960-11ef-aafc-9b08c5d4c173","home","SC Phönix Essen 1920","VfL Gummersbach",19,12,TRUE,2,NA,NA,0,0,0,NA,0,0,0,0,0,0,NA,NA,NA,NA,NA,NA,NA,NA,0,0,0,0,NA,NA,NA,NA,NA
"Michael Hattig","bd52f5b1-3955-11ef-ba0c-ab397f561917",NA,NA,1970,"10/11/1970","8df5c685-3960-11ef-aafc-9b08c5d4c173","home","SC Phönix Essen 1920","VfL Gummersbach",19,12,TRUE,5,NA,NA,0,0,1,NA,0,0,0,0,0,0,NA,NA,NA,NA,NA,NA,NA,NA,0,0,0,0,NA,NA,NA,NA,NA
"Andrija Kotlas","bde016f5-3955-11ef-b96c-ab397f561917",NA,NA,1970,"10/11/1970","8df5c685-3960-11ef-aafc-9b08c5d4c173","home","SC Phönix Essen 1920","VfL Gummersbach",19,12,TRUE,5,NA,NA,0,0,0,NA,0,0,0,0,0,0,NA,NA,NA,NA,NA,NA,NA,NA,0,0,0,0,NA,NA,NA,NA,NA
"Carl-Bernd Behler","c79d213f-3955-11ef-a773-157c9bc18a5f",NA,NA,1970,"10/11/1970","8df5c685-3960-11ef-aafc-9b08c5d4c173","home","SC Phönix Essen 1920","VfL Gummersbach",19,12,TRUE,1,NA,NA,0,0,0,NA,0,0,0,0,0,0,NA,NA,NA,NA,NA,NA,NA,NA,0,0,0,0,NA,NA,NA,NA,NA
"Ernst Weise","c90cdba3-3955-11ef-b068-157c9bc18a5f",NA,NA,1970,"10/11/1970","8df5c685-3960-11ef-aafc-9b08c5d4c173","home","SC Phönix Essen 1920","VfL Gummersbach",19,12,TRUE,3,NA,NA,0,0,0,NA,0,0,0,0,0,0,NA,NA,NA,NA,NA,NA,NA,NA,0,0,0,0,NA,NA,NA,NA,NA
"Klaus Brand","51394441-3955-11ef-8fab-6d38c0425bc0",NA,NA,1970,"10/11/1970","8df5c685-3960-11ef-aafc-9b08c5d4c173","away","VfL Gummersbach","SC Phönix Essen 1920",12,19,FALSE,0,NA,NA,0,0,0,NA,0,0,0,0,0,0,NA,NA,NA,NA,NA,NA,NA,NA,0,0,0,0,NA,NA,NA,NA,NA
"Klaus Kater","8da1f6ef-3955-11ef-b31a-81dc40648355",NA,NA,1970,"10/11/1970","8df5c685-3960-11ef-aafc-9b08c5d4c173","away","VfL Gummersbach","SC Phönix Essen 1920",12,19,FALSE,0,NA,NA,0,0,0,NA,0,0,0,0,0,0,NA,NA,NA,NA,NA,NA,NA,NA,0,0,0,0,NA,NA,NA,NA,NA
"Werner Winkelmeier","9712104e-3955-11ef-9613-292be3190b7b",NA,NA,1970,"10/11/1970","8df5c685-3960-11ef-aafc-9b08c5d4c173","away","VfL Gummersbach","SC Phönix Essen 1920",12,19,FALSE,2,NA,NA,0,0,0,NA,0,0,0,0,0,0,NA,NA,NA,NA,NA,NA,NA,NA,0,0,0,0,NA,NA,NA,NA,NA
"Jochen Feldhoff","a32751a5-3955-11ef-badf-2510cc07ea6e",NA,NA,1970,"10/11/1970","8df5c685-3960-11ef-aafc-9b08c5d4c173","away","VfL Gummersbach","SC Phönix Essen 1920",12,19,FALSE,0,NA,NA,0,0,0,NA,0,0,0,0,0,0,NA,NA,NA,NA,NA,NA,NA,NA,0,0,0,0,NA,NA,NA,NA,NA
"Helmut Keller","ae2fb2ba-3955-11ef-b38f-a36230ada079",NA,NA,1970,"10/11/1970","8df5c685-3960-11ef-aafc-9b08c5d4c173","away","VfL Gummersbach","SC Phönix Essen 1920",12,19,FALSE,2,NA,NA,0,0,0,NA,0,0,0,0,0,0,NA,NA,NA,NA,NA,NA,NA,NA,0,0,0,0,NA,NA,NA,NA,NA
"Hans-Günther Schmidt","aff5702f-3955-11ef-9878-a36230ada079",NA,NA,1970,"10/11/1970","8df5c685-3960-11ef-aafc-9b08c5d4c173","away","VfL Gummersbach","SC Phönix Essen 1920",12,19,FALSE,4,NA,NA,0,0,1,NA,0,0,0,0,0,0,NA,NA,NA,NA,NA,NA,NA,NA,0,0,0,0,NA,NA,NA,NA,NA
"Jochen Brand","ba44375c-3955-11ef-a5d6-ab397f561917",NA,NA,1970,"10/11/1970","8df5c685-3960-11ef-aafc-9b08c5d4c173","away","VfL Gummersbach","SC Phönix Essen 1920",12,19,FALSE,1,NA,NA,0,0,0,NA,0,0,0,0,0,0,NA,NA,NA,NA,NA,NA,NA,NA,0,0,0,0,NA,NA,NA,NA,NA
"Uwe Braunschweig","ba4aaa94-3955-11ef-be97-ab397f561917",NA,NA,1970,"10/11/1970","8df5c685-3960-11ef-aafc-9b08c5d4c173","away","VfL Gummersbach","SC Phönix Essen 1920",12,19,FALSE,0,NA,NA,0,0,0,NA,0,0,0,0,0,0,NA,NA,NA,NA,NA,NA,NA,NA,0,0,0,0,NA,NA,NA,NA,NA
"Helmut Kosmehl","bc7d7cdd-3955-11ef-a338-ab397f561917",NA,NA,1970,"10/11/1970","8df5c685-3960-11ef-aafc-9b08c5d4c173","away","VfL Gummersbach","SC Phönix Essen 1920",12,19,FALSE,1,NA,NA,0,0,0,NA,0,0,0,0,0,0,NA,NA,NA,NA,NA,NA,NA,NA,0,0,0,0,NA,NA,NA,NA,NA
"Hans-Gerd Bölter","c9d03ce3-3955-11ef-bae3-157c9bc18a5f",NA,NA,1970,"10/11/1970","8df5c685-3960-11ef-aafc-9b08c5d4c173","away","VfL Gummersbach","SC Phönix Essen 1920",12,19,FALSE,0,NA,NA,0,0,0,NA,0,0,0,0,0,0,NA,NA,NA,NA,NA,NA,NA,NA,0,0,0,0,NA,NA,NA,NA,NA
"Rainer Lingelbach","c9d44f37-3955-11ef-a323-157c9bc18a5f",NA,NA,1970,"10/11/1970","8df5c685-3960-11ef-aafc-9b08c5d4c173","away","VfL Gummersbach","SC Phönix Essen 1920",12,19,FALSE,2,NA,NA,0,0,0,NA,0,0,0,0,0,0,NA,NA,NA,NA,NA,NA,NA,NA,0,0,0,0,NA,NA,NA,NA,NA
"Hans-Jürgen Bode","b011e6da-3955-11ef-8205-a36230ada079",NA,NA,1970,"10/11/1970","8edb60bd-3960-11ef-9dc5-9b08c5d4c173","home","Hamburger SV","GWD Minden",18,5,TRUE,0,NA,NA,0,0,0,NA,0,0,0,0,0,0,NA,NA,NA,NA,NA,NA,NA,NA,0,0,0,0,NA,NA,NA,NA,NA
"Herbert Niemeier","b0163f16-3955-11ef-ae9e-a36230ada079",NA,NA,1970,"10/11/1970","8edb60bd-3960-11ef-9dc5-9b08c5d4c173","home","Hamburger SV","GWD Minden",18,5,TRUE,2,NA,NA,0,0,0,NA,0,0,0,0,0,0,NA,NA,NA,NA,NA,NA,NA,NA,0,0,0,0,NA,NA,NA,NA,NA
"Rainer Witt","b02adaad-3955-11ef-b8c4-a36230ada079",NA,NA,1970,"10/11/1970","8edb60bd-3960-11ef-9dc5-9b08c5d4c173","home","Hamburger SV","GWD Minden",18,5,TRUE,1,NA,NA,0,0,0,NA,0,0,0,0,0,0,NA,NA,NA,NA,NA,NA,NA,NA,0,0,0,0,NA,NA,NA,NA,NA
"Jens Ivers","b02f4aea-3955-11ef-801e-a36230ada079",NA,NA,1970,"10/11/1970","8edb60bd-3960-11ef-9dc5-9b08c5d4c173","home","Hamburger SV","GWD Minden",18,5,TRUE,1,NA,NA,0,0,0,NA,0,0,0,0,0,0,NA,NA,NA,NA,NA,NA,NA,NA,0,0,0,0,NA,NA,NA,NA,NA
"Norbert Germer","b03f8101-3955-11ef-8945-a36230ada079",NA,NA,1970,"10/11/1970","8edb60bd-3960-11ef-9dc5-9b08c5d4c173","home","Hamburger SV","GWD Minden",18,5,TRUE,2,NA,NA,0,0,0,NA,0,0,0,0,0,0,NA,NA,NA,NA,NA,NA,NA,NA,0,0,0,0,NA,NA,NA,NA,NA
"Siegfried Berg","b10d3ec3-3955-11ef-8a30-a36230ada079",NA,NA,1970,"10/11/1970","8edb60bd-3960-11ef-9dc5-9b08c5d4c173","home","Hamburger SV","GWD Minden",18,5,TRUE,4,NA,NA,0,0,0,NA,0,0,0,0,0,0,NA,NA,NA,NA,NA,NA,NA,NA,0,0,0,0,NA,NA,NA,NA,NA
"Bernd Heiden","baf62966-3955-11ef-b7e1-ab397f561917",NA,NA,1970,"10/11/1970","8edb60bd-3960-11ef-9dc5-9b08c5d4c173","home","Hamburger SV","GWD Minden",18,5,TRUE,2,NA,NA,0,0,0,NA,0,0,0,0,0,0,NA,NA,NA,NA,NA,NA,NA,NA,0,0,0,0,NA,NA,NA,NA,NA
"Klaus Lange","bafb51f3-3955-11ef-9864-ab397f561917",NA,NA,1970,"10/11/1970","8edb60bd-3960-11ef-9dc5-9b08c5d4c173","home","Hamburger SV","GWD Minden",18,5,TRUE,4,NA,NA,0,0,3,NA,0,0,0,0,0,0,NA,NA,NA,NA,NA,NA,NA,NA,0,0,0,0,NA,NA,NA,NA,NA
"Rüdiger Heß","bd122db8-3955-11ef-9b21-ab397f561917",NA,NA,1970,"10/11/1970","8edb60bd-3960-11ef-9dc5-9b08c5d4c173","home","Hamburger SV","GWD Minden",18,5,TRUE,1,NA,NA,0,0,0,NA,0,0,0,0,0,0,NA,NA,NA,NA,NA,NA,NA,NA,0,0,0,0,NA,NA,NA,NA,NA
"Manfred Grühn","c755d6cb-3955-11ef-a162-157c9bc18a5f",NA,NA,1970,"10/11/1970","8edb60bd-3960-11ef-9dc5-9b08c5d4c173","home","Hamburger SV","GWD Minden",18,5,TRUE,1,NA,NA,0,0,0,NA,0,0,0,0,0,0,NA,NA,NA,NA,NA,NA,NA,NA,0,0,0,0,NA,NA,NA,NA,NA
"Gerd Stein","c8ac4e5d-3955-11ef-a199-157c9bc18a5f",NA,NA,1970,"10/11/1970","8edb60bd-3960-11ef-9dc5-9b08c5d4c173","home","Hamburger SV","GWD Minden",18,5,TRUE,0,NA,NA,0,0,0,NA,0,0,0,0,0,0,NA,NA,NA,NA,NA,NA,NA,NA,0,0,0,0,NA,NA,NA,NA,NA
"Jürgen Pook","8c289b4b-3955-11ef-889f-81dc40648355",NA,NA,1970,"10/11/1970","8edb60bd-3960-11ef-9dc5-9b08c5d4c173","away","GWD Minden","Hamburger SV",5,18,FALSE,0,NA,NA,0,0,0,NA,0,0,0,0,0,0,NA,NA,NA,NA,NA,NA,NA,NA,0,0,0,0,NA,NA,NA,NA,NA
"Gerald Schüler","96fc1532-3955-11ef-bddd-292be3190b7b",NA,NA,1970,"10/11/1970","8edb60bd-3960-11ef-9dc5-9b08c5d4c173","away","GWD Minden","Hamburger SV",5,18,FALSE,0,NA,NA,0,0,0,NA,0,0,0,0,0,0,NA,NA,NA,NA,NA,NA,NA,NA,0,0,0,0,NA,NA,NA,NA,NA
"Martin Karcher","980f80ce-3955-11ef-8054-292be3190b7b",NA,NA,1970,"10/11/1970","8edb60bd-3960-11ef-9dc5-9b08c5d4c173","away","GWD Minden","Hamburger SV",5,18,FALSE,0,NA,NA,0,0,0,NA,0,0,0,0,0,0,NA,NA,NA,NA,NA,NA,NA,NA,0,0,0,0,NA,NA,NA,NA,NA
"Hans Kramer","98f50290-3955-11ef-8aa8-292be3190b7b",NA,NA,1970,"10/11/1970","8edb60bd-3960-11ef-9dc5-9b08c5d4c173","away","GWD Minden","Hamburger SV",5,18,FALSE,0,NA,NA,0,0,0,NA,0,0,0,0,0,0,NA,NA,NA,NA,NA,NA,NA,NA,0,0,0,0,NA,NA,NA,NA,NA
"Wilfried Meyer","a34b2aa0-3955-11ef-a79c-2510cc07ea6e",NA,NA,1970,"10/11/1970","8edb60bd-3960-11ef-9dc5-9b08c5d4c173","away","GWD Minden","Hamburger SV",5,18,FALSE,0,NA,NA,0,0,0,NA,0,0,0,0,0,0,NA,NA,NA,NA,NA,NA,NA,NA,0,0,0,0,NA,NA,NA,NA,NA
"Bernd Munck","ba5ee5e3-3955-11ef-9f80-ab397f561917",NA,NA,1970,"10/11/1970","8edb60bd-3960-11ef-9dc5-9b08c5d4c173","away","GWD Minden","Hamburger SV",5,18,FALSE,4,NA,NA,0,0,3,NA,0,0,0,0,0,0,NA,NA,NA,NA,NA,NA,NA,NA,0,0,0,0,NA,NA,NA,NA,NA
"Wilfried Drögemeier","ba63ada7-3955-11ef-a04d-ab397f561917",NA,NA,1970,"10/11/1970","8edb60bd-3960-11ef-9dc5-9b08c5d4c173","away","GWD Minden","Hamburger SV",5,18,FALSE,0,NA,NA,0,0,0,NA,0,0,0,0,0,0,NA,NA,NA,NA,NA,NA,NA,NA,0,0,0,0,NA,NA,NA,NA,NA
"Klaus Barlach","bcee5b38-3955-11ef-a026-ab397f561917",NA,NA,1970,"10/11/1970","8edb60bd-3960-11ef-9dc5-9b08c5d4c173","away","GWD Minden","Hamburger SV",5,18,FALSE,0,NA,NA,0,0,0,NA,0,0,0,0,0,0,NA,NA,NA,NA,NA,NA,NA,NA,0,0,0,0,NA,NA,NA,NA,NA
"Otto Weng","bcfbec1c-3955-11ef-b4f4-ab397f561917",NA,NA,1970,"10/11/1970","8edb60bd-3960-11ef-9dc5-9b08c5d4c173","away","GWD Minden","Hamburger SV",5,18,FALSE,0,NA,NA,0,0,0,NA,0,0,0,0,0,0,NA,NA,NA,NA,NA,NA,NA,NA,0,0,0,0,NA,NA,NA,NA,NA
"Jürgen Buhrmester","c747ff25-3955-11ef-9695-157c9bc18a5f",NA,NA,1970,"10/11/1970","8edb60bd-3960-11ef-9dc5-9b08c5d4c173","away","GWD Minden","Hamburger SV",5,18,FALSE,0,NA,NA,0,0,0,NA,0,0,0,0,0,0,NA,NA,NA,NA,NA,NA,NA,NA,0,0,0,0,NA,NA,NA,NA,NA
"Manfred Horstkötter","c8a23936-3955-11ef-9884-157c9bc18a5f",NA,NA,1970,"10/11/1970","8edb60bd-3960-11ef-9dc5-9b08c5d4c173","away","GWD Minden","Hamburger SV",5,18,FALSE,1,NA,NA,0,0,0,NA,0,0,0,0,0,0,NA,NA,NA,NA,NA,NA,NA,NA,0,0,0,0,NA,NA,NA,NA,NA
"Heiner Ua","c9e28722-3955-11ef-9c87-157c9bc18a5f",NA,NA,1970,"10/11/1970","8edb60bd-3960-11ef-9dc5-9b08c5d4c173","away","GWD Minden","Hamburger SV",5,18,FALSE,0,NA,NA,0,0,0,NA,0,0,0,0,0,0,NA,NA,NA,NA,NA,NA,NA,NA,0,0,0,0,NA,NA,NA,NA,NA
"Hans Moser","7e83ce46-3955-11ef-830d-b908c60af10a",NA,NA,1970,"10/11/1970","9a875302-3960-11ef-a6fc-d3de5c174a65","home","TSV Milbertshofen","TSV 1896 Rintheim",23,18,TRUE,5,NA,NA,0,0,2,NA,0,0,0,0,0,0,NA,NA,NA,NA,NA,NA,NA,NA,0,0,0,0,NA,NA,NA,NA,NA
"Gerhard Ochsenkühn","97259ed1-3955-11ef-96ca-292be3190b7b",NA,NA,1970,"10/11/1970","9a875302-3960-11ef-a6fc-d3de5c174a65","home","TSV Milbertshofen","TSV 1896 Rintheim",23,18,TRUE,4,NA,NA,0,0,0,NA,0,0,0,0,0,0,NA,NA,NA,NA,NA,NA,NA,NA,0,0,0,0,NA,NA,NA,NA,NA
"Ivan Uremović","9784bfff-3955-11ef-a0bf-292be3190b7b",NA,NA,1970,"10/11/1970","9a875302-3960-11ef-a6fc-d3de5c174a65","home","TSV Milbertshofen","TSV 1896 Rintheim",23,18,TRUE,6,NA,NA,0,0,0,NA,0,0,0,0,0,0,NA,NA,NA,NA,NA,NA,NA,NA,0,0,0,0,NA,NA,NA,NA,NA
"Helmut Schelchshorn","b1c960ef-3955-11ef-850b-a36230ada079",NA,NA,1970,"10/11/1970","9a875302-3960-11ef-a6fc-d3de5c174a65","home","TSV Milbertshofen","TSV 1896 Rintheim",23,18,TRUE,1,NA,NA,0,0,0,NA,0,0,0,0,0,0,NA,NA,NA,NA,NA,NA,NA,NA,0,0,0,0,NA,NA,NA,NA,NA
"Peter Feddern","bc1b1b3e-3955-11ef-9c4e-ab397f561917",NA,NA,1970,"10/11/1970","9a875302-3960-11ef-a6fc-d3de5c174a65","home","TSV Milbertshofen","TSV 1896 Rintheim",23,18,TRUE,0,NA,NA,0,0,0,NA,0,0,0,0,0,0,NA,NA,NA,NA,NA,NA,NA,NA,0,0,0,0,NA,NA,NA,NA,NA
"Anton Niggel","c6b807f5-3955-11ef-8bfd-157c9bc18a5f",NA,NA,1970,"10/11/1970","9a875302-3960-11ef-a6fc-d3de5c174a65","home","TSV Milbertshofen","TSV 1896 Rintheim",23,18,TRUE,0,NA,NA,0,0,0,NA,0,0,0,0,0,0,NA,NA,NA,NA,NA,NA,NA,NA,0,0,0,0,NA,NA,NA,NA,NA
"Volker Filipp","c6bca602-3955-11ef-8195-157c9bc18a5f",NA,NA,1970,"10/11/1970","9a875302-3960-11ef-a6fc-d3de5c174a65","home","TSV Milbertshofen","TSV 1896 Rintheim",23,18,TRUE,0,NA,NA,0,0,0,NA,0,0,0,0,0,0,NA,NA,NA,NA,NA,NA,NA,NA,0,0,0,0,NA,NA,NA,NA,NA
"Karl Donndorf","c821c668-3955-11ef-a20c-157c9bc18a5f",NA,NA,1970,"10/11/1970","9a875302-3960-11ef-a6fc-d3de5c174a65","home","TSV Milbertshofen","TSV 1896 Rintheim",23,18,TRUE,4,NA,NA,0,0,0,NA,0,0,0,0,0,0,NA,NA,NA,NA,NA,NA,NA,NA,0,0,0,0,NA,NA,NA,NA,NA
"Arnold Gaitzsch","c99ecd8f-3955-11ef-a93a-157c9bc18a5f",NA,NA,1970,"10/11/1970","9a875302-3960-11ef-a6fc-d3de5c174a65","home","TSV Milbertshofen","TSV 1896 Rintheim",23,18,TRUE,3,NA,NA,0,0,0,NA,0,0,0,0,0,0,NA,NA,NA,NA,NA,NA,NA,NA,0,0,0,0,NA,NA,NA,NA,NA
"Peter Pyrges","c9b28b8a-3955-11ef-9887-157c9bc18a5f",NA,NA,1970,"10/11/1970","9a875302-3960-11ef-a6fc-d3de5c174a65","home","TSV Milbertshofen","TSV 1896 Rintheim",23,18,TRUE,0,NA,NA,0,0,0,NA,0,0,0,0,0,0,NA,NA,NA,NA,NA,NA,NA,NA,0,0,0,0,NA,NA,NA,NA,NA
"Wolf-Dieter Nagel","8d41486b-3955-11ef-8d22-81dc40648355",NA,NA,1970,"10/11/1970","9a875302-3960-11ef-a6fc-d3de5c174a65","away","TSV 1896 Rintheim","TSV Milbertshofen",18,23,FALSE,2,NA,NA,0,0,0,NA,0,0,0,0,0,0,NA,NA,NA,NA,NA,NA,NA,NA,0,0,0,0,NA,NA,NA,NA,NA
"Hartmut Bressmer","97fa9b74-3955-11ef-ba4c-292be3190b7b",NA,NA,1970,"10/11/1970","9a875302-3960-11ef-a6fc-d3de5c174a65","away","TSV 1896 Rintheim","TSV Milbertshofen",18,23,FALSE,0,NA,NA,0,0,0,NA,0,0,0,0,0,0,NA,NA,NA,NA,NA,NA,NA,NA,0,0,0,0,NA,NA,NA,NA,NA
"Franz Bechler","98035d7e-3955-11ef-8b94-292be3190b7b",NA,NA,1970,"10/11/1970","9a875302-3960-11ef-a6fc-d3de5c174a65","away","TSV 1896 Rintheim","TSV Milbertshofen",18,23,FALSE,0,NA,NA,0,0,0,NA,0,0,0,0,0,0,NA,NA,NA,NA,NA,NA,NA,NA,0,0,0,0,NA,NA,NA,NA,NA
"Bernd Seibel","bc6670d9-3955-11ef-b849-ab397f561917",NA,NA,1970,"10/11/1970","9a875302-3960-11ef-a6fc-d3de5c174a65","away","TSV 1896 Rintheim","TSV Milbertshofen",18,23,FALSE,0,NA,NA,0,0,0,NA,0,0,0,0,0,0,NA,NA,NA,NA,NA,NA,NA,NA,0,0,0,0,NA,NA,NA,NA,NA
"Wolfgang Dillenberger","bc6a40c8-3955-11ef-8c9f-ab397f561917",NA,NA,1970,"10/11/1970","9a875302-3960-11ef-a6fc-d3de5c174a65","away","TSV 1896 Rintheim","TSV Milbertshofen",18,23,FALSE,6,NA,NA,0,0,0,NA,0,0,0,0,0,0,NA,NA,NA,NA,NA,NA,NA,NA,0,0,0,0,NA,NA,NA,NA,NA
"Roland Schubach","c8722d8e-3955-11ef-b351-157c9bc18a5f",NA,NA,1970,"10/11/1970","9a875302-3960-11ef-a6fc-d3de5c174a65","away","TSV 1896 Rintheim","TSV Milbertshofen",18,23,FALSE,1,NA,NA,0,0,0,NA,0,0,0,0,0,0,NA,NA,NA,NA,NA,NA,NA,NA,0,0,0,0,NA,NA,NA,NA,NA
"Siegfried Brabec","c87758a1-3955-11ef-9dbd-157c9bc18a5f",NA,NA,1970,"10/11/1970","9a875302-3960-11ef-a6fc-d3de5c174a65","away","TSV 1896 Rintheim","TSV Milbertshofen",18,23,FALSE,0,NA,NA,0,0,0,NA,0,0,0,0,0,0,NA,NA,NA,NA,NA,NA,NA,NA,0,0,0,0,NA,NA,NA,NA,NA
"Winfried Gaus","d33d97ff-3955-11ef-adfc-a36230ada079",NA,NA,1970,"10/11/1970","9a875302-3960-11ef-a6fc-d3de5c174a65","away","TSV 1896 Rintheim","TSV Milbertshofen",18,23,FALSE,0,NA,NA,0,0,0,NA,0,0,0,0,0,0,NA,NA,NA,NA,NA,NA,NA,NA,0,0,0,0,NA,NA,NA,NA,NA
"Jürgen Klatt","d347e8de-3955-11ef-a056-a36230ada079",NA,NA,1970,"10/11/1970","9a875302-3960-11ef-a6fc-d3de5c174a65","away","TSV 1896 Rintheim","TSV Milbertshofen",18,23,FALSE,8,NA,NA,0,0,4,NA,0,0,0,0,0,0,NA,NA,NA,NA,NA,NA,NA,NA,0,0,0,0,NA,NA,NA,NA,NA
"Edwin Schmidkunz","d352cbf0-3955-11ef-a520-a36230ada079",NA,NA,1970,"10/11/1970","9a875302-3960-11ef-a6fc-d3de5c174a65","away","TSV 1896 Rintheim","TSV Milbertshofen",18,23,FALSE,1,NA,NA,0,0,0,NA,0,0,0,0,0,0,NA,NA,NA,NA,NA,NA,NA,NA,0,0,0,0,NA,NA,NA,NA,NA
"Norbert Kroker","bd441662-3955-11ef-b771-ab397f561917",NA,NA,1970,"10/16/1970","8fcd8194-3960-11ef-a65e-9b08c5d4c173","home","TV Krefeld-Oppum 1894","Hamburger SV",12,12,FALSE,3,NA,NA,0,0,2,NA,0,0,0,0,0,0,NA,NA,NA,NA,NA,NA,NA,NA,0,0,0,0,NA,NA,NA,NA,NA
"Herbert Engels","ca0717a5-3955-11ef-8dce-157c9bc18a5f",NA,NA,1970,"10/16/1970","8fcd8194-3960-11ef-a65e-9b08c5d4c173","home","TV Krefeld-Oppum 1894","Hamburger SV",12,12,FALSE,0,NA,NA,0,0,0,NA,0,0,0,0,0,0,NA,NA,NA,NA,NA,NA,NA,NA,0,0,0,0,NA,NA,NA,NA,NA
"Otto Tophoven","ca106fac-3955-11ef-9a8e-157c9bc18a5f",NA,NA,1970,"10/16/1970","8fcd8194-3960-11ef-a65e-9b08c5d4c173","home","TV Krefeld-Oppum 1894","Hamburger SV",12,12,FALSE,0,NA,NA,0,0,0,NA,0,0,0,0,0,0,NA,NA,NA,NA,NA,NA,NA,NA,0,0,0,0,NA,NA,NA,NA,NA
"Theo Inger","ca18e97b-3955-11ef-91fb-157c9bc18a5f",NA,NA,1970,"10/16/1970","8fcd8194-3960-11ef-a65e-9b08c5d4c173","home","TV Krefeld-Oppum 1894","Hamburger SV",12,12,FALSE,0,NA,NA,0,0,0,NA,0,0,0,0,0,0,NA,NA,NA,NA,NA,NA,NA,NA,0,0,0,0,NA,NA,NA,NA,NA
"Peter Inger","ca1d519a-3955-11ef-b5d9-157c9bc18a5f",NA,NA,1970,"10/16/1970","8fcd8194-3960-11ef-a65e-9b08c5d4c173","home","TV Krefeld-Oppum 1894","Hamburger SV",12,12,FALSE,4,NA,NA,0,0,0,NA,0,0,0,0,0,0,NA,NA,NA,NA,NA,NA,NA,NA,0,0,0,0,NA,NA,NA,NA,NA
"Hermann Köhler","ca2255bc-3955-11ef-91a7-157c9bc18a5f",NA,NA,1970,"10/16/1970","8fcd8194-3960-11ef-a65e-9b08c5d4c173","home","TV Krefeld-Oppum 1894","Hamburger SV",12,12,FALSE,0,NA,NA,0,0,0,NA,0,0,0,0,0,0,NA,NA,NA,NA,NA,NA,NA,NA,0,0,0,0,NA,NA,NA,NA,NA
"Horst Panknin","ca26d115-3955-11ef-a60e-157c9bc18a5f",NA,NA,1970,"10/16/1970","8fcd8194-3960-11ef-a65e-9b08c5d4c173","home","TV Krefeld-Oppum 1894","Hamburger SV",12,12,FALSE,0,NA,NA,0,0,0,NA,0,0,0,0,0,0,NA,NA,NA,NA,NA,NA,NA,NA,0,0,0,0,NA,NA,NA,NA,NA
"Ralf Pasch","ca2b132c-3955-11ef-a380-157c9bc18a5f",NA,NA,1970,"10/16/1970","8fcd8194-3960-11ef-a65e-9b08c5d4c173","home","TV Krefeld-Oppum 1894","Hamburger SV",12,12,FALSE,1,NA,NA,0,0,0,NA,0,0,0,0,0,0,NA,NA,NA,NA,NA,NA,NA,NA,0,0,0,0,NA,NA,NA,NA,NA
"Hugo Schroers","ca2f571a-3955-11ef-8d46-157c9bc18a5f",NA,NA,1970,"10/16/1970","8fcd8194-3960-11ef-a65e-9b08c5d4c173","home","TV Krefeld-Oppum 1894","Hamburger SV",12,12,FALSE,4,NA,NA,0,0,0,NA,0,0,0,0,0,0,NA,NA,NA,NA,NA,NA,NA,NA,0,0,0,0,NA,NA,NA,NA,NA
"Max Zwierkowski","ca390aba-3955-11ef-97b4-157c9bc18a5f",NA,NA,1970,"10/16/1970","8fcd8194-3960-11ef-a65e-9b08c5d4c173","home","TV Krefeld-Oppum 1894","Hamburger SV",12,12,FALSE,0,NA,NA,0,0,0,NA,0,0,0,0,0,0,NA,NA,NA,NA,NA,NA,NA,NA,0,0,0,0,NA,NA,NA,NA,NA
"Leo Ritz","ca3d0962-3955-11ef-938c-157c9bc18a5f",NA,NA,1970,"10/16/1970","8fcd8194-3960-11ef-a65e-9b08c5d4c173","home","TV Krefeld-Oppum 1894","Hamburger SV",12,12,FALSE,0,NA,NA,0,0,0,NA,0,0,0,0,0,0,NA,NA,NA,NA,NA,NA,NA,NA,0,0,0,0,NA,NA,NA,NA,NA
"Dieter Patz","ca42d471-3955-11ef-a75d-157c9bc18a5f",NA,NA,1970,"10/16/1970","8fcd8194-3960-11ef-a65e-9b08c5d4c173","home","TV Krefeld-Oppum 1894","Hamburger SV",12,12,FALSE,0,NA,NA,0,0,0,NA,0,0,0,0,0,0,NA,NA,NA,NA,NA,NA,NA,NA,0,0,0,0,NA,NA,NA,NA,NA
"Hans-Jürgen Bode","b011e6da-3955-11ef-8205-a36230ada079",NA,NA,1970,"10/16/1970","8fcd8194-3960-11ef-a65e-9b08c5d4c173","away","Hamburger SV","TV Krefeld-Oppum 1894",12,12,FALSE,0,NA,NA,0,0,0,NA,0,0,0,0,0,0,NA,NA,NA,NA,NA,NA,NA,NA,0,0,0,0,NA,NA,NA,NA,NA
"Herbert Niemeier","b0163f16-3955-11ef-ae9e-a36230ada079",NA,NA,1970,"10/16/1970","8fcd8194-3960-11ef-a65e-9b08c5d4c173","away","Hamburger SV","TV Krefeld-Oppum 1894",12,12,FALSE,0,NA,NA,0,0,0,NA,0,0,0,0,0,0,NA,NA,NA,NA,NA,NA,NA,NA,0,0,0,0,NA,NA,NA,NA,NA
"Rainer Witt","b02adaad-3955-11ef-b8c4-a36230ada079",NA,NA,1970,"10/16/1970","8fcd8194-3960-11ef-a65e-9b08c5d4c173","away","Hamburger SV","TV Krefeld-Oppum 1894",12,12,FALSE,2,NA,NA,0,0,0,NA,0,0,0,0,0,0,NA,NA,NA,NA,NA,NA,NA,NA,0,0,0,0,NA,NA,NA,NA,NA
"Jens Ivers","b02f4aea-3955-11ef-801e-a36230ada079",NA,NA,1970,"10/16/1970","8fcd8194-3960-11ef-a65e-9b08c5d4c173","away","Hamburger SV","TV Krefeld-Oppum 1894",12,12,FALSE,0,NA,NA,0,0,0,NA,0,0,0,0,0,0,NA,NA,NA,NA,NA,NA,NA,NA,0,0,0,0,NA,NA,NA,NA,NA
"Hans-Joachim Beißel","b0341bcb-3955-11ef-9e08-a36230ada079",NA,NA,1970,"10/16/1970","8fcd8194-3960-11ef-a65e-9b08c5d4c173","away","Hamburger SV","TV Krefeld-Oppum 1894",12,12,FALSE,3,NA,NA,0,0,0,NA,0,0,0,0,0,0,NA,NA,NA,NA,NA,NA,NA,NA,0,0,0,0,NA,NA,NA,NA,NA
"Norbert Germer","b03f8101-3955-11ef-8945-a36230ada079",NA,NA,1970,"10/16/1970","8fcd8194-3960-11ef-a65e-9b08c5d4c173","away","Hamburger SV","TV Krefeld-Oppum 1894",12,12,FALSE,0,NA,NA,0,0,0,NA,0,0,0,0,0,0,NA,NA,NA,NA,NA,NA,NA,NA,0,0,0,0,NA,NA,NA,NA,NA
"Siegfried Berg","b10d3ec3-3955-11ef-8a30-a36230ada079",NA,NA,1970,"10/16/1970","8fcd8194-3960-11ef-a65e-9b08c5d4c173","away","Hamburger SV","TV Krefeld-Oppum 1894",12,12,FALSE,0,NA,NA,0,0,0,NA,0,0,0,0,0,0,NA,NA,NA,NA,NA,NA,NA,NA,0,0,0,0,NA,NA,NA,NA,NA
"Bernd Heiden","baf62966-3955-11ef-b7e1-ab397f561917",NA,NA,1970,"10/16/1970","8fcd8194-3960-11ef-a65e-9b08c5d4c173","away","Hamburger SV","TV Krefeld-Oppum 1894",12,12,FALSE,1,NA,NA,0,0,0,NA,0,0,0,0,0,0,NA,NA,NA,NA,NA,NA,NA,NA,0,0,0,0,NA,NA,NA,NA,NA
"Klaus Lange","bafb51f3-3955-11ef-9864-ab397f561917",NA,NA,1970,"10/16/1970","8fcd8194-3960-11ef-a65e-9b08c5d4c173","away","Hamburger SV","TV Krefeld-Oppum 1894",12,12,FALSE,6,NA,NA,0,0,1,NA,0,0,0,0,0,0,NA,NA,NA,NA,NA,NA,NA,NA,0,0,0,0,NA,NA,NA,NA,NA
"Manfred Grühn","c755d6cb-3955-11ef-a162-157c9bc18a5f",NA,NA,1970,"10/16/1970","8fcd8194-3960-11ef-a65e-9b08c5d4c173","away","Hamburger SV","TV Krefeld-Oppum 1894",12,12,FALSE,0,NA,NA,0,0,0,NA,0,0,0,0,0,0,NA,NA,NA,NA,NA,NA,NA,NA,0,0,0,0,NA,NA,NA,NA,NA
"Gerd Stein","c8ac4e5d-3955-11ef-a199-157c9bc18a5f",NA,NA,1970,"10/16/1970","8fcd8194-3960-11ef-a65e-9b08c5d4c173","away","Hamburger SV","TV Krefeld-Oppum 1894",12,12,FALSE,0,NA,NA,0,0,0,NA,0,0,0,0,0,0,NA,NA,NA,NA,NA,NA,NA,NA,0,0,0,0,NA,NA,NA,NA,NA
"Peter Bucher","8e0071c9-3955-11ef-8ff8-81dc40648355",NA,NA,1970,"10/16/1970","988be270-3960-11ef-b94e-d3de5c174a65","home","FRISCH AUF! Göppingen","S3L Handball",13,11,TRUE,4,NA,NA,0,0,0,NA,0,0,0,0,0,0,NA,NA,NA,NA,NA,NA,NA,NA,0,0,0,0,NA,NA,NA,NA,NA
"Horst Singer","a30fd118-3955-11ef-9745-2510cc07ea6e",NA,NA,1970,"10/16/1970","988be270-3960-11ef-b94e-d3de5c174a65","home","FRISCH AUF! Göppingen","S3L Handball",13,11,TRUE,6,NA,NA,0,0,1,NA,0,0,0,0,0,0,NA,NA,NA,NA,NA,NA,NA,NA,0,0,0,0,NA,NA,NA,NA,NA
"Paul Epple","bc8167af-3955-11ef-8748-ab397f561917",NA,NA,1970,"10/16/1970","988be270-3960-11ef-b94e-d3de5c174a65","home","FRISCH AUF! Göppingen","S3L Handball",13,11,TRUE,0,NA,NA,0,0,0,NA,0,0,0,0,0,0,NA,NA,NA,NA,NA,NA,NA,NA,0,0,0,0,NA,NA,NA,NA,NA
"Walter Pflüger","bc85cdbc-3955-11ef-8e24-ab397f561917",NA,NA,1970,"10/16/1970","988be270-3960-11ef-b94e-d3de5c174a65","home","FRISCH AUF! Göppingen","S3L Handball",13,11,TRUE,0,NA,NA,0,0,0,NA,0,0,0,0,0,0,NA,NA,NA,NA,NA,NA,NA,NA,0,0,0,0,NA,NA,NA,NA,NA
"Werner Arndt","c71116e0-3955-11ef-85d3-157c9bc18a5f",NA,NA,1970,"10/16/1970","988be270-3960-11ef-b94e-d3de5c174a65","home","FRISCH AUF! Göppingen","S3L Handball",13,11,TRUE,0,NA,NA,0,0,0,NA,0,0,0,0,0,0,NA,NA,NA,NA,NA,NA,NA,NA,0,0,0,0,NA,NA,NA,NA,NA
"Christian Patzer","c715a1de-3955-11ef-bc54-157c9bc18a5f",NA,NA,1970,"10/16/1970","988be270-3960-11ef-b94e-d3de5c174a65","home","FRISCH AUF! Göppingen","S3L Handball",13,11,TRUE,0,NA,NA,0,0,0,NA,0,0,0,0,0,0,NA,NA,NA,NA,NA,NA,NA,NA,0,0,0,0,NA,NA,NA,NA,NA
"Uwe Rathjen","c898158b-3955-11ef-82cb-157c9bc18a5f",NA,NA,1970,"10/16/1970","988be270-3960-11ef-b94e-d3de5c174a65","home","FRISCH AUF! Göppingen","S3L Handball",13,11,TRUE,0,NA,NA,0,0,0,NA,0,0,0,0,0,0,NA,NA,NA,NA,NA,NA,NA,NA,0,0,0,0,NA,NA,NA,NA,NA
"Armin Eisele","c9cc4c1b-3955-11ef-9f9f-157c9bc18a5f",NA,NA,1970,"10/16/1970","988be270-3960-11ef-b94e-d3de5c174a65","home","FRISCH AUF! Göppingen","S3L Handball",13,11,TRUE,3,NA,NA,0,0,0,NA,0,0,0,0,0,0,NA,NA,NA,NA,NA,NA,NA,NA,0,0,0,0,NA,NA,NA,NA,NA
"Anton Bayer","d357b837-3955-11ef-8b00-a36230ada079",NA,NA,1970,"10/16/1970","988be270-3960-11ef-b94e-d3de5c174a65","home","FRISCH AUF! Göppingen","S3L Handball",13,11,TRUE,0,NA,NA,0,0,0,NA,0,0,0,0,0,0,NA,NA,NA,NA,NA,NA,NA,NA,0,0,0,0,NA,NA,NA,NA,NA
"Klaus Cachay","d363e58b-3955-11ef-b333-a36230ada079",NA,NA,1970,"10/16/1970","988be270-3960-11ef-b94e-d3de5c174a65","home","FRISCH AUF! Göppingen","S3L Handball",13,11,TRUE,0,NA,NA,0,0,0,NA,0,0,0,0,0,0,NA,NA,NA,NA,NA,NA,NA,NA,0,0,0,0,NA,NA,NA,NA,NA
"Rüdiger-Felix Schmacke","97956044-3955-11ef-be5d-292be3190b7b",NA,NA,1970,"10/16/1970","988be270-3960-11ef-b94e-d3de5c174a65","away","S3L Handball","FRISCH AUF! Göppingen",11,13,FALSE,1,NA,NA,0,0,1,NA,0,0,0,0,0,0,NA,NA,NA,NA,NA,NA,NA,NA,0,0,0,0,NA,NA,NA,NA,NA
"Jens Schmitt","bb8d4110-3955-11ef-8fb2-ab397f561917",NA,NA,1970,"10/16/1970","988be270-3960-11ef-b94e-d3de5c174a65","away","S3L Handball","FRISCH AUF! Göppingen",11,13,FALSE,2,NA,NA,0,0,0,NA,0,0,0,0,0,0,NA,NA,NA,NA,NA,NA,NA,NA,0,0,0,0,NA,NA,NA,NA,NA
"Werner Pruscha","bb9c8e56-3955-11ef-ac18-ab397f561917",NA,NA,1970,"10/16/1970","988be270-3960-11ef-b94e-d3de5c174a65","away","S3L Handball","FRISCH AUF! Göppingen",11,13,FALSE,3,NA,NA,0,0,0,NA,0,0,0,0,0,0,NA,NA,NA,NA,NA,NA,NA,NA,0,0,0,0,NA,NA,NA,NA,NA
"Wolfhardt Bühler","bba2fc92-3955-11ef-a8d6-ab397f561917",NA,NA,1970,"10/16/1970","988be270-3960-11ef-b94e-d3de5c174a65","away","S3L Handball","FRISCH AUF! Göppingen",11,13,FALSE,1,NA,NA,0,0,0,NA,0,0,0,0,0,0,NA,NA,NA,NA,NA,NA,NA,NA,0,0,0,0,NA,NA,NA,NA,NA
"Lothar Pohl","bc5ae364-3955-11ef-9b62-ab397f561917",NA,NA,1970,"10/16/1970","988be270-3960-11ef-b94e-d3de5c174a65","away","S3L Handball","FRISCH AUF! Göppingen",11,13,FALSE,0,NA,NA,0,0,0,NA,0,0,0,0,0,0,NA,NA,NA,NA,NA,NA,NA,NA,0,0,0,0,NA,NA,NA,NA,NA
"Gerhard Schmidt","bd78314d-3955-11ef-8668-ab397f561917",NA,NA,1970,"10/16/1970","988be270-3960-11ef-b94e-d3de5c174a65","away","S3L Handball","FRISCH AUF! Göppingen",11,13,FALSE,0,NA,NA,0,0,0,NA,0,0,0,0,0,0,NA,NA,NA,NA,NA,NA,NA,NA,0,0,0,0,NA,NA,NA,NA,NA
"Herbert Hönnige","c7e7cc14-3955-11ef-af0e-157c9bc18a5f",NA,NA,1970,"10/16/1970","988be270-3960-11ef-b94e-d3de5c174a65","away","S3L Handball","FRISCH AUF! Göppingen",11,13,FALSE,1,NA,NA,0,0,0,NA,0,0,0,0,0,0,NA,NA,NA,NA,NA,NA,NA,NA,0,0,0,0,NA,NA,NA,NA,NA
"Jürgen Plambeck","c95d267b-3955-11ef-9a98-157c9bc18a5f",NA,NA,1970,"10/16/1970","988be270-3960-11ef-b94e-d3de5c174a65","away","S3L Handball","FRISCH AUF! Göppingen",11,13,FALSE,2,NA,NA,0,0,0,NA,0,0,0,0,0,0,NA,NA,NA,NA,NA,NA,NA,NA,0,0,0,0,NA,NA,NA,NA,NA
"Josef Hutter","c96148ae-3955-11ef-a005-157c9bc18a5f",NA,NA,1970,"10/16/1970","988be270-3960-11ef-b94e-d3de5c174a65","away","S3L Handball","FRISCH AUF! Göppingen",11,13,FALSE,0,NA,NA,0,0,0,NA,0,0,0,0,0,0,NA,NA,NA,NA,NA,NA,NA,NA,0,0,0,0,NA,NA,NA,NA,NA
"Rolf Seltner","c96574fc-3955-11ef-a37f-157c9bc18a5f",NA,NA,1970,"10/16/1970","988be270-3960-11ef-b94e-d3de5c174a65","away","S3L Handball","FRISCH AUF! Göppingen",11,13,FALSE,1,NA,NA,0,0,0,NA,0,0,0,0,0,0,NA,NA,NA,NA,NA,NA,NA,NA,0,0,0,0,NA,NA,NA,NA,NA
"Fritz Schulz","d2b139a8-3955-11ef-854a-a36230ada079",NA,NA,1970,"10/16/1970","988be270-3960-11ef-b94e-d3de5c174a65","away","S3L Handball","FRISCH AUF! Göppingen",11,13,FALSE,0,NA,NA,0,0,0,NA,0,0,0,0,0,0,NA,NA,NA,NA,NA,NA,NA,NA,0,0,0,0,NA,NA,NA,NA,NA
"Klaus Brand","51394441-3955-11ef-8fab-6d38c0425bc0",NA,NA,1970,"10/17/1970","8e049156-3960-11ef-825c-9b08c5d4c173","home","VfL Gummersbach","VfL Lübeck-Schwartau",28,11,TRUE,2,NA,NA,0,0,0,NA,0,0,0,0,0,0,NA,NA,NA,NA,NA,NA,NA,NA,0,0,0,0,NA,NA,NA,NA,NA
"Klaus Kater","8da1f6ef-3955-11ef-b31a-81dc40648355",NA,NA,1970,"10/17/1970","8e049156-3960-11ef-825c-9b08c5d4c173","home","VfL Gummersbach","VfL Lübeck-Schwartau",28,11,TRUE,0,NA,NA,0,0,0,NA,0,0,0,0,0,0,NA,NA,NA,NA,NA,NA,NA,NA,0,0,0,0,NA,NA,NA,NA,NA
"Werner Winkelmeier","9712104e-3955-11ef-9613-292be3190b7b",NA,NA,1970,"10/17/1970","8e049156-3960-11ef-825c-9b08c5d4c173","home","VfL Gummersbach","VfL Lübeck-Schwartau",28,11,TRUE,2,NA,NA,0,0,0,NA,0,0,0,0,0,0,NA,NA,NA,NA,NA,NA,NA,NA,0,0,0,0,NA,NA,NA,NA,NA
"Ralf Hamann","a28aa62f-3955-11ef-9677-2510cc07ea6e",NA,NA,1970,"10/17/1970","8e049156-3960-11ef-825c-9b08c5d4c173","home","VfL Gummersbach","VfL Lübeck-Schwartau",28,11,TRUE,0,NA,NA,0,0,0,NA,0,0,0,0,0,0,NA,NA,NA,NA,NA,NA,NA,NA,0,0,0,0,NA,NA,NA,NA,NA
"Jochen Feldhoff","a32751a5-3955-11ef-badf-2510cc07ea6e",NA,NA,1970,"10/17/1970","8e049156-3960-11ef-825c-9b08c5d4c173","home","VfL Gummersbach","VfL Lübeck-Schwartau",28,11,TRUE,5,NA,NA,0,0,0,NA,0,0,0,0,0,0,NA,NA,NA,NA,NA,NA,NA,NA,0,0,0,0,NA,NA,NA,NA,NA
"Helmut Keller","ae2fb2ba-3955-11ef-b38f-a36230ada079",NA,NA,1970,"10/17/1970","8e049156-3960-11ef-825c-9b08c5d4c173","home","VfL Gummersbach","VfL Lübeck-Schwartau",28,11,TRUE,0,NA,NA,0,0,0,NA,0,0,0,0,0,0,NA,NA,NA,NA,NA,NA,NA,NA,0,0,0,0,NA,NA,NA,NA,NA
"Hans-Günther Schmidt","aff5702f-3955-11ef-9878-a36230ada079",NA,NA,1970,"10/17/1970","8e049156-3960-11ef-825c-9b08c5d4c173","home","VfL Gummersbach","VfL Lübeck-Schwartau",28,11,TRUE,7,NA,NA,0,0,5,NA,0,0,0,0,0,0,NA,NA,NA,NA,NA,NA,NA,NA,0,0,0,0,NA,NA,NA,NA,NA
"Jochen Brand","ba44375c-3955-11ef-a5d6-ab397f561917",NA,NA,1970,"10/17/1970","8e049156-3960-11ef-825c-9b08c5d4c173","home","VfL Gummersbach","VfL Lübeck-Schwartau",28,11,TRUE,1,NA,NA,0,0,0,NA,0,0,0,0,0,0,NA,NA,NA,NA,NA,NA,NA,NA,0,0,0,0,NA,NA,NA,NA,NA
"Uwe Braunschweig","ba4aaa94-3955-11ef-be97-ab397f561917",NA,NA,1970,"10/17/1970","8e049156-3960-11ef-825c-9b08c5d4c173","home","VfL Gummersbach","VfL Lübeck-Schwartau",28,11,TRUE,3,NA,NA,0,0,0,NA,0,0,0,0,0,0,NA,NA,NA,NA,NA,NA,NA,NA,0,0,0,0,NA,NA,NA,NA,NA
"Helmut Kosmehl","bc7d7cdd-3955-11ef-a338-ab397f561917",NA,NA,1970,"10/17/1970","8e049156-3960-11ef-825c-9b08c5d4c173","home","VfL Gummersbach","VfL Lübeck-Schwartau",28,11,TRUE,4,NA,NA,0,0,0,NA,0,0,0,0,0,0,NA,NA,NA,NA,NA,NA,NA,NA,0,0,0,0,NA,NA,NA,NA,NA
"Hans-Gerd Bölter","c9d03ce3-3955-11ef-bae3-157c9bc18a5f",NA,NA,1970,"10/17/1970","8e049156-3960-11ef-825c-9b08c5d4c173","home","VfL Gummersbach","VfL Lübeck-Schwartau",28,11,TRUE,4,NA,NA,0,0,0,NA,0,0,0,0,0,0,NA,NA,NA,NA,NA,NA,NA,NA,0,0,0,0,NA,NA,NA,NA,NA
"Rainer Lingelbach","c9d44f37-3955-11ef-a323-157c9bc18a5f",NA,NA,1970,"10/17/1970","8e049156-3960-11ef-825c-9b08c5d4c173","home","VfL Gummersbach","VfL Lübeck-Schwartau",28,11,TRUE,0,NA,NA,0,0,0,NA,0,0,0,0,0,0,NA,NA,NA,NA,NA,NA,NA,NA,0,0,0,0,NA,NA,NA,NA,NA
"Herbert Rogge","b06614d7-3955-11ef-a43b-a36230ada079",NA,NA,1970,"10/17/1970","8e049156-3960-11ef-825c-9b08c5d4c173","away","VfL Lübeck-Schwartau","VfL Gummersbach",11,28,FALSE,1,NA,NA,0,0,0,NA,0,0,0,0,0,0,NA,NA,NA,NA,NA,NA,NA,NA,0,0,0,0,NA,NA,NA,NA,NA
"Ingo Callies","b0b0659b-3955-11ef-87aa-a36230ada079",NA,NA,1970,"10/17/1970","8e049156-3960-11ef-825c-9b08c5d4c173","away","VfL Lübeck-Schwartau","VfL Gummersbach",11,28,FALSE,3,NA,NA,0,0,1,NA,0,0,0,0,0,0,NA,NA,NA,NA,NA,NA,NA,NA,0,0,0,0,NA,NA,NA,NA,NA
"Michael Dogs","b0cecb4a-3955-11ef-b665-a36230ada079",NA,NA,1970,"10/17/1970","8e049156-3960-11ef-825c-9b08c5d4c173","away","VfL Lübeck-Schwartau","VfL Gummersbach",11,28,FALSE,0,NA,NA,0,0,0,NA,0,0,0,0,0,0,NA,NA,NA,NA,NA,NA,NA,NA,0,0,0,0,NA,NA,NA,NA,NA
"Joachim Römer","b0dcb8e7-3955-11ef-83ab-a36230ada079",NA,NA,1970,"10/17/1970","8e049156-3960-11ef-825c-9b08c5d4c173","away","VfL Lübeck-Schwartau","VfL Gummersbach",11,28,FALSE,1,NA,NA,0,0,0,NA,0,0,0,0,0,0,NA,NA,NA,NA,NA,NA,NA,NA,0,0,0,0,NA,NA,NA,NA,NA
"Peter Görtz","b0e9ae8f-3955-11ef-aa48-a36230ada079",NA,NA,1970,"10/17/1970","8e049156-3960-11ef-825c-9b08c5d4c173","away","VfL Lübeck-Schwartau","VfL Gummersbach",11,28,FALSE,3,NA,NA,0,0,1,NA,0,0,0,0,0,0,NA,NA,NA,NA,NA,NA,NA,NA,0,0,0,0,NA,NA,NA,NA,NA
"Ulrich Kleinstoll","b0f37438-3955-11ef-84e6-a36230ada079",NA,NA,1970,"10/17/1970","8e049156-3960-11ef-825c-9b08c5d4c173","away","VfL Lübeck-Schwartau","VfL Gummersbach",11,28,FALSE,1,NA,NA,0,0,0,NA,0,0,0,0,0,0,NA,NA,NA,NA,NA,NA,NA,NA,0,0,0,0,NA,NA,NA,NA,NA
"Geert Geusendam","baee7cab-3955-11ef-95ba-ab397f561917",NA,NA,1970,"10/17/1970","8e049156-3960-11ef-825c-9b08c5d4c173","away","VfL Lübeck-Schwartau","VfL Gummersbach",11,28,FALSE,0,NA,NA,0,0,0,NA,0,0,0,0,0,0,NA,NA,NA,NA,NA,NA,NA,NA,0,0,0,0,NA,NA,NA,NA,NA
"Georg Pohl","baff6cee-3955-11ef-a80f-ab397f561917",NA,NA,1970,"10/17/1970","8e049156-3960-11ef-825c-9b08c5d4c173","away","VfL Lübeck-Schwartau","VfL Gummersbach",11,28,FALSE,2,NA,NA,0,0,1,NA,0,0,0,0,0,0,NA,NA,NA,NA,NA,NA,NA,NA,0,0,0,0,NA,NA,NA,NA,NA
"Jochen Krummland","c7b078f7-3955-11ef-932e-157c9bc18a5f",NA,NA,1970,"10/17/1970","8e049156-3960-11ef-825c-9b08c5d4c173","away","VfL Lübeck-Schwartau","VfL Gummersbach",11,28,FALSE,0,NA,NA,0,0,0,NA,0,0,0,0,0,0,NA,NA,NA,NA,NA,NA,NA,NA,0,0,0,0,NA,NA,NA,NA,NA
"Björn Clausen","c7b94735-3955-11ef-b741-157c9bc18a5f",NA,NA,1970,"10/17/1970","8e049156-3960-11ef-825c-9b08c5d4c173","away","VfL Lübeck-Schwartau","VfL Gummersbach",11,28,FALSE,0,NA,NA,0,0,0,NA,0,0,0,0,0,0,NA,NA,NA,NA,NA,NA,NA,NA,0,0,0,0,NA,NA,NA,NA,NA
"Jochen Hoffmann","c7bdef38-3955-11ef-8b6c-157c9bc18a5f",NA,NA,1970,"10/17/1970","8e049156-3960-11ef-825c-9b08c5d4c173","away","VfL Lübeck-Schwartau","VfL Gummersbach",11,28,FALSE,0,NA,NA,0,0,0,NA,0,0,0,0,0,0,NA,NA,NA,NA,NA,NA,NA,NA,0,0,0,0,NA,NA,NA,NA,NA
"Gerhard Anduleit","c9215aaa-3955-11ef-ac64-157c9bc18a5f",NA,NA,1970,"10/17/1970","8e049156-3960-11ef-825c-9b08c5d4c173","away","VfL Lübeck-Schwartau","VfL Gummersbach",11,28,FALSE,0,NA,NA,0,0,0,NA,0,0,0,0,0,0,NA,NA,NA,NA,NA,NA,NA,NA,0,0,0,0,NA,NA,NA,NA,NA
"Bernhard Busch","8dc9280f-3955-11ef-80e2-81dc40648355",NA,NA,1970,"10/17/1970","8ee90be0-3960-11ef-a607-9b08c5d4c173","home","GWD Minden","THW Kiel",18,11,TRUE,2,NA,NA,0,0,0,NA,0,0,0,0,0,0,NA,NA,NA,NA,NA,NA,NA,NA,0,0,0,0,NA,NA,NA,NA,NA
"Gerald Schüler","96fc1532-3955-11ef-bddd-292be3190b7b",NA,NA,1970,"10/17/1970","8ee90be0-3960-11ef-a607-9b08c5d4c173","home","GWD Minden","THW Kiel",18,11,TRUE,0,NA,NA,0,0,0,NA,0,0,0,0,0,0,NA,NA,NA,NA,NA,NA,NA,NA,0,0,0,0,NA,NA,NA,NA,NA
"Martin Karcher","980f80ce-3955-11ef-8054-292be3190b7b",NA,NA,1970,"10/17/1970","8ee90be0-3960-11ef-a607-9b08c5d4c173","home","GWD Minden","THW Kiel",18,11,TRUE,0,NA,NA,0,0,0,NA,0,0,0,0,0,0,NA,NA,NA,NA,NA,NA,NA,NA,0,0,0,0,NA,NA,NA,NA,NA
"Hans Kramer","98f50290-3955-11ef-8aa8-292be3190b7b",NA,NA,1970,"10/17/1970","8ee90be0-3960-11ef-a607-9b08c5d4c173","home","GWD Minden","THW Kiel",18,11,TRUE,3,NA,NA,0,0,0,NA,0,0,0,0,0,0,NA,NA,NA,NA,NA,NA,NA,NA,0,0,0,0,NA,NA,NA,NA,NA
"Bernd Munck","ba5ee5e3-3955-11ef-9f80-ab397f561917",NA,NA,1970,"10/17/1970","8ee90be0-3960-11ef-a607-9b08c5d4c173","home","GWD Minden","THW Kiel",18,11,TRUE,5,NA,NA,0,0,3,NA,0,0,0,0,0,0,NA,NA,NA,NA,NA,NA,NA,NA,0,0,0,0,NA,NA,NA,NA,NA
"Wilfried Drögemeier","ba63ada7-3955-11ef-a04d-ab397f561917",NA,NA,1970,"10/17/1970","8ee90be0-3960-11ef-a607-9b08c5d4c173","home","GWD Minden","THW Kiel",18,11,TRUE,1,NA,NA,0,0,0,NA,0,0,0,0,0,0,NA,NA,NA,NA,NA,NA,NA,NA,0,0,0,0,NA,NA,NA,NA,NA
"Klaus Barlach","bcee5b38-3955-11ef-a026-ab397f561917",NA,NA,1970,"10/17/1970","8ee90be0-3960-11ef-a607-9b08c5d4c173","home","GWD Minden","THW Kiel",18,11,TRUE,2,NA,NA,0,0,0,NA,0,0,0,0,0,0,NA,NA,NA,NA,NA,NA,NA,NA,0,0,0,0,NA,NA,NA,NA,NA
"Otto Weng","bcfbec1c-3955-11ef-b4f4-ab397f561917",NA,NA,1970,"10/17/1970","8ee90be0-3960-11ef-a607-9b08c5d4c173","home","GWD Minden","THW Kiel",18,11,TRUE,4,NA,NA,0,0,2,NA,0,0,0,0,0,0,NA,NA,NA,NA,NA,NA,NA,NA,0,0,0,0,NA,NA,NA,NA,NA
"Jürgen Buhrmester","c747ff25-3955-11ef-9695-157c9bc18a5f",NA,NA,1970,"10/17/1970","8ee90be0-3960-11ef-a607-9b08c5d4c173","home","GWD Minden","THW Kiel",18,11,TRUE,0,NA,NA,0,0,0,NA,0,0,0,0,0,0,NA,NA,NA,NA,NA,NA,NA,NA,0,0,0,0,NA,NA,NA,NA,NA
"Manfred Horstkötter","c8a23936-3955-11ef-9884-157c9bc18a5f",NA,NA,1970,"10/17/1970","8ee90be0-3960-11ef-a607-9b08c5d4c173","home","GWD Minden","THW Kiel",18,11,TRUE,1,NA,NA,0,0,0,NA,0,0,0,0,0,0,NA,NA,NA,NA,NA,NA,NA,NA,0,0,0,0,NA,NA,NA,NA,NA
"Heiner Ua","c9e28722-3955-11ef-9c87-157c9bc18a5f",NA,NA,1970,"10/17/1970","8ee90be0-3960-11ef-a607-9b08c5d4c173","home","GWD Minden","THW Kiel",18,11,TRUE,0,NA,NA,0,0,0,NA,0,0,0,0,0,0,NA,NA,NA,NA,NA,NA,NA,NA,0,0,0,0,NA,NA,NA,NA,NA
"Hans-Jörg Graeper","964d8ebc-3955-11ef-a25b-292be3190b7b",NA,NA,1970,"10/17/1970","8ee90be0-3960-11ef-a607-9b08c5d4c173","away","THW Kiel","GWD Minden",11,18,FALSE,0,NA,NA,0,0,0,NA,0,0,0,0,0,0,NA,NA,NA,NA,NA,NA,NA,NA,0,0,0,0,NA,NA,NA,NA,NA
"Gerd Welz","98273a90-3955-11ef-a3a2-292be3190b7b",NA,NA,1970,"10/17/1970","8ee90be0-3960-11ef-a607-9b08c5d4c173","away","THW Kiel","GWD Minden",11,18,FALSE,0,NA,NA,0,0,0,NA,0,0,0,0,0,0,NA,NA,NA,NA,NA,NA,NA,NA,0,0,0,0,NA,NA,NA,NA,NA
"Volker Harbs","9995a6f3-3955-11ef-b74f-292be3190b7b",NA,NA,1970,"10/17/1970","8ee90be0-3960-11ef-a607-9b08c5d4c173","away","THW Kiel","GWD Minden",11,18,FALSE,5,NA,NA,0,0,1,NA,0,0,0,0,0,0,NA,NA,NA,NA,NA,NA,NA,NA,0,0,0,0,NA,NA,NA,NA,NA
"Peter Prehn","b073ee0a-3955-11ef-8404-a36230ada079",NA,NA,1970,"10/17/1970","8ee90be0-3960-11ef-a607-9b08c5d4c173","away","THW Kiel","GWD Minden",11,18,FALSE,1,NA,NA,0,0,0,NA,0,0,0,0,0,0,NA,NA,NA,NA,NA,NA,NA,NA,0,0,0,0,NA,NA,NA,NA,NA
"Peter Werk","b0784d6e-3955-11ef-9a85-a36230ada079",NA,NA,1970,"10/17/1970","8ee90be0-3960-11ef-a607-9b08c5d4c173","away","THW Kiel","GWD Minden",11,18,FALSE,1,NA,NA,0,0,0,NA,0,0,0,0,0,0,NA,NA,NA,NA,NA,NA,NA,NA,0,0,0,0,NA,NA,NA,NA,NA
"Bernd Nielsen","b1480d2c-3955-11ef-8563-a36230ada079",NA,NA,1970,"10/17/1970","8ee90be0-3960-11ef-a607-9b08c5d4c173","away","THW Kiel","GWD Minden",11,18,FALSE,0,NA,NA,0,0,0,NA,0,0,0,0,0,0,NA,NA,NA,NA,NA,NA,NA,NA,0,0,0,0,NA,NA,NA,NA,NA
"Hartwig Moll","b14ce7d8-3955-11ef-8cb5-a36230ada079",NA,NA,1970,"10/17/1970","8ee90be0-3960-11ef-a607-9b08c5d4c173","away","THW Kiel","GWD Minden",11,18,FALSE,1,NA,NA,0,0,0,NA,0,0,0,0,0,0,NA,NA,NA,NA,NA,NA,NA,NA,0,0,0,0,NA,NA,NA,NA,NA
"Rainer Voigt","c7c742a9-3955-11ef-b542-157c9bc18a5f",NA,NA,1970,"10/17/1970","8ee90be0-3960-11ef-a607-9b08c5d4c173","away","THW Kiel","GWD Minden",11,18,FALSE,0,NA,NA,0,0,0,NA,0,0,0,0,0,0,NA,NA,NA,NA,NA,NA,NA,NA,0,0,0,0,NA,NA,NA,NA,NA
"Dieter Baguhn","c7cbf017-3955-11ef-b1f7-157c9bc18a5f",NA,NA,1970,"10/17/1970","8ee90be0-3960-11ef-a607-9b08c5d4c173","away","THW Kiel","GWD Minden",11,18,FALSE,1,NA,NA,0,0,0,NA,0,0,0,0,0,0,NA,NA,NA,NA,NA,NA,NA,NA,0,0,0,0,NA,NA,NA,NA,NA
"Bernd Struck","c7d4c3a5-3955-11ef-a743-157c9bc18a5f",NA,NA,1970,"10/17/1970","8ee90be0-3960-11ef-a607-9b08c5d4c173","away","THW Kiel","GWD Minden",11,18,FALSE,2,NA,NA,0,0,0,NA,0,0,0,0,0,0,NA,NA,NA,NA,NA,NA,NA,NA,0,0,0,0,NA,NA,NA,NA,NA
"Hermann Mäurle","a44f95e3-3955-11ef-b53d-2510cc07ea6e",NA,NA,1970,"10/17/1970","994d2579-3960-11ef-a5e9-d3de5c174a65","home","SpVgg 1887 Möhringen","TV Großwallstadt",20,20,FALSE,5,NA,NA,0,0,0,NA,0,0,0,0,0,0,NA,NA,NA,NA,NA,NA,NA,NA,0,0,0,0,NA,NA,NA,NA,NA
"Karl-Heinz Wolf","c8354cdd-3955-11ef-a1d6-157c9bc18a5f",NA,NA,1970,"10/17/1970","994d2579-3960-11ef-a5e9-d3de5c174a65","home","SpVgg 1887 Möhringen","TV Großwallstadt",20,20,FALSE,1,NA,NA,0,0,0,NA,0,0,0,0,0,0,NA,NA,NA,NA,NA,NA,NA,NA,0,0,0,0,NA,NA,NA,NA,NA
"Gerd-Volker Stock","c8397c3c-3955-11ef-af12-157c9bc18a5f",NA,NA,1970,"10/17/1970","994d2579-3960-11ef-a5e9-d3de5c174a65","home","SpVgg 1887 Möhringen","TV Großwallstadt",20,20,FALSE,0,NA,NA,0,0,0,NA,0,0,0,0,0,0,NA,NA,NA,NA,NA,NA,NA,NA,0,0,0,0,NA,NA,NA,NA,NA
"Dieter Schuh","c84c4c54-3955-11ef-9d35-157c9bc18a5f",NA,NA,1970,"10/17/1970","994d2579-3960-11ef-a5e9-d3de5c174a65","home","SpVgg 1887 Möhringen","TV Großwallstadt",20,20,FALSE,0,NA,NA,0,0,0,NA,0,0,0,0,0,0,NA,NA,NA,NA,NA,NA,NA,NA,0,0,0,0,NA,NA,NA,NA,NA
"Lothar Scheffel","c850996c-3955-11ef-94a7-157c9bc18a5f",NA,NA,1970,"10/17/1970","994d2579-3960-11ef-a5e9-d3de5c174a65","home","SpVgg 1887 Möhringen","TV Großwallstadt",20,20,FALSE,0,NA,NA,0,0,0,NA,0,0,0,0,0,0,NA,NA,NA,NA,NA,NA,NA,NA,0,0,0,0,NA,NA,NA,NA,NA
"Karl-Heinz Steinbach","c864fc61-3955-11ef-bc13-157c9bc18a5f",NA,NA,1970,"10/17/1970","994d2579-3960-11ef-a5e9-d3de5c174a65","home","SpVgg 1887 Möhringen","TV Großwallstadt",20,20,FALSE,2,NA,NA,0,0,0,NA,0,0,0,0,0,0,NA,NA,NA,NA,NA,NA,NA,NA,0,0,0,0,NA,NA,NA,NA,NA
"Wolfgang Schall","c869381d-3955-11ef-a2ed-157c9bc18a5f",NA,NA,1970,"10/17/1970","994d2579-3960-11ef-a5e9-d3de5c174a65","home","SpVgg 1887 Möhringen","TV Großwallstadt",20,20,FALSE,1,NA,NA,0,0,0,NA,0,0,0,0,0,0,NA,NA,NA,NA,NA,NA,NA,NA,0,0,0,0,NA,NA,NA,NA,NA
"Günter Heger","c9b80786-3955-11ef-80ae-157c9bc18a5f",NA,NA,1970,"10/17/1970","994d2579-3960-11ef-a5e9-d3de5c174a65","home","SpVgg 1887 Möhringen","TV Großwallstadt",20,20,FALSE,4,NA,NA,0,0,0,NA,0,0,0,0,0,0,NA,NA,NA,NA,NA,NA,NA,NA,0,0,0,0,NA,NA,NA,NA,NA
"Winfried Holtmann","d3270d6b-3955-11ef-8174-a36230ada079",NA,NA,1970,"10/17/1970","994d2579-3960-11ef-a5e9-d3de5c174a65","home","SpVgg 1887 Möhringen","TV Großwallstadt",20,20,FALSE,2,NA,NA,0,0,0,NA,0,0,0,0,0,0,NA,NA,NA,NA,NA,NA,NA,NA,0,0,0,0,NA,NA,NA,NA,NA
"Kurt Klühspies","5ac3e7d7-3955-11ef-b574-4fa817cd91bb",NA,NA,1970,"10/17/1970","994d2579-3960-11ef-a5e9-d3de5c174a65","away","TV Großwallstadt","SpVgg 1887 Möhringen",20,20,FALSE,3,NA,NA,0,0,0,NA,0,0,0,0,0,0,NA,NA,NA,NA,NA,NA,NA,NA,0,0,0,0,NA,NA,NA,NA,NA
"Eckhardt Suffel","aeac0503-3955-11ef-88c6-a36230ada079",NA,NA,1970,"10/17/1970","994d2579-3960-11ef-a5e9-d3de5c174a65","away","TV Großwallstadt","SpVgg 1887 Möhringen",20,20,FALSE,1,NA,NA,0,0,0,NA,0,0,0,0,0,0,NA,NA,NA,NA,NA,NA,NA,NA,0,0,0,0,NA,NA,NA,NA,NA
"Peter Kuß","bbc18adb-3955-11ef-a5f7-ab397f561917",NA,NA,1970,"10/17/1970","994d2579-3960-11ef-a5e9-d3de5c174a65","away","TV Großwallstadt","SpVgg 1887 Möhringen",20,20,FALSE,4,NA,NA,0,0,0,NA,0,0,0,0,0,0,NA,NA,NA,NA,NA,NA,NA,NA,0,0,0,0,NA,NA,NA,NA,NA
"Werner Lemmert","be0e2c8d-3955-11ef-82a6-ab397f561917",NA,NA,1970,"10/17/1970","994d2579-3960-11ef-a5e9-d3de5c174a65","away","TV Großwallstadt","SpVgg 1887 Möhringen",20,20,FALSE,0,NA,NA,0,0,0,NA,0,0,0,0,0,0,NA,NA,NA,NA,NA,NA,NA,NA,0,0,0,0,NA,NA,NA,NA,NA
"Rainer Oberle","be123408-3955-11ef-92a6-ab397f561917",NA,NA,1970,"10/17/1970","994d2579-3960-11ef-a5e9-d3de5c174a65","away","TV Großwallstadt","SpVgg 1887 Möhringen",20,20,FALSE,6,NA,NA,0,0,0,NA,0,0,0,0,0,0,NA,NA,NA,NA,NA,NA,NA,NA,0,0,0,0,NA,NA,NA,NA,NA
"Hans-Joachim Herzig","c7ff4ec7-3955-11ef-a4ed-157c9bc18a5f",NA,NA,1970,"10/17/1970","994d2579-3960-11ef-a5e9-d3de5c174a65","away","TV Großwallstadt","SpVgg 1887 Möhringen",20,20,FALSE,0,NA,NA,0,0,0,NA,0,0,0,0,0,0,NA,NA,NA,NA,NA,NA,NA,NA,0,0,0,0,NA,NA,NA,NA,NA
"Klaus Oberle","c96e13a5-3955-11ef-a68a-157c9bc18a5f",NA,NA,1970,"10/17/1970","994d2579-3960-11ef-a5e9-d3de5c174a65","away","TV Großwallstadt","SpVgg 1887 Möhringen",20,20,FALSE,0,NA,NA,0,0,0,NA,0,0,0,0,0,0,NA,NA,NA,NA,NA,NA,NA,NA,0,0,0,0,NA,NA,NA,NA,NA
"Ludwig Hohm","c97b5499-3955-11ef-8cf3-157c9bc18a5f",NA,NA,1970,"10/17/1970","994d2579-3960-11ef-a5e9-d3de5c174a65","away","TV Großwallstadt","SpVgg 1887 Möhringen",20,20,FALSE,0,NA,NA,0,0,0,NA,0,0,0,0,0,0,NA,NA,NA,NA,NA,NA,NA,NA,0,0,0,0,NA,NA,NA,NA,NA
"Werner Kühn","a5a83923-3955-11ef-abc5-2510cc07ea6e",NA,NA,1970,"10/18/1970","907627ed-3960-11ef-8808-9b08c5d4c173","home","SC Phönix Essen 1920","TuS 05 Wellinghofen",17,13,TRUE,2,NA,NA,0,0,0,NA,0,0,0,0,0,0,NA,NA,NA,NA,NA,NA,NA,NA,0,0,0,0,NA,NA,NA,NA,NA
"Heinz Oberscheidt","a5ae94f2-3955-11ef-91fc-2510cc07ea6e",NA,NA,1970,"10/18/1970","907627ed-3960-11ef-8808-9b08c5d4c173","home","SC Phönix Essen 1920","TuS 05 Wellinghofen",17,13,TRUE,4,NA,NA,0,0,0,NA,0,0,0,0,0,0,NA,NA,NA,NA,NA,NA,NA,NA,0,0,0,0,NA,NA,NA,NA,NA
"Norbert Meister","a610e086-3955-11ef-bf85-2510cc07ea6e",NA,NA,1970,"10/18/1970","907627ed-3960-11ef-8808-9b08c5d4c173","home","SC Phönix Essen 1920","TuS 05 Wellinghofen",17,13,TRUE,0,NA,NA,0,0,0,NA,0,0,0,0,0,0,NA,NA,NA,NA,NA,NA,NA,NA,0,0,0,0,NA,NA,NA,NA,NA
"Rüdiger Hillebrand","b0c11a9c-3955-11ef-bf0d-a36230ada079",NA,NA,1970,"10/18/1970","907627ed-3960-11ef-8808-9b08c5d4c173","home","SC Phönix Essen 1920","TuS 05 Wellinghofen",17,13,TRUE,0,NA,NA,0,0,0,NA,0,0,0,0,0,0,NA,NA,NA,NA,NA,NA,NA,NA,0,0,0,0,NA,NA,NA,NA,NA
"Bernd Tolksdorf","bae02284-3955-11ef-b577-ab397f561917",NA,NA,1970,"10/18/1970","907627ed-3960-11ef-8808-9b08c5d4c173","home","SC Phönix Essen 1920","TuS 05 Wellinghofen",17,13,TRUE,0,NA,NA,0,0,0,NA,0,0,0,0,0,0,NA,NA,NA,NA,NA,NA,NA,NA,0,0,0,0,NA,NA,NA,NA,NA
"Klaus Kirschner","bae43a44-3955-11ef-ae7c-ab397f561917",NA,NA,1970,"10/18/1970","907627ed-3960-11ef-8808-9b08c5d4c173","home","SC Phönix Essen 1920","TuS 05 Wellinghofen",17,13,TRUE,0,NA,NA,0,0,0,NA,0,0,0,0,0,0,NA,NA,NA,NA,NA,NA,NA,NA,0,0,0,0,NA,NA,NA,NA,NA
"Marinko Andrić","bae9ac2f-3955-11ef-863e-ab397f561917",NA,NA,1970,"10/18/1970","907627ed-3960-11ef-8808-9b08c5d4c173","home","SC Phönix Essen 1920","TuS 05 Wellinghofen",17,13,TRUE,1,NA,NA,0,0,0,NA,0,0,0,0,0,0,NA,NA,NA,NA,NA,NA,NA,NA,0,0,0,0,NA,NA,NA,NA,NA
"Michael Hattig","bd52f5b1-3955-11ef-ba0c-ab397f561917",NA,NA,1970,"10/18/1970","907627ed-3960-11ef-8808-9b08c5d4c173","home","SC Phönix Essen 1920","TuS 05 Wellinghofen",17,13,TRUE,5,NA,NA,0,0,2,NA,0,0,0,0,0,0,NA,NA,NA,NA,NA,NA,NA,NA,0,0,0,0,NA,NA,NA,NA,NA
"Andrija Kotlas","bde016f5-3955-11ef-b96c-ab397f561917",NA,NA,1970,"10/18/1970","907627ed-3960-11ef-8808-9b08c5d4c173","home","SC Phönix Essen 1920","TuS 05 Wellinghofen",17,13,TRUE,2,NA,NA,0,0,0,NA,0,0,0,0,0,0,NA,NA,NA,NA,NA,NA,NA,NA,0,0,0,0,NA,NA,NA,NA,NA
"Carl-Bernd Behler","c79d213f-3955-11ef-a773-157c9bc18a5f",NA,NA,1970,"10/18/1970","907627ed-3960-11ef-8808-9b08c5d4c173","home","SC Phönix Essen 1920","TuS 05 Wellinghofen",17,13,TRUE,0,NA,NA,0,0,0,NA,0,0,0,0,0,0,NA,NA,NA,NA,NA,NA,NA,NA,0,0,0,0,NA,NA,NA,NA,NA
"Ernst Weise","c90cdba3-3955-11ef-b068-157c9bc18a5f",NA,NA,1970,"10/18/1970","907627ed-3960-11ef-8808-9b08c5d4c173","home","SC Phönix Essen 1920","TuS 05 Wellinghofen",17,13,TRUE,3,NA,NA,0,0,0,NA,0,0,0,0,0,0,NA,NA,NA,NA,NA,NA,NA,NA,0,0,0,0,NA,NA,NA,NA,NA
"Karl-Heinz Schulz","72847241-3955-11ef-8bd4-51fdf2a82730",NA,NA,1970,"10/18/1970","907627ed-3960-11ef-8808-9b08c5d4c173","away","TuS 05 Wellinghofen","SC Phönix Essen 1920",13,17,FALSE,2,NA,NA,0,0,0,NA,0,0,0,0,0,0,NA,NA,NA,NA,NA,NA,NA,NA,0,0,0,0,NA,NA,NA,NA,NA
"Heiner Möller","8d7571e4-3955-11ef-b1d3-81dc40648355",NA,NA,1970,"10/18/1970","907627ed-3960-11ef-8808-9b08c5d4c173","away","TuS 05 Wellinghofen","SC Phönix Essen 1920",13,17,FALSE,3,NA,NA,0,0,0,NA,0,0,0,0,0,0,NA,NA,NA,NA,NA,NA,NA,NA,0,0,0,0,NA,NA,NA,NA,NA
"Hans-Peter Neuhaus","8d9d3887-3955-11ef-80a3-81dc40648355",NA,NA,1970,"10/18/1970","907627ed-3960-11ef-8808-9b08c5d4c173","away","TuS 05 Wellinghofen","SC Phönix Essen 1920",13,17,FALSE,4,NA,NA,0,0,3,NA,0,0,0,0,0,0,NA,NA,NA,NA,NA,NA,NA,NA,0,0,0,0,NA,NA,NA,NA,NA
"Rainer Gosewinkel","a4d61156-3955-11ef-8406-2510cc07ea6e",NA,NA,1970,"10/18/1970","907627ed-3960-11ef-8808-9b08c5d4c173","away","TuS 05 Wellinghofen","SC Phönix Essen 1920",13,17,FALSE,0,NA,NA,0,0,0,NA,0,0,0,0,0,0,NA,NA,NA,NA,NA,NA,NA,NA,0,0,0,0,NA,NA,NA,NA,NA
"Klaus Erwe","a4f54a19-3955-11ef-b48a-2510cc07ea6e",NA,NA,1970,"10/18/1970","907627ed-3960-11ef-8808-9b08c5d4c173","away","TuS 05 Wellinghofen","SC Phönix Essen 1920",13,17,FALSE,0,NA,NA,0,0,0,NA,0,0,0,0,0,0,NA,NA,NA,NA,NA,NA,NA,NA,0,0,0,0,NA,NA,NA,NA,NA
"Burkhard Gröning","a52c6e4f-3955-11ef-a576-2510cc07ea6e",NA,NA,1970,"10/18/1970","907627ed-3960-11ef-8808-9b08c5d4c173","away","TuS 05 Wellinghofen","SC Phönix Essen 1920",13,17,FALSE,3,NA,NA,0,0,0,NA,0,0,0,0,0,0,NA,NA,NA,NA,NA,NA,NA,NA,0,0,0,0,NA,NA,NA,NA,NA
"Klaus Tiews","a531838f-3955-11ef-8e99-2510cc07ea6e",NA,NA,1970,"10/18/1970","907627ed-3960-11ef-8808-9b08c5d4c173","away","TuS 05 Wellinghofen","SC Phönix Essen 1920",13,17,FALSE,0,NA,NA,0,0,0,NA,0,0,0,0,0,0,NA,NA,NA,NA,NA,NA,NA,NA,0,0,0,0,NA,NA,NA,NA,NA
"Hans-Jürgen Sengera","ba7fae8e-3955-11ef-80e4-ab397f561917",NA,NA,1970,"10/18/1970","907627ed-3960-11ef-8808-9b08c5d4c173","away","TuS 05 Wellinghofen","SC Phönix Essen 1920",13,17,FALSE,0,NA,NA,0,0,0,NA,0,0,0,0,0,0,NA,NA,NA,NA,NA,NA,NA,NA,0,0,0,0,NA,NA,NA,NA,NA
"Ulrich Thubeauville","c76555ef-3955-11ef-9f3a-157c9bc18a5f",NA,NA,1970,"10/18/1970","907627ed-3960-11ef-8808-9b08c5d4c173","away","TuS 05 Wellinghofen","SC Phönix Essen 1920",13,17,FALSE,1,NA,NA,0,0,0,NA,0,0,0,0,0,0,NA,NA,NA,NA,NA,NA,NA,NA,0,0,0,0,NA,NA,NA,NA,NA
"Burkhardt Eckardt","c76d08cb-3955-11ef-8fa7-157c9bc18a5f",NA,NA,1970,"10/18/1970","907627ed-3960-11ef-8808-9b08c5d4c173","away","TuS 05 Wellinghofen","SC Phönix Essen 1920",13,17,FALSE,0,NA,NA,0,0,0,NA,0,0,0,0,0,0,NA,NA,NA,NA,NA,NA,NA,NA,0,0,0,0,NA,NA,NA,NA,NA
"Gerd Thiele","c9f7a8d5-3955-11ef-93d4-157c9bc18a5f",NA,NA,1970,"10/18/1970","907627ed-3960-11ef-8808-9b08c5d4c173","away","TuS 05 Wellinghofen","SC Phönix Essen 1920",13,17,FALSE,0,NA,NA,0,0,0,NA,0,0,0,0,0,0,NA,NA,NA,NA,NA,NA,NA,NA,0,0,0,0,NA,NA,NA,NA,NA
"Hans Moser","7e83ce46-3955-11ef-830d-b908c60af10a",NA,NA,1970,"10/18/1970","9a0e67ab-3960-11ef-8930-d3de5c174a65","home","TSV Milbertshofen","Füchse Berlin",15,9,TRUE,3,NA,NA,0,0,0,NA,0,0,0,0,0,0,NA,NA,NA,NA,NA,NA,NA,NA,0,0,0,0,NA,NA,NA,NA,NA
"Gerhard Ochsenkühn","97259ed1-3955-11ef-96ca-292be3190b7b",NA,NA,1970,"10/18/1970","9a0e67ab-3960-11ef-8930-d3de5c174a65","home","TSV Milbertshofen","Füchse Berlin",15,9,TRUE,4,NA,NA,0,0,0,NA,0,0,0,0,0,0,NA,NA,NA,NA,NA,NA,NA,NA,0,0,0,0,NA,NA,NA,NA,NA
"Josef Kiener","972d7d47-3955-11ef-a437-292be3190b7b",NA,NA,1970,"10/18/1970","9a0e67ab-3960-11ef-8930-d3de5c174a65","home","TSV Milbertshofen","Füchse Berlin",15,9,TRUE,0,NA,NA,0,0,0,NA,0,0,0,0,0,0,NA,NA,NA,NA,NA,NA,NA,NA,0,0,0,0,NA,NA,NA,NA,NA
"Ivan Uremović","9784bfff-3955-11ef-a0bf-292be3190b7b",NA,NA,1970,"10/18/1970","9a0e67ab-3960-11ef-8930-d3de5c174a65","home","TSV Milbertshofen","Füchse Berlin",15,9,TRUE,2,NA,NA,0,0,0,NA,0,0,0,0,0,0,NA,NA,NA,NA,NA,NA,NA,NA,0,0,0,0,NA,NA,NA,NA,NA
"Helmut Schelchshorn","b1c960ef-3955-11ef-850b-a36230ada079",NA,NA,1970,"10/18/1970","9a0e67ab-3960-11ef-8930-d3de5c174a65","home","TSV Milbertshofen","Füchse Berlin",15,9,TRUE,0,NA,NA,0,0,0,NA,0,0,0,0,0,0,NA,NA,NA,NA,NA,NA,NA,NA,0,0,0,0,NA,NA,NA,NA,NA
"Peter Feddern","bc1b1b3e-3955-11ef-9c4e-ab397f561917",NA,NA,1970,"10/18/1970","9a0e67ab-3960-11ef-8930-d3de5c174a65","home","TSV Milbertshofen","Füchse Berlin",15,9,TRUE,0,NA,NA,0,0,0,NA,0,0,0,0,0,0,NA,NA,NA,NA,NA,NA,NA,NA,0,0,0,0,NA,NA,NA,NA,NA
"Anton Niggel","c6b807f5-3955-11ef-8bfd-157c9bc18a5f",NA,NA,1970,"10/18/1970","9a0e67ab-3960-11ef-8930-d3de5c174a65","home","TSV Milbertshofen","Füchse Berlin",15,9,TRUE,1,NA,NA,0,0,0,NA,0,0,0,0,0,0,NA,NA,NA,NA,NA,NA,NA,NA,0,0,0,0,NA,NA,NA,NA,NA
"Volker Filipp","c6bca602-3955-11ef-8195-157c9bc18a5f",NA,NA,1970,"10/18/1970","9a0e67ab-3960-11ef-8930-d3de5c174a65","home","TSV Milbertshofen","Füchse Berlin",15,9,TRUE,0,NA,NA,0,0,0,NA,0,0,0,0,0,0,NA,NA,NA,NA,NA,NA,NA,NA,0,0,0,0,NA,NA,NA,NA,NA
"Karl Donndorf","c821c668-3955-11ef-a20c-157c9bc18a5f",NA,NA,1970,"10/18/1970","9a0e67ab-3960-11ef-8930-d3de5c174a65","home","TSV Milbertshofen","Füchse Berlin",15,9,TRUE,5,NA,NA,0,0,1,NA,0,0,0,0,0,0,NA,NA,NA,NA,NA,NA,NA,NA,0,0,0,0,NA,NA,NA,NA,NA
"Arnold Gaitzsch","c99ecd8f-3955-11ef-a93a-157c9bc18a5f",NA,NA,1970,"10/18/1970","9a0e67ab-3960-11ef-8930-d3de5c174a65","home","TSV Milbertshofen","Füchse Berlin",15,9,TRUE,0,NA,NA,0,0,0,NA,0,0,0,0,0,0,NA,NA,NA,NA,NA,NA,NA,NA,0,0,0,0,NA,NA,NA,NA,NA
"Diethard Finkelmann","a60bdcf9-3955-11ef-bfa1-2510cc07ea6e",NA,NA,1970,"10/18/1970","9a0e67ab-3960-11ef-8930-d3de5c174a65","away","Füchse Berlin","TSV Milbertshofen",9,15,FALSE,2,NA,NA,0,0,1,NA,0,0,0,0,0,0,NA,NA,NA,NA,NA,NA,NA,NA,0,0,0,0,NA,NA,NA,NA,NA
"Wolfgang Braun","b1a4c388-3955-11ef-92b7-a36230ada079",NA,NA,1970,"10/18/1970","9a0e67ab-3960-11ef-8930-d3de5c174a65","away","Füchse Berlin","TSV Milbertshofen",9,15,FALSE,1,NA,NA,0,0,0,NA,0,0,0,0,0,0,NA,NA,NA,NA,NA,NA,NA,NA,0,0,0,0,NA,NA,NA,NA,NA
"Detlef Finkelmann","b1a8f927-3955-11ef-a009-a36230ada079",NA,NA,1970,"10/18/1970","9a0e67ab-3960-11ef-8930-d3de5c174a65","away","Füchse Berlin","TSV Milbertshofen",9,15,FALSE,0,NA,NA,0,0,0,NA,0,0,0,0,0,0,NA,NA,NA,NA,NA,NA,NA,NA,0,0,0,0,NA,NA,NA,NA,NA
"Bernd Goerigk","b1b21b0c-3955-11ef-a303-a36230ada079",NA,NA,1970,"10/18/1970","9a0e67ab-3960-11ef-8930-d3de5c174a65","away","Füchse Berlin","TSV Milbertshofen",9,15,FALSE,0,NA,NA,0,0,0,NA,0,0,0,0,0,0,NA,NA,NA,NA,NA,NA,NA,NA,0,0,0,0,NA,NA,NA,NA,NA
"Lutz Loewke","b1b73b08-3955-11ef-b76a-a36230ada079",NA,NA,1970,"10/18/1970","9a0e67ab-3960-11ef-8930-d3de5c174a65","away","Füchse Berlin","TSV Milbertshofen",9,15,FALSE,1,NA,NA,0,0,0,NA,0,0,0,0,0,0,NA,NA,NA,NA,NA,NA,NA,NA,0,0,0,0,NA,NA,NA,NA,NA
"Sigmar Artelt","bdbc9392-3955-11ef-a3be-ab397f561917",NA,NA,1970,"10/18/1970","9a0e67ab-3960-11ef-8930-d3de5c174a65","away","Füchse Berlin","TSV Milbertshofen",9,15,FALSE,0,NA,NA,0,0,0,NA,0,0,0,0,0,0,NA,NA,NA,NA,NA,NA,NA,NA,0,0,0,0,NA,NA,NA,NA,NA
"Henry Johannes","bdc98fce-3955-11ef-9f6e-ab397f561917",NA,NA,1970,"10/18/1970","9a0e67ab-3960-11ef-8930-d3de5c174a65","away","Füchse Berlin","TSV Milbertshofen",9,15,FALSE,3,NA,NA,0,0,0,NA,0,0,0,0,0,0,NA,NA,NA,NA,NA,NA,NA,NA,0,0,0,0,NA,NA,NA,NA,NA
"Klaus-Dieter Guse","bdd76769-3955-11ef-97dc-ab397f561917",NA,NA,1970,"10/18/1970","9a0e67ab-3960-11ef-8930-d3de5c174a65","away","Füchse Berlin","TSV Milbertshofen",9,15,FALSE,1,NA,NA,0,0,0,NA,0,0,0,0,0,0,NA,NA,NA,NA,NA,NA,NA,NA,0,0,0,0,NA,NA,NA,NA,NA
"Bernd Redlich","d2e474a6-3955-11ef-a804-a36230ada079",NA,NA,1970,"10/18/1970","9a0e67ab-3960-11ef-8930-d3de5c174a65","away","Füchse Berlin","TSV Milbertshofen",9,15,FALSE,0,NA,NA,0,0,0,NA,0,0,0,0,0,0,NA,NA,NA,NA,NA,NA,NA,NA,0,0,0,0,NA,NA,NA,NA,NA
"Thomas Micheli","d2e8bde0-3955-11ef-8c04-a36230ada079",NA,NA,1970,"10/18/1970","9a0e67ab-3960-11ef-8930-d3de5c174a65","away","Füchse Berlin","TSV Milbertshofen",9,15,FALSE,1,NA,NA,0,0,0,NA,0,0,0,0,0,0,NA,NA,NA,NA,NA,NA,NA,NA,0,0,0,0,NA,NA,NA,NA,NA
"Herbert Rogge","b06614d7-3955-11ef-a43b-a36230ada079",NA,NA,1970,"10/23/1970","8ef6cc47-3960-11ef-8978-9b08c5d4c173","home","VfL Lübeck-Schwartau","GWD Minden",15,14,TRUE,3,NA,NA,0,0,0,NA,0,0,0,0,0,0,NA,NA,NA,NA,NA,NA,NA,NA,0,0,0,0,NA,NA,NA,NA,NA
"Ingo Callies","b0b0659b-3955-11ef-87aa-a36230ada079",NA,NA,1970,"10/23/1970","8ef6cc47-3960-11ef-8978-9b08c5d4c173","home","VfL Lübeck-Schwartau","GWD Minden",15,14,TRUE,2,NA,NA,0,0,0,NA,0,0,0,0,0,0,NA,NA,NA,NA,NA,NA,NA,NA,0,0,0,0,NA,NA,NA,NA,NA
"Michael Dogs","b0cecb4a-3955-11ef-b665-a36230ada079",NA,NA,1970,"10/23/1970","8ef6cc47-3960-11ef-8978-9b08c5d4c173","home","VfL Lübeck-Schwartau","GWD Minden",15,14,TRUE,0,NA,NA,0,0,0,NA,0,0,0,0,0,0,NA,NA,NA,NA,NA,NA,NA,NA,0,0,0,0,NA,NA,NA,NA,NA
"Joachim Römer","b0dcb8e7-3955-11ef-83ab-a36230ada079",NA,NA,1970,"10/23/1970","8ef6cc47-3960-11ef-8978-9b08c5d4c173","home","VfL Lübeck-Schwartau","GWD Minden",15,14,TRUE,5,NA,NA,0,0,0,NA,0,0,0,0,0,0,NA,NA,NA,NA,NA,NA,NA,NA,0,0,0,0,NA,NA,NA,NA,NA
"Ulrich Kleinstoll","b0f37438-3955-11ef-84e6-a36230ada079",NA,NA,1970,"10/23/1970","8ef6cc47-3960-11ef-8978-9b08c5d4c173","home","VfL Lübeck-Schwartau","GWD Minden",15,14,TRUE,1,NA,NA,0,0,0,NA,0,0,0,0,0,0,NA,NA,NA,NA,NA,NA,NA,NA,0,0,0,0,NA,NA,NA,NA,NA
"Geert Geusendam","baee7cab-3955-11ef-95ba-ab397f561917",NA,NA,1970,"10/23/1970","8ef6cc47-3960-11ef-8978-9b08c5d4c173","home","VfL Lübeck-Schwartau","GWD Minden",15,14,TRUE,0,NA,NA,0,0,0,NA,0,0,0,0,0,0,NA,NA,NA,NA,NA,NA,NA,NA,0,0,0,0,NA,NA,NA,NA,NA
"Georg Pohl","baff6cee-3955-11ef-a80f-ab397f561917",NA,NA,1970,"10/23/1970","8ef6cc47-3960-11ef-8978-9b08c5d4c173","home","VfL Lübeck-Schwartau","GWD Minden",15,14,TRUE,1,NA,NA,0,0,0,NA,0,0,0,0,0,0,NA,NA,NA,NA,NA,NA,NA,NA,0,0,0,0,NA,NA,NA,NA,NA
"Jochen Krummland","c7b078f7-3955-11ef-932e-157c9bc18a5f",NA,NA,1970,"10/23/1970","8ef6cc47-3960-11ef-8978-9b08c5d4c173","home","VfL Lübeck-Schwartau","GWD Minden",15,14,TRUE,3,NA,NA,0,0,0,NA,0,0,0,0,0,0,NA,NA,NA,NA,NA,NA,NA,NA,0,0,0,0,NA,NA,NA,NA,NA
"Björn Clausen","c7b94735-3955-11ef-b741-157c9bc18a5f",NA,NA,1970,"10/23/1970","8ef6cc47-3960-11ef-8978-9b08c5d4c173","home","VfL Lübeck-Schwartau","GWD Minden",15,14,TRUE,0,NA,NA,0,0,0,NA,0,0,0,0,0,0,NA,NA,NA,NA,NA,NA,NA,NA,0,0,0,0,NA,NA,NA,NA,NA
"Jochen Hoffmann","c7bdef38-3955-11ef-8b6c-157c9bc18a5f",NA,NA,1970,"10/23/1970","8ef6cc47-3960-11ef-8978-9b08c5d4c173","home","VfL Lübeck-Schwartau","GWD Minden",15,14,TRUE,0,NA,NA,0,0,0,NA,0,0,0,0,0,0,NA,NA,NA,NA,NA,NA,NA,NA,0,0,0,0,NA,NA,NA,NA,NA
"Gerhard Anduleit","c9215aaa-3955-11ef-ac64-157c9bc18a5f",NA,NA,1970,"10/23/1970","8ef6cc47-3960-11ef-8978-9b08c5d4c173","home","VfL Lübeck-Schwartau","GWD Minden",15,14,TRUE,0,NA,NA,0,0,0,NA,0,0,0,0,0,0,NA,NA,NA,NA,NA,NA,NA,NA,0,0,0,0,NA,NA,NA,NA,NA
"Wilfried Penderak","d255cee9-3955-11ef-933b-a36230ada079",NA,NA,1970,"10/23/1970","8ef6cc47-3960-11ef-8978-9b08c5d4c173","home","VfL Lübeck-Schwartau","GWD Minden",15,14,TRUE,0,NA,NA,0,0,0,NA,0,0,0,0,0,0,NA,NA,NA,NA,NA,NA,NA,NA,0,0,0,0,NA,NA,NA,NA,NA
"Bernhard Busch","8dc9280f-3955-11ef-80e2-81dc40648355",NA,NA,1970,"10/23/1970","8ef6cc47-3960-11ef-8978-9b08c5d4c173","away","GWD Minden","VfL Lübeck-Schwartau",14,15,FALSE,1,NA,NA,0,0,0,NA,0,0,0,0,0,0,NA,NA,NA,NA,NA,NA,NA,NA,0,0,0,0,NA,NA,NA,NA,NA
"Gerald Schüler","96fc1532-3955-11ef-bddd-292be3190b7b",NA,NA,1970,"10/23/1970","8ef6cc47-3960-11ef-8978-9b08c5d4c173","away","GWD Minden","VfL Lübeck-Schwartau",14,15,FALSE,0,NA,NA,0,0,0,NA,0,0,0,0,0,0,NA,NA,NA,NA,NA,NA,NA,NA,0,0,0,0,NA,NA,NA,NA,NA
"Martin Karcher","980f80ce-3955-11ef-8054-292be3190b7b",NA,NA,1970,"10/23/1970","8ef6cc47-3960-11ef-8978-9b08c5d4c173","away","GWD Minden","VfL Lübeck-Schwartau",14,15,FALSE,0,NA,NA,0,0,0,NA,0,0,0,0,0,0,NA,NA,NA,NA,NA,NA,NA,NA,0,0,0,0,NA,NA,NA,NA,NA
"Hans Kramer","98f50290-3955-11ef-8aa8-292be3190b7b",NA,NA,1970,"10/23/1970","8ef6cc47-3960-11ef-8978-9b08c5d4c173","away","GWD Minden","VfL Lübeck-Schwartau",14,15,FALSE,4,NA,NA,0,0,0,NA,0,0,0,0,0,0,NA,NA,NA,NA,NA,NA,NA,NA,0,0,0,0,NA,NA,NA,NA,NA
"Wilfried Meyer","a34b2aa0-3955-11ef-a79c-2510cc07ea6e",NA,NA,1970,"10/23/1970","8ef6cc47-3960-11ef-8978-9b08c5d4c173","away","GWD Minden","VfL Lübeck-Schwartau",14,15,FALSE,0,NA,NA,0,0,0,NA,0,0,0,0,0,0,NA,NA,NA,NA,NA,NA,NA,NA,0,0,0,0,NA,NA,NA,NA,NA
"Bernd Munck","ba5ee5e3-3955-11ef-9f80-ab397f561917",NA,NA,1970,"10/23/1970","8ef6cc47-3960-11ef-8978-9b08c5d4c173","away","GWD Minden","VfL Lübeck-Schwartau",14,15,FALSE,4,NA,NA,0,0,2,NA,0,0,0,0,0,0,NA,NA,NA,NA,NA,NA,NA,NA,0,0,0,0,NA,NA,NA,NA,NA
"Wilfried Drögemeier","ba63ada7-3955-11ef-a04d-ab397f561917",NA,NA,1970,"10/23/1970","8ef6cc47-3960-11ef-8978-9b08c5d4c173","away","GWD Minden","VfL Lübeck-Schwartau",14,15,FALSE,1,NA,NA,0,0,0,NA,0,0,0,0,0,0,NA,NA,NA,NA,NA,NA,NA,NA,0,0,0,0,NA,NA,NA,NA,NA
"Klaus Barlach","bcee5b38-3955-11ef-a026-ab397f561917",NA,NA,1970,"10/23/1970","8ef6cc47-3960-11ef-8978-9b08c5d4c173","away","GWD Minden","VfL Lübeck-Schwartau",14,15,FALSE,0,NA,NA,0,0,0,NA,0,0,0,0,0,0,NA,NA,NA,NA,NA,NA,NA,NA,0,0,0,0,NA,NA,NA,NA,NA
"Otto Weng","bcfbec1c-3955-11ef-b4f4-ab397f561917",NA,NA,1970,"10/23/1970","8ef6cc47-3960-11ef-8978-9b08c5d4c173","away","GWD Minden","VfL Lübeck-Schwartau",14,15,FALSE,2,NA,NA,0,0,0,NA,0,0,0,0,0,0,NA,NA,NA,NA,NA,NA,NA,NA,0,0,0,0,NA,NA,NA,NA,NA
"Jürgen Buhrmester","c747ff25-3955-11ef-9695-157c9bc18a5f",NA,NA,1970,"10/23/1970","8ef6cc47-3960-11ef-8978-9b08c5d4c173","away","GWD Minden","VfL Lübeck-Schwartau",14,15,FALSE,1,NA,NA,0,0,0,NA,0,0,0,0,0,0,NA,NA,NA,NA,NA,NA,NA,NA,0,0,0,0,NA,NA,NA,NA,NA
"Manfred Horstkötter","c8a23936-3955-11ef-9884-157c9bc18a5f",NA,NA,1970,"10/23/1970","8ef6cc47-3960-11ef-8978-9b08c5d4c173","away","GWD Minden","VfL Lübeck-Schwartau",14,15,FALSE,0,NA,NA,0,0,0,NA,0,0,0,0,0,0,NA,NA,NA,NA,NA,NA,NA,NA,0,0,0,0,NA,NA,NA,NA,NA
"Herbert Nottmeier","c9de181d-3955-11ef-a7e1-157c9bc18a5f",NA,NA,1970,"10/23/1970","8ef6cc47-3960-11ef-8978-9b08c5d4c173","away","GWD Minden","VfL Lübeck-Schwartau",14,15,FALSE,1,NA,NA,0,0,0,NA,0,0,0,0,0,0,NA,NA,NA,NA,NA,NA,NA,NA,0,0,0,0,NA,NA,NA,NA,NA
"Hans-Jörg Graeper","964d8ebc-3955-11ef-a25b-292be3190b7b",NA,NA,1970,"10/24/1970","90dba58e-3960-11ef-a65c-9b08c5d4c173","home","THW Kiel","TV Krefeld-Oppum 1894",16,11,TRUE,3,NA,NA,0,0,1,NA,0,0,0,0,0,0,NA,NA,NA,NA,NA,NA,NA,NA,0,0,0,0,NA,NA,NA,NA,NA
"Gerd Welz","98273a90-3955-11ef-a3a2-292be3190b7b",NA,NA,1970,"10/24/1970","90dba58e-3960-11ef-a65c-9b08c5d4c173","home","THW Kiel","TV Krefeld-Oppum 1894",16,11,TRUE,0,NA,NA,0,0,0,NA,0,0,0,0,0,0,NA,NA,NA,NA,NA,NA,NA,NA,0,0,0,0,NA,NA,NA,NA,NA
"Volker Harbs","9995a6f3-3955-11ef-b74f-292be3190b7b",NA,NA,1970,"10/24/1970","90dba58e-3960-11ef-a65c-9b08c5d4c173","home","THW Kiel","TV Krefeld-Oppum 1894",16,11,TRUE,4,NA,NA,0,0,1,NA,0,0,0,0,0,0,NA,NA,NA,NA,NA,NA,NA,NA,0,0,0,0,NA,NA,NA,NA,NA
"Peter Prehn","b073ee0a-3955-11ef-8404-a36230ada079",NA,NA,1970,"10/24/1970","90dba58e-3960-11ef-a65c-9b08c5d4c173","home","THW Kiel","TV Krefeld-Oppum 1894",16,11,TRUE,0,NA,NA,0,0,0,NA,0,0,0,0,0,0,NA,NA,NA,NA,NA,NA,NA,NA,0,0,0,0,NA,NA,NA,NA,NA
"Peter Werk","b0784d6e-3955-11ef-9a85-a36230ada079",NA,NA,1970,"10/24/1970","90dba58e-3960-11ef-a65c-9b08c5d4c173","home","THW Kiel","TV Krefeld-Oppum 1894",16,11,TRUE,4,NA,NA,0,0,0,NA,0,0,0,0,0,0,NA,NA,NA,NA,NA,NA,NA,NA,0,0,0,0,NA,NA,NA,NA,NA
"Bernd Nielsen","b1480d2c-3955-11ef-8563-a36230ada079",NA,NA,1970,"10/24/1970","90dba58e-3960-11ef-a65c-9b08c5d4c173","home","THW Kiel","TV Krefeld-Oppum 1894",16,11,TRUE,1,NA,NA,0,0,0,NA,0,0,0,0,0,0,NA,NA,NA,NA,NA,NA,NA,NA,0,0,0,0,NA,NA,NA,NA,NA
"Hartwig Moll","b14ce7d8-3955-11ef-8cb5-a36230ada079",NA,NA,1970,"10/24/1970","90dba58e-3960-11ef-a65c-9b08c5d4c173","home","THW Kiel","TV Krefeld-Oppum 1894",16,11,TRUE,0,NA,NA,0,0,0,NA,0,0,0,0,0,0,NA,NA,NA,NA,NA,NA,NA,NA,0,0,0,0,NA,NA,NA,NA,NA
"Rainer Voigt","c7c742a9-3955-11ef-b542-157c9bc18a5f",NA,NA,1970,"10/24/1970","90dba58e-3960-11ef-a65c-9b08c5d4c173","home","THW Kiel","TV Krefeld-Oppum 1894",16,11,TRUE,0,NA,NA,0,0,0,NA,0,0,0,0,0,0,NA,NA,NA,NA,NA,NA,NA,NA,0,0,0,0,NA,NA,NA,NA,NA
"Dieter Baguhn","c7cbf017-3955-11ef-b1f7-157c9bc18a5f",NA,NA,1970,"10/24/1970","90dba58e-3960-11ef-a65c-9b08c5d4c173","home","THW Kiel","TV Krefeld-Oppum 1894",16,11,TRUE,3,NA,NA,0,0,0,NA,0,0,0,0,0,0,NA,NA,NA,NA,NA,NA,NA,NA,0,0,0,0,NA,NA,NA,NA,NA
"Bernd Struck","c7d4c3a5-3955-11ef-a743-157c9bc18a5f",NA,NA,1970,"10/24/1970","90dba58e-3960-11ef-a65c-9b08c5d4c173","home","THW Kiel","TV Krefeld-Oppum 1894",16,11,TRUE,1,NA,NA,0,0,0,NA,0,0,0,0,0,0,NA,NA,NA,NA,NA,NA,NA,NA,0,0,0,0,NA,NA,NA,NA,NA
"Norbert Kroker","bd441662-3955-11ef-b771-ab397f561917",NA,NA,1970,"10/24/1970","90dba58e-3960-11ef-a65c-9b08c5d4c173","away","TV Krefeld-Oppum 1894","THW Kiel",11,16,FALSE,2,NA,NA,0,0,0,NA,0,0,0,0,0,0,NA,NA,NA,NA,NA,NA,NA,NA,0,0,0,0,NA,NA,NA,NA,NA
"Herbert Engels","ca0717a5-3955-11ef-8dce-157c9bc18a5f",NA,NA,1970,"10/24/1970","90dba58e-3960-11ef-a65c-9b08c5d4c173","away","TV Krefeld-Oppum 1894","THW Kiel",11,16,FALSE,0,NA,NA,0,0,0,NA,0,0,0,0,0,0,NA,NA,NA,NA,NA,NA,NA,NA,0,0,0,0,NA,NA,NA,NA,NA
"Otto Tophoven","ca106fac-3955-11ef-9a8e-157c9bc18a5f",NA,NA,1970,"10/24/1970","90dba58e-3960-11ef-a65c-9b08c5d4c173","away","TV Krefeld-Oppum 1894","THW Kiel",11,16,FALSE,0,NA,NA,0,0,0,NA,0,0,0,0,0,0,NA,NA,NA,NA,NA,NA,NA,NA,0,0,0,0,NA,NA,NA,NA,NA
"Theo Inger","ca18e97b-3955-11ef-91fb-157c9bc18a5f",NA,NA,1970,"10/24/1970","90dba58e-3960-11ef-a65c-9b08c5d4c173","away","TV Krefeld-Oppum 1894","THW Kiel",11,16,FALSE,1,NA,NA,0,0,0,NA,0,0,0,0,0,0,NA,NA,NA,NA,NA,NA,NA,NA,0,0,0,0,NA,NA,NA,NA,NA
"Peter Inger","ca1d519a-3955-11ef-b5d9-157c9bc18a5f",NA,NA,1970,"10/24/1970","90dba58e-3960-11ef-a65c-9b08c5d4c173","away","TV Krefeld-Oppum 1894","THW Kiel",11,16,FALSE,4,NA,NA,0,0,1,NA,0,0,0,0,0,0,NA,NA,NA,NA,NA,NA,NA,NA,0,0,0,0,NA,NA,NA,NA,NA
"Hermann Köhler","ca2255bc-3955-11ef-91a7-157c9bc18a5f",NA,NA,1970,"10/24/1970","90dba58e-3960-11ef-a65c-9b08c5d4c173","away","TV Krefeld-Oppum 1894","THW Kiel",11,16,FALSE,0,NA,NA,0,0,0,NA,0,0,0,0,0,0,NA,NA,NA,NA,NA,NA,NA,NA,0,0,0,0,NA,NA,NA,NA,NA
"Horst Panknin","ca26d115-3955-11ef-a60e-157c9bc18a5f",NA,NA,1970,"10/24/1970","90dba58e-3960-11ef-a65c-9b08c5d4c173","away","TV Krefeld-Oppum 1894","THW Kiel",11,16,FALSE,0,NA,NA,0,0,0,NA,0,0,0,0,0,0,NA,NA,NA,NA,NA,NA,NA,NA,0,0,0,0,NA,NA,NA,NA,NA
"Ralf Pasch","ca2b132c-3955-11ef-a380-157c9bc18a5f",NA,NA,1970,"10/24/1970","90dba58e-3960-11ef-a65c-9b08c5d4c173","away","TV Krefeld-Oppum 1894","THW Kiel",11,16,FALSE,0,NA,NA,0,0,0,NA,0,0,0,0,0,0,NA,NA,NA,NA,NA,NA,NA,NA,0,0,0,0,NA,NA,NA,NA,NA
"Hugo Schroers","ca2f571a-3955-11ef-8d46-157c9bc18a5f",NA,NA,1970,"10/24/1970","90dba58e-3960-11ef-a65c-9b08c5d4c173","away","TV Krefeld-Oppum 1894","THW Kiel",11,16,FALSE,1,NA,NA,0,0,0,NA,0,0,0,0,0,0,NA,NA,NA,NA,NA,NA,NA,NA,0,0,0,0,NA,NA,NA,NA,NA
"Max Zwierkowski","ca390aba-3955-11ef-97b4-157c9bc18a5f",NA,NA,1970,"10/24/1970","90dba58e-3960-11ef-a65c-9b08c5d4c173","away","TV Krefeld-Oppum 1894","THW Kiel",11,16,FALSE,3,NA,NA,0,0,0,NA,0,0,0,0,0,0,NA,NA,NA,NA,NA,NA,NA,NA,0,0,0,0,NA,NA,NA,NA,NA
"Leo Ritz","ca3d0962-3955-11ef-938c-157c9bc18a5f",NA,NA,1970,"10/24/1970","90dba58e-3960-11ef-a65c-9b08c5d4c173","away","TV Krefeld-Oppum 1894","THW Kiel",11,16,FALSE,0,NA,NA,0,0,0,NA,0,0,0,0,0,0,NA,NA,NA,NA,NA,NA,NA,NA,0,0,0,0,NA,NA,NA,NA,NA
"Dieter Patz","ca42d471-3955-11ef-a75d-157c9bc18a5f",NA,NA,1970,"10/24/1970","90dba58e-3960-11ef-a65c-9b08c5d4c173","away","TV Krefeld-Oppum 1894","THW Kiel",11,16,FALSE,0,NA,NA,0,0,0,NA,0,0,0,0,0,0,NA,NA,NA,NA,NA,NA,NA,NA,0,0,0,0,NA,NA,NA,NA,NA
"Robert Becker","ae8c50f9-3955-11ef-91c4-a36230ada079",NA,NA,1970,"10/24/1970","91b2c268-3960-11ef-9e25-9b08c5d4c173","home","TV Hochdorf","SpVgg 1887 Möhringen",15,17,FALSE,2,NA,NA,0,0,0,NA,0,0,0,0,0,0,NA,NA,NA,NA,NA,NA,NA,NA,0,0,0,0,NA,NA,NA,NA,NA
"Jürgen Hahn","ae947745-3955-11ef-bc54-a36230ada079",NA,NA,1970,"10/24/1970","91b2c268-3960-11ef-9e25-9b08c5d4c173","home","TV Hochdorf","SpVgg 1887 Möhringen",15,17,FALSE,3,NA,NA,0,0,0,NA,0,0,0,0,0,0,NA,NA,NA,NA,NA,NA,NA,NA,0,0,0,0,NA,NA,NA,NA,NA
"Wilfried Job","af3ed007-3955-11ef-9184-a36230ada079",NA,NA,1970,"10/24/1970","91b2c268-3960-11ef-9e25-9b08c5d4c173","home","TV Hochdorf","SpVgg 1887 Möhringen",15,17,FALSE,0,NA,NA,0,0,0,NA,0,0,0,0,0,0,NA,NA,NA,NA,NA,NA,NA,NA,0,0,0,0,NA,NA,NA,NA,NA
"Hans Stein","bde4861d-3955-11ef-a14e-ab397f561917",NA,NA,1970,"10/24/1970","91b2c268-3960-11ef-9e25-9b08c5d4c173","home","TV Hochdorf","SpVgg 1887 Möhringen",15,17,FALSE,1,NA,NA,0,0,0,NA,0,0,0,0,0,0,NA,NA,NA,NA,NA,NA,NA,NA,0,0,0,0,NA,NA,NA,NA,NA
"Edwin Hutter","c93080aa-3955-11ef-85b4-157c9bc18a5f",NA,NA,1970,"10/24/1970","91b2c268-3960-11ef-9e25-9b08c5d4c173","home","TV Hochdorf","SpVgg 1887 Möhringen",15,17,FALSE,0,NA,NA,0,0,0,NA,0,0,0,0,0,0,NA,NA,NA,NA,NA,NA,NA,NA,0,0,0,0,NA,NA,NA,NA,NA
"Werner Häfele","c9414487-3955-11ef-a5df-157c9bc18a5f",NA,NA,1970,"10/24/1970","91b2c268-3960-11ef-9e25-9b08c5d4c173","home","TV Hochdorf","SpVgg 1887 Möhringen",15,17,FALSE,4,NA,NA,0,0,3,NA,0,0,0,0,0,0,NA,NA,NA,NA,NA,NA,NA,NA,0,0,0,0,NA,NA,NA,NA,NA
"Willi Butz","c945a2f1-3955-11ef-8b53-157c9bc18a5f",NA,NA,1970,"10/24/1970","91b2c268-3960-11ef-9e25-9b08c5d4c173","home","TV Hochdorf","SpVgg 1887 Möhringen",15,17,FALSE,0,NA,NA,0,0,0,NA,0,0,0,0,0,0,NA,NA,NA,NA,NA,NA,NA,NA,0,0,0,0,NA,NA,NA,NA,NA
"Peter Frisch","c94a46b7-3955-11ef-8686-157c9bc18a5f",NA,NA,1970,"10/24/1970","91b2c268-3960-11ef-9e25-9b08c5d4c173","home","TV Hochdorf","SpVgg 1887 Möhringen",15,17,FALSE,1,NA,NA,0,0,0,NA,0,0,0,0,0,0,NA,NA,NA,NA,NA,NA,NA,NA,0,0,0,0,NA,NA,NA,NA,NA
"Werner Matill","c9539495-3955-11ef-9bff-157c9bc18a5f",NA,NA,1970,"10/24/1970","91b2c268-3960-11ef-9e25-9b08c5d4c173","home","TV Hochdorf","SpVgg 1887 Möhringen",15,17,FALSE,4,NA,NA,0,0,0,NA,0,0,0,0,0,0,NA,NA,NA,NA,NA,NA,NA,NA,0,0,0,0,NA,NA,NA,NA,NA
"Alois Ehmann","d286fca5-3955-11ef-a9e5-a36230ada079",NA,NA,1970,"10/24/1970","91b2c268-3960-11ef-9e25-9b08c5d4c173","home","TV Hochdorf","SpVgg 1887 Möhringen",15,17,FALSE,0,NA,NA,0,0,0,NA,0,0,0,0,0,0,NA,NA,NA,NA,NA,NA,NA,NA,0,0,0,0,NA,NA,NA,NA,NA
"Hermann Mäurle","a44f95e3-3955-11ef-b53d-2510cc07ea6e",NA,NA,1970,"10/24/1970","91b2c268-3960-11ef-9e25-9b08c5d4c173","away","SpVgg 1887 Möhringen","TV Hochdorf",17,15,TRUE,4,NA,NA,0,0,0,NA,0,0,0,0,0,0,NA,NA,NA,NA,NA,NA,NA,NA,0,0,0,0,NA,NA,NA,NA,NA
"Karl-Heinz Wolf","c8354cdd-3955-11ef-a1d6-157c9bc18a5f",NA,NA,1970,"10/24/1970","91b2c268-3960-11ef-9e25-9b08c5d4c173","away","SpVgg 1887 Möhringen","TV Hochdorf",17,15,TRUE,0,NA,NA,0,0,0,NA,0,0,0,0,0,0,NA,NA,NA,NA,NA,NA,NA,NA,0,0,0,0,NA,NA,NA,NA,NA
"Gerd-Volker Stock","c8397c3c-3955-11ef-af12-157c9bc18a5f",NA,NA,1970,"10/24/1970","91b2c268-3960-11ef-9e25-9b08c5d4c173","away","SpVgg 1887 Möhringen","TV Hochdorf",17,15,TRUE,1,NA,NA,0,0,0,NA,0,0,0,0,0,0,NA,NA,NA,NA,NA,NA,NA,NA,0,0,0,0,NA,NA,NA,NA,NA
"Dieter Schuh","c84c4c54-3955-11ef-9d35-157c9bc18a5f",NA,NA,1970,"10/24/1970","91b2c268-3960-11ef-9e25-9b08c5d4c173","away","SpVgg 1887 Möhringen","TV Hochdorf",17,15,TRUE,2,NA,NA,0,0,0,NA,0,0,0,0,0,0,NA,NA,NA,NA,NA,NA,NA,NA,0,0,0,0,NA,NA,NA,NA,NA
"Lothar Scheffel","c850996c-3955-11ef-94a7-157c9bc18a5f",NA,NA,1970,"10/24/1970","91b2c268-3960-11ef-9e25-9b08c5d4c173","away","SpVgg 1887 Möhringen","TV Hochdorf",17,15,TRUE,0,NA,NA,0,0,0,NA,0,0,0,0,0,0,NA,NA,NA,NA,NA,NA,NA,NA,0,0,0,0,NA,NA,NA,NA,NA
"Karl-Heinz Steinbach","c864fc61-3955-11ef-bc13-157c9bc18a5f",NA,NA,1970,"10/24/1970","91b2c268-3960-11ef-9e25-9b08c5d4c173","away","SpVgg 1887 Möhringen","TV Hochdorf",17,15,TRUE,2,NA,NA,0,0,0,NA,0,0,0,0,0,0,NA,NA,NA,NA,NA,NA,NA,NA,0,0,0,0,NA,NA,NA,NA,NA
"Wolfgang Schall","c869381d-3955-11ef-a2ed-157c9bc18a5f",NA,NA,1970,"10/24/1970","91b2c268-3960-11ef-9e25-9b08c5d4c173","away","SpVgg 1887 Möhringen","TV Hochdorf",17,15,TRUE,4,NA,NA,0,0,0,NA,0,0,0,0,0,0,NA,NA,NA,NA,NA,NA,NA,NA,0,0,0,0,NA,NA,NA,NA,NA
"Günter Heger","c9b80786-3955-11ef-80ae-157c9bc18a5f",NA,NA,1970,"10/24/1970","91b2c268-3960-11ef-9e25-9b08c5d4c173","away","SpVgg 1887 Möhringen","TV Hochdorf",17,15,TRUE,2,NA,NA,0,0,0,NA,0,0,0,0,0,0,NA,NA,NA,NA,NA,NA,NA,NA,0,0,0,0,NA,NA,NA,NA,NA
"Winfried Holtmann","d3270d6b-3955-11ef-8174-a36230ada079",NA,NA,1970,"10/24/1970","91b2c268-3960-11ef-9e25-9b08c5d4c173","away","SpVgg 1887 Möhringen","TV Hochdorf",17,15,TRUE,0,NA,NA,0,0,0,NA,0,0,0,0,0,0,NA,NA,NA,NA,NA,NA,NA,NA,0,0,0,0,NA,NA,NA,NA,NA
"Jens Schmitt","bb8d4110-3955-11ef-8fb2-ab397f561917",NA,NA,1970,"10/24/1970","989bbef1-3960-11ef-8c75-d3de5c174a65","home","S3L Handball","TSV Milbertshofen",17,17,FALSE,1,NA,NA,0,0,0,NA,0,0,0,0,0,0,NA,NA,NA,NA,NA,NA,NA,NA,0,0,0,0,NA,NA,NA,NA,NA
"Werner Pruscha","bb9c8e56-3955-11ef-ac18-ab397f561917",NA,NA,1970,"10/24/1970","989bbef1-3960-11ef-8c75-d3de5c174a65","home","S3L Handball","TSV Milbertshofen",17,17,FALSE,2,NA,NA,0,0,0,NA,0,0,0,0,0,0,NA,NA,NA,NA,NA,NA,NA,NA,0,0,0,0,NA,NA,NA,NA,NA
"Wolfhardt Bühler","bba2fc92-3955-11ef-a8d6-ab397f561917",NA,NA,1970,"10/24/1970","989bbef1-3960-11ef-8c75-d3de5c174a65","home","S3L Handball","TSV Milbertshofen",17,17,FALSE,3,NA,NA,0,0,1,NA,0,0,0,0,0,0,NA,NA,NA,NA,NA,NA,NA,NA,0,0,0,0,NA,NA,NA,NA,NA
"Wolfgang Ries","bba77d9e-3955-11ef-939a-ab397f561917",NA,NA,1970,"10/24/1970","989bbef1-3960-11ef-8c75-d3de5c174a65","home","S3L Handball","TSV Milbertshofen",17,17,FALSE,0,NA,NA,0,0,0,NA,0,0,0,0,0,0,NA,NA,NA,NA,NA,NA,NA,NA,0,0,0,0,NA,NA,NA,NA,NA
"Gerhard Schmidt","bd78314d-3955-11ef-8668-ab397f561917",NA,NA,1970,"10/24/1970","989bbef1-3960-11ef-8c75-d3de5c174a65","home","S3L Handball","TSV Milbertshofen",17,17,FALSE,0,NA,NA,0,0,0,NA,0,0,0,0,0,0,NA,NA,NA,NA,NA,NA,NA,NA,0,0,0,0,NA,NA,NA,NA,NA
"Herbert Hönnige","c7e7cc14-3955-11ef-af0e-157c9bc18a5f",NA,NA,1970,"10/24/1970","989bbef1-3960-11ef-8c75-d3de5c174a65","home","S3L Handball","TSV Milbertshofen",17,17,FALSE,7,NA,NA,0,0,1,NA,0,0,0,0,0,0,NA,NA,NA,NA,NA,NA,NA,NA,0,0,0,0,NA,NA,NA,NA,NA
"Jürgen Plambeck","c95d267b-3955-11ef-9a98-157c9bc18a5f",NA,NA,1970,"10/24/1970","989bbef1-3960-11ef-8c75-d3de5c174a65","home","S3L Handball","TSV Milbertshofen",17,17,FALSE,2,NA,NA,0,0,0,NA,0,0,0,0,0,0,NA,NA,NA,NA,NA,NA,NA,NA,0,0,0,0,NA,NA,NA,NA,NA
"Josef Hutter","c96148ae-3955-11ef-a005-157c9bc18a5f",NA,NA,1970,"10/24/1970","989bbef1-3960-11ef-8c75-d3de5c174a65","home","S3L Handball","TSV Milbertshofen",17,17,FALSE,2,NA,NA,0,0,1,NA,0,0,0,0,0,0,NA,NA,NA,NA,NA,NA,NA,NA,0,0,0,0,NA,NA,NA,NA,NA
"Rolf Seltner","c96574fc-3955-11ef-a37f-157c9bc18a5f",NA,NA,1970,"10/24/1970","989bbef1-3960-11ef-8c75-d3de5c174a65","home","S3L Handball","TSV Milbertshofen",17,17,FALSE,0,NA,NA,0,0,0,NA,0,0,0,0,0,0,NA,NA,NA,NA,NA,NA,NA,NA,0,0,0,0,NA,NA,NA,NA,NA
"Fritz Schulz","d2b139a8-3955-11ef-854a-a36230ada079",NA,NA,1970,"10/24/1970","989bbef1-3960-11ef-8c75-d3de5c174a65","home","S3L Handball","TSV Milbertshofen",17,17,FALSE,0,NA,NA,0,0,0,NA,0,0,0,0,0,0,NA,NA,NA,NA,NA,NA,NA,NA,0,0,0,0,NA,NA,NA,NA,NA
"Hans Moser","7e83ce46-3955-11ef-830d-b908c60af10a",NA,NA,1970,"10/24/1970","989bbef1-3960-11ef-8c75-d3de5c174a65","away","TSV Milbertshofen","S3L Handball",17,17,FALSE,3,NA,NA,0,0,0,NA,0,0,0,0,0,0,NA,NA,NA,NA,NA,NA,NA,NA,0,0,0,0,NA,NA,NA,NA,NA
"Gerhard Ochsenkühn","97259ed1-3955-11ef-96ca-292be3190b7b",NA,NA,1970,"10/24/1970","989bbef1-3960-11ef-8c75-d3de5c174a65","away","TSV Milbertshofen","S3L Handball",17,17,FALSE,2,NA,NA,0,0,0,NA,0,0,0,0,0,0,NA,NA,NA,NA,NA,NA,NA,NA,0,0,0,0,NA,NA,NA,NA,NA
"Ivan Uremović","9784bfff-3955-11ef-a0bf-292be3190b7b",NA,NA,1970,"10/24/1970","989bbef1-3960-11ef-8c75-d3de5c174a65","away","TSV Milbertshofen","S3L Handball",17,17,FALSE,0,NA,NA,0,0,0,NA,0,0,0,0,0,0,NA,NA,NA,NA,NA,NA,NA,NA,0,0,0,0,NA,NA,NA,NA,NA
"Helmut Schelchshorn","b1c960ef-3955-11ef-850b-a36230ada079",NA,NA,1970,"10/24/1970","989bbef1-3960-11ef-8c75-d3de5c174a65","away","TSV Milbertshofen","S3L Handball",17,17,FALSE,1,NA,NA,0,0,0,NA,0,0,0,0,0,0,NA,NA,NA,NA,NA,NA,NA,NA,0,0,0,0,NA,NA,NA,NA,NA
"Peter Feddern","bc1b1b3e-3955-11ef-9c4e-ab397f561917",NA,NA,1970,"10/24/1970","989bbef1-3960-11ef-8c75-d3de5c174a65","away","TSV Milbertshofen","S3L Handball",17,17,FALSE,3,NA,NA,0,0,0,NA,0,0,0,0,0,0,NA,NA,NA,NA,NA,NA,NA,NA,0,0,0,0,NA,NA,NA,NA,NA
"Anton Niggel","c6b807f5-3955-11ef-8bfd-157c9bc18a5f",NA,NA,1970,"10/24/1970","989bbef1-3960-11ef-8c75-d3de5c174a65","away","TSV Milbertshofen","S3L Handball",17,17,FALSE,2,NA,NA,0,0,0,NA,0,0,0,0,0,0,NA,NA,NA,NA,NA,NA,NA,NA,0,0,0,0,NA,NA,NA,NA,NA
"Volker Filipp","c6bca602-3955-11ef-8195-157c9bc18a5f",NA,NA,1970,"10/24/1970","989bbef1-3960-11ef-8c75-d3de5c174a65","away","TSV Milbertshofen","S3L Handball",17,17,FALSE,0,NA,NA,0,0,0,NA,0,0,0,0,0,0,NA,NA,NA,NA,NA,NA,NA,NA,0,0,0,0,NA,NA,NA,NA,NA
"Karl Donndorf","c821c668-3955-11ef-a20c-157c9bc18a5f",NA,NA,1970,"10/24/1970","989bbef1-3960-11ef-8c75-d3de5c174a65","away","TSV Milbertshofen","S3L Handball",17,17,FALSE,5,NA,NA,0,0,0,NA,0,0,0,0,0,0,NA,NA,NA,NA,NA,NA,NA,NA,0,0,0,0,NA,NA,NA,NA,NA
"Arnold Gaitzsch","c99ecd8f-3955-11ef-a93a-157c9bc18a5f",NA,NA,1970,"10/24/1970","989bbef1-3960-11ef-8c75-d3de5c174a65","away","TSV Milbertshofen","S3L Handball",17,17,FALSE,1,NA,NA,0,0,0,NA,0,0,0,0,0,0,NA,NA,NA,NA,NA,NA,NA,NA,0,0,0,0,NA,NA,NA,NA,NA
"Peter Pyrges","c9b28b8a-3955-11ef-9887-157c9bc18a5f",NA,NA,1970,"10/24/1970","989bbef1-3960-11ef-8c75-d3de5c174a65","away","TSV Milbertshofen","S3L Handball",17,17,FALSE,0,NA,NA,0,0,0,NA,0,0,0,0,0,0,NA,NA,NA,NA,NA,NA,NA,NA,0,0,0,0,NA,NA,NA,NA,NA
"Kurt Klühspies","5ac3e7d7-3955-11ef-b574-4fa817cd91bb",NA,NA,1970,"10/24/1970","995da5ee-3960-11ef-b8e9-d3de5c174a65","home","TV Großwallstadt","FRISCH AUF! Göppingen",19,12,TRUE,4,NA,NA,0,0,0,NA,0,0,0,0,0,0,NA,NA,NA,NA,NA,NA,NA,NA,0,0,0,0,NA,NA,NA,NA,NA
"Eckhardt Suffel","aeac0503-3955-11ef-88c6-a36230ada079",NA,NA,1970,"10/24/1970","995da5ee-3960-11ef-b8e9-d3de5c174a65","home","TV Großwallstadt","FRISCH AUF! Göppingen",19,12,TRUE,0,NA,NA,0,0,0,NA,0,0,0,0,0,0,NA,NA,NA,NA,NA,NA,NA,NA,0,0,0,0,NA,NA,NA,NA,NA
"Robert Schnabel","bbbd881a-3955-11ef-a181-ab397f561917",NA,NA,1970,"10/24/1970","995da5ee-3960-11ef-b8e9-d3de5c174a65","home","TV Großwallstadt","FRISCH AUF! Göppingen",19,12,TRUE,0,NA,NA,0,0,0,NA,0,0,0,0,0,0,NA,NA,NA,NA,NA,NA,NA,NA,0,0,0,0,NA,NA,NA,NA,NA
"Peter Kuß","bbc18adb-3955-11ef-a5f7-ab397f561917",NA,NA,1970,"10/24/1970","995da5ee-3960-11ef-b8e9-d3de5c174a65","home","TV Großwallstadt","FRISCH AUF! Göppingen",19,12,TRUE,3,NA,NA,0,0,0,NA,0,0,0,0,0,0,NA,NA,NA,NA,NA,NA,NA,NA,0,0,0,0,NA,NA,NA,NA,NA
"Rainer Oberle","be123408-3955-11ef-92a6-ab397f561917",NA,NA,1970,"10/24/1970","995da5ee-3960-11ef-b8e9-d3de5c174a65","home","TV Großwallstadt","FRISCH AUF! Göppingen",19,12,TRUE,5,NA,NA,0,0,0,NA,0,0,0,0,0,0,NA,NA,NA,NA,NA,NA,NA,NA,0,0,0,0,NA,NA,NA,NA,NA
"Hans-Joachim Herzig","c7ff4ec7-3955-11ef-a4ed-157c9bc18a5f",NA,NA,1970,"10/24/1970","995da5ee-3960-11ef-b8e9-d3de5c174a65","home","TV Großwallstadt","FRISCH AUF! Göppingen",19,12,TRUE,0,NA,NA,0,0,0,NA,0,0,0,0,0,0,NA,NA,NA,NA,NA,NA,NA,NA,0,0,0,0,NA,NA,NA,NA,NA
"Klaus Oberle","c96e13a5-3955-11ef-a68a-157c9bc18a5f",NA,NA,1970,"10/24/1970","995da5ee-3960-11ef-b8e9-d3de5c174a65","home","TV Großwallstadt","FRISCH AUF! Göppingen",19,12,TRUE,0,NA,NA,0,0,0,NA,0,0,0,0,0,0,NA,NA,NA,NA,NA,NA,NA,NA,0,0,0,0,NA,NA,NA,NA,NA
"Ludwig Hohm","c97b5499-3955-11ef-8cf3-157c9bc18a5f",NA,NA,1970,"10/24/1970","995da5ee-3960-11ef-b8e9-d3de5c174a65","home","TV Großwallstadt","FRISCH AUF! Göppingen",19,12,TRUE,0,NA,NA,0,0,0,NA,0,0,0,0,0,0,NA,NA,NA,NA,NA,NA,NA,NA,0,0,0,0,NA,NA,NA,NA,NA
"Erich Kolb","d2d1efef-3955-11ef-89e7-a36230ada079",NA,NA,1970,"10/24/1970","995da5ee-3960-11ef-b8e9-d3de5c174a65","home","TV Großwallstadt","FRISCH AUF! Göppingen",19,12,TRUE,3,NA,NA,0,0,0,NA,0,0,0,0,0,0,NA,NA,NA,NA,NA,NA,NA,NA,0,0,0,0,NA,NA,NA,NA,NA
"Peter Bucher","8e0071c9-3955-11ef-8ff8-81dc40648355",NA,NA,1970,"10/24/1970","995da5ee-3960-11ef-b8e9-d3de5c174a65","away","FRISCH AUF! Göppingen","TV Großwallstadt",12,19,FALSE,4,NA,NA,0,0,1,NA,0,0,0,0,0,0,NA,NA,NA,NA,NA,NA,NA,NA,0,0,0,0,NA,NA,NA,NA,NA
"Horst Singer","a30fd118-3955-11ef-9745-2510cc07ea6e",NA,NA,1970,"10/24/1970","995da5ee-3960-11ef-b8e9-d3de5c174a65","away","FRISCH AUF! Göppingen","TV Großwallstadt",12,19,FALSE,0,NA,NA,0,0,0,NA,0,0,0,0,0,0,NA,NA,NA,NA,NA,NA,NA,NA,0,0,0,0,NA,NA,NA,NA,NA
"Paul Epple","bc8167af-3955-11ef-8748-ab397f561917",NA,NA,1970,"10/24/1970","995da5ee-3960-11ef-b8e9-d3de5c174a65","away","FRISCH AUF! Göppingen","TV Großwallstadt",12,19,FALSE,2,NA,NA,0,0,0,NA,0,0,0,0,0,0,NA,NA,NA,NA,NA,NA,NA,NA,0,0,0,0,NA,NA,NA,NA,NA
"Walter Pflüger","bc85cdbc-3955-11ef-8e24-ab397f561917",NA,NA,1970,"10/24/1970","995da5ee-3960-11ef-b8e9-d3de5c174a65","away","FRISCH AUF! Göppingen","TV Großwallstadt",12,19,FALSE,1,NA,NA,0,0,0,NA,0,0,0,0,0,0,NA,NA,NA,NA,NA,NA,NA,NA,0,0,0,0,NA,NA,NA,NA,NA
"Werner Arndt","c71116e0-3955-11ef-85d3-157c9bc18a5f",NA,NA,1970,"10/24/1970","995da5ee-3960-11ef-b8e9-d3de5c174a65","away","FRISCH AUF! Göppingen","TV Großwallstadt",12,19,FALSE,0,NA,NA,0,0,0,NA,0,0,0,0,0,0,NA,NA,NA,NA,NA,NA,NA,NA,0,0,0,0,NA,NA,NA,NA,NA
"Christian Patzer","c715a1de-3955-11ef-bc54-157c9bc18a5f",NA,NA,1970,"10/24/1970","995da5ee-3960-11ef-b8e9-d3de5c174a65","away","FRISCH AUF! Göppingen","TV Großwallstadt",12,19,FALSE,2,NA,NA,0,0,0,NA,0,0,0,0,0,0,NA,NA,NA,NA,NA,NA,NA,NA,0,0,0,0,NA,NA,NA,NA,NA
"Armin Eisele","c9cc4c1b-3955-11ef-9f9f-157c9bc18a5f",NA,NA,1970,"10/24/1970","995da5ee-3960-11ef-b8e9-d3de5c174a65","away","FRISCH AUF! Göppingen","TV Großwallstadt",12,19,FALSE,2,NA,NA,0,0,0,NA,0,0,0,0,0,0,NA,NA,NA,NA,NA,NA,NA,NA,0,0,0,0,NA,NA,NA,NA,NA
"Anton Bayer","d357b837-3955-11ef-8b00-a36230ada079",NA,NA,1970,"10/24/1970","995da5ee-3960-11ef-b8e9-d3de5c174a65","away","FRISCH AUF! Göppingen","TV Großwallstadt",12,19,FALSE,1,NA,NA,0,0,0,NA,0,0,0,0,0,0,NA,NA,NA,NA,NA,NA,NA,NA,0,0,0,0,NA,NA,NA,NA,NA
"Klaus Cachay","d363e58b-3955-11ef-b333-a36230ada079",NA,NA,1970,"10/24/1970","995da5ee-3960-11ef-b8e9-d3de5c174a65","away","FRISCH AUF! Göppingen","TV Großwallstadt",12,19,FALSE,0,NA,NA,0,0,0,NA,0,0,0,0,0,0,NA,NA,NA,NA,NA,NA,NA,NA,0,0,0,0,NA,NA,NA,NA,NA
"Diethard Finkelmann","a60bdcf9-3955-11ef-bfa1-2510cc07ea6e",NA,NA,1970,"10/24/1970","9a2081d8-3960-11ef-8417-d3de5c174a65","home","Füchse Berlin","TSV 1896 Rintheim",14,12,TRUE,4,NA,NA,0,0,2,NA,0,0,0,0,0,0,NA,NA,NA,NA,NA,NA,NA,NA,0,0,0,0,NA,NA,NA,NA,NA
"Wolfgang Braun","b1a4c388-3955-11ef-92b7-a36230ada079",NA,NA,1970,"10/24/1970","9a2081d8-3960-11ef-8417-d3de5c174a65","home","Füchse Berlin","TSV 1896 Rintheim",14,12,TRUE,4,NA,NA,0,0,0,NA,0,0,0,0,0,0,NA,NA,NA,NA,NA,NA,NA,NA,0,0,0,0,NA,NA,NA,NA,NA
"Detlef Finkelmann","b1a8f927-3955-11ef-a009-a36230ada079",NA,NA,1970,"10/24/1970","9a2081d8-3960-11ef-8417-d3de5c174a65","home","Füchse Berlin","TSV 1896 Rintheim",14,12,TRUE,1,NA,NA,0,0,0,NA,0,0,0,0,0,0,NA,NA,NA,NA,NA,NA,NA,NA,0,0,0,0,NA,NA,NA,NA,NA
"Bernd Goerigk","b1b21b0c-3955-11ef-a303-a36230ada079",NA,NA,1970,"10/24/1970","9a2081d8-3960-11ef-8417-d3de5c174a65","home","Füchse Berlin","TSV 1896 Rintheim",14,12,TRUE,1,NA,NA,0,0,0,NA,0,0,0,0,0,0,NA,NA,NA,NA,NA,NA,NA,NA,0,0,0,0,NA,NA,NA,NA,NA
"Lutz Loewke","b1b73b08-3955-11ef-b76a-a36230ada079",NA,NA,1970,"10/24/1970","9a2081d8-3960-11ef-8417-d3de5c174a65","home","Füchse Berlin","TSV 1896 Rintheim",14,12,TRUE,0,NA,NA,0,0,0,NA,0,0,0,0,0,0,NA,NA,NA,NA,NA,NA,NA,NA,0,0,0,0,NA,NA,NA,NA,NA
"Sigmar Artelt","bdbc9392-3955-11ef-a3be-ab397f561917",NA,NA,1970,"10/24/1970","9a2081d8-3960-11ef-8417-d3de5c174a65","home","Füchse Berlin","TSV 1896 Rintheim",14,12,TRUE,2,NA,NA,0,0,0,NA,0,0,0,0,0,0,NA,NA,NA,NA,NA,NA,NA,NA,0,0,0,0,NA,NA,NA,NA,NA
"Henry Johannes","bdc98fce-3955-11ef-9f6e-ab397f561917",NA,NA,1970,"10/24/1970","9a2081d8-3960-11ef-8417-d3de5c174a65","home","Füchse Berlin","TSV 1896 Rintheim",14,12,TRUE,1,NA,NA,0,0,0,NA,0,0,0,0,0,0,NA,NA,NA,NA,NA,NA,NA,NA,0,0,0,0,NA,NA,NA,NA,NA
"Klaus-Dieter Guse","bdd76769-3955-11ef-97dc-ab397f561917",NA,NA,1970,"10/24/1970","9a2081d8-3960-11ef-8417-d3de5c174a65","home","Füchse Berlin","TSV 1896 Rintheim",14,12,TRUE,0,NA,NA,0,0,0,NA,0,0,0,0,0,0,NA,NA,NA,NA,NA,NA,NA,NA,0,0,0,0,NA,NA,NA,NA,NA
"Bernd Schäpe","d2d71288-3955-11ef-9959-a36230ada079",NA,NA,1970,"10/24/1970","9a2081d8-3960-11ef-8417-d3de5c174a65","home","Füchse Berlin","TSV 1896 Rintheim",14,12,TRUE,0,NA,NA,0,0,0,NA,0,0,0,0,0,0,NA,NA,NA,NA,NA,NA,NA,NA,0,0,0,0,NA,NA,NA,NA,NA
"Manfred Jeka","d2e0100c-3955-11ef-a53c-a36230ada079",NA,NA,1970,"10/24/1970","9a2081d8-3960-11ef-8417-d3de5c174a65","home","Füchse Berlin","TSV 1896 Rintheim",14,12,TRUE,0,NA,NA,0,0,0,NA,0,0,0,0,0,0,NA,NA,NA,NA,NA,NA,NA,NA,0,0,0,0,NA,NA,NA,NA,NA
"Bernd Redlich","d2e474a6-3955-11ef-a804-a36230ada079",NA,NA,1970,"10/24/1970","9a2081d8-3960-11ef-8417-d3de5c174a65","home","Füchse Berlin","TSV 1896 Rintheim",14,12,TRUE,0,NA,NA,0,0,0,NA,0,0,0,0,0,0,NA,NA,NA,NA,NA,NA,NA,NA,0,0,0,0,NA,NA,NA,NA,NA
"Thomas Micheli","d2e8bde0-3955-11ef-8c04-a36230ada079",NA,NA,1970,"10/24/1970","9a2081d8-3960-11ef-8417-d3de5c174a65","home","Füchse Berlin","TSV 1896 Rintheim",14,12,TRUE,1,NA,NA,0,0,0,NA,0,0,0,0,0,0,NA,NA,NA,NA,NA,NA,NA,NA,0,0,0,0,NA,NA,NA,NA,NA
"Wolf-Dieter Nagel","8d41486b-3955-11ef-8d22-81dc40648355",NA,NA,1970,"10/24/1970","9a2081d8-3960-11ef-8417-d3de5c174a65","away","TSV 1896 Rintheim","Füchse Berlin",12,14,FALSE,3,NA,NA,0,0,0,NA,0,0,0,0,0,0,NA,NA,NA,NA,NA,NA,NA,NA,0,0,0,0,NA,NA,NA,NA,NA
"Hartmut Bressmer","97fa9b74-3955-11ef-ba4c-292be3190b7b",NA,NA,1970,"10/24/1970","9a2081d8-3960-11ef-8417-d3de5c174a65","away","TSV 1896 Rintheim","Füchse Berlin",12,14,FALSE,0,NA,NA,0,0,0,NA,0,0,0,0,0,0,NA,NA,NA,NA,NA,NA,NA,NA,0,0,0,0,NA,NA,NA,NA,NA
"Franz Bechler","98035d7e-3955-11ef-8b94-292be3190b7b",NA,NA,1970,"10/24/1970","9a2081d8-3960-11ef-8417-d3de5c174a65","away","TSV 1896 Rintheim","Füchse Berlin",12,14,FALSE,0,NA,NA,0,0,0,NA,0,0,0,0,0,0,NA,NA,NA,NA,NA,NA,NA,NA,0,0,0,0,NA,NA,NA,NA,NA
"Bernd Seibel","bc6670d9-3955-11ef-b849-ab397f561917",NA,NA,1970,"10/24/1970","9a2081d8-3960-11ef-8417-d3de5c174a65","away","TSV 1896 Rintheim","Füchse Berlin",12,14,FALSE,0,NA,NA,0,0,0,NA,0,0,0,0,0,0,NA,NA,NA,NA,NA,NA,NA,NA,0,0,0,0,NA,NA,NA,NA,NA
"Wolfgang Dillenberger","bc6a40c8-3955-11ef-8c9f-ab397f561917",NA,NA,1970,"10/24/1970","9a2081d8-3960-11ef-8417-d3de5c174a65","away","TSV 1896 Rintheim","Füchse Berlin",12,14,FALSE,3,NA,NA,0,0,0,NA,0,0,0,0,0,0,NA,NA,NA,NA,NA,NA,NA,NA,0,0,0,0,NA,NA,NA,NA,NA
"Roland Schubach","c8722d8e-3955-11ef-b351-157c9bc18a5f",NA,NA,1970,"10/24/1970","9a2081d8-3960-11ef-8417-d3de5c174a65","away","TSV 1896 Rintheim","Füchse Berlin",12,14,FALSE,0,NA,NA,0,0,0,NA,0,0,0,0,0,0,NA,NA,NA,NA,NA,NA,NA,NA,0,0,0,0,NA,NA,NA,NA,NA
"Siegfried Brabec","c87758a1-3955-11ef-9dbd-157c9bc18a5f",NA,NA,1970,"10/24/1970","9a2081d8-3960-11ef-8417-d3de5c174a65","away","TSV 1896 Rintheim","Füchse Berlin",12,14,FALSE,0,NA,NA,0,0,0,NA,0,0,0,0,0,0,NA,NA,NA,NA,NA,NA,NA,NA,0,0,0,0,NA,NA,NA,NA,NA
"Josef Bechler","c88a53f3-3955-11ef-bd99-157c9bc18a5f",NA,NA,1970,"10/24/1970","9a2081d8-3960-11ef-8417-d3de5c174a65","away","TSV 1896 Rintheim","Füchse Berlin",12,14,FALSE,1,NA,NA,0,0,0,NA,0,0,0,0,0,0,NA,NA,NA,NA,NA,NA,NA,NA,0,0,0,0,NA,NA,NA,NA,NA
"Fritz Schmidt","d32be773-3955-11ef-b19f-a36230ada079",NA,NA,1970,"10/24/1970","9a2081d8-3960-11ef-8417-d3de5c174a65","away","TSV 1896 Rintheim","Füchse Berlin",12,14,FALSE,0,NA,NA,0,0,0,NA,0,0,0,0,0,0,NA,NA,NA,NA,NA,NA,NA,NA,0,0,0,0,NA,NA,NA,NA,NA
"Winfried Gaus","d33d97ff-3955-11ef-adfc-a36230ada079",NA,NA,1970,"10/24/1970","9a2081d8-3960-11ef-8417-d3de5c174a65","away","TSV 1896 Rintheim","Füchse Berlin",12,14,FALSE,1,NA,NA,0,0,0,NA,0,0,0,0,0,0,NA,NA,NA,NA,NA,NA,NA,NA,0,0,0,0,NA,NA,NA,NA,NA
"Jürgen Klatt","d347e8de-3955-11ef-a056-a36230ada079",NA,NA,1970,"10/24/1970","9a2081d8-3960-11ef-8417-d3de5c174a65","away","TSV 1896 Rintheim","Füchse Berlin",12,14,FALSE,4,NA,NA,0,0,0,NA,0,0,0,0,0,0,NA,NA,NA,NA,NA,NA,NA,NA,0,0,0,0,NA,NA,NA,NA,NA
"Karl-Heinz Schulz","72847241-3955-11ef-8bd4-51fdf2a82730",NA,NA,1970,"10/25/1970","8e11ff1d-3960-11ef-9bd2-9b08c5d4c173","home","TuS 05 Wellinghofen","VfL Gummersbach",17,13,TRUE,2,NA,NA,0,0,0,NA,0,0,0,0,0,0,NA,NA,NA,NA,NA,NA,NA,NA,0,0,0,0,NA,NA,NA,NA,NA
"Heiner Möller","8d7571e4-3955-11ef-b1d3-81dc40648355",NA,NA,1970,"10/25/1970","8e11ff1d-3960-11ef-9bd2-9b08c5d4c173","home","TuS 05 Wellinghofen","VfL Gummersbach",17,13,TRUE,3,NA,NA,0,0,0,NA,0,0,0,0,0,0,NA,NA,NA,NA,NA,NA,NA,NA,0,0,0,0,NA,NA,NA,NA,NA
"Hans-Peter Neuhaus","8d9d3887-3955-11ef-80a3-81dc40648355",NA,NA,1970,"10/25/1970","8e11ff1d-3960-11ef-9bd2-9b08c5d4c173","home","TuS 05 Wellinghofen","VfL Gummersbach",17,13,TRUE,2,NA,NA,0,0,2,NA,0,0,0,0,0,0,NA,NA,NA,NA,NA,NA,NA,NA,0,0,0,0,NA,NA,NA,NA,NA
"Rainer Gosewinkel","a4d61156-3955-11ef-8406-2510cc07ea6e",NA,NA,1970,"10/25/1970","8e11ff1d-3960-11ef-9bd2-9b08c5d4c173","home","TuS 05 Wellinghofen","VfL Gummersbach",17,13,TRUE,5,NA,NA,0,0,0,NA,0,0,0,0,0,0,NA,NA,NA,NA,NA,NA,NA,NA,0,0,0,0,NA,NA,NA,NA,NA
"Klaus Erwe","a4f54a19-3955-11ef-b48a-2510cc07ea6e",NA,NA,1970,"10/25/1970","8e11ff1d-3960-11ef-9bd2-9b08c5d4c173","home","TuS 05 Wellinghofen","VfL Gummersbach",17,13,TRUE,0,NA,NA,0,0,0,NA,0,0,0,0,0,0,NA,NA,NA,NA,NA,NA,NA,NA,0,0,0,0,NA,NA,NA,NA,NA
"Burkhard Gröning","a52c6e4f-3955-11ef-a576-2510cc07ea6e",NA,NA,1970,"10/25/1970","8e11ff1d-3960-11ef-9bd2-9b08c5d4c173","home","TuS 05 Wellinghofen","VfL Gummersbach",17,13,TRUE,4,NA,NA,0,0,0,NA,0,0,0,0,0,0,NA,NA,NA,NA,NA,NA,NA,NA,0,0,0,0,NA,NA,NA,NA,NA
"Klaus Tiews","a531838f-3955-11ef-8e99-2510cc07ea6e",NA,NA,1970,"10/25/1970","8e11ff1d-3960-11ef-9bd2-9b08c5d4c173","home","TuS 05 Wellinghofen","VfL Gummersbach",17,13,TRUE,1,NA,NA,0,0,0,NA,0,0,0,0,0,0,NA,NA,NA,NA,NA,NA,NA,NA,0,0,0,0,NA,NA,NA,NA,NA
"Hans-Jürgen Sengera","ba7fae8e-3955-11ef-80e4-ab397f561917",NA,NA,1970,"10/25/1970","8e11ff1d-3960-11ef-9bd2-9b08c5d4c173","home","TuS 05 Wellinghofen","VfL Gummersbach",17,13,TRUE,0,NA,NA,0,0,0,NA,0,0,0,0,0,0,NA,NA,NA,NA,NA,NA,NA,NA,0,0,0,0,NA,NA,NA,NA,NA
"Ulrich Thubeauville","c76555ef-3955-11ef-9f3a-157c9bc18a5f",NA,NA,1970,"10/25/1970","8e11ff1d-3960-11ef-9bd2-9b08c5d4c173","home","TuS 05 Wellinghofen","VfL Gummersbach",17,13,TRUE,0,NA,NA,0,0,0,NA,0,0,0,0,0,0,NA,NA,NA,NA,NA,NA,NA,NA,0,0,0,0,NA,NA,NA,NA,NA
"Burkhardt Eckardt","c76d08cb-3955-11ef-8fa7-157c9bc18a5f",NA,NA,1970,"10/25/1970","8e11ff1d-3960-11ef-9bd2-9b08c5d4c173","home","TuS 05 Wellinghofen","VfL Gummersbach",17,13,TRUE,0,NA,NA,0,0,0,NA,0,0,0,0,0,0,NA,NA,NA,NA,NA,NA,NA,NA,0,0,0,0,NA,NA,NA,NA,NA
"Gerd Thiele","c9f7a8d5-3955-11ef-93d4-157c9bc18a5f",NA,NA,1970,"10/25/1970","8e11ff1d-3960-11ef-9bd2-9b08c5d4c173","home","TuS 05 Wellinghofen","VfL Gummersbach",17,13,TRUE,0,NA,NA,0,0,0,NA,0,0,0,0,0,0,NA,NA,NA,NA,NA,NA,NA,NA,0,0,0,0,NA,NA,NA,NA,NA
"Klaus Brand","51394441-3955-11ef-8fab-6d38c0425bc0",NA,NA,1970,"10/25/1970","8e11ff1d-3960-11ef-9bd2-9b08c5d4c173","away","VfL Gummersbach","TuS 05 Wellinghofen",13,17,FALSE,0,NA,NA,0,0,0,NA,0,0,0,0,0,0,NA,NA,NA,NA,NA,NA,NA,NA,0,0,0,0,NA,NA,NA,NA,NA
"Klaus Westebbe","8c58f63a-3955-11ef-b65e-81dc40648355",NA,NA,1970,"10/25/1970","8e11ff1d-3960-11ef-9bd2-9b08c5d4c173","away","VfL Gummersbach","TuS 05 Wellinghofen",13,17,FALSE,2,NA,NA,0,0,0,NA,0,0,0,0,0,0,NA,NA,NA,NA,NA,NA,NA,NA,0,0,0,0,NA,NA,NA,NA,NA
"Klaus Kater","8da1f6ef-3955-11ef-b31a-81dc40648355",NA,NA,1970,"10/25/1970","8e11ff1d-3960-11ef-9bd2-9b08c5d4c173","away","VfL Gummersbach","TuS 05 Wellinghofen",13,17,FALSE,0,NA,NA,0,0,0,NA,0,0,0,0,0,0,NA,NA,NA,NA,NA,NA,NA,NA,0,0,0,0,NA,NA,NA,NA,NA
"Werner Winkelmeier","9712104e-3955-11ef-9613-292be3190b7b",NA,NA,1970,"10/25/1970","8e11ff1d-3960-11ef-9bd2-9b08c5d4c173","away","VfL Gummersbach","TuS 05 Wellinghofen",13,17,FALSE,0,NA,NA,0,0,0,NA,0,0,0,0,0,0,NA,NA,NA,NA,NA,NA,NA,NA,0,0,0,0,NA,NA,NA,NA,NA
"Ralf Hamann","a28aa62f-3955-11ef-9677-2510cc07ea6e",NA,NA,1970,"10/25/1970","8e11ff1d-3960-11ef-9bd2-9b08c5d4c173","away","VfL Gummersbach","TuS 05 Wellinghofen",13,17,FALSE,0,NA,NA,0,0,0,NA,0,0,0,0,0,0,NA,NA,NA,NA,NA,NA,NA,NA,0,0,0,0,NA,NA,NA,NA,NA
"Jochen Feldhoff","a32751a5-3955-11ef-badf-2510cc07ea6e",NA,NA,1970,"10/25/1970","8e11ff1d-3960-11ef-9bd2-9b08c5d4c173","away","VfL Gummersbach","TuS 05 Wellinghofen",13,17,FALSE,1,NA,NA,0,0,0,NA,0,0,0,0,0,0,NA,NA,NA,NA,NA,NA,NA,NA,0,0,0,0,NA,NA,NA,NA,NA
"Helmut Keller","ae2fb2ba-3955-11ef-b38f-a36230ada079",NA,NA,1970,"10/25/1970","8e11ff1d-3960-11ef-9bd2-9b08c5d4c173","away","VfL Gummersbach","TuS 05 Wellinghofen",13,17,FALSE,0,NA,NA,0,0,0,NA,0,0,0,0,0,0,NA,NA,NA,NA,NA,NA,NA,NA,0,0,0,0,NA,NA,NA,NA,NA
"Hans-Günther Schmidt","aff5702f-3955-11ef-9878-a36230ada079",NA,NA,1970,"10/25/1970","8e11ff1d-3960-11ef-9bd2-9b08c5d4c173","away","VfL Gummersbach","TuS 05 Wellinghofen",13,17,FALSE,2,NA,NA,0,0,0,NA,0,0,0,0,0,0,NA,NA,NA,NA,NA,NA,NA,NA,0,0,0,0,NA,NA,NA,NA,NA
"Uwe Braunschweig","ba4aaa94-3955-11ef-be97-ab397f561917",NA,NA,1970,"10/25/1970","8e11ff1d-3960-11ef-9bd2-9b08c5d4c173","away","VfL Gummersbach","TuS 05 Wellinghofen",13,17,FALSE,0,NA,NA,0,0,0,NA,0,0,0,0,0,0,NA,NA,NA,NA,NA,NA,NA,NA,0,0,0,0,NA,NA,NA,NA,NA
"Helmut Kosmehl","bc7d7cdd-3955-11ef-a338-ab397f561917",NA,NA,1970,"10/25/1970","8e11ff1d-3960-11ef-9bd2-9b08c5d4c173","away","VfL Gummersbach","TuS 05 Wellinghofen",13,17,FALSE,3,NA,NA,0,0,1,NA,0,0,0,0,0,0,NA,NA,NA,NA,NA,NA,NA,NA,0,0,0,0,NA,NA,NA,NA,NA
"Hans-Gerd Bölter","c9d03ce3-3955-11ef-bae3-157c9bc18a5f",NA,NA,1970,"10/25/1970","8e11ff1d-3960-11ef-9bd2-9b08c5d4c173","away","VfL Gummersbach","TuS 05 Wellinghofen",13,17,FALSE,4,NA,NA,0,0,0,NA,0,0,0,0,0,0,NA,NA,NA,NA,NA,NA,NA,NA,0,0,0,0,NA,NA,NA,NA,NA
"Rainer Lingelbach","c9d44f37-3955-11ef-a323-157c9bc18a5f",NA,NA,1970,"10/25/1970","8e11ff1d-3960-11ef-9bd2-9b08c5d4c173","away","VfL Gummersbach","TuS 05 Wellinghofen",13,17,FALSE,1,NA,NA,0,0,0,NA,0,0,0,0,0,0,NA,NA,NA,NA,NA,NA,NA,NA,0,0,0,0,NA,NA,NA,NA,NA
"Hans-Jürgen Bode","b011e6da-3955-11ef-8205-a36230ada079",NA,NA,1970,"10/25/1970","8fde3b86-3960-11ef-886f-9b08c5d4c173","home","Hamburger SV","SC Phönix Essen 1920",18,10,TRUE,0,NA,NA,0,0,0,NA,0,0,0,0,0,0,NA,NA,NA,NA,NA,NA,NA,NA,0,0,0,0,NA,NA,NA,NA,NA
"Herbert Niemeier","b0163f16-3955-11ef-ae9e-a36230ada079",NA,NA,1970,"10/25/1970","8fde3b86-3960-11ef-886f-9b08c5d4c173","home","Hamburger SV","SC Phönix Essen 1920",18,10,TRUE,3,NA,NA,0,0,0,NA,0,0,0,0,0,0,NA,NA,NA,NA,NA,NA,NA,NA,0,0,0,0,NA,NA,NA,NA,NA
"Rainer Witt","b02adaad-3955-11ef-b8c4-a36230ada079",NA,NA,1970,"10/25/1970","8fde3b86-3960-11ef-886f-9b08c5d4c173","home","Hamburger SV","SC Phönix Essen 1920",18,10,TRUE,1,NA,NA,0,0,0,NA,0,0,0,0,0,0,NA,NA,NA,NA,NA,NA,NA,NA,0,0,0,0,NA,NA,NA,NA,NA
"Jens Ivers","b02f4aea-3955-11ef-801e-a36230ada079",NA,NA,1970,"10/25/1970","8fde3b86-3960-11ef-886f-9b08c5d4c173","home","Hamburger SV","SC Phönix Essen 1920",18,10,TRUE,1,NA,NA,0,0,0,NA,0,0,0,0,0,0,NA,NA,NA,NA,NA,NA,NA,NA,0,0,0,0,NA,NA,NA,NA,NA
"Hans-Joachim Beißel","b0341bcb-3955-11ef-9e08-a36230ada079",NA,NA,1970,"10/25/1970","8fde3b86-3960-11ef-886f-9b08c5d4c173","home","Hamburger SV","SC Phönix Essen 1920",18,10,TRUE,1,NA,NA,0,0,0,NA,0,0,0,0,0,0,NA,NA,NA,NA,NA,NA,NA,NA,0,0,0,0,NA,NA,NA,NA,NA
"Norbert Germer","b03f8101-3955-11ef-8945-a36230ada079",NA,NA,1970,"10/25/1970","8fde3b86-3960-11ef-886f-9b08c5d4c173","home","Hamburger SV","SC Phönix Essen 1920",18,10,TRUE,1,NA,NA,0,0,0,NA,0,0,0,0,0,0,NA,NA,NA,NA,NA,NA,NA,NA,0,0,0,0,NA,NA,NA,NA,NA
"Siegfried Berg","b10d3ec3-3955-11ef-8a30-a36230ada079",NA,NA,1970,"10/25/1970","8fde3b86-3960-11ef-886f-9b08c5d4c173","home","Hamburger SV","SC Phönix Essen 1920",18,10,TRUE,3,NA,NA,0,0,0,NA,0,0,0,0,0,0,NA,NA,NA,NA,NA,NA,NA,NA,0,0,0,0,NA,NA,NA,NA,NA
"Bernd Heiden","baf62966-3955-11ef-b7e1-ab397f561917",NA,NA,1970,"10/25/1970","8fde3b86-3960-11ef-886f-9b08c5d4c173","home","Hamburger SV","SC Phönix Essen 1920",18,10,TRUE,1,NA,NA,0,0,0,NA,0,0,0,0,0,0,NA,NA,NA,NA,NA,NA,NA,NA,0,0,0,0,NA,NA,NA,NA,NA
"Klaus Lange","bafb51f3-3955-11ef-9864-ab397f561917",NA,NA,1970,"10/25/1970","8fde3b86-3960-11ef-886f-9b08c5d4c173","home","Hamburger SV","SC Phönix Essen 1920",18,10,TRUE,6,NA,NA,0,0,2,NA,0,0,0,0,0,0,NA,NA,NA,NA,NA,NA,NA,NA,0,0,0,0,NA,NA,NA,NA,NA
"Rüdiger Heß","bd122db8-3955-11ef-9b21-ab397f561917",NA,NA,1970,"10/25/1970","8fde3b86-3960-11ef-886f-9b08c5d4c173","home","Hamburger SV","SC Phönix Essen 1920",18,10,TRUE,1,NA,NA,0,0,0,NA,0,0,0,0,0,0,NA,NA,NA,NA,NA,NA,NA,NA,0,0,0,0,NA,NA,NA,NA,NA
"Katsuhiko Chikamori","c9e81f92-3955-11ef-87d2-157c9bc18a5f",NA,NA,1970,"10/25/1970","8fde3b86-3960-11ef-886f-9b08c5d4c173","home","Hamburger SV","SC Phönix Essen 1920",18,10,TRUE,0,NA,NA,0,0,0,NA,0,0,0,0,0,0,NA,NA,NA,NA,NA,NA,NA,NA,0,0,0,0,NA,NA,NA,NA,NA
"Werner Kühn","a5a83923-3955-11ef-abc5-2510cc07ea6e",NA,NA,1970,"10/25/1970","8fde3b86-3960-11ef-886f-9b08c5d4c173","away","SC Phönix Essen 1920","Hamburger SV",10,18,FALSE,0,NA,NA,0,0,0,NA,0,0,0,0,0,0,NA,NA,NA,NA,NA,NA,NA,NA,0,0,0,0,NA,NA,NA,NA,NA
"Heinz Oberscheidt","a5ae94f2-3955-11ef-91fc-2510cc07ea6e",NA,NA,1970,"10/25/1970","8fde3b86-3960-11ef-886f-9b08c5d4c173","away","SC Phönix Essen 1920","Hamburger SV",10,18,FALSE,0,NA,NA,0,0,0,NA,0,0,0,0,0,0,NA,NA,NA,NA,NA,NA,NA,NA,0,0,0,0,NA,NA,NA,NA,NA
"Norbert Meister","a610e086-3955-11ef-bf85-2510cc07ea6e",NA,NA,1970,"10/25/1970","8fde3b86-3960-11ef-886f-9b08c5d4c173","away","SC Phönix Essen 1920","Hamburger SV",10,18,FALSE,0,NA,NA,0,0,0,NA,0,0,0,0,0,0,NA,NA,NA,NA,NA,NA,NA,NA,0,0,0,0,NA,NA,NA,NA,NA
"Rüdiger Hillebrand","b0c11a9c-3955-11ef-bf0d-a36230ada079",NA,NA,1970,"10/25/1970","8fde3b86-3960-11ef-886f-9b08c5d4c173","away","SC Phönix Essen 1920","Hamburger SV",10,18,FALSE,0,NA,NA,0,0,0,NA,0,0,0,0,0,0,NA,NA,NA,NA,NA,NA,NA,NA,0,0,0,0,NA,NA,NA,NA,NA
"Bernd Tolksdorf","bae02284-3955-11ef-b577-ab397f561917",NA,NA,1970,"10/25/1970","8fde3b86-3960-11ef-886f-9b08c5d4c173","away","SC Phönix Essen 1920","Hamburger SV",10,18,FALSE,0,NA,NA,0,0,0,NA,0,0,0,0,0,0,NA,NA,NA,NA,NA,NA,NA,NA,0,0,0,0,NA,NA,NA,NA,NA
"Klaus Kirschner","bae43a44-3955-11ef-ae7c-ab397f561917",NA,NA,1970,"10/25/1970","8fde3b86-3960-11ef-886f-9b08c5d4c173","away","SC Phönix Essen 1920","Hamburger SV",10,18,FALSE,0,NA,NA,0,0,0,NA,0,0,0,0,0,0,NA,NA,NA,NA,NA,NA,NA,NA,0,0,0,0,NA,NA,NA,NA,NA
"Marinko Andrić","bae9ac2f-3955-11ef-863e-ab397f561917",NA,NA,1970,"10/25/1970","8fde3b86-3960-11ef-886f-9b08c5d4c173","away","SC Phönix Essen 1920","Hamburger SV",10,18,FALSE,0,NA,NA,0,0,0,NA,0,0,0,0,0,0,NA,NA,NA,NA,NA,NA,NA,NA,0,0,0,0,NA,NA,NA,NA,NA
"Michael Hattig","bd52f5b1-3955-11ef-ba0c-ab397f561917",NA,NA,1970,"10/25/1970","8fde3b86-3960-11ef-886f-9b08c5d4c173","away","SC Phönix Essen 1920","Hamburger SV",10,18,FALSE,6,NA,NA,0,0,0,NA,0,0,0,0,0,0,NA,NA,NA,NA,NA,NA,NA,NA,0,0,0,0,NA,NA,NA,NA,NA
"Andrija Kotlas","bde016f5-3955-11ef-b96c-ab397f561917",NA,NA,1970,"10/25/1970","8fde3b86-3960-11ef-886f-9b08c5d4c173","away","SC Phönix Essen 1920","Hamburger SV",10,18,FALSE,2,NA,NA,0,0,0,NA,0,0,0,0,0,0,NA,NA,NA,NA,NA,NA,NA,NA,0,0,0,0,NA,NA,NA,NA,NA
"Carl-Bernd Behler","c79d213f-3955-11ef-a773-157c9bc18a5f",NA,NA,1970,"10/25/1970","8fde3b86-3960-11ef-886f-9b08c5d4c173","away","SC Phönix Essen 1920","Hamburger SV",10,18,FALSE,0,NA,NA,0,0,0,NA,0,0,0,0,0,0,NA,NA,NA,NA,NA,NA,NA,NA,0,0,0,0,NA,NA,NA,NA,NA
"Ernst Weise","c90cdba3-3955-11ef-b068-157c9bc18a5f",NA,NA,1970,"10/25/1970","8fde3b86-3960-11ef-886f-9b08c5d4c173","away","SC Phönix Essen 1920","Hamburger SV",10,18,FALSE,2,NA,NA,0,0,0,NA,0,0,0,0,0,0,NA,NA,NA,NA,NA,NA,NA,NA,0,0,0,0,NA,NA,NA,NA,NA
"Wolf-Dieter Nagel","8d41486b-3955-11ef-8d22-81dc40648355",NA,NA,1970,"10/30/1970","9af46799-3960-11ef-9400-d3de5c174a65","home","TSV 1896 Rintheim","SpVgg 1887 Möhringen",16,12,TRUE,6,NA,NA,0,0,1,NA,0,0,0,0,0,0,NA,NA,NA,NA,NA,NA,NA,NA,0,0,0,0,NA,NA,NA,NA,NA
"Bernd Seibel","bc6670d9-3955-11ef-b849-ab397f561917",NA,NA,1970,"10/30/1970","9af46799-3960-11ef-9400-d3de5c174a65","home","TSV 1896 Rintheim","SpVgg 1887 Möhringen",16,12,TRUE,0,NA,NA,0,0,0,NA,0,0,0,0,0,0,NA,NA,NA,NA,NA,NA,NA,NA,0,0,0,0,NA,NA,NA,NA,NA
"Wolfgang Dillenberger","bc6a40c8-3955-11ef-8c9f-ab397f561917",NA,NA,1970,"10/30/1970","9af46799-3960-11ef-9400-d3de5c174a65","home","TSV 1896 Rintheim","SpVgg 1887 Möhringen",16,12,TRUE,2,NA,NA,0,0,0,NA,0,0,0,0,0,0,NA,NA,NA,NA,NA,NA,NA,NA,0,0,0,0,NA,NA,NA,NA,NA
"Roland Schubach","c8722d8e-3955-11ef-b351-157c9bc18a5f",NA,NA,1970,"10/30/1970","9af46799-3960-11ef-9400-d3de5c174a65","home","TSV 1896 Rintheim","SpVgg 1887 Möhringen",16,12,TRUE,0,NA,NA,0,0,0,NA,0,0,0,0,0,0,NA,NA,NA,NA,NA,NA,NA,NA,0,0,0,0,NA,NA,NA,NA,NA
"Siegfried Brabec","c87758a1-3955-11ef-9dbd-157c9bc18a5f",NA,NA,1970,"10/30/1970","9af46799-3960-11ef-9400-d3de5c174a65","home","TSV 1896 Rintheim","SpVgg 1887 Möhringen",16,12,TRUE,2,NA,NA,0,0,0,NA,0,0,0,0,0,0,NA,NA,NA,NA,NA,NA,NA,NA,0,0,0,0,NA,NA,NA,NA,NA
"Josef Bechler","c88a53f3-3955-11ef-bd99-157c9bc18a5f",NA,NA,1970,"10/30/1970","9af46799-3960-11ef-9400-d3de5c174a65","home","TSV 1896 Rintheim","SpVgg 1887 Möhringen",16,12,TRUE,3,NA,NA,0,0,0,NA,0,0,0,0,0,0,NA,NA,NA,NA,NA,NA,NA,NA,0,0,0,0,NA,NA,NA,NA,NA
"Wolfgang Neunzig","c9c4061c-3955-11ef-92f1-157c9bc18a5f",NA,NA,1970,"10/30/1970","9af46799-3960-11ef-9400-d3de5c174a65","home","TSV 1896 Rintheim","SpVgg 1887 Möhringen",16,12,TRUE,2,NA,NA,0,0,0,NA,0,0,0,0,0,0,NA,NA,NA,NA,NA,NA,NA,NA,0,0,0,0,NA,NA,NA,NA,NA
"Winfried Gaus","d33d97ff-3955-11ef-adfc-a36230ada079",NA,NA,1970,"10/30/1970","9af46799-3960-11ef-9400-d3de5c174a65","home","TSV 1896 Rintheim","SpVgg 1887 Möhringen",16,12,TRUE,0,NA,NA,0,0,0,NA,0,0,0,0,0,0,NA,NA,NA,NA,NA,NA,NA,NA,0,0,0,0,NA,NA,NA,NA,NA
"Jürgen Klatt","d347e8de-3955-11ef-a056-a36230ada079",NA,NA,1970,"10/30/1970","9af46799-3960-11ef-9400-d3de5c174a65","home","TSV 1896 Rintheim","SpVgg 1887 Möhringen",16,12,TRUE,1,NA,NA,0,0,1,NA,0,0,0,0,0,0,NA,NA,NA,NA,NA,NA,NA,NA,0,0,0,0,NA,NA,NA,NA,NA
"Edwin Schmidkunz","d352cbf0-3955-11ef-a520-a36230ada079",NA,NA,1970,"10/30/1970","9af46799-3960-11ef-9400-d3de5c174a65","home","TSV 1896 Rintheim","SpVgg 1887 Möhringen",16,12,TRUE,0,NA,NA,0,0,0,NA,0,0,0,0,0,0,NA,NA,NA,NA,NA,NA,NA,NA,0,0,0,0,NA,NA,NA,NA,NA
"Hermann Mäurle","a44f95e3-3955-11ef-b53d-2510cc07ea6e",NA,NA,1970,"10/30/1970","9af46799-3960-11ef-9400-d3de5c174a65","away","SpVgg 1887 Möhringen","TSV 1896 Rintheim",12,16,FALSE,0,NA,NA,0,0,0,NA,0,0,0,0,0,0,NA,NA,NA,NA,NA,NA,NA,NA,0,0,0,0,NA,NA,NA,NA,NA
"Karl-Heinz Wolf","c8354cdd-3955-11ef-a1d6-157c9bc18a5f",NA,NA,1970,"10/30/1970","9af46799-3960-11ef-9400-d3de5c174a65","away","SpVgg 1887 Möhringen","TSV 1896 Rintheim",12,16,FALSE,1,NA,NA,0,0,0,NA,0,0,0,0,0,0,NA,NA,NA,NA,NA,NA,NA,NA,0,0,0,0,NA,NA,NA,NA,NA
"Gerd-Volker Stock","c8397c3c-3955-11ef-af12-157c9bc18a5f",NA,NA,1970,"10/30/1970","9af46799-3960-11ef-9400-d3de5c174a65","away","SpVgg 1887 Möhringen","TSV 1896 Rintheim",12,16,FALSE,1,NA,NA,0,0,0,NA,0,0,0,0,0,0,NA,NA,NA,NA,NA,NA,NA,NA,0,0,0,0,NA,NA,NA,NA,NA
"Dieter Schuh","c84c4c54-3955-11ef-9d35-157c9bc18a5f",NA,NA,1970,"10/30/1970","9af46799-3960-11ef-9400-d3de5c174a65","away","SpVgg 1887 Möhringen","TSV 1896 Rintheim",12,16,FALSE,2,NA,NA,0,0,0,NA,0,0,0,0,0,0,NA,NA,NA,NA,NA,NA,NA,NA,0,0,0,0,NA,NA,NA,NA,NA
"Karl-Heinz Steinbach","c864fc61-3955-11ef-bc13-157c9bc18a5f",NA,NA,1970,"10/30/1970","9af46799-3960-11ef-9400-d3de5c174a65","away","SpVgg 1887 Möhringen","TSV 1896 Rintheim",12,16,FALSE,1,NA,NA,0,0,0,NA,0,0,0,0,0,0,NA,NA,NA,NA,NA,NA,NA,NA,0,0,0,0,NA,NA,NA,NA,NA
"Wolfgang Schall","c869381d-3955-11ef-a2ed-157c9bc18a5f",NA,NA,1970,"10/30/1970","9af46799-3960-11ef-9400-d3de5c174a65","away","SpVgg 1887 Möhringen","TSV 1896 Rintheim",12,16,FALSE,1,NA,NA,0,0,0,NA,0,0,0,0,0,0,NA,NA,NA,NA,NA,NA,NA,NA,0,0,0,0,NA,NA,NA,NA,NA
"Günter Heger","c9b80786-3955-11ef-80ae-157c9bc18a5f",NA,NA,1970,"10/30/1970","9af46799-3960-11ef-9400-d3de5c174a65","away","SpVgg 1887 Möhringen","TSV 1896 Rintheim",12,16,FALSE,1,NA,NA,0,0,0,NA,0,0,0,0,0,0,NA,NA,NA,NA,NA,NA,NA,NA,0,0,0,0,NA,NA,NA,NA,NA
"Klaus Eberhardt","d3228004-3955-11ef-8600-a36230ada079",NA,NA,1970,"10/30/1970","9af46799-3960-11ef-9400-d3de5c174a65","away","SpVgg 1887 Möhringen","TSV 1896 Rintheim",12,16,FALSE,1,NA,NA,0,0,0,NA,0,0,0,0,0,0,NA,NA,NA,NA,NA,NA,NA,NA,0,0,0,0,NA,NA,NA,NA,NA
"Winfried Holtmann","d3270d6b-3955-11ef-8174-a36230ada079",NA,NA,1970,"10/30/1970","9af46799-3960-11ef-9400-d3de5c174a65","away","SpVgg 1887 Möhringen","TSV 1896 Rintheim",12,16,FALSE,0,NA,NA,0,0,0,NA,0,0,0,0,0,0,NA,NA,NA,NA,NA,NA,NA,NA,0,0,0,0,NA,NA,NA,NA,NA
"Klaus Brand","51394441-3955-11ef-8fab-6d38c0425bc0",NA,NA,1970,"10/31/1970","8e1fcf2e-3960-11ef-9b2c-9b08c5d4c173","home","VfL Gummersbach","GWD Minden",17,13,TRUE,0,NA,NA,0,0,0,NA,0,0,0,0,0,0,NA,NA,NA,NA,NA,NA,NA,NA,0,0,0,0,NA,NA,NA,NA,NA
"Klaus Westebbe","8c58f63a-3955-11ef-b65e-81dc40648355",NA,NA,1970,"10/31/1970","8e1fcf2e-3960-11ef-9b2c-9b08c5d4c173","home","VfL Gummersbach","GWD Minden",17,13,TRUE,0,NA,NA,0,0,0,NA,0,0,0,0,0,0,NA,NA,NA,NA,NA,NA,NA,NA,0,0,0,0,NA,NA,NA,NA,NA
"Klaus Kater","8da1f6ef-3955-11ef-b31a-81dc40648355",NA,NA,1970,"10/31/1970","8e1fcf2e-3960-11ef-9b2c-9b08c5d4c173","home","VfL Gummersbach","GWD Minden",17,13,TRUE,0,NA,NA,0,0,0,NA,0,0,0,0,0,0,NA,NA,NA,NA,NA,NA,NA,NA,0,0,0,0,NA,NA,NA,NA,NA
"Werner Winkelmeier","9712104e-3955-11ef-9613-292be3190b7b",NA,NA,1970,"10/31/1970","8e1fcf2e-3960-11ef-9b2c-9b08c5d4c173","home","VfL Gummersbach","GWD Minden",17,13,TRUE,0,NA,NA,0,0,0,NA,0,0,0,0,0,0,NA,NA,NA,NA,NA,NA,NA,NA,0,0,0,0,NA,NA,NA,NA,NA
"Jochen Feldhoff","a32751a5-3955-11ef-badf-2510cc07ea6e",NA,NA,1970,"10/31/1970","8e1fcf2e-3960-11ef-9b2c-9b08c5d4c173","home","VfL Gummersbach","GWD Minden",17,13,TRUE,2,NA,NA,0,0,0,NA,0,0,0,0,0,0,NA,NA,NA,NA,NA,NA,NA,NA,0,0,0,0,NA,NA,NA,NA,NA
"Helmut Keller","ae2fb2ba-3955-11ef-b38f-a36230ada079",NA,NA,1970,"10/31/1970","8e1fcf2e-3960-11ef-9b2c-9b08c5d4c173","home","VfL Gummersbach","GWD Minden",17,13,TRUE,0,NA,NA,0,0,0,NA,0,0,0,0,0,0,NA,NA,NA,NA,NA,NA,NA,NA,0,0,0,0,NA,NA,NA,NA,NA
"Hans-Günther Schmidt","aff5702f-3955-11ef-9878-a36230ada079",NA,NA,1970,"10/31/1970","8e1fcf2e-3960-11ef-9b2c-9b08c5d4c173","home","VfL Gummersbach","GWD Minden",17,13,TRUE,10,NA,NA,0,0,2,NA,0,0,0,0,0,0,NA,NA,NA,NA,NA,NA,NA,NA,0,0,0,0,NA,NA,NA,NA,NA
"Jochen Brand","ba44375c-3955-11ef-a5d6-ab397f561917",NA,NA,1970,"10/31/1970","8e1fcf2e-3960-11ef-9b2c-9b08c5d4c173","home","VfL Gummersbach","GWD Minden",17,13,TRUE,0,NA,NA,0,0,0,NA,0,0,0,0,0,0,NA,NA,NA,NA,NA,NA,NA,NA,0,0,0,0,NA,NA,NA,NA,NA
"Uwe Braunschweig","ba4aaa94-3955-11ef-be97-ab397f561917",NA,NA,1970,"10/31/1970","8e1fcf2e-3960-11ef-9b2c-9b08c5d4c173","home","VfL Gummersbach","GWD Minden",17,13,TRUE,2,NA,NA,0,0,0,NA,0,0,0,0,0,0,NA,NA,NA,NA,NA,NA,NA,NA,0,0,0,0,NA,NA,NA,NA,NA
"Helmut Kosmehl","bc7d7cdd-3955-11ef-a338-ab397f561917",NA,NA,1970,"10/31/1970","8e1fcf2e-3960-11ef-9b2c-9b08c5d4c173","home","VfL Gummersbach","GWD Minden",17,13,TRUE,0,NA,NA,0,0,0,NA,0,0,0,0,0,0,NA,NA,NA,NA,NA,NA,NA,NA,0,0,0,0,NA,NA,NA,NA,NA
"Hans-Gerd Bölter","c9d03ce3-3955-11ef-bae3-157c9bc18a5f",NA,NA,1970,"10/31/1970","8e1fcf2e-3960-11ef-9b2c-9b08c5d4c173","home","VfL Gummersbach","GWD Minden",17,13,TRUE,3,NA,NA,0,0,0,NA,0,0,0,0,0,0,NA,NA,NA,NA,NA,NA,NA,NA,0,0,0,0,NA,NA,NA,NA,NA
"Jürgen Pook","8c289b4b-3955-11ef-889f-81dc40648355",NA,NA,1970,"10/31/1970","8e1fcf2e-3960-11ef-9b2c-9b08c5d4c173","away","GWD Minden","VfL Gummersbach",13,17,FALSE,0,NA,NA,0,0,0,NA,0,0,0,0,0,0,NA,NA,NA,NA,NA,NA,NA,NA,0,0,0,0,NA,NA,NA,NA,NA
"Bernhard Busch","8dc9280f-3955-11ef-80e2-81dc40648355",NA,NA,1970,"10/31/1970","8e1fcf2e-3960-11ef-9b2c-9b08c5d4c173","away","GWD Minden","VfL Gummersbach",13,17,FALSE,0,NA,NA,0,0,0,NA,0,0,0,0,0,0,NA,NA,NA,NA,NA,NA,NA,NA,0,0,0,0,NA,NA,NA,NA,NA
"Gerald Schüler","96fc1532-3955-11ef-bddd-292be3190b7b",NA,NA,1970,"10/31/1970","8e1fcf2e-3960-11ef-9b2c-9b08c5d4c173","away","GWD Minden","VfL Gummersbach",13,17,FALSE,0,NA,NA,0,0,0,NA,0,0,0,0,0,0,NA,NA,NA,NA,NA,NA,NA,NA,0,0,0,0,NA,NA,NA,NA,NA
"Martin Karcher","980f80ce-3955-11ef-8054-292be3190b7b",NA,NA,1970,"10/31/1970","8e1fcf2e-3960-11ef-9b2c-9b08c5d4c173","away","GWD Minden","VfL Gummersbach",13,17,FALSE,0,NA,NA,0,0,0,NA,0,0,0,0,0,0,NA,NA,NA,NA,NA,NA,NA,NA,0,0,0,0,NA,NA,NA,NA,NA
"Hans Kramer","98f50290-3955-11ef-8aa8-292be3190b7b",NA,NA,1970,"10/31/1970","8e1fcf2e-3960-11ef-9b2c-9b08c5d4c173","away","GWD Minden","VfL Gummersbach",13,17,FALSE,1,NA,NA,0,0,0,NA,0,0,0,0,0,0,NA,NA,NA,NA,NA,NA,NA,NA,0,0,0,0,NA,NA,NA,NA,NA
"Bernd Munck","ba5ee5e3-3955-11ef-9f80-ab397f561917",NA,NA,1970,"10/31/1970","8e1fcf2e-3960-11ef-9b2c-9b08c5d4c173","away","GWD Minden","VfL Gummersbach",13,17,FALSE,6,NA,NA,0,0,2,NA,0,0,0,0,0,0,NA,NA,NA,NA,NA,NA,NA,NA,0,0,0,0,NA,NA,NA,NA,NA
"Wilfried Drögemeier","ba63ada7-3955-11ef-a04d-ab397f561917",NA,NA,1970,"10/31/1970","8e1fcf2e-3960-11ef-9b2c-9b08c5d4c173","away","GWD Minden","VfL Gummersbach",13,17,FALSE,3,NA,NA,0,0,0,NA,0,0,0,0,0,0,NA,NA,NA,NA,NA,NA,NA,NA,0,0,0,0,NA,NA,NA,NA,NA
"Klaus Barlach","bcee5b38-3955-11ef-a026-ab397f561917",NA,NA,1970,"10/31/1970","8e1fcf2e-3960-11ef-9b2c-9b08c5d4c173","away","GWD Minden","VfL Gummersbach",13,17,FALSE,0,NA,NA,0,0,0,NA,0,0,0,0,0,0,NA,NA,NA,NA,NA,NA,NA,NA,0,0,0,0,NA,NA,NA,NA,NA
"Otto Weng","bcfbec1c-3955-11ef-b4f4-ab397f561917",NA,NA,1970,"10/31/1970","8e1fcf2e-3960-11ef-9b2c-9b08c5d4c173","away","GWD Minden","VfL Gummersbach",13,17,FALSE,1,NA,NA,0,0,0,NA,0,0,0,0,0,0,NA,NA,NA,NA,NA,NA,NA,NA,0,0,0,0,NA,NA,NA,NA,NA
"Jürgen Buhrmester","c747ff25-3955-11ef-9695-157c9bc18a5f",NA,NA,1970,"10/31/1970","8e1fcf2e-3960-11ef-9b2c-9b08c5d4c173","away","GWD Minden","VfL Gummersbach",13,17,FALSE,2,NA,NA,0,0,0,NA,0,0,0,0,0,0,NA,NA,NA,NA,NA,NA,NA,NA,0,0,0,0,NA,NA,NA,NA,NA
"Manfred Horstkötter","c8a23936-3955-11ef-9884-157c9bc18a5f",NA,NA,1970,"10/31/1970","8e1fcf2e-3960-11ef-9b2c-9b08c5d4c173","away","GWD Minden","VfL Gummersbach",13,17,FALSE,0,NA,NA,0,0,0,NA,0,0,0,0,0,0,NA,NA,NA,NA,NA,NA,NA,NA,0,0,0,0,NA,NA,NA,NA,NA
"Norbert Kroker","bd441662-3955-11ef-b771-ab397f561917",NA,NA,1970,"10/31/1970","90e947ac-3960-11ef-9cfd-9b08c5d4c173","home","TV Krefeld-Oppum 1894","VfL Lübeck-Schwartau",13,13,FALSE,2,NA,NA,0,0,1,NA,0,0,0,0,0,0,NA,NA,NA,NA,NA,NA,NA,NA,0,0,0,0,NA,NA,NA,NA,NA
"Otto Tophoven","ca106fac-3955-11ef-9a8e-157c9bc18a5f",NA,NA,1970,"10/31/1970","90e947ac-3960-11ef-9cfd-9b08c5d4c173","home","TV Krefeld-Oppum 1894","VfL Lübeck-Schwartau",13,13,FALSE,0,NA,NA,0,0,0,NA,0,0,0,0,0,0,NA,NA,NA,NA,NA,NA,NA,NA,0,0,0,0,NA,NA,NA,NA,NA
"Theo Inger","ca18e97b-3955-11ef-91fb-157c9bc18a5f",NA,NA,1970,"10/31/1970","90e947ac-3960-11ef-9cfd-9b08c5d4c173","home","TV Krefeld-Oppum 1894","VfL Lübeck-Schwartau",13,13,FALSE,0,NA,NA,0,0,0,NA,0,0,0,0,0,0,NA,NA,NA,NA,NA,NA,NA,NA,0,0,0,0,NA,NA,NA,NA,NA
"Peter Inger","ca1d519a-3955-11ef-b5d9-157c9bc18a5f",NA,NA,1970,"10/31/1970","90e947ac-3960-11ef-9cfd-9b08c5d4c173","home","TV Krefeld-Oppum 1894","VfL Lübeck-Schwartau",13,13,FALSE,4,NA,NA,0,0,0,NA,0,0,0,0,0,0,NA,NA,NA,NA,NA,NA,NA,NA,0,0,0,0,NA,NA,NA,NA,NA
"Hermann Köhler","ca2255bc-3955-11ef-91a7-157c9bc18a5f",NA,NA,1970,"10/31/1970","90e947ac-3960-11ef-9cfd-9b08c5d4c173","home","TV Krefeld-Oppum 1894","VfL Lübeck-Schwartau",13,13,FALSE,0,NA,NA,0,0,0,NA,0,0,0,0,0,0,NA,NA,NA,NA,NA,NA,NA,NA,0,0,0,0,NA,NA,NA,NA,NA
"Horst Panknin","ca26d115-3955-11ef-a60e-157c9bc18a5f",NA,NA,1970,"10/31/1970","90e947ac-3960-11ef-9cfd-9b08c5d4c173","home","TV Krefeld-Oppum 1894","VfL Lübeck-Schwartau",13,13,FALSE,1,NA,NA,0,0,0,NA,0,0,0,0,0,0,NA,NA,NA,NA,NA,NA,NA,NA,0,0,0,0,NA,NA,NA,NA,NA
"Ralf Pasch","ca2b132c-3955-11ef-a380-157c9bc18a5f",NA,NA,1970,"10/31/1970","90e947ac-3960-11ef-9cfd-9b08c5d4c173","home","TV Krefeld-Oppum 1894","VfL Lübeck-Schwartau",13,13,FALSE,0,NA,NA,0,0,0,NA,0,0,0,0,0,0,NA,NA,NA,NA,NA,NA,NA,NA,0,0,0,0,NA,NA,NA,NA,NA
"Hugo Schroers","ca2f571a-3955-11ef-8d46-157c9bc18a5f",NA,NA,1970,"10/31/1970","90e947ac-3960-11ef-9cfd-9b08c5d4c173","home","TV Krefeld-Oppum 1894","VfL Lübeck-Schwartau",13,13,FALSE,5,NA,NA,0,0,1,NA,0,0,0,0,0,0,NA,NA,NA,NA,NA,NA,NA,NA,0,0,0,0,NA,NA,NA,NA,NA
"Max Zwierkowski","ca390aba-3955-11ef-97b4-157c9bc18a5f",NA,NA,1970,"10/31/1970","90e947ac-3960-11ef-9cfd-9b08c5d4c173","home","TV Krefeld-Oppum 1894","VfL Lübeck-Schwartau",13,13,FALSE,1,NA,NA,0,0,0,NA,0,0,0,0,0,0,NA,NA,NA,NA,NA,NA,NA,NA,0,0,0,0,NA,NA,NA,NA,NA
"Leo Ritz","ca3d0962-3955-11ef-938c-157c9bc18a5f",NA,NA,1970,"10/31/1970","90e947ac-3960-11ef-9cfd-9b08c5d4c173","home","TV Krefeld-Oppum 1894","VfL Lübeck-Schwartau",13,13,FALSE,0,NA,NA,0,0,0,NA,0,0,0,0,0,0,NA,NA,NA,NA,NA,NA,NA,NA,0,0,0,0,NA,NA,NA,NA,NA
"Dieter Patz","ca42d471-3955-11ef-a75d-157c9bc18a5f",NA,NA,1970,"10/31/1970","90e947ac-3960-11ef-9cfd-9b08c5d4c173","home","TV Krefeld-Oppum 1894","VfL Lübeck-Schwartau",13,13,FALSE,0,NA,NA,0,0,0,NA,0,0,0,0,0,0,NA,NA,NA,NA,NA,NA,NA,NA,0,0,0,0,NA,NA,NA,NA,NA
"Herbert Rogge","b06614d7-3955-11ef-a43b-a36230ada079",NA,NA,1970,"10/31/1970","90e947ac-3960-11ef-9cfd-9b08c5d4c173","away","VfL Lübeck-Schwartau","TV Krefeld-Oppum 1894",13,13,FALSE,3,NA,NA,0,0,0,NA,0,0,0,0,0,0,NA,NA,NA,NA,NA,NA,NA,NA,0,0,0,0,NA,NA,NA,NA,NA
"Ingo Callies","b0b0659b-3955-11ef-87aa-a36230ada079",NA,NA,1970,"10/31/1970","90e947ac-3960-11ef-9cfd-9b08c5d4c173","away","VfL Lübeck-Schwartau","TV Krefeld-Oppum 1894",13,13,FALSE,2,NA,NA,0,0,0,NA,0,0,0,0,0,0,NA,NA,NA,NA,NA,NA,NA,NA,0,0,0,0,NA,NA,NA,NA,NA
"Michael Dogs","b0cecb4a-3955-11ef-b665-a36230ada079",NA,NA,1970,"10/31/1970","90e947ac-3960-11ef-9cfd-9b08c5d4c173","away","VfL Lübeck-Schwartau","TV Krefeld-Oppum 1894",13,13,FALSE,0,NA,NA,0,0,0,NA,0,0,0,0,0,0,NA,NA,NA,NA,NA,NA,NA,NA,0,0,0,0,NA,NA,NA,NA,NA
"Joachim Römer","b0dcb8e7-3955-11ef-83ab-a36230ada079",NA,NA,1970,"10/31/1970","90e947ac-3960-11ef-9cfd-9b08c5d4c173","away","VfL Lübeck-Schwartau","TV Krefeld-Oppum 1894",13,13,FALSE,0,NA,NA,0,0,0,NA,0,0,0,0,0,0,NA,NA,NA,NA,NA,NA,NA,NA,0,0,0,0,NA,NA,NA,NA,NA
"Ulrich Kleinstoll","b0f37438-3955-11ef-84e6-a36230ada079",NA,NA,1970,"10/31/1970","90e947ac-3960-11ef-9cfd-9b08c5d4c173","away","VfL Lübeck-Schwartau","TV Krefeld-Oppum 1894",13,13,FALSE,2,NA,NA,0,0,0,NA,0,0,0,0,0,0,NA,NA,NA,NA,NA,NA,NA,NA,0,0,0,0,NA,NA,NA,NA,NA
"Jochen Krummland","c7b078f7-3955-11ef-932e-157c9bc18a5f",NA,NA,1970,"10/31/1970","90e947ac-3960-11ef-9cfd-9b08c5d4c173","away","VfL Lübeck-Schwartau","TV Krefeld-Oppum 1894",13,13,FALSE,1,NA,NA,0,0,0,NA,0,0,0,0,0,0,NA,NA,NA,NA,NA,NA,NA,NA,0,0,0,0,NA,NA,NA,NA,NA
"Björn Clausen","c7b94735-3955-11ef-b741-157c9bc18a5f",NA,NA,1970,"10/31/1970","90e947ac-3960-11ef-9cfd-9b08c5d4c173","away","VfL Lübeck-Schwartau","TV Krefeld-Oppum 1894",13,13,FALSE,0,NA,NA,0,0,0,NA,0,0,0,0,0,0,NA,NA,NA,NA,NA,NA,NA,NA,0,0,0,0,NA,NA,NA,NA,NA
"Jochen Hoffmann","c7bdef38-3955-11ef-8b6c-157c9bc18a5f",NA,NA,1970,"10/31/1970","90e947ac-3960-11ef-9cfd-9b08c5d4c173","away","VfL Lübeck-Schwartau","TV Krefeld-Oppum 1894",13,13,FALSE,1,NA,NA,0,0,0,NA,0,0,0,0,0,0,NA,NA,NA,NA,NA,NA,NA,NA,0,0,0,0,NA,NA,NA,NA,NA
"Gerhard Anduleit","c9215aaa-3955-11ef-ac64-157c9bc18a5f",NA,NA,1970,"10/31/1970","90e947ac-3960-11ef-9cfd-9b08c5d4c173","away","VfL Lübeck-Schwartau","TV Krefeld-Oppum 1894",13,13,FALSE,4,NA,NA,0,0,2,NA,0,0,0,0,0,0,NA,NA,NA,NA,NA,NA,NA,NA,0,0,0,0,NA,NA,NA,NA,NA
"Karl-Heinz Soost","ca672304-3955-11ef-aeec-157c9bc18a5f",NA,NA,1970,"10/31/1970","90e947ac-3960-11ef-9cfd-9b08c5d4c173","away","VfL Lübeck-Schwartau","TV Krefeld-Oppum 1894",13,13,FALSE,0,NA,NA,0,0,0,NA,0,0,0,0,0,0,NA,NA,NA,NA,NA,NA,NA,NA,0,0,0,0,NA,NA,NA,NA,NA
"Peter Bucher","8e0071c9-3955-11ef-8ff8-81dc40648355",NA,NA,1970,"10/31/1970","91c1d063-3960-11ef-bf36-9b08c5d4c173","home","FRISCH AUF! Göppingen","TV Hochdorf",18,17,TRUE,6,NA,NA,0,0,0,NA,0,0,0,0,0,0,NA,NA,NA,NA,NA,NA,NA,NA,0,0,0,0,NA,NA,NA,NA,NA
"Horst Singer","a30fd118-3955-11ef-9745-2510cc07ea6e",NA,NA,1970,"10/31/1970","91c1d063-3960-11ef-bf36-9b08c5d4c173","home","FRISCH AUF! Göppingen","TV Hochdorf",18,17,TRUE,5,NA,NA,0,0,4,NA,0,0,0,0,0,0,NA,NA,NA,NA,NA,NA,NA,NA,0,0,0,0,NA,NA,NA,NA,NA
"Hans Brodbeck","b1f00cc3-3955-11ef-b4c9-a36230ada079",NA,NA,1970,"10/31/1970","91c1d063-3960-11ef-bf36-9b08c5d4c173","home","FRISCH AUF! Göppingen","TV Hochdorf",18,17,TRUE,0,NA,NA,0,0,0,NA,0,0,0,0,0,0,NA,NA,NA,NA,NA,NA,NA,NA,0,0,0,0,NA,NA,NA,NA,NA
"Hans-Dieter Schunter","b2054717-3955-11ef-a22c-a36230ada079",NA,NA,1970,"10/31/1970","91c1d063-3960-11ef-bf36-9b08c5d4c173","home","FRISCH AUF! Göppingen","TV Hochdorf",18,17,TRUE,0,NA,NA,0,0,0,NA,0,0,0,0,0,0,NA,NA,NA,NA,NA,NA,NA,NA,0,0,0,0,NA,NA,NA,NA,NA
"Paul Epple","bc8167af-3955-11ef-8748-ab397f561917",NA,NA,1970,"10/31/1970","91c1d063-3960-11ef-bf36-9b08c5d4c173","home","FRISCH AUF! Göppingen","TV Hochdorf",18,17,TRUE,2,NA,NA,0,0,0,NA,0,0,0,0,0,0,NA,NA,NA,NA,NA,NA,NA,NA,0,0,0,0,NA,NA,NA,NA,NA
"Walter Pflüger","bc85cdbc-3955-11ef-8e24-ab397f561917",NA,NA,1970,"10/31/1970","91c1d063-3960-11ef-bf36-9b08c5d4c173","home","FRISCH AUF! Göppingen","TV Hochdorf",18,17,TRUE,0,NA,NA,0,0,0,NA,0,0,0,0,0,0,NA,NA,NA,NA,NA,NA,NA,NA,0,0,0,0,NA,NA,NA,NA,NA
"Werner Arndt","c71116e0-3955-11ef-85d3-157c9bc18a5f",NA,NA,1970,"10/31/1970","91c1d063-3960-11ef-bf36-9b08c5d4c173","home","FRISCH AUF! Göppingen","TV Hochdorf",18,17,TRUE,0,NA,NA,0,0,0,NA,0,0,0,0,0,0,NA,NA,NA,NA,NA,NA,NA,NA,0,0,0,0,NA,NA,NA,NA,NA
"Christian Patzer","c715a1de-3955-11ef-bc54-157c9bc18a5f",NA,NA,1970,"10/31/1970","91c1d063-3960-11ef-bf36-9b08c5d4c173","home","FRISCH AUF! Göppingen","TV Hochdorf",18,17,TRUE,1,NA,NA,0,0,0,NA,0,0,0,0,0,0,NA,NA,NA,NA,NA,NA,NA,NA,0,0,0,0,NA,NA,NA,NA,NA
"Uwe Rathjen","c898158b-3955-11ef-82cb-157c9bc18a5f",NA,NA,1970,"10/31/1970","91c1d063-3960-11ef-bf36-9b08c5d4c173","home","FRISCH AUF! Göppingen","TV Hochdorf",18,17,TRUE,0,NA,NA,0,0,0,NA,0,0,0,0,0,0,NA,NA,NA,NA,NA,NA,NA,NA,0,0,0,0,NA,NA,NA,NA,NA
"Armin Eisele","c9cc4c1b-3955-11ef-9f9f-157c9bc18a5f",NA,NA,1970,"10/31/1970","91c1d063-3960-11ef-bf36-9b08c5d4c173","home","FRISCH AUF! Göppingen","TV Hochdorf",18,17,TRUE,2,NA,NA,0,0,0,NA,0,0,0,0,0,0,NA,NA,NA,NA,NA,NA,NA,NA,0,0,0,0,NA,NA,NA,NA,NA
"Anton Bayer","d357b837-3955-11ef-8b00-a36230ada079",NA,NA,1970,"10/31/1970","91c1d063-3960-11ef-bf36-9b08c5d4c173","home","FRISCH AUF! Göppingen","TV Hochdorf",18,17,TRUE,2,NA,NA,0,0,0,NA,0,0,0,0,0,0,NA,NA,NA,NA,NA,NA,NA,NA,0,0,0,0,NA,NA,NA,NA,NA
"Manfred Müller","ae54e819-3955-11ef-81e8-a36230ada079",NA,NA,1970,"10/31/1970","91c1d063-3960-11ef-bf36-9b08c5d4c173","away","TV Hochdorf","FRISCH AUF! Göppingen",17,18,FALSE,0,NA,NA,0,0,0,NA,0,0,0,0,0,0,NA,NA,NA,NA,NA,NA,NA,NA,0,0,0,0,NA,NA,NA,NA,NA
"Robert Becker","ae8c50f9-3955-11ef-91c4-a36230ada079",NA,NA,1970,"10/31/1970","91c1d063-3960-11ef-bf36-9b08c5d4c173","away","TV Hochdorf","FRISCH AUF! Göppingen",17,18,FALSE,2,NA,NA,0,0,0,NA,0,0,0,0,0,0,NA,NA,NA,NA,NA,NA,NA,NA,0,0,0,0,NA,NA,NA,NA,NA
"Jürgen Hahn","ae947745-3955-11ef-bc54-a36230ada079",NA,NA,1970,"10/31/1970","91c1d063-3960-11ef-bf36-9b08c5d4c173","away","TV Hochdorf","FRISCH AUF! Göppingen",17,18,FALSE,0,NA,NA,0,0,0,NA,0,0,0,0,0,0,NA,NA,NA,NA,NA,NA,NA,NA,0,0,0,0,NA,NA,NA,NA,NA
"Wilfried Job","af3ed007-3955-11ef-9184-a36230ada079",NA,NA,1970,"10/31/1970","91c1d063-3960-11ef-bf36-9b08c5d4c173","away","TV Hochdorf","FRISCH AUF! Göppingen",17,18,FALSE,0,NA,NA,0,0,0,NA,0,0,0,0,0,0,NA,NA,NA,NA,NA,NA,NA,NA,0,0,0,0,NA,NA,NA,NA,NA
"Hans Stein","bde4861d-3955-11ef-a14e-ab397f561917",NA,NA,1970,"10/31/1970","91c1d063-3960-11ef-bf36-9b08c5d4c173","away","TV Hochdorf","FRISCH AUF! Göppingen",17,18,FALSE,2,NA,NA,0,0,0,NA,0,0,0,0,0,0,NA,NA,NA,NA,NA,NA,NA,NA,0,0,0,0,NA,NA,NA,NA,NA
"Edwin Hutter","c93080aa-3955-11ef-85b4-157c9bc18a5f",NA,NA,1970,"10/31/1970","91c1d063-3960-11ef-bf36-9b08c5d4c173","away","TV Hochdorf","FRISCH AUF! Göppingen",17,18,FALSE,0,NA,NA,0,0,0,NA,0,0,0,0,0,0,NA,NA,NA,NA,NA,NA,NA,NA,0,0,0,0,NA,NA,NA,NA,NA
"Werner Häfele","c9414487-3955-11ef-a5df-157c9bc18a5f",NA,NA,1970,"10/31/1970","91c1d063-3960-11ef-bf36-9b08c5d4c173","away","TV Hochdorf","FRISCH AUF! Göppingen",17,18,FALSE,4,NA,NA,0,0,2,NA,0,0,0,0,0,0,NA,NA,NA,NA,NA,NA,NA,NA,0,0,0,0,NA,NA,NA,NA,NA
"Willi Butz","c945a2f1-3955-11ef-8b53-157c9bc18a5f",NA,NA,1970,"10/31/1970","91c1d063-3960-11ef-bf36-9b08c5d4c173","away","TV Hochdorf","FRISCH AUF! Göppingen",17,18,FALSE,0,NA,NA,0,0,0,NA,0,0,0,0,0,0,NA,NA,NA,NA,NA,NA,NA,NA,0,0,0,0,NA,NA,NA,NA,NA
"Peter Frisch","c94a46b7-3955-11ef-8686-157c9bc18a5f",NA,NA,1970,"10/31/1970","91c1d063-3960-11ef-bf36-9b08c5d4c173","away","TV Hochdorf","FRISCH AUF! Göppingen",17,18,FALSE,8,NA,NA,0,0,0,NA,0,0,0,0,0,0,NA,NA,NA,NA,NA,NA,NA,NA,0,0,0,0,NA,NA,NA,NA,NA
"Werner Matill","c9539495-3955-11ef-9bff-157c9bc18a5f",NA,NA,1970,"10/31/1970","91c1d063-3960-11ef-bf36-9b08c5d4c173","away","TV Hochdorf","FRISCH AUF! Göppingen",17,18,FALSE,1,NA,NA,0,0,0,NA,0,0,0,0,0,0,NA,NA,NA,NA,NA,NA,NA,NA,0,0,0,0,NA,NA,NA,NA,NA
"Alois Ehmann","d286fca5-3955-11ef-a9e5-a36230ada079",NA,NA,1970,"10/31/1970","91c1d063-3960-11ef-bf36-9b08c5d4c173","away","TV Hochdorf","FRISCH AUF! Göppingen",17,18,FALSE,0,NA,NA,0,0,0,NA,0,0,0,0,0,0,NA,NA,NA,NA,NA,NA,NA,NA,0,0,0,0,NA,NA,NA,NA,NA
"Diethard Finkelmann","a60bdcf9-3955-11ef-bfa1-2510cc07ea6e",NA,NA,1970,"10/31/1970","98ad989b-3960-11ef-8623-d3de5c174a65","home","Füchse Berlin","S3L Handball",22,13,TRUE,2,NA,NA,0,0,1,NA,0,0,0,0,0,0,NA,NA,NA,NA,NA,NA,NA,NA,0,0,0,0,NA,NA,NA,NA,NA
"Wolfgang Braun","b1a4c388-3955-11ef-92b7-a36230ada079",NA,NA,1970,"10/31/1970","98ad989b-3960-11ef-8623-d3de5c174a65","home","Füchse Berlin","S3L Handball",22,13,TRUE,6,NA,NA,0,0,0,NA,0,0,0,0,0,0,NA,NA,NA,NA,NA,NA,NA,NA,0,0,0,0,NA,NA,NA,NA,NA
"Detlef Finkelmann","b1a8f927-3955-11ef-a009-a36230ada079",NA,NA,1970,"10/31/1970","98ad989b-3960-11ef-8623-d3de5c174a65","home","Füchse Berlin","S3L Handball",22,13,TRUE,5,NA,NA,0,0,0,NA,0,0,0,0,0,0,NA,NA,NA,NA,NA,NA,NA,NA,0,0,0,0,NA,NA,NA,NA,NA
"Bernd Goerigk","b1b21b0c-3955-11ef-a303-a36230ada079",NA,NA,1970,"10/31/1970","98ad989b-3960-11ef-8623-d3de5c174a65","home","Füchse Berlin","S3L Handball",22,13,TRUE,1,NA,NA,0,0,0,NA,0,0,0,0,0,0,NA,NA,NA,NA,NA,NA,NA,NA,0,0,0,0,NA,NA,NA,NA,NA
"Lutz Loewke","b1b73b08-3955-11ef-b76a-a36230ada079",NA,NA,1970,"10/31/1970","98ad989b-3960-11ef-8623-d3de5c174a65","home","Füchse Berlin","S3L Handball",22,13,TRUE,1,NA,NA,0,0,0,NA,0,0,0,0,0,0,NA,NA,NA,NA,NA,NA,NA,NA,0,0,0,0,NA,NA,NA,NA,NA
"Hermann Meßner","bbe217d4-3955-11ef-967e-ab397f561917",NA,NA,1970,"10/31/1970","98ad989b-3960-11ef-8623-d3de5c174a65","home","Füchse Berlin","S3L Handball",22,13,TRUE,0,NA,NA,0,0,0,NA,0,0,0,0,0,0,NA,NA,NA,NA,NA,NA,NA,NA,0,0,0,0,NA,NA,NA,NA,NA
"Sigmar Artelt","bdbc9392-3955-11ef-a3be-ab397f561917",NA,NA,1970,"10/31/1970","98ad989b-3960-11ef-8623-d3de5c174a65","home","Füchse Berlin","S3L Handball",22,13,TRUE,3,NA,NA,0,0,0,NA,0,0,0,0,0,0,NA,NA,NA,NA,NA,NA,NA,NA,0,0,0,0,NA,NA,NA,NA,NA
"Henry Johannes","bdc98fce-3955-11ef-9f6e-ab397f561917",NA,NA,1970,"10/31/1970","98ad989b-3960-11ef-8623-d3de5c174a65","home","Füchse Berlin","S3L Handball",22,13,TRUE,3,NA,NA,0,0,0,NA,0,0,0,0,0,0,NA,NA,NA,NA,NA,NA,NA,NA,0,0,0,0,NA,NA,NA,NA,NA
"Bernd Schäpe","d2d71288-3955-11ef-9959-a36230ada079",NA,NA,1970,"10/31/1970","98ad989b-3960-11ef-8623-d3de5c174a65","home","Füchse Berlin","S3L Handball",22,13,TRUE,0,NA,NA,0,0,0,NA,0,0,0,0,0,0,NA,NA,NA,NA,NA,NA,NA,NA,0,0,0,0,NA,NA,NA,NA,NA
"Bernd Redlich","d2e474a6-3955-11ef-a804-a36230ada079",NA,NA,1970,"10/31/1970","98ad989b-3960-11ef-8623-d3de5c174a65","home","Füchse Berlin","S3L Handball",22,13,TRUE,0,NA,NA,0,0,0,NA,0,0,0,0,0,0,NA,NA,NA,NA,NA,NA,NA,NA,0,0,0,0,NA,NA,NA,NA,NA
"Thomas Micheli","d2e8bde0-3955-11ef-8c04-a36230ada079",NA,NA,1970,"10/31/1970","98ad989b-3960-11ef-8623-d3de5c174a65","home","Füchse Berlin","S3L Handball",22,13,TRUE,1,NA,NA,0,0,0,NA,0,0,0,0,0,0,NA,NA,NA,NA,NA,NA,NA,NA,0,0,0,0,NA,NA,NA,NA,NA
"Hansjörg Jäck","b166bd31-3955-11ef-bed1-a36230ada079",NA,NA,1970,"10/31/1970","98ad989b-3960-11ef-8623-d3de5c174a65","away","S3L Handball","Füchse Berlin",13,22,FALSE,0,NA,NA,0,0,0,NA,0,0,0,0,0,0,NA,NA,NA,NA,NA,NA,NA,NA,0,0,0,0,NA,NA,NA,NA,NA
"Jens Schmitt","bb8d4110-3955-11ef-8fb2-ab397f561917",NA,NA,1970,"10/31/1970","98ad989b-3960-11ef-8623-d3de5c174a65","away","S3L Handball","Füchse Berlin",13,22,FALSE,1,NA,NA,0,0,0,NA,0,0,0,0,0,0,NA,NA,NA,NA,NA,NA,NA,NA,0,0,0,0,NA,NA,NA,NA,NA
"Werner Pruscha","bb9c8e56-3955-11ef-ac18-ab397f561917",NA,NA,1970,"10/31/1970","98ad989b-3960-11ef-8623-d3de5c174a65","away","S3L Handball","Füchse Berlin",13,22,FALSE,2,NA,NA,0,0,0,NA,0,0,0,0,0,0,NA,NA,NA,NA,NA,NA,NA,NA,0,0,0,0,NA,NA,NA,NA,NA
"Wolfhardt Bühler","bba2fc92-3955-11ef-a8d6-ab397f561917",NA,NA,1970,"10/31/1970","98ad989b-3960-11ef-8623-d3de5c174a65","away","S3L Handball","Füchse Berlin",13,22,FALSE,1,NA,NA,0,0,0,NA,0,0,0,0,0,0,NA,NA,NA,NA,NA,NA,NA,NA,0,0,0,0,NA,NA,NA,NA,NA
"Wolfgang Ries","bba77d9e-3955-11ef-939a-ab397f561917",NA,NA,1970,"10/31/1970","98ad989b-3960-11ef-8623-d3de5c174a65","away","S3L Handball","Füchse Berlin",13,22,FALSE,0,NA,NA,0,0,0,NA,0,0,0,0,0,0,NA,NA,NA,NA,NA,NA,NA,NA,0,0,0,0,NA,NA,NA,NA,NA
"Lothar Pohl","bc5ae364-3955-11ef-9b62-ab397f561917",NA,NA,1970,"10/31/1970","98ad989b-3960-11ef-8623-d3de5c174a65","away","S3L Handball","Füchse Berlin",13,22,FALSE,0,NA,NA,0,0,0,NA,0,0,0,0,0,0,NA,NA,NA,NA,NA,NA,NA,NA,0,0,0,0,NA,NA,NA,NA,NA
"Gerhard Schmidt","bd78314d-3955-11ef-8668-ab397f561917",NA,NA,1970,"10/31/1970","98ad989b-3960-11ef-8623-d3de5c174a65","away","S3L Handball","Füchse Berlin",13,22,FALSE,0,NA,NA,0,0,0,NA,0,0,0,0,0,0,NA,NA,NA,NA,NA,NA,NA,NA,0,0,0,0,NA,NA,NA,NA,NA
"Herbert Hönnige","c7e7cc14-3955-11ef-af0e-157c9bc18a5f",NA,NA,1970,"10/31/1970","98ad989b-3960-11ef-8623-d3de5c174a65","away","S3L Handball","Füchse Berlin",13,22,FALSE,3,NA,NA,0,0,1,NA,0,0,0,0,0,0,NA,NA,NA,NA,NA,NA,NA,NA,0,0,0,0,NA,NA,NA,NA,NA
"Jürgen Plambeck","c95d267b-3955-11ef-9a98-157c9bc18a5f",NA,NA,1970,"10/31/1970","98ad989b-3960-11ef-8623-d3de5c174a65","away","S3L Handball","Füchse Berlin",13,22,FALSE,5,NA,NA,0,0,0,NA,0,0,0,0,0,0,NA,NA,NA,NA,NA,NA,NA,NA,0,0,0,0,NA,NA,NA,NA,NA
"Josef Hutter","c96148ae-3955-11ef-a005-157c9bc18a5f",NA,NA,1970,"10/31/1970","98ad989b-3960-11ef-8623-d3de5c174a65","away","S3L Handball","Füchse Berlin",13,22,FALSE,1,NA,NA,0,0,0,NA,0,0,0,0,0,0,NA,NA,NA,NA,NA,NA,NA,NA,0,0,0,0,NA,NA,NA,NA,NA
"Rolf Seltner","c96574fc-3955-11ef-a37f-157c9bc18a5f",NA,NA,1970,"10/31/1970","98ad989b-3960-11ef-8623-d3de5c174a65","away","S3L Handball","Füchse Berlin",13,22,FALSE,0,NA,NA,0,0,0,NA,0,0,0,0,0,0,NA,NA,NA,NA,NA,NA,NA,NA,0,0,0,0,NA,NA,NA,NA,NA
"Hans Moser","7e83ce46-3955-11ef-830d-b908c60af10a",NA,NA,1970,"10/31/1970","996fd1b7-3960-11ef-848f-d3de5c174a65","home","TSV Milbertshofen","TV Großwallstadt",19,19,FALSE,3,NA,NA,0,0,3,NA,0,0,0,0,0,0,NA,NA,NA,NA,NA,NA,NA,NA,0,0,0,0,NA,NA,NA,NA,NA
"Gerhard Ochsenkühn","97259ed1-3955-11ef-96ca-292be3190b7b",NA,NA,1970,"10/31/1970","996fd1b7-3960-11ef-848f-d3de5c174a65","home","TSV Milbertshofen","TV Großwallstadt",19,19,FALSE,2,NA,NA,0,0,0,NA,0,0,0,0,0,0,NA,NA,NA,NA,NA,NA,NA,NA,0,0,0,0,NA,NA,NA,NA,NA
"Josef Kiener","972d7d47-3955-11ef-a437-292be3190b7b",NA,NA,1970,"10/31/1970","996fd1b7-3960-11ef-848f-d3de5c174a65","home","TSV Milbertshofen","TV Großwallstadt",19,19,FALSE,1,NA,NA,0,0,0,NA,0,0,0,0,0,0,NA,NA,NA,NA,NA,NA,NA,NA,0,0,0,0,NA,NA,NA,NA,NA
"Ivan Uremović","9784bfff-3955-11ef-a0bf-292be3190b7b",NA,NA,1970,"10/31/1970","996fd1b7-3960-11ef-848f-d3de5c174a65","home","TSV Milbertshofen","TV Großwallstadt",19,19,FALSE,5,NA,NA,0,0,0,NA,0,0,0,0,0,0,NA,NA,NA,NA,NA,NA,NA,NA,0,0,0,0,NA,NA,NA,NA,NA
"Helmut Schelchshorn","b1c960ef-3955-11ef-850b-a36230ada079",NA,NA,1970,"10/31/1970","996fd1b7-3960-11ef-848f-d3de5c174a65","home","TSV Milbertshofen","TV Großwallstadt",19,19,FALSE,1,NA,NA,0,0,0,NA,0,0,0,0,0,0,NA,NA,NA,NA,NA,NA,NA,NA,0,0,0,0,NA,NA,NA,NA,NA
"Peter Feddern","bc1b1b3e-3955-11ef-9c4e-ab397f561917",NA,NA,1970,"10/31/1970","996fd1b7-3960-11ef-848f-d3de5c174a65","home","TSV Milbertshofen","TV Großwallstadt",19,19,FALSE,3,NA,NA,0,0,0,NA,0,0,0,0,0,0,NA,NA,NA,NA,NA,NA,NA,NA,0,0,0,0,NA,NA,NA,NA,NA
"Anton Niggel","c6b807f5-3955-11ef-8bfd-157c9bc18a5f",NA,NA,1970,"10/31/1970","996fd1b7-3960-11ef-848f-d3de5c174a65","home","TSV Milbertshofen","TV Großwallstadt",19,19,FALSE,0,NA,NA,0,0,0,NA,0,0,0,0,0,0,NA,NA,NA,NA,NA,NA,NA,NA,0,0,0,0,NA,NA,NA,NA,NA
"Volker Filipp","c6bca602-3955-11ef-8195-157c9bc18a5f",NA,NA,1970,"10/31/1970","996fd1b7-3960-11ef-848f-d3de5c174a65","home","TSV Milbertshofen","TV Großwallstadt",19,19,FALSE,0,NA,NA,0,0,0,NA,0,0,0,0,0,0,NA,NA,NA,NA,NA,NA,NA,NA,0,0,0,0,NA,NA,NA,NA,NA
"Karl Donndorf","c821c668-3955-11ef-a20c-157c9bc18a5f",NA,NA,1970,"10/31/1970","996fd1b7-3960-11ef-848f-d3de5c174a65","home","TSV Milbertshofen","TV Großwallstadt",19,19,FALSE,2,NA,NA,0,0,0,NA,0,0,0,0,0,0,NA,NA,NA,NA,NA,NA,NA,NA,0,0,0,0,NA,NA,NA,NA,NA
"Arnold Gaitzsch","c99ecd8f-3955-11ef-a93a-157c9bc18a5f",NA,NA,1970,"10/31/1970","996fd1b7-3960-11ef-848f-d3de5c174a65","home","TSV Milbertshofen","TV Großwallstadt",19,19,FALSE,2,NA,NA,0,0,0,NA,0,0,0,0,0,0,NA,NA,NA,NA,NA,NA,NA,NA,0,0,0,0,NA,NA,NA,NA,NA
"Kurt Klühspies","5ac3e7d7-3955-11ef-b574-4fa817cd91bb",NA,NA,1970,"10/31/1970","996fd1b7-3960-11ef-848f-d3de5c174a65","away","TV Großwallstadt","TSV Milbertshofen",19,19,FALSE,3,NA,NA,0,0,0,NA,0,0,0,0,0,0,NA,NA,NA,NA,NA,NA,NA,NA,0,0,0,0,NA,NA,NA,NA,NA
"Eckhardt Suffel","aeac0503-3955-11ef-88c6-a36230ada079",NA,NA,1970,"10/31/1970","996fd1b7-3960-11ef-848f-d3de5c174a65","away","TV Großwallstadt","TSV Milbertshofen",19,19,FALSE,1,NA,NA,0,0,0,NA,0,0,0,0,0,0,NA,NA,NA,NA,NA,NA,NA,NA,0,0,0,0,NA,NA,NA,NA,NA
"Robert Schnabel","bbbd881a-3955-11ef-a181-ab397f561917",NA,NA,1970,"10/31/1970","996fd1b7-3960-11ef-848f-d3de5c174a65","away","TV Großwallstadt","TSV Milbertshofen",19,19,FALSE,0,NA,NA,0,0,0,NA,0,0,0,0,0,0,NA,NA,NA,NA,NA,NA,NA,NA,0,0,0,0,NA,NA,NA,NA,NA
"Peter Kuß","bbc18adb-3955-11ef-a5f7-ab397f561917",NA,NA,1970,"10/31/1970","996fd1b7-3960-11ef-848f-d3de5c174a65","away","TV Großwallstadt","TSV Milbertshofen",19,19,FALSE,5,NA,NA,0,0,0,NA,0,0,0,0,0,0,NA,NA,NA,NA,NA,NA,NA,NA,0,0,0,0,NA,NA,NA,NA,NA
"Rainer Oberle","be123408-3955-11ef-92a6-ab397f561917",NA,NA,1970,"10/31/1970","996fd1b7-3960-11ef-848f-d3de5c174a65","away","TV Großwallstadt","TSV Milbertshofen",19,19,FALSE,7,NA,NA,0,0,0,NA,0,0,0,0,0,0,NA,NA,NA,NA,NA,NA,NA,NA,0,0,0,0,NA,NA,NA,NA,NA
"Hans-Joachim Herzig","c7ff4ec7-3955-11ef-a4ed-157c9bc18a5f",NA,NA,1970,"10/31/1970","996fd1b7-3960-11ef-848f-d3de5c174a65","away","TV Großwallstadt","TSV Milbertshofen",19,19,FALSE,0,NA,NA,0,0,0,NA,0,0,0,0,0,0,NA,NA,NA,NA,NA,NA,NA,NA,0,0,0,0,NA,NA,NA,NA,NA
"Klaus Oberle","c96e13a5-3955-11ef-a68a-157c9bc18a5f",NA,NA,1970,"10/31/1970","996fd1b7-3960-11ef-848f-d3de5c174a65","away","TV Großwallstadt","TSV Milbertshofen",19,19,FALSE,0,NA,NA,0,0,0,NA,0,0,0,0,0,0,NA,NA,NA,NA,NA,NA,NA,NA,0,0,0,0,NA,NA,NA,NA,NA
"Ludwig Hohm","c97b5499-3955-11ef-8cf3-157c9bc18a5f",NA,NA,1970,"10/31/1970","996fd1b7-3960-11ef-848f-d3de5c174a65","away","TV Großwallstadt","TSV Milbertshofen",19,19,FALSE,0,NA,NA,0,0,0,NA,0,0,0,0,0,0,NA,NA,NA,NA,NA,NA,NA,NA,0,0,0,0,NA,NA,NA,NA,NA
"Erich Kolb","d2d1efef-3955-11ef-89e7-a36230ada079",NA,NA,1970,"10/31/1970","996fd1b7-3960-11ef-848f-d3de5c174a65","away","TV Großwallstadt","TSV Milbertshofen",19,19,FALSE,0,NA,NA,0,0,0,NA,0,0,0,0,0,0,NA,NA,NA,NA,NA,NA,NA,NA,0,0,0,0,NA,NA,NA,NA,NA
"Karl-Heinz Schulz","72847241-3955-11ef-8bd4-51fdf2a82730",NA,NA,1970,"11/1/1970","8ff0bb8b-3960-11ef-8970-9b08c5d4c173","home","TuS 05 Wellinghofen","Hamburger SV",16,12,TRUE,1,NA,NA,0,0,0,NA,0,0,0,0,0,0,NA,NA,NA,NA,NA,NA,NA,NA,0,0,0,0,NA,NA,NA,NA,NA
"Hans-Jürgen Zick","8d67d76a-3955-11ef-8956-81dc40648355",NA,NA,1970,"11/1/1970","8ff0bb8b-3960-11ef-8970-9b08c5d4c173","home","TuS 05 Wellinghofen","Hamburger SV",16,12,TRUE,0,NA,NA,0,0,0,NA,0,0,0,0,0,0,NA,NA,NA,NA,NA,NA,NA,NA,0,0,0,0,NA,NA,NA,NA,NA
"Heiner Möller","8d7571e4-3955-11ef-b1d3-81dc40648355",NA,NA,1970,"11/1/1970","8ff0bb8b-3960-11ef-8970-9b08c5d4c173","home","TuS 05 Wellinghofen","Hamburger SV",16,12,TRUE,4,NA,NA,0,0,0,NA,0,0,0,0,0,0,NA,NA,NA,NA,NA,NA,NA,NA,0,0,0,0,NA,NA,NA,NA,NA
"Hans-Peter Neuhaus","8d9d3887-3955-11ef-80a3-81dc40648355",NA,NA,1970,"11/1/1970","8ff0bb8b-3960-11ef-8970-9b08c5d4c173","home","TuS 05 Wellinghofen","Hamburger SV",16,12,TRUE,5,NA,NA,0,0,2,NA,0,0,0,0,0,0,NA,NA,NA,NA,NA,NA,NA,NA,0,0,0,0,NA,NA,NA,NA,NA
"Rainer Gosewinkel","a4d61156-3955-11ef-8406-2510cc07ea6e",NA,NA,1970,"11/1/1970","8ff0bb8b-3960-11ef-8970-9b08c5d4c173","home","TuS 05 Wellinghofen","Hamburger SV",16,12,TRUE,2,NA,NA,0,0,0,NA,0,0,0,0,0,0,NA,NA,NA,NA,NA,NA,NA,NA,0,0,0,0,NA,NA,NA,NA,NA
"Klaus Erwe","a4f54a19-3955-11ef-b48a-2510cc07ea6e",NA,NA,1970,"11/1/1970","8ff0bb8b-3960-11ef-8970-9b08c5d4c173","home","TuS 05 Wellinghofen","Hamburger SV",16,12,TRUE,0,NA,NA,0,0,0,NA,0,0,0,0,0,0,NA,NA,NA,NA,NA,NA,NA,NA,0,0,0,0,NA,NA,NA,NA,NA
"Burkhard Gröning","a52c6e4f-3955-11ef-a576-2510cc07ea6e",NA,NA,1970,"11/1/1970","8ff0bb8b-3960-11ef-8970-9b08c5d4c173","home","TuS 05 Wellinghofen","Hamburger SV",16,12,TRUE,2,NA,NA,0,0,0,NA,0,0,0,0,0,0,NA,NA,NA,NA,NA,NA,NA,NA,0,0,0,0,NA,NA,NA,NA,NA
"Klaus Tiews","a531838f-3955-11ef-8e99-2510cc07ea6e",NA,NA,1970,"11/1/1970","8ff0bb8b-3960-11ef-8970-9b08c5d4c173","home","TuS 05 Wellinghofen","Hamburger SV",16,12,TRUE,0,NA,NA,0,0,0,NA,0,0,0,0,0,0,NA,NA,NA,NA,NA,NA,NA,NA,0,0,0,0,NA,NA,NA,NA,NA
"Hans-Jürgen Sengera","ba7fae8e-3955-11ef-80e4-ab397f561917",NA,NA,1970,"11/1/1970","8ff0bb8b-3960-11ef-8970-9b08c5d4c173","home","TuS 05 Wellinghofen","Hamburger SV",16,12,TRUE,0,NA,NA,0,0,0,NA,0,0,0,0,0,0,NA,NA,NA,NA,NA,NA,NA,NA,0,0,0,0,NA,NA,NA,NA,NA
"Ulrich Thubeauville","c76555ef-3955-11ef-9f3a-157c9bc18a5f",NA,NA,1970,"11/1/1970","8ff0bb8b-3960-11ef-8970-9b08c5d4c173","home","TuS 05 Wellinghofen","Hamburger SV",16,12,TRUE,2,NA,NA,0,0,1,NA,0,0,0,0,0,0,NA,NA,NA,NA,NA,NA,NA,NA,0,0,0,0,NA,NA,NA,NA,NA
"Burkhardt Eckardt","c76d08cb-3955-11ef-8fa7-157c9bc18a5f",NA,NA,1970,"11/1/1970","8ff0bb8b-3960-11ef-8970-9b08c5d4c173","home","TuS 05 Wellinghofen","Hamburger SV",16,12,TRUE,0,NA,NA,0,0,0,NA,0,0,0,0,0,0,NA,NA,NA,NA,NA,NA,NA,NA,0,0,0,0,NA,NA,NA,NA,NA
"Gerd Thiele","c9f7a8d5-3955-11ef-93d4-157c9bc18a5f",NA,NA,1970,"11/1/1970","8ff0bb8b-3960-11ef-8970-9b08c5d4c173","home","TuS 05 Wellinghofen","Hamburger SV",16,12,TRUE,0,NA,NA,0,0,0,NA,0,0,0,0,0,0,NA,NA,NA,NA,NA,NA,NA,NA,0,0,0,0,NA,NA,NA,NA,NA
"Hans-Jürgen Bode","b011e6da-3955-11ef-8205-a36230ada079",NA,NA,1970,"11/1/1970","8ff0bb8b-3960-11ef-8970-9b08c5d4c173","away","Hamburger SV","TuS 05 Wellinghofen",12,16,FALSE,0,NA,NA,0,0,0,NA,0,0,0,0,0,0,NA,NA,NA,NA,NA,NA,NA,NA,0,0,0,0,NA,NA,NA,NA,NA
"Herbert Niemeier","b0163f16-3955-11ef-ae9e-a36230ada079",NA,NA,1970,"11/1/1970","8ff0bb8b-3960-11ef-8970-9b08c5d4c173","away","Hamburger SV","TuS 05 Wellinghofen",12,16,FALSE,1,NA,NA,0,0,0,NA,0,0,0,0,0,0,NA,NA,NA,NA,NA,NA,NA,NA,0,0,0,0,NA,NA,NA,NA,NA
"Jens Ivers","b02f4aea-3955-11ef-801e-a36230ada079",NA,NA,1970,"11/1/1970","8ff0bb8b-3960-11ef-8970-9b08c5d4c173","away","Hamburger SV","TuS 05 Wellinghofen",12,16,FALSE,1,NA,NA,0,0,0,NA,0,0,0,0,0,0,NA,NA,NA,NA,NA,NA,NA,NA,0,0,0,0,NA,NA,NA,NA,NA
"Hans-Joachim Beißel","b0341bcb-3955-11ef-9e08-a36230ada079",NA,NA,1970,"11/1/1970","8ff0bb8b-3960-11ef-8970-9b08c5d4c173","away","Hamburger SV","TuS 05 Wellinghofen",12,16,FALSE,1,NA,NA,0,0,0,NA,0,0,0,0,0,0,NA,NA,NA,NA,NA,NA,NA,NA,0,0,0,0,NA,NA,NA,NA,NA
"Norbert Germer","b03f8101-3955-11ef-8945-a36230ada079",NA,NA,1970,"11/1/1970","8ff0bb8b-3960-11ef-8970-9b08c5d4c173","away","Hamburger SV","TuS 05 Wellinghofen",12,16,FALSE,1,NA,NA,0,0,0,NA,0,0,0,0,0,0,NA,NA,NA,NA,NA,NA,NA,NA,0,0,0,0,NA,NA,NA,NA,NA
"Siegfried Berg","b10d3ec3-3955-11ef-8a30-a36230ada079",NA,NA,1970,"11/1/1970","8ff0bb8b-3960-11ef-8970-9b08c5d4c173","away","Hamburger SV","TuS 05 Wellinghofen",12,16,FALSE,0,NA,NA,0,0,0,NA,0,0,0,0,0,0,NA,NA,NA,NA,NA,NA,NA,NA,0,0,0,0,NA,NA,NA,NA,NA
"Bernd Heiden","baf62966-3955-11ef-b7e1-ab397f561917",NA,NA,1970,"11/1/1970","8ff0bb8b-3960-11ef-8970-9b08c5d4c173","away","Hamburger SV","TuS 05 Wellinghofen",12,16,FALSE,0,NA,NA,0,0,0,NA,0,0,0,0,0,0,NA,NA,NA,NA,NA,NA,NA,NA,0,0,0,0,NA,NA,NA,NA,NA
"Klaus Lange","bafb51f3-3955-11ef-9864-ab397f561917",NA,NA,1970,"11/1/1970","8ff0bb8b-3960-11ef-8970-9b08c5d4c173","away","Hamburger SV","TuS 05 Wellinghofen",12,16,FALSE,6,NA,NA,0,0,3,NA,0,0,0,0,0,0,NA,NA,NA,NA,NA,NA,NA,NA,0,0,0,0,NA,NA,NA,NA,NA
"Rüdiger Heß","bd122db8-3955-11ef-9b21-ab397f561917",NA,NA,1970,"11/1/1970","8ff0bb8b-3960-11ef-8970-9b08c5d4c173","away","Hamburger SV","TuS 05 Wellinghofen",12,16,FALSE,1,NA,NA,0,0,0,NA,0,0,0,0,0,0,NA,NA,NA,NA,NA,NA,NA,NA,0,0,0,0,NA,NA,NA,NA,NA
"Manfred Grühn","c755d6cb-3955-11ef-a162-157c9bc18a5f",NA,NA,1970,"11/1/1970","8ff0bb8b-3960-11ef-8970-9b08c5d4c173","away","Hamburger SV","TuS 05 Wellinghofen",12,16,FALSE,0,NA,NA,0,0,0,NA,0,0,0,0,0,0,NA,NA,NA,NA,NA,NA,NA,NA,0,0,0,0,NA,NA,NA,NA,NA
"Katsuhiko Chikamori","c9e81f92-3955-11ef-87d2-157c9bc18a5f",NA,NA,1970,"11/1/1970","8ff0bb8b-3960-11ef-8970-9b08c5d4c173","away","Hamburger SV","TuS 05 Wellinghofen",12,16,FALSE,1,NA,NA,0,0,0,NA,0,0,0,0,0,0,NA,NA,NA,NA,NA,NA,NA,NA,0,0,0,0,NA,NA,NA,NA,NA
"Werner Kühn","a5a83923-3955-11ef-abc5-2510cc07ea6e",NA,NA,1970,"11/1/1970","91443801-3960-11ef-8755-9b08c5d4c173","home","SC Phönix Essen 1920","THW Kiel",10,14,FALSE,1,NA,NA,0,0,0,NA,0,0,0,0,0,0,NA,NA,NA,NA,NA,NA,NA,NA,0,0,0,0,NA,NA,NA,NA,NA
"Heinz Oberscheidt","a5ae94f2-3955-11ef-91fc-2510cc07ea6e",NA,NA,1970,"11/1/1970","91443801-3960-11ef-8755-9b08c5d4c173","home","SC Phönix Essen 1920","THW Kiel",10,14,FALSE,2,NA,NA,0,0,0,NA,0,0,0,0,0,0,NA,NA,NA,NA,NA,NA,NA,NA,0,0,0,0,NA,NA,NA,NA,NA
"Norbert Meister","a610e086-3955-11ef-bf85-2510cc07ea6e",NA,NA,1970,"11/1/1970","91443801-3960-11ef-8755-9b08c5d4c173","home","SC Phönix Essen 1920","THW Kiel",10,14,FALSE,0,NA,NA,0,0,0,NA,0,0,0,0,0,0,NA,NA,NA,NA,NA,NA,NA,NA,0,0,0,0,NA,NA,NA,NA,NA
"Rüdiger Hillebrand","b0c11a9c-3955-11ef-bf0d-a36230ada079",NA,NA,1970,"11/1/1970","91443801-3960-11ef-8755-9b08c5d4c173","home","SC Phönix Essen 1920","THW Kiel",10,14,FALSE,0,NA,NA,0,0,0,NA,0,0,0,0,0,0,NA,NA,NA,NA,NA,NA,NA,NA,0,0,0,0,NA,NA,NA,NA,NA
"Bernd Tolksdorf","bae02284-3955-11ef-b577-ab397f561917",NA,NA,1970,"11/1/1970","91443801-3960-11ef-8755-9b08c5d4c173","home","SC Phönix Essen 1920","THW Kiel",10,14,FALSE,0,NA,NA,0,0,0,NA,0,0,0,0,0,0,NA,NA,NA,NA,NA,NA,NA,NA,0,0,0,0,NA,NA,NA,NA,NA
"Klaus Kirschner","bae43a44-3955-11ef-ae7c-ab397f561917",NA,NA,1970,"11/1/1970","91443801-3960-11ef-8755-9b08c5d4c173","home","SC Phönix Essen 1920","THW Kiel",10,14,FALSE,0,NA,NA,0,0,0,NA,0,0,0,0,0,0,NA,NA,NA,NA,NA,NA,NA,NA,0,0,0,0,NA,NA,NA,NA,NA
"Marinko Andrić","bae9ac2f-3955-11ef-863e-ab397f561917",NA,NA,1970,"11/1/1970","91443801-3960-11ef-8755-9b08c5d4c173","home","SC Phönix Essen 1920","THW Kiel",10,14,FALSE,0,NA,NA,0,0,0,NA,0,0,0,0,0,0,NA,NA,NA,NA,NA,NA,NA,NA,0,0,0,0,NA,NA,NA,NA,NA
"Michael Hattig","bd52f5b1-3955-11ef-ba0c-ab397f561917",NA,NA,1970,"11/1/1970","91443801-3960-11ef-8755-9b08c5d4c173","home","SC Phönix Essen 1920","THW Kiel",10,14,FALSE,4,NA,NA,0,0,3,NA,0,0,0,0,0,0,NA,NA,NA,NA,NA,NA,NA,NA,0,0,0,0,NA,NA,NA,NA,NA
"Andrija Kotlas","bde016f5-3955-11ef-b96c-ab397f561917",NA,NA,1970,"11/1/1970","91443801-3960-11ef-8755-9b08c5d4c173","home","SC Phönix Essen 1920","THW Kiel",10,14,FALSE,2,NA,NA,0,0,0,NA,0,0,0,0,0,0,NA,NA,NA,NA,NA,NA,NA,NA,0,0,0,0,NA,NA,NA,NA,NA
"Carl-Bernd Behler","c79d213f-3955-11ef-a773-157c9bc18a5f",NA,NA,1970,"11/1/1970","91443801-3960-11ef-8755-9b08c5d4c173","home","SC Phönix Essen 1920","THW Kiel",10,14,FALSE,0,NA,NA,0,0,0,NA,0,0,0,0,0,0,NA,NA,NA,NA,NA,NA,NA,NA,0,0,0,0,NA,NA,NA,NA,NA
"Ernst Weise","c90cdba3-3955-11ef-b068-157c9bc18a5f",NA,NA,1970,"11/1/1970","91443801-3960-11ef-8755-9b08c5d4c173","home","SC Phönix Essen 1920","THW Kiel",10,14,FALSE,1,NA,NA,0,0,0,NA,0,0,0,0,0,0,NA,NA,NA,NA,NA,NA,NA,NA,0,0,0,0,NA,NA,NA,NA,NA
"Hans-Jörg Graeper","964d8ebc-3955-11ef-a25b-292be3190b7b",NA,NA,1970,"11/1/1970","91443801-3960-11ef-8755-9b08c5d4c173","away","THW Kiel","SC Phönix Essen 1920",14,10,TRUE,1,NA,NA,0,0,0,NA,0,0,0,0,0,0,NA,NA,NA,NA,NA,NA,NA,NA,0,0,0,0,NA,NA,NA,NA,NA
"Gerd Welz","98273a90-3955-11ef-a3a2-292be3190b7b",NA,NA,1970,"11/1/1970","91443801-3960-11ef-8755-9b08c5d4c173","away","THW Kiel","SC Phönix Essen 1920",14,10,TRUE,1,NA,NA,0,0,0,NA,0,0,0,0,0,0,NA,NA,NA,NA,NA,NA,NA,NA,0,0,0,0,NA,NA,NA,NA,NA
"Volker Harbs","9995a6f3-3955-11ef-b74f-292be3190b7b",NA,NA,1970,"11/1/1970","91443801-3960-11ef-8755-9b08c5d4c173","away","THW Kiel","SC Phönix Essen 1920",14,10,TRUE,2,NA,NA,0,0,1,NA,0,0,0,0,0,0,NA,NA,NA,NA,NA,NA,NA,NA,0,0,0,0,NA,NA,NA,NA,NA
"Peter Prehn","b073ee0a-3955-11ef-8404-a36230ada079",NA,NA,1970,"11/1/1970","91443801-3960-11ef-8755-9b08c5d4c173","away","THW Kiel","SC Phönix Essen 1920",14,10,TRUE,1,NA,NA,0,0,0,NA,0,0,0,0,0,0,NA,NA,NA,NA,NA,NA,NA,NA,0,0,0,0,NA,NA,NA,NA,NA
"Peter Werk","b0784d6e-3955-11ef-9a85-a36230ada079",NA,NA,1970,"11/1/1970","91443801-3960-11ef-8755-9b08c5d4c173","away","THW Kiel","SC Phönix Essen 1920",14,10,TRUE,1,NA,NA,0,0,0,NA,0,0,0,0,0,0,NA,NA,NA,NA,NA,NA,NA,NA,0,0,0,0,NA,NA,NA,NA,NA
"Manfred Schulz","b0a21333-3955-11ef-a679-a36230ada079",NA,NA,1970,"11/1/1970","91443801-3960-11ef-8755-9b08c5d4c173","away","THW Kiel","SC Phönix Essen 1920",14,10,TRUE,0,NA,NA,0,0,0,NA,0,0,0,0,0,0,NA,NA,NA,NA,NA,NA,NA,NA,0,0,0,0,NA,NA,NA,NA,NA
"Bernd Nielsen","b1480d2c-3955-11ef-8563-a36230ada079",NA,NA,1970,"11/1/1970","91443801-3960-11ef-8755-9b08c5d4c173","away","THW Kiel","SC Phönix Essen 1920",14,10,TRUE,7,NA,NA,0,0,0,NA,0,0,0,0,0,0,NA,NA,NA,NA,NA,NA,NA,NA,0,0,0,0,NA,NA,NA,NA,NA
"Hartwig Moll","b14ce7d8-3955-11ef-8cb5-a36230ada079",NA,NA,1970,"11/1/1970","91443801-3960-11ef-8755-9b08c5d4c173","away","THW Kiel","SC Phönix Essen 1920",14,10,TRUE,0,NA,NA,0,0,0,NA,0,0,0,0,0,0,NA,NA,NA,NA,NA,NA,NA,NA,0,0,0,0,NA,NA,NA,NA,NA
"Rainer Voigt","c7c742a9-3955-11ef-b542-157c9bc18a5f",NA,NA,1970,"11/1/1970","91443801-3960-11ef-8755-9b08c5d4c173","away","THW Kiel","SC Phönix Essen 1920",14,10,TRUE,0,NA,NA,0,0,0,NA,0,0,0,0,0,0,NA,NA,NA,NA,NA,NA,NA,NA,0,0,0,0,NA,NA,NA,NA,NA
"Dieter Baguhn","c7cbf017-3955-11ef-b1f7-157c9bc18a5f",NA,NA,1970,"11/1/1970","91443801-3960-11ef-8755-9b08c5d4c173","away","THW Kiel","SC Phönix Essen 1920",14,10,TRUE,1,NA,NA,0,0,0,NA,0,0,0,0,0,0,NA,NA,NA,NA,NA,NA,NA,NA,0,0,0,0,NA,NA,NA,NA,NA
"Bernhard Busch","8dc9280f-3955-11ef-80e2-81dc40648355",NA,NA,1970,"11/7/1970","8f044b2d-3960-11ef-a44b-9b08c5d4c173","home","GWD Minden","TV Krefeld-Oppum 1894",16,12,TRUE,1,NA,NA,0,0,0,NA,0,0,0,0,0,0,NA,NA,NA,NA,NA,NA,NA,NA,0,0,0,0,NA,NA,NA,NA,NA
"Gerald Schüler","96fc1532-3955-11ef-bddd-292be3190b7b",NA,NA,1970,"11/7/1970","8f044b2d-3960-11ef-a44b-9b08c5d4c173","home","GWD Minden","TV Krefeld-Oppum 1894",16,12,TRUE,0,NA,NA,0,0,0,NA,0,0,0,0,0,0,NA,NA,NA,NA,NA,NA,NA,NA,0,0,0,0,NA,NA,NA,NA,NA
"Martin Karcher","980f80ce-3955-11ef-8054-292be3190b7b",NA,NA,1970,"11/7/1970","8f044b2d-3960-11ef-a44b-9b08c5d4c173","home","GWD Minden","TV Krefeld-Oppum 1894",16,12,TRUE,0,NA,NA,0,0,0,NA,0,0,0,0,0,0,NA,NA,NA,NA,NA,NA,NA,NA,0,0,0,0,NA,NA,NA,NA,NA
"Hans Kramer","98f50290-3955-11ef-8aa8-292be3190b7b",NA,NA,1970,"11/7/1970","8f044b2d-3960-11ef-a44b-9b08c5d4c173","home","GWD Minden","TV Krefeld-Oppum 1894",16,12,TRUE,3,NA,NA,0,0,0,NA,0,0,0,0,0,0,NA,NA,NA,NA,NA,NA,NA,NA,0,0,0,0,NA,NA,NA,NA,NA
"Bernd Munck","ba5ee5e3-3955-11ef-9f80-ab397f561917",NA,NA,1970,"11/7/1970","8f044b2d-3960-11ef-a44b-9b08c5d4c173","home","GWD Minden","TV Krefeld-Oppum 1894",16,12,TRUE,1,NA,NA,0,0,0,NA,0,0,0,0,0,0,NA,NA,NA,NA,NA,NA,NA,NA,0,0,0,0,NA,NA,NA,NA,NA
"Wilfried Drögemeier","ba63ada7-3955-11ef-a04d-ab397f561917",NA,NA,1970,"11/7/1970","8f044b2d-3960-11ef-a44b-9b08c5d4c173","home","GWD Minden","TV Krefeld-Oppum 1894",16,12,TRUE,1,NA,NA,0,0,0,NA,0,0,0,0,0,0,NA,NA,NA,NA,NA,NA,NA,NA,0,0,0,0,NA,NA,NA,NA,NA
"Klaus Barlach","bcee5b38-3955-11ef-a026-ab397f561917",NA,NA,1970,"11/7/1970","8f044b2d-3960-11ef-a44b-9b08c5d4c173","home","GWD Minden","TV Krefeld-Oppum 1894",16,12,TRUE,2,NA,NA,0,0,0,NA,0,0,0,0,0,0,NA,NA,NA,NA,NA,NA,NA,NA,0,0,0,0,NA,NA,NA,NA,NA
"Otto Weng","bcfbec1c-3955-11ef-b4f4-ab397f561917",NA,NA,1970,"11/7/1970","8f044b2d-3960-11ef-a44b-9b08c5d4c173","home","GWD Minden","TV Krefeld-Oppum 1894",16,12,TRUE,6,NA,NA,0,0,3,NA,0,0,0,0,0,0,NA,NA,NA,NA,NA,NA,NA,NA,0,0,0,0,NA,NA,NA,NA,NA
"Jürgen Buhrmester","c747ff25-3955-11ef-9695-157c9bc18a5f",NA,NA,1970,"11/7/1970","8f044b2d-3960-11ef-a44b-9b08c5d4c173","home","GWD Minden","TV Krefeld-Oppum 1894",16,12,TRUE,1,NA,NA,0,0,0,NA,0,0,0,0,0,0,NA,NA,NA,NA,NA,NA,NA,NA,0,0,0,0,NA,NA,NA,NA,NA
"Manfred Horstkötter","c8a23936-3955-11ef-9884-157c9bc18a5f",NA,NA,1970,"11/7/1970","8f044b2d-3960-11ef-a44b-9b08c5d4c173","home","GWD Minden","TV Krefeld-Oppum 1894",16,12,TRUE,1,NA,NA,0,0,0,NA,0,0,0,0,0,0,NA,NA,NA,NA,NA,NA,NA,NA,0,0,0,0,NA,NA,NA,NA,NA
"Herbert Nottmeier","c9de181d-3955-11ef-a7e1-157c9bc18a5f",NA,NA,1970,"11/7/1970","8f044b2d-3960-11ef-a44b-9b08c5d4c173","home","GWD Minden","TV Krefeld-Oppum 1894",16,12,TRUE,0,NA,NA,0,0,0,NA,0,0,0,0,0,0,NA,NA,NA,NA,NA,NA,NA,NA,0,0,0,0,NA,NA,NA,NA,NA
"Norbert Kroker","bd441662-3955-11ef-b771-ab397f561917",NA,NA,1970,"11/7/1970","8f044b2d-3960-11ef-a44b-9b08c5d4c173","away","TV Krefeld-Oppum 1894","GWD Minden",12,16,FALSE,3,NA,NA,0,0,0,NA,0,0,0,0,0,0,NA,NA,NA,NA,NA,NA,NA,NA,0,0,0,0,NA,NA,NA,NA,NA
"Herbert Engels","ca0717a5-3955-11ef-8dce-157c9bc18a5f",NA,NA,1970,"11/7/1970","8f044b2d-3960-11ef-a44b-9b08c5d4c173","away","TV Krefeld-Oppum 1894","GWD Minden",12,16,FALSE,0,NA,NA,0,0,0,NA,0,0,0,0,0,0,NA,NA,NA,NA,NA,NA,NA,NA,0,0,0,0,NA,NA,NA,NA,NA
"Gerd Rüben","ca14b98f-3955-11ef-a366-157c9bc18a5f",NA,NA,1970,"11/7/1970","8f044b2d-3960-11ef-a44b-9b08c5d4c173","away","TV Krefeld-Oppum 1894","GWD Minden",12,16,FALSE,0,NA,NA,0,0,0,NA,0,0,0,0,0,0,NA,NA,NA,NA,NA,NA,NA,NA,0,0,0,0,NA,NA,NA,NA,NA
"Theo Inger","ca18e97b-3955-11ef-91fb-157c9bc18a5f",NA,NA,1970,"11/7/1970","8f044b2d-3960-11ef-a44b-9b08c5d4c173","away","TV Krefeld-Oppum 1894","GWD Minden",12,16,FALSE,3,NA,NA,0,0,1,NA,0,0,0,0,0,0,NA,NA,NA,NA,NA,NA,NA,NA,0,0,0,0,NA,NA,NA,NA,NA
"Peter Inger","ca1d519a-3955-11ef-b5d9-157c9bc18a5f",NA,NA,1970,"11/7/1970","8f044b2d-3960-11ef-a44b-9b08c5d4c173","away","TV Krefeld-Oppum 1894","GWD Minden",12,16,FALSE,2,NA,NA,0,0,0,NA,0,0,0,0,0,0,NA,NA,NA,NA,NA,NA,NA,NA,0,0,0,0,NA,NA,NA,NA,NA
"Hermann Köhler","ca2255bc-3955-11ef-91a7-157c9bc18a5f",NA,NA,1970,"11/7/1970","8f044b2d-3960-11ef-a44b-9b08c5d4c173","away","TV Krefeld-Oppum 1894","GWD Minden",12,16,FALSE,0,NA,NA,0,0,0,NA,0,0,0,0,0,0,NA,NA,NA,NA,NA,NA,NA,NA,0,0,0,0,NA,NA,NA,NA,NA
"Horst Panknin","ca26d115-3955-11ef-a60e-157c9bc18a5f",NA,NA,1970,"11/7/1970","8f044b2d-3960-11ef-a44b-9b08c5d4c173","away","TV Krefeld-Oppum 1894","GWD Minden",12,16,FALSE,0,NA,NA,0,0,0,NA,0,0,0,0,0,0,NA,NA,NA,NA,NA,NA,NA,NA,0,0,0,0,NA,NA,NA,NA,NA
"Hugo Schroers","ca2f571a-3955-11ef-8d46-157c9bc18a5f",NA,NA,1970,"11/7/1970","8f044b2d-3960-11ef-a44b-9b08c5d4c173","away","TV Krefeld-Oppum 1894","GWD Minden",12,16,FALSE,2,NA,NA,0,0,0,NA,0,0,0,0,0,0,NA,NA,NA,NA,NA,NA,NA,NA,0,0,0,0,NA,NA,NA,NA,NA
"Max Zwierkowski","ca390aba-3955-11ef-97b4-157c9bc18a5f",NA,NA,1970,"11/7/1970","8f044b2d-3960-11ef-a44b-9b08c5d4c173","away","TV Krefeld-Oppum 1894","GWD Minden",12,16,FALSE,1,NA,NA,0,0,0,NA,0,0,0,0,0,0,NA,NA,NA,NA,NA,NA,NA,NA,0,0,0,0,NA,NA,NA,NA,NA
"Leo Ritz","ca3d0962-3955-11ef-938c-157c9bc18a5f",NA,NA,1970,"11/7/1970","8f044b2d-3960-11ef-a44b-9b08c5d4c173","away","TV Krefeld-Oppum 1894","GWD Minden",12,16,FALSE,1,NA,NA,0,0,0,NA,0,0,0,0,0,0,NA,NA,NA,NA,NA,NA,NA,NA,0,0,0,0,NA,NA,NA,NA,NA
"Dieter Patz","ca42d471-3955-11ef-a75d-157c9bc18a5f",NA,NA,1970,"11/7/1970","8f044b2d-3960-11ef-a44b-9b08c5d4c173","away","TV Krefeld-Oppum 1894","GWD Minden",12,16,FALSE,0,NA,NA,0,0,0,NA,0,0,0,0,0,0,NA,NA,NA,NA,NA,NA,NA,NA,0,0,0,0,NA,NA,NA,NA,NA
"Robert Becker","ae8c50f9-3955-11ef-91c4-a36230ada079",NA,NA,1970,"11/7/1970","91cfdd5c-3960-11ef-9a9d-9b08c5d4c173","home","TV Hochdorf","TSV Milbertshofen",18,16,TRUE,1,NA,NA,0,0,0,NA,0,0,0,0,0,0,NA,NA,NA,NA,NA,NA,NA,NA,0,0,0,0,NA,NA,NA,NA,NA
"Jürgen Hahn","ae947745-3955-11ef-bc54-a36230ada079",NA,NA,1970,"11/7/1970","91cfdd5c-3960-11ef-9a9d-9b08c5d4c173","home","TV Hochdorf","TSV Milbertshofen",18,16,TRUE,3,NA,NA,0,0,0,NA,0,0,0,0,0,0,NA,NA,NA,NA,NA,NA,NA,NA,0,0,0,0,NA,NA,NA,NA,NA
"Wilfried Job","af3ed007-3955-11ef-9184-a36230ada079",NA,NA,1970,"11/7/1970","91cfdd5c-3960-11ef-9a9d-9b08c5d4c173","home","TV Hochdorf","TSV Milbertshofen",18,16,TRUE,1,NA,NA,0,0,0,NA,0,0,0,0,0,0,NA,NA,NA,NA,NA,NA,NA,NA,0,0,0,0,NA,NA,NA,NA,NA
"Hans Stein","bde4861d-3955-11ef-a14e-ab397f561917",NA,NA,1970,"11/7/1970","91cfdd5c-3960-11ef-9a9d-9b08c5d4c173","home","TV Hochdorf","TSV Milbertshofen",18,16,TRUE,3,NA,NA,0,0,0,NA,0,0,0,0,0,0,NA,NA,NA,NA,NA,NA,NA,NA,0,0,0,0,NA,NA,NA,NA,NA
"Edwin Hutter","c93080aa-3955-11ef-85b4-157c9bc18a5f",NA,NA,1970,"11/7/1970","91cfdd5c-3960-11ef-9a9d-9b08c5d4c173","home","TV Hochdorf","TSV Milbertshofen",18,16,TRUE,0,NA,NA,0,0,0,NA,0,0,0,0,0,0,NA,NA,NA,NA,NA,NA,NA,NA,0,0,0,0,NA,NA,NA,NA,NA
"Werner Häfele","c9414487-3955-11ef-a5df-157c9bc18a5f",NA,NA,1970,"11/7/1970","91cfdd5c-3960-11ef-9a9d-9b08c5d4c173","home","TV Hochdorf","TSV Milbertshofen",18,16,TRUE,4,NA,NA,0,0,0,NA,0,0,0,0,0,0,NA,NA,NA,NA,NA,NA,NA,NA,0,0,0,0,NA,NA,NA,NA,NA
"Willi Butz","c945a2f1-3955-11ef-8b53-157c9bc18a5f",NA,NA,1970,"11/7/1970","91cfdd5c-3960-11ef-9a9d-9b08c5d4c173","home","TV Hochdorf","TSV Milbertshofen",18,16,TRUE,3,NA,NA,0,0,0,NA,0,0,0,0,0,0,NA,NA,NA,NA,NA,NA,NA,NA,0,0,0,0,NA,NA,NA,NA,NA
"Peter Frisch","c94a46b7-3955-11ef-8686-157c9bc18a5f",NA,NA,1970,"11/7/1970","91cfdd5c-3960-11ef-9a9d-9b08c5d4c173","home","TV Hochdorf","TSV Milbertshofen",18,16,TRUE,2,NA,NA,0,0,0,NA,0,0,0,0,0,0,NA,NA,NA,NA,NA,NA,NA,NA,0,0,0,0,NA,NA,NA,NA,NA
"Werner Matill","c9539495-3955-11ef-9bff-157c9bc18a5f",NA,NA,1970,"11/7/1970","91cfdd5c-3960-11ef-9a9d-9b08c5d4c173","home","TV Hochdorf","TSV Milbertshofen",18,16,TRUE,0,NA,NA,0,0,0,NA,0,0,0,0,0,0,NA,NA,NA,NA,NA,NA,NA,NA,0,0,0,0,NA,NA,NA,NA,NA
"Alois Ehmann","d286fca5-3955-11ef-a9e5-a36230ada079",NA,NA,1970,"11/7/1970","91cfdd5c-3960-11ef-9a9d-9b08c5d4c173","home","TV Hochdorf","TSV Milbertshofen",18,16,TRUE,1,NA,NA,0,0,0,NA,0,0,0,0,0,0,NA,NA,NA,NA,NA,NA,NA,NA,0,0,0,0,NA,NA,NA,NA,NA
"Hans Moser","7e83ce46-3955-11ef-830d-b908c60af10a",NA,NA,1970,"11/7/1970","91cfdd5c-3960-11ef-9a9d-9b08c5d4c173","away","TSV Milbertshofen","TV Hochdorf",16,18,FALSE,8,NA,NA,0,0,2,NA,0,0,0,0,0,0,NA,NA,NA,NA,NA,NA,NA,NA,0,0,0,0,NA,NA,NA,NA,NA
"Gerhard Ochsenkühn","97259ed1-3955-11ef-96ca-292be3190b7b",NA,NA,1970,"11/7/1970","91cfdd5c-3960-11ef-9a9d-9b08c5d4c173","away","TSV Milbertshofen","TV Hochdorf",16,18,FALSE,3,NA,NA,0,0,0,NA,0,0,0,0,0,0,NA,NA,NA,NA,NA,NA,NA,NA,0,0,0,0,NA,NA,NA,NA,NA
"Josef Kiener","972d7d47-3955-11ef-a437-292be3190b7b",NA,NA,1970,"11/7/1970","91cfdd5c-3960-11ef-9a9d-9b08c5d4c173","away","TSV Milbertshofen","TV Hochdorf",16,18,FALSE,0,NA,NA,0,0,0,NA,0,0,0,0,0,0,NA,NA,NA,NA,NA,NA,NA,NA,0,0,0,0,NA,NA,NA,NA,NA
"Ivan Uremović","9784bfff-3955-11ef-a0bf-292be3190b7b",NA,NA,1970,"11/7/1970","91cfdd5c-3960-11ef-9a9d-9b08c5d4c173","away","TSV Milbertshofen","TV Hochdorf",16,18,FALSE,1,NA,NA,0,0,0,NA,0,0,0,0,0,0,NA,NA,NA,NA,NA,NA,NA,NA,0,0,0,0,NA,NA,NA,NA,NA
"Helmut Schelchshorn","b1c960ef-3955-11ef-850b-a36230ada079",NA,NA,1970,"11/7/1970","91cfdd5c-3960-11ef-9a9d-9b08c5d4c173","away","TSV Milbertshofen","TV Hochdorf",16,18,FALSE,1,NA,NA,0,0,0,NA,0,0,0,0,0,0,NA,NA,NA,NA,NA,NA,NA,NA,0,0,0,0,NA,NA,NA,NA,NA
"Peter Feddern","bc1b1b3e-3955-11ef-9c4e-ab397f561917",NA,NA,1970,"11/7/1970","91cfdd5c-3960-11ef-9a9d-9b08c5d4c173","away","TSV Milbertshofen","TV Hochdorf",16,18,FALSE,1,NA,NA,0,0,0,NA,0,0,0,0,0,0,NA,NA,NA,NA,NA,NA,NA,NA,0,0,0,0,NA,NA,NA,NA,NA
"Anton Niggel","c6b807f5-3955-11ef-8bfd-157c9bc18a5f",NA,NA,1970,"11/7/1970","91cfdd5c-3960-11ef-9a9d-9b08c5d4c173","away","TSV Milbertshofen","TV Hochdorf",16,18,FALSE,1,NA,NA,0,0,0,NA,0,0,0,0,0,0,NA,NA,NA,NA,NA,NA,NA,NA,0,0,0,0,NA,NA,NA,NA,NA
"Volker Filipp","c6bca602-3955-11ef-8195-157c9bc18a5f",NA,NA,1970,"11/7/1970","91cfdd5c-3960-11ef-9a9d-9b08c5d4c173","away","TSV Milbertshofen","TV Hochdorf",16,18,FALSE,0,NA,NA,0,0,0,NA,0,0,0,0,0,0,NA,NA,NA,NA,NA,NA,NA,NA,0,0,0,0,NA,NA,NA,NA,NA
"Arnold Gaitzsch","c99ecd8f-3955-11ef-a93a-157c9bc18a5f",NA,NA,1970,"11/7/1970","91cfdd5c-3960-11ef-9a9d-9b08c5d4c173","away","TSV Milbertshofen","TV Hochdorf",16,18,FALSE,0,NA,NA,0,0,0,NA,0,0,0,0,0,0,NA,NA,NA,NA,NA,NA,NA,NA,0,0,0,0,NA,NA,NA,NA,NA
"Peter Pyrges","c9b28b8a-3955-11ef-9887-157c9bc18a5f",NA,NA,1970,"11/7/1970","91cfdd5c-3960-11ef-9a9d-9b08c5d4c173","away","TSV Milbertshofen","TV Hochdorf",16,18,FALSE,1,NA,NA,0,0,0,NA,0,0,0,0,0,0,NA,NA,NA,NA,NA,NA,NA,NA,0,0,0,0,NA,NA,NA,NA,NA
"Jens Schmitt","bb8d4110-3955-11ef-8fb2-ab397f561917",NA,NA,1970,"11/7/1970","98c4e848-3960-11ef-8ad3-d3de5c174a65","home","S3L Handball","TSV 1896 Rintheim",22,16,TRUE,3,NA,NA,0,0,0,NA,0,0,0,0,0,0,NA,NA,NA,NA,NA,NA,NA,NA,0,0,0,0,NA,NA,NA,NA,NA
"Wolfhardt Bühler","bba2fc92-3955-11ef-a8d6-ab397f561917",NA,NA,1970,"11/7/1970","98c4e848-3960-11ef-8ad3-d3de5c174a65","home","S3L Handball","TSV 1896 Rintheim",22,16,TRUE,6,NA,NA,0,0,1,NA,0,0,0,0,0,0,NA,NA,NA,NA,NA,NA,NA,NA,0,0,0,0,NA,NA,NA,NA,NA
"Wolfgang Ries","bba77d9e-3955-11ef-939a-ab397f561917",NA,NA,1970,"11/7/1970","98c4e848-3960-11ef-8ad3-d3de5c174a65","home","S3L Handball","TSV 1896 Rintheim",22,16,TRUE,0,NA,NA,0,0,0,NA,0,0,0,0,0,0,NA,NA,NA,NA,NA,NA,NA,NA,0,0,0,0,NA,NA,NA,NA,NA
"Gerd Schmitt","bbb09cf8-3955-11ef-97db-ab397f561917",NA,NA,1970,"11/7/1970","98c4e848-3960-11ef-8ad3-d3de5c174a65","home","S3L Handball","TSV 1896 Rintheim",22,16,TRUE,2,NA,NA,0,0,0,NA,0,0,0,0,0,0,NA,NA,NA,NA,NA,NA,NA,NA,0,0,0,0,NA,NA,NA,NA,NA
"Lothar Pohl","bc5ae364-3955-11ef-9b62-ab397f561917",NA,NA,1970,"11/7/1970","98c4e848-3960-11ef-8ad3-d3de5c174a65","home","S3L Handball","TSV 1896 Rintheim",22,16,TRUE,0,NA,NA,0,0,0,NA,0,0,0,0,0,0,NA,NA,NA,NA,NA,NA,NA,NA,0,0,0,0,NA,NA,NA,NA,NA
"Gerhard Schmidt","bd78314d-3955-11ef-8668-ab397f561917",NA,NA,1970,"11/7/1970","98c4e848-3960-11ef-8ad3-d3de5c174a65","home","S3L Handball","TSV 1896 Rintheim",22,16,TRUE,0,NA,NA,0,0,0,NA,0,0,0,0,0,0,NA,NA,NA,NA,NA,NA,NA,NA,0,0,0,0,NA,NA,NA,NA,NA
"Herbert Hönnige","c7e7cc14-3955-11ef-af0e-157c9bc18a5f",NA,NA,1970,"11/7/1970","98c4e848-3960-11ef-8ad3-d3de5c174a65","home","S3L Handball","TSV 1896 Rintheim",22,16,TRUE,3,NA,NA,0,0,0,NA,0,0,0,0,0,0,NA,NA,NA,NA,NA,NA,NA,NA,0,0,0,0,NA,NA,NA,NA,NA
"Jürgen Plambeck","c95d267b-3955-11ef-9a98-157c9bc18a5f",NA,NA,1970,"11/7/1970","98c4e848-3960-11ef-8ad3-d3de5c174a65","home","S3L Handball","TSV 1896 Rintheim",22,16,TRUE,2,NA,NA,0,0,0,NA,0,0,0,0,0,0,NA,NA,NA,NA,NA,NA,NA,NA,0,0,0,0,NA,NA,NA,NA,NA
"Josef Hutter","c96148ae-3955-11ef-a005-157c9bc18a5f",NA,NA,1970,"11/7/1970","98c4e848-3960-11ef-8ad3-d3de5c174a65","home","S3L Handball","TSV 1896 Rintheim",22,16,TRUE,4,NA,NA,0,0,0,NA,0,0,0,0,0,0,NA,NA,NA,NA,NA,NA,NA,NA,0,0,0,0,NA,NA,NA,NA,NA
"Rolf Seltner","c96574fc-3955-11ef-a37f-157c9bc18a5f",NA,NA,1970,"11/7/1970","98c4e848-3960-11ef-8ad3-d3de5c174a65","home","S3L Handball","TSV 1896 Rintheim",22,16,TRUE,2,NA,NA,0,0,0,NA,0,0,0,0,0,0,NA,NA,NA,NA,NA,NA,NA,NA,0,0,0,0,NA,NA,NA,NA,NA
"Wolf-Dieter Nagel","8d41486b-3955-11ef-8d22-81dc40648355",NA,NA,1970,"11/7/1970","98c4e848-3960-11ef-8ad3-d3de5c174a65","away","TSV 1896 Rintheim","S3L Handball",16,22,FALSE,5,NA,NA,0,0,1,NA,0,0,0,0,0,0,NA,NA,NA,NA,NA,NA,NA,NA,0,0,0,0,NA,NA,NA,NA,NA
"Bernd Seibel","bc6670d9-3955-11ef-b849-ab397f561917",NA,NA,1970,"11/7/1970","98c4e848-3960-11ef-8ad3-d3de5c174a65","away","TSV 1896 Rintheim","S3L Handball",16,22,FALSE,1,NA,NA,0,0,0,NA,0,0,0,0,0,0,NA,NA,NA,NA,NA,NA,NA,NA,0,0,0,0,NA,NA,NA,NA,NA
"Wolfgang Dillenberger","bc6a40c8-3955-11ef-8c9f-ab397f561917",NA,NA,1970,"11/7/1970","98c4e848-3960-11ef-8ad3-d3de5c174a65","away","TSV 1896 Rintheim","S3L Handball",16,22,FALSE,3,NA,NA,0,0,0,NA,0,0,0,0,0,0,NA,NA,NA,NA,NA,NA,NA,NA,0,0,0,0,NA,NA,NA,NA,NA
"Max Ullrich","c6e110c6-3955-11ef-83e4-157c9bc18a5f",NA,NA,1970,"11/7/1970","98c4e848-3960-11ef-8ad3-d3de5c174a65","away","TSV 1896 Rintheim","S3L Handball",16,22,FALSE,0,NA,NA,0,0,0,NA,0,0,0,0,0,0,NA,NA,NA,NA,NA,NA,NA,NA,0,0,0,0,NA,NA,NA,NA,NA
"Roland Schubach","c8722d8e-3955-11ef-b351-157c9bc18a5f",NA,NA,1970,"11/7/1970","98c4e848-3960-11ef-8ad3-d3de5c174a65","away","TSV 1896 Rintheim","S3L Handball",16,22,FALSE,0,NA,NA,0,0,0,NA,0,0,0,0,0,0,NA,NA,NA,NA,NA,NA,NA,NA,0,0,0,0,NA,NA,NA,NA,NA
"Siegfried Brabec","c87758a1-3955-11ef-9dbd-157c9bc18a5f",NA,NA,1970,"11/7/1970","98c4e848-3960-11ef-8ad3-d3de5c174a65","away","TSV 1896 Rintheim","S3L Handball",16,22,FALSE,1,NA,NA,0,0,0,NA,0,0,0,0,0,0,NA,NA,NA,NA,NA,NA,NA,NA,0,0,0,0,NA,NA,NA,NA,NA
"Josef Bechler","c88a53f3-3955-11ef-bd99-157c9bc18a5f",NA,NA,1970,"11/7/1970","98c4e848-3960-11ef-8ad3-d3de5c174a65","away","TSV 1896 Rintheim","S3L Handball",16,22,FALSE,3,NA,NA,0,0,0,NA,0,0,0,0,0,0,NA,NA,NA,NA,NA,NA,NA,NA,0,0,0,0,NA,NA,NA,NA,NA
"Wolfgang Neunzig","c9c4061c-3955-11ef-92f1-157c9bc18a5f",NA,NA,1970,"11/7/1970","98c4e848-3960-11ef-8ad3-d3de5c174a65","away","TSV 1896 Rintheim","S3L Handball",16,22,FALSE,0,NA,NA,0,0,0,NA,0,0,0,0,0,0,NA,NA,NA,NA,NA,NA,NA,NA,0,0,0,0,NA,NA,NA,NA,NA
"Fritz Schmidt","d32be773-3955-11ef-b19f-a36230ada079",NA,NA,1970,"11/7/1970","98c4e848-3960-11ef-8ad3-d3de5c174a65","away","TSV 1896 Rintheim","S3L Handball",16,22,FALSE,0,NA,NA,0,0,0,NA,0,0,0,0,0,0,NA,NA,NA,NA,NA,NA,NA,NA,0,0,0,0,NA,NA,NA,NA,NA
"Winfried Gaus","d33d97ff-3955-11ef-adfc-a36230ada079",NA,NA,1970,"11/7/1970","98c4e848-3960-11ef-8ad3-d3de5c174a65","away","TSV 1896 Rintheim","S3L Handball",16,22,FALSE,0,NA,NA,0,0,0,NA,0,0,0,0,0,0,NA,NA,NA,NA,NA,NA,NA,NA,0,0,0,0,NA,NA,NA,NA,NA
"Jürgen Klatt","d347e8de-3955-11ef-a056-a36230ada079",NA,NA,1970,"11/7/1970","98c4e848-3960-11ef-8ad3-d3de5c174a65","away","TSV 1896 Rintheim","S3L Handball",16,22,FALSE,3,NA,NA,0,0,0,NA,0,0,0,0,0,0,NA,NA,NA,NA,NA,NA,NA,NA,0,0,0,0,NA,NA,NA,NA,NA
"Edwin Schmidkunz","d352cbf0-3955-11ef-a520-a36230ada079",NA,NA,1970,"11/7/1970","98c4e848-3960-11ef-8ad3-d3de5c174a65","away","TSV 1896 Rintheim","S3L Handball",16,22,FALSE,0,NA,NA,0,0,0,NA,0,0,0,0,0,0,NA,NA,NA,NA,NA,NA,NA,NA,0,0,0,0,NA,NA,NA,NA,NA
"Kurt Klühspies","5ac3e7d7-3955-11ef-b574-4fa817cd91bb",NA,NA,1970,"11/7/1970","99816b45-3960-11ef-afda-d3de5c174a65","home","TV Großwallstadt","Füchse Berlin",15,9,TRUE,3,NA,NA,0,0,0,NA,0,0,0,0,0,0,NA,NA,NA,NA,NA,NA,NA,NA,0,0,0,0,NA,NA,NA,NA,NA
"Eckhardt Suffel","aeac0503-3955-11ef-88c6-a36230ada079",NA,NA,1970,"11/7/1970","99816b45-3960-11ef-afda-d3de5c174a65","home","TV Großwallstadt","Füchse Berlin",15,9,TRUE,0,NA,NA,0,0,0,NA,0,0,0,0,0,0,NA,NA,NA,NA,NA,NA,NA,NA,0,0,0,0,NA,NA,NA,NA,NA
"Peter Kuß","bbc18adb-3955-11ef-a5f7-ab397f561917",NA,NA,1970,"11/7/1970","99816b45-3960-11ef-afda-d3de5c174a65","home","TV Großwallstadt","Füchse Berlin",15,9,TRUE,0,NA,NA,0,0,0,NA,0,0,0,0,0,0,NA,NA,NA,NA,NA,NA,NA,NA,0,0,0,0,NA,NA,NA,NA,NA
"Rainer Oberle","be123408-3955-11ef-92a6-ab397f561917",NA,NA,1970,"11/7/1970","99816b45-3960-11ef-afda-d3de5c174a65","home","TV Großwallstadt","Füchse Berlin",15,9,TRUE,0,NA,NA,0,0,0,NA,0,0,0,0,0,0,NA,NA,NA,NA,NA,NA,NA,NA,0,0,0,0,NA,NA,NA,NA,NA
"Hans-Joachim Herzig","c7ff4ec7-3955-11ef-a4ed-157c9bc18a5f",NA,NA,1970,"11/7/1970","99816b45-3960-11ef-afda-d3de5c174a65","home","TV Großwallstadt","Füchse Berlin",15,9,TRUE,0,NA,NA,0,0,0,NA,0,0,0,0,0,0,NA,NA,NA,NA,NA,NA,NA,NA,0,0,0,0,NA,NA,NA,NA,NA
"Klaus Oberle","c96e13a5-3955-11ef-a68a-157c9bc18a5f",NA,NA,1970,"11/7/1970","99816b45-3960-11ef-afda-d3de5c174a65","home","TV Großwallstadt","Füchse Berlin",15,9,TRUE,0,NA,NA,0,0,0,NA,0,0,0,0,0,0,NA,NA,NA,NA,NA,NA,NA,NA,0,0,0,0,NA,NA,NA,NA,NA
"Ludwig Hohm","c97b5499-3955-11ef-8cf3-157c9bc18a5f",NA,NA,1970,"11/7/1970","99816b45-3960-11ef-afda-d3de5c174a65","home","TV Großwallstadt","Füchse Berlin",15,9,TRUE,1,NA,NA,0,0,0,NA,0,0,0,0,0,0,NA,NA,NA,NA,NA,NA,NA,NA,0,0,0,0,NA,NA,NA,NA,NA
"Erich Kolb","d2d1efef-3955-11ef-89e7-a36230ada079",NA,NA,1970,"11/7/1970","99816b45-3960-11ef-afda-d3de5c174a65","home","TV Großwallstadt","Füchse Berlin",15,9,TRUE,3,NA,NA,0,0,0,NA,0,0,0,0,0,0,NA,NA,NA,NA,NA,NA,NA,NA,0,0,0,0,NA,NA,NA,NA,NA
"Diethard Finkelmann","a60bdcf9-3955-11ef-bfa1-2510cc07ea6e",NA,NA,1970,"11/7/1970","99816b45-3960-11ef-afda-d3de5c174a65","away","Füchse Berlin","TV Großwallstadt",9,15,FALSE,2,NA,NA,0,0,1,NA,0,0,0,0,0,0,NA,NA,NA,NA,NA,NA,NA,NA,0,0,0,0,NA,NA,NA,NA,NA
"Wolfgang Braun","b1a4c388-3955-11ef-92b7-a36230ada079",NA,NA,1970,"11/7/1970","99816b45-3960-11ef-afda-d3de5c174a65","away","Füchse Berlin","TV Großwallstadt",9,15,FALSE,2,NA,NA,0,0,0,NA,0,0,0,0,0,0,NA,NA,NA,NA,NA,NA,NA,NA,0,0,0,0,NA,NA,NA,NA,NA
"Detlef Finkelmann","b1a8f927-3955-11ef-a009-a36230ada079",NA,NA,1970,"11/7/1970","99816b45-3960-11ef-afda-d3de5c174a65","away","Füchse Berlin","TV Großwallstadt",9,15,FALSE,1,NA,NA,0,0,0,NA,0,0,0,0,0,0,NA,NA,NA,NA,NA,NA,NA,NA,0,0,0,0,NA,NA,NA,NA,NA
"Bernd Goerigk","b1b21b0c-3955-11ef-a303-a36230ada079",NA,NA,1970,"11/7/1970","99816b45-3960-11ef-afda-d3de5c174a65","away","Füchse Berlin","TV Großwallstadt",9,15,FALSE,0,NA,NA,0,0,0,NA,0,0,0,0,0,0,NA,NA,NA,NA,NA,NA,NA,NA,0,0,0,0,NA,NA,NA,NA,NA
"Sigmar Artelt","bdbc9392-3955-11ef-a3be-ab397f561917",NA,NA,1970,"11/7/1970","99816b45-3960-11ef-afda-d3de5c174a65","away","Füchse Berlin","TV Großwallstadt",9,15,FALSE,0,NA,NA,0,0,0,NA,0,0,0,0,0,0,NA,NA,NA,NA,NA,NA,NA,NA,0,0,0,0,NA,NA,NA,NA,NA
"Henry Johannes","bdc98fce-3955-11ef-9f6e-ab397f561917",NA,NA,1970,"11/7/1970","99816b45-3960-11ef-afda-d3de5c174a65","away","Füchse Berlin","TV Großwallstadt",9,15,FALSE,2,NA,NA,0,0,0,NA,0,0,0,0,0,0,NA,NA,NA,NA,NA,NA,NA,NA,0,0,0,0,NA,NA,NA,NA,NA
"Lothar Wiehle","bdd3883f-3955-11ef-aaf9-ab397f561917",NA,NA,1970,"11/7/1970","99816b45-3960-11ef-afda-d3de5c174a65","away","Füchse Berlin","TV Großwallstadt",9,15,FALSE,0,NA,NA,0,0,0,NA,0,0,0,0,0,0,NA,NA,NA,NA,NA,NA,NA,NA,0,0,0,0,NA,NA,NA,NA,NA
"Klaus-Dieter Guse","bdd76769-3955-11ef-97dc-ab397f561917",NA,NA,1970,"11/7/1970","99816b45-3960-11ef-afda-d3de5c174a65","away","Füchse Berlin","TV Großwallstadt",9,15,FALSE,1,NA,NA,0,0,0,NA,0,0,0,0,0,0,NA,NA,NA,NA,NA,NA,NA,NA,0,0,0,0,NA,NA,NA,NA,NA
"Bernd Redlich","d2e474a6-3955-11ef-a804-a36230ada079",NA,NA,1970,"11/7/1970","99816b45-3960-11ef-afda-d3de5c174a65","away","Füchse Berlin","TV Großwallstadt",9,15,FALSE,0,NA,NA,0,0,0,NA,0,0,0,0,0,0,NA,NA,NA,NA,NA,NA,NA,NA,0,0,0,0,NA,NA,NA,NA,NA
"Thomas Micheli","d2e8bde0-3955-11ef-8c04-a36230ada079",NA,NA,1970,"11/7/1970","99816b45-3960-11ef-afda-d3de5c174a65","away","Füchse Berlin","TV Großwallstadt",9,15,FALSE,1,NA,NA,0,0,0,NA,0,0,0,0,0,0,NA,NA,NA,NA,NA,NA,NA,NA,0,0,0,0,NA,NA,NA,NA,NA
"Hermann Mäurle","a44f95e3-3955-11ef-b53d-2510cc07ea6e",NA,NA,1970,"11/7/1970","9b05c3df-3960-11ef-82a4-d3de5c174a65","home","SpVgg 1887 Möhringen","FRISCH AUF! Göppingen",11,19,FALSE,2,NA,NA,0,0,0,NA,0,0,0,0,0,0,NA,NA,NA,NA,NA,NA,NA,NA,0,0,0,0,NA,NA,NA,NA,NA
"Karl-Heinz Wolf","c8354cdd-3955-11ef-a1d6-157c9bc18a5f",NA,NA,1970,"11/7/1970","9b05c3df-3960-11ef-82a4-d3de5c174a65","home","SpVgg 1887 Möhringen","FRISCH AUF! Göppingen",11,19,FALSE,0,NA,NA,0,0,0,NA,0,0,0,0,0,0,NA,NA,NA,NA,NA,NA,NA,NA,0,0,0,0,NA,NA,NA,NA,NA
"Gerd-Volker Stock","c8397c3c-3955-11ef-af12-157c9bc18a5f",NA,NA,1970,"11/7/1970","9b05c3df-3960-11ef-82a4-d3de5c174a65","home","SpVgg 1887 Möhringen","FRISCH AUF! Göppingen",11,19,FALSE,2,NA,NA,0,0,0,NA,0,0,0,0,0,0,NA,NA,NA,NA,NA,NA,NA,NA,0,0,0,0,NA,NA,NA,NA,NA
"Dieter Schuh","c84c4c54-3955-11ef-9d35-157c9bc18a5f",NA,NA,1970,"11/7/1970","9b05c3df-3960-11ef-82a4-d3de5c174a65","home","SpVgg 1887 Möhringen","FRISCH AUF! Göppingen",11,19,FALSE,0,NA,NA,0,0,0,NA,0,0,0,0,0,0,NA,NA,NA,NA,NA,NA,NA,NA,0,0,0,0,NA,NA,NA,NA,NA
"Lothar Scheffel","c850996c-3955-11ef-94a7-157c9bc18a5f",NA,NA,1970,"11/7/1970","9b05c3df-3960-11ef-82a4-d3de5c174a65","home","SpVgg 1887 Möhringen","FRISCH AUF! Göppingen",11,19,FALSE,0,NA,NA,0,0,0,NA,0,0,0,0,0,0,NA,NA,NA,NA,NA,NA,NA,NA,0,0,0,0,NA,NA,NA,NA,NA
"Karl-Heinz Steinbach","c864fc61-3955-11ef-bc13-157c9bc18a5f",NA,NA,1970,"11/7/1970","9b05c3df-3960-11ef-82a4-d3de5c174a65","home","SpVgg 1887 Möhringen","FRISCH AUF! Göppingen",11,19,FALSE,1,NA,NA,0,0,0,NA,0,0,0,0,0,0,NA,NA,NA,NA,NA,NA,NA,NA,0,0,0,0,NA,NA,NA,NA,NA
"Günter Heger","c9b80786-3955-11ef-80ae-157c9bc18a5f",NA,NA,1970,"11/7/1970","9b05c3df-3960-11ef-82a4-d3de5c174a65","home","SpVgg 1887 Möhringen","FRISCH AUF! Göppingen",11,19,FALSE,2,NA,NA,0,0,0,NA,0,0,0,0,0,0,NA,NA,NA,NA,NA,NA,NA,NA,0,0,0,0,NA,NA,NA,NA,NA
"Klaus Eberhardt","d3228004-3955-11ef-8600-a36230ada079",NA,NA,1970,"11/7/1970","9b05c3df-3960-11ef-82a4-d3de5c174a65","home","SpVgg 1887 Möhringen","FRISCH AUF! Göppingen",11,19,FALSE,0,NA,NA,0,0,0,NA,0,0,0,0,0,0,NA,NA,NA,NA,NA,NA,NA,NA,0,0,0,0,NA,NA,NA,NA,NA
"Winfried Holtmann","d3270d6b-3955-11ef-8174-a36230ada079",NA,NA,1970,"11/7/1970","9b05c3df-3960-11ef-82a4-d3de5c174a65","home","SpVgg 1887 Möhringen","FRISCH AUF! Göppingen",11,19,FALSE,0,NA,NA,0,0,0,NA,0,0,0,0,0,0,NA,NA,NA,NA,NA,NA,NA,NA,0,0,0,0,NA,NA,NA,NA,NA
"Hoffmann","688c742a-3955-11ef-8786-292be3190b7b",NA,NA,1970,"11/7/1970","9b05c3df-3960-11ef-82a4-d3de5c174a65","away","FRISCH AUF! Göppingen","SpVgg 1887 Möhringen",19,11,TRUE,0,NA,NA,0,0,0,NA,0,0,0,0,0,0,NA,NA,NA,NA,NA,NA,NA,NA,0,0,0,0,NA,NA,NA,NA,NA
"Peter Bucher","8e0071c9-3955-11ef-8ff8-81dc40648355",NA,NA,1970,"11/7/1970","9b05c3df-3960-11ef-82a4-d3de5c174a65","away","FRISCH AUF! Göppingen","SpVgg 1887 Möhringen",19,11,TRUE,7,NA,NA,0,0,0,NA,0,0,0,0,0,0,NA,NA,NA,NA,NA,NA,NA,NA,0,0,0,0,NA,NA,NA,NA,NA
"Horst Singer","a30fd118-3955-11ef-9745-2510cc07ea6e",NA,NA,1970,"11/7/1970","9b05c3df-3960-11ef-82a4-d3de5c174a65","away","FRISCH AUF! Göppingen","SpVgg 1887 Möhringen",19,11,TRUE,2,NA,NA,0,0,0,NA,0,0,0,0,0,0,NA,NA,NA,NA,NA,NA,NA,NA,0,0,0,0,NA,NA,NA,NA,NA
"Hans-Dieter Schunter","b2054717-3955-11ef-a22c-a36230ada079",NA,NA,1970,"11/7/1970","9b05c3df-3960-11ef-82a4-d3de5c174a65","away","FRISCH AUF! Göppingen","SpVgg 1887 Möhringen",19,11,TRUE,0,NA,NA,0,0,0,NA,0,0,0,0,0,0,NA,NA,NA,NA,NA,NA,NA,NA,0,0,0,0,NA,NA,NA,NA,NA
"Paul Epple","bc8167af-3955-11ef-8748-ab397f561917",NA,NA,1970,"11/7/1970","9b05c3df-3960-11ef-82a4-d3de5c174a65","away","FRISCH AUF! Göppingen","SpVgg 1887 Möhringen",19,11,TRUE,2,NA,NA,0,0,0,NA,0,0,0,0,0,0,NA,NA,NA,NA,NA,NA,NA,NA,0,0,0,0,NA,NA,NA,NA,NA
"Walter Pflüger","bc85cdbc-3955-11ef-8e24-ab397f561917",NA,NA,1970,"11/7/1970","9b05c3df-3960-11ef-82a4-d3de5c174a65","away","FRISCH AUF! Göppingen","SpVgg 1887 Möhringen",19,11,TRUE,1,NA,NA,0,0,0,NA,0,0,0,0,0,0,NA,NA,NA,NA,NA,NA,NA,NA,0,0,0,0,NA,NA,NA,NA,NA
"Werner Arndt","c71116e0-3955-11ef-85d3-157c9bc18a5f",NA,NA,1970,"11/7/1970","9b05c3df-3960-11ef-82a4-d3de5c174a65","away","FRISCH AUF! Göppingen","SpVgg 1887 Möhringen",19,11,TRUE,1,NA,NA,0,0,0,NA,0,0,0,0,0,0,NA,NA,NA,NA,NA,NA,NA,NA,0,0,0,0,NA,NA,NA,NA,NA
"Christian Patzer","c715a1de-3955-11ef-bc54-157c9bc18a5f",NA,NA,1970,"11/7/1970","9b05c3df-3960-11ef-82a4-d3de5c174a65","away","FRISCH AUF! Göppingen","SpVgg 1887 Möhringen",19,11,TRUE,1,NA,NA,0,0,0,NA,0,0,0,0,0,0,NA,NA,NA,NA,NA,NA,NA,NA,0,0,0,0,NA,NA,NA,NA,NA
"Armin Eisele","c9cc4c1b-3955-11ef-9f9f-157c9bc18a5f",NA,NA,1970,"11/7/1970","9b05c3df-3960-11ef-82a4-d3de5c174a65","away","FRISCH AUF! Göppingen","SpVgg 1887 Möhringen",19,11,TRUE,4,NA,NA,0,0,0,NA,0,0,0,0,0,0,NA,NA,NA,NA,NA,NA,NA,NA,0,0,0,0,NA,NA,NA,NA,NA
"Anton Bayer","d357b837-3955-11ef-8b00-a36230ada079",NA,NA,1970,"11/7/1970","9b05c3df-3960-11ef-82a4-d3de5c174a65","away","FRISCH AUF! Göppingen","SpVgg 1887 Möhringen",19,11,TRUE,1,NA,NA,0,0,0,NA,0,0,0,0,0,0,NA,NA,NA,NA,NA,NA,NA,NA,0,0,0,0,NA,NA,NA,NA,NA
"Hans-Jürgen Bode","b011e6da-3955-11ef-8205-a36230ada079",NA,NA,1970,"11/8/1970","8e2f5434-3960-11ef-9323-9b08c5d4c173","home","Hamburger SV","VfL Gummersbach",11,14,FALSE,0,NA,NA,0,0,0,NA,0,0,0,0,0,0,NA,NA,NA,NA,NA,NA,NA,NA,0,0,0,0,NA,NA,NA,NA,NA
"Herbert Niemeier","b0163f16-3955-11ef-ae9e-a36230ada079",NA,NA,1970,"11/8/1970","8e2f5434-3960-11ef-9323-9b08c5d4c173","home","Hamburger SV","VfL Gummersbach",11,14,FALSE,5,NA,NA,0,0,0,NA,0,0,0,0,0,0,NA,NA,NA,NA,NA,NA,NA,NA,0,0,0,0,NA,NA,NA,NA,NA
"Rainer Witt","b02adaad-3955-11ef-b8c4-a36230ada079",NA,NA,1970,"11/8/1970","8e2f5434-3960-11ef-9323-9b08c5d4c173","home","Hamburger SV","VfL Gummersbach",11,14,FALSE,0,NA,NA,0,0,0,NA,0,0,0,0,0,0,NA,NA,NA,NA,NA,NA,NA,NA,0,0,0,0,NA,NA,NA,NA,NA
"Jens Ivers","b02f4aea-3955-11ef-801e-a36230ada079",NA,NA,1970,"11/8/1970","8e2f5434-3960-11ef-9323-9b08c5d4c173","home","Hamburger SV","VfL Gummersbach",11,14,FALSE,1,NA,NA,0,0,0,NA,0,0,0,0,0,0,NA,NA,NA,NA,NA,NA,NA,NA,0,0,0,0,NA,NA,NA,NA,NA
"Hans-Joachim Beißel","b0341bcb-3955-11ef-9e08-a36230ada079",NA,NA,1970,"11/8/1970","8e2f5434-3960-11ef-9323-9b08c5d4c173","home","Hamburger SV","VfL Gummersbach",11,14,FALSE,0,NA,NA,0,0,0,NA,0,0,0,0,0,0,NA,NA,NA,NA,NA,NA,NA,NA,0,0,0,0,NA,NA,NA,NA,NA
"Norbert Germer","b03f8101-3955-11ef-8945-a36230ada079",NA,NA,1970,"11/8/1970","8e2f5434-3960-11ef-9323-9b08c5d4c173","home","Hamburger SV","VfL Gummersbach",11,14,FALSE,0,NA,NA,0,0,0,NA,0,0,0,0,0,0,NA,NA,NA,NA,NA,NA,NA,NA,0,0,0,0,NA,NA,NA,NA,NA
"Siegfried Berg","b10d3ec3-3955-11ef-8a30-a36230ada079",NA,NA,1970,"11/8/1970","8e2f5434-3960-11ef-9323-9b08c5d4c173","home","Hamburger SV","VfL Gummersbach",11,14,FALSE,1,NA,NA,0,0,1,NA,0,0,0,0,0,0,NA,NA,NA,NA,NA,NA,NA,NA,0,0,0,0,NA,NA,NA,NA,NA
"Bernd Heiden","baf62966-3955-11ef-b7e1-ab397f561917",NA,NA,1970,"11/8/1970","8e2f5434-3960-11ef-9323-9b08c5d4c173","home","Hamburger SV","VfL Gummersbach",11,14,FALSE,1,NA,NA,0,0,0,NA,0,0,0,0,0,0,NA,NA,NA,NA,NA,NA,NA,NA,0,0,0,0,NA,NA,NA,NA,NA
"Klaus Lange","bafb51f3-3955-11ef-9864-ab397f561917",NA,NA,1970,"11/8/1970","8e2f5434-3960-11ef-9323-9b08c5d4c173","home","Hamburger SV","VfL Gummersbach",11,14,FALSE,2,NA,NA,0,0,0,NA,0,0,0,0,0,0,NA,NA,NA,NA,NA,NA,NA,NA,0,0,0,0,NA,NA,NA,NA,NA
"Manfred Grühn","c755d6cb-3955-11ef-a162-157c9bc18a5f",NA,NA,1970,"11/8/1970","8e2f5434-3960-11ef-9323-9b08c5d4c173","home","Hamburger SV","VfL Gummersbach",11,14,FALSE,1,NA,NA,0,0,0,NA,0,0,0,0,0,0,NA,NA,NA,NA,NA,NA,NA,NA,0,0,0,0,NA,NA,NA,NA,NA
"Katsuhiko Chikamori","c9e81f92-3955-11ef-87d2-157c9bc18a5f",NA,NA,1970,"11/8/1970","8e2f5434-3960-11ef-9323-9b08c5d4c173","home","Hamburger SV","VfL Gummersbach",11,14,FALSE,0,NA,NA,0,0,0,NA,0,0,0,0,0,0,NA,NA,NA,NA,NA,NA,NA,NA,0,0,0,0,NA,NA,NA,NA,NA
"Klaus Brand","51394441-3955-11ef-8fab-6d38c0425bc0",NA,NA,1970,"11/8/1970","8e2f5434-3960-11ef-9323-9b08c5d4c173","away","VfL Gummersbach","Hamburger SV",14,11,TRUE,0,NA,NA,0,0,0,NA,0,0,0,0,0,0,NA,NA,NA,NA,NA,NA,NA,NA,0,0,0,0,NA,NA,NA,NA,NA
"Klaus Westebbe","8c58f63a-3955-11ef-b65e-81dc40648355",NA,NA,1970,"11/8/1970","8e2f5434-3960-11ef-9323-9b08c5d4c173","away","VfL Gummersbach","Hamburger SV",14,11,TRUE,1,NA,NA,0,0,0,NA,0,0,0,0,0,0,NA,NA,NA,NA,NA,NA,NA,NA,0,0,0,0,NA,NA,NA,NA,NA
"Klaus Kater","8da1f6ef-3955-11ef-b31a-81dc40648355",NA,NA,1970,"11/8/1970","8e2f5434-3960-11ef-9323-9b08c5d4c173","away","VfL Gummersbach","Hamburger SV",14,11,TRUE,0,NA,NA,0,0,0,NA,0,0,0,0,0,0,NA,NA,NA,NA,NA,NA,NA,NA,0,0,0,0,NA,NA,NA,NA,NA
"Jochen Feldhoff","a32751a5-3955-11ef-badf-2510cc07ea6e",NA,NA,1970,"11/8/1970","8e2f5434-3960-11ef-9323-9b08c5d4c173","away","VfL Gummersbach","Hamburger SV",14,11,TRUE,2,NA,NA,0,0,0,NA,0,0,0,0,0,0,NA,NA,NA,NA,NA,NA,NA,NA,0,0,0,0,NA,NA,NA,NA,NA
"Helmut Keller","ae2fb2ba-3955-11ef-b38f-a36230ada079",NA,NA,1970,"11/8/1970","8e2f5434-3960-11ef-9323-9b08c5d4c173","away","VfL Gummersbach","Hamburger SV",14,11,TRUE,0,NA,NA,0,0,0,NA,0,0,0,0,0,0,NA,NA,NA,NA,NA,NA,NA,NA,0,0,0,0,NA,NA,NA,NA,NA
"Hans-Günther Schmidt","aff5702f-3955-11ef-9878-a36230ada079",NA,NA,1970,"11/8/1970","8e2f5434-3960-11ef-9323-9b08c5d4c173","away","VfL Gummersbach","Hamburger SV",14,11,TRUE,8,NA,NA,0,0,1,NA,0,0,0,0,0,0,NA,NA,NA,NA,NA,NA,NA,NA,0,0,0,0,NA,NA,NA,NA,NA
"Jochen Brand","ba44375c-3955-11ef-a5d6-ab397f561917",NA,NA,1970,"11/8/1970","8e2f5434-3960-11ef-9323-9b08c5d4c173","away","VfL Gummersbach","Hamburger SV",14,11,TRUE,0,NA,NA,0,0,0,NA,0,0,0,0,0,0,NA,NA,NA,NA,NA,NA,NA,NA,0,0,0,0,NA,NA,NA,NA,NA
"Uwe Braunschweig","ba4aaa94-3955-11ef-be97-ab397f561917",NA,NA,1970,"11/8/1970","8e2f5434-3960-11ef-9323-9b08c5d4c173","away","VfL Gummersbach","Hamburger SV",14,11,TRUE,0,NA,NA,0,0,0,NA,0,0,0,0,0,0,NA,NA,NA,NA,NA,NA,NA,NA,0,0,0,0,NA,NA,NA,NA,NA
"Helmut Kosmehl","bc7d7cdd-3955-11ef-a338-ab397f561917",NA,NA,1970,"11/8/1970","8e2f5434-3960-11ef-9323-9b08c5d4c173","away","VfL Gummersbach","Hamburger SV",14,11,TRUE,0,NA,NA,0,0,0,NA,0,0,0,0,0,0,NA,NA,NA,NA,NA,NA,NA,NA,0,0,0,0,NA,NA,NA,NA,NA
"Hans-Gerd Bölter","c9d03ce3-3955-11ef-bae3-157c9bc18a5f",NA,NA,1970,"11/8/1970","8e2f5434-3960-11ef-9323-9b08c5d4c173","away","VfL Gummersbach","Hamburger SV",14,11,TRUE,3,NA,NA,0,0,0,NA,0,0,0,0,0,0,NA,NA,NA,NA,NA,NA,NA,NA,0,0,0,0,NA,NA,NA,NA,NA
"Rainer Lingelbach","c9d44f37-3955-11ef-a323-157c9bc18a5f",NA,NA,1970,"11/8/1970","8e2f5434-3960-11ef-9323-9b08c5d4c173","away","VfL Gummersbach","Hamburger SV",14,11,TRUE,0,NA,NA,0,0,0,NA,0,0,0,0,0,0,NA,NA,NA,NA,NA,NA,NA,NA,0,0,0,0,NA,NA,NA,NA,NA
"Hans-Jörg Graeper","964d8ebc-3955-11ef-a25b-292be3190b7b",NA,NA,1970,"11/8/1970","90842e2f-3960-11ef-b3d8-9b08c5d4c173","home","THW Kiel","TuS 05 Wellinghofen",11,8,TRUE,0,NA,NA,0,0,0,NA,0,0,0,0,0,0,NA,NA,NA,NA,NA,NA,NA,NA,0,0,0,0,NA,NA,NA,NA,NA
"Gerd Welz","98273a90-3955-11ef-a3a2-292be3190b7b",NA,NA,1970,"11/8/1970","90842e2f-3960-11ef-b3d8-9b08c5d4c173","home","THW Kiel","TuS 05 Wellinghofen",11,8,TRUE,0,NA,NA,0,0,0,NA,0,0,0,0,0,0,NA,NA,NA,NA,NA,NA,NA,NA,0,0,0,0,NA,NA,NA,NA,NA
"Volker Harbs","9995a6f3-3955-11ef-b74f-292be3190b7b",NA,NA,1970,"11/8/1970","90842e2f-3960-11ef-b3d8-9b08c5d4c173","home","THW Kiel","TuS 05 Wellinghofen",11,8,TRUE,1,NA,NA,0,0,0,NA,0,0,0,0,0,0,NA,NA,NA,NA,NA,NA,NA,NA,0,0,0,0,NA,NA,NA,NA,NA
"Peter Prehn","b073ee0a-3955-11ef-8404-a36230ada079",NA,NA,1970,"11/8/1970","90842e2f-3960-11ef-b3d8-9b08c5d4c173","home","THW Kiel","TuS 05 Wellinghofen",11,8,TRUE,0,NA,NA,0,0,0,NA,0,0,0,0,0,0,NA,NA,NA,NA,NA,NA,NA,NA,0,0,0,0,NA,NA,NA,NA,NA
"Peter Werk","b0784d6e-3955-11ef-9a85-a36230ada079",NA,NA,1970,"11/8/1970","90842e2f-3960-11ef-b3d8-9b08c5d4c173","home","THW Kiel","TuS 05 Wellinghofen",11,8,TRUE,2,NA,NA,0,0,0,NA,0,0,0,0,0,0,NA,NA,NA,NA,NA,NA,NA,NA,0,0,0,0,NA,NA,NA,NA,NA
"Manfred Schulz","b0a21333-3955-11ef-a679-a36230ada079",NA,NA,1970,"11/8/1970","90842e2f-3960-11ef-b3d8-9b08c5d4c173","home","THW Kiel","TuS 05 Wellinghofen",11,8,TRUE,1,NA,NA,0,0,0,NA,0,0,0,0,0,0,NA,NA,NA,NA,NA,NA,NA,NA,0,0,0,0,NA,NA,NA,NA,NA
"Bernd Nielsen","b1480d2c-3955-11ef-8563-a36230ada079",NA,NA,1970,"11/8/1970","90842e2f-3960-11ef-b3d8-9b08c5d4c173","home","THW Kiel","TuS 05 Wellinghofen",11,8,TRUE,4,NA,NA,0,0,0,NA,0,0,0,0,0,0,NA,NA,NA,NA,NA,NA,NA,NA,0,0,0,0,NA,NA,NA,NA,NA
"Hartwig Moll","b14ce7d8-3955-11ef-8cb5-a36230ada079",NA,NA,1970,"11/8/1970","90842e2f-3960-11ef-b3d8-9b08c5d4c173","home","THW Kiel","TuS 05 Wellinghofen",11,8,TRUE,0,NA,NA,0,0,0,NA,0,0,0,0,0,0,NA,NA,NA,NA,NA,NA,NA,NA,0,0,0,0,NA,NA,NA,NA,NA
"Rainer Voigt","c7c742a9-3955-11ef-b542-157c9bc18a5f",NA,NA,1970,"11/8/1970","90842e2f-3960-11ef-b3d8-9b08c5d4c173","home","THW Kiel","TuS 05 Wellinghofen",11,8,TRUE,0,NA,NA,0,0,0,NA,0,0,0,0,0,0,NA,NA,NA,NA,NA,NA,NA,NA,0,0,0,0,NA,NA,NA,NA,NA
"Dieter Baguhn","c7cbf017-3955-11ef-b1f7-157c9bc18a5f",NA,NA,1970,"11/8/1970","90842e2f-3960-11ef-b3d8-9b08c5d4c173","home","THW Kiel","TuS 05 Wellinghofen",11,8,TRUE,3,NA,NA,0,0,0,NA,0,0,0,0,0,0,NA,NA,NA,NA,NA,NA,NA,NA,0,0,0,0,NA,NA,NA,NA,NA
"Bernd Struck","c7d4c3a5-3955-11ef-a743-157c9bc18a5f",NA,NA,1970,"11/8/1970","90842e2f-3960-11ef-b3d8-9b08c5d4c173","home","THW Kiel","TuS 05 Wellinghofen",11,8,TRUE,0,NA,NA,0,0,0,NA,0,0,0,0,0,0,NA,NA,NA,NA,NA,NA,NA,NA,0,0,0,0,NA,NA,NA,NA,NA
"Karl-Heinz Schulz","72847241-3955-11ef-8bd4-51fdf2a82730",NA,NA,1970,"11/8/1970","90842e2f-3960-11ef-b3d8-9b08c5d4c173","away","TuS 05 Wellinghofen","THW Kiel",8,11,FALSE,0,NA,NA,0,0,0,NA,0,0,0,0,0,0,NA,NA,NA,NA,NA,NA,NA,NA,0,0,0,0,NA,NA,NA,NA,NA
"Heiner Möller","8d7571e4-3955-11ef-b1d3-81dc40648355",NA,NA,1970,"11/8/1970","90842e2f-3960-11ef-b3d8-9b08c5d4c173","away","TuS 05 Wellinghofen","THW Kiel",8,11,FALSE,0,NA,NA,0,0,0,NA,0,0,0,0,0,0,NA,NA,NA,NA,NA,NA,NA,NA,0,0,0,0,NA,NA,NA,NA,NA
"Hans-Peter Neuhaus","8d9d3887-3955-11ef-80a3-81dc40648355",NA,NA,1970,"11/8/1970","90842e2f-3960-11ef-b3d8-9b08c5d4c173","away","TuS 05 Wellinghofen","THW Kiel",8,11,FALSE,1,NA,NA,0,0,0,NA,0,0,0,0,0,0,NA,NA,NA,NA,NA,NA,NA,NA,0,0,0,0,NA,NA,NA,NA,NA
"Rainer Gosewinkel","a4d61156-3955-11ef-8406-2510cc07ea6e",NA,NA,1970,"11/8/1970","90842e2f-3960-11ef-b3d8-9b08c5d4c173","away","TuS 05 Wellinghofen","THW Kiel",8,11,FALSE,1,NA,NA,0,0,0,NA,0,0,0,0,0,0,NA,NA,NA,NA,NA,NA,NA,NA,0,0,0,0,NA,NA,NA,NA,NA
"Klaus Erwe","a4f54a19-3955-11ef-b48a-2510cc07ea6e",NA,NA,1970,"11/8/1970","90842e2f-3960-11ef-b3d8-9b08c5d4c173","away","TuS 05 Wellinghofen","THW Kiel",8,11,FALSE,0,NA,NA,0,0,0,NA,0,0,0,0,0,0,NA,NA,NA,NA,NA,NA,NA,NA,0,0,0,0,NA,NA,NA,NA,NA
"Burkhard Gröning","a52c6e4f-3955-11ef-a576-2510cc07ea6e",NA,NA,1970,"11/8/1970","90842e2f-3960-11ef-b3d8-9b08c5d4c173","away","TuS 05 Wellinghofen","THW Kiel",8,11,FALSE,4,NA,NA,0,0,0,NA,0,0,0,0,0,0,NA,NA,NA,NA,NA,NA,NA,NA,0,0,0,0,NA,NA,NA,NA,NA
"Klaus Tiews","a531838f-3955-11ef-8e99-2510cc07ea6e",NA,NA,1970,"11/8/1970","90842e2f-3960-11ef-b3d8-9b08c5d4c173","away","TuS 05 Wellinghofen","THW Kiel",8,11,FALSE,1,NA,NA,0,0,0,NA,0,0,0,0,0,0,NA,NA,NA,NA,NA,NA,NA,NA,0,0,0,0,NA,NA,NA,NA,NA
"Hans-Jürgen Sengera","ba7fae8e-3955-11ef-80e4-ab397f561917",NA,NA,1970,"11/8/1970","90842e2f-3960-11ef-b3d8-9b08c5d4c173","away","TuS 05 Wellinghofen","THW Kiel",8,11,FALSE,0,NA,NA,0,0,0,NA,0,0,0,0,0,0,NA,NA,NA,NA,NA,NA,NA,NA,0,0,0,0,NA,NA,NA,NA,NA
"Ulrich Thubeauville","c76555ef-3955-11ef-9f3a-157c9bc18a5f",NA,NA,1970,"11/8/1970","90842e2f-3960-11ef-b3d8-9b08c5d4c173","away","TuS 05 Wellinghofen","THW Kiel",8,11,FALSE,1,NA,NA,0,0,0,NA,0,0,0,0,0,0,NA,NA,NA,NA,NA,NA,NA,NA,0,0,0,0,NA,NA,NA,NA,NA
"Burkhardt Eckardt","c76d08cb-3955-11ef-8fa7-157c9bc18a5f",NA,NA,1970,"11/8/1970","90842e2f-3960-11ef-b3d8-9b08c5d4c173","away","TuS 05 Wellinghofen","THW Kiel",8,11,FALSE,0,NA,NA,0,0,0,NA,0,0,0,0,0,0,NA,NA,NA,NA,NA,NA,NA,NA,0,0,0,0,NA,NA,NA,NA,NA
"Herbert Rogge","b06614d7-3955-11ef-a43b-a36230ada079",NA,NA,1970,"11/8/1970","91547d1c-3960-11ef-a1b6-9b08c5d4c173","home","VfL Lübeck-Schwartau","SC Phönix Essen 1920",16,15,TRUE,4,NA,NA,0,0,0,NA,0,0,0,0,0,0,NA,NA,NA,NA,NA,NA,NA,NA,0,0,0,0,NA,NA,NA,NA,NA
"Ingo Callies","b0b0659b-3955-11ef-87aa-a36230ada079",NA,NA,1970,"11/8/1970","91547d1c-3960-11ef-a1b6-9b08c5d4c173","home","VfL Lübeck-Schwartau","SC Phönix Essen 1920",16,15,TRUE,3,NA,NA,0,0,1,NA,0,0,0,0,0,0,NA,NA,NA,NA,NA,NA,NA,NA,0,0,0,0,NA,NA,NA,NA,NA
"Michael Dogs","b0cecb4a-3955-11ef-b665-a36230ada079",NA,NA,1970,"11/8/1970","91547d1c-3960-11ef-a1b6-9b08c5d4c173","home","VfL Lübeck-Schwartau","SC Phönix Essen 1920",16,15,TRUE,0,NA,NA,0,0,0,NA,0,0,0,0,0,0,NA,NA,NA,NA,NA,NA,NA,NA,0,0,0,0,NA,NA,NA,NA,NA
"Joachim Römer","b0dcb8e7-3955-11ef-83ab-a36230ada079",NA,NA,1970,"11/8/1970","91547d1c-3960-11ef-a1b6-9b08c5d4c173","home","VfL Lübeck-Schwartau","SC Phönix Essen 1920",16,15,TRUE,0,NA,NA,0,0,0,NA,0,0,0,0,0,0,NA,NA,NA,NA,NA,NA,NA,NA,0,0,0,0,NA,NA,NA,NA,NA
"Ulrich Kleinstoll","b0f37438-3955-11ef-84e6-a36230ada079",NA,NA,1970,"11/8/1970","91547d1c-3960-11ef-a1b6-9b08c5d4c173","home","VfL Lübeck-Schwartau","SC Phönix Essen 1920",16,15,TRUE,0,NA,NA,0,0,0,NA,0,0,0,0,0,0,NA,NA,NA,NA,NA,NA,NA,NA,0,0,0,0,NA,NA,NA,NA,NA
"Geert Geusendam","baee7cab-3955-11ef-95ba-ab397f561917",NA,NA,1970,"11/8/1970","91547d1c-3960-11ef-a1b6-9b08c5d4c173","home","VfL Lübeck-Schwartau","SC Phönix Essen 1920",16,15,TRUE,0,NA,NA,0,0,0,NA,0,0,0,0,0,0,NA,NA,NA,NA,NA,NA,NA,NA,0,0,0,0,NA,NA,NA,NA,NA
"Georg Pohl","baff6cee-3955-11ef-a80f-ab397f561917",NA,NA,1970,"11/8/1970","91547d1c-3960-11ef-a1b6-9b08c5d4c173","home","VfL Lübeck-Schwartau","SC Phönix Essen 1920",16,15,TRUE,2,NA,NA,0,0,0,NA,0,0,0,0,0,0,NA,NA,NA,NA,NA,NA,NA,NA,0,0,0,0,NA,NA,NA,NA,NA
"Jochen Krummland","c7b078f7-3955-11ef-932e-157c9bc18a5f",NA,NA,1970,"11/8/1970","91547d1c-3960-11ef-a1b6-9b08c5d4c173","home","VfL Lübeck-Schwartau","SC Phönix Essen 1920",16,15,TRUE,2,NA,NA,0,0,0,NA,0,0,0,0,0,0,NA,NA,NA,NA,NA,NA,NA,NA,0,0,0,0,NA,NA,NA,NA,NA
"Björn Clausen","c7b94735-3955-11ef-b741-157c9bc18a5f",NA,NA,1970,"11/8/1970","91547d1c-3960-11ef-a1b6-9b08c5d4c173","home","VfL Lübeck-Schwartau","SC Phönix Essen 1920",16,15,TRUE,0,NA,NA,0,0,0,NA,0,0,0,0,0,0,NA,NA,NA,NA,NA,NA,NA,NA,0,0,0,0,NA,NA,NA,NA,NA
"Jochen Hoffmann","c7bdef38-3955-11ef-8b6c-157c9bc18a5f",NA,NA,1970,"11/8/1970","91547d1c-3960-11ef-a1b6-9b08c5d4c173","home","VfL Lübeck-Schwartau","SC Phönix Essen 1920",16,15,TRUE,1,NA,NA,0,0,0,NA,0,0,0,0,0,0,NA,NA,NA,NA,NA,NA,NA,NA,0,0,0,0,NA,NA,NA,NA,NA
"Gerhard Anduleit","c9215aaa-3955-11ef-ac64-157c9bc18a5f",NA,NA,1970,"11/8/1970","91547d1c-3960-11ef-a1b6-9b08c5d4c173","home","VfL Lübeck-Schwartau","SC Phönix Essen 1920",16,15,TRUE,4,NA,NA,0,0,4,NA,0,0,0,0,0,0,NA,NA,NA,NA,NA,NA,NA,NA,0,0,0,0,NA,NA,NA,NA,NA
"Petre Ivănescu","43ddd14f-3955-11ef-84b7-4fa817cd91bb",NA,NA,1970,"11/8/1970","91547d1c-3960-11ef-a1b6-9b08c5d4c173","away","SC Phönix Essen 1920","VfL Lübeck-Schwartau",15,16,FALSE,0,NA,NA,0,0,0,NA,0,0,0,0,0,0,NA,NA,NA,NA,NA,NA,NA,NA,0,0,0,0,NA,NA,NA,NA,NA
"Werner Kühn","a5a83923-3955-11ef-abc5-2510cc07ea6e",NA,NA,1970,"11/8/1970","91547d1c-3960-11ef-a1b6-9b08c5d4c173","away","SC Phönix Essen 1920","VfL Lübeck-Schwartau",15,16,FALSE,1,NA,NA,0,0,0,NA,0,0,0,0,0,0,NA,NA,NA,NA,NA,NA,NA,NA,0,0,0,0,NA,NA,NA,NA,NA
"Heinz Oberscheidt","a5ae94f2-3955-11ef-91fc-2510cc07ea6e",NA,NA,1970,"11/8/1970","91547d1c-3960-11ef-a1b6-9b08c5d4c173","away","SC Phönix Essen 1920","VfL Lübeck-Schwartau",15,16,FALSE,3,NA,NA,0,0,0,NA,0,0,0,0,0,0,NA,NA,NA,NA,NA,NA,NA,NA,0,0,0,0,NA,NA,NA,NA,NA
"Norbert Meister","a610e086-3955-11ef-bf85-2510cc07ea6e",NA,NA,1970,"11/8/1970","91547d1c-3960-11ef-a1b6-9b08c5d4c173","away","SC Phönix Essen 1920","VfL Lübeck-Schwartau",15,16,FALSE,0,NA,NA,0,0,0,NA,0,0,0,0,0,0,NA,NA,NA,NA,NA,NA,NA,NA,0,0,0,0,NA,NA,NA,NA,NA
"Bernd Tolksdorf","bae02284-3955-11ef-b577-ab397f561917",NA,NA,1970,"11/8/1970","91547d1c-3960-11ef-a1b6-9b08c5d4c173","away","SC Phönix Essen 1920","VfL Lübeck-Schwartau",15,16,FALSE,0,NA,NA,0,0,0,NA,0,0,0,0,0,0,NA,NA,NA,NA,NA,NA,NA,NA,0,0,0,0,NA,NA,NA,NA,NA
"Klaus Kirschner","bae43a44-3955-11ef-ae7c-ab397f561917",NA,NA,1970,"11/8/1970","91547d1c-3960-11ef-a1b6-9b08c5d4c173","away","SC Phönix Essen 1920","VfL Lübeck-Schwartau",15,16,FALSE,1,NA,NA,0,0,0,NA,0,0,0,0,0,0,NA,NA,NA,NA,NA,NA,NA,NA,0,0,0,0,NA,NA,NA,NA,NA
"Marinko Andrić","bae9ac2f-3955-11ef-863e-ab397f561917",NA,NA,1970,"11/8/1970","91547d1c-3960-11ef-a1b6-9b08c5d4c173","away","SC Phönix Essen 1920","VfL Lübeck-Schwartau",15,16,FALSE,3,NA,NA,0,0,0,NA,0,0,0,0,0,0,NA,NA,NA,NA,NA,NA,NA,NA,0,0,0,0,NA,NA,NA,NA,NA
"Peter Fischer","bd861af2-3955-11ef-a655-ab397f561917",NA,NA,1970,"11/8/1970","91547d1c-3960-11ef-a1b6-9b08c5d4c173","away","SC Phönix Essen 1920","VfL Lübeck-Schwartau",15,16,FALSE,0,NA,NA,0,0,0,NA,0,0,0,0,0,0,NA,NA,NA,NA,NA,NA,NA,NA,0,0,0,0,NA,NA,NA,NA,NA
"Andrija Kotlas","bde016f5-3955-11ef-b96c-ab397f561917",NA,NA,1970,"11/8/1970","91547d1c-3960-11ef-a1b6-9b08c5d4c173","away","SC Phönix Essen 1920","VfL Lübeck-Schwartau",15,16,FALSE,5,NA,NA,0,0,0,NA,0,0,0,0,0,0,NA,NA,NA,NA,NA,NA,NA,NA,0,0,0,0,NA,NA,NA,NA,NA
"Carl-Bernd Behler","c79d213f-3955-11ef-a773-157c9bc18a5f",NA,NA,1970,"11/8/1970","91547d1c-3960-11ef-a1b6-9b08c5d4c173","away","SC Phönix Essen 1920","VfL Lübeck-Schwartau",15,16,FALSE,1,NA,NA,0,0,0,NA,0,0,0,0,0,0,NA,NA,NA,NA,NA,NA,NA,NA,0,0,0,0,NA,NA,NA,NA,NA
"Ernst Weise","c90cdba3-3955-11ef-b068-157c9bc18a5f",NA,NA,1970,"11/8/1970","91547d1c-3960-11ef-a1b6-9b08c5d4c173","away","SC Phönix Essen 1920","VfL Lübeck-Schwartau",15,16,FALSE,1,NA,NA,0,0,0,NA,0,0,0,0,0,0,NA,NA,NA,NA,NA,NA,NA,NA,0,0,0,0,NA,NA,NA,NA,NA
"Diethard Finkelmann","a60bdcf9-3955-11ef-bfa1-2510cc07ea6e",NA,NA,1970,"11/13/1970","91dd51c2-3960-11ef-bd2f-9b08c5d4c173","home","Füchse Berlin","TV Hochdorf",21,13,TRUE,5,NA,NA,0,0,1,NA,0,0,0,0,0,0,NA,NA,NA,NA,NA,NA,NA,NA,0,0,0,0,NA,NA,NA,NA,NA
"Wolfgang Braun","b1a4c388-3955-11ef-92b7-a36230ada079",NA,NA,1970,"11/13/1970","91dd51c2-3960-11ef-bd2f-9b08c5d4c173","home","Füchse Berlin","TV Hochdorf",21,13,TRUE,3,NA,NA,0,0,0,NA,0,0,0,0,0,0,NA,NA,NA,NA,NA,NA,NA,NA,0,0,0,0,NA,NA,NA,NA,NA
"Detlef Finkelmann","b1a8f927-3955-11ef-a009-a36230ada079",NA,NA,1970,"11/13/1970","91dd51c2-3960-11ef-bd2f-9b08c5d4c173","home","Füchse Berlin","TV Hochdorf",21,13,TRUE,3,NA,NA,0,0,0,NA,0,0,0,0,0,0,NA,NA,NA,NA,NA,NA,NA,NA,0,0,0,0,NA,NA,NA,NA,NA
"Bernd Goerigk","b1b21b0c-3955-11ef-a303-a36230ada079",NA,NA,1970,"11/13/1970","91dd51c2-3960-11ef-bd2f-9b08c5d4c173","home","Füchse Berlin","TV Hochdorf",21,13,TRUE,0,NA,NA,0,0,0,NA,0,0,0,0,0,0,NA,NA,NA,NA,NA,NA,NA,NA,0,0,0,0,NA,NA,NA,NA,NA
"Lutz Loewke","b1b73b08-3955-11ef-b76a-a36230ada079",NA,NA,1970,"11/13/1970","91dd51c2-3960-11ef-bd2f-9b08c5d4c173","home","Füchse Berlin","TV Hochdorf",21,13,TRUE,2,NA,NA,0,0,0,NA,0,0,0,0,0,0,NA,NA,NA,NA,NA,NA,NA,NA,0,0,0,0,NA,NA,NA,NA,NA
"Werner Reinke","b1bc1a3c-3955-11ef-8a0a-a36230ada079",NA,NA,1970,"11/13/1970","91dd51c2-3960-11ef-bd2f-9b08c5d4c173","home","Füchse Berlin","TV Hochdorf",21,13,TRUE,0,NA,NA,0,0,0,NA,0,0,0,0,0,0,NA,NA,NA,NA,NA,NA,NA,NA,0,0,0,0,NA,NA,NA,NA,NA
"Sigmar Artelt","bdbc9392-3955-11ef-a3be-ab397f561917",NA,NA,1970,"11/13/1970","91dd51c2-3960-11ef-bd2f-9b08c5d4c173","home","Füchse Berlin","TV Hochdorf",21,13,TRUE,2,NA,NA,0,0,0,NA,0,0,0,0,0,0,NA,NA,NA,NA,NA,NA,NA,NA,0,0,0,0,NA,NA,NA,NA,NA
"Henry Johannes","bdc98fce-3955-11ef-9f6e-ab397f561917",NA,NA,1970,"11/13/1970","91dd51c2-3960-11ef-bd2f-9b08c5d4c173","home","Füchse Berlin","TV Hochdorf",21,13,TRUE,2,NA,NA,0,0,0,NA,0,0,0,0,0,0,NA,NA,NA,NA,NA,NA,NA,NA,0,0,0,0,NA,NA,NA,NA,NA
"Bernd Schäpe","d2d71288-3955-11ef-9959-a36230ada079",NA,NA,1970,"11/13/1970","91dd51c2-3960-11ef-bd2f-9b08c5d4c173","home","Füchse Berlin","TV Hochdorf",21,13,TRUE,0,NA,NA,0,0,0,NA,0,0,0,0,0,0,NA,NA,NA,NA,NA,NA,NA,NA,0,0,0,0,NA,NA,NA,NA,NA
"Manfred Jeka","d2e0100c-3955-11ef-a53c-a36230ada079",NA,NA,1970,"11/13/1970","91dd51c2-3960-11ef-bd2f-9b08c5d4c173","home","Füchse Berlin","TV Hochdorf",21,13,TRUE,0,NA,NA,0,0,0,NA,0,0,0,0,0,0,NA,NA,NA,NA,NA,NA,NA,NA,0,0,0,0,NA,NA,NA,NA,NA
"Bernd Redlich","d2e474a6-3955-11ef-a804-a36230ada079",NA,NA,1970,"11/13/1970","91dd51c2-3960-11ef-bd2f-9b08c5d4c173","home","Füchse Berlin","TV Hochdorf",21,13,TRUE,0,NA,NA,0,0,0,NA,0,0,0,0,0,0,NA,NA,NA,NA,NA,NA,NA,NA,0,0,0,0,NA,NA,NA,NA,NA
"Thomas Micheli","d2e8bde0-3955-11ef-8c04-a36230ada079",NA,NA,1970,"11/13/1970","91dd51c2-3960-11ef-bd2f-9b08c5d4c173","home","Füchse Berlin","TV Hochdorf",21,13,TRUE,4,NA,NA,0,0,0,NA,0,0,0,0,0,0,NA,NA,NA,NA,NA,NA,NA,NA,0,0,0,0,NA,NA,NA,NA,NA
"Manfred Müller","ae54e819-3955-11ef-81e8-a36230ada079",NA,NA,1970,"11/13/1970","91dd51c2-3960-11ef-bd2f-9b08c5d4c173","away","TV Hochdorf","Füchse Berlin",13,21,FALSE,0,NA,NA,0,0,0,NA,0,0,0,0,0,0,NA,NA,NA,NA,NA,NA,NA,NA,0,0,0,0,NA,NA,NA,NA,NA
"Robert Becker","ae8c50f9-3955-11ef-91c4-a36230ada079",NA,NA,1970,"11/13/1970","91dd51c2-3960-11ef-bd2f-9b08c5d4c173","away","TV Hochdorf","Füchse Berlin",13,21,FALSE,1,NA,NA,0,0,0,NA,0,0,0,0,0,0,NA,NA,NA,NA,NA,NA,NA,NA,0,0,0,0,NA,NA,NA,NA,NA
"Jürgen Hahn","ae947745-3955-11ef-bc54-a36230ada079",NA,NA,1970,"11/13/1970","91dd51c2-3960-11ef-bd2f-9b08c5d4c173","away","TV Hochdorf","Füchse Berlin",13,21,FALSE,3,NA,NA,0,0,0,NA,0,0,0,0,0,0,NA,NA,NA,NA,NA,NA,NA,NA,0,0,0,0,NA,NA,NA,NA,NA
"Wilfried Job","af3ed007-3955-11ef-9184-a36230ada079",NA,NA,1970,"11/13/1970","91dd51c2-3960-11ef-bd2f-9b08c5d4c173","away","TV Hochdorf","Füchse Berlin",13,21,FALSE,3,NA,NA,0,0,0,NA,0,0,0,0,0,0,NA,NA,NA,NA,NA,NA,NA,NA,0,0,0,0,NA,NA,NA,NA,NA
"Hans Stein","bde4861d-3955-11ef-a14e-ab397f561917",NA,NA,1970,"11/13/1970","91dd51c2-3960-11ef-bd2f-9b08c5d4c173","away","TV Hochdorf","Füchse Berlin",13,21,FALSE,0,NA,NA,0,0,0,NA,0,0,0,0,0,0,NA,NA,NA,NA,NA,NA,NA,NA,0,0,0,0,NA,NA,NA,NA,NA
"Klaus Becker","c92b579e-3955-11ef-ab41-157c9bc18a5f",NA,NA,1970,"11/13/1970","91dd51c2-3960-11ef-bd2f-9b08c5d4c173","away","TV Hochdorf","Füchse Berlin",13,21,FALSE,0,NA,NA,0,0,0,NA,0,0,0,0,0,0,NA,NA,NA,NA,NA,NA,NA,NA,0,0,0,0,NA,NA,NA,NA,NA
"Edwin Hutter","c93080aa-3955-11ef-85b4-157c9bc18a5f",NA,NA,1970,"11/13/1970","91dd51c2-3960-11ef-bd2f-9b08c5d4c173","away","TV Hochdorf","Füchse Berlin",13,21,FALSE,0,NA,NA,0,0,0,NA,0,0,0,0,0,0,NA,NA,NA,NA,NA,NA,NA,NA,0,0,0,0,NA,NA,NA,NA,NA
"Werner Häfele","c9414487-3955-11ef-a5df-157c9bc18a5f",NA,NA,1970,"11/13/1970","91dd51c2-3960-11ef-bd2f-9b08c5d4c173","away","TV Hochdorf","Füchse Berlin",13,21,FALSE,3,NA,NA,0,0,3,NA,0,0,0,0,0,0,NA,NA,NA,NA,NA,NA,NA,NA,0,0,0,0,NA,NA,NA,NA,NA
"Willi Butz","c945a2f1-3955-11ef-8b53-157c9bc18a5f",NA,NA,1970,"11/13/1970","91dd51c2-3960-11ef-bd2f-9b08c5d4c173","away","TV Hochdorf","Füchse Berlin",13,21,FALSE,0,NA,NA,0,0,0,NA,0,0,0,0,0,0,NA,NA,NA,NA,NA,NA,NA,NA,0,0,0,0,NA,NA,NA,NA,NA
"Peter Frisch","c94a46b7-3955-11ef-8686-157c9bc18a5f",NA,NA,1970,"11/13/1970","91dd51c2-3960-11ef-bd2f-9b08c5d4c173","away","TV Hochdorf","Füchse Berlin",13,21,FALSE,2,NA,NA,0,0,0,NA,0,0,0,0,0,0,NA,NA,NA,NA,NA,NA,NA,NA,0,0,0,0,NA,NA,NA,NA,NA
"Werner Matill","c9539495-3955-11ef-9bff-157c9bc18a5f",NA,NA,1970,"11/13/1970","91dd51c2-3960-11ef-bd2f-9b08c5d4c173","away","TV Hochdorf","Füchse Berlin",13,21,FALSE,1,NA,NA,0,0,0,NA,0,0,0,0,0,0,NA,NA,NA,NA,NA,NA,NA,NA,0,0,0,0,NA,NA,NA,NA,NA
"Alois Ehmann","d286fca5-3955-11ef-a9e5-a36230ada079",NA,NA,1970,"11/13/1970","91dd51c2-3960-11ef-bd2f-9b08c5d4c173","away","TV Hochdorf","Füchse Berlin",13,21,FALSE,0,NA,NA,0,0,0,NA,0,0,0,0,0,0,NA,NA,NA,NA,NA,NA,NA,NA,0,0,0,0,NA,NA,NA,NA,NA
"Klaus Brand","51394441-3955-11ef-8fab-6d38c0425bc0",NA,NA,1970,"11/14/1970","8e3c397b-3960-11ef-b9a7-9b08c5d4c173","home","VfL Gummersbach","TV Krefeld-Oppum 1894",26,13,TRUE,2,NA,NA,0,0,0,NA,0,0,0,0,0,0,NA,NA,NA,NA,NA,NA,NA,NA,0,0,0,0,NA,NA,NA,NA,NA
"Klaus Westebbe","8c58f63a-3955-11ef-b65e-81dc40648355",NA,NA,1970,"11/14/1970","8e3c397b-3960-11ef-b9a7-9b08c5d4c173","home","VfL Gummersbach","TV Krefeld-Oppum 1894",26,13,TRUE,3,NA,NA,0,0,1,NA,0,0,0,0,0,0,NA,NA,NA,NA,NA,NA,NA,NA,0,0,0,0,NA,NA,NA,NA,NA
"Klaus Kater","8da1f6ef-3955-11ef-b31a-81dc40648355",NA,NA,1970,"11/14/1970","8e3c397b-3960-11ef-b9a7-9b08c5d4c173","home","VfL Gummersbach","TV Krefeld-Oppum 1894",26,13,TRUE,0,NA,NA,0,0,0,NA,0,0,0,0,0,0,NA,NA,NA,NA,NA,NA,NA,NA,0,0,0,0,NA,NA,NA,NA,NA
"Werner Winkelmeier","9712104e-3955-11ef-9613-292be3190b7b",NA,NA,1970,"11/14/1970","8e3c397b-3960-11ef-b9a7-9b08c5d4c173","home","VfL Gummersbach","TV Krefeld-Oppum 1894",26,13,TRUE,1,NA,NA,0,0,0,NA,0,0,0,0,0,0,NA,NA,NA,NA,NA,NA,NA,NA,0,0,0,0,NA,NA,NA,NA,NA
"Ralf Hamann","a28aa62f-3955-11ef-9677-2510cc07ea6e",NA,NA,1970,"11/14/1970","8e3c397b-3960-11ef-b9a7-9b08c5d4c173","home","VfL Gummersbach","TV Krefeld-Oppum 1894",26,13,TRUE,0,NA,NA,0,0,0,NA,0,0,0,0,0,0,NA,NA,NA,NA,NA,NA,NA,NA,0,0,0,0,NA,NA,NA,NA,NA
"Jochen Feldhoff","a32751a5-3955-11ef-badf-2510cc07ea6e",NA,NA,1970,"11/14/1970","8e3c397b-3960-11ef-b9a7-9b08c5d4c173","home","VfL Gummersbach","TV Krefeld-Oppum 1894",26,13,TRUE,7,NA,NA,0,0,0,NA,0,0,0,0,0,0,NA,NA,NA,NA,NA,NA,NA,NA,0,0,0,0,NA,NA,NA,NA,NA
"Hans-Günther Schmidt","aff5702f-3955-11ef-9878-a36230ada079",NA,NA,1970,"11/14/1970","8e3c397b-3960-11ef-b9a7-9b08c5d4c173","home","VfL Gummersbach","TV Krefeld-Oppum 1894",26,13,TRUE,4,NA,NA,0,0,0,NA,0,0,0,0,0,0,NA,NA,NA,NA,NA,NA,NA,NA,0,0,0,0,NA,NA,NA,NA,NA
"Jochen Brand","ba44375c-3955-11ef-a5d6-ab397f561917",NA,NA,1970,"11/14/1970","8e3c397b-3960-11ef-b9a7-9b08c5d4c173","home","VfL Gummersbach","TV Krefeld-Oppum 1894",26,13,TRUE,1,NA,NA,0,0,0,NA,0,0,0,0,0,0,NA,NA,NA,NA,NA,NA,NA,NA,0,0,0,0,NA,NA,NA,NA,NA
"Uwe Braunschweig","ba4aaa94-3955-11ef-be97-ab397f561917",NA,NA,1970,"11/14/1970","8e3c397b-3960-11ef-b9a7-9b08c5d4c173","home","VfL Gummersbach","TV Krefeld-Oppum 1894",26,13,TRUE,1,NA,NA,0,0,0,NA,0,0,0,0,0,0,NA,NA,NA,NA,NA,NA,NA,NA,0,0,0,0,NA,NA,NA,NA,NA
"Helmut Kosmehl","bc7d7cdd-3955-11ef-a338-ab397f561917",NA,NA,1970,"11/14/1970","8e3c397b-3960-11ef-b9a7-9b08c5d4c173","home","VfL Gummersbach","TV Krefeld-Oppum 1894",26,13,TRUE,1,NA,NA,0,0,0,NA,0,0,0,0,0,0,NA,NA,NA,NA,NA,NA,NA,NA,0,0,0,0,NA,NA,NA,NA,NA
"Hans-Gerd Bölter","c9d03ce3-3955-11ef-bae3-157c9bc18a5f",NA,NA,1970,"11/14/1970","8e3c397b-3960-11ef-b9a7-9b08c5d4c173","home","VfL Gummersbach","TV Krefeld-Oppum 1894",26,13,TRUE,2,NA,NA,0,0,0,NA,0,0,0,0,0,0,NA,NA,NA,NA,NA,NA,NA,NA,0,0,0,0,NA,NA,NA,NA,NA
"Rainer Lingelbach","c9d44f37-3955-11ef-a323-157c9bc18a5f",NA,NA,1970,"11/14/1970","8e3c397b-3960-11ef-b9a7-9b08c5d4c173","home","VfL Gummersbach","TV Krefeld-Oppum 1894",26,13,TRUE,4,NA,NA,0,0,0,NA,0,0,0,0,0,0,NA,NA,NA,NA,NA,NA,NA,NA,0,0,0,0,NA,NA,NA,NA,NA
"Norbert Kroker","bd441662-3955-11ef-b771-ab397f561917",NA,NA,1970,"11/14/1970","8e3c397b-3960-11ef-b9a7-9b08c5d4c173","away","TV Krefeld-Oppum 1894","VfL Gummersbach",13,26,FALSE,5,NA,NA,0,0,1,NA,0,0,0,0,0,0,NA,NA,NA,NA,NA,NA,NA,NA,0,0,0,0,NA,NA,NA,NA,NA
"Herbert Engels","ca0717a5-3955-11ef-8dce-157c9bc18a5f",NA,NA,1970,"11/14/1970","8e3c397b-3960-11ef-b9a7-9b08c5d4c173","away","TV Krefeld-Oppum 1894","VfL Gummersbach",13,26,FALSE,0,NA,NA,0,0,0,NA,0,0,0,0,0,0,NA,NA,NA,NA,NA,NA,NA,NA,0,0,0,0,NA,NA,NA,NA,NA
"Otto Tophoven","ca106fac-3955-11ef-9a8e-157c9bc18a5f",NA,NA,1970,"11/14/1970","8e3c397b-3960-11ef-b9a7-9b08c5d4c173","away","TV Krefeld-Oppum 1894","VfL Gummersbach",13,26,FALSE,0,NA,NA,0,0,0,NA,0,0,0,0,0,0,NA,NA,NA,NA,NA,NA,NA,NA,0,0,0,0,NA,NA,NA,NA,NA
"Gerd Rüben","ca14b98f-3955-11ef-a366-157c9bc18a5f",NA,NA,1970,"11/14/1970","8e3c397b-3960-11ef-b9a7-9b08c5d4c173","away","TV Krefeld-Oppum 1894","VfL Gummersbach",13,26,FALSE,0,NA,NA,0,0,0,NA,0,0,0,0,0,0,NA,NA,NA,NA,NA,NA,NA,NA,0,0,0,0,NA,NA,NA,NA,NA
"Theo Inger","ca18e97b-3955-11ef-91fb-157c9bc18a5f",NA,NA,1970,"11/14/1970","8e3c397b-3960-11ef-b9a7-9b08c5d4c173","away","TV Krefeld-Oppum 1894","VfL Gummersbach",13,26,FALSE,0,NA,NA,0,0,0,NA,0,0,0,0,0,0,NA,NA,NA,NA,NA,NA,NA,NA,0,0,0,0,NA,NA,NA,NA,NA
"Peter Inger","ca1d519a-3955-11ef-b5d9-157c9bc18a5f",NA,NA,1970,"11/14/1970","8e3c397b-3960-11ef-b9a7-9b08c5d4c173","away","TV Krefeld-Oppum 1894","VfL Gummersbach",13,26,FALSE,3,NA,NA,0,0,0,NA,0,0,0,0,0,0,NA,NA,NA,NA,NA,NA,NA,NA,0,0,0,0,NA,NA,NA,NA,NA
"Hermann Köhler","ca2255bc-3955-11ef-91a7-157c9bc18a5f",NA,NA,1970,"11/14/1970","8e3c397b-3960-11ef-b9a7-9b08c5d4c173","away","TV Krefeld-Oppum 1894","VfL Gummersbach",13,26,FALSE,1,NA,NA,0,0,0,NA,0,0,0,0,0,0,NA,NA,NA,NA,NA,NA,NA,NA,0,0,0,0,NA,NA,NA,NA,NA
"Horst Panknin","ca26d115-3955-11ef-a60e-157c9bc18a5f",NA,NA,1970,"11/14/1970","8e3c397b-3960-11ef-b9a7-9b08c5d4c173","away","TV Krefeld-Oppum 1894","VfL Gummersbach",13,26,FALSE,0,NA,NA,0,0,0,NA,0,0,0,0,0,0,NA,NA,NA,NA,NA,NA,NA,NA,0,0,0,0,NA,NA,NA,NA,NA
"Max Zwierkowski","ca390aba-3955-11ef-97b4-157c9bc18a5f",NA,NA,1970,"11/14/1970","8e3c397b-3960-11ef-b9a7-9b08c5d4c173","away","TV Krefeld-Oppum 1894","VfL Gummersbach",13,26,FALSE,3,NA,NA,0,0,0,NA,0,0,0,0,0,0,NA,NA,NA,NA,NA,NA,NA,NA,0,0,0,0,NA,NA,NA,NA,NA
"Leo Ritz","ca3d0962-3955-11ef-938c-157c9bc18a5f",NA,NA,1970,"11/14/1970","8e3c397b-3960-11ef-b9a7-9b08c5d4c173","away","TV Krefeld-Oppum 1894","VfL Gummersbach",13,26,FALSE,1,NA,NA,0,0,0,NA,0,0,0,0,0,0,NA,NA,NA,NA,NA,NA,NA,NA,0,0,0,0,NA,NA,NA,NA,NA
"Dieter Patz","ca42d471-3955-11ef-a75d-157c9bc18a5f",NA,NA,1970,"11/14/1970","8e3c397b-3960-11ef-b9a7-9b08c5d4c173","away","TV Krefeld-Oppum 1894","VfL Gummersbach",13,26,FALSE,0,NA,NA,0,0,0,NA,0,0,0,0,0,0,NA,NA,NA,NA,NA,NA,NA,NA,0,0,0,0,NA,NA,NA,NA,NA
"Karl-Heinz Schulz","72847241-3955-11ef-8bd4-51fdf2a82730",NA,NA,1970,"11/14/1970","9092a00f-3960-11ef-8a6a-9b08c5d4c173","home","TuS 05 Wellinghofen","VfL Lübeck-Schwartau",14,19,FALSE,1,NA,NA,0,0,0,NA,0,0,0,0,0,0,NA,NA,NA,NA,NA,NA,NA,NA,0,0,0,0,NA,NA,NA,NA,NA
"Hans-Jürgen Zick","8d67d76a-3955-11ef-8956-81dc40648355",NA,NA,1970,"11/14/1970","9092a00f-3960-11ef-8a6a-9b08c5d4c173","home","TuS 05 Wellinghofen","VfL Lübeck-Schwartau",14,19,FALSE,0,NA,NA,0,0,0,NA,0,0,0,0,0,0,NA,NA,NA,NA,NA,NA,NA,NA,0,0,0,0,NA,NA,NA,NA,NA
"Heiner Möller","8d7571e4-3955-11ef-b1d3-81dc40648355",NA,NA,1970,"11/14/1970","9092a00f-3960-11ef-8a6a-9b08c5d4c173","home","TuS 05 Wellinghofen","VfL Lübeck-Schwartau",14,19,FALSE,1,NA,NA,0,0,0,NA,0,0,0,0,0,0,NA,NA,NA,NA,NA,NA,NA,NA,0,0,0,0,NA,NA,NA,NA,NA
"Hans-Peter Neuhaus","8d9d3887-3955-11ef-80a3-81dc40648355",NA,NA,1970,"11/14/1970","9092a00f-3960-11ef-8a6a-9b08c5d4c173","home","TuS 05 Wellinghofen","VfL Lübeck-Schwartau",14,19,FALSE,5,NA,NA,0,0,3,NA,0,0,0,0,0,0,NA,NA,NA,NA,NA,NA,NA,NA,0,0,0,0,NA,NA,NA,NA,NA
"Rainer Gosewinkel","a4d61156-3955-11ef-8406-2510cc07ea6e",NA,NA,1970,"11/14/1970","9092a00f-3960-11ef-8a6a-9b08c5d4c173","home","TuS 05 Wellinghofen","VfL Lübeck-Schwartau",14,19,FALSE,3,NA,NA,0,0,0,NA,0,0,0,0,0,0,NA,NA,NA,NA,NA,NA,NA,NA,0,0,0,0,NA,NA,NA,NA,NA
"Klaus Erwe","a4f54a19-3955-11ef-b48a-2510cc07ea6e",NA,NA,1970,"11/14/1970","9092a00f-3960-11ef-8a6a-9b08c5d4c173","home","TuS 05 Wellinghofen","VfL Lübeck-Schwartau",14,19,FALSE,0,NA,NA,0,0,0,NA,0,0,0,0,0,0,NA,NA,NA,NA,NA,NA,NA,NA,0,0,0,0,NA,NA,NA,NA,NA
"Burkhard Gröning","a52c6e4f-3955-11ef-a576-2510cc07ea6e",NA,NA,1970,"11/14/1970","9092a00f-3960-11ef-8a6a-9b08c5d4c173","home","TuS 05 Wellinghofen","VfL Lübeck-Schwartau",14,19,FALSE,2,NA,NA,0,0,0,NA,0,0,0,0,0,0,NA,NA,NA,NA,NA,NA,NA,NA,0,0,0,0,NA,NA,NA,NA,NA
"Klaus Tiews","a531838f-3955-11ef-8e99-2510cc07ea6e",NA,NA,1970,"11/14/1970","9092a00f-3960-11ef-8a6a-9b08c5d4c173","home","TuS 05 Wellinghofen","VfL Lübeck-Schwartau",14,19,FALSE,0,NA,NA,0,0,0,NA,0,0,0,0,0,0,NA,NA,NA,NA,NA,NA,NA,NA,0,0,0,0,NA,NA,NA,NA,NA
"Hans-Jürgen Sengera","ba7fae8e-3955-11ef-80e4-ab397f561917",NA,NA,1970,"11/14/1970","9092a00f-3960-11ef-8a6a-9b08c5d4c173","home","TuS 05 Wellinghofen","VfL Lübeck-Schwartau",14,19,FALSE,0,NA,NA,0,0,0,NA,0,0,0,0,0,0,NA,NA,NA,NA,NA,NA,NA,NA,0,0,0,0,NA,NA,NA,NA,NA
"Ulrich Thubeauville","c76555ef-3955-11ef-9f3a-157c9bc18a5f",NA,NA,1970,"11/14/1970","9092a00f-3960-11ef-8a6a-9b08c5d4c173","home","TuS 05 Wellinghofen","VfL Lübeck-Schwartau",14,19,FALSE,2,NA,NA,0,0,0,NA,0,0,0,0,0,0,NA,NA,NA,NA,NA,NA,NA,NA,0,0,0,0,NA,NA,NA,NA,NA
"Burkhardt Eckardt","c76d08cb-3955-11ef-8fa7-157c9bc18a5f",NA,NA,1970,"11/14/1970","9092a00f-3960-11ef-8a6a-9b08c5d4c173","home","TuS 05 Wellinghofen","VfL Lübeck-Schwartau",14,19,FALSE,0,NA,NA,0,0,0,NA,0,0,0,0,0,0,NA,NA,NA,NA,NA,NA,NA,NA,0,0,0,0,NA,NA,NA,NA,NA
"Herbert Rogge","b06614d7-3955-11ef-a43b-a36230ada079",NA,NA,1970,"11/14/1970","9092a00f-3960-11ef-8a6a-9b08c5d4c173","away","VfL Lübeck-Schwartau","TuS 05 Wellinghofen",19,14,TRUE,4,NA,NA,0,0,0,NA,0,0,0,0,0,0,NA,NA,NA,NA,NA,NA,NA,NA,0,0,0,0,NA,NA,NA,NA,NA
"Ingo Callies","b0b0659b-3955-11ef-87aa-a36230ada079",NA,NA,1970,"11/14/1970","9092a00f-3960-11ef-8a6a-9b08c5d4c173","away","VfL Lübeck-Schwartau","TuS 05 Wellinghofen",19,14,TRUE,5,NA,NA,0,0,0,NA,0,0,0,0,0,0,NA,NA,NA,NA,NA,NA,NA,NA,0,0,0,0,NA,NA,NA,NA,NA
"Michael Dogs","b0cecb4a-3955-11ef-b665-a36230ada079",NA,NA,1970,"11/14/1970","9092a00f-3960-11ef-8a6a-9b08c5d4c173","away","VfL Lübeck-Schwartau","TuS 05 Wellinghofen",19,14,TRUE,0,NA,NA,0,0,0,NA,0,0,0,0,0,0,NA,NA,NA,NA,NA,NA,NA,NA,0,0,0,0,NA,NA,NA,NA,NA
"Joachim Römer","b0dcb8e7-3955-11ef-83ab-a36230ada079",NA,NA,1970,"11/14/1970","9092a00f-3960-11ef-8a6a-9b08c5d4c173","away","VfL Lübeck-Schwartau","TuS 05 Wellinghofen",19,14,TRUE,2,NA,NA,0,0,0,NA,0,0,0,0,0,0,NA,NA,NA,NA,NA,NA,NA,NA,0,0,0,0,NA,NA,NA,NA,NA
"Ulrich Kleinstoll","b0f37438-3955-11ef-84e6-a36230ada079",NA,NA,1970,"11/14/1970","9092a00f-3960-11ef-8a6a-9b08c5d4c173","away","VfL Lübeck-Schwartau","TuS 05 Wellinghofen",19,14,TRUE,2,NA,NA,0,0,0,NA,0,0,0,0,0,0,NA,NA,NA,NA,NA,NA,NA,NA,0,0,0,0,NA,NA,NA,NA,NA
"Geert Geusendam","baee7cab-3955-11ef-95ba-ab397f561917",NA,NA,1970,"11/14/1970","9092a00f-3960-11ef-8a6a-9b08c5d4c173","away","VfL Lübeck-Schwartau","TuS 05 Wellinghofen",19,14,TRUE,0,NA,NA,0,0,0,NA,0,0,0,0,0,0,NA,NA,NA,NA,NA,NA,NA,NA,0,0,0,0,NA,NA,NA,NA,NA
"Georg Pohl","baff6cee-3955-11ef-a80f-ab397f561917",NA,NA,1970,"11/14/1970","9092a00f-3960-11ef-8a6a-9b08c5d4c173","away","VfL Lübeck-Schwartau","TuS 05 Wellinghofen",19,14,TRUE,2,NA,NA,0,0,0,NA,0,0,0,0,0,0,NA,NA,NA,NA,NA,NA,NA,NA,0,0,0,0,NA,NA,NA,NA,NA
"Jochen Krummland","c7b078f7-3955-11ef-932e-157c9bc18a5f",NA,NA,1970,"11/14/1970","9092a00f-3960-11ef-8a6a-9b08c5d4c173","away","VfL Lübeck-Schwartau","TuS 05 Wellinghofen",19,14,TRUE,1,NA,NA,0,0,0,NA,0,0,0,0,0,0,NA,NA,NA,NA,NA,NA,NA,NA,0,0,0,0,NA,NA,NA,NA,NA
"Björn Clausen","c7b94735-3955-11ef-b741-157c9bc18a5f",NA,NA,1970,"11/14/1970","9092a00f-3960-11ef-8a6a-9b08c5d4c173","away","VfL Lübeck-Schwartau","TuS 05 Wellinghofen",19,14,TRUE,0,NA,NA,0,0,0,NA,0,0,0,0,0,0,NA,NA,NA,NA,NA,NA,NA,NA,0,0,0,0,NA,NA,NA,NA,NA
"Jochen Hoffmann","c7bdef38-3955-11ef-8b6c-157c9bc18a5f",NA,NA,1970,"11/14/1970","9092a00f-3960-11ef-8a6a-9b08c5d4c173","away","VfL Lübeck-Schwartau","TuS 05 Wellinghofen",19,14,TRUE,0,NA,NA,0,0,0,NA,0,0,0,0,0,0,NA,NA,NA,NA,NA,NA,NA,NA,0,0,0,0,NA,NA,NA,NA,NA
"Gerhard Anduleit","c9215aaa-3955-11ef-ac64-157c9bc18a5f",NA,NA,1970,"11/14/1970","9092a00f-3960-11ef-8a6a-9b08c5d4c173","away","VfL Lübeck-Schwartau","TuS 05 Wellinghofen",19,14,TRUE,2,NA,NA,0,0,1,NA,0,0,0,0,0,0,NA,NA,NA,NA,NA,NA,NA,NA,0,0,0,0,NA,NA,NA,NA,NA
"Klaus-Peter Schmidt","c926f113-3955-11ef-8497-157c9bc18a5f",NA,NA,1970,"11/14/1970","9092a00f-3960-11ef-8a6a-9b08c5d4c173","away","VfL Lübeck-Schwartau","TuS 05 Wellinghofen",19,14,TRUE,1,NA,NA,0,0,0,NA,0,0,0,0,0,0,NA,NA,NA,NA,NA,NA,NA,NA,0,0,0,0,NA,NA,NA,NA,NA
"Jens Schmitt","bb8d4110-3955-11ef-8fb2-ab397f561917",NA,NA,1970,"11/14/1970","98d6c4bf-3960-11ef-b04c-d3de5c174a65","home","S3L Handball","TV Großwallstadt",22,15,TRUE,1,NA,NA,0,0,0,NA,0,0,0,0,0,0,NA,NA,NA,NA,NA,NA,NA,NA,0,0,0,0,NA,NA,NA,NA,NA
"Wolfhardt Bühler","bba2fc92-3955-11ef-a8d6-ab397f561917",NA,NA,1970,"11/14/1970","98d6c4bf-3960-11ef-b04c-d3de5c174a65","home","S3L Handball","TV Großwallstadt",22,15,TRUE,6,NA,NA,0,0,2,NA,0,0,0,0,0,0,NA,NA,NA,NA,NA,NA,NA,NA,0,0,0,0,NA,NA,NA,NA,NA
"Wolfgang Ries","bba77d9e-3955-11ef-939a-ab397f561917",NA,NA,1970,"11/14/1970","98d6c4bf-3960-11ef-b04c-d3de5c174a65","home","S3L Handball","TV Großwallstadt",22,15,TRUE,0,NA,NA,0,0,0,NA,0,0,0,0,0,0,NA,NA,NA,NA,NA,NA,NA,NA,0,0,0,0,NA,NA,NA,NA,NA
"Gerd Schmitt","bbb09cf8-3955-11ef-97db-ab397f561917",NA,NA,1970,"11/14/1970","98d6c4bf-3960-11ef-b04c-d3de5c174a65","home","S3L Handball","TV Großwallstadt",22,15,TRUE,1,NA,NA,0,0,0,NA,0,0,0,0,0,0,NA,NA,NA,NA,NA,NA,NA,NA,0,0,0,0,NA,NA,NA,NA,NA
"Herbert Hönnige","c7e7cc14-3955-11ef-af0e-157c9bc18a5f",NA,NA,1970,"11/14/1970","98d6c4bf-3960-11ef-b04c-d3de5c174a65","home","S3L Handball","TV Großwallstadt",22,15,TRUE,9,NA,NA,0,0,0,NA,0,0,0,0,0,0,NA,NA,NA,NA,NA,NA,NA,NA,0,0,0,0,NA,NA,NA,NA,NA
"Jürgen Plambeck","c95d267b-3955-11ef-9a98-157c9bc18a5f",NA,NA,1970,"11/14/1970","98d6c4bf-3960-11ef-b04c-d3de5c174a65","home","S3L Handball","TV Großwallstadt",22,15,TRUE,1,NA,NA,0,0,0,NA,0,0,0,0,0,0,NA,NA,NA,NA,NA,NA,NA,NA,0,0,0,0,NA,NA,NA,NA,NA
"Rolf Seltner","c96574fc-3955-11ef-a37f-157c9bc18a5f",NA,NA,1970,"11/14/1970","98d6c4bf-3960-11ef-b04c-d3de5c174a65","home","S3L Handball","TV Großwallstadt",22,15,TRUE,1,NA,NA,0,0,0,NA,0,0,0,0,0,0,NA,NA,NA,NA,NA,NA,NA,NA,0,0,0,0,NA,NA,NA,NA,NA
"Norbert Schmitt","d2a1de09-3955-11ef-b7be-a36230ada079",NA,NA,1970,"11/14/1970","98d6c4bf-3960-11ef-b04c-d3de5c174a65","home","S3L Handball","TV Großwallstadt",22,15,TRUE,3,NA,NA,0,0,0,NA,0,0,0,0,0,0,NA,NA,NA,NA,NA,NA,NA,NA,0,0,0,0,NA,NA,NA,NA,NA
"Gerhard Spengler","d2a62412-3955-11ef-ba5e-a36230ada079",NA,NA,1970,"11/14/1970","98d6c4bf-3960-11ef-b04c-d3de5c174a65","home","S3L Handball","TV Großwallstadt",22,15,TRUE,0,NA,NA,0,0,0,NA,0,0,0,0,0,0,NA,NA,NA,NA,NA,NA,NA,NA,0,0,0,0,NA,NA,NA,NA,NA
"Kurt Klühspies","5ac3e7d7-3955-11ef-b574-4fa817cd91bb",NA,NA,1970,"11/14/1970","98d6c4bf-3960-11ef-b04c-d3de5c174a65","away","TV Großwallstadt","S3L Handball",15,22,FALSE,2,NA,NA,0,0,0,NA,0,0,0,0,0,0,NA,NA,NA,NA,NA,NA,NA,NA,0,0,0,0,NA,NA,NA,NA,NA
"Eckhardt Suffel","aeac0503-3955-11ef-88c6-a36230ada079",NA,NA,1970,"11/14/1970","98d6c4bf-3960-11ef-b04c-d3de5c174a65","away","TV Großwallstadt","S3L Handball",15,22,FALSE,0,NA,NA,0,0,0,NA,0,0,0,0,0,0,NA,NA,NA,NA,NA,NA,NA,NA,0,0,0,0,NA,NA,NA,NA,NA
"Peter Kuß","bbc18adb-3955-11ef-a5f7-ab397f561917",NA,NA,1970,"11/14/1970","98d6c4bf-3960-11ef-b04c-d3de5c174a65","away","TV Großwallstadt","S3L Handball",15,22,FALSE,2,NA,NA,0,0,0,NA,0,0,0,0,0,0,NA,NA,NA,NA,NA,NA,NA,NA,0,0,0,0,NA,NA,NA,NA,NA
"Werner Lemmert","be0e2c8d-3955-11ef-82a6-ab397f561917",NA,NA,1970,"11/14/1970","98d6c4bf-3960-11ef-b04c-d3de5c174a65","away","TV Großwallstadt","S3L Handball",15,22,FALSE,1,NA,NA,0,0,0,NA,0,0,0,0,0,0,NA,NA,NA,NA,NA,NA,NA,NA,0,0,0,0,NA,NA,NA,NA,NA
"Rainer Oberle","be123408-3955-11ef-92a6-ab397f561917",NA,NA,1970,"11/14/1970","98d6c4bf-3960-11ef-b04c-d3de5c174a65","away","TV Großwallstadt","S3L Handball",15,22,FALSE,2,NA,NA,0,0,0,NA,0,0,0,0,0,0,NA,NA,NA,NA,NA,NA,NA,NA,0,0,0,0,NA,NA,NA,NA,NA
"Hans-Joachim Herzig","c7ff4ec7-3955-11ef-a4ed-157c9bc18a5f",NA,NA,1970,"11/14/1970","98d6c4bf-3960-11ef-b04c-d3de5c174a65","away","TV Großwallstadt","S3L Handball",15,22,FALSE,0,NA,NA,0,0,0,NA,0,0,0,0,0,0,NA,NA,NA,NA,NA,NA,NA,NA,0,0,0,0,NA,NA,NA,NA,NA
"Klaus Oberle","c96e13a5-3955-11ef-a68a-157c9bc18a5f",NA,NA,1970,"11/14/1970","98d6c4bf-3960-11ef-b04c-d3de5c174a65","away","TV Großwallstadt","S3L Handball",15,22,FALSE,1,NA,NA,0,0,0,NA,0,0,0,0,0,0,NA,NA,NA,NA,NA,NA,NA,NA,0,0,0,0,NA,NA,NA,NA,NA
"Ludwig Hohm","c97b5499-3955-11ef-8cf3-157c9bc18a5f",NA,NA,1970,"11/14/1970","98d6c4bf-3960-11ef-b04c-d3de5c174a65","away","TV Großwallstadt","S3L Handball",15,22,FALSE,1,NA,NA,0,0,0,NA,0,0,0,0,0,0,NA,NA,NA,NA,NA,NA,NA,NA,0,0,0,0,NA,NA,NA,NA,NA
"Erich Kolb","d2d1efef-3955-11ef-89e7-a36230ada079",NA,NA,1970,"11/14/1970","98d6c4bf-3960-11ef-b04c-d3de5c174a65","away","TV Großwallstadt","S3L Handball",15,22,FALSE,1,NA,NA,0,0,0,NA,0,0,0,0,0,0,NA,NA,NA,NA,NA,NA,NA,NA,0,0,0,0,NA,NA,NA,NA,NA
"Wolf-Dieter Nagel","8d41486b-3955-11ef-8d22-81dc40648355",NA,NA,1970,"11/14/1970","9b381202-3960-11ef-bed1-d3de5c174a65","home","TSV 1896 Rintheim","FRISCH AUF! Göppingen",16,18,FALSE,3,NA,NA,0,0,0,NA,0,0,0,0,0,0,NA,NA,NA,NA,NA,NA,NA,NA,0,0,0,0,NA,NA,NA,NA,NA
"Bernd Seibel","bc6670d9-3955-11ef-b849-ab397f561917",NA,NA,1970,"11/14/1970","9b381202-3960-11ef-bed1-d3de5c174a65","home","TSV 1896 Rintheim","FRISCH AUF! Göppingen",16,18,FALSE,0,NA,NA,0,0,0,NA,0,0,0,0,0,0,NA,NA,NA,NA,NA,NA,NA,NA,0,0,0,0,NA,NA,NA,NA,NA
"Wolfgang Dillenberger","bc6a40c8-3955-11ef-8c9f-ab397f561917",NA,NA,1970,"11/14/1970","9b381202-3960-11ef-bed1-d3de5c174a65","home","TSV 1896 Rintheim","FRISCH AUF! Göppingen",16,18,FALSE,3,NA,NA,0,0,0,NA,0,0,0,0,0,0,NA,NA,NA,NA,NA,NA,NA,NA,0,0,0,0,NA,NA,NA,NA,NA
"Max Ullrich","c6e110c6-3955-11ef-83e4-157c9bc18a5f",NA,NA,1970,"11/14/1970","9b381202-3960-11ef-bed1-d3de5c174a65","home","TSV 1896 Rintheim","FRISCH AUF! Göppingen",16,18,FALSE,0,NA,NA,0,0,0,NA,0,0,0,0,0,0,NA,NA,NA,NA,NA,NA,NA,NA,0,0,0,0,NA,NA,NA,NA,NA
"Roland Schubach","c8722d8e-3955-11ef-b351-157c9bc18a5f",NA,NA,1970,"11/14/1970","9b381202-3960-11ef-bed1-d3de5c174a65","home","TSV 1896 Rintheim","FRISCH AUF! Göppingen",16,18,FALSE,2,NA,NA,0,0,0,NA,0,0,0,0,0,0,NA,NA,NA,NA,NA,NA,NA,NA,0,0,0,0,NA,NA,NA,NA,NA
"Siegfried Brabec","c87758a1-3955-11ef-9dbd-157c9bc18a5f",NA,NA,1970,"11/14/1970","9b381202-3960-11ef-bed1-d3de5c174a65","home","TSV 1896 Rintheim","FRISCH AUF! Göppingen",16,18,FALSE,0,NA,NA,0,0,0,NA,0,0,0,0,0,0,NA,NA,NA,NA,NA,NA,NA,NA,0,0,0,0,NA,NA,NA,NA,NA
"Josef Bechler","c88a53f3-3955-11ef-bd99-157c9bc18a5f",NA,NA,1970,"11/14/1970","9b381202-3960-11ef-bed1-d3de5c174a65","home","TSV 1896 Rintheim","FRISCH AUF! Göppingen",16,18,FALSE,4,NA,NA,0,0,0,NA,0,0,0,0,0,0,NA,NA,NA,NA,NA,NA,NA,NA,0,0,0,0,NA,NA,NA,NA,NA
"Wolfgang Neunzig","c9c4061c-3955-11ef-92f1-157c9bc18a5f",NA,NA,1970,"11/14/1970","9b381202-3960-11ef-bed1-d3de5c174a65","home","TSV 1896 Rintheim","FRISCH AUF! Göppingen",16,18,FALSE,2,NA,NA,0,0,0,NA,0,0,0,0,0,0,NA,NA,NA,NA,NA,NA,NA,NA,0,0,0,0,NA,NA,NA,NA,NA
"Karl Wackershauser","d338c73b-3955-11ef-bb70-a36230ada079",NA,NA,1970,"11/14/1970","9b381202-3960-11ef-bed1-d3de5c174a65","home","TSV 1896 Rintheim","FRISCH AUF! Göppingen",16,18,FALSE,0,NA,NA,0,0,0,NA,0,0,0,0,0,0,NA,NA,NA,NA,NA,NA,NA,NA,0,0,0,0,NA,NA,NA,NA,NA
"Jürgen Klatt","d347e8de-3955-11ef-a056-a36230ada079",NA,NA,1970,"11/14/1970","9b381202-3960-11ef-bed1-d3de5c174a65","home","TSV 1896 Rintheim","FRISCH AUF! Göppingen",16,18,FALSE,1,NA,NA,0,0,0,NA,0,0,0,0,0,0,NA,NA,NA,NA,NA,NA,NA,NA,0,0,0,0,NA,NA,NA,NA,NA
"Edwin Schmidkunz","d352cbf0-3955-11ef-a520-a36230ada079",NA,NA,1970,"11/14/1970","9b381202-3960-11ef-bed1-d3de5c174a65","home","TSV 1896 Rintheim","FRISCH AUF! Göppingen",16,18,FALSE,1,NA,NA,0,0,0,NA,0,0,0,0,0,0,NA,NA,NA,NA,NA,NA,NA,NA,0,0,0,0,NA,NA,NA,NA,NA
"Peter Bucher","8e0071c9-3955-11ef-8ff8-81dc40648355",NA,NA,1970,"11/14/1970","9b381202-3960-11ef-bed1-d3de5c174a65","away","FRISCH AUF! Göppingen","TSV 1896 Rintheim",18,16,TRUE,4,NA,NA,0,0,0,NA,0,0,0,0,0,0,NA,NA,NA,NA,NA,NA,NA,NA,0,0,0,0,NA,NA,NA,NA,NA
"Horst Singer","a30fd118-3955-11ef-9745-2510cc07ea6e",NA,NA,1970,"11/14/1970","9b381202-3960-11ef-bed1-d3de5c174a65","away","FRISCH AUF! Göppingen","TSV 1896 Rintheim",18,16,TRUE,3,NA,NA,0,0,1,NA,0,0,0,0,0,0,NA,NA,NA,NA,NA,NA,NA,NA,0,0,0,0,NA,NA,NA,NA,NA
"Hans Brodbeck","b1f00cc3-3955-11ef-b4c9-a36230ada079",NA,NA,1970,"11/14/1970","9b381202-3960-11ef-bed1-d3de5c174a65","away","FRISCH AUF! Göppingen","TSV 1896 Rintheim",18,16,TRUE,0,NA,NA,0,0,0,NA,0,0,0,0,0,0,NA,NA,NA,NA,NA,NA,NA,NA,0,0,0,0,NA,NA,NA,NA,NA
"Hans-Dieter Schunter","b2054717-3955-11ef-a22c-a36230ada079",NA,NA,1970,"11/14/1970","9b381202-3960-11ef-bed1-d3de5c174a65","away","FRISCH AUF! Göppingen","TSV 1896 Rintheim",18,16,TRUE,2,NA,NA,0,0,0,NA,0,0,0,0,0,0,NA,NA,NA,NA,NA,NA,NA,NA,0,0,0,0,NA,NA,NA,NA,NA
"Paul Epple","bc8167af-3955-11ef-8748-ab397f561917",NA,NA,1970,"11/14/1970","9b381202-3960-11ef-bed1-d3de5c174a65","away","FRISCH AUF! Göppingen","TSV 1896 Rintheim",18,16,TRUE,0,NA,NA,0,0,0,NA,0,0,0,0,0,0,NA,NA,NA,NA,NA,NA,NA,NA,0,0,0,0,NA,NA,NA,NA,NA
"Walter Pflüger","bc85cdbc-3955-11ef-8e24-ab397f561917",NA,NA,1970,"11/14/1970","9b381202-3960-11ef-bed1-d3de5c174a65","away","FRISCH AUF! Göppingen","TSV 1896 Rintheim",18,16,TRUE,1,NA,NA,0,0,0,NA,0,0,0,0,0,0,NA,NA,NA,NA,NA,NA,NA,NA,0,0,0,0,NA,NA,NA,NA,NA
"Werner Arndt","c71116e0-3955-11ef-85d3-157c9bc18a5f",NA,NA,1970,"11/14/1970","9b381202-3960-11ef-bed1-d3de5c174a65","away","FRISCH AUF! Göppingen","TSV 1896 Rintheim",18,16,TRUE,0,NA,NA,0,0,0,NA,0,0,0,0,0,0,NA,NA,NA,NA,NA,NA,NA,NA,0,0,0,0,NA,NA,NA,NA,NA
"Christian Patzer","c715a1de-3955-11ef-bc54-157c9bc18a5f",NA,NA,1970,"11/14/1970","9b381202-3960-11ef-bed1-d3de5c174a65","away","FRISCH AUF! Göppingen","TSV 1896 Rintheim",18,16,TRUE,5,NA,NA,0,0,0,NA,0,0,0,0,0,0,NA,NA,NA,NA,NA,NA,NA,NA,0,0,0,0,NA,NA,NA,NA,NA
"Uwe Rathjen","c898158b-3955-11ef-82cb-157c9bc18a5f",NA,NA,1970,"11/14/1970","9b381202-3960-11ef-bed1-d3de5c174a65","away","FRISCH AUF! Göppingen","TSV 1896 Rintheim",18,16,TRUE,0,NA,NA,0,0,0,NA,0,0,0,0,0,0,NA,NA,NA,NA,NA,NA,NA,NA,0,0,0,0,NA,NA,NA,NA,NA
"Armin Eisele","c9cc4c1b-3955-11ef-9f9f-157c9bc18a5f",NA,NA,1970,"11/14/1970","9b381202-3960-11ef-bed1-d3de5c174a65","away","FRISCH AUF! Göppingen","TSV 1896 Rintheim",18,16,TRUE,3,NA,NA,0,0,0,NA,0,0,0,0,0,0,NA,NA,NA,NA,NA,NA,NA,NA,0,0,0,0,NA,NA,NA,NA,NA
"Anton Bayer","d357b837-3955-11ef-8b00-a36230ada079",NA,NA,1970,"11/14/1970","9b381202-3960-11ef-bed1-d3de5c174a65","away","FRISCH AUF! Göppingen","TSV 1896 Rintheim",18,16,TRUE,0,NA,NA,0,0,0,NA,0,0,0,0,0,0,NA,NA,NA,NA,NA,NA,NA,NA,0,0,0,0,NA,NA,NA,NA,NA
"Keilwirth","d35ea6cb-3955-11ef-a644-a36230ada079",NA,NA,1970,"11/14/1970","9b381202-3960-11ef-bed1-d3de5c174a65","away","FRISCH AUF! Göppingen","TSV 1896 Rintheim",18,16,TRUE,0,NA,NA,0,0,0,NA,0,0,0,0,0,0,NA,NA,NA,NA,NA,NA,NA,NA,0,0,0,0,NA,NA,NA,NA,NA
"Petre Ivănescu","43ddd14f-3955-11ef-84b7-4fa817cd91bb",NA,NA,1970,"11/15/1970","8f12694f-3960-11ef-b4bb-9b08c5d4c173","home","SC Phönix Essen 1920","GWD Minden",13,11,TRUE,0,NA,NA,0,0,0,NA,0,0,0,0,0,0,NA,NA,NA,NA,NA,NA,NA,NA,0,0,0,0,NA,NA,NA,NA,NA
"Werner Kühn","a5a83923-3955-11ef-abc5-2510cc07ea6e",NA,NA,1970,"11/15/1970","8f12694f-3960-11ef-b4bb-9b08c5d4c173","home","SC Phönix Essen 1920","GWD Minden",13,11,TRUE,2,NA,NA,0,0,0,NA,0,0,0,0,0,0,NA,NA,NA,NA,NA,NA,NA,NA,0,0,0,0,NA,NA,NA,NA,NA
"Heinz Oberscheidt","a5ae94f2-3955-11ef-91fc-2510cc07ea6e",NA,NA,1970,"11/15/1970","8f12694f-3960-11ef-b4bb-9b08c5d4c173","home","SC Phönix Essen 1920","GWD Minden",13,11,TRUE,4,NA,NA,0,0,0,NA,0,0,0,0,0,0,NA,NA,NA,NA,NA,NA,NA,NA,0,0,0,0,NA,NA,NA,NA,NA
"Norbert Meister","a610e086-3955-11ef-bf85-2510cc07ea6e",NA,NA,1970,"11/15/1970","8f12694f-3960-11ef-b4bb-9b08c5d4c173","home","SC Phönix Essen 1920","GWD Minden",13,11,TRUE,0,NA,NA,0,0,0,NA,0,0,0,0,0,0,NA,NA,NA,NA,NA,NA,NA,NA,0,0,0,0,NA,NA,NA,NA,NA
"Klaus Kirschner","bae43a44-3955-11ef-ae7c-ab397f561917",NA,NA,1970,"11/15/1970","8f12694f-3960-11ef-b4bb-9b08c5d4c173","home","SC Phönix Essen 1920","GWD Minden",13,11,TRUE,0,NA,NA,0,0,0,NA,0,0,0,0,0,0,NA,NA,NA,NA,NA,NA,NA,NA,0,0,0,0,NA,NA,NA,NA,NA
"Marinko Andrić","bae9ac2f-3955-11ef-863e-ab397f561917",NA,NA,1970,"11/15/1970","8f12694f-3960-11ef-b4bb-9b08c5d4c173","home","SC Phönix Essen 1920","GWD Minden",13,11,TRUE,0,NA,NA,0,0,0,NA,0,0,0,0,0,0,NA,NA,NA,NA,NA,NA,NA,NA,0,0,0,0,NA,NA,NA,NA,NA
"Michael Hattig","bd52f5b1-3955-11ef-ba0c-ab397f561917",NA,NA,1970,"11/15/1970","8f12694f-3960-11ef-b4bb-9b08c5d4c173","home","SC Phönix Essen 1920","GWD Minden",13,11,TRUE,1,NA,NA,0,0,0,NA,0,0,0,0,0,0,NA,NA,NA,NA,NA,NA,NA,NA,0,0,0,0,NA,NA,NA,NA,NA
"Peter Fischer","bd861af2-3955-11ef-a655-ab397f561917",NA,NA,1970,"11/15/1970","8f12694f-3960-11ef-b4bb-9b08c5d4c173","home","SC Phönix Essen 1920","GWD Minden",13,11,TRUE,0,NA,NA,0,0,0,NA,0,0,0,0,0,0,NA,NA,NA,NA,NA,NA,NA,NA,0,0,0,0,NA,NA,NA,NA,NA
"Andrija Kotlas","bde016f5-3955-11ef-b96c-ab397f561917",NA,NA,1970,"11/15/1970","8f12694f-3960-11ef-b4bb-9b08c5d4c173","home","SC Phönix Essen 1920","GWD Minden",13,11,TRUE,0,NA,NA,0,0,0,NA,0,0,0,0,0,0,NA,NA,NA,NA,NA,NA,NA,NA,0,0,0,0,NA,NA,NA,NA,NA
"Carl-Bernd Behler","c79d213f-3955-11ef-a773-157c9bc18a5f",NA,NA,1970,"11/15/1970","8f12694f-3960-11ef-b4bb-9b08c5d4c173","home","SC Phönix Essen 1920","GWD Minden",13,11,TRUE,2,NA,NA,0,0,0,NA,0,0,0,0,0,0,NA,NA,NA,NA,NA,NA,NA,NA,0,0,0,0,NA,NA,NA,NA,NA
"Ernst Weise","c90cdba3-3955-11ef-b068-157c9bc18a5f",NA,NA,1970,"11/15/1970","8f12694f-3960-11ef-b4bb-9b08c5d4c173","home","SC Phönix Essen 1920","GWD Minden",13,11,TRUE,4,NA,NA,0,0,0,NA,0,0,0,0,0,0,NA,NA,NA,NA,NA,NA,NA,NA,0,0,0,0,NA,NA,NA,NA,NA
"Hans-Jürgen Sulk","7ff6b175-3955-11ef-a103-b908c60af10a",NA,NA,1970,"11/15/1970","8f12694f-3960-11ef-b4bb-9b08c5d4c173","away","GWD Minden","SC Phönix Essen 1920",11,13,FALSE,1,NA,NA,0,0,0,NA,0,0,0,0,0,0,NA,NA,NA,NA,NA,NA,NA,NA,0,0,0,0,NA,NA,NA,NA,NA
"Bernhard Busch","8dc9280f-3955-11ef-80e2-81dc40648355",NA,NA,1970,"11/15/1970","8f12694f-3960-11ef-b4bb-9b08c5d4c173","away","GWD Minden","SC Phönix Essen 1920",11,13,FALSE,4,NA,NA,0,0,0,NA,0,0,0,0,0,0,NA,NA,NA,NA,NA,NA,NA,NA,0,0,0,0,NA,NA,NA,NA,NA
"Martin Karcher","980f80ce-3955-11ef-8054-292be3190b7b",NA,NA,1970,"11/15/1970","8f12694f-3960-11ef-b4bb-9b08c5d4c173","away","GWD Minden","SC Phönix Essen 1920",11,13,FALSE,0,NA,NA,0,0,0,NA,0,0,0,0,0,0,NA,NA,NA,NA,NA,NA,NA,NA,0,0,0,0,NA,NA,NA,NA,NA
"Hans Kramer","98f50290-3955-11ef-8aa8-292be3190b7b",NA,NA,1970,"11/15/1970","8f12694f-3960-11ef-b4bb-9b08c5d4c173","away","GWD Minden","SC Phönix Essen 1920",11,13,FALSE,3,NA,NA,0,0,0,NA,0,0,0,0,0,0,NA,NA,NA,NA,NA,NA,NA,NA,0,0,0,0,NA,NA,NA,NA,NA
"Wilfried Meyer","a34b2aa0-3955-11ef-a79c-2510cc07ea6e",NA,NA,1970,"11/15/1970","8f12694f-3960-11ef-b4bb-9b08c5d4c173","away","GWD Minden","SC Phönix Essen 1920",11,13,FALSE,0,NA,NA,0,0,0,NA,0,0,0,0,0,0,NA,NA,NA,NA,NA,NA,NA,NA,0,0,0,0,NA,NA,NA,NA,NA
"Bernd Munck","ba5ee5e3-3955-11ef-9f80-ab397f561917",NA,NA,1970,"11/15/1970","8f12694f-3960-11ef-b4bb-9b08c5d4c173","away","GWD Minden","SC Phönix Essen 1920",11,13,FALSE,1,NA,NA,0,0,0,NA,0,0,0,0,0,0,NA,NA,NA,NA,NA,NA,NA,NA,0,0,0,0,NA,NA,NA,NA,NA
"Wilfried Drögemeier","ba63ada7-3955-11ef-a04d-ab397f561917",NA,NA,1970,"11/15/1970","8f12694f-3960-11ef-b4bb-9b08c5d4c173","away","GWD Minden","SC Phönix Essen 1920",11,13,FALSE,0,NA,NA,0,0,0,NA,0,0,0,0,0,0,NA,NA,NA,NA,NA,NA,NA,NA,0,0,0,0,NA,NA,NA,NA,NA
"Klaus Barlach","bcee5b38-3955-11ef-a026-ab397f561917",NA,NA,1970,"11/15/1970","8f12694f-3960-11ef-b4bb-9b08c5d4c173","away","GWD Minden","SC Phönix Essen 1920",11,13,FALSE,0,NA,NA,0,0,0,NA,0,0,0,0,0,0,NA,NA,NA,NA,NA,NA,NA,NA,0,0,0,0,NA,NA,NA,NA,NA
"Otto Weng","bcfbec1c-3955-11ef-b4f4-ab397f561917",NA,NA,1970,"11/15/1970","8f12694f-3960-11ef-b4bb-9b08c5d4c173","away","GWD Minden","SC Phönix Essen 1920",11,13,FALSE,2,NA,NA,0,0,0,NA,0,0,0,0,0,0,NA,NA,NA,NA,NA,NA,NA,NA,0,0,0,0,NA,NA,NA,NA,NA
"Jürgen Buhrmester","c747ff25-3955-11ef-9695-157c9bc18a5f",NA,NA,1970,"11/15/1970","8f12694f-3960-11ef-b4bb-9b08c5d4c173","away","GWD Minden","SC Phönix Essen 1920",11,13,FALSE,0,NA,NA,0,0,0,NA,0,0,0,0,0,0,NA,NA,NA,NA,NA,NA,NA,NA,0,0,0,0,NA,NA,NA,NA,NA
"Manfred Horstkötter","c8a23936-3955-11ef-9884-157c9bc18a5f",NA,NA,1970,"11/15/1970","8f12694f-3960-11ef-b4bb-9b08c5d4c173","away","GWD Minden","SC Phönix Essen 1920",11,13,FALSE,0,NA,NA,0,0,0,NA,0,0,0,0,0,0,NA,NA,NA,NA,NA,NA,NA,NA,0,0,0,0,NA,NA,NA,NA,NA
"Herbert Nottmeier","c9de181d-3955-11ef-a7e1-157c9bc18a5f",NA,NA,1970,"11/15/1970","8f12694f-3960-11ef-b4bb-9b08c5d4c173","away","GWD Minden","SC Phönix Essen 1920",11,13,FALSE,0,NA,NA,0,0,0,NA,0,0,0,0,0,0,NA,NA,NA,NA,NA,NA,NA,NA,0,0,0,0,NA,NA,NA,NA,NA
"Hans-Jürgen Bode","b011e6da-3955-11ef-8205-a36230ada079",NA,NA,1970,"11/15/1970","8ffef316-3960-11ef-8f30-9b08c5d4c173","home","Hamburger SV","THW Kiel",12,8,TRUE,0,NA,NA,0,0,0,NA,0,0,0,0,0,0,NA,NA,NA,NA,NA,NA,NA,NA,0,0,0,0,NA,NA,NA,NA,NA
"Herbert Niemeier","b0163f16-3955-11ef-ae9e-a36230ada079",NA,NA,1970,"11/15/1970","8ffef316-3960-11ef-8f30-9b08c5d4c173","home","Hamburger SV","THW Kiel",12,8,TRUE,0,NA,NA,0,0,0,NA,0,0,0,0,0,0,NA,NA,NA,NA,NA,NA,NA,NA,0,0,0,0,NA,NA,NA,NA,NA
"Rainer Witt","b02adaad-3955-11ef-b8c4-a36230ada079",NA,NA,1970,"11/15/1970","8ffef316-3960-11ef-8f30-9b08c5d4c173","home","Hamburger SV","THW Kiel",12,8,TRUE,3,NA,NA,0,0,0,NA,0,0,0,0,0,0,NA,NA,NA,NA,NA,NA,NA,NA,0,0,0,0,NA,NA,NA,NA,NA
"Hans-Joachim Beißel","b0341bcb-3955-11ef-9e08-a36230ada079",NA,NA,1970,"11/15/1970","8ffef316-3960-11ef-8f30-9b08c5d4c173","home","Hamburger SV","THW Kiel",12,8,TRUE,0,NA,NA,0,0,0,NA,0,0,0,0,0,0,NA,NA,NA,NA,NA,NA,NA,NA,0,0,0,0,NA,NA,NA,NA,NA
"Siegfried Berg","b10d3ec3-3955-11ef-8a30-a36230ada079",NA,NA,1970,"11/15/1970","8ffef316-3960-11ef-8f30-9b08c5d4c173","home","Hamburger SV","THW Kiel",12,8,TRUE,1,NA,NA,0,0,0,NA,0,0,0,0,0,0,NA,NA,NA,NA,NA,NA,NA,NA,0,0,0,0,NA,NA,NA,NA,NA
"Bernd Heiden","baf62966-3955-11ef-b7e1-ab397f561917",NA,NA,1970,"11/15/1970","8ffef316-3960-11ef-8f30-9b08c5d4c173","home","Hamburger SV","THW Kiel",12,8,TRUE,3,NA,NA,0,0,0,NA,0,0,0,0,0,0,NA,NA,NA,NA,NA,NA,NA,NA,0,0,0,0,NA,NA,NA,NA,NA
"Klaus Lange","bafb51f3-3955-11ef-9864-ab397f561917",NA,NA,1970,"11/15/1970","8ffef316-3960-11ef-8f30-9b08c5d4c173","home","Hamburger SV","THW Kiel",12,8,TRUE,1,NA,NA,0,0,0,NA,0,0,0,0,0,0,NA,NA,NA,NA,NA,NA,NA,NA,0,0,0,0,NA,NA,NA,NA,NA
"Rüdiger Heß","bd122db8-3955-11ef-9b21-ab397f561917",NA,NA,1970,"11/15/1970","8ffef316-3960-11ef-8f30-9b08c5d4c173","home","Hamburger SV","THW Kiel",12,8,TRUE,2,NA,NA,0,0,0,NA,0,0,0,0,0,0,NA,NA,NA,NA,NA,NA,NA,NA,0,0,0,0,NA,NA,NA,NA,NA
"Manfred Grühn","c755d6cb-3955-11ef-a162-157c9bc18a5f",NA,NA,1970,"11/15/1970","8ffef316-3960-11ef-8f30-9b08c5d4c173","home","Hamburger SV","THW Kiel",12,8,TRUE,0,NA,NA,0,0,0,NA,0,0,0,0,0,0,NA,NA,NA,NA,NA,NA,NA,NA,0,0,0,0,NA,NA,NA,NA,NA
"Katsuhiko Chikamori","c9e81f92-3955-11ef-87d2-157c9bc18a5f",NA,NA,1970,"11/15/1970","8ffef316-3960-11ef-8f30-9b08c5d4c173","home","Hamburger SV","THW Kiel",12,8,TRUE,2,NA,NA,0,0,1,NA,0,0,0,0,0,0,NA,NA,NA,NA,NA,NA,NA,NA,0,0,0,0,NA,NA,NA,NA,NA
"Hans-Jörg Graeper","964d8ebc-3955-11ef-a25b-292be3190b7b",NA,NA,1970,"11/15/1970","8ffef316-3960-11ef-8f30-9b08c5d4c173","away","THW Kiel","Hamburger SV",8,12,FALSE,0,NA,NA,0,0,0,NA,0,0,0,0,0,0,NA,NA,NA,NA,NA,NA,NA,NA,0,0,0,0,NA,NA,NA,NA,NA
"Gerd Welz","98273a90-3955-11ef-a3a2-292be3190b7b",NA,NA,1970,"11/15/1970","8ffef316-3960-11ef-8f30-9b08c5d4c173","away","THW Kiel","Hamburger SV",8,12,FALSE,1,NA,NA,0,0,0,NA,0,0,0,0,0,0,NA,NA,NA,NA,NA,NA,NA,NA,0,0,0,0,NA,NA,NA,NA,NA
"Volker Harbs","9995a6f3-3955-11ef-b74f-292be3190b7b",NA,NA,1970,"11/15/1970","8ffef316-3960-11ef-8f30-9b08c5d4c173","away","THW Kiel","Hamburger SV",8,12,FALSE,2,NA,NA,0,0,2,NA,0,0,0,0,0,0,NA,NA,NA,NA,NA,NA,NA,NA,0,0,0,0,NA,NA,NA,NA,NA
"Peter Prehn","b073ee0a-3955-11ef-8404-a36230ada079",NA,NA,1970,"11/15/1970","8ffef316-3960-11ef-8f30-9b08c5d4c173","away","THW Kiel","Hamburger SV",8,12,FALSE,0,NA,NA,0,0,0,NA,0,0,0,0,0,0,NA,NA,NA,NA,NA,NA,NA,NA,0,0,0,0,NA,NA,NA,NA,NA
"Peter Werk","b0784d6e-3955-11ef-9a85-a36230ada079",NA,NA,1970,"11/15/1970","8ffef316-3960-11ef-8f30-9b08c5d4c173","away","THW Kiel","Hamburger SV",8,12,FALSE,1,NA,NA,0,0,0,NA,0,0,0,0,0,0,NA,NA,NA,NA,NA,NA,NA,NA,0,0,0,0,NA,NA,NA,NA,NA
"Manfred Schulz","b0a21333-3955-11ef-a679-a36230ada079",NA,NA,1970,"11/15/1970","8ffef316-3960-11ef-8f30-9b08c5d4c173","away","THW Kiel","Hamburger SV",8,12,FALSE,1,NA,NA,0,0,0,NA,0,0,0,0,0,0,NA,NA,NA,NA,NA,NA,NA,NA,0,0,0,0,NA,NA,NA,NA,NA
"Bernd Nielsen","b1480d2c-3955-11ef-8563-a36230ada079",NA,NA,1970,"11/15/1970","8ffef316-3960-11ef-8f30-9b08c5d4c173","away","THW Kiel","Hamburger SV",8,12,FALSE,2,NA,NA,0,0,1,NA,0,0,0,0,0,0,NA,NA,NA,NA,NA,NA,NA,NA,0,0,0,0,NA,NA,NA,NA,NA
"Hartwig Moll","b14ce7d8-3955-11ef-8cb5-a36230ada079",NA,NA,1970,"11/15/1970","8ffef316-3960-11ef-8f30-9b08c5d4c173","away","THW Kiel","Hamburger SV",8,12,FALSE,0,NA,NA,0,0,0,NA,0,0,0,0,0,0,NA,NA,NA,NA,NA,NA,NA,NA,0,0,0,0,NA,NA,NA,NA,NA
"Rainer Voigt","c7c742a9-3955-11ef-b542-157c9bc18a5f",NA,NA,1970,"11/15/1970","8ffef316-3960-11ef-8f30-9b08c5d4c173","away","THW Kiel","Hamburger SV",8,12,FALSE,0,NA,NA,0,0,0,NA,0,0,0,0,0,0,NA,NA,NA,NA,NA,NA,NA,NA,0,0,0,0,NA,NA,NA,NA,NA
"Dieter Baguhn","c7cbf017-3955-11ef-b1f7-157c9bc18a5f",NA,NA,1970,"11/15/1970","8ffef316-3960-11ef-8f30-9b08c5d4c173","away","THW Kiel","Hamburger SV",8,12,FALSE,1,NA,NA,0,0,0,NA,0,0,0,0,0,0,NA,NA,NA,NA,NA,NA,NA,NA,0,0,0,0,NA,NA,NA,NA,NA
"Hans Moser","7e83ce46-3955-11ef-830d-b908c60af10a",NA,NA,1970,"11/15/1970","9a995a75-3960-11ef-8403-d3de5c174a65","home","TSV Milbertshofen","SpVgg 1887 Möhringen",20,15,TRUE,5,NA,NA,0,0,1,NA,0,0,0,0,0,0,NA,NA,NA,NA,NA,NA,NA,NA,0,0,0,0,NA,NA,NA,NA,NA
"Gerhard Ochsenkühn","97259ed1-3955-11ef-96ca-292be3190b7b",NA,NA,1970,"11/15/1970","9a995a75-3960-11ef-8403-d3de5c174a65","home","TSV Milbertshofen","SpVgg 1887 Möhringen",20,15,TRUE,1,NA,NA,0,0,0,NA,0,0,0,0,0,0,NA,NA,NA,NA,NA,NA,NA,NA,0,0,0,0,NA,NA,NA,NA,NA
"Ivan Uremović","9784bfff-3955-11ef-a0bf-292be3190b7b",NA,NA,1970,"11/15/1970","9a995a75-3960-11ef-8403-d3de5c174a65","home","TSV Milbertshofen","SpVgg 1887 Möhringen",20,15,TRUE,2,NA,NA,0,0,0,NA,0,0,0,0,0,0,NA,NA,NA,NA,NA,NA,NA,NA,0,0,0,0,NA,NA,NA,NA,NA
"Helmut Schelchshorn","b1c960ef-3955-11ef-850b-a36230ada079",NA,NA,1970,"11/15/1970","9a995a75-3960-11ef-8403-d3de5c174a65","home","TSV Milbertshofen","SpVgg 1887 Möhringen",20,15,TRUE,1,NA,NA,0,0,0,NA,0,0,0,0,0,0,NA,NA,NA,NA,NA,NA,NA,NA,0,0,0,0,NA,NA,NA,NA,NA
"Peter Feddern","bc1b1b3e-3955-11ef-9c4e-ab397f561917",NA,NA,1970,"11/15/1970","9a995a75-3960-11ef-8403-d3de5c174a65","home","TSV Milbertshofen","SpVgg 1887 Möhringen",20,15,TRUE,1,NA,NA,0,0,0,NA,0,0,0,0,0,0,NA,NA,NA,NA,NA,NA,NA,NA,0,0,0,0,NA,NA,NA,NA,NA
"Anton Niggel","c6b807f5-3955-11ef-8bfd-157c9bc18a5f",NA,NA,1970,"11/15/1970","9a995a75-3960-11ef-8403-d3de5c174a65","home","TSV Milbertshofen","SpVgg 1887 Möhringen",20,15,TRUE,2,NA,NA,0,0,0,NA,0,0,0,0,0,0,NA,NA,NA,NA,NA,NA,NA,NA,0,0,0,0,NA,NA,NA,NA,NA
"Volker Filipp","c6bca602-3955-11ef-8195-157c9bc18a5f",NA,NA,1970,"11/15/1970","9a995a75-3960-11ef-8403-d3de5c174a65","home","TSV Milbertshofen","SpVgg 1887 Möhringen",20,15,TRUE,0,NA,NA,0,0,0,NA,0,0,0,0,0,0,NA,NA,NA,NA,NA,NA,NA,NA,0,0,0,0,NA,NA,NA,NA,NA
"Karl Donndorf","c821c668-3955-11ef-a20c-157c9bc18a5f",NA,NA,1970,"11/15/1970","9a995a75-3960-11ef-8403-d3de5c174a65","home","TSV Milbertshofen","SpVgg 1887 Möhringen",20,15,TRUE,5,NA,NA,0,0,1,NA,0,0,0,0,0,0,NA,NA,NA,NA,NA,NA,NA,NA,0,0,0,0,NA,NA,NA,NA,NA
"Arnold Gaitzsch","c99ecd8f-3955-11ef-a93a-157c9bc18a5f",NA,NA,1970,"11/15/1970","9a995a75-3960-11ef-8403-d3de5c174a65","home","TSV Milbertshofen","SpVgg 1887 Möhringen",20,15,TRUE,1,NA,NA,0,0,0,NA,0,0,0,0,0,0,NA,NA,NA,NA,NA,NA,NA,NA,0,0,0,0,NA,NA,NA,NA,NA
"Peter Pyrges","c9b28b8a-3955-11ef-9887-157c9bc18a5f",NA,NA,1970,"11/15/1970","9a995a75-3960-11ef-8403-d3de5c174a65","home","TSV Milbertshofen","SpVgg 1887 Möhringen",20,15,TRUE,2,NA,NA,0,0,0,NA,0,0,0,0,0,0,NA,NA,NA,NA,NA,NA,NA,NA,0,0,0,0,NA,NA,NA,NA,NA
"Hermann Mäurle","a44f95e3-3955-11ef-b53d-2510cc07ea6e",NA,NA,1970,"11/15/1970","9a995a75-3960-11ef-8403-d3de5c174a65","away","SpVgg 1887 Möhringen","TSV Milbertshofen",15,20,FALSE,2,NA,NA,0,0,0,NA,0,0,0,0,0,0,NA,NA,NA,NA,NA,NA,NA,NA,0,0,0,0,NA,NA,NA,NA,NA
"Gerd-Volker Stock","c8397c3c-3955-11ef-af12-157c9bc18a5f",NA,NA,1970,"11/15/1970","9a995a75-3960-11ef-8403-d3de5c174a65","away","SpVgg 1887 Möhringen","TSV Milbertshofen",15,20,FALSE,3,NA,NA,0,0,0,NA,0,0,0,0,0,0,NA,NA,NA,NA,NA,NA,NA,NA,0,0,0,0,NA,NA,NA,NA,NA
"Dieter Schuh","c84c4c54-3955-11ef-9d35-157c9bc18a5f",NA,NA,1970,"11/15/1970","9a995a75-3960-11ef-8403-d3de5c174a65","away","SpVgg 1887 Möhringen","TSV Milbertshofen",15,20,FALSE,1,NA,NA,0,0,0,NA,0,0,0,0,0,0,NA,NA,NA,NA,NA,NA,NA,NA,0,0,0,0,NA,NA,NA,NA,NA
"Lothar Scheffel","c850996c-3955-11ef-94a7-157c9bc18a5f",NA,NA,1970,"11/15/1970","9a995a75-3960-11ef-8403-d3de5c174a65","away","SpVgg 1887 Möhringen","TSV Milbertshofen",15,20,FALSE,0,NA,NA,0,0,0,NA,0,0,0,0,0,0,NA,NA,NA,NA,NA,NA,NA,NA,0,0,0,0,NA,NA,NA,NA,NA
"Karl-Heinz Steinbach","c864fc61-3955-11ef-bc13-157c9bc18a5f",NA,NA,1970,"11/15/1970","9a995a75-3960-11ef-8403-d3de5c174a65","away","SpVgg 1887 Möhringen","TSV Milbertshofen",15,20,FALSE,4,NA,NA,0,0,0,NA,0,0,0,0,0,0,NA,NA,NA,NA,NA,NA,NA,NA,0,0,0,0,NA,NA,NA,NA,NA
"Wolfgang Schall","c869381d-3955-11ef-a2ed-157c9bc18a5f",NA,NA,1970,"11/15/1970","9a995a75-3960-11ef-8403-d3de5c174a65","away","SpVgg 1887 Möhringen","TSV Milbertshofen",15,20,FALSE,0,NA,NA,0,0,0,NA,0,0,0,0,0,0,NA,NA,NA,NA,NA,NA,NA,NA,0,0,0,0,NA,NA,NA,NA,NA
"Günter Heger","c9b80786-3955-11ef-80ae-157c9bc18a5f",NA,NA,1970,"11/15/1970","9a995a75-3960-11ef-8403-d3de5c174a65","away","SpVgg 1887 Möhringen","TSV Milbertshofen",15,20,FALSE,0,NA,NA,0,0,0,NA,0,0,0,0,0,0,NA,NA,NA,NA,NA,NA,NA,NA,0,0,0,0,NA,NA,NA,NA,NA
"Klaus Eberhardt","d3228004-3955-11ef-8600-a36230ada079",NA,NA,1970,"11/15/1970","9a995a75-3960-11ef-8403-d3de5c174a65","away","SpVgg 1887 Möhringen","TSV Milbertshofen",15,20,FALSE,0,NA,NA,0,0,0,NA,0,0,0,0,0,0,NA,NA,NA,NA,NA,NA,NA,NA,0,0,0,0,NA,NA,NA,NA,NA
"Winfried Holtmann","d3270d6b-3955-11ef-8174-a36230ada079",NA,NA,1970,"11/15/1970","9a995a75-3960-11ef-8403-d3de5c174a65","away","SpVgg 1887 Möhringen","TSV Milbertshofen",15,20,FALSE,1,NA,NA,0,0,0,NA,0,0,0,0,0,0,NA,NA,NA,NA,NA,NA,NA,NA,0,0,0,0,NA,NA,NA,NA,NA
"Hans-Jürgen Sulk","7ff6b175-3955-11ef-a103-b908c60af10a",NA,NA,1970,"11/17/1970","8f20ef25-3960-11ef-81ed-9b08c5d4c173","home","GWD Minden","TuS 05 Wellinghofen",12,8,TRUE,1,NA,NA,0,0,0,NA,0,0,0,0,0,0,NA,NA,NA,NA,NA,NA,NA,NA,0,0,0,0,NA,NA,NA,NA,NA
"Bernhard Busch","8dc9280f-3955-11ef-80e2-81dc40648355",NA,NA,1970,"11/17/1970","8f20ef25-3960-11ef-81ed-9b08c5d4c173","home","GWD Minden","TuS 05 Wellinghofen",12,8,TRUE,0,NA,NA,0,0,0,NA,0,0,0,0,0,0,NA,NA,NA,NA,NA,NA,NA,NA,0,0,0,0,NA,NA,NA,NA,NA
"Hans Kramer","98f50290-3955-11ef-8aa8-292be3190b7b",NA,NA,1970,"11/17/1970","8f20ef25-3960-11ef-81ed-9b08c5d4c173","home","GWD Minden","TuS 05 Wellinghofen",12,8,TRUE,4,NA,NA,0,0,0,NA,0,0,0,0,0,0,NA,NA,NA,NA,NA,NA,NA,NA,0,0,0,0,NA,NA,NA,NA,NA
"Wilfried Meyer","a34b2aa0-3955-11ef-a79c-2510cc07ea6e",NA,NA,1970,"11/17/1970","8f20ef25-3960-11ef-81ed-9b08c5d4c173","home","GWD Minden","TuS 05 Wellinghofen",12,8,TRUE,0,NA,NA,0,0,0,NA,0,0,0,0,0,0,NA,NA,NA,NA,NA,NA,NA,NA,0,0,0,0,NA,NA,NA,NA,NA
"Bernd Munck","ba5ee5e3-3955-11ef-9f80-ab397f561917",NA,NA,1970,"11/17/1970","8f20ef25-3960-11ef-81ed-9b08c5d4c173","home","GWD Minden","TuS 05 Wellinghofen",12,8,TRUE,5,NA,NA,0,0,1,NA,0,0,0,0,0,0,NA,NA,NA,NA,NA,NA,NA,NA,0,0,0,0,NA,NA,NA,NA,NA
"Wilfried Drögemeier","ba63ada7-3955-11ef-a04d-ab397f561917",NA,NA,1970,"11/17/1970","8f20ef25-3960-11ef-81ed-9b08c5d4c173","home","GWD Minden","TuS 05 Wellinghofen",12,8,TRUE,1,NA,NA,0,0,0,NA,0,0,0,0,0,0,NA,NA,NA,NA,NA,NA,NA,NA,0,0,0,0,NA,NA,NA,NA,NA
"Klaus Barlach","bcee5b38-3955-11ef-a026-ab397f561917",NA,NA,1970,"11/17/1970","8f20ef25-3960-11ef-81ed-9b08c5d4c173","home","GWD Minden","TuS 05 Wellinghofen",12,8,TRUE,1,NA,NA,0,0,0,NA,0,0,0,0,0,0,NA,NA,NA,NA,NA,NA,NA,NA,0,0,0,0,NA,NA,NA,NA,NA
"Otto Weng","bcfbec1c-3955-11ef-b4f4-ab397f561917",NA,NA,1970,"11/17/1970","8f20ef25-3960-11ef-81ed-9b08c5d4c173","home","GWD Minden","TuS 05 Wellinghofen",12,8,TRUE,0,NA,NA,0,0,0,NA,0,0,0,0,0,0,NA,NA,NA,NA,NA,NA,NA,NA,0,0,0,0,NA,NA,NA,NA,NA
"Jürgen Buhrmester","c747ff25-3955-11ef-9695-157c9bc18a5f",NA,NA,1970,"11/17/1970","8f20ef25-3960-11ef-81ed-9b08c5d4c173","home","GWD Minden","TuS 05 Wellinghofen",12,8,TRUE,0,NA,NA,0,0,0,NA,0,0,0,0,0,0,NA,NA,NA,NA,NA,NA,NA,NA,0,0,0,0,NA,NA,NA,NA,NA
"Manfred Horstkötter","c8a23936-3955-11ef-9884-157c9bc18a5f",NA,NA,1970,"11/17/1970","8f20ef25-3960-11ef-81ed-9b08c5d4c173","home","GWD Minden","TuS 05 Wellinghofen",12,8,TRUE,0,NA,NA,0,0,0,NA,0,0,0,0,0,0,NA,NA,NA,NA,NA,NA,NA,NA,0,0,0,0,NA,NA,NA,NA,NA
"Herbert Nottmeier","c9de181d-3955-11ef-a7e1-157c9bc18a5f",NA,NA,1970,"11/17/1970","8f20ef25-3960-11ef-81ed-9b08c5d4c173","home","GWD Minden","TuS 05 Wellinghofen",12,8,TRUE,0,NA,NA,0,0,0,NA,0,0,0,0,0,0,NA,NA,NA,NA,NA,NA,NA,NA,0,0,0,0,NA,NA,NA,NA,NA
"Karl-Heinz Schulz","72847241-3955-11ef-8bd4-51fdf2a82730",NA,NA,1970,"11/17/1970","8f20ef25-3960-11ef-81ed-9b08c5d4c173","away","TuS 05 Wellinghofen","GWD Minden",8,12,FALSE,3,NA,NA,0,0,0,NA,0,0,0,0,0,0,NA,NA,NA,NA,NA,NA,NA,NA,0,0,0,0,NA,NA,NA,NA,NA
"Heiner Möller","8d7571e4-3955-11ef-b1d3-81dc40648355",NA,NA,1970,"11/17/1970","8f20ef25-3960-11ef-81ed-9b08c5d4c173","away","TuS 05 Wellinghofen","GWD Minden",8,12,FALSE,1,NA,NA,0,0,0,NA,0,0,0,0,0,0,NA,NA,NA,NA,NA,NA,NA,NA,0,0,0,0,NA,NA,NA,NA,NA
"Hans-Peter Neuhaus","8d9d3887-3955-11ef-80a3-81dc40648355",NA,NA,1970,"11/17/1970","8f20ef25-3960-11ef-81ed-9b08c5d4c173","away","TuS 05 Wellinghofen","GWD Minden",8,12,FALSE,3,NA,NA,0,0,2,NA,0,0,0,0,0,0,NA,NA,NA,NA,NA,NA,NA,NA,0,0,0,0,NA,NA,NA,NA,NA
"Rainer Gosewinkel","a4d61156-3955-11ef-8406-2510cc07ea6e",NA,NA,1970,"11/17/1970","8f20ef25-3960-11ef-81ed-9b08c5d4c173","away","TuS 05 Wellinghofen","GWD Minden",8,12,FALSE,0,NA,NA,0,0,0,NA,0,0,0,0,0,0,NA,NA,NA,NA,NA,NA,NA,NA,0,0,0,0,NA,NA,NA,NA,NA
"Klaus Erwe","a4f54a19-3955-11ef-b48a-2510cc07ea6e",NA,NA,1970,"11/17/1970","8f20ef25-3960-11ef-81ed-9b08c5d4c173","away","TuS 05 Wellinghofen","GWD Minden",8,12,FALSE,0,NA,NA,0,0,0,NA,0,0,0,0,0,0,NA,NA,NA,NA,NA,NA,NA,NA,0,0,0,0,NA,NA,NA,NA,NA
"Burkhard Gröning","a52c6e4f-3955-11ef-a576-2510cc07ea6e",NA,NA,1970,"11/17/1970","8f20ef25-3960-11ef-81ed-9b08c5d4c173","away","TuS 05 Wellinghofen","GWD Minden",8,12,FALSE,1,NA,NA,0,0,0,NA,0,0,0,0,0,0,NA,NA,NA,NA,NA,NA,NA,NA,0,0,0,0,NA,NA,NA,NA,NA
"Klaus Tiews","a531838f-3955-11ef-8e99-2510cc07ea6e",NA,NA,1970,"11/17/1970","8f20ef25-3960-11ef-81ed-9b08c5d4c173","away","TuS 05 Wellinghofen","GWD Minden",8,12,FALSE,0,NA,NA,0,0,0,NA,0,0,0,0,0,0,NA,NA,NA,NA,NA,NA,NA,NA,0,0,0,0,NA,NA,NA,NA,NA
"Hans-Jürgen Sengera","ba7fae8e-3955-11ef-80e4-ab397f561917",NA,NA,1970,"11/17/1970","8f20ef25-3960-11ef-81ed-9b08c5d4c173","away","TuS 05 Wellinghofen","GWD Minden",8,12,FALSE,0,NA,NA,0,0,0,NA,0,0,0,0,0,0,NA,NA,NA,NA,NA,NA,NA,NA,0,0,0,0,NA,NA,NA,NA,NA
"Ulrich Thubeauville","c76555ef-3955-11ef-9f3a-157c9bc18a5f",NA,NA,1970,"11/17/1970","8f20ef25-3960-11ef-81ed-9b08c5d4c173","away","TuS 05 Wellinghofen","GWD Minden",8,12,FALSE,0,NA,NA,0,0,0,NA,0,0,0,0,0,0,NA,NA,NA,NA,NA,NA,NA,NA,0,0,0,0,NA,NA,NA,NA,NA
"Burkhardt Eckardt","c76d08cb-3955-11ef-8fa7-157c9bc18a5f",NA,NA,1970,"11/17/1970","8f20ef25-3960-11ef-81ed-9b08c5d4c173","away","TuS 05 Wellinghofen","GWD Minden",8,12,FALSE,0,NA,NA,0,0,0,NA,0,0,0,0,0,0,NA,NA,NA,NA,NA,NA,NA,NA,0,0,0,0,NA,NA,NA,NA,NA
"Schumann","c9f2da05-3955-11ef-a8bd-157c9bc18a5f",NA,NA,1970,"11/17/1970","8f20ef25-3960-11ef-81ed-9b08c5d4c173","away","TuS 05 Wellinghofen","GWD Minden",8,12,FALSE,0,NA,NA,0,0,0,NA,0,0,0,0,0,0,NA,NA,NA,NA,NA,NA,NA,NA,0,0,0,0,NA,NA,NA,NA,NA
"Herbert Rogge","b06614d7-3955-11ef-a43b-a36230ada079",NA,NA,1970,"11/17/1970","900cafcd-3960-11ef-acf4-9b08c5d4c173","home","VfL Lübeck-Schwartau","Hamburger SV",8,13,FALSE,5,NA,NA,0,0,1,NA,0,0,0,0,0,0,NA,NA,NA,NA,NA,NA,NA,NA,0,0,0,0,NA,NA,NA,NA,NA
"Ingo Callies","b0b0659b-3955-11ef-87aa-a36230ada079",NA,NA,1970,"11/17/1970","900cafcd-3960-11ef-acf4-9b08c5d4c173","home","VfL Lübeck-Schwartau","Hamburger SV",8,13,FALSE,2,NA,NA,0,0,1,NA,0,0,0,0,0,0,NA,NA,NA,NA,NA,NA,NA,NA,0,0,0,0,NA,NA,NA,NA,NA
"Michael Dogs","b0cecb4a-3955-11ef-b665-a36230ada079",NA,NA,1970,"11/17/1970","900cafcd-3960-11ef-acf4-9b08c5d4c173","home","VfL Lübeck-Schwartau","Hamburger SV",8,13,FALSE,0,NA,NA,0,0,0,NA,0,0,0,0,0,0,NA,NA,NA,NA,NA,NA,NA,NA,0,0,0,0,NA,NA,NA,NA,NA
"Joachim Römer","b0dcb8e7-3955-11ef-83ab-a36230ada079",NA,NA,1970,"11/17/1970","900cafcd-3960-11ef-acf4-9b08c5d4c173","home","VfL Lübeck-Schwartau","Hamburger SV",8,13,FALSE,0,NA,NA,0,0,0,NA,0,0,0,0,0,0,NA,NA,NA,NA,NA,NA,NA,NA,0,0,0,0,NA,NA,NA,NA,NA
"Ulrich Kleinstoll","b0f37438-3955-11ef-84e6-a36230ada079",NA,NA,1970,"11/17/1970","900cafcd-3960-11ef-acf4-9b08c5d4c173","home","VfL Lübeck-Schwartau","Hamburger SV",8,13,FALSE,0,NA,NA,0,0,0,NA,0,0,0,0,0,0,NA,NA,NA,NA,NA,NA,NA,NA,0,0,0,0,NA,NA,NA,NA,NA
"Geert Geusendam","baee7cab-3955-11ef-95ba-ab397f561917",NA,NA,1970,"11/17/1970","900cafcd-3960-11ef-acf4-9b08c5d4c173","home","VfL Lübeck-Schwartau","Hamburger SV",8,13,FALSE,0,NA,NA,0,0,0,NA,0,0,0,0,0,0,NA,NA,NA,NA,NA,NA,NA,NA,0,0,0,0,NA,NA,NA,NA,NA
"Georg Pohl","baff6cee-3955-11ef-a80f-ab397f561917",NA,NA,1970,"11/17/1970","900cafcd-3960-11ef-acf4-9b08c5d4c173","home","VfL Lübeck-Schwartau","Hamburger SV",8,13,FALSE,0,NA,NA,0,0,0,NA,0,0,0,0,0,0,NA,NA,NA,NA,NA,NA,NA,NA,0,0,0,0,NA,NA,NA,NA,NA
"Jochen Krummland","c7b078f7-3955-11ef-932e-157c9bc18a5f",NA,NA,1970,"11/17/1970","900cafcd-3960-11ef-acf4-9b08c5d4c173","home","VfL Lübeck-Schwartau","Hamburger SV",8,13,FALSE,1,NA,NA,0,0,0,NA,0,0,0,0,0,0,NA,NA,NA,NA,NA,NA,NA,NA,0,0,0,0,NA,NA,NA,NA,NA
"Björn Clausen","c7b94735-3955-11ef-b741-157c9bc18a5f",NA,NA,1970,"11/17/1970","900cafcd-3960-11ef-acf4-9b08c5d4c173","home","VfL Lübeck-Schwartau","Hamburger SV",8,13,FALSE,0,NA,NA,0,0,0,NA,0,0,0,0,0,0,NA,NA,NA,NA,NA,NA,NA,NA,0,0,0,0,NA,NA,NA,NA,NA
"Jochen Hoffmann","c7bdef38-3955-11ef-8b6c-157c9bc18a5f",NA,NA,1970,"11/17/1970","900cafcd-3960-11ef-acf4-9b08c5d4c173","home","VfL Lübeck-Schwartau","Hamburger SV",8,13,FALSE,0,NA,NA,0,0,0,NA,0,0,0,0,0,0,NA,NA,NA,NA,NA,NA,NA,NA,0,0,0,0,NA,NA,NA,NA,NA
"Gerhard Anduleit","c9215aaa-3955-11ef-ac64-157c9bc18a5f",NA,NA,1970,"11/17/1970","900cafcd-3960-11ef-acf4-9b08c5d4c173","home","VfL Lübeck-Schwartau","Hamburger SV",8,13,FALSE,0,NA,NA,0,0,2,NA,0,0,0,0,0,0,NA,NA,NA,NA,NA,NA,NA,NA,0,0,0,0,NA,NA,NA,NA,NA
"Klaus-Peter Schmidt","c926f113-3955-11ef-8497-157c9bc18a5f",NA,NA,1970,"11/17/1970","900cafcd-3960-11ef-acf4-9b08c5d4c173","home","VfL Lübeck-Schwartau","Hamburger SV",8,13,FALSE,0,NA,NA,0,0,0,NA,0,0,0,0,0,0,NA,NA,NA,NA,NA,NA,NA,NA,0,0,0,0,NA,NA,NA,NA,NA
"Hans-Jürgen Bode","b011e6da-3955-11ef-8205-a36230ada079",NA,NA,1970,"11/17/1970","900cafcd-3960-11ef-acf4-9b08c5d4c173","away","Hamburger SV","VfL Lübeck-Schwartau",13,8,TRUE,0,NA,NA,0,0,0,NA,0,0,0,0,0,0,NA,NA,NA,NA,NA,NA,NA,NA,0,0,0,0,NA,NA,NA,NA,NA
"Herbert Niemeier","b0163f16-3955-11ef-ae9e-a36230ada079",NA,NA,1970,"11/17/1970","900cafcd-3960-11ef-acf4-9b08c5d4c173","away","Hamburger SV","VfL Lübeck-Schwartau",13,8,TRUE,2,NA,NA,0,0,0,NA,0,0,0,0,0,0,NA,NA,NA,NA,NA,NA,NA,NA,0,0,0,0,NA,NA,NA,NA,NA
"Rainer Witt","b02adaad-3955-11ef-b8c4-a36230ada079",NA,NA,1970,"11/17/1970","900cafcd-3960-11ef-acf4-9b08c5d4c173","away","Hamburger SV","VfL Lübeck-Schwartau",13,8,TRUE,1,NA,NA,0,0,0,NA,0,0,0,0,0,0,NA,NA,NA,NA,NA,NA,NA,NA,0,0,0,0,NA,NA,NA,NA,NA
"Hans-Joachim Beißel","b0341bcb-3955-11ef-9e08-a36230ada079",NA,NA,1970,"11/17/1970","900cafcd-3960-11ef-acf4-9b08c5d4c173","away","Hamburger SV","VfL Lübeck-Schwartau",13,8,TRUE,2,NA,NA,0,0,0,NA,0,0,0,0,0,0,NA,NA,NA,NA,NA,NA,NA,NA,0,0,0,0,NA,NA,NA,NA,NA
"Norbert Germer","b03f8101-3955-11ef-8945-a36230ada079",NA,NA,1970,"11/17/1970","900cafcd-3960-11ef-acf4-9b08c5d4c173","away","Hamburger SV","VfL Lübeck-Schwartau",13,8,TRUE,0,NA,NA,0,0,0,NA,0,0,0,0,0,0,NA,NA,NA,NA,NA,NA,NA,NA,0,0,0,0,NA,NA,NA,NA,NA
"Bernd Heiden","baf62966-3955-11ef-b7e1-ab397f561917",NA,NA,1970,"11/17/1970","900cafcd-3960-11ef-acf4-9b08c5d4c173","away","Hamburger SV","VfL Lübeck-Schwartau",13,8,TRUE,2,NA,NA,0,0,0,NA,0,0,0,0,0,0,NA,NA,NA,NA,NA,NA,NA,NA,0,0,0,0,NA,NA,NA,NA,NA
"Klaus Lange","bafb51f3-3955-11ef-9864-ab397f561917",NA,NA,1970,"11/17/1970","900cafcd-3960-11ef-acf4-9b08c5d4c173","away","Hamburger SV","VfL Lübeck-Schwartau",13,8,TRUE,4,NA,NA,0,0,3,NA,0,0,0,0,0,0,NA,NA,NA,NA,NA,NA,NA,NA,0,0,0,0,NA,NA,NA,NA,NA
"Rüdiger Heß","bd122db8-3955-11ef-9b21-ab397f561917",NA,NA,1970,"11/17/1970","900cafcd-3960-11ef-acf4-9b08c5d4c173","away","Hamburger SV","VfL Lübeck-Schwartau",13,8,TRUE,1,NA,NA,0,0,0,NA,0,0,0,0,0,0,NA,NA,NA,NA,NA,NA,NA,NA,0,0,0,0,NA,NA,NA,NA,NA
"Manfred Grühn","c755d6cb-3955-11ef-a162-157c9bc18a5f",NA,NA,1970,"11/17/1970","900cafcd-3960-11ef-acf4-9b08c5d4c173","away","Hamburger SV","VfL Lübeck-Schwartau",13,8,TRUE,1,NA,NA,0,0,0,NA,0,0,0,0,0,0,NA,NA,NA,NA,NA,NA,NA,NA,0,0,0,0,NA,NA,NA,NA,NA
"Norbert Kroker","bd441662-3955-11ef-b771-ab397f561917",NA,NA,1970,"11/17/1970","90f70c49-3960-11ef-88e8-9b08c5d4c173","home","TV Krefeld-Oppum 1894","SC Phönix Essen 1920",15,12,TRUE,2,NA,NA,0,0,0,NA,0,0,0,0,0,0,NA,NA,NA,NA,NA,NA,NA,NA,0,0,0,0,NA,NA,NA,NA,NA
"Herbert Engels","ca0717a5-3955-11ef-8dce-157c9bc18a5f",NA,NA,1970,"11/17/1970","90f70c49-3960-11ef-88e8-9b08c5d4c173","home","TV Krefeld-Oppum 1894","SC Phönix Essen 1920",15,12,TRUE,0,NA,NA,0,0,0,NA,0,0,0,0,0,0,NA,NA,NA,NA,NA,NA,NA,NA,0,0,0,0,NA,NA,NA,NA,NA
"Otto Tophoven","ca106fac-3955-11ef-9a8e-157c9bc18a5f",NA,NA,1970,"11/17/1970","90f70c49-3960-11ef-88e8-9b08c5d4c173","home","TV Krefeld-Oppum 1894","SC Phönix Essen 1920",15,12,TRUE,0,NA,NA,0,0,0,NA,0,0,0,0,0,0,NA,NA,NA,NA,NA,NA,NA,NA,0,0,0,0,NA,NA,NA,NA,NA
"Gerd Rüben","ca14b98f-3955-11ef-a366-157c9bc18a5f",NA,NA,1970,"11/17/1970","90f70c49-3960-11ef-88e8-9b08c5d4c173","home","TV Krefeld-Oppum 1894","SC Phönix Essen 1920",15,12,TRUE,0,NA,NA,0,0,0,NA,0,0,0,0,0,0,NA,NA,NA,NA,NA,NA,NA,NA,0,0,0,0,NA,NA,NA,NA,NA
"Theo Inger","ca18e97b-3955-11ef-91fb-157c9bc18a5f",NA,NA,1970,"11/17/1970","90f70c49-3960-11ef-88e8-9b08c5d4c173","home","TV Krefeld-Oppum 1894","SC Phönix Essen 1920",15,12,TRUE,2,NA,NA,0,0,0,NA,0,0,0,0,0,0,NA,NA,NA,NA,NA,NA,NA,NA,0,0,0,0,NA,NA,NA,NA,NA
"Peter Inger","ca1d519a-3955-11ef-b5d9-157c9bc18a5f",NA,NA,1970,"11/17/1970","90f70c49-3960-11ef-88e8-9b08c5d4c173","home","TV Krefeld-Oppum 1894","SC Phönix Essen 1920",15,12,TRUE,0,NA,NA,0,0,0,NA,0,0,0,0,0,0,NA,NA,NA,NA,NA,NA,NA,NA,0,0,0,0,NA,NA,NA,NA,NA
"Hermann Köhler","ca2255bc-3955-11ef-91a7-157c9bc18a5f",NA,NA,1970,"11/17/1970","90f70c49-3960-11ef-88e8-9b08c5d4c173","home","TV Krefeld-Oppum 1894","SC Phönix Essen 1920",15,12,TRUE,1,NA,NA,0,0,0,NA,0,0,0,0,0,0,NA,NA,NA,NA,NA,NA,NA,NA,0,0,0,0,NA,NA,NA,NA,NA
"Horst Panknin","ca26d115-3955-11ef-a60e-157c9bc18a5f",NA,NA,1970,"11/17/1970","90f70c49-3960-11ef-88e8-9b08c5d4c173","home","TV Krefeld-Oppum 1894","SC Phönix Essen 1920",15,12,TRUE,0,NA,NA,0,0,0,NA,0,0,0,0,0,0,NA,NA,NA,NA,NA,NA,NA,NA,0,0,0,0,NA,NA,NA,NA,NA
"Hugo Schroers","ca2f571a-3955-11ef-8d46-157c9bc18a5f",NA,NA,1970,"11/17/1970","90f70c49-3960-11ef-88e8-9b08c5d4c173","home","TV Krefeld-Oppum 1894","SC Phönix Essen 1920",15,12,TRUE,7,NA,NA,0,0,0,NA,0,0,0,0,0,0,NA,NA,NA,NA,NA,NA,NA,NA,0,0,0,0,NA,NA,NA,NA,NA
"Max Zwierkowski","ca390aba-3955-11ef-97b4-157c9bc18a5f",NA,NA,1970,"11/17/1970","90f70c49-3960-11ef-88e8-9b08c5d4c173","home","TV Krefeld-Oppum 1894","SC Phönix Essen 1920",15,12,TRUE,3,NA,NA,0,0,0,NA,0,0,0,0,0,0,NA,NA,NA,NA,NA,NA,NA,NA,0,0,0,0,NA,NA,NA,NA,NA
"Leo Ritz","ca3d0962-3955-11ef-938c-157c9bc18a5f",NA,NA,1970,"11/17/1970","90f70c49-3960-11ef-88e8-9b08c5d4c173","home","TV Krefeld-Oppum 1894","SC Phönix Essen 1920",15,12,TRUE,0,NA,NA,0,0,0,NA,0,0,0,0,0,0,NA,NA,NA,NA,NA,NA,NA,NA,0,0,0,0,NA,NA,NA,NA,NA
"Dieter Patz","ca42d471-3955-11ef-a75d-157c9bc18a5f",NA,NA,1970,"11/17/1970","90f70c49-3960-11ef-88e8-9b08c5d4c173","home","TV Krefeld-Oppum 1894","SC Phönix Essen 1920",15,12,TRUE,0,NA,NA,0,0,0,NA,0,0,0,0,0,0,NA,NA,NA,NA,NA,NA,NA,NA,0,0,0,0,NA,NA,NA,NA,NA
"Petre Ivănescu","43ddd14f-3955-11ef-84b7-4fa817cd91bb",NA,NA,1970,"11/17/1970","90f70c49-3960-11ef-88e8-9b08c5d4c173","away","SC Phönix Essen 1920","TV Krefeld-Oppum 1894",12,15,FALSE,1,NA,NA,0,0,0,NA,0,0,0,0,0,0,NA,NA,NA,NA,NA,NA,NA,NA,0,0,0,0,NA,NA,NA,NA,NA
"Werner Kühn","a5a83923-3955-11ef-abc5-2510cc07ea6e",NA,NA,1970,"11/17/1970","90f70c49-3960-11ef-88e8-9b08c5d4c173","away","SC Phönix Essen 1920","TV Krefeld-Oppum 1894",12,15,FALSE,2,NA,NA,0,0,0,NA,0,0,0,0,0,0,NA,NA,NA,NA,NA,NA,NA,NA,0,0,0,0,NA,NA,NA,NA,NA
"Heinz Oberscheidt","a5ae94f2-3955-11ef-91fc-2510cc07ea6e",NA,NA,1970,"11/17/1970","90f70c49-3960-11ef-88e8-9b08c5d4c173","away","SC Phönix Essen 1920","TV Krefeld-Oppum 1894",12,15,FALSE,2,NA,NA,0,0,0,NA,0,0,0,0,0,0,NA,NA,NA,NA,NA,NA,NA,NA,0,0,0,0,NA,NA,NA,NA,NA
"Norbert Meister","a610e086-3955-11ef-bf85-2510cc07ea6e",NA,NA,1970,"11/17/1970","90f70c49-3960-11ef-88e8-9b08c5d4c173","away","SC Phönix Essen 1920","TV Krefeld-Oppum 1894",12,15,FALSE,0,NA,NA,0,0,0,NA,0,0,0,0,0,0,NA,NA,NA,NA,NA,NA,NA,NA,0,0,0,0,NA,NA,NA,NA,NA
"Bernd Tolksdorf","bae02284-3955-11ef-b577-ab397f561917",NA,NA,1970,"11/17/1970","90f70c49-3960-11ef-88e8-9b08c5d4c173","away","SC Phönix Essen 1920","TV Krefeld-Oppum 1894",12,15,FALSE,0,NA,NA,0,0,0,NA,0,0,0,0,0,0,NA,NA,NA,NA,NA,NA,NA,NA,0,0,0,0,NA,NA,NA,NA,NA
"Klaus Kirschner","bae43a44-3955-11ef-ae7c-ab397f561917",NA,NA,1970,"11/17/1970","90f70c49-3960-11ef-88e8-9b08c5d4c173","away","SC Phönix Essen 1920","TV Krefeld-Oppum 1894",12,15,FALSE,0,NA,NA,0,0,0,NA,0,0,0,0,0,0,NA,NA,NA,NA,NA,NA,NA,NA,0,0,0,0,NA,NA,NA,NA,NA
"Marinko Andrić","bae9ac2f-3955-11ef-863e-ab397f561917",NA,NA,1970,"11/17/1970","90f70c49-3960-11ef-88e8-9b08c5d4c173","away","SC Phönix Essen 1920","TV Krefeld-Oppum 1894",12,15,FALSE,1,NA,NA,0,0,0,NA,0,0,0,0,0,0,NA,NA,NA,NA,NA,NA,NA,NA,0,0,0,0,NA,NA,NA,NA,NA
"Michael Hattig","bd52f5b1-3955-11ef-ba0c-ab397f561917",NA,NA,1970,"11/17/1970","90f70c49-3960-11ef-88e8-9b08c5d4c173","away","SC Phönix Essen 1920","TV Krefeld-Oppum 1894",12,15,FALSE,5,NA,NA,0,0,0,NA,0,0,0,0,0,0,NA,NA,NA,NA,NA,NA,NA,NA,0,0,0,0,NA,NA,NA,NA,NA
"Herbert Buschmann","bd5ac595-3955-11ef-97f0-ab397f561917",NA,NA,1970,"11/17/1970","90f70c49-3960-11ef-88e8-9b08c5d4c173","away","SC Phönix Essen 1920","TV Krefeld-Oppum 1894",12,15,FALSE,0,NA,NA,0,0,0,NA,0,0,0,0,0,0,NA,NA,NA,NA,NA,NA,NA,NA,0,0,0,0,NA,NA,NA,NA,NA
"Andrija Kotlas","bde016f5-3955-11ef-b96c-ab397f561917",NA,NA,1970,"11/17/1970","90f70c49-3960-11ef-88e8-9b08c5d4c173","away","SC Phönix Essen 1920","TV Krefeld-Oppum 1894",12,15,FALSE,0,NA,NA,0,0,0,NA,0,0,0,0,0,0,NA,NA,NA,NA,NA,NA,NA,NA,0,0,0,0,NA,NA,NA,NA,NA
"Carl-Bernd Behler","c79d213f-3955-11ef-a773-157c9bc18a5f",NA,NA,1970,"11/17/1970","90f70c49-3960-11ef-88e8-9b08c5d4c173","away","SC Phönix Essen 1920","TV Krefeld-Oppum 1894",12,15,FALSE,0,NA,NA,0,0,0,NA,0,0,0,0,0,0,NA,NA,NA,NA,NA,NA,NA,NA,0,0,0,0,NA,NA,NA,NA,NA
"Ernst Weise","c90cdba3-3955-11ef-b068-157c9bc18a5f",NA,NA,1970,"11/17/1970","90f70c49-3960-11ef-88e8-9b08c5d4c173","away","SC Phönix Essen 1920","TV Krefeld-Oppum 1894",12,15,FALSE,1,NA,NA,0,0,0,NA,0,0,0,0,0,0,NA,NA,NA,NA,NA,NA,NA,NA,0,0,0,0,NA,NA,NA,NA,NA
"Robert Becker","ae8c50f9-3955-11ef-91c4-a36230ada079",NA,NA,1970,"11/17/1970","91ec2a4e-3960-11ef-96cc-9b08c5d4c173","home","TV Hochdorf","S3L Handball",16,10,TRUE,3,NA,NA,0,0,0,NA,0,0,0,0,0,0,NA,NA,NA,NA,NA,NA,NA,NA,0,0,0,0,NA,NA,NA,NA,NA
"Jürgen Hahn","ae947745-3955-11ef-bc54-a36230ada079",NA,NA,1970,"11/17/1970","91ec2a4e-3960-11ef-96cc-9b08c5d4c173","home","TV Hochdorf","S3L Handball",16,10,TRUE,3,NA,NA,0,0,0,NA,0,0,0,0,0,0,NA,NA,NA,NA,NA,NA,NA,NA,0,0,0,0,NA,NA,NA,NA,NA
"Wilfried Job","af3ed007-3955-11ef-9184-a36230ada079",NA,NA,1970,"11/17/1970","91ec2a4e-3960-11ef-96cc-9b08c5d4c173","home","TV Hochdorf","S3L Handball",16,10,TRUE,3,NA,NA,0,0,0,NA,0,0,0,0,0,0,NA,NA,NA,NA,NA,NA,NA,NA,0,0,0,0,NA,NA,NA,NA,NA
"Hans Stein","bde4861d-3955-11ef-a14e-ab397f561917",NA,NA,1970,"11/17/1970","91ec2a4e-3960-11ef-96cc-9b08c5d4c173","home","TV Hochdorf","S3L Handball",16,10,TRUE,0,NA,NA,0,0,0,NA,0,0,0,0,0,0,NA,NA,NA,NA,NA,NA,NA,NA,0,0,0,0,NA,NA,NA,NA,NA
"Klaus Becker","c92b579e-3955-11ef-ab41-157c9bc18a5f",NA,NA,1970,"11/17/1970","91ec2a4e-3960-11ef-96cc-9b08c5d4c173","home","TV Hochdorf","S3L Handball",16,10,TRUE,0,NA,NA,0,0,0,NA,0,0,0,0,0,0,NA,NA,NA,NA,NA,NA,NA,NA,0,0,0,0,NA,NA,NA,NA,NA
"Edwin Hutter","c93080aa-3955-11ef-85b4-157c9bc18a5f",NA,NA,1970,"11/17/1970","91ec2a4e-3960-11ef-96cc-9b08c5d4c173","home","TV Hochdorf","S3L Handball",16,10,TRUE,0,NA,NA,0,0,0,NA,0,0,0,0,0,0,NA,NA,NA,NA,NA,NA,NA,NA,0,0,0,0,NA,NA,NA,NA,NA
"Werner Häfele","c9414487-3955-11ef-a5df-157c9bc18a5f",NA,NA,1970,"11/17/1970","91ec2a4e-3960-11ef-96cc-9b08c5d4c173","home","TV Hochdorf","S3L Handball",16,10,TRUE,2,NA,NA,0,0,1,NA,0,0,0,0,0,0,NA,NA,NA,NA,NA,NA,NA,NA,0,0,0,0,NA,NA,NA,NA,NA
"Willi Butz","c945a2f1-3955-11ef-8b53-157c9bc18a5f",NA,NA,1970,"11/17/1970","91ec2a4e-3960-11ef-96cc-9b08c5d4c173","home","TV Hochdorf","S3L Handball",16,10,TRUE,1,NA,NA,0,0,0,NA,0,0,0,0,0,0,NA,NA,NA,NA,NA,NA,NA,NA,0,0,0,0,NA,NA,NA,NA,NA
"Peter Frisch","c94a46b7-3955-11ef-8686-157c9bc18a5f",NA,NA,1970,"11/17/1970","91ec2a4e-3960-11ef-96cc-9b08c5d4c173","home","TV Hochdorf","S3L Handball",16,10,TRUE,4,NA,NA,0,0,0,NA,0,0,0,0,0,0,NA,NA,NA,NA,NA,NA,NA,NA,0,0,0,0,NA,NA,NA,NA,NA
"Werner Matill","c9539495-3955-11ef-9bff-157c9bc18a5f",NA,NA,1970,"11/17/1970","91ec2a4e-3960-11ef-96cc-9b08c5d4c173","home","TV Hochdorf","S3L Handball",16,10,TRUE,0,NA,NA,0,0,0,NA,0,0,0,0,0,0,NA,NA,NA,NA,NA,NA,NA,NA,0,0,0,0,NA,NA,NA,NA,NA
"Alois Ehmann","d286fca5-3955-11ef-a9e5-a36230ada079",NA,NA,1970,"11/17/1970","91ec2a4e-3960-11ef-96cc-9b08c5d4c173","home","TV Hochdorf","S3L Handball",16,10,TRUE,0,NA,NA,0,0,0,NA,0,0,0,0,0,0,NA,NA,NA,NA,NA,NA,NA,NA,0,0,0,0,NA,NA,NA,NA,NA
"Jens Schmitt","bb8d4110-3955-11ef-8fb2-ab397f561917",NA,NA,1970,"11/17/1970","91ec2a4e-3960-11ef-96cc-9b08c5d4c173","away","S3L Handball","TV Hochdorf",10,16,FALSE,1,NA,NA,0,0,0,NA,0,0,0,0,0,0,NA,NA,NA,NA,NA,NA,NA,NA,0,0,0,0,NA,NA,NA,NA,NA
"Wolfhardt Bühler","bba2fc92-3955-11ef-a8d6-ab397f561917",NA,NA,1970,"11/17/1970","91ec2a4e-3960-11ef-96cc-9b08c5d4c173","away","S3L Handball","TV Hochdorf",10,16,FALSE,4,NA,NA,0,0,2,NA,0,0,0,0,0,0,NA,NA,NA,NA,NA,NA,NA,NA,0,0,0,0,NA,NA,NA,NA,NA
"Wolfgang Ries","bba77d9e-3955-11ef-939a-ab397f561917",NA,NA,1970,"11/17/1970","91ec2a4e-3960-11ef-96cc-9b08c5d4c173","away","S3L Handball","TV Hochdorf",10,16,FALSE,0,NA,NA,0,0,0,NA,0,0,0,0,0,0,NA,NA,NA,NA,NA,NA,NA,NA,0,0,0,0,NA,NA,NA,NA,NA
"Gerd Schmitt","bbb09cf8-3955-11ef-97db-ab397f561917",NA,NA,1970,"11/17/1970","91ec2a4e-3960-11ef-96cc-9b08c5d4c173","away","S3L Handball","TV Hochdorf",10,16,FALSE,0,NA,NA,0,0,0,NA,0,0,0,0,0,0,NA,NA,NA,NA,NA,NA,NA,NA,0,0,0,0,NA,NA,NA,NA,NA
"Lothar Pohl","bc5ae364-3955-11ef-9b62-ab397f561917",NA,NA,1970,"11/17/1970","91ec2a4e-3960-11ef-96cc-9b08c5d4c173","away","S3L Handball","TV Hochdorf",10,16,FALSE,0,NA,NA,0,0,0,NA,0,0,0,0,0,0,NA,NA,NA,NA,NA,NA,NA,NA,0,0,0,0,NA,NA,NA,NA,NA
"Gerhard Schmidt","bd78314d-3955-11ef-8668-ab397f561917",NA,NA,1970,"11/17/1970","91ec2a4e-3960-11ef-96cc-9b08c5d4c173","away","S3L Handball","TV Hochdorf",10,16,FALSE,0,NA,NA,0,0,0,NA,0,0,0,0,0,0,NA,NA,NA,NA,NA,NA,NA,NA,0,0,0,0,NA,NA,NA,NA,NA
"Herbert Hönnige","c7e7cc14-3955-11ef-af0e-157c9bc18a5f",NA,NA,1970,"11/17/1970","91ec2a4e-3960-11ef-96cc-9b08c5d4c173","away","S3L Handball","TV Hochdorf",10,16,FALSE,1,NA,NA,0,0,1,NA,0,0,0,0,0,0,NA,NA,NA,NA,NA,NA,NA,NA,0,0,0,0,NA,NA,NA,NA,NA
"Jürgen Plambeck","c95d267b-3955-11ef-9a98-157c9bc18a5f",NA,NA,1970,"11/17/1970","91ec2a4e-3960-11ef-96cc-9b08c5d4c173","away","S3L Handball","TV Hochdorf",10,16,FALSE,1,NA,NA,0,0,0,NA,0,0,0,0,0,0,NA,NA,NA,NA,NA,NA,NA,NA,0,0,0,0,NA,NA,NA,NA,NA
"Rolf Seltner","c96574fc-3955-11ef-a37f-157c9bc18a5f",NA,NA,1970,"11/17/1970","91ec2a4e-3960-11ef-96cc-9b08c5d4c173","away","S3L Handball","TV Hochdorf",10,16,FALSE,1,NA,NA,0,0,0,NA,0,0,0,0,0,0,NA,NA,NA,NA,NA,NA,NA,NA,0,0,0,0,NA,NA,NA,NA,NA
"Volker Heindel","d29d6fc3-3955-11ef-a528-a36230ada079",NA,NA,1970,"11/17/1970","91ec2a4e-3960-11ef-96cc-9b08c5d4c173","away","S3L Handball","TV Hochdorf",10,16,FALSE,0,NA,NA,0,0,0,NA,0,0,0,0,0,0,NA,NA,NA,NA,NA,NA,NA,NA,0,0,0,0,NA,NA,NA,NA,NA
"Norbert Schmitt","d2a1de09-3955-11ef-b7be-a36230ada079",NA,NA,1970,"11/17/1970","91ec2a4e-3960-11ef-96cc-9b08c5d4c173","away","S3L Handball","TV Hochdorf",10,16,FALSE,2,NA,NA,0,0,0,NA,0,0,0,0,0,0,NA,NA,NA,NA,NA,NA,NA,NA,0,0,0,0,NA,NA,NA,NA,NA
"Gerhard Spengler","d2a62412-3955-11ef-ba5e-a36230ada079",NA,NA,1970,"11/17/1970","91ec2a4e-3960-11ef-96cc-9b08c5d4c173","away","S3L Handball","TV Hochdorf",10,16,FALSE,0,NA,NA,0,0,0,NA,0,0,0,0,0,0,NA,NA,NA,NA,NA,NA,NA,NA,0,0,0,0,NA,NA,NA,NA,NA
"Peter Bucher","8e0071c9-3955-11ef-8ff8-81dc40648355",NA,NA,1970,"11/17/1970","9aac3f73-3960-11ef-8607-d3de5c174a65","home","FRISCH AUF! Göppingen","TSV Milbertshofen",19,15,TRUE,5,NA,NA,0,0,2,NA,0,0,0,0,0,0,NA,NA,NA,NA,NA,NA,NA,NA,0,0,0,0,NA,NA,NA,NA,NA
"Horst Singer","a30fd118-3955-11ef-9745-2510cc07ea6e",NA,NA,1970,"11/17/1970","9aac3f73-3960-11ef-8607-d3de5c174a65","home","FRISCH AUF! Göppingen","TSV Milbertshofen",19,15,TRUE,6,NA,NA,0,0,1,NA,0,0,0,0,0,0,NA,NA,NA,NA,NA,NA,NA,NA,0,0,0,0,NA,NA,NA,NA,NA
"Hans-Dieter Schunter","b2054717-3955-11ef-a22c-a36230ada079",NA,NA,1970,"11/17/1970","9aac3f73-3960-11ef-8607-d3de5c174a65","home","FRISCH AUF! Göppingen","TSV Milbertshofen",19,15,TRUE,1,NA,NA,0,0,0,NA,0,0,0,0,0,0,NA,NA,NA,NA,NA,NA,NA,NA,0,0,0,0,NA,NA,NA,NA,NA
"Paul Epple","bc8167af-3955-11ef-8748-ab397f561917",NA,NA,1970,"11/17/1970","9aac3f73-3960-11ef-8607-d3de5c174a65","home","FRISCH AUF! Göppingen","TSV Milbertshofen",19,15,TRUE,1,NA,NA,0,0,0,NA,0,0,0,0,0,0,NA,NA,NA,NA,NA,NA,NA,NA,0,0,0,0,NA,NA,NA,NA,NA
"Walter Pflüger","bc85cdbc-3955-11ef-8e24-ab397f561917",NA,NA,1970,"11/17/1970","9aac3f73-3960-11ef-8607-d3de5c174a65","home","FRISCH AUF! Göppingen","TSV Milbertshofen",19,15,TRUE,1,NA,NA,0,0,0,NA,0,0,0,0,0,0,NA,NA,NA,NA,NA,NA,NA,NA,0,0,0,0,NA,NA,NA,NA,NA
"Werner Arndt","c71116e0-3955-11ef-85d3-157c9bc18a5f",NA,NA,1970,"11/17/1970","9aac3f73-3960-11ef-8607-d3de5c174a65","home","FRISCH AUF! Göppingen","TSV Milbertshofen",19,15,TRUE,2,NA,NA,0,0,0,NA,0,0,0,0,0,0,NA,NA,NA,NA,NA,NA,NA,NA,0,0,0,0,NA,NA,NA,NA,NA
"Armin Eisele","c9cc4c1b-3955-11ef-9f9f-157c9bc18a5f",NA,NA,1970,"11/17/1970","9aac3f73-3960-11ef-8607-d3de5c174a65","home","FRISCH AUF! Göppingen","TSV Milbertshofen",19,15,TRUE,2,NA,NA,0,0,0,NA,0,0,0,0,0,0,NA,NA,NA,NA,NA,NA,NA,NA,0,0,0,0,NA,NA,NA,NA,NA
"Anton Bayer","d357b837-3955-11ef-8b00-a36230ada079",NA,NA,1970,"11/17/1970","9aac3f73-3960-11ef-8607-d3de5c174a65","home","FRISCH AUF! Göppingen","TSV Milbertshofen",19,15,TRUE,1,NA,NA,0,0,0,NA,0,0,0,0,0,0,NA,NA,NA,NA,NA,NA,NA,NA,0,0,0,0,NA,NA,NA,NA,NA
"Hans Moser","7e83ce46-3955-11ef-830d-b908c60af10a",NA,NA,1970,"11/17/1970","9aac3f73-3960-11ef-8607-d3de5c174a65","away","TSV Milbertshofen","FRISCH AUF! Göppingen",15,19,FALSE,9,NA,NA,0,0,1,NA,0,0,0,0,0,0,NA,NA,NA,NA,NA,NA,NA,NA,0,0,0,0,NA,NA,NA,NA,NA
"Gerhard Ochsenkühn","97259ed1-3955-11ef-96ca-292be3190b7b",NA,NA,1970,"11/17/1970","9aac3f73-3960-11ef-8607-d3de5c174a65","away","TSV Milbertshofen","FRISCH AUF! Göppingen",15,19,FALSE,1,NA,NA,0,0,0,NA,0,0,0,0,0,0,NA,NA,NA,NA,NA,NA,NA,NA,0,0,0,0,NA,NA,NA,NA,NA
"Josef Kiener","972d7d47-3955-11ef-a437-292be3190b7b",NA,NA,1970,"11/17/1970","9aac3f73-3960-11ef-8607-d3de5c174a65","away","TSV Milbertshofen","FRISCH AUF! Göppingen",15,19,FALSE,0,NA,NA,0,0,0,NA,0,0,0,0,0,0,NA,NA,NA,NA,NA,NA,NA,NA,0,0,0,0,NA,NA,NA,NA,NA
"Ivan Uremović","9784bfff-3955-11ef-a0bf-292be3190b7b",NA,NA,1970,"11/17/1970","9aac3f73-3960-11ef-8607-d3de5c174a65","away","TSV Milbertshofen","FRISCH AUF! Göppingen",15,19,FALSE,2,NA,NA,0,0,0,NA,0,0,0,0,0,0,NA,NA,NA,NA,NA,NA,NA,NA,0,0,0,0,NA,NA,NA,NA,NA
"Helmut Schelchshorn","b1c960ef-3955-11ef-850b-a36230ada079",NA,NA,1970,"11/17/1970","9aac3f73-3960-11ef-8607-d3de5c174a65","away","TSV Milbertshofen","FRISCH AUF! Göppingen",15,19,FALSE,0,NA,NA,0,0,0,NA,0,0,0,0,0,0,NA,NA,NA,NA,NA,NA,NA,NA,0,0,0,0,NA,NA,NA,NA,NA
"Peter Feddern","bc1b1b3e-3955-11ef-9c4e-ab397f561917",NA,NA,1970,"11/17/1970","9aac3f73-3960-11ef-8607-d3de5c174a65","away","TSV Milbertshofen","FRISCH AUF! Göppingen",15,19,FALSE,0,NA,NA,0,0,0,NA,0,0,0,0,0,0,NA,NA,NA,NA,NA,NA,NA,NA,0,0,0,0,NA,NA,NA,NA,NA
"Anton Niggel","c6b807f5-3955-11ef-8bfd-157c9bc18a5f",NA,NA,1970,"11/17/1970","9aac3f73-3960-11ef-8607-d3de5c174a65","away","TSV Milbertshofen","FRISCH AUF! Göppingen",15,19,FALSE,0,NA,NA,0,0,0,NA,0,0,0,0,0,0,NA,NA,NA,NA,NA,NA,NA,NA,0,0,0,0,NA,NA,NA,NA,NA
"Karl Donndorf","c821c668-3955-11ef-a20c-157c9bc18a5f",NA,NA,1970,"11/17/1970","9aac3f73-3960-11ef-8607-d3de5c174a65","away","TSV Milbertshofen","FRISCH AUF! Göppingen",15,19,FALSE,2,NA,NA,0,0,0,NA,0,0,0,0,0,0,NA,NA,NA,NA,NA,NA,NA,NA,0,0,0,0,NA,NA,NA,NA,NA
"Arnold Gaitzsch","c99ecd8f-3955-11ef-a93a-157c9bc18a5f",NA,NA,1970,"11/17/1970","9aac3f73-3960-11ef-8607-d3de5c174a65","away","TSV Milbertshofen","FRISCH AUF! Göppingen",15,19,FALSE,0,NA,NA,0,0,0,NA,0,0,0,0,0,0,NA,NA,NA,NA,NA,NA,NA,NA,0,0,0,0,NA,NA,NA,NA,NA
"Peter Pyrges","c9b28b8a-3955-11ef-9887-157c9bc18a5f",NA,NA,1970,"11/17/1970","9aac3f73-3960-11ef-8607-d3de5c174a65","away","TSV Milbertshofen","FRISCH AUF! Göppingen",15,19,FALSE,1,NA,NA,0,0,0,NA,0,0,0,0,0,0,NA,NA,NA,NA,NA,NA,NA,NA,0,0,0,0,NA,NA,NA,NA,NA
"Gerd Welz","98273a90-3955-11ef-a3a2-292be3190b7b",NA,NA,1970,"11/18/1970","8e49fe1d-3960-11ef-a107-9b08c5d4c173","home","THW Kiel","VfL Gummersbach",10,10,FALSE,2,NA,NA,0,0,0,NA,0,0,0,0,0,0,NA,NA,NA,NA,NA,NA,NA,NA,0,0,0,0,NA,NA,NA,NA,NA
"Volker Harbs","9995a6f3-3955-11ef-b74f-292be3190b7b",NA,NA,1970,"11/18/1970","8e49fe1d-3960-11ef-a107-9b08c5d4c173","home","THW Kiel","VfL Gummersbach",10,10,FALSE,1,NA,NA,0,0,0,NA,0,0,0,0,0,0,NA,NA,NA,NA,NA,NA,NA,NA,0,0,0,0,NA,NA,NA,NA,NA
"Peter Prehn","b073ee0a-3955-11ef-8404-a36230ada079",NA,NA,1970,"11/18/1970","8e49fe1d-3960-11ef-a107-9b08c5d4c173","home","THW Kiel","VfL Gummersbach",10,10,FALSE,1,NA,NA,0,0,0,NA,0,0,0,0,0,0,NA,NA,NA,NA,NA,NA,NA,NA,0,0,0,0,NA,NA,NA,NA,NA
"Peter Werk","b0784d6e-3955-11ef-9a85-a36230ada079",NA,NA,1970,"11/18/1970","8e49fe1d-3960-11ef-a107-9b08c5d4c173","home","THW Kiel","VfL Gummersbach",10,10,FALSE,0,NA,NA,0,0,0,NA,0,0,0,0,0,0,NA,NA,NA,NA,NA,NA,NA,NA,0,0,0,0,NA,NA,NA,NA,NA
"Manfred Schulz","b0a21333-3955-11ef-a679-a36230ada079",NA,NA,1970,"11/18/1970","8e49fe1d-3960-11ef-a107-9b08c5d4c173","home","THW Kiel","VfL Gummersbach",10,10,FALSE,0,NA,NA,0,0,0,NA,0,0,0,0,0,0,NA,NA,NA,NA,NA,NA,NA,NA,0,0,0,0,NA,NA,NA,NA,NA
"Bernd Nielsen","b1480d2c-3955-11ef-8563-a36230ada079",NA,NA,1970,"11/18/1970","8e49fe1d-3960-11ef-a107-9b08c5d4c173","home","THW Kiel","VfL Gummersbach",10,10,FALSE,4,NA,NA,0,0,0,NA,0,0,0,0,0,0,NA,NA,NA,NA,NA,NA,NA,NA,0,0,0,0,NA,NA,NA,NA,NA
"Hartwig Moll","b14ce7d8-3955-11ef-8cb5-a36230ada079",NA,NA,1970,"11/18/1970","8e49fe1d-3960-11ef-a107-9b08c5d4c173","home","THW Kiel","VfL Gummersbach",10,10,FALSE,1,NA,NA,0,0,0,NA,0,0,0,0,0,0,NA,NA,NA,NA,NA,NA,NA,NA,0,0,0,0,NA,NA,NA,NA,NA
"Rainer Voigt","c7c742a9-3955-11ef-b542-157c9bc18a5f",NA,NA,1970,"11/18/1970","8e49fe1d-3960-11ef-a107-9b08c5d4c173","home","THW Kiel","VfL Gummersbach",10,10,FALSE,0,NA,NA,0,0,0,NA,0,0,0,0,0,0,NA,NA,NA,NA,NA,NA,NA,NA,0,0,0,0,NA,NA,NA,NA,NA
"Dieter Baguhn","c7cbf017-3955-11ef-b1f7-157c9bc18a5f",NA,NA,1970,"11/18/1970","8e49fe1d-3960-11ef-a107-9b08c5d4c173","home","THW Kiel","VfL Gummersbach",10,10,FALSE,1,NA,NA,0,0,0,NA,0,0,0,0,0,0,NA,NA,NA,NA,NA,NA,NA,NA,0,0,0,0,NA,NA,NA,NA,NA
"Bernd Struck","c7d4c3a5-3955-11ef-a743-157c9bc18a5f",NA,NA,1970,"11/18/1970","8e49fe1d-3960-11ef-a107-9b08c5d4c173","home","THW Kiel","VfL Gummersbach",10,10,FALSE,0,NA,NA,0,0,0,NA,0,0,0,0,0,0,NA,NA,NA,NA,NA,NA,NA,NA,0,0,0,0,NA,NA,NA,NA,NA
"Klaus Brand","51394441-3955-11ef-8fab-6d38c0425bc0",NA,NA,1970,"11/18/1970","8e49fe1d-3960-11ef-a107-9b08c5d4c173","away","VfL Gummersbach","THW Kiel",10,10,FALSE,0,NA,NA,0,0,0,NA,0,0,0,0,0,0,NA,NA,NA,NA,NA,NA,NA,NA,0,0,0,0,NA,NA,NA,NA,NA
"Klaus Westebbe","8c58f63a-3955-11ef-b65e-81dc40648355",NA,NA,1970,"11/18/1970","8e49fe1d-3960-11ef-a107-9b08c5d4c173","away","VfL Gummersbach","THW Kiel",10,10,FALSE,0,NA,NA,0,0,0,NA,0,0,0,0,0,0,NA,NA,NA,NA,NA,NA,NA,NA,0,0,0,0,NA,NA,NA,NA,NA
"Klaus Kater","8da1f6ef-3955-11ef-b31a-81dc40648355",NA,NA,1970,"11/18/1970","8e49fe1d-3960-11ef-a107-9b08c5d4c173","away","VfL Gummersbach","THW Kiel",10,10,FALSE,0,NA,NA,0,0,0,NA,0,0,0,0,0,0,NA,NA,NA,NA,NA,NA,NA,NA,0,0,0,0,NA,NA,NA,NA,NA
"Jochen Feldhoff","a32751a5-3955-11ef-badf-2510cc07ea6e",NA,NA,1970,"11/18/1970","8e49fe1d-3960-11ef-a107-9b08c5d4c173","away","VfL Gummersbach","THW Kiel",10,10,FALSE,0,NA,NA,0,0,0,NA,0,0,0,0,0,0,NA,NA,NA,NA,NA,NA,NA,NA,0,0,0,0,NA,NA,NA,NA,NA
"Helmut Keller","ae2fb2ba-3955-11ef-b38f-a36230ada079",NA,NA,1970,"11/18/1970","8e49fe1d-3960-11ef-a107-9b08c5d4c173","away","VfL Gummersbach","THW Kiel",10,10,FALSE,1,NA,NA,0,0,0,NA,0,0,0,0,0,0,NA,NA,NA,NA,NA,NA,NA,NA,0,0,0,0,NA,NA,NA,NA,NA
"Hans-Günther Schmidt","aff5702f-3955-11ef-9878-a36230ada079",NA,NA,1970,"11/18/1970","8e49fe1d-3960-11ef-a107-9b08c5d4c173","away","VfL Gummersbach","THW Kiel",10,10,FALSE,1,NA,NA,0,0,0,NA,0,0,0,0,0,0,NA,NA,NA,NA,NA,NA,NA,NA,0,0,0,0,NA,NA,NA,NA,NA
"Jochen Brand","ba44375c-3955-11ef-a5d6-ab397f561917",NA,NA,1970,"11/18/1970","8e49fe1d-3960-11ef-a107-9b08c5d4c173","away","VfL Gummersbach","THW Kiel",10,10,FALSE,1,NA,NA,0,0,0,NA,0,0,0,0,0,0,NA,NA,NA,NA,NA,NA,NA,NA,0,0,0,0,NA,NA,NA,NA,NA
"Uwe Braunschweig","ba4aaa94-3955-11ef-be97-ab397f561917",NA,NA,1970,"11/18/1970","8e49fe1d-3960-11ef-a107-9b08c5d4c173","away","VfL Gummersbach","THW Kiel",10,10,FALSE,0,NA,NA,0,0,0,NA,0,0,0,0,0,0,NA,NA,NA,NA,NA,NA,NA,NA,0,0,0,0,NA,NA,NA,NA,NA
"Helmut Kosmehl","bc7d7cdd-3955-11ef-a338-ab397f561917",NA,NA,1970,"11/18/1970","8e49fe1d-3960-11ef-a107-9b08c5d4c173","away","VfL Gummersbach","THW Kiel",10,10,FALSE,2,NA,NA,0,0,1,NA,0,0,0,0,0,0,NA,NA,NA,NA,NA,NA,NA,NA,0,0,0,0,NA,NA,NA,NA,NA
"Hans-Gerd Bölter","c9d03ce3-3955-11ef-bae3-157c9bc18a5f",NA,NA,1970,"11/18/1970","8e49fe1d-3960-11ef-a107-9b08c5d4c173","away","VfL Gummersbach","THW Kiel",10,10,FALSE,5,NA,NA,0,0,2,NA,0,0,0,0,0,0,NA,NA,NA,NA,NA,NA,NA,NA,0,0,0,0,NA,NA,NA,NA,NA
"Rainer Lingelbach","c9d44f37-3955-11ef-a323-157c9bc18a5f",NA,NA,1970,"11/18/1970","8e49fe1d-3960-11ef-a107-9b08c5d4c173","away","VfL Gummersbach","THW Kiel",10,10,FALSE,0,NA,NA,0,0,0,NA,0,0,0,0,0,0,NA,NA,NA,NA,NA,NA,NA,NA,0,0,0,0,NA,NA,NA,NA,NA
"Diethard Finkelmann","a60bdcf9-3955-11ef-bfa1-2510cc07ea6e",NA,NA,1970,"11/18/1970","9a316576-3960-11ef-88d4-d3de5c174a65","home","Füchse Berlin","SpVgg 1887 Möhringen",12,15,FALSE,6,NA,NA,0,0,2,NA,0,0,0,0,0,0,NA,NA,NA,NA,NA,NA,NA,NA,0,0,0,0,NA,NA,NA,NA,NA
"Wolfgang Braun","b1a4c388-3955-11ef-92b7-a36230ada079",NA,NA,1970,"11/18/1970","9a316576-3960-11ef-88d4-d3de5c174a65","home","Füchse Berlin","SpVgg 1887 Möhringen",12,15,FALSE,1,NA,NA,0,0,0,NA,0,0,0,0,0,0,NA,NA,NA,NA,NA,NA,NA,NA,0,0,0,0,NA,NA,NA,NA,NA
"Detlef Finkelmann","b1a8f927-3955-11ef-a009-a36230ada079",NA,NA,1970,"11/18/1970","9a316576-3960-11ef-88d4-d3de5c174a65","home","Füchse Berlin","SpVgg 1887 Möhringen",12,15,FALSE,0,NA,NA,0,0,0,NA,0,0,0,0,0,0,NA,NA,NA,NA,NA,NA,NA,NA,0,0,0,0,NA,NA,NA,NA,NA
"Bernd Goerigk","b1b21b0c-3955-11ef-a303-a36230ada079",NA,NA,1970,"11/18/1970","9a316576-3960-11ef-88d4-d3de5c174a65","home","Füchse Berlin","SpVgg 1887 Möhringen",12,15,FALSE,1,NA,NA,0,0,0,NA,0,0,0,0,0,0,NA,NA,NA,NA,NA,NA,NA,NA,0,0,0,0,NA,NA,NA,NA,NA
"Lutz Loewke","b1b73b08-3955-11ef-b76a-a36230ada079",NA,NA,1970,"11/18/1970","9a316576-3960-11ef-88d4-d3de5c174a65","home","Füchse Berlin","SpVgg 1887 Möhringen",12,15,FALSE,0,NA,NA,0,0,0,NA,0,0,0,0,0,0,NA,NA,NA,NA,NA,NA,NA,NA,0,0,0,0,NA,NA,NA,NA,NA
"Werner Reinke","b1bc1a3c-3955-11ef-8a0a-a36230ada079",NA,NA,1970,"11/18/1970","9a316576-3960-11ef-88d4-d3de5c174a65","home","Füchse Berlin","SpVgg 1887 Möhringen",12,15,FALSE,0,NA,NA,0,0,0,NA,0,0,0,0,0,0,NA,NA,NA,NA,NA,NA,NA,NA,0,0,0,0,NA,NA,NA,NA,NA
"Sigmar Artelt","bdbc9392-3955-11ef-a3be-ab397f561917",NA,NA,1970,"11/18/1970","9a316576-3960-11ef-88d4-d3de5c174a65","home","Füchse Berlin","SpVgg 1887 Möhringen",12,15,FALSE,0,NA,NA,0,0,0,NA,0,0,0,0,0,0,NA,NA,NA,NA,NA,NA,NA,NA,0,0,0,0,NA,NA,NA,NA,NA
"Henry Johannes","bdc98fce-3955-11ef-9f6e-ab397f561917",NA,NA,1970,"11/18/1970","9a316576-3960-11ef-88d4-d3de5c174a65","home","Füchse Berlin","SpVgg 1887 Möhringen",12,15,FALSE,0,NA,NA,0,0,0,NA,0,0,0,0,0,0,NA,NA,NA,NA,NA,NA,NA,NA,0,0,0,0,NA,NA,NA,NA,NA
"Bernd Redlich","d2e474a6-3955-11ef-a804-a36230ada079",NA,NA,1970,"11/18/1970","9a316576-3960-11ef-88d4-d3de5c174a65","home","Füchse Berlin","SpVgg 1887 Möhringen",12,15,FALSE,0,NA,NA,0,0,0,NA,0,0,0,0,0,0,NA,NA,NA,NA,NA,NA,NA,NA,0,0,0,0,NA,NA,NA,NA,NA
"Thomas Micheli","d2e8bde0-3955-11ef-8c04-a36230ada079",NA,NA,1970,"11/18/1970","9a316576-3960-11ef-88d4-d3de5c174a65","home","Füchse Berlin","SpVgg 1887 Möhringen",12,15,FALSE,4,NA,NA,0,0,4,NA,0,0,0,0,0,0,NA,NA,NA,NA,NA,NA,NA,NA,0,0,0,0,NA,NA,NA,NA,NA
"Hermann Mäurle","a44f95e3-3955-11ef-b53d-2510cc07ea6e",NA,NA,1970,"11/18/1970","9a316576-3960-11ef-88d4-d3de5c174a65","away","SpVgg 1887 Möhringen","Füchse Berlin",15,12,TRUE,2,NA,NA,0,0,0,NA,0,0,0,0,0,0,NA,NA,NA,NA,NA,NA,NA,NA,0,0,0,0,NA,NA,NA,NA,NA
"Karl-Heinz Wolf","c8354cdd-3955-11ef-a1d6-157c9bc18a5f",NA,NA,1970,"11/18/1970","9a316576-3960-11ef-88d4-d3de5c174a65","away","SpVgg 1887 Möhringen","Füchse Berlin",15,12,TRUE,0,NA,NA,0,0,0,NA,0,0,0,0,0,0,NA,NA,NA,NA,NA,NA,NA,NA,0,0,0,0,NA,NA,NA,NA,NA
"Gerd-Volker Stock","c8397c3c-3955-11ef-af12-157c9bc18a5f",NA,NA,1970,"11/18/1970","9a316576-3960-11ef-88d4-d3de5c174a65","away","SpVgg 1887 Möhringen","Füchse Berlin",15,12,TRUE,6,NA,NA,0,0,0,NA,0,0,0,0,0,0,NA,NA,NA,NA,NA,NA,NA,NA,0,0,0,0,NA,NA,NA,NA,NA
"Dieter Schuh","c84c4c54-3955-11ef-9d35-157c9bc18a5f",NA,NA,1970,"11/18/1970","9a316576-3960-11ef-88d4-d3de5c174a65","away","SpVgg 1887 Möhringen","Füchse Berlin",15,12,TRUE,0,NA,NA,0,0,0,NA,0,0,0,0,0,0,NA,NA,NA,NA,NA,NA,NA,NA,0,0,0,0,NA,NA,NA,NA,NA
"Lothar Scheffel","c850996c-3955-11ef-94a7-157c9bc18a5f",NA,NA,1970,"11/18/1970","9a316576-3960-11ef-88d4-d3de5c174a65","away","SpVgg 1887 Möhringen","Füchse Berlin",15,12,TRUE,1,NA,NA,0,0,0,NA,0,0,0,0,0,0,NA,NA,NA,NA,NA,NA,NA,NA,0,0,0,0,NA,NA,NA,NA,NA
"Gerd Rössler","c854fdaa-3955-11ef-b318-157c9bc18a5f",NA,NA,1970,"11/18/1970","9a316576-3960-11ef-88d4-d3de5c174a65","away","SpVgg 1887 Möhringen","Füchse Berlin",15,12,TRUE,0,NA,NA,0,0,0,NA,0,0,0,0,0,0,NA,NA,NA,NA,NA,NA,NA,NA,0,0,0,0,NA,NA,NA,NA,NA
"Karl-Heinz Steinbach","c864fc61-3955-11ef-bc13-157c9bc18a5f",NA,NA,1970,"11/18/1970","9a316576-3960-11ef-88d4-d3de5c174a65","away","SpVgg 1887 Möhringen","Füchse Berlin",15,12,TRUE,3,NA,NA,0,0,0,NA,0,0,0,0,0,0,NA,NA,NA,NA,NA,NA,NA,NA,0,0,0,0,NA,NA,NA,NA,NA
"Wolfgang Schall","c869381d-3955-11ef-a2ed-157c9bc18a5f",NA,NA,1970,"11/18/1970","9a316576-3960-11ef-88d4-d3de5c174a65","away","SpVgg 1887 Möhringen","Füchse Berlin",15,12,TRUE,1,NA,NA,0,0,0,NA,0,0,0,0,0,0,NA,NA,NA,NA,NA,NA,NA,NA,0,0,0,0,NA,NA,NA,NA,NA
"Winfried Holtmann","d3270d6b-3955-11ef-8174-a36230ada079",NA,NA,1970,"11/18/1970","9a316576-3960-11ef-88d4-d3de5c174a65","away","SpVgg 1887 Möhringen","Füchse Berlin",15,12,TRUE,1,NA,NA,0,0,0,NA,0,0,0,0,0,0,NA,NA,NA,NA,NA,NA,NA,NA,0,0,0,0,NA,NA,NA,NA,NA
"Klaus Brand","51394441-3955-11ef-8fab-6d38c0425bc0",NA,NA,1970,"11/21/1970","8e584aad-3960-11ef-85f3-9b08c5d4c173","home","VfL Gummersbach","SC Phönix Essen 1920",30,16,TRUE,0,NA,NA,0,0,0,NA,0,0,0,0,0,0,NA,NA,NA,NA,NA,NA,NA,NA,0,0,0,0,NA,NA,NA,NA,NA
"Klaus Westebbe","8c58f63a-3955-11ef-b65e-81dc40648355",NA,NA,1970,"11/21/1970","8e584aad-3960-11ef-85f3-9b08c5d4c173","home","VfL Gummersbach","SC Phönix Essen 1920",30,16,TRUE,2,NA,NA,0,0,0,NA,0,0,0,0,0,0,NA,NA,NA,NA,NA,NA,NA,NA,0,0,0,0,NA,NA,NA,NA,NA
"Klaus Kater","8da1f6ef-3955-11ef-b31a-81dc40648355",NA,NA,1970,"11/21/1970","8e584aad-3960-11ef-85f3-9b08c5d4c173","home","VfL Gummersbach","SC Phönix Essen 1920",30,16,TRUE,0,NA,NA,0,0,0,NA,0,0,0,0,0,0,NA,NA,NA,NA,NA,NA,NA,NA,0,0,0,0,NA,NA,NA,NA,NA
"Werner Winkelmeier","9712104e-3955-11ef-9613-292be3190b7b",NA,NA,1970,"11/21/1970","8e584aad-3960-11ef-85f3-9b08c5d4c173","home","VfL Gummersbach","SC Phönix Essen 1920",30,16,TRUE,3,NA,NA,0,0,0,NA,0,0,0,0,0,0,NA,NA,NA,NA,NA,NA,NA,NA,0,0,0,0,NA,NA,NA,NA,NA
"Ralf Hamann","a28aa62f-3955-11ef-9677-2510cc07ea6e",NA,NA,1970,"11/21/1970","8e584aad-3960-11ef-85f3-9b08c5d4c173","home","VfL Gummersbach","SC Phönix Essen 1920",30,16,TRUE,0,NA,NA,0,0,0,NA,0,0,0,0,0,0,NA,NA,NA,NA,NA,NA,NA,NA,0,0,0,0,NA,NA,NA,NA,NA
"Jochen Feldhoff","a32751a5-3955-11ef-badf-2510cc07ea6e",NA,NA,1970,"11/21/1970","8e584aad-3960-11ef-85f3-9b08c5d4c173","home","VfL Gummersbach","SC Phönix Essen 1920",30,16,TRUE,4,NA,NA,0,0,0,NA,0,0,0,0,0,0,NA,NA,NA,NA,NA,NA,NA,NA,0,0,0,0,NA,NA,NA,NA,NA
"Helmut Keller","ae2fb2ba-3955-11ef-b38f-a36230ada079",NA,NA,1970,"11/21/1970","8e584aad-3960-11ef-85f3-9b08c5d4c173","home","VfL Gummersbach","SC Phönix Essen 1920",30,16,TRUE,2,NA,NA,0,0,0,NA,0,0,0,0,0,0,NA,NA,NA,NA,NA,NA,NA,NA,0,0,0,0,NA,NA,NA,NA,NA
"Hans-Günther Schmidt","aff5702f-3955-11ef-9878-a36230ada079",NA,NA,1970,"11/21/1970","8e584aad-3960-11ef-85f3-9b08c5d4c173","home","VfL Gummersbach","SC Phönix Essen 1920",30,16,TRUE,8,NA,NA,0,0,0,NA,0,0,0,0,0,0,NA,NA,NA,NA,NA,NA,NA,NA,0,0,0,0,NA,NA,NA,NA,NA
"Jochen Brand","ba44375c-3955-11ef-a5d6-ab397f561917",NA,NA,1970,"11/21/1970","8e584aad-3960-11ef-85f3-9b08c5d4c173","home","VfL Gummersbach","SC Phönix Essen 1920",30,16,TRUE,1,NA,NA,0,0,0,NA,0,0,0,0,0,0,NA,NA,NA,NA,NA,NA,NA,NA,0,0,0,0,NA,NA,NA,NA,NA
"Helmut Kosmehl","bc7d7cdd-3955-11ef-a338-ab397f561917",NA,NA,1970,"11/21/1970","8e584aad-3960-11ef-85f3-9b08c5d4c173","home","VfL Gummersbach","SC Phönix Essen 1920",30,16,TRUE,5,NA,NA,0,0,0,NA,0,0,0,0,0,0,NA,NA,NA,NA,NA,NA,NA,NA,0,0,0,0,NA,NA,NA,NA,NA
"Hans-Gerd Bölter","c9d03ce3-3955-11ef-bae3-157c9bc18a5f",NA,NA,1970,"11/21/1970","8e584aad-3960-11ef-85f3-9b08c5d4c173","home","VfL Gummersbach","SC Phönix Essen 1920",30,16,TRUE,4,NA,NA,0,0,0,NA,0,0,0,0,0,0,NA,NA,NA,NA,NA,NA,NA,NA,0,0,0,0,NA,NA,NA,NA,NA
"Rainer Lingelbach","c9d44f37-3955-11ef-a323-157c9bc18a5f",NA,NA,1970,"11/21/1970","8e584aad-3960-11ef-85f3-9b08c5d4c173","home","VfL Gummersbach","SC Phönix Essen 1920",30,16,TRUE,1,NA,NA,0,0,0,NA,0,0,0,0,0,0,NA,NA,NA,NA,NA,NA,NA,NA,0,0,0,0,NA,NA,NA,NA,NA
"Werner Kühn","a5a83923-3955-11ef-abc5-2510cc07ea6e",NA,NA,1970,"11/21/1970","8e584aad-3960-11ef-85f3-9b08c5d4c173","away","SC Phönix Essen 1920","VfL Gummersbach",16,30,FALSE,2,NA,NA,0,0,0,NA,0,0,0,0,0,0,NA,NA,NA,NA,NA,NA,NA,NA,0,0,0,0,NA,NA,NA,NA,NA
"Norbert Meister","a610e086-3955-11ef-bf85-2510cc07ea6e",NA,NA,1970,"11/21/1970","8e584aad-3960-11ef-85f3-9b08c5d4c173","away","SC Phönix Essen 1920","VfL Gummersbach",16,30,FALSE,0,NA,NA,0,0,0,NA,0,0,0,0,0,0,NA,NA,NA,NA,NA,NA,NA,NA,0,0,0,0,NA,NA,NA,NA,NA
"Bernd Tolksdorf","bae02284-3955-11ef-b577-ab397f561917",NA,NA,1970,"11/21/1970","8e584aad-3960-11ef-85f3-9b08c5d4c173","away","SC Phönix Essen 1920","VfL Gummersbach",16,30,FALSE,2,NA,NA,0,0,0,NA,0,0,0,0,0,0,NA,NA,NA,NA,NA,NA,NA,NA,0,0,0,0,NA,NA,NA,NA,NA
"Klaus Kirschner","bae43a44-3955-11ef-ae7c-ab397f561917",NA,NA,1970,"11/21/1970","8e584aad-3960-11ef-85f3-9b08c5d4c173","away","SC Phönix Essen 1920","VfL Gummersbach",16,30,FALSE,0,NA,NA,0,0,0,NA,0,0,0,0,0,0,NA,NA,NA,NA,NA,NA,NA,NA,0,0,0,0,NA,NA,NA,NA,NA
"Marinko Andrić","bae9ac2f-3955-11ef-863e-ab397f561917",NA,NA,1970,"11/21/1970","8e584aad-3960-11ef-85f3-9b08c5d4c173","away","SC Phönix Essen 1920","VfL Gummersbach",16,30,FALSE,3,NA,NA,0,0,0,NA,0,0,0,0,0,0,NA,NA,NA,NA,NA,NA,NA,NA,0,0,0,0,NA,NA,NA,NA,NA
"Michael Hattig","bd52f5b1-3955-11ef-ba0c-ab397f561917",NA,NA,1970,"11/21/1970","8e584aad-3960-11ef-85f3-9b08c5d4c173","away","SC Phönix Essen 1920","VfL Gummersbach",16,30,FALSE,5,NA,NA,0,0,1,NA,0,0,0,0,0,0,NA,NA,NA,NA,NA,NA,NA,NA,0,0,0,0,NA,NA,NA,NA,NA
"Herbert Buschmann","bd5ac595-3955-11ef-97f0-ab397f561917",NA,NA,1970,"11/21/1970","8e584aad-3960-11ef-85f3-9b08c5d4c173","away","SC Phönix Essen 1920","VfL Gummersbach",16,30,FALSE,0,NA,NA,0,0,0,NA,0,0,0,0,0,0,NA,NA,NA,NA,NA,NA,NA,NA,0,0,0,0,NA,NA,NA,NA,NA
"Peter Fischer","bd861af2-3955-11ef-a655-ab397f561917",NA,NA,1970,"11/21/1970","8e584aad-3960-11ef-85f3-9b08c5d4c173","away","SC Phönix Essen 1920","VfL Gummersbach",16,30,FALSE,2,NA,NA,0,0,0,NA,0,0,0,0,0,0,NA,NA,NA,NA,NA,NA,NA,NA,0,0,0,0,NA,NA,NA,NA,NA
"Andrija Kotlas","bde016f5-3955-11ef-b96c-ab397f561917",NA,NA,1970,"11/21/1970","8e584aad-3960-11ef-85f3-9b08c5d4c173","away","SC Phönix Essen 1920","VfL Gummersbach",16,30,FALSE,0,NA,NA,0,0,0,NA,0,0,0,0,0,0,NA,NA,NA,NA,NA,NA,NA,NA,0,0,0,0,NA,NA,NA,NA,NA
"Carl-Bernd Behler","c79d213f-3955-11ef-a773-157c9bc18a5f",NA,NA,1970,"11/21/1970","8e584aad-3960-11ef-85f3-9b08c5d4c173","away","SC Phönix Essen 1920","VfL Gummersbach",16,30,FALSE,1,NA,NA,0,0,0,NA,0,0,0,0,0,0,NA,NA,NA,NA,NA,NA,NA,NA,0,0,0,0,NA,NA,NA,NA,NA
"Ernst Weise","c90cdba3-3955-11ef-b068-157c9bc18a5f",NA,NA,1970,"11/21/1970","8e584aad-3960-11ef-85f3-9b08c5d4c173","away","SC Phönix Essen 1920","VfL Gummersbach",16,30,FALSE,1,NA,NA,0,0,0,NA,0,0,0,0,0,0,NA,NA,NA,NA,NA,NA,NA,NA,0,0,0,0,NA,NA,NA,NA,NA
"Manfred Czapek","ca55d38c-3955-11ef-953c-157c9bc18a5f",NA,NA,1970,"11/21/1970","8e584aad-3960-11ef-85f3-9b08c5d4c173","away","SC Phönix Essen 1920","VfL Gummersbach",16,30,FALSE,0,NA,NA,0,0,0,NA,0,0,0,0,0,0,NA,NA,NA,NA,NA,NA,NA,NA,0,0,0,0,NA,NA,NA,NA,NA
"Hans-Jürgen Sulk","7ff6b175-3955-11ef-a103-b908c60af10a",NA,NA,1970,"11/21/1970","8f2f26c2-3960-11ef-afd4-9b08c5d4c173","home","GWD Minden","Hamburger SV",13,8,TRUE,1,NA,NA,0,0,0,NA,0,0,0,0,0,0,NA,NA,NA,NA,NA,NA,NA,NA,0,0,0,0,NA,NA,NA,NA,NA
"Bernhard Busch","8dc9280f-3955-11ef-80e2-81dc40648355",NA,NA,1970,"11/21/1970","8f2f26c2-3960-11ef-afd4-9b08c5d4c173","home","GWD Minden","Hamburger SV",13,8,TRUE,0,NA,NA,0,0,0,NA,0,0,0,0,0,0,NA,NA,NA,NA,NA,NA,NA,NA,0,0,0,0,NA,NA,NA,NA,NA
"Gerald Schüler","96fc1532-3955-11ef-bddd-292be3190b7b",NA,NA,1970,"11/21/1970","8f2f26c2-3960-11ef-afd4-9b08c5d4c173","home","GWD Minden","Hamburger SV",13,8,TRUE,0,NA,NA,0,0,0,NA,0,0,0,0,0,0,NA,NA,NA,NA,NA,NA,NA,NA,0,0,0,0,NA,NA,NA,NA,NA
"Hans Kramer","98f50290-3955-11ef-8aa8-292be3190b7b",NA,NA,1970,"11/21/1970","8f2f26c2-3960-11ef-afd4-9b08c5d4c173","home","GWD Minden","Hamburger SV",13,8,TRUE,1,NA,NA,0,0,0,NA,0,0,0,0,0,0,NA,NA,NA,NA,NA,NA,NA,NA,0,0,0,0,NA,NA,NA,NA,NA
"Wilfried Meyer","a34b2aa0-3955-11ef-a79c-2510cc07ea6e",NA,NA,1970,"11/21/1970","8f2f26c2-3960-11ef-afd4-9b08c5d4c173","home","GWD Minden","Hamburger SV",13,8,TRUE,0,NA,NA,0,0,0,NA,0,0,0,0,0,0,NA,NA,NA,NA,NA,NA,NA,NA,0,0,0,0,NA,NA,NA,NA,NA
"Bernd Munck","ba5ee5e3-3955-11ef-9f80-ab397f561917",NA,NA,1970,"11/21/1970","8f2f26c2-3960-11ef-afd4-9b08c5d4c173","home","GWD Minden","Hamburger SV",13,8,TRUE,4,NA,NA,0,0,0,NA,0,0,0,0,0,0,NA,NA,NA,NA,NA,NA,NA,NA,0,0,0,0,NA,NA,NA,NA,NA
"Wilfried Drögemeier","ba63ada7-3955-11ef-a04d-ab397f561917",NA,NA,1970,"11/21/1970","8f2f26c2-3960-11ef-afd4-9b08c5d4c173","home","GWD Minden","Hamburger SV",13,8,TRUE,0,NA,NA,0,0,0,NA,0,0,0,0,0,0,NA,NA,NA,NA,NA,NA,NA,NA,0,0,0,0,NA,NA,NA,NA,NA
"Klaus Barlach","bcee5b38-3955-11ef-a026-ab397f561917",NA,NA,1970,"11/21/1970","8f2f26c2-3960-11ef-afd4-9b08c5d4c173","home","GWD Minden","Hamburger SV",13,8,TRUE,0,NA,NA,0,0,0,NA,0,0,0,0,0,0,NA,NA,NA,NA,NA,NA,NA,NA,0,0,0,0,NA,NA,NA,NA,NA
"Otto Weng","bcfbec1c-3955-11ef-b4f4-ab397f561917",NA,NA,1970,"11/21/1970","8f2f26c2-3960-11ef-afd4-9b08c5d4c173","home","GWD Minden","Hamburger SV",13,8,TRUE,6,NA,NA,0,0,2,NA,0,0,0,0,0,0,NA,NA,NA,NA,NA,NA,NA,NA,0,0,0,0,NA,NA,NA,NA,NA
"Jürgen Buhrmester","c747ff25-3955-11ef-9695-157c9bc18a5f",NA,NA,1970,"11/21/1970","8f2f26c2-3960-11ef-afd4-9b08c5d4c173","home","GWD Minden","Hamburger SV",13,8,TRUE,0,NA,NA,0,0,0,NA,0,0,0,0,0,0,NA,NA,NA,NA,NA,NA,NA,NA,0,0,0,0,NA,NA,NA,NA,NA
"Manfred Horstkötter","c8a23936-3955-11ef-9884-157c9bc18a5f",NA,NA,1970,"11/21/1970","8f2f26c2-3960-11ef-afd4-9b08c5d4c173","home","GWD Minden","Hamburger SV",13,8,TRUE,1,NA,NA,0,0,0,NA,0,0,0,0,0,0,NA,NA,NA,NA,NA,NA,NA,NA,0,0,0,0,NA,NA,NA,NA,NA
"Hans-Jürgen Bode","b011e6da-3955-11ef-8205-a36230ada079",NA,NA,1970,"11/21/1970","8f2f26c2-3960-11ef-afd4-9b08c5d4c173","away","Hamburger SV","GWD Minden",8,13,FALSE,0,NA,NA,0,0,0,NA,0,0,0,0,0,0,NA,NA,NA,NA,NA,NA,NA,NA,0,0,0,0,NA,NA,NA,NA,NA
"Herbert Niemeier","b0163f16-3955-11ef-ae9e-a36230ada079",NA,NA,1970,"11/21/1970","8f2f26c2-3960-11ef-afd4-9b08c5d4c173","away","Hamburger SV","GWD Minden",8,13,FALSE,0,NA,NA,0,0,0,NA,0,0,0,0,0,0,NA,NA,NA,NA,NA,NA,NA,NA,0,0,0,0,NA,NA,NA,NA,NA
"Rainer Witt","b02adaad-3955-11ef-b8c4-a36230ada079",NA,NA,1970,"11/21/1970","8f2f26c2-3960-11ef-afd4-9b08c5d4c173","away","Hamburger SV","GWD Minden",8,13,FALSE,1,NA,NA,0,0,0,NA,0,0,0,0,0,0,NA,NA,NA,NA,NA,NA,NA,NA,0,0,0,0,NA,NA,NA,NA,NA
"Hans-Joachim Beißel","b0341bcb-3955-11ef-9e08-a36230ada079",NA,NA,1970,"11/21/1970","8f2f26c2-3960-11ef-afd4-9b08c5d4c173","away","Hamburger SV","GWD Minden",8,13,FALSE,1,NA,NA,0,0,0,NA,0,0,0,0,0,0,NA,NA,NA,NA,NA,NA,NA,NA,0,0,0,0,NA,NA,NA,NA,NA
"Norbert Germer","b03f8101-3955-11ef-8945-a36230ada079",NA,NA,1970,"11/21/1970","8f2f26c2-3960-11ef-afd4-9b08c5d4c173","away","Hamburger SV","GWD Minden",8,13,FALSE,2,NA,NA,0,0,0,NA,0,0,0,0,0,0,NA,NA,NA,NA,NA,NA,NA,NA,0,0,0,0,NA,NA,NA,NA,NA
"Siegfried Berg","b10d3ec3-3955-11ef-8a30-a36230ada079",NA,NA,1970,"11/21/1970","8f2f26c2-3960-11ef-afd4-9b08c5d4c173","away","Hamburger SV","GWD Minden",8,13,FALSE,0,NA,NA,0,0,0,NA,0,0,0,0,0,0,NA,NA,NA,NA,NA,NA,NA,NA,0,0,0,0,NA,NA,NA,NA,NA
"Bernd Heiden","baf62966-3955-11ef-b7e1-ab397f561917",NA,NA,1970,"11/21/1970","8f2f26c2-3960-11ef-afd4-9b08c5d4c173","away","Hamburger SV","GWD Minden",8,13,FALSE,0,NA,NA,0,0,0,NA,0,0,0,0,0,0,NA,NA,NA,NA,NA,NA,NA,NA,0,0,0,0,NA,NA,NA,NA,NA
"Klaus Lange","bafb51f3-3955-11ef-9864-ab397f561917",NA,NA,1970,"11/21/1970","8f2f26c2-3960-11ef-afd4-9b08c5d4c173","away","Hamburger SV","GWD Minden",8,13,FALSE,3,NA,NA,0,0,1,NA,0,0,0,0,0,0,NA,NA,NA,NA,NA,NA,NA,NA,0,0,0,0,NA,NA,NA,NA,NA
"Rüdiger Heß","bd122db8-3955-11ef-9b21-ab397f561917",NA,NA,1970,"11/21/1970","8f2f26c2-3960-11ef-afd4-9b08c5d4c173","away","Hamburger SV","GWD Minden",8,13,FALSE,0,NA,NA,0,0,0,NA,0,0,0,0,0,0,NA,NA,NA,NA,NA,NA,NA,NA,0,0,0,0,NA,NA,NA,NA,NA
"Manfred Grühn","c755d6cb-3955-11ef-a162-157c9bc18a5f",NA,NA,1970,"11/21/1970","8f2f26c2-3960-11ef-afd4-9b08c5d4c173","away","Hamburger SV","GWD Minden",8,13,FALSE,1,NA,NA,0,0,0,NA,0,0,0,0,0,0,NA,NA,NA,NA,NA,NA,NA,NA,0,0,0,0,NA,NA,NA,NA,NA
"Katsuhiko Chikamori","c9e81f92-3955-11ef-87d2-157c9bc18a5f",NA,NA,1970,"11/21/1970","8f2f26c2-3960-11ef-afd4-9b08c5d4c173","away","Hamburger SV","GWD Minden",8,13,FALSE,0,NA,NA,0,0,0,NA,0,0,0,0,0,0,NA,NA,NA,NA,NA,NA,NA,NA,0,0,0,0,NA,NA,NA,NA,NA
"Karl-Heinz Schulz","72847241-3955-11ef-8bd4-51fdf2a82730",NA,NA,1970,"11/21/1970","90a20018-3960-11ef-83ab-9b08c5d4c173","home","TuS 05 Wellinghofen","TV Krefeld-Oppum 1894",22,14,TRUE,4,NA,NA,0,0,0,NA,0,0,0,0,0,0,NA,NA,NA,NA,NA,NA,NA,NA,0,0,0,0,NA,NA,NA,NA,NA
"Hans-Jürgen Zick","8d67d76a-3955-11ef-8956-81dc40648355",NA,NA,1970,"11/21/1970","90a20018-3960-11ef-83ab-9b08c5d4c173","home","TuS 05 Wellinghofen","TV Krefeld-Oppum 1894",22,14,TRUE,0,NA,NA,0,0,0,NA,0,0,0,0,0,0,NA,NA,NA,NA,NA,NA,NA,NA,0,0,0,0,NA,NA,NA,NA,NA
"Heiner Möller","8d7571e4-3955-11ef-b1d3-81dc40648355",NA,NA,1970,"11/21/1970","90a20018-3960-11ef-83ab-9b08c5d4c173","home","TuS 05 Wellinghofen","TV Krefeld-Oppum 1894",22,14,TRUE,6,NA,NA,0,0,0,NA,0,0,0,0,0,0,NA,NA,NA,NA,NA,NA,NA,NA,0,0,0,0,NA,NA,NA,NA,NA
"Hans-Peter Neuhaus","8d9d3887-3955-11ef-80a3-81dc40648355",NA,NA,1970,"11/21/1970","90a20018-3960-11ef-83ab-9b08c5d4c173","home","TuS 05 Wellinghofen","TV Krefeld-Oppum 1894",22,14,TRUE,4,NA,NA,0,0,1,NA,0,0,0,0,0,0,NA,NA,NA,NA,NA,NA,NA,NA,0,0,0,0,NA,NA,NA,NA,NA
"Rainer Gosewinkel","a4d61156-3955-11ef-8406-2510cc07ea6e",NA,NA,1970,"11/21/1970","90a20018-3960-11ef-83ab-9b08c5d4c173","home","TuS 05 Wellinghofen","TV Krefeld-Oppum 1894",22,14,TRUE,0,NA,NA,0,0,0,NA,0,0,0,0,0,0,NA,NA,NA,NA,NA,NA,NA,NA,0,0,0,0,NA,NA,NA,NA,NA
"Klaus Erwe","a4f54a19-3955-11ef-b48a-2510cc07ea6e",NA,NA,1970,"11/21/1970","90a20018-3960-11ef-83ab-9b08c5d4c173","home","TuS 05 Wellinghofen","TV Krefeld-Oppum 1894",22,14,TRUE,0,NA,NA,0,0,0,NA,0,0,0,0,0,0,NA,NA,NA,NA,NA,NA,NA,NA,0,0,0,0,NA,NA,NA,NA,NA
"Burkhard Gröning","a52c6e4f-3955-11ef-a576-2510cc07ea6e",NA,NA,1970,"11/21/1970","90a20018-3960-11ef-83ab-9b08c5d4c173","home","TuS 05 Wellinghofen","TV Krefeld-Oppum 1894",22,14,TRUE,5,NA,NA,0,0,0,NA,0,0,0,0,0,0,NA,NA,NA,NA,NA,NA,NA,NA,0,0,0,0,NA,NA,NA,NA,NA
"Klaus Tiews","a531838f-3955-11ef-8e99-2510cc07ea6e",NA,NA,1970,"11/21/1970","90a20018-3960-11ef-83ab-9b08c5d4c173","home","TuS 05 Wellinghofen","TV Krefeld-Oppum 1894",22,14,TRUE,1,NA,NA,0,0,0,NA,0,0,0,0,0,0,NA,NA,NA,NA,NA,NA,NA,NA,0,0,0,0,NA,NA,NA,NA,NA
"Hans-Jürgen Sengera","ba7fae8e-3955-11ef-80e4-ab397f561917",NA,NA,1970,"11/21/1970","90a20018-3960-11ef-83ab-9b08c5d4c173","home","TuS 05 Wellinghofen","TV Krefeld-Oppum 1894",22,14,TRUE,0,NA,NA,0,0,0,NA,0,0,0,0,0,0,NA,NA,NA,NA,NA,NA,NA,NA,0,0,0,0,NA,NA,NA,NA,NA
"Ulrich Thubeauville","c76555ef-3955-11ef-9f3a-157c9bc18a5f",NA,NA,1970,"11/21/1970","90a20018-3960-11ef-83ab-9b08c5d4c173","home","TuS 05 Wellinghofen","TV Krefeld-Oppum 1894",22,14,TRUE,1,NA,NA,0,0,0,NA,0,0,0,0,0,0,NA,NA,NA,NA,NA,NA,NA,NA,0,0,0,0,NA,NA,NA,NA,NA
"Burkhardt Eckardt","c76d08cb-3955-11ef-8fa7-157c9bc18a5f",NA,NA,1970,"11/21/1970","90a20018-3960-11ef-83ab-9b08c5d4c173","home","TuS 05 Wellinghofen","TV Krefeld-Oppum 1894",22,14,TRUE,0,NA,NA,0,0,0,NA,0,0,0,0,0,0,NA,NA,NA,NA,NA,NA,NA,NA,0,0,0,0,NA,NA,NA,NA,NA
"Schumann","c9f2da05-3955-11ef-a8bd-157c9bc18a5f",NA,NA,1970,"11/21/1970","90a20018-3960-11ef-83ab-9b08c5d4c173","home","TuS 05 Wellinghofen","TV Krefeld-Oppum 1894",22,14,TRUE,1,NA,NA,0,0,0,NA,0,0,0,0,0,0,NA,NA,NA,NA,NA,NA,NA,NA,0,0,0,0,NA,NA,NA,NA,NA
"Norbert Kroker","bd441662-3955-11ef-b771-ab397f561917",NA,NA,1970,"11/21/1970","90a20018-3960-11ef-83ab-9b08c5d4c173","away","TV Krefeld-Oppum 1894","TuS 05 Wellinghofen",14,22,FALSE,2,NA,NA,0,0,1,NA,0,0,0,0,0,0,NA,NA,NA,NA,NA,NA,NA,NA,0,0,0,0,NA,NA,NA,NA,NA
"Herbert Engels","ca0717a5-3955-11ef-8dce-157c9bc18a5f",NA,NA,1970,"11/21/1970","90a20018-3960-11ef-83ab-9b08c5d4c173","away","TV Krefeld-Oppum 1894","TuS 05 Wellinghofen",14,22,FALSE,0,NA,NA,0,0,0,NA,0,0,0,0,0,0,NA,NA,NA,NA,NA,NA,NA,NA,0,0,0,0,NA,NA,NA,NA,NA
"Otto Tophoven","ca106fac-3955-11ef-9a8e-157c9bc18a5f",NA,NA,1970,"11/21/1970","90a20018-3960-11ef-83ab-9b08c5d4c173","away","TV Krefeld-Oppum 1894","TuS 05 Wellinghofen",14,22,FALSE,0,NA,NA,0,0,0,NA,0,0,0,0,0,0,NA,NA,NA,NA,NA,NA,NA,NA,0,0,0,0,NA,NA,NA,NA,NA
"Gerd Rüben","ca14b98f-3955-11ef-a366-157c9bc18a5f",NA,NA,1970,"11/21/1970","90a20018-3960-11ef-83ab-9b08c5d4c173","away","TV Krefeld-Oppum 1894","TuS 05 Wellinghofen",14,22,FALSE,0,NA,NA,0,0,0,NA,0,0,0,0,0,0,NA,NA,NA,NA,NA,NA,NA,NA,0,0,0,0,NA,NA,NA,NA,NA
"Theo Inger","ca18e97b-3955-11ef-91fb-157c9bc18a5f",NA,NA,1970,"11/21/1970","90a20018-3960-11ef-83ab-9b08c5d4c173","away","TV Krefeld-Oppum 1894","TuS 05 Wellinghofen",14,22,FALSE,0,NA,NA,0,0,0,NA,0,0,0,0,0,0,NA,NA,NA,NA,NA,NA,NA,NA,0,0,0,0,NA,NA,NA,NA,NA
"Peter Inger","ca1d519a-3955-11ef-b5d9-157c9bc18a5f",NA,NA,1970,"11/21/1970","90a20018-3960-11ef-83ab-9b08c5d4c173","away","TV Krefeld-Oppum 1894","TuS 05 Wellinghofen",14,22,FALSE,5,NA,NA,0,0,0,NA,0,0,0,0,0,0,NA,NA,NA,NA,NA,NA,NA,NA,0,0,0,0,NA,NA,NA,NA,NA
"Hermann Köhler","ca2255bc-3955-11ef-91a7-157c9bc18a5f",NA,NA,1970,"11/21/1970","90a20018-3960-11ef-83ab-9b08c5d4c173","away","TV Krefeld-Oppum 1894","TuS 05 Wellinghofen",14,22,FALSE,1,NA,NA,0,0,0,NA,0,0,0,0,0,0,NA,NA,NA,NA,NA,NA,NA,NA,0,0,0,0,NA,NA,NA,NA,NA
"Horst Panknin","ca26d115-3955-11ef-a60e-157c9bc18a5f",NA,NA,1970,"11/21/1970","90a20018-3960-11ef-83ab-9b08c5d4c173","away","TV Krefeld-Oppum 1894","TuS 05 Wellinghofen",14,22,FALSE,1,NA,NA,0,0,0,NA,0,0,0,0,0,0,NA,NA,NA,NA,NA,NA,NA,NA,0,0,0,0,NA,NA,NA,NA,NA
"Hugo Schroers","ca2f571a-3955-11ef-8d46-157c9bc18a5f",NA,NA,1970,"11/21/1970","90a20018-3960-11ef-83ab-9b08c5d4c173","away","TV Krefeld-Oppum 1894","TuS 05 Wellinghofen",14,22,FALSE,2,NA,NA,0,0,0,NA,0,0,0,0,0,0,NA,NA,NA,NA,NA,NA,NA,NA,0,0,0,0,NA,NA,NA,NA,NA
"Max Zwierkowski","ca390aba-3955-11ef-97b4-157c9bc18a5f",NA,NA,1970,"11/21/1970","90a20018-3960-11ef-83ab-9b08c5d4c173","away","TV Krefeld-Oppum 1894","TuS 05 Wellinghofen",14,22,FALSE,2,NA,NA,0,0,0,NA,0,0,0,0,0,0,NA,NA,NA,NA,NA,NA,NA,NA,0,0,0,0,NA,NA,NA,NA,NA
"Leo Ritz","ca3d0962-3955-11ef-938c-157c9bc18a5f",NA,NA,1970,"11/21/1970","90a20018-3960-11ef-83ab-9b08c5d4c173","away","TV Krefeld-Oppum 1894","TuS 05 Wellinghofen",14,22,FALSE,1,NA,NA,0,0,0,NA,0,0,0,0,0,0,NA,NA,NA,NA,NA,NA,NA,NA,0,0,0,0,NA,NA,NA,NA,NA
"Dieter Patz","ca42d471-3955-11ef-a75d-157c9bc18a5f",NA,NA,1970,"11/21/1970","90a20018-3960-11ef-83ab-9b08c5d4c173","away","TV Krefeld-Oppum 1894","TuS 05 Wellinghofen",14,22,FALSE,0,NA,NA,0,0,0,NA,0,0,0,0,0,0,NA,NA,NA,NA,NA,NA,NA,NA,0,0,0,0,NA,NA,NA,NA,NA
"Kurt Klühspies","5ac3e7d7-3955-11ef-b574-4fa817cd91bb",NA,NA,1970,"11/21/1970","91fb7512-3960-11ef-bcb3-9b08c5d4c173","home","TV Großwallstadt","TV Hochdorf",20,10,TRUE,3,NA,NA,0,0,0,NA,0,0,0,0,0,0,NA,NA,NA,NA,NA,NA,NA,NA,0,0,0,0,NA,NA,NA,NA,NA
"Eckhardt Suffel","aeac0503-3955-11ef-88c6-a36230ada079",NA,NA,1970,"11/21/1970","91fb7512-3960-11ef-bcb3-9b08c5d4c173","home","TV Großwallstadt","TV Hochdorf",20,10,TRUE,0,NA,NA,0,0,0,NA,0,0,0,0,0,0,NA,NA,NA,NA,NA,NA,NA,NA,0,0,0,0,NA,NA,NA,NA,NA
"Robert Schnabel","bbbd881a-3955-11ef-a181-ab397f561917",NA,NA,1970,"11/21/1970","91fb7512-3960-11ef-bcb3-9b08c5d4c173","home","TV Großwallstadt","TV Hochdorf",20,10,TRUE,1,NA,NA,0,0,0,NA,0,0,0,0,0,0,NA,NA,NA,NA,NA,NA,NA,NA,0,0,0,0,NA,NA,NA,NA,NA
"Peter Kuß","bbc18adb-3955-11ef-a5f7-ab397f561917",NA,NA,1970,"11/21/1970","91fb7512-3960-11ef-bcb3-9b08c5d4c173","home","TV Großwallstadt","TV Hochdorf",20,10,TRUE,3,NA,NA,0,0,0,NA,0,0,0,0,0,0,NA,NA,NA,NA,NA,NA,NA,NA,0,0,0,0,NA,NA,NA,NA,NA
"Werner Lemmert","be0e2c8d-3955-11ef-82a6-ab397f561917",NA,NA,1970,"11/21/1970","91fb7512-3960-11ef-bcb3-9b08c5d4c173","home","TV Großwallstadt","TV Hochdorf",20,10,TRUE,0,NA,NA,0,0,0,NA,0,0,0,0,0,0,NA,NA,NA,NA,NA,NA,NA,NA,0,0,0,0,NA,NA,NA,NA,NA
"Rainer Oberle","be123408-3955-11ef-92a6-ab397f561917",NA,NA,1970,"11/21/1970","91fb7512-3960-11ef-bcb3-9b08c5d4c173","home","TV Großwallstadt","TV Hochdorf",20,10,TRUE,3,NA,NA,0,0,0,NA,0,0,0,0,0,0,NA,NA,NA,NA,NA,NA,NA,NA,0,0,0,0,NA,NA,NA,NA,NA
"Hans-Joachim Herzig","c7ff4ec7-3955-11ef-a4ed-157c9bc18a5f",NA,NA,1970,"11/21/1970","91fb7512-3960-11ef-bcb3-9b08c5d4c173","home","TV Großwallstadt","TV Hochdorf",20,10,TRUE,0,NA,NA,0,0,0,NA,0,0,0,0,0,0,NA,NA,NA,NA,NA,NA,NA,NA,0,0,0,0,NA,NA,NA,NA,NA
"Klaus Oberle","c96e13a5-3955-11ef-a68a-157c9bc18a5f",NA,NA,1970,"11/21/1970","91fb7512-3960-11ef-bcb3-9b08c5d4c173","home","TV Großwallstadt","TV Hochdorf",20,10,TRUE,0,NA,NA,0,0,0,NA,0,0,0,0,0,0,NA,NA,NA,NA,NA,NA,NA,NA,0,0,0,0,NA,NA,NA,NA,NA
"Erich Kolb","d2d1efef-3955-11ef-89e7-a36230ada079",NA,NA,1970,"11/21/1970","91fb7512-3960-11ef-bcb3-9b08c5d4c173","home","TV Großwallstadt","TV Hochdorf",20,10,TRUE,3,NA,NA,0,0,0,NA,0,0,0,0,0,0,NA,NA,NA,NA,NA,NA,NA,NA,0,0,0,0,NA,NA,NA,NA,NA
"Robert Becker","ae8c50f9-3955-11ef-91c4-a36230ada079",NA,NA,1970,"11/21/1970","91fb7512-3960-11ef-bcb3-9b08c5d4c173","away","TV Hochdorf","TV Großwallstadt",10,20,FALSE,2,NA,NA,0,0,0,NA,0,0,0,0,0,0,NA,NA,NA,NA,NA,NA,NA,NA,0,0,0,0,NA,NA,NA,NA,NA
"Jürgen Hahn","ae947745-3955-11ef-bc54-a36230ada079",NA,NA,1970,"11/21/1970","91fb7512-3960-11ef-bcb3-9b08c5d4c173","away","TV Hochdorf","TV Großwallstadt",10,20,FALSE,2,NA,NA,0,0,0,NA,0,0,0,0,0,0,NA,NA,NA,NA,NA,NA,NA,NA,0,0,0,0,NA,NA,NA,NA,NA
"Wilfried Job","af3ed007-3955-11ef-9184-a36230ada079",NA,NA,1970,"11/21/1970","91fb7512-3960-11ef-bcb3-9b08c5d4c173","away","TV Hochdorf","TV Großwallstadt",10,20,FALSE,0,NA,NA,0,0,0,NA,0,0,0,0,0,0,NA,NA,NA,NA,NA,NA,NA,NA,0,0,0,0,NA,NA,NA,NA,NA
"Hans Stein","bde4861d-3955-11ef-a14e-ab397f561917",NA,NA,1970,"11/21/1970","91fb7512-3960-11ef-bcb3-9b08c5d4c173","away","TV Hochdorf","TV Großwallstadt",10,20,FALSE,1,NA,NA,0,0,0,NA,0,0,0,0,0,0,NA,NA,NA,NA,NA,NA,NA,NA,0,0,0,0,NA,NA,NA,NA,NA
"Edwin Hutter","c93080aa-3955-11ef-85b4-157c9bc18a5f",NA,NA,1970,"11/21/1970","91fb7512-3960-11ef-bcb3-9b08c5d4c173","away","TV Hochdorf","TV Großwallstadt",10,20,FALSE,0,NA,NA,0,0,0,NA,0,0,0,0,0,0,NA,NA,NA,NA,NA,NA,NA,NA,0,0,0,0,NA,NA,NA,NA,NA
"Werner Häfele","c9414487-3955-11ef-a5df-157c9bc18a5f",NA,NA,1970,"11/21/1970","91fb7512-3960-11ef-bcb3-9b08c5d4c173","away","TV Hochdorf","TV Großwallstadt",10,20,FALSE,2,NA,NA,0,0,1,NA,0,0,0,0,0,0,NA,NA,NA,NA,NA,NA,NA,NA,0,0,0,0,NA,NA,NA,NA,NA
"Willi Butz","c945a2f1-3955-11ef-8b53-157c9bc18a5f",NA,NA,1970,"11/21/1970","91fb7512-3960-11ef-bcb3-9b08c5d4c173","away","TV Hochdorf","TV Großwallstadt",10,20,FALSE,1,NA,NA,0,0,0,NA,0,0,0,0,0,0,NA,NA,NA,NA,NA,NA,NA,NA,0,0,0,0,NA,NA,NA,NA,NA
"Peter Frisch","c94a46b7-3955-11ef-8686-157c9bc18a5f",NA,NA,1970,"11/21/1970","91fb7512-3960-11ef-bcb3-9b08c5d4c173","away","TV Hochdorf","TV Großwallstadt",10,20,FALSE,2,NA,NA,0,0,0,NA,0,0,0,0,0,0,NA,NA,NA,NA,NA,NA,NA,NA,0,0,0,0,NA,NA,NA,NA,NA
"Hans-Werner Dehn","d276e231-3955-11ef-877d-a36230ada079",NA,NA,1970,"11/21/1970","91fb7512-3960-11ef-bcb3-9b08c5d4c173","away","TV Hochdorf","TV Großwallstadt",10,20,FALSE,0,NA,NA,0,0,0,NA,0,0,0,0,0,0,NA,NA,NA,NA,NA,NA,NA,NA,0,0,0,0,NA,NA,NA,NA,NA
"Alois Ehmann","d286fca5-3955-11ef-a9e5-a36230ada079",NA,NA,1970,"11/21/1970","91fb7512-3960-11ef-bcb3-9b08c5d4c173","away","TV Hochdorf","TV Großwallstadt",10,20,FALSE,0,NA,NA,0,0,0,NA,0,0,0,0,0,0,NA,NA,NA,NA,NA,NA,NA,NA,0,0,0,0,NA,NA,NA,NA,NA
"Peter Bucher","8e0071c9-3955-11ef-8ff8-81dc40648355",NA,NA,1970,"11/21/1970","9a4255a6-3960-11ef-aea2-d3de5c174a65","home","FRISCH AUF! Göppingen","Füchse Berlin",21,16,TRUE,5,NA,NA,0,0,0,NA,0,0,0,0,0,0,NA,NA,NA,NA,NA,NA,NA,NA,0,0,0,0,NA,NA,NA,NA,NA
"Horst Singer","a30fd118-3955-11ef-9745-2510cc07ea6e",NA,NA,1970,"11/21/1970","9a4255a6-3960-11ef-aea2-d3de5c174a65","home","FRISCH AUF! Göppingen","Füchse Berlin",21,16,TRUE,3,NA,NA,0,0,2,NA,0,0,0,0,0,0,NA,NA,NA,NA,NA,NA,NA,NA,0,0,0,0,NA,NA,NA,NA,NA
"Hans Brodbeck","b1f00cc3-3955-11ef-b4c9-a36230ada079",NA,NA,1970,"11/21/1970","9a4255a6-3960-11ef-aea2-d3de5c174a65","home","FRISCH AUF! Göppingen","Füchse Berlin",21,16,TRUE,0,NA,NA,0,0,0,NA,0,0,0,0,0,0,NA,NA,NA,NA,NA,NA,NA,NA,0,0,0,0,NA,NA,NA,NA,NA
"Hans-Dieter Schunter","b2054717-3955-11ef-a22c-a36230ada079",NA,NA,1970,"11/21/1970","9a4255a6-3960-11ef-aea2-d3de5c174a65","home","FRISCH AUF! Göppingen","Füchse Berlin",21,16,TRUE,1,NA,NA,0,0,0,NA,0,0,0,0,0,0,NA,NA,NA,NA,NA,NA,NA,NA,0,0,0,0,NA,NA,NA,NA,NA
"Paul Epple","bc8167af-3955-11ef-8748-ab397f561917",NA,NA,1970,"11/21/1970","9a4255a6-3960-11ef-aea2-d3de5c174a65","home","FRISCH AUF! Göppingen","Füchse Berlin",21,16,TRUE,0,NA,NA,0,0,0,NA,0,0,0,0,0,0,NA,NA,NA,NA,NA,NA,NA,NA,0,0,0,0,NA,NA,NA,NA,NA
"Walter Pflüger","bc85cdbc-3955-11ef-8e24-ab397f561917",NA,NA,1970,"11/21/1970","9a4255a6-3960-11ef-aea2-d3de5c174a65","home","FRISCH AUF! Göppingen","Füchse Berlin",21,16,TRUE,1,NA,NA,0,0,0,NA,0,0,0,0,0,0,NA,NA,NA,NA,NA,NA,NA,NA,0,0,0,0,NA,NA,NA,NA,NA
"Werner Arndt","c71116e0-3955-11ef-85d3-157c9bc18a5f",NA,NA,1970,"11/21/1970","9a4255a6-3960-11ef-aea2-d3de5c174a65","home","FRISCH AUF! Göppingen","Füchse Berlin",21,16,TRUE,1,NA,NA,0,0,0,NA,0,0,0,0,0,0,NA,NA,NA,NA,NA,NA,NA,NA,0,0,0,0,NA,NA,NA,NA,NA
"Uwe Rathjen","c898158b-3955-11ef-82cb-157c9bc18a5f",NA,NA,1970,"11/21/1970","9a4255a6-3960-11ef-aea2-d3de5c174a65","home","FRISCH AUF! Göppingen","Füchse Berlin",21,16,TRUE,0,NA,NA,0,0,0,NA,0,0,0,0,0,0,NA,NA,NA,NA,NA,NA,NA,NA,0,0,0,0,NA,NA,NA,NA,NA
"Armin Eisele","c9cc4c1b-3955-11ef-9f9f-157c9bc18a5f",NA,NA,1970,"11/21/1970","9a4255a6-3960-11ef-aea2-d3de5c174a65","home","FRISCH AUF! Göppingen","Füchse Berlin",21,16,TRUE,8,NA,NA,0,0,0,NA,0,0,0,0,0,0,NA,NA,NA,NA,NA,NA,NA,NA,0,0,0,0,NA,NA,NA,NA,NA
"Anton Bayer","d357b837-3955-11ef-8b00-a36230ada079",NA,NA,1970,"11/21/1970","9a4255a6-3960-11ef-aea2-d3de5c174a65","home","FRISCH AUF! Göppingen","Füchse Berlin",21,16,TRUE,2,NA,NA,0,0,0,NA,0,0,0,0,0,0,NA,NA,NA,NA,NA,NA,NA,NA,0,0,0,0,NA,NA,NA,NA,NA
"Diethard Finkelmann","a60bdcf9-3955-11ef-bfa1-2510cc07ea6e",NA,NA,1970,"11/21/1970","9a4255a6-3960-11ef-aea2-d3de5c174a65","away","Füchse Berlin","FRISCH AUF! Göppingen",16,21,FALSE,5,NA,NA,0,0,0,NA,0,0,0,0,0,0,NA,NA,NA,NA,NA,NA,NA,NA,0,0,0,0,NA,NA,NA,NA,NA
"Wolfgang Braun","b1a4c388-3955-11ef-92b7-a36230ada079",NA,NA,1970,"11/21/1970","9a4255a6-3960-11ef-aea2-d3de5c174a65","away","Füchse Berlin","FRISCH AUF! Göppingen",16,21,FALSE,4,NA,NA,0,0,0,NA,0,0,0,0,0,0,NA,NA,NA,NA,NA,NA,NA,NA,0,0,0,0,NA,NA,NA,NA,NA
"Detlef Finkelmann","b1a8f927-3955-11ef-a009-a36230ada079",NA,NA,1970,"11/21/1970","9a4255a6-3960-11ef-aea2-d3de5c174a65","away","Füchse Berlin","FRISCH AUF! Göppingen",16,21,FALSE,2,NA,NA,0,0,0,NA,0,0,0,0,0,0,NA,NA,NA,NA,NA,NA,NA,NA,0,0,0,0,NA,NA,NA,NA,NA
"Bernd Goerigk","b1b21b0c-3955-11ef-a303-a36230ada079",NA,NA,1970,"11/21/1970","9a4255a6-3960-11ef-aea2-d3de5c174a65","away","Füchse Berlin","FRISCH AUF! Göppingen",16,21,FALSE,0,NA,NA,0,0,0,NA,0,0,0,0,0,0,NA,NA,NA,NA,NA,NA,NA,NA,0,0,0,0,NA,NA,NA,NA,NA
"Lutz Loewke","b1b73b08-3955-11ef-b76a-a36230ada079",NA,NA,1970,"11/21/1970","9a4255a6-3960-11ef-aea2-d3de5c174a65","away","Füchse Berlin","FRISCH AUF! Göppingen",16,21,FALSE,1,NA,NA,0,0,0,NA,0,0,0,0,0,0,NA,NA,NA,NA,NA,NA,NA,NA,0,0,0,0,NA,NA,NA,NA,NA
"Werner Reinke","b1bc1a3c-3955-11ef-8a0a-a36230ada079",NA,NA,1970,"11/21/1970","9a4255a6-3960-11ef-aea2-d3de5c174a65","away","Füchse Berlin","FRISCH AUF! Göppingen",16,21,FALSE,1,NA,NA,0,0,0,NA,0,0,0,0,0,0,NA,NA,NA,NA,NA,NA,NA,NA,0,0,0,0,NA,NA,NA,NA,NA
"Sigmar Artelt","bdbc9392-3955-11ef-a3be-ab397f561917",NA,NA,1970,"11/21/1970","9a4255a6-3960-11ef-aea2-d3de5c174a65","away","Füchse Berlin","FRISCH AUF! Göppingen",16,21,FALSE,1,NA,NA,0,0,0,NA,0,0,0,0,0,0,NA,NA,NA,NA,NA,NA,NA,NA,0,0,0,0,NA,NA,NA,NA,NA
"Henry Johannes","bdc98fce-3955-11ef-9f6e-ab397f561917",NA,NA,1970,"11/21/1970","9a4255a6-3960-11ef-aea2-d3de5c174a65","away","Füchse Berlin","FRISCH AUF! Göppingen",16,21,FALSE,0,NA,NA,0,0,0,NA,0,0,0,0,0,0,NA,NA,NA,NA,NA,NA,NA,NA,0,0,0,0,NA,NA,NA,NA,NA
"Lothar Wiehle","bdd3883f-3955-11ef-aaf9-ab397f561917",NA,NA,1970,"11/21/1970","9a4255a6-3960-11ef-aea2-d3de5c174a65","away","Füchse Berlin","FRISCH AUF! Göppingen",16,21,FALSE,0,NA,NA,0,0,0,NA,0,0,0,0,0,0,NA,NA,NA,NA,NA,NA,NA,NA,0,0,0,0,NA,NA,NA,NA,NA
"Bernd Schäpe","d2d71288-3955-11ef-9959-a36230ada079",NA,NA,1970,"11/21/1970","9a4255a6-3960-11ef-aea2-d3de5c174a65","away","Füchse Berlin","FRISCH AUF! Göppingen",16,21,FALSE,0,NA,NA,0,0,0,NA,0,0,0,0,0,0,NA,NA,NA,NA,NA,NA,NA,NA,0,0,0,0,NA,NA,NA,NA,NA
"Thomas Micheli","d2e8bde0-3955-11ef-8c04-a36230ada079",NA,NA,1970,"11/21/1970","9a4255a6-3960-11ef-aea2-d3de5c174a65","away","Füchse Berlin","FRISCH AUF! Göppingen",16,21,FALSE,2,NA,NA,0,0,0,NA,0,0,0,0,0,0,NA,NA,NA,NA,NA,NA,NA,NA,0,0,0,0,NA,NA,NA,NA,NA
"Wolf-Dieter Nagel","8d41486b-3955-11ef-8d22-81dc40648355",NA,NA,1970,"11/21/1970","9abd32aa-3960-11ef-9abe-d3de5c174a65","home","TSV 1896 Rintheim","TSV Milbertshofen",12,15,FALSE,1,NA,NA,0,0,0,NA,0,0,0,0,0,0,NA,NA,NA,NA,NA,NA,NA,NA,0,0,0,0,NA,NA,NA,NA,NA
"Franz Bechler","98035d7e-3955-11ef-8b94-292be3190b7b",NA,NA,1970,"11/21/1970","9abd32aa-3960-11ef-9abe-d3de5c174a65","home","TSV 1896 Rintheim","TSV Milbertshofen",12,15,FALSE,1,NA,NA,0,0,0,NA,0,0,0,0,0,0,NA,NA,NA,NA,NA,NA,NA,NA,0,0,0,0,NA,NA,NA,NA,NA
"Bernd Seibel","bc6670d9-3955-11ef-b849-ab397f561917",NA,NA,1970,"11/21/1970","9abd32aa-3960-11ef-9abe-d3de5c174a65","home","TSV 1896 Rintheim","TSV Milbertshofen",12,15,FALSE,0,NA,NA,0,0,0,NA,0,0,0,0,0,0,NA,NA,NA,NA,NA,NA,NA,NA,0,0,0,0,NA,NA,NA,NA,NA
"Wolfgang Dillenberger","bc6a40c8-3955-11ef-8c9f-ab397f561917",NA,NA,1970,"11/21/1970","9abd32aa-3960-11ef-9abe-d3de5c174a65","home","TSV 1896 Rintheim","TSV Milbertshofen",12,15,FALSE,5,NA,NA,0,0,2,NA,0,0,0,0,0,0,NA,NA,NA,NA,NA,NA,NA,NA,0,0,0,0,NA,NA,NA,NA,NA
"Roland Schubach","c8722d8e-3955-11ef-b351-157c9bc18a5f",NA,NA,1970,"11/21/1970","9abd32aa-3960-11ef-9abe-d3de5c174a65","home","TSV 1896 Rintheim","TSV Milbertshofen",12,15,FALSE,0,NA,NA,0,0,0,NA,0,0,0,0,0,0,NA,NA,NA,NA,NA,NA,NA,NA,0,0,0,0,NA,NA,NA,NA,NA
"Siegfried Brabec","c87758a1-3955-11ef-9dbd-157c9bc18a5f",NA,NA,1970,"11/21/1970","9abd32aa-3960-11ef-9abe-d3de5c174a65","home","TSV 1896 Rintheim","TSV Milbertshofen",12,15,FALSE,0,NA,NA,0,0,0,NA,0,0,0,0,0,0,NA,NA,NA,NA,NA,NA,NA,NA,0,0,0,0,NA,NA,NA,NA,NA
"Josef Bechler","c88a53f3-3955-11ef-bd99-157c9bc18a5f",NA,NA,1970,"11/21/1970","9abd32aa-3960-11ef-9abe-d3de5c174a65","home","TSV 1896 Rintheim","TSV Milbertshofen",12,15,FALSE,2,NA,NA,0,0,0,NA,0,0,0,0,0,0,NA,NA,NA,NA,NA,NA,NA,NA,0,0,0,0,NA,NA,NA,NA,NA
"Wolfgang Neunzig","c9c4061c-3955-11ef-92f1-157c9bc18a5f",NA,NA,1970,"11/21/1970","9abd32aa-3960-11ef-9abe-d3de5c174a65","home","TSV 1896 Rintheim","TSV Milbertshofen",12,15,FALSE,3,NA,NA,0,0,0,NA,0,0,0,0,0,0,NA,NA,NA,NA,NA,NA,NA,NA,0,0,0,0,NA,NA,NA,NA,NA
"Karl Wackershauser","d338c73b-3955-11ef-bb70-a36230ada079",NA,NA,1970,"11/21/1970","9abd32aa-3960-11ef-9abe-d3de5c174a65","home","TSV 1896 Rintheim","TSV Milbertshofen",12,15,FALSE,0,NA,NA,0,0,0,NA,0,0,0,0,0,0,NA,NA,NA,NA,NA,NA,NA,NA,0,0,0,0,NA,NA,NA,NA,NA
"Winfried Gaus","d33d97ff-3955-11ef-adfc-a36230ada079",NA,NA,1970,"11/21/1970","9abd32aa-3960-11ef-9abe-d3de5c174a65","home","TSV 1896 Rintheim","TSV Milbertshofen",12,15,FALSE,0,NA,NA,0,0,0,NA,0,0,0,0,0,0,NA,NA,NA,NA,NA,NA,NA,NA,0,0,0,0,NA,NA,NA,NA,NA
"Hans Moser","7e83ce46-3955-11ef-830d-b908c60af10a",NA,NA,1970,"11/21/1970","9abd32aa-3960-11ef-9abe-d3de5c174a65","away","TSV Milbertshofen","TSV 1896 Rintheim",15,12,TRUE,3,NA,NA,0,0,0,NA,0,0,0,0,0,0,NA,NA,NA,NA,NA,NA,NA,NA,0,0,0,0,NA,NA,NA,NA,NA
"Gerhard Ochsenkühn","97259ed1-3955-11ef-96ca-292be3190b7b",NA,NA,1970,"11/21/1970","9abd32aa-3960-11ef-9abe-d3de5c174a65","away","TSV Milbertshofen","TSV 1896 Rintheim",15,12,TRUE,2,NA,NA,0,0,0,NA,0,0,0,0,0,0,NA,NA,NA,NA,NA,NA,NA,NA,0,0,0,0,NA,NA,NA,NA,NA
"Josef Kiener","972d7d47-3955-11ef-a437-292be3190b7b",NA,NA,1970,"11/21/1970","9abd32aa-3960-11ef-9abe-d3de5c174a65","away","TSV Milbertshofen","TSV 1896 Rintheim",15,12,TRUE,2,NA,NA,0,0,0,NA,0,0,0,0,0,0,NA,NA,NA,NA,NA,NA,NA,NA,0,0,0,0,NA,NA,NA,NA,NA
"Ivan Uremović","9784bfff-3955-11ef-a0bf-292be3190b7b",NA,NA,1970,"11/21/1970","9abd32aa-3960-11ef-9abe-d3de5c174a65","away","TSV Milbertshofen","TSV 1896 Rintheim",15,12,TRUE,1,NA,NA,0,0,0,NA,0,0,0,0,0,0,NA,NA,NA,NA,NA,NA,NA,NA,0,0,0,0,NA,NA,NA,NA,NA
"Peter Feddern","bc1b1b3e-3955-11ef-9c4e-ab397f561917",NA,NA,1970,"11/21/1970","9abd32aa-3960-11ef-9abe-d3de5c174a65","away","TSV Milbertshofen","TSV 1896 Rintheim",15,12,TRUE,1,NA,NA,0,0,0,NA,0,0,0,0,0,0,NA,NA,NA,NA,NA,NA,NA,NA,0,0,0,0,NA,NA,NA,NA,NA
"Anton Niggel","c6b807f5-3955-11ef-8bfd-157c9bc18a5f",NA,NA,1970,"11/21/1970","9abd32aa-3960-11ef-9abe-d3de5c174a65","away","TSV Milbertshofen","TSV 1896 Rintheim",15,12,TRUE,0,NA,NA,0,0,0,NA,0,0,0,0,0,0,NA,NA,NA,NA,NA,NA,NA,NA,0,0,0,0,NA,NA,NA,NA,NA
"Volker Filipp","c6bca602-3955-11ef-8195-157c9bc18a5f",NA,NA,1970,"11/21/1970","9abd32aa-3960-11ef-9abe-d3de5c174a65","away","TSV Milbertshofen","TSV 1896 Rintheim",15,12,TRUE,0,NA,NA,0,0,0,NA,0,0,0,0,0,0,NA,NA,NA,NA,NA,NA,NA,NA,0,0,0,0,NA,NA,NA,NA,NA
"Karl Donndorf","c821c668-3955-11ef-a20c-157c9bc18a5f",NA,NA,1970,"11/21/1970","9abd32aa-3960-11ef-9abe-d3de5c174a65","away","TSV Milbertshofen","TSV 1896 Rintheim",15,12,TRUE,5,NA,NA,0,0,2,NA,0,0,0,0,0,0,NA,NA,NA,NA,NA,NA,NA,NA,0,0,0,0,NA,NA,NA,NA,NA
"Arnold Gaitzsch","c99ecd8f-3955-11ef-a93a-157c9bc18a5f",NA,NA,1970,"11/21/1970","9abd32aa-3960-11ef-9abe-d3de5c174a65","away","TSV Milbertshofen","TSV 1896 Rintheim",15,12,TRUE,1,NA,NA,0,0,0,NA,0,0,0,0,0,0,NA,NA,NA,NA,NA,NA,NA,NA,0,0,0,0,NA,NA,NA,NA,NA
"Hans-Jörg Graeper","964d8ebc-3955-11ef-a25b-292be3190b7b",NA,NA,1970,"11/27/1970","9194840a-3960-11ef-b4c9-9b08c5d4c173","home","THW Kiel","VfL Lübeck-Schwartau",11,9,TRUE,0,NA,NA,0,0,0,NA,0,0,0,0,0,0,NA,NA,NA,NA,NA,NA,NA,NA,0,0,0,0,NA,NA,NA,NA,NA
"Gerd Welz","98273a90-3955-11ef-a3a2-292be3190b7b",NA,NA,1970,"11/27/1970","9194840a-3960-11ef-b4c9-9b08c5d4c173","home","THW Kiel","VfL Lübeck-Schwartau",11,9,TRUE,0,NA,NA,0,0,0,NA,0,0,0,0,0,0,NA,NA,NA,NA,NA,NA,NA,NA,0,0,0,0,NA,NA,NA,NA,NA
"Volker Harbs","9995a6f3-3955-11ef-b74f-292be3190b7b",NA,NA,1970,"11/27/1970","9194840a-3960-11ef-b4c9-9b08c5d4c173","home","THW Kiel","VfL Lübeck-Schwartau",11,9,TRUE,3,NA,NA,0,0,3,NA,0,0,0,0,0,0,NA,NA,NA,NA,NA,NA,NA,NA,0,0,0,0,NA,NA,NA,NA,NA
"Peter Prehn","b073ee0a-3955-11ef-8404-a36230ada079",NA,NA,1970,"11/27/1970","9194840a-3960-11ef-b4c9-9b08c5d4c173","home","THW Kiel","VfL Lübeck-Schwartau",11,9,TRUE,1,NA,NA,0,0,0,NA,0,0,0,0,0,0,NA,NA,NA,NA,NA,NA,NA,NA,0,0,0,0,NA,NA,NA,NA,NA
"Peter Werk","b0784d6e-3955-11ef-9a85-a36230ada079",NA,NA,1970,"11/27/1970","9194840a-3960-11ef-b4c9-9b08c5d4c173","home","THW Kiel","VfL Lübeck-Schwartau",11,9,TRUE,2,NA,NA,0,0,0,NA,0,0,0,0,0,0,NA,NA,NA,NA,NA,NA,NA,NA,0,0,0,0,NA,NA,NA,NA,NA
"Manfred Schulz","b0a21333-3955-11ef-a679-a36230ada079",NA,NA,1970,"11/27/1970","9194840a-3960-11ef-b4c9-9b08c5d4c173","home","THW Kiel","VfL Lübeck-Schwartau",11,9,TRUE,0,NA,NA,0,0,0,NA,0,0,0,0,0,0,NA,NA,NA,NA,NA,NA,NA,NA,0,0,0,0,NA,NA,NA,NA,NA
"Bernd Nielsen","b1480d2c-3955-11ef-8563-a36230ada079",NA,NA,1970,"11/27/1970","9194840a-3960-11ef-b4c9-9b08c5d4c173","home","THW Kiel","VfL Lübeck-Schwartau",11,9,TRUE,3,NA,NA,0,0,0,NA,0,0,0,0,0,0,NA,NA,NA,NA,NA,NA,NA,NA,0,0,0,0,NA,NA,NA,NA,NA
"Hartwig Moll","b14ce7d8-3955-11ef-8cb5-a36230ada079",NA,NA,1970,"11/27/1970","9194840a-3960-11ef-b4c9-9b08c5d4c173","home","THW Kiel","VfL Lübeck-Schwartau",11,9,TRUE,0,NA,NA,0,0,0,NA,0,0,0,0,0,0,NA,NA,NA,NA,NA,NA,NA,NA,0,0,0,0,NA,NA,NA,NA,NA
"Rainer Voigt","c7c742a9-3955-11ef-b542-157c9bc18a5f",NA,NA,1970,"11/27/1970","9194840a-3960-11ef-b4c9-9b08c5d4c173","home","THW Kiel","VfL Lübeck-Schwartau",11,9,TRUE,0,NA,NA,0,0,0,NA,0,0,0,0,0,0,NA,NA,NA,NA,NA,NA,NA,NA,0,0,0,0,NA,NA,NA,NA,NA
"Dieter Baguhn","c7cbf017-3955-11ef-b1f7-157c9bc18a5f",NA,NA,1970,"11/27/1970","9194840a-3960-11ef-b4c9-9b08c5d4c173","home","THW Kiel","VfL Lübeck-Schwartau",11,9,TRUE,2,NA,NA,0,0,0,NA,0,0,0,0,0,0,NA,NA,NA,NA,NA,NA,NA,NA,0,0,0,0,NA,NA,NA,NA,NA
"Bernd Struck","c7d4c3a5-3955-11ef-a743-157c9bc18a5f",NA,NA,1970,"11/27/1970","9194840a-3960-11ef-b4c9-9b08c5d4c173","home","THW Kiel","VfL Lübeck-Schwartau",11,9,TRUE,0,NA,NA,0,0,0,NA,0,0,0,0,0,0,NA,NA,NA,NA,NA,NA,NA,NA,0,0,0,0,NA,NA,NA,NA,NA
"Herbert Rogge","b06614d7-3955-11ef-a43b-a36230ada079",NA,NA,1970,"11/27/1970","9194840a-3960-11ef-b4c9-9b08c5d4c173","away","VfL Lübeck-Schwartau","THW Kiel",9,11,FALSE,2,NA,NA,0,0,0,NA,0,0,0,0,0,0,NA,NA,NA,NA,NA,NA,NA,NA,0,0,0,0,NA,NA,NA,NA,NA
"Ingo Callies","b0b0659b-3955-11ef-87aa-a36230ada079",NA,NA,1970,"11/27/1970","9194840a-3960-11ef-b4c9-9b08c5d4c173","away","VfL Lübeck-Schwartau","THW Kiel",9,11,FALSE,3,NA,NA,0,0,0,NA,0,0,0,0,0,0,NA,NA,NA,NA,NA,NA,NA,NA,0,0,0,0,NA,NA,NA,NA,NA
"Michael Dogs","b0cecb4a-3955-11ef-b665-a36230ada079",NA,NA,1970,"11/27/1970","9194840a-3960-11ef-b4c9-9b08c5d4c173","away","VfL Lübeck-Schwartau","THW Kiel",9,11,FALSE,0,NA,NA,0,0,0,NA,0,0,0,0,0,0,NA,NA,NA,NA,NA,NA,NA,NA,0,0,0,0,NA,NA,NA,NA,NA
"Joachim Römer","b0dcb8e7-3955-11ef-83ab-a36230ada079",NA,NA,1970,"11/27/1970","9194840a-3960-11ef-b4c9-9b08c5d4c173","away","VfL Lübeck-Schwartau","THW Kiel",9,11,FALSE,0,NA,NA,0,0,0,NA,0,0,0,0,0,0,NA,NA,NA,NA,NA,NA,NA,NA,0,0,0,0,NA,NA,NA,NA,NA
"Peter Görtz","b0e9ae8f-3955-11ef-aa48-a36230ada079",NA,NA,1970,"11/27/1970","9194840a-3960-11ef-b4c9-9b08c5d4c173","away","VfL Lübeck-Schwartau","THW Kiel",9,11,FALSE,3,NA,NA,0,0,2,NA,0,0,0,0,0,0,NA,NA,NA,NA,NA,NA,NA,NA,0,0,0,0,NA,NA,NA,NA,NA
"Ulrich Kleinstoll","b0f37438-3955-11ef-84e6-a36230ada079",NA,NA,1970,"11/27/1970","9194840a-3960-11ef-b4c9-9b08c5d4c173","away","VfL Lübeck-Schwartau","THW Kiel",9,11,FALSE,1,NA,NA,0,0,0,NA,0,0,0,0,0,0,NA,NA,NA,NA,NA,NA,NA,NA,0,0,0,0,NA,NA,NA,NA,NA
"Geert Geusendam","baee7cab-3955-11ef-95ba-ab397f561917",NA,NA,1970,"11/27/1970","9194840a-3960-11ef-b4c9-9b08c5d4c173","away","VfL Lübeck-Schwartau","THW Kiel",9,11,FALSE,0,NA,NA,0,0,0,NA,0,0,0,0,0,0,NA,NA,NA,NA,NA,NA,NA,NA,0,0,0,0,NA,NA,NA,NA,NA
"Georg Pohl","baff6cee-3955-11ef-a80f-ab397f561917",NA,NA,1970,"11/27/1970","9194840a-3960-11ef-b4c9-9b08c5d4c173","away","VfL Lübeck-Schwartau","THW Kiel",9,11,FALSE,0,NA,NA,0,0,0,NA,0,0,0,0,0,0,NA,NA,NA,NA,NA,NA,NA,NA,0,0,0,0,NA,NA,NA,NA,NA
"Jochen Krummland","c7b078f7-3955-11ef-932e-157c9bc18a5f",NA,NA,1970,"11/27/1970","9194840a-3960-11ef-b4c9-9b08c5d4c173","away","VfL Lübeck-Schwartau","THW Kiel",9,11,FALSE,0,NA,NA,0,0,0,NA,0,0,0,0,0,0,NA,NA,NA,NA,NA,NA,NA,NA,0,0,0,0,NA,NA,NA,NA,NA
"Björn Clausen","c7b94735-3955-11ef-b741-157c9bc18a5f",NA,NA,1970,"11/27/1970","9194840a-3960-11ef-b4c9-9b08c5d4c173","away","VfL Lübeck-Schwartau","THW Kiel",9,11,FALSE,0,NA,NA,0,0,0,NA,0,0,0,0,0,0,NA,NA,NA,NA,NA,NA,NA,NA,0,0,0,0,NA,NA,NA,NA,NA
"Jochen Hoffmann","c7bdef38-3955-11ef-8b6c-157c9bc18a5f",NA,NA,1970,"11/27/1970","9194840a-3960-11ef-b4c9-9b08c5d4c173","away","VfL Lübeck-Schwartau","THW Kiel",9,11,FALSE,0,NA,NA,0,0,0,NA,0,0,0,0,0,0,NA,NA,NA,NA,NA,NA,NA,NA,0,0,0,0,NA,NA,NA,NA,NA
"Gerhard Anduleit","c9215aaa-3955-11ef-ac64-157c9bc18a5f",NA,NA,1970,"11/27/1970","9194840a-3960-11ef-b4c9-9b08c5d4c173","away","VfL Lübeck-Schwartau","THW Kiel",9,11,FALSE,0,NA,NA,0,0,0,NA,0,0,0,0,0,0,NA,NA,NA,NA,NA,NA,NA,NA,0,0,0,0,NA,NA,NA,NA,NA
"Hermann Mäurle","a44f95e3-3955-11ef-b53d-2510cc07ea6e",NA,NA,1970,"11/28/1970","98e9343d-3960-11ef-ae40-d3de5c174a65","home","SpVgg 1887 Möhringen","S3L Handball",12,12,FALSE,0,NA,NA,0,0,0,NA,0,0,0,0,0,0,NA,NA,NA,NA,NA,NA,NA,NA,0,0,0,0,NA,NA,NA,NA,NA
"Karl-Heinz Wolf","c8354cdd-3955-11ef-a1d6-157c9bc18a5f",NA,NA,1970,"11/28/1970","98e9343d-3960-11ef-ae40-d3de5c174a65","home","SpVgg 1887 Möhringen","S3L Handball",12,12,FALSE,4,NA,NA,0,0,0,NA,0,0,0,0,0,0,NA,NA,NA,NA,NA,NA,NA,NA,0,0,0,0,NA,NA,NA,NA,NA
"Gerd-Volker Stock","c8397c3c-3955-11ef-af12-157c9bc18a5f",NA,NA,1970,"11/28/1970","98e9343d-3960-11ef-ae40-d3de5c174a65","home","SpVgg 1887 Möhringen","S3L Handball",12,12,FALSE,3,NA,NA,0,0,0,NA,0,0,0,0,0,0,NA,NA,NA,NA,NA,NA,NA,NA,0,0,0,0,NA,NA,NA,NA,NA
"Dieter Schuh","c84c4c54-3955-11ef-9d35-157c9bc18a5f",NA,NA,1970,"11/28/1970","98e9343d-3960-11ef-ae40-d3de5c174a65","home","SpVgg 1887 Möhringen","S3L Handball",12,12,FALSE,1,NA,NA,0,0,0,NA,0,0,0,0,0,0,NA,NA,NA,NA,NA,NA,NA,NA,0,0,0,0,NA,NA,NA,NA,NA
"Lothar Scheffel","c850996c-3955-11ef-94a7-157c9bc18a5f",NA,NA,1970,"11/28/1970","98e9343d-3960-11ef-ae40-d3de5c174a65","home","SpVgg 1887 Möhringen","S3L Handball",12,12,FALSE,0,NA,NA,0,0,0,NA,0,0,0,0,0,0,NA,NA,NA,NA,NA,NA,NA,NA,0,0,0,0,NA,NA,NA,NA,NA
"Gerd Rössler","c854fdaa-3955-11ef-b318-157c9bc18a5f",NA,NA,1970,"11/28/1970","98e9343d-3960-11ef-ae40-d3de5c174a65","home","SpVgg 1887 Möhringen","S3L Handball",12,12,FALSE,0,NA,NA,0,0,0,NA,0,0,0,0,0,0,NA,NA,NA,NA,NA,NA,NA,NA,0,0,0,0,NA,NA,NA,NA,NA
"Karl-Heinz Steinbach","c864fc61-3955-11ef-bc13-157c9bc18a5f",NA,NA,1970,"11/28/1970","98e9343d-3960-11ef-ae40-d3de5c174a65","home","SpVgg 1887 Möhringen","S3L Handball",12,12,FALSE,0,NA,NA,0,0,0,NA,0,0,0,0,0,0,NA,NA,NA,NA,NA,NA,NA,NA,0,0,0,0,NA,NA,NA,NA,NA
"Wolfgang Schall","c869381d-3955-11ef-a2ed-157c9bc18a5f",NA,NA,1970,"11/28/1970","98e9343d-3960-11ef-ae40-d3de5c174a65","home","SpVgg 1887 Möhringen","S3L Handball",12,12,FALSE,1,NA,NA,0,0,0,NA,0,0,0,0,0,0,NA,NA,NA,NA,NA,NA,NA,NA,0,0,0,0,NA,NA,NA,NA,NA
"Winfried Holtmann","d3270d6b-3955-11ef-8174-a36230ada079",NA,NA,1970,"11/28/1970","98e9343d-3960-11ef-ae40-d3de5c174a65","home","SpVgg 1887 Möhringen","S3L Handball",12,12,FALSE,1,NA,NA,0,0,0,NA,0,0,0,0,0,0,NA,NA,NA,NA,NA,NA,NA,NA,0,0,0,0,NA,NA,NA,NA,NA
"Jens Schmitt","bb8d4110-3955-11ef-8fb2-ab397f561917",NA,NA,1970,"11/28/1970","98e9343d-3960-11ef-ae40-d3de5c174a65","away","S3L Handball","SpVgg 1887 Möhringen",12,12,FALSE,1,NA,NA,0,0,0,NA,0,0,0,0,0,0,NA,NA,NA,NA,NA,NA,NA,NA,0,0,0,0,NA,NA,NA,NA,NA
"Wolfhardt Bühler","bba2fc92-3955-11ef-a8d6-ab397f561917",NA,NA,1970,"11/28/1970","98e9343d-3960-11ef-ae40-d3de5c174a65","away","S3L Handball","SpVgg 1887 Möhringen",12,12,FALSE,5,NA,NA,0,0,1,NA,0,0,0,0,0,0,NA,NA,NA,NA,NA,NA,NA,NA,0,0,0,0,NA,NA,NA,NA,NA
"Wolfgang Ries","bba77d9e-3955-11ef-939a-ab397f561917",NA,NA,1970,"11/28/1970","98e9343d-3960-11ef-ae40-d3de5c174a65","away","S3L Handball","SpVgg 1887 Möhringen",12,12,FALSE,0,NA,NA,0,0,0,NA,0,0,0,0,0,0,NA,NA,NA,NA,NA,NA,NA,NA,0,0,0,0,NA,NA,NA,NA,NA
"Gerd Schmitt","bbb09cf8-3955-11ef-97db-ab397f561917",NA,NA,1970,"11/28/1970","98e9343d-3960-11ef-ae40-d3de5c174a65","away","S3L Handball","SpVgg 1887 Möhringen",12,12,FALSE,1,NA,NA,0,0,0,NA,0,0,0,0,0,0,NA,NA,NA,NA,NA,NA,NA,NA,0,0,0,0,NA,NA,NA,NA,NA
"Herbert Hönnige","c7e7cc14-3955-11ef-af0e-157c9bc18a5f",NA,NA,1970,"11/28/1970","98e9343d-3960-11ef-ae40-d3de5c174a65","away","S3L Handball","SpVgg 1887 Möhringen",12,12,FALSE,1,NA,NA,0,0,0,NA,0,0,0,0,0,0,NA,NA,NA,NA,NA,NA,NA,NA,0,0,0,0,NA,NA,NA,NA,NA
"Jürgen Plambeck","c95d267b-3955-11ef-9a98-157c9bc18a5f",NA,NA,1970,"11/28/1970","98e9343d-3960-11ef-ae40-d3de5c174a65","away","S3L Handball","SpVgg 1887 Möhringen",12,12,FALSE,2,NA,NA,0,0,0,NA,0,0,0,0,0,0,NA,NA,NA,NA,NA,NA,NA,NA,0,0,0,0,NA,NA,NA,NA,NA
"Josef Hutter","c96148ae-3955-11ef-a005-157c9bc18a5f",NA,NA,1970,"11/28/1970","98e9343d-3960-11ef-ae40-d3de5c174a65","away","S3L Handball","SpVgg 1887 Möhringen",12,12,FALSE,0,NA,NA,0,0,0,NA,0,0,0,0,0,0,NA,NA,NA,NA,NA,NA,NA,NA,0,0,0,0,NA,NA,NA,NA,NA
"Rolf Seltner","c96574fc-3955-11ef-a37f-157c9bc18a5f",NA,NA,1970,"11/28/1970","98e9343d-3960-11ef-ae40-d3de5c174a65","away","S3L Handball","SpVgg 1887 Möhringen",12,12,FALSE,2,NA,NA,0,0,0,NA,0,0,0,0,0,0,NA,NA,NA,NA,NA,NA,NA,NA,0,0,0,0,NA,NA,NA,NA,NA
"Norbert Schmitt","d2a1de09-3955-11ef-b7be-a36230ada079",NA,NA,1970,"11/28/1970","98e9343d-3960-11ef-ae40-d3de5c174a65","away","S3L Handball","SpVgg 1887 Möhringen",12,12,FALSE,0,NA,NA,0,0,0,NA,0,0,0,0,0,0,NA,NA,NA,NA,NA,NA,NA,NA,0,0,0,0,NA,NA,NA,NA,NA
"Kurt Klühspies","5ac3e7d7-3955-11ef-b574-4fa817cd91bb",NA,NA,1970,"11/28/1970","99925d36-3960-11ef-9364-d3de5c174a65","home","TV Großwallstadt","TSV 1896 Rintheim",22,20,TRUE,1,NA,NA,0,0,0,NA,0,0,0,0,0,0,NA,NA,NA,NA,NA,NA,NA,NA,0,0,0,0,NA,NA,NA,NA,NA
"Eckhardt Suffel","aeac0503-3955-11ef-88c6-a36230ada079",NA,NA,1970,"11/28/1970","99925d36-3960-11ef-9364-d3de5c174a65","home","TV Großwallstadt","TSV 1896 Rintheim",22,20,TRUE,2,NA,NA,0,0,0,NA,0,0,0,0,0,0,NA,NA,NA,NA,NA,NA,NA,NA,0,0,0,0,NA,NA,NA,NA,NA
"Robert Schnabel","bbbd881a-3955-11ef-a181-ab397f561917",NA,NA,1970,"11/28/1970","99925d36-3960-11ef-9364-d3de5c174a65","home","TV Großwallstadt","TSV 1896 Rintheim",22,20,TRUE,4,NA,NA,0,0,0,NA,0,0,0,0,0,0,NA,NA,NA,NA,NA,NA,NA,NA,0,0,0,0,NA,NA,NA,NA,NA
"Peter Kuß","bbc18adb-3955-11ef-a5f7-ab397f561917",NA,NA,1970,"11/28/1970","99925d36-3960-11ef-9364-d3de5c174a65","home","TV Großwallstadt","TSV 1896 Rintheim",22,20,TRUE,5,NA,NA,0,0,0,NA,0,0,0,0,0,0,NA,NA,NA,NA,NA,NA,NA,NA,0,0,0,0,NA,NA,NA,NA,NA
"Werner Lemmert","be0e2c8d-3955-11ef-82a6-ab397f561917",NA,NA,1970,"11/28/1970","99925d36-3960-11ef-9364-d3de5c174a65","home","TV Großwallstadt","TSV 1896 Rintheim",22,20,TRUE,0,NA,NA,0,0,0,NA,0,0,0,0,0,0,NA,NA,NA,NA,NA,NA,NA,NA,0,0,0,0,NA,NA,NA,NA,NA
"Rainer Oberle","be123408-3955-11ef-92a6-ab397f561917",NA,NA,1970,"11/28/1970","99925d36-3960-11ef-9364-d3de5c174a65","home","TV Großwallstadt","TSV 1896 Rintheim",22,20,TRUE,3,NA,NA,0,0,0,NA,0,0,0,0,0,0,NA,NA,NA,NA,NA,NA,NA,NA,0,0,0,0,NA,NA,NA,NA,NA
"Hans-Joachim Herzig","c7ff4ec7-3955-11ef-a4ed-157c9bc18a5f",NA,NA,1970,"11/28/1970","99925d36-3960-11ef-9364-d3de5c174a65","home","TV Großwallstadt","TSV 1896 Rintheim",22,20,TRUE,0,NA,NA,0,0,0,NA,0,0,0,0,0,0,NA,NA,NA,NA,NA,NA,NA,NA,0,0,0,0,NA,NA,NA,NA,NA
"Erich Kolb","d2d1efef-3955-11ef-89e7-a36230ada079",NA,NA,1970,"11/28/1970","99925d36-3960-11ef-9364-d3de5c174a65","home","TV Großwallstadt","TSV 1896 Rintheim",22,20,TRUE,0,NA,NA,0,0,0,NA,0,0,0,0,0,0,NA,NA,NA,NA,NA,NA,NA,NA,0,0,0,0,NA,NA,NA,NA,NA
"Wolf-Dieter Nagel","8d41486b-3955-11ef-8d22-81dc40648355",NA,NA,1970,"11/28/1970","99925d36-3960-11ef-9364-d3de5c174a65","away","TSV 1896 Rintheim","TV Großwallstadt",20,22,FALSE,5,NA,NA,0,0,1,NA,0,0,0,0,0,0,NA,NA,NA,NA,NA,NA,NA,NA,0,0,0,0,NA,NA,NA,NA,NA
"Franz Bechler","98035d7e-3955-11ef-8b94-292be3190b7b",NA,NA,1970,"11/28/1970","99925d36-3960-11ef-9364-d3de5c174a65","away","TSV 1896 Rintheim","TV Großwallstadt",20,22,FALSE,0,NA,NA,0,0,0,NA,0,0,0,0,0,0,NA,NA,NA,NA,NA,NA,NA,NA,0,0,0,0,NA,NA,NA,NA,NA
"Bernd Seibel","bc6670d9-3955-11ef-b849-ab397f561917",NA,NA,1970,"11/28/1970","99925d36-3960-11ef-9364-d3de5c174a65","away","TSV 1896 Rintheim","TV Großwallstadt",20,22,FALSE,0,NA,NA,0,0,0,NA,0,0,0,0,0,0,NA,NA,NA,NA,NA,NA,NA,NA,0,0,0,0,NA,NA,NA,NA,NA
"Wolfgang Dillenberger","bc6a40c8-3955-11ef-8c9f-ab397f561917",NA,NA,1970,"11/28/1970","99925d36-3960-11ef-9364-d3de5c174a65","away","TSV 1896 Rintheim","TV Großwallstadt",20,22,FALSE,2,NA,NA,0,0,0,NA,0,0,0,0,0,0,NA,NA,NA,NA,NA,NA,NA,NA,0,0,0,0,NA,NA,NA,NA,NA
"Roland Schubach","c8722d8e-3955-11ef-b351-157c9bc18a5f",NA,NA,1970,"11/28/1970","99925d36-3960-11ef-9364-d3de5c174a65","away","TSV 1896 Rintheim","TV Großwallstadt",20,22,FALSE,1,NA,NA,0,0,0,NA,0,0,0,0,0,0,NA,NA,NA,NA,NA,NA,NA,NA,0,0,0,0,NA,NA,NA,NA,NA
"Siegfried Brabec","c87758a1-3955-11ef-9dbd-157c9bc18a5f",NA,NA,1970,"11/28/1970","99925d36-3960-11ef-9364-d3de5c174a65","away","TSV 1896 Rintheim","TV Großwallstadt",20,22,FALSE,2,NA,NA,0,0,0,NA,0,0,0,0,0,0,NA,NA,NA,NA,NA,NA,NA,NA,0,0,0,0,NA,NA,NA,NA,NA
"Josef Bechler","c88a53f3-3955-11ef-bd99-157c9bc18a5f",NA,NA,1970,"11/28/1970","99925d36-3960-11ef-9364-d3de5c174a65","away","TSV 1896 Rintheim","TV Großwallstadt",20,22,FALSE,5,NA,NA,0,0,0,NA,0,0,0,0,0,0,NA,NA,NA,NA,NA,NA,NA,NA,0,0,0,0,NA,NA,NA,NA,NA
"Wolfgang Neunzig","c9c4061c-3955-11ef-92f1-157c9bc18a5f",NA,NA,1970,"11/28/1970","99925d36-3960-11ef-9364-d3de5c174a65","away","TSV 1896 Rintheim","TV Großwallstadt",20,22,FALSE,4,NA,NA,0,0,0,NA,0,0,0,0,0,0,NA,NA,NA,NA,NA,NA,NA,NA,0,0,0,0,NA,NA,NA,NA,NA
"Karl Wackershauser","d338c73b-3955-11ef-bb70-a36230ada079",NA,NA,1970,"11/28/1970","99925d36-3960-11ef-9364-d3de5c174a65","away","TSV 1896 Rintheim","TV Großwallstadt",20,22,FALSE,1,NA,NA,0,0,0,NA,0,0,0,0,0,0,NA,NA,NA,NA,NA,NA,NA,NA,0,0,0,0,NA,NA,NA,NA,NA
"Jürgen Klatt","d347e8de-3955-11ef-a056-a36230ada079",NA,NA,1970,"11/28/1970","99925d36-3960-11ef-9364-d3de5c174a65","away","TSV 1896 Rintheim","TV Großwallstadt",20,22,FALSE,0,NA,NA,0,0,0,NA,0,0,0,0,0,0,NA,NA,NA,NA,NA,NA,NA,NA,0,0,0,0,NA,NA,NA,NA,NA
"Herbert Rogge","b06614d7-3955-11ef-a43b-a36230ada079",NA,NA,1970,"12/5/1970","8e6621ba-3960-11ef-9841-9b08c5d4c173","home","VfL Lübeck-Schwartau","VfL Gummersbach",17,27,FALSE,5,NA,NA,0,0,0,NA,0,0,0,0,0,0,NA,NA,NA,NA,NA,NA,NA,NA,0,0,0,0,NA,NA,NA,NA,NA
"Ingo Callies","b0b0659b-3955-11ef-87aa-a36230ada079",NA,NA,1970,"12/5/1970","8e6621ba-3960-11ef-9841-9b08c5d4c173","home","VfL Lübeck-Schwartau","VfL Gummersbach",17,27,FALSE,5,NA,NA,0,0,1,NA,0,0,0,0,0,0,NA,NA,NA,NA,NA,NA,NA,NA,0,0,0,0,NA,NA,NA,NA,NA
"Michael Dogs","b0cecb4a-3955-11ef-b665-a36230ada079",NA,NA,1970,"12/5/1970","8e6621ba-3960-11ef-9841-9b08c5d4c173","home","VfL Lübeck-Schwartau","VfL Gummersbach",17,27,FALSE,0,NA,NA,0,0,0,NA,0,0,0,0,0,0,NA,NA,NA,NA,NA,NA,NA,NA,0,0,0,0,NA,NA,NA,NA,NA
"Joachim Römer","b0dcb8e7-3955-11ef-83ab-a36230ada079",NA,NA,1970,"12/5/1970","8e6621ba-3960-11ef-9841-9b08c5d4c173","home","VfL Lübeck-Schwartau","VfL Gummersbach",17,27,FALSE,0,NA,NA,0,0,0,NA,0,0,0,0,0,0,NA,NA,NA,NA,NA,NA,NA,NA,0,0,0,0,NA,NA,NA,NA,NA
"Peter Görtz","b0e9ae8f-3955-11ef-aa48-a36230ada079",NA,NA,1970,"12/5/1970","8e6621ba-3960-11ef-9841-9b08c5d4c173","home","VfL Lübeck-Schwartau","VfL Gummersbach",17,27,FALSE,1,NA,NA,0,0,1,NA,0,0,0,0,0,0,NA,NA,NA,NA,NA,NA,NA,NA,0,0,0,0,NA,NA,NA,NA,NA
"Ulrich Kleinstoll","b0f37438-3955-11ef-84e6-a36230ada079",NA,NA,1970,"12/5/1970","8e6621ba-3960-11ef-9841-9b08c5d4c173","home","VfL Lübeck-Schwartau","VfL Gummersbach",17,27,FALSE,3,NA,NA,0,0,0,NA,0,0,0,0,0,0,NA,NA,NA,NA,NA,NA,NA,NA,0,0,0,0,NA,NA,NA,NA,NA
"Geert Geusendam","baee7cab-3955-11ef-95ba-ab397f561917",NA,NA,1970,"12/5/1970","8e6621ba-3960-11ef-9841-9b08c5d4c173","home","VfL Lübeck-Schwartau","VfL Gummersbach",17,27,FALSE,0,NA,NA,0,0,0,NA,0,0,0,0,0,0,NA,NA,NA,NA,NA,NA,NA,NA,0,0,0,0,NA,NA,NA,NA,NA
"Georg Pohl","baff6cee-3955-11ef-a80f-ab397f561917",NA,NA,1970,"12/5/1970","8e6621ba-3960-11ef-9841-9b08c5d4c173","home","VfL Lübeck-Schwartau","VfL Gummersbach",17,27,FALSE,0,NA,NA,0,0,0,NA,0,0,0,0,0,0,NA,NA,NA,NA,NA,NA,NA,NA,0,0,0,0,NA,NA,NA,NA,NA
"Jochen Krummland","c7b078f7-3955-11ef-932e-157c9bc18a5f",NA,NA,1970,"12/5/1970","8e6621ba-3960-11ef-9841-9b08c5d4c173","home","VfL Lübeck-Schwartau","VfL Gummersbach",17,27,FALSE,3,NA,NA,0,0,0,NA,0,0,0,0,0,0,NA,NA,NA,NA,NA,NA,NA,NA,0,0,0,0,NA,NA,NA,NA,NA
"Björn Clausen","c7b94735-3955-11ef-b741-157c9bc18a5f",NA,NA,1970,"12/5/1970","8e6621ba-3960-11ef-9841-9b08c5d4c173","home","VfL Lübeck-Schwartau","VfL Gummersbach",17,27,FALSE,0,NA,NA,0,0,0,NA,0,0,0,0,0,0,NA,NA,NA,NA,NA,NA,NA,NA,0,0,0,0,NA,NA,NA,NA,NA
"Jochen Hoffmann","c7bdef38-3955-11ef-8b6c-157c9bc18a5f",NA,NA,1970,"12/5/1970","8e6621ba-3960-11ef-9841-9b08c5d4c173","home","VfL Lübeck-Schwartau","VfL Gummersbach",17,27,FALSE,0,NA,NA,0,0,0,NA,0,0,0,0,0,0,NA,NA,NA,NA,NA,NA,NA,NA,0,0,0,0,NA,NA,NA,NA,NA
"Gerhard Anduleit","c9215aaa-3955-11ef-ac64-157c9bc18a5f",NA,NA,1970,"12/5/1970","8e6621ba-3960-11ef-9841-9b08c5d4c173","home","VfL Lübeck-Schwartau","VfL Gummersbach",17,27,FALSE,0,NA,NA,0,0,0,NA,0,0,0,0,0,0,NA,NA,NA,NA,NA,NA,NA,NA,0,0,0,0,NA,NA,NA,NA,NA
"Klaus Brand","51394441-3955-11ef-8fab-6d38c0425bc0",NA,NA,1970,"12/5/1970","8e6621ba-3960-11ef-9841-9b08c5d4c173","away","VfL Gummersbach","VfL Lübeck-Schwartau",27,17,TRUE,0,NA,NA,0,0,0,NA,0,0,0,0,0,0,NA,NA,NA,NA,NA,NA,NA,NA,0,0,0,0,NA,NA,NA,NA,NA
"Klaus Westebbe","8c58f63a-3955-11ef-b65e-81dc40648355",NA,NA,1970,"12/5/1970","8e6621ba-3960-11ef-9841-9b08c5d4c173","away","VfL Gummersbach","VfL Lübeck-Schwartau",27,17,TRUE,0,NA,NA,0,0,0,NA,0,0,0,0,0,0,NA,NA,NA,NA,NA,NA,NA,NA,0,0,0,0,NA,NA,NA,NA,NA
"Klaus Kater","8da1f6ef-3955-11ef-b31a-81dc40648355",NA,NA,1970,"12/5/1970","8e6621ba-3960-11ef-9841-9b08c5d4c173","away","VfL Gummersbach","VfL Lübeck-Schwartau",27,17,TRUE,0,NA,NA,0,0,0,NA,0,0,0,0,0,0,NA,NA,NA,NA,NA,NA,NA,NA,0,0,0,0,NA,NA,NA,NA,NA
"Jochen Feldhoff","a32751a5-3955-11ef-badf-2510cc07ea6e",NA,NA,1970,"12/5/1970","8e6621ba-3960-11ef-9841-9b08c5d4c173","away","VfL Gummersbach","VfL Lübeck-Schwartau",27,17,TRUE,7,NA,NA,0,0,0,NA,0,0,0,0,0,0,NA,NA,NA,NA,NA,NA,NA,NA,0,0,0,0,NA,NA,NA,NA,NA
"Helmut Keller","ae2fb2ba-3955-11ef-b38f-a36230ada079",NA,NA,1970,"12/5/1970","8e6621ba-3960-11ef-9841-9b08c5d4c173","away","VfL Gummersbach","VfL Lübeck-Schwartau",27,17,TRUE,1,NA,NA,0,0,0,NA,0,0,0,0,0,0,NA,NA,NA,NA,NA,NA,NA,NA,0,0,0,0,NA,NA,NA,NA,NA
"Hans-Günther Schmidt","aff5702f-3955-11ef-9878-a36230ada079",NA,NA,1970,"12/5/1970","8e6621ba-3960-11ef-9841-9b08c5d4c173","away","VfL Gummersbach","VfL Lübeck-Schwartau",27,17,TRUE,9,NA,NA,0,0,2,NA,0,0,0,0,0,0,NA,NA,NA,NA,NA,NA,NA,NA,0,0,0,0,NA,NA,NA,NA,NA
"Jochen Brand","ba44375c-3955-11ef-a5d6-ab397f561917",NA,NA,1970,"12/5/1970","8e6621ba-3960-11ef-9841-9b08c5d4c173","away","VfL Gummersbach","VfL Lübeck-Schwartau",27,17,TRUE,2,NA,NA,0,0,0,NA,0,0,0,0,0,0,NA,NA,NA,NA,NA,NA,NA,NA,0,0,0,0,NA,NA,NA,NA,NA
"Uwe Braunschweig","ba4aaa94-3955-11ef-be97-ab397f561917",NA,NA,1970,"12/5/1970","8e6621ba-3960-11ef-9841-9b08c5d4c173","away","VfL Gummersbach","VfL Lübeck-Schwartau",27,17,TRUE,6,NA,NA,0,0,0,NA,0,0,0,0,0,0,NA,NA,NA,NA,NA,NA,NA,NA,0,0,0,0,NA,NA,NA,NA,NA
"Helmut Kosmehl","bc7d7cdd-3955-11ef-a338-ab397f561917",NA,NA,1970,"12/5/1970","8e6621ba-3960-11ef-9841-9b08c5d4c173","away","VfL Gummersbach","VfL Lübeck-Schwartau",27,17,TRUE,0,NA,NA,0,0,0,NA,0,0,0,0,0,0,NA,NA,NA,NA,NA,NA,NA,NA,0,0,0,0,NA,NA,NA,NA,NA
"Hans-Gerd Bölter","c9d03ce3-3955-11ef-bae3-157c9bc18a5f",NA,NA,1970,"12/5/1970","8e6621ba-3960-11ef-9841-9b08c5d4c173","away","VfL Gummersbach","VfL Lübeck-Schwartau",27,17,TRUE,2,NA,NA,0,0,0,NA,0,0,0,0,0,0,NA,NA,NA,NA,NA,NA,NA,NA,0,0,0,0,NA,NA,NA,NA,NA
"Gerd Welz","98273a90-3955-11ef-a3a2-292be3190b7b",NA,NA,1970,"12/5/1970","8f3d6eff-3960-11ef-9b8b-9b08c5d4c173","home","THW Kiel","GWD Minden",11,12,FALSE,0,NA,NA,0,0,0,NA,0,0,0,0,0,0,NA,NA,NA,NA,NA,NA,NA,NA,0,0,0,0,NA,NA,NA,NA,NA
"Volker Harbs","9995a6f3-3955-11ef-b74f-292be3190b7b",NA,NA,1970,"12/5/1970","8f3d6eff-3960-11ef-9b8b-9b08c5d4c173","home","THW Kiel","GWD Minden",11,12,FALSE,3,NA,NA,0,0,1,NA,0,0,0,0,0,0,NA,NA,NA,NA,NA,NA,NA,NA,0,0,0,0,NA,NA,NA,NA,NA
"Peter Prehn","b073ee0a-3955-11ef-8404-a36230ada079",NA,NA,1970,"12/5/1970","8f3d6eff-3960-11ef-9b8b-9b08c5d4c173","home","THW Kiel","GWD Minden",11,12,FALSE,1,NA,NA,0,0,0,NA,0,0,0,0,0,0,NA,NA,NA,NA,NA,NA,NA,NA,0,0,0,0,NA,NA,NA,NA,NA
"Peter Werk","b0784d6e-3955-11ef-9a85-a36230ada079",NA,NA,1970,"12/5/1970","8f3d6eff-3960-11ef-9b8b-9b08c5d4c173","home","THW Kiel","GWD Minden",11,12,FALSE,0,NA,NA,0,0,0,NA,0,0,0,0,0,0,NA,NA,NA,NA,NA,NA,NA,NA,0,0,0,0,NA,NA,NA,NA,NA
"Manfred Schulz","b0a21333-3955-11ef-a679-a36230ada079",NA,NA,1970,"12/5/1970","8f3d6eff-3960-11ef-9b8b-9b08c5d4c173","home","THW Kiel","GWD Minden",11,12,FALSE,0,NA,NA,0,0,0,NA,0,0,0,0,0,0,NA,NA,NA,NA,NA,NA,NA,NA,0,0,0,0,NA,NA,NA,NA,NA
"Herwig Ahrendsen","b143192b-3955-11ef-bef0-a36230ada079",NA,NA,1970,"12/5/1970","8f3d6eff-3960-11ef-9b8b-9b08c5d4c173","home","THW Kiel","GWD Minden",11,12,FALSE,1,NA,NA,0,0,0,NA,0,0,0,0,0,0,NA,NA,NA,NA,NA,NA,NA,NA,0,0,0,0,NA,NA,NA,NA,NA
"Bernd Nielsen","b1480d2c-3955-11ef-8563-a36230ada079",NA,NA,1970,"12/5/1970","8f3d6eff-3960-11ef-9b8b-9b08c5d4c173","home","THW Kiel","GWD Minden",11,12,FALSE,1,NA,NA,0,0,0,NA,0,0,0,0,0,0,NA,NA,NA,NA,NA,NA,NA,NA,0,0,0,0,NA,NA,NA,NA,NA
"Hartwig Moll","b14ce7d8-3955-11ef-8cb5-a36230ada079",NA,NA,1970,"12/5/1970","8f3d6eff-3960-11ef-9b8b-9b08c5d4c173","home","THW Kiel","GWD Minden",11,12,FALSE,1,NA,NA,0,0,0,NA,0,0,0,0,0,0,NA,NA,NA,NA,NA,NA,NA,NA,0,0,0,0,NA,NA,NA,NA,NA
"Rainer Voigt","c7c742a9-3955-11ef-b542-157c9bc18a5f",NA,NA,1970,"12/5/1970","8f3d6eff-3960-11ef-9b8b-9b08c5d4c173","home","THW Kiel","GWD Minden",11,12,FALSE,0,NA,NA,0,0,0,NA,0,0,0,0,0,0,NA,NA,NA,NA,NA,NA,NA,NA,0,0,0,0,NA,NA,NA,NA,NA
"Dieter Baguhn","c7cbf017-3955-11ef-b1f7-157c9bc18a5f",NA,NA,1970,"12/5/1970","8f3d6eff-3960-11ef-9b8b-9b08c5d4c173","home","THW Kiel","GWD Minden",11,12,FALSE,2,NA,NA,0,0,0,NA,0,0,0,0,0,0,NA,NA,NA,NA,NA,NA,NA,NA,0,0,0,0,NA,NA,NA,NA,NA
"Bernd Struck","c7d4c3a5-3955-11ef-a743-157c9bc18a5f",NA,NA,1970,"12/5/1970","8f3d6eff-3960-11ef-9b8b-9b08c5d4c173","home","THW Kiel","GWD Minden",11,12,FALSE,2,NA,NA,0,0,0,NA,0,0,0,0,0,0,NA,NA,NA,NA,NA,NA,NA,NA,0,0,0,0,NA,NA,NA,NA,NA
"Hans-Jürgen Sulk","7ff6b175-3955-11ef-a103-b908c60af10a",NA,NA,1970,"12/5/1970","8f3d6eff-3960-11ef-9b8b-9b08c5d4c173","away","GWD Minden","THW Kiel",12,11,TRUE,1,NA,NA,0,0,0,NA,0,0,0,0,0,0,NA,NA,NA,NA,NA,NA,NA,NA,0,0,0,0,NA,NA,NA,NA,NA
"Gerald Schüler","96fc1532-3955-11ef-bddd-292be3190b7b",NA,NA,1970,"12/5/1970","8f3d6eff-3960-11ef-9b8b-9b08c5d4c173","away","GWD Minden","THW Kiel",12,11,TRUE,0,NA,NA,0,0,0,NA,0,0,0,0,0,0,NA,NA,NA,NA,NA,NA,NA,NA,0,0,0,0,NA,NA,NA,NA,NA
"Martin Karcher","980f80ce-3955-11ef-8054-292be3190b7b",NA,NA,1970,"12/5/1970","8f3d6eff-3960-11ef-9b8b-9b08c5d4c173","away","GWD Minden","THW Kiel",12,11,TRUE,0,NA,NA,0,0,0,NA,0,0,0,0,0,0,NA,NA,NA,NA,NA,NA,NA,NA,0,0,0,0,NA,NA,NA,NA,NA
"Hans Kramer","98f50290-3955-11ef-8aa8-292be3190b7b",NA,NA,1970,"12/5/1970","8f3d6eff-3960-11ef-9b8b-9b08c5d4c173","away","GWD Minden","THW Kiel",12,11,TRUE,3,NA,NA,0,0,0,NA,0,0,0,0,0,0,NA,NA,NA,NA,NA,NA,NA,NA,0,0,0,0,NA,NA,NA,NA,NA
"Wilfried Meyer","a34b2aa0-3955-11ef-a79c-2510cc07ea6e",NA,NA,1970,"12/5/1970","8f3d6eff-3960-11ef-9b8b-9b08c5d4c173","away","GWD Minden","THW Kiel",12,11,TRUE,0,NA,NA,0,0,0,NA,0,0,0,0,0,0,NA,NA,NA,NA,NA,NA,NA,NA,0,0,0,0,NA,NA,NA,NA,NA
"Bernd Munck","ba5ee5e3-3955-11ef-9f80-ab397f561917",NA,NA,1970,"12/5/1970","8f3d6eff-3960-11ef-9b8b-9b08c5d4c173","away","GWD Minden","THW Kiel",12,11,TRUE,2,NA,NA,0,0,0,NA,0,0,0,0,0,0,NA,NA,NA,NA,NA,NA,NA,NA,0,0,0,0,NA,NA,NA,NA,NA
"Wilfried Drögemeier","ba63ada7-3955-11ef-a04d-ab397f561917",NA,NA,1970,"12/5/1970","8f3d6eff-3960-11ef-9b8b-9b08c5d4c173","away","GWD Minden","THW Kiel",12,11,TRUE,1,NA,NA,0,0,0,NA,0,0,0,0,0,0,NA,NA,NA,NA,NA,NA,NA,NA,0,0,0,0,NA,NA,NA,NA,NA
"Klaus Barlach","bcee5b38-3955-11ef-a026-ab397f561917",NA,NA,1970,"12/5/1970","8f3d6eff-3960-11ef-9b8b-9b08c5d4c173","away","GWD Minden","THW Kiel",12,11,TRUE,0,NA,NA,0,0,0,NA,0,0,0,0,0,0,NA,NA,NA,NA,NA,NA,NA,NA,0,0,0,0,NA,NA,NA,NA,NA
"Otto Weng","bcfbec1c-3955-11ef-b4f4-ab397f561917",NA,NA,1970,"12/5/1970","8f3d6eff-3960-11ef-9b8b-9b08c5d4c173","away","GWD Minden","THW Kiel",12,11,TRUE,5,NA,NA,0,0,1,NA,0,0,0,0,0,0,NA,NA,NA,NA,NA,NA,NA,NA,0,0,0,0,NA,NA,NA,NA,NA
"Jürgen Buhrmester","c747ff25-3955-11ef-9695-157c9bc18a5f",NA,NA,1970,"12/5/1970","8f3d6eff-3960-11ef-9b8b-9b08c5d4c173","away","GWD Minden","THW Kiel",12,11,TRUE,0,NA,NA,0,0,0,NA,0,0,0,0,0,0,NA,NA,NA,NA,NA,NA,NA,NA,0,0,0,0,NA,NA,NA,NA,NA
"Manfred Horstkötter","c8a23936-3955-11ef-9884-157c9bc18a5f",NA,NA,1970,"12/5/1970","8f3d6eff-3960-11ef-9b8b-9b08c5d4c173","away","GWD Minden","THW Kiel",12,11,TRUE,0,NA,NA,0,0,0,NA,0,0,0,0,0,0,NA,NA,NA,NA,NA,NA,NA,NA,0,0,0,0,NA,NA,NA,NA,NA
"Heiner Ua","c9e28722-3955-11ef-9c87-157c9bc18a5f",NA,NA,1970,"12/5/1970","8f3d6eff-3960-11ef-9b8b-9b08c5d4c173","away","GWD Minden","THW Kiel",12,11,TRUE,0,NA,NA,0,0,0,NA,0,0,0,0,0,0,NA,NA,NA,NA,NA,NA,NA,NA,0,0,0,0,NA,NA,NA,NA,NA
"Manfred Müller","ae54e819-3955-11ef-81e8-a36230ada079",NA,NA,1970,"12/5/1970","97ff5d1e-3960-11ef-9be8-d3de5c174a65","home","TV Hochdorf","TSV 1896 Rintheim",18,17,TRUE,0,NA,NA,0,0,0,NA,0,0,0,0,0,0,NA,NA,NA,NA,NA,NA,NA,NA,0,0,0,0,NA,NA,NA,NA,NA
"Robert Becker","ae8c50f9-3955-11ef-91c4-a36230ada079",NA,NA,1970,"12/5/1970","97ff5d1e-3960-11ef-9be8-d3de5c174a65","home","TV Hochdorf","TSV 1896 Rintheim",18,17,TRUE,1,NA,NA,0,0,0,NA,0,0,0,0,0,0,NA,NA,NA,NA,NA,NA,NA,NA,0,0,0,0,NA,NA,NA,NA,NA
"Jürgen Hahn","ae947745-3955-11ef-bc54-a36230ada079",NA,NA,1970,"12/5/1970","97ff5d1e-3960-11ef-9be8-d3de5c174a65","home","TV Hochdorf","TSV 1896 Rintheim",18,17,TRUE,6,NA,NA,0,0,0,NA,0,0,0,0,0,0,NA,NA,NA,NA,NA,NA,NA,NA,0,0,0,0,NA,NA,NA,NA,NA
"Wilfried Job","af3ed007-3955-11ef-9184-a36230ada079",NA,NA,1970,"12/5/1970","97ff5d1e-3960-11ef-9be8-d3de5c174a65","home","TV Hochdorf","TSV 1896 Rintheim",18,17,TRUE,2,NA,NA,0,0,0,NA,0,0,0,0,0,0,NA,NA,NA,NA,NA,NA,NA,NA,0,0,0,0,NA,NA,NA,NA,NA
"Hans Stein","bde4861d-3955-11ef-a14e-ab397f561917",NA,NA,1970,"12/5/1970","97ff5d1e-3960-11ef-9be8-d3de5c174a65","home","TV Hochdorf","TSV 1896 Rintheim",18,17,TRUE,2,NA,NA,0,0,0,NA,0,0,0,0,0,0,NA,NA,NA,NA,NA,NA,NA,NA,0,0,0,0,NA,NA,NA,NA,NA
"Klaus Becker","c92b579e-3955-11ef-ab41-157c9bc18a5f",NA,NA,1970,"12/5/1970","97ff5d1e-3960-11ef-9be8-d3de5c174a65","home","TV Hochdorf","TSV 1896 Rintheim",18,17,TRUE,0,NA,NA,0,0,0,NA,0,0,0,0,0,0,NA,NA,NA,NA,NA,NA,NA,NA,0,0,0,0,NA,NA,NA,NA,NA
"Edwin Hutter","c93080aa-3955-11ef-85b4-157c9bc18a5f",NA,NA,1970,"12/5/1970","97ff5d1e-3960-11ef-9be8-d3de5c174a65","home","TV Hochdorf","TSV 1896 Rintheim",18,17,TRUE,0,NA,NA,0,0,0,NA,0,0,0,0,0,0,NA,NA,NA,NA,NA,NA,NA,NA,0,0,0,0,NA,NA,NA,NA,NA
"Werner Häfele","c9414487-3955-11ef-a5df-157c9bc18a5f",NA,NA,1970,"12/5/1970","97ff5d1e-3960-11ef-9be8-d3de5c174a65","home","TV Hochdorf","TSV 1896 Rintheim",18,17,TRUE,6,NA,NA,0,0,5,NA,0,0,0,0,0,0,NA,NA,NA,NA,NA,NA,NA,NA,0,0,0,0,NA,NA,NA,NA,NA
"Willi Butz","c945a2f1-3955-11ef-8b53-157c9bc18a5f",NA,NA,1970,"12/5/1970","97ff5d1e-3960-11ef-9be8-d3de5c174a65","home","TV Hochdorf","TSV 1896 Rintheim",18,17,TRUE,0,NA,NA,0,0,0,NA,0,0,0,0,0,0,NA,NA,NA,NA,NA,NA,NA,NA,0,0,0,0,NA,NA,NA,NA,NA
"Peter Frisch","c94a46b7-3955-11ef-8686-157c9bc18a5f",NA,NA,1970,"12/5/1970","97ff5d1e-3960-11ef-9be8-d3de5c174a65","home","TV Hochdorf","TSV 1896 Rintheim",18,17,TRUE,1,NA,NA,0,0,0,NA,0,0,0,0,0,0,NA,NA,NA,NA,NA,NA,NA,NA,0,0,0,0,NA,NA,NA,NA,NA
"Werner Matill","c9539495-3955-11ef-9bff-157c9bc18a5f",NA,NA,1970,"12/5/1970","97ff5d1e-3960-11ef-9be8-d3de5c174a65","home","TV Hochdorf","TSV 1896 Rintheim",18,17,TRUE,0,NA,NA,0,0,0,NA,0,0,0,0,0,0,NA,NA,NA,NA,NA,NA,NA,NA,0,0,0,0,NA,NA,NA,NA,NA
"Alois Ehmann","d286fca5-3955-11ef-a9e5-a36230ada079",NA,NA,1970,"12/5/1970","97ff5d1e-3960-11ef-9be8-d3de5c174a65","home","TV Hochdorf","TSV 1896 Rintheim",18,17,TRUE,0,NA,NA,0,0,0,NA,0,0,0,0,0,0,NA,NA,NA,NA,NA,NA,NA,NA,0,0,0,0,NA,NA,NA,NA,NA
"Wolf-Dieter Nagel","8d41486b-3955-11ef-8d22-81dc40648355",NA,NA,1970,"12/5/1970","97ff5d1e-3960-11ef-9be8-d3de5c174a65","away","TSV 1896 Rintheim","TV Hochdorf",17,18,FALSE,6,NA,NA,0,0,0,NA,0,0,0,0,0,0,NA,NA,NA,NA,NA,NA,NA,NA,0,0,0,0,NA,NA,NA,NA,NA
"Franz Bechler","98035d7e-3955-11ef-8b94-292be3190b7b",NA,NA,1970,"12/5/1970","97ff5d1e-3960-11ef-9be8-d3de5c174a65","away","TSV 1896 Rintheim","TV Hochdorf",17,18,FALSE,0,NA,NA,0,0,0,NA,0,0,0,0,0,0,NA,NA,NA,NA,NA,NA,NA,NA,0,0,0,0,NA,NA,NA,NA,NA
"Wolfgang Dillenberger","bc6a40c8-3955-11ef-8c9f-ab397f561917",NA,NA,1970,"12/5/1970","97ff5d1e-3960-11ef-9be8-d3de5c174a65","away","TSV 1896 Rintheim","TV Hochdorf",17,18,FALSE,1,NA,NA,0,0,0,NA,0,0,0,0,0,0,NA,NA,NA,NA,NA,NA,NA,NA,0,0,0,0,NA,NA,NA,NA,NA
"Roland Schubach","c8722d8e-3955-11ef-b351-157c9bc18a5f",NA,NA,1970,"12/5/1970","97ff5d1e-3960-11ef-9be8-d3de5c174a65","away","TSV 1896 Rintheim","TV Hochdorf",17,18,FALSE,0,NA,NA,0,0,0,NA,0,0,0,0,0,0,NA,NA,NA,NA,NA,NA,NA,NA,0,0,0,0,NA,NA,NA,NA,NA
"Siegfried Brabec","c87758a1-3955-11ef-9dbd-157c9bc18a5f",NA,NA,1970,"12/5/1970","97ff5d1e-3960-11ef-9be8-d3de5c174a65","away","TSV 1896 Rintheim","TV Hochdorf",17,18,FALSE,0,NA,NA,0,0,0,NA,0,0,0,0,0,0,NA,NA,NA,NA,NA,NA,NA,NA,0,0,0,0,NA,NA,NA,NA,NA
"Josef Bechler","c88a53f3-3955-11ef-bd99-157c9bc18a5f",NA,NA,1970,"12/5/1970","97ff5d1e-3960-11ef-9be8-d3de5c174a65","away","TSV 1896 Rintheim","TV Hochdorf",17,18,FALSE,3,NA,NA,0,0,0,NA,0,0,0,0,0,0,NA,NA,NA,NA,NA,NA,NA,NA,0,0,0,0,NA,NA,NA,NA,NA
"Wolfgang Neunzig","c9c4061c-3955-11ef-92f1-157c9bc18a5f",NA,NA,1970,"12/5/1970","97ff5d1e-3960-11ef-9be8-d3de5c174a65","away","TSV 1896 Rintheim","TV Hochdorf",17,18,FALSE,3,NA,NA,0,0,0,NA,0,0,0,0,0,0,NA,NA,NA,NA,NA,NA,NA,NA,0,0,0,0,NA,NA,NA,NA,NA
"Fritz Schmidt","d32be773-3955-11ef-b19f-a36230ada079",NA,NA,1970,"12/5/1970","97ff5d1e-3960-11ef-9be8-d3de5c174a65","away","TSV 1896 Rintheim","TV Hochdorf",17,18,FALSE,0,NA,NA,0,0,0,NA,0,0,0,0,0,0,NA,NA,NA,NA,NA,NA,NA,NA,0,0,0,0,NA,NA,NA,NA,NA
"Karl Wackershauser","d338c73b-3955-11ef-bb70-a36230ada079",NA,NA,1970,"12/5/1970","97ff5d1e-3960-11ef-9be8-d3de5c174a65","away","TSV 1896 Rintheim","TV Hochdorf",17,18,FALSE,0,NA,NA,0,0,0,NA,0,0,0,0,0,0,NA,NA,NA,NA,NA,NA,NA,NA,0,0,0,0,NA,NA,NA,NA,NA
"Jürgen Klatt","d347e8de-3955-11ef-a056-a36230ada079",NA,NA,1970,"12/5/1970","97ff5d1e-3960-11ef-9be8-d3de5c174a65","away","TSV 1896 Rintheim","TV Hochdorf",17,18,FALSE,0,NA,NA,0,0,0,NA,0,0,0,0,0,0,NA,NA,NA,NA,NA,NA,NA,NA,0,0,0,0,NA,NA,NA,NA,NA
"Edwin Schmidkunz","d352cbf0-3955-11ef-a520-a36230ada079",NA,NA,1970,"12/5/1970","97ff5d1e-3960-11ef-9be8-d3de5c174a65","away","TSV 1896 Rintheim","TV Hochdorf",17,18,FALSE,4,NA,NA,0,0,0,NA,0,0,0,0,0,0,NA,NA,NA,NA,NA,NA,NA,NA,0,0,0,0,NA,NA,NA,NA,NA
"Hansjörg Jäck","b166bd31-3955-11ef-bed1-a36230ada079",NA,NA,1970,"12/5/1970","98f9a525-3960-11ef-85aa-d3de5c174a65","home","S3L Handball","FRISCH AUF! Göppingen",16,17,FALSE,0,NA,NA,0,0,0,NA,0,0,0,0,0,0,NA,NA,NA,NA,NA,NA,NA,NA,0,0,0,0,NA,NA,NA,NA,NA
"Jens Schmitt","bb8d4110-3955-11ef-8fb2-ab397f561917",NA,NA,1970,"12/5/1970","98f9a525-3960-11ef-85aa-d3de5c174a65","home","S3L Handball","FRISCH AUF! Göppingen",16,17,FALSE,1,NA,NA,0,0,0,NA,0,0,0,0,0,0,NA,NA,NA,NA,NA,NA,NA,NA,0,0,0,0,NA,NA,NA,NA,NA
"Wolfhardt Bühler","bba2fc92-3955-11ef-a8d6-ab397f561917",NA,NA,1970,"12/5/1970","98f9a525-3960-11ef-85aa-d3de5c174a65","home","S3L Handball","FRISCH AUF! Göppingen",16,17,FALSE,2,NA,NA,0,0,1,NA,0,0,0,0,0,0,NA,NA,NA,NA,NA,NA,NA,NA,0,0,0,0,NA,NA,NA,NA,NA
"Wolfgang Ries","bba77d9e-3955-11ef-939a-ab397f561917",NA,NA,1970,"12/5/1970","98f9a525-3960-11ef-85aa-d3de5c174a65","home","S3L Handball","FRISCH AUF! Göppingen",16,17,FALSE,4,NA,NA,0,0,0,NA,0,0,0,0,0,0,NA,NA,NA,NA,NA,NA,NA,NA,0,0,0,0,NA,NA,NA,NA,NA
"Gerd Schmitt","bbb09cf8-3955-11ef-97db-ab397f561917",NA,NA,1970,"12/5/1970","98f9a525-3960-11ef-85aa-d3de5c174a65","home","S3L Handball","FRISCH AUF! Göppingen",16,17,FALSE,0,NA,NA,0,0,0,NA,0,0,0,0,0,0,NA,NA,NA,NA,NA,NA,NA,NA,0,0,0,0,NA,NA,NA,NA,NA
"Lothar Pohl","bc5ae364-3955-11ef-9b62-ab397f561917",NA,NA,1970,"12/5/1970","98f9a525-3960-11ef-85aa-d3de5c174a65","home","S3L Handball","FRISCH AUF! Göppingen",16,17,FALSE,0,NA,NA,0,0,0,NA,0,0,0,0,0,0,NA,NA,NA,NA,NA,NA,NA,NA,0,0,0,0,NA,NA,NA,NA,NA
"Herbert Hönnige","c7e7cc14-3955-11ef-af0e-157c9bc18a5f",NA,NA,1970,"12/5/1970","98f9a525-3960-11ef-85aa-d3de5c174a65","home","S3L Handball","FRISCH AUF! Göppingen",16,17,FALSE,3,NA,NA,0,0,0,NA,0,0,0,0,0,0,NA,NA,NA,NA,NA,NA,NA,NA,0,0,0,0,NA,NA,NA,NA,NA
"Jürgen Plambeck","c95d267b-3955-11ef-9a98-157c9bc18a5f",NA,NA,1970,"12/5/1970","98f9a525-3960-11ef-85aa-d3de5c174a65","home","S3L Handball","FRISCH AUF! Göppingen",16,17,FALSE,2,NA,NA,0,0,0,NA,0,0,0,0,0,0,NA,NA,NA,NA,NA,NA,NA,NA,0,0,0,0,NA,NA,NA,NA,NA
"Josef Hutter","c96148ae-3955-11ef-a005-157c9bc18a5f",NA,NA,1970,"12/5/1970","98f9a525-3960-11ef-85aa-d3de5c174a65","home","S3L Handball","FRISCH AUF! Göppingen",16,17,FALSE,2,NA,NA,0,0,0,NA,0,0,0,0,0,0,NA,NA,NA,NA,NA,NA,NA,NA,0,0,0,0,NA,NA,NA,NA,NA
"Rolf Seltner","c96574fc-3955-11ef-a37f-157c9bc18a5f",NA,NA,1970,"12/5/1970","98f9a525-3960-11ef-85aa-d3de5c174a65","home","S3L Handball","FRISCH AUF! Göppingen",16,17,FALSE,1,NA,NA,0,0,0,NA,0,0,0,0,0,0,NA,NA,NA,NA,NA,NA,NA,NA,0,0,0,0,NA,NA,NA,NA,NA
"Norbert Schmitt","d2a1de09-3955-11ef-b7be-a36230ada079",NA,NA,1970,"12/5/1970","98f9a525-3960-11ef-85aa-d3de5c174a65","home","S3L Handball","FRISCH AUF! Göppingen",16,17,FALSE,1,NA,NA,0,0,0,NA,0,0,0,0,0,0,NA,NA,NA,NA,NA,NA,NA,NA,0,0,0,0,NA,NA,NA,NA,NA
"Peter Bucher","8e0071c9-3955-11ef-8ff8-81dc40648355",NA,NA,1970,"12/5/1970","98f9a525-3960-11ef-85aa-d3de5c174a65","away","FRISCH AUF! Göppingen","S3L Handball",17,16,TRUE,3,NA,NA,0,0,0,NA,0,0,0,0,0,0,NA,NA,NA,NA,NA,NA,NA,NA,0,0,0,0,NA,NA,NA,NA,NA
"Horst Singer","a30fd118-3955-11ef-9745-2510cc07ea6e",NA,NA,1970,"12/5/1970","98f9a525-3960-11ef-85aa-d3de5c174a65","away","FRISCH AUF! Göppingen","S3L Handball",17,16,TRUE,2,NA,NA,0,0,0,NA,0,0,0,0,0,0,NA,NA,NA,NA,NA,NA,NA,NA,0,0,0,0,NA,NA,NA,NA,NA
"Hans-Dieter Schunter","b2054717-3955-11ef-a22c-a36230ada079",NA,NA,1970,"12/5/1970","98f9a525-3960-11ef-85aa-d3de5c174a65","away","FRISCH AUF! Göppingen","S3L Handball",17,16,TRUE,0,NA,NA,0,0,0,NA,0,0,0,0,0,0,NA,NA,NA,NA,NA,NA,NA,NA,0,0,0,0,NA,NA,NA,NA,NA
"Paul Epple","bc8167af-3955-11ef-8748-ab397f561917",NA,NA,1970,"12/5/1970","98f9a525-3960-11ef-85aa-d3de5c174a65","away","FRISCH AUF! Göppingen","S3L Handball",17,16,TRUE,0,NA,NA,0,0,0,NA,0,0,0,0,0,0,NA,NA,NA,NA,NA,NA,NA,NA,0,0,0,0,NA,NA,NA,NA,NA
"Walter Pflüger","bc85cdbc-3955-11ef-8e24-ab397f561917",NA,NA,1970,"12/5/1970","98f9a525-3960-11ef-85aa-d3de5c174a65","away","FRISCH AUF! Göppingen","S3L Handball",17,16,TRUE,4,NA,NA,0,0,0,NA,0,0,0,0,0,0,NA,NA,NA,NA,NA,NA,NA,NA,0,0,0,0,NA,NA,NA,NA,NA
"Werner Arndt","c71116e0-3955-11ef-85d3-157c9bc18a5f",NA,NA,1970,"12/5/1970","98f9a525-3960-11ef-85aa-d3de5c174a65","away","FRISCH AUF! Göppingen","S3L Handball",17,16,TRUE,0,NA,NA,0,0,0,NA,0,0,0,0,0,0,NA,NA,NA,NA,NA,NA,NA,NA,0,0,0,0,NA,NA,NA,NA,NA
"Christian Patzer","c715a1de-3955-11ef-bc54-157c9bc18a5f",NA,NA,1970,"12/5/1970","98f9a525-3960-11ef-85aa-d3de5c174a65","away","FRISCH AUF! Göppingen","S3L Handball",17,16,TRUE,1,NA,NA,0,0,0,NA,0,0,0,0,0,0,NA,NA,NA,NA,NA,NA,NA,NA,0,0,0,0,NA,NA,NA,NA,NA
"Uwe Rathjen","c898158b-3955-11ef-82cb-157c9bc18a5f",NA,NA,1970,"12/5/1970","98f9a525-3960-11ef-85aa-d3de5c174a65","away","FRISCH AUF! Göppingen","S3L Handball",17,16,TRUE,0,NA,NA,0,0,0,NA,0,0,0,0,0,0,NA,NA,NA,NA,NA,NA,NA,NA,0,0,0,0,NA,NA,NA,NA,NA
"Armin Eisele","c9cc4c1b-3955-11ef-9f9f-157c9bc18a5f",NA,NA,1970,"12/5/1970","98f9a525-3960-11ef-85aa-d3de5c174a65","away","FRISCH AUF! Göppingen","S3L Handball",17,16,TRUE,6,NA,NA,0,0,1,NA,0,0,0,0,0,0,NA,NA,NA,NA,NA,NA,NA,NA,0,0,0,0,NA,NA,NA,NA,NA
"Anton Bayer","d357b837-3955-11ef-8b00-a36230ada079",NA,NA,1970,"12/5/1970","98f9a525-3960-11ef-85aa-d3de5c174a65","away","FRISCH AUF! Göppingen","S3L Handball",17,16,TRUE,1,NA,NA,0,0,0,NA,0,0,0,0,0,0,NA,NA,NA,NA,NA,NA,NA,NA,0,0,0,0,NA,NA,NA,NA,NA
"Klaus Cachay","d363e58b-3955-11ef-b333-a36230ada079",NA,NA,1970,"12/5/1970","98f9a525-3960-11ef-85aa-d3de5c174a65","away","FRISCH AUF! Göppingen","S3L Handball",17,16,TRUE,0,NA,NA,0,0,0,NA,0,0,0,0,0,0,NA,NA,NA,NA,NA,NA,NA,NA,0,0,0,0,NA,NA,NA,NA,NA
"Hans-Jürgen Bode","b011e6da-3955-11ef-8205-a36230ada079",NA,NA,1970,"12/6/1970","901c3224-3960-11ef-ba37-9b08c5d4c173","home","Hamburger SV","TV Krefeld-Oppum 1894",24,10,TRUE,0,NA,NA,0,0,0,NA,0,0,0,0,0,0,NA,NA,NA,NA,NA,NA,NA,NA,0,0,0,0,NA,NA,NA,NA,NA
"Herbert Niemeier","b0163f16-3955-11ef-ae9e-a36230ada079",NA,NA,1970,"12/6/1970","901c3224-3960-11ef-ba37-9b08c5d4c173","home","Hamburger SV","TV Krefeld-Oppum 1894",24,10,TRUE,2,NA,NA,0,0,0,NA,0,0,0,0,0,0,NA,NA,NA,NA,NA,NA,NA,NA,0,0,0,0,NA,NA,NA,NA,NA
"Rainer Witt","b02adaad-3955-11ef-b8c4-a36230ada079",NA,NA,1970,"12/6/1970","901c3224-3960-11ef-ba37-9b08c5d4c173","home","Hamburger SV","TV Krefeld-Oppum 1894",24,10,TRUE,1,NA,NA,0,0,0,NA,0,0,0,0,0,0,NA,NA,NA,NA,NA,NA,NA,NA,0,0,0,0,NA,NA,NA,NA,NA
"Jens Ivers","b02f4aea-3955-11ef-801e-a36230ada079",NA,NA,1970,"12/6/1970","901c3224-3960-11ef-ba37-9b08c5d4c173","home","Hamburger SV","TV Krefeld-Oppum 1894",24,10,TRUE,1,NA,NA,0,0,0,NA,0,0,0,0,0,0,NA,NA,NA,NA,NA,NA,NA,NA,0,0,0,0,NA,NA,NA,NA,NA
"Norbert Germer","b03f8101-3955-11ef-8945-a36230ada079",NA,NA,1970,"12/6/1970","901c3224-3960-11ef-ba37-9b08c5d4c173","home","Hamburger SV","TV Krefeld-Oppum 1894",24,10,TRUE,1,NA,NA,0,0,0,NA,0,0,0,0,0,0,NA,NA,NA,NA,NA,NA,NA,NA,0,0,0,0,NA,NA,NA,NA,NA
"Siegfried Berg","b10d3ec3-3955-11ef-8a30-a36230ada079",NA,NA,1970,"12/6/1970","901c3224-3960-11ef-ba37-9b08c5d4c173","home","Hamburger SV","TV Krefeld-Oppum 1894",24,10,TRUE,2,NA,NA,0,0,0,NA,0,0,0,0,0,0,NA,NA,NA,NA,NA,NA,NA,NA,0,0,0,0,NA,NA,NA,NA,NA
"Bernd Heiden","baf62966-3955-11ef-b7e1-ab397f561917",NA,NA,1970,"12/6/1970","901c3224-3960-11ef-ba37-9b08c5d4c173","home","Hamburger SV","TV Krefeld-Oppum 1894",24,10,TRUE,2,NA,NA,0,0,0,NA,0,0,0,0,0,0,NA,NA,NA,NA,NA,NA,NA,NA,0,0,0,0,NA,NA,NA,NA,NA
"Klaus Lange","bafb51f3-3955-11ef-9864-ab397f561917",NA,NA,1970,"12/6/1970","901c3224-3960-11ef-ba37-9b08c5d4c173","home","Hamburger SV","TV Krefeld-Oppum 1894",24,10,TRUE,7,NA,NA,0,0,1,NA,0,0,0,0,0,0,NA,NA,NA,NA,NA,NA,NA,NA,0,0,0,0,NA,NA,NA,NA,NA
"Rüdiger Heß","bd122db8-3955-11ef-9b21-ab397f561917",NA,NA,1970,"12/6/1970","901c3224-3960-11ef-ba37-9b08c5d4c173","home","Hamburger SV","TV Krefeld-Oppum 1894",24,10,TRUE,0,NA,NA,0,0,0,NA,0,0,0,0,0,0,NA,NA,NA,NA,NA,NA,NA,NA,0,0,0,0,NA,NA,NA,NA,NA
"Manfred Grühn","c755d6cb-3955-11ef-a162-157c9bc18a5f",NA,NA,1970,"12/6/1970","901c3224-3960-11ef-ba37-9b08c5d4c173","home","Hamburger SV","TV Krefeld-Oppum 1894",24,10,TRUE,3,NA,NA,0,0,0,NA,0,0,0,0,0,0,NA,NA,NA,NA,NA,NA,NA,NA,0,0,0,0,NA,NA,NA,NA,NA
"Katsuhiko Chikamori","c9e81f92-3955-11ef-87d2-157c9bc18a5f",NA,NA,1970,"12/6/1970","901c3224-3960-11ef-ba37-9b08c5d4c173","home","Hamburger SV","TV Krefeld-Oppum 1894",24,10,TRUE,5,NA,NA,0,0,1,NA,0,0,0,0,0,0,NA,NA,NA,NA,NA,NA,NA,NA,0,0,0,0,NA,NA,NA,NA,NA
"Herbert Engels","ca0717a5-3955-11ef-8dce-157c9bc18a5f",NA,NA,1970,"12/6/1970","901c3224-3960-11ef-ba37-9b08c5d4c173","away","TV Krefeld-Oppum 1894","Hamburger SV",10,24,FALSE,0,NA,NA,0,0,0,NA,0,0,0,0,0,0,NA,NA,NA,NA,NA,NA,NA,NA,0,0,0,0,NA,NA,NA,NA,NA
"Otto Tophoven","ca106fac-3955-11ef-9a8e-157c9bc18a5f",NA,NA,1970,"12/6/1970","901c3224-3960-11ef-ba37-9b08c5d4c173","away","TV Krefeld-Oppum 1894","Hamburger SV",10,24,FALSE,0,NA,NA,0,0,0,NA,0,0,0,0,0,0,NA,NA,NA,NA,NA,NA,NA,NA,0,0,0,0,NA,NA,NA,NA,NA
"Gerd Rüben","ca14b98f-3955-11ef-a366-157c9bc18a5f",NA,NA,1970,"12/6/1970","901c3224-3960-11ef-ba37-9b08c5d4c173","away","TV Krefeld-Oppum 1894","Hamburger SV",10,24,FALSE,0,NA,NA,0,0,0,NA,0,0,0,0,0,0,NA,NA,NA,NA,NA,NA,NA,NA,0,0,0,0,NA,NA,NA,NA,NA
"Theo Inger","ca18e97b-3955-11ef-91fb-157c9bc18a5f",NA,NA,1970,"12/6/1970","901c3224-3960-11ef-ba37-9b08c5d4c173","away","TV Krefeld-Oppum 1894","Hamburger SV",10,24,FALSE,1,NA,NA,0,0,0,NA,0,0,0,0,0,0,NA,NA,NA,NA,NA,NA,NA,NA,0,0,0,0,NA,NA,NA,NA,NA
"Peter Inger","ca1d519a-3955-11ef-b5d9-157c9bc18a5f",NA,NA,1970,"12/6/1970","901c3224-3960-11ef-ba37-9b08c5d4c173","away","TV Krefeld-Oppum 1894","Hamburger SV",10,24,FALSE,4,NA,NA,0,0,2,NA,0,0,0,0,0,0,NA,NA,NA,NA,NA,NA,NA,NA,0,0,0,0,NA,NA,NA,NA,NA
"Hermann Köhler","ca2255bc-3955-11ef-91a7-157c9bc18a5f",NA,NA,1970,"12/6/1970","901c3224-3960-11ef-ba37-9b08c5d4c173","away","TV Krefeld-Oppum 1894","Hamburger SV",10,24,FALSE,0,NA,NA,0,0,0,NA,0,0,0,0,0,0,NA,NA,NA,NA,NA,NA,NA,NA,0,0,0,0,NA,NA,NA,NA,NA
"Horst Panknin","ca26d115-3955-11ef-a60e-157c9bc18a5f",NA,NA,1970,"12/6/1970","901c3224-3960-11ef-ba37-9b08c5d4c173","away","TV Krefeld-Oppum 1894","Hamburger SV",10,24,FALSE,1,NA,NA,0,0,0,NA,0,0,0,0,0,0,NA,NA,NA,NA,NA,NA,NA,NA,0,0,0,0,NA,NA,NA,NA,NA
"Ralf Pasch","ca2b132c-3955-11ef-a380-157c9bc18a5f",NA,NA,1970,"12/6/1970","901c3224-3960-11ef-ba37-9b08c5d4c173","away","TV Krefeld-Oppum 1894","Hamburger SV",10,24,FALSE,1,NA,NA,0,0,0,NA,0,0,0,0,0,0,NA,NA,NA,NA,NA,NA,NA,NA,0,0,0,0,NA,NA,NA,NA,NA
"Max Zwierkowski","ca390aba-3955-11ef-97b4-157c9bc18a5f",NA,NA,1970,"12/6/1970","901c3224-3960-11ef-ba37-9b08c5d4c173","away","TV Krefeld-Oppum 1894","Hamburger SV",10,24,FALSE,2,NA,NA,0,0,0,NA,0,0,0,0,0,0,NA,NA,NA,NA,NA,NA,NA,NA,0,0,0,0,NA,NA,NA,NA,NA
"Dieter Patz","ca42d471-3955-11ef-a75d-157c9bc18a5f",NA,NA,1970,"12/6/1970","901c3224-3960-11ef-ba37-9b08c5d4c173","away","TV Krefeld-Oppum 1894","Hamburger SV",10,24,FALSE,1,NA,NA,0,0,0,NA,0,0,0,0,0,0,NA,NA,NA,NA,NA,NA,NA,NA,0,0,0,0,NA,NA,NA,NA,NA
"Diethard Finkelmann","a60bdcf9-3955-11ef-bfa1-2510cc07ea6e",NA,NA,1970,"12/6/1970","9a53cff3-3960-11ef-8c6f-d3de5c174a65","home","Füchse Berlin","TSV Milbertshofen",14,21,FALSE,3,NA,NA,0,0,0,NA,0,0,0,0,0,0,NA,NA,NA,NA,NA,NA,NA,NA,0,0,0,0,NA,NA,NA,NA,NA
"Wolfgang Braun","b1a4c388-3955-11ef-92b7-a36230ada079",NA,NA,1970,"12/6/1970","9a53cff3-3960-11ef-8c6f-d3de5c174a65","home","Füchse Berlin","TSV Milbertshofen",14,21,FALSE,1,NA,NA,0,0,0,NA,0,0,0,0,0,0,NA,NA,NA,NA,NA,NA,NA,NA,0,0,0,0,NA,NA,NA,NA,NA
"Detlef Finkelmann","b1a8f927-3955-11ef-a009-a36230ada079",NA,NA,1970,"12/6/1970","9a53cff3-3960-11ef-8c6f-d3de5c174a65","home","Füchse Berlin","TSV Milbertshofen",14,21,FALSE,3,NA,NA,0,0,0,NA,0,0,0,0,0,0,NA,NA,NA,NA,NA,NA,NA,NA,0,0,0,0,NA,NA,NA,NA,NA
"Bernd Goerigk","b1b21b0c-3955-11ef-a303-a36230ada079",NA,NA,1970,"12/6/1970","9a53cff3-3960-11ef-8c6f-d3de5c174a65","home","Füchse Berlin","TSV Milbertshofen",14,21,FALSE,1,NA,NA,0,0,0,NA,0,0,0,0,0,0,NA,NA,NA,NA,NA,NA,NA,NA,0,0,0,0,NA,NA,NA,NA,NA
"Lutz Loewke","b1b73b08-3955-11ef-b76a-a36230ada079",NA,NA,1970,"12/6/1970","9a53cff3-3960-11ef-8c6f-d3de5c174a65","home","Füchse Berlin","TSV Milbertshofen",14,21,FALSE,2,NA,NA,0,0,0,NA,0,0,0,0,0,0,NA,NA,NA,NA,NA,NA,NA,NA,0,0,0,0,NA,NA,NA,NA,NA
"Werner Reinke","b1bc1a3c-3955-11ef-8a0a-a36230ada079",NA,NA,1970,"12/6/1970","9a53cff3-3960-11ef-8c6f-d3de5c174a65","home","Füchse Berlin","TSV Milbertshofen",14,21,FALSE,0,NA,NA,0,0,0,NA,0,0,0,0,0,0,NA,NA,NA,NA,NA,NA,NA,NA,0,0,0,0,NA,NA,NA,NA,NA
"Sigmar Artelt","bdbc9392-3955-11ef-a3be-ab397f561917",NA,NA,1970,"12/6/1970","9a53cff3-3960-11ef-8c6f-d3de5c174a65","home","Füchse Berlin","TSV Milbertshofen",14,21,FALSE,2,NA,NA,0,0,0,NA,0,0,0,0,0,0,NA,NA,NA,NA,NA,NA,NA,NA,0,0,0,0,NA,NA,NA,NA,NA
"Henry Johannes","bdc98fce-3955-11ef-9f6e-ab397f561917",NA,NA,1970,"12/6/1970","9a53cff3-3960-11ef-8c6f-d3de5c174a65","home","Füchse Berlin","TSV Milbertshofen",14,21,FALSE,0,NA,NA,0,0,0,NA,0,0,0,0,0,0,NA,NA,NA,NA,NA,NA,NA,NA,0,0,0,0,NA,NA,NA,NA,NA
"Bernd Redlich","d2e474a6-3955-11ef-a804-a36230ada079",NA,NA,1970,"12/6/1970","9a53cff3-3960-11ef-8c6f-d3de5c174a65","home","Füchse Berlin","TSV Milbertshofen",14,21,FALSE,1,NA,NA,0,0,0,NA,0,0,0,0,0,0,NA,NA,NA,NA,NA,NA,NA,NA,0,0,0,0,NA,NA,NA,NA,NA
"Thomas Micheli","d2e8bde0-3955-11ef-8c04-a36230ada079",NA,NA,1970,"12/6/1970","9a53cff3-3960-11ef-8c6f-d3de5c174a65","home","Füchse Berlin","TSV Milbertshofen",14,21,FALSE,1,NA,NA,0,0,1,NA,0,0,0,0,0,0,NA,NA,NA,NA,NA,NA,NA,NA,0,0,0,0,NA,NA,NA,NA,NA
"Hans Moser","7e83ce46-3955-11ef-830d-b908c60af10a",NA,NA,1970,"12/6/1970","9a53cff3-3960-11ef-8c6f-d3de5c174a65","away","TSV Milbertshofen","Füchse Berlin",21,14,TRUE,6,NA,NA,0,0,1,NA,0,0,0,0,0,0,NA,NA,NA,NA,NA,NA,NA,NA,0,0,0,0,NA,NA,NA,NA,NA
"Gerhard Ochsenkühn","97259ed1-3955-11ef-96ca-292be3190b7b",NA,NA,1970,"12/6/1970","9a53cff3-3960-11ef-8c6f-d3de5c174a65","away","TSV Milbertshofen","Füchse Berlin",21,14,TRUE,2,NA,NA,0,0,0,NA,0,0,0,0,0,0,NA,NA,NA,NA,NA,NA,NA,NA,0,0,0,0,NA,NA,NA,NA,NA
"Josef Kiener","972d7d47-3955-11ef-a437-292be3190b7b",NA,NA,1970,"12/6/1970","9a53cff3-3960-11ef-8c6f-d3de5c174a65","away","TSV Milbertshofen","Füchse Berlin",21,14,TRUE,1,NA,NA,0,0,0,NA,0,0,0,0,0,0,NA,NA,NA,NA,NA,NA,NA,NA,0,0,0,0,NA,NA,NA,NA,NA
"Helmut Schelchshorn","b1c960ef-3955-11ef-850b-a36230ada079",NA,NA,1970,"12/6/1970","9a53cff3-3960-11ef-8c6f-d3de5c174a65","away","TSV Milbertshofen","Füchse Berlin",21,14,TRUE,5,NA,NA,0,0,0,NA,0,0,0,0,0,0,NA,NA,NA,NA,NA,NA,NA,NA,0,0,0,0,NA,NA,NA,NA,NA
"Peter Feddern","bc1b1b3e-3955-11ef-9c4e-ab397f561917",NA,NA,1970,"12/6/1970","9a53cff3-3960-11ef-8c6f-d3de5c174a65","away","TSV Milbertshofen","Füchse Berlin",21,14,TRUE,1,NA,NA,0,0,0,NA,0,0,0,0,0,0,NA,NA,NA,NA,NA,NA,NA,NA,0,0,0,0,NA,NA,NA,NA,NA
"Anton Niggel","c6b807f5-3955-11ef-8bfd-157c9bc18a5f",NA,NA,1970,"12/6/1970","9a53cff3-3960-11ef-8c6f-d3de5c174a65","away","TSV Milbertshofen","Füchse Berlin",21,14,TRUE,0,NA,NA,0,0,0,NA,0,0,0,0,0,0,NA,NA,NA,NA,NA,NA,NA,NA,0,0,0,0,NA,NA,NA,NA,NA
"Volker Filipp","c6bca602-3955-11ef-8195-157c9bc18a5f",NA,NA,1970,"12/6/1970","9a53cff3-3960-11ef-8c6f-d3de5c174a65","away","TSV Milbertshofen","Füchse Berlin",21,14,TRUE,0,NA,NA,0,0,0,NA,0,0,0,0,0,0,NA,NA,NA,NA,NA,NA,NA,NA,0,0,0,0,NA,NA,NA,NA,NA
"Karl Donndorf","c821c668-3955-11ef-a20c-157c9bc18a5f",NA,NA,1970,"12/6/1970","9a53cff3-3960-11ef-8c6f-d3de5c174a65","away","TSV Milbertshofen","Füchse Berlin",21,14,TRUE,4,NA,NA,0,0,0,NA,0,0,0,0,0,0,NA,NA,NA,NA,NA,NA,NA,NA,0,0,0,0,NA,NA,NA,NA,NA
"Arnold Gaitzsch","c99ecd8f-3955-11ef-a93a-157c9bc18a5f",NA,NA,1970,"12/6/1970","9a53cff3-3960-11ef-8c6f-d3de5c174a65","away","TSV Milbertshofen","Füchse Berlin",21,14,TRUE,1,NA,NA,0,0,0,NA,0,0,0,0,0,0,NA,NA,NA,NA,NA,NA,NA,NA,0,0,0,0,NA,NA,NA,NA,NA
"Peter Pyrges","c9b28b8a-3955-11ef-9887-157c9bc18a5f",NA,NA,1970,"12/6/1970","9a53cff3-3960-11ef-8c6f-d3de5c174a65","away","TSV Milbertshofen","Füchse Berlin",21,14,TRUE,1,NA,NA,0,0,0,NA,0,0,0,0,0,0,NA,NA,NA,NA,NA,NA,NA,NA,0,0,0,0,NA,NA,NA,NA,NA
"Kurt Klühspies","5ac3e7d7-3955-11ef-b574-4fa817cd91bb",NA,NA,1970,"12/12/1970","99a3641d-3960-11ef-9fd4-d3de5c174a65","home","TV Großwallstadt","SpVgg 1887 Möhringen",17,15,TRUE,4,NA,NA,0,0,0,NA,0,0,0,0,0,0,NA,NA,NA,NA,NA,NA,NA,NA,0,0,0,0,NA,NA,NA,NA,NA
"Robert Schnabel","bbbd881a-3955-11ef-a181-ab397f561917",NA,NA,1970,"12/12/1970","99a3641d-3960-11ef-9fd4-d3de5c174a65","home","TV Großwallstadt","SpVgg 1887 Möhringen",17,15,TRUE,1,NA,NA,0,0,0,NA,0,0,0,0,0,0,NA,NA,NA,NA,NA,NA,NA,NA,0,0,0,0,NA,NA,NA,NA,NA
"Peter Kuß","bbc18adb-3955-11ef-a5f7-ab397f561917",NA,NA,1970,"12/12/1970","99a3641d-3960-11ef-9fd4-d3de5c174a65","home","TV Großwallstadt","SpVgg 1887 Möhringen",17,15,TRUE,3,NA,NA,0,0,0,NA,0,0,0,0,0,0,NA,NA,NA,NA,NA,NA,NA,NA,0,0,0,0,NA,NA,NA,NA,NA
"Werner Lemmert","be0e2c8d-3955-11ef-82a6-ab397f561917",NA,NA,1970,"12/12/1970","99a3641d-3960-11ef-9fd4-d3de5c174a65","home","TV Großwallstadt","SpVgg 1887 Möhringen",17,15,TRUE,2,NA,NA,0,0,0,NA,0,0,0,0,0,0,NA,NA,NA,NA,NA,NA,NA,NA,0,0,0,0,NA,NA,NA,NA,NA
"Rainer Oberle","be123408-3955-11ef-92a6-ab397f561917",NA,NA,1970,"12/12/1970","99a3641d-3960-11ef-9fd4-d3de5c174a65","home","TV Großwallstadt","SpVgg 1887 Möhringen",17,15,TRUE,2,NA,NA,0,0,0,NA,0,0,0,0,0,0,NA,NA,NA,NA,NA,NA,NA,NA,0,0,0,0,NA,NA,NA,NA,NA
"Hans-Joachim Herzig","c7ff4ec7-3955-11ef-a4ed-157c9bc18a5f",NA,NA,1970,"12/12/1970","99a3641d-3960-11ef-9fd4-d3de5c174a65","home","TV Großwallstadt","SpVgg 1887 Möhringen",17,15,TRUE,0,NA,NA,0,0,0,NA,0,0,0,0,0,0,NA,NA,NA,NA,NA,NA,NA,NA,0,0,0,0,NA,NA,NA,NA,NA
"Klaus Oberle","c96e13a5-3955-11ef-a68a-157c9bc18a5f",NA,NA,1970,"12/12/1970","99a3641d-3960-11ef-9fd4-d3de5c174a65","home","TV Großwallstadt","SpVgg 1887 Möhringen",17,15,TRUE,1,NA,NA,0,0,0,NA,0,0,0,0,0,0,NA,NA,NA,NA,NA,NA,NA,NA,0,0,0,0,NA,NA,NA,NA,NA
"Ludwig Hohm","c97b5499-3955-11ef-8cf3-157c9bc18a5f",NA,NA,1970,"12/12/1970","99a3641d-3960-11ef-9fd4-d3de5c174a65","home","TV Großwallstadt","SpVgg 1887 Möhringen",17,15,TRUE,0,NA,NA,0,0,0,NA,0,0,0,0,0,0,NA,NA,NA,NA,NA,NA,NA,NA,0,0,0,0,NA,NA,NA,NA,NA
"Hermann Mäurle","a44f95e3-3955-11ef-b53d-2510cc07ea6e",NA,NA,1970,"12/12/1970","99a3641d-3960-11ef-9fd4-d3de5c174a65","away","SpVgg 1887 Möhringen","TV Großwallstadt",15,17,FALSE,1,NA,NA,0,0,0,NA,0,0,0,0,0,0,NA,NA,NA,NA,NA,NA,NA,NA,0,0,0,0,NA,NA,NA,NA,NA
"Karl-Heinz Wolf","c8354cdd-3955-11ef-a1d6-157c9bc18a5f",NA,NA,1970,"12/12/1970","99a3641d-3960-11ef-9fd4-d3de5c174a65","away","SpVgg 1887 Möhringen","TV Großwallstadt",15,17,FALSE,4,NA,NA,0,0,0,NA,0,0,0,0,0,0,NA,NA,NA,NA,NA,NA,NA,NA,0,0,0,0,NA,NA,NA,NA,NA
"Gerd-Volker Stock","c8397c3c-3955-11ef-af12-157c9bc18a5f",NA,NA,1970,"12/12/1970","99a3641d-3960-11ef-9fd4-d3de5c174a65","away","SpVgg 1887 Möhringen","TV Großwallstadt",15,17,FALSE,6,NA,NA,0,0,0,NA,0,0,0,0,0,0,NA,NA,NA,NA,NA,NA,NA,NA,0,0,0,0,NA,NA,NA,NA,NA
"Dieter Schuh","c84c4c54-3955-11ef-9d35-157c9bc18a5f",NA,NA,1970,"12/12/1970","99a3641d-3960-11ef-9fd4-d3de5c174a65","away","SpVgg 1887 Möhringen","TV Großwallstadt",15,17,FALSE,1,NA,NA,0,0,0,NA,0,0,0,0,0,0,NA,NA,NA,NA,NA,NA,NA,NA,0,0,0,0,NA,NA,NA,NA,NA
"Lothar Scheffel","c850996c-3955-11ef-94a7-157c9bc18a5f",NA,NA,1970,"12/12/1970","99a3641d-3960-11ef-9fd4-d3de5c174a65","away","SpVgg 1887 Möhringen","TV Großwallstadt",15,17,FALSE,0,NA,NA,0,0,0,NA,0,0,0,0,0,0,NA,NA,NA,NA,NA,NA,NA,NA,0,0,0,0,NA,NA,NA,NA,NA
"Gerd Rössler","c854fdaa-3955-11ef-b318-157c9bc18a5f",NA,NA,1970,"12/12/1970","99a3641d-3960-11ef-9fd4-d3de5c174a65","away","SpVgg 1887 Möhringen","TV Großwallstadt",15,17,FALSE,1,NA,NA,0,0,0,NA,0,0,0,0,0,0,NA,NA,NA,NA,NA,NA,NA,NA,0,0,0,0,NA,NA,NA,NA,NA
"Karl-Heinz Steinbach","c864fc61-3955-11ef-bc13-157c9bc18a5f",NA,NA,1970,"12/12/1970","99a3641d-3960-11ef-9fd4-d3de5c174a65","away","SpVgg 1887 Möhringen","TV Großwallstadt",15,17,FALSE,0,NA,NA,0,0,0,NA,0,0,0,0,0,0,NA,NA,NA,NA,NA,NA,NA,NA,0,0,0,0,NA,NA,NA,NA,NA
"Wolfgang Schall","c869381d-3955-11ef-a2ed-157c9bc18a5f",NA,NA,1970,"12/12/1970","99a3641d-3960-11ef-9fd4-d3de5c174a65","away","SpVgg 1887 Möhringen","TV Großwallstadt",15,17,FALSE,2,NA,NA,0,0,0,NA,0,0,0,0,0,0,NA,NA,NA,NA,NA,NA,NA,NA,0,0,0,0,NA,NA,NA,NA,NA
"Winfried Holtmann","d3270d6b-3955-11ef-8174-a36230ada079",NA,NA,1970,"12/12/1970","99a3641d-3960-11ef-9fd4-d3de5c174a65","away","SpVgg 1887 Möhringen","TV Großwallstadt",15,17,FALSE,0,NA,NA,0,0,0,NA,0,0,0,0,0,0,NA,NA,NA,NA,NA,NA,NA,NA,0,0,0,0,NA,NA,NA,NA,NA
"Klaus Brand","51394441-3955-11ef-8fab-6d38c0425bc0",NA,NA,1970,"12/19/1970","8e74f41c-3960-11ef-94fa-9b08c5d4c173","home","VfL Gummersbach","TuS 05 Wellinghofen",17,14,TRUE,0,NA,NA,0,0,0,NA,0,0,0,0,0,0,NA,NA,NA,NA,NA,NA,NA,NA,0,0,0,0,NA,NA,NA,NA,NA
"Klaus Kater","8da1f6ef-3955-11ef-b31a-81dc40648355",NA,NA,1970,"12/19/1970","8e74f41c-3960-11ef-94fa-9b08c5d4c173","home","VfL Gummersbach","TuS 05 Wellinghofen",17,14,TRUE,1,NA,NA,0,0,0,NA,0,0,0,0,0,0,NA,NA,NA,NA,NA,NA,NA,NA,0,0,0,0,NA,NA,NA,NA,NA
"Werner Winkelmeier","9712104e-3955-11ef-9613-292be3190b7b",NA,NA,1970,"12/19/1970","8e74f41c-3960-11ef-94fa-9b08c5d4c173","home","VfL Gummersbach","TuS 05 Wellinghofen",17,14,TRUE,1,NA,NA,0,0,0,NA,0,0,0,0,0,0,NA,NA,NA,NA,NA,NA,NA,NA,0,0,0,0,NA,NA,NA,NA,NA
"Jochen Feldhoff","a32751a5-3955-11ef-badf-2510cc07ea6e",NA,NA,1970,"12/19/1970","8e74f41c-3960-11ef-94fa-9b08c5d4c173","home","VfL Gummersbach","TuS 05 Wellinghofen",17,14,TRUE,5,NA,NA,0,0,0,NA,0,0,0,0,0,0,NA,NA,NA,NA,NA,NA,NA,NA,0,0,0,0,NA,NA,NA,NA,NA
"Helmut Keller","ae2fb2ba-3955-11ef-b38f-a36230ada079",NA,NA,1970,"12/19/1970","8e74f41c-3960-11ef-94fa-9b08c5d4c173","home","VfL Gummersbach","TuS 05 Wellinghofen",17,14,TRUE,0,NA,NA,0,0,0,NA,0,0,0,0,0,0,NA,NA,NA,NA,NA,NA,NA,NA,0,0,0,0,NA,NA,NA,NA,NA
"Hans-Günther Schmidt","aff5702f-3955-11ef-9878-a36230ada079",NA,NA,1970,"12/19/1970","8e74f41c-3960-11ef-94fa-9b08c5d4c173","home","VfL Gummersbach","TuS 05 Wellinghofen",17,14,TRUE,7,NA,NA,0,0,1,NA,0,0,0,0,0,0,NA,NA,NA,NA,NA,NA,NA,NA,0,0,0,0,NA,NA,NA,NA,NA
"Jochen Brand","ba44375c-3955-11ef-a5d6-ab397f561917",NA,NA,1970,"12/19/1970","8e74f41c-3960-11ef-94fa-9b08c5d4c173","home","VfL Gummersbach","TuS 05 Wellinghofen",17,14,TRUE,1,NA,NA,0,0,0,NA,0,0,0,0,0,0,NA,NA,NA,NA,NA,NA,NA,NA,0,0,0,0,NA,NA,NA,NA,NA
"Uwe Braunschweig","ba4aaa94-3955-11ef-be97-ab397f561917",NA,NA,1970,"12/19/1970","8e74f41c-3960-11ef-94fa-9b08c5d4c173","home","VfL Gummersbach","TuS 05 Wellinghofen",17,14,TRUE,0,NA,NA,0,0,0,NA,0,0,0,0,0,0,NA,NA,NA,NA,NA,NA,NA,NA,0,0,0,0,NA,NA,NA,NA,NA
"Helmut Kosmehl","bc7d7cdd-3955-11ef-a338-ab397f561917",NA,NA,1970,"12/19/1970","8e74f41c-3960-11ef-94fa-9b08c5d4c173","home","VfL Gummersbach","TuS 05 Wellinghofen",17,14,TRUE,1,NA,NA,0,0,0,NA,0,0,0,0,0,0,NA,NA,NA,NA,NA,NA,NA,NA,0,0,0,0,NA,NA,NA,NA,NA
"Hans-Gerd Bölter","c9d03ce3-3955-11ef-bae3-157c9bc18a5f",NA,NA,1970,"12/19/1970","8e74f41c-3960-11ef-94fa-9b08c5d4c173","home","VfL Gummersbach","TuS 05 Wellinghofen",17,14,TRUE,1,NA,NA,0,0,0,NA,0,0,0,0,0,0,NA,NA,NA,NA,NA,NA,NA,NA,0,0,0,0,NA,NA,NA,NA,NA
"Rainer Lingelbach","c9d44f37-3955-11ef-a323-157c9bc18a5f",NA,NA,1970,"12/19/1970","8e74f41c-3960-11ef-94fa-9b08c5d4c173","home","VfL Gummersbach","TuS 05 Wellinghofen",17,14,TRUE,0,NA,NA,0,0,0,NA,0,0,0,0,0,0,NA,NA,NA,NA,NA,NA,NA,NA,0,0,0,0,NA,NA,NA,NA,NA
"Karl-Heinz Schulz","72847241-3955-11ef-8bd4-51fdf2a82730",NA,NA,1970,"12/19/1970","8e74f41c-3960-11ef-94fa-9b08c5d4c173","away","TuS 05 Wellinghofen","VfL Gummersbach",14,17,FALSE,1,NA,NA,0,0,0,NA,0,0,0,0,0,0,NA,NA,NA,NA,NA,NA,NA,NA,0,0,0,0,NA,NA,NA,NA,NA
"Heiner Möller","8d7571e4-3955-11ef-b1d3-81dc40648355",NA,NA,1970,"12/19/1970","8e74f41c-3960-11ef-94fa-9b08c5d4c173","away","TuS 05 Wellinghofen","VfL Gummersbach",14,17,FALSE,3,NA,NA,0,0,0,NA,0,0,0,0,0,0,NA,NA,NA,NA,NA,NA,NA,NA,0,0,0,0,NA,NA,NA,NA,NA
"Hans-Peter Neuhaus","8d9d3887-3955-11ef-80a3-81dc40648355",NA,NA,1970,"12/19/1970","8e74f41c-3960-11ef-94fa-9b08c5d4c173","away","TuS 05 Wellinghofen","VfL Gummersbach",14,17,FALSE,2,NA,NA,0,0,2,NA,0,0,0,0,0,0,NA,NA,NA,NA,NA,NA,NA,NA,0,0,0,0,NA,NA,NA,NA,NA
"Rainer Gosewinkel","a4d61156-3955-11ef-8406-2510cc07ea6e",NA,NA,1970,"12/19/1970","8e74f41c-3960-11ef-94fa-9b08c5d4c173","away","TuS 05 Wellinghofen","VfL Gummersbach",14,17,FALSE,1,NA,NA,0,0,0,NA,0,0,0,0,0,0,NA,NA,NA,NA,NA,NA,NA,NA,0,0,0,0,NA,NA,NA,NA,NA
"Klaus Erwe","a4f54a19-3955-11ef-b48a-2510cc07ea6e",NA,NA,1970,"12/19/1970","8e74f41c-3960-11ef-94fa-9b08c5d4c173","away","TuS 05 Wellinghofen","VfL Gummersbach",14,17,FALSE,0,NA,NA,0,0,0,NA,0,0,0,0,0,0,NA,NA,NA,NA,NA,NA,NA,NA,0,0,0,0,NA,NA,NA,NA,NA
"Burkhard Gröning","a52c6e4f-3955-11ef-a576-2510cc07ea6e",NA,NA,1970,"12/19/1970","8e74f41c-3960-11ef-94fa-9b08c5d4c173","away","TuS 05 Wellinghofen","VfL Gummersbach",14,17,FALSE,3,NA,NA,0,0,0,NA,0,0,0,0,0,0,NA,NA,NA,NA,NA,NA,NA,NA,0,0,0,0,NA,NA,NA,NA,NA
"Klaus Tiews","a531838f-3955-11ef-8e99-2510cc07ea6e",NA,NA,1970,"12/19/1970","8e74f41c-3960-11ef-94fa-9b08c5d4c173","away","TuS 05 Wellinghofen","VfL Gummersbach",14,17,FALSE,0,NA,NA,0,0,0,NA,0,0,0,0,0,0,NA,NA,NA,NA,NA,NA,NA,NA,0,0,0,0,NA,NA,NA,NA,NA
"Hans-Jürgen Sengera","ba7fae8e-3955-11ef-80e4-ab397f561917",NA,NA,1970,"12/19/1970","8e74f41c-3960-11ef-94fa-9b08c5d4c173","away","TuS 05 Wellinghofen","VfL Gummersbach",14,17,FALSE,0,NA,NA,0,0,0,NA,0,0,0,0,0,0,NA,NA,NA,NA,NA,NA,NA,NA,0,0,0,0,NA,NA,NA,NA,NA
"Ulrich Thubeauville","c76555ef-3955-11ef-9f3a-157c9bc18a5f",NA,NA,1970,"12/19/1970","8e74f41c-3960-11ef-94fa-9b08c5d4c173","away","TuS 05 Wellinghofen","VfL Gummersbach",14,17,FALSE,2,NA,NA,0,0,0,NA,0,0,0,0,0,0,NA,NA,NA,NA,NA,NA,NA,NA,0,0,0,0,NA,NA,NA,NA,NA
"Burkhardt Eckardt","c76d08cb-3955-11ef-8fa7-157c9bc18a5f",NA,NA,1970,"12/19/1970","8e74f41c-3960-11ef-94fa-9b08c5d4c173","away","TuS 05 Wellinghofen","VfL Gummersbach",14,17,FALSE,0,NA,NA,0,0,0,NA,0,0,0,0,0,0,NA,NA,NA,NA,NA,NA,NA,NA,0,0,0,0,NA,NA,NA,NA,NA
"Gerd Thiele","c9f7a8d5-3955-11ef-93d4-157c9bc18a5f",NA,NA,1970,"12/19/1970","8e74f41c-3960-11ef-94fa-9b08c5d4c173","away","TuS 05 Wellinghofen","VfL Gummersbach",14,17,FALSE,2,NA,NA,0,0,0,NA,0,0,0,0,0,0,NA,NA,NA,NA,NA,NA,NA,NA,0,0,0,0,NA,NA,NA,NA,NA
"Hans-Jürgen Sulk","7ff6b175-3955-11ef-a103-b908c60af10a",NA,NA,1970,"12/19/1970","8f4cd5a8-3960-11ef-930f-9b08c5d4c173","home","GWD Minden","VfL Lübeck-Schwartau",27,17,TRUE,1,NA,NA,0,0,0,NA,0,0,0,0,0,0,NA,NA,NA,NA,NA,NA,NA,NA,0,0,0,0,NA,NA,NA,NA,NA
"Bernhard Busch","8dc9280f-3955-11ef-80e2-81dc40648355",NA,NA,1970,"12/19/1970","8f4cd5a8-3960-11ef-930f-9b08c5d4c173","home","GWD Minden","VfL Lübeck-Schwartau",27,17,TRUE,5,NA,NA,0,0,1,NA,0,0,0,0,0,0,NA,NA,NA,NA,NA,NA,NA,NA,0,0,0,0,NA,NA,NA,NA,NA
"Gerald Schüler","96fc1532-3955-11ef-bddd-292be3190b7b",NA,NA,1970,"12/19/1970","8f4cd5a8-3960-11ef-930f-9b08c5d4c173","home","GWD Minden","VfL Lübeck-Schwartau",27,17,TRUE,2,NA,NA,0,0,0,NA,0,0,0,0,0,0,NA,NA,NA,NA,NA,NA,NA,NA,0,0,0,0,NA,NA,NA,NA,NA
"Martin Karcher","980f80ce-3955-11ef-8054-292be3190b7b",NA,NA,1970,"12/19/1970","8f4cd5a8-3960-11ef-930f-9b08c5d4c173","home","GWD Minden","VfL Lübeck-Schwartau",27,17,TRUE,0,NA,NA,0,0,0,NA,0,0,0,0,0,0,NA,NA,NA,NA,NA,NA,NA,NA,0,0,0,0,NA,NA,NA,NA,NA
"Hans Kramer","98f50290-3955-11ef-8aa8-292be3190b7b",NA,NA,1970,"12/19/1970","8f4cd5a8-3960-11ef-930f-9b08c5d4c173","home","GWD Minden","VfL Lübeck-Schwartau",27,17,TRUE,3,NA,NA,0,0,0,NA,0,0,0,0,0,0,NA,NA,NA,NA,NA,NA,NA,NA,0,0,0,0,NA,NA,NA,NA,NA
"Wilfried Meyer","a34b2aa0-3955-11ef-a79c-2510cc07ea6e",NA,NA,1970,"12/19/1970","8f4cd5a8-3960-11ef-930f-9b08c5d4c173","home","GWD Minden","VfL Lübeck-Schwartau",27,17,TRUE,0,NA,NA,0,0,0,NA,0,0,0,0,0,0,NA,NA,NA,NA,NA,NA,NA,NA,0,0,0,0,NA,NA,NA,NA,NA
"Bernd Munck","ba5ee5e3-3955-11ef-9f80-ab397f561917",NA,NA,1970,"12/19/1970","8f4cd5a8-3960-11ef-930f-9b08c5d4c173","home","GWD Minden","VfL Lübeck-Schwartau",27,17,TRUE,5,NA,NA,0,0,1,NA,0,0,0,0,0,0,NA,NA,NA,NA,NA,NA,NA,NA,0,0,0,0,NA,NA,NA,NA,NA
"Wilfried Drögemeier","ba63ada7-3955-11ef-a04d-ab397f561917",NA,NA,1970,"12/19/1970","8f4cd5a8-3960-11ef-930f-9b08c5d4c173","home","GWD Minden","VfL Lübeck-Schwartau",27,17,TRUE,2,NA,NA,0,0,0,NA,0,0,0,0,0,0,NA,NA,NA,NA,NA,NA,NA,NA,0,0,0,0,NA,NA,NA,NA,NA
"Klaus Barlach","bcee5b38-3955-11ef-a026-ab397f561917",NA,NA,1970,"12/19/1970","8f4cd5a8-3960-11ef-930f-9b08c5d4c173","home","GWD Minden","VfL Lübeck-Schwartau",27,17,TRUE,3,NA,NA,0,0,0,NA,0,0,0,0,0,0,NA,NA,NA,NA,NA,NA,NA,NA,0,0,0,0,NA,NA,NA,NA,NA
"Otto Weng","bcfbec1c-3955-11ef-b4f4-ab397f561917",NA,NA,1970,"12/19/1970","8f4cd5a8-3960-11ef-930f-9b08c5d4c173","home","GWD Minden","VfL Lübeck-Schwartau",27,17,TRUE,3,NA,NA,0,0,1,NA,0,0,0,0,0,0,NA,NA,NA,NA,NA,NA,NA,NA,0,0,0,0,NA,NA,NA,NA,NA
"Jürgen Buhrmester","c747ff25-3955-11ef-9695-157c9bc18a5f",NA,NA,1970,"12/19/1970","8f4cd5a8-3960-11ef-930f-9b08c5d4c173","home","GWD Minden","VfL Lübeck-Schwartau",27,17,TRUE,3,NA,NA,0,0,0,NA,0,0,0,0,0,0,NA,NA,NA,NA,NA,NA,NA,NA,0,0,0,0,NA,NA,NA,NA,NA
"Manfred Horstkötter","c8a23936-3955-11ef-9884-157c9bc18a5f",NA,NA,1970,"12/19/1970","8f4cd5a8-3960-11ef-930f-9b08c5d4c173","home","GWD Minden","VfL Lübeck-Schwartau",27,17,TRUE,0,NA,NA,0,0,0,NA,0,0,0,0,0,0,NA,NA,NA,NA,NA,NA,NA,NA,0,0,0,0,NA,NA,NA,NA,NA
"Herbert Rogge","b06614d7-3955-11ef-a43b-a36230ada079",NA,NA,1970,"12/19/1970","8f4cd5a8-3960-11ef-930f-9b08c5d4c173","away","VfL Lübeck-Schwartau","GWD Minden",17,27,FALSE,3,NA,NA,0,0,0,NA,0,0,0,0,0,0,NA,NA,NA,NA,NA,NA,NA,NA,0,0,0,0,NA,NA,NA,NA,NA
"Ingo Callies","b0b0659b-3955-11ef-87aa-a36230ada079",NA,NA,1970,"12/19/1970","8f4cd5a8-3960-11ef-930f-9b08c5d4c173","away","VfL Lübeck-Schwartau","GWD Minden",17,27,FALSE,5,NA,NA,0,0,2,NA,0,0,0,0,0,0,NA,NA,NA,NA,NA,NA,NA,NA,0,0,0,0,NA,NA,NA,NA,NA
"Michael Dogs","b0cecb4a-3955-11ef-b665-a36230ada079",NA,NA,1970,"12/19/1970","8f4cd5a8-3960-11ef-930f-9b08c5d4c173","away","VfL Lübeck-Schwartau","GWD Minden",17,27,FALSE,0,NA,NA,0,0,0,NA,0,0,0,0,0,0,NA,NA,NA,NA,NA,NA,NA,NA,0,0,0,0,NA,NA,NA,NA,NA
"Joachim Römer","b0dcb8e7-3955-11ef-83ab-a36230ada079",NA,NA,1970,"12/19/1970","8f4cd5a8-3960-11ef-930f-9b08c5d4c173","away","VfL Lübeck-Schwartau","GWD Minden",17,27,FALSE,0,NA,NA,0,0,0,NA,0,0,0,0,0,0,NA,NA,NA,NA,NA,NA,NA,NA,0,0,0,0,NA,NA,NA,NA,NA
"Peter Görtz","b0e9ae8f-3955-11ef-aa48-a36230ada079",NA,NA,1970,"12/19/1970","8f4cd5a8-3960-11ef-930f-9b08c5d4c173","away","VfL Lübeck-Schwartau","GWD Minden",17,27,FALSE,2,NA,NA,0,0,0,NA,0,0,0,0,0,0,NA,NA,NA,NA,NA,NA,NA,NA,0,0,0,0,NA,NA,NA,NA,NA
"Ulrich Kleinstoll","b0f37438-3955-11ef-84e6-a36230ada079",NA,NA,1970,"12/19/1970","8f4cd5a8-3960-11ef-930f-9b08c5d4c173","away","VfL Lübeck-Schwartau","GWD Minden",17,27,FALSE,2,NA,NA,0,0,0,NA,0,0,0,0,0,0,NA,NA,NA,NA,NA,NA,NA,NA,0,0,0,0,NA,NA,NA,NA,NA
"Geert Geusendam","baee7cab-3955-11ef-95ba-ab397f561917",NA,NA,1970,"12/19/1970","8f4cd5a8-3960-11ef-930f-9b08c5d4c173","away","VfL Lübeck-Schwartau","GWD Minden",17,27,FALSE,0,NA,NA,0,0,0,NA,0,0,0,0,0,0,NA,NA,NA,NA,NA,NA,NA,NA,0,0,0,0,NA,NA,NA,NA,NA
"Georg Pohl","baff6cee-3955-11ef-a80f-ab397f561917",NA,NA,1970,"12/19/1970","8f4cd5a8-3960-11ef-930f-9b08c5d4c173","away","VfL Lübeck-Schwartau","GWD Minden",17,27,FALSE,0,NA,NA,0,0,0,NA,0,0,0,0,0,0,NA,NA,NA,NA,NA,NA,NA,NA,0,0,0,0,NA,NA,NA,NA,NA
"Jochen Krummland","c7b078f7-3955-11ef-932e-157c9bc18a5f",NA,NA,1970,"12/19/1970","8f4cd5a8-3960-11ef-930f-9b08c5d4c173","away","VfL Lübeck-Schwartau","GWD Minden",17,27,FALSE,5,NA,NA,0,0,0,NA,0,0,0,0,0,0,NA,NA,NA,NA,NA,NA,NA,NA,0,0,0,0,NA,NA,NA,NA,NA
"Björn Clausen","c7b94735-3955-11ef-b741-157c9bc18a5f",NA,NA,1970,"12/19/1970","8f4cd5a8-3960-11ef-930f-9b08c5d4c173","away","VfL Lübeck-Schwartau","GWD Minden",17,27,FALSE,0,NA,NA,0,0,0,NA,0,0,0,0,0,0,NA,NA,NA,NA,NA,NA,NA,NA,0,0,0,0,NA,NA,NA,NA,NA
"Jochen Hoffmann","c7bdef38-3955-11ef-8b6c-157c9bc18a5f",NA,NA,1970,"12/19/1970","8f4cd5a8-3960-11ef-930f-9b08c5d4c173","away","VfL Lübeck-Schwartau","GWD Minden",17,27,FALSE,0,NA,NA,0,0,0,NA,0,0,0,0,0,0,NA,NA,NA,NA,NA,NA,NA,NA,0,0,0,0,NA,NA,NA,NA,NA
"Werner Kühn","a5a83923-3955-11ef-abc5-2510cc07ea6e",NA,NA,1970,"12/19/1970","902b8fa6-3960-11ef-a4fb-9b08c5d4c173","home","SC Phönix Essen 1920","Hamburger SV",8,16,FALSE,0,NA,NA,0,0,0,NA,0,0,0,0,0,0,NA,NA,NA,NA,NA,NA,NA,NA,0,0,0,0,NA,NA,NA,NA,NA
"Norbert Meister","a610e086-3955-11ef-bf85-2510cc07ea6e",NA,NA,1970,"12/19/1970","902b8fa6-3960-11ef-a4fb-9b08c5d4c173","home","SC Phönix Essen 1920","Hamburger SV",8,16,FALSE,0,NA,NA,0,0,0,NA,0,0,0,0,0,0,NA,NA,NA,NA,NA,NA,NA,NA,0,0,0,0,NA,NA,NA,NA,NA
"Bernd Tolksdorf","bae02284-3955-11ef-b577-ab397f561917",NA,NA,1970,"12/19/1970","902b8fa6-3960-11ef-a4fb-9b08c5d4c173","home","SC Phönix Essen 1920","Hamburger SV",8,16,FALSE,0,NA,NA,0,0,0,NA,0,0,0,0,0,0,NA,NA,NA,NA,NA,NA,NA,NA,0,0,0,0,NA,NA,NA,NA,NA
"Klaus Kirschner","bae43a44-3955-11ef-ae7c-ab397f561917",NA,NA,1970,"12/19/1970","902b8fa6-3960-11ef-a4fb-9b08c5d4c173","home","SC Phönix Essen 1920","Hamburger SV",8,16,FALSE,0,NA,NA,0,0,0,NA,0,0,0,0,0,0,NA,NA,NA,NA,NA,NA,NA,NA,0,0,0,0,NA,NA,NA,NA,NA
"Marinko Andrić","bae9ac2f-3955-11ef-863e-ab397f561917",NA,NA,1970,"12/19/1970","902b8fa6-3960-11ef-a4fb-9b08c5d4c173","home","SC Phönix Essen 1920","Hamburger SV",8,16,FALSE,3,NA,NA,0,0,1,NA,0,0,0,0,0,0,NA,NA,NA,NA,NA,NA,NA,NA,0,0,0,0,NA,NA,NA,NA,NA
"Michael Hattig","bd52f5b1-3955-11ef-ba0c-ab397f561917",NA,NA,1970,"12/19/1970","902b8fa6-3960-11ef-a4fb-9b08c5d4c173","home","SC Phönix Essen 1920","Hamburger SV",8,16,FALSE,1,NA,NA,0,0,0,NA,0,0,0,0,0,0,NA,NA,NA,NA,NA,NA,NA,NA,0,0,0,0,NA,NA,NA,NA,NA
"Josef Wember","bd663002-3955-11ef-990b-ab397f561917",NA,NA,1970,"12/19/1970","902b8fa6-3960-11ef-a4fb-9b08c5d4c173","home","SC Phönix Essen 1920","Hamburger SV",8,16,FALSE,0,NA,NA,0,0,0,NA,0,0,0,0,0,0,NA,NA,NA,NA,NA,NA,NA,NA,0,0,0,0,NA,NA,NA,NA,NA
"Peter Fischer","bd861af2-3955-11ef-a655-ab397f561917",NA,NA,1970,"12/19/1970","902b8fa6-3960-11ef-a4fb-9b08c5d4c173","home","SC Phönix Essen 1920","Hamburger SV",8,16,FALSE,1,NA,NA,0,0,0,NA,0,0,0,0,0,0,NA,NA,NA,NA,NA,NA,NA,NA,0,0,0,0,NA,NA,NA,NA,NA
"Andrija Kotlas","bde016f5-3955-11ef-b96c-ab397f561917",NA,NA,1970,"12/19/1970","902b8fa6-3960-11ef-a4fb-9b08c5d4c173","home","SC Phönix Essen 1920","Hamburger SV",8,16,FALSE,2,NA,NA,0,0,0,NA,0,0,0,0,0,0,NA,NA,NA,NA,NA,NA,NA,NA,0,0,0,0,NA,NA,NA,NA,NA
"Carl-Bernd Behler","c79d213f-3955-11ef-a773-157c9bc18a5f",NA,NA,1970,"12/19/1970","902b8fa6-3960-11ef-a4fb-9b08c5d4c173","home","SC Phönix Essen 1920","Hamburger SV",8,16,FALSE,0,NA,NA,0,0,0,NA,0,0,0,0,0,0,NA,NA,NA,NA,NA,NA,NA,NA,0,0,0,0,NA,NA,NA,NA,NA
"Ernst Weise","c90cdba3-3955-11ef-b068-157c9bc18a5f",NA,NA,1970,"12/19/1970","902b8fa6-3960-11ef-a4fb-9b08c5d4c173","home","SC Phönix Essen 1920","Hamburger SV",8,16,FALSE,1,NA,NA,0,0,0,NA,0,0,0,0,0,0,NA,NA,NA,NA,NA,NA,NA,NA,0,0,0,0,NA,NA,NA,NA,NA
"Hans-Jürgen Bode","b011e6da-3955-11ef-8205-a36230ada079",NA,NA,1970,"12/19/1970","902b8fa6-3960-11ef-a4fb-9b08c5d4c173","away","Hamburger SV","SC Phönix Essen 1920",16,8,TRUE,0,NA,NA,0,0,0,NA,0,0,0,0,0,0,NA,NA,NA,NA,NA,NA,NA,NA,0,0,0,0,NA,NA,NA,NA,NA
"Herbert Niemeier","b0163f16-3955-11ef-ae9e-a36230ada079",NA,NA,1970,"12/19/1970","902b8fa6-3960-11ef-a4fb-9b08c5d4c173","away","Hamburger SV","SC Phönix Essen 1920",16,8,TRUE,1,NA,NA,0,0,0,NA,0,0,0,0,0,0,NA,NA,NA,NA,NA,NA,NA,NA,0,0,0,0,NA,NA,NA,NA,NA
"Rainer Witt","b02adaad-3955-11ef-b8c4-a36230ada079",NA,NA,1970,"12/19/1970","902b8fa6-3960-11ef-a4fb-9b08c5d4c173","away","Hamburger SV","SC Phönix Essen 1920",16,8,TRUE,0,NA,NA,0,0,0,NA,0,0,0,0,0,0,NA,NA,NA,NA,NA,NA,NA,NA,0,0,0,0,NA,NA,NA,NA,NA
"Jens Ivers","b02f4aea-3955-11ef-801e-a36230ada079",NA,NA,1970,"12/19/1970","902b8fa6-3960-11ef-a4fb-9b08c5d4c173","away","Hamburger SV","SC Phönix Essen 1920",16,8,TRUE,2,NA,NA,0,0,0,NA,0,0,0,0,0,0,NA,NA,NA,NA,NA,NA,NA,NA,0,0,0,0,NA,NA,NA,NA,NA
"Hans-Joachim Beißel","b0341bcb-3955-11ef-9e08-a36230ada079",NA,NA,1970,"12/19/1970","902b8fa6-3960-11ef-a4fb-9b08c5d4c173","away","Hamburger SV","SC Phönix Essen 1920",16,8,TRUE,1,NA,NA,0,0,0,NA,0,0,0,0,0,0,NA,NA,NA,NA,NA,NA,NA,NA,0,0,0,0,NA,NA,NA,NA,NA
"Siegfried Berg","b10d3ec3-3955-11ef-8a30-a36230ada079",NA,NA,1970,"12/19/1970","902b8fa6-3960-11ef-a4fb-9b08c5d4c173","away","Hamburger SV","SC Phönix Essen 1920",16,8,TRUE,3,NA,NA,0,0,1,NA,0,0,0,0,0,0,NA,NA,NA,NA,NA,NA,NA,NA,0,0,0,0,NA,NA,NA,NA,NA
"Bernd Heiden","baf62966-3955-11ef-b7e1-ab397f561917",NA,NA,1970,"12/19/1970","902b8fa6-3960-11ef-a4fb-9b08c5d4c173","away","Hamburger SV","SC Phönix Essen 1920",16,8,TRUE,1,NA,NA,0,0,0,NA,0,0,0,0,0,0,NA,NA,NA,NA,NA,NA,NA,NA,0,0,0,0,NA,NA,NA,NA,NA
"Klaus Lange","bafb51f3-3955-11ef-9864-ab397f561917",NA,NA,1970,"12/19/1970","902b8fa6-3960-11ef-a4fb-9b08c5d4c173","away","Hamburger SV","SC Phönix Essen 1920",16,8,TRUE,6,NA,NA,0,0,1,NA,0,0,0,0,0,0,NA,NA,NA,NA,NA,NA,NA,NA,0,0,0,0,NA,NA,NA,NA,NA
"Manfred Grühn","c755d6cb-3955-11ef-a162-157c9bc18a5f",NA,NA,1970,"12/19/1970","902b8fa6-3960-11ef-a4fb-9b08c5d4c173","away","Hamburger SV","SC Phönix Essen 1920",16,8,TRUE,1,NA,NA,0,0,0,NA,0,0,0,0,0,0,NA,NA,NA,NA,NA,NA,NA,NA,0,0,0,0,NA,NA,NA,NA,NA
"Katsuhiko Chikamori","c9e81f92-3955-11ef-87d2-157c9bc18a5f",NA,NA,1970,"12/19/1970","902b8fa6-3960-11ef-a4fb-9b08c5d4c173","away","Hamburger SV","SC Phönix Essen 1920",16,8,TRUE,1,NA,NA,0,0,0,NA,0,0,0,0,0,0,NA,NA,NA,NA,NA,NA,NA,NA,0,0,0,0,NA,NA,NA,NA,NA
"Otto Tophoven","ca106fac-3955-11ef-9a8e-157c9bc18a5f",NA,NA,1970,"12/19/1970","9105fced-3960-11ef-b252-9b08c5d4c173","home","TV Krefeld-Oppum 1894","THW Kiel",12,12,FALSE,0,NA,NA,0,0,0,NA,0,0,0,0,0,0,NA,NA,NA,NA,NA,NA,NA,NA,0,0,0,0,NA,NA,NA,NA,NA
"Gerd Rüben","ca14b98f-3955-11ef-a366-157c9bc18a5f",NA,NA,1970,"12/19/1970","9105fced-3960-11ef-b252-9b08c5d4c173","home","TV Krefeld-Oppum 1894","THW Kiel",12,12,FALSE,0,NA,NA,0,0,0,NA,0,0,0,0,0,0,NA,NA,NA,NA,NA,NA,NA,NA,0,0,0,0,NA,NA,NA,NA,NA
"Theo Inger","ca18e97b-3955-11ef-91fb-157c9bc18a5f",NA,NA,1970,"12/19/1970","9105fced-3960-11ef-b252-9b08c5d4c173","home","TV Krefeld-Oppum 1894","THW Kiel",12,12,FALSE,0,NA,NA,0,0,0,NA,0,0,0,0,0,0,NA,NA,NA,NA,NA,NA,NA,NA,0,0,0,0,NA,NA,NA,NA,NA
"Peter Inger","ca1d519a-3955-11ef-b5d9-157c9bc18a5f",NA,NA,1970,"12/19/1970","9105fced-3960-11ef-b252-9b08c5d4c173","home","TV Krefeld-Oppum 1894","THW Kiel",12,12,FALSE,4,NA,NA,0,0,0,NA,0,0,0,0,0,0,NA,NA,NA,NA,NA,NA,NA,NA,0,0,0,0,NA,NA,NA,NA,NA
"Hermann Köhler","ca2255bc-3955-11ef-91a7-157c9bc18a5f",NA,NA,1970,"12/19/1970","9105fced-3960-11ef-b252-9b08c5d4c173","home","TV Krefeld-Oppum 1894","THW Kiel",12,12,FALSE,0,NA,NA,0,0,0,NA,0,0,0,0,0,0,NA,NA,NA,NA,NA,NA,NA,NA,0,0,0,0,NA,NA,NA,NA,NA
"Horst Panknin","ca26d115-3955-11ef-a60e-157c9bc18a5f",NA,NA,1970,"12/19/1970","9105fced-3960-11ef-b252-9b08c5d4c173","home","TV Krefeld-Oppum 1894","THW Kiel",12,12,FALSE,0,NA,NA,0,0,0,NA,0,0,0,0,0,0,NA,NA,NA,NA,NA,NA,NA,NA,0,0,0,0,NA,NA,NA,NA,NA
"Ralf Pasch","ca2b132c-3955-11ef-a380-157c9bc18a5f",NA,NA,1970,"12/19/1970","9105fced-3960-11ef-b252-9b08c5d4c173","home","TV Krefeld-Oppum 1894","THW Kiel",12,12,FALSE,3,NA,NA,0,0,0,NA,0,0,0,0,0,0,NA,NA,NA,NA,NA,NA,NA,NA,0,0,0,0,NA,NA,NA,NA,NA
"Hugo Schroers","ca2f571a-3955-11ef-8d46-157c9bc18a5f",NA,NA,1970,"12/19/1970","9105fced-3960-11ef-b252-9b08c5d4c173","home","TV Krefeld-Oppum 1894","THW Kiel",12,12,FALSE,2,NA,NA,0,0,0,NA,0,0,0,0,0,0,NA,NA,NA,NA,NA,NA,NA,NA,0,0,0,0,NA,NA,NA,NA,NA
"Max Zwierkowski","ca390aba-3955-11ef-97b4-157c9bc18a5f",NA,NA,1970,"12/19/1970","9105fced-3960-11ef-b252-9b08c5d4c173","home","TV Krefeld-Oppum 1894","THW Kiel",12,12,FALSE,3,NA,NA,0,0,0,NA,0,0,0,0,0,0,NA,NA,NA,NA,NA,NA,NA,NA,0,0,0,0,NA,NA,NA,NA,NA
"Leo Ritz","ca3d0962-3955-11ef-938c-157c9bc18a5f",NA,NA,1970,"12/19/1970","9105fced-3960-11ef-b252-9b08c5d4c173","home","TV Krefeld-Oppum 1894","THW Kiel",12,12,FALSE,0,NA,NA,0,0,0,NA,0,0,0,0,0,0,NA,NA,NA,NA,NA,NA,NA,NA,0,0,0,0,NA,NA,NA,NA,NA
"Dieter Patz","ca42d471-3955-11ef-a75d-157c9bc18a5f",NA,NA,1970,"12/19/1970","9105fced-3960-11ef-b252-9b08c5d4c173","home","TV Krefeld-Oppum 1894","THW Kiel",12,12,FALSE,0,NA,NA,0,0,0,NA,0,0,0,0,0,0,NA,NA,NA,NA,NA,NA,NA,NA,0,0,0,0,NA,NA,NA,NA,NA
"Hans-Jörg Graeper","964d8ebc-3955-11ef-a25b-292be3190b7b",NA,NA,1970,"12/19/1970","9105fced-3960-11ef-b252-9b08c5d4c173","away","THW Kiel","TV Krefeld-Oppum 1894",12,12,FALSE,4,NA,NA,0,0,0,NA,0,0,0,0,0,0,NA,NA,NA,NA,NA,NA,NA,NA,0,0,0,0,NA,NA,NA,NA,NA
"Gerd Welz","98273a90-3955-11ef-a3a2-292be3190b7b",NA,NA,1970,"12/19/1970","9105fced-3960-11ef-b252-9b08c5d4c173","away","THW Kiel","TV Krefeld-Oppum 1894",12,12,FALSE,1,NA,NA,0,0,0,NA,0,0,0,0,0,0,NA,NA,NA,NA,NA,NA,NA,NA,0,0,0,0,NA,NA,NA,NA,NA
"Volker Harbs","9995a6f3-3955-11ef-b74f-292be3190b7b",NA,NA,1970,"12/19/1970","9105fced-3960-11ef-b252-9b08c5d4c173","away","THW Kiel","TV Krefeld-Oppum 1894",12,12,FALSE,1,NA,NA,0,0,0,NA,0,0,0,0,0,0,NA,NA,NA,NA,NA,NA,NA,NA,0,0,0,0,NA,NA,NA,NA,NA
"Peter Prehn","b073ee0a-3955-11ef-8404-a36230ada079",NA,NA,1970,"12/19/1970","9105fced-3960-11ef-b252-9b08c5d4c173","away","THW Kiel","TV Krefeld-Oppum 1894",12,12,FALSE,2,NA,NA,0,0,0,NA,0,0,0,0,0,0,NA,NA,NA,NA,NA,NA,NA,NA,0,0,0,0,NA,NA,NA,NA,NA
"Peter Werk","b0784d6e-3955-11ef-9a85-a36230ada079",NA,NA,1970,"12/19/1970","9105fced-3960-11ef-b252-9b08c5d4c173","away","THW Kiel","TV Krefeld-Oppum 1894",12,12,FALSE,0,NA,NA,0,0,0,NA,0,0,0,0,0,0,NA,NA,NA,NA,NA,NA,NA,NA,0,0,0,0,NA,NA,NA,NA,NA
"Herwig Ahrendsen","b143192b-3955-11ef-bef0-a36230ada079",NA,NA,1970,"12/19/1970","9105fced-3960-11ef-b252-9b08c5d4c173","away","THW Kiel","TV Krefeld-Oppum 1894",12,12,FALSE,0,NA,NA,0,0,0,NA,0,0,0,0,0,0,NA,NA,NA,NA,NA,NA,NA,NA,0,0,0,0,NA,NA,NA,NA,NA
"Bernd Nielsen","b1480d2c-3955-11ef-8563-a36230ada079",NA,NA,1970,"12/19/1970","9105fced-3960-11ef-b252-9b08c5d4c173","away","THW Kiel","TV Krefeld-Oppum 1894",12,12,FALSE,2,NA,NA,0,0,0,NA,0,0,0,0,0,0,NA,NA,NA,NA,NA,NA,NA,NA,0,0,0,0,NA,NA,NA,NA,NA
"Hartwig Moll","b14ce7d8-3955-11ef-8cb5-a36230ada079",NA,NA,1970,"12/19/1970","9105fced-3960-11ef-b252-9b08c5d4c173","away","THW Kiel","TV Krefeld-Oppum 1894",12,12,FALSE,1,NA,NA,0,0,0,NA,0,0,0,0,0,0,NA,NA,NA,NA,NA,NA,NA,NA,0,0,0,0,NA,NA,NA,NA,NA
"Rainer Voigt","c7c742a9-3955-11ef-b542-157c9bc18a5f",NA,NA,1970,"12/19/1970","9105fced-3960-11ef-b252-9b08c5d4c173","away","THW Kiel","TV Krefeld-Oppum 1894",12,12,FALSE,0,NA,NA,0,0,0,NA,0,0,0,0,0,0,NA,NA,NA,NA,NA,NA,NA,NA,0,0,0,0,NA,NA,NA,NA,NA
"Dieter Baguhn","c7cbf017-3955-11ef-b1f7-157c9bc18a5f",NA,NA,1970,"12/19/1970","9105fced-3960-11ef-b252-9b08c5d4c173","away","THW Kiel","TV Krefeld-Oppum 1894",12,12,FALSE,0,NA,NA,0,0,0,NA,0,0,0,0,0,0,NA,NA,NA,NA,NA,NA,NA,NA,0,0,0,0,NA,NA,NA,NA,NA
"Bernd Struck","c7d4c3a5-3955-11ef-a743-157c9bc18a5f",NA,NA,1970,"12/19/1970","9105fced-3960-11ef-b252-9b08c5d4c173","away","THW Kiel","TV Krefeld-Oppum 1894",12,12,FALSE,1,NA,NA,0,0,0,NA,0,0,0,0,0,0,NA,NA,NA,NA,NA,NA,NA,NA,0,0,0,0,NA,NA,NA,NA,NA
"Peter Bucher","8e0071c9-3955-11ef-8ff8-81dc40648355",NA,NA,1970,"12/19/1970","99b50ccf-3960-11ef-a27c-d3de5c174a65","home","FRISCH AUF! Göppingen","TV Großwallstadt",25,15,TRUE,6,NA,NA,0,0,0,NA,0,0,0,0,0,0,NA,NA,NA,NA,NA,NA,NA,NA,0,0,0,0,NA,NA,NA,NA,NA
"Horst Singer","a30fd118-3955-11ef-9745-2510cc07ea6e",NA,NA,1970,"12/19/1970","99b50ccf-3960-11ef-a27c-d3de5c174a65","home","FRISCH AUF! Göppingen","TV Großwallstadt",25,15,TRUE,1,NA,NA,0,0,1,NA,0,0,0,0,0,0,NA,NA,NA,NA,NA,NA,NA,NA,0,0,0,0,NA,NA,NA,NA,NA
"Hans-Dieter Schunter","b2054717-3955-11ef-a22c-a36230ada079",NA,NA,1970,"12/19/1970","99b50ccf-3960-11ef-a27c-d3de5c174a65","home","FRISCH AUF! Göppingen","TV Großwallstadt",25,15,TRUE,1,NA,NA,0,0,0,NA,0,0,0,0,0,0,NA,NA,NA,NA,NA,NA,NA,NA,0,0,0,0,NA,NA,NA,NA,NA
"Paul Epple","bc8167af-3955-11ef-8748-ab397f561917",NA,NA,1970,"12/19/1970","99b50ccf-3960-11ef-a27c-d3de5c174a65","home","FRISCH AUF! Göppingen","TV Großwallstadt",25,15,TRUE,2,NA,NA,0,0,0,NA,0,0,0,0,0,0,NA,NA,NA,NA,NA,NA,NA,NA,0,0,0,0,NA,NA,NA,NA,NA
"Walter Pflüger","bc85cdbc-3955-11ef-8e24-ab397f561917",NA,NA,1970,"12/19/1970","99b50ccf-3960-11ef-a27c-d3de5c174a65","home","FRISCH AUF! Göppingen","TV Großwallstadt",25,15,TRUE,1,NA,NA,0,0,0,NA,0,0,0,0,0,0,NA,NA,NA,NA,NA,NA,NA,NA,0,0,0,0,NA,NA,NA,NA,NA
"Werner Arndt","c71116e0-3955-11ef-85d3-157c9bc18a5f",NA,NA,1970,"12/19/1970","99b50ccf-3960-11ef-a27c-d3de5c174a65","home","FRISCH AUF! Göppingen","TV Großwallstadt",25,15,TRUE,0,NA,NA,0,0,0,NA,0,0,0,0,0,0,NA,NA,NA,NA,NA,NA,NA,NA,0,0,0,0,NA,NA,NA,NA,NA
"Christian Patzer","c715a1de-3955-11ef-bc54-157c9bc18a5f",NA,NA,1970,"12/19/1970","99b50ccf-3960-11ef-a27c-d3de5c174a65","home","FRISCH AUF! Göppingen","TV Großwallstadt",25,15,TRUE,6,NA,NA,0,0,0,NA,0,0,0,0,0,0,NA,NA,NA,NA,NA,NA,NA,NA,0,0,0,0,NA,NA,NA,NA,NA
"Armin Eisele","c9cc4c1b-3955-11ef-9f9f-157c9bc18a5f",NA,NA,1970,"12/19/1970","99b50ccf-3960-11ef-a27c-d3de5c174a65","home","FRISCH AUF! Göppingen","TV Großwallstadt",25,15,TRUE,7,NA,NA,0,0,1,NA,0,0,0,0,0,0,NA,NA,NA,NA,NA,NA,NA,NA,0,0,0,0,NA,NA,NA,NA,NA
"Anton Bayer","d357b837-3955-11ef-8b00-a36230ada079",NA,NA,1970,"12/19/1970","99b50ccf-3960-11ef-a27c-d3de5c174a65","home","FRISCH AUF! Göppingen","TV Großwallstadt",25,15,TRUE,0,NA,NA,0,0,0,NA,0,0,0,0,0,0,NA,NA,NA,NA,NA,NA,NA,NA,0,0,0,0,NA,NA,NA,NA,NA
"Klaus Cachay","d363e58b-3955-11ef-b333-a36230ada079",NA,NA,1970,"12/19/1970","99b50ccf-3960-11ef-a27c-d3de5c174a65","home","FRISCH AUF! Göppingen","TV Großwallstadt",25,15,TRUE,1,NA,NA,0,0,0,NA,0,0,0,0,0,0,NA,NA,NA,NA,NA,NA,NA,NA,0,0,0,0,NA,NA,NA,NA,NA
"Kurt Klühspies","5ac3e7d7-3955-11ef-b574-4fa817cd91bb",NA,NA,1970,"12/19/1970","99b50ccf-3960-11ef-a27c-d3de5c174a65","away","TV Großwallstadt","FRISCH AUF! Göppingen",15,25,FALSE,3,NA,NA,0,0,0,NA,0,0,0,0,0,0,NA,NA,NA,NA,NA,NA,NA,NA,0,0,0,0,NA,NA,NA,NA,NA
"Robert Schnabel","bbbd881a-3955-11ef-a181-ab397f561917",NA,NA,1970,"12/19/1970","99b50ccf-3960-11ef-a27c-d3de5c174a65","away","TV Großwallstadt","FRISCH AUF! Göppingen",15,25,FALSE,0,NA,NA,0,0,0,NA,0,0,0,0,0,0,NA,NA,NA,NA,NA,NA,NA,NA,0,0,0,0,NA,NA,NA,NA,NA
"Peter Kuß","bbc18adb-3955-11ef-a5f7-ab397f561917",NA,NA,1970,"12/19/1970","99b50ccf-3960-11ef-a27c-d3de5c174a65","away","TV Großwallstadt","FRISCH AUF! Göppingen",15,25,FALSE,1,NA,NA,0,0,0,NA,0,0,0,0,0,0,NA,NA,NA,NA,NA,NA,NA,NA,0,0,0,0,NA,NA,NA,NA,NA
"Werner Lemmert","be0e2c8d-3955-11ef-82a6-ab397f561917",NA,NA,1970,"12/19/1970","99b50ccf-3960-11ef-a27c-d3de5c174a65","away","TV Großwallstadt","FRISCH AUF! Göppingen",15,25,FALSE,0,NA,NA,0,0,0,NA,0,0,0,0,0,0,NA,NA,NA,NA,NA,NA,NA,NA,0,0,0,0,NA,NA,NA,NA,NA
"Rainer Oberle","be123408-3955-11ef-92a6-ab397f561917",NA,NA,1970,"12/19/1970","99b50ccf-3960-11ef-a27c-d3de5c174a65","away","TV Großwallstadt","FRISCH AUF! Göppingen",15,25,FALSE,3,NA,NA,0,0,0,NA,0,0,0,0,0,0,NA,NA,NA,NA,NA,NA,NA,NA,0,0,0,0,NA,NA,NA,NA,NA
"Hans-Joachim Herzig","c7ff4ec7-3955-11ef-a4ed-157c9bc18a5f",NA,NA,1970,"12/19/1970","99b50ccf-3960-11ef-a27c-d3de5c174a65","away","TV Großwallstadt","FRISCH AUF! Göppingen",15,25,FALSE,1,NA,NA,0,0,0,NA,0,0,0,0,0,0,NA,NA,NA,NA,NA,NA,NA,NA,0,0,0,0,NA,NA,NA,NA,NA
"Klaus Oberle","c96e13a5-3955-11ef-a68a-157c9bc18a5f",NA,NA,1970,"12/19/1970","99b50ccf-3960-11ef-a27c-d3de5c174a65","away","TV Großwallstadt","FRISCH AUF! Göppingen",15,25,FALSE,0,NA,NA,0,0,0,NA,0,0,0,0,0,0,NA,NA,NA,NA,NA,NA,NA,NA,0,0,0,0,NA,NA,NA,NA,NA
"Ludwig Hohm","c97b5499-3955-11ef-8cf3-157c9bc18a5f",NA,NA,1970,"12/19/1970","99b50ccf-3960-11ef-a27c-d3de5c174a65","away","TV Großwallstadt","FRISCH AUF! Göppingen",15,25,FALSE,0,NA,NA,0,0,0,NA,0,0,0,0,0,0,NA,NA,NA,NA,NA,NA,NA,NA,0,0,0,0,NA,NA,NA,NA,NA
"Erich Kolb","d2d1efef-3955-11ef-89e7-a36230ada079",NA,NA,1970,"12/19/1970","99b50ccf-3960-11ef-a27c-d3de5c174a65","away","TV Großwallstadt","FRISCH AUF! Göppingen",15,25,FALSE,2,NA,NA,0,0,0,NA,0,0,0,0,0,0,NA,NA,NA,NA,NA,NA,NA,NA,0,0,0,0,NA,NA,NA,NA,NA
"Wolf-Dieter Nagel","8d41486b-3955-11ef-8d22-81dc40648355",NA,NA,1970,"12/19/1970","9a669dcd-3960-11ef-b17a-d3de5c174a65","home","TSV 1896 Rintheim","Füchse Berlin",16,8,TRUE,2,NA,NA,0,0,0,NA,0,0,0,0,0,0,NA,NA,NA,NA,NA,NA,NA,NA,0,0,0,0,NA,NA,NA,NA,NA
"Bernd Seibel","bc6670d9-3955-11ef-b849-ab397f561917",NA,NA,1970,"12/19/1970","9a669dcd-3960-11ef-b17a-d3de5c174a65","home","TSV 1896 Rintheim","Füchse Berlin",16,8,TRUE,0,NA,NA,0,0,0,NA,0,0,0,0,0,0,NA,NA,NA,NA,NA,NA,NA,NA,0,0,0,0,NA,NA,NA,NA,NA
"Wolfgang Dillenberger","bc6a40c8-3955-11ef-8c9f-ab397f561917",NA,NA,1970,"12/19/1970","9a669dcd-3960-11ef-b17a-d3de5c174a65","home","TSV 1896 Rintheim","Füchse Berlin",16,8,TRUE,1,NA,NA,0,0,0,NA,0,0,0,0,0,0,NA,NA,NA,NA,NA,NA,NA,NA,0,0,0,0,NA,NA,NA,NA,NA
"Max Ullrich","c6e110c6-3955-11ef-83e4-157c9bc18a5f",NA,NA,1970,"12/19/1970","9a669dcd-3960-11ef-b17a-d3de5c174a65","home","TSV 1896 Rintheim","Füchse Berlin",16,8,TRUE,0,NA,NA,0,0,0,NA,0,0,0,0,0,0,NA,NA,NA,NA,NA,NA,NA,NA,0,0,0,0,NA,NA,NA,NA,NA
"Roland Schubach","c8722d8e-3955-11ef-b351-157c9bc18a5f",NA,NA,1970,"12/19/1970","9a669dcd-3960-11ef-b17a-d3de5c174a65","home","TSV 1896 Rintheim","Füchse Berlin",16,8,TRUE,2,NA,NA,0,0,0,NA,0,0,0,0,0,0,NA,NA,NA,NA,NA,NA,NA,NA,0,0,0,0,NA,NA,NA,NA,NA
"Siegfried Brabec","c87758a1-3955-11ef-9dbd-157c9bc18a5f",NA,NA,1970,"12/19/1970","9a669dcd-3960-11ef-b17a-d3de5c174a65","home","TSV 1896 Rintheim","Füchse Berlin",16,8,TRUE,0,NA,NA,0,0,0,NA,0,0,0,0,0,0,NA,NA,NA,NA,NA,NA,NA,NA,0,0,0,0,NA,NA,NA,NA,NA
"Josef Bechler","c88a53f3-3955-11ef-bd99-157c9bc18a5f",NA,NA,1970,"12/19/1970","9a669dcd-3960-11ef-b17a-d3de5c174a65","home","TSV 1896 Rintheim","Füchse Berlin",16,8,TRUE,5,NA,NA,0,0,0,NA,0,0,0,0,0,0,NA,NA,NA,NA,NA,NA,NA,NA,0,0,0,0,NA,NA,NA,NA,NA
"Wolfgang Neunzig","c9c4061c-3955-11ef-92f1-157c9bc18a5f",NA,NA,1970,"12/19/1970","9a669dcd-3960-11ef-b17a-d3de5c174a65","home","TSV 1896 Rintheim","Füchse Berlin",16,8,TRUE,0,NA,NA,0,0,0,NA,0,0,0,0,0,0,NA,NA,NA,NA,NA,NA,NA,NA,0,0,0,0,NA,NA,NA,NA,NA
"Karl Wackershauser","d338c73b-3955-11ef-bb70-a36230ada079",NA,NA,1970,"12/19/1970","9a669dcd-3960-11ef-b17a-d3de5c174a65","home","TSV 1896 Rintheim","Füchse Berlin",16,8,TRUE,2,NA,NA,0,0,0,NA,0,0,0,0,0,0,NA,NA,NA,NA,NA,NA,NA,NA,0,0,0,0,NA,NA,NA,NA,NA
"Jürgen Klatt","d347e8de-3955-11ef-a056-a36230ada079",NA,NA,1970,"12/19/1970","9a669dcd-3960-11ef-b17a-d3de5c174a65","home","TSV 1896 Rintheim","Füchse Berlin",16,8,TRUE,1,NA,NA,0,0,0,NA,0,0,0,0,0,0,NA,NA,NA,NA,NA,NA,NA,NA,0,0,0,0,NA,NA,NA,NA,NA
"Edwin Schmidkunz","d352cbf0-3955-11ef-a520-a36230ada079",NA,NA,1970,"12/19/1970","9a669dcd-3960-11ef-b17a-d3de5c174a65","home","TSV 1896 Rintheim","Füchse Berlin",16,8,TRUE,3,NA,NA,0,0,3,NA,0,0,0,0,0,0,NA,NA,NA,NA,NA,NA,NA,NA,0,0,0,0,NA,NA,NA,NA,NA
"Diethard Finkelmann","a60bdcf9-3955-11ef-bfa1-2510cc07ea6e",NA,NA,1970,"12/19/1970","9a669dcd-3960-11ef-b17a-d3de5c174a65","away","Füchse Berlin","TSV 1896 Rintheim",8,16,FALSE,2,NA,NA,0,0,0,NA,0,0,0,0,0,0,NA,NA,NA,NA,NA,NA,NA,NA,0,0,0,0,NA,NA,NA,NA,NA
"Wolfgang Braun","b1a4c388-3955-11ef-92b7-a36230ada079",NA,NA,1970,"12/19/1970","9a669dcd-3960-11ef-b17a-d3de5c174a65","away","Füchse Berlin","TSV 1896 Rintheim",8,16,FALSE,2,NA,NA,0,0,0,NA,0,0,0,0,0,0,NA,NA,NA,NA,NA,NA,NA,NA,0,0,0,0,NA,NA,NA,NA,NA
"Detlef Finkelmann","b1a8f927-3955-11ef-a009-a36230ada079",NA,NA,1970,"12/19/1970","9a669dcd-3960-11ef-b17a-d3de5c174a65","away","Füchse Berlin","TSV 1896 Rintheim",8,16,FALSE,1,NA,NA,0,0,0,NA,0,0,0,0,0,0,NA,NA,NA,NA,NA,NA,NA,NA,0,0,0,0,NA,NA,NA,NA,NA
"Bernd Goerigk","b1b21b0c-3955-11ef-a303-a36230ada079",NA,NA,1970,"12/19/1970","9a669dcd-3960-11ef-b17a-d3de5c174a65","away","Füchse Berlin","TSV 1896 Rintheim",8,16,FALSE,1,NA,NA,0,0,0,NA,0,0,0,0,0,0,NA,NA,NA,NA,NA,NA,NA,NA,0,0,0,0,NA,NA,NA,NA,NA
"Hermann Meßner","bbe217d4-3955-11ef-967e-ab397f561917",NA,NA,1970,"12/19/1970","9a669dcd-3960-11ef-b17a-d3de5c174a65","away","Füchse Berlin","TSV 1896 Rintheim",8,16,FALSE,0,NA,NA,0,0,0,NA,0,0,0,0,0,0,NA,NA,NA,NA,NA,NA,NA,NA,0,0,0,0,NA,NA,NA,NA,NA
"Sigmar Artelt","bdbc9392-3955-11ef-a3be-ab397f561917",NA,NA,1970,"12/19/1970","9a669dcd-3960-11ef-b17a-d3de5c174a65","away","Füchse Berlin","TSV 1896 Rintheim",8,16,FALSE,2,NA,NA,0,0,0,NA,0,0,0,0,0,0,NA,NA,NA,NA,NA,NA,NA,NA,0,0,0,0,NA,NA,NA,NA,NA
"Bernd Schäpe","d2d71288-3955-11ef-9959-a36230ada079",NA,NA,1970,"12/19/1970","9a669dcd-3960-11ef-b17a-d3de5c174a65","away","Füchse Berlin","TSV 1896 Rintheim",8,16,FALSE,0,NA,NA,0,0,0,NA,0,0,0,0,0,0,NA,NA,NA,NA,NA,NA,NA,NA,0,0,0,0,NA,NA,NA,NA,NA
"Bernd Redlich","d2e474a6-3955-11ef-a804-a36230ada079",NA,NA,1970,"12/19/1970","9a669dcd-3960-11ef-b17a-d3de5c174a65","away","Füchse Berlin","TSV 1896 Rintheim",8,16,FALSE,0,NA,NA,0,0,0,NA,0,0,0,0,0,0,NA,NA,NA,NA,NA,NA,NA,NA,0,0,0,0,NA,NA,NA,NA,NA
"Christian Heß","d2ed7816-3955-11ef-bfaf-a36230ada079",NA,NA,1970,"12/19/1970","9a669dcd-3960-11ef-b17a-d3de5c174a65","away","Füchse Berlin","TSV 1896 Rintheim",8,16,FALSE,0,NA,NA,0,0,0,NA,0,0,0,0,0,0,NA,NA,NA,NA,NA,NA,NA,NA,0,0,0,0,NA,NA,NA,NA,NA
"Hermann Mäurle","a44f95e3-3955-11ef-b53d-2510cc07ea6e",NA,NA,1970,"12/20/1970","98103752-3960-11ef-abfe-d3de5c174a65","home","SpVgg 1887 Möhringen","TV Hochdorf",26,18,TRUE,2,NA,NA,0,0,0,NA,0,0,0,0,0,0,NA,NA,NA,NA,NA,NA,NA,NA,0,0,0,0,NA,NA,NA,NA,NA
"Karl-Heinz Wolf","c8354cdd-3955-11ef-a1d6-157c9bc18a5f",NA,NA,1970,"12/20/1970","98103752-3960-11ef-abfe-d3de5c174a65","home","SpVgg 1887 Möhringen","TV Hochdorf",26,18,TRUE,3,NA,NA,0,0,0,NA,0,0,0,0,0,0,NA,NA,NA,NA,NA,NA,NA,NA,0,0,0,0,NA,NA,NA,NA,NA
"Gerd-Volker Stock","c8397c3c-3955-11ef-af12-157c9bc18a5f",NA,NA,1970,"12/20/1970","98103752-3960-11ef-abfe-d3de5c174a65","home","SpVgg 1887 Möhringen","TV Hochdorf",26,18,TRUE,2,NA,NA,0,0,0,NA,0,0,0,0,0,0,NA,NA,NA,NA,NA,NA,NA,NA,0,0,0,0,NA,NA,NA,NA,NA
"Dieter Schuh","c84c4c54-3955-11ef-9d35-157c9bc18a5f",NA,NA,1970,"12/20/1970","98103752-3960-11ef-abfe-d3de5c174a65","home","SpVgg 1887 Möhringen","TV Hochdorf",26,18,TRUE,2,NA,NA,0,0,0,NA,0,0,0,0,0,0,NA,NA,NA,NA,NA,NA,NA,NA,0,0,0,0,NA,NA,NA,NA,NA
"Lothar Scheffel","c850996c-3955-11ef-94a7-157c9bc18a5f",NA,NA,1970,"12/20/1970","98103752-3960-11ef-abfe-d3de5c174a65","home","SpVgg 1887 Möhringen","TV Hochdorf",26,18,TRUE,0,NA,NA,0,0,0,NA,0,0,0,0,0,0,NA,NA,NA,NA,NA,NA,NA,NA,0,0,0,0,NA,NA,NA,NA,NA
"Gerd Rössler","c854fdaa-3955-11ef-b318-157c9bc18a5f",NA,NA,1970,"12/20/1970","98103752-3960-11ef-abfe-d3de5c174a65","home","SpVgg 1887 Möhringen","TV Hochdorf",26,18,TRUE,2,NA,NA,0,0,0,NA,0,0,0,0,0,0,NA,NA,NA,NA,NA,NA,NA,NA,0,0,0,0,NA,NA,NA,NA,NA
"Karl-Heinz Steinbach","c864fc61-3955-11ef-bc13-157c9bc18a5f",NA,NA,1970,"12/20/1970","98103752-3960-11ef-abfe-d3de5c174a65","home","SpVgg 1887 Möhringen","TV Hochdorf",26,18,TRUE,2,NA,NA,0,0,0,NA,0,0,0,0,0,0,NA,NA,NA,NA,NA,NA,NA,NA,0,0,0,0,NA,NA,NA,NA,NA
"Wolfgang Schall","c869381d-3955-11ef-a2ed-157c9bc18a5f",NA,NA,1970,"12/20/1970","98103752-3960-11ef-abfe-d3de5c174a65","home","SpVgg 1887 Möhringen","TV Hochdorf",26,18,TRUE,5,NA,NA,0,0,0,NA,0,0,0,0,0,0,NA,NA,NA,NA,NA,NA,NA,NA,0,0,0,0,NA,NA,NA,NA,NA
"Klaus Eberhardt","d3228004-3955-11ef-8600-a36230ada079",NA,NA,1970,"12/20/1970","98103752-3960-11ef-abfe-d3de5c174a65","home","SpVgg 1887 Möhringen","TV Hochdorf",26,18,TRUE,3,NA,NA,0,0,0,NA,0,0,0,0,0,0,NA,NA,NA,NA,NA,NA,NA,NA,0,0,0,0,NA,NA,NA,NA,NA
"Robert Becker","ae8c50f9-3955-11ef-91c4-a36230ada079",NA,NA,1970,"12/20/1970","98103752-3960-11ef-abfe-d3de5c174a65","away","TV Hochdorf","SpVgg 1887 Möhringen",18,26,FALSE,2,NA,NA,0,0,1,NA,0,0,0,0,0,0,NA,NA,NA,NA,NA,NA,NA,NA,0,0,0,0,NA,NA,NA,NA,NA
"Jürgen Hahn","ae947745-3955-11ef-bc54-a36230ada079",NA,NA,1970,"12/20/1970","98103752-3960-11ef-abfe-d3de5c174a65","away","TV Hochdorf","SpVgg 1887 Möhringen",18,26,FALSE,7,NA,NA,0,0,0,NA,0,0,0,0,0,0,NA,NA,NA,NA,NA,NA,NA,NA,0,0,0,0,NA,NA,NA,NA,NA
"Wilfried Job","af3ed007-3955-11ef-9184-a36230ada079",NA,NA,1970,"12/20/1970","98103752-3960-11ef-abfe-d3de5c174a65","away","TV Hochdorf","SpVgg 1887 Möhringen",18,26,FALSE,1,NA,NA,0,0,0,NA,0,0,0,0,0,0,NA,NA,NA,NA,NA,NA,NA,NA,0,0,0,0,NA,NA,NA,NA,NA
"Hans Stein","bde4861d-3955-11ef-a14e-ab397f561917",NA,NA,1970,"12/20/1970","98103752-3960-11ef-abfe-d3de5c174a65","away","TV Hochdorf","SpVgg 1887 Möhringen",18,26,FALSE,1,NA,NA,0,0,0,NA,0,0,0,0,0,0,NA,NA,NA,NA,NA,NA,NA,NA,0,0,0,0,NA,NA,NA,NA,NA
"Edwin Hutter","c93080aa-3955-11ef-85b4-157c9bc18a5f",NA,NA,1970,"12/20/1970","98103752-3960-11ef-abfe-d3de5c174a65","away","TV Hochdorf","SpVgg 1887 Möhringen",18,26,FALSE,1,NA,NA,0,0,0,NA,0,0,0,0,0,0,NA,NA,NA,NA,NA,NA,NA,NA,0,0,0,0,NA,NA,NA,NA,NA
"Hans Schmitz","c9354efe-3955-11ef-b77a-157c9bc18a5f",NA,NA,1970,"12/20/1970","98103752-3960-11ef-abfe-d3de5c174a65","away","TV Hochdorf","SpVgg 1887 Möhringen",18,26,FALSE,1,NA,NA,0,0,0,NA,0,0,0,0,0,0,NA,NA,NA,NA,NA,NA,NA,NA,0,0,0,0,NA,NA,NA,NA,NA
"Willi Butz","c945a2f1-3955-11ef-8b53-157c9bc18a5f",NA,NA,1970,"12/20/1970","98103752-3960-11ef-abfe-d3de5c174a65","away","TV Hochdorf","SpVgg 1887 Möhringen",18,26,FALSE,0,NA,NA,0,0,0,NA,0,0,0,0,0,0,NA,NA,NA,NA,NA,NA,NA,NA,0,0,0,0,NA,NA,NA,NA,NA
"Peter Frisch","c94a46b7-3955-11ef-8686-157c9bc18a5f",NA,NA,1970,"12/20/1970","98103752-3960-11ef-abfe-d3de5c174a65","away","TV Hochdorf","SpVgg 1887 Möhringen",18,26,FALSE,3,NA,NA,0,0,0,NA,0,0,0,0,0,0,NA,NA,NA,NA,NA,NA,NA,NA,0,0,0,0,NA,NA,NA,NA,NA
"Werner Matill","c9539495-3955-11ef-9bff-157c9bc18a5f",NA,NA,1970,"12/20/1970","98103752-3960-11ef-abfe-d3de5c174a65","away","TV Hochdorf","SpVgg 1887 Möhringen",18,26,FALSE,2,NA,NA,0,0,0,NA,0,0,0,0,0,0,NA,NA,NA,NA,NA,NA,NA,NA,0,0,0,0,NA,NA,NA,NA,NA
"Alois Ehmann","d286fca5-3955-11ef-a9e5-a36230ada079",NA,NA,1970,"12/20/1970","98103752-3960-11ef-abfe-d3de5c174a65","away","TV Hochdorf","SpVgg 1887 Möhringen",18,26,FALSE,0,NA,NA,0,0,0,NA,0,0,0,0,0,0,NA,NA,NA,NA,NA,NA,NA,NA,0,0,0,0,NA,NA,NA,NA,NA
"Hans Moser","7e83ce46-3955-11ef-830d-b908c60af10a",NA,NA,1970,"12/20/1970","990a737c-3960-11ef-bdb5-d3de5c174a65","home","TSV Milbertshofen","S3L Handball",18,19,FALSE,9,NA,NA,0,0,4,NA,0,0,0,0,0,0,NA,NA,NA,NA,NA,NA,NA,NA,0,0,0,0,NA,NA,NA,NA,NA
"Gerhard Ochsenkühn","97259ed1-3955-11ef-96ca-292be3190b7b",NA,NA,1970,"12/20/1970","990a737c-3960-11ef-bdb5-d3de5c174a65","home","TSV Milbertshofen","S3L Handball",18,19,FALSE,0,NA,NA,0,0,0,NA,0,0,0,0,0,0,NA,NA,NA,NA,NA,NA,NA,NA,0,0,0,0,NA,NA,NA,NA,NA
"Josef Kiener","972d7d47-3955-11ef-a437-292be3190b7b",NA,NA,1970,"12/20/1970","990a737c-3960-11ef-bdb5-d3de5c174a65","home","TSV Milbertshofen","S3L Handball",18,19,FALSE,2,NA,NA,0,0,0,NA,0,0,0,0,0,0,NA,NA,NA,NA,NA,NA,NA,NA,0,0,0,0,NA,NA,NA,NA,NA
"Rudolf Dobler","97ac407c-3955-11ef-9ea9-292be3190b7b",NA,NA,1970,"12/20/1970","990a737c-3960-11ef-bdb5-d3de5c174a65","home","TSV Milbertshofen","S3L Handball",18,19,FALSE,0,NA,NA,0,0,0,NA,0,0,0,0,0,0,NA,NA,NA,NA,NA,NA,NA,NA,0,0,0,0,NA,NA,NA,NA,NA
"Helmut Schelchshorn","b1c960ef-3955-11ef-850b-a36230ada079",NA,NA,1970,"12/20/1970","990a737c-3960-11ef-bdb5-d3de5c174a65","home","TSV Milbertshofen","S3L Handball",18,19,FALSE,0,NA,NA,0,0,0,NA,0,0,0,0,0,0,NA,NA,NA,NA,NA,NA,NA,NA,0,0,0,0,NA,NA,NA,NA,NA
"Peter Feddern","bc1b1b3e-3955-11ef-9c4e-ab397f561917",NA,NA,1970,"12/20/1970","990a737c-3960-11ef-bdb5-d3de5c174a65","home","TSV Milbertshofen","S3L Handball",18,19,FALSE,0,NA,NA,0,0,0,NA,0,0,0,0,0,0,NA,NA,NA,NA,NA,NA,NA,NA,0,0,0,0,NA,NA,NA,NA,NA
"Volker Filipp","c6bca602-3955-11ef-8195-157c9bc18a5f",NA,NA,1970,"12/20/1970","990a737c-3960-11ef-bdb5-d3de5c174a65","home","TSV Milbertshofen","S3L Handball",18,19,FALSE,1,NA,NA,0,0,0,NA,0,0,0,0,0,0,NA,NA,NA,NA,NA,NA,NA,NA,0,0,0,0,NA,NA,NA,NA,NA
"Karl Donndorf","c821c668-3955-11ef-a20c-157c9bc18a5f",NA,NA,1970,"12/20/1970","990a737c-3960-11ef-bdb5-d3de5c174a65","home","TSV Milbertshofen","S3L Handball",18,19,FALSE,5,NA,NA,0,0,0,NA,0,0,0,0,0,0,NA,NA,NA,NA,NA,NA,NA,NA,0,0,0,0,NA,NA,NA,NA,NA
"Arnold Gaitzsch","c99ecd8f-3955-11ef-a93a-157c9bc18a5f",NA,NA,1970,"12/20/1970","990a737c-3960-11ef-bdb5-d3de5c174a65","home","TSV Milbertshofen","S3L Handball",18,19,FALSE,1,NA,NA,0,0,0,NA,0,0,0,0,0,0,NA,NA,NA,NA,NA,NA,NA,NA,0,0,0,0,NA,NA,NA,NA,NA
"Peter Pyrges","c9b28b8a-3955-11ef-9887-157c9bc18a5f",NA,NA,1970,"12/20/1970","990a737c-3960-11ef-bdb5-d3de5c174a65","home","TSV Milbertshofen","S3L Handball",18,19,FALSE,0,NA,NA,0,0,0,NA,0,0,0,0,0,0,NA,NA,NA,NA,NA,NA,NA,NA,0,0,0,0,NA,NA,NA,NA,NA
"Jens Schmitt","bb8d4110-3955-11ef-8fb2-ab397f561917",NA,NA,1970,"12/20/1970","990a737c-3960-11ef-bdb5-d3de5c174a65","away","S3L Handball","TSV Milbertshofen",19,18,TRUE,2,NA,NA,0,0,0,NA,0,0,0,0,0,0,NA,NA,NA,NA,NA,NA,NA,NA,0,0,0,0,NA,NA,NA,NA,NA
"Werner Pruscha","bb9c8e56-3955-11ef-ac18-ab397f561917",NA,NA,1970,"12/20/1970","990a737c-3960-11ef-bdb5-d3de5c174a65","away","S3L Handball","TSV Milbertshofen",19,18,TRUE,2,NA,NA,0,0,0,NA,0,0,0,0,0,0,NA,NA,NA,NA,NA,NA,NA,NA,0,0,0,0,NA,NA,NA,NA,NA
"Wolfhardt Bühler","bba2fc92-3955-11ef-a8d6-ab397f561917",NA,NA,1970,"12/20/1970","990a737c-3960-11ef-bdb5-d3de5c174a65","away","S3L Handball","TSV Milbertshofen",19,18,TRUE,5,NA,NA,0,0,2,NA,0,0,0,0,0,0,NA,NA,NA,NA,NA,NA,NA,NA,0,0,0,0,NA,NA,NA,NA,NA
"Wolfgang Ries","bba77d9e-3955-11ef-939a-ab397f561917",NA,NA,1970,"12/20/1970","990a737c-3960-11ef-bdb5-d3de5c174a65","away","S3L Handball","TSV Milbertshofen",19,18,TRUE,0,NA,NA,0,0,0,NA,0,0,0,0,0,0,NA,NA,NA,NA,NA,NA,NA,NA,0,0,0,0,NA,NA,NA,NA,NA
"Gerd Schmitt","bbb09cf8-3955-11ef-97db-ab397f561917",NA,NA,1970,"12/20/1970","990a737c-3960-11ef-bdb5-d3de5c174a65","away","S3L Handball","TSV Milbertshofen",19,18,TRUE,0,NA,NA,0,0,0,NA,0,0,0,0,0,0,NA,NA,NA,NA,NA,NA,NA,NA,0,0,0,0,NA,NA,NA,NA,NA
"Herbert Hönnige","c7e7cc14-3955-11ef-af0e-157c9bc18a5f",NA,NA,1970,"12/20/1970","990a737c-3960-11ef-bdb5-d3de5c174a65","away","S3L Handball","TSV Milbertshofen",19,18,TRUE,2,NA,NA,0,0,0,NA,0,0,0,0,0,0,NA,NA,NA,NA,NA,NA,NA,NA,0,0,0,0,NA,NA,NA,NA,NA
"Jürgen Plambeck","c95d267b-3955-11ef-9a98-157c9bc18a5f",NA,NA,1970,"12/20/1970","990a737c-3960-11ef-bdb5-d3de5c174a65","away","S3L Handball","TSV Milbertshofen",19,18,TRUE,1,NA,NA,0,0,0,NA,0,0,0,0,0,0,NA,NA,NA,NA,NA,NA,NA,NA,0,0,0,0,NA,NA,NA,NA,NA
"Josef Hutter","c96148ae-3955-11ef-a005-157c9bc18a5f",NA,NA,1970,"12/20/1970","990a737c-3960-11ef-bdb5-d3de5c174a65","away","S3L Handball","TSV Milbertshofen",19,18,TRUE,4,NA,NA,0,0,2,NA,0,0,0,0,0,0,NA,NA,NA,NA,NA,NA,NA,NA,0,0,0,0,NA,NA,NA,NA,NA
"Rolf Seltner","c96574fc-3955-11ef-a37f-157c9bc18a5f",NA,NA,1970,"12/20/1970","990a737c-3960-11ef-bdb5-d3de5c174a65","away","S3L Handball","TSV Milbertshofen",19,18,TRUE,2,NA,NA,0,0,0,NA,0,0,0,0,0,0,NA,NA,NA,NA,NA,NA,NA,NA,0,0,0,0,NA,NA,NA,NA,NA
"Norbert Schmitt","d2a1de09-3955-11ef-b7be-a36230ada079",NA,NA,1970,"12/20/1970","990a737c-3960-11ef-bdb5-d3de5c174a65","away","S3L Handball","TSV Milbertshofen",19,18,TRUE,1,NA,NA,0,0,0,NA,0,0,0,0,0,0,NA,NA,NA,NA,NA,NA,NA,NA,0,0,0,0,NA,NA,NA,NA,NA
"Wolf-Dieter Nagel","8d41486b-3955-11ef-8d22-81dc40648355",NA,NA,1970,"12/26/1970","9823e78b-3960-11ef-a9e8-d3de5c174a65","home","TSV 1896 Rintheim","TV Hochdorf",12,9,TRUE,0,NA,NA,0,0,0,NA,0,0,0,0,0,0,NA,NA,NA,NA,NA,NA,NA,NA,0,0,0,0,NA,NA,NA,NA,NA
"Bernd Seibel","bc6670d9-3955-11ef-b849-ab397f561917",NA,NA,1970,"12/26/1970","9823e78b-3960-11ef-a9e8-d3de5c174a65","home","TSV 1896 Rintheim","TV Hochdorf",12,9,TRUE,3,NA,NA,0,0,0,NA,0,0,0,0,0,0,NA,NA,NA,NA,NA,NA,NA,NA,0,0,0,0,NA,NA,NA,NA,NA
"Wolfgang Dillenberger","bc6a40c8-3955-11ef-8c9f-ab397f561917",NA,NA,1970,"12/26/1970","9823e78b-3960-11ef-a9e8-d3de5c174a65","home","TSV 1896 Rintheim","TV Hochdorf",12,9,TRUE,2,NA,NA,0,0,0,NA,0,0,0,0,0,0,NA,NA,NA,NA,NA,NA,NA,NA,0,0,0,0,NA,NA,NA,NA,NA
"Max Ullrich","c6e110c6-3955-11ef-83e4-157c9bc18a5f",NA,NA,1970,"12/26/1970","9823e78b-3960-11ef-a9e8-d3de5c174a65","home","TSV 1896 Rintheim","TV Hochdorf",12,9,TRUE,0,NA,NA,0,0,0,NA,0,0,0,0,0,0,NA,NA,NA,NA,NA,NA,NA,NA,0,0,0,0,NA,NA,NA,NA,NA
"Roland Schubach","c8722d8e-3955-11ef-b351-157c9bc18a5f",NA,NA,1970,"12/26/1970","9823e78b-3960-11ef-a9e8-d3de5c174a65","home","TSV 1896 Rintheim","TV Hochdorf",12,9,TRUE,0,NA,NA,0,0,0,NA,0,0,0,0,0,0,NA,NA,NA,NA,NA,NA,NA,NA,0,0,0,0,NA,NA,NA,NA,NA
"Siegfried Brabec","c87758a1-3955-11ef-9dbd-157c9bc18a5f",NA,NA,1970,"12/26/1970","9823e78b-3960-11ef-a9e8-d3de5c174a65","home","TSV 1896 Rintheim","TV Hochdorf",12,9,TRUE,0,NA,NA,0,0,0,NA,0,0,0,0,0,0,NA,NA,NA,NA,NA,NA,NA,NA,0,0,0,0,NA,NA,NA,NA,NA
"Josef Bechler","c88a53f3-3955-11ef-bd99-157c9bc18a5f",NA,NA,1970,"12/26/1970","9823e78b-3960-11ef-a9e8-d3de5c174a65","home","TSV 1896 Rintheim","TV Hochdorf",12,9,TRUE,2,NA,NA,0,0,0,NA,0,0,0,0,0,0,NA,NA,NA,NA,NA,NA,NA,NA,0,0,0,0,NA,NA,NA,NA,NA
"Karl Wackershauser","d338c73b-3955-11ef-bb70-a36230ada079",NA,NA,1970,"12/26/1970","9823e78b-3960-11ef-a9e8-d3de5c174a65","home","TSV 1896 Rintheim","TV Hochdorf",12,9,TRUE,0,NA,NA,0,0,0,NA,0,0,0,0,0,0,NA,NA,NA,NA,NA,NA,NA,NA,0,0,0,0,NA,NA,NA,NA,NA
"Winfried Gaus","d33d97ff-3955-11ef-adfc-a36230ada079",NA,NA,1970,"12/26/1970","9823e78b-3960-11ef-a9e8-d3de5c174a65","home","TSV 1896 Rintheim","TV Hochdorf",12,9,TRUE,0,NA,NA,0,0,0,NA,0,0,0,0,0,0,NA,NA,NA,NA,NA,NA,NA,NA,0,0,0,0,NA,NA,NA,NA,NA
"Jürgen Klatt","d347e8de-3955-11ef-a056-a36230ada079",NA,NA,1970,"12/26/1970","9823e78b-3960-11ef-a9e8-d3de5c174a65","home","TSV 1896 Rintheim","TV Hochdorf",12,9,TRUE,0,NA,NA,0,0,0,NA,0,0,0,0,0,0,NA,NA,NA,NA,NA,NA,NA,NA,0,0,0,0,NA,NA,NA,NA,NA
"Edwin Schmidkunz","d352cbf0-3955-11ef-a520-a36230ada079",NA,NA,1970,"12/26/1970","9823e78b-3960-11ef-a9e8-d3de5c174a65","home","TSV 1896 Rintheim","TV Hochdorf",12,9,TRUE,5,NA,NA,0,0,4,NA,0,0,0,0,0,0,NA,NA,NA,NA,NA,NA,NA,NA,0,0,0,0,NA,NA,NA,NA,NA
"Manfred Müller","ae54e819-3955-11ef-81e8-a36230ada079",NA,NA,1970,"12/26/1970","9823e78b-3960-11ef-a9e8-d3de5c174a65","away","TV Hochdorf","TSV 1896 Rintheim",9,12,FALSE,0,NA,NA,0,0,0,NA,0,0,0,0,0,0,NA,NA,NA,NA,NA,NA,NA,NA,0,0,0,0,NA,NA,NA,NA,NA
"Robert Becker","ae8c50f9-3955-11ef-91c4-a36230ada079",NA,NA,1970,"12/26/1970","9823e78b-3960-11ef-a9e8-d3de5c174a65","away","TV Hochdorf","TSV 1896 Rintheim",9,12,FALSE,1,NA,NA,0,0,1,NA,0,0,0,0,0,0,NA,NA,NA,NA,NA,NA,NA,NA,0,0,0,0,NA,NA,NA,NA,NA
"Jürgen Hahn","ae947745-3955-11ef-bc54-a36230ada079",NA,NA,1970,"12/26/1970","9823e78b-3960-11ef-a9e8-d3de5c174a65","away","TV Hochdorf","TSV 1896 Rintheim",9,12,FALSE,4,NA,NA,0,0,0,NA,0,0,0,0,0,0,NA,NA,NA,NA,NA,NA,NA,NA,0,0,0,0,NA,NA,NA,NA,NA
"Wilfried Job","af3ed007-3955-11ef-9184-a36230ada079",NA,NA,1970,"12/26/1970","9823e78b-3960-11ef-a9e8-d3de5c174a65","away","TV Hochdorf","TSV 1896 Rintheim",9,12,FALSE,0,NA,NA,0,0,0,NA,0,0,0,0,0,0,NA,NA,NA,NA,NA,NA,NA,NA,0,0,0,0,NA,NA,NA,NA,NA
"Hans Stein","bde4861d-3955-11ef-a14e-ab397f561917",NA,NA,1970,"12/26/1970","9823e78b-3960-11ef-a9e8-d3de5c174a65","away","TV Hochdorf","TSV 1896 Rintheim",9,12,FALSE,0,NA,NA,0,0,0,NA,0,0,0,0,0,0,NA,NA,NA,NA,NA,NA,NA,NA,0,0,0,0,NA,NA,NA,NA,NA
"Hans Schmitz","c9354efe-3955-11ef-b77a-157c9bc18a5f",NA,NA,1970,"12/26/1970","9823e78b-3960-11ef-a9e8-d3de5c174a65","away","TV Hochdorf","TSV 1896 Rintheim",9,12,FALSE,1,NA,NA,0,0,0,NA,0,0,0,0,0,0,NA,NA,NA,NA,NA,NA,NA,NA,0,0,0,0,NA,NA,NA,NA,NA
"Willi Butz","c945a2f1-3955-11ef-8b53-157c9bc18a5f",NA,NA,1970,"12/26/1970","9823e78b-3960-11ef-a9e8-d3de5c174a65","away","TV Hochdorf","TSV 1896 Rintheim",9,12,FALSE,0,NA,NA,0,0,0,NA,0,0,0,0,0,0,NA,NA,NA,NA,NA,NA,NA,NA,0,0,0,0,NA,NA,NA,NA,NA
"Peter Frisch","c94a46b7-3955-11ef-8686-157c9bc18a5f",NA,NA,1970,"12/26/1970","9823e78b-3960-11ef-a9e8-d3de5c174a65","away","TV Hochdorf","TSV 1896 Rintheim",9,12,FALSE,2,NA,NA,0,0,0,NA,0,0,0,0,0,0,NA,NA,NA,NA,NA,NA,NA,NA,0,0,0,0,NA,NA,NA,NA,NA
"Werner Matill","c9539495-3955-11ef-9bff-157c9bc18a5f",NA,NA,1970,"12/26/1970","9823e78b-3960-11ef-a9e8-d3de5c174a65","away","TV Hochdorf","TSV 1896 Rintheim",9,12,FALSE,0,NA,NA,0,0,0,NA,0,0,0,0,0,0,NA,NA,NA,NA,NA,NA,NA,NA,0,0,0,0,NA,NA,NA,NA,NA
"Alois Ehmann","d286fca5-3955-11ef-a9e5-a36230ada079",NA,NA,1970,"12/26/1970","9823e78b-3960-11ef-a9e8-d3de5c174a65","away","TV Hochdorf","TSV 1896 Rintheim",9,12,FALSE,0,NA,NA,0,0,0,NA,0,0,0,0,0,0,NA,NA,NA,NA,NA,NA,NA,NA,0,0,0,0,NA,NA,NA,NA,NA
"Franz Knoll","d29151cb-3955-11ef-a532-a36230ada079",NA,NA,1970,"12/26/1970","9823e78b-3960-11ef-a9e8-d3de5c174a65","away","TV Hochdorf","TSV 1896 Rintheim",9,12,FALSE,1,NA,NA,0,0,0,NA,0,0,0,0,0,0,NA,NA,NA,NA,NA,NA,NA,NA,0,0,0,0,NA,NA,NA,NA,NA
"Karl-Heinz Schulz","72847241-3955-11ef-8bd4-51fdf2a82730",NA,NA,1970,"12/30/1970","90b106ca-3960-11ef-ad81-9b08c5d4c173","home","TuS 05 Wellinghofen","SC Phönix Essen 1920",18,17,TRUE,1,NA,NA,0,0,0,NA,0,0,0,0,0,0,NA,NA,NA,NA,NA,NA,NA,NA,0,0,0,0,NA,NA,NA,NA,NA
"Heiner Möller","8d7571e4-3955-11ef-b1d3-81dc40648355",NA,NA,1970,"12/30/1970","90b106ca-3960-11ef-ad81-9b08c5d4c173","home","TuS 05 Wellinghofen","SC Phönix Essen 1920",18,17,TRUE,5,NA,NA,0,0,0,NA,0,0,0,0,0,0,NA,NA,NA,NA,NA,NA,NA,NA,0,0,0,0,NA,NA,NA,NA,NA
"Hans-Peter Neuhaus","8d9d3887-3955-11ef-80a3-81dc40648355",NA,NA,1970,"12/30/1970","90b106ca-3960-11ef-ad81-9b08c5d4c173","home","TuS 05 Wellinghofen","SC Phönix Essen 1920",18,17,TRUE,5,NA,NA,0,0,2,NA,0,0,0,0,0,0,NA,NA,NA,NA,NA,NA,NA,NA,0,0,0,0,NA,NA,NA,NA,NA
"Rainer Gosewinkel","a4d61156-3955-11ef-8406-2510cc07ea6e",NA,NA,1970,"12/30/1970","90b106ca-3960-11ef-ad81-9b08c5d4c173","home","TuS 05 Wellinghofen","SC Phönix Essen 1920",18,17,TRUE,3,NA,NA,0,0,0,NA,0,0,0,0,0,0,NA,NA,NA,NA,NA,NA,NA,NA,0,0,0,0,NA,NA,NA,NA,NA
"Klaus Erwe","a4f54a19-3955-11ef-b48a-2510cc07ea6e",NA,NA,1970,"12/30/1970","90b106ca-3960-11ef-ad81-9b08c5d4c173","home","TuS 05 Wellinghofen","SC Phönix Essen 1920",18,17,TRUE,0,NA,NA,0,0,0,NA,0,0,0,0,0,0,NA,NA,NA,NA,NA,NA,NA,NA,0,0,0,0,NA,NA,NA,NA,NA
"Burkhard Gröning","a52c6e4f-3955-11ef-a576-2510cc07ea6e",NA,NA,1970,"12/30/1970","90b106ca-3960-11ef-ad81-9b08c5d4c173","home","TuS 05 Wellinghofen","SC Phönix Essen 1920",18,17,TRUE,1,NA,NA,0,0,0,NA,0,0,0,0,0,0,NA,NA,NA,NA,NA,NA,NA,NA,0,0,0,0,NA,NA,NA,NA,NA
"Klaus Tiews","a531838f-3955-11ef-8e99-2510cc07ea6e",NA,NA,1970,"12/30/1970","90b106ca-3960-11ef-ad81-9b08c5d4c173","home","TuS 05 Wellinghofen","SC Phönix Essen 1920",18,17,TRUE,1,NA,NA,0,0,0,NA,0,0,0,0,0,0,NA,NA,NA,NA,NA,NA,NA,NA,0,0,0,0,NA,NA,NA,NA,NA
"Hans-Jürgen Sengera","ba7fae8e-3955-11ef-80e4-ab397f561917",NA,NA,1970,"12/30/1970","90b106ca-3960-11ef-ad81-9b08c5d4c173","home","TuS 05 Wellinghofen","SC Phönix Essen 1920",18,17,TRUE,0,NA,NA,0,0,0,NA,0,0,0,0,0,0,NA,NA,NA,NA,NA,NA,NA,NA,0,0,0,0,NA,NA,NA,NA,NA
"Ulrich Thubeauville","c76555ef-3955-11ef-9f3a-157c9bc18a5f",NA,NA,1970,"12/30/1970","90b106ca-3960-11ef-ad81-9b08c5d4c173","home","TuS 05 Wellinghofen","SC Phönix Essen 1920",18,17,TRUE,2,NA,NA,0,0,0,NA,0,0,0,0,0,0,NA,NA,NA,NA,NA,NA,NA,NA,0,0,0,0,NA,NA,NA,NA,NA
"Burkhardt Eckardt","c76d08cb-3955-11ef-8fa7-157c9bc18a5f",NA,NA,1970,"12/30/1970","90b106ca-3960-11ef-ad81-9b08c5d4c173","home","TuS 05 Wellinghofen","SC Phönix Essen 1920",18,17,TRUE,0,NA,NA,0,0,0,NA,0,0,0,0,0,0,NA,NA,NA,NA,NA,NA,NA,NA,0,0,0,0,NA,NA,NA,NA,NA
"Gerd Thiele","c9f7a8d5-3955-11ef-93d4-157c9bc18a5f",NA,NA,1970,"12/30/1970","90b106ca-3960-11ef-ad81-9b08c5d4c173","home","TuS 05 Wellinghofen","SC Phönix Essen 1920",18,17,TRUE,0,NA,NA,0,0,0,NA,0,0,0,0,0,0,NA,NA,NA,NA,NA,NA,NA,NA,0,0,0,0,NA,NA,NA,NA,NA
"Werner Kühn","a5a83923-3955-11ef-abc5-2510cc07ea6e",NA,NA,1970,"12/30/1970","90b106ca-3960-11ef-ad81-9b08c5d4c173","away","SC Phönix Essen 1920","TuS 05 Wellinghofen",17,18,FALSE,1,NA,NA,0,0,0,NA,0,0,0,0,0,0,NA,NA,NA,NA,NA,NA,NA,NA,0,0,0,0,NA,NA,NA,NA,NA
"Heinz Oberscheidt","a5ae94f2-3955-11ef-91fc-2510cc07ea6e",NA,NA,1970,"12/30/1970","90b106ca-3960-11ef-ad81-9b08c5d4c173","away","SC Phönix Essen 1920","TuS 05 Wellinghofen",17,18,FALSE,2,NA,NA,0,0,0,NA,0,0,0,0,0,0,NA,NA,NA,NA,NA,NA,NA,NA,0,0,0,0,NA,NA,NA,NA,NA
"Norbert Meister","a610e086-3955-11ef-bf85-2510cc07ea6e",NA,NA,1970,"12/30/1970","90b106ca-3960-11ef-ad81-9b08c5d4c173","away","SC Phönix Essen 1920","TuS 05 Wellinghofen",17,18,FALSE,0,NA,NA,0,0,0,NA,0,0,0,0,0,0,NA,NA,NA,NA,NA,NA,NA,NA,0,0,0,0,NA,NA,NA,NA,NA
"Rüdiger Hillebrand","b0c11a9c-3955-11ef-bf0d-a36230ada079",NA,NA,1970,"12/30/1970","90b106ca-3960-11ef-ad81-9b08c5d4c173","away","SC Phönix Essen 1920","TuS 05 Wellinghofen",17,18,FALSE,0,NA,NA,0,0,0,NA,0,0,0,0,0,0,NA,NA,NA,NA,NA,NA,NA,NA,0,0,0,0,NA,NA,NA,NA,NA
"Bernd Tolksdorf","bae02284-3955-11ef-b577-ab397f561917",NA,NA,1970,"12/30/1970","90b106ca-3960-11ef-ad81-9b08c5d4c173","away","SC Phönix Essen 1920","TuS 05 Wellinghofen",17,18,FALSE,0,NA,NA,0,0,0,NA,0,0,0,0,0,0,NA,NA,NA,NA,NA,NA,NA,NA,0,0,0,0,NA,NA,NA,NA,NA
"Marinko Andrić","bae9ac2f-3955-11ef-863e-ab397f561917",NA,NA,1970,"12/30/1970","90b106ca-3960-11ef-ad81-9b08c5d4c173","away","SC Phönix Essen 1920","TuS 05 Wellinghofen",17,18,FALSE,3,NA,NA,0,0,2,NA,0,0,0,0,0,0,NA,NA,NA,NA,NA,NA,NA,NA,0,0,0,0,NA,NA,NA,NA,NA
"Michael Hattig","bd52f5b1-3955-11ef-ba0c-ab397f561917",NA,NA,1970,"12/30/1970","90b106ca-3960-11ef-ad81-9b08c5d4c173","away","SC Phönix Essen 1920","TuS 05 Wellinghofen",17,18,FALSE,5,NA,NA,0,0,0,NA,0,0,0,0,0,0,NA,NA,NA,NA,NA,NA,NA,NA,0,0,0,0,NA,NA,NA,NA,NA
"Peter Fischer","bd861af2-3955-11ef-a655-ab397f561917",NA,NA,1970,"12/30/1970","90b106ca-3960-11ef-ad81-9b08c5d4c173","away","SC Phönix Essen 1920","TuS 05 Wellinghofen",17,18,FALSE,0,NA,NA,0,0,0,NA,0,0,0,0,0,0,NA,NA,NA,NA,NA,NA,NA,NA,0,0,0,0,NA,NA,NA,NA,NA
"Andrija Kotlas","bde016f5-3955-11ef-b96c-ab397f561917",NA,NA,1970,"12/30/1970","90b106ca-3960-11ef-ad81-9b08c5d4c173","away","SC Phönix Essen 1920","TuS 05 Wellinghofen",17,18,FALSE,3,NA,NA,0,0,0,NA,0,0,0,0,0,0,NA,NA,NA,NA,NA,NA,NA,NA,0,0,0,0,NA,NA,NA,NA,NA
"Carl-Bernd Behler","c79d213f-3955-11ef-a773-157c9bc18a5f",NA,NA,1970,"12/30/1970","90b106ca-3960-11ef-ad81-9b08c5d4c173","away","SC Phönix Essen 1920","TuS 05 Wellinghofen",17,18,FALSE,0,NA,NA,0,0,0,NA,0,0,0,0,0,0,NA,NA,NA,NA,NA,NA,NA,NA,0,0,0,0,NA,NA,NA,NA,NA
"Ernst Weise","c90cdba3-3955-11ef-b068-157c9bc18a5f",NA,NA,1970,"12/30/1970","90b106ca-3960-11ef-ad81-9b08c5d4c173","away","SC Phönix Essen 1920","TuS 05 Wellinghofen",17,18,FALSE,3,NA,NA,0,0,0,NA,0,0,0,0,0,0,NA,NA,NA,NA,NA,NA,NA,NA,0,0,0,0,NA,NA,NA,NA,NA
"Herbert Rogge","b06614d7-3955-11ef-a43b-a36230ada079",NA,NA,1970,"1/2/1971","911bd636-3960-11ef-84b3-9b08c5d4c173","home","VfL Lübeck-Schwartau","TV Krefeld-Oppum 1894",20,12,TRUE,1,NA,NA,0,0,0,NA,0,0,0,0,0,0,NA,NA,NA,NA,NA,NA,NA,NA,0,0,0,0,NA,NA,NA,NA,NA
"Ingo Callies","b0b0659b-3955-11ef-87aa-a36230ada079",NA,NA,1970,"1/2/1971","911bd636-3960-11ef-84b3-9b08c5d4c173","home","VfL Lübeck-Schwartau","TV Krefeld-Oppum 1894",20,12,TRUE,7,NA,NA,0,0,2,NA,0,0,0,0,0,0,NA,NA,NA,NA,NA,NA,NA,NA,0,0,0,0,NA,NA,NA,NA,NA
"Michael Dogs","b0cecb4a-3955-11ef-b665-a36230ada079",NA,NA,1970,"1/2/1971","911bd636-3960-11ef-84b3-9b08c5d4c173","home","VfL Lübeck-Schwartau","TV Krefeld-Oppum 1894",20,12,TRUE,0,NA,NA,0,0,0,NA,0,0,0,0,0,0,NA,NA,NA,NA,NA,NA,NA,NA,0,0,0,0,NA,NA,NA,NA,NA
"Joachim Römer","b0dcb8e7-3955-11ef-83ab-a36230ada079",NA,NA,1970,"1/2/1971","911bd636-3960-11ef-84b3-9b08c5d4c173","home","VfL Lübeck-Schwartau","TV Krefeld-Oppum 1894",20,12,TRUE,2,NA,NA,0,0,0,NA,0,0,0,0,0,0,NA,NA,NA,NA,NA,NA,NA,NA,0,0,0,0,NA,NA,NA,NA,NA
"Peter Görtz","b0e9ae8f-3955-11ef-aa48-a36230ada079",NA,NA,1970,"1/2/1971","911bd636-3960-11ef-84b3-9b08c5d4c173","home","VfL Lübeck-Schwartau","TV Krefeld-Oppum 1894",20,12,TRUE,3,NA,NA,0,0,2,NA,0,0,0,0,0,0,NA,NA,NA,NA,NA,NA,NA,NA,0,0,0,0,NA,NA,NA,NA,NA
"Ulrich Kleinstoll","b0f37438-3955-11ef-84e6-a36230ada079",NA,NA,1970,"1/2/1971","911bd636-3960-11ef-84b3-9b08c5d4c173","home","VfL Lübeck-Schwartau","TV Krefeld-Oppum 1894",20,12,TRUE,1,NA,NA,0,0,0,NA,0,0,0,0,0,0,NA,NA,NA,NA,NA,NA,NA,NA,0,0,0,0,NA,NA,NA,NA,NA
"Geert Geusendam","baee7cab-3955-11ef-95ba-ab397f561917",NA,NA,1970,"1/2/1971","911bd636-3960-11ef-84b3-9b08c5d4c173","home","VfL Lübeck-Schwartau","TV Krefeld-Oppum 1894",20,12,TRUE,0,NA,NA,0,0,0,NA,0,0,0,0,0,0,NA,NA,NA,NA,NA,NA,NA,NA,0,0,0,0,NA,NA,NA,NA,NA
"Georg Pohl","baff6cee-3955-11ef-a80f-ab397f561917",NA,NA,1970,"1/2/1971","911bd636-3960-11ef-84b3-9b08c5d4c173","home","VfL Lübeck-Schwartau","TV Krefeld-Oppum 1894",20,12,TRUE,2,NA,NA,0,0,0,NA,0,0,0,0,0,0,NA,NA,NA,NA,NA,NA,NA,NA,0,0,0,0,NA,NA,NA,NA,NA
"Jochen Krummland","c7b078f7-3955-11ef-932e-157c9bc18a5f",NA,NA,1970,"1/2/1971","911bd636-3960-11ef-84b3-9b08c5d4c173","home","VfL Lübeck-Schwartau","TV Krefeld-Oppum 1894",20,12,TRUE,4,NA,NA,0,0,0,NA,0,0,0,0,0,0,NA,NA,NA,NA,NA,NA,NA,NA,0,0,0,0,NA,NA,NA,NA,NA
"Björn Clausen","c7b94735-3955-11ef-b741-157c9bc18a5f",NA,NA,1970,"1/2/1971","911bd636-3960-11ef-84b3-9b08c5d4c173","home","VfL Lübeck-Schwartau","TV Krefeld-Oppum 1894",20,12,TRUE,0,NA,NA,0,0,0,NA,0,0,0,0,0,0,NA,NA,NA,NA,NA,NA,NA,NA,0,0,0,0,NA,NA,NA,NA,NA
"Jochen Hoffmann","c7bdef38-3955-11ef-8b6c-157c9bc18a5f",NA,NA,1970,"1/2/1971","911bd636-3960-11ef-84b3-9b08c5d4c173","home","VfL Lübeck-Schwartau","TV Krefeld-Oppum 1894",20,12,TRUE,0,NA,NA,0,0,0,NA,0,0,0,0,0,0,NA,NA,NA,NA,NA,NA,NA,NA,0,0,0,0,NA,NA,NA,NA,NA
"Gerhard Anduleit","c9215aaa-3955-11ef-ac64-157c9bc18a5f",NA,NA,1970,"1/2/1971","911bd636-3960-11ef-84b3-9b08c5d4c173","home","VfL Lübeck-Schwartau","TV Krefeld-Oppum 1894",20,12,TRUE,0,NA,NA,0,0,0,NA,0,0,0,0,0,0,NA,NA,NA,NA,NA,NA,NA,NA,0,0,0,0,NA,NA,NA,NA,NA
"Herbert Engels","ca0717a5-3955-11ef-8dce-157c9bc18a5f",NA,NA,1970,"1/2/1971","911bd636-3960-11ef-84b3-9b08c5d4c173","away","TV Krefeld-Oppum 1894","VfL Lübeck-Schwartau",12,20,FALSE,0,NA,NA,0,0,0,NA,0,0,0,0,0,0,NA,NA,NA,NA,NA,NA,NA,NA,0,0,0,0,NA,NA,NA,NA,NA
"Otto Tophoven","ca106fac-3955-11ef-9a8e-157c9bc18a5f",NA,NA,1970,"1/2/1971","911bd636-3960-11ef-84b3-9b08c5d4c173","away","TV Krefeld-Oppum 1894","VfL Lübeck-Schwartau",12,20,FALSE,0,NA,NA,0,0,0,NA,0,0,0,0,0,0,NA,NA,NA,NA,NA,NA,NA,NA,0,0,0,0,NA,NA,NA,NA,NA
"Gerd Rüben","ca14b98f-3955-11ef-a366-157c9bc18a5f",NA,NA,1970,"1/2/1971","911bd636-3960-11ef-84b3-9b08c5d4c173","away","TV Krefeld-Oppum 1894","VfL Lübeck-Schwartau",12,20,FALSE,0,NA,NA,0,0,0,NA,0,0,0,0,0,0,NA,NA,NA,NA,NA,NA,NA,NA,0,0,0,0,NA,NA,NA,NA,NA
"Theo Inger","ca18e97b-3955-11ef-91fb-157c9bc18a5f",NA,NA,1970,"1/2/1971","911bd636-3960-11ef-84b3-9b08c5d4c173","away","TV Krefeld-Oppum 1894","VfL Lübeck-Schwartau",12,20,FALSE,0,NA,NA,0,0,0,NA,0,0,0,0,0,0,NA,NA,NA,NA,NA,NA,NA,NA,0,0,0,0,NA,NA,NA,NA,NA
"Peter Inger","ca1d519a-3955-11ef-b5d9-157c9bc18a5f",NA,NA,1970,"1/2/1971","911bd636-3960-11ef-84b3-9b08c5d4c173","away","TV Krefeld-Oppum 1894","VfL Lübeck-Schwartau",12,20,FALSE,4,NA,NA,0,0,0,NA,0,0,0,0,0,0,NA,NA,NA,NA,NA,NA,NA,NA,0,0,0,0,NA,NA,NA,NA,NA
"Hermann Köhler","ca2255bc-3955-11ef-91a7-157c9bc18a5f",NA,NA,1970,"1/2/1971","911bd636-3960-11ef-84b3-9b08c5d4c173","away","TV Krefeld-Oppum 1894","VfL Lübeck-Schwartau",12,20,FALSE,1,NA,NA,0,0,0,NA,0,0,0,0,0,0,NA,NA,NA,NA,NA,NA,NA,NA,0,0,0,0,NA,NA,NA,NA,NA
"Horst Panknin","ca26d115-3955-11ef-a60e-157c9bc18a5f",NA,NA,1970,"1/2/1971","911bd636-3960-11ef-84b3-9b08c5d4c173","away","TV Krefeld-Oppum 1894","VfL Lübeck-Schwartau",12,20,FALSE,0,NA,NA,0,0,0,NA,0,0,0,0,0,0,NA,NA,NA,NA,NA,NA,NA,NA,0,0,0,0,NA,NA,NA,NA,NA
"Ralf Pasch","ca2b132c-3955-11ef-a380-157c9bc18a5f",NA,NA,1970,"1/2/1971","911bd636-3960-11ef-84b3-9b08c5d4c173","away","TV Krefeld-Oppum 1894","VfL Lübeck-Schwartau",12,20,FALSE,1,NA,NA,0,0,0,NA,0,0,0,0,0,0,NA,NA,NA,NA,NA,NA,NA,NA,0,0,0,0,NA,NA,NA,NA,NA
"Hugo Schroers","ca2f571a-3955-11ef-8d46-157c9bc18a5f",NA,NA,1970,"1/2/1971","911bd636-3960-11ef-84b3-9b08c5d4c173","away","TV Krefeld-Oppum 1894","VfL Lübeck-Schwartau",12,20,FALSE,3,NA,NA,0,0,0,NA,0,0,0,0,0,0,NA,NA,NA,NA,NA,NA,NA,NA,0,0,0,0,NA,NA,NA,NA,NA
"Max Zwierkowski","ca390aba-3955-11ef-97b4-157c9bc18a5f",NA,NA,1970,"1/2/1971","911bd636-3960-11ef-84b3-9b08c5d4c173","away","TV Krefeld-Oppum 1894","VfL Lübeck-Schwartau",12,20,FALSE,2,NA,NA,0,0,0,NA,0,0,0,0,0,0,NA,NA,NA,NA,NA,NA,NA,NA,0,0,0,0,NA,NA,NA,NA,NA
"Leo Ritz","ca3d0962-3955-11ef-938c-157c9bc18a5f",NA,NA,1970,"1/2/1971","911bd636-3960-11ef-84b3-9b08c5d4c173","away","TV Krefeld-Oppum 1894","VfL Lübeck-Schwartau",12,20,FALSE,0,NA,NA,0,0,0,NA,0,0,0,0,0,0,NA,NA,NA,NA,NA,NA,NA,NA,0,0,0,0,NA,NA,NA,NA,NA
"Dieter Patz","ca42d471-3955-11ef-a75d-157c9bc18a5f",NA,NA,1970,"1/2/1971","911bd636-3960-11ef-84b3-9b08c5d4c173","away","TV Krefeld-Oppum 1894","VfL Lübeck-Schwartau",12,20,FALSE,1,NA,NA,0,0,0,NA,0,0,0,0,0,0,NA,NA,NA,NA,NA,NA,NA,NA,0,0,0,0,NA,NA,NA,NA,NA
"Rüdiger-Felix Schmacke","97956044-3955-11ef-be5d-292be3190b7b",NA,NA,1970,"1/2/1971","98388116-3960-11ef-9b2b-d3de5c174a65","home","TV Hochdorf","FRISCH AUF! Göppingen",25,15,TRUE,4,NA,NA,0,0,2,NA,0,0,0,0,0,0,NA,NA,NA,NA,NA,NA,NA,NA,0,0,0,0,NA,NA,NA,NA,NA
"Robert Becker","ae8c50f9-3955-11ef-91c4-a36230ada079",NA,NA,1970,"1/2/1971","98388116-3960-11ef-9b2b-d3de5c174a65","home","TV Hochdorf","FRISCH AUF! Göppingen",25,15,TRUE,3,NA,NA,0,0,0,NA,0,0,0,0,0,0,NA,NA,NA,NA,NA,NA,NA,NA,0,0,0,0,NA,NA,NA,NA,NA
"Jürgen Hahn","ae947745-3955-11ef-bc54-a36230ada079",NA,NA,1970,"1/2/1971","98388116-3960-11ef-9b2b-d3de5c174a65","home","TV Hochdorf","FRISCH AUF! Göppingen",25,15,TRUE,5,NA,NA,0,0,0,NA,0,0,0,0,0,0,NA,NA,NA,NA,NA,NA,NA,NA,0,0,0,0,NA,NA,NA,NA,NA
"Wilfried Job","af3ed007-3955-11ef-9184-a36230ada079",NA,NA,1970,"1/2/1971","98388116-3960-11ef-9b2b-d3de5c174a65","home","TV Hochdorf","FRISCH AUF! Göppingen",25,15,TRUE,4,NA,NA,0,0,0,NA,0,0,0,0,0,0,NA,NA,NA,NA,NA,NA,NA,NA,0,0,0,0,NA,NA,NA,NA,NA
"Hans Stein","bde4861d-3955-11ef-a14e-ab397f561917",NA,NA,1970,"1/2/1971","98388116-3960-11ef-9b2b-d3de5c174a65","home","TV Hochdorf","FRISCH AUF! Göppingen",25,15,TRUE,4,NA,NA,0,0,0,NA,0,0,0,0,0,0,NA,NA,NA,NA,NA,NA,NA,NA,0,0,0,0,NA,NA,NA,NA,NA
"Klaus Becker","c92b579e-3955-11ef-ab41-157c9bc18a5f",NA,NA,1970,"1/2/1971","98388116-3960-11ef-9b2b-d3de5c174a65","home","TV Hochdorf","FRISCH AUF! Göppingen",25,15,TRUE,0,NA,NA,0,0,0,NA,0,0,0,0,0,0,NA,NA,NA,NA,NA,NA,NA,NA,0,0,0,0,NA,NA,NA,NA,NA
"Willi Butz","c945a2f1-3955-11ef-8b53-157c9bc18a5f",NA,NA,1970,"1/2/1971","98388116-3960-11ef-9b2b-d3de5c174a65","home","TV Hochdorf","FRISCH AUF! Göppingen",25,15,TRUE,0,NA,NA,0,0,0,NA,0,0,0,0,0,0,NA,NA,NA,NA,NA,NA,NA,NA,0,0,0,0,NA,NA,NA,NA,NA
"Peter Frisch","c94a46b7-3955-11ef-8686-157c9bc18a5f",NA,NA,1970,"1/2/1971","98388116-3960-11ef-9b2b-d3de5c174a65","home","TV Hochdorf","FRISCH AUF! Göppingen",25,15,TRUE,5,NA,NA,0,0,0,NA,0,0,0,0,0,0,NA,NA,NA,NA,NA,NA,NA,NA,0,0,0,0,NA,NA,NA,NA,NA
"Werner Matill","c9539495-3955-11ef-9bff-157c9bc18a5f",NA,NA,1970,"1/2/1971","98388116-3960-11ef-9b2b-d3de5c174a65","home","TV Hochdorf","FRISCH AUF! Göppingen",25,15,TRUE,0,NA,NA,0,0,0,NA,0,0,0,0,0,0,NA,NA,NA,NA,NA,NA,NA,NA,0,0,0,0,NA,NA,NA,NA,NA
"Alois Ehmann","d286fca5-3955-11ef-a9e5-a36230ada079",NA,NA,1970,"1/2/1971","98388116-3960-11ef-9b2b-d3de5c174a65","home","TV Hochdorf","FRISCH AUF! Göppingen",25,15,TRUE,0,NA,NA,0,0,0,NA,0,0,0,0,0,0,NA,NA,NA,NA,NA,NA,NA,NA,0,0,0,0,NA,NA,NA,NA,NA
"Franz Knoll","d29151cb-3955-11ef-a532-a36230ada079",NA,NA,1970,"1/2/1971","98388116-3960-11ef-9b2b-d3de5c174a65","home","TV Hochdorf","FRISCH AUF! Göppingen",25,15,TRUE,0,NA,NA,0,0,0,NA,0,0,0,0,0,0,NA,NA,NA,NA,NA,NA,NA,NA,0,0,0,0,NA,NA,NA,NA,NA
"Peter Bucher","8e0071c9-3955-11ef-8ff8-81dc40648355",NA,NA,1970,"1/2/1971","98388116-3960-11ef-9b2b-d3de5c174a65","away","FRISCH AUF! Göppingen","TV Hochdorf",15,25,FALSE,5,NA,NA,0,0,0,NA,0,0,0,0,0,0,NA,NA,NA,NA,NA,NA,NA,NA,0,0,0,0,NA,NA,NA,NA,NA
"Max Müller","99453a6b-3955-11ef-84c2-292be3190b7b",NA,NA,1970,"1/2/1971","98388116-3960-11ef-9b2b-d3de5c174a65","away","FRISCH AUF! Göppingen","TV Hochdorf",15,25,FALSE,0,NA,NA,0,0,0,NA,0,0,0,0,0,0,NA,NA,NA,NA,NA,NA,NA,NA,0,0,0,0,NA,NA,NA,NA,NA
"Horst Singer","a30fd118-3955-11ef-9745-2510cc07ea6e",NA,NA,1970,"1/2/1971","98388116-3960-11ef-9b2b-d3de5c174a65","away","FRISCH AUF! Göppingen","TV Hochdorf",15,25,FALSE,4,NA,NA,0,0,0,NA,0,0,0,0,0,0,NA,NA,NA,NA,NA,NA,NA,NA,0,0,0,0,NA,NA,NA,NA,NA
"Paul Epple","bc8167af-3955-11ef-8748-ab397f561917",NA,NA,1970,"1/2/1971","98388116-3960-11ef-9b2b-d3de5c174a65","away","FRISCH AUF! Göppingen","TV Hochdorf",15,25,FALSE,1,NA,NA,0,0,0,NA,0,0,0,0,0,0,NA,NA,NA,NA,NA,NA,NA,NA,0,0,0,0,NA,NA,NA,NA,NA
"Walter Pflüger","bc85cdbc-3955-11ef-8e24-ab397f561917",NA,NA,1970,"1/2/1971","98388116-3960-11ef-9b2b-d3de5c174a65","away","FRISCH AUF! Göppingen","TV Hochdorf",15,25,FALSE,1,NA,NA,0,0,0,NA,0,0,0,0,0,0,NA,NA,NA,NA,NA,NA,NA,NA,0,0,0,0,NA,NA,NA,NA,NA
"Werner Arndt","c71116e0-3955-11ef-85d3-157c9bc18a5f",NA,NA,1970,"1/2/1971","98388116-3960-11ef-9b2b-d3de5c174a65","away","FRISCH AUF! Göppingen","TV Hochdorf",15,25,FALSE,1,NA,NA,0,0,0,NA,0,0,0,0,0,0,NA,NA,NA,NA,NA,NA,NA,NA,0,0,0,0,NA,NA,NA,NA,NA
"Christian Patzer","c715a1de-3955-11ef-bc54-157c9bc18a5f",NA,NA,1970,"1/2/1971","98388116-3960-11ef-9b2b-d3de5c174a65","away","FRISCH AUF! Göppingen","TV Hochdorf",15,25,FALSE,0,NA,NA,0,0,0,NA,0,0,0,0,0,0,NA,NA,NA,NA,NA,NA,NA,NA,0,0,0,0,NA,NA,NA,NA,NA
"Uwe Rathjen","c898158b-3955-11ef-82cb-157c9bc18a5f",NA,NA,1970,"1/2/1971","98388116-3960-11ef-9b2b-d3de5c174a65","away","FRISCH AUF! Göppingen","TV Hochdorf",15,25,FALSE,0,NA,NA,0,0,0,NA,0,0,0,0,0,0,NA,NA,NA,NA,NA,NA,NA,NA,0,0,0,0,NA,NA,NA,NA,NA
"Armin Eisele","c9cc4c1b-3955-11ef-9f9f-157c9bc18a5f",NA,NA,1970,"1/2/1971","98388116-3960-11ef-9b2b-d3de5c174a65","away","FRISCH AUF! Göppingen","TV Hochdorf",15,25,FALSE,3,NA,NA,0,0,1,NA,0,0,0,0,0,0,NA,NA,NA,NA,NA,NA,NA,NA,0,0,0,0,NA,NA,NA,NA,NA
"Anton Bayer","d357b837-3955-11ef-8b00-a36230ada079",NA,NA,1970,"1/2/1971","98388116-3960-11ef-9b2b-d3de5c174a65","away","FRISCH AUF! Göppingen","TV Hochdorf",15,25,FALSE,0,NA,NA,0,0,0,NA,0,0,0,0,0,0,NA,NA,NA,NA,NA,NA,NA,NA,0,0,0,0,NA,NA,NA,NA,NA
"Keilwirth","d35ea6cb-3955-11ef-a644-a36230ada079",NA,NA,1970,"1/2/1971","98388116-3960-11ef-9b2b-d3de5c174a65","away","FRISCH AUF! Göppingen","TV Hochdorf",15,25,FALSE,0,NA,NA,0,0,0,NA,0,0,0,0,0,0,NA,NA,NA,NA,NA,NA,NA,NA,0,0,0,0,NA,NA,NA,NA,NA
"Kurt Klühspies","5ac3e7d7-3955-11ef-b574-4fa817cd91bb",NA,NA,1970,"1/2/1971","99c778c2-3960-11ef-a97f-d3de5c174a65","home","TV Großwallstadt","TSV Milbertshofen",25,11,TRUE,7,NA,NA,0,0,0,NA,0,0,0,0,0,0,NA,NA,NA,NA,NA,NA,NA,NA,0,0,0,0,NA,NA,NA,NA,NA
"Eckhardt Suffel","aeac0503-3955-11ef-88c6-a36230ada079",NA,NA,1970,"1/2/1971","99c778c2-3960-11ef-a97f-d3de5c174a65","home","TV Großwallstadt","TSV Milbertshofen",25,11,TRUE,0,NA,NA,0,0,0,NA,0,0,0,0,0,0,NA,NA,NA,NA,NA,NA,NA,NA,0,0,0,0,NA,NA,NA,NA,NA
"Robert Schnabel","bbbd881a-3955-11ef-a181-ab397f561917",NA,NA,1970,"1/2/1971","99c778c2-3960-11ef-a97f-d3de5c174a65","home","TV Großwallstadt","TSV Milbertshofen",25,11,TRUE,0,NA,NA,0,0,0,NA,0,0,0,0,0,0,NA,NA,NA,NA,NA,NA,NA,NA,0,0,0,0,NA,NA,NA,NA,NA
"Peter Kuß","bbc18adb-3955-11ef-a5f7-ab397f561917",NA,NA,1970,"1/2/1971","99c778c2-3960-11ef-a97f-d3de5c174a65","home","TV Großwallstadt","TSV Milbertshofen",25,11,TRUE,2,NA,NA,0,0,0,NA,0,0,0,0,0,0,NA,NA,NA,NA,NA,NA,NA,NA,0,0,0,0,NA,NA,NA,NA,NA
"Rainer Oberle","be123408-3955-11ef-92a6-ab397f561917",NA,NA,1970,"1/2/1971","99c778c2-3960-11ef-a97f-d3de5c174a65","home","TV Großwallstadt","TSV Milbertshofen",25,11,TRUE,2,NA,NA,0,0,0,NA,0,0,0,0,0,0,NA,NA,NA,NA,NA,NA,NA,NA,0,0,0,0,NA,NA,NA,NA,NA
"Hans-Joachim Herzig","c7ff4ec7-3955-11ef-a4ed-157c9bc18a5f",NA,NA,1970,"1/2/1971","99c778c2-3960-11ef-a97f-d3de5c174a65","home","TV Großwallstadt","TSV Milbertshofen",25,11,TRUE,2,NA,NA,0,0,0,NA,0,0,0,0,0,0,NA,NA,NA,NA,NA,NA,NA,NA,0,0,0,0,NA,NA,NA,NA,NA
"Klaus Oberle","c96e13a5-3955-11ef-a68a-157c9bc18a5f",NA,NA,1970,"1/2/1971","99c778c2-3960-11ef-a97f-d3de5c174a65","home","TV Großwallstadt","TSV Milbertshofen",25,11,TRUE,0,NA,NA,0,0,0,NA,0,0,0,0,0,0,NA,NA,NA,NA,NA,NA,NA,NA,0,0,0,0,NA,NA,NA,NA,NA
"Ludwig Hohm","c97b5499-3955-11ef-8cf3-157c9bc18a5f",NA,NA,1970,"1/2/1971","99c778c2-3960-11ef-a97f-d3de5c174a65","home","TV Großwallstadt","TSV Milbertshofen",25,11,TRUE,0,NA,NA,0,0,0,NA,0,0,0,0,0,0,NA,NA,NA,NA,NA,NA,NA,NA,0,0,0,0,NA,NA,NA,NA,NA
"Erich Kolb","d2d1efef-3955-11ef-89e7-a36230ada079",NA,NA,1970,"1/2/1971","99c778c2-3960-11ef-a97f-d3de5c174a65","home","TV Großwallstadt","TSV Milbertshofen",25,11,TRUE,2,NA,NA,0,0,0,NA,0,0,0,0,0,0,NA,NA,NA,NA,NA,NA,NA,NA,0,0,0,0,NA,NA,NA,NA,NA
"Hans Moser","7e83ce46-3955-11ef-830d-b908c60af10a",NA,NA,1970,"1/2/1971","99c778c2-3960-11ef-a97f-d3de5c174a65","away","TSV Milbertshofen","TV Großwallstadt",11,25,FALSE,1,NA,NA,0,0,1,NA,0,0,0,0,0,0,NA,NA,NA,NA,NA,NA,NA,NA,0,0,0,0,NA,NA,NA,NA,NA
"Gerhard Ochsenkühn","97259ed1-3955-11ef-96ca-292be3190b7b",NA,NA,1970,"1/2/1971","99c778c2-3960-11ef-a97f-d3de5c174a65","away","TSV Milbertshofen","TV Großwallstadt",11,25,FALSE,1,NA,NA,0,0,0,NA,0,0,0,0,0,0,NA,NA,NA,NA,NA,NA,NA,NA,0,0,0,0,NA,NA,NA,NA,NA
"Josef Kiener","972d7d47-3955-11ef-a437-292be3190b7b",NA,NA,1970,"1/2/1971","99c778c2-3960-11ef-a97f-d3de5c174a65","away","TSV Milbertshofen","TV Großwallstadt",11,25,FALSE,0,NA,NA,0,0,0,NA,0,0,0,0,0,0,NA,NA,NA,NA,NA,NA,NA,NA,0,0,0,0,NA,NA,NA,NA,NA
"Helmut Schelchshorn","b1c960ef-3955-11ef-850b-a36230ada079",NA,NA,1970,"1/2/1971","99c778c2-3960-11ef-a97f-d3de5c174a65","away","TSV Milbertshofen","TV Großwallstadt",11,25,FALSE,3,NA,NA,0,0,0,NA,0,0,0,0,0,0,NA,NA,NA,NA,NA,NA,NA,NA,0,0,0,0,NA,NA,NA,NA,NA
"Peter Feddern","bc1b1b3e-3955-11ef-9c4e-ab397f561917",NA,NA,1970,"1/2/1971","99c778c2-3960-11ef-a97f-d3de5c174a65","away","TSV Milbertshofen","TV Großwallstadt",11,25,FALSE,1,NA,NA,0,0,0,NA,0,0,0,0,0,0,NA,NA,NA,NA,NA,NA,NA,NA,0,0,0,0,NA,NA,NA,NA,NA
"Volker Filipp","c6bca602-3955-11ef-8195-157c9bc18a5f",NA,NA,1970,"1/2/1971","99c778c2-3960-11ef-a97f-d3de5c174a65","away","TSV Milbertshofen","TV Großwallstadt",11,25,FALSE,0,NA,NA,0,0,0,NA,0,0,0,0,0,0,NA,NA,NA,NA,NA,NA,NA,NA,0,0,0,0,NA,NA,NA,NA,NA
"Karl Donndorf","c821c668-3955-11ef-a20c-157c9bc18a5f",NA,NA,1970,"1/2/1971","99c778c2-3960-11ef-a97f-d3de5c174a65","away","TSV Milbertshofen","TV Großwallstadt",11,25,FALSE,3,NA,NA,0,0,1,NA,0,0,0,0,0,0,NA,NA,NA,NA,NA,NA,NA,NA,0,0,0,0,NA,NA,NA,NA,NA
"Arnold Gaitzsch","c99ecd8f-3955-11ef-a93a-157c9bc18a5f",NA,NA,1970,"1/2/1971","99c778c2-3960-11ef-a97f-d3de5c174a65","away","TSV Milbertshofen","TV Großwallstadt",11,25,FALSE,0,NA,NA,0,0,0,NA,0,0,0,0,0,0,NA,NA,NA,NA,NA,NA,NA,NA,0,0,0,0,NA,NA,NA,NA,NA
"Peter Pyrges","c9b28b8a-3955-11ef-9887-157c9bc18a5f",NA,NA,1970,"1/2/1971","99c778c2-3960-11ef-a97f-d3de5c174a65","away","TSV Milbertshofen","TV Großwallstadt",11,25,FALSE,2,NA,NA,0,0,0,NA,0,0,0,0,0,0,NA,NA,NA,NA,NA,NA,NA,NA,0,0,0,0,NA,NA,NA,NA,NA
"Max Rixner","d313d31e-3955-11ef-b538-a36230ada079",NA,NA,1970,"1/2/1971","99c778c2-3960-11ef-a97f-d3de5c174a65","away","TSV Milbertshofen","TV Großwallstadt",11,25,FALSE,0,NA,NA,0,0,0,NA,0,0,0,0,0,0,NA,NA,NA,NA,NA,NA,NA,NA,0,0,0,0,NA,NA,NA,NA,NA
"Hermann Mäurle","a44f95e3-3955-11ef-b53d-2510cc07ea6e",NA,NA,1970,"1/2/1971","9b16c226-3960-11ef-9e10-d3de5c174a65","home","SpVgg 1887 Möhringen","TSV 1896 Rintheim",13,14,FALSE,0,NA,NA,0,0,0,NA,0,0,0,0,0,0,NA,NA,NA,NA,NA,NA,NA,NA,0,0,0,0,NA,NA,NA,NA,NA
"Karl-Heinz Wolf","c8354cdd-3955-11ef-a1d6-157c9bc18a5f",NA,NA,1970,"1/2/1971","9b16c226-3960-11ef-9e10-d3de5c174a65","home","SpVgg 1887 Möhringen","TSV 1896 Rintheim",13,14,FALSE,6,NA,NA,0,0,0,NA,0,0,0,0,0,0,NA,NA,NA,NA,NA,NA,NA,NA,0,0,0,0,NA,NA,NA,NA,NA
"Gerd-Volker Stock","c8397c3c-3955-11ef-af12-157c9bc18a5f",NA,NA,1970,"1/2/1971","9b16c226-3960-11ef-9e10-d3de5c174a65","home","SpVgg 1887 Möhringen","TSV 1896 Rintheim",13,14,FALSE,1,NA,NA,0,0,0,NA,0,0,0,0,0,0,NA,NA,NA,NA,NA,NA,NA,NA,0,0,0,0,NA,NA,NA,NA,NA
"Dieter Schuh","c84c4c54-3955-11ef-9d35-157c9bc18a5f",NA,NA,1970,"1/2/1971","9b16c226-3960-11ef-9e10-d3de5c174a65","home","SpVgg 1887 Möhringen","TSV 1896 Rintheim",13,14,FALSE,1,NA,NA,0,0,0,NA,0,0,0,0,0,0,NA,NA,NA,NA,NA,NA,NA,NA,0,0,0,0,NA,NA,NA,NA,NA
"Lothar Scheffel","c850996c-3955-11ef-94a7-157c9bc18a5f",NA,NA,1970,"1/2/1971","9b16c226-3960-11ef-9e10-d3de5c174a65","home","SpVgg 1887 Möhringen","TSV 1896 Rintheim",13,14,FALSE,0,NA,NA,0,0,0,NA,0,0,0,0,0,0,NA,NA,NA,NA,NA,NA,NA,NA,0,0,0,0,NA,NA,NA,NA,NA
"Gerd Rössler","c854fdaa-3955-11ef-b318-157c9bc18a5f",NA,NA,1970,"1/2/1971","9b16c226-3960-11ef-9e10-d3de5c174a65","home","SpVgg 1887 Möhringen","TSV 1896 Rintheim",13,14,FALSE,0,NA,NA,0,0,0,NA,0,0,0,0,0,0,NA,NA,NA,NA,NA,NA,NA,NA,0,0,0,0,NA,NA,NA,NA,NA
"Karl-Heinz Steinbach","c864fc61-3955-11ef-bc13-157c9bc18a5f",NA,NA,1970,"1/2/1971","9b16c226-3960-11ef-9e10-d3de5c174a65","home","SpVgg 1887 Möhringen","TSV 1896 Rintheim",13,14,FALSE,0,NA,NA,0,0,0,NA,0,0,0,0,0,0,NA,NA,NA,NA,NA,NA,NA,NA,0,0,0,0,NA,NA,NA,NA,NA
"Wolfgang Schall","c869381d-3955-11ef-a2ed-157c9bc18a5f",NA,NA,1970,"1/2/1971","9b16c226-3960-11ef-9e10-d3de5c174a65","home","SpVgg 1887 Möhringen","TSV 1896 Rintheim",13,14,FALSE,2,NA,NA,0,0,0,NA,0,0,0,0,0,0,NA,NA,NA,NA,NA,NA,NA,NA,0,0,0,0,NA,NA,NA,NA,NA
"Klaus Eberhardt","d3228004-3955-11ef-8600-a36230ada079",NA,NA,1970,"1/2/1971","9b16c226-3960-11ef-9e10-d3de5c174a65","home","SpVgg 1887 Möhringen","TSV 1896 Rintheim",13,14,FALSE,0,NA,NA,0,0,0,NA,0,0,0,0,0,0,NA,NA,NA,NA,NA,NA,NA,NA,0,0,0,0,NA,NA,NA,NA,NA
"Wolf-Dieter Nagel","8d41486b-3955-11ef-8d22-81dc40648355",NA,NA,1970,"1/2/1971","9b16c226-3960-11ef-9e10-d3de5c174a65","away","TSV 1896 Rintheim","SpVgg 1887 Möhringen",14,13,TRUE,2,NA,NA,0,0,0,NA,0,0,0,0,0,0,NA,NA,NA,NA,NA,NA,NA,NA,0,0,0,0,NA,NA,NA,NA,NA
"Bernd Seibel","bc6670d9-3955-11ef-b849-ab397f561917",NA,NA,1970,"1/2/1971","9b16c226-3960-11ef-9e10-d3de5c174a65","away","TSV 1896 Rintheim","SpVgg 1887 Möhringen",14,13,TRUE,1,NA,NA,0,0,0,NA,0,0,0,0,0,0,NA,NA,NA,NA,NA,NA,NA,NA,0,0,0,0,NA,NA,NA,NA,NA
"Wolfgang Dillenberger","bc6a40c8-3955-11ef-8c9f-ab397f561917",NA,NA,1970,"1/2/1971","9b16c226-3960-11ef-9e10-d3de5c174a65","away","TSV 1896 Rintheim","SpVgg 1887 Möhringen",14,13,TRUE,3,NA,NA,0,0,0,NA,0,0,0,0,0,0,NA,NA,NA,NA,NA,NA,NA,NA,0,0,0,0,NA,NA,NA,NA,NA
"Roland Schubach","c8722d8e-3955-11ef-b351-157c9bc18a5f",NA,NA,1970,"1/2/1971","9b16c226-3960-11ef-9e10-d3de5c174a65","away","TSV 1896 Rintheim","SpVgg 1887 Möhringen",14,13,TRUE,1,NA,NA,0,0,0,NA,0,0,0,0,0,0,NA,NA,NA,NA,NA,NA,NA,NA,0,0,0,0,NA,NA,NA,NA,NA
"Siegfried Brabec","c87758a1-3955-11ef-9dbd-157c9bc18a5f",NA,NA,1970,"1/2/1971","9b16c226-3960-11ef-9e10-d3de5c174a65","away","TSV 1896 Rintheim","SpVgg 1887 Möhringen",14,13,TRUE,1,NA,NA,0,0,0,NA,0,0,0,0,0,0,NA,NA,NA,NA,NA,NA,NA,NA,0,0,0,0,NA,NA,NA,NA,NA
"Josef Bechler","c88a53f3-3955-11ef-bd99-157c9bc18a5f",NA,NA,1970,"1/2/1971","9b16c226-3960-11ef-9e10-d3de5c174a65","away","TSV 1896 Rintheim","SpVgg 1887 Möhringen",14,13,TRUE,2,NA,NA,0,0,0,NA,0,0,0,0,0,0,NA,NA,NA,NA,NA,NA,NA,NA,0,0,0,0,NA,NA,NA,NA,NA
"Karl Wackershauser","d338c73b-3955-11ef-bb70-a36230ada079",NA,NA,1970,"1/2/1971","9b16c226-3960-11ef-9e10-d3de5c174a65","away","TSV 1896 Rintheim","SpVgg 1887 Möhringen",14,13,TRUE,1,NA,NA,0,0,0,NA,0,0,0,0,0,0,NA,NA,NA,NA,NA,NA,NA,NA,0,0,0,0,NA,NA,NA,NA,NA
"Winfried Gaus","d33d97ff-3955-11ef-adfc-a36230ada079",NA,NA,1970,"1/2/1971","9b16c226-3960-11ef-9e10-d3de5c174a65","away","TSV 1896 Rintheim","SpVgg 1887 Möhringen",14,13,TRUE,0,NA,NA,0,0,0,NA,0,0,0,0,0,0,NA,NA,NA,NA,NA,NA,NA,NA,0,0,0,0,NA,NA,NA,NA,NA
"Jürgen Klatt","d347e8de-3955-11ef-a056-a36230ada079",NA,NA,1970,"1/2/1971","9b16c226-3960-11ef-9e10-d3de5c174a65","away","TSV 1896 Rintheim","SpVgg 1887 Möhringen",14,13,TRUE,1,NA,NA,0,0,0,NA,0,0,0,0,0,0,NA,NA,NA,NA,NA,NA,NA,NA,0,0,0,0,NA,NA,NA,NA,NA
"Edwin Schmidkunz","d352cbf0-3955-11ef-a520-a36230ada079",NA,NA,1970,"1/2/1971","9b16c226-3960-11ef-9e10-d3de5c174a65","away","TSV 1896 Rintheim","SpVgg 1887 Möhringen",14,13,TRUE,2,NA,NA,0,0,0,NA,0,0,0,0,0,0,NA,NA,NA,NA,NA,NA,NA,NA,0,0,0,0,NA,NA,NA,NA,NA
"Hans-Jürgen Bode","b011e6da-3955-11ef-8205-a36230ada079",NA,NA,1970,"1/3/1971","903b3d94-3960-11ef-91de-9b08c5d4c173","home","Hamburger SV","TuS 05 Wellinghofen",16,12,TRUE,0,NA,NA,0,0,0,NA,0,0,0,0,0,0,NA,NA,NA,NA,NA,NA,NA,NA,0,0,0,0,NA,NA,NA,NA,NA
"Herbert Niemeier","b0163f16-3955-11ef-ae9e-a36230ada079",NA,NA,1970,"1/3/1971","903b3d94-3960-11ef-91de-9b08c5d4c173","home","Hamburger SV","TuS 05 Wellinghofen",16,12,TRUE,1,NA,NA,0,0,0,NA,0,0,0,0,0,0,NA,NA,NA,NA,NA,NA,NA,NA,0,0,0,0,NA,NA,NA,NA,NA
"Rainer Witt","b02adaad-3955-11ef-b8c4-a36230ada079",NA,NA,1970,"1/3/1971","903b3d94-3960-11ef-91de-9b08c5d4c173","home","Hamburger SV","TuS 05 Wellinghofen",16,12,TRUE,0,NA,NA,0,0,0,NA,0,0,0,0,0,0,NA,NA,NA,NA,NA,NA,NA,NA,0,0,0,0,NA,NA,NA,NA,NA
"Jens Ivers","b02f4aea-3955-11ef-801e-a36230ada079",NA,NA,1970,"1/3/1971","903b3d94-3960-11ef-91de-9b08c5d4c173","home","Hamburger SV","TuS 05 Wellinghofen",16,12,TRUE,0,NA,NA,0,0,0,NA,0,0,0,0,0,0,NA,NA,NA,NA,NA,NA,NA,NA,0,0,0,0,NA,NA,NA,NA,NA
"Hans-Joachim Beißel","b0341bcb-3955-11ef-9e08-a36230ada079",NA,NA,1970,"1/3/1971","903b3d94-3960-11ef-91de-9b08c5d4c173","home","Hamburger SV","TuS 05 Wellinghofen",16,12,TRUE,0,NA,NA,0,0,0,NA,0,0,0,0,0,0,NA,NA,NA,NA,NA,NA,NA,NA,0,0,0,0,NA,NA,NA,NA,NA
"Norbert Germer","b03f8101-3955-11ef-8945-a36230ada079",NA,NA,1970,"1/3/1971","903b3d94-3960-11ef-91de-9b08c5d4c173","home","Hamburger SV","TuS 05 Wellinghofen",16,12,TRUE,2,NA,NA,0,0,0,NA,0,0,0,0,0,0,NA,NA,NA,NA,NA,NA,NA,NA,0,0,0,0,NA,NA,NA,NA,NA
"Siegfried Berg","b10d3ec3-3955-11ef-8a30-a36230ada079",NA,NA,1970,"1/3/1971","903b3d94-3960-11ef-91de-9b08c5d4c173","home","Hamburger SV","TuS 05 Wellinghofen",16,12,TRUE,1,NA,NA,0,0,0,NA,0,0,0,0,0,0,NA,NA,NA,NA,NA,NA,NA,NA,0,0,0,0,NA,NA,NA,NA,NA
"Bernd Heiden","baf62966-3955-11ef-b7e1-ab397f561917",NA,NA,1970,"1/3/1971","903b3d94-3960-11ef-91de-9b08c5d4c173","home","Hamburger SV","TuS 05 Wellinghofen",16,12,TRUE,1,NA,NA,0,0,0,NA,0,0,0,0,0,0,NA,NA,NA,NA,NA,NA,NA,NA,0,0,0,0,NA,NA,NA,NA,NA
"Klaus Lange","bafb51f3-3955-11ef-9864-ab397f561917",NA,NA,1970,"1/3/1971","903b3d94-3960-11ef-91de-9b08c5d4c173","home","Hamburger SV","TuS 05 Wellinghofen",16,12,TRUE,9,NA,NA,0,0,3,NA,0,0,0,0,0,0,NA,NA,NA,NA,NA,NA,NA,NA,0,0,0,0,NA,NA,NA,NA,NA
"Manfred Grühn","c755d6cb-3955-11ef-a162-157c9bc18a5f",NA,NA,1970,"1/3/1971","903b3d94-3960-11ef-91de-9b08c5d4c173","home","Hamburger SV","TuS 05 Wellinghofen",16,12,TRUE,2,NA,NA,0,0,0,NA,0,0,0,0,0,0,NA,NA,NA,NA,NA,NA,NA,NA,0,0,0,0,NA,NA,NA,NA,NA
"Katsuhiko Chikamori","c9e81f92-3955-11ef-87d2-157c9bc18a5f",NA,NA,1970,"1/3/1971","903b3d94-3960-11ef-91de-9b08c5d4c173","home","Hamburger SV","TuS 05 Wellinghofen",16,12,TRUE,0,NA,NA,0,0,0,NA,0,0,0,0,0,0,NA,NA,NA,NA,NA,NA,NA,NA,0,0,0,0,NA,NA,NA,NA,NA
"Karl-Heinz Schulz","72847241-3955-11ef-8bd4-51fdf2a82730",NA,NA,1970,"1/3/1971","903b3d94-3960-11ef-91de-9b08c5d4c173","away","TuS 05 Wellinghofen","Hamburger SV",12,16,FALSE,1,NA,NA,0,0,0,NA,0,0,0,0,0,0,NA,NA,NA,NA,NA,NA,NA,NA,0,0,0,0,NA,NA,NA,NA,NA
"Heiner Möller","8d7571e4-3955-11ef-b1d3-81dc40648355",NA,NA,1970,"1/3/1971","903b3d94-3960-11ef-91de-9b08c5d4c173","away","TuS 05 Wellinghofen","Hamburger SV",12,16,FALSE,0,NA,NA,0,0,0,NA,0,0,0,0,0,0,NA,NA,NA,NA,NA,NA,NA,NA,0,0,0,0,NA,NA,NA,NA,NA
"Hans-Peter Neuhaus","8d9d3887-3955-11ef-80a3-81dc40648355",NA,NA,1970,"1/3/1971","903b3d94-3960-11ef-91de-9b08c5d4c173","away","TuS 05 Wellinghofen","Hamburger SV",12,16,FALSE,6,NA,NA,0,0,5,NA,0,0,0,0,0,0,NA,NA,NA,NA,NA,NA,NA,NA,0,0,0,0,NA,NA,NA,NA,NA
"Rainer Gosewinkel","a4d61156-3955-11ef-8406-2510cc07ea6e",NA,NA,1970,"1/3/1971","903b3d94-3960-11ef-91de-9b08c5d4c173","away","TuS 05 Wellinghofen","Hamburger SV",12,16,FALSE,1,NA,NA,0,0,0,NA,0,0,0,0,0,0,NA,NA,NA,NA,NA,NA,NA,NA,0,0,0,0,NA,NA,NA,NA,NA
"Klaus Erwe","a4f54a19-3955-11ef-b48a-2510cc07ea6e",NA,NA,1970,"1/3/1971","903b3d94-3960-11ef-91de-9b08c5d4c173","away","TuS 05 Wellinghofen","Hamburger SV",12,16,FALSE,0,NA,NA,0,0,0,NA,0,0,0,0,0,0,NA,NA,NA,NA,NA,NA,NA,NA,0,0,0,0,NA,NA,NA,NA,NA
"Burkhard Gröning","a52c6e4f-3955-11ef-a576-2510cc07ea6e",NA,NA,1970,"1/3/1971","903b3d94-3960-11ef-91de-9b08c5d4c173","away","TuS 05 Wellinghofen","Hamburger SV",12,16,FALSE,0,NA,NA,0,0,0,NA,0,0,0,0,0,0,NA,NA,NA,NA,NA,NA,NA,NA,0,0,0,0,NA,NA,NA,NA,NA
"Klaus Tiews","a531838f-3955-11ef-8e99-2510cc07ea6e",NA,NA,1970,"1/3/1971","903b3d94-3960-11ef-91de-9b08c5d4c173","away","TuS 05 Wellinghofen","Hamburger SV",12,16,FALSE,1,NA,NA,0,0,0,NA,0,0,0,0,0,0,NA,NA,NA,NA,NA,NA,NA,NA,0,0,0,0,NA,NA,NA,NA,NA
"Hans-Jürgen Sengera","ba7fae8e-3955-11ef-80e4-ab397f561917",NA,NA,1970,"1/3/1971","903b3d94-3960-11ef-91de-9b08c5d4c173","away","TuS 05 Wellinghofen","Hamburger SV",12,16,FALSE,0,NA,NA,0,0,0,NA,0,0,0,0,0,0,NA,NA,NA,NA,NA,NA,NA,NA,0,0,0,0,NA,NA,NA,NA,NA
"Ulrich Thubeauville","c76555ef-3955-11ef-9f3a-157c9bc18a5f",NA,NA,1970,"1/3/1971","903b3d94-3960-11ef-91de-9b08c5d4c173","away","TuS 05 Wellinghofen","Hamburger SV",12,16,FALSE,3,NA,NA,0,0,0,NA,0,0,0,0,0,0,NA,NA,NA,NA,NA,NA,NA,NA,0,0,0,0,NA,NA,NA,NA,NA
"Burkhardt Eckardt","c76d08cb-3955-11ef-8fa7-157c9bc18a5f",NA,NA,1970,"1/3/1971","903b3d94-3960-11ef-91de-9b08c5d4c173","away","TuS 05 Wellinghofen","Hamburger SV",12,16,FALSE,0,NA,NA,0,0,0,NA,0,0,0,0,0,0,NA,NA,NA,NA,NA,NA,NA,NA,0,0,0,0,NA,NA,NA,NA,NA
"Gerd Thiele","c9f7a8d5-3955-11ef-93d4-157c9bc18a5f",NA,NA,1970,"1/3/1971","903b3d94-3960-11ef-91de-9b08c5d4c173","away","TuS 05 Wellinghofen","Hamburger SV",12,16,FALSE,0,NA,NA,0,0,0,NA,0,0,0,0,0,0,NA,NA,NA,NA,NA,NA,NA,NA,0,0,0,0,NA,NA,NA,NA,NA
"Hansjörg Jäck","b166bd31-3955-11ef-bed1-a36230ada079",NA,NA,1970,"1/3/1971","991b9976-3960-11ef-bd19-d3de5c174a65","home","S3L Handball","Füchse Berlin",22,16,TRUE,0,NA,NA,0,0,0,NA,0,0,0,0,0,0,NA,NA,NA,NA,NA,NA,NA,NA,0,0,0,0,NA,NA,NA,NA,NA
"Jens Schmitt","bb8d4110-3955-11ef-8fb2-ab397f561917",NA,NA,1970,"1/3/1971","991b9976-3960-11ef-bd19-d3de5c174a65","home","S3L Handball","Füchse Berlin",22,16,TRUE,1,NA,NA,0,0,0,NA,0,0,0,0,0,0,NA,NA,NA,NA,NA,NA,NA,NA,0,0,0,0,NA,NA,NA,NA,NA
"Werner Pruscha","bb9c8e56-3955-11ef-ac18-ab397f561917",NA,NA,1970,"1/3/1971","991b9976-3960-11ef-bd19-d3de5c174a65","home","S3L Handball","Füchse Berlin",22,16,TRUE,2,NA,NA,0,0,0,NA,0,0,0,0,0,0,NA,NA,NA,NA,NA,NA,NA,NA,0,0,0,0,NA,NA,NA,NA,NA
"Wolfhardt Bühler","bba2fc92-3955-11ef-a8d6-ab397f561917",NA,NA,1970,"1/3/1971","991b9976-3960-11ef-bd19-d3de5c174a65","home","S3L Handball","Füchse Berlin",22,16,TRUE,1,NA,NA,0,0,0,NA,0,0,0,0,0,0,NA,NA,NA,NA,NA,NA,NA,NA,0,0,0,0,NA,NA,NA,NA,NA
"Wolfgang Ries","bba77d9e-3955-11ef-939a-ab397f561917",NA,NA,1970,"1/3/1971","991b9976-3960-11ef-bd19-d3de5c174a65","home","S3L Handball","Füchse Berlin",22,16,TRUE,1,NA,NA,0,0,0,NA,0,0,0,0,0,0,NA,NA,NA,NA,NA,NA,NA,NA,0,0,0,0,NA,NA,NA,NA,NA
"Gerd Schmitt","bbb09cf8-3955-11ef-97db-ab397f561917",NA,NA,1970,"1/3/1971","991b9976-3960-11ef-bd19-d3de5c174a65","home","S3L Handball","Füchse Berlin",22,16,TRUE,0,NA,NA,0,0,0,NA,0,0,0,0,0,0,NA,NA,NA,NA,NA,NA,NA,NA,0,0,0,0,NA,NA,NA,NA,NA
"Lothar Pohl","bc5ae364-3955-11ef-9b62-ab397f561917",NA,NA,1970,"1/3/1971","991b9976-3960-11ef-bd19-d3de5c174a65","home","S3L Handball","Füchse Berlin",22,16,TRUE,0,NA,NA,0,0,0,NA,0,0,0,0,0,0,NA,NA,NA,NA,NA,NA,NA,NA,0,0,0,0,NA,NA,NA,NA,NA
"Herbert Hönnige","c7e7cc14-3955-11ef-af0e-157c9bc18a5f",NA,NA,1970,"1/3/1971","991b9976-3960-11ef-bd19-d3de5c174a65","home","S3L Handball","Füchse Berlin",22,16,TRUE,11,NA,NA,0,0,0,NA,0,0,0,0,0,0,NA,NA,NA,NA,NA,NA,NA,NA,0,0,0,0,NA,NA,NA,NA,NA
"Jürgen Plambeck","c95d267b-3955-11ef-9a98-157c9bc18a5f",NA,NA,1970,"1/3/1971","991b9976-3960-11ef-bd19-d3de5c174a65","home","S3L Handball","Füchse Berlin",22,16,TRUE,2,NA,NA,0,0,0,NA,0,0,0,0,0,0,NA,NA,NA,NA,NA,NA,NA,NA,0,0,0,0,NA,NA,NA,NA,NA
"Josef Hutter","c96148ae-3955-11ef-a005-157c9bc18a5f",NA,NA,1970,"1/3/1971","991b9976-3960-11ef-bd19-d3de5c174a65","home","S3L Handball","Füchse Berlin",22,16,TRUE,3,NA,NA,0,0,1,NA,0,0,0,0,0,0,NA,NA,NA,NA,NA,NA,NA,NA,0,0,0,0,NA,NA,NA,NA,NA
"Rolf Seltner","c96574fc-3955-11ef-a37f-157c9bc18a5f",NA,NA,1970,"1/3/1971","991b9976-3960-11ef-bd19-d3de5c174a65","home","S3L Handball","Füchse Berlin",22,16,TRUE,1,NA,NA,0,0,0,NA,0,0,0,0,0,0,NA,NA,NA,NA,NA,NA,NA,NA,0,0,0,0,NA,NA,NA,NA,NA
"Norbert Schmitt","d2a1de09-3955-11ef-b7be-a36230ada079",NA,NA,1970,"1/3/1971","991b9976-3960-11ef-bd19-d3de5c174a65","home","S3L Handball","Füchse Berlin",22,16,TRUE,0,NA,NA,0,0,0,NA,0,0,0,0,0,0,NA,NA,NA,NA,NA,NA,NA,NA,0,0,0,0,NA,NA,NA,NA,NA
"Diethard Finkelmann","a60bdcf9-3955-11ef-bfa1-2510cc07ea6e",NA,NA,1970,"1/3/1971","991b9976-3960-11ef-bd19-d3de5c174a65","away","Füchse Berlin","S3L Handball",16,22,FALSE,4,NA,NA,0,0,1,NA,0,0,0,0,0,0,NA,NA,NA,NA,NA,NA,NA,NA,0,0,0,0,NA,NA,NA,NA,NA
"Wolfgang Braun","b1a4c388-3955-11ef-92b7-a36230ada079",NA,NA,1970,"1/3/1971","991b9976-3960-11ef-bd19-d3de5c174a65","away","Füchse Berlin","S3L Handball",16,22,FALSE,3,NA,NA,0,0,0,NA,0,0,0,0,0,0,NA,NA,NA,NA,NA,NA,NA,NA,0,0,0,0,NA,NA,NA,NA,NA
"Detlef Finkelmann","b1a8f927-3955-11ef-a009-a36230ada079",NA,NA,1970,"1/3/1971","991b9976-3960-11ef-bd19-d3de5c174a65","away","Füchse Berlin","S3L Handball",16,22,FALSE,1,NA,NA,0,0,0,NA,0,0,0,0,0,0,NA,NA,NA,NA,NA,NA,NA,NA,0,0,0,0,NA,NA,NA,NA,NA
"Bernd Goerigk","b1b21b0c-3955-11ef-a303-a36230ada079",NA,NA,1970,"1/3/1971","991b9976-3960-11ef-bd19-d3de5c174a65","away","Füchse Berlin","S3L Handball",16,22,FALSE,3,NA,NA,0,0,0,NA,0,0,0,0,0,0,NA,NA,NA,NA,NA,NA,NA,NA,0,0,0,0,NA,NA,NA,NA,NA
"Werner Reinke","b1bc1a3c-3955-11ef-8a0a-a36230ada079",NA,NA,1970,"1/3/1971","991b9976-3960-11ef-bd19-d3de5c174a65","away","Füchse Berlin","S3L Handball",16,22,FALSE,2,NA,NA,0,0,0,NA,0,0,0,0,0,0,NA,NA,NA,NA,NA,NA,NA,NA,0,0,0,0,NA,NA,NA,NA,NA
"Sigmar Artelt","bdbc9392-3955-11ef-a3be-ab397f561917",NA,NA,1970,"1/3/1971","991b9976-3960-11ef-bd19-d3de5c174a65","away","Füchse Berlin","S3L Handball",16,22,FALSE,1,NA,NA,0,0,0,NA,0,0,0,0,0,0,NA,NA,NA,NA,NA,NA,NA,NA,0,0,0,0,NA,NA,NA,NA,NA
"Henry Johannes","bdc98fce-3955-11ef-9f6e-ab397f561917",NA,NA,1970,"1/3/1971","991b9976-3960-11ef-bd19-d3de5c174a65","away","Füchse Berlin","S3L Handball",16,22,FALSE,1,NA,NA,0,0,0,NA,0,0,0,0,0,0,NA,NA,NA,NA,NA,NA,NA,NA,0,0,0,0,NA,NA,NA,NA,NA
"Klaus-Dieter Guse","bdd76769-3955-11ef-97dc-ab397f561917",NA,NA,1970,"1/3/1971","991b9976-3960-11ef-bd19-d3de5c174a65","away","Füchse Berlin","S3L Handball",16,22,FALSE,1,NA,NA,0,0,0,NA,0,0,0,0,0,0,NA,NA,NA,NA,NA,NA,NA,NA,0,0,0,0,NA,NA,NA,NA,NA
"Bernd Schäpe","d2d71288-3955-11ef-9959-a36230ada079",NA,NA,1970,"1/3/1971","991b9976-3960-11ef-bd19-d3de5c174a65","away","Füchse Berlin","S3L Handball",16,22,FALSE,0,NA,NA,0,0,0,NA,0,0,0,0,0,0,NA,NA,NA,NA,NA,NA,NA,NA,0,0,0,0,NA,NA,NA,NA,NA
"Manfred Jeka","d2e0100c-3955-11ef-a53c-a36230ada079",NA,NA,1970,"1/3/1971","991b9976-3960-11ef-bd19-d3de5c174a65","away","Füchse Berlin","S3L Handball",16,22,FALSE,0,NA,NA,0,0,0,NA,0,0,0,0,0,0,NA,NA,NA,NA,NA,NA,NA,NA,0,0,0,0,NA,NA,NA,NA,NA
"Bernd Redlich","d2e474a6-3955-11ef-a804-a36230ada079",NA,NA,1970,"1/3/1971","991b9976-3960-11ef-bd19-d3de5c174a65","away","Füchse Berlin","S3L Handball",16,22,FALSE,0,NA,NA,0,0,0,NA,0,0,0,0,0,0,NA,NA,NA,NA,NA,NA,NA,NA,0,0,0,0,NA,NA,NA,NA,NA
"Christian Heß","d2ed7816-3955-11ef-bfaf-a36230ada079",NA,NA,1970,"1/3/1971","991b9976-3960-11ef-bd19-d3de5c174a65","away","Füchse Berlin","S3L Handball",16,22,FALSE,0,NA,NA,0,0,0,NA,0,0,0,0,0,0,NA,NA,NA,NA,NA,NA,NA,NA,0,0,0,0,NA,NA,NA,NA,NA
"Otto Tophoven","ca106fac-3955-11ef-9a8e-157c9bc18a5f",NA,NA,1970,"1/9/1971","8f5bb3ac-3960-11ef-907f-9b08c5d4c173","home","TV Krefeld-Oppum 1894","GWD Minden",13,17,FALSE,0,NA,NA,0,0,0,NA,0,0,0,0,0,0,NA,NA,NA,NA,NA,NA,NA,NA,0,0,0,0,NA,NA,NA,NA,NA
"Gerd Rüben","ca14b98f-3955-11ef-a366-157c9bc18a5f",NA,NA,1970,"1/9/1971","8f5bb3ac-3960-11ef-907f-9b08c5d4c173","home","TV Krefeld-Oppum 1894","GWD Minden",13,17,FALSE,0,NA,NA,0,0,0,NA,0,0,0,0,0,0,NA,NA,NA,NA,NA,NA,NA,NA,0,0,0,0,NA,NA,NA,NA,NA
"Theo Inger","ca18e97b-3955-11ef-91fb-157c9bc18a5f",NA,NA,1970,"1/9/1971","8f5bb3ac-3960-11ef-907f-9b08c5d4c173","home","TV Krefeld-Oppum 1894","GWD Minden",13,17,FALSE,0,NA,NA,0,0,0,NA,0,0,0,0,0,0,NA,NA,NA,NA,NA,NA,NA,NA,0,0,0,0,NA,NA,NA,NA,NA
"Peter Inger","ca1d519a-3955-11ef-b5d9-157c9bc18a5f",NA,NA,1970,"1/9/1971","8f5bb3ac-3960-11ef-907f-9b08c5d4c173","home","TV Krefeld-Oppum 1894","GWD Minden",13,17,FALSE,6,NA,NA,0,0,1,NA,0,0,0,0,0,0,NA,NA,NA,NA,NA,NA,NA,NA,0,0,0,0,NA,NA,NA,NA,NA
"Hermann Köhler","ca2255bc-3955-11ef-91a7-157c9bc18a5f",NA,NA,1970,"1/9/1971","8f5bb3ac-3960-11ef-907f-9b08c5d4c173","home","TV Krefeld-Oppum 1894","GWD Minden",13,17,FALSE,1,NA,NA,0,0,0,NA,0,0,0,0,0,0,NA,NA,NA,NA,NA,NA,NA,NA,0,0,0,0,NA,NA,NA,NA,NA
"Horst Panknin","ca26d115-3955-11ef-a60e-157c9bc18a5f",NA,NA,1970,"1/9/1971","8f5bb3ac-3960-11ef-907f-9b08c5d4c173","home","TV Krefeld-Oppum 1894","GWD Minden",13,17,FALSE,1,NA,NA,0,0,0,NA,0,0,0,0,0,0,NA,NA,NA,NA,NA,NA,NA,NA,0,0,0,0,NA,NA,NA,NA,NA
"Ralf Pasch","ca2b132c-3955-11ef-a380-157c9bc18a5f",NA,NA,1970,"1/9/1971","8f5bb3ac-3960-11ef-907f-9b08c5d4c173","home","TV Krefeld-Oppum 1894","GWD Minden",13,17,FALSE,3,NA,NA,0,0,0,NA,0,0,0,0,0,0,NA,NA,NA,NA,NA,NA,NA,NA,0,0,0,0,NA,NA,NA,NA,NA
"Hugo Schroers","ca2f571a-3955-11ef-8d46-157c9bc18a5f",NA,NA,1970,"1/9/1971","8f5bb3ac-3960-11ef-907f-9b08c5d4c173","home","TV Krefeld-Oppum 1894","GWD Minden",13,17,FALSE,0,NA,NA,0,0,0,NA,0,0,0,0,0,0,NA,NA,NA,NA,NA,NA,NA,NA,0,0,0,0,NA,NA,NA,NA,NA
"Max Zwierkowski","ca390aba-3955-11ef-97b4-157c9bc18a5f",NA,NA,1970,"1/9/1971","8f5bb3ac-3960-11ef-907f-9b08c5d4c173","home","TV Krefeld-Oppum 1894","GWD Minden",13,17,FALSE,1,NA,NA,0,0,0,NA,0,0,0,0,0,0,NA,NA,NA,NA,NA,NA,NA,NA,0,0,0,0,NA,NA,NA,NA,NA
"Leo Ritz","ca3d0962-3955-11ef-938c-157c9bc18a5f",NA,NA,1970,"1/9/1971","8f5bb3ac-3960-11ef-907f-9b08c5d4c173","home","TV Krefeld-Oppum 1894","GWD Minden",13,17,FALSE,0,NA,NA,0,0,0,NA,0,0,0,0,0,0,NA,NA,NA,NA,NA,NA,NA,NA,0,0,0,0,NA,NA,NA,NA,NA
"Dieter Patz","ca42d471-3955-11ef-a75d-157c9bc18a5f",NA,NA,1970,"1/9/1971","8f5bb3ac-3960-11ef-907f-9b08c5d4c173","home","TV Krefeld-Oppum 1894","GWD Minden",13,17,FALSE,1,NA,NA,0,0,0,NA,0,0,0,0,0,0,NA,NA,NA,NA,NA,NA,NA,NA,0,0,0,0,NA,NA,NA,NA,NA
"Hans-Jürgen Sulk","7ff6b175-3955-11ef-a103-b908c60af10a",NA,NA,1970,"1/9/1971","8f5bb3ac-3960-11ef-907f-9b08c5d4c173","away","GWD Minden","TV Krefeld-Oppum 1894",17,13,TRUE,1,NA,NA,0,0,0,NA,0,0,0,0,0,0,NA,NA,NA,NA,NA,NA,NA,NA,0,0,0,0,NA,NA,NA,NA,NA
"Bernhard Busch","8dc9280f-3955-11ef-80e2-81dc40648355",NA,NA,1970,"1/9/1971","8f5bb3ac-3960-11ef-907f-9b08c5d4c173","away","GWD Minden","TV Krefeld-Oppum 1894",17,13,TRUE,1,NA,NA,0,0,0,NA,0,0,0,0,0,0,NA,NA,NA,NA,NA,NA,NA,NA,0,0,0,0,NA,NA,NA,NA,NA
"Gerald Schüler","96fc1532-3955-11ef-bddd-292be3190b7b",NA,NA,1970,"1/9/1971","8f5bb3ac-3960-11ef-907f-9b08c5d4c173","away","GWD Minden","TV Krefeld-Oppum 1894",17,13,TRUE,0,NA,NA,0,0,0,NA,0,0,0,0,0,0,NA,NA,NA,NA,NA,NA,NA,NA,0,0,0,0,NA,NA,NA,NA,NA
"Hans Kramer","98f50290-3955-11ef-8aa8-292be3190b7b",NA,NA,1970,"1/9/1971","8f5bb3ac-3960-11ef-907f-9b08c5d4c173","away","GWD Minden","TV Krefeld-Oppum 1894",17,13,TRUE,1,NA,NA,0,0,0,NA,0,0,0,0,0,0,NA,NA,NA,NA,NA,NA,NA,NA,0,0,0,0,NA,NA,NA,NA,NA
"Wilfried Meyer","a34b2aa0-3955-11ef-a79c-2510cc07ea6e",NA,NA,1970,"1/9/1971","8f5bb3ac-3960-11ef-907f-9b08c5d4c173","away","GWD Minden","TV Krefeld-Oppum 1894",17,13,TRUE,0,NA,NA,0,0,0,NA,0,0,0,0,0,0,NA,NA,NA,NA,NA,NA,NA,NA,0,0,0,0,NA,NA,NA,NA,NA
"Bernd Munck","ba5ee5e3-3955-11ef-9f80-ab397f561917",NA,NA,1970,"1/9/1971","8f5bb3ac-3960-11ef-907f-9b08c5d4c173","away","GWD Minden","TV Krefeld-Oppum 1894",17,13,TRUE,4,NA,NA,0,0,0,NA,0,0,0,0,0,0,NA,NA,NA,NA,NA,NA,NA,NA,0,0,0,0,NA,NA,NA,NA,NA
"Wilfried Drögemeier","ba63ada7-3955-11ef-a04d-ab397f561917",NA,NA,1970,"1/9/1971","8f5bb3ac-3960-11ef-907f-9b08c5d4c173","away","GWD Minden","TV Krefeld-Oppum 1894",17,13,TRUE,1,NA,NA,0,0,0,NA,0,0,0,0,0,0,NA,NA,NA,NA,NA,NA,NA,NA,0,0,0,0,NA,NA,NA,NA,NA
"Klaus Barlach","bcee5b38-3955-11ef-a026-ab397f561917",NA,NA,1970,"1/9/1971","8f5bb3ac-3960-11ef-907f-9b08c5d4c173","away","GWD Minden","TV Krefeld-Oppum 1894",17,13,TRUE,4,NA,NA,0,0,0,NA,0,0,0,0,0,0,NA,NA,NA,NA,NA,NA,NA,NA,0,0,0,0,NA,NA,NA,NA,NA
"Otto Weng","bcfbec1c-3955-11ef-b4f4-ab397f561917",NA,NA,1970,"1/9/1971","8f5bb3ac-3960-11ef-907f-9b08c5d4c173","away","GWD Minden","TV Krefeld-Oppum 1894",17,13,TRUE,5,NA,NA,0,0,1,NA,0,0,0,0,0,0,NA,NA,NA,NA,NA,NA,NA,NA,0,0,0,0,NA,NA,NA,NA,NA
"Jürgen Buhrmester","c747ff25-3955-11ef-9695-157c9bc18a5f",NA,NA,1970,"1/9/1971","8f5bb3ac-3960-11ef-907f-9b08c5d4c173","away","GWD Minden","TV Krefeld-Oppum 1894",17,13,TRUE,0,NA,NA,0,0,0,NA,0,0,0,0,0,0,NA,NA,NA,NA,NA,NA,NA,NA,0,0,0,0,NA,NA,NA,NA,NA
"Manfred Horstkötter","c8a23936-3955-11ef-9884-157c9bc18a5f",NA,NA,1970,"1/9/1971","8f5bb3ac-3960-11ef-907f-9b08c5d4c173","away","GWD Minden","TV Krefeld-Oppum 1894",17,13,TRUE,0,NA,NA,0,0,0,NA,0,0,0,0,0,0,NA,NA,NA,NA,NA,NA,NA,NA,0,0,0,0,NA,NA,NA,NA,NA
"Hans Moser","7e83ce46-3955-11ef-830d-b908c60af10a",NA,NA,1970,"1/9/1971","98498cdf-3960-11ef-bdfb-d3de5c174a65","home","TSV Milbertshofen","TV Hochdorf",13,20,FALSE,6,NA,NA,0,0,3,NA,0,0,0,0,0,0,NA,NA,NA,NA,NA,NA,NA,NA,0,0,0,0,NA,NA,NA,NA,NA
"Gerhard Ochsenkühn","97259ed1-3955-11ef-96ca-292be3190b7b",NA,NA,1970,"1/9/1971","98498cdf-3960-11ef-bdfb-d3de5c174a65","home","TSV Milbertshofen","TV Hochdorf",13,20,FALSE,2,NA,NA,0,0,0,NA,0,0,0,0,0,0,NA,NA,NA,NA,NA,NA,NA,NA,0,0,0,0,NA,NA,NA,NA,NA
"Josef Kiener","972d7d47-3955-11ef-a437-292be3190b7b",NA,NA,1970,"1/9/1971","98498cdf-3960-11ef-bdfb-d3de5c174a65","home","TSV Milbertshofen","TV Hochdorf",13,20,FALSE,1,NA,NA,0,0,0,NA,0,0,0,0,0,0,NA,NA,NA,NA,NA,NA,NA,NA,0,0,0,0,NA,NA,NA,NA,NA
"Peter Feddern","bc1b1b3e-3955-11ef-9c4e-ab397f561917",NA,NA,1970,"1/9/1971","98498cdf-3960-11ef-bdfb-d3de5c174a65","home","TSV Milbertshofen","TV Hochdorf",13,20,FALSE,1,NA,NA,0,0,0,NA,0,0,0,0,0,0,NA,NA,NA,NA,NA,NA,NA,NA,0,0,0,0,NA,NA,NA,NA,NA
"Karl Donndorf","c821c668-3955-11ef-a20c-157c9bc18a5f",NA,NA,1970,"1/9/1971","98498cdf-3960-11ef-bdfb-d3de5c174a65","home","TSV Milbertshofen","TV Hochdorf",13,20,FALSE,2,NA,NA,0,0,0,NA,0,0,0,0,0,0,NA,NA,NA,NA,NA,NA,NA,NA,0,0,0,0,NA,NA,NA,NA,NA
"Peter Pyrges","c9b28b8a-3955-11ef-9887-157c9bc18a5f",NA,NA,1970,"1/9/1971","98498cdf-3960-11ef-bdfb-d3de5c174a65","home","TSV Milbertshofen","TV Hochdorf",13,20,FALSE,0,NA,NA,0,0,0,NA,0,0,0,0,0,0,NA,NA,NA,NA,NA,NA,NA,NA,0,0,0,0,NA,NA,NA,NA,NA
"Helmut Witzler","d300a8d3-3955-11ef-b9d5-a36230ada079",NA,NA,1970,"1/9/1971","98498cdf-3960-11ef-bdfb-d3de5c174a65","home","TSV Milbertshofen","TV Hochdorf",13,20,FALSE,0,NA,NA,0,0,0,NA,0,0,0,0,0,0,NA,NA,NA,NA,NA,NA,NA,NA,0,0,0,0,NA,NA,NA,NA,NA
"Max Rixner","d313d31e-3955-11ef-b538-a36230ada079",NA,NA,1970,"1/9/1971","98498cdf-3960-11ef-bdfb-d3de5c174a65","home","TSV Milbertshofen","TV Hochdorf",13,20,FALSE,1,NA,NA,0,0,0,NA,0,0,0,0,0,0,NA,NA,NA,NA,NA,NA,NA,NA,0,0,0,0,NA,NA,NA,NA,NA
"Rüdiger-Felix Schmacke","97956044-3955-11ef-be5d-292be3190b7b",NA,NA,1970,"1/9/1971","98498cdf-3960-11ef-bdfb-d3de5c174a65","away","TV Hochdorf","TSV Milbertshofen",20,13,TRUE,4,NA,NA,0,0,2,NA,0,0,0,0,0,0,NA,NA,NA,NA,NA,NA,NA,NA,0,0,0,0,NA,NA,NA,NA,NA
"Robert Becker","ae8c50f9-3955-11ef-91c4-a36230ada079",NA,NA,1970,"1/9/1971","98498cdf-3960-11ef-bdfb-d3de5c174a65","away","TV Hochdorf","TSV Milbertshofen",20,13,TRUE,1,NA,NA,0,0,0,NA,0,0,0,0,0,0,NA,NA,NA,NA,NA,NA,NA,NA,0,0,0,0,NA,NA,NA,NA,NA
"Jürgen Hahn","ae947745-3955-11ef-bc54-a36230ada079",NA,NA,1970,"1/9/1971","98498cdf-3960-11ef-bdfb-d3de5c174a65","away","TV Hochdorf","TSV Milbertshofen",20,13,TRUE,3,NA,NA,0,0,0,NA,0,0,0,0,0,0,NA,NA,NA,NA,NA,NA,NA,NA,0,0,0,0,NA,NA,NA,NA,NA
"Wilfried Job","af3ed007-3955-11ef-9184-a36230ada079",NA,NA,1970,"1/9/1971","98498cdf-3960-11ef-bdfb-d3de5c174a65","away","TV Hochdorf","TSV Milbertshofen",20,13,TRUE,2,NA,NA,0,0,0,NA,0,0,0,0,0,0,NA,NA,NA,NA,NA,NA,NA,NA,0,0,0,0,NA,NA,NA,NA,NA
"Hans Stein","bde4861d-3955-11ef-a14e-ab397f561917",NA,NA,1970,"1/9/1971","98498cdf-3960-11ef-bdfb-d3de5c174a65","away","TV Hochdorf","TSV Milbertshofen",20,13,TRUE,2,NA,NA,0,0,0,NA,0,0,0,0,0,0,NA,NA,NA,NA,NA,NA,NA,NA,0,0,0,0,NA,NA,NA,NA,NA
"Edwin Hutter","c93080aa-3955-11ef-85b4-157c9bc18a5f",NA,NA,1970,"1/9/1971","98498cdf-3960-11ef-bdfb-d3de5c174a65","away","TV Hochdorf","TSV Milbertshofen",20,13,TRUE,0,NA,NA,0,0,0,NA,0,0,0,0,0,0,NA,NA,NA,NA,NA,NA,NA,NA,0,0,0,0,NA,NA,NA,NA,NA
"Werner Häfele","c9414487-3955-11ef-a5df-157c9bc18a5f",NA,NA,1970,"1/9/1971","98498cdf-3960-11ef-bdfb-d3de5c174a65","away","TV Hochdorf","TSV Milbertshofen",20,13,TRUE,4,NA,NA,0,0,0,NA,0,0,0,0,0,0,NA,NA,NA,NA,NA,NA,NA,NA,0,0,0,0,NA,NA,NA,NA,NA
"Willi Butz","c945a2f1-3955-11ef-8b53-157c9bc18a5f",NA,NA,1970,"1/9/1971","98498cdf-3960-11ef-bdfb-d3de5c174a65","away","TV Hochdorf","TSV Milbertshofen",20,13,TRUE,0,NA,NA,0,0,0,NA,0,0,0,0,0,0,NA,NA,NA,NA,NA,NA,NA,NA,0,0,0,0,NA,NA,NA,NA,NA
"Peter Frisch","c94a46b7-3955-11ef-8686-157c9bc18a5f",NA,NA,1970,"1/9/1971","98498cdf-3960-11ef-bdfb-d3de5c174a65","away","TV Hochdorf","TSV Milbertshofen",20,13,TRUE,4,NA,NA,0,0,0,NA,0,0,0,0,0,0,NA,NA,NA,NA,NA,NA,NA,NA,0,0,0,0,NA,NA,NA,NA,NA
"Alois Ehmann","d286fca5-3955-11ef-a9e5-a36230ada079",NA,NA,1970,"1/9/1971","98498cdf-3960-11ef-bdfb-d3de5c174a65","away","TV Hochdorf","TSV Milbertshofen",20,13,TRUE,0,NA,NA,0,0,0,NA,0,0,0,0,0,0,NA,NA,NA,NA,NA,NA,NA,NA,0,0,0,0,NA,NA,NA,NA,NA
"Wolf-Dieter Nagel","8d41486b-3955-11ef-8d22-81dc40648355",NA,NA,1970,"1/9/1971","992cbb24-3960-11ef-b00d-d3de5c174a65","home","TSV 1896 Rintheim","S3L Handball",16,16,FALSE,5,NA,NA,0,0,0,NA,0,0,0,0,0,0,NA,NA,NA,NA,NA,NA,NA,NA,0,0,0,0,NA,NA,NA,NA,NA
"Franz Bechler","98035d7e-3955-11ef-8b94-292be3190b7b",NA,NA,1970,"1/9/1971","992cbb24-3960-11ef-b00d-d3de5c174a65","home","TSV 1896 Rintheim","S3L Handball",16,16,FALSE,0,NA,NA,0,0,0,NA,0,0,0,0,0,0,NA,NA,NA,NA,NA,NA,NA,NA,0,0,0,0,NA,NA,NA,NA,NA
"Bernd Seibel","bc6670d9-3955-11ef-b849-ab397f561917",NA,NA,1970,"1/9/1971","992cbb24-3960-11ef-b00d-d3de5c174a65","home","TSV 1896 Rintheim","S3L Handball",16,16,FALSE,1,NA,NA,0,0,0,NA,0,0,0,0,0,0,NA,NA,NA,NA,NA,NA,NA,NA,0,0,0,0,NA,NA,NA,NA,NA
"Wolfgang Dillenberger","bc6a40c8-3955-11ef-8c9f-ab397f561917",NA,NA,1970,"1/9/1971","992cbb24-3960-11ef-b00d-d3de5c174a65","home","TSV 1896 Rintheim","S3L Handball",16,16,FALSE,4,NA,NA,0,0,0,NA,0,0,0,0,0,0,NA,NA,NA,NA,NA,NA,NA,NA,0,0,0,0,NA,NA,NA,NA,NA
"Max Ullrich","c6e110c6-3955-11ef-83e4-157c9bc18a5f",NA,NA,1970,"1/9/1971","992cbb24-3960-11ef-b00d-d3de5c174a65","home","TSV 1896 Rintheim","S3L Handball",16,16,FALSE,0,NA,NA,0,0,0,NA,0,0,0,0,0,0,NA,NA,NA,NA,NA,NA,NA,NA,0,0,0,0,NA,NA,NA,NA,NA
"Roland Schubach","c8722d8e-3955-11ef-b351-157c9bc18a5f",NA,NA,1970,"1/9/1971","992cbb24-3960-11ef-b00d-d3de5c174a65","home","TSV 1896 Rintheim","S3L Handball",16,16,FALSE,1,NA,NA,0,0,0,NA,0,0,0,0,0,0,NA,NA,NA,NA,NA,NA,NA,NA,0,0,0,0,NA,NA,NA,NA,NA
"Siegfried Brabec","c87758a1-3955-11ef-9dbd-157c9bc18a5f",NA,NA,1970,"1/9/1971","992cbb24-3960-11ef-b00d-d3de5c174a65","home","TSV 1896 Rintheim","S3L Handball",16,16,FALSE,0,NA,NA,0,0,0,NA,0,0,0,0,0,0,NA,NA,NA,NA,NA,NA,NA,NA,0,0,0,0,NA,NA,NA,NA,NA
"Josef Bechler","c88a53f3-3955-11ef-bd99-157c9bc18a5f",NA,NA,1970,"1/9/1971","992cbb24-3960-11ef-b00d-d3de5c174a65","home","TSV 1896 Rintheim","S3L Handball",16,16,FALSE,3,NA,NA,0,0,0,NA,0,0,0,0,0,0,NA,NA,NA,NA,NA,NA,NA,NA,0,0,0,0,NA,NA,NA,NA,NA
"Karl Wackershauser","d338c73b-3955-11ef-bb70-a36230ada079",NA,NA,1970,"1/9/1971","992cbb24-3960-11ef-b00d-d3de5c174a65","home","TSV 1896 Rintheim","S3L Handball",16,16,FALSE,0,NA,NA,0,0,0,NA,0,0,0,0,0,0,NA,NA,NA,NA,NA,NA,NA,NA,0,0,0,0,NA,NA,NA,NA,NA
"Winfried Gaus","d33d97ff-3955-11ef-adfc-a36230ada079",NA,NA,1970,"1/9/1971","992cbb24-3960-11ef-b00d-d3de5c174a65","home","TSV 1896 Rintheim","S3L Handball",16,16,FALSE,0,NA,NA,0,0,0,NA,0,0,0,0,0,0,NA,NA,NA,NA,NA,NA,NA,NA,0,0,0,0,NA,NA,NA,NA,NA
"Edwin Schmidkunz","d352cbf0-3955-11ef-a520-a36230ada079",NA,NA,1970,"1/9/1971","992cbb24-3960-11ef-b00d-d3de5c174a65","home","TSV 1896 Rintheim","S3L Handball",16,16,FALSE,2,NA,NA,0,0,1,NA,0,0,0,0,0,0,NA,NA,NA,NA,NA,NA,NA,NA,0,0,0,0,NA,NA,NA,NA,NA
"Hansjörg Jäck","b166bd31-3955-11ef-bed1-a36230ada079",NA,NA,1970,"1/9/1971","992cbb24-3960-11ef-b00d-d3de5c174a65","away","S3L Handball","TSV 1896 Rintheim",16,16,FALSE,0,NA,NA,0,0,0,NA,0,0,0,0,0,0,NA,NA,NA,NA,NA,NA,NA,NA,0,0,0,0,NA,NA,NA,NA,NA
"Jens Schmitt","bb8d4110-3955-11ef-8fb2-ab397f561917",NA,NA,1970,"1/9/1971","992cbb24-3960-11ef-b00d-d3de5c174a65","away","S3L Handball","TSV 1896 Rintheim",16,16,FALSE,2,NA,NA,0,0,0,NA,0,0,0,0,0,0,NA,NA,NA,NA,NA,NA,NA,NA,0,0,0,0,NA,NA,NA,NA,NA
"Werner Pruscha","bb9c8e56-3955-11ef-ac18-ab397f561917",NA,NA,1970,"1/9/1971","992cbb24-3960-11ef-b00d-d3de5c174a65","away","S3L Handball","TSV 1896 Rintheim",16,16,FALSE,0,NA,NA,0,0,0,NA,0,0,0,0,0,0,NA,NA,NA,NA,NA,NA,NA,NA,0,0,0,0,NA,NA,NA,NA,NA
"Wolfhardt Bühler","bba2fc92-3955-11ef-a8d6-ab397f561917",NA,NA,1970,"1/9/1971","992cbb24-3960-11ef-b00d-d3de5c174a65","away","S3L Handball","TSV 1896 Rintheim",16,16,FALSE,4,NA,NA,0,0,1,NA,0,0,0,0,0,0,NA,NA,NA,NA,NA,NA,NA,NA,0,0,0,0,NA,NA,NA,NA,NA
"Gerd Schmitt","bbb09cf8-3955-11ef-97db-ab397f561917",NA,NA,1970,"1/9/1971","992cbb24-3960-11ef-b00d-d3de5c174a65","away","S3L Handball","TSV 1896 Rintheim",16,16,FALSE,2,NA,NA,0,0,0,NA,0,0,0,0,0,0,NA,NA,NA,NA,NA,NA,NA,NA,0,0,0,0,NA,NA,NA,NA,NA
"Lothar Pohl","bc5ae364-3955-11ef-9b62-ab397f561917",NA,NA,1970,"1/9/1971","992cbb24-3960-11ef-b00d-d3de5c174a65","away","S3L Handball","TSV 1896 Rintheim",16,16,FALSE,0,NA,NA,0,0,0,NA,0,0,0,0,0,0,NA,NA,NA,NA,NA,NA,NA,NA,0,0,0,0,NA,NA,NA,NA,NA
"Herbert Hönnige","c7e7cc14-3955-11ef-af0e-157c9bc18a5f",NA,NA,1970,"1/9/1971","992cbb24-3960-11ef-b00d-d3de5c174a65","away","S3L Handball","TSV 1896 Rintheim",16,16,FALSE,4,NA,NA,0,0,0,NA,0,0,0,0,0,0,NA,NA,NA,NA,NA,NA,NA,NA,0,0,0,0,NA,NA,NA,NA,NA
"Jürgen Plambeck","c95d267b-3955-11ef-9a98-157c9bc18a5f",NA,NA,1970,"1/9/1971","992cbb24-3960-11ef-b00d-d3de5c174a65","away","S3L Handball","TSV 1896 Rintheim",16,16,FALSE,2,NA,NA,0,0,0,NA,0,0,0,0,0,0,NA,NA,NA,NA,NA,NA,NA,NA,0,0,0,0,NA,NA,NA,NA,NA
"Josef Hutter","c96148ae-3955-11ef-a005-157c9bc18a5f",NA,NA,1970,"1/9/1971","992cbb24-3960-11ef-b00d-d3de5c174a65","away","S3L Handball","TSV 1896 Rintheim",16,16,FALSE,0,NA,NA,0,0,0,NA,0,0,0,0,0,0,NA,NA,NA,NA,NA,NA,NA,NA,0,0,0,0,NA,NA,NA,NA,NA
"Rolf Seltner","c96574fc-3955-11ef-a37f-157c9bc18a5f",NA,NA,1970,"1/9/1971","992cbb24-3960-11ef-b00d-d3de5c174a65","away","S3L Handball","TSV 1896 Rintheim",16,16,FALSE,1,NA,NA,0,0,0,NA,0,0,0,0,0,0,NA,NA,NA,NA,NA,NA,NA,NA,0,0,0,0,NA,NA,NA,NA,NA
"Norbert Schmitt","d2a1de09-3955-11ef-b7be-a36230ada079",NA,NA,1970,"1/9/1971","992cbb24-3960-11ef-b00d-d3de5c174a65","away","S3L Handball","TSV 1896 Rintheim",16,16,FALSE,1,NA,NA,0,0,0,NA,0,0,0,0,0,0,NA,NA,NA,NA,NA,NA,NA,NA,0,0,0,0,NA,NA,NA,NA,NA
"Diethard Finkelmann","a60bdcf9-3955-11ef-bfa1-2510cc07ea6e",NA,NA,1970,"1/9/1971","99d923ab-3960-11ef-a9bd-d3de5c174a65","home","Füchse Berlin","TV Großwallstadt",9,15,FALSE,0,NA,NA,0,0,0,NA,0,0,0,0,0,0,NA,NA,NA,NA,NA,NA,NA,NA,0,0,0,0,NA,NA,NA,NA,NA
"Wolfgang Braun","b1a4c388-3955-11ef-92b7-a36230ada079",NA,NA,1970,"1/9/1971","99d923ab-3960-11ef-a9bd-d3de5c174a65","home","Füchse Berlin","TV Großwallstadt",9,15,FALSE,0,NA,NA,0,0,0,NA,0,0,0,0,0,0,NA,NA,NA,NA,NA,NA,NA,NA,0,0,0,0,NA,NA,NA,NA,NA
"Detlef Finkelmann","b1a8f927-3955-11ef-a009-a36230ada079",NA,NA,1970,"1/9/1971","99d923ab-3960-11ef-a9bd-d3de5c174a65","home","Füchse Berlin","TV Großwallstadt",9,15,FALSE,5,NA,NA,0,0,2,NA,0,0,0,0,0,0,NA,NA,NA,NA,NA,NA,NA,NA,0,0,0,0,NA,NA,NA,NA,NA
"Bernd Goerigk","b1b21b0c-3955-11ef-a303-a36230ada079",NA,NA,1970,"1/9/1971","99d923ab-3960-11ef-a9bd-d3de5c174a65","home","Füchse Berlin","TV Großwallstadt",9,15,FALSE,2,NA,NA,0,0,0,NA,0,0,0,0,0,0,NA,NA,NA,NA,NA,NA,NA,NA,0,0,0,0,NA,NA,NA,NA,NA
"Lutz Loewke","b1b73b08-3955-11ef-b76a-a36230ada079",NA,NA,1970,"1/9/1971","99d923ab-3960-11ef-a9bd-d3de5c174a65","home","Füchse Berlin","TV Großwallstadt",9,15,FALSE,1,NA,NA,0,0,0,NA,0,0,0,0,0,0,NA,NA,NA,NA,NA,NA,NA,NA,0,0,0,0,NA,NA,NA,NA,NA
"Werner Reinke","b1bc1a3c-3955-11ef-8a0a-a36230ada079",NA,NA,1970,"1/9/1971","99d923ab-3960-11ef-a9bd-d3de5c174a65","home","Füchse Berlin","TV Großwallstadt",9,15,FALSE,0,NA,NA,0,0,0,NA,0,0,0,0,0,0,NA,NA,NA,NA,NA,NA,NA,NA,0,0,0,0,NA,NA,NA,NA,NA
"Sigmar Artelt","bdbc9392-3955-11ef-a3be-ab397f561917",NA,NA,1970,"1/9/1971","99d923ab-3960-11ef-a9bd-d3de5c174a65","home","Füchse Berlin","TV Großwallstadt",9,15,FALSE,0,NA,NA,0,0,0,NA,0,0,0,0,0,0,NA,NA,NA,NA,NA,NA,NA,NA,0,0,0,0,NA,NA,NA,NA,NA
"Henry Johannes","bdc98fce-3955-11ef-9f6e-ab397f561917",NA,NA,1970,"1/9/1971","99d923ab-3960-11ef-a9bd-d3de5c174a65","home","Füchse Berlin","TV Großwallstadt",9,15,FALSE,1,NA,NA,0,0,0,NA,0,0,0,0,0,0,NA,NA,NA,NA,NA,NA,NA,NA,0,0,0,0,NA,NA,NA,NA,NA
"Klaus-Dieter Guse","bdd76769-3955-11ef-97dc-ab397f561917",NA,NA,1970,"1/9/1971","99d923ab-3960-11ef-a9bd-d3de5c174a65","home","Füchse Berlin","TV Großwallstadt",9,15,FALSE,0,NA,NA,0,0,0,NA,0,0,0,0,0,0,NA,NA,NA,NA,NA,NA,NA,NA,0,0,0,0,NA,NA,NA,NA,NA
"Bernd Redlich","d2e474a6-3955-11ef-a804-a36230ada079",NA,NA,1970,"1/9/1971","99d923ab-3960-11ef-a9bd-d3de5c174a65","home","Füchse Berlin","TV Großwallstadt",9,15,FALSE,0,NA,NA,0,0,0,NA,0,0,0,0,0,0,NA,NA,NA,NA,NA,NA,NA,NA,0,0,0,0,NA,NA,NA,NA,NA
"Kurt Klühspies","5ac3e7d7-3955-11ef-b574-4fa817cd91bb",NA,NA,1970,"1/9/1971","99d923ab-3960-11ef-a9bd-d3de5c174a65","away","TV Großwallstadt","Füchse Berlin",15,9,TRUE,3,NA,NA,0,0,0,NA,0,0,0,0,0,0,NA,NA,NA,NA,NA,NA,NA,NA,0,0,0,0,NA,NA,NA,NA,NA
"Eckhardt Suffel","aeac0503-3955-11ef-88c6-a36230ada079",NA,NA,1970,"1/9/1971","99d923ab-3960-11ef-a9bd-d3de5c174a65","away","TV Großwallstadt","Füchse Berlin",15,9,TRUE,1,NA,NA,0,0,0,NA,0,0,0,0,0,0,NA,NA,NA,NA,NA,NA,NA,NA,0,0,0,0,NA,NA,NA,NA,NA
"Peter Kuß","bbc18adb-3955-11ef-a5f7-ab397f561917",NA,NA,1970,"1/9/1971","99d923ab-3960-11ef-a9bd-d3de5c174a65","away","TV Großwallstadt","Füchse Berlin",15,9,TRUE,3,NA,NA,0,0,0,NA,0,0,0,0,0,0,NA,NA,NA,NA,NA,NA,NA,NA,0,0,0,0,NA,NA,NA,NA,NA
"Werner Lemmert","be0e2c8d-3955-11ef-82a6-ab397f561917",NA,NA,1970,"1/9/1971","99d923ab-3960-11ef-a9bd-d3de5c174a65","away","TV Großwallstadt","Füchse Berlin",15,9,TRUE,0,NA,NA,0,0,0,NA,0,0,0,0,0,0,NA,NA,NA,NA,NA,NA,NA,NA,0,0,0,0,NA,NA,NA,NA,NA
"Rainer Oberle","be123408-3955-11ef-92a6-ab397f561917",NA,NA,1970,"1/9/1971","99d923ab-3960-11ef-a9bd-d3de5c174a65","away","TV Großwallstadt","Füchse Berlin",15,9,TRUE,1,NA,NA,0,0,0,NA,0,0,0,0,0,0,NA,NA,NA,NA,NA,NA,NA,NA,0,0,0,0,NA,NA,NA,NA,NA
"Hans-Joachim Herzig","c7ff4ec7-3955-11ef-a4ed-157c9bc18a5f",NA,NA,1970,"1/9/1971","99d923ab-3960-11ef-a9bd-d3de5c174a65","away","TV Großwallstadt","Füchse Berlin",15,9,TRUE,0,NA,NA,0,0,0,NA,0,0,0,0,0,0,NA,NA,NA,NA,NA,NA,NA,NA,0,0,0,0,NA,NA,NA,NA,NA
"Klaus Oberle","c96e13a5-3955-11ef-a68a-157c9bc18a5f",NA,NA,1970,"1/9/1971","99d923ab-3960-11ef-a9bd-d3de5c174a65","away","TV Großwallstadt","Füchse Berlin",15,9,TRUE,0,NA,NA,0,0,0,NA,0,0,0,0,0,0,NA,NA,NA,NA,NA,NA,NA,NA,0,0,0,0,NA,NA,NA,NA,NA
"Erich Kolb","d2d1efef-3955-11ef-89e7-a36230ada079",NA,NA,1970,"1/9/1971","99d923ab-3960-11ef-a9bd-d3de5c174a65","away","TV Großwallstadt","Füchse Berlin",15,9,TRUE,6,NA,NA,0,0,0,NA,0,0,0,0,0,0,NA,NA,NA,NA,NA,NA,NA,NA,0,0,0,0,NA,NA,NA,NA,NA
"Peter Bucher","8e0071c9-3955-11ef-8ff8-81dc40648355",NA,NA,1970,"1/9/1971","9b286292-3960-11ef-a319-d3de5c174a65","home","FRISCH AUF! Göppingen","SpVgg 1887 Möhringen",13,11,TRUE,5,NA,NA,0,0,1,NA,0,0,0,0,0,0,NA,NA,NA,NA,NA,NA,NA,NA,0,0,0,0,NA,NA,NA,NA,NA
"Horst Singer","a30fd118-3955-11ef-9745-2510cc07ea6e",NA,NA,1970,"1/9/1971","9b286292-3960-11ef-a319-d3de5c174a65","home","FRISCH AUF! Göppingen","SpVgg 1887 Möhringen",13,11,TRUE,2,NA,NA,0,0,0,NA,0,0,0,0,0,0,NA,NA,NA,NA,NA,NA,NA,NA,0,0,0,0,NA,NA,NA,NA,NA
"Hans-Dieter Schunter","b2054717-3955-11ef-a22c-a36230ada079",NA,NA,1970,"1/9/1971","9b286292-3960-11ef-a319-d3de5c174a65","home","FRISCH AUF! Göppingen","SpVgg 1887 Möhringen",13,11,TRUE,0,NA,NA,0,0,0,NA,0,0,0,0,0,0,NA,NA,NA,NA,NA,NA,NA,NA,0,0,0,0,NA,NA,NA,NA,NA
"Walter Pflüger","bc85cdbc-3955-11ef-8e24-ab397f561917",NA,NA,1970,"1/9/1971","9b286292-3960-11ef-a319-d3de5c174a65","home","FRISCH AUF! Göppingen","SpVgg 1887 Möhringen",13,11,TRUE,1,NA,NA,0,0,0,NA,0,0,0,0,0,0,NA,NA,NA,NA,NA,NA,NA,NA,0,0,0,0,NA,NA,NA,NA,NA
"Werner Arndt","c71116e0-3955-11ef-85d3-157c9bc18a5f",NA,NA,1970,"1/9/1971","9b286292-3960-11ef-a319-d3de5c174a65","home","FRISCH AUF! Göppingen","SpVgg 1887 Möhringen",13,11,TRUE,2,NA,NA,0,0,0,NA,0,0,0,0,0,0,NA,NA,NA,NA,NA,NA,NA,NA,0,0,0,0,NA,NA,NA,NA,NA
"Christian Patzer","c715a1de-3955-11ef-bc54-157c9bc18a5f",NA,NA,1970,"1/9/1971","9b286292-3960-11ef-a319-d3de5c174a65","home","FRISCH AUF! Göppingen","SpVgg 1887 Möhringen",13,11,TRUE,0,NA,NA,0,0,0,NA,0,0,0,0,0,0,NA,NA,NA,NA,NA,NA,NA,NA,0,0,0,0,NA,NA,NA,NA,NA
"Armin Eisele","c9cc4c1b-3955-11ef-9f9f-157c9bc18a5f",NA,NA,1970,"1/9/1971","9b286292-3960-11ef-a319-d3de5c174a65","home","FRISCH AUF! Göppingen","SpVgg 1887 Möhringen",13,11,TRUE,2,NA,NA,0,0,0,NA,0,0,0,0,0,0,NA,NA,NA,NA,NA,NA,NA,NA,0,0,0,0,NA,NA,NA,NA,NA
"Anton Bayer","d357b837-3955-11ef-8b00-a36230ada079",NA,NA,1970,"1/9/1971","9b286292-3960-11ef-a319-d3de5c174a65","home","FRISCH AUF! Göppingen","SpVgg 1887 Möhringen",13,11,TRUE,1,NA,NA,0,0,0,NA,0,0,0,0,0,0,NA,NA,NA,NA,NA,NA,NA,NA,0,0,0,0,NA,NA,NA,NA,NA
"Keilwirth","d35ea6cb-3955-11ef-a644-a36230ada079",NA,NA,1970,"1/9/1971","9b286292-3960-11ef-a319-d3de5c174a65","home","FRISCH AUF! Göppingen","SpVgg 1887 Möhringen",13,11,TRUE,0,NA,NA,0,0,0,NA,0,0,0,0,0,0,NA,NA,NA,NA,NA,NA,NA,NA,0,0,0,0,NA,NA,NA,NA,NA
"Hermann Mäurle","a44f95e3-3955-11ef-b53d-2510cc07ea6e",NA,NA,1970,"1/9/1971","9b286292-3960-11ef-a319-d3de5c174a65","away","SpVgg 1887 Möhringen","FRISCH AUF! Göppingen",11,13,FALSE,0,NA,NA,0,0,0,NA,0,0,0,0,0,0,NA,NA,NA,NA,NA,NA,NA,NA,0,0,0,0,NA,NA,NA,NA,NA
"Karl-Heinz Wolf","c8354cdd-3955-11ef-a1d6-157c9bc18a5f",NA,NA,1970,"1/9/1971","9b286292-3960-11ef-a319-d3de5c174a65","away","SpVgg 1887 Möhringen","FRISCH AUF! Göppingen",11,13,FALSE,3,NA,NA,0,0,0,NA,0,0,0,0,0,0,NA,NA,NA,NA,NA,NA,NA,NA,0,0,0,0,NA,NA,NA,NA,NA
"Gerd-Volker Stock","c8397c3c-3955-11ef-af12-157c9bc18a5f",NA,NA,1970,"1/9/1971","9b286292-3960-11ef-a319-d3de5c174a65","away","SpVgg 1887 Möhringen","FRISCH AUF! Göppingen",11,13,FALSE,2,NA,NA,0,0,0,NA,0,0,0,0,0,0,NA,NA,NA,NA,NA,NA,NA,NA,0,0,0,0,NA,NA,NA,NA,NA
"Dieter Schuh","c84c4c54-3955-11ef-9d35-157c9bc18a5f",NA,NA,1970,"1/9/1971","9b286292-3960-11ef-a319-d3de5c174a65","away","SpVgg 1887 Möhringen","FRISCH AUF! Göppingen",11,13,FALSE,1,NA,NA,0,0,0,NA,0,0,0,0,0,0,NA,NA,NA,NA,NA,NA,NA,NA,0,0,0,0,NA,NA,NA,NA,NA
"Lothar Scheffel","c850996c-3955-11ef-94a7-157c9bc18a5f",NA,NA,1970,"1/9/1971","9b286292-3960-11ef-a319-d3de5c174a65","away","SpVgg 1887 Möhringen","FRISCH AUF! Göppingen",11,13,FALSE,0,NA,NA,0,0,0,NA,0,0,0,0,0,0,NA,NA,NA,NA,NA,NA,NA,NA,0,0,0,0,NA,NA,NA,NA,NA
"Gerd Rössler","c854fdaa-3955-11ef-b318-157c9bc18a5f",NA,NA,1970,"1/9/1971","9b286292-3960-11ef-a319-d3de5c174a65","away","SpVgg 1887 Möhringen","FRISCH AUF! Göppingen",11,13,FALSE,1,NA,NA,0,0,0,NA,0,0,0,0,0,0,NA,NA,NA,NA,NA,NA,NA,NA,0,0,0,0,NA,NA,NA,NA,NA
"Karl-Heinz Steinbach","c864fc61-3955-11ef-bc13-157c9bc18a5f",NA,NA,1970,"1/9/1971","9b286292-3960-11ef-a319-d3de5c174a65","away","SpVgg 1887 Möhringen","FRISCH AUF! Göppingen",11,13,FALSE,1,NA,NA,0,0,0,NA,0,0,0,0,0,0,NA,NA,NA,NA,NA,NA,NA,NA,0,0,0,0,NA,NA,NA,NA,NA
"Wolfgang Schall","c869381d-3955-11ef-a2ed-157c9bc18a5f",NA,NA,1970,"1/9/1971","9b286292-3960-11ef-a319-d3de5c174a65","away","SpVgg 1887 Möhringen","FRISCH AUF! Göppingen",11,13,FALSE,2,NA,NA,0,0,0,NA,0,0,0,0,0,0,NA,NA,NA,NA,NA,NA,NA,NA,0,0,0,0,NA,NA,NA,NA,NA
"Winfried Holtmann","d3270d6b-3955-11ef-8174-a36230ada079",NA,NA,1970,"1/9/1971","9b286292-3960-11ef-a319-d3de5c174a65","away","SpVgg 1887 Möhringen","FRISCH AUF! Göppingen",11,13,FALSE,0,NA,NA,0,0,0,NA,0,0,0,0,0,0,NA,NA,NA,NA,NA,NA,NA,NA,0,0,0,0,NA,NA,NA,NA,NA
"Klaus Brand","51394441-3955-11ef-8fab-6d38c0425bc0",NA,NA,1970,"1/10/1971","8e822132-3960-11ef-b61c-9b08c5d4c173","home","VfL Gummersbach","Hamburger SV",21,20,TRUE,0,NA,NA,0,0,0,NA,0,0,0,0,0,0,NA,NA,NA,NA,NA,NA,NA,NA,0,0,0,0,NA,NA,NA,NA,NA
"Klaus Kater","8da1f6ef-3955-11ef-b31a-81dc40648355",NA,NA,1970,"1/10/1971","8e822132-3960-11ef-b61c-9b08c5d4c173","home","VfL Gummersbach","Hamburger SV",21,20,TRUE,0,NA,NA,0,0,0,NA,0,0,0,0,0,0,NA,NA,NA,NA,NA,NA,NA,NA,0,0,0,0,NA,NA,NA,NA,NA
"Werner Winkelmeier","9712104e-3955-11ef-9613-292be3190b7b",NA,NA,1970,"1/10/1971","8e822132-3960-11ef-b61c-9b08c5d4c173","home","VfL Gummersbach","Hamburger SV",21,20,TRUE,0,NA,NA,0,0,0,NA,0,0,0,0,0,0,NA,NA,NA,NA,NA,NA,NA,NA,0,0,0,0,NA,NA,NA,NA,NA
"Jochen Feldhoff","a32751a5-3955-11ef-badf-2510cc07ea6e",NA,NA,1970,"1/10/1971","8e822132-3960-11ef-b61c-9b08c5d4c173","home","VfL Gummersbach","Hamburger SV",21,20,TRUE,1,NA,NA,0,0,0,NA,0,0,0,0,0,0,NA,NA,NA,NA,NA,NA,NA,NA,0,0,0,0,NA,NA,NA,NA,NA
"Helmut Keller","ae2fb2ba-3955-11ef-b38f-a36230ada079",NA,NA,1970,"1/10/1971","8e822132-3960-11ef-b61c-9b08c5d4c173","home","VfL Gummersbach","Hamburger SV",21,20,TRUE,1,NA,NA,0,0,0,NA,0,0,0,0,0,0,NA,NA,NA,NA,NA,NA,NA,NA,0,0,0,0,NA,NA,NA,NA,NA
"Hans-Günther Schmidt","aff5702f-3955-11ef-9878-a36230ada079",NA,NA,1970,"1/10/1971","8e822132-3960-11ef-b61c-9b08c5d4c173","home","VfL Gummersbach","Hamburger SV",21,20,TRUE,9,NA,NA,0,0,0,NA,0,0,0,0,0,0,NA,NA,NA,NA,NA,NA,NA,NA,0,0,0,0,NA,NA,NA,NA,NA
"Jochen Brand","ba44375c-3955-11ef-a5d6-ab397f561917",NA,NA,1970,"1/10/1971","8e822132-3960-11ef-b61c-9b08c5d4c173","home","VfL Gummersbach","Hamburger SV",21,20,TRUE,1,NA,NA,0,0,0,NA,0,0,0,0,0,0,NA,NA,NA,NA,NA,NA,NA,NA,0,0,0,0,NA,NA,NA,NA,NA
"Uwe Braunschweig","ba4aaa94-3955-11ef-be97-ab397f561917",NA,NA,1970,"1/10/1971","8e822132-3960-11ef-b61c-9b08c5d4c173","home","VfL Gummersbach","Hamburger SV",21,20,TRUE,0,NA,NA,0,0,0,NA,0,0,0,0,0,0,NA,NA,NA,NA,NA,NA,NA,NA,0,0,0,0,NA,NA,NA,NA,NA
"Helmut Kosmehl","bc7d7cdd-3955-11ef-a338-ab397f561917",NA,NA,1970,"1/10/1971","8e822132-3960-11ef-b61c-9b08c5d4c173","home","VfL Gummersbach","Hamburger SV",21,20,TRUE,3,NA,NA,0,0,1,NA,0,0,0,0,0,0,NA,NA,NA,NA,NA,NA,NA,NA,0,0,0,0,NA,NA,NA,NA,NA
"Hans-Gerd Bölter","c9d03ce3-3955-11ef-bae3-157c9bc18a5f",NA,NA,1970,"1/10/1971","8e822132-3960-11ef-b61c-9b08c5d4c173","home","VfL Gummersbach","Hamburger SV",21,20,TRUE,6,NA,NA,0,0,1,NA,0,0,0,0,0,0,NA,NA,NA,NA,NA,NA,NA,NA,0,0,0,0,NA,NA,NA,NA,NA
"Rainer Lingelbach","c9d44f37-3955-11ef-a323-157c9bc18a5f",NA,NA,1970,"1/10/1971","8e822132-3960-11ef-b61c-9b08c5d4c173","home","VfL Gummersbach","Hamburger SV",21,20,TRUE,0,NA,NA,0,0,0,NA,0,0,0,0,0,0,NA,NA,NA,NA,NA,NA,NA,NA,0,0,0,0,NA,NA,NA,NA,NA
"Hans-Jürgen Bode","b011e6da-3955-11ef-8205-a36230ada079",NA,NA,1970,"1/10/1971","8e822132-3960-11ef-b61c-9b08c5d4c173","away","Hamburger SV","VfL Gummersbach",20,21,FALSE,0,NA,NA,0,0,0,NA,0,0,0,0,0,0,NA,NA,NA,NA,NA,NA,NA,NA,0,0,0,0,NA,NA,NA,NA,NA
"Herbert Niemeier","b0163f16-3955-11ef-ae9e-a36230ada079",NA,NA,1970,"1/10/1971","8e822132-3960-11ef-b61c-9b08c5d4c173","away","Hamburger SV","VfL Gummersbach",20,21,FALSE,0,NA,NA,0,0,0,NA,0,0,0,0,0,0,NA,NA,NA,NA,NA,NA,NA,NA,0,0,0,0,NA,NA,NA,NA,NA
"Rainer Witt","b02adaad-3955-11ef-b8c4-a36230ada079",NA,NA,1970,"1/10/1971","8e822132-3960-11ef-b61c-9b08c5d4c173","away","Hamburger SV","VfL Gummersbach",20,21,FALSE,1,NA,NA,0,0,0,NA,0,0,0,0,0,0,NA,NA,NA,NA,NA,NA,NA,NA,0,0,0,0,NA,NA,NA,NA,NA
"Jens Ivers","b02f4aea-3955-11ef-801e-a36230ada079",NA,NA,1970,"1/10/1971","8e822132-3960-11ef-b61c-9b08c5d4c173","away","Hamburger SV","VfL Gummersbach",20,21,FALSE,0,NA,NA,0,0,0,NA,0,0,0,0,0,0,NA,NA,NA,NA,NA,NA,NA,NA,0,0,0,0,NA,NA,NA,NA,NA
"Hans-Joachim Beißel","b0341bcb-3955-11ef-9e08-a36230ada079",NA,NA,1970,"1/10/1971","8e822132-3960-11ef-b61c-9b08c5d4c173","away","Hamburger SV","VfL Gummersbach",20,21,FALSE,3,NA,NA,0,0,1,NA,0,0,0,0,0,0,NA,NA,NA,NA,NA,NA,NA,NA,0,0,0,0,NA,NA,NA,NA,NA
"Norbert Germer","b03f8101-3955-11ef-8945-a36230ada079",NA,NA,1970,"1/10/1971","8e822132-3960-11ef-b61c-9b08c5d4c173","away","Hamburger SV","VfL Gummersbach",20,21,FALSE,6,NA,NA,0,0,0,NA,0,0,0,0,0,0,NA,NA,NA,NA,NA,NA,NA,NA,0,0,0,0,NA,NA,NA,NA,NA
"Bernd Heiden","baf62966-3955-11ef-b7e1-ab397f561917",NA,NA,1970,"1/10/1971","8e822132-3960-11ef-b61c-9b08c5d4c173","away","Hamburger SV","VfL Gummersbach",20,21,FALSE,6,NA,NA,0,0,0,NA,0,0,0,0,0,0,NA,NA,NA,NA,NA,NA,NA,NA,0,0,0,0,NA,NA,NA,NA,NA
"Klaus Lange","bafb51f3-3955-11ef-9864-ab397f561917",NA,NA,1970,"1/10/1971","8e822132-3960-11ef-b61c-9b08c5d4c173","away","Hamburger SV","VfL Gummersbach",20,21,FALSE,0,NA,NA,0,0,0,NA,0,0,0,0,0,0,NA,NA,NA,NA,NA,NA,NA,NA,0,0,0,0,NA,NA,NA,NA,NA
"Rüdiger Heß","bd122db8-3955-11ef-9b21-ab397f561917",NA,NA,1970,"1/10/1971","8e822132-3960-11ef-b61c-9b08c5d4c173","away","Hamburger SV","VfL Gummersbach",20,21,FALSE,2,NA,NA,0,0,0,NA,0,0,0,0,0,0,NA,NA,NA,NA,NA,NA,NA,NA,0,0,0,0,NA,NA,NA,NA,NA
"Manfred Grühn","c755d6cb-3955-11ef-a162-157c9bc18a5f",NA,NA,1970,"1/10/1971","8e822132-3960-11ef-b61c-9b08c5d4c173","away","Hamburger SV","VfL Gummersbach",20,21,FALSE,2,NA,NA,0,0,0,NA,0,0,0,0,0,0,NA,NA,NA,NA,NA,NA,NA,NA,0,0,0,0,NA,NA,NA,NA,NA
"Katsuhiko Chikamori","c9e81f92-3955-11ef-87d2-157c9bc18a5f",NA,NA,1970,"1/10/1971","8e822132-3960-11ef-b61c-9b08c5d4c173","away","Hamburger SV","VfL Gummersbach",20,21,FALSE,0,NA,NA,0,0,0,NA,0,0,0,0,0,0,NA,NA,NA,NA,NA,NA,NA,NA,0,0,0,0,NA,NA,NA,NA,NA
"Karl-Heinz Schulz","72847241-3955-11ef-8bd4-51fdf2a82730",NA,NA,1970,"1/10/1971","90bf261b-3960-11ef-95a4-9b08c5d4c173","home","TuS 05 Wellinghofen","THW Kiel",15,12,TRUE,1,NA,NA,0,0,0,NA,0,0,0,0,0,0,NA,NA,NA,NA,NA,NA,NA,NA,0,0,0,0,NA,NA,NA,NA,NA
"Heiner Möller","8d7571e4-3955-11ef-b1d3-81dc40648355",NA,NA,1970,"1/10/1971","90bf261b-3960-11ef-95a4-9b08c5d4c173","home","TuS 05 Wellinghofen","THW Kiel",15,12,TRUE,0,NA,NA,0,0,0,NA,0,0,0,0,0,0,NA,NA,NA,NA,NA,NA,NA,NA,0,0,0,0,NA,NA,NA,NA,NA
"Hans-Peter Neuhaus","8d9d3887-3955-11ef-80a3-81dc40648355",NA,NA,1970,"1/10/1971","90bf261b-3960-11ef-95a4-9b08c5d4c173","home","TuS 05 Wellinghofen","THW Kiel",15,12,TRUE,2,NA,NA,0,0,1,NA,0,0,0,0,0,0,NA,NA,NA,NA,NA,NA,NA,NA,0,0,0,0,NA,NA,NA,NA,NA
"Rainer Gosewinkel","a4d61156-3955-11ef-8406-2510cc07ea6e",NA,NA,1970,"1/10/1971","90bf261b-3960-11ef-95a4-9b08c5d4c173","home","TuS 05 Wellinghofen","THW Kiel",15,12,TRUE,0,NA,NA,0,0,0,NA,0,0,0,0,0,0,NA,NA,NA,NA,NA,NA,NA,NA,0,0,0,0,NA,NA,NA,NA,NA
"Klaus Erwe","a4f54a19-3955-11ef-b48a-2510cc07ea6e",NA,NA,1970,"1/10/1971","90bf261b-3960-11ef-95a4-9b08c5d4c173","home","TuS 05 Wellinghofen","THW Kiel",15,12,TRUE,0,NA,NA,0,0,0,NA,0,0,0,0,0,0,NA,NA,NA,NA,NA,NA,NA,NA,0,0,0,0,NA,NA,NA,NA,NA
"Burkhard Gröning","a52c6e4f-3955-11ef-a576-2510cc07ea6e",NA,NA,1970,"1/10/1971","90bf261b-3960-11ef-95a4-9b08c5d4c173","home","TuS 05 Wellinghofen","THW Kiel",15,12,TRUE,5,NA,NA,0,0,0,NA,0,0,0,0,0,0,NA,NA,NA,NA,NA,NA,NA,NA,0,0,0,0,NA,NA,NA,NA,NA
"Klaus Tiews","a531838f-3955-11ef-8e99-2510cc07ea6e",NA,NA,1970,"1/10/1971","90bf261b-3960-11ef-95a4-9b08c5d4c173","home","TuS 05 Wellinghofen","THW Kiel",15,12,TRUE,1,NA,NA,0,0,0,NA,0,0,0,0,0,0,NA,NA,NA,NA,NA,NA,NA,NA,0,0,0,0,NA,NA,NA,NA,NA
"Hans-Jürgen Sengera","ba7fae8e-3955-11ef-80e4-ab397f561917",NA,NA,1970,"1/10/1971","90bf261b-3960-11ef-95a4-9b08c5d4c173","home","TuS 05 Wellinghofen","THW Kiel",15,12,TRUE,0,NA,NA,0,0,0,NA,0,0,0,0,0,0,NA,NA,NA,NA,NA,NA,NA,NA,0,0,0,0,NA,NA,NA,NA,NA
"Ulrich Thubeauville","c76555ef-3955-11ef-9f3a-157c9bc18a5f",NA,NA,1970,"1/10/1971","90bf261b-3960-11ef-95a4-9b08c5d4c173","home","TuS 05 Wellinghofen","THW Kiel",15,12,TRUE,5,NA,NA,0,0,4,NA,0,0,0,0,0,0,NA,NA,NA,NA,NA,NA,NA,NA,0,0,0,0,NA,NA,NA,NA,NA
"Burkhardt Eckardt","c76d08cb-3955-11ef-8fa7-157c9bc18a5f",NA,NA,1970,"1/10/1971","90bf261b-3960-11ef-95a4-9b08c5d4c173","home","TuS 05 Wellinghofen","THW Kiel",15,12,TRUE,1,NA,NA,0,0,0,NA,0,0,0,0,0,0,NA,NA,NA,NA,NA,NA,NA,NA,0,0,0,0,NA,NA,NA,NA,NA
"Gerd Thiele","c9f7a8d5-3955-11ef-93d4-157c9bc18a5f",NA,NA,1970,"1/10/1971","90bf261b-3960-11ef-95a4-9b08c5d4c173","home","TuS 05 Wellinghofen","THW Kiel",15,12,TRUE,0,NA,NA,0,0,0,NA,0,0,0,0,0,0,NA,NA,NA,NA,NA,NA,NA,NA,0,0,0,0,NA,NA,NA,NA,NA
"Hans-Jörg Graeper","964d8ebc-3955-11ef-a25b-292be3190b7b",NA,NA,1970,"1/10/1971","90bf261b-3960-11ef-95a4-9b08c5d4c173","away","THW Kiel","TuS 05 Wellinghofen",12,15,FALSE,1,NA,NA,0,0,0,NA,0,0,0,0,0,0,NA,NA,NA,NA,NA,NA,NA,NA,0,0,0,0,NA,NA,NA,NA,NA
"Gerd Welz","98273a90-3955-11ef-a3a2-292be3190b7b",NA,NA,1970,"1/10/1971","90bf261b-3960-11ef-95a4-9b08c5d4c173","away","THW Kiel","TuS 05 Wellinghofen",12,15,FALSE,3,NA,NA,0,0,0,NA,0,0,0,0,0,0,NA,NA,NA,NA,NA,NA,NA,NA,0,0,0,0,NA,NA,NA,NA,NA
"Volker Harbs","9995a6f3-3955-11ef-b74f-292be3190b7b",NA,NA,1970,"1/10/1971","90bf261b-3960-11ef-95a4-9b08c5d4c173","away","THW Kiel","TuS 05 Wellinghofen",12,15,FALSE,0,NA,NA,0,0,0,NA,0,0,0,0,0,0,NA,NA,NA,NA,NA,NA,NA,NA,0,0,0,0,NA,NA,NA,NA,NA
"Peter Werk","b0784d6e-3955-11ef-9a85-a36230ada079",NA,NA,1970,"1/10/1971","90bf261b-3960-11ef-95a4-9b08c5d4c173","away","THW Kiel","TuS 05 Wellinghofen",12,15,FALSE,0,NA,NA,0,0,0,NA,0,0,0,0,0,0,NA,NA,NA,NA,NA,NA,NA,NA,0,0,0,0,NA,NA,NA,NA,NA
"Herwig Ahrendsen","b143192b-3955-11ef-bef0-a36230ada079",NA,NA,1970,"1/10/1971","90bf261b-3960-11ef-95a4-9b08c5d4c173","away","THW Kiel","TuS 05 Wellinghofen",12,15,FALSE,1,NA,NA,0,0,0,NA,0,0,0,0,0,0,NA,NA,NA,NA,NA,NA,NA,NA,0,0,0,0,NA,NA,NA,NA,NA
"Bernd Nielsen","b1480d2c-3955-11ef-8563-a36230ada079",NA,NA,1970,"1/10/1971","90bf261b-3960-11ef-95a4-9b08c5d4c173","away","THW Kiel","TuS 05 Wellinghofen",12,15,FALSE,4,NA,NA,0,0,2,NA,0,0,0,0,0,0,NA,NA,NA,NA,NA,NA,NA,NA,0,0,0,0,NA,NA,NA,NA,NA
"Hartwig Moll","b14ce7d8-3955-11ef-8cb5-a36230ada079",NA,NA,1970,"1/10/1971","90bf261b-3960-11ef-95a4-9b08c5d4c173","away","THW Kiel","TuS 05 Wellinghofen",12,15,FALSE,0,NA,NA,0,0,0,NA,0,0,0,0,0,0,NA,NA,NA,NA,NA,NA,NA,NA,0,0,0,0,NA,NA,NA,NA,NA
"Rainer Voigt","c7c742a9-3955-11ef-b542-157c9bc18a5f",NA,NA,1970,"1/10/1971","90bf261b-3960-11ef-95a4-9b08c5d4c173","away","THW Kiel","TuS 05 Wellinghofen",12,15,FALSE,0,NA,NA,0,0,0,NA,0,0,0,0,0,0,NA,NA,NA,NA,NA,NA,NA,NA,0,0,0,0,NA,NA,NA,NA,NA
"Dieter Baguhn","c7cbf017-3955-11ef-b1f7-157c9bc18a5f",NA,NA,1970,"1/10/1971","90bf261b-3960-11ef-95a4-9b08c5d4c173","away","THW Kiel","TuS 05 Wellinghofen",12,15,FALSE,0,NA,NA,0,0,0,NA,0,0,0,0,0,0,NA,NA,NA,NA,NA,NA,NA,NA,0,0,0,0,NA,NA,NA,NA,NA
"Bernd Struck","c7d4c3a5-3955-11ef-a743-157c9bc18a5f",NA,NA,1970,"1/10/1971","90bf261b-3960-11ef-95a4-9b08c5d4c173","away","THW Kiel","TuS 05 Wellinghofen",12,15,FALSE,3,NA,NA,0,0,0,NA,0,0,0,0,0,0,NA,NA,NA,NA,NA,NA,NA,NA,0,0,0,0,NA,NA,NA,NA,NA
"Werner Kühn","a5a83923-3955-11ef-abc5-2510cc07ea6e",NA,NA,1970,"1/10/1971","91637b52-3960-11ef-b2d6-9b08c5d4c173","home","SC Phönix Essen 1920","VfL Lübeck-Schwartau",19,16,TRUE,1,NA,NA,0,0,0,NA,0,0,0,0,0,0,NA,NA,NA,NA,NA,NA,NA,NA,0,0,0,0,NA,NA,NA,NA,NA
"Heinz Oberscheidt","a5ae94f2-3955-11ef-91fc-2510cc07ea6e",NA,NA,1970,"1/10/1971","91637b52-3960-11ef-b2d6-9b08c5d4c173","home","SC Phönix Essen 1920","VfL Lübeck-Schwartau",19,16,TRUE,2,NA,NA,0,0,0,NA,0,0,0,0,0,0,NA,NA,NA,NA,NA,NA,NA,NA,0,0,0,0,NA,NA,NA,NA,NA
"Norbert Meister","a610e086-3955-11ef-bf85-2510cc07ea6e",NA,NA,1970,"1/10/1971","91637b52-3960-11ef-b2d6-9b08c5d4c173","home","SC Phönix Essen 1920","VfL Lübeck-Schwartau",19,16,TRUE,0,NA,NA,0,0,0,NA,0,0,0,0,0,0,NA,NA,NA,NA,NA,NA,NA,NA,0,0,0,0,NA,NA,NA,NA,NA
"Rüdiger Hillebrand","b0c11a9c-3955-11ef-bf0d-a36230ada079",NA,NA,1970,"1/10/1971","91637b52-3960-11ef-b2d6-9b08c5d4c173","home","SC Phönix Essen 1920","VfL Lübeck-Schwartau",19,16,TRUE,1,NA,NA,0,0,0,NA,0,0,0,0,0,0,NA,NA,NA,NA,NA,NA,NA,NA,0,0,0,0,NA,NA,NA,NA,NA
"Klaus Kirschner","bae43a44-3955-11ef-ae7c-ab397f561917",NA,NA,1970,"1/10/1971","91637b52-3960-11ef-b2d6-9b08c5d4c173","home","SC Phönix Essen 1920","VfL Lübeck-Schwartau",19,16,TRUE,0,NA,NA,0,0,0,NA,0,0,0,0,0,0,NA,NA,NA,NA,NA,NA,NA,NA,0,0,0,0,NA,NA,NA,NA,NA
"Marinko Andrić","bae9ac2f-3955-11ef-863e-ab397f561917",NA,NA,1970,"1/10/1971","91637b52-3960-11ef-b2d6-9b08c5d4c173","home","SC Phönix Essen 1920","VfL Lübeck-Schwartau",19,16,TRUE,8,NA,NA,0,0,5,NA,0,0,0,0,0,0,NA,NA,NA,NA,NA,NA,NA,NA,0,0,0,0,NA,NA,NA,NA,NA
"Michael Hattig","bd52f5b1-3955-11ef-ba0c-ab397f561917",NA,NA,1970,"1/10/1971","91637b52-3960-11ef-b2d6-9b08c5d4c173","home","SC Phönix Essen 1920","VfL Lübeck-Schwartau",19,16,TRUE,3,NA,NA,0,0,0,NA,0,0,0,0,0,0,NA,NA,NA,NA,NA,NA,NA,NA,0,0,0,0,NA,NA,NA,NA,NA
"Peter Fischer","bd861af2-3955-11ef-a655-ab397f561917",NA,NA,1970,"1/10/1971","91637b52-3960-11ef-b2d6-9b08c5d4c173","home","SC Phönix Essen 1920","VfL Lübeck-Schwartau",19,16,TRUE,0,NA,NA,0,0,0,NA,0,0,0,0,0,0,NA,NA,NA,NA,NA,NA,NA,NA,0,0,0,0,NA,NA,NA,NA,NA
"Andrija Kotlas","bde016f5-3955-11ef-b96c-ab397f561917",NA,NA,1970,"1/10/1971","91637b52-3960-11ef-b2d6-9b08c5d4c173","home","SC Phönix Essen 1920","VfL Lübeck-Schwartau",19,16,TRUE,1,NA,NA,0,0,0,NA,0,0,0,0,0,0,NA,NA,NA,NA,NA,NA,NA,NA,0,0,0,0,NA,NA,NA,NA,NA
"Ernst Weise","c90cdba3-3955-11ef-b068-157c9bc18a5f",NA,NA,1970,"1/10/1971","91637b52-3960-11ef-b2d6-9b08c5d4c173","home","SC Phönix Essen 1920","VfL Lübeck-Schwartau",19,16,TRUE,2,NA,NA,0,0,0,NA,0,0,0,0,0,0,NA,NA,NA,NA,NA,NA,NA,NA,0,0,0,0,NA,NA,NA,NA,NA
"Mircea Costache","ca5115d3-3955-11ef-a3f0-157c9bc18a5f",NA,NA,1970,"1/10/1971","91637b52-3960-11ef-b2d6-9b08c5d4c173","home","SC Phönix Essen 1920","VfL Lübeck-Schwartau",19,16,TRUE,1,NA,NA,0,0,0,NA,0,0,0,0,0,0,NA,NA,NA,NA,NA,NA,NA,NA,0,0,0,0,NA,NA,NA,NA,NA
"Herbert Rogge","b06614d7-3955-11ef-a43b-a36230ada079",NA,NA,1970,"1/10/1971","91637b52-3960-11ef-b2d6-9b08c5d4c173","away","VfL Lübeck-Schwartau","SC Phönix Essen 1920",16,19,FALSE,2,NA,NA,0,0,0,NA,0,0,0,0,0,0,NA,NA,NA,NA,NA,NA,NA,NA,0,0,0,0,NA,NA,NA,NA,NA
"Ingo Callies","b0b0659b-3955-11ef-87aa-a36230ada079",NA,NA,1970,"1/10/1971","91637b52-3960-11ef-b2d6-9b08c5d4c173","away","VfL Lübeck-Schwartau","SC Phönix Essen 1920",16,19,FALSE,2,NA,NA,0,0,2,NA,0,0,0,0,0,0,NA,NA,NA,NA,NA,NA,NA,NA,0,0,0,0,NA,NA,NA,NA,NA
"Michael Dogs","b0cecb4a-3955-11ef-b665-a36230ada079",NA,NA,1970,"1/10/1971","91637b52-3960-11ef-b2d6-9b08c5d4c173","away","VfL Lübeck-Schwartau","SC Phönix Essen 1920",16,19,FALSE,0,NA,NA,0,0,0,NA,0,0,0,0,0,0,NA,NA,NA,NA,NA,NA,NA,NA,0,0,0,0,NA,NA,NA,NA,NA
"Joachim Römer","b0dcb8e7-3955-11ef-83ab-a36230ada079",NA,NA,1970,"1/10/1971","91637b52-3960-11ef-b2d6-9b08c5d4c173","away","VfL Lübeck-Schwartau","SC Phönix Essen 1920",16,19,FALSE,0,NA,NA,0,0,0,NA,0,0,0,0,0,0,NA,NA,NA,NA,NA,NA,NA,NA,0,0,0,0,NA,NA,NA,NA,NA
"Peter Görtz","b0e9ae8f-3955-11ef-aa48-a36230ada079",NA,NA,1970,"1/10/1971","91637b52-3960-11ef-b2d6-9b08c5d4c173","away","VfL Lübeck-Schwartau","SC Phönix Essen 1920",16,19,FALSE,3,NA,NA,0,0,2,NA,0,0,0,0,0,0,NA,NA,NA,NA,NA,NA,NA,NA,0,0,0,0,NA,NA,NA,NA,NA
"Ulrich Kleinstoll","b0f37438-3955-11ef-84e6-a36230ada079",NA,NA,1970,"1/10/1971","91637b52-3960-11ef-b2d6-9b08c5d4c173","away","VfL Lübeck-Schwartau","SC Phönix Essen 1920",16,19,FALSE,4,NA,NA,0,0,0,NA,0,0,0,0,0,0,NA,NA,NA,NA,NA,NA,NA,NA,0,0,0,0,NA,NA,NA,NA,NA
"Geert Geusendam","baee7cab-3955-11ef-95ba-ab397f561917",NA,NA,1970,"1/10/1971","91637b52-3960-11ef-b2d6-9b08c5d4c173","away","VfL Lübeck-Schwartau","SC Phönix Essen 1920",16,19,FALSE,0,NA,NA,0,0,0,NA,0,0,0,0,0,0,NA,NA,NA,NA,NA,NA,NA,NA,0,0,0,0,NA,NA,NA,NA,NA
"Georg Pohl","baff6cee-3955-11ef-a80f-ab397f561917",NA,NA,1970,"1/10/1971","91637b52-3960-11ef-b2d6-9b08c5d4c173","away","VfL Lübeck-Schwartau","SC Phönix Essen 1920",16,19,FALSE,0,NA,NA,0,0,0,NA,0,0,0,0,0,0,NA,NA,NA,NA,NA,NA,NA,NA,0,0,0,0,NA,NA,NA,NA,NA
"Jochen Krummland","c7b078f7-3955-11ef-932e-157c9bc18a5f",NA,NA,1970,"1/10/1971","91637b52-3960-11ef-b2d6-9b08c5d4c173","away","VfL Lübeck-Schwartau","SC Phönix Essen 1920",16,19,FALSE,2,NA,NA,0,0,0,NA,0,0,0,0,0,0,NA,NA,NA,NA,NA,NA,NA,NA,0,0,0,0,NA,NA,NA,NA,NA
"Björn Clausen","c7b94735-3955-11ef-b741-157c9bc18a5f",NA,NA,1970,"1/10/1971","91637b52-3960-11ef-b2d6-9b08c5d4c173","away","VfL Lübeck-Schwartau","SC Phönix Essen 1920",16,19,FALSE,0,NA,NA,0,0,0,NA,0,0,0,0,0,0,NA,NA,NA,NA,NA,NA,NA,NA,0,0,0,0,NA,NA,NA,NA,NA
"Jochen Hoffmann","c7bdef38-3955-11ef-8b6c-157c9bc18a5f",NA,NA,1970,"1/10/1971","91637b52-3960-11ef-b2d6-9b08c5d4c173","away","VfL Lübeck-Schwartau","SC Phönix Essen 1920",16,19,FALSE,3,NA,NA,0,0,0,NA,0,0,0,0,0,0,NA,NA,NA,NA,NA,NA,NA,NA,0,0,0,0,NA,NA,NA,NA,NA
"Gerhard Anduleit","c9215aaa-3955-11ef-ac64-157c9bc18a5f",NA,NA,1970,"1/10/1971","91637b52-3960-11ef-b2d6-9b08c5d4c173","away","VfL Lübeck-Schwartau","SC Phönix Essen 1920",16,19,FALSE,0,NA,NA,0,0,0,NA,0,0,0,0,0,0,NA,NA,NA,NA,NA,NA,NA,NA,0,0,0,0,NA,NA,NA,NA,NA
"Herbert Engels","ca0717a5-3955-11ef-8dce-157c9bc18a5f",NA,NA,1970,"1/15/1971","8e95b4ad-3960-11ef-b5a5-9b08c5d4c173","home","TV Krefeld-Oppum 1894","VfL Gummersbach",12,17,FALSE,0,NA,NA,0,0,0,NA,0,0,0,0,0,0,NA,NA,NA,NA,NA,NA,NA,NA,0,0,0,0,NA,NA,NA,NA,NA
"Gerd Rüben","ca14b98f-3955-11ef-a366-157c9bc18a5f",NA,NA,1970,"1/15/1971","8e95b4ad-3960-11ef-b5a5-9b08c5d4c173","home","TV Krefeld-Oppum 1894","VfL Gummersbach",12,17,FALSE,2,NA,NA,0,0,0,NA,0,0,0,0,0,0,NA,NA,NA,NA,NA,NA,NA,NA,0,0,0,0,NA,NA,NA,NA,NA
"Theo Inger","ca18e97b-3955-11ef-91fb-157c9bc18a5f",NA,NA,1970,"1/15/1971","8e95b4ad-3960-11ef-b5a5-9b08c5d4c173","home","TV Krefeld-Oppum 1894","VfL Gummersbach",12,17,FALSE,2,NA,NA,0,0,0,NA,0,0,0,0,0,0,NA,NA,NA,NA,NA,NA,NA,NA,0,0,0,0,NA,NA,NA,NA,NA
"Peter Inger","ca1d519a-3955-11ef-b5d9-157c9bc18a5f",NA,NA,1970,"1/15/1971","8e95b4ad-3960-11ef-b5a5-9b08c5d4c173","home","TV Krefeld-Oppum 1894","VfL Gummersbach",12,17,FALSE,4,NA,NA,0,0,3,NA,0,0,0,0,0,0,NA,NA,NA,NA,NA,NA,NA,NA,0,0,0,0,NA,NA,NA,NA,NA
"Hermann Köhler","ca2255bc-3955-11ef-91a7-157c9bc18a5f",NA,NA,1970,"1/15/1971","8e95b4ad-3960-11ef-b5a5-9b08c5d4c173","home","TV Krefeld-Oppum 1894","VfL Gummersbach",12,17,FALSE,0,NA,NA,0,0,0,NA,0,0,0,0,0,0,NA,NA,NA,NA,NA,NA,NA,NA,0,0,0,0,NA,NA,NA,NA,NA
"Horst Panknin","ca26d115-3955-11ef-a60e-157c9bc18a5f",NA,NA,1970,"1/15/1971","8e95b4ad-3960-11ef-b5a5-9b08c5d4c173","home","TV Krefeld-Oppum 1894","VfL Gummersbach",12,17,FALSE,0,NA,NA,0,0,0,NA,0,0,0,0,0,0,NA,NA,NA,NA,NA,NA,NA,NA,0,0,0,0,NA,NA,NA,NA,NA
"Ralf Pasch","ca2b132c-3955-11ef-a380-157c9bc18a5f",NA,NA,1970,"1/15/1971","8e95b4ad-3960-11ef-b5a5-9b08c5d4c173","home","TV Krefeld-Oppum 1894","VfL Gummersbach",12,17,FALSE,3,NA,NA,0,0,0,NA,0,0,0,0,0,0,NA,NA,NA,NA,NA,NA,NA,NA,0,0,0,0,NA,NA,NA,NA,NA
"Hugo Schroers","ca2f571a-3955-11ef-8d46-157c9bc18a5f",NA,NA,1970,"1/15/1971","8e95b4ad-3960-11ef-b5a5-9b08c5d4c173","home","TV Krefeld-Oppum 1894","VfL Gummersbach",12,17,FALSE,0,NA,NA,0,0,0,NA,0,0,0,0,0,0,NA,NA,NA,NA,NA,NA,NA,NA,0,0,0,0,NA,NA,NA,NA,NA
"Max Zwierkowski","ca390aba-3955-11ef-97b4-157c9bc18a5f",NA,NA,1970,"1/15/1971","8e95b4ad-3960-11ef-b5a5-9b08c5d4c173","home","TV Krefeld-Oppum 1894","VfL Gummersbach",12,17,FALSE,1,NA,NA,0,0,0,NA,0,0,0,0,0,0,NA,NA,NA,NA,NA,NA,NA,NA,0,0,0,0,NA,NA,NA,NA,NA
"Leo Ritz","ca3d0962-3955-11ef-938c-157c9bc18a5f",NA,NA,1970,"1/15/1971","8e95b4ad-3960-11ef-b5a5-9b08c5d4c173","home","TV Krefeld-Oppum 1894","VfL Gummersbach",12,17,FALSE,0,NA,NA,0,0,0,NA,0,0,0,0,0,0,NA,NA,NA,NA,NA,NA,NA,NA,0,0,0,0,NA,NA,NA,NA,NA
"Dieter Patz","ca42d471-3955-11ef-a75d-157c9bc18a5f",NA,NA,1970,"1/15/1971","8e95b4ad-3960-11ef-b5a5-9b08c5d4c173","home","TV Krefeld-Oppum 1894","VfL Gummersbach",12,17,FALSE,0,NA,NA,0,0,0,NA,0,0,0,0,0,0,NA,NA,NA,NA,NA,NA,NA,NA,0,0,0,0,NA,NA,NA,NA,NA
"Klaus Brand","51394441-3955-11ef-8fab-6d38c0425bc0",NA,NA,1970,"1/15/1971","8e95b4ad-3960-11ef-b5a5-9b08c5d4c173","away","VfL Gummersbach","TV Krefeld-Oppum 1894",17,12,TRUE,0,NA,NA,0,0,0,NA,0,0,0,0,0,0,NA,NA,NA,NA,NA,NA,NA,NA,0,0,0,0,NA,NA,NA,NA,NA
"Klaus Kater","8da1f6ef-3955-11ef-b31a-81dc40648355",NA,NA,1970,"1/15/1971","8e95b4ad-3960-11ef-b5a5-9b08c5d4c173","away","VfL Gummersbach","TV Krefeld-Oppum 1894",17,12,TRUE,1,NA,NA,0,0,0,NA,0,0,0,0,0,0,NA,NA,NA,NA,NA,NA,NA,NA,0,0,0,0,NA,NA,NA,NA,NA
"Werner Winkelmeier","9712104e-3955-11ef-9613-292be3190b7b",NA,NA,1970,"1/15/1971","8e95b4ad-3960-11ef-b5a5-9b08c5d4c173","away","VfL Gummersbach","TV Krefeld-Oppum 1894",17,12,TRUE,0,NA,NA,0,0,0,NA,0,0,0,0,0,0,NA,NA,NA,NA,NA,NA,NA,NA,0,0,0,0,NA,NA,NA,NA,NA
"Jochen Feldhoff","a32751a5-3955-11ef-badf-2510cc07ea6e",NA,NA,1970,"1/15/1971","8e95b4ad-3960-11ef-b5a5-9b08c5d4c173","away","VfL Gummersbach","TV Krefeld-Oppum 1894",17,12,TRUE,6,NA,NA,0,0,0,NA,0,0,0,0,0,0,NA,NA,NA,NA,NA,NA,NA,NA,0,0,0,0,NA,NA,NA,NA,NA
"Hans-Günther Schmidt","aff5702f-3955-11ef-9878-a36230ada079",NA,NA,1970,"1/15/1971","8e95b4ad-3960-11ef-b5a5-9b08c5d4c173","away","VfL Gummersbach","TV Krefeld-Oppum 1894",17,12,TRUE,5,NA,NA,0,0,1,NA,0,0,0,0,0,0,NA,NA,NA,NA,NA,NA,NA,NA,0,0,0,0,NA,NA,NA,NA,NA
"Jochen Brand","ba44375c-3955-11ef-a5d6-ab397f561917",NA,NA,1970,"1/15/1971","8e95b4ad-3960-11ef-b5a5-9b08c5d4c173","away","VfL Gummersbach","TV Krefeld-Oppum 1894",17,12,TRUE,0,NA,NA,0,0,0,NA,0,0,0,0,0,0,NA,NA,NA,NA,NA,NA,NA,NA,0,0,0,0,NA,NA,NA,NA,NA
"Uwe Braunschweig","ba4aaa94-3955-11ef-be97-ab397f561917",NA,NA,1970,"1/15/1971","8e95b4ad-3960-11ef-b5a5-9b08c5d4c173","away","VfL Gummersbach","TV Krefeld-Oppum 1894",17,12,TRUE,1,NA,NA,0,0,0,NA,0,0,0,0,0,0,NA,NA,NA,NA,NA,NA,NA,NA,0,0,0,0,NA,NA,NA,NA,NA
"Helmut Kosmehl","bc7d7cdd-3955-11ef-a338-ab397f561917",NA,NA,1970,"1/15/1971","8e95b4ad-3960-11ef-b5a5-9b08c5d4c173","away","VfL Gummersbach","TV Krefeld-Oppum 1894",17,12,TRUE,2,NA,NA,0,0,1,NA,0,0,0,0,0,0,NA,NA,NA,NA,NA,NA,NA,NA,0,0,0,0,NA,NA,NA,NA,NA
"Hans-Gerd Bölter","c9d03ce3-3955-11ef-bae3-157c9bc18a5f",NA,NA,1970,"1/15/1971","8e95b4ad-3960-11ef-b5a5-9b08c5d4c173","away","VfL Gummersbach","TV Krefeld-Oppum 1894",17,12,TRUE,2,NA,NA,0,0,0,NA,0,0,0,0,0,0,NA,NA,NA,NA,NA,NA,NA,NA,0,0,0,0,NA,NA,NA,NA,NA
"Rainer Lingelbach","c9d44f37-3955-11ef-a323-157c9bc18a5f",NA,NA,1970,"1/15/1971","8e95b4ad-3960-11ef-b5a5-9b08c5d4c173","away","VfL Gummersbach","TV Krefeld-Oppum 1894",17,12,TRUE,0,NA,NA,0,0,0,NA,0,0,0,0,0,0,NA,NA,NA,NA,NA,NA,NA,NA,0,0,0,0,NA,NA,NA,NA,NA
"Hans-Jürgen Sulk","7ff6b175-3955-11ef-a103-b908c60af10a",NA,NA,1970,"1/16/1971","8f6e4f04-3960-11ef-8852-9b08c5d4c173","home","GWD Minden","SC Phönix Essen 1920",16,13,TRUE,3,NA,NA,0,0,0,NA,0,0,0,0,0,0,NA,NA,NA,NA,NA,NA,NA,NA,0,0,0,0,NA,NA,NA,NA,NA
"Bernhard Busch","8dc9280f-3955-11ef-80e2-81dc40648355",NA,NA,1970,"1/16/1971","8f6e4f04-3960-11ef-8852-9b08c5d4c173","home","GWD Minden","SC Phönix Essen 1920",16,13,TRUE,2,NA,NA,0,0,0,NA,0,0,0,0,0,0,NA,NA,NA,NA,NA,NA,NA,NA,0,0,0,0,NA,NA,NA,NA,NA
"Gerald Schüler","96fc1532-3955-11ef-bddd-292be3190b7b",NA,NA,1970,"1/16/1971","8f6e4f04-3960-11ef-8852-9b08c5d4c173","home","GWD Minden","SC Phönix Essen 1920",16,13,TRUE,0,NA,NA,0,0,0,NA,0,0,0,0,0,0,NA,NA,NA,NA,NA,NA,NA,NA,0,0,0,0,NA,NA,NA,NA,NA
"Martin Karcher","980f80ce-3955-11ef-8054-292be3190b7b",NA,NA,1970,"1/16/1971","8f6e4f04-3960-11ef-8852-9b08c5d4c173","home","GWD Minden","SC Phönix Essen 1920",16,13,TRUE,0,NA,NA,0,0,0,NA,0,0,0,0,0,0,NA,NA,NA,NA,NA,NA,NA,NA,0,0,0,0,NA,NA,NA,NA,NA
"Hans Kramer","98f50290-3955-11ef-8aa8-292be3190b7b",NA,NA,1970,"1/16/1971","8f6e4f04-3960-11ef-8852-9b08c5d4c173","home","GWD Minden","SC Phönix Essen 1920",16,13,TRUE,3,NA,NA,0,0,0,NA,0,0,0,0,0,0,NA,NA,NA,NA,NA,NA,NA,NA,0,0,0,0,NA,NA,NA,NA,NA
"Wilfried Meyer","a34b2aa0-3955-11ef-a79c-2510cc07ea6e",NA,NA,1970,"1/16/1971","8f6e4f04-3960-11ef-8852-9b08c5d4c173","home","GWD Minden","SC Phönix Essen 1920",16,13,TRUE,0,NA,NA,0,0,0,NA,0,0,0,0,0,0,NA,NA,NA,NA,NA,NA,NA,NA,0,0,0,0,NA,NA,NA,NA,NA
"Bernd Munck","ba5ee5e3-3955-11ef-9f80-ab397f561917",NA,NA,1970,"1/16/1971","8f6e4f04-3960-11ef-8852-9b08c5d4c173","home","GWD Minden","SC Phönix Essen 1920",16,13,TRUE,5,NA,NA,0,0,1,NA,0,0,0,0,0,0,NA,NA,NA,NA,NA,NA,NA,NA,0,0,0,0,NA,NA,NA,NA,NA
"Wilfried Drögemeier","ba63ada7-3955-11ef-a04d-ab397f561917",NA,NA,1970,"1/16/1971","8f6e4f04-3960-11ef-8852-9b08c5d4c173","home","GWD Minden","SC Phönix Essen 1920",16,13,TRUE,0,NA,NA,0,0,0,NA,0,0,0,0,0,0,NA,NA,NA,NA,NA,NA,NA,NA,0,0,0,0,NA,NA,NA,NA,NA
"Klaus Barlach","bcee5b38-3955-11ef-a026-ab397f561917",NA,NA,1970,"1/16/1971","8f6e4f04-3960-11ef-8852-9b08c5d4c173","home","GWD Minden","SC Phönix Essen 1920",16,13,TRUE,0,NA,NA,0,0,0,NA,0,0,0,0,0,0,NA,NA,NA,NA,NA,NA,NA,NA,0,0,0,0,NA,NA,NA,NA,NA
"Otto Weng","bcfbec1c-3955-11ef-b4f4-ab397f561917",NA,NA,1970,"1/16/1971","8f6e4f04-3960-11ef-8852-9b08c5d4c173","home","GWD Minden","SC Phönix Essen 1920",16,13,TRUE,2,NA,NA,0,0,2,NA,0,0,0,0,0,0,NA,NA,NA,NA,NA,NA,NA,NA,0,0,0,0,NA,NA,NA,NA,NA
"Jürgen Buhrmester","c747ff25-3955-11ef-9695-157c9bc18a5f",NA,NA,1970,"1/16/1971","8f6e4f04-3960-11ef-8852-9b08c5d4c173","home","GWD Minden","SC Phönix Essen 1920",16,13,TRUE,1,NA,NA,0,0,0,NA,0,0,0,0,0,0,NA,NA,NA,NA,NA,NA,NA,NA,0,0,0,0,NA,NA,NA,NA,NA
"Manfred Horstkötter","c8a23936-3955-11ef-9884-157c9bc18a5f",NA,NA,1970,"1/16/1971","8f6e4f04-3960-11ef-8852-9b08c5d4c173","home","GWD Minden","SC Phönix Essen 1920",16,13,TRUE,0,NA,NA,0,0,0,NA,0,0,0,0,0,0,NA,NA,NA,NA,NA,NA,NA,NA,0,0,0,0,NA,NA,NA,NA,NA
"Werner Kühn","a5a83923-3955-11ef-abc5-2510cc07ea6e",NA,NA,1970,"1/16/1971","8f6e4f04-3960-11ef-8852-9b08c5d4c173","away","SC Phönix Essen 1920","GWD Minden",13,16,FALSE,2,NA,NA,0,0,0,NA,0,0,0,0,0,0,NA,NA,NA,NA,NA,NA,NA,NA,0,0,0,0,NA,NA,NA,NA,NA
"Heinz Oberscheidt","a5ae94f2-3955-11ef-91fc-2510cc07ea6e",NA,NA,1970,"1/16/1971","8f6e4f04-3960-11ef-8852-9b08c5d4c173","away","SC Phönix Essen 1920","GWD Minden",13,16,FALSE,1,NA,NA,0,0,0,NA,0,0,0,0,0,0,NA,NA,NA,NA,NA,NA,NA,NA,0,0,0,0,NA,NA,NA,NA,NA
"Norbert Meister","a610e086-3955-11ef-bf85-2510cc07ea6e",NA,NA,1970,"1/16/1971","8f6e4f04-3960-11ef-8852-9b08c5d4c173","away","SC Phönix Essen 1920","GWD Minden",13,16,FALSE,0,NA,NA,0,0,0,NA,0,0,0,0,0,0,NA,NA,NA,NA,NA,NA,NA,NA,0,0,0,0,NA,NA,NA,NA,NA
"Rüdiger Hillebrand","b0c11a9c-3955-11ef-bf0d-a36230ada079",NA,NA,1970,"1/16/1971","8f6e4f04-3960-11ef-8852-9b08c5d4c173","away","SC Phönix Essen 1920","GWD Minden",13,16,FALSE,1,NA,NA,0,0,0,NA,0,0,0,0,0,0,NA,NA,NA,NA,NA,NA,NA,NA,0,0,0,0,NA,NA,NA,NA,NA
"Klaus Kirschner","bae43a44-3955-11ef-ae7c-ab397f561917",NA,NA,1970,"1/16/1971","8f6e4f04-3960-11ef-8852-9b08c5d4c173","away","SC Phönix Essen 1920","GWD Minden",13,16,FALSE,0,NA,NA,0,0,0,NA,0,0,0,0,0,0,NA,NA,NA,NA,NA,NA,NA,NA,0,0,0,0,NA,NA,NA,NA,NA
"Marinko Andrić","bae9ac2f-3955-11ef-863e-ab397f561917",NA,NA,1970,"1/16/1971","8f6e4f04-3960-11ef-8852-9b08c5d4c173","away","SC Phönix Essen 1920","GWD Minden",13,16,FALSE,3,NA,NA,0,0,1,NA,0,0,0,0,0,0,NA,NA,NA,NA,NA,NA,NA,NA,0,0,0,0,NA,NA,NA,NA,NA
"Michael Hattig","bd52f5b1-3955-11ef-ba0c-ab397f561917",NA,NA,1970,"1/16/1971","8f6e4f04-3960-11ef-8852-9b08c5d4c173","away","SC Phönix Essen 1920","GWD Minden",13,16,FALSE,2,NA,NA,0,0,0,NA,0,0,0,0,0,0,NA,NA,NA,NA,NA,NA,NA,NA,0,0,0,0,NA,NA,NA,NA,NA
"Herbert Buschmann","bd5ac595-3955-11ef-97f0-ab397f561917",NA,NA,1970,"1/16/1971","8f6e4f04-3960-11ef-8852-9b08c5d4c173","away","SC Phönix Essen 1920","GWD Minden",13,16,FALSE,0,NA,NA,0,0,0,NA,0,0,0,0,0,0,NA,NA,NA,NA,NA,NA,NA,NA,0,0,0,0,NA,NA,NA,NA,NA
"Andrija Kotlas","bde016f5-3955-11ef-b96c-ab397f561917",NA,NA,1970,"1/16/1971","8f6e4f04-3960-11ef-8852-9b08c5d4c173","away","SC Phönix Essen 1920","GWD Minden",13,16,FALSE,2,NA,NA,0,0,0,NA,0,0,0,0,0,0,NA,NA,NA,NA,NA,NA,NA,NA,0,0,0,0,NA,NA,NA,NA,NA
"Carl-Bernd Behler","c79d213f-3955-11ef-a773-157c9bc18a5f",NA,NA,1970,"1/16/1971","8f6e4f04-3960-11ef-8852-9b08c5d4c173","away","SC Phönix Essen 1920","GWD Minden",13,16,FALSE,0,NA,NA,0,0,0,NA,0,0,0,0,0,0,NA,NA,NA,NA,NA,NA,NA,NA,0,0,0,0,NA,NA,NA,NA,NA
"Ernst Weise","c90cdba3-3955-11ef-b068-157c9bc18a5f",NA,NA,1970,"1/16/1971","8f6e4f04-3960-11ef-8852-9b08c5d4c173","away","SC Phönix Essen 1920","GWD Minden",13,16,FALSE,1,NA,NA,0,0,0,NA,0,0,0,0,0,0,NA,NA,NA,NA,NA,NA,NA,NA,0,0,0,0,NA,NA,NA,NA,NA
"Mircea Costache","ca5115d3-3955-11ef-a3f0-157c9bc18a5f",NA,NA,1970,"1/16/1971","8f6e4f04-3960-11ef-8852-9b08c5d4c173","away","SC Phönix Essen 1920","GWD Minden",13,16,FALSE,1,NA,NA,0,0,0,NA,0,0,0,0,0,0,NA,NA,NA,NA,NA,NA,NA,NA,0,0,0,0,NA,NA,NA,NA,NA
"Hans-Jörg Graeper","964d8ebc-3955-11ef-a25b-292be3190b7b",NA,NA,1970,"1/16/1971","904b1823-3960-11ef-b269-9b08c5d4c173","home","THW Kiel","Hamburger SV",9,9,FALSE,0,NA,NA,0,0,0,NA,0,0,0,0,0,0,NA,NA,NA,NA,NA,NA,NA,NA,0,0,0,0,NA,NA,NA,NA,NA
"Gerd Welz","98273a90-3955-11ef-a3a2-292be3190b7b",NA,NA,1970,"1/16/1971","904b1823-3960-11ef-b269-9b08c5d4c173","home","THW Kiel","Hamburger SV",9,9,FALSE,0,NA,NA,0,0,0,NA,0,0,0,0,0,0,NA,NA,NA,NA,NA,NA,NA,NA,0,0,0,0,NA,NA,NA,NA,NA
"Volker Harbs","9995a6f3-3955-11ef-b74f-292be3190b7b",NA,NA,1970,"1/16/1971","904b1823-3960-11ef-b269-9b08c5d4c173","home","THW Kiel","Hamburger SV",9,9,FALSE,3,NA,NA,0,0,1,NA,0,0,0,0,0,0,NA,NA,NA,NA,NA,NA,NA,NA,0,0,0,0,NA,NA,NA,NA,NA
"Peter Prehn","b073ee0a-3955-11ef-8404-a36230ada079",NA,NA,1970,"1/16/1971","904b1823-3960-11ef-b269-9b08c5d4c173","home","THW Kiel","Hamburger SV",9,9,FALSE,0,NA,NA,0,0,0,NA,0,0,0,0,0,0,NA,NA,NA,NA,NA,NA,NA,NA,0,0,0,0,NA,NA,NA,NA,NA
"Peter Werk","b0784d6e-3955-11ef-9a85-a36230ada079",NA,NA,1970,"1/16/1971","904b1823-3960-11ef-b269-9b08c5d4c173","home","THW Kiel","Hamburger SV",9,9,FALSE,0,NA,NA,0,0,0,NA,0,0,0,0,0,0,NA,NA,NA,NA,NA,NA,NA,NA,0,0,0,0,NA,NA,NA,NA,NA
"Herwig Ahrendsen","b143192b-3955-11ef-bef0-a36230ada079",NA,NA,1970,"1/16/1971","904b1823-3960-11ef-b269-9b08c5d4c173","home","THW Kiel","Hamburger SV",9,9,FALSE,1,NA,NA,0,0,0,NA,0,0,0,0,0,0,NA,NA,NA,NA,NA,NA,NA,NA,0,0,0,0,NA,NA,NA,NA,NA
"Bernd Nielsen","b1480d2c-3955-11ef-8563-a36230ada079",NA,NA,1970,"1/16/1971","904b1823-3960-11ef-b269-9b08c5d4c173","home","THW Kiel","Hamburger SV",9,9,FALSE,3,NA,NA,0,0,0,NA,0,0,0,0,0,0,NA,NA,NA,NA,NA,NA,NA,NA,0,0,0,0,NA,NA,NA,NA,NA
"Hartwig Moll","b14ce7d8-3955-11ef-8cb5-a36230ada079",NA,NA,1970,"1/16/1971","904b1823-3960-11ef-b269-9b08c5d4c173","home","THW Kiel","Hamburger SV",9,9,FALSE,0,NA,NA,0,0,0,NA,0,0,0,0,0,0,NA,NA,NA,NA,NA,NA,NA,NA,0,0,0,0,NA,NA,NA,NA,NA
"Rainer Voigt","c7c742a9-3955-11ef-b542-157c9bc18a5f",NA,NA,1970,"1/16/1971","904b1823-3960-11ef-b269-9b08c5d4c173","home","THW Kiel","Hamburger SV",9,9,FALSE,0,NA,NA,0,0,0,NA,0,0,0,0,0,0,NA,NA,NA,NA,NA,NA,NA,NA,0,0,0,0,NA,NA,NA,NA,NA
"Dieter Baguhn","c7cbf017-3955-11ef-b1f7-157c9bc18a5f",NA,NA,1970,"1/16/1971","904b1823-3960-11ef-b269-9b08c5d4c173","home","THW Kiel","Hamburger SV",9,9,FALSE,0,NA,NA,0,0,0,NA,0,0,0,0,0,0,NA,NA,NA,NA,NA,NA,NA,NA,0,0,0,0,NA,NA,NA,NA,NA
"Bernd Struck","c7d4c3a5-3955-11ef-a743-157c9bc18a5f",NA,NA,1970,"1/16/1971","904b1823-3960-11ef-b269-9b08c5d4c173","home","THW Kiel","Hamburger SV",9,9,FALSE,2,NA,NA,0,0,1,NA,0,0,0,0,0,0,NA,NA,NA,NA,NA,NA,NA,NA,0,0,0,0,NA,NA,NA,NA,NA
"Hans-Jürgen Bode","b011e6da-3955-11ef-8205-a36230ada079",NA,NA,1970,"1/16/1971","904b1823-3960-11ef-b269-9b08c5d4c173","away","Hamburger SV","THW Kiel",9,9,FALSE,0,NA,NA,0,0,0,NA,0,0,0,0,0,0,NA,NA,NA,NA,NA,NA,NA,NA,0,0,0,0,NA,NA,NA,NA,NA
"Herbert Niemeier","b0163f16-3955-11ef-ae9e-a36230ada079",NA,NA,1970,"1/16/1971","904b1823-3960-11ef-b269-9b08c5d4c173","away","Hamburger SV","THW Kiel",9,9,FALSE,0,NA,NA,0,0,0,NA,0,0,0,0,0,0,NA,NA,NA,NA,NA,NA,NA,NA,0,0,0,0,NA,NA,NA,NA,NA
"Rainer Witt","b02adaad-3955-11ef-b8c4-a36230ada079",NA,NA,1970,"1/16/1971","904b1823-3960-11ef-b269-9b08c5d4c173","away","Hamburger SV","THW Kiel",9,9,FALSE,0,NA,NA,0,0,0,NA,0,0,0,0,0,0,NA,NA,NA,NA,NA,NA,NA,NA,0,0,0,0,NA,NA,NA,NA,NA
"Jens Ivers","b02f4aea-3955-11ef-801e-a36230ada079",NA,NA,1970,"1/16/1971","904b1823-3960-11ef-b269-9b08c5d4c173","away","Hamburger SV","THW Kiel",9,9,FALSE,0,NA,NA,0,0,0,NA,0,0,0,0,0,0,NA,NA,NA,NA,NA,NA,NA,NA,0,0,0,0,NA,NA,NA,NA,NA
"Hans-Joachim Beißel","b0341bcb-3955-11ef-9e08-a36230ada079",NA,NA,1970,"1/16/1971","904b1823-3960-11ef-b269-9b08c5d4c173","away","Hamburger SV","THW Kiel",9,9,FALSE,3,NA,NA,0,0,2,NA,0,0,0,0,0,0,NA,NA,NA,NA,NA,NA,NA,NA,0,0,0,0,NA,NA,NA,NA,NA
"Norbert Germer","b03f8101-3955-11ef-8945-a36230ada079",NA,NA,1970,"1/16/1971","904b1823-3960-11ef-b269-9b08c5d4c173","away","Hamburger SV","THW Kiel",9,9,FALSE,4,NA,NA,0,0,0,NA,0,0,0,0,0,0,NA,NA,NA,NA,NA,NA,NA,NA,0,0,0,0,NA,NA,NA,NA,NA
"Bernd Heiden","baf62966-3955-11ef-b7e1-ab397f561917",NA,NA,1970,"1/16/1971","904b1823-3960-11ef-b269-9b08c5d4c173","away","Hamburger SV","THW Kiel",9,9,FALSE,0,NA,NA,0,0,0,NA,0,0,0,0,0,0,NA,NA,NA,NA,NA,NA,NA,NA,0,0,0,0,NA,NA,NA,NA,NA
"Klaus Lange","bafb51f3-3955-11ef-9864-ab397f561917",NA,NA,1970,"1/16/1971","904b1823-3960-11ef-b269-9b08c5d4c173","away","Hamburger SV","THW Kiel",9,9,FALSE,1,NA,NA,0,0,0,NA,0,0,0,0,0,0,NA,NA,NA,NA,NA,NA,NA,NA,0,0,0,0,NA,NA,NA,NA,NA
"Rüdiger Heß","bd122db8-3955-11ef-9b21-ab397f561917",NA,NA,1970,"1/16/1971","904b1823-3960-11ef-b269-9b08c5d4c173","away","Hamburger SV","THW Kiel",9,9,FALSE,0,NA,NA,0,0,0,NA,0,0,0,0,0,0,NA,NA,NA,NA,NA,NA,NA,NA,0,0,0,0,NA,NA,NA,NA,NA
"Manfred Grühn","c755d6cb-3955-11ef-a162-157c9bc18a5f",NA,NA,1970,"1/16/1971","904b1823-3960-11ef-b269-9b08c5d4c173","away","Hamburger SV","THW Kiel",9,9,FALSE,1,NA,NA,0,0,0,NA,0,0,0,0,0,0,NA,NA,NA,NA,NA,NA,NA,NA,0,0,0,0,NA,NA,NA,NA,NA
"Katsuhiko Chikamori","c9e81f92-3955-11ef-87d2-157c9bc18a5f",NA,NA,1970,"1/16/1971","904b1823-3960-11ef-b269-9b08c5d4c173","away","Hamburger SV","THW Kiel",9,9,FALSE,0,NA,NA,0,0,0,NA,0,0,0,0,0,0,NA,NA,NA,NA,NA,NA,NA,NA,0,0,0,0,NA,NA,NA,NA,NA
"Rüdiger-Felix Schmacke","97956044-3955-11ef-be5d-292be3190b7b",NA,NA,1970,"1/16/1971","985985a6-3960-11ef-8db3-d3de5c174a65","home","TV Hochdorf","Füchse Berlin",16,11,TRUE,1,NA,NA,0,0,0,NA,0,0,0,0,0,0,NA,NA,NA,NA,NA,NA,NA,NA,0,0,0,0,NA,NA,NA,NA,NA
"Manfred Müller","ae54e819-3955-11ef-81e8-a36230ada079",NA,NA,1970,"1/16/1971","985985a6-3960-11ef-8db3-d3de5c174a65","home","TV Hochdorf","Füchse Berlin",16,11,TRUE,0,NA,NA,0,0,0,NA,0,0,0,0,0,0,NA,NA,NA,NA,NA,NA,NA,NA,0,0,0,0,NA,NA,NA,NA,NA
"Robert Becker","ae8c50f9-3955-11ef-91c4-a36230ada079",NA,NA,1970,"1/16/1971","985985a6-3960-11ef-8db3-d3de5c174a65","home","TV Hochdorf","Füchse Berlin",16,11,TRUE,2,NA,NA,0,0,0,NA,0,0,0,0,0,0,NA,NA,NA,NA,NA,NA,NA,NA,0,0,0,0,NA,NA,NA,NA,NA
"Jürgen Hahn","ae947745-3955-11ef-bc54-a36230ada079",NA,NA,1970,"1/16/1971","985985a6-3960-11ef-8db3-d3de5c174a65","home","TV Hochdorf","Füchse Berlin",16,11,TRUE,5,NA,NA,0,0,0,NA,0,0,0,0,0,0,NA,NA,NA,NA,NA,NA,NA,NA,0,0,0,0,NA,NA,NA,NA,NA
"Wilfried Job","af3ed007-3955-11ef-9184-a36230ada079",NA,NA,1970,"1/16/1971","985985a6-3960-11ef-8db3-d3de5c174a65","home","TV Hochdorf","Füchse Berlin",16,11,TRUE,2,NA,NA,0,0,0,NA,0,0,0,0,0,0,NA,NA,NA,NA,NA,NA,NA,NA,0,0,0,0,NA,NA,NA,NA,NA
"Hans Stein","bde4861d-3955-11ef-a14e-ab397f561917",NA,NA,1970,"1/16/1971","985985a6-3960-11ef-8db3-d3de5c174a65","home","TV Hochdorf","Füchse Berlin",16,11,TRUE,3,NA,NA,0,0,0,NA,0,0,0,0,0,0,NA,NA,NA,NA,NA,NA,NA,NA,0,0,0,0,NA,NA,NA,NA,NA
"Klaus Becker","c92b579e-3955-11ef-ab41-157c9bc18a5f",NA,NA,1970,"1/16/1971","985985a6-3960-11ef-8db3-d3de5c174a65","home","TV Hochdorf","Füchse Berlin",16,11,TRUE,0,NA,NA,0,0,0,NA,0,0,0,0,0,0,NA,NA,NA,NA,NA,NA,NA,NA,0,0,0,0,NA,NA,NA,NA,NA
"Werner Häfele","c9414487-3955-11ef-a5df-157c9bc18a5f",NA,NA,1970,"1/16/1971","985985a6-3960-11ef-8db3-d3de5c174a65","home","TV Hochdorf","Füchse Berlin",16,11,TRUE,2,NA,NA,0,0,0,NA,0,0,0,0,0,0,NA,NA,NA,NA,NA,NA,NA,NA,0,0,0,0,NA,NA,NA,NA,NA
"Willi Butz","c945a2f1-3955-11ef-8b53-157c9bc18a5f",NA,NA,1970,"1/16/1971","985985a6-3960-11ef-8db3-d3de5c174a65","home","TV Hochdorf","Füchse Berlin",16,11,TRUE,0,NA,NA,0,0,0,NA,0,0,0,0,0,0,NA,NA,NA,NA,NA,NA,NA,NA,0,0,0,0,NA,NA,NA,NA,NA
"Peter Frisch","c94a46b7-3955-11ef-8686-157c9bc18a5f",NA,NA,1970,"1/16/1971","985985a6-3960-11ef-8db3-d3de5c174a65","home","TV Hochdorf","Füchse Berlin",16,11,TRUE,0,NA,NA,0,0,0,NA,0,0,0,0,0,0,NA,NA,NA,NA,NA,NA,NA,NA,0,0,0,0,NA,NA,NA,NA,NA
"Werner Matill","c9539495-3955-11ef-9bff-157c9bc18a5f",NA,NA,1970,"1/16/1971","985985a6-3960-11ef-8db3-d3de5c174a65","home","TV Hochdorf","Füchse Berlin",16,11,TRUE,1,NA,NA,0,0,0,NA,0,0,0,0,0,0,NA,NA,NA,NA,NA,NA,NA,NA,0,0,0,0,NA,NA,NA,NA,NA
"Alois Ehmann","d286fca5-3955-11ef-a9e5-a36230ada079",NA,NA,1970,"1/16/1971","985985a6-3960-11ef-8db3-d3de5c174a65","home","TV Hochdorf","Füchse Berlin",16,11,TRUE,0,NA,NA,0,0,0,NA,0,0,0,0,0,0,NA,NA,NA,NA,NA,NA,NA,NA,0,0,0,0,NA,NA,NA,NA,NA
"Diethard Finkelmann","a60bdcf9-3955-11ef-bfa1-2510cc07ea6e",NA,NA,1970,"1/16/1971","985985a6-3960-11ef-8db3-d3de5c174a65","away","Füchse Berlin","TV Hochdorf",11,16,FALSE,5,NA,NA,0,0,0,NA,0,0,0,0,0,0,NA,NA,NA,NA,NA,NA,NA,NA,0,0,0,0,NA,NA,NA,NA,NA
"Wolfgang Braun","b1a4c388-3955-11ef-92b7-a36230ada079",NA,NA,1970,"1/16/1971","985985a6-3960-11ef-8db3-d3de5c174a65","away","Füchse Berlin","TV Hochdorf",11,16,FALSE,2,NA,NA,0,0,0,NA,0,0,0,0,0,0,NA,NA,NA,NA,NA,NA,NA,NA,0,0,0,0,NA,NA,NA,NA,NA
"Detlef Finkelmann","b1a8f927-3955-11ef-a009-a36230ada079",NA,NA,1970,"1/16/1971","985985a6-3960-11ef-8db3-d3de5c174a65","away","Füchse Berlin","TV Hochdorf",11,16,FALSE,2,NA,NA,0,0,1,NA,0,0,0,0,0,0,NA,NA,NA,NA,NA,NA,NA,NA,0,0,0,0,NA,NA,NA,NA,NA
"Bernd Goerigk","b1b21b0c-3955-11ef-a303-a36230ada079",NA,NA,1970,"1/16/1971","985985a6-3960-11ef-8db3-d3de5c174a65","away","Füchse Berlin","TV Hochdorf",11,16,FALSE,1,NA,NA,0,0,0,NA,0,0,0,0,0,0,NA,NA,NA,NA,NA,NA,NA,NA,0,0,0,0,NA,NA,NA,NA,NA
"Lutz Loewke","b1b73b08-3955-11ef-b76a-a36230ada079",NA,NA,1970,"1/16/1971","985985a6-3960-11ef-8db3-d3de5c174a65","away","Füchse Berlin","TV Hochdorf",11,16,FALSE,0,NA,NA,0,0,0,NA,0,0,0,0,0,0,NA,NA,NA,NA,NA,NA,NA,NA,0,0,0,0,NA,NA,NA,NA,NA
"Werner Reinke","b1bc1a3c-3955-11ef-8a0a-a36230ada079",NA,NA,1970,"1/16/1971","985985a6-3960-11ef-8db3-d3de5c174a65","away","Füchse Berlin","TV Hochdorf",11,16,FALSE,0,NA,NA,0,0,0,NA,0,0,0,0,0,0,NA,NA,NA,NA,NA,NA,NA,NA,0,0,0,0,NA,NA,NA,NA,NA
"Sigmar Artelt","bdbc9392-3955-11ef-a3be-ab397f561917",NA,NA,1970,"1/16/1971","985985a6-3960-11ef-8db3-d3de5c174a65","away","Füchse Berlin","TV Hochdorf",11,16,FALSE,0,NA,NA,0,0,0,NA,0,0,0,0,0,0,NA,NA,NA,NA,NA,NA,NA,NA,0,0,0,0,NA,NA,NA,NA,NA
"Lothar Wiehle","bdd3883f-3955-11ef-aaf9-ab397f561917",NA,NA,1970,"1/16/1971","985985a6-3960-11ef-8db3-d3de5c174a65","away","Füchse Berlin","TV Hochdorf",11,16,FALSE,0,NA,NA,0,0,0,NA,0,0,0,0,0,0,NA,NA,NA,NA,NA,NA,NA,NA,0,0,0,0,NA,NA,NA,NA,NA
"Klaus-Dieter Guse","bdd76769-3955-11ef-97dc-ab397f561917",NA,NA,1970,"1/16/1971","985985a6-3960-11ef-8db3-d3de5c174a65","away","Füchse Berlin","TV Hochdorf",11,16,FALSE,1,NA,NA,0,0,0,NA,0,0,0,0,0,0,NA,NA,NA,NA,NA,NA,NA,NA,0,0,0,0,NA,NA,NA,NA,NA
"Manfred Jeka","d2e0100c-3955-11ef-a53c-a36230ada079",NA,NA,1970,"1/16/1971","985985a6-3960-11ef-8db3-d3de5c174a65","away","Füchse Berlin","TV Hochdorf",11,16,FALSE,0,NA,NA,0,0,0,NA,0,0,0,0,0,0,NA,NA,NA,NA,NA,NA,NA,NA,0,0,0,0,NA,NA,NA,NA,NA
"Thomas Micheli","d2e8bde0-3955-11ef-8c04-a36230ada079",NA,NA,1970,"1/16/1971","985985a6-3960-11ef-8db3-d3de5c174a65","away","Füchse Berlin","TV Hochdorf",11,16,FALSE,0,NA,NA,0,0,0,NA,0,0,0,0,0,0,NA,NA,NA,NA,NA,NA,NA,NA,0,0,0,0,NA,NA,NA,NA,NA
"Kurt Klühspies","5ac3e7d7-3955-11ef-b574-4fa817cd91bb",NA,NA,1970,"1/16/1971","993d0c64-3960-11ef-861b-d3de5c174a65","home","TV Großwallstadt","S3L Handball",17,14,TRUE,2,NA,NA,0,0,0,NA,0,0,0,0,0,0,NA,NA,NA,NA,NA,NA,NA,NA,0,0,0,0,NA,NA,NA,NA,NA
"Eckhardt Suffel","aeac0503-3955-11ef-88c6-a36230ada079",NA,NA,1970,"1/16/1971","993d0c64-3960-11ef-861b-d3de5c174a65","home","TV Großwallstadt","S3L Handball",17,14,TRUE,1,NA,NA,0,0,0,NA,0,0,0,0,0,0,NA,NA,NA,NA,NA,NA,NA,NA,0,0,0,0,NA,NA,NA,NA,NA
"Robert Schnabel","bbbd881a-3955-11ef-a181-ab397f561917",NA,NA,1970,"1/16/1971","993d0c64-3960-11ef-861b-d3de5c174a65","home","TV Großwallstadt","S3L Handball",17,14,TRUE,0,NA,NA,0,0,0,NA,0,0,0,0,0,0,NA,NA,NA,NA,NA,NA,NA,NA,0,0,0,0,NA,NA,NA,NA,NA
"Peter Kuß","bbc18adb-3955-11ef-a5f7-ab397f561917",NA,NA,1970,"1/16/1971","993d0c64-3960-11ef-861b-d3de5c174a65","home","TV Großwallstadt","S3L Handball",17,14,TRUE,1,NA,NA,0,0,0,NA,0,0,0,0,0,0,NA,NA,NA,NA,NA,NA,NA,NA,0,0,0,0,NA,NA,NA,NA,NA
"Werner Lemmert","be0e2c8d-3955-11ef-82a6-ab397f561917",NA,NA,1970,"1/16/1971","993d0c64-3960-11ef-861b-d3de5c174a65","home","TV Großwallstadt","S3L Handball",17,14,TRUE,0,NA,NA,0,0,0,NA,0,0,0,0,0,0,NA,NA,NA,NA,NA,NA,NA,NA,0,0,0,0,NA,NA,NA,NA,NA
"Rainer Oberle","be123408-3955-11ef-92a6-ab397f561917",NA,NA,1970,"1/16/1971","993d0c64-3960-11ef-861b-d3de5c174a65","home","TV Großwallstadt","S3L Handball",17,14,TRUE,5,NA,NA,0,0,0,NA,0,0,0,0,0,0,NA,NA,NA,NA,NA,NA,NA,NA,0,0,0,0,NA,NA,NA,NA,NA
"Hans-Joachim Herzig","c7ff4ec7-3955-11ef-a4ed-157c9bc18a5f",NA,NA,1970,"1/16/1971","993d0c64-3960-11ef-861b-d3de5c174a65","home","TV Großwallstadt","S3L Handball",17,14,TRUE,0,NA,NA,0,0,0,NA,0,0,0,0,0,0,NA,NA,NA,NA,NA,NA,NA,NA,0,0,0,0,NA,NA,NA,NA,NA
"Ludwig Hohm","c97b5499-3955-11ef-8cf3-157c9bc18a5f",NA,NA,1970,"1/16/1971","993d0c64-3960-11ef-861b-d3de5c174a65","home","TV Großwallstadt","S3L Handball",17,14,TRUE,0,NA,NA,0,0,0,NA,0,0,0,0,0,0,NA,NA,NA,NA,NA,NA,NA,NA,0,0,0,0,NA,NA,NA,NA,NA
"Erich Kolb","d2d1efef-3955-11ef-89e7-a36230ada079",NA,NA,1970,"1/16/1971","993d0c64-3960-11ef-861b-d3de5c174a65","home","TV Großwallstadt","S3L Handball",17,14,TRUE,4,NA,NA,0,0,0,NA,0,0,0,0,0,0,NA,NA,NA,NA,NA,NA,NA,NA,0,0,0,0,NA,NA,NA,NA,NA
"Jens Schmitt","bb8d4110-3955-11ef-8fb2-ab397f561917",NA,NA,1970,"1/16/1971","993d0c64-3960-11ef-861b-d3de5c174a65","away","S3L Handball","TV Großwallstadt",14,17,FALSE,1,NA,NA,0,0,0,NA,0,0,0,0,0,0,NA,NA,NA,NA,NA,NA,NA,NA,0,0,0,0,NA,NA,NA,NA,NA
"Werner Pruscha","bb9c8e56-3955-11ef-ac18-ab397f561917",NA,NA,1970,"1/16/1971","993d0c64-3960-11ef-861b-d3de5c174a65","away","S3L Handball","TV Großwallstadt",14,17,FALSE,1,NA,NA,0,0,0,NA,0,0,0,0,0,0,NA,NA,NA,NA,NA,NA,NA,NA,0,0,0,0,NA,NA,NA,NA,NA
"Wolfhardt Bühler","bba2fc92-3955-11ef-a8d6-ab397f561917",NA,NA,1970,"1/16/1971","993d0c64-3960-11ef-861b-d3de5c174a65","away","S3L Handball","TV Großwallstadt",14,17,FALSE,3,NA,NA,0,0,0,NA,0,0,0,0,0,0,NA,NA,NA,NA,NA,NA,NA,NA,0,0,0,0,NA,NA,NA,NA,NA
"Gerd Schmitt","bbb09cf8-3955-11ef-97db-ab397f561917",NA,NA,1970,"1/16/1971","993d0c64-3960-11ef-861b-d3de5c174a65","away","S3L Handball","TV Großwallstadt",14,17,FALSE,1,NA,NA,0,0,0,NA,0,0,0,0,0,0,NA,NA,NA,NA,NA,NA,NA,NA,0,0,0,0,NA,NA,NA,NA,NA
"Herbert Hönnige","c7e7cc14-3955-11ef-af0e-157c9bc18a5f",NA,NA,1970,"1/16/1971","993d0c64-3960-11ef-861b-d3de5c174a65","away","S3L Handball","TV Großwallstadt",14,17,FALSE,4,NA,NA,0,0,0,NA,0,0,0,0,0,0,NA,NA,NA,NA,NA,NA,NA,NA,0,0,0,0,NA,NA,NA,NA,NA
"Jürgen Plambeck","c95d267b-3955-11ef-9a98-157c9bc18a5f",NA,NA,1970,"1/16/1971","993d0c64-3960-11ef-861b-d3de5c174a65","away","S3L Handball","TV Großwallstadt",14,17,FALSE,3,NA,NA,0,0,0,NA,0,0,0,0,0,0,NA,NA,NA,NA,NA,NA,NA,NA,0,0,0,0,NA,NA,NA,NA,NA
"Josef Hutter","c96148ae-3955-11ef-a005-157c9bc18a5f",NA,NA,1970,"1/16/1971","993d0c64-3960-11ef-861b-d3de5c174a65","away","S3L Handball","TV Großwallstadt",14,17,FALSE,0,NA,NA,0,0,0,NA,0,0,0,0,0,0,NA,NA,NA,NA,NA,NA,NA,NA,0,0,0,0,NA,NA,NA,NA,NA
"Rolf Seltner","c96574fc-3955-11ef-a37f-157c9bc18a5f",NA,NA,1970,"1/16/1971","993d0c64-3960-11ef-861b-d3de5c174a65","away","S3L Handball","TV Großwallstadt",14,17,FALSE,1,NA,NA,0,0,0,NA,0,0,0,0,0,0,NA,NA,NA,NA,NA,NA,NA,NA,0,0,0,0,NA,NA,NA,NA,NA
"Norbert Schmitt","d2a1de09-3955-11ef-b7be-a36230ada079",NA,NA,1970,"1/16/1971","993d0c64-3960-11ef-861b-d3de5c174a65","away","S3L Handball","TV Großwallstadt",14,17,FALSE,0,NA,NA,0,0,0,NA,0,0,0,0,0,0,NA,NA,NA,NA,NA,NA,NA,NA,0,0,0,0,NA,NA,NA,NA,NA
"Hermann Mäurle","a44f95e3-3955-11ef-b53d-2510cc07ea6e",NA,NA,1970,"1/16/1971","9ad0fcbe-3960-11ef-b67e-d3de5c174a65","home","SpVgg 1887 Möhringen","TSV Milbertshofen",16,13,TRUE,1,NA,NA,0,0,0,NA,0,0,0,0,0,0,NA,NA,NA,NA,NA,NA,NA,NA,0,0,0,0,NA,NA,NA,NA,NA
"Karl-Heinz Wolf","c8354cdd-3955-11ef-a1d6-157c9bc18a5f",NA,NA,1970,"1/16/1971","9ad0fcbe-3960-11ef-b67e-d3de5c174a65","home","SpVgg 1887 Möhringen","TSV Milbertshofen",16,13,TRUE,6,NA,NA,0,0,0,NA,0,0,0,0,0,0,NA,NA,NA,NA,NA,NA,NA,NA,0,0,0,0,NA,NA,NA,NA,NA
"Gerd-Volker Stock","c8397c3c-3955-11ef-af12-157c9bc18a5f",NA,NA,1970,"1/16/1971","9ad0fcbe-3960-11ef-b67e-d3de5c174a65","home","SpVgg 1887 Möhringen","TSV Milbertshofen",16,13,TRUE,2,NA,NA,0,0,0,NA,0,0,0,0,0,0,NA,NA,NA,NA,NA,NA,NA,NA,0,0,0,0,NA,NA,NA,NA,NA
"Dieter Schuh","c84c4c54-3955-11ef-9d35-157c9bc18a5f",NA,NA,1970,"1/16/1971","9ad0fcbe-3960-11ef-b67e-d3de5c174a65","home","SpVgg 1887 Möhringen","TSV Milbertshofen",16,13,TRUE,2,NA,NA,0,0,0,NA,0,0,0,0,0,0,NA,NA,NA,NA,NA,NA,NA,NA,0,0,0,0,NA,NA,NA,NA,NA
"Lothar Scheffel","c850996c-3955-11ef-94a7-157c9bc18a5f",NA,NA,1970,"1/16/1971","9ad0fcbe-3960-11ef-b67e-d3de5c174a65","home","SpVgg 1887 Möhringen","TSV Milbertshofen",16,13,TRUE,0,NA,NA,0,0,0,NA,0,0,0,0,0,0,NA,NA,NA,NA,NA,NA,NA,NA,0,0,0,0,NA,NA,NA,NA,NA
"Gerd Rössler","c854fdaa-3955-11ef-b318-157c9bc18a5f",NA,NA,1970,"1/16/1971","9ad0fcbe-3960-11ef-b67e-d3de5c174a65","home","SpVgg 1887 Möhringen","TSV Milbertshofen",16,13,TRUE,0,NA,NA,0,0,0,NA,0,0,0,0,0,0,NA,NA,NA,NA,NA,NA,NA,NA,0,0,0,0,NA,NA,NA,NA,NA
"Karl-Heinz Steinbach","c864fc61-3955-11ef-bc13-157c9bc18a5f",NA,NA,1970,"1/16/1971","9ad0fcbe-3960-11ef-b67e-d3de5c174a65","home","SpVgg 1887 Möhringen","TSV Milbertshofen",16,13,TRUE,2,NA,NA,0,0,0,NA,0,0,0,0,0,0,NA,NA,NA,NA,NA,NA,NA,NA,0,0,0,0,NA,NA,NA,NA,NA
"Wolfgang Schall","c869381d-3955-11ef-a2ed-157c9bc18a5f",NA,NA,1970,"1/16/1971","9ad0fcbe-3960-11ef-b67e-d3de5c174a65","home","SpVgg 1887 Möhringen","TSV Milbertshofen",16,13,TRUE,1,NA,NA,0,0,0,NA,0,0,0,0,0,0,NA,NA,NA,NA,NA,NA,NA,NA,0,0,0,0,NA,NA,NA,NA,NA
"Klaus Eberhardt","d3228004-3955-11ef-8600-a36230ada079",NA,NA,1970,"1/16/1971","9ad0fcbe-3960-11ef-b67e-d3de5c174a65","home","SpVgg 1887 Möhringen","TSV Milbertshofen",16,13,TRUE,0,NA,NA,0,0,0,NA,0,0,0,0,0,0,NA,NA,NA,NA,NA,NA,NA,NA,0,0,0,0,NA,NA,NA,NA,NA
"Hans Moser","7e83ce46-3955-11ef-830d-b908c60af10a",NA,NA,1970,"1/16/1971","9ad0fcbe-3960-11ef-b67e-d3de5c174a65","away","TSV Milbertshofen","SpVgg 1887 Möhringen",13,16,FALSE,5,NA,NA,0,0,2,NA,0,0,0,0,0,0,NA,NA,NA,NA,NA,NA,NA,NA,0,0,0,0,NA,NA,NA,NA,NA
"Gerhard Ochsenkühn","97259ed1-3955-11ef-96ca-292be3190b7b",NA,NA,1970,"1/16/1971","9ad0fcbe-3960-11ef-b67e-d3de5c174a65","away","TSV Milbertshofen","SpVgg 1887 Möhringen",13,16,FALSE,2,NA,NA,0,0,0,NA,0,0,0,0,0,0,NA,NA,NA,NA,NA,NA,NA,NA,0,0,0,0,NA,NA,NA,NA,NA
"Josef Kiener","972d7d47-3955-11ef-a437-292be3190b7b",NA,NA,1970,"1/16/1971","9ad0fcbe-3960-11ef-b67e-d3de5c174a65","away","TSV Milbertshofen","SpVgg 1887 Möhringen",13,16,FALSE,1,NA,NA,0,0,0,NA,0,0,0,0,0,0,NA,NA,NA,NA,NA,NA,NA,NA,0,0,0,0,NA,NA,NA,NA,NA
"Rudolf Dobler","97ac407c-3955-11ef-9ea9-292be3190b7b",NA,NA,1970,"1/16/1971","9ad0fcbe-3960-11ef-b67e-d3de5c174a65","away","TSV Milbertshofen","SpVgg 1887 Möhringen",13,16,FALSE,0,NA,NA,0,0,0,NA,0,0,0,0,0,0,NA,NA,NA,NA,NA,NA,NA,NA,0,0,0,0,NA,NA,NA,NA,NA
"Günther Haug","b1c49acf-3955-11ef-9599-a36230ada079",NA,NA,1970,"1/16/1971","9ad0fcbe-3960-11ef-b67e-d3de5c174a65","away","TSV Milbertshofen","SpVgg 1887 Möhringen",13,16,FALSE,1,NA,NA,0,0,0,NA,0,0,0,0,0,0,NA,NA,NA,NA,NA,NA,NA,NA,0,0,0,0,NA,NA,NA,NA,NA
"Helmut Schelchshorn","b1c960ef-3955-11ef-850b-a36230ada079",NA,NA,1970,"1/16/1971","9ad0fcbe-3960-11ef-b67e-d3de5c174a65","away","TSV Milbertshofen","SpVgg 1887 Möhringen",13,16,FALSE,2,NA,NA,0,0,0,NA,0,0,0,0,0,0,NA,NA,NA,NA,NA,NA,NA,NA,0,0,0,0,NA,NA,NA,NA,NA
"Volker Filipp","c6bca602-3955-11ef-8195-157c9bc18a5f",NA,NA,1970,"1/16/1971","9ad0fcbe-3960-11ef-b67e-d3de5c174a65","away","TSV Milbertshofen","SpVgg 1887 Möhringen",13,16,FALSE,1,NA,NA,0,0,0,NA,0,0,0,0,0,0,NA,NA,NA,NA,NA,NA,NA,NA,0,0,0,0,NA,NA,NA,NA,NA
"Karl Donndorf","c821c668-3955-11ef-a20c-157c9bc18a5f",NA,NA,1970,"1/16/1971","9ad0fcbe-3960-11ef-b67e-d3de5c174a65","away","TSV Milbertshofen","SpVgg 1887 Möhringen",13,16,FALSE,1,NA,NA,0,0,0,NA,0,0,0,0,0,0,NA,NA,NA,NA,NA,NA,NA,NA,0,0,0,0,NA,NA,NA,NA,NA
"Olaf Hoemke","c9a6b7e4-3955-11ef-a408-157c9bc18a5f",NA,NA,1970,"1/16/1971","9ad0fcbe-3960-11ef-b67e-d3de5c174a65","away","TSV Milbertshofen","SpVgg 1887 Möhringen",13,16,FALSE,0,NA,NA,0,0,0,NA,0,0,0,0,0,0,NA,NA,NA,NA,NA,NA,NA,NA,0,0,0,0,NA,NA,NA,NA,NA
"Max Rixner","d313d31e-3955-11ef-b538-a36230ada079",NA,NA,1970,"1/16/1971","9ad0fcbe-3960-11ef-b67e-d3de5c174a65","away","TSV Milbertshofen","SpVgg 1887 Möhringen",13,16,FALSE,0,NA,NA,0,0,0,NA,0,0,0,0,0,0,NA,NA,NA,NA,NA,NA,NA,NA,0,0,0,0,NA,NA,NA,NA,NA
"Hoffmann","688c742a-3955-11ef-8786-292be3190b7b",NA,NA,1970,"1/16/1971","9b492c32-3960-11ef-81d1-d3de5c174a65","home","FRISCH AUF! Göppingen","TSV 1896 Rintheim",18,17,TRUE,1,NA,NA,0,0,0,NA,0,0,0,0,0,0,NA,NA,NA,NA,NA,NA,NA,NA,0,0,0,0,NA,NA,NA,NA,NA
"Peter Bucher","8e0071c9-3955-11ef-8ff8-81dc40648355",NA,NA,1970,"1/16/1971","9b492c32-3960-11ef-81d1-d3de5c174a65","home","FRISCH AUF! Göppingen","TSV 1896 Rintheim",18,17,TRUE,4,NA,NA,0,0,1,NA,0,0,0,0,0,0,NA,NA,NA,NA,NA,NA,NA,NA,0,0,0,0,NA,NA,NA,NA,NA
"Horst Singer","a30fd118-3955-11ef-9745-2510cc07ea6e",NA,NA,1970,"1/16/1971","9b492c32-3960-11ef-81d1-d3de5c174a65","home","FRISCH AUF! Göppingen","TSV 1896 Rintheim",18,17,TRUE,2,NA,NA,0,0,0,NA,0,0,0,0,0,0,NA,NA,NA,NA,NA,NA,NA,NA,0,0,0,0,NA,NA,NA,NA,NA
"Hans Brodbeck","b1f00cc3-3955-11ef-b4c9-a36230ada079",NA,NA,1970,"1/16/1971","9b492c32-3960-11ef-81d1-d3de5c174a65","home","FRISCH AUF! Göppingen","TSV 1896 Rintheim",18,17,TRUE,0,NA,NA,0,0,0,NA,0,0,0,0,0,0,NA,NA,NA,NA,NA,NA,NA,NA,0,0,0,0,NA,NA,NA,NA,NA
"Walter Pflüger","bc85cdbc-3955-11ef-8e24-ab397f561917",NA,NA,1970,"1/16/1971","9b492c32-3960-11ef-81d1-d3de5c174a65","home","FRISCH AUF! Göppingen","TSV 1896 Rintheim",18,17,TRUE,0,NA,NA,0,0,0,NA,0,0,0,0,0,0,NA,NA,NA,NA,NA,NA,NA,NA,0,0,0,0,NA,NA,NA,NA,NA
"Werner Arndt","c71116e0-3955-11ef-85d3-157c9bc18a5f",NA,NA,1970,"1/16/1971","9b492c32-3960-11ef-81d1-d3de5c174a65","home","FRISCH AUF! Göppingen","TSV 1896 Rintheim",18,17,TRUE,0,NA,NA,0,0,0,NA,0,0,0,0,0,0,NA,NA,NA,NA,NA,NA,NA,NA,0,0,0,0,NA,NA,NA,NA,NA
"Christian Patzer","c715a1de-3955-11ef-bc54-157c9bc18a5f",NA,NA,1970,"1/16/1971","9b492c32-3960-11ef-81d1-d3de5c174a65","home","FRISCH AUF! Göppingen","TSV 1896 Rintheim",18,17,TRUE,3,NA,NA,0,0,0,NA,0,0,0,0,0,0,NA,NA,NA,NA,NA,NA,NA,NA,0,0,0,0,NA,NA,NA,NA,NA
"Uwe Rathjen","c898158b-3955-11ef-82cb-157c9bc18a5f",NA,NA,1970,"1/16/1971","9b492c32-3960-11ef-81d1-d3de5c174a65","home","FRISCH AUF! Göppingen","TSV 1896 Rintheim",18,17,TRUE,0,NA,NA,0,0,0,NA,0,0,0,0,0,0,NA,NA,NA,NA,NA,NA,NA,NA,0,0,0,0,NA,NA,NA,NA,NA
"Armin Eisele","c9cc4c1b-3955-11ef-9f9f-157c9bc18a5f",NA,NA,1970,"1/16/1971","9b492c32-3960-11ef-81d1-d3de5c174a65","home","FRISCH AUF! Göppingen","TSV 1896 Rintheim",18,17,TRUE,8,NA,NA,0,0,1,NA,0,0,0,0,0,0,NA,NA,NA,NA,NA,NA,NA,NA,0,0,0,0,NA,NA,NA,NA,NA
"Anton Bayer","d357b837-3955-11ef-8b00-a36230ada079",NA,NA,1970,"1/16/1971","9b492c32-3960-11ef-81d1-d3de5c174a65","home","FRISCH AUF! Göppingen","TSV 1896 Rintheim",18,17,TRUE,0,NA,NA,0,0,0,NA,0,0,0,0,0,0,NA,NA,NA,NA,NA,NA,NA,NA,0,0,0,0,NA,NA,NA,NA,NA
"Keilwirth","d35ea6cb-3955-11ef-a644-a36230ada079",NA,NA,1970,"1/16/1971","9b492c32-3960-11ef-81d1-d3de5c174a65","home","FRISCH AUF! Göppingen","TSV 1896 Rintheim",18,17,TRUE,0,NA,NA,0,0,0,NA,0,0,0,0,0,0,NA,NA,NA,NA,NA,NA,NA,NA,0,0,0,0,NA,NA,NA,NA,NA
"Wolf-Dieter Nagel","8d41486b-3955-11ef-8d22-81dc40648355",NA,NA,1970,"1/16/1971","9b492c32-3960-11ef-81d1-d3de5c174a65","away","TSV 1896 Rintheim","FRISCH AUF! Göppingen",17,18,FALSE,4,NA,NA,0,0,0,NA,0,0,0,0,0,0,NA,NA,NA,NA,NA,NA,NA,NA,0,0,0,0,NA,NA,NA,NA,NA
"Franz Bechler","98035d7e-3955-11ef-8b94-292be3190b7b",NA,NA,1970,"1/16/1971","9b492c32-3960-11ef-81d1-d3de5c174a65","away","TSV 1896 Rintheim","FRISCH AUF! Göppingen",17,18,FALSE,0,NA,NA,0,0,0,NA,0,0,0,0,0,0,NA,NA,NA,NA,NA,NA,NA,NA,0,0,0,0,NA,NA,NA,NA,NA
"Bernd Seibel","bc6670d9-3955-11ef-b849-ab397f561917",NA,NA,1970,"1/16/1971","9b492c32-3960-11ef-81d1-d3de5c174a65","away","TSV 1896 Rintheim","FRISCH AUF! Göppingen",17,18,FALSE,2,NA,NA,0,0,0,NA,0,0,0,0,0,0,NA,NA,NA,NA,NA,NA,NA,NA,0,0,0,0,NA,NA,NA,NA,NA
"Wolfgang Dillenberger","bc6a40c8-3955-11ef-8c9f-ab397f561917",NA,NA,1970,"1/16/1971","9b492c32-3960-11ef-81d1-d3de5c174a65","away","TSV 1896 Rintheim","FRISCH AUF! Göppingen",17,18,FALSE,2,NA,NA,0,0,0,NA,0,0,0,0,0,0,NA,NA,NA,NA,NA,NA,NA,NA,0,0,0,0,NA,NA,NA,NA,NA
"Max Ullrich","c6e110c6-3955-11ef-83e4-157c9bc18a5f",NA,NA,1970,"1/16/1971","9b492c32-3960-11ef-81d1-d3de5c174a65","away","TSV 1896 Rintheim","FRISCH AUF! Göppingen",17,18,FALSE,0,NA,NA,0,0,0,NA,0,0,0,0,0,0,NA,NA,NA,NA,NA,NA,NA,NA,0,0,0,0,NA,NA,NA,NA,NA
"Roland Schubach","c8722d8e-3955-11ef-b351-157c9bc18a5f",NA,NA,1970,"1/16/1971","9b492c32-3960-11ef-81d1-d3de5c174a65","away","TSV 1896 Rintheim","FRISCH AUF! Göppingen",17,18,FALSE,1,NA,NA,0,0,0,NA,0,0,0,0,0,0,NA,NA,NA,NA,NA,NA,NA,NA,0,0,0,0,NA,NA,NA,NA,NA
"Siegfried Brabec","c87758a1-3955-11ef-9dbd-157c9bc18a5f",NA,NA,1970,"1/16/1971","9b492c32-3960-11ef-81d1-d3de5c174a65","away","TSV 1896 Rintheim","FRISCH AUF! Göppingen",17,18,FALSE,1,NA,NA,0,0,0,NA,0,0,0,0,0,0,NA,NA,NA,NA,NA,NA,NA,NA,0,0,0,0,NA,NA,NA,NA,NA
"Josef Bechler","c88a53f3-3955-11ef-bd99-157c9bc18a5f",NA,NA,1970,"1/16/1971","9b492c32-3960-11ef-81d1-d3de5c174a65","away","TSV 1896 Rintheim","FRISCH AUF! Göppingen",17,18,FALSE,3,NA,NA,0,0,0,NA,0,0,0,0,0,0,NA,NA,NA,NA,NA,NA,NA,NA,0,0,0,0,NA,NA,NA,NA,NA
"Karl Wackershauser","d338c73b-3955-11ef-bb70-a36230ada079",NA,NA,1970,"1/16/1971","9b492c32-3960-11ef-81d1-d3de5c174a65","away","TSV 1896 Rintheim","FRISCH AUF! Göppingen",17,18,FALSE,1,NA,NA,0,0,0,NA,0,0,0,0,0,0,NA,NA,NA,NA,NA,NA,NA,NA,0,0,0,0,NA,NA,NA,NA,NA
"Winfried Gaus","d33d97ff-3955-11ef-adfc-a36230ada079",NA,NA,1970,"1/16/1971","9b492c32-3960-11ef-81d1-d3de5c174a65","away","TSV 1896 Rintheim","FRISCH AUF! Göppingen",17,18,FALSE,0,NA,NA,0,0,0,NA,0,0,0,0,0,0,NA,NA,NA,NA,NA,NA,NA,NA,0,0,0,0,NA,NA,NA,NA,NA
"Edwin Schmidkunz","d352cbf0-3955-11ef-a520-a36230ada079",NA,NA,1970,"1/16/1971","9b492c32-3960-11ef-81d1-d3de5c174a65","away","TSV 1896 Rintheim","FRISCH AUF! Göppingen",17,18,FALSE,3,NA,NA,0,0,2,NA,0,0,0,0,0,0,NA,NA,NA,NA,NA,NA,NA,NA,0,0,0,0,NA,NA,NA,NA,NA
"Karl-Heinz Schulz","72847241-3955-11ef-8bd4-51fdf2a82730",NA,NA,1970,"1/22/1971","8f80b999-3960-11ef-82c2-9b08c5d4c173","home","TuS 05 Wellinghofen","GWD Minden",10,19,FALSE,1,NA,NA,0,0,0,NA,0,0,0,0,0,0,NA,NA,NA,NA,NA,NA,NA,NA,0,0,0,0,NA,NA,NA,NA,NA
"Hans-Jürgen Zick","8d67d76a-3955-11ef-8956-81dc40648355",NA,NA,1970,"1/22/1971","8f80b999-3960-11ef-82c2-9b08c5d4c173","home","TuS 05 Wellinghofen","GWD Minden",10,19,FALSE,0,NA,NA,0,0,0,NA,0,0,0,0,0,0,NA,NA,NA,NA,NA,NA,NA,NA,0,0,0,0,NA,NA,NA,NA,NA
"Heiner Möller","8d7571e4-3955-11ef-b1d3-81dc40648355",NA,NA,1970,"1/22/1971","8f80b999-3960-11ef-82c2-9b08c5d4c173","home","TuS 05 Wellinghofen","GWD Minden",10,19,FALSE,1,NA,NA,0,0,0,NA,0,0,0,0,0,0,NA,NA,NA,NA,NA,NA,NA,NA,0,0,0,0,NA,NA,NA,NA,NA
"Hans-Peter Neuhaus","8d9d3887-3955-11ef-80a3-81dc40648355",NA,NA,1970,"1/22/1971","8f80b999-3960-11ef-82c2-9b08c5d4c173","home","TuS 05 Wellinghofen","GWD Minden",10,19,FALSE,3,NA,NA,0,0,0,NA,0,0,0,0,0,0,NA,NA,NA,NA,NA,NA,NA,NA,0,0,0,0,NA,NA,NA,NA,NA
"Rainer Gosewinkel","a4d61156-3955-11ef-8406-2510cc07ea6e",NA,NA,1970,"1/22/1971","8f80b999-3960-11ef-82c2-9b08c5d4c173","home","TuS 05 Wellinghofen","GWD Minden",10,19,FALSE,1,NA,NA,0,0,0,NA,0,0,0,0,0,0,NA,NA,NA,NA,NA,NA,NA,NA,0,0,0,0,NA,NA,NA,NA,NA
"Klaus Erwe","a4f54a19-3955-11ef-b48a-2510cc07ea6e",NA,NA,1970,"1/22/1971","8f80b999-3960-11ef-82c2-9b08c5d4c173","home","TuS 05 Wellinghofen","GWD Minden",10,19,FALSE,0,NA,NA,0,0,0,NA,0,0,0,0,0,0,NA,NA,NA,NA,NA,NA,NA,NA,0,0,0,0,NA,NA,NA,NA,NA
"Burkhard Gröning","a52c6e4f-3955-11ef-a576-2510cc07ea6e",NA,NA,1970,"1/22/1971","8f80b999-3960-11ef-82c2-9b08c5d4c173","home","TuS 05 Wellinghofen","GWD Minden",10,19,FALSE,4,NA,NA,0,0,0,NA,0,0,0,0,0,0,NA,NA,NA,NA,NA,NA,NA,NA,0,0,0,0,NA,NA,NA,NA,NA
"Klaus Tiews","a531838f-3955-11ef-8e99-2510cc07ea6e",NA,NA,1970,"1/22/1971","8f80b999-3960-11ef-82c2-9b08c5d4c173","home","TuS 05 Wellinghofen","GWD Minden",10,19,FALSE,0,NA,NA,0,0,0,NA,0,0,0,0,0,0,NA,NA,NA,NA,NA,NA,NA,NA,0,0,0,0,NA,NA,NA,NA,NA
"Ulrich Thubeauville","c76555ef-3955-11ef-9f3a-157c9bc18a5f",NA,NA,1970,"1/22/1971","8f80b999-3960-11ef-82c2-9b08c5d4c173","home","TuS 05 Wellinghofen","GWD Minden",10,19,FALSE,0,NA,NA,0,0,0,NA,0,0,0,0,0,0,NA,NA,NA,NA,NA,NA,NA,NA,0,0,0,0,NA,NA,NA,NA,NA
"Burkhardt Eckardt","c76d08cb-3955-11ef-8fa7-157c9bc18a5f",NA,NA,1970,"1/22/1971","8f80b999-3960-11ef-82c2-9b08c5d4c173","home","TuS 05 Wellinghofen","GWD Minden",10,19,FALSE,0,NA,NA,0,0,0,NA,0,0,0,0,0,0,NA,NA,NA,NA,NA,NA,NA,NA,0,0,0,0,NA,NA,NA,NA,NA
"Gerd Thiele","c9f7a8d5-3955-11ef-93d4-157c9bc18a5f",NA,NA,1970,"1/22/1971","8f80b999-3960-11ef-82c2-9b08c5d4c173","home","TuS 05 Wellinghofen","GWD Minden",10,19,FALSE,0,NA,NA,0,0,0,NA,0,0,0,0,0,0,NA,NA,NA,NA,NA,NA,NA,NA,0,0,0,0,NA,NA,NA,NA,NA
"Hans-Jürgen Sulk","7ff6b175-3955-11ef-a103-b908c60af10a",NA,NA,1970,"1/22/1971","8f80b999-3960-11ef-82c2-9b08c5d4c173","away","GWD Minden","TuS 05 Wellinghofen",19,10,TRUE,0,NA,NA,0,0,0,NA,0,0,0,0,0,0,NA,NA,NA,NA,NA,NA,NA,NA,0,0,0,0,NA,NA,NA,NA,NA
"Bernhard Busch","8dc9280f-3955-11ef-80e2-81dc40648355",NA,NA,1970,"1/22/1971","8f80b999-3960-11ef-82c2-9b08c5d4c173","away","GWD Minden","TuS 05 Wellinghofen",19,10,TRUE,2,NA,NA,0,0,0,NA,0,0,0,0,0,0,NA,NA,NA,NA,NA,NA,NA,NA,0,0,0,0,NA,NA,NA,NA,NA
"Gerald Schüler","96fc1532-3955-11ef-bddd-292be3190b7b",NA,NA,1970,"1/22/1971","8f80b999-3960-11ef-82c2-9b08c5d4c173","away","GWD Minden","TuS 05 Wellinghofen",19,10,TRUE,0,NA,NA,0,0,0,NA,0,0,0,0,0,0,NA,NA,NA,NA,NA,NA,NA,NA,0,0,0,0,NA,NA,NA,NA,NA
"Martin Karcher","980f80ce-3955-11ef-8054-292be3190b7b",NA,NA,1970,"1/22/1971","8f80b999-3960-11ef-82c2-9b08c5d4c173","away","GWD Minden","TuS 05 Wellinghofen",19,10,TRUE,0,NA,NA,0,0,0,NA,0,0,0,0,0,0,NA,NA,NA,NA,NA,NA,NA,NA,0,0,0,0,NA,NA,NA,NA,NA
"Hans Kramer","98f50290-3955-11ef-8aa8-292be3190b7b",NA,NA,1970,"1/22/1971","8f80b999-3960-11ef-82c2-9b08c5d4c173","away","GWD Minden","TuS 05 Wellinghofen",19,10,TRUE,1,NA,NA,0,0,0,NA,0,0,0,0,0,0,NA,NA,NA,NA,NA,NA,NA,NA,0,0,0,0,NA,NA,NA,NA,NA
"Wilfried Meyer","a34b2aa0-3955-11ef-a79c-2510cc07ea6e",NA,NA,1970,"1/22/1971","8f80b999-3960-11ef-82c2-9b08c5d4c173","away","GWD Minden","TuS 05 Wellinghofen",19,10,TRUE,0,NA,NA,0,0,0,NA,0,0,0,0,0,0,NA,NA,NA,NA,NA,NA,NA,NA,0,0,0,0,NA,NA,NA,NA,NA
"Bernd Munck","ba5ee5e3-3955-11ef-9f80-ab397f561917",NA,NA,1970,"1/22/1971","8f80b999-3960-11ef-82c2-9b08c5d4c173","away","GWD Minden","TuS 05 Wellinghofen",19,10,TRUE,3,NA,NA,0,0,0,NA,0,0,0,0,0,0,NA,NA,NA,NA,NA,NA,NA,NA,0,0,0,0,NA,NA,NA,NA,NA
"Wilfried Drögemeier","ba63ada7-3955-11ef-a04d-ab397f561917",NA,NA,1970,"1/22/1971","8f80b999-3960-11ef-82c2-9b08c5d4c173","away","GWD Minden","TuS 05 Wellinghofen",19,10,TRUE,6,NA,NA,0,0,0,NA,0,0,0,0,0,0,NA,NA,NA,NA,NA,NA,NA,NA,0,0,0,0,NA,NA,NA,NA,NA
"Klaus Barlach","bcee5b38-3955-11ef-a026-ab397f561917",NA,NA,1970,"1/22/1971","8f80b999-3960-11ef-82c2-9b08c5d4c173","away","GWD Minden","TuS 05 Wellinghofen",19,10,TRUE,3,NA,NA,0,0,0,NA,0,0,0,0,0,0,NA,NA,NA,NA,NA,NA,NA,NA,0,0,0,0,NA,NA,NA,NA,NA
"Otto Weng","bcfbec1c-3955-11ef-b4f4-ab397f561917",NA,NA,1970,"1/22/1971","8f80b999-3960-11ef-82c2-9b08c5d4c173","away","GWD Minden","TuS 05 Wellinghofen",19,10,TRUE,3,NA,NA,0,0,2,NA,0,0,0,0,0,0,NA,NA,NA,NA,NA,NA,NA,NA,0,0,0,0,NA,NA,NA,NA,NA
"Jürgen Buhrmester","c747ff25-3955-11ef-9695-157c9bc18a5f",NA,NA,1970,"1/22/1971","8f80b999-3960-11ef-82c2-9b08c5d4c173","away","GWD Minden","TuS 05 Wellinghofen",19,10,TRUE,1,NA,NA,0,0,0,NA,0,0,0,0,0,0,NA,NA,NA,NA,NA,NA,NA,NA,0,0,0,0,NA,NA,NA,NA,NA
"Manfred Horstkötter","c8a23936-3955-11ef-9884-157c9bc18a5f",NA,NA,1970,"1/22/1971","8f80b999-3960-11ef-82c2-9b08c5d4c173","away","GWD Minden","TuS 05 Wellinghofen",19,10,TRUE,0,NA,NA,0,0,0,NA,0,0,0,0,0,0,NA,NA,NA,NA,NA,NA,NA,NA,0,0,0,0,NA,NA,NA,NA,NA
"Klaus Brand","51394441-3955-11ef-8fab-6d38c0425bc0",NA,NA,1970,"1/23/1971","8ea32cc7-3960-11ef-9a2b-9b08c5d4c173","home","VfL Gummersbach","THW Kiel",17,19,FALSE,1,NA,NA,0,0,0,NA,0,0,0,0,0,0,NA,NA,NA,NA,NA,NA,NA,NA,0,0,0,0,NA,NA,NA,NA,NA
"Klaus Westebbe","8c58f63a-3955-11ef-b65e-81dc40648355",NA,NA,1970,"1/23/1971","8ea32cc7-3960-11ef-9a2b-9b08c5d4c173","home","VfL Gummersbach","THW Kiel",17,19,FALSE,1,NA,NA,0,0,0,NA,0,0,0,0,0,0,NA,NA,NA,NA,NA,NA,NA,NA,0,0,0,0,NA,NA,NA,NA,NA
"Klaus Kater","8da1f6ef-3955-11ef-b31a-81dc40648355",NA,NA,1970,"1/23/1971","8ea32cc7-3960-11ef-9a2b-9b08c5d4c173","home","VfL Gummersbach","THW Kiel",17,19,FALSE,0,NA,NA,0,0,0,NA,0,0,0,0,0,0,NA,NA,NA,NA,NA,NA,NA,NA,0,0,0,0,NA,NA,NA,NA,NA
"Werner Winkelmeier","9712104e-3955-11ef-9613-292be3190b7b",NA,NA,1970,"1/23/1971","8ea32cc7-3960-11ef-9a2b-9b08c5d4c173","home","VfL Gummersbach","THW Kiel",17,19,FALSE,0,NA,NA,0,0,0,NA,0,0,0,0,0,0,NA,NA,NA,NA,NA,NA,NA,NA,0,0,0,0,NA,NA,NA,NA,NA
"Helmut Keller","ae2fb2ba-3955-11ef-b38f-a36230ada079",NA,NA,1970,"1/23/1971","8ea32cc7-3960-11ef-9a2b-9b08c5d4c173","home","VfL Gummersbach","THW Kiel",17,19,FALSE,0,NA,NA,0,0,0,NA,0,0,0,0,0,0,NA,NA,NA,NA,NA,NA,NA,NA,0,0,0,0,NA,NA,NA,NA,NA
"Hans-Günther Schmidt","aff5702f-3955-11ef-9878-a36230ada079",NA,NA,1970,"1/23/1971","8ea32cc7-3960-11ef-9a2b-9b08c5d4c173","home","VfL Gummersbach","THW Kiel",17,19,FALSE,11,NA,NA,0,0,2,NA,0,0,0,0,0,0,NA,NA,NA,NA,NA,NA,NA,NA,0,0,0,0,NA,NA,NA,NA,NA
"Jochen Brand","ba44375c-3955-11ef-a5d6-ab397f561917",NA,NA,1970,"1/23/1971","8ea32cc7-3960-11ef-9a2b-9b08c5d4c173","home","VfL Gummersbach","THW Kiel",17,19,FALSE,1,NA,NA,0,0,0,NA,0,0,0,0,0,0,NA,NA,NA,NA,NA,NA,NA,NA,0,0,0,0,NA,NA,NA,NA,NA
"Uwe Braunschweig","ba4aaa94-3955-11ef-be97-ab397f561917",NA,NA,1970,"1/23/1971","8ea32cc7-3960-11ef-9a2b-9b08c5d4c173","home","VfL Gummersbach","THW Kiel",17,19,FALSE,1,NA,NA,0,0,0,NA,0,0,0,0,0,0,NA,NA,NA,NA,NA,NA,NA,NA,0,0,0,0,NA,NA,NA,NA,NA
"Helmut Kosmehl","bc7d7cdd-3955-11ef-a338-ab397f561917",NA,NA,1970,"1/23/1971","8ea32cc7-3960-11ef-9a2b-9b08c5d4c173","home","VfL Gummersbach","THW Kiel",17,19,FALSE,1,NA,NA,0,0,0,NA,0,0,0,0,0,0,NA,NA,NA,NA,NA,NA,NA,NA,0,0,0,0,NA,NA,NA,NA,NA
"Hans-Gerd Bölter","c9d03ce3-3955-11ef-bae3-157c9bc18a5f",NA,NA,1970,"1/23/1971","8ea32cc7-3960-11ef-9a2b-9b08c5d4c173","home","VfL Gummersbach","THW Kiel",17,19,FALSE,0,NA,NA,0,0,0,NA,0,0,0,0,0,0,NA,NA,NA,NA,NA,NA,NA,NA,0,0,0,0,NA,NA,NA,NA,NA
"Rainer Lingelbach","c9d44f37-3955-11ef-a323-157c9bc18a5f",NA,NA,1970,"1/23/1971","8ea32cc7-3960-11ef-9a2b-9b08c5d4c173","home","VfL Gummersbach","THW Kiel",17,19,FALSE,1,NA,NA,0,0,0,NA,0,0,0,0,0,0,NA,NA,NA,NA,NA,NA,NA,NA,0,0,0,0,NA,NA,NA,NA,NA
"Hans-Jörg Graeper","964d8ebc-3955-11ef-a25b-292be3190b7b",NA,NA,1970,"1/23/1971","8ea32cc7-3960-11ef-9a2b-9b08c5d4c173","away","THW Kiel","VfL Gummersbach",19,17,TRUE,0,NA,NA,0,0,0,NA,0,0,0,0,0,0,NA,NA,NA,NA,NA,NA,NA,NA,0,0,0,0,NA,NA,NA,NA,NA
"Gerd Welz","98273a90-3955-11ef-a3a2-292be3190b7b",NA,NA,1970,"1/23/1971","8ea32cc7-3960-11ef-9a2b-9b08c5d4c173","away","THW Kiel","VfL Gummersbach",19,17,TRUE,3,NA,NA,0,0,0,NA,0,0,0,0,0,0,NA,NA,NA,NA,NA,NA,NA,NA,0,0,0,0,NA,NA,NA,NA,NA
"Volker Harbs","9995a6f3-3955-11ef-b74f-292be3190b7b",NA,NA,1970,"1/23/1971","8ea32cc7-3960-11ef-9a2b-9b08c5d4c173","away","THW Kiel","VfL Gummersbach",19,17,TRUE,4,NA,NA,0,0,0,NA,0,0,0,0,0,0,NA,NA,NA,NA,NA,NA,NA,NA,0,0,0,0,NA,NA,NA,NA,NA
"Peter Prehn","b073ee0a-3955-11ef-8404-a36230ada079",NA,NA,1970,"1/23/1971","8ea32cc7-3960-11ef-9a2b-9b08c5d4c173","away","THW Kiel","VfL Gummersbach",19,17,TRUE,0,NA,NA,0,0,0,NA,0,0,0,0,0,0,NA,NA,NA,NA,NA,NA,NA,NA,0,0,0,0,NA,NA,NA,NA,NA
"Peter Werk","b0784d6e-3955-11ef-9a85-a36230ada079",NA,NA,1970,"1/23/1971","8ea32cc7-3960-11ef-9a2b-9b08c5d4c173","away","THW Kiel","VfL Gummersbach",19,17,TRUE,2,NA,NA,0,0,0,NA,0,0,0,0,0,0,NA,NA,NA,NA,NA,NA,NA,NA,0,0,0,0,NA,NA,NA,NA,NA
"Herwig Ahrendsen","b143192b-3955-11ef-bef0-a36230ada079",NA,NA,1970,"1/23/1971","8ea32cc7-3960-11ef-9a2b-9b08c5d4c173","away","THW Kiel","VfL Gummersbach",19,17,TRUE,0,NA,NA,0,0,0,NA,0,0,0,0,0,0,NA,NA,NA,NA,NA,NA,NA,NA,0,0,0,0,NA,NA,NA,NA,NA
"Bernd Nielsen","b1480d2c-3955-11ef-8563-a36230ada079",NA,NA,1970,"1/23/1971","8ea32cc7-3960-11ef-9a2b-9b08c5d4c173","away","THW Kiel","VfL Gummersbach",19,17,TRUE,5,NA,NA,0,0,1,NA,0,0,0,0,0,0,NA,NA,NA,NA,NA,NA,NA,NA,0,0,0,0,NA,NA,NA,NA,NA
"Hartwig Moll","b14ce7d8-3955-11ef-8cb5-a36230ada079",NA,NA,1970,"1/23/1971","8ea32cc7-3960-11ef-9a2b-9b08c5d4c173","away","THW Kiel","VfL Gummersbach",19,17,TRUE,1,NA,NA,0,0,0,NA,0,0,0,0,0,0,NA,NA,NA,NA,NA,NA,NA,NA,0,0,0,0,NA,NA,NA,NA,NA
"Rainer Voigt","c7c742a9-3955-11ef-b542-157c9bc18a5f",NA,NA,1970,"1/23/1971","8ea32cc7-3960-11ef-9a2b-9b08c5d4c173","away","THW Kiel","VfL Gummersbach",19,17,TRUE,0,NA,NA,0,0,0,NA,0,0,0,0,0,0,NA,NA,NA,NA,NA,NA,NA,NA,0,0,0,0,NA,NA,NA,NA,NA
"Dieter Baguhn","c7cbf017-3955-11ef-b1f7-157c9bc18a5f",NA,NA,1970,"1/23/1971","8ea32cc7-3960-11ef-9a2b-9b08c5d4c173","away","THW Kiel","VfL Gummersbach",19,17,TRUE,1,NA,NA,0,0,0,NA,0,0,0,0,0,0,NA,NA,NA,NA,NA,NA,NA,NA,0,0,0,0,NA,NA,NA,NA,NA
"Bernd Struck","c7d4c3a5-3955-11ef-a743-157c9bc18a5f",NA,NA,1970,"1/23/1971","8ea32cc7-3960-11ef-9a2b-9b08c5d4c173","away","THW Kiel","VfL Gummersbach",19,17,TRUE,3,NA,NA,0,0,0,NA,0,0,0,0,0,0,NA,NA,NA,NA,NA,NA,NA,NA,0,0,0,0,NA,NA,NA,NA,NA
"Manfred Schulz","8bc2b5ea-3955-11ef-8d03-81dc40648355",NA,NA,1970,"1/23/1971","9869fdce-3960-11ef-b622-d3de5c174a65","home","S3L Handball","TV Hochdorf",16,13,TRUE,0,NA,NA,0,0,0,NA,0,0,0,0,0,0,NA,NA,NA,NA,NA,NA,NA,NA,0,0,0,0,NA,NA,NA,NA,NA
"Hansjörg Jäck","b166bd31-3955-11ef-bed1-a36230ada079",NA,NA,1970,"1/23/1971","9869fdce-3960-11ef-b622-d3de5c174a65","home","S3L Handball","TV Hochdorf",16,13,TRUE,0,NA,NA,0,0,0,NA,0,0,0,0,0,0,NA,NA,NA,NA,NA,NA,NA,NA,0,0,0,0,NA,NA,NA,NA,NA
"Jens Schmitt","bb8d4110-3955-11ef-8fb2-ab397f561917",NA,NA,1970,"1/23/1971","9869fdce-3960-11ef-b622-d3de5c174a65","home","S3L Handball","TV Hochdorf",16,13,TRUE,3,NA,NA,0,0,0,NA,0,0,0,0,0,0,NA,NA,NA,NA,NA,NA,NA,NA,0,0,0,0,NA,NA,NA,NA,NA
"Werner Pruscha","bb9c8e56-3955-11ef-ac18-ab397f561917",NA,NA,1970,"1/23/1971","9869fdce-3960-11ef-b622-d3de5c174a65","home","S3L Handball","TV Hochdorf",16,13,TRUE,0,NA,NA,0,0,0,NA,0,0,0,0,0,0,NA,NA,NA,NA,NA,NA,NA,NA,0,0,0,0,NA,NA,NA,NA,NA
"Wolfhardt Bühler","bba2fc92-3955-11ef-a8d6-ab397f561917",NA,NA,1970,"1/23/1971","9869fdce-3960-11ef-b622-d3de5c174a65","home","S3L Handball","TV Hochdorf",16,13,TRUE,1,NA,NA,0,0,1,NA,0,0,0,0,0,0,NA,NA,NA,NA,NA,NA,NA,NA,0,0,0,0,NA,NA,NA,NA,NA
"Wolfgang Ries","bba77d9e-3955-11ef-939a-ab397f561917",NA,NA,1970,"1/23/1971","9869fdce-3960-11ef-b622-d3de5c174a65","home","S3L Handball","TV Hochdorf",16,13,TRUE,1,NA,NA,0,0,0,NA,0,0,0,0,0,0,NA,NA,NA,NA,NA,NA,NA,NA,0,0,0,0,NA,NA,NA,NA,NA
"Gerd Schmitt","bbb09cf8-3955-11ef-97db-ab397f561917",NA,NA,1970,"1/23/1971","9869fdce-3960-11ef-b622-d3de5c174a65","home","S3L Handball","TV Hochdorf",16,13,TRUE,0,NA,NA,0,0,0,NA,0,0,0,0,0,0,NA,NA,NA,NA,NA,NA,NA,NA,0,0,0,0,NA,NA,NA,NA,NA
"Herbert Hönnige","c7e7cc14-3955-11ef-af0e-157c9bc18a5f",NA,NA,1970,"1/23/1971","9869fdce-3960-11ef-b622-d3de5c174a65","home","S3L Handball","TV Hochdorf",16,13,TRUE,5,NA,NA,0,0,1,NA,0,0,0,0,0,0,NA,NA,NA,NA,NA,NA,NA,NA,0,0,0,0,NA,NA,NA,NA,NA
"Jürgen Plambeck","c95d267b-3955-11ef-9a98-157c9bc18a5f",NA,NA,1970,"1/23/1971","9869fdce-3960-11ef-b622-d3de5c174a65","home","S3L Handball","TV Hochdorf",16,13,TRUE,2,NA,NA,0,0,0,NA,0,0,0,0,0,0,NA,NA,NA,NA,NA,NA,NA,NA,0,0,0,0,NA,NA,NA,NA,NA
"Josef Hutter","c96148ae-3955-11ef-a005-157c9bc18a5f",NA,NA,1970,"1/23/1971","9869fdce-3960-11ef-b622-d3de5c174a65","home","S3L Handball","TV Hochdorf",16,13,TRUE,3,NA,NA,0,0,0,NA,0,0,0,0,0,0,NA,NA,NA,NA,NA,NA,NA,NA,0,0,0,0,NA,NA,NA,NA,NA
"Rolf Seltner","c96574fc-3955-11ef-a37f-157c9bc18a5f",NA,NA,1970,"1/23/1971","9869fdce-3960-11ef-b622-d3de5c174a65","home","S3L Handball","TV Hochdorf",16,13,TRUE,1,NA,NA,0,0,0,NA,0,0,0,0,0,0,NA,NA,NA,NA,NA,NA,NA,NA,0,0,0,0,NA,NA,NA,NA,NA
"Norbert Schmitt","d2a1de09-3955-11ef-b7be-a36230ada079",NA,NA,1970,"1/23/1971","9869fdce-3960-11ef-b622-d3de5c174a65","home","S3L Handball","TV Hochdorf",16,13,TRUE,0,NA,NA,0,0,0,NA,0,0,0,0,0,0,NA,NA,NA,NA,NA,NA,NA,NA,0,0,0,0,NA,NA,NA,NA,NA
"Rüdiger-Felix Schmacke","97956044-3955-11ef-be5d-292be3190b7b",NA,NA,1970,"1/23/1971","9869fdce-3960-11ef-b622-d3de5c174a65","away","TV Hochdorf","S3L Handball",13,16,FALSE,6,NA,NA,0,0,2,NA,0,0,0,0,0,0,NA,NA,NA,NA,NA,NA,NA,NA,0,0,0,0,NA,NA,NA,NA,NA
"Manfred Müller","ae54e819-3955-11ef-81e8-a36230ada079",NA,NA,1970,"1/23/1971","9869fdce-3960-11ef-b622-d3de5c174a65","away","TV Hochdorf","S3L Handball",13,16,FALSE,0,NA,NA,0,0,0,NA,0,0,0,0,0,0,NA,NA,NA,NA,NA,NA,NA,NA,0,0,0,0,NA,NA,NA,NA,NA
"Robert Becker","ae8c50f9-3955-11ef-91c4-a36230ada079",NA,NA,1970,"1/23/1971","9869fdce-3960-11ef-b622-d3de5c174a65","away","TV Hochdorf","S3L Handball",13,16,FALSE,0,NA,NA,0,0,0,NA,0,0,0,0,0,0,NA,NA,NA,NA,NA,NA,NA,NA,0,0,0,0,NA,NA,NA,NA,NA
"Jürgen Hahn","ae947745-3955-11ef-bc54-a36230ada079",NA,NA,1970,"1/23/1971","9869fdce-3960-11ef-b622-d3de5c174a65","away","TV Hochdorf","S3L Handball",13,16,FALSE,4,NA,NA,0,0,0,NA,0,0,0,0,0,0,NA,NA,NA,NA,NA,NA,NA,NA,0,0,0,0,NA,NA,NA,NA,NA
"Wilfried Job","af3ed007-3955-11ef-9184-a36230ada079",NA,NA,1970,"1/23/1971","9869fdce-3960-11ef-b622-d3de5c174a65","away","TV Hochdorf","S3L Handball",13,16,FALSE,0,NA,NA,0,0,0,NA,0,0,0,0,0,0,NA,NA,NA,NA,NA,NA,NA,NA,0,0,0,0,NA,NA,NA,NA,NA
"Hans Stein","bde4861d-3955-11ef-a14e-ab397f561917",NA,NA,1970,"1/23/1971","9869fdce-3960-11ef-b622-d3de5c174a65","away","TV Hochdorf","S3L Handball",13,16,FALSE,1,NA,NA,0,0,0,NA,0,0,0,0,0,0,NA,NA,NA,NA,NA,NA,NA,NA,0,0,0,0,NA,NA,NA,NA,NA
"Edwin Hutter","c93080aa-3955-11ef-85b4-157c9bc18a5f",NA,NA,1970,"1/23/1971","9869fdce-3960-11ef-b622-d3de5c174a65","away","TV Hochdorf","S3L Handball",13,16,FALSE,0,NA,NA,0,0,0,NA,0,0,0,0,0,0,NA,NA,NA,NA,NA,NA,NA,NA,0,0,0,0,NA,NA,NA,NA,NA
"Hans Schmitz","c9354efe-3955-11ef-b77a-157c9bc18a5f",NA,NA,1970,"1/23/1971","9869fdce-3960-11ef-b622-d3de5c174a65","away","TV Hochdorf","S3L Handball",13,16,FALSE,0,NA,NA,0,0,0,NA,0,0,0,0,0,0,NA,NA,NA,NA,NA,NA,NA,NA,0,0,0,0,NA,NA,NA,NA,NA
"Werner Häfele","c9414487-3955-11ef-a5df-157c9bc18a5f",NA,NA,1970,"1/23/1971","9869fdce-3960-11ef-b622-d3de5c174a65","away","TV Hochdorf","S3L Handball",13,16,FALSE,0,NA,NA,0,0,0,NA,0,0,0,0,0,0,NA,NA,NA,NA,NA,NA,NA,NA,0,0,0,0,NA,NA,NA,NA,NA
"Peter Frisch","c94a46b7-3955-11ef-8686-157c9bc18a5f",NA,NA,1970,"1/23/1971","9869fdce-3960-11ef-b622-d3de5c174a65","away","TV Hochdorf","S3L Handball",13,16,FALSE,2,NA,NA,0,0,0,NA,0,0,0,0,0,0,NA,NA,NA,NA,NA,NA,NA,NA,0,0,0,0,NA,NA,NA,NA,NA
"Alois Ehmann","d286fca5-3955-11ef-a9e5-a36230ada079",NA,NA,1970,"1/23/1971","9869fdce-3960-11ef-b622-d3de5c174a65","away","TV Hochdorf","S3L Handball",13,16,FALSE,0,NA,NA,0,0,0,NA,0,0,0,0,0,0,NA,NA,NA,NA,NA,NA,NA,NA,0,0,0,0,NA,NA,NA,NA,NA
"Wolf-Dieter Nagel","8d41486b-3955-11ef-8d22-81dc40648355",NA,NA,1970,"1/23/1971","99ea9b93-3960-11ef-b7b7-d3de5c174a65","home","TSV 1896 Rintheim","TV Großwallstadt",18,20,FALSE,5,NA,NA,0,0,0,NA,0,0,0,0,0,0,NA,NA,NA,NA,NA,NA,NA,NA,0,0,0,0,NA,NA,NA,NA,NA
"Franz Bechler","98035d7e-3955-11ef-8b94-292be3190b7b",NA,NA,1970,"1/23/1971","99ea9b93-3960-11ef-b7b7-d3de5c174a65","home","TSV 1896 Rintheim","TV Großwallstadt",18,20,FALSE,0,NA,NA,0,0,0,NA,0,0,0,0,0,0,NA,NA,NA,NA,NA,NA,NA,NA,0,0,0,0,NA,NA,NA,NA,NA
"Bernd Seibel","bc6670d9-3955-11ef-b849-ab397f561917",NA,NA,1970,"1/23/1971","99ea9b93-3960-11ef-b7b7-d3de5c174a65","home","TSV 1896 Rintheim","TV Großwallstadt",18,20,FALSE,2,NA,NA,0,0,0,NA,0,0,0,0,0,0,NA,NA,NA,NA,NA,NA,NA,NA,0,0,0,0,NA,NA,NA,NA,NA
"Wolfgang Dillenberger","bc6a40c8-3955-11ef-8c9f-ab397f561917",NA,NA,1970,"1/23/1971","99ea9b93-3960-11ef-b7b7-d3de5c174a65","home","TSV 1896 Rintheim","TV Großwallstadt",18,20,FALSE,5,NA,NA,0,0,1,NA,0,0,0,0,0,0,NA,NA,NA,NA,NA,NA,NA,NA,0,0,0,0,NA,NA,NA,NA,NA
"Roland Schubach","c8722d8e-3955-11ef-b351-157c9bc18a5f",NA,NA,1970,"1/23/1971","99ea9b93-3960-11ef-b7b7-d3de5c174a65","home","TSV 1896 Rintheim","TV Großwallstadt",18,20,FALSE,1,NA,NA,0,0,0,NA,0,0,0,0,0,0,NA,NA,NA,NA,NA,NA,NA,NA,0,0,0,0,NA,NA,NA,NA,NA
"Siegfried Brabec","c87758a1-3955-11ef-9dbd-157c9bc18a5f",NA,NA,1970,"1/23/1971","99ea9b93-3960-11ef-b7b7-d3de5c174a65","home","TSV 1896 Rintheim","TV Großwallstadt",18,20,FALSE,0,NA,NA,0,0,0,NA,0,0,0,0,0,0,NA,NA,NA,NA,NA,NA,NA,NA,0,0,0,0,NA,NA,NA,NA,NA
"Josef Bechler","c88a53f3-3955-11ef-bd99-157c9bc18a5f",NA,NA,1970,"1/23/1971","99ea9b93-3960-11ef-b7b7-d3de5c174a65","home","TSV 1896 Rintheim","TV Großwallstadt",18,20,FALSE,1,NA,NA,0,0,0,NA,0,0,0,0,0,0,NA,NA,NA,NA,NA,NA,NA,NA,0,0,0,0,NA,NA,NA,NA,NA
"Karl Wackershauser","d338c73b-3955-11ef-bb70-a36230ada079",NA,NA,1970,"1/23/1971","99ea9b93-3960-11ef-b7b7-d3de5c174a65","home","TSV 1896 Rintheim","TV Großwallstadt",18,20,FALSE,1,NA,NA,0,0,0,NA,0,0,0,0,0,0,NA,NA,NA,NA,NA,NA,NA,NA,0,0,0,0,NA,NA,NA,NA,NA
"Winfried Gaus","d33d97ff-3955-11ef-adfc-a36230ada079",NA,NA,1970,"1/23/1971","99ea9b93-3960-11ef-b7b7-d3de5c174a65","home","TSV 1896 Rintheim","TV Großwallstadt",18,20,FALSE,2,NA,NA,0,0,0,NA,0,0,0,0,0,0,NA,NA,NA,NA,NA,NA,NA,NA,0,0,0,0,NA,NA,NA,NA,NA
"Edwin Schmidkunz","d352cbf0-3955-11ef-a520-a36230ada079",NA,NA,1970,"1/23/1971","99ea9b93-3960-11ef-b7b7-d3de5c174a65","home","TSV 1896 Rintheim","TV Großwallstadt",18,20,FALSE,1,NA,NA,0,0,1,NA,0,0,0,0,0,0,NA,NA,NA,NA,NA,NA,NA,NA,0,0,0,0,NA,NA,NA,NA,NA
"Kurt Klühspies","5ac3e7d7-3955-11ef-b574-4fa817cd91bb",NA,NA,1970,"1/23/1971","99ea9b93-3960-11ef-b7b7-d3de5c174a65","away","TV Großwallstadt","TSV 1896 Rintheim",20,18,TRUE,3,NA,NA,0,0,0,NA,0,0,0,0,0,0,NA,NA,NA,NA,NA,NA,NA,NA,0,0,0,0,NA,NA,NA,NA,NA
"Eckhardt Suffel","aeac0503-3955-11ef-88c6-a36230ada079",NA,NA,1970,"1/23/1971","99ea9b93-3960-11ef-b7b7-d3de5c174a65","away","TV Großwallstadt","TSV 1896 Rintheim",20,18,TRUE,1,NA,NA,0,0,0,NA,0,0,0,0,0,0,NA,NA,NA,NA,NA,NA,NA,NA,0,0,0,0,NA,NA,NA,NA,NA
"Robert Schnabel","bbbd881a-3955-11ef-a181-ab397f561917",NA,NA,1970,"1/23/1971","99ea9b93-3960-11ef-b7b7-d3de5c174a65","away","TV Großwallstadt","TSV 1896 Rintheim",20,18,TRUE,0,NA,NA,0,0,0,NA,0,0,0,0,0,0,NA,NA,NA,NA,NA,NA,NA,NA,0,0,0,0,NA,NA,NA,NA,NA
"Peter Kuß","bbc18adb-3955-11ef-a5f7-ab397f561917",NA,NA,1970,"1/23/1971","99ea9b93-3960-11ef-b7b7-d3de5c174a65","away","TV Großwallstadt","TSV 1896 Rintheim",20,18,TRUE,4,NA,NA,0,0,0,NA,0,0,0,0,0,0,NA,NA,NA,NA,NA,NA,NA,NA,0,0,0,0,NA,NA,NA,NA,NA
"Rainer Oberle","be123408-3955-11ef-92a6-ab397f561917",NA,NA,1970,"1/23/1971","99ea9b93-3960-11ef-b7b7-d3de5c174a65","away","TV Großwallstadt","TSV 1896 Rintheim",20,18,TRUE,2,NA,NA,0,0,0,NA,0,0,0,0,0,0,NA,NA,NA,NA,NA,NA,NA,NA,0,0,0,0,NA,NA,NA,NA,NA
"Hans-Joachim Herzig","c7ff4ec7-3955-11ef-a4ed-157c9bc18a5f",NA,NA,1970,"1/23/1971","99ea9b93-3960-11ef-b7b7-d3de5c174a65","away","TV Großwallstadt","TSV 1896 Rintheim",20,18,TRUE,0,NA,NA,0,0,0,NA,0,0,0,0,0,0,NA,NA,NA,NA,NA,NA,NA,NA,0,0,0,0,NA,NA,NA,NA,NA
"Klaus Oberle","c96e13a5-3955-11ef-a68a-157c9bc18a5f",NA,NA,1970,"1/23/1971","99ea9b93-3960-11ef-b7b7-d3de5c174a65","away","TV Großwallstadt","TSV 1896 Rintheim",20,18,TRUE,1,NA,NA,0,0,0,NA,0,0,0,0,0,0,NA,NA,NA,NA,NA,NA,NA,NA,0,0,0,0,NA,NA,NA,NA,NA
"Ludwig Hohm","c97b5499-3955-11ef-8cf3-157c9bc18a5f",NA,NA,1970,"1/23/1971","99ea9b93-3960-11ef-b7b7-d3de5c174a65","away","TV Großwallstadt","TSV 1896 Rintheim",20,18,TRUE,0,NA,NA,0,0,0,NA,0,0,0,0,0,0,NA,NA,NA,NA,NA,NA,NA,NA,0,0,0,0,NA,NA,NA,NA,NA
"Erich Kolb","d2d1efef-3955-11ef-89e7-a36230ada079",NA,NA,1970,"1/23/1971","99ea9b93-3960-11ef-b7b7-d3de5c174a65","away","TV Großwallstadt","TSV 1896 Rintheim",20,18,TRUE,5,NA,NA,0,0,0,NA,0,0,0,0,0,0,NA,NA,NA,NA,NA,NA,NA,NA,0,0,0,0,NA,NA,NA,NA,NA
"Hermann Mäurle","a44f95e3-3955-11ef-b53d-2510cc07ea6e",NA,NA,1970,"1/23/1971","9a772aa3-3960-11ef-b3cb-d3de5c174a65","home","SpVgg 1887 Möhringen","Füchse Berlin",14,10,TRUE,4,NA,NA,0,0,0,NA,0,0,0,0,0,0,NA,NA,NA,NA,NA,NA,NA,NA,0,0,0,0,NA,NA,NA,NA,NA
"Karl-Heinz Wolf","c8354cdd-3955-11ef-a1d6-157c9bc18a5f",NA,NA,1970,"1/23/1971","9a772aa3-3960-11ef-b3cb-d3de5c174a65","home","SpVgg 1887 Möhringen","Füchse Berlin",14,10,TRUE,0,NA,NA,0,0,0,NA,0,0,0,0,0,0,NA,NA,NA,NA,NA,NA,NA,NA,0,0,0,0,NA,NA,NA,NA,NA
"Gerd-Volker Stock","c8397c3c-3955-11ef-af12-157c9bc18a5f",NA,NA,1970,"1/23/1971","9a772aa3-3960-11ef-b3cb-d3de5c174a65","home","SpVgg 1887 Möhringen","Füchse Berlin",14,10,TRUE,2,NA,NA,0,0,0,NA,0,0,0,0,0,0,NA,NA,NA,NA,NA,NA,NA,NA,0,0,0,0,NA,NA,NA,NA,NA
"Dieter Schuh","c84c4c54-3955-11ef-9d35-157c9bc18a5f",NA,NA,1970,"1/23/1971","9a772aa3-3960-11ef-b3cb-d3de5c174a65","home","SpVgg 1887 Möhringen","Füchse Berlin",14,10,TRUE,1,NA,NA,0,0,0,NA,0,0,0,0,0,0,NA,NA,NA,NA,NA,NA,NA,NA,0,0,0,0,NA,NA,NA,NA,NA
"Lothar Scheffel","c850996c-3955-11ef-94a7-157c9bc18a5f",NA,NA,1970,"1/23/1971","9a772aa3-3960-11ef-b3cb-d3de5c174a65","home","SpVgg 1887 Möhringen","Füchse Berlin",14,10,TRUE,0,NA,NA,0,0,0,NA,0,0,0,0,0,0,NA,NA,NA,NA,NA,NA,NA,NA,0,0,0,0,NA,NA,NA,NA,NA
"Gerd Rössler","c854fdaa-3955-11ef-b318-157c9bc18a5f",NA,NA,1970,"1/23/1971","9a772aa3-3960-11ef-b3cb-d3de5c174a65","home","SpVgg 1887 Möhringen","Füchse Berlin",14,10,TRUE,0,NA,NA,0,0,0,NA,0,0,0,0,0,0,NA,NA,NA,NA,NA,NA,NA,NA,0,0,0,0,NA,NA,NA,NA,NA
"Karl-Heinz Steinbach","c864fc61-3955-11ef-bc13-157c9bc18a5f",NA,NA,1970,"1/23/1971","9a772aa3-3960-11ef-b3cb-d3de5c174a65","home","SpVgg 1887 Möhringen","Füchse Berlin",14,10,TRUE,1,NA,NA,0,0,0,NA,0,0,0,0,0,0,NA,NA,NA,NA,NA,NA,NA,NA,0,0,0,0,NA,NA,NA,NA,NA
"Wolfgang Schall","c869381d-3955-11ef-a2ed-157c9bc18a5f",NA,NA,1970,"1/23/1971","9a772aa3-3960-11ef-b3cb-d3de5c174a65","home","SpVgg 1887 Möhringen","Füchse Berlin",14,10,TRUE,2,NA,NA,0,0,0,NA,0,0,0,0,0,0,NA,NA,NA,NA,NA,NA,NA,NA,0,0,0,0,NA,NA,NA,NA,NA
"Winfried Holtmann","d3270d6b-3955-11ef-8174-a36230ada079",NA,NA,1970,"1/23/1971","9a772aa3-3960-11ef-b3cb-d3de5c174a65","home","SpVgg 1887 Möhringen","Füchse Berlin",14,10,TRUE,0,NA,NA,0,0,0,NA,0,0,0,0,0,0,NA,NA,NA,NA,NA,NA,NA,NA,0,0,0,0,NA,NA,NA,NA,NA
"Diethard Finkelmann","a60bdcf9-3955-11ef-bfa1-2510cc07ea6e",NA,NA,1970,"1/23/1971","9a772aa3-3960-11ef-b3cb-d3de5c174a65","away","Füchse Berlin","SpVgg 1887 Möhringen",10,14,FALSE,5,NA,NA,0,0,2,NA,0,0,0,0,0,0,NA,NA,NA,NA,NA,NA,NA,NA,0,0,0,0,NA,NA,NA,NA,NA
"Wolfgang Braun","b1a4c388-3955-11ef-92b7-a36230ada079",NA,NA,1970,"1/23/1971","9a772aa3-3960-11ef-b3cb-d3de5c174a65","away","Füchse Berlin","SpVgg 1887 Möhringen",10,14,FALSE,0,NA,NA,0,0,0,NA,0,0,0,0,0,0,NA,NA,NA,NA,NA,NA,NA,NA,0,0,0,0,NA,NA,NA,NA,NA
"Detlef Finkelmann","b1a8f927-3955-11ef-a009-a36230ada079",NA,NA,1970,"1/23/1971","9a772aa3-3960-11ef-b3cb-d3de5c174a65","away","Füchse Berlin","SpVgg 1887 Möhringen",10,14,FALSE,1,NA,NA,0,0,0,NA,0,0,0,0,0,0,NA,NA,NA,NA,NA,NA,NA,NA,0,0,0,0,NA,NA,NA,NA,NA
"Bernd Goerigk","b1b21b0c-3955-11ef-a303-a36230ada079",NA,NA,1970,"1/23/1971","9a772aa3-3960-11ef-b3cb-d3de5c174a65","away","Füchse Berlin","SpVgg 1887 Möhringen",10,14,FALSE,0,NA,NA,0,0,0,NA,0,0,0,0,0,0,NA,NA,NA,NA,NA,NA,NA,NA,0,0,0,0,NA,NA,NA,NA,NA
"Lutz Loewke","b1b73b08-3955-11ef-b76a-a36230ada079",NA,NA,1970,"1/23/1971","9a772aa3-3960-11ef-b3cb-d3de5c174a65","away","Füchse Berlin","SpVgg 1887 Möhringen",10,14,FALSE,2,NA,NA,0,0,0,NA,0,0,0,0,0,0,NA,NA,NA,NA,NA,NA,NA,NA,0,0,0,0,NA,NA,NA,NA,NA
"Werner Reinke","b1bc1a3c-3955-11ef-8a0a-a36230ada079",NA,NA,1970,"1/23/1971","9a772aa3-3960-11ef-b3cb-d3de5c174a65","away","Füchse Berlin","SpVgg 1887 Möhringen",10,14,FALSE,1,NA,NA,0,0,0,NA,0,0,0,0,0,0,NA,NA,NA,NA,NA,NA,NA,NA,0,0,0,0,NA,NA,NA,NA,NA
"Sigmar Artelt","bdbc9392-3955-11ef-a3be-ab397f561917",NA,NA,1970,"1/23/1971","9a772aa3-3960-11ef-b3cb-d3de5c174a65","away","Füchse Berlin","SpVgg 1887 Möhringen",10,14,FALSE,0,NA,NA,0,0,0,NA,0,0,0,0,0,0,NA,NA,NA,NA,NA,NA,NA,NA,0,0,0,0,NA,NA,NA,NA,NA
"Lothar Wiehle","bdd3883f-3955-11ef-aaf9-ab397f561917",NA,NA,1970,"1/23/1971","9a772aa3-3960-11ef-b3cb-d3de5c174a65","away","Füchse Berlin","SpVgg 1887 Möhringen",10,14,FALSE,1,NA,NA,0,0,0,NA,0,0,0,0,0,0,NA,NA,NA,NA,NA,NA,NA,NA,0,0,0,0,NA,NA,NA,NA,NA
"Klaus-Dieter Guse","bdd76769-3955-11ef-97dc-ab397f561917",NA,NA,1970,"1/23/1971","9a772aa3-3960-11ef-b3cb-d3de5c174a65","away","Füchse Berlin","SpVgg 1887 Möhringen",10,14,FALSE,0,NA,NA,0,0,0,NA,0,0,0,0,0,0,NA,NA,NA,NA,NA,NA,NA,NA,0,0,0,0,NA,NA,NA,NA,NA
"Thomas Micheli","d2e8bde0-3955-11ef-8c04-a36230ada079",NA,NA,1970,"1/23/1971","9a772aa3-3960-11ef-b3cb-d3de5c174a65","away","Füchse Berlin","SpVgg 1887 Möhringen",10,14,FALSE,0,NA,NA,0,0,0,NA,0,0,0,0,0,0,NA,NA,NA,NA,NA,NA,NA,NA,0,0,0,0,NA,NA,NA,NA,NA
"Hans-Jürgen Bode","b011e6da-3955-11ef-8205-a36230ada079",NA,NA,1970,"1/24/1971","905a48b8-3960-11ef-98fc-9b08c5d4c173","home","Hamburger SV","VfL Lübeck-Schwartau",22,16,TRUE,0,NA,NA,0,0,0,NA,0,0,0,0,0,0,NA,NA,NA,NA,NA,NA,NA,NA,0,0,0,0,NA,NA,NA,NA,NA
"Herbert Niemeier","b0163f16-3955-11ef-ae9e-a36230ada079",NA,NA,1970,"1/24/1971","905a48b8-3960-11ef-98fc-9b08c5d4c173","home","Hamburger SV","VfL Lübeck-Schwartau",22,16,TRUE,2,NA,NA,0,0,0,NA,0,0,0,0,0,0,NA,NA,NA,NA,NA,NA,NA,NA,0,0,0,0,NA,NA,NA,NA,NA
"Rainer Witt","b02adaad-3955-11ef-b8c4-a36230ada079",NA,NA,1970,"1/24/1971","905a48b8-3960-11ef-98fc-9b08c5d4c173","home","Hamburger SV","VfL Lübeck-Schwartau",22,16,TRUE,2,NA,NA,0,0,0,NA,0,0,0,0,0,0,NA,NA,NA,NA,NA,NA,NA,NA,0,0,0,0,NA,NA,NA,NA,NA
"Jens Ivers","b02f4aea-3955-11ef-801e-a36230ada079",NA,NA,1970,"1/24/1971","905a48b8-3960-11ef-98fc-9b08c5d4c173","home","Hamburger SV","VfL Lübeck-Schwartau",22,16,TRUE,2,NA,NA,0,0,0,NA,0,0,0,0,0,0,NA,NA,NA,NA,NA,NA,NA,NA,0,0,0,0,NA,NA,NA,NA,NA
"Hans-Joachim Beißel","b0341bcb-3955-11ef-9e08-a36230ada079",NA,NA,1970,"1/24/1971","905a48b8-3960-11ef-98fc-9b08c5d4c173","home","Hamburger SV","VfL Lübeck-Schwartau",22,16,TRUE,3,NA,NA,0,0,2,NA,0,0,0,0,0,0,NA,NA,NA,NA,NA,NA,NA,NA,0,0,0,0,NA,NA,NA,NA,NA
"Norbert Germer","b03f8101-3955-11ef-8945-a36230ada079",NA,NA,1970,"1/24/1971","905a48b8-3960-11ef-98fc-9b08c5d4c173","home","Hamburger SV","VfL Lübeck-Schwartau",22,16,TRUE,5,NA,NA,0,0,0,NA,0,0,0,0,0,0,NA,NA,NA,NA,NA,NA,NA,NA,0,0,0,0,NA,NA,NA,NA,NA
"Bernd Heiden","baf62966-3955-11ef-b7e1-ab397f561917",NA,NA,1970,"1/24/1971","905a48b8-3960-11ef-98fc-9b08c5d4c173","home","Hamburger SV","VfL Lübeck-Schwartau",22,16,TRUE,2,NA,NA,0,0,0,NA,0,0,0,0,0,0,NA,NA,NA,NA,NA,NA,NA,NA,0,0,0,0,NA,NA,NA,NA,NA
"Klaus Lange","bafb51f3-3955-11ef-9864-ab397f561917",NA,NA,1970,"1/24/1971","905a48b8-3960-11ef-98fc-9b08c5d4c173","home","Hamburger SV","VfL Lübeck-Schwartau",22,16,TRUE,6,NA,NA,0,0,0,NA,0,0,0,0,0,0,NA,NA,NA,NA,NA,NA,NA,NA,0,0,0,0,NA,NA,NA,NA,NA
"Manfred Grühn","c755d6cb-3955-11ef-a162-157c9bc18a5f",NA,NA,1970,"1/24/1971","905a48b8-3960-11ef-98fc-9b08c5d4c173","home","Hamburger SV","VfL Lübeck-Schwartau",22,16,TRUE,0,NA,NA,0,0,0,NA,0,0,0,0,0,0,NA,NA,NA,NA,NA,NA,NA,NA,0,0,0,0,NA,NA,NA,NA,NA
"Katsuhiko Chikamori","c9e81f92-3955-11ef-87d2-157c9bc18a5f",NA,NA,1970,"1/24/1971","905a48b8-3960-11ef-98fc-9b08c5d4c173","home","Hamburger SV","VfL Lübeck-Schwartau",22,16,TRUE,0,NA,NA,0,0,0,NA,0,0,0,0,0,0,NA,NA,NA,NA,NA,NA,NA,NA,0,0,0,0,NA,NA,NA,NA,NA
"Herbert Rogge","b06614d7-3955-11ef-a43b-a36230ada079",NA,NA,1970,"1/24/1971","905a48b8-3960-11ef-98fc-9b08c5d4c173","away","VfL Lübeck-Schwartau","Hamburger SV",16,22,FALSE,0,NA,NA,0,0,0,NA,0,0,0,0,0,0,NA,NA,NA,NA,NA,NA,NA,NA,0,0,0,0,NA,NA,NA,NA,NA
"Ingo Callies","b0b0659b-3955-11ef-87aa-a36230ada079",NA,NA,1970,"1/24/1971","905a48b8-3960-11ef-98fc-9b08c5d4c173","away","VfL Lübeck-Schwartau","Hamburger SV",16,22,FALSE,0,NA,NA,0,0,0,NA,0,0,0,0,0,0,NA,NA,NA,NA,NA,NA,NA,NA,0,0,0,0,NA,NA,NA,NA,NA
"Michael Dogs","b0cecb4a-3955-11ef-b665-a36230ada079",NA,NA,1970,"1/24/1971","905a48b8-3960-11ef-98fc-9b08c5d4c173","away","VfL Lübeck-Schwartau","Hamburger SV",16,22,FALSE,0,NA,NA,0,0,0,NA,0,0,0,0,0,0,NA,NA,NA,NA,NA,NA,NA,NA,0,0,0,0,NA,NA,NA,NA,NA
"Joachim Römer","b0dcb8e7-3955-11ef-83ab-a36230ada079",NA,NA,1970,"1/24/1971","905a48b8-3960-11ef-98fc-9b08c5d4c173","away","VfL Lübeck-Schwartau","Hamburger SV",16,22,FALSE,0,NA,NA,0,0,0,NA,0,0,0,0,0,0,NA,NA,NA,NA,NA,NA,NA,NA,0,0,0,0,NA,NA,NA,NA,NA
"Peter Görtz","b0e9ae8f-3955-11ef-aa48-a36230ada079",NA,NA,1970,"1/24/1971","905a48b8-3960-11ef-98fc-9b08c5d4c173","away","VfL Lübeck-Schwartau","Hamburger SV",16,22,FALSE,3,NA,NA,0,0,1,NA,0,0,0,0,0,0,NA,NA,NA,NA,NA,NA,NA,NA,0,0,0,0,NA,NA,NA,NA,NA
"Ulrich Kleinstoll","b0f37438-3955-11ef-84e6-a36230ada079",NA,NA,1970,"1/24/1971","905a48b8-3960-11ef-98fc-9b08c5d4c173","away","VfL Lübeck-Schwartau","Hamburger SV",16,22,FALSE,5,NA,NA,0,0,0,NA,0,0,0,0,0,0,NA,NA,NA,NA,NA,NA,NA,NA,0,0,0,0,NA,NA,NA,NA,NA
"Geert Geusendam","baee7cab-3955-11ef-95ba-ab397f561917",NA,NA,1970,"1/24/1971","905a48b8-3960-11ef-98fc-9b08c5d4c173","away","VfL Lübeck-Schwartau","Hamburger SV",16,22,FALSE,0,NA,NA,0,0,0,NA,0,0,0,0,0,0,NA,NA,NA,NA,NA,NA,NA,NA,0,0,0,0,NA,NA,NA,NA,NA
"Georg Pohl","baff6cee-3955-11ef-a80f-ab397f561917",NA,NA,1970,"1/24/1971","905a48b8-3960-11ef-98fc-9b08c5d4c173","away","VfL Lübeck-Schwartau","Hamburger SV",16,22,FALSE,4,NA,NA,0,0,0,NA,0,0,0,0,0,0,NA,NA,NA,NA,NA,NA,NA,NA,0,0,0,0,NA,NA,NA,NA,NA
"Jochen Krummland","c7b078f7-3955-11ef-932e-157c9bc18a5f",NA,NA,1970,"1/24/1971","905a48b8-3960-11ef-98fc-9b08c5d4c173","away","VfL Lübeck-Schwartau","Hamburger SV",16,22,FALSE,4,NA,NA,0,0,0,NA,0,0,0,0,0,0,NA,NA,NA,NA,NA,NA,NA,NA,0,0,0,0,NA,NA,NA,NA,NA
"Björn Clausen","c7b94735-3955-11ef-b741-157c9bc18a5f",NA,NA,1970,"1/24/1971","905a48b8-3960-11ef-98fc-9b08c5d4c173","away","VfL Lübeck-Schwartau","Hamburger SV",16,22,FALSE,0,NA,NA,0,0,0,NA,0,0,0,0,0,0,NA,NA,NA,NA,NA,NA,NA,NA,0,0,0,0,NA,NA,NA,NA,NA
"Jochen Hoffmann","c7bdef38-3955-11ef-8b6c-157c9bc18a5f",NA,NA,1970,"1/24/1971","905a48b8-3960-11ef-98fc-9b08c5d4c173","away","VfL Lübeck-Schwartau","Hamburger SV",16,22,FALSE,0,NA,NA,0,0,0,NA,0,0,0,0,0,0,NA,NA,NA,NA,NA,NA,NA,NA,0,0,0,0,NA,NA,NA,NA,NA
"Gerhard Anduleit","c9215aaa-3955-11ef-ac64-157c9bc18a5f",NA,NA,1970,"1/24/1971","905a48b8-3960-11ef-98fc-9b08c5d4c173","away","VfL Lübeck-Schwartau","Hamburger SV",16,22,FALSE,0,NA,NA,0,0,0,NA,0,0,0,0,0,0,NA,NA,NA,NA,NA,NA,NA,NA,0,0,0,0,NA,NA,NA,NA,NA
"Werner Kühn","a5a83923-3955-11ef-abc5-2510cc07ea6e",NA,NA,1970,"1/24/1971","913092a5-3960-11ef-9267-9b08c5d4c173","home","SC Phönix Essen 1920","TV Krefeld-Oppum 1894",23,13,TRUE,2,NA,NA,0,0,0,NA,0,0,0,0,0,0,NA,NA,NA,NA,NA,NA,NA,NA,0,0,0,0,NA,NA,NA,NA,NA
"Heinz Oberscheidt","a5ae94f2-3955-11ef-91fc-2510cc07ea6e",NA,NA,1970,"1/24/1971","913092a5-3960-11ef-9267-9b08c5d4c173","home","SC Phönix Essen 1920","TV Krefeld-Oppum 1894",23,13,TRUE,0,NA,NA,0,0,0,NA,0,0,0,0,0,0,NA,NA,NA,NA,NA,NA,NA,NA,0,0,0,0,NA,NA,NA,NA,NA
"Norbert Meister","a610e086-3955-11ef-bf85-2510cc07ea6e",NA,NA,1970,"1/24/1971","913092a5-3960-11ef-9267-9b08c5d4c173","home","SC Phönix Essen 1920","TV Krefeld-Oppum 1894",23,13,TRUE,0,NA,NA,0,0,0,NA,0,0,0,0,0,0,NA,NA,NA,NA,NA,NA,NA,NA,0,0,0,0,NA,NA,NA,NA,NA
"Rüdiger Hillebrand","b0c11a9c-3955-11ef-bf0d-a36230ada079",NA,NA,1970,"1/24/1971","913092a5-3960-11ef-9267-9b08c5d4c173","home","SC Phönix Essen 1920","TV Krefeld-Oppum 1894",23,13,TRUE,1,NA,NA,0,0,0,NA,0,0,0,0,0,0,NA,NA,NA,NA,NA,NA,NA,NA,0,0,0,0,NA,NA,NA,NA,NA
"Marinko Andrić","bae9ac2f-3955-11ef-863e-ab397f561917",NA,NA,1970,"1/24/1971","913092a5-3960-11ef-9267-9b08c5d4c173","home","SC Phönix Essen 1920","TV Krefeld-Oppum 1894",23,13,TRUE,3,NA,NA,0,0,0,NA,0,0,0,0,0,0,NA,NA,NA,NA,NA,NA,NA,NA,0,0,0,0,NA,NA,NA,NA,NA
"Michael Hattig","bd52f5b1-3955-11ef-ba0c-ab397f561917",NA,NA,1970,"1/24/1971","913092a5-3960-11ef-9267-9b08c5d4c173","home","SC Phönix Essen 1920","TV Krefeld-Oppum 1894",23,13,TRUE,5,NA,NA,0,0,1,NA,0,0,0,0,0,0,NA,NA,NA,NA,NA,NA,NA,NA,0,0,0,0,NA,NA,NA,NA,NA
"Herbert Buschmann","bd5ac595-3955-11ef-97f0-ab397f561917",NA,NA,1970,"1/24/1971","913092a5-3960-11ef-9267-9b08c5d4c173","home","SC Phönix Essen 1920","TV Krefeld-Oppum 1894",23,13,TRUE,0,NA,NA,0,0,0,NA,0,0,0,0,0,0,NA,NA,NA,NA,NA,NA,NA,NA,0,0,0,0,NA,NA,NA,NA,NA
"Peter Fischer","bd861af2-3955-11ef-a655-ab397f561917",NA,NA,1970,"1/24/1971","913092a5-3960-11ef-9267-9b08c5d4c173","home","SC Phönix Essen 1920","TV Krefeld-Oppum 1894",23,13,TRUE,1,NA,NA,0,0,0,NA,0,0,0,0,0,0,NA,NA,NA,NA,NA,NA,NA,NA,0,0,0,0,NA,NA,NA,NA,NA
"Andrija Kotlas","bde016f5-3955-11ef-b96c-ab397f561917",NA,NA,1970,"1/24/1971","913092a5-3960-11ef-9267-9b08c5d4c173","home","SC Phönix Essen 1920","TV Krefeld-Oppum 1894",23,13,TRUE,4,NA,NA,0,0,0,NA,0,0,0,0,0,0,NA,NA,NA,NA,NA,NA,NA,NA,0,0,0,0,NA,NA,NA,NA,NA
"Carl-Bernd Behler","c79d213f-3955-11ef-a773-157c9bc18a5f",NA,NA,1970,"1/24/1971","913092a5-3960-11ef-9267-9b08c5d4c173","home","SC Phönix Essen 1920","TV Krefeld-Oppum 1894",23,13,TRUE,0,NA,NA,0,0,0,NA,0,0,0,0,0,0,NA,NA,NA,NA,NA,NA,NA,NA,0,0,0,0,NA,NA,NA,NA,NA
"Ernst Weise","c90cdba3-3955-11ef-b068-157c9bc18a5f",NA,NA,1970,"1/24/1971","913092a5-3960-11ef-9267-9b08c5d4c173","home","SC Phönix Essen 1920","TV Krefeld-Oppum 1894",23,13,TRUE,6,NA,NA,0,0,0,NA,0,0,0,0,0,0,NA,NA,NA,NA,NA,NA,NA,NA,0,0,0,0,NA,NA,NA,NA,NA
"Mircea Costache","ca5115d3-3955-11ef-a3f0-157c9bc18a5f",NA,NA,1970,"1/24/1971","913092a5-3960-11ef-9267-9b08c5d4c173","home","SC Phönix Essen 1920","TV Krefeld-Oppum 1894",23,13,TRUE,1,NA,NA,0,0,0,NA,0,0,0,0,0,0,NA,NA,NA,NA,NA,NA,NA,NA,0,0,0,0,NA,NA,NA,NA,NA
"Norbert Kroker","bd441662-3955-11ef-b771-ab397f561917",NA,NA,1970,"1/24/1971","913092a5-3960-11ef-9267-9b08c5d4c173","away","TV Krefeld-Oppum 1894","SC Phönix Essen 1920",13,23,FALSE,2,NA,NA,0,0,0,NA,0,0,0,0,0,0,NA,NA,NA,NA,NA,NA,NA,NA,0,0,0,0,NA,NA,NA,NA,NA
"Herbert Engels","ca0717a5-3955-11ef-8dce-157c9bc18a5f",NA,NA,1970,"1/24/1971","913092a5-3960-11ef-9267-9b08c5d4c173","away","TV Krefeld-Oppum 1894","SC Phönix Essen 1920",13,23,FALSE,0,NA,NA,0,0,0,NA,0,0,0,0,0,0,NA,NA,NA,NA,NA,NA,NA,NA,0,0,0,0,NA,NA,NA,NA,NA
"Otto Tophoven","ca106fac-3955-11ef-9a8e-157c9bc18a5f",NA,NA,1970,"1/24/1971","913092a5-3960-11ef-9267-9b08c5d4c173","away","TV Krefeld-Oppum 1894","SC Phönix Essen 1920",13,23,FALSE,0,NA,NA,0,0,0,NA,0,0,0,0,0,0,NA,NA,NA,NA,NA,NA,NA,NA,0,0,0,0,NA,NA,NA,NA,NA
"Gerd Rüben","ca14b98f-3955-11ef-a366-157c9bc18a5f",NA,NA,1970,"1/24/1971","913092a5-3960-11ef-9267-9b08c5d4c173","away","TV Krefeld-Oppum 1894","SC Phönix Essen 1920",13,23,FALSE,1,NA,NA,0,0,0,NA,0,0,0,0,0,0,NA,NA,NA,NA,NA,NA,NA,NA,0,0,0,0,NA,NA,NA,NA,NA
"Theo Inger","ca18e97b-3955-11ef-91fb-157c9bc18a5f",NA,NA,1970,"1/24/1971","913092a5-3960-11ef-9267-9b08c5d4c173","away","TV Krefeld-Oppum 1894","SC Phönix Essen 1920",13,23,FALSE,2,NA,NA,0,0,0,NA,0,0,0,0,0,0,NA,NA,NA,NA,NA,NA,NA,NA,0,0,0,0,NA,NA,NA,NA,NA
"Peter Inger","ca1d519a-3955-11ef-b5d9-157c9bc18a5f",NA,NA,1970,"1/24/1971","913092a5-3960-11ef-9267-9b08c5d4c173","away","TV Krefeld-Oppum 1894","SC Phönix Essen 1920",13,23,FALSE,3,NA,NA,0,0,1,NA,0,0,0,0,0,0,NA,NA,NA,NA,NA,NA,NA,NA,0,0,0,0,NA,NA,NA,NA,NA
"Hermann Köhler","ca2255bc-3955-11ef-91a7-157c9bc18a5f",NA,NA,1970,"1/24/1971","913092a5-3960-11ef-9267-9b08c5d4c173","away","TV Krefeld-Oppum 1894","SC Phönix Essen 1920",13,23,FALSE,1,NA,NA,0,0,0,NA,0,0,0,0,0,0,NA,NA,NA,NA,NA,NA,NA,NA,0,0,0,0,NA,NA,NA,NA,NA
"Horst Panknin","ca26d115-3955-11ef-a60e-157c9bc18a5f",NA,NA,1970,"1/24/1971","913092a5-3960-11ef-9267-9b08c5d4c173","away","TV Krefeld-Oppum 1894","SC Phönix Essen 1920",13,23,FALSE,0,NA,NA,0,0,0,NA,0,0,0,0,0,0,NA,NA,NA,NA,NA,NA,NA,NA,0,0,0,0,NA,NA,NA,NA,NA
"Ralf Pasch","ca2b132c-3955-11ef-a380-157c9bc18a5f",NA,NA,1970,"1/24/1971","913092a5-3960-11ef-9267-9b08c5d4c173","away","TV Krefeld-Oppum 1894","SC Phönix Essen 1920",13,23,FALSE,4,NA,NA,0,0,0,NA,0,0,0,0,0,0,NA,NA,NA,NA,NA,NA,NA,NA,0,0,0,0,NA,NA,NA,NA,NA
"Hugo Schroers","ca2f571a-3955-11ef-8d46-157c9bc18a5f",NA,NA,1970,"1/24/1971","913092a5-3960-11ef-9267-9b08c5d4c173","away","TV Krefeld-Oppum 1894","SC Phönix Essen 1920",13,23,FALSE,0,NA,NA,0,0,0,NA,0,0,0,0,0,0,NA,NA,NA,NA,NA,NA,NA,NA,0,0,0,0,NA,NA,NA,NA,NA
"Max Zwierkowski","ca390aba-3955-11ef-97b4-157c9bc18a5f",NA,NA,1970,"1/24/1971","913092a5-3960-11ef-9267-9b08c5d4c173","away","TV Krefeld-Oppum 1894","SC Phönix Essen 1920",13,23,FALSE,0,NA,NA,0,0,0,NA,0,0,0,0,0,0,NA,NA,NA,NA,NA,NA,NA,NA,0,0,0,0,NA,NA,NA,NA,NA
"Leo Ritz","ca3d0962-3955-11ef-938c-157c9bc18a5f",NA,NA,1970,"1/24/1971","913092a5-3960-11ef-9267-9b08c5d4c173","away","TV Krefeld-Oppum 1894","SC Phönix Essen 1920",13,23,FALSE,0,NA,NA,0,0,0,NA,0,0,0,0,0,0,NA,NA,NA,NA,NA,NA,NA,NA,0,0,0,0,NA,NA,NA,NA,NA
"Hans Moser","7e83ce46-3955-11ef-830d-b908c60af10a",NA,NA,1970,"1/24/1971","9ae2369b-3960-11ef-9e69-d3de5c174a65","home","TSV Milbertshofen","FRISCH AUF! Göppingen",18,14,TRUE,3,NA,NA,0,0,0,NA,0,0,0,0,0,0,NA,NA,NA,NA,NA,NA,NA,NA,0,0,0,0,NA,NA,NA,NA,NA
"Gerhard Ochsenkühn","97259ed1-3955-11ef-96ca-292be3190b7b",NA,NA,1970,"1/24/1971","9ae2369b-3960-11ef-9e69-d3de5c174a65","home","TSV Milbertshofen","FRISCH AUF! Göppingen",18,14,TRUE,3,NA,NA,0,0,0,NA,0,0,0,0,0,0,NA,NA,NA,NA,NA,NA,NA,NA,0,0,0,0,NA,NA,NA,NA,NA
"Josef Kiener","972d7d47-3955-11ef-a437-292be3190b7b",NA,NA,1970,"1/24/1971","9ae2369b-3960-11ef-9e69-d3de5c174a65","home","TSV Milbertshofen","FRISCH AUF! Göppingen",18,14,TRUE,0,NA,NA,0,0,0,NA,0,0,0,0,0,0,NA,NA,NA,NA,NA,NA,NA,NA,0,0,0,0,NA,NA,NA,NA,NA
"Rudolf Dobler","97ac407c-3955-11ef-9ea9-292be3190b7b",NA,NA,1970,"1/24/1971","9ae2369b-3960-11ef-9e69-d3de5c174a65","home","TSV Milbertshofen","FRISCH AUF! Göppingen",18,14,TRUE,0,NA,NA,0,0,0,NA,0,0,0,0,0,0,NA,NA,NA,NA,NA,NA,NA,NA,0,0,0,0,NA,NA,NA,NA,NA
"Günther Haug","b1c49acf-3955-11ef-9599-a36230ada079",NA,NA,1970,"1/24/1971","9ae2369b-3960-11ef-9e69-d3de5c174a65","home","TSV Milbertshofen","FRISCH AUF! Göppingen",18,14,TRUE,1,NA,NA,0,0,0,NA,0,0,0,0,0,0,NA,NA,NA,NA,NA,NA,NA,NA,0,0,0,0,NA,NA,NA,NA,NA
"Helmut Schelchshorn","b1c960ef-3955-11ef-850b-a36230ada079",NA,NA,1970,"1/24/1971","9ae2369b-3960-11ef-9e69-d3de5c174a65","home","TSV Milbertshofen","FRISCH AUF! Göppingen",18,14,TRUE,2,NA,NA,0,0,0,NA,0,0,0,0,0,0,NA,NA,NA,NA,NA,NA,NA,NA,0,0,0,0,NA,NA,NA,NA,NA
"Volker Filipp","c6bca602-3955-11ef-8195-157c9bc18a5f",NA,NA,1970,"1/24/1971","9ae2369b-3960-11ef-9e69-d3de5c174a65","home","TSV Milbertshofen","FRISCH AUF! Göppingen",18,14,TRUE,0,NA,NA,0,0,0,NA,0,0,0,0,0,0,NA,NA,NA,NA,NA,NA,NA,NA,0,0,0,0,NA,NA,NA,NA,NA
"Karl Donndorf","c821c668-3955-11ef-a20c-157c9bc18a5f",NA,NA,1970,"1/24/1971","9ae2369b-3960-11ef-9e69-d3de5c174a65","home","TSV Milbertshofen","FRISCH AUF! Göppingen",18,14,TRUE,4,NA,NA,0,0,2,NA,0,0,0,0,0,0,NA,NA,NA,NA,NA,NA,NA,NA,0,0,0,0,NA,NA,NA,NA,NA
"Arnold Gaitzsch","c99ecd8f-3955-11ef-a93a-157c9bc18a5f",NA,NA,1970,"1/24/1971","9ae2369b-3960-11ef-9e69-d3de5c174a65","home","TSV Milbertshofen","FRISCH AUF! Göppingen",18,14,TRUE,3,NA,NA,0,0,0,NA,0,0,0,0,0,0,NA,NA,NA,NA,NA,NA,NA,NA,0,0,0,0,NA,NA,NA,NA,NA
"Olaf Hoemke","c9a6b7e4-3955-11ef-a408-157c9bc18a5f",NA,NA,1970,"1/24/1971","9ae2369b-3960-11ef-9e69-d3de5c174a65","home","TSV Milbertshofen","FRISCH AUF! Göppingen",18,14,TRUE,2,NA,NA,0,0,0,NA,0,0,0,0,0,0,NA,NA,NA,NA,NA,NA,NA,NA,0,0,0,0,NA,NA,NA,NA,NA
"Hoffmann","688c742a-3955-11ef-8786-292be3190b7b",NA,NA,1970,"1/24/1971","9ae2369b-3960-11ef-9e69-d3de5c174a65","away","FRISCH AUF! Göppingen","TSV Milbertshofen",14,18,FALSE,2,NA,NA,0,0,0,NA,0,0,0,0,0,0,NA,NA,NA,NA,NA,NA,NA,NA,0,0,0,0,NA,NA,NA,NA,NA
"Peter Bucher","8e0071c9-3955-11ef-8ff8-81dc40648355",NA,NA,1970,"1/24/1971","9ae2369b-3960-11ef-9e69-d3de5c174a65","away","FRISCH AUF! Göppingen","TSV Milbertshofen",14,18,FALSE,2,NA,NA,0,0,1,NA,0,0,0,0,0,0,NA,NA,NA,NA,NA,NA,NA,NA,0,0,0,0,NA,NA,NA,NA,NA
"Horst Singer","a30fd118-3955-11ef-9745-2510cc07ea6e",NA,NA,1970,"1/24/1971","9ae2369b-3960-11ef-9e69-d3de5c174a65","away","FRISCH AUF! Göppingen","TSV Milbertshofen",14,18,FALSE,3,NA,NA,0,0,3,NA,0,0,0,0,0,0,NA,NA,NA,NA,NA,NA,NA,NA,0,0,0,0,NA,NA,NA,NA,NA
"Paul Epple","bc8167af-3955-11ef-8748-ab397f561917",NA,NA,1970,"1/24/1971","9ae2369b-3960-11ef-9e69-d3de5c174a65","away","FRISCH AUF! Göppingen","TSV Milbertshofen",14,18,FALSE,2,NA,NA,0,0,0,NA,0,0,0,0,0,0,NA,NA,NA,NA,NA,NA,NA,NA,0,0,0,0,NA,NA,NA,NA,NA
"Walter Pflüger","bc85cdbc-3955-11ef-8e24-ab397f561917",NA,NA,1970,"1/24/1971","9ae2369b-3960-11ef-9e69-d3de5c174a65","away","FRISCH AUF! Göppingen","TSV Milbertshofen",14,18,FALSE,1,NA,NA,0,0,0,NA,0,0,0,0,0,0,NA,NA,NA,NA,NA,NA,NA,NA,0,0,0,0,NA,NA,NA,NA,NA
"Werner Arndt","c71116e0-3955-11ef-85d3-157c9bc18a5f",NA,NA,1970,"1/24/1971","9ae2369b-3960-11ef-9e69-d3de5c174a65","away","FRISCH AUF! Göppingen","TSV Milbertshofen",14,18,FALSE,0,NA,NA,0,0,0,NA,0,0,0,0,0,0,NA,NA,NA,NA,NA,NA,NA,NA,0,0,0,0,NA,NA,NA,NA,NA
"Christian Patzer","c715a1de-3955-11ef-bc54-157c9bc18a5f",NA,NA,1970,"1/24/1971","9ae2369b-3960-11ef-9e69-d3de5c174a65","away","FRISCH AUF! Göppingen","TSV Milbertshofen",14,18,FALSE,1,NA,NA,0,0,0,NA,0,0,0,0,0,0,NA,NA,NA,NA,NA,NA,NA,NA,0,0,0,0,NA,NA,NA,NA,NA
"Armin Eisele","c9cc4c1b-3955-11ef-9f9f-157c9bc18a5f",NA,NA,1970,"1/24/1971","9ae2369b-3960-11ef-9e69-d3de5c174a65","away","FRISCH AUF! Göppingen","TSV Milbertshofen",14,18,FALSE,3,NA,NA,0,0,0,NA,0,0,0,0,0,0,NA,NA,NA,NA,NA,NA,NA,NA,0,0,0,0,NA,NA,NA,NA,NA
"Keilwirth","d35ea6cb-3955-11ef-a644-a36230ada079",NA,NA,1970,"1/24/1971","9ae2369b-3960-11ef-9e69-d3de5c174a65","away","FRISCH AUF! Göppingen","TSV Milbertshofen",14,18,FALSE,0,NA,NA,0,0,0,NA,0,0,0,0,0,0,NA,NA,NA,NA,NA,NA,NA,NA,0,0,0,0,NA,NA,NA,NA,NA
"Hans-Jörg Graeper","964d8ebc-3955-11ef-a25b-292be3190b7b",NA,NA,1970,"1/29/1971","91722ba8-3960-11ef-92d9-9b08c5d4c173","home","THW Kiel","SC Phönix Essen 1920",17,15,TRUE,4,NA,NA,0,0,0,NA,0,0,0,0,0,0,NA,NA,NA,NA,NA,NA,NA,NA,0,0,0,0,NA,NA,NA,NA,NA
"Gerd Welz","98273a90-3955-11ef-a3a2-292be3190b7b",NA,NA,1970,"1/29/1971","91722ba8-3960-11ef-92d9-9b08c5d4c173","home","THW Kiel","SC Phönix Essen 1920",17,15,TRUE,2,NA,NA,0,0,0,NA,0,0,0,0,0,0,NA,NA,NA,NA,NA,NA,NA,NA,0,0,0,0,NA,NA,NA,NA,NA
"Volker Harbs","9995a6f3-3955-11ef-b74f-292be3190b7b",NA,NA,1970,"1/29/1971","91722ba8-3960-11ef-92d9-9b08c5d4c173","home","THW Kiel","SC Phönix Essen 1920",17,15,TRUE,3,NA,NA,0,0,1,NA,0,0,0,0,0,0,NA,NA,NA,NA,NA,NA,NA,NA,0,0,0,0,NA,NA,NA,NA,NA
"Peter Prehn","b073ee0a-3955-11ef-8404-a36230ada079",NA,NA,1970,"1/29/1971","91722ba8-3960-11ef-92d9-9b08c5d4c173","home","THW Kiel","SC Phönix Essen 1920",17,15,TRUE,1,NA,NA,0,0,0,NA,0,0,0,0,0,0,NA,NA,NA,NA,NA,NA,NA,NA,0,0,0,0,NA,NA,NA,NA,NA
"Peter Werk","b0784d6e-3955-11ef-9a85-a36230ada079",NA,NA,1970,"1/29/1971","91722ba8-3960-11ef-92d9-9b08c5d4c173","home","THW Kiel","SC Phönix Essen 1920",17,15,TRUE,0,NA,NA,0,0,0,NA,0,0,0,0,0,0,NA,NA,NA,NA,NA,NA,NA,NA,0,0,0,0,NA,NA,NA,NA,NA
"Herwig Ahrendsen","b143192b-3955-11ef-bef0-a36230ada079",NA,NA,1970,"1/29/1971","91722ba8-3960-11ef-92d9-9b08c5d4c173","home","THW Kiel","SC Phönix Essen 1920",17,15,TRUE,2,NA,NA,0,0,0,NA,0,0,0,0,0,0,NA,NA,NA,NA,NA,NA,NA,NA,0,0,0,0,NA,NA,NA,NA,NA
"Bernd Nielsen","b1480d2c-3955-11ef-8563-a36230ada079",NA,NA,1970,"1/29/1971","91722ba8-3960-11ef-92d9-9b08c5d4c173","home","THW Kiel","SC Phönix Essen 1920",17,15,TRUE,3,NA,NA,0,0,0,NA,0,0,0,0,0,0,NA,NA,NA,NA,NA,NA,NA,NA,0,0,0,0,NA,NA,NA,NA,NA
"Hartwig Moll","b14ce7d8-3955-11ef-8cb5-a36230ada079",NA,NA,1970,"1/29/1971","91722ba8-3960-11ef-92d9-9b08c5d4c173","home","THW Kiel","SC Phönix Essen 1920",17,15,TRUE,0,NA,NA,0,0,0,NA,0,0,0,0,0,0,NA,NA,NA,NA,NA,NA,NA,NA,0,0,0,0,NA,NA,NA,NA,NA
"Rainer Voigt","c7c742a9-3955-11ef-b542-157c9bc18a5f",NA,NA,1970,"1/29/1971","91722ba8-3960-11ef-92d9-9b08c5d4c173","home","THW Kiel","SC Phönix Essen 1920",17,15,TRUE,0,NA,NA,0,0,0,NA,0,0,0,0,0,0,NA,NA,NA,NA,NA,NA,NA,NA,0,0,0,0,NA,NA,NA,NA,NA
"Dieter Baguhn","c7cbf017-3955-11ef-b1f7-157c9bc18a5f",NA,NA,1970,"1/29/1971","91722ba8-3960-11ef-92d9-9b08c5d4c173","home","THW Kiel","SC Phönix Essen 1920",17,15,TRUE,2,NA,NA,0,0,0,NA,0,0,0,0,0,0,NA,NA,NA,NA,NA,NA,NA,NA,0,0,0,0,NA,NA,NA,NA,NA
"Bernd Struck","c7d4c3a5-3955-11ef-a743-157c9bc18a5f",NA,NA,1970,"1/29/1971","91722ba8-3960-11ef-92d9-9b08c5d4c173","home","THW Kiel","SC Phönix Essen 1920",17,15,TRUE,0,NA,NA,0,0,0,NA,0,0,0,0,0,0,NA,NA,NA,NA,NA,NA,NA,NA,0,0,0,0,NA,NA,NA,NA,NA
"Werner Kühn","a5a83923-3955-11ef-abc5-2510cc07ea6e",NA,NA,1970,"1/29/1971","91722ba8-3960-11ef-92d9-9b08c5d4c173","away","SC Phönix Essen 1920","THW Kiel",15,17,FALSE,2,NA,NA,0,0,0,NA,0,0,0,0,0,0,NA,NA,NA,NA,NA,NA,NA,NA,0,0,0,0,NA,NA,NA,NA,NA
"Heinz Oberscheidt","a5ae94f2-3955-11ef-91fc-2510cc07ea6e",NA,NA,1970,"1/29/1971","91722ba8-3960-11ef-92d9-9b08c5d4c173","away","SC Phönix Essen 1920","THW Kiel",15,17,FALSE,0,NA,NA,0,0,0,NA,0,0,0,0,0,0,NA,NA,NA,NA,NA,NA,NA,NA,0,0,0,0,NA,NA,NA,NA,NA
"Norbert Meister","a610e086-3955-11ef-bf85-2510cc07ea6e",NA,NA,1970,"1/29/1971","91722ba8-3960-11ef-92d9-9b08c5d4c173","away","SC Phönix Essen 1920","THW Kiel",15,17,FALSE,0,NA,NA,0,0,0,NA,0,0,0,0,0,0,NA,NA,NA,NA,NA,NA,NA,NA,0,0,0,0,NA,NA,NA,NA,NA
"Rüdiger Hillebrand","b0c11a9c-3955-11ef-bf0d-a36230ada079",NA,NA,1970,"1/29/1971","91722ba8-3960-11ef-92d9-9b08c5d4c173","away","SC Phönix Essen 1920","THW Kiel",15,17,FALSE,0,NA,NA,0,0,0,NA,0,0,0,0,0,0,NA,NA,NA,NA,NA,NA,NA,NA,0,0,0,0,NA,NA,NA,NA,NA
"Klaus Kirschner","bae43a44-3955-11ef-ae7c-ab397f561917",NA,NA,1970,"1/29/1971","91722ba8-3960-11ef-92d9-9b08c5d4c173","away","SC Phönix Essen 1920","THW Kiel",15,17,FALSE,0,NA,NA,0,0,0,NA,0,0,0,0,0,0,NA,NA,NA,NA,NA,NA,NA,NA,0,0,0,0,NA,NA,NA,NA,NA
"Marinko Andrić","bae9ac2f-3955-11ef-863e-ab397f561917",NA,NA,1970,"1/29/1971","91722ba8-3960-11ef-92d9-9b08c5d4c173","away","SC Phönix Essen 1920","THW Kiel",15,17,FALSE,3,NA,NA,0,0,1,NA,0,0,0,0,0,0,NA,NA,NA,NA,NA,NA,NA,NA,0,0,0,0,NA,NA,NA,NA,NA
"Michael Hattig","bd52f5b1-3955-11ef-ba0c-ab397f561917",NA,NA,1970,"1/29/1971","91722ba8-3960-11ef-92d9-9b08c5d4c173","away","SC Phönix Essen 1920","THW Kiel",15,17,FALSE,2,NA,NA,0,0,0,NA,0,0,0,0,0,0,NA,NA,NA,NA,NA,NA,NA,NA,0,0,0,0,NA,NA,NA,NA,NA
"Herbert Buschmann","bd5ac595-3955-11ef-97f0-ab397f561917",NA,NA,1970,"1/29/1971","91722ba8-3960-11ef-92d9-9b08c5d4c173","away","SC Phönix Essen 1920","THW Kiel",15,17,FALSE,0,NA,NA,0,0,0,NA,0,0,0,0,0,0,NA,NA,NA,NA,NA,NA,NA,NA,0,0,0,0,NA,NA,NA,NA,NA
"Andrija Kotlas","bde016f5-3955-11ef-b96c-ab397f561917",NA,NA,1970,"1/29/1971","91722ba8-3960-11ef-92d9-9b08c5d4c173","away","SC Phönix Essen 1920","THW Kiel",15,17,FALSE,6,NA,NA,0,0,0,NA,0,0,0,0,0,0,NA,NA,NA,NA,NA,NA,NA,NA,0,0,0,0,NA,NA,NA,NA,NA
"Carl-Bernd Behler","c79d213f-3955-11ef-a773-157c9bc18a5f",NA,NA,1970,"1/29/1971","91722ba8-3960-11ef-92d9-9b08c5d4c173","away","SC Phönix Essen 1920","THW Kiel",15,17,FALSE,0,NA,NA,0,0,0,NA,0,0,0,0,0,0,NA,NA,NA,NA,NA,NA,NA,NA,0,0,0,0,NA,NA,NA,NA,NA
"Ernst Weise","c90cdba3-3955-11ef-b068-157c9bc18a5f",NA,NA,1970,"1/29/1971","91722ba8-3960-11ef-92d9-9b08c5d4c173","away","SC Phönix Essen 1920","THW Kiel",15,17,FALSE,2,NA,NA,0,0,0,NA,0,0,0,0,0,0,NA,NA,NA,NA,NA,NA,NA,NA,0,0,0,0,NA,NA,NA,NA,NA
"Mircea Costache","ca5115d3-3955-11ef-a3f0-157c9bc18a5f",NA,NA,1970,"1/29/1971","91722ba8-3960-11ef-92d9-9b08c5d4c173","away","SC Phönix Essen 1920","THW Kiel",15,17,FALSE,0,NA,NA,0,0,0,NA,0,0,0,0,0,0,NA,NA,NA,NA,NA,NA,NA,NA,0,0,0,0,NA,NA,NA,NA,NA
"Hans-Jürgen Sulk","7ff6b175-3955-11ef-a103-b908c60af10a",NA,NA,1970,"1/30/1971","8eb0fd3b-3960-11ef-a53e-9b08c5d4c173","home","GWD Minden","VfL Gummersbach",17,12,TRUE,1,NA,NA,0,0,0,NA,0,0,0,0,0,0,NA,NA,NA,NA,NA,NA,NA,NA,0,0,0,0,NA,NA,NA,NA,NA
"Bernhard Busch","8dc9280f-3955-11ef-80e2-81dc40648355",NA,NA,1970,"1/30/1971","8eb0fd3b-3960-11ef-a53e-9b08c5d4c173","home","GWD Minden","VfL Gummersbach",17,12,TRUE,3,NA,NA,0,0,1,NA,0,0,0,0,0,0,NA,NA,NA,NA,NA,NA,NA,NA,0,0,0,0,NA,NA,NA,NA,NA
"Gerald Schüler","96fc1532-3955-11ef-bddd-292be3190b7b",NA,NA,1970,"1/30/1971","8eb0fd3b-3960-11ef-a53e-9b08c5d4c173","home","GWD Minden","VfL Gummersbach",17,12,TRUE,0,NA,NA,0,0,0,NA,0,0,0,0,0,0,NA,NA,NA,NA,NA,NA,NA,NA,0,0,0,0,NA,NA,NA,NA,NA
"Martin Karcher","980f80ce-3955-11ef-8054-292be3190b7b",NA,NA,1970,"1/30/1971","8eb0fd3b-3960-11ef-a53e-9b08c5d4c173","home","GWD Minden","VfL Gummersbach",17,12,TRUE,0,NA,NA,0,0,0,NA,0,0,0,0,0,0,NA,NA,NA,NA,NA,NA,NA,NA,0,0,0,0,NA,NA,NA,NA,NA
"Hans Kramer","98f50290-3955-11ef-8aa8-292be3190b7b",NA,NA,1970,"1/30/1971","8eb0fd3b-3960-11ef-a53e-9b08c5d4c173","home","GWD Minden","VfL Gummersbach",17,12,TRUE,1,NA,NA,0,0,0,NA,0,0,0,0,0,0,NA,NA,NA,NA,NA,NA,NA,NA,0,0,0,0,NA,NA,NA,NA,NA
"Wilfried Meyer","a34b2aa0-3955-11ef-a79c-2510cc07ea6e",NA,NA,1970,"1/30/1971","8eb0fd3b-3960-11ef-a53e-9b08c5d4c173","home","GWD Minden","VfL Gummersbach",17,12,TRUE,0,NA,NA,0,0,0,NA,0,0,0,0,0,0,NA,NA,NA,NA,NA,NA,NA,NA,0,0,0,0,NA,NA,NA,NA,NA
"Bernd Munck","ba5ee5e3-3955-11ef-9f80-ab397f561917",NA,NA,1970,"1/30/1971","8eb0fd3b-3960-11ef-a53e-9b08c5d4c173","home","GWD Minden","VfL Gummersbach",17,12,TRUE,4,NA,NA,0,0,0,NA,0,0,0,0,0,0,NA,NA,NA,NA,NA,NA,NA,NA,0,0,0,0,NA,NA,NA,NA,NA
"Wilfried Drögemeier","ba63ada7-3955-11ef-a04d-ab397f561917",NA,NA,1970,"1/30/1971","8eb0fd3b-3960-11ef-a53e-9b08c5d4c173","home","GWD Minden","VfL Gummersbach",17,12,TRUE,2,NA,NA,0,0,0,NA,0,0,0,0,0,0,NA,NA,NA,NA,NA,NA,NA,NA,0,0,0,0,NA,NA,NA,NA,NA
"Klaus Barlach","bcee5b38-3955-11ef-a026-ab397f561917",NA,NA,1970,"1/30/1971","8eb0fd3b-3960-11ef-a53e-9b08c5d4c173","home","GWD Minden","VfL Gummersbach",17,12,TRUE,0,NA,NA,0,0,0,NA,0,0,0,0,0,0,NA,NA,NA,NA,NA,NA,NA,NA,0,0,0,0,NA,NA,NA,NA,NA
"Otto Weng","bcfbec1c-3955-11ef-b4f4-ab397f561917",NA,NA,1970,"1/30/1971","8eb0fd3b-3960-11ef-a53e-9b08c5d4c173","home","GWD Minden","VfL Gummersbach",17,12,TRUE,5,NA,NA,0,0,0,NA,0,0,0,0,0,0,NA,NA,NA,NA,NA,NA,NA,NA,0,0,0,0,NA,NA,NA,NA,NA
"Jürgen Buhrmester","c747ff25-3955-11ef-9695-157c9bc18a5f",NA,NA,1970,"1/30/1971","8eb0fd3b-3960-11ef-a53e-9b08c5d4c173","home","GWD Minden","VfL Gummersbach",17,12,TRUE,1,NA,NA,0,0,0,NA,0,0,0,0,0,0,NA,NA,NA,NA,NA,NA,NA,NA,0,0,0,0,NA,NA,NA,NA,NA
"Manfred Horstkötter","c8a23936-3955-11ef-9884-157c9bc18a5f",NA,NA,1970,"1/30/1971","8eb0fd3b-3960-11ef-a53e-9b08c5d4c173","home","GWD Minden","VfL Gummersbach",17,12,TRUE,0,NA,NA,0,0,0,NA,0,0,0,0,0,0,NA,NA,NA,NA,NA,NA,NA,NA,0,0,0,0,NA,NA,NA,NA,NA
"Klaus Brand","51394441-3955-11ef-8fab-6d38c0425bc0",NA,NA,1970,"1/30/1971","8eb0fd3b-3960-11ef-a53e-9b08c5d4c173","away","VfL Gummersbach","GWD Minden",12,17,FALSE,1,NA,NA,0,0,0,NA,0,0,0,0,0,0,NA,NA,NA,NA,NA,NA,NA,NA,0,0,0,0,NA,NA,NA,NA,NA
"Klaus Westebbe","8c58f63a-3955-11ef-b65e-81dc40648355",NA,NA,1970,"1/30/1971","8eb0fd3b-3960-11ef-a53e-9b08c5d4c173","away","VfL Gummersbach","GWD Minden",12,17,FALSE,1,NA,NA,0,0,1,NA,0,0,0,0,0,0,NA,NA,NA,NA,NA,NA,NA,NA,0,0,0,0,NA,NA,NA,NA,NA
"Klaus Kater","8da1f6ef-3955-11ef-b31a-81dc40648355",NA,NA,1970,"1/30/1971","8eb0fd3b-3960-11ef-a53e-9b08c5d4c173","away","VfL Gummersbach","GWD Minden",12,17,FALSE,0,NA,NA,0,0,0,NA,0,0,0,0,0,0,NA,NA,NA,NA,NA,NA,NA,NA,0,0,0,0,NA,NA,NA,NA,NA
"Werner Winkelmeier","9712104e-3955-11ef-9613-292be3190b7b",NA,NA,1970,"1/30/1971","8eb0fd3b-3960-11ef-a53e-9b08c5d4c173","away","VfL Gummersbach","GWD Minden",12,17,FALSE,1,NA,NA,0,0,0,NA,0,0,0,0,0,0,NA,NA,NA,NA,NA,NA,NA,NA,0,0,0,0,NA,NA,NA,NA,NA
"Ralf Hamann","a28aa62f-3955-11ef-9677-2510cc07ea6e",NA,NA,1970,"1/30/1971","8eb0fd3b-3960-11ef-a53e-9b08c5d4c173","away","VfL Gummersbach","GWD Minden",12,17,FALSE,0,NA,NA,0,0,0,NA,0,0,0,0,0,0,NA,NA,NA,NA,NA,NA,NA,NA,0,0,0,0,NA,NA,NA,NA,NA
"Helmut Keller","ae2fb2ba-3955-11ef-b38f-a36230ada079",NA,NA,1970,"1/30/1971","8eb0fd3b-3960-11ef-a53e-9b08c5d4c173","away","VfL Gummersbach","GWD Minden",12,17,FALSE,0,NA,NA,0,0,0,NA,0,0,0,0,0,0,NA,NA,NA,NA,NA,NA,NA,NA,0,0,0,0,NA,NA,NA,NA,NA
"Hans-Günther Schmidt","aff5702f-3955-11ef-9878-a36230ada079",NA,NA,1970,"1/30/1971","8eb0fd3b-3960-11ef-a53e-9b08c5d4c173","away","VfL Gummersbach","GWD Minden",12,17,FALSE,4,NA,NA,0,0,0,NA,0,0,0,0,0,0,NA,NA,NA,NA,NA,NA,NA,NA,0,0,0,0,NA,NA,NA,NA,NA
"Uwe Braunschweig","ba4aaa94-3955-11ef-be97-ab397f561917",NA,NA,1970,"1/30/1971","8eb0fd3b-3960-11ef-a53e-9b08c5d4c173","away","VfL Gummersbach","GWD Minden",12,17,FALSE,0,NA,NA,0,0,0,NA,0,0,0,0,0,0,NA,NA,NA,NA,NA,NA,NA,NA,0,0,0,0,NA,NA,NA,NA,NA
"Helmut Kosmehl","bc7d7cdd-3955-11ef-a338-ab397f561917",NA,NA,1970,"1/30/1971","8eb0fd3b-3960-11ef-a53e-9b08c5d4c173","away","VfL Gummersbach","GWD Minden",12,17,FALSE,3,NA,NA,0,0,0,NA,0,0,0,0,0,0,NA,NA,NA,NA,NA,NA,NA,NA,0,0,0,0,NA,NA,NA,NA,NA
"Hans-Gerd Bölter","c9d03ce3-3955-11ef-bae3-157c9bc18a5f",NA,NA,1970,"1/30/1971","8eb0fd3b-3960-11ef-a53e-9b08c5d4c173","away","VfL Gummersbach","GWD Minden",12,17,FALSE,2,NA,NA,0,0,0,NA,0,0,0,0,0,0,NA,NA,NA,NA,NA,NA,NA,NA,0,0,0,0,NA,NA,NA,NA,NA
"Rainer Lingelbach","c9d44f37-3955-11ef-a323-157c9bc18a5f",NA,NA,1970,"1/30/1971","8eb0fd3b-3960-11ef-a53e-9b08c5d4c173","away","VfL Gummersbach","GWD Minden",12,17,FALSE,0,NA,NA,0,0,0,NA,0,0,0,0,0,0,NA,NA,NA,NA,NA,NA,NA,NA,0,0,0,0,NA,NA,NA,NA,NA
"Herbert Rogge","b06614d7-3955-11ef-a43b-a36230ada079",NA,NA,1970,"1/30/1971","90ce4b12-3960-11ef-bede-9b08c5d4c173","home","VfL Lübeck-Schwartau","TuS 05 Wellinghofen",18,14,TRUE,4,NA,NA,0,0,0,NA,0,0,0,0,0,0,NA,NA,NA,NA,NA,NA,NA,NA,0,0,0,0,NA,NA,NA,NA,NA
"Ingo Callies","b0b0659b-3955-11ef-87aa-a36230ada079",NA,NA,1970,"1/30/1971","90ce4b12-3960-11ef-bede-9b08c5d4c173","home","VfL Lübeck-Schwartau","TuS 05 Wellinghofen",18,14,TRUE,8,NA,NA,0,0,0,NA,0,0,0,0,0,0,NA,NA,NA,NA,NA,NA,NA,NA,0,0,0,0,NA,NA,NA,NA,NA
"Michael Dogs","b0cecb4a-3955-11ef-b665-a36230ada079",NA,NA,1970,"1/30/1971","90ce4b12-3960-11ef-bede-9b08c5d4c173","home","VfL Lübeck-Schwartau","TuS 05 Wellinghofen",18,14,TRUE,0,NA,NA,0,0,0,NA,0,0,0,0,0,0,NA,NA,NA,NA,NA,NA,NA,NA,0,0,0,0,NA,NA,NA,NA,NA
"Joachim Römer","b0dcb8e7-3955-11ef-83ab-a36230ada079",NA,NA,1970,"1/30/1971","90ce4b12-3960-11ef-bede-9b08c5d4c173","home","VfL Lübeck-Schwartau","TuS 05 Wellinghofen",18,14,TRUE,0,NA,NA,0,0,0,NA,0,0,0,0,0,0,NA,NA,NA,NA,NA,NA,NA,NA,0,0,0,0,NA,NA,NA,NA,NA
"Peter Görtz","b0e9ae8f-3955-11ef-aa48-a36230ada079",NA,NA,1970,"1/30/1971","90ce4b12-3960-11ef-bede-9b08c5d4c173","home","VfL Lübeck-Schwartau","TuS 05 Wellinghofen",18,14,TRUE,2,NA,NA,0,0,0,NA,0,0,0,0,0,0,NA,NA,NA,NA,NA,NA,NA,NA,0,0,0,0,NA,NA,NA,NA,NA
"Ulrich Kleinstoll","b0f37438-3955-11ef-84e6-a36230ada079",NA,NA,1970,"1/30/1971","90ce4b12-3960-11ef-bede-9b08c5d4c173","home","VfL Lübeck-Schwartau","TuS 05 Wellinghofen",18,14,TRUE,1,NA,NA,0,0,0,NA,0,0,0,0,0,0,NA,NA,NA,NA,NA,NA,NA,NA,0,0,0,0,NA,NA,NA,NA,NA
"Geert Geusendam","baee7cab-3955-11ef-95ba-ab397f561917",NA,NA,1970,"1/30/1971","90ce4b12-3960-11ef-bede-9b08c5d4c173","home","VfL Lübeck-Schwartau","TuS 05 Wellinghofen",18,14,TRUE,0,NA,NA,0,0,0,NA,0,0,0,0,0,0,NA,NA,NA,NA,NA,NA,NA,NA,0,0,0,0,NA,NA,NA,NA,NA
"Georg Pohl","baff6cee-3955-11ef-a80f-ab397f561917",NA,NA,1970,"1/30/1971","90ce4b12-3960-11ef-bede-9b08c5d4c173","home","VfL Lübeck-Schwartau","TuS 05 Wellinghofen",18,14,TRUE,0,NA,NA,0,0,0,NA,0,0,0,0,0,0,NA,NA,NA,NA,NA,NA,NA,NA,0,0,0,0,NA,NA,NA,NA,NA
"Jochen Krummland","c7b078f7-3955-11ef-932e-157c9bc18a5f",NA,NA,1970,"1/30/1971","90ce4b12-3960-11ef-bede-9b08c5d4c173","home","VfL Lübeck-Schwartau","TuS 05 Wellinghofen",18,14,TRUE,3,NA,NA,0,0,0,NA,0,0,0,0,0,0,NA,NA,NA,NA,NA,NA,NA,NA,0,0,0,0,NA,NA,NA,NA,NA
"Jochen Hoffmann","c7bdef38-3955-11ef-8b6c-157c9bc18a5f",NA,NA,1970,"1/30/1971","90ce4b12-3960-11ef-bede-9b08c5d4c173","home","VfL Lübeck-Schwartau","TuS 05 Wellinghofen",18,14,TRUE,0,NA,NA,0,0,0,NA,0,0,0,0,0,0,NA,NA,NA,NA,NA,NA,NA,NA,0,0,0,0,NA,NA,NA,NA,NA
"Gerhard Anduleit","c9215aaa-3955-11ef-ac64-157c9bc18a5f",NA,NA,1970,"1/30/1971","90ce4b12-3960-11ef-bede-9b08c5d4c173","home","VfL Lübeck-Schwartau","TuS 05 Wellinghofen",18,14,TRUE,0,NA,NA,0,0,0,NA,0,0,0,0,0,0,NA,NA,NA,NA,NA,NA,NA,NA,0,0,0,0,NA,NA,NA,NA,NA
"Hans-Jürgen Zick","8d67d76a-3955-11ef-8956-81dc40648355",NA,NA,1970,"1/30/1971","90ce4b12-3960-11ef-bede-9b08c5d4c173","away","TuS 05 Wellinghofen","VfL Lübeck-Schwartau",14,18,FALSE,0,NA,NA,0,0,0,NA,0,0,0,0,0,0,NA,NA,NA,NA,NA,NA,NA,NA,0,0,0,0,NA,NA,NA,NA,NA
"Heiner Möller","8d7571e4-3955-11ef-b1d3-81dc40648355",NA,NA,1970,"1/30/1971","90ce4b12-3960-11ef-bede-9b08c5d4c173","away","TuS 05 Wellinghofen","VfL Lübeck-Schwartau",14,18,FALSE,2,NA,NA,0,0,0,NA,0,0,0,0,0,0,NA,NA,NA,NA,NA,NA,NA,NA,0,0,0,0,NA,NA,NA,NA,NA
"Hans-Peter Neuhaus","8d9d3887-3955-11ef-80a3-81dc40648355",NA,NA,1970,"1/30/1971","90ce4b12-3960-11ef-bede-9b08c5d4c173","away","TuS 05 Wellinghofen","VfL Lübeck-Schwartau",14,18,FALSE,2,NA,NA,0,0,0,NA,0,0,0,0,0,0,NA,NA,NA,NA,NA,NA,NA,NA,0,0,0,0,NA,NA,NA,NA,NA
"Rainer Gosewinkel","a4d61156-3955-11ef-8406-2510cc07ea6e",NA,NA,1970,"1/30/1971","90ce4b12-3960-11ef-bede-9b08c5d4c173","away","TuS 05 Wellinghofen","VfL Lübeck-Schwartau",14,18,FALSE,3,NA,NA,0,0,0,NA,0,0,0,0,0,0,NA,NA,NA,NA,NA,NA,NA,NA,0,0,0,0,NA,NA,NA,NA,NA
"Klaus Erwe","a4f54a19-3955-11ef-b48a-2510cc07ea6e",NA,NA,1970,"1/30/1971","90ce4b12-3960-11ef-bede-9b08c5d4c173","away","TuS 05 Wellinghofen","VfL Lübeck-Schwartau",14,18,FALSE,2,NA,NA,0,0,0,NA,0,0,0,0,0,0,NA,NA,NA,NA,NA,NA,NA,NA,0,0,0,0,NA,NA,NA,NA,NA
"Burkhard Gröning","a52c6e4f-3955-11ef-a576-2510cc07ea6e",NA,NA,1970,"1/30/1971","90ce4b12-3960-11ef-bede-9b08c5d4c173","away","TuS 05 Wellinghofen","VfL Lübeck-Schwartau",14,18,FALSE,4,NA,NA,0,0,0,NA,0,0,0,0,0,0,NA,NA,NA,NA,NA,NA,NA,NA,0,0,0,0,NA,NA,NA,NA,NA
"Klaus Tiews","a531838f-3955-11ef-8e99-2510cc07ea6e",NA,NA,1970,"1/30/1971","90ce4b12-3960-11ef-bede-9b08c5d4c173","away","TuS 05 Wellinghofen","VfL Lübeck-Schwartau",14,18,FALSE,0,NA,NA,0,0,0,NA,0,0,0,0,0,0,NA,NA,NA,NA,NA,NA,NA,NA,0,0,0,0,NA,NA,NA,NA,NA
"Ulrich Thubeauville","c76555ef-3955-11ef-9f3a-157c9bc18a5f",NA,NA,1970,"1/30/1971","90ce4b12-3960-11ef-bede-9b08c5d4c173","away","TuS 05 Wellinghofen","VfL Lübeck-Schwartau",14,18,FALSE,0,NA,NA,0,0,0,NA,0,0,0,0,0,0,NA,NA,NA,NA,NA,NA,NA,NA,0,0,0,0,NA,NA,NA,NA,NA
"Burkhardt Eckardt","c76d08cb-3955-11ef-8fa7-157c9bc18a5f",NA,NA,1970,"1/30/1971","90ce4b12-3960-11ef-bede-9b08c5d4c173","away","TuS 05 Wellinghofen","VfL Lübeck-Schwartau",14,18,FALSE,0,NA,NA,0,0,0,NA,0,0,0,0,0,0,NA,NA,NA,NA,NA,NA,NA,NA,0,0,0,0,NA,NA,NA,NA,NA
"Gerd Thiele","c9f7a8d5-3955-11ef-93d4-157c9bc18a5f",NA,NA,1970,"1/30/1971","90ce4b12-3960-11ef-bede-9b08c5d4c173","away","TuS 05 Wellinghofen","VfL Lübeck-Schwartau",14,18,FALSE,1,NA,NA,0,0,0,NA,0,0,0,0,0,0,NA,NA,NA,NA,NA,NA,NA,NA,0,0,0,0,NA,NA,NA,NA,NA
"Klaus Brand","51394441-3955-11ef-8fab-6d38c0425bc0",NA,NA,1970,"2/12/1971","8ebfb023-3960-11ef-a1b1-9b08c5d4c173","home","VfL Gummersbach","TV Großwallstadt",16,20,FALSE,0,NA,NA,0,0,0,NA,0,0,0,0,0,0,NA,NA,NA,NA,NA,NA,NA,NA,0,0,0,0,NA,NA,NA,NA,NA
"Klaus Westebbe","8c58f63a-3955-11ef-b65e-81dc40648355",NA,NA,1970,"2/12/1971","8ebfb023-3960-11ef-a1b1-9b08c5d4c173","home","VfL Gummersbach","TV Großwallstadt",16,20,FALSE,2,NA,NA,0,0,0,NA,0,0,0,0,0,0,NA,NA,NA,NA,NA,NA,NA,NA,0,0,0,0,NA,NA,NA,NA,NA
"Klaus Kater","8da1f6ef-3955-11ef-b31a-81dc40648355",NA,NA,1970,"2/12/1971","8ebfb023-3960-11ef-a1b1-9b08c5d4c173","home","VfL Gummersbach","TV Großwallstadt",16,20,FALSE,0,NA,NA,0,0,0,NA,0,0,0,0,0,0,NA,NA,NA,NA,NA,NA,NA,NA,0,0,0,0,NA,NA,NA,NA,NA
"Werner Winkelmeier","9712104e-3955-11ef-9613-292be3190b7b",NA,NA,1970,"2/12/1971","8ebfb023-3960-11ef-a1b1-9b08c5d4c173","home","VfL Gummersbach","TV Großwallstadt",16,20,FALSE,0,NA,NA,0,0,0,NA,0,0,0,0,0,0,NA,NA,NA,NA,NA,NA,NA,NA,0,0,0,0,NA,NA,NA,NA,NA
"Ralf Hamann","a28aa62f-3955-11ef-9677-2510cc07ea6e",NA,NA,1970,"2/12/1971","8ebfb023-3960-11ef-a1b1-9b08c5d4c173","home","VfL Gummersbach","TV Großwallstadt",16,20,FALSE,0,NA,NA,0,0,0,NA,0,0,0,0,0,0,NA,NA,NA,NA,NA,NA,NA,NA,0,0,0,0,NA,NA,NA,NA,NA
"Jochen Feldhoff","a32751a5-3955-11ef-badf-2510cc07ea6e",NA,NA,1970,"2/12/1971","8ebfb023-3960-11ef-a1b1-9b08c5d4c173","home","VfL Gummersbach","TV Großwallstadt",16,20,FALSE,4,NA,NA,0,0,0,NA,0,0,0,0,0,0,NA,NA,NA,NA,NA,NA,NA,NA,0,0,0,0,NA,NA,NA,NA,NA
"Helmut Keller","ae2fb2ba-3955-11ef-b38f-a36230ada079",NA,NA,1970,"2/12/1971","8ebfb023-3960-11ef-a1b1-9b08c5d4c173","home","VfL Gummersbach","TV Großwallstadt",16,20,FALSE,0,NA,NA,0,0,0,NA,0,0,0,0,0,0,NA,NA,NA,NA,NA,NA,NA,NA,0,0,0,0,NA,NA,NA,NA,NA
"Hans-Günther Schmidt","aff5702f-3955-11ef-9878-a36230ada079",NA,NA,1970,"2/12/1971","8ebfb023-3960-11ef-a1b1-9b08c5d4c173","home","VfL Gummersbach","TV Großwallstadt",16,20,FALSE,8,NA,NA,0,0,3,NA,0,0,0,0,0,0,NA,NA,NA,NA,NA,NA,NA,NA,0,0,0,0,NA,NA,NA,NA,NA
"Jochen Brand","ba44375c-3955-11ef-a5d6-ab397f561917",NA,NA,1970,"2/12/1971","8ebfb023-3960-11ef-a1b1-9b08c5d4c173","home","VfL Gummersbach","TV Großwallstadt",16,20,FALSE,0,NA,NA,0,0,0,NA,0,0,0,0,0,0,NA,NA,NA,NA,NA,NA,NA,NA,0,0,0,0,NA,NA,NA,NA,NA
"Helmut Kosmehl","bc7d7cdd-3955-11ef-a338-ab397f561917",NA,NA,1970,"2/12/1971","8ebfb023-3960-11ef-a1b1-9b08c5d4c173","home","VfL Gummersbach","TV Großwallstadt",16,20,FALSE,1,NA,NA,0,0,0,NA,0,0,0,0,0,0,NA,NA,NA,NA,NA,NA,NA,NA,0,0,0,0,NA,NA,NA,NA,NA
"Hans-Gerd Bölter","c9d03ce3-3955-11ef-bae3-157c9bc18a5f",NA,NA,1970,"2/12/1971","8ebfb023-3960-11ef-a1b1-9b08c5d4c173","home","VfL Gummersbach","TV Großwallstadt",16,20,FALSE,0,NA,NA,0,0,0,NA,0,0,0,0,0,0,NA,NA,NA,NA,NA,NA,NA,NA,0,0,0,0,NA,NA,NA,NA,NA
"Rainer Lingelbach","c9d44f37-3955-11ef-a323-157c9bc18a5f",NA,NA,1970,"2/12/1971","8ebfb023-3960-11ef-a1b1-9b08c5d4c173","home","VfL Gummersbach","TV Großwallstadt",16,20,FALSE,1,NA,NA,0,0,0,NA,0,0,0,0,0,0,NA,NA,NA,NA,NA,NA,NA,NA,0,0,0,0,NA,NA,NA,NA,NA
"Kurt Klühspies","5ac3e7d7-3955-11ef-b574-4fa817cd91bb",NA,NA,1970,"2/12/1971","8ebfb023-3960-11ef-a1b1-9b08c5d4c173","away","TV Großwallstadt","VfL Gummersbach",20,16,TRUE,3,NA,NA,0,0,0,NA,0,0,0,0,0,0,NA,NA,NA,NA,NA,NA,NA,NA,0,0,0,0,NA,NA,NA,NA,NA
"Manfred Hofmann","6855eb0b-3955-11ef-8cb3-292be3190b7b",NA,NA,1970,"2/12/1971","8ebfb023-3960-11ef-a1b1-9b08c5d4c173","away","TV Großwallstadt","VfL Gummersbach",20,16,TRUE,0,NA,NA,0,0,0,NA,0,0,0,0,0,0,NA,NA,NA,NA,NA,NA,NA,NA,0,0,0,0,NA,NA,NA,NA,NA
"Eckhardt Suffel","aeac0503-3955-11ef-88c6-a36230ada079",NA,NA,1970,"2/12/1971","8ebfb023-3960-11ef-a1b1-9b08c5d4c173","away","TV Großwallstadt","VfL Gummersbach",20,16,TRUE,0,NA,NA,0,0,0,NA,0,0,0,0,0,0,NA,NA,NA,NA,NA,NA,NA,NA,0,0,0,0,NA,NA,NA,NA,NA
"Peter Kuß","bbc18adb-3955-11ef-a5f7-ab397f561917",NA,NA,1970,"2/12/1971","8ebfb023-3960-11ef-a1b1-9b08c5d4c173","away","TV Großwallstadt","VfL Gummersbach",20,16,TRUE,4,NA,NA,0,0,0,NA,0,0,0,0,0,0,NA,NA,NA,NA,NA,NA,NA,NA,0,0,0,0,NA,NA,NA,NA,NA
"Werner Lemmert","be0e2c8d-3955-11ef-82a6-ab397f561917",NA,NA,1970,"2/12/1971","8ebfb023-3960-11ef-a1b1-9b08c5d4c173","away","TV Großwallstadt","VfL Gummersbach",20,16,TRUE,1,NA,NA,0,0,0,NA,0,0,0,0,0,0,NA,NA,NA,NA,NA,NA,NA,NA,0,0,0,0,NA,NA,NA,NA,NA
"Rainer Oberle","be123408-3955-11ef-92a6-ab397f561917",NA,NA,1970,"2/12/1971","8ebfb023-3960-11ef-a1b1-9b08c5d4c173","away","TV Großwallstadt","VfL Gummersbach",20,16,TRUE,2,NA,NA,0,0,0,NA,0,0,0,0,0,0,NA,NA,NA,NA,NA,NA,NA,NA,0,0,0,0,NA,NA,NA,NA,NA
"Josef Karrer","be167639-3955-11ef-ac70-ab397f561917",NA,NA,1970,"2/12/1971","8ebfb023-3960-11ef-a1b1-9b08c5d4c173","away","TV Großwallstadt","VfL Gummersbach",20,16,TRUE,3,NA,NA,0,0,1,NA,0,0,0,0,0,0,NA,NA,NA,NA,NA,NA,NA,NA,0,0,0,0,NA,NA,NA,NA,NA
"Hans-Joachim Herzig","c7ff4ec7-3955-11ef-a4ed-157c9bc18a5f",NA,NA,1970,"2/12/1971","8ebfb023-3960-11ef-a1b1-9b08c5d4c173","away","TV Großwallstadt","VfL Gummersbach",20,16,TRUE,1,NA,NA,0,0,0,NA,0,0,0,0,0,0,NA,NA,NA,NA,NA,NA,NA,NA,0,0,0,0,NA,NA,NA,NA,NA
"Klaus Oberle","c96e13a5-3955-11ef-a68a-157c9bc18a5f",NA,NA,1970,"2/12/1971","8ebfb023-3960-11ef-a1b1-9b08c5d4c173","away","TV Großwallstadt","VfL Gummersbach",20,16,TRUE,0,NA,NA,0,0,0,NA,0,0,0,0,0,0,NA,NA,NA,NA,NA,NA,NA,NA,0,0,0,0,NA,NA,NA,NA,NA
"Erich Kolb","d2d1efef-3955-11ef-89e7-a36230ada079",NA,NA,1970,"2/12/1971","8ebfb023-3960-11ef-a1b1-9b08c5d4c173","away","TV Großwallstadt","VfL Gummersbach",20,16,TRUE,6,NA,NA,0,0,0,NA,0,0,0,0,0,0,NA,NA,NA,NA,NA,NA,NA,NA,0,0,0,0,NA,NA,NA,NA,NA
"Hoffmann","688c742a-3955-11ef-8786-292be3190b7b",NA,NA,1970,"2/12/1971","8f967d23-3960-11ef-b9d2-9b08c5d4c173","home","FRISCH AUF! Göppingen","GWD Minden",15,13,TRUE,0,NA,NA,0,0,0,NA,0,0,0,0,0,0,NA,NA,NA,NA,NA,NA,NA,NA,0,0,0,0,NA,NA,NA,NA,NA
"Peter Bucher","8e0071c9-3955-11ef-8ff8-81dc40648355",NA,NA,1970,"2/12/1971","8f967d23-3960-11ef-b9d2-9b08c5d4c173","home","FRISCH AUF! Göppingen","GWD Minden",15,13,TRUE,2,NA,NA,0,0,0,NA,0,0,0,0,0,0,NA,NA,NA,NA,NA,NA,NA,NA,0,0,0,0,NA,NA,NA,NA,NA
"Max Müller","99453a6b-3955-11ef-84c2-292be3190b7b",NA,NA,1970,"2/12/1971","8f967d23-3960-11ef-b9d2-9b08c5d4c173","home","FRISCH AUF! Göppingen","GWD Minden",15,13,TRUE,7,NA,NA,0,0,1,NA,0,0,0,0,0,0,NA,NA,NA,NA,NA,NA,NA,NA,0,0,0,0,NA,NA,NA,NA,NA
"Horst Singer","a30fd118-3955-11ef-9745-2510cc07ea6e",NA,NA,1970,"2/12/1971","8f967d23-3960-11ef-b9d2-9b08c5d4c173","home","FRISCH AUF! Göppingen","GWD Minden",15,13,TRUE,0,NA,NA,0,0,0,NA,0,0,0,0,0,0,NA,NA,NA,NA,NA,NA,NA,NA,0,0,0,0,NA,NA,NA,NA,NA
"Paul Epple","bc8167af-3955-11ef-8748-ab397f561917",NA,NA,1970,"2/12/1971","8f967d23-3960-11ef-b9d2-9b08c5d4c173","home","FRISCH AUF! Göppingen","GWD Minden",15,13,TRUE,0,NA,NA,0,0,0,NA,0,0,0,0,0,0,NA,NA,NA,NA,NA,NA,NA,NA,0,0,0,0,NA,NA,NA,NA,NA
"Walter Pflüger","bc85cdbc-3955-11ef-8e24-ab397f561917",NA,NA,1970,"2/12/1971","8f967d23-3960-11ef-b9d2-9b08c5d4c173","home","FRISCH AUF! Göppingen","GWD Minden",15,13,TRUE,0,NA,NA,0,0,0,NA,0,0,0,0,0,0,NA,NA,NA,NA,NA,NA,NA,NA,0,0,0,0,NA,NA,NA,NA,NA
"Werner Arndt","c71116e0-3955-11ef-85d3-157c9bc18a5f",NA,NA,1970,"2/12/1971","8f967d23-3960-11ef-b9d2-9b08c5d4c173","home","FRISCH AUF! Göppingen","GWD Minden",15,13,TRUE,1,NA,NA,0,0,0,NA,0,0,0,0,0,0,NA,NA,NA,NA,NA,NA,NA,NA,0,0,0,0,NA,NA,NA,NA,NA
"Christian Patzer","c715a1de-3955-11ef-bc54-157c9bc18a5f",NA,NA,1970,"2/12/1971","8f967d23-3960-11ef-b9d2-9b08c5d4c173","home","FRISCH AUF! Göppingen","GWD Minden",15,13,TRUE,1,NA,NA,0,0,0,NA,0,0,0,0,0,0,NA,NA,NA,NA,NA,NA,NA,NA,0,0,0,0,NA,NA,NA,NA,NA
"Uwe Rathjen","c898158b-3955-11ef-82cb-157c9bc18a5f",NA,NA,1970,"2/12/1971","8f967d23-3960-11ef-b9d2-9b08c5d4c173","home","FRISCH AUF! Göppingen","GWD Minden",15,13,TRUE,0,NA,NA,0,0,0,NA,0,0,0,0,0,0,NA,NA,NA,NA,NA,NA,NA,NA,0,0,0,0,NA,NA,NA,NA,NA
"Armin Eisele","c9cc4c1b-3955-11ef-9f9f-157c9bc18a5f",NA,NA,1970,"2/12/1971","8f967d23-3960-11ef-b9d2-9b08c5d4c173","home","FRISCH AUF! Göppingen","GWD Minden",15,13,TRUE,4,NA,NA,0,0,0,NA,0,0,0,0,0,0,NA,NA,NA,NA,NA,NA,NA,NA,0,0,0,0,NA,NA,NA,NA,NA
"Keilwirth","d35ea6cb-3955-11ef-a644-a36230ada079",NA,NA,1970,"2/12/1971","8f967d23-3960-11ef-b9d2-9b08c5d4c173","home","FRISCH AUF! Göppingen","GWD Minden",15,13,TRUE,0,NA,NA,0,0,0,NA,0,0,0,0,0,0,NA,NA,NA,NA,NA,NA,NA,NA,0,0,0,0,NA,NA,NA,NA,NA
"Hans-Jürgen Sulk","7ff6b175-3955-11ef-a103-b908c60af10a",NA,NA,1970,"2/12/1971","8f967d23-3960-11ef-b9d2-9b08c5d4c173","away","GWD Minden","FRISCH AUF! Göppingen",13,15,FALSE,1,NA,NA,0,0,0,NA,0,0,0,0,0,0,NA,NA,NA,NA,NA,NA,NA,NA,0,0,0,0,NA,NA,NA,NA,NA
"Bernhard Busch","8dc9280f-3955-11ef-80e2-81dc40648355",NA,NA,1970,"2/12/1971","8f967d23-3960-11ef-b9d2-9b08c5d4c173","away","GWD Minden","FRISCH AUF! Göppingen",13,15,FALSE,0,NA,NA,0,0,0,NA,0,0,0,0,0,0,NA,NA,NA,NA,NA,NA,NA,NA,0,0,0,0,NA,NA,NA,NA,NA
"Gerald Schüler","96fc1532-3955-11ef-bddd-292be3190b7b",NA,NA,1970,"2/12/1971","8f967d23-3960-11ef-b9d2-9b08c5d4c173","away","GWD Minden","FRISCH AUF! Göppingen",13,15,FALSE,0,NA,NA,0,0,0,NA,0,0,0,0,0,0,NA,NA,NA,NA,NA,NA,NA,NA,0,0,0,0,NA,NA,NA,NA,NA
"Martin Karcher","980f80ce-3955-11ef-8054-292be3190b7b",NA,NA,1970,"2/12/1971","8f967d23-3960-11ef-b9d2-9b08c5d4c173","away","GWD Minden","FRISCH AUF! Göppingen",13,15,FALSE,0,NA,NA,0,0,0,NA,0,0,0,0,0,0,NA,NA,NA,NA,NA,NA,NA,NA,0,0,0,0,NA,NA,NA,NA,NA
"Hans Kramer","98f50290-3955-11ef-8aa8-292be3190b7b",NA,NA,1970,"2/12/1971","8f967d23-3960-11ef-b9d2-9b08c5d4c173","away","GWD Minden","FRISCH AUF! Göppingen",13,15,FALSE,0,NA,NA,0,0,0,NA,0,0,0,0,0,0,NA,NA,NA,NA,NA,NA,NA,NA,0,0,0,0,NA,NA,NA,NA,NA
"Wilfried Meyer","a34b2aa0-3955-11ef-a79c-2510cc07ea6e",NA,NA,1970,"2/12/1971","8f967d23-3960-11ef-b9d2-9b08c5d4c173","away","GWD Minden","FRISCH AUF! Göppingen",13,15,FALSE,0,NA,NA,0,0,0,NA,0,0,0,0,0,0,NA,NA,NA,NA,NA,NA,NA,NA,0,0,0,0,NA,NA,NA,NA,NA
"Bernd Munck","ba5ee5e3-3955-11ef-9f80-ab397f561917",NA,NA,1970,"2/12/1971","8f967d23-3960-11ef-b9d2-9b08c5d4c173","away","GWD Minden","FRISCH AUF! Göppingen",13,15,FALSE,4,NA,NA,0,0,0,NA,0,0,0,0,0,0,NA,NA,NA,NA,NA,NA,NA,NA,0,0,0,0,NA,NA,NA,NA,NA
"Wilfried Drögemeier","ba63ada7-3955-11ef-a04d-ab397f561917",NA,NA,1970,"2/12/1971","8f967d23-3960-11ef-b9d2-9b08c5d4c173","away","GWD Minden","FRISCH AUF! Göppingen",13,15,FALSE,1,NA,NA,0,0,0,NA,0,0,0,0,0,0,NA,NA,NA,NA,NA,NA,NA,NA,0,0,0,0,NA,NA,NA,NA,NA
"Klaus Barlach","bcee5b38-3955-11ef-a026-ab397f561917",NA,NA,1970,"2/12/1971","8f967d23-3960-11ef-b9d2-9b08c5d4c173","away","GWD Minden","FRISCH AUF! Göppingen",13,15,FALSE,2,NA,NA,0,0,0,NA,0,0,0,0,0,0,NA,NA,NA,NA,NA,NA,NA,NA,0,0,0,0,NA,NA,NA,NA,NA
"Otto Weng","bcfbec1c-3955-11ef-b4f4-ab397f561917",NA,NA,1970,"2/12/1971","8f967d23-3960-11ef-b9d2-9b08c5d4c173","away","GWD Minden","FRISCH AUF! Göppingen",13,15,FALSE,5,NA,NA,0,0,4,NA,0,0,0,0,0,0,NA,NA,NA,NA,NA,NA,NA,NA,0,0,0,0,NA,NA,NA,NA,NA
"Jürgen Buhrmester","c747ff25-3955-11ef-9695-157c9bc18a5f",NA,NA,1970,"2/12/1971","8f967d23-3960-11ef-b9d2-9b08c5d4c173","away","GWD Minden","FRISCH AUF! Göppingen",13,15,FALSE,0,NA,NA,0,0,0,NA,0,0,0,0,0,0,NA,NA,NA,NA,NA,NA,NA,NA,0,0,0,0,NA,NA,NA,NA,NA
"Manfred Horstkötter","c8a23936-3955-11ef-9884-157c9bc18a5f",NA,NA,1970,"2/12/1971","8f967d23-3960-11ef-b9d2-9b08c5d4c173","away","GWD Minden","FRISCH AUF! Göppingen",13,15,FALSE,0,NA,NA,0,0,0,NA,0,0,0,0,0,0,NA,NA,NA,NA,NA,NA,NA,NA,0,0,0,0,NA,NA,NA,NA,NA
"Kurt Klühspies","5ac3e7d7-3955-11ef-b574-4fa817cd91bb",NA,NA,1970,"2/19/1971","8ecda852-3960-11ef-a1d5-9b08c5d4c173","home","TV Großwallstadt","VfL Gummersbach",19,19,FALSE,3,NA,NA,0,0,0,NA,0,0,0,0,0,0,NA,NA,NA,NA,NA,NA,NA,NA,0,0,0,0,NA,NA,NA,NA,NA
"Manfred Hofmann","6855eb0b-3955-11ef-8cb3-292be3190b7b",NA,NA,1970,"2/19/1971","8ecda852-3960-11ef-a1d5-9b08c5d4c173","home","TV Großwallstadt","VfL Gummersbach",19,19,FALSE,0,NA,NA,0,0,0,NA,0,0,0,0,0,0,NA,NA,NA,NA,NA,NA,NA,NA,0,0,0,0,NA,NA,NA,NA,NA
"Eckhardt Suffel","aeac0503-3955-11ef-88c6-a36230ada079",NA,NA,1970,"2/19/1971","8ecda852-3960-11ef-a1d5-9b08c5d4c173","home","TV Großwallstadt","VfL Gummersbach",19,19,FALSE,0,NA,NA,0,0,0,NA,0,0,0,0,0,0,NA,NA,NA,NA,NA,NA,NA,NA,0,0,0,0,NA,NA,NA,NA,NA
"Robert Schnabel","bbbd881a-3955-11ef-a181-ab397f561917",NA,NA,1970,"2/19/1971","8ecda852-3960-11ef-a1d5-9b08c5d4c173","home","TV Großwallstadt","VfL Gummersbach",19,19,FALSE,0,NA,NA,0,0,0,NA,0,0,0,0,0,0,NA,NA,NA,NA,NA,NA,NA,NA,0,0,0,0,NA,NA,NA,NA,NA
"Peter Kuß","bbc18adb-3955-11ef-a5f7-ab397f561917",NA,NA,1970,"2/19/1971","8ecda852-3960-11ef-a1d5-9b08c5d4c173","home","TV Großwallstadt","VfL Gummersbach",19,19,FALSE,5,NA,NA,0,0,0,NA,0,0,0,0,0,0,NA,NA,NA,NA,NA,NA,NA,NA,0,0,0,0,NA,NA,NA,NA,NA
"Werner Lemmert","be0e2c8d-3955-11ef-82a6-ab397f561917",NA,NA,1970,"2/19/1971","8ecda852-3960-11ef-a1d5-9b08c5d4c173","home","TV Großwallstadt","VfL Gummersbach",19,19,FALSE,0,NA,NA,0,0,0,NA,0,0,0,0,0,0,NA,NA,NA,NA,NA,NA,NA,NA,0,0,0,0,NA,NA,NA,NA,NA
"Rainer Oberle","be123408-3955-11ef-92a6-ab397f561917",NA,NA,1970,"2/19/1971","8ecda852-3960-11ef-a1d5-9b08c5d4c173","home","TV Großwallstadt","VfL Gummersbach",19,19,FALSE,1,NA,NA,0,0,0,NA,0,0,0,0,0,0,NA,NA,NA,NA,NA,NA,NA,NA,0,0,0,0,NA,NA,NA,NA,NA
"Josef Karrer","be167639-3955-11ef-ac70-ab397f561917",NA,NA,1970,"2/19/1971","8ecda852-3960-11ef-a1d5-9b08c5d4c173","home","TV Großwallstadt","VfL Gummersbach",19,19,FALSE,6,NA,NA,0,0,1,NA,0,0,0,0,0,0,NA,NA,NA,NA,NA,NA,NA,NA,0,0,0,0,NA,NA,NA,NA,NA
"Hans-Joachim Herzig","c7ff4ec7-3955-11ef-a4ed-157c9bc18a5f",NA,NA,1970,"2/19/1971","8ecda852-3960-11ef-a1d5-9b08c5d4c173","home","TV Großwallstadt","VfL Gummersbach",19,19,FALSE,0,NA,NA,0,0,0,NA,0,0,0,0,0,0,NA,NA,NA,NA,NA,NA,NA,NA,0,0,0,0,NA,NA,NA,NA,NA
"Ludwig Hohm","c97b5499-3955-11ef-8cf3-157c9bc18a5f",NA,NA,1970,"2/19/1971","8ecda852-3960-11ef-a1d5-9b08c5d4c173","home","TV Großwallstadt","VfL Gummersbach",19,19,FALSE,0,NA,NA,0,0,0,NA,0,0,0,0,0,0,NA,NA,NA,NA,NA,NA,NA,NA,0,0,0,0,NA,NA,NA,NA,NA
"Erich Kolb","d2d1efef-3955-11ef-89e7-a36230ada079",NA,NA,1970,"2/19/1971","8ecda852-3960-11ef-a1d5-9b08c5d4c173","home","TV Großwallstadt","VfL Gummersbach",19,19,FALSE,4,NA,NA,0,0,0,NA,0,0,0,0,0,0,NA,NA,NA,NA,NA,NA,NA,NA,0,0,0,0,NA,NA,NA,NA,NA
"Klaus Brand","51394441-3955-11ef-8fab-6d38c0425bc0",NA,NA,1970,"2/19/1971","8ecda852-3960-11ef-a1d5-9b08c5d4c173","away","VfL Gummersbach","TV Großwallstadt",19,19,FALSE,0,NA,NA,0,0,0,NA,0,0,0,0,0,0,NA,NA,NA,NA,NA,NA,NA,NA,0,0,0,0,NA,NA,NA,NA,NA
"Klaus Westebbe","8c58f63a-3955-11ef-b65e-81dc40648355",NA,NA,1970,"2/19/1971","8ecda852-3960-11ef-a1d5-9b08c5d4c173","away","VfL Gummersbach","TV Großwallstadt",19,19,FALSE,0,NA,NA,0,0,0,NA,0,0,0,0,0,0,NA,NA,NA,NA,NA,NA,NA,NA,0,0,0,0,NA,NA,NA,NA,NA
"Klaus Kater","8da1f6ef-3955-11ef-b31a-81dc40648355",NA,NA,1970,"2/19/1971","8ecda852-3960-11ef-a1d5-9b08c5d4c173","away","VfL Gummersbach","TV Großwallstadt",19,19,FALSE,0,NA,NA,0,0,0,NA,0,0,0,0,0,0,NA,NA,NA,NA,NA,NA,NA,NA,0,0,0,0,NA,NA,NA,NA,NA
"Klaus Schlagheck","97a06613-3955-11ef-8056-292be3190b7b",NA,NA,1970,"2/19/1971","8ecda852-3960-11ef-a1d5-9b08c5d4c173","away","VfL Gummersbach","TV Großwallstadt",19,19,FALSE,1,NA,NA,0,0,0,NA,0,0,0,0,0,0,NA,NA,NA,NA,NA,NA,NA,NA,0,0,0,0,NA,NA,NA,NA,NA
"Jochen Feldhoff","a32751a5-3955-11ef-badf-2510cc07ea6e",NA,NA,1970,"2/19/1971","8ecda852-3960-11ef-a1d5-9b08c5d4c173","away","VfL Gummersbach","TV Großwallstadt",19,19,FALSE,6,NA,NA,0,0,0,NA,0,0,0,0,0,0,NA,NA,NA,NA,NA,NA,NA,NA,0,0,0,0,NA,NA,NA,NA,NA
"Bernd Podak","ae19eb2a-3955-11ef-80d5-a36230ada079",NA,NA,1970,"2/19/1971","8ecda852-3960-11ef-a1d5-9b08c5d4c173","away","VfL Gummersbach","TV Großwallstadt",19,19,FALSE,0,NA,NA,0,0,0,NA,0,0,0,0,0,0,NA,NA,NA,NA,NA,NA,NA,NA,0,0,0,0,NA,NA,NA,NA,NA
"Helmut Keller","ae2fb2ba-3955-11ef-b38f-a36230ada079",NA,NA,1970,"2/19/1971","8ecda852-3960-11ef-a1d5-9b08c5d4c173","away","VfL Gummersbach","TV Großwallstadt",19,19,FALSE,0,NA,NA,0,0,0,NA,0,0,0,0,0,0,NA,NA,NA,NA,NA,NA,NA,NA,0,0,0,0,NA,NA,NA,NA,NA
"Hans-Günther Schmidt","aff5702f-3955-11ef-9878-a36230ada079",NA,NA,1970,"2/19/1971","8ecda852-3960-11ef-a1d5-9b08c5d4c173","away","VfL Gummersbach","TV Großwallstadt",19,19,FALSE,9,NA,NA,0,0,1,NA,0,0,0,0,0,0,NA,NA,NA,NA,NA,NA,NA,NA,0,0,0,0,NA,NA,NA,NA,NA
"Jochen Brand","ba44375c-3955-11ef-a5d6-ab397f561917",NA,NA,1970,"2/19/1971","8ecda852-3960-11ef-a1d5-9b08c5d4c173","away","VfL Gummersbach","TV Großwallstadt",19,19,FALSE,2,NA,NA,0,0,0,NA,0,0,0,0,0,0,NA,NA,NA,NA,NA,NA,NA,NA,0,0,0,0,NA,NA,NA,NA,NA
"Uwe Braunschweig","ba4aaa94-3955-11ef-be97-ab397f561917",NA,NA,1970,"2/19/1971","8ecda852-3960-11ef-a1d5-9b08c5d4c173","away","VfL Gummersbach","TV Großwallstadt",19,19,FALSE,0,NA,NA,0,0,0,NA,0,0,0,0,0,0,NA,NA,NA,NA,NA,NA,NA,NA,0,0,0,0,NA,NA,NA,NA,NA
"Helmut Kosmehl","bc7d7cdd-3955-11ef-a338-ab397f561917",NA,NA,1970,"2/19/1971","8ecda852-3960-11ef-a1d5-9b08c5d4c173","away","VfL Gummersbach","TV Großwallstadt",19,19,FALSE,0,NA,NA,0,0,0,NA,0,0,0,0,0,0,NA,NA,NA,NA,NA,NA,NA,NA,0,0,0,0,NA,NA,NA,NA,NA
"Hans-Gerd Bölter","c9d03ce3-3955-11ef-bae3-157c9bc18a5f",NA,NA,1970,"2/19/1971","8ecda852-3960-11ef-a1d5-9b08c5d4c173","away","VfL Gummersbach","TV Großwallstadt",19,19,FALSE,1,NA,NA,0,0,0,NA,0,0,0,0,0,0,NA,NA,NA,NA,NA,NA,NA,NA,0,0,0,0,NA,NA,NA,NA,NA
"Hans-Jürgen Sulk","7ff6b175-3955-11ef-a103-b908c60af10a",NA,NA,1970,"2/19/1971","8fb0c456-3960-11ef-9fe8-9b08c5d4c173","home","GWD Minden","FRISCH AUF! Göppingen",15,7,TRUE,3,NA,NA,0,0,0,NA,0,0,0,0,0,0,NA,NA,NA,NA,NA,NA,NA,NA,0,0,0,0,NA,NA,NA,NA,NA
"Bernhard Busch","8dc9280f-3955-11ef-80e2-81dc40648355",NA,NA,1970,"2/19/1971","8fb0c456-3960-11ef-9fe8-9b08c5d4c173","home","GWD Minden","FRISCH AUF! Göppingen",15,7,TRUE,0,NA,NA,0,0,0,NA,0,0,0,0,0,0,NA,NA,NA,NA,NA,NA,NA,NA,0,0,0,0,NA,NA,NA,NA,NA
"Gerald Schüler","96fc1532-3955-11ef-bddd-292be3190b7b",NA,NA,1970,"2/19/1971","8fb0c456-3960-11ef-9fe8-9b08c5d4c173","home","GWD Minden","FRISCH AUF! Göppingen",15,7,TRUE,0,NA,NA,0,0,0,NA,0,0,0,0,0,0,NA,NA,NA,NA,NA,NA,NA,NA,0,0,0,0,NA,NA,NA,NA,NA
"Martin Karcher","980f80ce-3955-11ef-8054-292be3190b7b",NA,NA,1970,"2/19/1971","8fb0c456-3960-11ef-9fe8-9b08c5d4c173","home","GWD Minden","FRISCH AUF! Göppingen",15,7,TRUE,0,NA,NA,0,0,0,NA,0,0,0,0,0,0,NA,NA,NA,NA,NA,NA,NA,NA,0,0,0,0,NA,NA,NA,NA,NA
"Hans Kramer","98f50290-3955-11ef-8aa8-292be3190b7b",NA,NA,1970,"2/19/1971","8fb0c456-3960-11ef-9fe8-9b08c5d4c173","home","GWD Minden","FRISCH AUF! Göppingen",15,7,TRUE,3,NA,NA,0,0,0,NA,0,0,0,0,0,0,NA,NA,NA,NA,NA,NA,NA,NA,0,0,0,0,NA,NA,NA,NA,NA
"Wilfried Meyer","a34b2aa0-3955-11ef-a79c-2510cc07ea6e",NA,NA,1970,"2/19/1971","8fb0c456-3960-11ef-9fe8-9b08c5d4c173","home","GWD Minden","FRISCH AUF! Göppingen",15,7,TRUE,0,NA,NA,0,0,0,NA,0,0,0,0,0,0,NA,NA,NA,NA,NA,NA,NA,NA,0,0,0,0,NA,NA,NA,NA,NA
"Bernd Munck","ba5ee5e3-3955-11ef-9f80-ab397f561917",NA,NA,1970,"2/19/1971","8fb0c456-3960-11ef-9fe8-9b08c5d4c173","home","GWD Minden","FRISCH AUF! Göppingen",15,7,TRUE,3,NA,NA,0,0,1,NA,0,0,0,0,0,0,NA,NA,NA,NA,NA,NA,NA,NA,0,0,0,0,NA,NA,NA,NA,NA
"Wilfried Drögemeier","ba63ada7-3955-11ef-a04d-ab397f561917",NA,NA,1970,"2/19/1971","8fb0c456-3960-11ef-9fe8-9b08c5d4c173","home","GWD Minden","FRISCH AUF! Göppingen",15,7,TRUE,0,NA,NA,0,0,0,NA,0,0,0,0,0,0,NA,NA,NA,NA,NA,NA,NA,NA,0,0,0,0,NA,NA,NA,NA,NA
"Klaus Barlach","bcee5b38-3955-11ef-a026-ab397f561917",NA,NA,1970,"2/19/1971","8fb0c456-3960-11ef-9fe8-9b08c5d4c173","home","GWD Minden","FRISCH AUF! Göppingen",15,7,TRUE,1,NA,NA,0,0,0,NA,0,0,0,0,0,0,NA,NA,NA,NA,NA,NA,NA,NA,0,0,0,0,NA,NA,NA,NA,NA
"Otto Weng","bcfbec1c-3955-11ef-b4f4-ab397f561917",NA,NA,1970,"2/19/1971","8fb0c456-3960-11ef-9fe8-9b08c5d4c173","home","GWD Minden","FRISCH AUF! Göppingen",15,7,TRUE,5,NA,NA,0,0,3,NA,0,0,0,0,0,0,NA,NA,NA,NA,NA,NA,NA,NA,0,0,0,0,NA,NA,NA,NA,NA
"Jürgen Buhrmester","c747ff25-3955-11ef-9695-157c9bc18a5f",NA,NA,1970,"2/19/1971","8fb0c456-3960-11ef-9fe8-9b08c5d4c173","home","GWD Minden","FRISCH AUF! Göppingen",15,7,TRUE,0,NA,NA,0,0,0,NA,0,0,0,0,0,0,NA,NA,NA,NA,NA,NA,NA,NA,0,0,0,0,NA,NA,NA,NA,NA
"Manfred Horstkötter","c8a23936-3955-11ef-9884-157c9bc18a5f",NA,NA,1970,"2/19/1971","8fb0c456-3960-11ef-9fe8-9b08c5d4c173","home","GWD Minden","FRISCH AUF! Göppingen",15,7,TRUE,0,NA,NA,0,0,0,NA,0,0,0,0,0,0,NA,NA,NA,NA,NA,NA,NA,NA,0,0,0,0,NA,NA,NA,NA,NA
"Hoffmann","688c742a-3955-11ef-8786-292be3190b7b",NA,NA,1970,"2/19/1971","8fb0c456-3960-11ef-9fe8-9b08c5d4c173","away","FRISCH AUF! Göppingen","GWD Minden",7,15,FALSE,0,NA,NA,0,0,0,NA,0,0,0,0,0,0,NA,NA,NA,NA,NA,NA,NA,NA,0,0,0,0,NA,NA,NA,NA,NA
"Peter Bucher","8e0071c9-3955-11ef-8ff8-81dc40648355",NA,NA,1970,"2/19/1971","8fb0c456-3960-11ef-9fe8-9b08c5d4c173","away","FRISCH AUF! Göppingen","GWD Minden",7,15,FALSE,3,NA,NA,0,0,2,NA,0,0,0,0,0,0,NA,NA,NA,NA,NA,NA,NA,NA,0,0,0,0,NA,NA,NA,NA,NA
"Max Müller","99453a6b-3955-11ef-84c2-292be3190b7b",NA,NA,1970,"2/19/1971","8fb0c456-3960-11ef-9fe8-9b08c5d4c173","away","FRISCH AUF! Göppingen","GWD Minden",7,15,FALSE,4,NA,NA,0,0,0,NA,0,0,0,0,0,0,NA,NA,NA,NA,NA,NA,NA,NA,0,0,0,0,NA,NA,NA,NA,NA
"Horst Singer","a30fd118-3955-11ef-9745-2510cc07ea6e",NA,NA,1970,"2/19/1971","8fb0c456-3960-11ef-9fe8-9b08c5d4c173","away","FRISCH AUF! Göppingen","GWD Minden",7,15,FALSE,0,NA,NA,0,0,0,NA,0,0,0,0,0,0,NA,NA,NA,NA,NA,NA,NA,NA,0,0,0,0,NA,NA,NA,NA,NA
"Hans Brodbeck","b1f00cc3-3955-11ef-b4c9-a36230ada079",NA,NA,1970,"2/19/1971","8fb0c456-3960-11ef-9fe8-9b08c5d4c173","away","FRISCH AUF! Göppingen","GWD Minden",7,15,FALSE,0,NA,NA,0,0,0,NA,0,0,0,0,0,0,NA,NA,NA,NA,NA,NA,NA,NA,0,0,0,0,NA,NA,NA,NA,NA
"Paul Epple","bc8167af-3955-11ef-8748-ab397f561917",NA,NA,1970,"2/19/1971","8fb0c456-3960-11ef-9fe8-9b08c5d4c173","away","FRISCH AUF! Göppingen","GWD Minden",7,15,FALSE,0,NA,NA,0,0,0,NA,0,0,0,0,0,0,NA,NA,NA,NA,NA,NA,NA,NA,0,0,0,0,NA,NA,NA,NA,NA
"Walter Pflüger","bc85cdbc-3955-11ef-8e24-ab397f561917",NA,NA,1970,"2/19/1971","8fb0c456-3960-11ef-9fe8-9b08c5d4c173","away","FRISCH AUF! Göppingen","GWD Minden",7,15,FALSE,0,NA,NA,0,0,0,NA,0,0,0,0,0,0,NA,NA,NA,NA,NA,NA,NA,NA,0,0,0,0,NA,NA,NA,NA,NA
"Werner Arndt","c71116e0-3955-11ef-85d3-157c9bc18a5f",NA,NA,1970,"2/19/1971","8fb0c456-3960-11ef-9fe8-9b08c5d4c173","away","FRISCH AUF! Göppingen","GWD Minden",7,15,FALSE,0,NA,NA,0,0,0,NA,0,0,0,0,0,0,NA,NA,NA,NA,NA,NA,NA,NA,0,0,0,0,NA,NA,NA,NA,NA
"Christian Patzer","c715a1de-3955-11ef-bc54-157c9bc18a5f",NA,NA,1970,"2/19/1971","8fb0c456-3960-11ef-9fe8-9b08c5d4c173","away","FRISCH AUF! Göppingen","GWD Minden",7,15,FALSE,0,NA,NA,0,0,0,NA,0,0,0,0,0,0,NA,NA,NA,NA,NA,NA,NA,NA,0,0,0,0,NA,NA,NA,NA,NA
"Uwe Rathjen","c898158b-3955-11ef-82cb-157c9bc18a5f",NA,NA,1970,"2/19/1971","8fb0c456-3960-11ef-9fe8-9b08c5d4c173","away","FRISCH AUF! Göppingen","GWD Minden",7,15,FALSE,0,NA,NA,0,0,0,NA,0,0,0,0,0,0,NA,NA,NA,NA,NA,NA,NA,NA,0,0,0,0,NA,NA,NA,NA,NA
"Keilwirth","d35ea6cb-3955-11ef-a644-a36230ada079",NA,NA,1970,"2/19/1971","8fb0c456-3960-11ef-9fe8-9b08c5d4c173","away","FRISCH AUF! Göppingen","GWD Minden",7,15,FALSE,0,NA,NA,0,0,0,NA,0,0,0,0,0,0,NA,NA,NA,NA,NA,NA,NA,NA,0,0,0,0,NA,NA,NA,NA,NA
"Kurt Klühspies","5ac3e7d7-3955-11ef-b574-4fa817cd91bb",NA,NA,1970,"3/6/1971","8fbe57ea-3960-11ef-b003-9b08c5d4c173","home","TV Großwallstadt","GWD Minden",10,14,FALSE,1,NA,NA,0,0,0,NA,0,0,0,0,0,0,NA,NA,NA,NA,NA,NA,NA,NA,0,0,0,0,NA,NA,NA,NA,NA
"Manfred Hofmann","6855eb0b-3955-11ef-8cb3-292be3190b7b",NA,NA,1970,"3/6/1971","8fbe57ea-3960-11ef-b003-9b08c5d4c173","home","TV Großwallstadt","GWD Minden",10,14,FALSE,0,NA,NA,0,0,0,NA,0,0,0,0,0,0,NA,NA,NA,NA,NA,NA,NA,NA,0,0,0,0,NA,NA,NA,NA,NA
"Eckhardt Suffel","aeac0503-3955-11ef-88c6-a36230ada079",NA,NA,1970,"3/6/1971","8fbe57ea-3960-11ef-b003-9b08c5d4c173","home","TV Großwallstadt","GWD Minden",10,14,FALSE,0,NA,NA,0,0,0,NA,0,0,0,0,0,0,NA,NA,NA,NA,NA,NA,NA,NA,0,0,0,0,NA,NA,NA,NA,NA
"Robert Schnabel","bbbd881a-3955-11ef-a181-ab397f561917",NA,NA,1970,"3/6/1971","8fbe57ea-3960-11ef-b003-9b08c5d4c173","home","TV Großwallstadt","GWD Minden",10,14,FALSE,0,NA,NA,0,0,0,NA,0,0,0,0,0,0,NA,NA,NA,NA,NA,NA,NA,NA,0,0,0,0,NA,NA,NA,NA,NA
"Peter Kuß","bbc18adb-3955-11ef-a5f7-ab397f561917",NA,NA,1970,"3/6/1971","8fbe57ea-3960-11ef-b003-9b08c5d4c173","home","TV Großwallstadt","GWD Minden",10,14,FALSE,1,NA,NA,0,0,0,NA,0,0,0,0,0,0,NA,NA,NA,NA,NA,NA,NA,NA,0,0,0,0,NA,NA,NA,NA,NA
"Werner Lemmert","be0e2c8d-3955-11ef-82a6-ab397f561917",NA,NA,1970,"3/6/1971","8fbe57ea-3960-11ef-b003-9b08c5d4c173","home","TV Großwallstadt","GWD Minden",10,14,FALSE,0,NA,NA,0,0,0,NA,0,0,0,0,0,0,NA,NA,NA,NA,NA,NA,NA,NA,0,0,0,0,NA,NA,NA,NA,NA
"Rainer Oberle","be123408-3955-11ef-92a6-ab397f561917",NA,NA,1970,"3/6/1971","8fbe57ea-3960-11ef-b003-9b08c5d4c173","home","TV Großwallstadt","GWD Minden",10,14,FALSE,3,NA,NA,0,0,0,NA,0,0,0,0,0,0,NA,NA,NA,NA,NA,NA,NA,NA,0,0,0,0,NA,NA,NA,NA,NA
"Josef Karrer","be167639-3955-11ef-ac70-ab397f561917",NA,NA,1970,"3/6/1971","8fbe57ea-3960-11ef-b003-9b08c5d4c173","home","TV Großwallstadt","GWD Minden",10,14,FALSE,5,NA,NA,0,0,3,NA,0,0,0,0,0,0,NA,NA,NA,NA,NA,NA,NA,NA,0,0,0,0,NA,NA,NA,NA,NA
"Arthur Lichtlein","c7f5ba49-3955-11ef-827c-157c9bc18a5f",NA,NA,1970,"3/6/1971","8fbe57ea-3960-11ef-b003-9b08c5d4c173","home","TV Großwallstadt","GWD Minden",10,14,FALSE,0,NA,NA,0,0,0,NA,0,0,0,0,0,0,NA,NA,NA,NA,NA,NA,NA,NA,0,0,0,0,NA,NA,NA,NA,NA
"Hans-Joachim Herzig","c7ff4ec7-3955-11ef-a4ed-157c9bc18a5f",NA,NA,1970,"3/6/1971","8fbe57ea-3960-11ef-b003-9b08c5d4c173","home","TV Großwallstadt","GWD Minden",10,14,FALSE,0,NA,NA,0,0,0,NA,0,0,0,0,0,0,NA,NA,NA,NA,NA,NA,NA,NA,0,0,0,0,NA,NA,NA,NA,NA
"Klaus Oberle","c96e13a5-3955-11ef-a68a-157c9bc18a5f",NA,NA,1970,"3/6/1971","8fbe57ea-3960-11ef-b003-9b08c5d4c173","home","TV Großwallstadt","GWD Minden",10,14,FALSE,0,NA,NA,0,0,0,NA,0,0,0,0,0,0,NA,NA,NA,NA,NA,NA,NA,NA,0,0,0,0,NA,NA,NA,NA,NA
"Erich Kolb","d2d1efef-3955-11ef-89e7-a36230ada079",NA,NA,1970,"3/6/1971","8fbe57ea-3960-11ef-b003-9b08c5d4c173","home","TV Großwallstadt","GWD Minden",10,14,FALSE,0,NA,NA,0,0,0,NA,0,0,0,0,0,0,NA,NA,NA,NA,NA,NA,NA,NA,0,0,0,0,NA,NA,NA,NA,NA
"Hans-Jürgen Sulk","7ff6b175-3955-11ef-a103-b908c60af10a",NA,NA,1970,"3/6/1971","8fbe57ea-3960-11ef-b003-9b08c5d4c173","away","GWD Minden","TV Großwallstadt",14,10,TRUE,2,NA,NA,0,0,0,NA,0,0,0,0,0,0,NA,NA,NA,NA,NA,NA,NA,NA,0,0,0,0,NA,NA,NA,NA,NA
"Bernhard Busch","8dc9280f-3955-11ef-80e2-81dc40648355",NA,NA,1970,"3/6/1971","8fbe57ea-3960-11ef-b003-9b08c5d4c173","away","GWD Minden","TV Großwallstadt",14,10,TRUE,0,NA,NA,0,0,0,NA,0,0,0,0,0,0,NA,NA,NA,NA,NA,NA,NA,NA,0,0,0,0,NA,NA,NA,NA,NA
"Gerald Schüler","96fc1532-3955-11ef-bddd-292be3190b7b",NA,NA,1970,"3/6/1971","8fbe57ea-3960-11ef-b003-9b08c5d4c173","away","GWD Minden","TV Großwallstadt",14,10,TRUE,0,NA,NA,0,0,0,NA,0,0,0,0,0,0,NA,NA,NA,NA,NA,NA,NA,NA,0,0,0,0,NA,NA,NA,NA,NA
"Martin Karcher","980f80ce-3955-11ef-8054-292be3190b7b",NA,NA,1970,"3/6/1971","8fbe57ea-3960-11ef-b003-9b08c5d4c173","away","GWD Minden","TV Großwallstadt",14,10,TRUE,0,NA,NA,0,0,0,NA,0,0,0,0,0,0,NA,NA,NA,NA,NA,NA,NA,NA,0,0,0,0,NA,NA,NA,NA,NA
"Hans Kramer","98f50290-3955-11ef-8aa8-292be3190b7b",NA,NA,1970,"3/6/1971","8fbe57ea-3960-11ef-b003-9b08c5d4c173","away","GWD Minden","TV Großwallstadt",14,10,TRUE,3,NA,NA,0,0,0,NA,0,0,0,0,0,0,NA,NA,NA,NA,NA,NA,NA,NA,0,0,0,0,NA,NA,NA,NA,NA
"Wilfried Meyer","a34b2aa0-3955-11ef-a79c-2510cc07ea6e",NA,NA,1970,"3/6/1971","8fbe57ea-3960-11ef-b003-9b08c5d4c173","away","GWD Minden","TV Großwallstadt",14,10,TRUE,0,NA,NA,0,0,0,NA,0,0,0,0,0,0,NA,NA,NA,NA,NA,NA,NA,NA,0,0,0,0,NA,NA,NA,NA,NA
"Bernd Munck","ba5ee5e3-3955-11ef-9f80-ab397f561917",NA,NA,1970,"3/6/1971","8fbe57ea-3960-11ef-b003-9b08c5d4c173","away","GWD Minden","TV Großwallstadt",14,10,TRUE,2,NA,NA,0,0,0,NA,0,0,0,0,0,0,NA,NA,NA,NA,NA,NA,NA,NA,0,0,0,0,NA,NA,NA,NA,NA
"Wilfried Drögemeier","ba63ada7-3955-11ef-a04d-ab397f561917",NA,NA,1970,"3/6/1971","8fbe57ea-3960-11ef-b003-9b08c5d4c173","away","GWD Minden","TV Großwallstadt",14,10,TRUE,2,NA,NA,0,0,0,NA,0,0,0,0,0,0,NA,NA,NA,NA,NA,NA,NA,NA,0,0,0,0,NA,NA,NA,NA,NA
"Klaus Barlach","bcee5b38-3955-11ef-a026-ab397f561917",NA,NA,1970,"3/6/1971","8fbe57ea-3960-11ef-b003-9b08c5d4c173","away","GWD Minden","TV Großwallstadt",14,10,TRUE,0,NA,NA,0,0,0,NA,0,0,0,0,0,0,NA,NA,NA,NA,NA,NA,NA,NA,0,0,0,0,NA,NA,NA,NA,NA
"Otto Weng","bcfbec1c-3955-11ef-b4f4-ab397f561917",NA,NA,1970,"3/6/1971","8fbe57ea-3960-11ef-b003-9b08c5d4c173","away","GWD Minden","TV Großwallstadt",14,10,TRUE,5,NA,NA,0,0,3,NA,0,0,0,0,0,0,NA,NA,NA,NA,NA,NA,NA,NA,0,0,0,0,NA,NA,NA,NA,NA
"Jürgen Buhrmester","c747ff25-3955-11ef-9695-157c9bc18a5f",NA,NA,1970,"3/6/1971","8fbe57ea-3960-11ef-b003-9b08c5d4c173","away","GWD Minden","TV Großwallstadt",14,10,TRUE,0,NA,NA,0,0,0,NA,0,0,0,0,0,0,NA,NA,NA,NA,NA,NA,NA,NA,0,0,0,0,NA,NA,NA,NA,NA
"Manfred Horstkötter","c8a23936-3955-11ef-9884-157c9bc18a5f",NA,NA,1970,"3/6/1971","8fbe57ea-3960-11ef-b003-9b08c5d4c173","away","GWD Minden","TV Großwallstadt",14,10,TRUE,0,NA,NA,0,0,0,NA,0,0,0,0,0,0,NA,NA,NA,NA,NA,NA,NA,NA,0,0,0,0,NA,NA,NA,NA,NA
